dataset,fold,seed,method,split,query_uid,query_index,identity,source_path,reference_uid,reference_covered,candidate_count,target_col,predicted_index,predicted_identity,top5_identities,hungarian_prediction_col,hungarian_prediction_identity,alpha_activity,rho,eps,rank,top1,top5,rr,hungarian_correct
atanas,3,deterministic,FUGW (G+A; official),test,2022-07-20-01,0,CEPDL,/home/ubuntu/klb/nuclr/nuclr/Data/Atanas_SF_unified_000776/cv5_grouped_v1/fold_3/test/test__2022-07-20-01__4147bc9e.npz,2023-01-16-15,1,87,3,8,CEPDL,CEPDL|SMDVL|I6|RIVL|URXL,3,CEPDL,0.25,0.1,0.01,1,1,1,1.0,1
atanas,3,deterministic,FUGW (G+A; official),test,2022-07-20-01,2,RMEL,/home/ubuntu/klb/nuclr/nuclr/Data/Atanas_SF_unified_000776/cv5_grouped_v1/fold_3/test/test__2022-07-20-01__4147bc9e.npz,2023-01-16-15,1,87,69,98,IL1L,IL1L|URYVL|IL2L|URBL|RMDVL,60,URBL,0.25,0.1,0.01,9,0,0,0.1111111111111111,0
atanas,3,deterministic,FUGW (G+A; official),test,2022-07-20-01,3,AIBR,/home/ubuntu/klb/nuclr/nuclr/Data/Atanas_SF_unified_000776/cv5_grouped_v1/fold_3/test/test__2022-07-20-01__4147bc9e.npz,2023-01-16-15,1,87,49,72,AIBR,AIBR|AIZR|AVER|AWAR|AWBR,49,AIBR,0.25,0.1,0.01,1,1,1,1.0,1
atanas,3,deterministic,FUGW (G+A; official),test,2022-07-20-01,6,AIBL,/home/ubuntu/klb/nuclr/nuclr/Data/Atanas_SF_unified_000776/cv5_grouped_v1/fold_3/test/test__2022-07-20-01__4147bc9e.npz,2023-01-16-15,1,87,33,115,SIBVR,SIBVR|RMDDL|RIR|AIBL|AUAL,-1,,0.25,0.1,0.01,4,0,1,0.25,0
atanas,3,deterministic,FUGW (G+A; official),test,2022-07-20-01,7,RMDDR,/home/ubuntu/klb/nuclr/nuclr/Data/Atanas_SF_unified_000776/cv5_grouped_v1/fold_3/test/test__2022-07-20-01__4147bc9e.npz,2023-01-16-15,0,87,-1,68,RIH,RIH|CEPVR|AVL|RIR|AIBR,47,RIH,0.25,0.1,0.01,-1,0,0,0.0,0
atanas,3,deterministic,FUGW (G+A; official),test,2022-07-20-01,8,RMER,/home/ubuntu/klb/nuclr/nuclr/Data/Atanas_SF_unified_000776/cv5_grouped_v1/fold_3/test/test__2022-07-20-01__4147bc9e.npz,2023-01-16-15,1,87,52,76,RMER,RMER|OLLR|URBR|AWBR|IL1R,52,RMER,0.25,0.1,0.01,1,1,1,1.0,1
atanas,3,deterministic,FUGW (G+A; official),test,2022-07-20-01,10,OLQDR,/home/ubuntu/klb/nuclr/nuclr/Data/Atanas_SF_unified_000776/cv5_grouped_v1/fold_3/test/test__2022-07-20-01__4147bc9e.npz,2023-01-16-15,1,87,1,3,OLQDR,OLQDR|RID|OLQDL|URXL|IL1DR,1,OLQDR,0.25,0.1,0.01,1,1,1,1.0,1
atanas,3,deterministic,FUGW (G+A; official),test,2022-07-20-01,11,ASHR,/home/ubuntu/klb/nuclr/nuclr/Data/Atanas_SF_unified_000776/cv5_grouped_v1/fold_3/test/test__2022-07-20-01__4147bc9e.npz,2023-01-16-15,0,87,-1,52,AVAL,AVAL|ASIR|AUAL|ASGL|ASEL,-1,,0.25,0.1,0.01,-1,0,0,0.0,0
atanas,3,deterministic,FUGW (G+A; official),test,2022-07-20-01,12,AVEL,/home/ubuntu/klb/nuclr/nuclr/Data/Atanas_SF_unified_000776/cv5_grouped_v1/fold_3/test/test__2022-07-20-01__4147bc9e.npz,2023-01-16-15,0,87,-1,52,AVAL,AVAL|AIBL|AWCL|RMDVL|AUAL,26,OLQVL,0.25,0.1,0.01,-1,0,0,0.0,0
atanas,3,deterministic,FUGW (G+A; official),test,2022-07-20-01,13,URXR,/home/ubuntu/klb/nuclr/nuclr/Data/Atanas_SF_unified_000776/cv5_grouped_v1/fold_3/test/test__2022-07-20-01__4147bc9e.npz,2023-01-16-15,1,87,28,43,URXR,URXR|URXL|CEPDR|RID|M1,28,URXR,0.25,0.1,0.01,1,1,1,1.0,1
atanas,3,deterministic,FUGW (G+A; official),test,2022-07-20-01,16,AIYR,/home/ubuntu/klb/nuclr/nuclr/Data/Atanas_SF_unified_000776/cv5_grouped_v1/fold_3/test/test__2022-07-20-01__4147bc9e.npz,2023-01-16-15,0,87,-1,47,SMDDR,SMDDR|AVL|RIH|AIZR|RIR,-1,,0.25,0.1,0.01,-1,0,0,0.0,0
atanas,3,deterministic,FUGW (G+A; official),test,2022-07-20-01,19,IL2DL,/home/ubuntu/klb/nuclr/nuclr/Data/Atanas_SF_unified_000776/cv5_grouped_v1/fold_3/test/test__2022-07-20-01__4147bc9e.npz,2023-01-16-15,1,87,7,12,IL2DL,IL2DL|IL1DL|IL2L|M3L|NSML,7,IL2DL,0.25,0.1,0.01,1,1,1,1.0,1
atanas,3,deterministic,FUGW (G+A; official),test,2022-07-20-01,20,URXL,/home/ubuntu/klb/nuclr/nuclr/Data/Atanas_SF_unified_000776/cv5_grouped_v1/fold_3/test/test__2022-07-20-01__4147bc9e.npz,2023-01-16-15,1,87,37,92,SMDVL,SMDVL|RIVL|CEPDL|I6|AWBL,66,SMDVL,0.25,0.1,0.01,17,0,0,0.058823529411764705,0
atanas,3,deterministic,FUGW (G+A; official),test,2022-07-20-01,21,ASIL,/home/ubuntu/klb/nuclr/nuclr/Data/Atanas_SF_unified_000776/cv5_grouped_v1/fold_3/test/test__2022-07-20-01__4147bc9e.npz,2023-01-16-15,0,87,-1,65,ASIR,ASIR|RIVL|ASGL|AWAL|I6,45,ASIR,0.25,0.1,0.01,-1,0,0,0.0,0
atanas,3,deterministic,FUGW (G+A; official),test,2022-07-20-01,22,IL2VL,/home/ubuntu/klb/nuclr/nuclr/Data/Atanas_SF_unified_000776/cv5_grouped_v1/fold_3/test/test__2022-07-20-01__4147bc9e.npz,2023-01-16-15,1,87,84,120,IL2VL,IL2VL|I1L|I2L|NSML|MCL,84,IL2VL,0.25,0.1,0.01,1,1,1,1.0,1
atanas,3,deterministic,FUGW (G+A; official),test,2022-07-20-01,24,RMDL,/home/ubuntu/klb/nuclr/nuclr/Data/Atanas_SF_unified_000776/cv5_grouped_v1/fold_3/test/test__2022-07-20-01__4147bc9e.npz,2023-01-16-15,0,87,-1,61,RMDDL,RMDDL|AWCL|AIBL|AUAL|SIBVR,33,AIBL,0.25,0.1,0.01,-1,0,0,0.0,0
atanas,3,deterministic,FUGW (G+A; official),test,2022-07-20-01,25,ASHL,/home/ubuntu/klb/nuclr/nuclr/Data/Atanas_SF_unified_000776/cv5_grouped_v1/fold_3/test/test__2022-07-20-01__4147bc9e.npz,2023-01-16-15,0,87,-1,51,AVDR,AVDR|FLPR|AUAR|AIZR|RICR,34,AVDR,0.25,0.1,0.01,-1,0,0,0.0,0
atanas,3,deterministic,FUGW (G+A; official),test,2022-07-20-01,26,ASER,/home/ubuntu/klb/nuclr/nuclr/Data/Atanas_SF_unified_000776/cv5_grouped_v1/fold_3/test/test__2022-07-20-01__4147bc9e.npz,2023-01-16-15,0,87,-1,22,AVDL,AVDL|AIZL|AINL|AVJL|ASEL,85,ASEL,0.25,0.1,0.01,-1,0,0,0.0,0
atanas,3,deterministic,FUGW (G+A; official),test,2022-07-20-01,28,ASGR,/home/ubuntu/klb/nuclr/nuclr/Data/Atanas_SF_unified_000776/cv5_grouped_v1/fold_3/test/test__2022-07-20-01__4147bc9e.npz,2023-01-16-15,1,87,46,65,ASIR,ASIR|ASGL|AVAL|ASEL|AUAL,44,ASGL,0.25,0.1,0.01,66,0,0,0.015151515151515152,0
atanas,3,deterministic,FUGW (G+A; official),test,2022-07-20-01,29,CEPDR,/home/ubuntu/klb/nuclr/nuclr/Data/Atanas_SF_unified_000776/cv5_grouped_v1/fold_3/test/test__2022-07-20-01__4147bc9e.npz,2023-01-16-15,1,87,22,35,CEPDR,CEPDR|URXR|M1|RIVR|RID,22,CEPDR,0.25,0.1,0.01,1,1,1,1.0,1
atanas,3,deterministic,FUGW (G+A; official),test,2022-07-20-01,30,M4,/home/ubuntu/klb/nuclr/nuclr/Data/Atanas_SF_unified_000776/cv5_grouped_v1/fold_3/test/test__2022-07-20-01__4147bc9e.npz,2023-01-16-15,1,87,29,44,M4,M4|I3|IL1DL|IL2DL|M3R,40,I3,0.25,0.1,0.01,1,1,1,1.0,0
atanas,3,deterministic,FUGW (G+A; official),test,2022-07-20-01,31,RMDR,/home/ubuntu/klb/nuclr/nuclr/Data/Atanas_SF_unified_000776/cv5_grouped_v1/fold_3/test/test__2022-07-20-01__4147bc9e.npz,2023-01-16-15,0,87,-1,72,AIBR,AIBR|AVER|AIZR|AWBR|AWAR,57,AVER,0.25,0.1,0.01,-1,0,0,0.0,0
atanas,3,deterministic,FUGW (G+A; official),test,2022-07-20-01,32,AVAR,/home/ubuntu/klb/nuclr/nuclr/Data/Atanas_SF_unified_000776/cv5_grouped_v1/fold_3/test/test__2022-07-20-01__4147bc9e.npz,2023-01-16-15,0,87,-1,20,AUAR,AUAR|AWAR|ASGR|AVDR|AINR,12,AUAR,0.25,0.1,0.01,-1,0,0,0.0,0
atanas,3,deterministic,FUGW (G+A; official),test,2022-07-20-01,33,URYVL,/home/ubuntu/klb/nuclr/nuclr/Data/Atanas_SF_unified_000776/cv5_grouped_v1/fold_3/test/test__2022-07-20-01__4147bc9e.npz,2023-01-16-15,1,87,23,48,IL1VL,IL1VL|URYVL|M3L|OLQVL|NSML,32,IL1VL,0.25,0.1,0.01,2,0,1,0.5,0
atanas,3,deterministic,FUGW (G+A; official),test,2022-07-20-01,34,ASEL,/home/ubuntu/klb/nuclr/nuclr/Data/Atanas_SF_unified_000776/cv5_grouped_v1/fold_3/test/test__2022-07-20-01__4147bc9e.npz,2023-01-16-15,1,87,85,118,AINR,AINR|AVJR|AVDR|FLPR|ASGR,18,AVJR,0.25,0.1,0.01,55,0,0,0.01818181818181818,0
atanas,3,deterministic,FUGW (G+A; official),test,2022-07-20-01,37,RIAR,/home/ubuntu/klb/nuclr/nuclr/Data/Atanas_SF_unified_000776/cv5_grouped_v1/fold_3/test/test__2022-07-20-01__4147bc9e.npz,2023-01-16-15,0,87,-1,43,URXR,URXR|CEPDR|ASGR|AWBR|RIVR,-1,,0.25,0.1,0.01,-1,0,0,0.0,0
atanas,3,deterministic,FUGW (G+A; official),test,2022-07-20-01,38,AIYL,/home/ubuntu/klb/nuclr/nuclr/Data/Atanas_SF_unified_000776/cv5_grouped_v1/fold_3/test/test__2022-07-20-01__4147bc9e.npz,2023-01-16-15,0,87,-1,31,RIR,RIR|SMDDR|SIBVR|RMDDL|AVL,-1,,0.25,0.1,0.01,-1,0,0,0.0,0
atanas,3,deterministic,FUGW (G+A; official),test,2022-07-20-01,39,URYVR,/home/ubuntu/klb/nuclr/nuclr/Data/Atanas_SF_unified_000776/cv5_grouped_v1/fold_3/test/test__2022-07-20-01__4147bc9e.npz,2023-01-16-15,1,87,80,55,OLQVR,OLQVR|IL1R|RMER|URBR|OLLR,10,IL1R,0.25,0.1,0.01,37,0,0,0.02702702702702703,0
atanas,3,deterministic,FUGW (G+A; official),test,2022-07-20-01,40,URBL,/home/ubuntu/klb/nuclr/nuclr/Data/Atanas_SF_unified_000776/cv5_grouped_v1/fold_3/test/test__2022-07-20-01__4147bc9e.npz,2023-01-16-15,1,87,60,105,IL2L,IL2L|URYVL|IL1L|URBL|M3L,73,IL2L,0.25,0.1,0.01,4,0,1,0.25,0
atanas,3,deterministic,FUGW (G+A; official),test,2022-07-20-01,41,MCR,/home/ubuntu/klb/nuclr/nuclr/Data/Atanas_SF_unified_000776/cv5_grouped_v1/fold_3/test/test__2022-07-20-01__4147bc9e.npz,2023-01-16-15,1,87,56,114,URYVR,URYVR|I2R|NSMR|MCR|I1R,53,I2R,0.25,0.1,0.01,4,0,1,0.25,0
atanas,3,deterministic,FUGW (G+A; official),test,2022-07-20-01,43,RIBL,/home/ubuntu/klb/nuclr/nuclr/Data/Atanas_SF_unified_000776/cv5_grouped_v1/fold_3/test/test__2022-07-20-01__4147bc9e.npz,2023-01-16-15,1,87,30,46,RIBL,RIBL|BAGL|ASIR|AVAL|SIBVR,30,RIBL,0.25,0.1,0.01,1,1,1,1.0,1
atanas,3,deterministic,FUGW (G+A; official),test,2022-07-20-01,45,I2R,/home/ubuntu/klb/nuclr/nuclr/Data/Atanas_SF_unified_000776/cv5_grouped_v1/fold_3/test/test__2022-07-20-01__4147bc9e.npz,2023-01-16-15,1,87,53,114,URYVR,URYVR|NSMR|I2R|MCR|I1R,80,URYVR,0.25,0.1,0.01,3,0,1,0.3333333333333333,0
atanas,3,deterministic,FUGW (G+A; official),test,2022-07-20-01,46,SAAVR,/home/ubuntu/klb/nuclr/nuclr/Data/Atanas_SF_unified_000776/cv5_grouped_v1/fold_3/test/test__2022-07-20-01__4147bc9e.npz,2023-01-16-15,0,87,-1,91,AWBR,AWBR|URXR|ASGR|AWAR|CEPDR,-1,,0.25,0.1,0.01,-1,0,0,0.0,0
atanas,3,deterministic,FUGW (G+A; official),test,2022-07-20-01,47,RID,/home/ubuntu/klb/nuclr/nuclr/Data/Atanas_SF_unified_000776/cv5_grouped_v1/fold_3/test/test__2022-07-20-01__4147bc9e.npz,2023-01-16-15,1,87,61,86,RID,RID|URXL|CEPDL|URXR|I6,37,URXL,0.25,0.1,0.01,1,1,1,1.0,0
atanas,3,deterministic,FUGW (G+A; official),test,2022-07-20-01,53,OLQDL,/home/ubuntu/klb/nuclr/nuclr/Data/Atanas_SF_unified_000776/cv5_grouped_v1/fold_3/test/test__2022-07-20-01__4147bc9e.npz,2023-01-16-15,1,87,75,2,URYDL,URYDL|OLQDL|RMEL|IL1DL|OLLL,0,URYDL,0.25,0.1,0.01,2,0,1,0.5,0
atanas,3,deterministic,FUGW (G+A; official),test,2022-07-20-01,54,AWBR,/home/ubuntu/klb/nuclr/nuclr/Data/Atanas_SF_unified_000776/cv5_grouped_v1/fold_3/test/test__2022-07-20-01__4147bc9e.npz,2023-01-16-15,1,87,65,118,AINR,AINR|AVJR|RIVR|ASGR|M1,-1,,0.25,0.1,0.01,8,0,0,0.125,0
atanas,3,deterministic,FUGW (G+A; official),test,2022-07-20-01,55,NSML,/home/ubuntu/klb/nuclr/nuclr/Data/Atanas_SF_unified_000776/cv5_grouped_v1/fold_3/test/test__2022-07-20-01__4147bc9e.npz,2023-01-16-15,1,87,59,82,I1L,I1L|MCL|IL2VL|I2L|NSML,15,MCL,0.25,0.1,0.01,5,0,1,0.2,0
atanas,3,deterministic,FUGW (G+A; official),test,2022-07-20-01,56,RIS,/home/ubuntu/klb/nuclr/nuclr/Data/Atanas_SF_unified_000776/cv5_grouped_v1/fold_3/test/test__2022-07-20-01__4147bc9e.npz,2023-01-16-15,0,87,-1,47,SMDDR,SMDDR|AVL|AIZR|AIBR|RIH,-1,,0.25,0.1,0.01,-1,0,0,0.0,0
atanas,3,deterministic,FUGW (G+A; official),test,2022-07-20-01,57,SAAVL,/home/ubuntu/klb/nuclr/nuclr/Data/Atanas_SF_unified_000776/cv5_grouped_v1/fold_3/test/test__2022-07-20-01__4147bc9e.npz,2023-01-16-15,1,87,50,92,SMDVL,SMDVL|SAAVL|AWAL|AWBL|ASGL,69,RMEL,0.25,0.1,0.01,2,0,1,0.5,0
atanas,3,deterministic,FUGW (G+A; official),test,2022-07-20-01,59,RIVR,/home/ubuntu/klb/nuclr/nuclr/Data/Atanas_SF_unified_000776/cv5_grouped_v1/fold_3/test/test__2022-07-20-01__4147bc9e.npz,2023-01-16-15,1,87,20,87,M1,M1|RIVR|CEPDR|AINR|ASGR,62,M1,0.25,0.1,0.01,2,0,1,0.5,0
atanas,3,deterministic,FUGW (G+A; official),test,2022-07-20-01,60,SMDVR,/home/ubuntu/klb/nuclr/nuclr/Data/Atanas_SF_unified_000776/cv5_grouped_v1/fold_3/test/test__2022-07-20-01__4147bc9e.npz,2023-01-16-15,0,87,-1,35,CEPDR,CEPDR|RIVR|M1|URXR|ASGR,20,RIVR,0.25,0.1,0.01,-1,0,0,0.0,0
atanas,3,deterministic,FUGW (G+A; official),test,2022-07-20-01,61,MI,/home/ubuntu/klb/nuclr/nuclr/Data/Atanas_SF_unified_000776/cv5_grouped_v1/fold_3/test/test__2022-07-20-01__4147bc9e.npz,2023-01-16-15,0,87,-1,44,M4,M4|I3|IL2DR|IL2DL|IL1DL,29,M4,0.25,0.1,0.01,-1,0,0,0.0,0
atanas,3,deterministic,FUGW (G+A; official),test,2022-07-20-01,63,AVJL,/home/ubuntu/klb/nuclr/nuclr/Data/Atanas_SF_unified_000776/cv5_grouped_v1/fold_3/test/test__2022-07-20-01__4147bc9e.npz,2023-01-16-15,1,87,72,89,AINL,AINL|AIZL|ADEL|AVJL|AVDL,14,AVDL,0.25,0.1,0.01,4,0,1,0.25,0
atanas,3,deterministic,FUGW (G+A; official),test,2022-07-20-01,64,OLQVL,/home/ubuntu/klb/nuclr/nuclr/Data/Atanas_SF_unified_000776/cv5_grouped_v1/fold_3/test/test__2022-07-20-01__4147bc9e.npz,2023-01-16-15,1,87,26,36,URYVL,URYVL|OLQVL|IL1VL|IL1L|URBL,23,URYVL,0.25,0.1,0.01,2,0,1,0.5,0
atanas,3,deterministic,FUGW (G+A; official),test,2022-07-20-01,65,IL2R,/home/ubuntu/klb/nuclr/nuclr/Data/Atanas_SF_unified_000776/cv5_grouped_v1/fold_3/test/test__2022-07-20-01__4147bc9e.npz,2023-01-16-15,0,87,-1,33,IL2DR,IL2DR|OLLR|URBR|IL1DR|OLQDR,86,OLLR,0.25,0.1,0.01,-1,0,0,0.0,0
atanas,3,deterministic,FUGW (G+A; official),test,2022-07-20-01,66,RIVL,/home/ubuntu/klb/nuclr/nuclr/Data/Atanas_SF_unified_000776/cv5_grouped_v1/fold_3/test/test__2022-07-20-01__4147bc9e.npz,2023-01-16-15,1,87,17,9,I6,I6|RIVL|CEPDL|M5|ASIR,4,I6,0.25,0.1,0.01,2,0,1,0.5,0
atanas,3,deterministic,FUGW (G+A; official),test,2022-07-20-01,68,AIZR,/home/ubuntu/klb/nuclr/nuclr/Data/Atanas_SF_unified_000776/cv5_grouped_v1/fold_3/test/test__2022-07-20-01__4147bc9e.npz,2023-01-16-15,1,87,68,37,RICL,RICL|FLPL|AIZL|ADEL|AUAL,-1,,0.25,0.1,0.01,50,0,0,0.02,0
atanas,3,deterministic,FUGW (G+A; official),test,2022-07-20-01,69,AVAL,/home/ubuntu/klb/nuclr/nuclr/Data/Atanas_SF_unified_000776/cv5_grouped_v1/fold_3/test/test__2022-07-20-01__4147bc9e.npz,2023-01-16-15,1,87,35,52,AVAL,AVAL|ASIR|AWAL|ASGL|ASEL,35,AVAL,0.25,0.1,0.01,1,1,1,1.0,1
atanas,3,deterministic,FUGW (G+A; official),test,2022-07-20-01,71,I2L,/home/ubuntu/klb/nuclr/nuclr/Data/Atanas_SF_unified_000776/cv5_grouped_v1/fold_3/test/test__2022-07-20-01__4147bc9e.npz,2023-01-16-15,1,87,6,120,IL2VL,IL2VL|I2L|I1L|NSML|MCL,6,I2L,0.25,0.1,0.01,2,0,1,0.5,1
atanas,3,deterministic,FUGW (G+A; official),test,2022-07-20-01,72,NSMR,/home/ubuntu/klb/nuclr/nuclr/Data/Atanas_SF_unified_000776/cv5_grouped_v1/fold_3/test/test__2022-07-20-01__4147bc9e.npz,2023-01-16-15,1,87,51,114,URYVR,URYVR|NSMR|I2R|MCR|I1R,51,NSMR,0.25,0.1,0.01,2,0,1,0.5,1
atanas,3,deterministic,FUGW (G+A; official),test,2022-07-20-01,73,URYDL,/home/ubuntu/klb/nuclr/nuclr/Data/Atanas_SF_unified_000776/cv5_grouped_v1/fold_3/test/test__2022-07-20-01__4147bc9e.npz,2023-01-16-15,1,87,0,101,RMEL,RMEL|URYDL|OLLL|IL1DL|IL2DL,77,IL1DL,0.25,0.1,0.01,2,0,1,0.5,0
atanas,3,deterministic,FUGW (G+A; official),test,2022-07-20-01,75,IL1DR,/home/ubuntu/klb/nuclr/nuclr/Data/Atanas_SF_unified_000776/cv5_grouped_v1/fold_3/test/test__2022-07-20-01__4147bc9e.npz,2023-01-16-15,1,87,48,70,IL1DR,IL1DR|OLQDR|OLQDL|IL2DR|URYDL,75,OLQDL,0.25,0.1,0.01,1,1,1,1.0,0
atanas,3,deterministic,FUGW (G+A; official),test,2022-07-20-01,76,AVHL,/home/ubuntu/klb/nuclr/nuclr/Data/Atanas_SF_unified_000776/cv5_grouped_v1/fold_3/test/test__2022-07-20-01__4147bc9e.npz,2023-01-16-15,0,87,-1,89,AINL,AINL|RIVL|AVJL|AVDL|ASIR,72,AVJL,0.25,0.1,0.01,-1,0,0,0.0,0
atanas,3,deterministic,FUGW (G+A; official),test,2022-07-20-01,77,IL2DR,/home/ubuntu/klb/nuclr/nuclr/Data/Atanas_SF_unified_000776/cv5_grouped_v1/fold_3/test/test__2022-07-20-01__4147bc9e.npz,2023-01-16-15,1,87,21,33,IL2DR,IL2DR|I3|IL1DR|OLQDR|M4,21,IL2DR,0.25,0.1,0.01,1,1,1,1.0,1
atanas,3,deterministic,FUGW (G+A; official),test,2022-07-20-01,78,RICR,/home/ubuntu/klb/nuclr/nuclr/Data/Atanas_SF_unified_000776/cv5_grouped_v1/fold_3/test/test__2022-07-20-01__4147bc9e.npz,2023-01-16-15,1,87,25,38,RICR,RICR|FLPR|AVDR|AUAR|AINR,25,RICR,0.25,0.1,0.01,1,1,1,1.0,1
atanas,3,deterministic,FUGW (G+A; official),test,2022-07-20-01,81,AUAL,/home/ubuntu/klb/nuclr/nuclr/Data/Atanas_SF_unified_000776/cv5_grouped_v1/fold_3/test/test__2022-07-20-01__4147bc9e.npz,2023-01-16-15,1,87,39,17,AWCL,AWCL|AUAL|AIZL|RICL|AVDL,9,AWCL,0.25,0.1,0.01,2,0,1,0.5,0
atanas,3,deterministic,FUGW (G+A; official),test,2022-07-20-01,82,RMDVL,/home/ubuntu/klb/nuclr/nuclr/Data/Atanas_SF_unified_000776/cv5_grouped_v1/fold_3/test/test__2022-07-20-01__4147bc9e.npz,2023-01-16-15,1,87,76,109,RMDVL,RMDVL|AWBL|AWCL|SMDVL|AVDL,76,RMDVL,0.25,0.1,0.01,1,1,1,1.0,1
atanas,3,deterministic,FUGW (G+A; official),test,2022-07-20-01,84,URAVL,/home/ubuntu/klb/nuclr/nuclr/Data/Atanas_SF_unified_000776/cv5_grouped_v1/fold_3/test/test__2022-07-20-01__4147bc9e.npz,2023-01-16-15,0,87,-1,11,I2L,I2L|NSML|IL1VL|MCL|IL2VL,59,NSML,0.25,0.1,0.01,-1,0,0,0.0,0
atanas,3,deterministic,FUGW (G+A; official),test,2022-07-20-01,85,AIMR,/home/ubuntu/klb/nuclr/nuclr/Data/Atanas_SF_unified_000776/cv5_grouped_v1/fold_3/test/test__2022-07-20-01__4147bc9e.npz,2023-01-16-15,0,87,-1,47,SMDDR,SMDDR|AIZR|RICR|AUAR|AIBR,68,AIZR,0.25,0.1,0.01,-1,0,0,0.0,0
atanas,3,deterministic,FUGW (G+A; official),test,2022-07-20-01,86,RICL,/home/ubuntu/klb/nuclr/nuclr/Data/Atanas_SF_unified_000776/cv5_grouped_v1/fold_3/test/test__2022-07-20-01__4147bc9e.npz,2023-01-16-15,1,87,24,37,RICL,RICL|FLPL|ADEL|AIZL|AINL,24,RICL,0.25,0.1,0.01,1,1,1,1.0,1
atanas,3,deterministic,FUGW (G+A; official),test,2022-07-20-01,87,RMEV,/home/ubuntu/klb/nuclr/nuclr/Data/Atanas_SF_unified_000776/cv5_grouped_v1/fold_3/test/test__2022-07-20-01__4147bc9e.npz,2023-01-16-15,0,87,-1,88,AVL,AVL|RIH|CEPVR|RIR|SIBVR,5,CEPVR,0.25,0.1,0.01,-1,0,0,0.0,0
atanas,3,deterministic,FUGW (G+A; official),test,2022-07-20-01,88,AIML,/home/ubuntu/klb/nuclr/nuclr/Data/Atanas_SF_unified_000776/cv5_grouped_v1/fold_3/test/test__2022-07-20-01__4147bc9e.npz,2023-01-16-15,0,87,-1,47,SMDDR,SMDDR|SIBVR|RIR|RMDDL|AVL,-1,,0.25,0.1,0.01,-1,0,0,0.0,0
atanas,3,deterministic,FUGW (G+A; official),test,2022-07-20-01,89,RMDVR,/home/ubuntu/klb/nuclr/nuclr/Data/Atanas_SF_unified_000776/cv5_grouped_v1/fold_3/test/test__2022-07-20-01__4147bc9e.npz,2023-01-16-15,0,87,-1,28,AVJR,AVJR|AVDR|AWBR|AINR|FLPR,65,AWBR,0.25,0.1,0.01,-1,0,0,0.0,0
atanas,3,deterministic,FUGW (G+A; official),test,2022-07-20-01,92,RMED,/home/ubuntu/klb/nuclr/nuclr/Data/Atanas_SF_unified_000776/cv5_grouped_v1/fold_3/test/test__2022-07-20-01__4147bc9e.npz,2023-01-16-15,0,87,-1,86,RID,RID|OLQDL|RIBL|URXL|M4,61,RID,0.25,0.1,0.01,-1,0,0,0.0,0
atanas,3,deterministic,FUGW (G+A; official),test,2022-07-20-01,93,ADLL,/home/ubuntu/klb/nuclr/nuclr/Data/Atanas_SF_unified_000776/cv5_grouped_v1/fold_3/test/test__2022-07-20-01__4147bc9e.npz,2023-01-16-15,0,87,-1,32,RIVR,RIVR|ASGR|M1|AINR|AWAR,46,ASGR,0.25,0.1,0.01,-1,0,0,0.0,0
atanas,3,deterministic,FUGW (G+A; official),test,2022-07-20-01,94,I1L,/home/ubuntu/klb/nuclr/nuclr/Data/Atanas_SF_unified_000776/cv5_grouped_v1/fold_3/test/test__2022-07-20-01__4147bc9e.npz,2023-01-16-15,1,87,58,82,I1L,I1L|IL2VL|I1R|URYVR|I2L,58,I1L,0.25,0.1,0.01,1,1,1,1.0,1
atanas,3,deterministic,FUGW (G+A; official),test,2022-07-20-01,95,AUAR,/home/ubuntu/klb/nuclr/nuclr/Data/Atanas_SF_unified_000776/cv5_grouped_v1/fold_3/test/test__2022-07-20-01__4147bc9e.npz,2023-01-16-15,1,87,12,38,RICR,RICR|AIZR|AUAR|FLPR|AVDR,55,FLPR,0.25,0.1,0.01,3,0,1,0.3333333333333333,0
atanas,3,deterministic,FUGW (G+A; official),test,2022-07-20-01,97,I3,/home/ubuntu/klb/nuclr/nuclr/Data/Atanas_SF_unified_000776/cv5_grouped_v1/fold_3/test/test__2022-07-20-01__4147bc9e.npz,2023-01-16-15,1,87,40,80,MCR,MCR|M3R|I3|I1R|NSMR,56,MCR,0.25,0.1,0.01,3,0,1,0.3333333333333333,0
atanas,3,deterministic,FUGW (G+A; official),test,2022-07-20-01,98,SMBVR,/home/ubuntu/klb/nuclr/nuclr/Data/Atanas_SF_unified_000776/cv5_grouped_v1/fold_3/test/test__2022-07-20-01__4147bc9e.npz,2023-01-16-15,0,87,-1,47,SMDDR,SMDDR|RICR|AIZR|AUAR|AVL,31,SMDDR,0.25,0.1,0.01,-1,0,0,0.0,0
atanas,3,deterministic,FUGW (G+A; official),test,2022-07-20-01,101,SMDVL,/home/ubuntu/klb/nuclr/nuclr/Data/Atanas_SF_unified_000776/cv5_grouped_v1/fold_3/test/test__2022-07-20-01__4147bc9e.npz,2023-01-16-15,1,87,66,8,CEPDL,CEPDL|I6|RIVL|SMDVL|AWAL,17,RIVL,0.25,0.1,0.01,4,0,1,0.25,0
atanas,3,deterministic,FUGW (G+A; official),test,2022-07-20-01,103,RMDDL,/home/ubuntu/klb/nuclr/nuclr/Data/Atanas_SF_unified_000776/cv5_grouped_v1/fold_3/test/test__2022-07-20-01__4147bc9e.npz,2023-01-16-15,1,87,42,61,RMDDL,RMDDL|RIR|RIH|SIBVR|AIBL,42,RMDDL,0.25,0.1,0.01,1,1,1,1.0,1
atanas,3,deterministic,FUGW (G+A; official),test,2022-07-20-01,105,AWAR,/home/ubuntu/klb/nuclr/nuclr/Data/Atanas_SF_unified_000776/cv5_grouped_v1/fold_3/test/test__2022-07-20-01__4147bc9e.npz,2023-01-16-15,1,87,41,65,ASIR,ASIR|ASGL|RIVL|AWAL|ASEL,2,AWAL,0.25,0.1,0.01,59,0,0,0.01694915254237288,0
atanas,3,deterministic,FUGW (G+A; official),test,2022-07-20-01,108,OLLL,/home/ubuntu/klb/nuclr/nuclr/Data/Atanas_SF_unified_000776/cv5_grouped_v1/fold_3/test/test__2022-07-20-01__4147bc9e.npz,2023-01-16-15,1,87,8,16,OLLL,OLLL|URBL|IL1L|RMEL|IL2L,8,OLLL,0.25,0.1,0.01,1,1,1,1.0,1
atanas,3,deterministic,FUGW (G+A; official),test,2022-07-20-01,110,AVDR,/home/ubuntu/klb/nuclr/nuclr/Data/Atanas_SF_unified_000776/cv5_grouped_v1/fold_3/test/test__2022-07-20-01__4147bc9e.npz,2023-01-16-15,1,87,34,62,AIZL,AIZL|RICL|ADEL|FLPL|AINL,43,AIZL,0.25,0.1,0.01,83,0,0,0.012048192771084338,0
atanas,3,deterministic,FUGW (G+A; official),test,2022-07-20-01,112,AVJR,/home/ubuntu/klb/nuclr/nuclr/Data/Atanas_SF_unified_000776/cv5_grouped_v1/fold_3/test/test__2022-07-20-01__4147bc9e.npz,2023-01-16-15,1,87,18,118,AINR,AINR|FLPR|RICR|AVDR|AVJR,83,AINR,0.25,0.1,0.01,5,0,1,0.2,0
atanas,3,deterministic,FUGW (G+A; official),test,2022-07-20-01,114,OLQVR,/home/ubuntu/klb/nuclr/nuclr/Data/Atanas_SF_unified_000776/cv5_grouped_v1/fold_3/test/test__2022-07-20-01__4147bc9e.npz,2023-01-16-15,1,87,38,55,OLQVR,OLQVR|IL1R|RMER|CEPVR|URBR,38,OLQVR,0.25,0.1,0.01,1,1,1,1.0,1
atanas,3,deterministic,FUGW (G+A; official),test,2022-07-20-01,115,IL1R,/home/ubuntu/klb/nuclr/nuclr/Data/Atanas_SF_unified_000776/cv5_grouped_v1/fold_3/test/test__2022-07-20-01__4147bc9e.npz,2023-01-16-15,1,87,10,40,URBR,URBR|OLLR|IL1R|RMER|OLQVR,27,URBR,0.25,0.1,0.01,3,0,1,0.3333333333333333,0
atanas,3,deterministic,FUGW (G+A; official),test,2022-07-20-01,116,ADEL,/home/ubuntu/klb/nuclr/nuclr/Data/Atanas_SF_unified_000776/cv5_grouped_v1/fold_3/test/test__2022-07-20-01__4147bc9e.npz,2023-01-16-15,1,87,74,106,ADEL,ADEL|FLPL|AINL|AIZL|M5,64,AINL,0.25,0.1,0.01,1,1,1,1.0,0
atanas,3,deterministic,FUGW (G+A; official),test,2022-07-20-01,117,M3R,/home/ubuntu/klb/nuclr/nuclr/Data/Atanas_SF_unified_000776/cv5_grouped_v1/fold_3/test/test__2022-07-20-01__4147bc9e.npz,2023-01-16-15,1,87,54,111,IL2VR,IL2VR|M3R|NSMR|MCR|IL1VR,54,M3R,0.25,0.1,0.01,2,0,1,0.5,1
atanas,3,deterministic,FUGW (G+A; official),test,2022-07-20-01,118,AWCL,/home/ubuntu/klb/nuclr/nuclr/Data/Atanas_SF_unified_000776/cv5_grouped_v1/fold_3/test/test__2022-07-20-01__4147bc9e.npz,2023-01-16-15,1,87,9,57,AUAL,AUAL|AWCL|RMDDL|SIBVR|RICL,39,AUAL,0.25,0.1,0.01,2,0,1,0.5,0
atanas,3,deterministic,FUGW (G+A; official),test,2022-07-20-01,119,AWBL,/home/ubuntu/klb/nuclr/nuclr/Data/Atanas_SF_unified_000776/cv5_grouped_v1/fold_3/test/test__2022-07-20-01__4147bc9e.npz,2023-01-16-15,1,87,13,22,AVDL,AVDL|AWBL|AVJL|ASEL|AWCL,13,AWBL,0.25,0.1,0.01,2,0,1,0.5,1
atanas,3,deterministic,FUGW (G+A; official),test,2022-07-20-01,121,M3L,/home/ubuntu/klb/nuclr/nuclr/Data/Atanas_SF_unified_000776/cv5_grouped_v1/fold_3/test/test__2022-07-20-01__4147bc9e.npz,2023-01-16-15,1,87,70,48,IL1VL,IL1VL|M3L|MCL|NSML|URYVL,70,M3L,0.25,0.1,0.01,2,0,1,0.5,1
atanas,3,deterministic,FUGW (G+A; official),test,2022-07-20-01,124,CEPVL,/home/ubuntu/klb/nuclr/nuclr/Data/Atanas_SF_unified_000776/cv5_grouped_v1/fold_3/test/test__2022-07-20-01__4147bc9e.npz,2023-01-16-15,1,87,16,25,CEPVL,CEPVL|IL1VL|URYVL|OLQVL|RMDDL,16,CEPVL,0.25,0.1,0.01,1,1,1,1.0,1
atanas,3,deterministic,FUGW (G+A; official),test,2022-07-20-01,125,RIAL,/home/ubuntu/klb/nuclr/nuclr/Data/Atanas_SF_unified_000776/cv5_grouped_v1/fold_3/test/test__2022-07-20-01__4147bc9e.npz,2023-01-16-15,0,87,-1,92,SMDVL,SMDVL|SAAVL|AWAL|AWBL|ASGL,50,SAAVL,0.25,0.1,0.01,-1,0,0,0.0,0
atanas,3,deterministic,FUGW (G+A; official),test,2022-07-20-01,129,IL2VR,/home/ubuntu/klb/nuclr/nuclr/Data/Atanas_SF_unified_000776/cv5_grouped_v1/fold_3/test/test__2022-07-20-01__4147bc9e.npz,2023-01-16-15,1,87,78,111,IL2VR,IL2VR|NSMR|OLQVR|IL1VR|M3R,78,IL2VR,0.25,0.1,0.01,1,1,1,1.0,1
atanas,3,deterministic,FUGW (G+A; official),test,2022-07-20-01,130,IL1VR,/home/ubuntu/klb/nuclr/nuclr/Data/Atanas_SF_unified_000776/cv5_grouped_v1/fold_3/test/test__2022-07-20-01__4147bc9e.npz,2023-01-16-15,1,87,71,111,IL2VR,IL2VR|IL1VR|OLQVR|CEPVR|M3R,71,IL1VR,0.25,0.1,0.01,2,0,1,0.5,1
atanas,3,deterministic,FUGW (G+A; official),test,2022-07-20-01,132,AVL,/home/ubuntu/klb/nuclr/nuclr/Data/Atanas_SF_unified_000776/cv5_grouped_v1/fold_3/test/test__2022-07-20-01__4147bc9e.npz,2023-01-16-15,1,87,63,31,RIR,RIR|SIBVR|RMDDL|RIH|AIBL,81,SIBVR,0.25,0.1,0.01,7,0,0,0.14285714285714285,0
atanas,3,deterministic,FUGW (G+A; official),test,2022-07-20-01,133,OLLR,/home/ubuntu/klb/nuclr/nuclr/Data/Atanas_SF_unified_000776/cv5_grouped_v1/fold_3/test/test__2022-07-20-01__4147bc9e.npz,2023-01-16-15,1,87,86,122,OLLR,OLLR|IL2DR|URBR|IL1DR|I3,48,IL1DR,0.25,0.1,0.01,1,1,1,1.0,0
atanas,3,deterministic,FUGW (G+A; official),test,2022-07-20-01,135,IL1L,/home/ubuntu/klb/nuclr/nuclr/Data/Atanas_SF_unified_000776/cv5_grouped_v1/fold_3/test/test__2022-07-20-01__4147bc9e.npz,2023-01-16-15,1,87,67,105,IL2L,IL2L|IL1L|OLQVL|URYVL|URBL,67,IL1L,0.25,0.1,0.01,2,0,1,0.5,1
atanas,3,deterministic,FUGW (G+A; official),test,2022-07-20-01,136,BAGL,/home/ubuntu/klb/nuclr/nuclr/Data/Atanas_SF_unified_000776/cv5_grouped_v1/fold_3/test/test__2022-07-20-01__4147bc9e.npz,2023-01-16-15,1,87,79,113,BAGL,BAGL|RIBL|AVAL|OLQVL|ASIR,79,BAGL,0.25,0.1,0.01,1,1,1,1.0,1
atanas,3,deterministic,FUGW (G+A; official),test,2022-07-20-01,137,AVER,/home/ubuntu/klb/nuclr/nuclr/Data/Atanas_SF_unified_000776/cv5_grouped_v1/fold_3/test/test__2022-07-20-01__4147bc9e.npz,2023-01-16-15,1,87,57,81,AVER,AVER|AIBR|AWAR|AWBR|AIZR,82,I1R,0.25,0.1,0.01,1,1,1,1.0,0
atanas,3,deterministic,FUGW (G+A; official),test,2022-07-20-01,138,ADAL,/home/ubuntu/klb/nuclr/nuclr/Data/Atanas_SF_unified_000776/cv5_grouped_v1/fold_3/test/test__2022-07-20-01__4147bc9e.npz,2023-01-16-15,0,87,-1,53,FLPL,FLPL|ADEL|M5|RICL|AIZL,74,ADEL,0.25,0.1,0.01,-1,0,0,0.0,0
atanas,3,deterministic,FUGW (G+A; official),test,2022-07-20-01,141,AWAL,/home/ubuntu/klb/nuclr/nuclr/Data/Atanas_SF_unified_000776/cv5_grouped_v1/fold_3/test/test__2022-07-20-01__4147bc9e.npz,2023-01-16-15,1,87,2,66,ASGR,ASGR|AWAR|AVJR|AINR|AWBR,41,AWAR,0.25,0.1,0.01,42,0,0,0.023809523809523808,0
atanas,3,deterministic,FUGW (G+A; official),test,2022-07-20-01,142,RMGL,/home/ubuntu/klb/nuclr/nuclr/Data/Atanas_SF_unified_000776/cv5_grouped_v1/fold_3/test/test__2022-07-20-01__4147bc9e.npz,2023-01-16-15,0,87,-1,53,FLPL,FLPL|ADEL|M5|RICL|AIZL,36,FLPL,0.25,0.1,0.01,-1,0,0,0.0,0
atanas,3,deterministic,FUGW (G+A; official),test,2022-06-14-01,0,OLQVL,/home/ubuntu/klb/nuclr/nuclr/Data/Atanas_SF_unified_000776/cv5_grouped_v1/fold_3/test/train__2022-06-14-01__4ddfcba0.npz,2023-01-16-15,1,87,26,25,CEPVL,CEPVL|OLQVL|IL1VL|AVAL|URYVL,16,CEPVL,0.25,0.1,0.01,2,0,1,0.5,0
atanas,3,deterministic,FUGW (G+A; official),test,2022-06-14-01,1,URADL,/home/ubuntu/klb/nuclr/nuclr/Data/Atanas_SF_unified_000776/cv5_grouped_v1/fold_3/test/train__2022-06-14-01__4ddfcba0.npz,2023-01-16-15,0,87,-1,105,IL2L,IL2L|OLLL|RMEL|IL1L|URBL,8,OLLL,0.25,0.1,0.01,-1,0,0,0.0,0
atanas,3,deterministic,FUGW (G+A; official),test,2022-06-14-01,2,IL2R,/home/ubuntu/klb/nuclr/nuclr/Data/Atanas_SF_unified_000776/cv5_grouped_v1/fold_3/test/train__2022-06-14-01__4ddfcba0.npz,2023-01-16-15,0,87,-1,40,URBR,URBR|OLLR|IL1R|IL2DR|RMER,27,URBR,0.25,0.1,0.01,-1,0,0,0.0,0
atanas,3,deterministic,FUGW (G+A; official),test,2022-06-14-01,3,RID,/home/ubuntu/klb/nuclr/nuclr/Data/Atanas_SF_unified_000776/cv5_grouped_v1/fold_3/test/train__2022-06-14-01__4ddfcba0.npz,2023-01-16-15,1,87,61,113,BAGL,BAGL|RIBL|ASIR|AWAL|RID,79,BAGL,0.25,0.1,0.01,5,0,1,0.2,0
atanas,3,deterministic,FUGW (G+A; official),test,2022-06-14-01,4,RMDL,/home/ubuntu/klb/nuclr/nuclr/Data/Atanas_SF_unified_000776/cv5_grouped_v1/fold_3/test/train__2022-06-14-01__4ddfcba0.npz,2023-01-16-15,0,87,-1,61,RMDDL,RMDDL|CEPVL|AIBL|RIR|AWCL,33,AIBL,0.25,0.1,0.01,-1,0,0,0.0,0
atanas,3,deterministic,FUGW (G+A; official),test,2022-06-14-01,5,AUAL,/home/ubuntu/klb/nuclr/nuclr/Data/Atanas_SF_unified_000776/cv5_grouped_v1/fold_3/test/train__2022-06-14-01__4ddfcba0.npz,2023-01-16-15,1,87,39,115,SIBVR,SIBVR|RICL|AUAL|RMDDL|RIR,39,AUAL,0.25,0.1,0.01,3,0,1,0.3333333333333333,1
atanas,3,deterministic,FUGW (G+A; official),test,2022-06-14-01,6,I1R,/home/ubuntu/klb/nuclr/nuclr/Data/Atanas_SF_unified_000776/cv5_grouped_v1/fold_3/test/train__2022-06-14-01__4ddfcba0.npz,2023-01-16-15,1,87,82,114,URYVR,URYVR|I1R|I2R|NSMR|MCR,82,I1R,0.25,0.1,0.01,2,0,1,0.5,1
atanas,3,deterministic,FUGW (G+A; official),test,2022-06-14-01,9,AWCL,/home/ubuntu/klb/nuclr/nuclr/Data/Atanas_SF_unified_000776/cv5_grouped_v1/fold_3/test/train__2022-06-14-01__4ddfcba0.npz,2023-01-16-15,1,87,9,46,RIBL,RIBL|AVAL|SIBVR|AUAL|ASIR,30,RIBL,0.25,0.1,0.01,8,0,0,0.125,0
atanas,3,deterministic,FUGW (G+A; official),test,2022-06-14-01,10,RMDVL,/home/ubuntu/klb/nuclr/nuclr/Data/Atanas_SF_unified_000776/cv5_grouped_v1/fold_3/test/train__2022-06-14-01__4ddfcba0.npz,2023-01-16-15,1,87,76,17,AWCL,AWCL|RMDVL|AUAL|URYVL|OLQVL,76,RMDVL,0.25,0.1,0.01,2,0,1,0.5,1
atanas,3,deterministic,FUGW (G+A; official),test,2022-06-14-01,11,MI,/home/ubuntu/klb/nuclr/nuclr/Data/Atanas_SF_unified_000776/cv5_grouped_v1/fold_3/test/train__2022-06-14-01__4ddfcba0.npz,2023-01-16-15,0,87,-1,12,IL2DL,IL2DL|IL1DL|URYDL|OLQDL|OLLL,77,IL1DL,0.25,0.1,0.01,-1,0,0,0.0,0
atanas,3,deterministic,FUGW (G+A; official),test,2022-06-14-01,12,AVAR,/home/ubuntu/klb/nuclr/nuclr/Data/Atanas_SF_unified_000776/cv5_grouped_v1/fold_3/test/train__2022-06-14-01__4ddfcba0.npz,2023-01-16-15,0,87,-1,66,ASGR,ASGR|AWAR|AUAR|AINR|AVJR,46,ASGR,0.25,0.1,0.01,-1,0,0,0.0,0
atanas,3,deterministic,FUGW (G+A; official),test,2022-06-14-01,13,I2R,/home/ubuntu/klb/nuclr/nuclr/Data/Atanas_SF_unified_000776/cv5_grouped_v1/fold_3/test/train__2022-06-14-01__4ddfcba0.npz,2023-01-16-15,1,87,53,114,URYVR,URYVR|NSMR|I2R|MCR|M3R,51,NSMR,0.25,0.1,0.01,3,0,1,0.3333333333333333,0
atanas,3,deterministic,FUGW (G+A; official),test,2022-06-14-01,14,URADR,/home/ubuntu/klb/nuclr/nuclr/Data/Atanas_SF_unified_000776/cv5_grouped_v1/fold_3/test/train__2022-06-14-01__4ddfcba0.npz,2023-01-16-15,0,87,-1,3,OLQDR,OLQDR|IL1DR|OLLR|IL2DR|URXR,48,IL1DR,0.25,0.1,0.01,-1,0,0,0.0,0
atanas,3,deterministic,FUGW (G+A; official),test,2022-06-14-01,16,FLPL,/home/ubuntu/klb/nuclr/nuclr/Data/Atanas_SF_unified_000776/cv5_grouped_v1/fold_3/test/train__2022-06-14-01__4ddfcba0.npz,2023-01-16-15,1,87,36,53,FLPL,FLPL|ADEL|M5|RICL|AIZL,36,FLPL,0.25,0.1,0.01,1,1,1,1.0,1
atanas,3,deterministic,FUGW (G+A; official),test,2022-06-14-01,17,URXR,/home/ubuntu/klb/nuclr/nuclr/Data/Atanas_SF_unified_000776/cv5_grouped_v1/fold_3/test/train__2022-06-14-01__4ddfcba0.npz,2023-01-16-15,1,87,28,87,M1,M1|CEPDR|URXR|RIVR|URXL,22,CEPDR,0.25,0.1,0.01,3,0,1,0.3333333333333333,0
atanas,3,deterministic,FUGW (G+A; official),test,2022-06-14-01,19,SAAVL,/home/ubuntu/klb/nuclr/nuclr/Data/Atanas_SF_unified_000776/cv5_grouped_v1/fold_3/test/train__2022-06-14-01__4ddfcba0.npz,2023-01-16-15,1,87,50,7,AWAL,AWAL|AVAL|ASGL|ASIR|AIBL,2,AWAL,0.25,0.1,0.01,8,0,0,0.125,0
atanas,3,deterministic,FUGW (G+A; official),test,2022-06-14-01,21,CEPDL,/home/ubuntu/klb/nuclr/nuclr/Data/Atanas_SF_unified_000776/cv5_grouped_v1/fold_3/test/train__2022-06-14-01__4ddfcba0.npz,2023-01-16-15,1,87,3,19,M5,M5|RIVL|I6|AVJL|SMDVL,17,RIVL,0.25,0.1,0.01,6,0,0,0.16666666666666666,0
atanas,3,deterministic,FUGW (G+A; official),test,2022-06-14-01,22,AVDL,/home/ubuntu/klb/nuclr/nuclr/Data/Atanas_SF_unified_000776/cv5_grouped_v1/fold_3/test/train__2022-06-14-01__4ddfcba0.npz,2023-01-16-15,1,87,14,106,ADEL,ADEL|FLPL|AIZL|RICL|AINL,74,ADEL,0.25,0.1,0.01,6,0,0,0.16666666666666666,0
atanas,3,deterministic,FUGW (G+A; official),test,2022-06-14-01,23,AIZL,/home/ubuntu/klb/nuclr/nuclr/Data/Atanas_SF_unified_000776/cv5_grouped_v1/fold_3/test/train__2022-06-14-01__4ddfcba0.npz,2023-01-16-15,1,87,43,53,FLPL,FLPL|RICL|ADEL|AIZL|AUAL,24,RICL,0.25,0.1,0.01,4,0,1,0.25,0
atanas,3,deterministic,FUGW (G+A; official),test,2022-06-14-01,24,RMFL,/home/ubuntu/klb/nuclr/nuclr/Data/Atanas_SF_unified_000776/cv5_grouped_v1/fold_3/test/train__2022-06-14-01__4ddfcba0.npz,2023-01-16-15,0,87,-1,47,SMDDR,SMDDR|RIH|AIZR|AIBR|CEPVR,49,AIBR,0.25,0.1,0.01,-1,0,0,0.0,0
atanas,3,deterministic,FUGW (G+A; official),test,2022-06-14-01,25,AVHL,/home/ubuntu/klb/nuclr/nuclr/Data/Atanas_SF_unified_000776/cv5_grouped_v1/fold_3/test/train__2022-06-14-01__4ddfcba0.npz,2023-01-16-15,0,87,-1,106,ADEL,ADEL|AINL|FLPL|AIZL|M5,64,AINL,0.25,0.1,0.01,-1,0,0,0.0,0
atanas,3,deterministic,FUGW (G+A; official),test,2022-06-14-01,29,URYDR,/home/ubuntu/klb/nuclr/nuclr/Data/Atanas_SF_unified_000776/cv5_grouped_v1/fold_3/test/train__2022-06-14-01__4ddfcba0.npz,2023-01-16-15,0,87,-1,43,URXR,URXR|CEPDR|OLQDR|OLLR|IL1DR,1,OLQDR,0.25,0.1,0.01,-1,0,0,0.0,0
atanas,3,deterministic,FUGW (G+A; official),test,2022-06-14-01,31,CEPVR,/home/ubuntu/klb/nuclr/nuclr/Data/Atanas_SF_unified_000776/cv5_grouped_v1/fold_3/test/train__2022-06-14-01__4ddfcba0.npz,2023-01-16-15,1,87,5,103,IL1VR,IL1VR|OLQVR|IL2VR|CEPVR|AVER,71,IL1VR,0.25,0.1,0.01,4,0,1,0.25,0
atanas,3,deterministic,FUGW (G+A; official),test,2022-06-14-01,34,ASEL,/home/ubuntu/klb/nuclr/nuclr/Data/Atanas_SF_unified_000776/cv5_grouped_v1/fold_3/test/train__2022-06-14-01__4ddfcba0.npz,2023-01-16-15,1,87,85,62,AIZL,AIZL|RICL|AUAL|AVDL|AWCL,43,AIZL,0.25,0.1,0.01,8,0,0,0.125,0
atanas,3,deterministic,FUGW (G+A; official),test,2022-06-14-01,36,I3,/home/ubuntu/klb/nuclr/nuclr/Data/Atanas_SF_unified_000776/cv5_grouped_v1/fold_3/test/train__2022-06-14-01__4ddfcba0.npz,2023-01-16-15,1,87,40,12,IL2DL,IL2DL|IL1DL|URYDL|I3|OLQDL,0,URYDL,0.25,0.1,0.01,4,0,1,0.25,0
atanas,3,deterministic,FUGW (G+A; official),test,2022-06-14-01,37,M1,/home/ubuntu/klb/nuclr/nuclr/Data/Atanas_SF_unified_000776/cv5_grouped_v1/fold_3/test/train__2022-06-14-01__4ddfcba0.npz,2023-01-16-15,1,87,62,9,I6,I6|M1|RID|M5|RIVL,4,I6,0.25,0.1,0.01,2,0,1,0.5,0
atanas,3,deterministic,FUGW (G+A; official),test,2022-06-14-01,41,CEPDR,/home/ubuntu/klb/nuclr/nuclr/Data/Atanas_SF_unified_000776/cv5_grouped_v1/fold_3/test/train__2022-06-14-01__4ddfcba0.npz,2023-01-16-15,1,87,22,87,M1,M1|RIVR|CEPDR|URXR|ASGR,62,M1,0.25,0.1,0.01,3,0,1,0.3333333333333333,0
atanas,3,deterministic,FUGW (G+A; official),test,2022-06-14-01,43,RMEV,/home/ubuntu/klb/nuclr/nuclr/Data/Atanas_SF_unified_000776/cv5_grouped_v1/fold_3/test/train__2022-06-14-01__4ddfcba0.npz,2023-01-16-15,0,87,-1,88,AVL,AVL|RIBL|RIH|AIBR|CEPVR,63,AVL,0.25,0.1,0.01,-1,0,0,0.0,0
atanas,3,deterministic,FUGW (G+A; official),test,2022-06-14-01,45,NSMR,/home/ubuntu/klb/nuclr/nuclr/Data/Atanas_SF_unified_000776/cv5_grouped_v1/fold_3/test/train__2022-06-14-01__4ddfcba0.npz,2023-01-16-15,1,87,51,75,NSMR,NSMR|MCR|I2R|M3R|URYVR,56,MCR,0.25,0.1,0.01,1,1,1,1.0,0
atanas,3,deterministic,FUGW (G+A; official),test,2022-06-14-01,46,SMDVL,/home/ubuntu/klb/nuclr/nuclr/Data/Atanas_SF_unified_000776/cv5_grouped_v1/fold_3/test/train__2022-06-14-01__4ddfcba0.npz,2023-01-16-15,1,87,66,26,RIVL,RIVL|ASGL|ASIR|AWAL|AWBL,44,ASGL,0.25,0.1,0.01,7,0,0,0.14285714285714285,0
atanas,3,deterministic,FUGW (G+A; official),test,2022-06-14-01,47,URYDL,/home/ubuntu/klb/nuclr/nuclr/Data/Atanas_SF_unified_000776/cv5_grouped_v1/fold_3/test/train__2022-06-14-01__4ddfcba0.npz,2023-01-16-15,1,87,0,101,RMEL,RMEL|OLLL|IL2L|IL1L|URYDL,69,RMEL,0.25,0.1,0.01,5,0,1,0.2,0
atanas,3,deterministic,FUGW (G+A; official),test,2022-06-14-01,48,OLQDL,/home/ubuntu/klb/nuclr/nuclr/Data/Atanas_SF_unified_000776/cv5_grouped_v1/fold_3/test/train__2022-06-14-01__4ddfcba0.npz,2023-01-16-15,1,87,75,92,SMDVL,SMDVL|SAAVL|AWAL|CEPDL|RMEL,66,SMDVL,0.25,0.1,0.01,6,0,0,0.16666666666666666,0
atanas,3,deterministic,FUGW (G+A; official),test,2022-06-14-01,49,RMDDR,/home/ubuntu/klb/nuclr/nuclr/Data/Atanas_SF_unified_000776/cv5_grouped_v1/fold_3/test/train__2022-06-14-01__4ddfcba0.npz,2023-01-16-15,0,87,-1,100,AIZR,AIZR|RICR|SMDDR|AUAR|FLPR,68,AIZR,0.25,0.1,0.01,-1,0,0,0.0,0
atanas,3,deterministic,FUGW (G+A; official),test,2022-06-14-01,50,IL1DL,/home/ubuntu/klb/nuclr/nuclr/Data/Atanas_SF_unified_000776/cv5_grouped_v1/fold_3/test/train__2022-06-14-01__4ddfcba0.npz,2023-01-16-15,1,87,77,101,RMEL,RMEL|SAAVL|OLLL|SMDVL|URYDL,50,SAAVL,0.25,0.1,0.01,13,0,0,0.07692307692307693,0
atanas,3,deterministic,FUGW (G+A; official),test,2022-06-14-01,52,OLQDR,/home/ubuntu/klb/nuclr/nuclr/Data/Atanas_SF_unified_000776/cv5_grouped_v1/fold_3/test/train__2022-06-14-01__4ddfcba0.npz,2023-01-16-15,1,87,1,86,RID,RID|URXR|OLQDR|CEPDR|URXL,28,URXR,0.25,0.1,0.01,3,0,1,0.3333333333333333,0
atanas,3,deterministic,FUGW (G+A; official),test,2022-06-14-01,53,RMEL,/home/ubuntu/klb/nuclr/nuclr/Data/Atanas_SF_unified_000776/cv5_grouped_v1/fold_3/test/train__2022-06-14-01__4ddfcba0.npz,2023-01-16-15,1,87,69,36,URYVL,URYVL|OLQVL|RMDVL|CEPVL|IL1L,26,OLQVL,0.25,0.1,0.01,11,0,0,0.09090909090909091,0
atanas,3,deterministic,FUGW (G+A; official),test,2022-06-14-01,54,ASHL,/home/ubuntu/klb/nuclr/nuclr/Data/Atanas_SF_unified_000776/cv5_grouped_v1/fold_3/test/train__2022-06-14-01__4ddfcba0.npz,2023-01-16-15,0,87,-1,61,RMDDL,RMDDL|AWCL|AUAL|AIBL|SIBVR,9,AWCL,0.25,0.1,0.01,-1,0,0,0.0,0
atanas,3,deterministic,FUGW (G+A; official),test,2022-06-14-01,55,SMDDR,/home/ubuntu/klb/nuclr/nuclr/Data/Atanas_SF_unified_000776/cv5_grouped_v1/fold_3/test/train__2022-06-14-01__4ddfcba0.npz,2023-01-16-15,1,87,31,38,RICR,RICR|SMDDR|AIZR|AUAR|FLPR,25,RICR,0.25,0.1,0.01,2,0,1,0.5,0
atanas,3,deterministic,FUGW (G+A; official),test,2022-06-14-01,56,SMBDR,/home/ubuntu/klb/nuclr/nuclr/Data/Atanas_SF_unified_000776/cv5_grouped_v1/fold_3/test/train__2022-06-14-01__4ddfcba0.npz,2023-01-16-15,0,87,-1,47,SMDDR,SMDDR|RICR|AUAR|AIZR|AIBR,12,AUAR,0.25,0.1,0.01,-1,0,0,0.0,0
atanas,3,deterministic,FUGW (G+A; official),test,2022-06-14-01,58,RIVL,/home/ubuntu/klb/nuclr/nuclr/Data/Atanas_SF_unified_000776/cv5_grouped_v1/fold_3/test/train__2022-06-14-01__4ddfcba0.npz,2023-01-16-15,1,87,17,89,AINL,AINL|RIVL|ADEL|ASIR|M5,45,ASIR,0.25,0.1,0.01,2,0,1,0.5,0
atanas,3,deterministic,FUGW (G+A; official),test,2022-06-14-01,60,IL2L,/home/ubuntu/klb/nuclr/nuclr/Data/Atanas_SF_unified_000776/cv5_grouped_v1/fold_3/test/train__2022-06-14-01__4ddfcba0.npz,2023-01-16-15,1,87,73,105,IL2L,IL2L|URYVL|NSML|IL1L|I2L,73,IL2L,0.25,0.1,0.01,1,1,1,1.0,1
atanas,3,deterministic,FUGW (G+A; official),test,2022-06-14-01,62,IL2DL,/home/ubuntu/klb/nuclr/nuclr/Data/Atanas_SF_unified_000776/cv5_grouped_v1/fold_3/test/train__2022-06-14-01__4ddfcba0.npz,2023-01-16-15,1,87,7,12,IL2DL,IL2DL|IL1DL|URYDL|OLLL|RMEL,7,IL2DL,0.25,0.1,0.01,1,1,1,1.0,1
atanas,3,deterministic,FUGW (G+A; official),test,2022-06-14-01,63,AVL,/home/ubuntu/klb/nuclr/nuclr/Data/Atanas_SF_unified_000776/cv5_grouped_v1/fold_3/test/train__2022-06-14-01__4ddfcba0.npz,2023-01-16-15,1,87,63,115,SIBVR,SIBVR|RIR|RIBL|AVL|RMDDL,81,SIBVR,0.25,0.1,0.01,4,0,1,0.25,0
atanas,3,deterministic,FUGW (G+A; official),test,2022-06-14-01,64,M4,/home/ubuntu/klb/nuclr/nuclr/Data/Atanas_SF_unified_000776/cv5_grouped_v1/fold_3/test/train__2022-06-14-01__4ddfcba0.npz,2023-01-16-15,1,87,29,110,IL1DL,IL1DL|M4|URYDL|OLQDL|IL2DL,29,M4,0.25,0.1,0.01,2,0,1,0.5,1
atanas,3,deterministic,FUGW (G+A; official),test,2022-06-14-01,65,I2L,/home/ubuntu/klb/nuclr/nuclr/Data/Atanas_SF_unified_000776/cv5_grouped_v1/fold_3/test/train__2022-06-14-01__4ddfcba0.npz,2023-01-16-15,1,87,6,82,I1L,I1L|I2L|MCL|IL2VL|NSML,6,I2L,0.25,0.1,0.01,2,0,1,0.5,1
atanas,3,deterministic,FUGW (G+A; official),test,2022-06-14-01,66,AWBL,/home/ubuntu/klb/nuclr/nuclr/Data/Atanas_SF_unified_000776/cv5_grouped_v1/fold_3/test/train__2022-06-14-01__4ddfcba0.npz,2023-01-16-15,1,87,13,62,AIZL,AIZL|AVDL|AWCL|AUAL|ASEL,14,AVDL,0.25,0.1,0.01,10,0,0,0.1,0
atanas,3,deterministic,FUGW (G+A; official),test,2022-06-14-01,67,OLLL,/home/ubuntu/klb/nuclr/nuclr/Data/Atanas_SF_unified_000776/cv5_grouped_v1/fold_3/test/train__2022-06-14-01__4ddfcba0.npz,2023-01-16-15,1,87,8,98,IL1L,IL1L|URYVL|URBL|OLQVL|IL2L,67,IL1L,0.25,0.1,0.01,6,0,0,0.16666666666666666,0
atanas,3,deterministic,FUGW (G+A; official),test,2022-06-14-01,68,RMED,/home/ubuntu/klb/nuclr/nuclr/Data/Atanas_SF_unified_000776/cv5_grouped_v1/fold_3/test/train__2022-06-14-01__4ddfcba0.npz,2023-01-16-15,0,87,-1,86,RID,RID|BAGL|OLQDL|URXL|AWAL,61,RID,0.25,0.1,0.01,-1,0,0,0.0,0
atanas,3,deterministic,FUGW (G+A; official),test,2022-06-14-01,69,IL1L,/home/ubuntu/klb/nuclr/nuclr/Data/Atanas_SF_unified_000776/cv5_grouped_v1/fold_3/test/train__2022-06-14-01__4ddfcba0.npz,2023-01-16-15,1,87,67,48,IL1VL,IL1VL|URYVL|NSML|M3L|I2L,32,IL1VL,0.25,0.1,0.01,7,0,0,0.14285714285714285,0
atanas,3,deterministic,FUGW (G+A; official),test,2022-06-14-01,70,URXL,/home/ubuntu/klb/nuclr/nuclr/Data/Atanas_SF_unified_000776/cv5_grouped_v1/fold_3/test/train__2022-06-14-01__4ddfcba0.npz,2023-01-16-15,1,87,37,8,CEPDL,CEPDL|I6|SMDVL|URXL|RIVL,3,CEPDL,0.25,0.1,0.01,4,0,1,0.25,0
atanas,3,deterministic,FUGW (G+A; official),test,2022-06-14-01,71,IL2VR,/home/ubuntu/klb/nuclr/nuclr/Data/Atanas_SF_unified_000776/cv5_grouped_v1/fold_3/test/train__2022-06-14-01__4ddfcba0.npz,2023-01-16-15,1,87,78,114,URYVR,URYVR|NSMR|I2R|IL2VR|M3R,80,URYVR,0.25,0.1,0.01,4,0,1,0.25,0
atanas,3,deterministic,FUGW (G+A; official),test,2022-06-14-01,73,IL2VL,/home/ubuntu/klb/nuclr/nuclr/Data/Atanas_SF_unified_000776/cv5_grouped_v1/fold_3/test/train__2022-06-14-01__4ddfcba0.npz,2023-01-16-15,1,87,84,120,IL2VL,IL2VL|I1R|I1L|I2R|URYVR,84,IL2VL,0.25,0.1,0.01,1,1,1,1.0,1
atanas,3,deterministic,FUGW (G+A; official),test,2022-06-14-01,74,RMDDL,/home/ubuntu/klb/nuclr/nuclr/Data/Atanas_SF_unified_000776/cv5_grouped_v1/fold_3/test/train__2022-06-14-01__4ddfcba0.npz,2023-01-16-15,1,87,42,61,RMDDL,RMDDL|RIH|AVL|RIR|CEPVR,42,RMDDL,0.25,0.1,0.01,1,1,1,1.0,1
atanas,3,deterministic,FUGW (G+A; official),test,2022-06-14-01,75,M3R,/home/ubuntu/klb/nuclr/nuclr/Data/Atanas_SF_unified_000776/cv5_grouped_v1/fold_3/test/train__2022-06-14-01__4ddfcba0.npz,2023-01-16-15,1,87,54,18,IL1R,IL1R|OLQVR|NSMR|M3R|URBR,10,IL1R,0.25,0.1,0.01,4,0,1,0.25,0
atanas,3,deterministic,FUGW (G+A; official),test,2022-06-14-01,76,AVEL,/home/ubuntu/klb/nuclr/nuclr/Data/Atanas_SF_unified_000776/cv5_grouped_v1/fold_3/test/train__2022-06-14-01__4ddfcba0.npz,2023-01-16-15,0,87,-1,52,AVAL,AVAL|RIR|AIBL|SIBVR|RMDDL,35,AVAL,0.25,0.1,0.01,-1,0,0,0.0,0
atanas,3,deterministic,FUGW (G+A; official),test,2022-06-14-01,77,AIBR,/home/ubuntu/klb/nuclr/nuclr/Data/Atanas_SF_unified_000776/cv5_grouped_v1/fold_3/test/train__2022-06-14-01__4ddfcba0.npz,2023-01-16-15,1,87,49,38,RICR,RICR|FLPR|AUAR|AVDR|AIZR,55,FLPR,0.25,0.1,0.01,8,0,0,0.125,0
atanas,3,deterministic,FUGW (G+A; official),test,2022-06-14-01,80,SAADR,/home/ubuntu/klb/nuclr/nuclr/Data/Atanas_SF_unified_000776/cv5_grouped_v1/fold_3/test/train__2022-06-14-01__4ddfcba0.npz,2023-01-16-15,0,87,-1,88,AVL,AVL|RIH|SMDDR|CEPVR|RIR,47,RIH,0.25,0.1,0.01,-1,0,0,0.0,0
atanas,3,deterministic,FUGW (G+A; official),test,2022-06-14-01,81,AVJL,/home/ubuntu/klb/nuclr/nuclr/Data/Atanas_SF_unified_000776/cv5_grouped_v1/fold_3/test/train__2022-06-14-01__4ddfcba0.npz,2023-01-16-15,1,87,72,106,ADEL,ADEL|FLPL|M5|AINL|AIZL,11,M5,0.25,0.1,0.01,7,0,0,0.14285714285714285,0
atanas,3,deterministic,FUGW (G+A; official),test,2022-06-14-01,82,SMBDL,/home/ubuntu/klb/nuclr/nuclr/Data/Atanas_SF_unified_000776/cv5_grouped_v1/fold_3/test/train__2022-06-14-01__4ddfcba0.npz,2023-01-16-15,0,87,-1,88,AVL,AVL|SMDDR|SIBVR|RIH|RIR,19,RIR,0.25,0.1,0.01,-1,0,0,0.0,0
atanas,3,deterministic,FUGW (G+A; official),test,2022-06-14-01,83,OLQVR,/home/ubuntu/klb/nuclr/nuclr/Data/Atanas_SF_unified_000776/cv5_grouped_v1/fold_3/test/train__2022-06-14-01__4ddfcba0.npz,2023-01-16-15,1,87,38,55,OLQVR,OLQVR|RMER|IL1VR|IL1R|AVER,38,OLQVR,0.25,0.1,0.01,1,1,1,1.0,1
atanas,3,deterministic,FUGW (G+A; official),test,2022-06-14-01,86,M3L,/home/ubuntu/klb/nuclr/nuclr/Data/Atanas_SF_unified_000776/cv5_grouped_v1/fold_3/test/train__2022-06-14-01__4ddfcba0.npz,2023-01-16-15,1,87,70,24,MCL,MCL|IL1VL|M3L|NSML|IL2VL,15,MCL,0.25,0.1,0.01,3,0,1,0.3333333333333333,0
atanas,3,deterministic,FUGW (G+A; official),test,2022-06-14-01,88,SMBVL,/home/ubuntu/klb/nuclr/nuclr/Data/Atanas_SF_unified_000776/cv5_grouped_v1/fold_3/test/train__2022-06-14-01__4ddfcba0.npz,2023-01-16-15,0,87,-1,47,SMDDR,SMDDR|AVL|RIH|RIR|SIBVR,57,AVER,0.25,0.1,0.01,-1,0,0,0.0,0
atanas,3,deterministic,FUGW (G+A; official),test,2022-06-14-01,89,NSML,/home/ubuntu/klb/nuclr/nuclr/Data/Atanas_SF_unified_000776/cv5_grouped_v1/fold_3/test/train__2022-06-14-01__4ddfcba0.npz,2023-01-16-15,1,87,59,82,I1L,I1L|IL2VL|I2L|MCL|NSML,59,NSML,0.25,0.1,0.01,5,0,1,0.2,1
atanas,3,deterministic,FUGW (G+A; official),test,2022-06-14-01,91,I1L,/home/ubuntu/klb/nuclr/nuclr/Data/Atanas_SF_unified_000776/cv5_grouped_v1/fold_3/test/train__2022-06-14-01__4ddfcba0.npz,2023-01-16-15,1,87,58,82,I1L,I1L|I2L|MCL|NSML|I1R,58,I1L,0.25,0.1,0.01,1,1,1,1.0,1
atanas,3,deterministic,FUGW (G+A; official),test,2022-06-14-01,92,IL1DR,/home/ubuntu/klb/nuclr/nuclr/Data/Atanas_SF_unified_000776/cv5_grouped_v1/fold_3/test/train__2022-06-14-01__4ddfcba0.npz,2023-01-16-15,1,87,48,3,OLQDR,OLQDR|IL1DR|URXL|URXR|RID,37,URXL,0.25,0.1,0.01,2,0,1,0.5,0
atanas,3,deterministic,FUGW (G+A; official),test,2022-06-14-01,93,RMER,/home/ubuntu/klb/nuclr/nuclr/Data/Atanas_SF_unified_000776/cv5_grouped_v1/fold_3/test/train__2022-06-14-01__4ddfcba0.npz,2023-01-16-15,1,87,52,91,AWBR,AWBR|RMER|OLLR|AWAR|URBR,65,AWBR,0.25,0.1,0.01,2,0,1,0.5,0
atanas,3,deterministic,FUGW (G+A; official),test,2022-06-14-01,94,IL1R,/home/ubuntu/klb/nuclr/nuclr/Data/Atanas_SF_unified_000776/cv5_grouped_v1/fold_3/test/train__2022-06-14-01__4ddfcba0.npz,2023-01-16-15,1,87,10,122,OLLR,OLLR|URBR|IL1R|RMER|OLQVR,86,OLLR,0.25,0.1,0.01,3,0,1,0.3333333333333333,0
atanas,3,deterministic,FUGW (G+A; official),test,2022-06-14-01,95,SMDVR,/home/ubuntu/klb/nuclr/nuclr/Data/Atanas_SF_unified_000776/cv5_grouped_v1/fold_3/test/train__2022-06-14-01__4ddfcba0.npz,2023-01-16-15,0,87,-1,32,RIVR,RIVR|M1|AINR|CEPDR|ASGR,20,RIVR,0.25,0.1,0.01,-1,0,0,0.0,0
atanas,3,deterministic,FUGW (G+A; official),test,2022-06-14-01,96,AIBL,/home/ubuntu/klb/nuclr/nuclr/Data/Atanas_SF_unified_000776/cv5_grouped_v1/fold_3/test/train__2022-06-14-01__4ddfcba0.npz,2023-01-16-15,1,87,33,115,SIBVR,SIBVR|RMDDL|RIR|AUAL|AIBL,85,ASEL,0.25,0.1,0.01,5,0,1,0.2,0
atanas,3,deterministic,FUGW (G+A; official),test,2022-06-14-01,97,SMDDL,/home/ubuntu/klb/nuclr/nuclr/Data/Atanas_SF_unified_000776/cv5_grouped_v1/fold_3/test/train__2022-06-14-01__4ddfcba0.npz,2023-01-16-15,0,87,-1,68,RIH,RIH|CEPVR|AVL|RIR|RMDDL,5,CEPVR,0.25,0.1,0.01,-1,0,0,0.0,0
atanas,3,deterministic,FUGW (G+A; official),test,2022-06-14-01,98,RMDVR,/home/ubuntu/klb/nuclr/nuclr/Data/Atanas_SF_unified_000776/cv5_grouped_v1/fold_3/test/train__2022-06-14-01__4ddfcba0.npz,2023-01-16-15,0,87,-1,118,AINR,AINR|AVJR|AVDR|FLPR|AWBR,18,AVJR,0.25,0.1,0.01,-1,0,0,0.0,0
atanas,3,deterministic,FUGW (G+A; official),test,2022-06-14-01,100,URBR,/home/ubuntu/klb/nuclr/nuclr/Data/Atanas_SF_unified_000776/cv5_grouped_v1/fold_3/test/train__2022-06-14-01__4ddfcba0.npz,2023-01-16-15,1,87,27,76,RMER,RMER|URBR|OLLR|IL1R|AWBR,52,RMER,0.25,0.1,0.01,2,0,1,0.5,0
atanas,3,deterministic,FUGW (G+A; official),test,2022-06-14-01,101,URBL,/home/ubuntu/klb/nuclr/nuclr/Data/Atanas_SF_unified_000776/cv5_grouped_v1/fold_3/test/train__2022-06-14-01__4ddfcba0.npz,2023-01-16-15,1,87,60,36,URYVL,URYVL|IL1VL|OLQVL|IL1L|URBL,23,URYVL,0.25,0.1,0.01,5,0,1,0.2,0
atanas,3,deterministic,FUGW (G+A; official),test,2022-06-14-01,102,AVER,/home/ubuntu/klb/nuclr/nuclr/Data/Atanas_SF_unified_000776/cv5_grouped_v1/fold_3/test/train__2022-06-14-01__4ddfcba0.npz,2023-01-16-15,1,87,57,20,AUAR,AUAR|AIZR|RICR|FLPR|AVDR,41,AWAR,0.25,0.1,0.01,9,0,0,0.1111111111111111,0
atanas,3,deterministic,FUGW (G+A; official),test,2022-06-14-01,103,OLLR,/home/ubuntu/klb/nuclr/nuclr/Data/Atanas_SF_unified_000776/cv5_grouped_v1/fold_3/test/train__2022-06-14-01__4ddfcba0.npz,2023-01-16-15,1,87,86,122,OLLR,OLLR|OLQDR|IL1DR|URBR|IL2DR,21,IL2DR,0.25,0.1,0.01,1,1,1,1.0,0
atanas,3,deterministic,FUGW (G+A; official),test,2022-06-14-01,104,RIAL,/home/ubuntu/klb/nuclr/nuclr/Data/Atanas_SF_unified_000776/cv5_grouped_v1/fold_3/test/train__2022-06-14-01__4ddfcba0.npz,2023-01-16-15,0,87,-1,21,AWBL,AWBL|ASEL|ASGL|AWAL|AIBL,13,AWBL,0.25,0.1,0.01,-1,0,0,0.0,0
atanas,3,deterministic,FUGW (G+A; official),test,2022-06-14-01,107,RIAR,/home/ubuntu/klb/nuclr/nuclr/Data/Atanas_SF_unified_000776/cv5_grouped_v1/fold_3/test/train__2022-06-14-01__4ddfcba0.npz,2023-01-16-15,0,87,-1,118,AINR,AINR|AVDR|AVJR|FLPR|ASGR,83,AINR,0.25,0.1,0.01,-1,0,0,0.0,0
atanas,3,deterministic,FUGW (G+A; official),test,2022-06-14-01,108,RMDR,/home/ubuntu/klb/nuclr/nuclr/Data/Atanas_SF_unified_000776/cv5_grouped_v1/fold_3/test/train__2022-06-14-01__4ddfcba0.npz,2023-01-16-15,0,87,-1,51,AVDR,AVDR|AUAR|FLPR|AIZR|AVJR,34,AVDR,0.25,0.1,0.01,-1,0,0,0.0,0
atanas,3,deterministic,FUGW (G+A; official),test,2022-06-14-07,0,RIBL,/home/ubuntu/klb/nuclr/nuclr/Data/Atanas_SF_unified_000776/cv5_grouped_v1/fold_3/test/train__2022-06-14-07__1c5b9cbb.npz,2023-01-16-15,1,87,30,46,RIBL,RIBL|BAGL|SIBVR|AVAL|ASIR,30,RIBL,0.25,0.1,0.01,1,1,1,1.0,1
atanas,3,deterministic,FUGW (G+A; official),test,2022-06-14-07,3,OLLR,/home/ubuntu/klb/nuclr/nuclr/Data/Atanas_SF_unified_000776/cv5_grouped_v1/fold_3/test/train__2022-06-14-07__1c5b9cbb.npz,2023-01-16-15,1,87,86,122,OLLR,OLLR|URBR|RMER|IL1R|IL2DR,86,OLLR,0.25,0.1,0.01,1,1,1,1.0,1
atanas,3,deterministic,FUGW (G+A; official),test,2022-06-14-07,5,RIML,/home/ubuntu/klb/nuclr/nuclr/Data/Atanas_SF_unified_000776/cv5_grouped_v1/fold_3/test/train__2022-06-14-07__1c5b9cbb.npz,2023-01-16-15,0,87,-1,115,SIBVR,SIBVR|RIR|RICL|AUAL|RMDDL,-1,,0.25,0.1,0.01,-1,0,0,0.0,0
atanas,3,deterministic,FUGW (G+A; official),test,2022-06-14-07,8,IL1L,/home/ubuntu/klb/nuclr/nuclr/Data/Atanas_SF_unified_000776/cv5_grouped_v1/fold_3/test/train__2022-06-14-07__1c5b9cbb.npz,2023-01-16-15,1,87,67,48,IL1VL,IL1VL|M3L|URYVL|NSML|URBL,23,URYVL,0.25,0.1,0.01,7,0,0,0.14285714285714285,0
atanas,3,deterministic,FUGW (G+A; official),test,2022-06-14-07,10,RIMR,/home/ubuntu/klb/nuclr/nuclr/Data/Atanas_SF_unified_000776/cv5_grouped_v1/fold_3/test/train__2022-06-14-07__1c5b9cbb.npz,2023-01-16-15,0,87,-1,38,RICR,RICR|FLPR|AINR|AUAR|AVDR,55,FLPR,0.25,0.1,0.01,-1,0,0,0.0,0
atanas,3,deterministic,FUGW (G+A; official),test,2022-06-14-07,11,RICL,/home/ubuntu/klb/nuclr/nuclr/Data/Atanas_SF_unified_000776/cv5_grouped_v1/fold_3/test/train__2022-06-14-07__1c5b9cbb.npz,2023-01-16-15,1,87,24,53,FLPL,FLPL|RICL|ADEL|AIZL|AUAL,24,RICL,0.25,0.1,0.01,2,0,1,0.5,1
atanas,3,deterministic,FUGW (G+A; official),test,2022-06-14-07,12,RMED,/home/ubuntu/klb/nuclr/nuclr/Data/Atanas_SF_unified_000776/cv5_grouped_v1/fold_3/test/train__2022-06-14-07__1c5b9cbb.npz,2023-01-16-15,0,87,-1,86,RID,RID|M4|OLQDR|URXR|OLQDL,61,RID,0.25,0.1,0.01,-1,0,0,0.0,0
atanas,3,deterministic,FUGW (G+A; official),test,2022-06-14-07,13,AVJR,/home/ubuntu/klb/nuclr/nuclr/Data/Atanas_SF_unified_000776/cv5_grouped_v1/fold_3/test/train__2022-06-14-07__1c5b9cbb.npz,2023-01-16-15,1,87,18,118,AINR,AINR|FLPR|AVJR|AVDR|RIVR,20,RIVR,0.25,0.1,0.01,3,0,1,0.3333333333333333,0
atanas,3,deterministic,FUGW (G+A; official),test,2022-06-14-07,15,SMBDR,/home/ubuntu/klb/nuclr/nuclr/Data/Atanas_SF_unified_000776/cv5_grouped_v1/fold_3/test/train__2022-06-14-07__1c5b9cbb.npz,2023-01-16-15,0,87,-1,47,SMDDR,SMDDR|AVL|AIZR|AIBR|AUAR,49,AIBR,0.25,0.1,0.01,-1,0,0,0.0,0
atanas,3,deterministic,FUGW (G+A; official),test,2022-06-14-07,16,M3R,/home/ubuntu/klb/nuclr/nuclr/Data/Atanas_SF_unified_000776/cv5_grouped_v1/fold_3/test/train__2022-06-14-07__1c5b9cbb.npz,2023-01-16-15,1,87,54,75,NSMR,NSMR|IL1R|M3R|OLQVR|I2R,54,M3R,0.25,0.1,0.01,3,0,1,0.3333333333333333,1
atanas,3,deterministic,FUGW (G+A; official),test,2022-06-14-07,18,I2L,/home/ubuntu/klb/nuclr/nuclr/Data/Atanas_SF_unified_000776/cv5_grouped_v1/fold_3/test/train__2022-06-14-07__1c5b9cbb.npz,2023-01-16-15,1,87,6,82,I1L,I1L|IL2VL|I2L|MCL|NSML,6,I2L,0.25,0.1,0.01,3,0,1,0.3333333333333333,1
atanas,3,deterministic,FUGW (G+A; official),test,2022-06-14-07,19,OLQVR,/home/ubuntu/klb/nuclr/nuclr/Data/Atanas_SF_unified_000776/cv5_grouped_v1/fold_3/test/train__2022-06-14-07__1c5b9cbb.npz,2023-01-16-15,1,87,38,18,IL1R,IL1R|OLQVR|URBR|RMER|OLLR,38,OLQVR,0.25,0.1,0.01,2,0,1,0.5,1
atanas,3,deterministic,FUGW (G+A; official),test,2022-06-14-07,20,MI,/home/ubuntu/klb/nuclr/nuclr/Data/Atanas_SF_unified_000776/cv5_grouped_v1/fold_3/test/train__2022-06-14-07__1c5b9cbb.npz,2023-01-16-15,0,87,-1,33,IL2DR,IL2DR|I3|IL2DL|M4|IL1DL,21,IL2DR,0.25,0.1,0.01,-1,0,0,0.0,0
atanas,3,deterministic,FUGW (G+A; official),test,2022-06-14-07,23,I3,/home/ubuntu/klb/nuclr/nuclr/Data/Atanas_SF_unified_000776/cv5_grouped_v1/fold_3/test/train__2022-06-14-07__1c5b9cbb.npz,2023-01-16-15,1,87,40,58,I3,I3|IL2DR|M4|IL1DR|IL1DL,40,I3,0.25,0.1,0.01,1,1,1,1.0,1
atanas,3,deterministic,FUGW (G+A; official),test,2022-06-14-07,24,M1,/home/ubuntu/klb/nuclr/nuclr/Data/Atanas_SF_unified_000776/cv5_grouped_v1/fold_3/test/train__2022-06-14-07__1c5b9cbb.npz,2023-01-16-15,1,87,62,9,I6,I6|M1|M5|CEPDL|URXL,4,I6,0.25,0.1,0.01,2,0,1,0.5,0
atanas,3,deterministic,FUGW (G+A; official),test,2022-06-14-07,25,AVHL,/home/ubuntu/klb/nuclr/nuclr/Data/Atanas_SF_unified_000776/cv5_grouped_v1/fold_3/test/train__2022-06-14-07__1c5b9cbb.npz,2023-01-16-15,0,87,-1,89,AINL,AINL|ASIR|RIVL|AIZL|AVJL,72,AVJL,0.25,0.1,0.01,-1,0,0,0.0,0
atanas,3,deterministic,FUGW (G+A; official),test,2022-06-14-07,26,AIYR,/home/ubuntu/klb/nuclr/nuclr/Data/Atanas_SF_unified_000776/cv5_grouped_v1/fold_3/test/train__2022-06-14-07__1c5b9cbb.npz,2023-01-16-15,0,87,-1,47,SMDDR,SMDDR|AIZR|RICR|AIBR|AUAR,31,SMDDR,0.25,0.1,0.01,-1,0,0,0.0,0
atanas,3,deterministic,FUGW (G+A; official),test,2022-06-14-07,27,RMDDL,/home/ubuntu/klb/nuclr/nuclr/Data/Atanas_SF_unified_000776/cv5_grouped_v1/fold_3/test/train__2022-06-14-07__1c5b9cbb.npz,2023-01-16-15,1,87,42,10,CEPVR,CEPVR|RIH|RMDDL|AVL|RIR,5,CEPVR,0.25,0.1,0.01,3,0,1,0.3333333333333333,0
atanas,3,deterministic,FUGW (G+A; official),test,2022-06-14-07,29,IL2VL,/home/ubuntu/klb/nuclr/nuclr/Data/Atanas_SF_unified_000776/cv5_grouped_v1/fold_3/test/train__2022-06-14-07__1c5b9cbb.npz,2023-01-16-15,1,87,84,120,IL2VL,IL2VL|URYVR|I1R|I2R|I1L,84,IL2VL,0.25,0.1,0.01,1,1,1,1.0,1
atanas,3,deterministic,FUGW (G+A; official),test,2022-06-14-07,31,CEPDR,/home/ubuntu/klb/nuclr/nuclr/Data/Atanas_SF_unified_000776/cv5_grouped_v1/fold_3/test/train__2022-06-14-07__1c5b9cbb.npz,2023-01-16-15,1,87,22,35,CEPDR,CEPDR|M1|RIVR|URXR|ASGR,22,CEPDR,0.25,0.1,0.01,1,1,1,1.0,1
atanas,3,deterministic,FUGW (G+A; official),test,2022-06-14-07,32,CEPVR,/home/ubuntu/klb/nuclr/nuclr/Data/Atanas_SF_unified_000776/cv5_grouped_v1/fold_3/test/train__2022-06-14-07__1c5b9cbb.npz,2023-01-16-15,1,87,5,111,IL2VR,IL2VR|IL1VR|CEPVR|OLQVR|AVER,71,IL1VR,0.25,0.1,0.01,3,0,1,0.3333333333333333,0
atanas,3,deterministic,FUGW (G+A; official),test,2022-06-14-07,33,AWCL,/home/ubuntu/klb/nuclr/nuclr/Data/Atanas_SF_unified_000776/cv5_grouped_v1/fold_3/test/train__2022-06-14-07__1c5b9cbb.npz,2023-01-16-15,1,87,9,61,RMDDL,RMDDL|AWCL|AUAL|SIBVR|CEPVL,42,RMDDL,0.25,0.1,0.01,2,0,1,0.5,0
atanas,3,deterministic,FUGW (G+A; official),test,2022-06-14-07,34,SAAVL,/home/ubuntu/klb/nuclr/nuclr/Data/Atanas_SF_unified_000776/cv5_grouped_v1/fold_3/test/train__2022-06-14-07__1c5b9cbb.npz,2023-01-16-15,1,87,50,52,AVAL,AVAL|AWAL|ASGL|SAAVL|AIBL,2,AWAL,0.25,0.1,0.01,4,0,1,0.25,0
atanas,3,deterministic,FUGW (G+A; official),test,2022-06-14-07,36,AWBL,/home/ubuntu/klb/nuclr/nuclr/Data/Atanas_SF_unified_000776/cv5_grouped_v1/fold_3/test/train__2022-06-14-07__1c5b9cbb.npz,2023-01-16-15,1,87,13,17,AWCL,AWCL|RMDVL|AUAL|RMDDL|AIBL,76,RMDVL,0.25,0.1,0.01,7,0,0,0.14285714285714285,0
atanas,3,deterministic,FUGW (G+A; official),test,2022-06-14-07,37,FLPL,/home/ubuntu/klb/nuclr/nuclr/Data/Atanas_SF_unified_000776/cv5_grouped_v1/fold_3/test/train__2022-06-14-07__1c5b9cbb.npz,2023-01-16-15,1,87,36,53,FLPL,FLPL|RICL|ADEL|AIZL|AVDL,74,ADEL,0.25,0.1,0.01,1,1,1,1.0,0
atanas,3,deterministic,FUGW (G+A; official),test,2022-06-14-07,38,RMDVL,/home/ubuntu/klb/nuclr/nuclr/Data/Atanas_SF_unified_000776/cv5_grouped_v1/fold_3/test/train__2022-06-14-07__1c5b9cbb.npz,2023-01-16-15,1,87,76,25,CEPVL,CEPVL|URYVL|RMDDL|RMDVL|AWCL,67,IL1L,0.25,0.1,0.01,4,0,1,0.25,0
atanas,3,deterministic,FUGW (G+A; official),test,2022-06-14-07,39,AIYL,/home/ubuntu/klb/nuclr/nuclr/Data/Atanas_SF_unified_000776/cv5_grouped_v1/fold_3/test/train__2022-06-14-07__1c5b9cbb.npz,2023-01-16-15,0,87,-1,47,SMDDR,SMDDR|AVL|AIZR|RIH|CEPVR,48,IL1DR,0.25,0.1,0.01,-1,0,0,0.0,0
atanas,3,deterministic,FUGW (G+A; official),test,2022-06-14-07,40,IL2DL,/home/ubuntu/klb/nuclr/nuclr/Data/Atanas_SF_unified_000776/cv5_grouped_v1/fold_3/test/train__2022-06-14-07__1c5b9cbb.npz,2023-01-16-15,1,87,7,12,IL2DL,IL2DL|IL1DL|URYDL|OLLL|IL2L,7,IL2DL,0.25,0.1,0.01,1,1,1,1.0,1
atanas,3,deterministic,FUGW (G+A; official),test,2022-06-14-07,41,IL1DL,/home/ubuntu/klb/nuclr/nuclr/Data/Atanas_SF_unified_000776/cv5_grouped_v1/fold_3/test/train__2022-06-14-07__1c5b9cbb.npz,2023-01-16-15,1,87,77,101,RMEL,RMEL|OLLL|URYDL|OLQDL|URBL,0,URYDL,0.25,0.1,0.01,6,0,0,0.16666666666666666,0
atanas,3,deterministic,FUGW (G+A; official),test,2022-06-14-07,42,ASHL,/home/ubuntu/klb/nuclr/nuclr/Data/Atanas_SF_unified_000776/cv5_grouped_v1/fold_3/test/train__2022-06-14-07__1c5b9cbb.npz,2023-01-16-15,0,87,-1,115,SIBVR,SIBVR|AVAL|RIBL|RIR|BAGL,35,AVAL,0.25,0.1,0.01,-1,0,0,0.0,0
atanas,3,deterministic,FUGW (G+A; official),test,2022-06-14-07,43,AVEL,/home/ubuntu/klb/nuclr/nuclr/Data/Atanas_SF_unified_000776/cv5_grouped_v1/fold_3/test/train__2022-06-14-07__1c5b9cbb.npz,2023-01-16-15,0,87,-1,31,RIR,RIR|SIBVR|RIH|RMDDL|AVL,33,AIBL,0.25,0.1,0.01,-1,0,0,0.0,0
atanas,3,deterministic,FUGW (G+A; official),test,2022-06-14-07,45,CEPDL,/home/ubuntu/klb/nuclr/nuclr/Data/Atanas_SF_unified_000776/cv5_grouped_v1/fold_3/test/train__2022-06-14-07__1c5b9cbb.npz,2023-01-16-15,1,87,3,8,CEPDL,CEPDL|SMDVL|URXL|I6|SAAVL,3,CEPDL,0.25,0.1,0.01,1,1,1,1.0,1
atanas,3,deterministic,FUGW (G+A; official),test,2022-06-14-07,46,AINL,/home/ubuntu/klb/nuclr/nuclr/Data/Atanas_SF_unified_000776/cv5_grouped_v1/fold_3/test/train__2022-06-14-07__1c5b9cbb.npz,2023-01-16-15,1,87,64,89,AINL,AINL|AIZL|ADEL|AVDL|AVJL,64,AINL,0.25,0.1,0.01,1,1,1,1.0,1
atanas,3,deterministic,FUGW (G+A; official),test,2022-06-14-07,47,OLQDR,/home/ubuntu/klb/nuclr/nuclr/Data/Atanas_SF_unified_000776/cv5_grouped_v1/fold_3/test/train__2022-06-14-07__1c5b9cbb.npz,2023-01-16-15,1,87,1,43,URXR,URXR|RID|OLQDR|CEPDR|IL1DR,1,OLQDR,0.25,0.1,0.01,3,0,1,0.3333333333333333,1
atanas,3,deterministic,FUGW (G+A; official),test,2022-06-14-07,49,RMDL,/home/ubuntu/klb/nuclr/nuclr/Data/Atanas_SF_unified_000776/cv5_grouped_v1/fold_3/test/train__2022-06-14-07__1c5b9cbb.npz,2023-01-16-15,0,87,-1,25,CEPVL,CEPVL|RMDDL|RIR|RIH|CEPVR,16,CEPVL,0.25,0.1,0.01,-1,0,0,0.0,0
atanas,3,deterministic,FUGW (G+A; official),test,2022-06-14-07,50,URXR,/home/ubuntu/klb/nuclr/nuclr/Data/Atanas_SF_unified_000776/cv5_grouped_v1/fold_3/test/train__2022-06-14-07__1c5b9cbb.npz,2023-01-16-15,1,87,28,35,CEPDR,CEPDR|URXR|M1|RIVR|RID,28,URXR,0.25,0.1,0.01,2,0,1,0.5,1
atanas,3,deterministic,FUGW (G+A; official),test,2022-06-14-07,51,RIVL,/home/ubuntu/klb/nuclr/nuclr/Data/Atanas_SF_unified_000776/cv5_grouped_v1/fold_3/test/train__2022-06-14-07__1c5b9cbb.npz,2023-01-16-15,1,87,17,26,RIVL,RIVL|AINL|ASIR|AVJL|M5,17,RIVL,0.25,0.1,0.01,1,1,1,1.0,1
atanas,3,deterministic,FUGW (G+A; official),test,2022-06-14-07,52,RIH,/home/ubuntu/klb/nuclr/nuclr/Data/Atanas_SF_unified_000776/cv5_grouped_v1/fold_3/test/train__2022-06-14-07__1c5b9cbb.npz,2023-01-16-15,1,87,47,88,AVL,AVL|RIH|SMDDR|CEPVR|AIBR,63,AVL,0.25,0.1,0.01,2,0,1,0.5,0
atanas,3,deterministic,FUGW (G+A; official),test,2022-06-14-07,53,AVDL,/home/ubuntu/klb/nuclr/nuclr/Data/Atanas_SF_unified_000776/cv5_grouped_v1/fold_3/test/train__2022-06-14-07__1c5b9cbb.npz,2023-01-16-15,1,87,14,37,RICL,RICL|AIZL|FLPL|ADEL|AUAL,43,AIZL,0.25,0.1,0.01,6,0,0,0.16666666666666666,0
atanas,3,deterministic,FUGW (G+A; official),test,2022-06-14-07,54,IL2R,/home/ubuntu/klb/nuclr/nuclr/Data/Atanas_SF_unified_000776/cv5_grouped_v1/fold_3/test/train__2022-06-14-07__1c5b9cbb.npz,2023-01-16-15,0,87,-1,40,URBR,URBR|OLLR|RMER|IL1R|IL2DR,27,URBR,0.25,0.1,0.01,-1,0,0,0.0,0
atanas,3,deterministic,FUGW (G+A; official),test,2022-06-14-07,55,OLLL,/home/ubuntu/klb/nuclr/nuclr/Data/Atanas_SF_unified_000776/cv5_grouped_v1/fold_3/test/train__2022-06-14-07__1c5b9cbb.npz,2023-01-16-15,1,87,8,85,URBL,URBL|IL2L|M3L|IL1L|URYVL,73,IL2L,0.25,0.1,0.01,6,0,0,0.16666666666666666,0
atanas,3,deterministic,FUGW (G+A; official),test,2022-06-14-07,56,ADEL,/home/ubuntu/klb/nuclr/nuclr/Data/Atanas_SF_unified_000776/cv5_grouped_v1/fold_3/test/train__2022-06-14-07__1c5b9cbb.npz,2023-01-16-15,1,87,74,53,FLPL,FLPL|ADEL|M5|RICL|AIZL,36,FLPL,0.25,0.1,0.01,2,0,1,0.5,0
atanas,3,deterministic,FUGW (G+A; official),test,2022-06-14-07,58,ASEL,/home/ubuntu/klb/nuclr/nuclr/Data/Atanas_SF_unified_000776/cv5_grouped_v1/fold_3/test/train__2022-06-14-07__1c5b9cbb.npz,2023-01-16-15,1,87,85,17,AWCL,AWCL|AUAL|AIZL|AVDL|ASEL,85,ASEL,0.25,0.1,0.01,5,0,1,0.2,1
atanas,3,deterministic,FUGW (G+A; official),test,2022-06-14-07,59,I1R,/home/ubuntu/klb/nuclr/nuclr/Data/Atanas_SF_unified_000776/cv5_grouped_v1/fold_3/test/train__2022-06-14-07__1c5b9cbb.npz,2023-01-16-15,1,87,82,114,URYVR,URYVR|I1R|I2R|NSMR|MCR,82,I1R,0.25,0.1,0.01,2,0,1,0.5,1
atanas,3,deterministic,FUGW (G+A; official),test,2022-06-14-07,61,RMDVR,/home/ubuntu/klb/nuclr/nuclr/Data/Atanas_SF_unified_000776/cv5_grouped_v1/fold_3/test/train__2022-06-14-07__1c5b9cbb.npz,2023-01-16-15,0,87,-1,51,AVDR,AVDR|FLPR|AUAR|AVJR|AWBR,34,AVDR,0.25,0.1,0.01,-1,0,0,0.0,0
atanas,3,deterministic,FUGW (G+A; official),test,2022-06-14-07,64,IL2L,/home/ubuntu/klb/nuclr/nuclr/Data/Atanas_SF_unified_000776/cv5_grouped_v1/fold_3/test/train__2022-06-14-07__1c5b9cbb.npz,2023-01-16-15,1,87,73,83,NSML,NSML|I2L|IL1VL|IL2L|URYVL,59,NSML,0.25,0.1,0.01,4,0,1,0.25,0
atanas,3,deterministic,FUGW (G+A; official),test,2022-06-14-07,65,NSMR,/home/ubuntu/klb/nuclr/nuclr/Data/Atanas_SF_unified_000776/cv5_grouped_v1/fold_3/test/train__2022-06-14-07__1c5b9cbb.npz,2023-01-16-15,1,87,51,114,URYVR,URYVR|NSMR|I2R|MCR|M3R,80,URYVR,0.25,0.1,0.01,2,0,1,0.5,0
atanas,3,deterministic,FUGW (G+A; official),test,2022-06-14-07,67,SMBVL,/home/ubuntu/klb/nuclr/nuclr/Data/Atanas_SF_unified_000776/cv5_grouped_v1/fold_3/test/train__2022-06-14-07__1c5b9cbb.npz,2023-01-16-15,0,87,-1,115,SIBVR,SIBVR|AVL|RIR|RIBL|RIH,81,SIBVR,0.25,0.1,0.01,-1,0,0,0.0,0
atanas,3,deterministic,FUGW (G+A; official),test,2022-06-14-07,68,RMFL,/home/ubuntu/klb/nuclr/nuclr/Data/Atanas_SF_unified_000776/cv5_grouped_v1/fold_3/test/train__2022-06-14-07__1c5b9cbb.npz,2023-01-16-15,0,87,-1,47,SMDDR,SMDDR|AIZR|RICR|AUAR|AIBR,25,RICR,0.25,0.1,0.01,-1,0,0,0.0,0
atanas,3,deterministic,FUGW (G+A; official),test,2022-06-14-07,69,AVER,/home/ubuntu/klb/nuclr/nuclr/Data/Atanas_SF_unified_000776/cv5_grouped_v1/fold_3/test/train__2022-06-14-07__1c5b9cbb.npz,2023-01-16-15,1,87,57,100,AIZR,AIZR|AUAR|AIBR|AVER|AWBR,65,AWBR,0.25,0.1,0.01,4,0,1,0.25,0
atanas,3,deterministic,FUGW (G+A; official),test,2022-06-14-07,70,AVJL,/home/ubuntu/klb/nuclr/nuclr/Data/Atanas_SF_unified_000776/cv5_grouped_v1/fold_3/test/train__2022-06-14-07__1c5b9cbb.npz,2023-01-16-15,1,87,72,62,AIZL,AIZL|AINL|AVDL|ADEL|AVJL,14,AVDL,0.25,0.1,0.01,5,0,1,0.2,0
atanas,3,deterministic,FUGW (G+A; official),test,2022-06-14-07,71,URYDL,/home/ubuntu/klb/nuclr/nuclr/Data/Atanas_SF_unified_000776/cv5_grouped_v1/fold_3/test/train__2022-06-14-07__1c5b9cbb.npz,2023-01-16-15,1,87,0,101,RMEL,RMEL|OLLL|URYDL|IL2L|IL1DL,69,RMEL,0.25,0.1,0.01,3,0,1,0.3333333333333333,0
atanas,3,deterministic,FUGW (G+A; official),test,2022-06-14-07,72,AIZL,/home/ubuntu/klb/nuclr/nuclr/Data/Atanas_SF_unified_000776/cv5_grouped_v1/fold_3/test/train__2022-06-14-07__1c5b9cbb.npz,2023-01-16-15,1,87,43,37,RICL,RICL|AUAL|AIZL|AWCL|FLPL,39,AUAL,0.25,0.1,0.01,3,0,1,0.3333333333333333,0
atanas,3,deterministic,FUGW (G+A; official),test,2022-06-14-07,73,RIAL,/home/ubuntu/klb/nuclr/nuclr/Data/Atanas_SF_unified_000776/cv5_grouped_v1/fold_3/test/train__2022-06-14-07__1c5b9cbb.npz,2023-01-16-15,0,87,-1,73,SAAVL,SAAVL|AIBL|SMDVL|URXL|RMDVL,50,SAAVL,0.25,0.1,0.01,-1,0,0,0.0,0
atanas,3,deterministic,FUGW (G+A; official),test,2022-06-14-07,74,ASIL,/home/ubuntu/klb/nuclr/nuclr/Data/Atanas_SF_unified_000776/cv5_grouped_v1/fold_3/test/train__2022-06-14-07__1c5b9cbb.npz,2023-01-16-15,0,87,-1,65,ASIR,ASIR|BAGL|RIBL|RIVL|ASGL,45,ASIR,0.25,0.1,0.01,-1,0,0,0.0,0
atanas,3,deterministic,FUGW (G+A; official),test,2022-06-14-07,75,AVAL,/home/ubuntu/klb/nuclr/nuclr/Data/Atanas_SF_unified_000776/cv5_grouped_v1/fold_3/test/train__2022-06-14-07__1c5b9cbb.npz,2023-01-16-15,1,87,35,52,AVAL,AVAL|SIBVR|BAGL|RIR|OLQVL,26,OLQVL,0.25,0.1,0.01,1,1,1,1.0,0
atanas,3,deterministic,FUGW (G+A; official),test,2022-06-14-07,77,OLQDL,/home/ubuntu/klb/nuclr/nuclr/Data/Atanas_SF_unified_000776/cv5_grouped_v1/fold_3/test/train__2022-06-14-07__1c5b9cbb.npz,2023-01-16-15,1,87,75,107,OLQDL,OLQDL|URXL|URYDL|RMEL|CEPDL,75,OLQDL,0.25,0.1,0.01,1,1,1,1.0,1
atanas,3,deterministic,FUGW (G+A; official),test,2022-06-14-07,80,URADL,/home/ubuntu/klb/nuclr/nuclr/Data/Atanas_SF_unified_000776/cv5_grouped_v1/fold_3/test/train__2022-06-14-07__1c5b9cbb.npz,2023-01-16-15,0,87,-1,16,OLLL,OLLL|IL2L|IL1DL|URBL|RMEL,8,OLLL,0.25,0.1,0.01,-1,0,0,0.0,0
atanas,3,deterministic,FUGW (G+A; official),test,2022-06-14-07,81,SMDDL,/home/ubuntu/klb/nuclr/nuclr/Data/Atanas_SF_unified_000776/cv5_grouped_v1/fold_3/test/train__2022-06-14-07__1c5b9cbb.npz,2023-01-16-15,0,87,-1,88,AVL,AVL|RIH|CEPVR|RIR|SMDDR,47,RIH,0.25,0.1,0.01,-1,0,0,0.0,0
atanas,3,deterministic,FUGW (G+A; official),test,2022-06-14-07,82,ASER,/home/ubuntu/klb/nuclr/nuclr/Data/Atanas_SF_unified_000776/cv5_grouped_v1/fold_3/test/train__2022-06-14-07__1c5b9cbb.npz,2023-01-16-15,0,87,-1,20,AUAR,AUAR|ASGR|RICR|AINR|AWAR,46,ASGR,0.25,0.1,0.01,-1,0,0,0.0,0
atanas,3,deterministic,FUGW (G+A; official),test,2022-06-14-07,83,IL2VR,/home/ubuntu/klb/nuclr/nuclr/Data/Atanas_SF_unified_000776/cv5_grouped_v1/fold_3/test/train__2022-06-14-07__1c5b9cbb.npz,2023-01-16-15,1,87,78,75,NSMR,NSMR|IL2VR|OLQVR|URYVR|IL1R,51,NSMR,0.25,0.1,0.01,2,0,1,0.5,0
atanas,3,deterministic,FUGW (G+A; official),test,2022-06-14-07,84,MCL,/home/ubuntu/klb/nuclr/nuclr/Data/Atanas_SF_unified_000776/cv5_grouped_v1/fold_3/test/train__2022-06-14-07__1c5b9cbb.npz,2023-01-16-15,1,87,15,82,I1L,I1L|I1R|IL2VL|MCL|I2R,53,I2R,0.25,0.1,0.01,4,0,1,0.25,0
atanas,3,deterministic,FUGW (G+A; official),test,2022-06-14-07,86,M3L,/home/ubuntu/klb/nuclr/nuclr/Data/Atanas_SF_unified_000776/cv5_grouped_v1/fold_3/test/train__2022-06-14-07__1c5b9cbb.npz,2023-01-16-15,1,87,70,120,IL2VL,IL2VL|MCL|MCR|I2R|I1L,56,MCR,0.25,0.1,0.01,11,0,0,0.09090909090909091,0
atanas,3,deterministic,FUGW (G+A; official),test,2022-06-14-07,88,ASGL,/home/ubuntu/klb/nuclr/nuclr/Data/Atanas_SF_unified_000776/cv5_grouped_v1/fold_3/test/train__2022-06-14-07__1c5b9cbb.npz,2023-01-16-15,1,87,44,65,ASIR,ASIR|AVAL|BAGL|ASGL|RIBL,79,BAGL,0.25,0.1,0.01,4,0,1,0.25,0
atanas,3,deterministic,FUGW (G+A; official),test,2022-06-14-07,93,I1L,/home/ubuntu/klb/nuclr/nuclr/Data/Atanas_SF_unified_000776/cv5_grouped_v1/fold_3/test/train__2022-06-14-07__1c5b9cbb.npz,2023-01-16-15,1,87,58,82,I1L,I1L|I1R|I2L|IL2VL|MCL,58,I1L,0.25,0.1,0.01,1,1,1,1.0,1
atanas,3,deterministic,FUGW (G+A; official),test,2022-06-14-07,94,AWAL,/home/ubuntu/klb/nuclr/nuclr/Data/Atanas_SF_unified_000776/cv5_grouped_v1/fold_3/test/train__2022-06-14-07__1c5b9cbb.npz,2023-01-16-15,1,87,2,50,AIBL,AIBL|AWCL|AUAL|RMDDL|RMDVL,13,AWBL,0.25,0.1,0.01,12,0,0,0.08333333333333333,0
atanas,3,deterministic,FUGW (G+A; official),test,2022-06-14-07,97,AUAL,/home/ubuntu/klb/nuclr/nuclr/Data/Atanas_SF_unified_000776/cv5_grouped_v1/fold_3/test/train__2022-06-14-07__1c5b9cbb.npz,2023-01-16-15,1,87,39,57,AUAL,AUAL|AWCL|RMDDL|RICL|SIBVR,9,AWCL,0.25,0.1,0.01,1,1,1,1.0,0
atanas,3,deterministic,FUGW (G+A; official),test,2022-06-14-07,99,NSML,/home/ubuntu/klb/nuclr/nuclr/Data/Atanas_SF_unified_000776/cv5_grouped_v1/fold_3/test/train__2022-06-14-07__1c5b9cbb.npz,2023-01-16-15,1,87,59,120,IL2VL,IL2VL|I1L|I2L|MCL|NSML,15,MCL,0.25,0.1,0.01,5,0,1,0.2,0
atanas,3,deterministic,FUGW (G+A; official),test,2022-06-14-07,100,URYVL,/home/ubuntu/klb/nuclr/nuclr/Data/Atanas_SF_unified_000776/cv5_grouped_v1/fold_3/test/train__2022-06-14-07__1c5b9cbb.npz,2023-01-16-15,1,87,23,48,IL1VL,IL1VL|M3L|URYVL|CEPVL|OLQVL,70,M3L,0.25,0.1,0.01,3,0,1,0.3333333333333333,0
atanas,3,deterministic,FUGW (G+A; official),test,2022-06-14-07,101,AIBR,/home/ubuntu/klb/nuclr/nuclr/Data/Atanas_SF_unified_000776/cv5_grouped_v1/fold_3/test/train__2022-06-14-07__1c5b9cbb.npz,2023-01-16-15,1,87,49,100,AIZR,AIZR|AUAR|RICR|AIBR|FLPR,12,AUAR,0.25,0.1,0.01,4,0,1,0.25,0
atanas,3,deterministic,FUGW (G+A; official),test,2022-06-14-07,103,ADAL,/home/ubuntu/klb/nuclr/nuclr/Data/Atanas_SF_unified_000776/cv5_grouped_v1/fold_3/test/train__2022-06-14-07__1c5b9cbb.npz,2023-01-16-15,0,87,-1,53,FLPL,FLPL|M5|ADEL|RICL|AINL,11,M5,0.25,0.1,0.01,-1,0,0,0.0,0
atanas,3,deterministic,FUGW (G+A; official),test,2022-06-14-07,104,RMDDR,/home/ubuntu/klb/nuclr/nuclr/Data/Atanas_SF_unified_000776/cv5_grouped_v1/fold_3/test/train__2022-06-14-07__1c5b9cbb.npz,2023-01-16-15,0,87,-1,47,SMDDR,SMDDR|AIZR|RICR|AUAR|AIBR,68,AIZR,0.25,0.1,0.01,-1,0,0,0.0,0
atanas,3,deterministic,FUGW (G+A; official),test,2022-06-14-07,105,ADLL,/home/ubuntu/klb/nuclr/nuclr/Data/Atanas_SF_unified_000776/cv5_grouped_v1/fold_3/test/train__2022-06-14-07__1c5b9cbb.npz,2023-01-16-15,0,87,-1,65,ASIR,ASIR|AWAL|ASGL|RIVL|I6,44,ASGL,0.25,0.1,0.01,-1,0,0,0.0,0
atanas,3,deterministic,FUGW (G+A; official),test,2022-06-14-07,106,AIBL,/home/ubuntu/klb/nuclr/nuclr/Data/Atanas_SF_unified_000776/cv5_grouped_v1/fold_3/test/train__2022-06-14-07__1c5b9cbb.npz,2023-01-16-15,1,87,33,31,RIR,RIR|SIBVR|RMDDL|RIH|AVL,19,RIR,0.25,0.1,0.01,7,0,0,0.14285714285714285,0
atanas,3,deterministic,FUGW (G+A; official),test,2022-06-14-07,107,IL1R,/home/ubuntu/klb/nuclr/nuclr/Data/Atanas_SF_unified_000776/cv5_grouped_v1/fold_3/test/train__2022-06-14-07__1c5b9cbb.npz,2023-01-16-15,1,87,10,40,URBR,URBR|OLLR|RMER|IL1R|OLQVR,10,IL1R,0.25,0.1,0.01,4,0,1,0.25,1
atanas,3,deterministic,FUGW (G+A; official),test,2022-06-14-07,108,RIVR,/home/ubuntu/klb/nuclr/nuclr/Data/Atanas_SF_unified_000776/cv5_grouped_v1/fold_3/test/train__2022-06-14-07__1c5b9cbb.npz,2023-01-16-15,1,87,20,32,RIVR,RIVR|M1|ASGR|CEPDR|URXR,62,M1,0.25,0.1,0.01,1,1,1,1.0,0
atanas,3,deterministic,FUGW (G+A; official),test,2022-06-14-07,111,RMEL,/home/ubuntu/klb/nuclr/nuclr/Data/Atanas_SF_unified_000776/cv5_grouped_v1/fold_3/test/train__2022-06-14-07__1c5b9cbb.npz,2023-01-16-15,1,87,69,36,URYVL,URYVL|URBL|IL1VL|IL1L|OLQVL,60,URBL,0.25,0.1,0.01,10,0,0,0.1,0
atanas,3,deterministic,FUGW (G+A; official),test,2022-06-14-07,116,M4,/home/ubuntu/klb/nuclr/nuclr/Data/Atanas_SF_unified_000776/cv5_grouped_v1/fold_3/test/train__2022-06-14-07__1c5b9cbb.npz,2023-01-16-15,1,87,29,44,M4,M4|I3|IL1DR|IL2DR|IL1DL,29,M4,0.25,0.1,0.01,1,1,1,1.0,1
atanas,3,deterministic,FUGW (G+A; official),test,2022-06-14-07,118,OLQVL,/home/ubuntu/klb/nuclr/nuclr/Data/Atanas_SF_unified_000776/cv5_grouped_v1/fold_3/test/train__2022-06-14-07__1c5b9cbb.npz,2023-01-16-15,1,87,26,25,CEPVL,CEPVL|IL2VR|IL1VL|IL1VR|M3R,32,IL1VL,0.25,0.1,0.01,10,0,0,0.1,0
atanas,3,deterministic,FUGW (G+A; official),test,2022-06-14-07,119,CEPVL,/home/ubuntu/klb/nuclr/nuclr/Data/Atanas_SF_unified_000776/cv5_grouped_v1/fold_3/test/train__2022-06-14-07__1c5b9cbb.npz,2023-01-16-15,1,87,16,111,IL2VR,IL2VR|IL1VR|CEPVR|OLQVR|M3R,78,IL2VR,0.25,0.1,0.01,7,0,0,0.14285714285714285,0
atanas,3,deterministic,FUGW (G+A; official),test,2022-06-14-07,120,URXL,/home/ubuntu/klb/nuclr/nuclr/Data/Atanas_SF_unified_000776/cv5_grouped_v1/fold_3/test/train__2022-06-14-07__1c5b9cbb.npz,2023-01-16-15,1,87,37,54,URXL,URXL|CEPDL|I6|URXR|SAAVL,37,URXL,0.25,0.1,0.01,1,1,1,1.0,1
atanas,3,deterministic,FUGW (G+A; official),test,2022-06-14-07,121,SAAVR,/home/ubuntu/klb/nuclr/nuclr/Data/Atanas_SF_unified_000776/cv5_grouped_v1/fold_3/test/train__2022-06-14-07__1c5b9cbb.npz,2023-01-16-15,0,87,-1,60,AWAR,AWAR|AWBR|ASGR|AUAR|AVJR,41,AWAR,0.25,0.1,0.01,-1,0,0,0.0,0
atanas,3,deterministic,FUGW (G+A; official),test,2022-06-14-07,123,AWAR,/home/ubuntu/klb/nuclr/nuclr/Data/Atanas_SF_unified_000776/cv5_grouped_v1/fold_3/test/train__2022-06-14-07__1c5b9cbb.npz,2023-01-16-15,1,87,41,28,AVJR,AVJR|AVDR|FLPR|AWAR|AWBR,18,AVJR,0.25,0.1,0.01,4,0,1,0.25,0
atanas,3,deterministic,FUGW (G+A; official),test,2022-06-14-07,124,SMDVR,/home/ubuntu/klb/nuclr/nuclr/Data/Atanas_SF_unified_000776/cv5_grouped_v1/fold_3/test/train__2022-06-14-07__1c5b9cbb.npz,2023-01-16-15,0,87,-1,118,AINR,AINR|AVJR|AVDR|FLPR|RIVR,83,AINR,0.25,0.1,0.01,-1,0,0,0.0,0
atanas,3,deterministic,FUGW (G+A; official),test,2022-06-14-07,125,SMDVL,/home/ubuntu/klb/nuclr/nuclr/Data/Atanas_SF_unified_000776/cv5_grouped_v1/fold_3/test/train__2022-06-14-07__1c5b9cbb.npz,2023-01-16-15,1,87,66,92,SMDVL,SMDVL|AWBL|SAAVL|ASGL|AWAL,66,SMDVL,0.25,0.1,0.01,1,1,1,1.0,1
atanas,3,deterministic,FUGW (G+A; official),test,2022-06-14-07,127,RMER,/home/ubuntu/klb/nuclr/nuclr/Data/Atanas_SF_unified_000776/cv5_grouped_v1/fold_3/test/train__2022-06-14-07__1c5b9cbb.npz,2023-01-16-15,1,87,52,76,RMER,RMER|URBR|OLLR|AWBR|IL1R,52,RMER,0.25,0.1,0.01,1,1,1,1.0,1
atanas,3,deterministic,FUGW (G+A; official),test,2022-06-14-07,128,SMDDR,/home/ubuntu/klb/nuclr/nuclr/Data/Atanas_SF_unified_000776/cv5_grouped_v1/fold_3/test/train__2022-06-14-07__1c5b9cbb.npz,2023-01-16-15,1,87,31,47,SMDDR,SMDDR|AIZR|AIBR|AVER|AUAR,57,AVER,0.25,0.1,0.01,1,1,1,1.0,0
atanas,3,deterministic,FUGW (G+A; official),test,2023-01-09-28,0,AVEL,/home/ubuntu/klb/nuclr/nuclr/Data/Atanas_SF_unified_000776/cv5_grouped_v1/fold_3/test/train__2023-01-09-28__5c9cf484.npz,2023-01-16-15,0,87,-1,17,AWCL,AWCL|AVAL|AUAL|AIBL|RMDVL,85,ASEL,0.25,0.1,0.01,-1,0,0,0.0,0
atanas,3,deterministic,FUGW (G+A; official),test,2023-01-09-28,2,IL1DL,/home/ubuntu/klb/nuclr/nuclr/Data/Atanas_SF_unified_000776/cv5_grouped_v1/fold_3/test/train__2023-01-09-28__5c9cf484.npz,2023-01-16-15,1,87,77,110,IL1DL,IL1DL|IL2DL|URYDL|OLLL|RMEL,77,IL1DL,0.25,0.1,0.01,1,1,1,1.0,1
atanas,3,deterministic,FUGW (G+A; official),test,2023-01-09-28,4,AVER,/home/ubuntu/klb/nuclr/nuclr/Data/Atanas_SF_unified_000776/cv5_grouped_v1/fold_3/test/train__2023-01-09-28__5c9cf484.npz,2023-01-16-15,1,87,57,81,AVER,AVER|AIBR|RMER|AWAR|AWBR,-1,,0.25,0.1,0.01,1,1,1,1.0,0
atanas,3,deterministic,FUGW (G+A; official),test,2023-01-09-28,5,AWAL,/home/ubuntu/klb/nuclr/nuclr/Data/Atanas_SF_unified_000776/cv5_grouped_v1/fold_3/test/train__2023-01-09-28__5c9cf484.npz,2023-01-16-15,1,87,2,8,CEPDL,CEPDL|SMDVL|RIVL|I6|AWAL,50,SAAVL,0.25,0.1,0.01,5,0,1,0.2,0
atanas,3,deterministic,FUGW (G+A; official),test,2023-01-09-28,6,IL2VR,/home/ubuntu/klb/nuclr/nuclr/Data/Atanas_SF_unified_000776/cv5_grouped_v1/fold_3/test/train__2023-01-09-28__5c9cf484.npz,2023-01-16-15,1,87,78,111,IL2VR,IL2VR|OLQVR|IL1VR|IL1R|M3R,78,IL2VR,0.25,0.1,0.01,1,1,1,1.0,1
atanas,3,deterministic,FUGW (G+A; official),test,2023-01-09-28,7,IL1R,/home/ubuntu/klb/nuclr/nuclr/Data/Atanas_SF_unified_000776/cv5_grouped_v1/fold_3/test/train__2023-01-09-28__5c9cf484.npz,2023-01-16-15,1,87,10,122,OLLR,OLLR|URBR|IL1R|RMER|M4,86,OLLR,0.25,0.1,0.01,3,0,1,0.3333333333333333,0
atanas,3,deterministic,FUGW (G+A; official),test,2023-01-09-28,9,ASGL,/home/ubuntu/klb/nuclr/nuclr/Data/Atanas_SF_unified_000776/cv5_grouped_v1/fold_3/test/train__2023-01-09-28__5c9cf484.npz,2023-01-16-15,1,87,44,65,ASIR,ASIR|RIVL|AWAL|ASGL|I6,45,ASIR,0.25,0.1,0.01,4,0,1,0.25,0
atanas,3,deterministic,FUGW (G+A; official),test,2023-01-09-28,11,AIZR,/home/ubuntu/klb/nuclr/nuclr/Data/Atanas_SF_unified_000776/cv5_grouped_v1/fold_3/test/train__2023-01-09-28__5c9cf484.npz,2023-01-16-15,1,87,68,28,AVJR,AVJR|AWAR|AWBR|AIZR|ASGR,-1,,0.25,0.1,0.01,4,0,1,0.25,0
atanas,3,deterministic,FUGW (G+A; official),test,2023-01-09-28,12,VB02,/home/ubuntu/klb/nuclr/nuclr/Data/Atanas_SF_unified_000776/cv5_grouped_v1/fold_3/test/train__2023-01-09-28__5c9cf484.npz,2023-01-16-15,0,87,-1,47,SMDDR,SMDDR|AVL|SIBVR|RIR|RIH,-1,,0.25,0.1,0.01,-1,0,0,0.0,0
atanas,3,deterministic,FUGW (G+A; official),test,2023-01-09-28,13,ASGR,/home/ubuntu/klb/nuclr/nuclr/Data/Atanas_SF_unified_000776/cv5_grouped_v1/fold_3/test/train__2023-01-09-28__5c9cf484.npz,2023-01-16-15,1,87,46,32,RIVR,RIVR|CEPDR|ASGR|URXR|M1,20,RIVR,0.25,0.1,0.01,3,0,1,0.3333333333333333,0
atanas,3,deterministic,FUGW (G+A; official),test,2023-01-09-28,14,CEPDL,/home/ubuntu/klb/nuclr/nuclr/Data/Atanas_SF_unified_000776/cv5_grouped_v1/fold_3/test/train__2023-01-09-28__5c9cf484.npz,2023-01-16-15,1,87,3,8,CEPDL,CEPDL|SMDVL|RIVL|M5|I6,66,SMDVL,0.25,0.1,0.01,1,1,1,1.0,0
atanas,3,deterministic,FUGW (G+A; official),test,2023-01-09-28,16,I6,/home/ubuntu/klb/nuclr/nuclr/Data/Atanas_SF_unified_000776/cv5_grouped_v1/fold_3/test/train__2023-01-09-28__5c9cf484.npz,2023-01-16-15,1,87,4,19,M5,M5|FLPL|I6|ADEL|AINL,11,M5,0.25,0.1,0.01,3,0,1,0.3333333333333333,0
atanas,3,deterministic,FUGW (G+A; official),test,2023-01-09-28,18,AVDL,/home/ubuntu/klb/nuclr/nuclr/Data/Atanas_SF_unified_000776/cv5_grouped_v1/fold_3/test/train__2023-01-09-28__5c9cf484.npz,2023-01-16-15,1,87,14,104,AVJL,AVJL|AINL|RIVL|AVDL|M5,72,AVJL,0.25,0.1,0.01,4,0,1,0.25,0
atanas,3,deterministic,FUGW (G+A; official),test,2023-01-09-28,19,MCR,/home/ubuntu/klb/nuclr/nuclr/Data/Atanas_SF_unified_000776/cv5_grouped_v1/fold_3/test/train__2023-01-09-28__5c9cf484.npz,2023-01-16-15,1,87,56,114,URYVR,URYVR|I2R|NSMR|MCR|I1R,53,I2R,0.25,0.1,0.01,4,0,1,0.25,0
atanas,3,deterministic,FUGW (G+A; official),test,2023-01-09-28,20,MCL,/home/ubuntu/klb/nuclr/nuclr/Data/Atanas_SF_unified_000776/cv5_grouped_v1/fold_3/test/train__2023-01-09-28__5c9cf484.npz,2023-01-16-15,1,87,15,116,I1R,I1R|MCL|MCR|I1L|I2R,82,I1R,0.25,0.1,0.01,2,0,1,0.5,0
atanas,3,deterministic,FUGW (G+A; official),test,2023-01-09-28,21,OLQDL,/home/ubuntu/klb/nuclr/nuclr/Data/Atanas_SF_unified_000776/cv5_grouped_v1/fold_3/test/train__2023-01-09-28__5c9cf484.npz,2023-01-16-15,1,87,75,107,OLQDL,OLQDL|URYDL|IL1DL|URXL|RMEL,75,OLQDL,0.25,0.1,0.01,1,1,1,1.0,1
atanas,3,deterministic,FUGW (G+A; official),test,2023-01-09-28,22,AVKR,/home/ubuntu/klb/nuclr/nuclr/Data/Atanas_SF_unified_000776/cv5_grouped_v1/fold_3/test/train__2023-01-09-28__5c9cf484.npz,2023-01-16-15,0,87,-1,47,SMDDR,SMDDR|AUAR|RICR|AIZR|AIBR,-1,,0.25,0.1,0.01,-1,0,0,0.0,0
atanas,3,deterministic,FUGW (G+A; official),test,2023-01-09-28,24,I2L,/home/ubuntu/klb/nuclr/nuclr/Data/Atanas_SF_unified_000776/cv5_grouped_v1/fold_3/test/train__2023-01-09-28__5c9cf484.npz,2023-01-16-15,1,87,6,11,I2L,I2L|NSML|I1L|IL1VL|MCL,59,NSML,0.25,0.1,0.01,1,1,1,1.0,0
atanas,3,deterministic,FUGW (G+A; official),test,2023-01-09-28,25,AWCR,/home/ubuntu/klb/nuclr/nuclr/Data/Atanas_SF_unified_000776/cv5_grouped_v1/fold_3/test/train__2023-01-09-28__5c9cf484.npz,2023-01-16-15,0,87,-1,51,AVDR,AVDR|AVJR|AINR|FLPR|AUAR,18,AVJR,0.25,0.1,0.01,-1,0,0,0.0,0
atanas,3,deterministic,FUGW (G+A; official),test,2023-01-09-28,26,MI,/home/ubuntu/klb/nuclr/nuclr/Data/Atanas_SF_unified_000776/cv5_grouped_v1/fold_3/test/train__2023-01-09-28__5c9cf484.npz,2023-01-16-15,0,87,-1,12,IL2DL,IL2DL|M4|IL1DL|I3|M3L,29,M4,0.25,0.1,0.01,-1,0,0,0.0,0
atanas,3,deterministic,FUGW (G+A; official),test,2023-01-09-28,27,RMDDR,/home/ubuntu/klb/nuclr/nuclr/Data/Atanas_SF_unified_000776/cv5_grouped_v1/fold_3/test/train__2023-01-09-28__5c9cf484.npz,2023-01-16-15,0,87,-1,10,CEPVR,CEPVR|RIH|AVL|AVER|AIBR,5,CEPVR,0.25,0.1,0.01,-1,0,0,0.0,0
atanas,3,deterministic,FUGW (G+A; official),test,2023-01-09-28,28,AVJR,/home/ubuntu/klb/nuclr/nuclr/Data/Atanas_SF_unified_000776/cv5_grouped_v1/fold_3/test/train__2023-01-09-28__5c9cf484.npz,2023-01-16-15,1,87,18,35,CEPDR,CEPDR|RIVR|M1|URXR|ASGR,28,URXR,0.25,0.1,0.01,7,0,0,0.14285714285714285,0
atanas,3,deterministic,FUGW (G+A; official),test,2023-01-09-28,29,ADLL,/home/ubuntu/klb/nuclr/nuclr/Data/Atanas_SF_unified_000776/cv5_grouped_v1/fold_3/test/train__2023-01-09-28__5c9cf484.npz,2023-01-16-15,0,87,-1,9,I6,I6|CEPDL|RID|URXL|RIVL,37,URXL,0.25,0.1,0.01,-1,0,0,0.0,0
atanas,3,deterministic,FUGW (G+A; official),test,2023-01-09-28,30,CEPVL,/home/ubuntu/klb/nuclr/nuclr/Data/Atanas_SF_unified_000776/cv5_grouped_v1/fold_3/test/train__2023-01-09-28__5c9cf484.npz,2023-01-16-15,1,87,16,36,URYVL,URYVL|OLQVL|CEPVL|IL1L|URBL,23,URYVL,0.25,0.1,0.01,3,0,1,0.3333333333333333,0
atanas,3,deterministic,FUGW (G+A; official),test,2023-01-09-28,32,AIMR,/home/ubuntu/klb/nuclr/nuclr/Data/Atanas_SF_unified_000776/cv5_grouped_v1/fold_3/test/train__2023-01-09-28__5c9cf484.npz,2023-01-16-15,0,87,-1,47,SMDDR,SMDDR|AIZR|AIBR|RICR|AVL,31,SMDDR,0.25,0.1,0.01,-1,0,0,0.0,0
atanas,3,deterministic,FUGW (G+A; official),test,2023-01-09-28,33,RICL,/home/ubuntu/klb/nuclr/nuclr/Data/Atanas_SF_unified_000776/cv5_grouped_v1/fold_3/test/train__2023-01-09-28__5c9cf484.npz,2023-01-16-15,1,87,24,37,RICL,RICL|AUAL|FLPL|AIZL|SIBVR,39,AUAL,0.25,0.1,0.01,1,1,1,1.0,0
atanas,3,deterministic,FUGW (G+A; official),test,2023-01-09-28,35,RMDDL,/home/ubuntu/klb/nuclr/nuclr/Data/Atanas_SF_unified_000776/cv5_grouped_v1/fold_3/test/train__2023-01-09-28__5c9cf484.npz,2023-01-16-15,1,87,42,61,RMDDL,RMDDL|RIR|RIH|CEPVL|AIBL,16,CEPVL,0.25,0.1,0.01,1,1,1,1.0,0
atanas,3,deterministic,FUGW (G+A; official),test,2023-01-09-28,37,SMBVR,/home/ubuntu/klb/nuclr/nuclr/Data/Atanas_SF_unified_000776/cv5_grouped_v1/fold_3/test/train__2023-01-09-28__5c9cf484.npz,2023-01-16-15,0,87,-1,88,AVL,AVL|SMDDR|RIH|AIBR|AIZR,63,AVL,0.25,0.1,0.01,-1,0,0,0.0,0
atanas,3,deterministic,FUGW (G+A; official),test,2023-01-09-28,38,FLPL,/home/ubuntu/klb/nuclr/nuclr/Data/Atanas_SF_unified_000776/cv5_grouped_v1/fold_3/test/train__2023-01-09-28__5c9cf484.npz,2023-01-16-15,1,87,36,106,ADEL,ADEL|AIZL|FLPL|AINL|RICL,43,AIZL,0.25,0.1,0.01,3,0,1,0.3333333333333333,0
atanas,3,deterministic,FUGW (G+A; official),test,2023-01-09-28,44,ADAR,/home/ubuntu/klb/nuclr/nuclr/Data/Atanas_SF_unified_000776/cv5_grouped_v1/fold_3/test/train__2023-01-09-28__5c9cf484.npz,2023-01-16-15,0,87,-1,38,RICR,RICR|FLPR|AVDR|AUAR|AINR,25,RICR,0.25,0.1,0.01,-1,0,0,0.0,0
atanas,3,deterministic,FUGW (G+A; official),test,2023-01-09-28,46,URXL,/home/ubuntu/klb/nuclr/nuclr/Data/Atanas_SF_unified_000776/cv5_grouped_v1/fold_3/test/train__2023-01-09-28__5c9cf484.npz,2023-01-16-15,1,87,37,8,CEPDL,CEPDL|URXL|I6|OLQDL|SMDVL,3,CEPDL,0.25,0.1,0.01,2,0,1,0.5,0
atanas,3,deterministic,FUGW (G+A; official),test,2023-01-09-28,48,RIAL,/home/ubuntu/klb/nuclr/nuclr/Data/Atanas_SF_unified_000776/cv5_grouped_v1/fold_3/test/train__2023-01-09-28__5c9cf484.npz,2023-01-16-15,0,87,-1,8,CEPDL,CEPDL|SMDVL|SAAVL|URXL|AWBL,69,RMEL,0.25,0.1,0.01,-1,0,0,0.0,0
atanas,3,deterministic,FUGW (G+A; official),test,2023-01-09-28,49,URADL,/home/ubuntu/klb/nuclr/nuclr/Data/Atanas_SF_unified_000776/cv5_grouped_v1/fold_3/test/train__2023-01-09-28__5c9cf484.npz,2023-01-16-15,0,87,-1,12,IL2DL,IL2DL|IL1DL|OLLL|IL2L|URYDL,8,OLLL,0.25,0.1,0.01,-1,0,0,0.0,0
atanas,3,deterministic,FUGW (G+A; official),test,2023-01-09-28,51,IL2L,/home/ubuntu/klb/nuclr/nuclr/Data/Atanas_SF_unified_000776/cv5_grouped_v1/fold_3/test/train__2023-01-09-28__5c9cf484.npz,2023-01-16-15,1,87,73,83,NSML,NSML|IL2L|I2L|URYVL|M3L,73,IL2L,0.25,0.1,0.01,2,0,1,0.5,1
atanas,3,deterministic,FUGW (G+A; official),test,2023-01-09-28,52,AIML,/home/ubuntu/klb/nuclr/nuclr/Data/Atanas_SF_unified_000776/cv5_grouped_v1/fold_3/test/train__2023-01-09-28__5c9cf484.npz,2023-01-16-15,0,87,-1,61,RMDDL,RMDDL|SIBVR|RIR|AUAL|RIH,42,RMDDL,0.25,0.1,0.01,-1,0,0,0.0,0
atanas,3,deterministic,FUGW (G+A; official),test,2023-01-09-28,53,ADER,/home/ubuntu/klb/nuclr/nuclr/Data/Atanas_SF_unified_000776/cv5_grouped_v1/fold_3/test/train__2023-01-09-28__5c9cf484.npz,2023-01-16-15,0,87,-1,79,FLPR,FLPR|RICR|AVDR|AUAR|AINR,55,FLPR,0.25,0.1,0.01,-1,0,0,0.0,0
atanas,3,deterministic,FUGW (G+A; official),test,2023-01-09-28,56,IL2R,/home/ubuntu/klb/nuclr/nuclr/Data/Atanas_SF_unified_000776/cv5_grouped_v1/fold_3/test/train__2023-01-09-28__5c9cf484.npz,2023-01-16-15,0,87,-1,18,IL1R,IL1R|URBR|M4|NSMR|OLLR,10,IL1R,0.25,0.1,0.01,-1,0,0,0.0,0
atanas,3,deterministic,FUGW (G+A; official),test,2023-01-09-28,57,RMDR,/home/ubuntu/klb/nuclr/nuclr/Data/Atanas_SF_unified_000776/cv5_grouped_v1/fold_3/test/train__2023-01-09-28__5c9cf484.npz,2023-01-16-15,0,87,-1,91,AWBR,AWBR|RMER|AWAR|AVER|AIBR,-1,,0.25,0.1,0.01,-1,0,0,0.0,0
atanas,3,deterministic,FUGW (G+A; official),test,2023-01-09-28,58,RMER,/home/ubuntu/klb/nuclr/nuclr/Data/Atanas_SF_unified_000776/cv5_grouped_v1/fold_3/test/train__2023-01-09-28__5c9cf484.npz,2023-01-16-15,1,87,52,76,RMER,RMER|URBR|OLLR|OLQVR|IL1R,52,RMER,0.25,0.1,0.01,1,1,1,1.0,1
atanas,3,deterministic,FUGW (G+A; official),test,2023-01-09-28,59,RID,/home/ubuntu/klb/nuclr/nuclr/Data/Atanas_SF_unified_000776/cv5_grouped_v1/fold_3/test/train__2023-01-09-28__5c9cf484.npz,2023-01-16-15,1,87,61,86,RID,RID|RIBL|BAGL|ASIR|OLQDL,61,RID,0.25,0.1,0.01,1,1,1,1.0,1
atanas,3,deterministic,FUGW (G+A; official),test,2023-01-09-28,61,M3L,/home/ubuntu/klb/nuclr/nuclr/Data/Atanas_SF_unified_000776/cv5_grouped_v1/fold_3/test/train__2023-01-09-28__5c9cf484.npz,2023-01-16-15,1,87,70,48,IL1VL,IL1VL|M3L|MCL|URYVL|NSML,70,M3L,0.25,0.1,0.01,2,0,1,0.5,1
atanas,3,deterministic,FUGW (G+A; official),test,2023-01-09-28,63,M1,/home/ubuntu/klb/nuclr/nuclr/Data/Atanas_SF_unified_000776/cv5_grouped_v1/fold_3/test/train__2023-01-09-28__5c9cf484.npz,2023-01-16-15,1,87,62,87,M1,M1|RIVR|CEPDR|URXR|ASGR,62,M1,0.25,0.1,0.01,1,1,1,1.0,1
atanas,3,deterministic,FUGW (G+A; official),test,2023-01-09-28,66,I1L,/home/ubuntu/klb/nuclr/nuclr/Data/Atanas_SF_unified_000776/cv5_grouped_v1/fold_3/test/train__2023-01-09-28__5c9cf484.npz,2023-01-16-15,1,87,58,82,I1L,I1L|IL2VL|I1R|I2L|MCL,58,I1L,0.25,0.1,0.01,1,1,1,1.0,1
atanas,3,deterministic,FUGW (G+A; official),test,2023-01-09-28,67,AWCL,/home/ubuntu/klb/nuclr/nuclr/Data/Atanas_SF_unified_000776/cv5_grouped_v1/fold_3/test/train__2023-01-09-28__5c9cf484.npz,2023-01-16-15,1,87,9,17,AWCL,AWCL|AUAL|RMDDL|AIBL|RMDVL,9,AWCL,0.25,0.1,0.01,1,1,1,1.0,1
atanas,3,deterministic,FUGW (G+A; official),test,2023-01-09-28,68,IL2VL,/home/ubuntu/klb/nuclr/nuclr/Data/Atanas_SF_unified_000776/cv5_grouped_v1/fold_3/test/train__2023-01-09-28__5c9cf484.npz,2023-01-16-15,1,87,84,120,IL2VL,IL2VL|I1L|I1R|I2L|URYVR,84,IL2VL,0.25,0.1,0.01,1,1,1,1.0,1
atanas,3,deterministic,FUGW (G+A; official),test,2023-01-09-28,69,AVDR,/home/ubuntu/klb/nuclr/nuclr/Data/Atanas_SF_unified_000776/cv5_grouped_v1/fold_3/test/train__2023-01-09-28__5c9cf484.npz,2023-01-16-15,1,87,34,35,CEPDR,CEPDR|RIVR|AVJR|AINR|ASGR,-1,,0.25,0.1,0.01,10,0,0,0.1,0
atanas,3,deterministic,FUGW (G+A; official),test,2023-01-09-28,71,ADEL,/home/ubuntu/klb/nuclr/nuclr/Data/Atanas_SF_unified_000776/cv5_grouped_v1/fold_3/test/train__2023-01-09-28__5c9cf484.npz,2023-01-16-15,1,87,74,19,M5,M5|AINL|ADEL|AVJL|AVDL,64,AINL,0.25,0.1,0.01,3,0,1,0.3333333333333333,0
atanas,3,deterministic,FUGW (G+A; official),test,2023-01-09-28,74,AINR,/home/ubuntu/klb/nuclr/nuclr/Data/Atanas_SF_unified_000776/cv5_grouped_v1/fold_3/test/train__2023-01-09-28__5c9cf484.npz,2023-01-16-15,1,87,83,32,RIVR,RIVR|M1|CEPDR|AINR|ASGR,83,AINR,0.25,0.1,0.01,4,0,1,0.25,1
atanas,3,deterministic,FUGW (G+A; official),test,2023-01-09-28,76,AWBL,/home/ubuntu/klb/nuclr/nuclr/Data/Atanas_SF_unified_000776/cv5_grouped_v1/fold_3/test/train__2023-01-09-28__5c9cf484.npz,2023-01-16-15,1,87,13,104,AVJL,AVJL|AWBL|AVDL|ASEL|SMDVL,14,AVDL,0.25,0.1,0.01,2,0,1,0.5,0
atanas,3,deterministic,FUGW (G+A; official),test,2023-01-09-28,79,M5,/home/ubuntu/klb/nuclr/nuclr/Data/Atanas_SF_unified_000776/cv5_grouped_v1/fold_3/test/train__2023-01-09-28__5c9cf484.npz,2023-01-16-15,1,87,11,19,M5,M5|ADEL|FLPL|AINL|AIZL,74,ADEL,0.25,0.1,0.01,1,1,1,1.0,0
atanas,3,deterministic,FUGW (G+A; official),test,2023-01-09-28,80,I2R,/home/ubuntu/klb/nuclr/nuclr/Data/Atanas_SF_unified_000776/cv5_grouped_v1/fold_3/test/train__2023-01-09-28__5c9cf484.npz,2023-01-16-15,1,87,53,114,URYVR,URYVR|NSMR|I2R|MCR|I1R,80,URYVR,0.25,0.1,0.01,3,0,1,0.3333333333333333,0
atanas,3,deterministic,FUGW (G+A; official),test,2023-01-09-28,81,RIMR,/home/ubuntu/klb/nuclr/nuclr/Data/Atanas_SF_unified_000776/cv5_grouped_v1/fold_3/test/train__2023-01-09-28__5c9cf484.npz,2023-01-16-15,0,87,-1,72,AIBR,AIBR|AWAR|AVL|AVER|RIH,49,AIBR,0.25,0.1,0.01,-1,0,0,0.0,0
atanas,3,deterministic,FUGW (G+A; official),test,2023-01-09-28,82,OLQDR,/home/ubuntu/klb/nuclr/nuclr/Data/Atanas_SF_unified_000776/cv5_grouped_v1/fold_3/test/train__2023-01-09-28__5c9cf484.npz,2023-01-16-15,1,87,1,3,OLQDR,OLQDR|IL1DR|IL2DR|URXR|RID,1,OLQDR,0.25,0.1,0.01,1,1,1,1.0,1
atanas,3,deterministic,FUGW (G+A; official),test,2023-01-09-28,84,AIBR,/home/ubuntu/klb/nuclr/nuclr/Data/Atanas_SF_unified_000776/cv5_grouped_v1/fold_3/test/train__2023-01-09-28__5c9cf484.npz,2023-01-16-15,1,87,49,81,AVER,AVER|AIBR|AWAR|AWBR|RMER,57,AVER,0.25,0.1,0.01,2,0,1,0.5,0
atanas,3,deterministic,FUGW (G+A; official),test,2023-01-09-28,85,URYVR,/home/ubuntu/klb/nuclr/nuclr/Data/Atanas_SF_unified_000776/cv5_grouped_v1/fold_3/test/train__2023-01-09-28__5c9cf484.npz,2023-01-16-15,1,87,80,55,OLQVR,OLQVR|IL1R|URBR|RMER|IL1VR,27,URBR,0.25,0.1,0.01,25,0,0,0.04,0
atanas,3,deterministic,FUGW (G+A; official),test,2023-01-09-28,87,BAGL,/home/ubuntu/klb/nuclr/nuclr/Data/Atanas_SF_unified_000776/cv5_grouped_v1/fold_3/test/train__2023-01-09-28__5c9cf484.npz,2023-01-16-15,1,87,79,113,BAGL,BAGL|RIBL|AVAL|ASIR|OLQVL,79,BAGL,0.25,0.1,0.01,1,1,1,1.0,1
atanas,3,deterministic,FUGW (G+A; official),test,2023-01-09-28,88,AQR,/home/ubuntu/klb/nuclr/nuclr/Data/Atanas_SF_unified_000776/cv5_grouped_v1/fold_3/test/train__2023-01-09-28__5c9cf484.npz,2023-01-16-15,0,87,-1,38,RICR,RICR|FLPR|AUAR|AVDR|AIZR,12,AUAR,0.25,0.1,0.01,-1,0,0,0.0,0
atanas,3,deterministic,FUGW (G+A; official),test,2023-01-09-28,89,IL2DL,/home/ubuntu/klb/nuclr/nuclr/Data/Atanas_SF_unified_000776/cv5_grouped_v1/fold_3/test/train__2023-01-09-28__5c9cf484.npz,2023-01-16-15,1,87,7,12,IL2DL,IL2DL|M3L|NSML|IL2L|MCL,7,IL2DL,0.25,0.1,0.01,1,1,1,1.0,1
atanas,3,deterministic,FUGW (G+A; official),test,2023-01-09-28,90,I3,/home/ubuntu/klb/nuclr/nuclr/Data/Atanas_SF_unified_000776/cv5_grouped_v1/fold_3/test/train__2023-01-09-28__5c9cf484.npz,2023-01-16-15,1,87,40,58,I3,I3|IL2DL|M4|IL2DR|IL1DL,56,MCR,0.25,0.1,0.01,1,1,1,1.0,0
atanas,3,deterministic,FUGW (G+A; official),test,2023-01-09-28,91,URYVL,/home/ubuntu/klb/nuclr/nuclr/Data/Atanas_SF_unified_000776/cv5_grouped_v1/fold_3/test/train__2023-01-09-28__5c9cf484.npz,2023-01-16-15,1,87,23,120,IL2VL,IL2VL|I1L|I2L|NSML|MCL,6,I2L,0.25,0.1,0.01,11,0,0,0.09090909090909091,0
atanas,3,deterministic,FUGW (G+A; official),test,2023-01-09-28,92,RMGL,/home/ubuntu/klb/nuclr/nuclr/Data/Atanas_SF_unified_000776/cv5_grouped_v1/fold_3/test/train__2023-01-09-28__5c9cf484.npz,2023-01-16-15,0,87,-1,53,FLPL,FLPL|RICL|ADEL|AIZL|AINL,36,FLPL,0.25,0.1,0.01,-1,0,0,0.0,0
atanas,3,deterministic,FUGW (G+A; official),test,2023-01-09-28,93,NSML,/home/ubuntu/klb/nuclr/nuclr/Data/Atanas_SF_unified_000776/cv5_grouped_v1/fold_3/test/train__2023-01-09-28__5c9cf484.npz,2023-01-16-15,1,87,59,48,IL1VL,IL1VL|MCL|NSML|I2L|I1L,15,MCL,0.25,0.1,0.01,3,0,1,0.3333333333333333,0
atanas,3,deterministic,FUGW (G+A; official),test,2023-01-09-28,98,OLLR,/home/ubuntu/klb/nuclr/nuclr/Data/Atanas_SF_unified_000776/cv5_grouped_v1/fold_3/test/train__2023-01-09-28__5c9cf484.npz,2023-01-16-15,1,87,86,33,IL2DR,IL2DR|IL1DR|I3|OLLR|OLQDR,21,IL2DR,0.25,0.1,0.01,4,0,1,0.25,0
atanas,3,deterministic,FUGW (G+A; official),test,2023-01-09-28,99,M3R,/home/ubuntu/klb/nuclr/nuclr/Data/Atanas_SF_unified_000776/cv5_grouped_v1/fold_3/test/train__2023-01-09-28__5c9cf484.npz,2023-01-16-15,1,87,54,78,M3R,M3R|IL2VR|NSMR|MCR|IL1R,54,M3R,0.25,0.1,0.01,1,1,1,1.0,1
atanas,3,deterministic,FUGW (G+A; official),test,2023-01-09-28,102,URAVL,/home/ubuntu/klb/nuclr/nuclr/Data/Atanas_SF_unified_000776/cv5_grouped_v1/fold_3/test/train__2023-01-09-28__5c9cf484.npz,2023-01-16-15,0,87,-1,120,IL2VL,IL2VL|I1L|I2L|IL1VL|NSML,32,IL1VL,0.25,0.1,0.01,-1,0,0,0.0,0
atanas,3,deterministic,FUGW (G+A; official),test,2023-01-09-28,103,CEPVR,/home/ubuntu/klb/nuclr/nuclr/Data/Atanas_SF_unified_000776/cv5_grouped_v1/fold_3/test/train__2023-01-09-28__5c9cf484.npz,2023-01-16-15,1,87,5,103,IL1VR,IL1VR|CEPVR|IL2VR|OLQVR|IL1R,71,IL1VR,0.25,0.1,0.01,2,0,1,0.5,0
atanas,3,deterministic,FUGW (G+A; official),test,2023-01-09-28,106,IL1DR,/home/ubuntu/klb/nuclr/nuclr/Data/Atanas_SF_unified_000776/cv5_grouped_v1/fold_3/test/train__2023-01-09-28__5c9cf484.npz,2023-01-16-15,1,87,48,33,IL2DR,IL2DR|IL1DR|OLQDR|I3|M4,48,IL1DR,0.25,0.1,0.01,2,0,1,0.5,1
atanas,3,deterministic,FUGW (G+A; official),test,2023-01-09-28,107,M4,/home/ubuntu/klb/nuclr/nuclr/Data/Atanas_SF_unified_000776/cv5_grouped_v1/fold_3/test/train__2023-01-09-28__5c9cf484.npz,2023-01-16-15,1,87,29,58,I3,I3|M4|IL2DR|IL1DL|IL1DR,40,I3,0.25,0.1,0.01,2,0,1,0.5,0
atanas,3,deterministic,FUGW (G+A; official),test,2023-01-09-28,109,OLQVL,/home/ubuntu/klb/nuclr/nuclr/Data/Atanas_SF_unified_000776/cv5_grouped_v1/fold_3/test/train__2023-01-09-28__5c9cf484.npz,2023-01-16-15,1,87,26,39,OLQVL,OLQVL|URYVL|IL1L|URBL|IL2L,26,OLQVL,0.25,0.1,0.01,1,1,1,1.0,1
atanas,3,deterministic,FUGW (G+A; official),test,2023-01-09-28,110,AVAL,/home/ubuntu/klb/nuclr/nuclr/Data/Atanas_SF_unified_000776/cv5_grouped_v1/fold_3/test/train__2023-01-09-28__5c9cf484.npz,2023-01-16-15,1,87,35,52,AVAL,AVAL|ASIR|AWAL|ASGL|AWBL,2,AWAL,0.25,0.1,0.01,1,1,1,1.0,0
atanas,3,deterministic,FUGW (G+A; official),test,2023-01-09-28,111,NSMR,/home/ubuntu/klb/nuclr/nuclr/Data/Atanas_SF_unified_000776/cv5_grouped_v1/fold_3/test/train__2023-01-09-28__5c9cf484.npz,2023-01-16-15,1,87,51,75,NSMR,NSMR|URYVR|I2R|MCR|M3R,51,NSMR,0.25,0.1,0.01,1,1,1,1.0,1
atanas,3,deterministic,FUGW (G+A; official),test,2023-01-09-28,113,IL1VR,/home/ubuntu/klb/nuclr/nuclr/Data/Atanas_SF_unified_000776/cv5_grouped_v1/fold_3/test/train__2023-01-09-28__5c9cf484.npz,2023-01-16-15,1,87,71,55,OLQVR,OLQVR|IL1VR|IL2VR|IL1R|CEPVR,38,OLQVR,0.25,0.1,0.01,2,0,1,0.5,0
atanas,3,deterministic,FUGW (G+A; official),test,2023-01-09-28,115,SMDVL,/home/ubuntu/klb/nuclr/nuclr/Data/Atanas_SF_unified_000776/cv5_grouped_v1/fold_3/test/train__2023-01-09-28__5c9cf484.npz,2023-01-16-15,1,87,66,26,RIVL,RIVL|SMDVL|CEPDL|ASIR|AWAL,17,RIVL,0.25,0.1,0.01,2,0,1,0.5,0
atanas,3,deterministic,FUGW (G+A; official),test,2023-01-09-28,116,AIBL,/home/ubuntu/klb/nuclr/nuclr/Data/Atanas_SF_unified_000776/cv5_grouped_v1/fold_3/test/train__2023-01-09-28__5c9cf484.npz,2023-01-16-15,1,87,33,52,AVAL,AVAL|ASIR|AWAL|ASGL|AIBL,35,AVAL,0.25,0.1,0.01,5,0,1,0.2,0
atanas,3,deterministic,FUGW (G+A; official),test,2023-01-09-28,117,RIH,/home/ubuntu/klb/nuclr/nuclr/Data/Atanas_SF_unified_000776/cv5_grouped_v1/fold_3/test/train__2023-01-09-28__5c9cf484.npz,2023-01-16-15,1,87,47,88,AVL,AVL|RIH|CEPVR|RIR|SIBVR,47,RIH,0.25,0.1,0.01,2,0,1,0.5,1
atanas,3,deterministic,FUGW (G+A; official),test,2023-01-09-28,118,ASHL,/home/ubuntu/klb/nuclr/nuclr/Data/Atanas_SF_unified_000776/cv5_grouped_v1/fold_3/test/train__2023-01-09-28__5c9cf484.npz,2023-01-16-15,0,87,-1,52,AVAL,AVAL|ASIR|ASGL|AWAL|ASEL,44,ASGL,0.25,0.1,0.01,-1,0,0,0.0,0
atanas,3,deterministic,FUGW (G+A; official),test,2023-01-09-28,120,ASER,/home/ubuntu/klb/nuclr/nuclr/Data/Atanas_SF_unified_000776/cv5_grouped_v1/fold_3/test/train__2023-01-09-28__5c9cf484.npz,2023-01-16-15,0,87,-1,66,ASGR,ASGR|AINR|AWAR|AVJR|AWBR,46,ASGR,0.25,0.1,0.01,-1,0,0,0.0,0
atanas,3,deterministic,FUGW (G+A; official),test,2023-01-09-28,126,RMDVR,/home/ubuntu/klb/nuclr/nuclr/Data/Atanas_SF_unified_000776/cv5_grouped_v1/fold_3/test/train__2023-01-09-28__5c9cf484.npz,2023-01-16-15,0,87,-1,91,AWBR,AWBR|AVJR|RMER|OLLR|ASGR,65,AWBR,0.25,0.1,0.01,-1,0,0,0.0,0
atanas,3,deterministic,FUGW (G+A; official),test,2023-01-09-28,127,SMDVR,/home/ubuntu/klb/nuclr/nuclr/Data/Atanas_SF_unified_000776/cv5_grouped_v1/fold_3/test/train__2023-01-09-28__5c9cf484.npz,2023-01-16-15,0,87,-1,35,CEPDR,CEPDR|RIVR|M1|URXR|ASGR,22,CEPDR,0.25,0.1,0.01,-1,0,0,0.0,0
atanas,3,deterministic,FUGW (G+A; official),test,2023-01-09-28,128,ADAL,/home/ubuntu/klb/nuclr/nuclr/Data/Atanas_SF_unified_000776/cv5_grouped_v1/fold_3/test/train__2023-01-09-28__5c9cf484.npz,2023-01-16-15,0,87,-1,37,RICL,RICL|FLPL|ADEL|AIZL|AUAL,24,RICL,0.25,0.1,0.01,-1,0,0,0.0,0
atanas,3,deterministic,FUGW (G+A; official),test,2023-01-09-28,129,RIML,/home/ubuntu/klb/nuclr/nuclr/Data/Atanas_SF_unified_000776/cv5_grouped_v1/fold_3/test/train__2023-01-09-28__5c9cf484.npz,2023-01-16-15,0,87,-1,46,RIBL,RIBL|SIBVR|RIR|AVAL|AIBL,30,RIBL,0.25,0.1,0.01,-1,0,0,0.0,0
atanas,3,deterministic,FUGW (G+A; official),test,2023-01-09-28,133,RICR,/home/ubuntu/klb/nuclr/nuclr/Data/Atanas_SF_unified_000776/cv5_grouped_v1/fold_3/test/train__2023-01-09-28__5c9cf484.npz,2023-01-16-15,1,87,25,100,AIZR,AIZR|AIBR|SMDDR|AUAR|AWAR,68,AIZR,0.25,0.1,0.01,7,0,0,0.14285714285714285,0
atanas,3,deterministic,FUGW (G+A; official),test,2023-01-09-28,134,OLLL,/home/ubuntu/klb/nuclr/nuclr/Data/Atanas_SF_unified_000776/cv5_grouped_v1/fold_3/test/train__2023-01-09-28__5c9cf484.npz,2023-01-16-15,1,87,8,105,IL2L,IL2L|IL1L|URBL|OLLL|URYVL,60,URBL,0.25,0.1,0.01,4,0,1,0.25,0
atanas,3,deterministic,FUGW (G+A; official),test,2023-01-09-28,135,RMEL,/home/ubuntu/klb/nuclr/nuclr/Data/Atanas_SF_unified_000776/cv5_grouped_v1/fold_3/test/train__2023-01-09-28__5c9cf484.npz,2023-01-16-15,1,87,69,98,IL1L,IL1L|IL2L|OLLL|URBL|RMEL,67,IL1L,0.25,0.1,0.01,5,0,1,0.2,0
atanas,3,deterministic,FUGW (G+A; official),test,2023-01-09-28,136,RMDVL,/home/ubuntu/klb/nuclr/nuclr/Data/Atanas_SF_unified_000776/cv5_grouped_v1/fold_3/test/train__2023-01-09-28__5c9cf484.npz,2023-01-16-15,1,87,76,109,RMDVL,RMDVL|SMDVL|AWBL|AVDL|AVJL,13,AWBL,0.25,0.1,0.01,1,1,1,1.0,0
atanas,3,deterministic,FUGW (G+A; official),test,2023-01-09-28,137,AWAR,/home/ubuntu/klb/nuclr/nuclr/Data/Atanas_SF_unified_000776/cv5_grouped_v1/fold_3/test/train__2023-01-09-28__5c9cf484.npz,2023-01-16-15,1,87,41,66,ASGR,ASGR|AWBR|AWAR|AVJR|AINR,41,AWAR,0.25,0.1,0.01,3,0,1,0.3333333333333333,1
atanas,3,deterministic,FUGW (G+A; official),test,2023-01-09-28,138,URYDL,/home/ubuntu/klb/nuclr/nuclr/Data/Atanas_SF_unified_000776/cv5_grouped_v1/fold_3/test/train__2023-01-09-28__5c9cf484.npz,2023-01-16-15,1,87,0,2,URYDL,URYDL|IL1DL|OLQDL|IL2DL|RMEL,0,URYDL,0.25,0.1,0.01,1,1,1,1.0,1
atanas,3,deterministic,FUGW (G+A; official),test,2023-01-09-28,140,RIVL,/home/ubuntu/klb/nuclr/nuclr/Data/Atanas_SF_unified_000776/cv5_grouped_v1/fold_3/test/train__2023-01-09-28__5c9cf484.npz,2023-01-16-15,1,87,17,9,I6,I6|M5|CEPDL|RIVL|URXL,4,I6,0.25,0.1,0.01,4,0,1,0.25,0
atanas,3,deterministic,FUGW (G+A; official),test,2023-01-09-28,143,RMDL,/home/ubuntu/klb/nuclr/nuclr/Data/Atanas_SF_unified_000776/cv5_grouped_v1/fold_3/test/train__2023-01-09-28__5c9cf484.npz,2023-01-16-15,0,87,-1,109,RMDVL,RMDVL|AWCL|AWBL|AUAL|ASEL,76,RMDVL,0.25,0.1,0.01,-1,0,0,0.0,0
atanas,3,deterministic,FUGW (G+A; official),test,2023-01-09-28,144,FLPR,/home/ubuntu/klb/nuclr/nuclr/Data/Atanas_SF_unified_000776/cv5_grouped_v1/fold_3/test/train__2023-01-09-28__5c9cf484.npz,2023-01-16-15,1,87,55,79,FLPR,FLPR|RICR|AVDR|AUAR|AIZR,34,AVDR,0.25,0.1,0.01,1,1,1,1.0,0
atanas,3,deterministic,FUGW (G+A; official),test,2023-01-16-01,1,OLLR,/home/ubuntu/klb/nuclr/nuclr/Data/Atanas_SF_unified_000776/cv5_grouped_v1/fold_3/test/train__2023-01-16-01__6e634151.npz,2023-01-16-15,1,87,86,122,OLLR,OLLR|IL2DR|IL1DR|OLQDR|URBR,48,IL1DR,0.25,0.1,0.01,1,1,1,1.0,0
atanas,3,deterministic,FUGW (G+A; official),test,2023-01-16-01,2,AVAR,/home/ubuntu/klb/nuclr/nuclr/Data/Atanas_SF_unified_000776/cv5_grouped_v1/fold_3/test/train__2023-01-16-01__6e634151.npz,2023-01-16-15,0,87,-1,20,AUAR,AUAR|AWAR|AVDR|AWBR|ASGR,41,AWAR,0.25,0.1,0.01,-1,0,0,0.0,0
atanas,3,deterministic,FUGW (G+A; official),test,2023-01-16-01,3,IL1VR,/home/ubuntu/klb/nuclr/nuclr/Data/Atanas_SF_unified_000776/cv5_grouped_v1/fold_3/test/train__2023-01-16-01__6e634151.npz,2023-01-16-15,1,87,71,114,URYVR,URYVR|I2R|NSMR|IL2VR|MCR,53,I2R,0.25,0.1,0.01,9,0,0,0.1111111111111111,0
atanas,3,deterministic,FUGW (G+A; official),test,2023-01-16-01,4,AWBR,/home/ubuntu/klb/nuclr/nuclr/Data/Atanas_SF_unified_000776/cv5_grouped_v1/fold_3/test/train__2023-01-16-01__6e634151.npz,2023-01-16-15,1,87,65,66,ASGR,ASGR|RIVR|CEPDR|AVJR|AWAR,46,ASGR,0.25,0.1,0.01,8,0,0,0.125,0
atanas,3,deterministic,FUGW (G+A; official),test,2023-01-16-01,6,AVDL,/home/ubuntu/klb/nuclr/nuclr/Data/Atanas_SF_unified_000776/cv5_grouped_v1/fold_3/test/train__2023-01-16-01__6e634151.npz,2023-01-16-15,1,87,14,104,AVJL,AVJL|AINL|AVDL|AIZL|ADEL,72,AVJL,0.25,0.1,0.01,3,0,1,0.3333333333333333,0
atanas,3,deterministic,FUGW (G+A; official),test,2023-01-16-01,7,OLQDL,/home/ubuntu/klb/nuclr/nuclr/Data/Atanas_SF_unified_000776/cv5_grouped_v1/fold_3/test/train__2023-01-16-01__6e634151.npz,2023-01-16-15,1,87,75,101,RMEL,RMEL|SAAVL|OLLL|OLQDL|URYDL,69,RMEL,0.25,0.1,0.01,4,0,1,0.25,0
atanas,3,deterministic,FUGW (G+A; official),test,2023-01-16-01,8,RIVL,/home/ubuntu/klb/nuclr/nuclr/Data/Atanas_SF_unified_000776/cv5_grouped_v1/fold_3/test/train__2023-01-16-01__6e634151.npz,2023-01-16-15,1,87,17,65,ASIR,ASIR|RIVL|AINL|ASGL|AVJL,44,ASGL,0.25,0.1,0.01,2,0,1,0.5,0
atanas,3,deterministic,FUGW (G+A; official),test,2023-01-16-01,9,URYDR,/home/ubuntu/klb/nuclr/nuclr/Data/Atanas_SF_unified_000776/cv5_grouped_v1/fold_3/test/train__2023-01-16-01__6e634151.npz,2023-01-16-15,0,87,-1,3,OLQDR,OLQDR|IL1DR|OLLR|IL2DR|URBR,1,OLQDR,0.25,0.1,0.01,-1,0,0,0.0,0
atanas,3,deterministic,FUGW (G+A; official),test,2023-01-16-01,13,URBL,/home/ubuntu/klb/nuclr/nuclr/Data/Atanas_SF_unified_000776/cv5_grouped_v1/fold_3/test/train__2023-01-16-01__6e634151.npz,2023-01-16-15,1,87,60,36,URYVL,URYVL|IL1VL|IL1L|IL2L|OLQVL,23,URYVL,0.25,0.1,0.01,6,0,0,0.16666666666666666,0
atanas,3,deterministic,FUGW (G+A; official),test,2023-01-16-01,14,OLQDR,/home/ubuntu/klb/nuclr/nuclr/Data/Atanas_SF_unified_000776/cv5_grouped_v1/fold_3/test/train__2023-01-16-01__6e634151.npz,2023-01-16-15,1,87,1,86,RID,RID|URXL|OLQDR|OLQDL|IL1DR,75,OLQDL,0.25,0.1,0.01,3,0,1,0.3333333333333333,0
atanas,3,deterministic,FUGW (G+A; official),test,2023-01-16-01,15,URBR,/home/ubuntu/klb/nuclr/nuclr/Data/Atanas_SF_unified_000776/cv5_grouped_v1/fold_3/test/train__2023-01-16-01__6e634151.npz,2023-01-16-15,1,87,27,122,OLLR,OLLR|URBR|RMER|IL1R|OLQVR,86,OLLR,0.25,0.1,0.01,2,0,1,0.5,0
atanas,3,deterministic,FUGW (G+A; official),test,2023-01-16-01,16,MI,/home/ubuntu/klb/nuclr/nuclr/Data/Atanas_SF_unified_000776/cv5_grouped_v1/fold_3/test/train__2023-01-16-01__6e634151.npz,2023-01-16-15,0,87,-1,58,I3,I3|IL1DL|M4|IL2DL|MCL,40,I3,0.25,0.1,0.01,-1,0,0,0.0,0
atanas,3,deterministic,FUGW (G+A; official),test,2023-01-16-01,17,I4,/home/ubuntu/klb/nuclr/nuclr/Data/Atanas_SF_unified_000776/cv5_grouped_v1/fold_3/test/train__2023-01-16-01__6e634151.npz,2023-01-16-15,0,87,-1,9,I6,I6|M5|FLPL|AVJL|RIVL,4,I6,0.25,0.1,0.01,-1,0,0,0.0,0
atanas,3,deterministic,FUGW (G+A; official),test,2023-01-16-01,18,IL1R,/home/ubuntu/klb/nuclr/nuclr/Data/Atanas_SF_unified_000776/cv5_grouped_v1/fold_3/test/train__2023-01-16-01__6e634151.npz,2023-01-16-15,1,87,10,18,IL1R,IL1R|URBR|OLLR|OLQVR|RMER,10,IL1R,0.25,0.1,0.01,1,1,1,1.0,1
atanas,3,deterministic,FUGW (G+A; official),test,2023-01-16-01,22,RMEL,/home/ubuntu/klb/nuclr/nuclr/Data/Atanas_SF_unified_000776/cv5_grouped_v1/fold_3/test/train__2023-01-16-01__6e634151.npz,2023-01-16-15,1,87,69,98,IL1L,IL1L|IL2L|RMDVL|URYVL|URBL,67,IL1L,0.25,0.1,0.01,8,0,0,0.125,0
atanas,3,deterministic,FUGW (G+A; official),test,2023-01-16-01,23,M5,/home/ubuntu/klb/nuclr/nuclr/Data/Atanas_SF_unified_000776/cv5_grouped_v1/fold_3/test/train__2023-01-16-01__6e634151.npz,2023-01-16-15,1,87,11,106,ADEL,ADEL|FLPL|M5|AINL|AIZL,74,ADEL,0.25,0.1,0.01,3,0,1,0.3333333333333333,0
atanas,3,deterministic,FUGW (G+A; official),test,2023-01-16-01,24,AWCL,/home/ubuntu/klb/nuclr/nuclr/Data/Atanas_SF_unified_000776/cv5_grouped_v1/fold_3/test/train__2023-01-16-01__6e634151.npz,2023-01-16-15,1,87,9,61,RMDDL,RMDDL|AWCL|AUAL|SIBVR|RICL,9,AWCL,0.25,0.1,0.01,2,0,1,0.5,1
atanas,3,deterministic,FUGW (G+A; official),test,2023-01-16-01,25,AIBR,/home/ubuntu/klb/nuclr/nuclr/Data/Atanas_SF_unified_000776/cv5_grouped_v1/fold_3/test/train__2023-01-16-01__6e634151.npz,2023-01-16-15,1,87,49,72,AIBR,AIBR|AIZR|AVER|AUAR|AWAR,57,AVER,0.25,0.1,0.01,1,1,1,1.0,0
atanas,3,deterministic,FUGW (G+A; official),test,2023-01-16-01,26,OLLL,/home/ubuntu/klb/nuclr/nuclr/Data/Atanas_SF_unified_000776/cv5_grouped_v1/fold_3/test/train__2023-01-16-01__6e634151.npz,2023-01-16-15,1,87,8,105,IL2L,IL2L|IL1L|URBL|URYVL|OLQVL,60,URBL,0.25,0.1,0.01,6,0,0,0.16666666666666666,0
atanas,3,deterministic,FUGW (G+A; official),test,2023-01-16-01,27,IL2R,/home/ubuntu/klb/nuclr/nuclr/Data/Atanas_SF_unified_000776/cv5_grouped_v1/fold_3/test/train__2023-01-16-01__6e634151.npz,2023-01-16-15,0,87,-1,40,URBR,URBR|OLLR|IL1R|IL2DR|RMER,27,URBR,0.25,0.1,0.01,-1,0,0,0.0,0
atanas,3,deterministic,FUGW (G+A; official),test,2023-01-16-01,28,SMDDR,/home/ubuntu/klb/nuclr/nuclr/Data/Atanas_SF_unified_000776/cv5_grouped_v1/fold_3/test/train__2023-01-16-01__6e634151.npz,2023-01-16-15,1,87,31,47,SMDDR,SMDDR|AIZR|RICR|AUAR|FLPR,68,AIZR,0.25,0.1,0.01,1,1,1,1.0,0
atanas,3,deterministic,FUGW (G+A; official),test,2023-01-16-01,30,AWBL,/home/ubuntu/klb/nuclr/nuclr/Data/Atanas_SF_unified_000776/cv5_grouped_v1/fold_3/test/train__2023-01-16-01__6e634151.npz,2023-01-16-15,1,87,13,57,AUAL,AUAL|AWCL|AIZL|ASEL|AVDL,13,AWBL,0.25,0.1,0.01,10,0,0,0.1,1
atanas,3,deterministic,FUGW (G+A; official),test,2023-01-16-01,31,IL2DL,/home/ubuntu/klb/nuclr/nuclr/Data/Atanas_SF_unified_000776/cv5_grouped_v1/fold_3/test/train__2023-01-16-01__6e634151.npz,2023-01-16-15,1,87,7,105,IL2L,IL2L|OLLL|IL1L|URBL|RMEL,73,IL2L,0.25,0.1,0.01,10,0,0,0.1,0
atanas,3,deterministic,FUGW (G+A; official),test,2023-01-16-01,33,URXL,/home/ubuntu/klb/nuclr/nuclr/Data/Atanas_SF_unified_000776/cv5_grouped_v1/fold_3/test/train__2023-01-16-01__6e634151.npz,2023-01-16-15,1,87,37,19,M5,M5|CEPDL|I6|RIVL|URXL,11,M5,0.25,0.1,0.01,5,0,1,0.2,0
atanas,3,deterministic,FUGW (G+A; official),test,2023-01-16-01,35,AIZL,/home/ubuntu/klb/nuclr/nuclr/Data/Atanas_SF_unified_000776/cv5_grouped_v1/fold_3/test/train__2023-01-16-01__6e634151.npz,2023-01-16-15,1,87,43,61,RMDDL,RMDDL|SIBVR|RIR|AUAL|AWCL,33,AIBL,0.25,0.1,0.01,9,0,0,0.1111111111111111,0
atanas,3,deterministic,FUGW (G+A; official),test,2023-01-16-01,36,VB02,/home/ubuntu/klb/nuclr/nuclr/Data/Atanas_SF_unified_000776/cv5_grouped_v1/fold_3/test/train__2023-01-16-01__6e634151.npz,2023-01-16-15,0,87,-1,47,SMDDR,SMDDR|RICR|AIZR|AVL|AUAR,31,SMDDR,0.25,0.1,0.01,-1,0,0,0.0,0
atanas,3,deterministic,FUGW (G+A; official),test,2023-01-16-01,38,SMDVR,/home/ubuntu/klb/nuclr/nuclr/Data/Atanas_SF_unified_000776/cv5_grouped_v1/fold_3/test/train__2023-01-16-01__6e634151.npz,2023-01-16-15,0,87,-1,32,RIVR,RIVR|CEPDR|M1|URXR|ASGR,28,URXR,0.25,0.1,0.01,-1,0,0,0.0,0
atanas,3,deterministic,FUGW (G+A; official),test,2023-01-16-01,41,SMDDL,/home/ubuntu/klb/nuclr/nuclr/Data/Atanas_SF_unified_000776/cv5_grouped_v1/fold_3/test/train__2023-01-16-01__6e634151.npz,2023-01-16-15,0,87,-1,88,AVL,AVL|CEPVR|SMDDR|RIH|IL2VR,5,CEPVR,0.25,0.1,0.01,-1,0,0,0.0,0
atanas,3,deterministic,FUGW (G+A; official),test,2023-01-16-01,44,M3R,/home/ubuntu/klb/nuclr/nuclr/Data/Atanas_SF_unified_000776/cv5_grouped_v1/fold_3/test/train__2023-01-16-01__6e634151.npz,2023-01-16-15,1,87,54,75,NSMR,NSMR|M3R|MCR|I2R|IL2VR,54,M3R,0.25,0.1,0.01,2,0,1,0.5,1
atanas,3,deterministic,FUGW (G+A; official),test,2023-01-16-01,46,AUAL,/home/ubuntu/klb/nuclr/nuclr/Data/Atanas_SF_unified_000776/cv5_grouped_v1/fold_3/test/train__2023-01-16-01__6e634151.npz,2023-01-16-15,1,87,39,115,SIBVR,SIBVR|AUAL|RICL|RMDDL|AWCL,39,AUAL,0.25,0.1,0.01,2,0,1,0.5,1
atanas,3,deterministic,FUGW (G+A; official),test,2023-01-16-01,47,URYVL,/home/ubuntu/klb/nuclr/nuclr/Data/Atanas_SF_unified_000776/cv5_grouped_v1/fold_3/test/train__2023-01-16-01__6e634151.npz,2023-01-16-15,1,87,23,48,IL1VL,IL1VL|URYVL|NSML|OLQVL|M3L,32,IL1VL,0.25,0.1,0.01,2,0,1,0.5,0
atanas,3,deterministic,FUGW (G+A; official),test,2023-01-16-01,48,ADEL,/home/ubuntu/klb/nuclr/nuclr/Data/Atanas_SF_unified_000776/cv5_grouped_v1/fold_3/test/train__2023-01-16-01__6e634151.npz,2023-01-16-15,1,87,74,53,FLPL,FLPL|RICL|ADEL|AIZL|SIBVR,24,RICL,0.25,0.1,0.01,3,0,1,0.3333333333333333,0
atanas,3,deterministic,FUGW (G+A; official),test,2023-01-16-01,50,OLQVL,/home/ubuntu/klb/nuclr/nuclr/Data/Atanas_SF_unified_000776/cv5_grouped_v1/fold_3/test/train__2023-01-16-01__6e634151.npz,2023-01-16-15,1,87,26,48,IL1VL,IL1VL|IL2VL|CEPVL|M3L|URYVL,16,CEPVL,0.25,0.1,0.01,6,0,0,0.16666666666666666,0
atanas,3,deterministic,FUGW (G+A; official),test,2023-01-16-01,53,CEPDR,/home/ubuntu/klb/nuclr/nuclr/Data/Atanas_SF_unified_000776/cv5_grouped_v1/fold_3/test/train__2023-01-16-01__6e634151.npz,2023-01-16-15,1,87,22,35,CEPDR,CEPDR|URXR|M1|RIVR|RID,22,CEPDR,0.25,0.1,0.01,1,1,1,1.0,1
atanas,3,deterministic,FUGW (G+A; official),test,2023-01-16-01,56,I2R,/home/ubuntu/klb/nuclr/nuclr/Data/Atanas_SF_unified_000776/cv5_grouped_v1/fold_3/test/train__2023-01-16-01__6e634151.npz,2023-01-16-15,1,87,53,114,URYVR,URYVR|NSMR|I2R|I1R|MCR,51,NSMR,0.25,0.1,0.01,3,0,1,0.3333333333333333,0
atanas,3,deterministic,FUGW (G+A; official),test,2023-01-16-01,57,RMDVR,/home/ubuntu/klb/nuclr/nuclr/Data/Atanas_SF_unified_000776/cv5_grouped_v1/fold_3/test/train__2023-01-16-01__6e634151.npz,2023-01-16-15,0,87,-1,91,AWBR,AWBR|AVDR|AVJR|AINR|AWAR,65,AWBR,0.25,0.1,0.01,-1,0,0,0.0,0
atanas,3,deterministic,FUGW (G+A; official),test,2023-01-16-01,62,CEPDL,/home/ubuntu/klb/nuclr/nuclr/Data/Atanas_SF_unified_000776/cv5_grouped_v1/fold_3/test/train__2023-01-16-01__6e634151.npz,2023-01-16-15,1,87,3,104,AVJL,AVJL|RIVL|M5|AINL|SMDVL,3,CEPDL,0.25,0.1,0.01,10,0,0,0.1,1
atanas,3,deterministic,FUGW (G+A; official),test,2023-01-16-01,64,OLQVR,/home/ubuntu/klb/nuclr/nuclr/Data/Atanas_SF_unified_000776/cv5_grouped_v1/fold_3/test/train__2023-01-16-01__6e634151.npz,2023-01-16-15,1,87,38,55,OLQVR,OLQVR|IL1VR|IL1R|IL2VR|CEPVR,38,OLQVR,0.25,0.1,0.01,1,1,1,1.0,1
atanas,3,deterministic,FUGW (G+A; official),test,2023-01-16-01,65,RIAL,/home/ubuntu/klb/nuclr/nuclr/Data/Atanas_SF_unified_000776/cv5_grouped_v1/fold_3/test/train__2023-01-16-01__6e634151.npz,2023-01-16-15,0,87,-1,21,AWBL,AWBL|AVJL|ASEL|AVDL|ASGL,66,SMDVL,0.25,0.1,0.01,-1,0,0,0.0,0
atanas,3,deterministic,FUGW (G+A; official),test,2023-01-16-01,66,CEPVR,/home/ubuntu/klb/nuclr/nuclr/Data/Atanas_SF_unified_000776/cv5_grouped_v1/fold_3/test/train__2023-01-16-01__6e634151.npz,2023-01-16-15,1,87,5,103,IL1VR,IL1VR|IL2VR|CEPVR|OLQVR|IL1R,71,IL1VR,0.25,0.1,0.01,3,0,1,0.3333333333333333,0
atanas,3,deterministic,FUGW (G+A; official),test,2023-01-16-01,67,AVDR,/home/ubuntu/klb/nuclr/nuclr/Data/Atanas_SF_unified_000776/cv5_grouped_v1/fold_3/test/train__2023-01-16-01__6e634151.npz,2023-01-16-15,1,87,34,118,AINR,AINR|FLPR|AVJR|AVDR|RICR,83,AINR,0.25,0.1,0.01,4,0,1,0.25,0
atanas,3,deterministic,FUGW (G+A; official),test,2023-01-16-01,71,MCL,/home/ubuntu/klb/nuclr/nuclr/Data/Atanas_SF_unified_000776/cv5_grouped_v1/fold_3/test/train__2023-01-16-01__6e634151.npz,2023-01-16-15,1,87,15,82,I1L,I1L|IL2VL|MCL|I2L|NSML,15,MCL,0.25,0.1,0.01,3,0,1,0.3333333333333333,1
atanas,3,deterministic,FUGW (G+A; official),test,2023-01-16-01,72,AWCR,/home/ubuntu/klb/nuclr/nuclr/Data/Atanas_SF_unified_000776/cv5_grouped_v1/fold_3/test/train__2023-01-16-01__6e634151.npz,2023-01-16-15,0,87,-1,79,FLPR,FLPR|AVDR|AUAR|RICR|AINR,34,AVDR,0.25,0.1,0.01,-1,0,0,0.0,0
atanas,3,deterministic,FUGW (G+A; official),test,2023-01-16-01,74,NSMR,/home/ubuntu/klb/nuclr/nuclr/Data/Atanas_SF_unified_000776/cv5_grouped_v1/fold_3/test/train__2023-01-16-01__6e634151.npz,2023-01-16-15,1,87,51,114,URYVR,URYVR|NSMR|I2R|MCR|M3R,56,MCR,0.25,0.1,0.01,2,0,1,0.5,0
atanas,3,deterministic,FUGW (G+A; official),test,2023-01-16-01,75,URYVR,/home/ubuntu/klb/nuclr/nuclr/Data/Atanas_SF_unified_000776/cv5_grouped_v1/fold_3/test/train__2023-01-16-01__6e634151.npz,2023-01-16-15,1,87,80,114,URYVR,URYVR|NSMR|I2R|I1R|MCR,80,URYVR,0.25,0.1,0.01,1,1,1,1.0,1
atanas,3,deterministic,FUGW (G+A; official),test,2023-01-16-01,76,FLPL,/home/ubuntu/klb/nuclr/nuclr/Data/Atanas_SF_unified_000776/cv5_grouped_v1/fold_3/test/train__2023-01-16-01__6e634151.npz,2023-01-16-15,1,87,36,37,RICL,RICL|FLPL|AIZL|ADEL|AUAL,43,AIZL,0.25,0.1,0.01,2,0,1,0.5,0
atanas,3,deterministic,FUGW (G+A; official),test,2023-01-16-01,77,AVAL,/home/ubuntu/klb/nuclr/nuclr/Data/Atanas_SF_unified_000776/cv5_grouped_v1/fold_3/test/train__2023-01-16-01__6e634151.npz,2023-01-16-15,1,87,35,52,AVAL,AVAL|AIBL|SIBVR|AUAL|AWCL,35,AVAL,0.25,0.1,0.01,1,1,1,1.0,1
atanas,3,deterministic,FUGW (G+A; official),test,2023-01-16-01,78,IL1DR,/home/ubuntu/klb/nuclr/nuclr/Data/Atanas_SF_unified_000776/cv5_grouped_v1/fold_3/test/train__2023-01-16-01__6e634151.npz,2023-01-16-15,1,87,48,101,RMEL,RMEL|OLLL|URYDL|OLQDL|URBL,0,URYDL,0.25,0.1,0.01,22,0,0,0.045454545454545456,0
atanas,3,deterministic,FUGW (G+A; official),test,2023-01-16-01,80,NSML,/home/ubuntu/klb/nuclr/nuclr/Data/Atanas_SF_unified_000776/cv5_grouped_v1/fold_3/test/train__2023-01-16-01__6e634151.npz,2023-01-16-15,1,87,59,120,IL2VL,IL2VL|I2L|I1L|NSML|MCL,84,IL2VL,0.25,0.1,0.01,4,0,1,0.25,0
atanas,3,deterministic,FUGW (G+A; official),test,2023-01-16-01,81,RMER,/home/ubuntu/klb/nuclr/nuclr/Data/Atanas_SF_unified_000776/cv5_grouped_v1/fold_3/test/train__2023-01-16-01__6e634151.npz,2023-01-16-15,1,87,52,76,RMER,RMER|URBR|OLLR|IL1R|AWBR,52,RMER,0.25,0.1,0.01,1,1,1,1.0,1
atanas,3,deterministic,FUGW (G+A; official),test,2023-01-16-01,82,IL2L,/home/ubuntu/klb/nuclr/nuclr/Data/Atanas_SF_unified_000776/cv5_grouped_v1/fold_3/test/train__2023-01-16-01__6e634151.npz,2023-01-16-15,1,87,73,36,URYVL,URYVL|IL2L|IL1VL|NSML|IL1L,70,M3L,0.25,0.1,0.01,2,0,1,0.5,0
atanas,3,deterministic,FUGW (G+A; official),test,2023-01-16-01,83,RICR,/home/ubuntu/klb/nuclr/nuclr/Data/Atanas_SF_unified_000776/cv5_grouped_v1/fold_3/test/train__2023-01-16-01__6e634151.npz,2023-01-16-15,1,87,25,38,RICR,RICR|AUAR|AIZR|SMDDR|FLPR,25,RICR,0.25,0.1,0.01,1,1,1,1.0,1
atanas,3,deterministic,FUGW (G+A; official),test,2023-01-16-01,84,AWAL,/home/ubuntu/klb/nuclr/nuclr/Data/Atanas_SF_unified_000776/cv5_grouped_v1/fold_3/test/train__2023-01-16-01__6e634151.npz,2023-01-16-15,1,87,2,121,ASEL,ASEL|AVDL|AWBL|AVJL|ASGL,2,AWAL,0.25,0.1,0.01,13,0,0,0.07692307692307693,1
atanas,3,deterministic,FUGW (G+A; official),test,2023-01-16-01,85,I2L,/home/ubuntu/klb/nuclr/nuclr/Data/Atanas_SF_unified_000776/cv5_grouped_v1/fold_3/test/train__2023-01-16-01__6e634151.npz,2023-01-16-15,1,87,6,120,IL2VL,IL2VL|I1L|I2L|NSML|MCL,6,I2L,0.25,0.1,0.01,3,0,1,0.3333333333333333,1
atanas,3,deterministic,FUGW (G+A; official),test,2023-01-16-01,89,AINL,/home/ubuntu/klb/nuclr/nuclr/Data/Atanas_SF_unified_000776/cv5_grouped_v1/fold_3/test/train__2023-01-16-01__6e634151.npz,2023-01-16-15,1,87,64,62,AIZL,AIZL|ADEL|RICL|AVDL|AINL,64,AINL,0.25,0.1,0.01,5,0,1,0.2,1
atanas,3,deterministic,FUGW (G+A; official),test,2023-01-16-01,90,IL2DR,/home/ubuntu/klb/nuclr/nuclr/Data/Atanas_SF_unified_000776/cv5_grouped_v1/fold_3/test/train__2023-01-16-01__6e634151.npz,2023-01-16-15,1,87,21,33,IL2DR,IL2DR|I3|IL1DR|M4|IL1DL,21,IL2DR,0.25,0.1,0.01,1,1,1,1.0,1
atanas,3,deterministic,FUGW (G+A; official),test,2023-01-16-01,91,ADAL,/home/ubuntu/klb/nuclr/nuclr/Data/Atanas_SF_unified_000776/cv5_grouped_v1/fold_3/test/train__2023-01-16-01__6e634151.npz,2023-01-16-15,0,87,-1,53,FLPL,FLPL|RICL|ADEL|AIZL|SIBVR,36,FLPL,0.25,0.1,0.01,-1,0,0,0.0,0
atanas,3,deterministic,FUGW (G+A; official),test,2023-01-16-01,92,I1R,/home/ubuntu/klb/nuclr/nuclr/Data/Atanas_SF_unified_000776/cv5_grouped_v1/fold_3/test/train__2023-01-16-01__6e634151.npz,2023-01-16-15,1,87,82,116,I1R,I1R|URYVR|I2R|NSMR|MCR,82,I1R,0.25,0.1,0.01,1,1,1,1.0,1
atanas,3,deterministic,FUGW (G+A; official),test,2023-01-16-01,93,URADL,/home/ubuntu/klb/nuclr/nuclr/Data/Atanas_SF_unified_000776/cv5_grouped_v1/fold_3/test/train__2023-01-16-01__6e634151.npz,2023-01-16-15,0,87,-1,105,IL2L,IL2L|URBL|IL1L|OLLL|URYVL,8,OLLL,0.25,0.1,0.01,-1,0,0,0.0,0
atanas,3,deterministic,FUGW (G+A; official),test,2023-01-16-01,94,ALA,/home/ubuntu/klb/nuclr/nuclr/Data/Atanas_SF_unified_000776/cv5_grouped_v1/fold_3/test/train__2023-01-16-01__6e634151.npz,2023-01-16-15,0,87,-1,65,ASIR,ASIR|RIBL|AWAL|RIVL|ASGL,45,ASIR,0.25,0.1,0.01,-1,0,0,0.0,0
atanas,3,deterministic,FUGW (G+A; official),test,2023-01-16-01,103,ASER,/home/ubuntu/klb/nuclr/nuclr/Data/Atanas_SF_unified_000776/cv5_grouped_v1/fold_3/test/train__2023-01-16-01__6e634151.npz,2023-01-16-15,0,87,-1,28,AVJR,AVJR|ASGR|AWAR|AWBR|RIVR,18,AVJR,0.25,0.1,0.01,-1,0,0,0.0,0
atanas,3,deterministic,FUGW (G+A; official),test,2023-01-16-01,108,AIZR,/home/ubuntu/klb/nuclr/nuclr/Data/Atanas_SF_unified_000776/cv5_grouped_v1/fold_3/test/train__2023-01-16-01__6e634151.npz,2023-01-16-15,1,87,68,100,AIZR,AIZR|AUAR|RICR|FLPR|SMDDR,12,AUAR,0.25,0.1,0.01,1,1,1,1.0,0
atanas,3,deterministic,FUGW (G+A; official),test,2023-01-16-01,109,IL1L,/home/ubuntu/klb/nuclr/nuclr/Data/Atanas_SF_unified_000776/cv5_grouped_v1/fold_3/test/train__2023-01-16-01__6e634151.npz,2023-01-16-15,1,87,67,39,OLQVL,OLQVL|IL1VL|URYVL|IL1L|M3L,26,OLQVL,0.25,0.1,0.01,4,0,1,0.25,0
atanas,3,deterministic,FUGW (G+A; official),test,2023-01-16-01,111,SAAVL,/home/ubuntu/klb/nuclr/nuclr/Data/Atanas_SF_unified_000776/cv5_grouped_v1/fold_3/test/train__2023-01-16-01__6e634151.npz,2023-01-16-15,1,87,50,109,RMDVL,RMDVL|AWBL|ASEL|AVAL|AWCL,50,SAAVL,0.25,0.1,0.01,10,0,0,0.1,1
atanas,3,deterministic,FUGW (G+A; official),test,2023-01-16-01,113,M3L,/home/ubuntu/klb/nuclr/nuclr/Data/Atanas_SF_unified_000776/cv5_grouped_v1/fold_3/test/train__2023-01-16-01__6e634151.npz,2023-01-16-15,1,87,70,120,IL2VL,IL2VL|MCL|I2L|NSML|I1L,59,NSML,0.25,0.1,0.01,7,0,0,0.14285714285714285,0
atanas,3,deterministic,FUGW (G+A; official),test,2023-01-16-01,117,RICL,/home/ubuntu/klb/nuclr/nuclr/Data/Atanas_SF_unified_000776/cv5_grouped_v1/fold_3/test/train__2023-01-16-01__6e634151.npz,2023-01-16-15,1,87,24,61,RMDDL,RMDDL|SIBVR|RICL|AUAL|RIR,42,RMDDL,0.25,0.1,0.01,3,0,1,0.3333333333333333,0
atanas,3,deterministic,FUGW (G+A; official),test,2023-01-16-01,118,AINR,/home/ubuntu/klb/nuclr/nuclr/Data/Atanas_SF_unified_000776/cv5_grouped_v1/fold_3/test/train__2023-01-16-01__6e634151.npz,2023-01-16-15,1,87,83,118,AINR,AINR|FLPR|AVDR|AVJR|RICR,55,FLPR,0.25,0.1,0.01,1,1,1,1.0,0
atanas,3,deterministic,FUGW (G+A; official),test,2023-01-16-01,119,RID,/home/ubuntu/klb/nuclr/nuclr/Data/Atanas_SF_unified_000776/cv5_grouped_v1/fold_3/test/train__2023-01-16-01__6e634151.npz,2023-01-16-15,1,87,61,46,RIBL,RIBL|ASIR|BAGL|AWAL|AVAL,30,RIBL,0.25,0.1,0.01,8,0,0,0.125,0
atanas,3,deterministic,FUGW (G+A; official),test,2023-01-16-01,122,ASGR,/home/ubuntu/klb/nuclr/nuclr/Data/Atanas_SF_unified_000776/cv5_grouped_v1/fold_3/test/train__2023-01-16-01__6e634151.npz,2023-01-16-15,1,87,46,87,M1,M1|RIVR|CEPDR|ASGR|URXR,61,RID,0.25,0.1,0.01,4,0,1,0.25,0
atanas,3,deterministic,FUGW (G+A; official),test,2023-01-16-01,123,AVJL,/home/ubuntu/klb/nuclr/nuclr/Data/Atanas_SF_unified_000776/cv5_grouped_v1/fold_3/test/train__2023-01-16-01__6e634151.npz,2023-01-16-15,1,87,72,62,AIZL,AIZL|AVDL|AINL|ADEL|AVJL,14,AVDL,0.25,0.1,0.01,5,0,1,0.2,0
atanas,3,deterministic,FUGW (G+A; official),test,2023-01-16-01,125,RIAR,/home/ubuntu/klb/nuclr/nuclr/Data/Atanas_SF_unified_000776/cv5_grouped_v1/fold_3/test/train__2023-01-16-01__6e634151.npz,2023-01-16-15,0,87,-1,43,URXR,URXR|CEPDR|ASGR|RID|AWAR,37,URXL,0.25,0.1,0.01,-1,0,0,0.0,0
atanas,3,deterministic,FUGW (G+A; official),test,2023-01-16-01,126,AIBL,/home/ubuntu/klb/nuclr/nuclr/Data/Atanas_SF_unified_000776/cv5_grouped_v1/fold_3/test/train__2023-01-16-01__6e634151.npz,2023-01-16-15,1,87,33,115,SIBVR,SIBVR|RIR|AVL|RMDDL|RIH,81,SIBVR,0.25,0.1,0.01,6,0,0,0.16666666666666666,0
atanas,3,deterministic,FUGW (G+A; official),test,2023-01-16-01,127,RMDDL,/home/ubuntu/klb/nuclr/nuclr/Data/Atanas_SF_unified_000776/cv5_grouped_v1/fold_3/test/train__2023-01-16-01__6e634151.npz,2023-01-16-15,1,87,42,88,AVL,AVL|RMDDL|SIBVR|CEPVR|RIR,19,RIR,0.25,0.1,0.01,2,0,1,0.5,0
atanas,3,deterministic,FUGW (G+A; official),test,2023-01-16-01,128,M4,/home/ubuntu/klb/nuclr/nuclr/Data/Atanas_SF_unified_000776/cv5_grouped_v1/fold_3/test/train__2023-01-16-01__6e634151.npz,2023-01-16-15,1,87,29,58,I3,I3|M4|IL1DR|IL2DR|IL1DL,29,M4,0.25,0.1,0.01,2,0,1,0.5,1
atanas,3,deterministic,FUGW (G+A; official),test,2023-01-16-01,129,AVJR,/home/ubuntu/klb/nuclr/nuclr/Data/Atanas_SF_unified_000776/cv5_grouped_v1/fold_3/test/train__2023-01-16-01__6e634151.npz,2023-01-16-15,1,87,18,87,M1,M1|RIVR|AINR|AVJR|CEPDR,20,RIVR,0.25,0.1,0.01,4,0,1,0.25,0
atanas,3,deterministic,FUGW (G+A; official),test,2023-01-16-01,130,SMDVL,/home/ubuntu/klb/nuclr/nuclr/Data/Atanas_SF_unified_000776/cv5_grouped_v1/fold_3/test/train__2023-01-16-01__6e634151.npz,2023-01-16-15,1,87,66,26,RIVL,RIVL|ASIR|AINL|ASGL|AVJL,17,RIVL,0.25,0.1,0.01,8,0,0,0.125,0
atanas,3,deterministic,FUGW (G+A; official),test,2023-01-16-01,132,I3,/home/ubuntu/klb/nuclr/nuclr/Data/Atanas_SF_unified_000776/cv5_grouped_v1/fold_3/test/train__2023-01-16-01__6e634151.npz,2023-01-16-15,1,87,40,110,IL1DL,IL1DL|IL2DL|URYDL|I3|OLLL,77,IL1DL,0.25,0.1,0.01,4,0,1,0.25,0
atanas,3,deterministic,FUGW (G+A; official),test,2023-01-16-01,133,ASEL,/home/ubuntu/klb/nuclr/nuclr/Data/Atanas_SF_unified_000776/cv5_grouped_v1/fold_3/test/train__2023-01-16-01__6e634151.npz,2023-01-16-15,1,87,85,57,AUAL,AUAL|AIZL|RICL|AWCL|AVDL,85,ASEL,0.25,0.1,0.01,7,0,0,0.14285714285714285,1
atanas,3,deterministic,FUGW (G+A; official),test,2023-01-16-01,135,RIVR,/home/ubuntu/klb/nuclr/nuclr/Data/Atanas_SF_unified_000776/cv5_grouped_v1/fold_3/test/train__2023-01-16-01__6e634151.npz,2023-01-16-15,1,87,20,87,M1,M1|RIVR|RID|URXR|I6,62,M1,0.25,0.1,0.01,2,0,1,0.5,0
atanas,3,deterministic,FUGW (G+A; official),test,2023-01-16-01,136,I1L,/home/ubuntu/klb/nuclr/nuclr/Data/Atanas_SF_unified_000776/cv5_grouped_v1/fold_3/test/train__2023-01-16-01__6e634151.npz,2023-01-16-15,1,87,58,82,I1L,I1L|IL2VL|I2L|MCL|NSML,58,I1L,0.25,0.1,0.01,1,1,1,1.0,1
atanas,3,deterministic,FUGW (G+A; official),test,2023-01-16-01,137,RMDVL,/home/ubuntu/klb/nuclr/nuclr/Data/Atanas_SF_unified_000776/cv5_grouped_v1/fold_3/test/train__2023-01-16-01__6e634151.npz,2023-01-16-15,1,87,76,17,AWCL,AWCL|RMDVL|AUAL|URYVL|RMDDL,76,RMDVL,0.25,0.1,0.01,2,0,1,0.5,1
atanas,3,deterministic,FUGW (G+A; official),test,2023-01-16-01,138,CEPVL,/home/ubuntu/klb/nuclr/nuclr/Data/Atanas_SF_unified_000776/cv5_grouped_v1/fold_3/test/train__2023-01-16-01__6e634151.npz,2023-01-16-15,1,87,16,25,CEPVL,CEPVL|IL2VR|IL1VR|CEPVR|M3R,78,IL2VR,0.25,0.1,0.01,1,1,1,1.0,0
atanas,3,deterministic,FUGW (G+A; official),test,2023-01-19-08,1,ASGR,/home/ubuntu/klb/nuclr/nuclr/Data/Atanas_SF_unified_000776/cv5_grouped_v1/fold_3/test/train__2023-01-19-08__9b5cf9ce.npz,2023-01-16-15,1,87,46,32,RIVR,RIVR|ASGR|M1|RID|AWAR,46,ASGR,0.25,0.1,0.01,2,0,1,0.5,1
atanas,3,deterministic,FUGW (G+A; official),test,2023-01-19-08,3,RMEL,/home/ubuntu/klb/nuclr/nuclr/Data/Atanas_SF_unified_000776/cv5_grouped_v1/fold_3/test/train__2023-01-19-08__9b5cf9ce.npz,2023-01-16-15,1,87,69,85,URBL,URBL|URYVL|IL1L|OLQVL|CEPVL,67,IL1L,0.25,0.1,0.01,9,0,0,0.1111111111111111,0
atanas,3,deterministic,FUGW (G+A; official),test,2023-01-19-08,4,ADAL,/home/ubuntu/klb/nuclr/nuclr/Data/Atanas_SF_unified_000776/cv5_grouped_v1/fold_3/test/train__2023-01-19-08__9b5cf9ce.npz,2023-01-16-15,0,87,-1,53,FLPL,FLPL|ADEL|RICL|AIZL|AINL,74,ADEL,0.25,0.1,0.01,-1,0,0,0.0,0
atanas,3,deterministic,FUGW (G+A; official),test,2023-01-19-08,5,ADAR,/home/ubuntu/klb/nuclr/nuclr/Data/Atanas_SF_unified_000776/cv5_grouped_v1/fold_3/test/train__2023-01-19-08__9b5cf9ce.npz,2023-01-16-15,0,87,-1,38,RICR,RICR|FLPR|AINR|AVDR|AUAR,25,RICR,0.25,0.1,0.01,-1,0,0,0.0,0
atanas,3,deterministic,FUGW (G+A; official),test,2023-01-19-08,8,RMGL,/home/ubuntu/klb/nuclr/nuclr/Data/Atanas_SF_unified_000776/cv5_grouped_v1/fold_3/test/train__2023-01-19-08__9b5cf9ce.npz,2023-01-16-15,0,87,-1,53,FLPL,FLPL|RICL|ADEL|AIZL|AINL,24,RICL,0.25,0.1,0.01,-1,0,0,0.0,0
atanas,3,deterministic,FUGW (G+A; official),test,2023-01-19-08,10,AVHL,/home/ubuntu/klb/nuclr/nuclr/Data/Atanas_SF_unified_000776/cv5_grouped_v1/fold_3/test/train__2023-01-19-08__9b5cf9ce.npz,2023-01-16-15,0,87,-1,9,I6,I6|M5|RIVL|CEPDL|ASGL,4,I6,0.25,0.1,0.01,-1,0,0,0.0,0
atanas,3,deterministic,FUGW (G+A; official),test,2023-01-19-08,11,IL2DL,/home/ubuntu/klb/nuclr/nuclr/Data/Atanas_SF_unified_000776/cv5_grouped_v1/fold_3/test/train__2023-01-19-08__9b5cf9ce.npz,2023-01-16-15,1,87,7,11,I2L,I2L|NSML|MCL|I1L|M3L,59,NSML,0.25,0.1,0.01,19,0,0,0.05263157894736842,0
atanas,3,deterministic,FUGW (G+A; official),test,2023-01-19-08,14,RICL,/home/ubuntu/klb/nuclr/nuclr/Data/Atanas_SF_unified_000776/cv5_grouped_v1/fold_3/test/train__2023-01-19-08__9b5cf9ce.npz,2023-01-16-15,1,87,24,37,RICL,RICL|AIZL|FLPL|ADEL|AVDL,14,AVDL,0.25,0.1,0.01,1,1,1,1.0,0
atanas,3,deterministic,FUGW (G+A; official),test,2023-01-19-08,17,URYDL,/home/ubuntu/klb/nuclr/nuclr/Data/Atanas_SF_unified_000776/cv5_grouped_v1/fold_3/test/train__2023-01-19-08__9b5cf9ce.npz,2023-01-16-15,1,87,0,107,OLQDL,OLQDL|URYDL|RMEL|URBL|IL1DR,0,URYDL,0.25,0.1,0.01,2,0,1,0.5,1
atanas,3,deterministic,FUGW (G+A; official),test,2023-01-19-08,19,IL2R,/home/ubuntu/klb/nuclr/nuclr/Data/Atanas_SF_unified_000776/cv5_grouped_v1/fold_3/test/train__2023-01-19-08__9b5cf9ce.npz,2023-01-16-15,0,87,-1,40,URBR,URBR|RMER|OLLR|IL1R|OLQVR,27,URBR,0.25,0.1,0.01,-1,0,0,0.0,0
atanas,3,deterministic,FUGW (G+A; official),test,2023-01-19-08,20,M5,/home/ubuntu/klb/nuclr/nuclr/Data/Atanas_SF_unified_000776/cv5_grouped_v1/fold_3/test/train__2023-01-19-08__9b5cf9ce.npz,2023-01-16-15,1,87,11,53,FLPL,FLPL|M5|ADEL|RICL|I6,36,FLPL,0.25,0.1,0.01,2,0,1,0.5,0
atanas,3,deterministic,FUGW (G+A; official),test,2023-01-19-08,24,AUAR,/home/ubuntu/klb/nuclr/nuclr/Data/Atanas_SF_unified_000776/cv5_grouped_v1/fold_3/test/train__2023-01-19-08__9b5cf9ce.npz,2023-01-16-15,1,87,12,28,AVJR,AVJR|AINR|FLPR|RICR|AVDR,18,AVJR,0.25,0.1,0.01,6,0,0,0.16666666666666666,0
atanas,3,deterministic,FUGW (G+A; official),test,2023-01-19-08,25,AVDL,/home/ubuntu/klb/nuclr/nuclr/Data/Atanas_SF_unified_000776/cv5_grouped_v1/fold_3/test/train__2023-01-19-08__9b5cf9ce.npz,2023-01-16-15,1,87,14,89,AINL,AINL|M5|AVJL|ADEL|AVDL,72,AVJL,0.25,0.1,0.01,5,0,1,0.2,0
atanas,3,deterministic,FUGW (G+A; official),test,2023-01-19-08,26,ASER,/home/ubuntu/klb/nuclr/nuclr/Data/Atanas_SF_unified_000776/cv5_grouped_v1/fold_3/test/train__2023-01-19-08__9b5cf9ce.npz,2023-01-16-15,0,87,-1,32,RIVR,RIVR|ASGR|M1|AINR|RID,20,RIVR,0.25,0.1,0.01,-1,0,0,0.0,0
atanas,3,deterministic,FUGW (G+A; official),test,2023-01-19-08,27,AWAL,/home/ubuntu/klb/nuclr/nuclr/Data/Atanas_SF_unified_000776/cv5_grouped_v1/fold_3/test/train__2023-01-19-08__9b5cf9ce.npz,2023-01-16-15,1,87,2,121,ASEL,ASEL|AIBL|AUAL|ASGL|AWBL,13,AWBL,0.25,0.1,0.01,7,0,0,0.14285714285714285,0
atanas,3,deterministic,FUGW (G+A; official),test,2023-01-19-08,29,AIMR,/home/ubuntu/klb/nuclr/nuclr/Data/Atanas_SF_unified_000776/cv5_grouped_v1/fold_3/test/train__2023-01-19-08__9b5cf9ce.npz,2023-01-16-15,0,87,-1,47,SMDDR,SMDDR|RICR|AIZR|AUAR|FLPR,31,SMDDR,0.25,0.1,0.01,-1,0,0,0.0,0
atanas,3,deterministic,FUGW (G+A; official),test,2023-01-19-08,30,OLQDR,/home/ubuntu/klb/nuclr/nuclr/Data/Atanas_SF_unified_000776/cv5_grouped_v1/fold_3/test/train__2023-01-19-08__9b5cf9ce.npz,2023-01-16-15,1,87,1,3,OLQDR,OLQDR|RID|IL1DR|M4|IL2DR,1,OLQDR,0.25,0.1,0.01,1,1,1,1.0,1
atanas,3,deterministic,FUGW (G+A; official),test,2023-01-19-08,31,URXR,/home/ubuntu/klb/nuclr/nuclr/Data/Atanas_SF_unified_000776/cv5_grouped_v1/fold_3/test/train__2023-01-19-08__9b5cf9ce.npz,2023-01-16-15,1,87,28,43,URXR,URXR|CEPDR|OLQDR|URXL|RID,28,URXR,0.25,0.1,0.01,1,1,1,1.0,1
atanas,3,deterministic,FUGW (G+A; official),test,2023-01-19-08,32,AIML,/home/ubuntu/klb/nuclr/nuclr/Data/Atanas_SF_unified_000776/cv5_grouped_v1/fold_3/test/train__2023-01-19-08__9b5cf9ce.npz,2023-01-16-15,0,87,-1,61,RMDDL,RMDDL|RIR|SIBVR|RIH|SMDDR,42,RMDDL,0.25,0.1,0.01,-1,0,0,0.0,0
atanas,3,deterministic,FUGW (G+A; official),test,2023-01-19-08,36,URADR,/home/ubuntu/klb/nuclr/nuclr/Data/Atanas_SF_unified_000776/cv5_grouped_v1/fold_3/test/train__2023-01-19-08__9b5cf9ce.npz,2023-01-16-15,0,87,-1,33,IL2DR,IL2DR|IL1DR|I3|OLQDR|M4,48,IL1DR,0.25,0.1,0.01,-1,0,0,0.0,0
atanas,3,deterministic,FUGW (G+A; official),test,2023-01-19-08,39,ASEL,/home/ubuntu/klb/nuclr/nuclr/Data/Atanas_SF_unified_000776/cv5_grouped_v1/fold_3/test/train__2023-01-19-08__9b5cf9ce.npz,2023-01-16-15,1,87,85,65,ASIR,ASIR|RIVL|ASGL|ASEL|AWAL,44,ASGL,0.25,0.1,0.01,4,0,1,0.25,0
atanas,3,deterministic,FUGW (G+A; official),test,2023-01-19-08,42,OLQVR,/home/ubuntu/klb/nuclr/nuclr/Data/Atanas_SF_unified_000776/cv5_grouped_v1/fold_3/test/train__2023-01-19-08__9b5cf9ce.npz,2023-01-16-15,1,87,38,76,RMER,RMER|AIBR|AVER|URBR|AUAR,57,AVER,0.25,0.1,0.01,7,0,0,0.14285714285714285,0
atanas,3,deterministic,FUGW (G+A; official),test,2023-01-19-08,44,I2R,/home/ubuntu/klb/nuclr/nuclr/Data/Atanas_SF_unified_000776/cv5_grouped_v1/fold_3/test/train__2023-01-19-08__9b5cf9ce.npz,2023-01-16-15,1,87,53,114,URYVR,URYVR|NSMR|I2R|IL1R|OLQVR,80,URYVR,0.25,0.1,0.01,3,0,1,0.3333333333333333,0
atanas,3,deterministic,FUGW (G+A; official),test,2023-01-19-08,45,SMDVL,/home/ubuntu/klb/nuclr/nuclr/Data/Atanas_SF_unified_000776/cv5_grouped_v1/fold_3/test/train__2023-01-19-08__9b5cf9ce.npz,2023-01-16-15,1,87,66,7,AWAL,AWAL|SAAVL|AIBL|AVAL|ASGL,50,SAAVL,0.25,0.1,0.01,6,0,0,0.16666666666666666,0
atanas,3,deterministic,FUGW (G+A; official),test,2023-01-19-08,46,URAVR,/home/ubuntu/klb/nuclr/nuclr/Data/Atanas_SF_unified_000776/cv5_grouped_v1/fold_3/test/train__2023-01-19-08__9b5cf9ce.npz,2023-01-16-15,0,87,-1,40,URBR,URBR|IL1R|RMER|OLLR|OLQVR,10,IL1R,0.25,0.1,0.01,-1,0,0,0.0,0
atanas,3,deterministic,FUGW (G+A; official),test,2023-01-19-08,47,RMDDR,/home/ubuntu/klb/nuclr/nuclr/Data/Atanas_SF_unified_000776/cv5_grouped_v1/fold_3/test/train__2023-01-19-08__9b5cf9ce.npz,2023-01-16-15,0,87,-1,47,SMDDR,SMDDR|AIZR|RICR|AUAR|FLPR,68,AIZR,0.25,0.1,0.01,-1,0,0,0.0,0
atanas,3,deterministic,FUGW (G+A; official),test,2023-01-19-08,48,RID,/home/ubuntu/klb/nuclr/nuclr/Data/Atanas_SF_unified_000776/cv5_grouped_v1/fold_3/test/train__2023-01-19-08__9b5cf9ce.npz,2023-01-16-15,1,87,61,86,RID,RID|URXR|CEPDR|URXL|M1,61,RID,0.25,0.1,0.01,1,1,1,1.0,1
atanas,3,deterministic,FUGW (G+A; official),test,2023-01-19-08,49,CEPVL,/home/ubuntu/klb/nuclr/nuclr/Data/Atanas_SF_unified_000776/cv5_grouped_v1/fold_3/test/train__2023-01-19-08__9b5cf9ce.npz,2023-01-16-15,1,87,16,10,CEPVR,CEPVR|IL1VR|IL2VR|CEPVL|RIH,71,IL1VR,0.25,0.1,0.01,4,0,1,0.25,0
atanas,3,deterministic,FUGW (G+A; official),test,2023-01-19-08,50,MCL,/home/ubuntu/klb/nuclr/nuclr/Data/Atanas_SF_unified_000776/cv5_grouped_v1/fold_3/test/train__2023-01-19-08__9b5cf9ce.npz,2023-01-16-15,1,87,15,116,I1R,I1R|IL2VL|I1L|I2R|URYVR,82,I1R,0.25,0.1,0.01,7,0,0,0.14285714285714285,0
atanas,3,deterministic,FUGW (G+A; official),test,2023-01-19-08,51,CEPDL,/home/ubuntu/klb/nuclr/nuclr/Data/Atanas_SF_unified_000776/cv5_grouped_v1/fold_3/test/train__2023-01-19-08__9b5cf9ce.npz,2023-01-16-15,1,87,3,8,CEPDL,CEPDL|URXL|SMDVL|SAAVL|I6,3,CEPDL,0.25,0.1,0.01,1,1,1,1.0,1
atanas,3,deterministic,FUGW (G+A; official),test,2023-01-19-08,52,OLLL,/home/ubuntu/klb/nuclr/nuclr/Data/Atanas_SF_unified_000776/cv5_grouped_v1/fold_3/test/train__2023-01-19-08__9b5cf9ce.npz,2023-01-16-15,1,87,8,85,URBL,URBL|URYVL|IL1L|OLQVL|M3L,60,URBL,0.25,0.1,0.01,7,0,0,0.14285714285714285,0
atanas,3,deterministic,FUGW (G+A; official),test,2023-01-19-08,54,AVAR,/home/ubuntu/klb/nuclr/nuclr/Data/Atanas_SF_unified_000776/cv5_grouped_v1/fold_3/test/train__2023-01-19-08__9b5cf9ce.npz,2023-01-16-15,0,87,-1,20,AUAR,AUAR|AVDR|FLPR|AINR|RICR,12,AUAR,0.25,0.1,0.01,-1,0,0,0.0,0
atanas,3,deterministic,FUGW (G+A; official),test,2023-01-19-08,56,SMDVR,/home/ubuntu/klb/nuclr/nuclr/Data/Atanas_SF_unified_000776/cv5_grouped_v1/fold_3/test/train__2023-01-19-08__9b5cf9ce.npz,2023-01-16-15,0,87,-1,28,AVJR,AVJR|ASGR|AINR|AWAR|AWBR,41,AWAR,0.25,0.1,0.01,-1,0,0,0.0,0
atanas,3,deterministic,FUGW (G+A; official),test,2023-01-19-08,59,URXL,/home/ubuntu/klb/nuclr/nuclr/Data/Atanas_SF_unified_000776/cv5_grouped_v1/fold_3/test/train__2023-01-19-08__9b5cf9ce.npz,2023-01-16-15,1,87,37,54,URXL,URXL|CEPDL|URXR|OLQDR|CEPDR,37,URXL,0.25,0.1,0.01,1,1,1,1.0,1
atanas,3,deterministic,FUGW (G+A; official),test,2023-01-19-08,62,AVJR,/home/ubuntu/klb/nuclr/nuclr/Data/Atanas_SF_unified_000776/cv5_grouped_v1/fold_3/test/train__2023-01-19-08__9b5cf9ce.npz,2023-01-16-15,1,87,18,87,M1,M1|RIVR|CEPDR|URXR|ASGR,-1,,0.25,0.1,0.01,6,0,0,0.16666666666666666,0
atanas,3,deterministic,FUGW (G+A; official),test,2023-01-19-08,64,RMDL,/home/ubuntu/klb/nuclr/nuclr/Data/Atanas_SF_unified_000776/cv5_grouped_v1/fold_3/test/train__2023-01-19-08__9b5cf9ce.npz,2023-01-16-15,0,87,-1,61,RMDDL,RMDDL|AWCL|AUAL|SIBVR|AIBL,9,AWCL,0.25,0.1,0.01,-1,0,0,0.0,0
atanas,3,deterministic,FUGW (G+A; official),test,2023-01-19-08,65,FLPL,/home/ubuntu/klb/nuclr/nuclr/Data/Atanas_SF_unified_000776/cv5_grouped_v1/fold_3/test/train__2023-01-19-08__9b5cf9ce.npz,2023-01-16-15,1,87,36,106,ADEL,ADEL|AIZL|AINL|FLPL|RICL,43,AIZL,0.25,0.1,0.01,4,0,1,0.25,0
atanas,3,deterministic,FUGW (G+A; official),test,2023-01-19-08,66,AVBL,/home/ubuntu/klb/nuclr/nuclr/Data/Atanas_SF_unified_000776/cv5_grouped_v1/fold_3/test/train__2023-01-19-08__9b5cf9ce.npz,2023-01-16-15,0,87,-1,46,RIBL,RIBL|BAGL|ASIR|AVAL|AWAL,30,RIBL,0.25,0.1,0.01,-1,0,0,0.0,0
atanas,3,deterministic,FUGW (G+A; official),test,2023-01-19-08,67,RIVR,/home/ubuntu/klb/nuclr/nuclr/Data/Atanas_SF_unified_000776/cv5_grouped_v1/fold_3/test/train__2023-01-19-08__9b5cf9ce.npz,2023-01-16-15,1,87,20,87,M1,M1|RIVR|RID|CEPDR|URXR,-1,,0.25,0.1,0.01,2,0,1,0.5,0
atanas,3,deterministic,FUGW (G+A; official),test,2023-01-19-08,69,IL1R,/home/ubuntu/klb/nuclr/nuclr/Data/Atanas_SF_unified_000776/cv5_grouped_v1/fold_3/test/train__2023-01-19-08__9b5cf9ce.npz,2023-01-16-15,1,87,10,122,OLLR,OLLR|URBR|RMER|IL1R|AWAR,29,M4,0.25,0.1,0.01,4,0,1,0.25,0
atanas,3,deterministic,FUGW (G+A; official),test,2023-01-19-08,70,URAVL,/home/ubuntu/klb/nuclr/nuclr/Data/Atanas_SF_unified_000776/cv5_grouped_v1/fold_3/test/train__2023-01-19-08__9b5cf9ce.npz,2023-01-16-15,0,87,-1,111,IL2VR,IL2VR|CEPVR|IL1VR|M3R|CEPVL,78,IL2VR,0.25,0.1,0.01,-1,0,0,0.0,0
atanas,3,deterministic,FUGW (G+A; official),test,2023-01-19-08,71,AWBR,/home/ubuntu/klb/nuclr/nuclr/Data/Atanas_SF_unified_000776/cv5_grouped_v1/fold_3/test/train__2023-01-19-08__9b5cf9ce.npz,2023-01-16-15,1,87,65,32,RIVR,RIVR|ASGR|CEPDR|M1|AVJR,-1,,0.25,0.1,0.01,9,0,0,0.1111111111111111,0
atanas,3,deterministic,FUGW (G+A; official),test,2023-01-19-08,74,MI,/home/ubuntu/klb/nuclr/nuclr/Data/Atanas_SF_unified_000776/cv5_grouped_v1/fold_3/test/train__2023-01-19-08__9b5cf9ce.npz,2023-01-16-15,0,87,-1,58,I3,I3|M4|MCL|MCR|M3L,40,I3,0.25,0.1,0.01,-1,0,0,0.0,0
atanas,3,deterministic,FUGW (G+A; official),test,2023-01-19-08,76,M3L,/home/ubuntu/klb/nuclr/nuclr/Data/Atanas_SF_unified_000776/cv5_grouped_v1/fold_3/test/train__2023-01-19-08__9b5cf9ce.npz,2023-01-16-15,1,87,70,48,IL1VL,IL1VL|MCL|IL2VL|NSML|I1L,15,MCL,0.25,0.1,0.01,6,0,0,0.16666666666666666,0
atanas,3,deterministic,FUGW (G+A; official),test,2023-01-19-08,79,URBR,/home/ubuntu/klb/nuclr/nuclr/Data/Atanas_SF_unified_000776/cv5_grouped_v1/fold_3/test/train__2023-01-19-08__9b5cf9ce.npz,2023-01-16-15,1,87,27,40,URBR,URBR|OLLR|RMER|IL1R|OLQVR,52,RMER,0.25,0.1,0.01,1,1,1,1.0,0
atanas,3,deterministic,FUGW (G+A; official),test,2023-01-19-08,80,RMDR,/home/ubuntu/klb/nuclr/nuclr/Data/Atanas_SF_unified_000776/cv5_grouped_v1/fold_3/test/train__2023-01-19-08__9b5cf9ce.npz,2023-01-16-15,0,87,-1,20,AUAR,AUAR|AVDR|FLPR|AIZR|RICR,-1,,0.25,0.1,0.01,-1,0,0,0.0,0
atanas,3,deterministic,FUGW (G+A; official),test,2023-01-19-08,81,AVER,/home/ubuntu/klb/nuclr/nuclr/Data/Atanas_SF_unified_000776/cv5_grouped_v1/fold_3/test/train__2023-01-19-08__9b5cf9ce.npz,2023-01-16-15,1,87,57,20,AUAR,AUAR|AIZR|AVDR|AWBR|AVJR,49,AIBR,0.25,0.1,0.01,11,0,0,0.09090909090909091,0
atanas,3,deterministic,FUGW (G+A; official),test,2023-01-19-08,86,RMDVL,/home/ubuntu/klb/nuclr/nuclr/Data/Atanas_SF_unified_000776/cv5_grouped_v1/fold_3/test/train__2023-01-19-08__9b5cf9ce.npz,2023-01-16-15,1,87,76,109,RMDVL,RMDVL|AWCL|AWBL|SAAVL|IL1L,76,RMDVL,0.25,0.1,0.01,1,1,1,1.0,1
atanas,3,deterministic,FUGW (G+A; official),test,2023-01-19-08,87,OLQVL,/home/ubuntu/klb/nuclr/nuclr/Data/Atanas_SF_unified_000776/cv5_grouped_v1/fold_3/test/train__2023-01-19-08__9b5cf9ce.npz,2023-01-16-15,1,87,26,25,CEPVL,CEPVL|IL1VL|OLQVL|URYVL|RMDDL,16,CEPVL,0.25,0.1,0.01,3,0,1,0.3333333333333333,0
atanas,3,deterministic,FUGW (G+A; official),test,2023-01-19-08,92,I2L,/home/ubuntu/klb/nuclr/nuclr/Data/Atanas_SF_unified_000776/cv5_grouped_v1/fold_3/test/train__2023-01-19-08__9b5cf9ce.npz,2023-01-16-15,1,87,6,120,IL2VL,IL2VL|I1L|I2L|MCL|IL1VL,58,I1L,0.25,0.1,0.01,3,0,1,0.3333333333333333,0
atanas,3,deterministic,FUGW (G+A; official),test,2023-01-19-08,93,RICR,/home/ubuntu/klb/nuclr/nuclr/Data/Atanas_SF_unified_000776/cv5_grouped_v1/fold_3/test/train__2023-01-19-08__9b5cf9ce.npz,2023-01-16-15,1,87,25,38,RICR,RICR|FLPR|AINR|AVDR|AVJR,83,AINR,0.25,0.1,0.01,1,1,1,1.0,0
atanas,3,deterministic,FUGW (G+A; official),test,2023-01-19-08,94,IL1L,/home/ubuntu/klb/nuclr/nuclr/Data/Atanas_SF_unified_000776/cv5_grouped_v1/fold_3/test/train__2023-01-19-08__9b5cf9ce.npz,2023-01-16-15,1,87,67,39,OLQVL,OLQVL|AVAL|IL1L|URYVL|IL1VL,26,OLQVL,0.25,0.1,0.01,3,0,1,0.3333333333333333,0
atanas,3,deterministic,FUGW (G+A; official),test,2023-01-19-08,95,AVAL,/home/ubuntu/klb/nuclr/nuclr/Data/Atanas_SF_unified_000776/cv5_grouped_v1/fold_3/test/train__2023-01-19-08__9b5cf9ce.npz,2023-01-16-15,1,87,35,52,AVAL,AVAL|SIBVR|AWAL|ASIR|ASGL,73,IL2L,0.25,0.1,0.01,1,1,1,1.0,0
atanas,3,deterministic,FUGW (G+A; official),test,2023-01-19-08,96,CEPDR,/home/ubuntu/klb/nuclr/nuclr/Data/Atanas_SF_unified_000776/cv5_grouped_v1/fold_3/test/train__2023-01-19-08__9b5cf9ce.npz,2023-01-16-15,1,87,22,35,CEPDR,CEPDR|URXR|M1|RIVR|ASGR,22,CEPDR,0.25,0.1,0.01,1,1,1,1.0,1
atanas,3,deterministic,FUGW (G+A; official),test,2023-01-19-08,97,NSML,/home/ubuntu/klb/nuclr/nuclr/Data/Atanas_SF_unified_000776/cv5_grouped_v1/fold_3/test/train__2023-01-19-08__9b5cf9ce.npz,2023-01-16-15,1,87,59,120,IL2VL,IL2VL|I1L|I2L|IL1VL|MCL,6,I2L,0.25,0.1,0.01,6,0,0,0.16666666666666666,0
atanas,3,deterministic,FUGW (G+A; official),test,2023-01-19-08,98,BAGL,/home/ubuntu/klb/nuclr/nuclr/Data/Atanas_SF_unified_000776/cv5_grouped_v1/fold_3/test/train__2023-01-19-08__9b5cf9ce.npz,2023-01-16-15,1,87,79,113,BAGL,BAGL|RIBL|AVAL|SIBVR|ASIR,79,BAGL,0.25,0.1,0.01,1,1,1,1.0,1
atanas,3,deterministic,FUGW (G+A; official),test,2023-01-19-08,103,AQR,/home/ubuntu/klb/nuclr/nuclr/Data/Atanas_SF_unified_000776/cv5_grouped_v1/fold_3/test/train__2023-01-19-08__9b5cf9ce.npz,2023-01-16-15,0,87,-1,38,RICR,RICR|FLPR|AVDR|AINR|AUAR,55,FLPR,0.25,0.1,0.01,-1,0,0,0.0,0
atanas,3,deterministic,FUGW (G+A; official),test,2023-01-19-08,106,OLLR,/home/ubuntu/klb/nuclr/nuclr/Data/Atanas_SF_unified_000776/cv5_grouped_v1/fold_3/test/train__2023-01-19-08__9b5cf9ce.npz,2023-01-16-15,1,87,86,122,OLLR,OLLR|IL2DR|URBR|RMER|IL1R,21,IL2DR,0.25,0.1,0.01,1,1,1,1.0,0
atanas,3,deterministic,FUGW (G+A; official),test,2023-01-19-08,107,RIVL,/home/ubuntu/klb/nuclr/nuclr/Data/Atanas_SF_unified_000776/cv5_grouped_v1/fold_3/test/train__2023-01-19-08__9b5cf9ce.npz,2023-01-16-15,1,87,17,26,RIVL,RIVL|M5|ASIR|I6|ASGL,17,RIVL,0.25,0.1,0.01,1,1,1,1.0,1
atanas,3,deterministic,FUGW (G+A; official),test,2023-01-19-08,108,NSMR,/home/ubuntu/klb/nuclr/nuclr/Data/Atanas_SF_unified_000776/cv5_grouped_v1/fold_3/test/train__2023-01-19-08__9b5cf9ce.npz,2023-01-16-15,1,87,51,75,NSMR,NSMR|IL1R|URYVR|OLQVR|I2R,51,NSMR,0.25,0.1,0.01,1,1,1,1.0,1
atanas,3,deterministic,FUGW (G+A; official),test,2023-01-19-08,109,AINL,/home/ubuntu/klb/nuclr/nuclr/Data/Atanas_SF_unified_000776/cv5_grouped_v1/fold_3/test/train__2023-01-19-08__9b5cf9ce.npz,2023-01-16-15,1,87,64,19,M5,M5|RIVL|AVJL|AINL|I6,66,SMDVL,0.25,0.1,0.01,4,0,1,0.25,0
atanas,3,deterministic,FUGW (G+A; official),test,2023-01-19-08,110,AIZL,/home/ubuntu/klb/nuclr/nuclr/Data/Atanas_SF_unified_000776/cv5_grouped_v1/fold_3/test/train__2023-01-19-08__9b5cf9ce.npz,2023-01-16-15,1,87,43,57,AUAL,AUAL|RMDDL|RICL|AWCL|AIBL,39,AUAL,0.25,0.1,0.01,10,0,0,0.1,0
atanas,3,deterministic,FUGW (G+A; official),test,2023-01-19-08,112,AIZR,/home/ubuntu/klb/nuclr/nuclr/Data/Atanas_SF_unified_000776/cv5_grouped_v1/fold_3/test/train__2023-01-19-08__9b5cf9ce.npz,2023-01-16-15,1,87,68,118,AINR,AINR|AVJR|RIVR|FLPR|RICR,-1,,0.25,0.1,0.01,13,0,0,0.07692307692307693,0
atanas,3,deterministic,FUGW (G+A; official),test,2023-01-19-08,113,AIBL,/home/ubuntu/klb/nuclr/nuclr/Data/Atanas_SF_unified_000776/cv5_grouped_v1/fold_3/test/train__2023-01-19-08__9b5cf9ce.npz,2023-01-16-15,1,87,33,31,RIR,RIR|RMDDL|RIH|SIBVR|AIBL,33,AIBL,0.25,0.1,0.01,5,0,1,0.2,1
atanas,3,deterministic,FUGW (G+A; official),test,2023-01-19-08,116,URYVR,/home/ubuntu/klb/nuclr/nuclr/Data/Atanas_SF_unified_000776/cv5_grouped_v1/fold_3/test/train__2023-01-19-08__9b5cf9ce.npz,2023-01-16-15,1,87,80,76,RMER,RMER|URBR|OLQVR|IL1R|OLLR,38,OLQVR,0.25,0.1,0.01,31,0,0,0.03225806451612903,0
atanas,3,deterministic,FUGW (G+A; official),test,2023-01-19-08,118,M3R,/home/ubuntu/klb/nuclr/nuclr/Data/Atanas_SF_unified_000776/cv5_grouped_v1/fold_3/test/train__2023-01-19-08__9b5cf9ce.npz,2023-01-16-15,1,87,54,55,OLQVR,OLQVR|IL1R|NSMR|IL2VR|M3R,54,M3R,0.25,0.1,0.01,5,0,1,0.2,1
atanas,3,deterministic,FUGW (G+A; official),test,2023-01-19-08,119,RIAL,/home/ubuntu/klb/nuclr/nuclr/Data/Atanas_SF_unified_000776/cv5_grouped_v1/fold_3/test/train__2023-01-19-08__9b5cf9ce.npz,2023-01-16-15,0,87,-1,73,SAAVL,SAAVL|AWBL|RMDVL|SMDVL|AIBL,69,RMEL,0.25,0.1,0.01,-1,0,0,0.0,0
atanas,3,deterministic,FUGW (G+A; official),test,2023-01-19-08,122,IL2VL,/home/ubuntu/klb/nuclr/nuclr/Data/Atanas_SF_unified_000776/cv5_grouped_v1/fold_3/test/train__2023-01-19-08__9b5cf9ce.npz,2023-01-16-15,1,87,84,120,IL2VL,IL2VL|URYVR|I1R|I2R|I1L,84,IL2VL,0.25,0.1,0.01,1,1,1,1.0,1
atanas,3,deterministic,FUGW (G+A; official),test,2023-01-19-08,124,ADLL,/home/ubuntu/klb/nuclr/nuclr/Data/Atanas_SF_unified_000776/cv5_grouped_v1/fold_3/test/train__2023-01-19-08__9b5cf9ce.npz,2023-01-16-15,0,87,-1,9,I6,I6|RID|URXL|CEPDL|AWAL,2,AWAL,0.25,0.1,0.01,-1,0,0,0.0,0
atanas,3,deterministic,FUGW (G+A; official),test,2023-01-19-08,127,URBL,/home/ubuntu/klb/nuclr/nuclr/Data/Atanas_SF_unified_000776/cv5_grouped_v1/fold_3/test/train__2023-01-19-08__9b5cf9ce.npz,2023-01-16-15,1,87,60,36,URYVL,URYVL|IL1L|NSML|URBL|IL2L,23,URYVL,0.25,0.1,0.01,4,0,1,0.25,0
atanas,3,deterministic,FUGW (G+A; official),test,2023-01-19-08,128,RIAR,/home/ubuntu/klb/nuclr/nuclr/Data/Atanas_SF_unified_000776/cv5_grouped_v1/fold_3/test/train__2023-01-19-08__9b5cf9ce.npz,2023-01-16-15,0,87,-1,51,AVDR,AVDR|AINR|FLPR|AUAR|AVJR,65,AWBR,0.25,0.1,0.01,-1,0,0,0.0,0
atanas,3,deterministic,FUGW (G+A; official),test,2023-01-19-08,132,M1,/home/ubuntu/klb/nuclr/nuclr/Data/Atanas_SF_unified_000776/cv5_grouped_v1/fold_3/test/train__2023-01-19-08__9b5cf9ce.npz,2023-01-16-15,1,87,62,87,M1,M1|RIVR|CEPDR|I6|URXR,62,M1,0.25,0.1,0.01,1,1,1,1.0,1
atanas,3,deterministic,FUGW (G+A; official),test,2023-01-19-08,133,OLQDL,/home/ubuntu/klb/nuclr/nuclr/Data/Atanas_SF_unified_000776/cv5_grouped_v1/fold_3/test/train__2023-01-19-08__9b5cf9ce.npz,2023-01-16-15,1,87,75,107,OLQDL,OLQDL|URYDL|M4|URXL|OLQDR,75,OLQDL,0.25,0.1,0.01,1,1,1,1.0,1
atanas,3,deterministic,FUGW (G+A; official),test,2023-01-19-08,134,AWBL,/home/ubuntu/klb/nuclr/nuclr/Data/Atanas_SF_unified_000776/cv5_grouped_v1/fold_3/test/train__2023-01-19-08__9b5cf9ce.npz,2023-01-16-15,1,87,13,64,ASGL,ASGL|ASEL|ASIR|AWBL|AWAL,85,ASEL,0.25,0.1,0.01,4,0,1,0.25,0
atanas,3,deterministic,FUGW (G+A; official),test,2023-01-19-08,135,RMER,/home/ubuntu/klb/nuclr/nuclr/Data/Atanas_SF_unified_000776/cv5_grouped_v1/fold_3/test/train__2023-01-19-08__9b5cf9ce.npz,2023-01-16-15,1,87,52,122,OLLR,OLLR|RMER|URBR|IL2DR|AWBR,86,OLLR,0.25,0.1,0.01,2,0,1,0.5,0
atanas,3,deterministic,FUGW (G+A; official),test,2023-01-19-08,138,CEPVR,/home/ubuntu/klb/nuclr/nuclr/Data/Atanas_SF_unified_000776/cv5_grouped_v1/fold_3/test/train__2023-01-19-08__9b5cf9ce.npz,2023-01-16-15,1,87,5,47,SMDDR,SMDDR|AIZR|AIBR|CEPVR|AVER,-1,,0.25,0.1,0.01,4,0,1,0.25,0
atanas,3,deterministic,FUGW (G+A; official),test,2023-01-19-08,139,ADEL,/home/ubuntu/klb/nuclr/nuclr/Data/Atanas_SF_unified_000776/cv5_grouped_v1/fold_3/test/train__2023-01-19-08__9b5cf9ce.npz,2023-01-16-15,1,87,74,106,ADEL,ADEL|AIZL|AINL|FLPL|RICL,64,AINL,0.25,0.1,0.01,1,1,1,1.0,0
atanas,3,deterministic,FUGW (G+A; official),test,2023-01-19-08,140,ASGL,/home/ubuntu/klb/nuclr/nuclr/Data/Atanas_SF_unified_000776/cv5_grouped_v1/fold_3/test/train__2023-01-19-08__9b5cf9ce.npz,2023-01-16-15,1,87,44,65,ASIR,ASIR|RIBL|AVAL|AWAL|ASGL,45,ASIR,0.25,0.1,0.01,5,0,1,0.2,0
atanas,3,deterministic,FUGW (G+A; official),test,2023-01-19-08,141,I3,/home/ubuntu/klb/nuclr/nuclr/Data/Atanas_SF_unified_000776/cv5_grouped_v1/fold_3/test/train__2023-01-19-08__9b5cf9ce.npz,2023-01-16-15,1,87,40,58,I3,I3|M4|M3L|IL2DR|MCL,70,M3L,0.25,0.1,0.01,1,1,1,1.0,0
atanas,3,deterministic,FUGW (G+A; official),test,2023-01-19-08,142,URYVL,/home/ubuntu/klb/nuclr/nuclr/Data/Atanas_SF_unified_000776/cv5_grouped_v1/fold_3/test/train__2023-01-19-08__9b5cf9ce.npz,2023-01-16-15,1,87,23,48,IL1VL,IL1VL|CEPVL|OLQVL|URYVL|M3L,32,IL1VL,0.25,0.1,0.01,4,0,1,0.25,0
atanas,3,deterministic,FUGW (G+A; official),test,2023-01-19-08,144,RMDVR,/home/ubuntu/klb/nuclr/nuclr/Data/Atanas_SF_unified_000776/cv5_grouped_v1/fold_3/test/train__2023-01-19-08__9b5cf9ce.npz,2023-01-16-15,0,87,-1,51,AVDR,AVDR|AINR|FLPR|AVJR|AUAR,34,AVDR,0.25,0.1,0.01,-1,0,0,0.0,0
atanas,3,deterministic,FUGW (G+A; official),test,2023-01-19-08,145,AVJL,/home/ubuntu/klb/nuclr/nuclr/Data/Atanas_SF_unified_000776/cv5_grouped_v1/fold_3/test/train__2023-01-19-08__9b5cf9ce.npz,2023-01-16-15,1,87,72,19,M5,M5|RIVL|I6|AVJL|AINL,11,M5,0.25,0.1,0.01,4,0,1,0.25,0
atanas,3,deterministic,FUGW (G+A; official),test,2023-01-19-08,146,URADL,/home/ubuntu/klb/nuclr/nuclr/Data/Atanas_SF_unified_000776/cv5_grouped_v1/fold_3/test/train__2023-01-19-08__9b5cf9ce.npz,2023-01-16-15,0,87,-1,85,URBL,URBL|OLLL|OLQDL|URYDL|RMEL,8,OLLL,0.25,0.1,0.01,-1,0,0,0.0,0
atanas,3,deterministic,FUGW (G+A; official),test,2023-01-23-15,0,ADAL,/home/ubuntu/klb/nuclr/nuclr/Data/Atanas_SF_unified_000776/cv5_grouped_v1/fold_3/test/train__2023-01-23-15__ff6df852.npz,2023-01-16-15,0,87,-1,53,FLPL,FLPL|ADEL|M5|RICL|AIZL,36,FLPL,0.25,0.1,0.01,-1,0,0,0.0,0
atanas,3,deterministic,FUGW (G+A; official),test,2023-01-23-15,1,I2R,/home/ubuntu/klb/nuclr/nuclr/Data/Atanas_SF_unified_000776/cv5_grouped_v1/fold_3/test/train__2023-01-23-15__ff6df852.npz,2023-01-16-15,1,87,53,114,URYVR,URYVR|I2R|NSMR|I1R|MCR,51,NSMR,0.25,0.1,0.01,2,0,1,0.5,0
atanas,3,deterministic,FUGW (G+A; official),test,2023-01-23-15,3,RMER,/home/ubuntu/klb/nuclr/nuclr/Data/Atanas_SF_unified_000776/cv5_grouped_v1/fold_3/test/train__2023-01-23-15__ff6df852.npz,2023-01-16-15,1,87,52,76,RMER,RMER|URBR|OLLR|IL1R|OLQVR,27,URBR,0.25,0.1,0.01,1,1,1,1.0,0
atanas,3,deterministic,FUGW (G+A; official),test,2023-01-23-15,4,RMDDR,/home/ubuntu/klb/nuclr/nuclr/Data/Atanas_SF_unified_000776/cv5_grouped_v1/fold_3/test/train__2023-01-23-15__ff6df852.npz,2023-01-16-15,0,87,-1,68,RIH,RIH|CEPVR|AVL|RIR|RMDDL,5,CEPVR,0.25,0.1,0.01,-1,0,0,0.0,0
atanas,3,deterministic,FUGW (G+A; official),test,2023-01-23-15,6,IL1DR,/home/ubuntu/klb/nuclr/nuclr/Data/Atanas_SF_unified_000776/cv5_grouped_v1/fold_3/test/train__2023-01-23-15__ff6df852.npz,2023-01-16-15,1,87,48,33,IL2DR,IL2DR|I3|IL1DR|OLLR|URBR,48,IL1DR,0.25,0.1,0.01,3,0,1,0.3333333333333333,1
atanas,3,deterministic,FUGW (G+A; official),test,2023-01-23-15,8,AVEL,/home/ubuntu/klb/nuclr/nuclr/Data/Atanas_SF_unified_000776/cv5_grouped_v1/fold_3/test/train__2023-01-23-15__ff6df852.npz,2023-01-16-15,0,87,-1,17,AWCL,AWCL|AIBL|AUAL|RMDVL|AVAL,-1,,0.25,0.1,0.01,-1,0,0,0.0,0
atanas,3,deterministic,FUGW (G+A; official),test,2023-01-23-15,10,I1L,/home/ubuntu/klb/nuclr/nuclr/Data/Atanas_SF_unified_000776/cv5_grouped_v1/fold_3/test/train__2023-01-23-15__ff6df852.npz,2023-01-16-15,1,87,58,82,I1L,I1L|IL2VL|I1R|I2L|MCL,58,I1L,0.25,0.1,0.01,1,1,1,1.0,1
atanas,3,deterministic,FUGW (G+A; official),test,2023-01-23-15,11,SAAVL,/home/ubuntu/klb/nuclr/nuclr/Data/Atanas_SF_unified_000776/cv5_grouped_v1/fold_3/test/train__2023-01-23-15__ff6df852.npz,2023-01-16-15,1,87,50,73,SAAVL,SAAVL|AWAL|SMDVL|AVAL|ASGL,50,SAAVL,0.25,0.1,0.01,1,1,1,1.0,1
atanas,3,deterministic,FUGW (G+A; official),test,2023-01-23-15,12,RID,/home/ubuntu/klb/nuclr/nuclr/Data/Atanas_SF_unified_000776/cv5_grouped_v1/fold_3/test/train__2023-01-23-15__ff6df852.npz,2023-01-16-15,1,87,61,86,RID,RID|URXR|CEPDR|URXL|OLQDR,61,RID,0.25,0.1,0.01,1,1,1,1.0,1
atanas,3,deterministic,FUGW (G+A; official),test,2023-01-23-15,13,ADLR,/home/ubuntu/klb/nuclr/nuclr/Data/Atanas_SF_unified_000776/cv5_grouped_v1/fold_3/test/train__2023-01-23-15__ff6df852.npz,2023-01-16-15,0,87,-1,35,CEPDR,CEPDR|URXR|M1|RIVR|ASGR,-1,,0.25,0.1,0.01,-1,0,0,0.0,0
atanas,3,deterministic,FUGW (G+A; official),test,2023-01-23-15,15,URADL,/home/ubuntu/klb/nuclr/nuclr/Data/Atanas_SF_unified_000776/cv5_grouped_v1/fold_3/test/train__2023-01-23-15__ff6df852.npz,2023-01-16-15,0,87,-1,85,URBL,URBL|OLLL|IL1DL|IL2DL|IL2L,60,URBL,0.25,0.1,0.01,-1,0,0,0.0,0
atanas,3,deterministic,FUGW (G+A; official),test,2023-01-23-15,18,RIMR,/home/ubuntu/klb/nuclr/nuclr/Data/Atanas_SF_unified_000776/cv5_grouped_v1/fold_3/test/train__2023-01-23-15__ff6df852.npz,2023-01-16-15,0,87,-1,72,AIBR,AIBR|AVER|AIZR|SMDDR|AWAR,49,AIBR,0.25,0.1,0.01,-1,0,0,0.0,0
atanas,3,deterministic,FUGW (G+A; official),test,2023-01-23-15,22,ASGL,/home/ubuntu/klb/nuclr/nuclr/Data/Atanas_SF_unified_000776/cv5_grouped_v1/fold_3/test/train__2023-01-23-15__ff6df852.npz,2023-01-16-15,1,87,44,26,RIVL,RIVL|ASIR|I6|ASGL|AWAL,17,RIVL,0.25,0.1,0.01,4,0,1,0.25,0
atanas,3,deterministic,FUGW (G+A; official),test,2023-01-23-15,23,AINL,/home/ubuntu/klb/nuclr/nuclr/Data/Atanas_SF_unified_000776/cv5_grouped_v1/fold_3/test/train__2023-01-23-15__ff6df852.npz,2023-01-16-15,1,87,64,89,AINL,AINL|AVJL|AIZL|ADEL|AVDL,64,AINL,0.25,0.1,0.01,1,1,1,1.0,1
atanas,3,deterministic,FUGW (G+A; official),test,2023-01-23-15,24,AWBR,/home/ubuntu/klb/nuclr/nuclr/Data/Atanas_SF_unified_000776/cv5_grouped_v1/fold_3/test/train__2023-01-23-15__ff6df852.npz,2023-01-16-15,1,87,65,118,AINR,AINR|AVJR|AVDR|AWBR|FLPR,18,AVJR,0.25,0.1,0.01,4,0,1,0.25,0
atanas,3,deterministic,FUGW (G+A; official),test,2023-01-23-15,25,M1,/home/ubuntu/klb/nuclr/nuclr/Data/Atanas_SF_unified_000776/cv5_grouped_v1/fold_3/test/train__2023-01-23-15__ff6df852.npz,2023-01-16-15,1,87,62,87,M1,M1|RIVR|CEPDR|URXR|ASGR,62,M1,0.25,0.1,0.01,1,1,1,1.0,1
atanas,3,deterministic,FUGW (G+A; official),test,2023-01-23-15,26,RIML,/home/ubuntu/klb/nuclr/nuclr/Data/Atanas_SF_unified_000776/cv5_grouped_v1/fold_3/test/train__2023-01-23-15__ff6df852.npz,2023-01-16-15,0,87,-1,115,SIBVR,SIBVR|RIR|RMDDL|AUAL|AIBL,81,SIBVR,0.25,0.1,0.01,-1,0,0,0.0,0
atanas,3,deterministic,FUGW (G+A; official),test,2023-01-23-15,29,AIBR,/home/ubuntu/klb/nuclr/nuclr/Data/Atanas_SF_unified_000776/cv5_grouped_v1/fold_3/test/train__2023-01-23-15__ff6df852.npz,2023-01-16-15,1,87,49,81,AVER,AVER|AIBR|RIH|CEPVR|AVL,57,AVER,0.25,0.1,0.01,2,0,1,0.5,0
atanas,3,deterministic,FUGW (G+A; official),test,2023-01-23-15,31,AWCL,/home/ubuntu/klb/nuclr/nuclr/Data/Atanas_SF_unified_000776/cv5_grouped_v1/fold_3/test/train__2023-01-23-15__ff6df852.npz,2023-01-16-15,1,87,9,17,AWCL,AWCL|AUAL|AIZL|RMDVL|AVDL,9,AWCL,0.25,0.1,0.01,1,1,1,1.0,1
atanas,3,deterministic,FUGW (G+A; official),test,2023-01-23-15,32,URXR,/home/ubuntu/klb/nuclr/nuclr/Data/Atanas_SF_unified_000776/cv5_grouped_v1/fold_3/test/train__2023-01-23-15__ff6df852.npz,2023-01-16-15,1,87,28,43,URXR,URXR|RID|CEPDR|OLQDR|URXL,28,URXR,0.25,0.1,0.01,1,1,1,1.0,1
atanas,3,deterministic,FUGW (G+A; official),test,2023-01-23-15,34,RIVL,/home/ubuntu/klb/nuclr/nuclr/Data/Atanas_SF_unified_000776/cv5_grouped_v1/fold_3/test/train__2023-01-23-15__ff6df852.npz,2023-01-16-15,1,87,17,9,I6,I6|M5|RIVL|CEPDL|ASIR,4,I6,0.25,0.1,0.01,3,0,1,0.3333333333333333,0
atanas,3,deterministic,FUGW (G+A; official),test,2023-01-23-15,35,AVL,/home/ubuntu/klb/nuclr/nuclr/Data/Atanas_SF_unified_000776/cv5_grouped_v1/fold_3/test/train__2023-01-23-15__ff6df852.npz,2023-01-16-15,1,87,63,47,SMDDR,SMDDR|AIZR|AVL|AIBR|RIH,31,SMDDR,0.25,0.1,0.01,3,0,1,0.3333333333333333,0
atanas,3,deterministic,FUGW (G+A; official),test,2023-01-23-15,37,URYVL,/home/ubuntu/klb/nuclr/nuclr/Data/Atanas_SF_unified_000776/cv5_grouped_v1/fold_3/test/train__2023-01-23-15__ff6df852.npz,2023-01-16-15,1,87,23,48,IL1VL,IL1VL|URYVL|M3L|OLQVL|URBL,32,IL1VL,0.25,0.1,0.01,2,0,1,0.5,0
atanas,3,deterministic,FUGW (G+A; official),test,2023-01-23-15,40,SMDVL,/home/ubuntu/klb/nuclr/nuclr/Data/Atanas_SF_unified_000776/cv5_grouped_v1/fold_3/test/train__2023-01-23-15__ff6df852.npz,2023-01-16-15,1,87,66,8,CEPDL,CEPDL|SMDVL|I6|RIVL|URXL,66,SMDVL,0.25,0.1,0.01,2,0,1,0.5,1
atanas,3,deterministic,FUGW (G+A; official),test,2023-01-23-15,41,IL2DR,/home/ubuntu/klb/nuclr/nuclr/Data/Atanas_SF_unified_000776/cv5_grouped_v1/fold_3/test/train__2023-01-23-15__ff6df852.npz,2023-01-16-15,1,87,21,58,I3,I3|IL2DR|M4|MCR|I1R,40,I3,0.25,0.1,0.01,2,0,1,0.5,0
atanas,3,deterministic,FUGW (G+A; official),test,2023-01-23-15,42,AWAL,/home/ubuntu/klb/nuclr/nuclr/Data/Atanas_SF_unified_000776/cv5_grouped_v1/fold_3/test/train__2023-01-23-15__ff6df852.npz,2023-01-16-15,1,87,2,9,I6,I6|AWAL|CEPDL|ASGL|URXL,44,ASGL,0.25,0.1,0.01,2,0,1,0.5,0
atanas,3,deterministic,FUGW (G+A; official),test,2023-01-23-15,43,RMDL,/home/ubuntu/klb/nuclr/nuclr/Data/Atanas_SF_unified_000776/cv5_grouped_v1/fold_3/test/train__2023-01-23-15__ff6df852.npz,2023-01-16-15,0,87,-1,17,AWCL,AWCL|RMDDL|AUAL|AIBL|RMDVL,-1,,0.25,0.1,0.01,-1,0,0,0.0,0
atanas,3,deterministic,FUGW (G+A; official),test,2023-01-23-15,45,AVBL,/home/ubuntu/klb/nuclr/nuclr/Data/Atanas_SF_unified_000776/cv5_grouped_v1/fold_3/test/train__2023-01-23-15__ff6df852.npz,2023-01-16-15,0,87,-1,46,RIBL,RIBL|BAGL|ASIR|AVAL|SIBVR,79,BAGL,0.25,0.1,0.01,-1,0,0,0.0,0
atanas,3,deterministic,FUGW (G+A; official),test,2023-01-23-15,46,URYDR,/home/ubuntu/klb/nuclr/nuclr/Data/Atanas_SF_unified_000776/cv5_grouped_v1/fold_3/test/train__2023-01-23-15__ff6df852.npz,2023-01-16-15,0,87,-1,122,OLLR,OLLR|URBR|RMER|IL1DR|OLQDR,86,OLLR,0.25,0.1,0.01,-1,0,0,0.0,0
atanas,3,deterministic,FUGW (G+A; official),test,2023-01-23-15,47,RIVR,/home/ubuntu/klb/nuclr/nuclr/Data/Atanas_SF_unified_000776/cv5_grouped_v1/fold_3/test/train__2023-01-23-15__ff6df852.npz,2023-01-16-15,1,87,20,32,RIVR,RIVR|M1|CEPDR|ASGR|URXR,20,RIVR,0.25,0.1,0.01,1,1,1,1.0,1
atanas,3,deterministic,FUGW (G+A; official),test,2023-01-23-15,49,AVJL,/home/ubuntu/klb/nuclr/nuclr/Data/Atanas_SF_unified_000776/cv5_grouped_v1/fold_3/test/train__2023-01-23-15__ff6df852.npz,2023-01-16-15,1,87,72,104,AVJL,AVJL|AINL|RIVL|AVDL|AWBL,72,AVJL,0.25,0.1,0.01,1,1,1,1.0,1
atanas,3,deterministic,FUGW (G+A; official),test,2023-01-23-15,50,URBR,/home/ubuntu/klb/nuclr/nuclr/Data/Atanas_SF_unified_000776/cv5_grouped_v1/fold_3/test/train__2023-01-23-15__ff6df852.npz,2023-01-16-15,1,87,27,18,IL1R,IL1R|URBR|OLQVR|RMER|OLLR,38,OLQVR,0.25,0.1,0.01,2,0,1,0.5,0
atanas,3,deterministic,FUGW (G+A; official),test,2023-01-23-15,51,NSML,/home/ubuntu/klb/nuclr/nuclr/Data/Atanas_SF_unified_000776/cv5_grouped_v1/fold_3/test/train__2023-01-23-15__ff6df852.npz,2023-01-16-15,1,87,59,11,I2L,I2L|NSML|IL2VL|I1L|MCL,59,NSML,0.25,0.1,0.01,2,0,1,0.5,1
atanas,3,deterministic,FUGW (G+A; official),test,2023-01-23-15,54,ADEL,/home/ubuntu/klb/nuclr/nuclr/Data/Atanas_SF_unified_000776/cv5_grouped_v1/fold_3/test/train__2023-01-23-15__ff6df852.npz,2023-01-16-15,1,87,74,53,FLPL,FLPL|RICL|ADEL|AIZL|AINL,24,RICL,0.25,0.1,0.01,3,0,1,0.3333333333333333,0
atanas,3,deterministic,FUGW (G+A; official),test,2023-01-23-15,55,OLQDL,/home/ubuntu/klb/nuclr/nuclr/Data/Atanas_SF_unified_000776/cv5_grouped_v1/fold_3/test/train__2023-01-23-15__ff6df852.npz,2023-01-16-15,1,87,75,2,URYDL,URYDL|RMEL|OLQDL|OLLL|IL1DL,0,URYDL,0.25,0.1,0.01,3,0,1,0.3333333333333333,0
atanas,3,deterministic,FUGW (G+A; official),test,2023-01-23-15,56,RMED,/home/ubuntu/klb/nuclr/nuclr/Data/Atanas_SF_unified_000776/cv5_grouped_v1/fold_3/test/train__2023-01-23-15__ff6df852.npz,2023-01-16-15,0,87,-1,86,RID,RID|OLQDL|BAGL|AVAL|AWAL,75,OLQDL,0.25,0.1,0.01,-1,0,0,0.0,0
atanas,3,deterministic,FUGW (G+A; official),test,2023-01-23-15,58,RICL,/home/ubuntu/klb/nuclr/nuclr/Data/Atanas_SF_unified_000776/cv5_grouped_v1/fold_3/test/train__2023-01-23-15__ff6df852.npz,2023-01-16-15,1,87,24,37,RICL,RICL|AIZL|AUAL|FLPL|ADEL,39,AUAL,0.25,0.1,0.01,1,1,1,1.0,0
atanas,3,deterministic,FUGW (G+A; official),test,2023-01-23-15,59,RIS,/home/ubuntu/klb/nuclr/nuclr/Data/Atanas_SF_unified_000776/cv5_grouped_v1/fold_3/test/train__2023-01-23-15__ff6df852.npz,2023-01-16-15,0,87,-1,47,SMDDR,SMDDR|RIR|SIBVR|AIZR|AVL,-1,,0.25,0.1,0.01,-1,0,0,0.0,0
atanas,3,deterministic,FUGW (G+A; official),test,2023-01-23-15,60,FLPR,/home/ubuntu/klb/nuclr/nuclr/Data/Atanas_SF_unified_000776/cv5_grouped_v1/fold_3/test/train__2023-01-23-15__ff6df852.npz,2023-01-16-15,1,87,55,38,RICR,RICR|FLPR|AVDR|AUAR|AIZR,12,AUAR,0.25,0.1,0.01,2,0,1,0.5,0
atanas,3,deterministic,FUGW (G+A; official),test,2023-01-23-15,61,IL2L,/home/ubuntu/klb/nuclr/nuclr/Data/Atanas_SF_unified_000776/cv5_grouped_v1/fold_3/test/train__2023-01-23-15__ff6df852.npz,2023-01-16-15,1,87,73,83,NSML,NSML|IL2L|URYVL|I2L|IL1VL,73,IL2L,0.25,0.1,0.01,2,0,1,0.5,1
atanas,3,deterministic,FUGW (G+A; official),test,2023-01-23-15,62,AVAL,/home/ubuntu/klb/nuclr/nuclr/Data/Atanas_SF_unified_000776/cv5_grouped_v1/fold_3/test/train__2023-01-23-15__ff6df852.npz,2023-01-16-15,1,87,35,52,AVAL,AVAL|AWAL|ASIR|ASGL|AIBL,35,AVAL,0.25,0.1,0.01,1,1,1,1.0,1
atanas,3,deterministic,FUGW (G+A; official),test,2023-01-23-15,63,IL1L,/home/ubuntu/klb/nuclr/nuclr/Data/Atanas_SF_unified_000776/cv5_grouped_v1/fold_3/test/train__2023-01-23-15__ff6df852.npz,2023-01-16-15,1,87,67,48,IL1VL,IL1VL|URYVL|M3L|IL2L|IL1L,23,URYVL,0.25,0.1,0.01,5,0,1,0.2,0
atanas,3,deterministic,FUGW (G+A; official),test,2023-01-23-15,64,AVAR,/home/ubuntu/klb/nuclr/nuclr/Data/Atanas_SF_unified_000776/cv5_grouped_v1/fold_3/test/train__2023-01-23-15__ff6df852.npz,2023-01-16-15,0,87,-1,20,AUAR,AUAR|AWAR|ASGR|AWBR|AIBR,41,AWAR,0.25,0.1,0.01,-1,0,0,0.0,0
atanas,3,deterministic,FUGW (G+A; official),test,2023-01-23-15,68,AWCR,/home/ubuntu/klb/nuclr/nuclr/Data/Atanas_SF_unified_000776/cv5_grouped_v1/fold_3/test/train__2023-01-23-15__ff6df852.npz,2023-01-16-15,0,87,-1,20,AUAR,AUAR|AIZR|AVDR|AWBR|AIBR,-1,,0.25,0.1,0.01,-1,0,0,0.0,0
atanas,3,deterministic,FUGW (G+A; official),test,2023-01-23-15,69,RMEL,/home/ubuntu/klb/nuclr/nuclr/Data/Atanas_SF_unified_000776/cv5_grouped_v1/fold_3/test/train__2023-01-23-15__ff6df852.npz,2023-01-16-15,1,87,69,98,IL1L,IL1L|URYVL|IL2L|URBL|OLQVL,26,OLQVL,0.25,0.1,0.01,8,0,0,0.125,0
atanas,3,deterministic,FUGW (G+A; official),test,2023-01-23-15,70,IL2VR,/home/ubuntu/klb/nuclr/nuclr/Data/Atanas_SF_unified_000776/cv5_grouped_v1/fold_3/test/train__2023-01-23-15__ff6df852.npz,2023-01-16-15,1,87,78,114,URYVR,URYVR|I2R|NSMR|I1R|MCR,80,URYVR,0.25,0.1,0.01,6,0,0,0.16666666666666666,0
atanas,3,deterministic,FUGW (G+A; official),test,2023-01-23-15,72,AVER,/home/ubuntu/klb/nuclr/nuclr/Data/Atanas_SF_unified_000776/cv5_grouped_v1/fold_3/test/train__2023-01-23-15__ff6df852.npz,2023-01-16-15,1,87,57,81,AVER,AVER|AIBR|CEPVR|RMER|OLQVR,-1,,0.25,0.1,0.01,1,1,1,1.0,0
atanas,3,deterministic,FUGW (G+A; official),test,2023-01-23-15,73,VB02,/home/ubuntu/klb/nuclr/nuclr/Data/Atanas_SF_unified_000776/cv5_grouped_v1/fold_3/test/train__2023-01-23-15__ff6df852.npz,2023-01-16-15,0,87,-1,115,SIBVR,SIBVR|RMDDL|RIR|AVL|SMDDR,-1,,0.25,0.1,0.01,-1,0,0,0.0,0
atanas,3,deterministic,FUGW (G+A; official),test,2023-01-23-15,74,URADR,/home/ubuntu/klb/nuclr/nuclr/Data/Atanas_SF_unified_000776/cv5_grouped_v1/fold_3/test/train__2023-01-23-15__ff6df852.npz,2023-01-16-15,0,87,-1,33,IL2DR,IL2DR|I3|M4|IL1DR|OLQDR,21,IL2DR,0.25,0.1,0.01,-1,0,0,0.0,0
atanas,3,deterministic,FUGW (G+A; official),test,2023-01-23-15,75,RMDVR,/home/ubuntu/klb/nuclr/nuclr/Data/Atanas_SF_unified_000776/cv5_grouped_v1/fold_3/test/train__2023-01-23-15__ff6df852.npz,2023-01-16-15,0,87,-1,76,RMER,RMER|URBR|AWBR|OLLR|AVER,52,RMER,0.25,0.1,0.01,-1,0,0,0.0,0
atanas,3,deterministic,FUGW (G+A; official),test,2023-01-23-15,78,M3L,/home/ubuntu/klb/nuclr/nuclr/Data/Atanas_SF_unified_000776/cv5_grouped_v1/fold_3/test/train__2023-01-23-15__ff6df852.npz,2023-01-16-15,1,87,70,83,NSML,NSML|I2L|MCL|IL1VL|M3L,70,M3L,0.25,0.1,0.01,5,0,1,0.2,1
atanas,3,deterministic,FUGW (G+A; official),test,2023-01-23-15,80,M3R,/home/ubuntu/klb/nuclr/nuclr/Data/Atanas_SF_unified_000776/cv5_grouped_v1/fold_3/test/train__2023-01-23-15__ff6df852.npz,2023-01-16-15,1,87,54,75,NSMR,NSMR|I2R|MCR|M3R|URYVR,56,MCR,0.25,0.1,0.01,4,0,1,0.25,0
atanas,3,deterministic,FUGW (G+A; official),test,2023-01-23-15,81,AWBL,/home/ubuntu/klb/nuclr/nuclr/Data/Atanas_SF_unified_000776/cv5_grouped_v1/fold_3/test/train__2023-01-23-15__ff6df852.npz,2023-01-16-15,1,87,13,104,AVJL,AVJL|AVDL|AWBL|AINL|SMDVL,13,AWBL,0.25,0.1,0.01,3,0,1,0.3333333333333333,1
atanas,3,deterministic,FUGW (G+A; official),test,2023-01-23-15,84,M4,/home/ubuntu/klb/nuclr/nuclr/Data/Atanas_SF_unified_000776/cv5_grouped_v1/fold_3/test/train__2023-01-23-15__ff6df852.npz,2023-01-16-15,1,87,29,44,M4,M4|I3|IL2DR|M3R|IL1DR,29,M4,0.25,0.1,0.01,1,1,1,1.0,1
atanas,3,deterministic,FUGW (G+A; official),test,2023-01-23-15,85,URXL,/home/ubuntu/klb/nuclr/nuclr/Data/Atanas_SF_unified_000776/cv5_grouped_v1/fold_3/test/train__2023-01-23-15__ff6df852.npz,2023-01-16-15,1,87,37,54,URXL,URXL|CEPDL|OLQDL|SAAVL|I6,37,URXL,0.25,0.1,0.01,1,1,1,1.0,1
atanas,3,deterministic,FUGW (G+A; official),test,2023-01-23-15,86,OLLL,/home/ubuntu/klb/nuclr/nuclr/Data/Atanas_SF_unified_000776/cv5_grouped_v1/fold_3/test/train__2023-01-23-15__ff6df852.npz,2023-01-16-15,1,87,8,16,OLLL,OLLL|URBL|IL1L|OLQVL|IL2L,8,OLLL,0.25,0.1,0.01,1,1,1,1.0,1
atanas,3,deterministic,FUGW (G+A; official),test,2023-01-23-15,87,CEPDL,/home/ubuntu/klb/nuclr/nuclr/Data/Atanas_SF_unified_000776/cv5_grouped_v1/fold_3/test/train__2023-01-23-15__ff6df852.npz,2023-01-16-15,1,87,3,8,CEPDL,CEPDL|SMDVL|URXL|SAAVL|I6,3,CEPDL,0.25,0.1,0.01,1,1,1,1.0,1
atanas,3,deterministic,FUGW (G+A; official),test,2023-01-23-15,88,ASGR,/home/ubuntu/klb/nuclr/nuclr/Data/Atanas_SF_unified_000776/cv5_grouped_v1/fold_3/test/train__2023-01-23-15__ff6df852.npz,2023-01-16-15,1,87,46,66,ASGR,ASGR|AINR|AWAR|AVJR|RIVR,65,AWBR,0.25,0.1,0.01,1,1,1,1.0,0
atanas,3,deterministic,FUGW (G+A; official),test,2023-01-23-15,89,I1R,/home/ubuntu/klb/nuclr/nuclr/Data/Atanas_SF_unified_000776/cv5_grouped_v1/fold_3/test/train__2023-01-23-15__ff6df852.npz,2023-01-16-15,1,87,82,114,URYVR,URYVR|I1R|I2R|NSMR|MCR,82,I1R,0.25,0.1,0.01,2,0,1,0.5,1
atanas,3,deterministic,FUGW (G+A; official),test,2023-01-23-15,91,NSMR,/home/ubuntu/klb/nuclr/nuclr/Data/Atanas_SF_unified_000776/cv5_grouped_v1/fold_3/test/train__2023-01-23-15__ff6df852.npz,2023-01-16-15,1,87,51,114,URYVR,URYVR|I2R|NSMR|I1R|MCR,53,I2R,0.25,0.1,0.01,3,0,1,0.3333333333333333,0
atanas,3,deterministic,FUGW (G+A; official),test,2023-01-23-15,93,IL1DL,/home/ubuntu/klb/nuclr/nuclr/Data/Atanas_SF_unified_000776/cv5_grouped_v1/fold_3/test/train__2023-01-23-15__ff6df852.npz,2023-01-16-15,1,87,77,12,IL2DL,IL2DL|IL1DL|URYDL|OLLL|RMEL,77,IL1DL,0.25,0.1,0.01,2,0,1,0.5,1
atanas,3,deterministic,FUGW (G+A; official),test,2023-01-23-15,94,AVJR,/home/ubuntu/klb/nuclr/nuclr/Data/Atanas_SF_unified_000776/cv5_grouped_v1/fold_3/test/train__2023-01-23-15__ff6df852.npz,2023-01-16-15,1,87,18,118,AINR,AINR|AVJR|AVDR|FLPR|ASGR,83,AINR,0.25,0.1,0.01,2,0,1,0.5,0
atanas,3,deterministic,FUGW (G+A; official),test,2023-01-23-15,95,ASEL,/home/ubuntu/klb/nuclr/nuclr/Data/Atanas_SF_unified_000776/cv5_grouped_v1/fold_3/test/train__2023-01-23-15__ff6df852.npz,2023-01-16-15,1,87,85,22,AVDL,AVDL|AVJL|ASEL|AWBL|AINL,85,ASEL,0.25,0.1,0.01,3,0,1,0.3333333333333333,1
atanas,3,deterministic,FUGW (G+A; official),test,2023-01-23-15,96,AIZR,/home/ubuntu/klb/nuclr/nuclr/Data/Atanas_SF_unified_000776/cv5_grouped_v1/fold_3/test/train__2023-01-23-15__ff6df852.npz,2023-01-16-15,1,87,68,100,AIZR,AIZR|SMDDR|AIBR|AUAR|AVER,-1,,0.25,0.1,0.01,1,1,1,1.0,0
atanas,3,deterministic,FUGW (G+A; official),test,2023-01-23-15,97,AVDR,/home/ubuntu/klb/nuclr/nuclr/Data/Atanas_SF_unified_000776/cv5_grouped_v1/fold_3/test/train__2023-01-23-15__ff6df852.npz,2023-01-16-15,1,87,34,51,AVDR,AVDR|AVJR|FLPR|AINR|AUAR,34,AVDR,0.25,0.1,0.01,1,1,1,1.0,1
atanas,3,deterministic,FUGW (G+A; official),test,2023-01-23-15,98,AWAR,/home/ubuntu/klb/nuclr/nuclr/Data/Atanas_SF_unified_000776/cv5_grouped_v1/fold_3/test/train__2023-01-23-15__ff6df852.npz,2023-01-16-15,1,87,41,66,ASGR,ASGR|AWAR|AINR|AVJR|AWBR,46,ASGR,0.25,0.1,0.01,2,0,1,0.5,0
atanas,3,deterministic,FUGW (G+A; official),test,2023-01-23-15,100,FLPL,/home/ubuntu/klb/nuclr/nuclr/Data/Atanas_SF_unified_000776/cv5_grouped_v1/fold_3/test/train__2023-01-23-15__ff6df852.npz,2023-01-16-15,1,87,36,37,RICL,RICL|FLPL|ADEL|AIZL|AUAL,-1,,0.25,0.1,0.01,2,0,1,0.5,0
atanas,3,deterministic,FUGW (G+A; official),test,2023-01-23-15,101,RIBL,/home/ubuntu/klb/nuclr/nuclr/Data/Atanas_SF_unified_000776/cv5_grouped_v1/fold_3/test/train__2023-01-23-15__ff6df852.npz,2023-01-16-15,1,87,30,46,RIBL,RIBL|BAGL|AVAL|SIBVR|ASIR,30,RIBL,0.25,0.1,0.01,1,1,1,1.0,1
atanas,3,deterministic,FUGW (G+A; official),test,2023-01-23-15,102,RIAL,/home/ubuntu/klb/nuclr/nuclr/Data/Atanas_SF_unified_000776/cv5_grouped_v1/fold_3/test/train__2023-01-23-15__ff6df852.npz,2023-01-16-15,0,87,-1,8,CEPDL,CEPDL|SAAVL|SMDVL|AWAL|URXL,2,AWAL,0.25,0.1,0.01,-1,0,0,0.0,0
atanas,3,deterministic,FUGW (G+A; official),test,2023-01-23-15,104,OLQVR,/home/ubuntu/klb/nuclr/nuclr/Data/Atanas_SF_unified_000776/cv5_grouped_v1/fold_3/test/train__2023-01-23-15__ff6df852.npz,2023-01-16-15,1,87,38,111,IL2VR,IL2VR|IL1VR|OLQVR|M3R|IL1R,78,IL2VR,0.25,0.1,0.01,3,0,1,0.3333333333333333,0
atanas,3,deterministic,FUGW (G+A; official),test,2023-01-23-15,105,URBL,/home/ubuntu/klb/nuclr/nuclr/Data/Atanas_SF_unified_000776/cv5_grouped_v1/fold_3/test/train__2023-01-23-15__ff6df852.npz,2023-01-16-15,1,87,60,105,IL2L,IL2L|URYVL|IL1L|URBL|OLQVL,67,IL1L,0.25,0.1,0.01,4,0,1,0.25,0
atanas,3,deterministic,FUGW (G+A; official),test,2023-01-23-15,106,URYDL,/home/ubuntu/klb/nuclr/nuclr/Data/Atanas_SF_unified_000776/cv5_grouped_v1/fold_3/test/train__2023-01-23-15__ff6df852.npz,2023-01-16-15,1,87,0,16,OLLL,OLLL|IL1DL|URBL|RMEL|URYDL,69,RMEL,0.25,0.1,0.01,5,0,1,0.2,0
atanas,3,deterministic,FUGW (G+A; official),test,2023-01-23-15,107,IL2VL,/home/ubuntu/klb/nuclr/nuclr/Data/Atanas_SF_unified_000776/cv5_grouped_v1/fold_3/test/train__2023-01-23-15__ff6df852.npz,2023-01-16-15,1,87,84,120,IL2VL,IL2VL|I1L|I2L|I1R|MCL,84,IL2VL,0.25,0.1,0.01,1,1,1,1.0,1
atanas,3,deterministic,FUGW (G+A; official),test,2023-01-23-15,110,ASHL,/home/ubuntu/klb/nuclr/nuclr/Data/Atanas_SF_unified_000776/cv5_grouped_v1/fold_3/test/train__2023-01-23-15__ff6df852.npz,2023-01-16-15,0,87,-1,121,ASEL,ASEL|ASIR|ASGL|AVAL|AWBL,45,ASIR,0.25,0.1,0.01,-1,0,0,0.0,0
atanas,3,deterministic,FUGW (G+A; official),test,2023-01-23-15,112,IL2R,/home/ubuntu/klb/nuclr/nuclr/Data/Atanas_SF_unified_000776/cv5_grouped_v1/fold_3/test/train__2023-01-23-15__ff6df852.npz,2023-01-16-15,0,87,-1,18,IL1R,IL1R|URBR|OLQVR|OLLR|RMER,10,IL1R,0.25,0.1,0.01,-1,0,0,0.0,0
atanas,3,deterministic,FUGW (G+A; official),test,2023-01-23-15,113,URYVR,/home/ubuntu/klb/nuclr/nuclr/Data/Atanas_SF_unified_000776/cv5_grouped_v1/fold_3/test/train__2023-01-23-15__ff6df852.npz,2023-01-16-15,1,87,80,55,OLQVR,OLQVR|IL2VR|IL1R|IL1VR|M3R,54,M3R,0.25,0.1,0.01,22,0,0,0.045454545454545456,0
atanas,3,deterministic,FUGW (G+A; official),test,2023-01-23-15,115,MCL,/home/ubuntu/klb/nuclr/nuclr/Data/Atanas_SF_unified_000776/cv5_grouped_v1/fold_3/test/train__2023-01-23-15__ff6df852.npz,2023-01-16-15,1,87,15,82,I1L,I1L|MCL|I2L|IL2VL|NSML,15,MCL,0.25,0.1,0.01,2,0,1,0.5,1
atanas,3,deterministic,FUGW (G+A; official),test,2023-01-23-15,116,AIZL,/home/ubuntu/klb/nuclr/nuclr/Data/Atanas_SF_unified_000776/cv5_grouped_v1/fold_3/test/train__2023-01-23-15__ff6df852.npz,2023-01-16-15,1,87,43,62,AIZL,AIZL|RICL|AUAL|AVDL|AWCL,43,AIZL,0.25,0.1,0.01,1,1,1,1.0,1
atanas,3,deterministic,FUGW (G+A; official),test,2023-01-23-15,118,OLQDR,/home/ubuntu/klb/nuclr/nuclr/Data/Atanas_SF_unified_000776/cv5_grouped_v1/fold_3/test/train__2023-01-23-15__ff6df852.npz,2023-01-16-15,1,87,1,3,OLQDR,OLQDR|IL1DR|OLLR|URXR|IL2DR,1,OLQDR,0.25,0.1,0.01,1,1,1,1.0,1
atanas,3,deterministic,FUGW (G+A; official),test,2023-01-23-15,119,RICR,/home/ubuntu/klb/nuclr/nuclr/Data/Atanas_SF_unified_000776/cv5_grouped_v1/fold_3/test/train__2023-01-23-15__ff6df852.npz,2023-01-16-15,1,87,25,100,AIZR,AIZR|RICR|AUAR|SMDDR|FLPR,68,AIZR,0.25,0.1,0.01,2,0,1,0.5,0
atanas,3,deterministic,FUGW (G+A; official),test,2023-01-23-15,122,CEPVL,/home/ubuntu/klb/nuclr/nuclr/Data/Atanas_SF_unified_000776/cv5_grouped_v1/fold_3/test/train__2023-01-23-15__ff6df852.npz,2023-01-16-15,1,87,16,25,CEPVL,CEPVL|IL1VL|RMDDL|OLQVL|IL1VR,16,CEPVL,0.25,0.1,0.01,1,1,1,1.0,1
atanas,3,deterministic,FUGW (G+A; official),test,2023-01-23-15,123,M5,/home/ubuntu/klb/nuclr/nuclr/Data/Atanas_SF_unified_000776/cv5_grouped_v1/fold_3/test/train__2023-01-23-15__ff6df852.npz,2023-01-16-15,1,87,11,19,M5,M5|AINL|RIVL|ADEL|AVJL,11,M5,0.25,0.1,0.01,1,1,1,1.0,1
atanas,3,deterministic,FUGW (G+A; official),test,2023-01-23-15,126,OLLR,/home/ubuntu/klb/nuclr/nuclr/Data/Atanas_SF_unified_000776/cv5_grouped_v1/fold_3/test/train__2023-01-23-15__ff6df852.npz,2023-01-16-15,1,87,86,18,IL1R,IL1R|URBR|OLLR|OLQVR|IL1DR,-1,,0.25,0.1,0.01,3,0,1,0.3333333333333333,0
atanas,3,deterministic,FUGW (G+A; official),test,2023-01-23-15,127,AVDL,/home/ubuntu/klb/nuclr/nuclr/Data/Atanas_SF_unified_000776/cv5_grouped_v1/fold_3/test/train__2023-01-23-15__ff6df852.npz,2023-01-16-15,1,87,14,62,AIZL,AIZL|AVDL|RICL|AUAL|AWCL,14,AVDL,0.25,0.1,0.01,2,0,1,0.5,1
atanas,3,deterministic,FUGW (G+A; official),test,2023-01-23-15,128,CEPDR,/home/ubuntu/klb/nuclr/nuclr/Data/Atanas_SF_unified_000776/cv5_grouped_v1/fold_3/test/train__2023-01-23-15__ff6df852.npz,2023-01-16-15,1,87,22,35,CEPDR,CEPDR|RIVR|URXR|M1|RID,22,CEPDR,0.25,0.1,0.01,1,1,1,1.0,1
atanas,3,deterministic,FUGW (G+A; official),test,2023-01-23-15,129,I2L,/home/ubuntu/klb/nuclr/nuclr/Data/Atanas_SF_unified_000776/cv5_grouped_v1/fold_3/test/train__2023-01-23-15__ff6df852.npz,2023-01-16-15,1,87,6,11,I2L,I2L|NSML|I1L|MCL|IL2VL,6,I2L,0.25,0.1,0.01,1,1,1,1.0,1
atanas,3,deterministic,FUGW (G+A; official),test,2023-01-23-15,131,I3,/home/ubuntu/klb/nuclr/nuclr/Data/Atanas_SF_unified_000776/cv5_grouped_v1/fold_3/test/train__2023-01-23-15__ff6df852.npz,2023-01-16-15,1,87,40,58,I3,I3|IL2DR|M4|IL1DR|IL2DL,-1,,0.25,0.1,0.01,1,1,1,1.0,0
atanas,3,deterministic,FUGW (G+A; official),test,2023-01-23-15,132,AIBL,/home/ubuntu/klb/nuclr/nuclr/Data/Atanas_SF_unified_000776/cv5_grouped_v1/fold_3/test/train__2023-01-23-15__ff6df852.npz,2023-01-16-15,1,87,33,61,RMDDL,RMDDL|AIBL|AUAL|AWCL|RIR,33,AIBL,0.25,0.1,0.01,2,0,1,0.5,1
atanas,3,deterministic,FUGW (G+A; official),test,2023-01-23-15,133,IL2DL,/home/ubuntu/klb/nuclr/nuclr/Data/Atanas_SF_unified_000776/cv5_grouped_v1/fold_3/test/train__2023-01-23-15__ff6df852.npz,2023-01-16-15,1,87,7,12,IL2DL,IL2DL|IL1DL|MCL|NSML|M3L,7,IL2DL,0.25,0.1,0.01,1,1,1,1.0,1
atanas,3,deterministic,FUGW (G+A; official),test,2023-01-23-15,135,RMDR,/home/ubuntu/klb/nuclr/nuclr/Data/Atanas_SF_unified_000776/cv5_grouped_v1/fold_3/test/train__2023-01-23-15__ff6df852.npz,2023-01-16-15,0,87,-1,81,AVER,AVER|AIBR|CEPVR|RMER|OLQVR,-1,,0.25,0.1,0.01,-1,0,0,0.0,0
atanas,3,deterministic,FUGW (G+A; official),test,2023-01-23-15,136,RMDVL,/home/ubuntu/klb/nuclr/nuclr/Data/Atanas_SF_unified_000776/cv5_grouped_v1/fold_3/test/train__2023-01-23-15__ff6df852.npz,2023-01-16-15,1,87,76,109,RMDVL,RMDVL|AWCL|IL1L|AWBL|AUAL,76,RMDVL,0.25,0.1,0.01,1,1,1,1.0,1
atanas,3,deterministic,FUGW (G+A; official),test,2023-01-23-15,137,AIMR,/home/ubuntu/klb/nuclr/nuclr/Data/Atanas_SF_unified_000776/cv5_grouped_v1/fold_3/test/train__2023-01-23-15__ff6df852.npz,2023-01-16-15,0,87,-1,47,SMDDR,SMDDR|AVL|AIZR|RIH|AIBR,-1,,0.25,0.1,0.01,-1,0,0,0.0,0
atanas,3,deterministic,FUGW (G+A; official),test,2023-01-23-15,138,RMGL,/home/ubuntu/klb/nuclr/nuclr/Data/Atanas_SF_unified_000776/cv5_grouped_v1/fold_3/test/train__2023-01-23-15__ff6df852.npz,2023-01-16-15,0,87,-1,53,FLPL,FLPL|ADEL|M5|RICL|AINL,74,ADEL,0.25,0.1,0.01,-1,0,0,0.0,0
atanas,3,deterministic,FUGW (G+A; official),test,2023-01-23-15,139,AQR,/home/ubuntu/klb/nuclr/nuclr/Data/Atanas_SF_unified_000776/cv5_grouped_v1/fold_3/test/train__2023-01-23-15__ff6df852.npz,2023-01-16-15,0,87,-1,38,RICR,RICR|FLPR|AIZR|SMDDR|AUAR,25,RICR,0.25,0.1,0.01,-1,0,0,0.0,0
atanas,3,deterministic,FUGW (G+A; official),test,2023-01-23-15,140,CEPVR,/home/ubuntu/klb/nuclr/nuclr/Data/Atanas_SF_unified_000776/cv5_grouped_v1/fold_3/test/train__2023-01-23-15__ff6df852.npz,2023-01-16-15,1,87,5,111,IL2VR,IL2VR|IL1VR|CEPVR|CEPVL|M3R,71,IL1VR,0.25,0.1,0.01,3,0,1,0.3333333333333333,0
atanas,3,deterministic,FUGW (G+A; official),test,2023-01-23-15,145,ADER,/home/ubuntu/klb/nuclr/nuclr/Data/Atanas_SF_unified_000776/cv5_grouped_v1/fold_3/test/train__2023-01-23-15__ff6df852.npz,2023-01-16-15,0,87,-1,38,RICR,RICR|FLPR|AVDR|AUAR|AINR,55,FLPR,0.25,0.1,0.01,-1,0,0,0.0,0
