dataset,fold,seed,method,split,query_uid,query_index,identity,source_path,reference_uid,reference_covered,candidate_count,target_col,predicted_index,predicted_identity,top5_identities,hungarian_prediction_col,hungarian_prediction_identity,alpha_activity,rho,eps,rank,top1,top5,rr,hungarian_correct
atanas,1,deterministic,FUGW (G+A; official),test,2022-12-21-06,0,M1,/home/ubuntu/klb/nuclr/nuclr/Data/Atanas_SF_unified_000776/cv5_grouped_v1/fold_1/test/test__2022-12-21-06__886205ba.npz,2023-01-05-18,1,85,52,73,M1,M1|I4|RID|URXR|CEPDR,52,M1,0.25,0.1,0.01,1,1,1,1.0,1
atanas,1,deterministic,FUGW (G+A; official),test,2022-12-21-06,1,NSML,/home/ubuntu/klb/nuclr/nuclr/Data/Atanas_SF_unified_000776/cv5_grouped_v1/fold_1/test/test__2022-12-21-06__886205ba.npz,2023-01-05-18,1,85,73,66,I2L,I2L|NSML|I1L|URAVL|MCL,73,NSML,0.25,0.1,0.01,2,0,1,0.5,1
atanas,1,deterministic,FUGW (G+A; official),test,2022-12-21-06,2,ASGL,/home/ubuntu/klb/nuclr/nuclr/Data/Atanas_SF_unified_000776/cv5_grouped_v1/fold_1/test/test__2022-12-21-06__886205ba.npz,2023-01-05-18,1,85,61,54,CEPDR,CEPDR|RIVR|ADLR|AWBR|URXR,36,CEPDR,0.25,0.1,0.01,43,0,0,0.023255813953488372,0
atanas,1,deterministic,FUGW (G+A; official),test,2022-12-21-06,3,FLPL,/home/ubuntu/klb/nuclr/nuclr/Data/Atanas_SF_unified_000776/cv5_grouped_v1/fold_1/test/test__2022-12-21-06__886205ba.npz,2023-01-05-18,1,85,13,18,FLPL,FLPL|RICL|I6|AIZL|AVJL,69,I6,0.25,0.1,0.01,1,1,1,1.0,0
atanas,1,deterministic,FUGW (G+A; official),test,2022-12-21-06,4,AQR,/home/ubuntu/klb/nuclr/nuclr/Data/Atanas_SF_unified_000776/cv5_grouped_v1/fold_1/test/test__2022-12-21-06__886205ba.npz,2023-01-05-18,0,85,-1,52,ADER,ADER|FLPR|AVDR|AINR|AIZR,35,ADER,0.25,0.1,0.01,-1,0,0,0.0,0
atanas,1,deterministic,FUGW (G+A; official),test,2022-12-21-06,5,ASER,/home/ubuntu/klb/nuclr/nuclr/Data/Atanas_SF_unified_000776/cv5_grouped_v1/fold_1/test/test__2022-12-21-06__886205ba.npz,2023-01-05-18,1,85,75,106,ASER,ASER|RIVR|ADLR|AINR|AIZR,62,ADLR,0.25,0.1,0.01,1,1,1,1.0,0
atanas,1,deterministic,FUGW (G+A; official),test,2022-12-21-06,7,I1L,/home/ubuntu/klb/nuclr/nuclr/Data/Atanas_SF_unified_000776/cv5_grouped_v1/fold_1/test/test__2022-12-21-06__886205ba.npz,2023-01-05-18,1,85,14,20,I1L,I1L|I2L|NSML|MCL|M3L,14,I1L,0.25,0.1,0.01,1,1,1,1.0,1
atanas,1,deterministic,FUGW (G+A; official),test,2022-12-21-06,9,AIBR,/home/ubuntu/klb/nuclr/nuclr/Data/Atanas_SF_unified_000776/cv5_grouped_v1/fold_1/test/test__2022-12-21-06__886205ba.npz,2023-01-05-18,1,85,55,76,AIBR,AIBR|AVER|AVAR|AVJR|RIAR,55,AIBR,0.25,0.1,0.01,1,1,1,1.0,1
atanas,1,deterministic,FUGW (G+A; official),test,2022-12-21-06,11,I2L,/home/ubuntu/klb/nuclr/nuclr/Data/Atanas_SF_unified_000776/cv5_grouped_v1/fold_1/test/test__2022-12-21-06__886205ba.npz,2023-01-05-18,1,85,45,66,I2L,I2L|NSML|I1L|URAVL|MCL,45,I2L,0.25,0.1,0.01,1,1,1,1.0,1
atanas,1,deterministic,FUGW (G+A; official),test,2022-12-21-06,12,IL2DL,/home/ubuntu/klb/nuclr/nuclr/Data/Atanas_SF_unified_000776/cv5_grouped_v1/fold_1/test/test__2022-12-21-06__886205ba.npz,2023-01-05-18,1,85,56,77,IL2DL,IL2DL|URADL|URYDL|IL1DL|OLLL,48,URADL,0.25,0.1,0.01,1,1,1,1.0,0
atanas,1,deterministic,FUGW (G+A; official),test,2022-12-21-06,14,RID,/home/ubuntu/klb/nuclr/nuclr/Data/Atanas_SF_unified_000776/cv5_grouped_v1/fold_1/test/test__2022-12-21-06__886205ba.npz,2023-01-05-18,1,85,66,91,RID,RID|URXR|ADLL|OLQDR|URXL,66,RID,0.25,0.1,0.01,1,1,1,1.0,1
atanas,1,deterministic,FUGW (G+A; official),test,2022-12-21-06,15,ADLL,/home/ubuntu/klb/nuclr/nuclr/Data/Atanas_SF_unified_000776/cv5_grouped_v1/fold_1/test/test__2022-12-21-06__886205ba.npz,2023-01-05-18,1,85,15,21,ADLL,ADLL|ASIL|RID|AWAL|I4,15,ADLL,0.25,0.1,0.01,1,1,1,1.0,1
atanas,1,deterministic,FUGW (G+A; official),test,2022-12-21-06,17,AWCR,/home/ubuntu/klb/nuclr/nuclr/Data/Atanas_SF_unified_000776/cv5_grouped_v1/fold_1/test/test__2022-12-21-06__886205ba.npz,2023-01-05-18,0,85,-1,4,AVDR,AVDR|AIZR|AVJR|RMDVR|AINR,2,AVDR,0.25,0.1,0.01,-1,0,0,0.0,0
atanas,1,deterministic,FUGW (G+A; official),test,2022-12-21-06,18,RMDL,/home/ubuntu/klb/nuclr/nuclr/Data/Atanas_SF_unified_000776/cv5_grouped_v1/fold_1/test/test__2022-12-21-06__886205ba.npz,2023-01-05-18,1,85,4,96,AUAL,AUAL|RMDL|RMDDL|AWCL|AVEL,4,RMDL,0.25,0.1,0.01,2,0,1,0.5,1
atanas,1,deterministic,FUGW (G+A; official),test,2022-12-21-06,19,AVAL,/home/ubuntu/klb/nuclr/nuclr/Data/Atanas_SF_unified_000776/cv5_grouped_v1/fold_1/test/test__2022-12-21-06__886205ba.npz,2023-01-05-18,1,85,0,0,AVAL,AVAL|SAAVL|ASGL|RMDL|AWBL,0,AVAL,0.25,0.1,0.01,1,1,1,1.0,1
atanas,1,deterministic,FUGW (G+A; official),test,2022-12-21-06,20,I6,/home/ubuntu/klb/nuclr/nuclr/Data/Atanas_SF_unified_000776/cv5_grouped_v1/fold_1/test/test__2022-12-21-06__886205ba.npz,2023-01-05-18,1,85,69,98,I6,I6|I4|RIVL|ASIL|AVHL,70,I4,0.25,0.1,0.01,1,1,1,1.0,0
atanas,1,deterministic,FUGW (G+A; official),test,2022-12-21-06,21,URYVR,/home/ubuntu/klb/nuclr/nuclr/Data/Atanas_SF_unified_000776/cv5_grouped_v1/fold_1/test/test__2022-12-21-06__886205ba.npz,2023-01-05-18,0,85,-1,116,OLQVR,OLQVR|URBR|RMEV|M3R|RMER,12,URBR,0.25,0.1,0.01,-1,0,0,0.0,0
atanas,1,deterministic,FUGW (G+A; official),test,2022-12-21-06,22,RMDVL,/home/ubuntu/klb/nuclr/nuclr/Data/Atanas_SF_unified_000776/cv5_grouped_v1/fold_1/test/test__2022-12-21-06__886205ba.npz,2023-01-05-18,1,85,65,88,RMDVL,RMDVL|AWBL|ASEL|AWCL|RMDL,65,RMDVL,0.25,0.1,0.01,1,1,1,1.0,1
atanas,1,deterministic,FUGW (G+A; official),test,2022-12-21-06,25,NSMR,/home/ubuntu/klb/nuclr/nuclr/Data/Atanas_SF_unified_000776/cv5_grouped_v1/fold_1/test/test__2022-12-21-06__886205ba.npz,2023-01-05-18,1,85,8,74,I2R,I2R|NSMR|IL2VR|M3R|IL2R,8,NSMR,0.25,0.1,0.01,2,0,1,0.5,1
atanas,1,deterministic,FUGW (G+A; official),test,2022-12-21-06,27,M3L,/home/ubuntu/klb/nuclr/nuclr/Data/Atanas_SF_unified_000776/cv5_grouped_v1/fold_1/test/test__2022-12-21-06__886205ba.npz,2023-01-05-18,1,85,9,3,URAVL,URAVL|M3L|MCL|NSML|IL2VL,9,M3L,0.25,0.1,0.01,2,0,1,0.5,1
atanas,1,deterministic,FUGW (G+A; official),test,2022-12-21-06,29,AWBL,/home/ubuntu/klb/nuclr/nuclr/Data/Atanas_SF_unified_000776/cv5_grouped_v1/fold_1/test/test__2022-12-21-06__886205ba.npz,2023-01-05-18,1,85,67,50,ASEL,ASEL|AWBL|RMDVL|AVHL|SMDVL,67,AWBL,0.25,0.1,0.01,2,0,1,0.5,1
atanas,1,deterministic,FUGW (G+A; official),test,2022-12-21-06,30,AVDL,/home/ubuntu/klb/nuclr/nuclr/Data/Atanas_SF_unified_000776/cv5_grouped_v1/fold_1/test/test__2022-12-21-06__886205ba.npz,2023-01-05-18,0,85,-1,64,AVJL,AVJL|AVHL|ASEL|AWBL|I6,44,AVJL,0.25,0.1,0.01,-1,0,0,0.0,0
atanas,1,deterministic,FUGW (G+A; official),test,2022-12-21-06,31,IL1VL,/home/ubuntu/klb/nuclr/nuclr/Data/Atanas_SF_unified_000776/cv5_grouped_v1/fold_1/test/test__2022-12-21-06__886205ba.npz,2023-01-05-18,0,85,-1,47,IL2VL,IL2VL|CEPVL|URAVL|M3L|URYVL,33,IL2VL,0.25,0.1,0.01,-1,0,0,0.0,0
atanas,1,deterministic,FUGW (G+A; official),test,2022-12-21-06,32,M4,/home/ubuntu/klb/nuclr/nuclr/Data/Atanas_SF_unified_000776/cv5_grouped_v1/fold_1/test/test__2022-12-21-06__886205ba.npz,2023-01-05-18,1,85,7,71,MI,MI|I3|IL2DL|M4|URADL,18,I3,0.25,0.1,0.01,4,0,1,0.25,0
atanas,1,deterministic,FUGW (G+A; official),test,2022-12-21-06,33,IL2VR,/home/ubuntu/klb/nuclr/nuclr/Data/Atanas_SF_unified_000776/cv5_grouped_v1/fold_1/test/test__2022-12-21-06__886205ba.npz,2023-01-05-18,1,85,19,27,IL2VR,IL2VR|I2R|NSMR|M3R|OLQVR,19,IL2VR,0.25,0.1,0.01,1,1,1,1.0,1
atanas,1,deterministic,FUGW (G+A; official),test,2022-12-21-06,34,I2R,/home/ubuntu/klb/nuclr/nuclr/Data/Atanas_SF_unified_000776/cv5_grouped_v1/fold_1/test/test__2022-12-21-06__886205ba.npz,2023-01-05-18,1,85,53,74,I2R,I2R|NSMR|IL2VR|M3R|I1R,53,I2R,0.25,0.1,0.01,1,1,1,1.0,1
atanas,1,deterministic,FUGW (G+A; official),test,2022-12-21-06,40,M3R,/home/ubuntu/klb/nuclr/nuclr/Data/Atanas_SF_unified_000776/cv5_grouped_v1/fold_1/test/test__2022-12-21-06__886205ba.npz,2023-01-05-18,1,85,24,35,M3R,M3R|NSMR|OLQVR|I2R|IL2DR,24,M3R,0.25,0.1,0.01,1,1,1,1.0,1
atanas,1,deterministic,FUGW (G+A; official),test,2022-12-21-06,41,AUAL,/home/ubuntu/klb/nuclr/nuclr/Data/Atanas_SF_unified_000776/cv5_grouped_v1/fold_1/test/test__2022-12-21-06__886205ba.npz,2023-01-05-18,1,85,68,110,AIZL,AIZL|AUAL|RICL|AWCL|AVJL,68,AUAL,0.25,0.1,0.01,2,0,1,0.5,1
atanas,1,deterministic,FUGW (G+A; official),test,2022-12-21-06,44,URYDR,/home/ubuntu/klb/nuclr/nuclr/Data/Atanas_SF_unified_000776/cv5_grouped_v1/fold_1/test/test__2022-12-21-06__886205ba.npz,2023-01-05-18,1,85,47,68,URYDR,URYDR|URADR|OLQDR|IL1DR|IL2DR,47,URYDR,0.25,0.1,0.01,1,1,1,1.0,1
atanas,1,deterministic,FUGW (G+A; official),test,2022-12-21-06,45,URXL,/home/ubuntu/klb/nuclr/nuclr/Data/Atanas_SF_unified_000776/cv5_grouped_v1/fold_1/test/test__2022-12-21-06__886205ba.npz,2023-01-05-18,1,85,38,58,URXL,URXL|CEPDL|OLQDL|RIAL|I4,38,URXL,0.25,0.1,0.01,1,1,1,1.0,1
atanas,1,deterministic,FUGW (G+A; official),test,2022-12-21-06,46,CEPVR,/home/ubuntu/klb/nuclr/nuclr/Data/Atanas_SF_unified_000776/cv5_grouped_v1/fold_1/test/test__2022-12-21-06__886205ba.npz,2023-01-05-18,0,85,-1,8,CEPVL,CEPVL|IL2VL|URYVL|OLQVL|URAVL,6,CEPVL,0.25,0.1,0.01,-1,0,0,0.0,0
atanas,1,deterministic,FUGW (G+A; official),test,2022-12-21-06,47,ADEL,/home/ubuntu/klb/nuclr/nuclr/Data/Atanas_SF_unified_000776/cv5_grouped_v1/fold_1/test/test__2022-12-21-06__886205ba.npz,2023-01-05-18,0,85,-1,18,FLPL,FLPL|I6|RICL|AIZL|AVJL,13,FLPL,0.25,0.1,0.01,-1,0,0,0.0,0
atanas,1,deterministic,FUGW (G+A; official),test,2022-12-21-06,48,AWCL,/home/ubuntu/klb/nuclr/nuclr/Data/Atanas_SF_unified_000776/cv5_grouped_v1/fold_1/test/test__2022-12-21-06__886205ba.npz,2023-01-05-18,1,85,54,75,AWCL,AWCL|AIZL|AVJL|AUAL|RMDL,54,AWCL,0.25,0.1,0.01,1,1,1,1.0,1
atanas,1,deterministic,FUGW (G+A; official),test,2022-12-21-06,50,BAGL,/home/ubuntu/klb/nuclr/nuclr/Data/Atanas_SF_unified_000776/cv5_grouped_v1/fold_1/test/test__2022-12-21-06__886205ba.npz,2023-01-05-18,0,85,-1,70,AVBL,AVBL|AVAL|SAAVL|IL2L|OLQVL,49,AVBL,0.25,0.1,0.01,-1,0,0,0.0,0
atanas,1,deterministic,FUGW (G+A; official),test,2022-12-21-06,51,IL1L,/home/ubuntu/klb/nuclr/nuclr/Data/Atanas_SF_unified_000776/cv5_grouped_v1/fold_1/test/test__2022-12-21-06__886205ba.npz,2023-01-05-18,1,85,37,79,IL2L,IL2L|IL1L|URBL|URYVL|OLLL,37,IL1L,0.25,0.1,0.01,2,0,1,0.5,1
atanas,1,deterministic,FUGW (G+A; official),test,2022-12-21-06,53,AVEL,/home/ubuntu/klb/nuclr/nuclr/Data/Atanas_SF_unified_000776/cv5_grouped_v1/fold_1/test/test__2022-12-21-06__886205ba.npz,2023-01-05-18,1,85,46,96,AUAL,AUAL|AVEL|RMDL|AWCL|ASGL,61,ASGL,0.25,0.1,0.01,2,0,1,0.5,0
atanas,1,deterministic,FUGW (G+A; official),test,2022-12-21-06,59,IL2L,/home/ubuntu/klb/nuclr/nuclr/Data/Atanas_SF_unified_000776/cv5_grouped_v1/fold_1/test/test__2022-12-21-06__886205ba.npz,2023-01-05-18,1,85,57,79,IL2L,IL2L|IL1L|URBL|I2L|OLLL,57,IL2L,0.25,0.1,0.01,1,1,1,1.0,1
atanas,1,deterministic,FUGW (G+A; official),test,2022-12-21-06,60,RMEL,/home/ubuntu/klb/nuclr/nuclr/Data/Atanas_SF_unified_000776/cv5_grouped_v1/fold_1/test/test__2022-12-21-06__886205ba.npz,2023-01-05-18,0,85,-1,88,RMDVL,RMDVL|URBL|IL2L|OLLL|URYDL,11,URBL,0.25,0.1,0.01,-1,0,0,0.0,0
atanas,1,deterministic,FUGW (G+A; official),test,2022-12-21-06,61,IL2VL,/home/ubuntu/klb/nuclr/nuclr/Data/Atanas_SF_unified_000776/cv5_grouped_v1/fold_1/test/test__2022-12-21-06__886205ba.npz,2023-01-05-18,1,85,33,3,URAVL,URAVL|NSML|I2L|IL2VL|M3L,1,URAVL,0.25,0.1,0.01,4,0,1,0.25,0
atanas,1,deterministic,FUGW (G+A; official),test,2022-12-21-06,62,ASEL,/home/ubuntu/klb/nuclr/nuclr/Data/Atanas_SF_unified_000776/cv5_grouped_v1/fold_1/test/test__2022-12-21-06__886205ba.npz,2023-01-05-18,1,85,34,64,AVJL,AVJL|ASEL|AVHL|AWBL|AWCL,34,ASEL,0.25,0.1,0.01,2,0,1,0.5,1
atanas,1,deterministic,FUGW (G+A; official),test,2022-12-21-06,66,RICL,/home/ubuntu/klb/nuclr/nuclr/Data/Atanas_SF_unified_000776/cv5_grouped_v1/fold_1/test/test__2022-12-21-06__886205ba.npz,2023-01-05-18,1,85,58,80,RICL,RICL|FLPL|AIZL|RMDDL|AUAL,58,RICL,0.25,0.1,0.01,1,1,1,1.0,1
atanas,1,deterministic,FUGW (G+A; official),test,2022-12-21-06,67,I1R,/home/ubuntu/klb/nuclr/nuclr/Data/Atanas_SF_unified_000776/cv5_grouped_v1/fold_1/test/test__2022-12-21-06__886205ba.npz,2023-01-05-18,1,85,59,82,I1R,I1R|IL2VR|I2R|NSMR|I1L,59,I1R,0.25,0.1,0.01,1,1,1,1.0,1
atanas,1,deterministic,FUGW (G+A; official),test,2022-12-21-06,68,AIBL,/home/ubuntu/klb/nuclr/nuclr/Data/Atanas_SF_unified_000776/cv5_grouped_v1/fold_1/test/test__2022-12-21-06__886205ba.npz,2023-01-05-18,0,85,-1,113,RMDDL,RMDDL|AUAL|AVEL|AWCL|RMDL,46,AVEL,0.25,0.1,0.01,-1,0,0,0.0,0
atanas,1,deterministic,FUGW (G+A; official),test,2022-12-21-06,70,RIVR,/home/ubuntu/klb/nuclr/nuclr/Data/Atanas_SF_unified_000776/cv5_grouped_v1/fold_1/test/test__2022-12-21-06__886205ba.npz,2023-01-05-18,1,85,80,73,M1,M1|CEPDR|URXR|RID|ADLR,63,URXR,0.25,0.1,0.01,6,0,0,0.16666666666666666,0
atanas,1,deterministic,FUGW (G+A; official),test,2022-12-21-06,71,AVJR,/home/ubuntu/klb/nuclr/nuclr/Data/Atanas_SF_unified_000776/cv5_grouped_v1/fold_1/test/test__2022-12-21-06__886205ba.npz,2023-01-05-18,1,85,30,114,RIVR,RIVR|AINR|ADLR|CEPDR|AIZR,80,RIVR,0.25,0.1,0.01,7,0,0,0.14285714285714285,0
atanas,1,deterministic,FUGW (G+A; official),test,2022-12-21-06,72,MI,/home/ubuntu/klb/nuclr/nuclr/Data/Atanas_SF_unified_000776/cv5_grouped_v1/fold_1/test/test__2022-12-21-06__886205ba.npz,2023-01-05-18,1,85,50,77,IL2DL,IL2DL|MI|I3|URADL|M4,56,IL2DL,0.25,0.1,0.01,2,0,1,0.5,0
atanas,1,deterministic,FUGW (G+A; official),test,2022-12-21-06,78,I3,/home/ubuntu/klb/nuclr/nuclr/Data/Atanas_SF_unified_000776/cv5_grouped_v1/fold_1/test/test__2022-12-21-06__886205ba.npz,2023-01-05-18,1,85,18,71,MI,MI|IL2DL|I3|URADL|M4,50,MI,0.25,0.1,0.01,3,0,1,0.3333333333333333,0
atanas,1,deterministic,FUGW (G+A; official),test,2022-12-21-06,81,URYDL,/home/ubuntu/klb/nuclr/nuclr/Data/Atanas_SF_unified_000776/cv5_grouped_v1/fold_1/test/test__2022-12-21-06__886205ba.npz,2023-01-05-18,1,85,32,46,URYDL,URYDL|URADL|IL1DL|OLLL|OLQDL,32,URYDL,0.25,0.1,0.01,1,1,1,1.0,1
atanas,1,deterministic,FUGW (G+A; official),test,2022-12-21-06,82,RMDVR,/home/ubuntu/klb/nuclr/nuclr/Data/Atanas_SF_unified_000776/cv5_grouped_v1/fold_1/test/test__2022-12-21-06__886205ba.npz,2023-01-05-18,1,85,84,44,AVJR,AVJR|AIZR|AINR|RMDVR|AWBR,30,AVJR,0.25,0.1,0.01,4,0,1,0.25,0
atanas,1,deterministic,FUGW (G+A; official),test,2022-12-21-06,84,AVJL,/home/ubuntu/klb/nuclr/nuclr/Data/Atanas_SF_unified_000776/cv5_grouped_v1/fold_1/test/test__2022-12-21-06__886205ba.npz,2023-01-05-18,1,85,44,25,RIVL,RIVL|AVHL|CEPDL|SMDVL|I6,77,AVHL,0.25,0.1,0.01,11,0,0,0.09090909090909091,0
atanas,1,deterministic,FUGW (G+A; official),test,2022-12-21-06,87,OLQDL,/home/ubuntu/klb/nuclr/nuclr/Data/Atanas_SF_unified_000776/cv5_grouped_v1/fold_1/test/test__2022-12-21-06__886205ba.npz,2023-01-05-18,1,85,39,59,OLQDL,OLQDL|IL1DL|URADL|URYDL|M4,39,OLQDL,0.25,0.1,0.01,1,1,1,1.0,1
atanas,1,deterministic,FUGW (G+A; official),test,2022-12-21-06,89,IL1R,/home/ubuntu/klb/nuclr/nuclr/Data/Atanas_SF_unified_000776/cv5_grouped_v1/fold_1/test/test__2022-12-21-06__886205ba.npz,2023-01-05-18,0,85,-1,60,IL2R,IL2R|OLLR|URBR|URADR|IL2DR,40,IL2R,0.25,0.1,0.01,-1,0,0,0.0,0
atanas,1,deterministic,FUGW (G+A; official),test,2022-12-21-06,92,CEPVL,/home/ubuntu/klb/nuclr/nuclr/Data/Atanas_SF_unified_000776/cv5_grouped_v1/fold_1/test/test__2022-12-21-06__886205ba.npz,2023-01-05-18,1,85,6,117,RMEV,RMEV|AVL|OLQVR|AVER|RMER,82,RMEV,0.25,0.1,0.01,17,0,0,0.058823529411764705,0
atanas,1,deterministic,FUGW (G+A; official),test,2022-12-21-06,101,CEPDL,/home/ubuntu/klb/nuclr/nuclr/Data/Atanas_SF_unified_000776/cv5_grouped_v1/fold_1/test/test__2022-12-21-06__886205ba.npz,2023-01-05-18,1,85,26,37,CEPDL,CEPDL|URXL|RIAL|OLQDL|SMDVL,26,CEPDL,0.25,0.1,0.01,1,1,1,1.0,1
atanas,1,deterministic,FUGW (G+A; official),test,2022-12-21-06,102,AINL,/home/ubuntu/klb/nuclr/nuclr/Data/Atanas_SF_unified_000776/cv5_grouped_v1/fold_1/test/test__2022-12-21-06__886205ba.npz,2023-01-05-18,0,85,-1,37,CEPDL,CEPDL|RIVL|I6|SMDVL|ADLL,17,RIVL,0.25,0.1,0.01,-1,0,0,0.0,0
atanas,1,deterministic,FUGW (G+A; official),test,2022-12-21-06,103,AIZL,/home/ubuntu/klb/nuclr/nuclr/Data/Atanas_SF_unified_000776/cv5_grouped_v1/fold_1/test/test__2022-12-21-06__886205ba.npz,2023-01-05-18,1,85,78,18,FLPL,FLPL|AIZL|RICL|AVJL|I6,78,AIZL,0.25,0.1,0.01,2,0,1,0.5,1
atanas,1,deterministic,FUGW (G+A; official),test,2022-12-21-06,106,RIMR,/home/ubuntu/klb/nuclr/nuclr/Data/Atanas_SF_unified_000776/cv5_grouped_v1/fold_1/test/test__2022-12-21-06__886205ba.npz,2023-01-05-18,0,85,-1,106,ASER,ASER|AVDR|FLPR|AINR|ADER,75,ASER,0.25,0.1,0.01,-1,0,0,0.0,0
atanas,1,deterministic,FUGW (G+A; official),test,2022-12-21-06,107,IL1VR,/home/ubuntu/klb/nuclr/nuclr/Data/Atanas_SF_unified_000776/cv5_grouped_v1/fold_1/test/test__2022-12-21-06__886205ba.npz,2023-01-05-18,0,85,-1,117,RMEV,RMEV|OLQVR|M3R|NSMR|AVL,81,OLQVR,0.25,0.1,0.01,-1,0,0,0.0,0
atanas,1,deterministic,FUGW (G+A; official),test,2022-12-21-06,108,RMER,/home/ubuntu/klb/nuclr/nuclr/Data/Atanas_SF_unified_000776/cv5_grouped_v1/fold_1/test/test__2022-12-21-06__886205ba.npz,2023-01-05-18,1,85,28,40,RMER,RMER|OLLR|RIAR|RMDVR|URBR,28,RMER,0.25,0.1,0.01,1,1,1,1.0,1
atanas,1,deterministic,FUGW (G+A; official),test,2022-12-21-06,109,OLQVR,/home/ubuntu/klb/nuclr/nuclr/Data/Atanas_SF_unified_000776/cv5_grouped_v1/fold_1/test/test__2022-12-21-06__886205ba.npz,2023-01-05-18,1,85,81,117,RMEV,RMEV|OLQVR|URBR|RMER|AVER,41,AVER,0.25,0.1,0.01,2,0,1,0.5,0
atanas,1,deterministic,FUGW (G+A; official),test,2022-12-21-06,110,SMDVL,/home/ubuntu/klb/nuclr/nuclr/Data/Atanas_SF_unified_000776/cv5_grouped_v1/fold_1/test/test__2022-12-21-06__886205ba.npz,2023-01-05-18,1,85,64,87,SMDVL,SMDVL|CEPDL|RMDVL|AWBL|RIVL,64,SMDVL,0.25,0.1,0.01,1,1,1,1.0,1
atanas,1,deterministic,FUGW (G+A; official),test,2022-12-21-06,112,OLQDR,/home/ubuntu/klb/nuclr/nuclr/Data/Atanas_SF_unified_000776/cv5_grouped_v1/fold_1/test/test__2022-12-21-06__886205ba.npz,2023-01-05-18,1,85,43,63,OLQDR,OLQDR|IL1DR|URYDR|URADR|IL2DR,43,OLQDR,0.25,0.1,0.01,1,1,1,1.0,1
atanas,1,deterministic,FUGW (G+A; official),test,2022-12-21-06,119,URBR,/home/ubuntu/klb/nuclr/nuclr/Data/Atanas_SF_unified_000776/cv5_grouped_v1/fold_1/test/test__2022-12-21-06__886205ba.npz,2023-01-05-18,1,85,12,60,IL2R,IL2R|OLLR|URBR|RMER|URADR,31,OLLR,0.25,0.1,0.01,3,0,1,0.3333333333333333,0
atanas,1,deterministic,FUGW (G+A; official),test,2022-12-21-06,120,URYVL,/home/ubuntu/klb/nuclr/nuclr/Data/Atanas_SF_unified_000776/cv5_grouped_v1/fold_1/test/test__2022-12-21-06__886205ba.npz,2023-01-05-18,1,85,71,101,URYVL,URYVL|IL1L|OLQVL|IL2VL|URAVL,71,URYVL,0.25,0.1,0.01,1,1,1,1.0,1
atanas,1,deterministic,FUGW (G+A; official),test,2022-12-21-06,122,RIVL,/home/ubuntu/klb/nuclr/nuclr/Data/Atanas_SF_unified_000776/cv5_grouped_v1/fold_1/test/test__2022-12-21-06__886205ba.npz,2023-01-05-18,1,85,17,21,ADLL,ADLL|ASIL|RIVL|CEPDL|I4,76,ASIL,0.25,0.1,0.01,3,0,1,0.3333333333333333,0
atanas,1,deterministic,FUGW (G+A; official),test,2022-07-15-06,2,RMDDR,/home/ubuntu/klb/nuclr/nuclr/Data/Atanas_SF_unified_000776/cv5_grouped_v1/fold_1/test/train__2022-07-15-06__18a22ee5.npz,2023-01-05-18,0,85,-1,76,AIBR,AIBR|AVJR|AVER|RIAR|AIZR,30,AVJR,0.25,0.1,0.01,-1,0,0,0.0,0
atanas,1,deterministic,FUGW (G+A; official),test,2022-07-15-06,3,IL1R,/home/ubuntu/klb/nuclr/nuclr/Data/Atanas_SF_unified_000776/cv5_grouped_v1/fold_1/test/train__2022-07-15-06__18a22ee5.npz,2023-01-05-18,0,85,-1,60,IL2R,IL2R|URBR|RMER|OLLR|URADR,40,IL2R,0.25,0.1,0.01,-1,0,0,0.0,0
atanas,1,deterministic,FUGW (G+A; official),test,2022-07-15-06,5,IL2VR,/home/ubuntu/klb/nuclr/nuclr/Data/Atanas_SF_unified_000776/cv5_grouped_v1/fold_1/test/train__2022-07-15-06__18a22ee5.npz,2023-01-05-18,1,85,19,27,IL2VR,IL2VR|I2R|NSMR|I1R|M3R,19,IL2VR,0.25,0.1,0.01,1,1,1,1.0,1
atanas,1,deterministic,FUGW (G+A; official),test,2022-07-15-06,8,ASGL,/home/ubuntu/klb/nuclr/nuclr/Data/Atanas_SF_unified_000776/cv5_grouped_v1/fold_1/test/train__2022-07-15-06__18a22ee5.npz,2023-01-05-18,1,85,61,25,RIVL,RIVL|AVHL|ASEL|ASIL|AVJL,76,ASIL,0.25,0.1,0.01,6,0,0,0.16666666666666666,0
atanas,1,deterministic,FUGW (G+A; official),test,2022-07-15-06,9,IL1VR,/home/ubuntu/klb/nuclr/nuclr/Data/Atanas_SF_unified_000776/cv5_grouped_v1/fold_1/test/train__2022-07-15-06__18a22ee5.npz,2023-01-05-18,0,85,-1,116,OLQVR,OLQVR|RMEV|URBR|M3R|RMER,81,OLQVR,0.25,0.1,0.01,-1,0,0,0.0,0
atanas,1,deterministic,FUGW (G+A; official),test,2022-07-15-06,10,AVEL,/home/ubuntu/klb/nuclr/nuclr/Data/Atanas_SF_unified_000776/cv5_grouped_v1/fold_1/test/train__2022-07-15-06__18a22ee5.npz,2023-01-05-18,1,85,46,24,RIAL,RIAL|OLQDL|URXL|AWAL|SAAVL,16,RIAL,0.25,0.1,0.01,11,0,0,0.09090909090909091,0
atanas,1,deterministic,FUGW (G+A; official),test,2022-07-15-06,12,ALA,/home/ubuntu/klb/nuclr/nuclr/Data/Atanas_SF_unified_000776/cv5_grouped_v1/fold_1/test/train__2022-07-15-06__18a22ee5.npz,2023-01-05-18,0,85,-1,91,RID,RID|M1|ADLR|URXR|CEPDR,66,RID,0.25,0.1,0.01,-1,0,0,0.0,0
atanas,1,deterministic,FUGW (G+A; official),test,2022-07-15-06,14,AVAR,/home/ubuntu/klb/nuclr/nuclr/Data/Atanas_SF_unified_000776/cv5_grouped_v1/fold_1/test/train__2022-07-15-06__18a22ee5.npz,2023-01-05-18,1,85,20,38,AINR,AINR|ASER|AIZR|AVJR|AVDR,75,ASER,0.25,0.1,0.01,7,0,0,0.14285714285714285,0
atanas,1,deterministic,FUGW (G+A; official),test,2022-07-15-06,16,URYDL,/home/ubuntu/klb/nuclr/nuclr/Data/Atanas_SF_unified_000776/cv5_grouped_v1/fold_1/test/train__2022-07-15-06__18a22ee5.npz,2023-01-05-18,1,85,32,70,AVBL,AVBL|SAAVL|AVAL|IL2L|OLQVL,49,AVBL,0.25,0.1,0.01,13,0,0,0.07692307692307693,0
atanas,1,deterministic,FUGW (G+A; official),test,2022-07-15-06,19,AVAL,/home/ubuntu/klb/nuclr/nuclr/Data/Atanas_SF_unified_000776/cv5_grouped_v1/fold_1/test/train__2022-07-15-06__18a22ee5.npz,2023-01-05-18,1,85,0,103,SAAVL,SAAVL|ADLL|AWAL|AVAL|ASIL,72,SAAVL,0.25,0.1,0.01,4,0,1,0.25,0
atanas,1,deterministic,FUGW (G+A; official),test,2022-07-15-06,20,CEPVL,/home/ubuntu/klb/nuclr/nuclr/Data/Atanas_SF_unified_000776/cv5_grouped_v1/fold_1/test/train__2022-07-15-06__18a22ee5.npz,2023-01-05-18,1,85,6,8,CEPVL,CEPVL|URYVL|OLQVL|AVEL|IL2VL,6,CEPVL,0.25,0.1,0.01,1,1,1,1.0,1
atanas,1,deterministic,FUGW (G+A; official),test,2022-07-15-06,21,URYVR,/home/ubuntu/klb/nuclr/nuclr/Data/Atanas_SF_unified_000776/cv5_grouped_v1/fold_1/test/train__2022-07-15-06__18a22ee5.npz,2023-01-05-18,0,85,-1,60,IL2R,IL2R|URBR|OLQVR|RMER|M3R,12,URBR,0.25,0.1,0.01,-1,0,0,0.0,0
atanas,1,deterministic,FUGW (G+A; official),test,2022-07-15-06,22,ASEL,/home/ubuntu/klb/nuclr/nuclr/Data/Atanas_SF_unified_000776/cv5_grouped_v1/fold_1/test/train__2022-07-15-06__18a22ee5.npz,2023-01-05-18,1,85,34,64,AVJL,AVJL|ASEL|AVHL|RMDVL|AWBL,34,ASEL,0.25,0.1,0.01,2,0,1,0.5,1
atanas,1,deterministic,FUGW (G+A; official),test,2022-07-15-06,23,AVER,/home/ubuntu/klb/nuclr/nuclr/Data/Atanas_SF_unified_000776/cv5_grouped_v1/fold_1/test/train__2022-07-15-06__18a22ee5.npz,2023-01-05-18,1,85,41,44,AVJR,AVJR|AWBR|AIZR|RIAR|AINR,74,AWBR,0.25,0.1,0.01,14,0,0,0.07142857142857142,0
atanas,1,deterministic,FUGW (G+A; official),test,2022-07-15-06,24,RMEL,/home/ubuntu/klb/nuclr/nuclr/Data/Atanas_SF_unified_000776/cv5_grouped_v1/fold_1/test/train__2022-07-15-06__18a22ee5.npz,2023-01-05-18,0,85,-1,79,IL2L,IL2L|IL1L|OLQVL|URBL|OLLL,37,IL1L,0.25,0.1,0.01,-1,0,0,0.0,0
atanas,1,deterministic,FUGW (G+A; official),test,2022-07-15-06,28,ADER,/home/ubuntu/klb/nuclr/nuclr/Data/Atanas_SF_unified_000776/cv5_grouped_v1/fold_1/test/train__2022-07-15-06__18a22ee5.npz,2023-01-05-18,1,85,35,18,FLPL,FLPL|RICL|I6|AIZL|AVJL,13,FLPL,0.25,0.1,0.01,31,0,0,0.03225806451612903,0
atanas,1,deterministic,FUGW (G+A; official),test,2022-07-15-06,29,AUAL,/home/ubuntu/klb/nuclr/nuclr/Data/Atanas_SF_unified_000776/cv5_grouped_v1/fold_1/test/train__2022-07-15-06__18a22ee5.npz,2023-01-05-18,1,85,68,75,AWCL,AWCL|RMDL|AUAL|AIZL|RMDVL,54,AWCL,0.25,0.1,0.01,3,0,1,0.3333333333333333,0
atanas,1,deterministic,FUGW (G+A; official),test,2022-07-15-06,30,AWCL,/home/ubuntu/klb/nuclr/nuclr/Data/Atanas_SF_unified_000776/cv5_grouped_v1/fold_1/test/train__2022-07-15-06__18a22ee5.npz,2023-01-05-18,1,85,54,75,AWCL,AWCL|RMDL|RMDVL|AVEL|AUAL,65,RMDVL,0.25,0.1,0.01,1,1,1,1.0,0
atanas,1,deterministic,FUGW (G+A; official),test,2022-07-15-06,31,AVDL,/home/ubuntu/klb/nuclr/nuclr/Data/Atanas_SF_unified_000776/cv5_grouped_v1/fold_1/test/train__2022-07-15-06__18a22ee5.npz,2023-01-05-18,0,85,-1,64,AVJL,AVJL|AIZL|ASEL|AVHL|I6,44,AVJL,0.25,0.1,0.01,-1,0,0,0.0,0
atanas,1,deterministic,FUGW (G+A; official),test,2022-07-15-06,33,AVHL,/home/ubuntu/klb/nuclr/nuclr/Data/Atanas_SF_unified_000776/cv5_grouped_v1/fold_1/test/train__2022-07-15-06__18a22ee5.npz,2023-01-05-18,1,85,77,25,RIVL,RIVL|I6|AVHL|SMDVL|AVJL,77,AVHL,0.25,0.1,0.01,3,0,1,0.3333333333333333,1
atanas,1,deterministic,FUGW (G+A; official),test,2022-07-15-06,34,ADLL,/home/ubuntu/klb/nuclr/nuclr/Data/Atanas_SF_unified_000776/cv5_grouped_v1/fold_1/test/train__2022-07-15-06__18a22ee5.npz,2023-01-05-18,1,85,15,25,RIVL,RIVL|ADLL|ASIL|SMDVL|AWAL,15,ADLL,0.25,0.1,0.01,2,0,1,0.5,1
atanas,1,deterministic,FUGW (G+A; official),test,2022-07-15-06,37,OLQVL,/home/ubuntu/klb/nuclr/nuclr/Data/Atanas_SF_unified_000776/cv5_grouped_v1/fold_1/test/train__2022-07-15-06__18a22ee5.npz,2023-01-05-18,1,85,5,79,IL2L,IL2L|IL1L|URBL|OLQVL|OLLL,57,IL2L,0.25,0.1,0.01,4,0,1,0.25,0
atanas,1,deterministic,FUGW (G+A; official),test,2022-07-15-06,44,NSML,/home/ubuntu/klb/nuclr/nuclr/Data/Atanas_SF_unified_000776/cv5_grouped_v1/fold_1/test/train__2022-07-15-06__18a22ee5.npz,2023-01-05-18,1,85,73,3,URAVL,URAVL|MCL|NSML|M3L|IL2VL,1,URAVL,0.25,0.1,0.01,3,0,1,0.3333333333333333,0
atanas,1,deterministic,FUGW (G+A; official),test,2022-07-15-06,46,IL2DR,/home/ubuntu/klb/nuclr/nuclr/Data/Atanas_SF_unified_000776/cv5_grouped_v1/fold_1/test/train__2022-07-15-06__18a22ee5.npz,2023-01-05-18,1,85,3,5,IL2DR,IL2DR|URADR|IL2R|OLLR|I3,3,IL2DR,0.25,0.1,0.01,1,1,1,1.0,1
atanas,1,deterministic,FUGW (G+A; official),test,2022-07-15-06,47,RMDR,/home/ubuntu/klb/nuclr/nuclr/Data/Atanas_SF_unified_000776/cv5_grouped_v1/fold_1/test/train__2022-07-15-06__18a22ee5.npz,2023-01-05-18,0,85,-1,38,AINR,AINR|AIZR|AVDR|AVJR|RMDVR,21,AIZR,0.25,0.1,0.01,-1,0,0,0.0,0
atanas,1,deterministic,FUGW (G+A; official),test,2022-07-15-06,49,RMDVR,/home/ubuntu/klb/nuclr/nuclr/Data/Atanas_SF_unified_000776/cv5_grouped_v1/fold_1/test/train__2022-07-15-06__18a22ee5.npz,2023-01-05-18,1,85,84,38,AINR,AINR|AIZR|AVJR|AVDR|RMDVR,27,AINR,0.25,0.1,0.01,5,0,1,0.2,0
atanas,1,deterministic,FUGW (G+A; official),test,2022-07-15-06,50,CEPDL,/home/ubuntu/klb/nuclr/nuclr/Data/Atanas_SF_unified_000776/cv5_grouped_v1/fold_1/test/train__2022-07-15-06__18a22ee5.npz,2023-01-05-18,1,85,26,37,CEPDL,CEPDL|URXL|M1|URXR|I4,26,CEPDL,0.25,0.1,0.01,1,1,1,1.0,1
atanas,1,deterministic,FUGW (G+A; official),test,2022-07-15-06,52,OLQDR,/home/ubuntu/klb/nuclr/nuclr/Data/Atanas_SF_unified_000776/cv5_grouped_v1/fold_1/test/train__2022-07-15-06__18a22ee5.npz,2023-01-05-18,1,85,43,68,URYDR,URYDR|URADR|OLQDR|IL2DR|IL1DR,47,URYDR,0.25,0.1,0.01,3,0,1,0.3333333333333333,0
atanas,1,deterministic,FUGW (G+A; official),test,2022-07-15-06,53,ADAL,/home/ubuntu/klb/nuclr/nuclr/Data/Atanas_SF_unified_000776/cv5_grouped_v1/fold_1/test/train__2022-07-15-06__18a22ee5.npz,2023-01-05-18,0,85,-1,18,FLPL,FLPL|I6|RICL|AIZL|AVJL,58,RICL,0.25,0.1,0.01,-1,0,0,0.0,0
atanas,1,deterministic,FUGW (G+A; official),test,2022-07-15-06,54,IL1L,/home/ubuntu/klb/nuclr/nuclr/Data/Atanas_SF_unified_000776/cv5_grouped_v1/fold_1/test/train__2022-07-15-06__18a22ee5.npz,2023-01-05-18,1,85,37,101,URYVL,URYVL|CEPVL|OLQVL|IL1L|URBL,71,URYVL,0.25,0.1,0.01,4,0,1,0.25,0
atanas,1,deterministic,FUGW (G+A; official),test,2022-07-15-06,55,URAVL,/home/ubuntu/klb/nuclr/nuclr/Data/Atanas_SF_unified_000776/cv5_grouped_v1/fold_1/test/train__2022-07-15-06__18a22ee5.npz,2023-01-05-18,1,85,1,66,I2L,I2L|NSML|I1L|URAVL|MCL,45,I2L,0.25,0.1,0.01,4,0,1,0.25,0
atanas,1,deterministic,FUGW (G+A; official),test,2022-07-15-06,56,IL1DR,/home/ubuntu/klb/nuclr/nuclr/Data/Atanas_SF_unified_000776/cv5_grouped_v1/fold_1/test/train__2022-07-15-06__18a22ee5.npz,2023-01-05-18,1,85,42,31,URADR,URADR|IL2DR|URYDR|OLLR|IL1DR,22,URADR,0.25,0.1,0.01,5,0,1,0.2,0
atanas,1,deterministic,FUGW (G+A; official),test,2022-07-15-06,57,RMDL,/home/ubuntu/klb/nuclr/nuclr/Data/Atanas_SF_unified_000776/cv5_grouped_v1/fold_1/test/train__2022-07-15-06__18a22ee5.npz,2023-01-05-18,1,85,4,67,AVEL,AVEL|RMDL|AWCL|URBL|URYDL,4,RMDL,0.25,0.1,0.01,2,0,1,0.5,1
atanas,1,deterministic,FUGW (G+A; official),test,2022-07-15-06,59,IL1DL,/home/ubuntu/klb/nuclr/nuclr/Data/Atanas_SF_unified_000776/cv5_grouped_v1/fold_1/test/train__2022-07-15-06__18a22ee5.npz,2023-01-05-18,1,85,51,69,URADL,URADL|IL1DL|MI|I3|IL2DL,48,URADL,0.25,0.1,0.01,2,0,1,0.5,0
atanas,1,deterministic,FUGW (G+A; official),test,2022-07-15-06,60,RMDVL,/home/ubuntu/klb/nuclr/nuclr/Data/Atanas_SF_unified_000776/cv5_grouped_v1/fold_1/test/train__2022-07-15-06__18a22ee5.npz,2023-01-05-18,1,85,65,46,URYDL,URYDL|OLQDL|CEPDL|RIAL|IL1DL,32,URYDL,0.25,0.1,0.01,9,0,0,0.1111111111111111,0
atanas,1,deterministic,FUGW (G+A; official),test,2022-07-15-06,62,RIVL,/home/ubuntu/klb/nuclr/nuclr/Data/Atanas_SF_unified_000776/cv5_grouped_v1/fold_1/test/train__2022-07-15-06__18a22ee5.npz,2023-01-05-18,1,85,17,25,RIVL,RIVL|I6|ASIL|ADLL|AVHL,17,RIVL,0.25,0.1,0.01,1,1,1,1.0,1
atanas,1,deterministic,FUGW (G+A; official),test,2022-07-15-06,64,AIZL,/home/ubuntu/klb/nuclr/nuclr/Data/Atanas_SF_unified_000776/cv5_grouped_v1/fold_1/test/train__2022-07-15-06__18a22ee5.npz,2023-01-05-18,1,85,78,98,I6,I6|AVJL|AVHL|AIZL|RIVL,78,AIZL,0.25,0.1,0.01,4,0,1,0.25,1
atanas,1,deterministic,FUGW (G+A; official),test,2022-07-15-06,66,AQR,/home/ubuntu/klb/nuclr/nuclr/Data/Atanas_SF_unified_000776/cv5_grouped_v1/fold_1/test/train__2022-07-15-06__18a22ee5.npz,2023-01-05-18,0,85,-1,113,RMDDL,RMDDL|AVL|AUAL|RICL|FLPR,79,RMDDL,0.25,0.1,0.01,-1,0,0,0.0,0
atanas,1,deterministic,FUGW (G+A; official),test,2022-07-15-06,67,OLLR,/home/ubuntu/klb/nuclr/nuclr/Data/Atanas_SF_unified_000776/cv5_grouped_v1/fold_1/test/train__2022-07-15-06__18a22ee5.npz,2023-01-05-18,1,85,31,60,IL2R,IL2R|OLLR|URBR|RMER|URADR,31,OLLR,0.25,0.1,0.01,2,0,1,0.5,1
atanas,1,deterministic,FUGW (G+A; official),test,2022-07-15-06,68,AINL,/home/ubuntu/klb/nuclr/nuclr/Data/Atanas_SF_unified_000776/cv5_grouped_v1/fold_1/test/train__2022-07-15-06__18a22ee5.npz,2023-01-05-18,0,85,-1,98,I6,I6|RIVL|AVHL|ASIL|AVJL,69,I6,0.25,0.1,0.01,-1,0,0,0.0,0
atanas,1,deterministic,FUGW (G+A; official),test,2022-07-15-06,71,AIAR,/home/ubuntu/klb/nuclr/nuclr/Data/Atanas_SF_unified_000776/cv5_grouped_v1/fold_1/test/train__2022-07-15-06__18a22ee5.npz,2023-01-05-18,0,85,-1,119,FLPR,FLPR|ADER|AVDR|AIBR|ASER,83,FLPR,0.25,0.1,0.01,-1,0,0,0.0,0
atanas,1,deterministic,FUGW (G+A; official),test,2022-07-15-06,72,OLQVR,/home/ubuntu/klb/nuclr/nuclr/Data/Atanas_SF_unified_000776/cv5_grouped_v1/fold_1/test/train__2022-07-15-06__18a22ee5.npz,2023-01-05-18,1,85,81,116,OLQVR,OLQVR|URBR|RMEV|IL2R|RMER,28,RMER,0.25,0.1,0.01,1,1,1,1.0,0
atanas,1,deterministic,FUGW (G+A; official),test,2022-07-15-06,73,OLLL,/home/ubuntu/klb/nuclr/nuclr/Data/Atanas_SF_unified_000776/cv5_grouped_v1/fold_1/test/train__2022-07-15-06__18a22ee5.npz,2023-01-05-18,1,85,29,79,IL2L,IL2L|IL2DL|URADL|OLLL|IL1L,29,OLLL,0.25,0.1,0.01,4,0,1,0.25,1
atanas,1,deterministic,FUGW (G+A; official),test,2022-07-15-06,74,SMDVL,/home/ubuntu/klb/nuclr/nuclr/Data/Atanas_SF_unified_000776/cv5_grouped_v1/fold_1/test/train__2022-07-15-06__18a22ee5.npz,2023-01-05-18,1,85,64,37,CEPDL,CEPDL|URXL|ADLL|I4|RIAL,38,URXL,0.25,0.1,0.01,10,0,0,0.1,0
atanas,1,deterministic,FUGW (G+A; official),test,2022-07-15-06,77,AIBL,/home/ubuntu/klb/nuclr/nuclr/Data/Atanas_SF_unified_000776/cv5_grouped_v1/fold_1/test/train__2022-07-15-06__18a22ee5.npz,2023-01-05-18,0,85,-1,67,AVEL,AVEL|AUAL|I4|AWCL|RMDL,46,AVEL,0.25,0.1,0.01,-1,0,0,0.0,0
atanas,1,deterministic,FUGW (G+A; official),test,2022-07-15-06,78,RIAL,/home/ubuntu/klb/nuclr/nuclr/Data/Atanas_SF_unified_000776/cv5_grouped_v1/fold_1/test/train__2022-07-15-06__18a22ee5.npz,2023-01-05-18,1,85,16,58,URXL,URXL|CEPDL|I4|RIAL|ADLL,70,I4,0.25,0.1,0.01,4,0,1,0.25,0
atanas,1,deterministic,FUGW (G+A; official),test,2022-07-15-06,79,RID,/home/ubuntu/klb/nuclr/nuclr/Data/Atanas_SF_unified_000776/cv5_grouped_v1/fold_1/test/train__2022-07-15-06__18a22ee5.npz,2023-01-05-18,1,85,66,114,RIVR,RIVR|ADLR|CEPDR|RID|M1,80,RIVR,0.25,0.1,0.01,4,0,1,0.25,0
atanas,1,deterministic,FUGW (G+A; official),test,2022-07-15-06,80,URXL,/home/ubuntu/klb/nuclr/nuclr/Data/Atanas_SF_unified_000776/cv5_grouped_v1/fold_1/test/train__2022-07-15-06__18a22ee5.npz,2023-01-05-18,1,85,38,73,M1,M1|URXL|CEPDL|URXR|RID,52,M1,0.25,0.1,0.01,2,0,1,0.5,0
atanas,1,deterministic,FUGW (G+A; official),test,2022-07-15-06,81,M3R,/home/ubuntu/klb/nuclr/nuclr/Data/Atanas_SF_unified_000776/cv5_grouped_v1/fold_1/test/train__2022-07-15-06__18a22ee5.npz,2023-01-05-18,1,85,24,35,M3R,M3R|NSMR|OLQVR|I2R|I1R,24,M3R,0.25,0.1,0.01,1,1,1,1.0,1
atanas,1,deterministic,FUGW (G+A; official),test,2022-07-15-06,82,M3L,/home/ubuntu/klb/nuclr/nuclr/Data/Atanas_SF_unified_000776/cv5_grouped_v1/fold_1/test/train__2022-07-15-06__18a22ee5.npz,2023-01-05-18,1,85,9,47,IL2VL,IL2VL|M3L|URAVL|MCL|CEPVL,33,IL2VL,0.25,0.1,0.01,2,0,1,0.5,0
atanas,1,deterministic,FUGW (G+A; official),test,2022-07-15-06,87,CEPDR,/home/ubuntu/klb/nuclr/nuclr/Data/Atanas_SF_unified_000776/cv5_grouped_v1/fold_1/test/train__2022-07-15-06__18a22ee5.npz,2023-01-05-18,1,85,36,73,M1,M1|URXR|URXL|RID|CEPDL,63,URXR,0.25,0.1,0.01,9,0,0,0.1111111111111111,0
atanas,1,deterministic,FUGW (G+A; official),test,2022-07-15-06,89,MCL,/home/ubuntu/klb/nuclr/nuclr/Data/Atanas_SF_unified_000776/cv5_grouped_v1/fold_1/test/train__2022-07-15-06__18a22ee5.npz,2023-01-05-18,1,85,25,36,MCL,MCL|URAVL|I1L|I1R|M3L,25,MCL,0.25,0.1,0.01,1,1,1,1.0,1
atanas,1,deterministic,FUGW (G+A; official),test,2022-07-15-06,90,NSMR,/home/ubuntu/klb/nuclr/nuclr/Data/Atanas_SF_unified_000776/cv5_grouped_v1/fold_1/test/train__2022-07-15-06__18a22ee5.npz,2023-01-05-18,1,85,8,74,I2R,I2R|NSMR|IL2VR|M3R|I1R,8,NSMR,0.25,0.1,0.01,2,0,1,0.5,1
atanas,1,deterministic,FUGW (G+A; official),test,2022-07-15-06,91,OLQDL,/home/ubuntu/klb/nuclr/nuclr/Data/Atanas_SF_unified_000776/cv5_grouped_v1/fold_1/test/train__2022-07-15-06__18a22ee5.npz,2023-01-05-18,1,85,39,63,OLQDR,OLQDR|IL1DR|OLQDL|IL1DL|URYDR,42,IL1DR,0.25,0.1,0.01,3,0,1,0.3333333333333333,0
atanas,1,deterministic,FUGW (G+A; official),test,2022-07-15-06,93,URXR,/home/ubuntu/klb/nuclr/nuclr/Data/Atanas_SF_unified_000776/cv5_grouped_v1/fold_1/test/train__2022-07-15-06__18a22ee5.npz,2023-01-05-18,1,85,63,54,CEPDR,CEPDR|RIVR|ADLR|M1|AWBR,36,CEPDR,0.25,0.1,0.01,6,0,0,0.16666666666666666,0
atanas,1,deterministic,FUGW (G+A; official),test,2022-07-15-06,97,AIYR,/home/ubuntu/klb/nuclr/nuclr/Data/Atanas_SF_unified_000776/cv5_grouped_v1/fold_1/test/train__2022-07-15-06__18a22ee5.npz,2023-01-05-18,0,85,-1,119,FLPR,FLPR|AVDR|AIBR|ADER|AIZR,2,AVDR,0.25,0.1,0.01,-1,0,0,0.0,0
atanas,1,deterministic,FUGW (G+A; official),test,2022-07-15-06,98,I2R,/home/ubuntu/klb/nuclr/nuclr/Data/Atanas_SF_unified_000776/cv5_grouped_v1/fold_1/test/train__2022-07-15-06__18a22ee5.npz,2023-01-05-18,1,85,53,74,I2R,I2R|IL2VR|NSMR|M3R|I1R,53,I2R,0.25,0.1,0.01,1,1,1,1.0,1
atanas,1,deterministic,FUGW (G+A; official),test,2022-07-15-06,104,AWBL,/home/ubuntu/klb/nuclr/nuclr/Data/Atanas_SF_unified_000776/cv5_grouped_v1/fold_1/test/train__2022-07-15-06__18a22ee5.npz,2023-01-05-18,1,85,67,88,RMDVL,RMDVL|SMDVL|AWBL|CEPDL|RIAL,64,SMDVL,0.25,0.1,0.01,3,0,1,0.3333333333333333,0
atanas,1,deterministic,FUGW (G+A; official),test,2022-07-15-06,105,I1L,/home/ubuntu/klb/nuclr/nuclr/Data/Atanas_SF_unified_000776/cv5_grouped_v1/fold_1/test/train__2022-07-15-06__18a22ee5.npz,2023-01-05-18,1,85,14,20,I1L,I1L|I1R|NSML|MCL|I2L,14,I1L,0.25,0.1,0.01,1,1,1,1.0,1
atanas,1,deterministic,FUGW (G+A; official),test,2022-07-15-06,106,AIYL,/home/ubuntu/klb/nuclr/nuclr/Data/Atanas_SF_unified_000776/cv5_grouped_v1/fold_1/test/train__2022-07-15-06__18a22ee5.npz,2023-01-05-18,0,85,-1,113,RMDDL,RMDDL|AUAL|AVL|AVEL|RMEV,68,AUAL,0.25,0.1,0.01,-1,0,0,0.0,0
atanas,1,deterministic,FUGW (G+A; official),test,2022-07-15-06,107,VB02,/home/ubuntu/klb/nuclr/nuclr/Data/Atanas_SF_unified_000776/cv5_grouped_v1/fold_1/test/train__2022-07-15-06__18a22ee5.npz,2023-01-05-18,0,85,-1,52,ADER,ADER|FLPR|RMDDL|AVL|RICL,35,ADER,0.25,0.1,0.01,-1,0,0,0.0,0
atanas,1,deterministic,FUGW (G+A; official),test,2022-07-15-06,110,RMED,/home/ubuntu/klb/nuclr/nuclr/Data/Atanas_SF_unified_000776/cv5_grouped_v1/fold_1/test/train__2022-07-15-06__18a22ee5.npz,2023-01-05-18,0,85,-1,91,RID,RID|OLQDR|ADLR|URXR|URYDR,43,OLQDR,0.25,0.1,0.01,-1,0,0,0.0,0
atanas,1,deterministic,FUGW (G+A; official),test,2022-07-15-06,112,AWAL,/home/ubuntu/klb/nuclr/nuclr/Data/Atanas_SF_unified_000776/cv5_grouped_v1/fold_1/test/train__2022-07-15-06__18a22ee5.npz,2023-01-05-18,1,85,10,95,AWBL,AWBL|ASEL|RMDVL|AVHL|AWCL,67,AWBL,0.25,0.1,0.01,9,0,0,0.1111111111111111,0
atanas,1,deterministic,FUGW (G+A; official),test,2022-07-15-06,113,RMEV,/home/ubuntu/klb/nuclr/nuclr/Data/Atanas_SF_unified_000776/cv5_grouped_v1/fold_1/test/train__2022-07-15-06__18a22ee5.npz,2023-01-05-18,1,85,82,32,AVL,AVL|RMEV|AVER|AVEL|OLQVL,82,RMEV,0.25,0.1,0.01,2,0,1,0.5,1
atanas,1,deterministic,FUGW (G+A; official),test,2022-07-15-06,114,I2L,/home/ubuntu/klb/nuclr/nuclr/Data/Atanas_SF_unified_000776/cv5_grouped_v1/fold_1/test/train__2022-07-15-06__18a22ee5.npz,2023-01-05-18,1,85,45,3,URAVL,URAVL|I2L|NSML|I1L|MCL,73,NSML,0.25,0.1,0.01,2,0,1,0.5,0
atanas,1,deterministic,FUGW (G+A; official),test,2022-07-15-06,115,IL2DL,/home/ubuntu/klb/nuclr/nuclr/Data/Atanas_SF_unified_000776/cv5_grouped_v1/fold_1/test/train__2022-07-15-06__18a22ee5.npz,2023-01-05-18,1,85,56,77,IL2DL,IL2DL|MI|I3|URADL|IL2L,56,IL2DL,0.25,0.1,0.01,1,1,1,1.0,1
atanas,1,deterministic,FUGW (G+A; official),test,2022-07-15-06,116,RMER,/home/ubuntu/klb/nuclr/nuclr/Data/Atanas_SF_unified_000776/cv5_grouped_v1/fold_1/test/train__2022-07-15-06__18a22ee5.npz,2023-01-05-18,1,85,28,121,RMDVR,RMDVR|RIAR|AWBR|RMER|AVJR,84,RMDVR,0.25,0.1,0.01,4,0,1,0.25,0
atanas,1,deterministic,FUGW (G+A; official),test,2022-07-15-06,117,I3,/home/ubuntu/klb/nuclr/nuclr/Data/Atanas_SF_unified_000776/cv5_grouped_v1/fold_1/test/train__2022-07-15-06__18a22ee5.npz,2023-01-05-18,1,85,18,26,I3,I3|MI|MCL|M3L|M4,18,I3,0.25,0.1,0.01,1,1,1,1.0,1
atanas,1,deterministic,FUGW (G+A; official),test,2022-07-15-06,121,URADL,/home/ubuntu/klb/nuclr/nuclr/Data/Atanas_SF_unified_000776/cv5_grouped_v1/fold_1/test/train__2022-07-15-06__18a22ee5.npz,2023-01-05-18,1,85,48,77,IL2DL,IL2DL|MI|I3|URADL|IL1DL,50,MI,0.25,0.1,0.01,4,0,1,0.25,0
atanas,1,deterministic,FUGW (G+A; official),test,2023-01-09-22,0,AVDR,/home/ubuntu/klb/nuclr/nuclr/Data/Atanas_SF_unified_000776/cv5_grouped_v1/fold_1/test/train__2023-01-09-22__2f7d76c0.npz,2023-01-05-18,1,85,2,30,AIZR,AIZR|AVJR|AINR|AWBR|RIVR,30,AVJR,0.25,0.1,0.01,6,0,0,0.16666666666666666,0
atanas,1,deterministic,FUGW (G+A; official),test,2023-01-09-22,1,URYVL,/home/ubuntu/klb/nuclr/nuclr/Data/Atanas_SF_unified_000776/cv5_grouped_v1/fold_1/test/train__2023-01-09-22__2f7d76c0.npz,2023-01-05-18,1,85,71,66,I2L,I2L|NSML|URAVL|M3L|IL2L,9,M3L,0.25,0.1,0.01,6,0,0,0.16666666666666666,0
atanas,1,deterministic,FUGW (G+A; official),test,2023-01-09-22,2,AIYR,/home/ubuntu/klb/nuclr/nuclr/Data/Atanas_SF_unified_000776/cv5_grouped_v1/fold_1/test/train__2023-01-09-22__2f7d76c0.npz,2023-01-05-18,0,85,-1,119,FLPR,FLPR|ADER|AVDR|AIBR|ASER,-1,,0.25,0.1,0.01,-1,0,0,0.0,0
atanas,1,deterministic,FUGW (G+A; official),test,2023-01-09-22,3,OLQDL,/home/ubuntu/klb/nuclr/nuclr/Data/Atanas_SF_unified_000776/cv5_grouped_v1/fold_1/test/train__2023-01-09-22__2f7d76c0.npz,2023-01-05-18,1,85,39,72,IL1DL,IL1DL|OLQDL|URADL|MI|M4,7,M4,0.25,0.1,0.01,2,0,1,0.5,0
atanas,1,deterministic,FUGW (G+A; official),test,2023-01-09-22,5,AIZL,/home/ubuntu/klb/nuclr/nuclr/Data/Atanas_SF_unified_000776/cv5_grouped_v1/fold_1/test/train__2023-01-09-22__2f7d76c0.npz,2023-01-05-18,1,85,78,110,AIZL,AIZL|FLPL|RICL|AVJL|I6,-1,,0.25,0.1,0.01,1,1,1,1.0,0
atanas,1,deterministic,FUGW (G+A; official),test,2023-01-09-22,7,RMDL,/home/ubuntu/klb/nuclr/nuclr/Data/Atanas_SF_unified_000776/cv5_grouped_v1/fold_1/test/train__2023-01-09-22__2f7d76c0.npz,2023-01-05-18,1,85,4,6,RMDL,RMDL|AWCL|RMDVL|AVAL|AUAL,4,RMDL,0.25,0.1,0.01,1,1,1,1.0,1
atanas,1,deterministic,FUGW (G+A; official),test,2023-01-09-22,8,URYDL,/home/ubuntu/klb/nuclr/nuclr/Data/Atanas_SF_unified_000776/cv5_grouped_v1/fold_1/test/train__2023-01-09-22__2f7d76c0.npz,2023-01-05-18,1,85,32,69,URADL,URADL|URYDL|IL1DL|OLLL|IL2DL,32,URYDL,0.25,0.1,0.01,2,0,1,0.5,1
atanas,1,deterministic,FUGW (G+A; official),test,2023-01-09-22,9,CEPVL,/home/ubuntu/klb/nuclr/nuclr/Data/Atanas_SF_unified_000776/cv5_grouped_v1/fold_1/test/train__2023-01-09-22__2f7d76c0.npz,2023-01-05-18,1,85,6,8,CEPVL,CEPVL|IL2VL|RMDDL|URAVL|M3L,6,CEPVL,0.25,0.1,0.01,1,1,1,1.0,1
atanas,1,deterministic,FUGW (G+A; official),test,2023-01-09-22,10,OLLR,/home/ubuntu/klb/nuclr/nuclr/Data/Atanas_SF_unified_000776/cv5_grouped_v1/fold_1/test/train__2023-01-09-22__2f7d76c0.npz,2023-01-05-18,1,85,31,31,URADR,URADR|IL2DR|OLLR|URYDR|IL1DR,31,OLLR,0.25,0.1,0.01,3,0,1,0.3333333333333333,1
atanas,1,deterministic,FUGW (G+A; official),test,2023-01-09-22,11,IL2DR,/home/ubuntu/klb/nuclr/nuclr/Data/Atanas_SF_unified_000776/cv5_grouped_v1/fold_1/test/train__2023-01-09-22__2f7d76c0.npz,2023-01-05-18,1,85,3,5,IL2DR,IL2DR|URADR|IL1DR|URYDR|OLQDR,3,IL2DR,0.25,0.1,0.01,1,1,1,1.0,1
atanas,1,deterministic,FUGW (G+A; official),test,2023-01-09-22,12,BAGL,/home/ubuntu/klb/nuclr/nuclr/Data/Atanas_SF_unified_000776/cv5_grouped_v1/fold_1/test/train__2023-01-09-22__2f7d76c0.npz,2023-01-05-18,0,85,-1,0,AVAL,AVAL|AVBL|SAAVL|OLQVL|IL2L,0,AVAL,0.25,0.1,0.01,-1,0,0,0.0,0
atanas,1,deterministic,FUGW (G+A; official),test,2023-01-09-22,14,URBL,/home/ubuntu/klb/nuclr/nuclr/Data/Atanas_SF_unified_000776/cv5_grouped_v1/fold_1/test/train__2023-01-09-22__2f7d76c0.npz,2023-01-05-18,1,85,11,79,IL2L,IL2L|URBL|IL1L|OLLL|URYVL,29,OLLL,0.25,0.1,0.01,2,0,1,0.5,0
atanas,1,deterministic,FUGW (G+A; official),test,2023-01-09-22,15,I1R,/home/ubuntu/klb/nuclr/nuclr/Data/Atanas_SF_unified_000776/cv5_grouped_v1/fold_1/test/train__2023-01-09-22__2f7d76c0.npz,2023-01-05-18,1,85,59,82,I1R,I1R|IL2VR|I2R|NSMR|I1L,59,I1R,0.25,0.1,0.01,1,1,1,1.0,1
atanas,1,deterministic,FUGW (G+A; official),test,2023-01-09-22,16,RMDVL,/home/ubuntu/klb/nuclr/nuclr/Data/Atanas_SF_unified_000776/cv5_grouped_v1/fold_1/test/train__2023-01-09-22__2f7d76c0.npz,2023-01-05-18,1,85,65,88,RMDVL,RMDVL|AWBL|ASEL|RMDL|AWCL,65,RMDVL,0.25,0.1,0.01,1,1,1,1.0,1
atanas,1,deterministic,FUGW (G+A; official),test,2023-01-09-22,17,SMDVR,/home/ubuntu/klb/nuclr/nuclr/Data/Atanas_SF_unified_000776/cv5_grouped_v1/fold_1/test/train__2023-01-09-22__2f7d76c0.npz,2023-01-05-18,0,85,-1,85,ADLR,ADLR|CEPDR|RIVR|URXR|AWBR,-1,,0.25,0.1,0.01,-1,0,0,0.0,0
atanas,1,deterministic,FUGW (G+A; official),test,2023-01-09-22,18,AUAR,/home/ubuntu/klb/nuclr/nuclr/Data/Atanas_SF_unified_000776/cv5_grouped_v1/fold_1/test/train__2023-01-09-22__2f7d76c0.npz,2023-01-05-18,0,85,-1,29,AVAR,AVAR|ASER|RMDVR|AIBR|AVJR,75,ASER,0.25,0.1,0.01,-1,0,0,0.0,0
atanas,1,deterministic,FUGW (G+A; official),test,2023-01-09-22,21,AWCL,/home/ubuntu/klb/nuclr/nuclr/Data/Atanas_SF_unified_000776/cv5_grouped_v1/fold_1/test/train__2023-01-09-22__2f7d76c0.npz,2023-01-05-18,1,85,54,64,AVJL,AVJL|RMDVL|AWCL|ASEL|AIZL,54,AWCL,0.25,0.1,0.01,3,0,1,0.3333333333333333,1
atanas,1,deterministic,FUGW (G+A; official),test,2023-01-09-22,23,CEPVR,/home/ubuntu/klb/nuclr/nuclr/Data/Atanas_SF_unified_000776/cv5_grouped_v1/fold_1/test/train__2023-01-09-22__2f7d76c0.npz,2023-01-05-18,0,85,-1,116,OLQVR,OLQVR|M3R|RMEV|NSMR|IL2VR,81,OLQVR,0.25,0.1,0.01,-1,0,0,0.0,0
atanas,1,deterministic,FUGW (G+A; official),test,2023-01-09-22,24,AVAL,/home/ubuntu/klb/nuclr/nuclr/Data/Atanas_SF_unified_000776/cv5_grouped_v1/fold_1/test/train__2023-01-09-22__2f7d76c0.npz,2023-01-05-18,1,85,0,0,AVAL,AVAL|RMDVL|SAAVL|AWBL|RMDL,72,SAAVL,0.25,0.1,0.01,1,1,1,1.0,0
atanas,1,deterministic,FUGW (G+A; official),test,2023-01-09-22,25,IL1DR,/home/ubuntu/klb/nuclr/nuclr/Data/Atanas_SF_unified_000776/cv5_grouped_v1/fold_1/test/train__2023-01-09-22__2f7d76c0.npz,2023-01-05-18,1,85,42,62,IL1DR,IL1DR|IL2DR|OLQDR|I3|M4,42,IL1DR,0.25,0.1,0.01,1,1,1,1.0,1
atanas,1,deterministic,FUGW (G+A; official),test,2023-01-09-22,27,RIVL,/home/ubuntu/klb/nuclr/nuclr/Data/Atanas_SF_unified_000776/cv5_grouped_v1/fold_1/test/train__2023-01-09-22__2f7d76c0.npz,2023-01-05-18,1,85,17,21,ADLL,ADLL|CEPDL|ASIL|RIVL|URXL,70,I4,0.25,0.1,0.01,4,0,1,0.25,0
atanas,1,deterministic,FUGW (G+A; official),test,2023-01-09-22,28,RIAR,/home/ubuntu/klb/nuclr/nuclr/Data/Atanas_SF_unified_000776/cv5_grouped_v1/fold_1/test/train__2023-01-09-22__2f7d76c0.npz,2023-01-05-18,1,85,60,83,RIAR,RIAR|AWBR|CEPDR|ADLR|RIVR,60,RIAR,0.25,0.1,0.01,1,1,1,1.0,1
atanas,1,deterministic,FUGW (G+A; official),test,2023-01-09-22,31,RMDDR,/home/ubuntu/klb/nuclr/nuclr/Data/Atanas_SF_unified_000776/cv5_grouped_v1/fold_1/test/train__2023-01-09-22__2f7d76c0.npz,2023-01-05-18,0,85,-1,32,AVL,AVL|RMEV|AVER|AIBR|RMDDL,-1,,0.25,0.1,0.01,-1,0,0,0.0,0
atanas,1,deterministic,FUGW (G+A; official),test,2023-01-09-22,33,M3R,/home/ubuntu/klb/nuclr/nuclr/Data/Atanas_SF_unified_000776/cv5_grouped_v1/fold_1/test/train__2023-01-09-22__2f7d76c0.npz,2023-01-05-18,1,85,24,74,I2R,I2R|NSMR|M3R|I1R|IL2VR,8,NSMR,0.25,0.1,0.01,3,0,1,0.3333333333333333,0
atanas,1,deterministic,FUGW (G+A; official),test,2023-01-09-22,34,RMER,/home/ubuntu/klb/nuclr/nuclr/Data/Atanas_SF_unified_000776/cv5_grouped_v1/fold_1/test/train__2023-01-09-22__2f7d76c0.npz,2023-01-05-18,1,85,28,17,URBR,URBR|OLQVR|IL2R|RMER|M3R,12,URBR,0.25,0.1,0.01,4,0,1,0.25,0
atanas,1,deterministic,FUGW (G+A; official),test,2023-01-09-22,36,IL1VR,/home/ubuntu/klb/nuclr/nuclr/Data/Atanas_SF_unified_000776/cv5_grouped_v1/fold_1/test/train__2023-01-09-22__2f7d76c0.npz,2023-01-05-18,0,85,-1,35,M3R,M3R|NSMR|IL2VR|OLQVR|I2R,24,M3R,0.25,0.1,0.01,-1,0,0,0.0,0
atanas,1,deterministic,FUGW (G+A; official),test,2023-01-09-22,37,I2L,/home/ubuntu/klb/nuclr/nuclr/Data/Atanas_SF_unified_000776/cv5_grouped_v1/fold_1/test/train__2023-01-09-22__2f7d76c0.npz,2023-01-05-18,1,85,45,20,I1L,I1L|I2L|NSML|URAVL|MCL,45,I2L,0.25,0.1,0.01,2,0,1,0.5,1
atanas,1,deterministic,FUGW (G+A; official),test,2023-01-09-22,39,ASEL,/home/ubuntu/klb/nuclr/nuclr/Data/Atanas_SF_unified_000776/cv5_grouped_v1/fold_1/test/train__2023-01-09-22__2f7d76c0.npz,2023-01-05-18,1,85,34,64,AVJL,AVJL|ASEL|AVHL|AWBL|AIZL,34,ASEL,0.25,0.1,0.01,2,0,1,0.5,1
atanas,1,deterministic,FUGW (G+A; official),test,2023-01-09-22,40,M3L,/home/ubuntu/klb/nuclr/nuclr/Data/Atanas_SF_unified_000776/cv5_grouped_v1/fold_1/test/train__2023-01-09-22__2f7d76c0.npz,2023-01-05-18,1,85,9,3,URAVL,URAVL|MCL|NSML|I1L|M3L,25,MCL,0.25,0.1,0.01,5,0,1,0.2,0
atanas,1,deterministic,FUGW (G+A; official),test,2023-01-09-22,41,OLQVL,/home/ubuntu/klb/nuclr/nuclr/Data/Atanas_SF_unified_000776/cv5_grouped_v1/fold_1/test/train__2023-01-09-22__2f7d76c0.npz,2023-01-05-18,1,85,5,3,URAVL,URAVL|NSML|M3L|URYVL|I2L,71,URYVL,0.25,0.1,0.01,9,0,0,0.1111111111111111,0
atanas,1,deterministic,FUGW (G+A; official),test,2023-01-09-22,43,FLPL,/home/ubuntu/klb/nuclr/nuclr/Data/Atanas_SF_unified_000776/cv5_grouped_v1/fold_1/test/train__2023-01-09-22__2f7d76c0.npz,2023-01-05-18,1,85,13,18,FLPL,FLPL|RICL|AIZL|AVJL|I6,78,AIZL,0.25,0.1,0.01,1,1,1,1.0,0
atanas,1,deterministic,FUGW (G+A; official),test,2023-01-09-22,44,IL1VL,/home/ubuntu/klb/nuclr/nuclr/Data/Atanas_SF_unified_000776/cv5_grouped_v1/fold_1/test/train__2023-01-09-22__2f7d76c0.npz,2023-01-05-18,0,85,-1,47,IL2VL,IL2VL|URAVL|CEPVL|M3L|URYVL,33,IL2VL,0.25,0.1,0.01,-1,0,0,0.0,0
atanas,1,deterministic,FUGW (G+A; official),test,2023-01-09-22,46,ASGR,/home/ubuntu/klb/nuclr/nuclr/Data/Atanas_SF_unified_000776/cv5_grouped_v1/fold_1/test/train__2023-01-09-22__2f7d76c0.npz,2023-01-05-18,0,85,-1,54,CEPDR,CEPDR|RIVR|ADLR|M1|URXR,62,ADLR,0.25,0.1,0.01,-1,0,0,0.0,0
atanas,1,deterministic,FUGW (G+A; official),test,2023-01-09-22,48,URYDR,/home/ubuntu/klb/nuclr/nuclr/Data/Atanas_SF_unified_000776/cv5_grouped_v1/fold_1/test/train__2023-01-09-22__2f7d76c0.npz,2023-01-05-18,1,85,47,31,URADR,URADR|IL2DR|URYDR|OLLR|IL1DR,47,URYDR,0.25,0.1,0.01,3,0,1,0.3333333333333333,1
atanas,1,deterministic,FUGW (G+A; official),test,2023-01-09-22,49,AVDL,/home/ubuntu/klb/nuclr/nuclr/Data/Atanas_SF_unified_000776/cv5_grouped_v1/fold_1/test/train__2023-01-09-22__2f7d76c0.npz,2023-01-05-18,0,85,-1,64,AVJL,AVJL|I6|AVHL|ASEL|AIZL,77,AVHL,0.25,0.1,0.01,-1,0,0,0.0,0
atanas,1,deterministic,FUGW (G+A; official),test,2023-01-09-22,50,SMDDL,/home/ubuntu/klb/nuclr/nuclr/Data/Atanas_SF_unified_000776/cv5_grouped_v1/fold_1/test/train__2023-01-09-22__2f7d76c0.npz,2023-01-05-18,0,85,-1,117,RMEV,RMEV|AVL|AVER|AIBR|OLQVR,82,RMEV,0.25,0.1,0.01,-1,0,0,0.0,0
atanas,1,deterministic,FUGW (G+A; official),test,2023-01-09-22,51,I3,/home/ubuntu/klb/nuclr/nuclr/Data/Atanas_SF_unified_000776/cv5_grouped_v1/fold_1/test/train__2023-01-09-22__2f7d76c0.npz,2023-01-05-18,1,85,18,77,IL2DL,IL2DL|MI|I3|URADL|M4,50,MI,0.25,0.1,0.01,3,0,1,0.3333333333333333,0
atanas,1,deterministic,FUGW (G+A; official),test,2023-01-09-22,53,IL2DL,/home/ubuntu/klb/nuclr/nuclr/Data/Atanas_SF_unified_000776/cv5_grouped_v1/fold_1/test/train__2023-01-09-22__2f7d76c0.npz,2023-01-05-18,1,85,56,77,IL2DL,IL2DL|URADL|IL1DL|MI|URYDL,48,URADL,0.25,0.1,0.01,1,1,1,1.0,0
atanas,1,deterministic,FUGW (G+A; official),test,2023-01-09-22,54,RIH,/home/ubuntu/klb/nuclr/nuclr/Data/Atanas_SF_unified_000776/cv5_grouped_v1/fold_1/test/train__2023-01-09-22__2f7d76c0.npz,2023-01-05-18,0,85,-1,117,RMEV,RMEV|OLQVR|M3R|NSMR|AVL,-1,,0.25,0.1,0.01,-1,0,0,0.0,0
atanas,1,deterministic,FUGW (G+A; official),test,2023-01-09-22,55,RMEV,/home/ubuntu/klb/nuclr/nuclr/Data/Atanas_SF_unified_000776/cv5_grouped_v1/fold_1/test/train__2023-01-09-22__2f7d76c0.npz,2023-01-05-18,1,85,82,32,AVL,AVL|RMEV|AVER|OLQVR|SAAVL,23,AVL,0.25,0.1,0.01,2,0,1,0.5,0
atanas,1,deterministic,FUGW (G+A; official),test,2023-01-09-22,57,AVER,/home/ubuntu/klb/nuclr/nuclr/Data/Atanas_SF_unified_000776/cv5_grouped_v1/fold_1/test/train__2023-01-09-22__2f7d76c0.npz,2023-01-05-18,1,85,41,61,AVER,AVER|AIBR|RMER|RMEV|AVAR,-1,,0.25,0.1,0.01,1,1,1,1.0,0
atanas,1,deterministic,FUGW (G+A; official),test,2023-01-09-22,59,CEPDR,/home/ubuntu/klb/nuclr/nuclr/Data/Atanas_SF_unified_000776/cv5_grouped_v1/fold_1/test/train__2023-01-09-22__2f7d76c0.npz,2023-01-05-18,1,85,36,54,CEPDR,CEPDR|URXR|M1|RID|RIVR,36,CEPDR,0.25,0.1,0.01,1,1,1,1.0,1
atanas,1,deterministic,FUGW (G+A; official),test,2023-01-09-22,61,ADLL,/home/ubuntu/klb/nuclr/nuclr/Data/Atanas_SF_unified_000776/cv5_grouped_v1/fold_1/test/train__2023-01-09-22__2f7d76c0.npz,2023-01-05-18,1,85,15,21,ADLL,ADLL|ASIL|RID|AWAL|SAAVL,15,ADLL,0.25,0.1,0.01,1,1,1,1.0,1
atanas,1,deterministic,FUGW (G+A; official),test,2023-01-09-22,63,RIBL,/home/ubuntu/klb/nuclr/nuclr/Data/Atanas_SF_unified_000776/cv5_grouped_v1/fold_1/test/train__2023-01-09-22__2f7d76c0.npz,2023-01-05-18,0,85,-1,70,AVBL,AVBL|SAAVL|AVAL|ADLL|ASGL,49,AVBL,0.25,0.1,0.01,-1,0,0,0.0,0
atanas,1,deterministic,FUGW (G+A; official),test,2023-01-09-22,64,CEPDL,/home/ubuntu/klb/nuclr/nuclr/Data/Atanas_SF_unified_000776/cv5_grouped_v1/fold_1/test/train__2023-01-09-22__2f7d76c0.npz,2023-01-05-18,1,85,26,37,CEPDL,CEPDL|URXL|RIAL|ADLL|OLQDL,26,CEPDL,0.25,0.1,0.01,1,1,1,1.0,1
atanas,1,deterministic,FUGW (G+A; official),test,2023-01-09-22,66,MI,/home/ubuntu/klb/nuclr/nuclr/Data/Atanas_SF_unified_000776/cv5_grouped_v1/fold_1/test/train__2023-01-09-22__2f7d76c0.npz,2023-01-05-18,1,85,50,77,IL2DL,IL2DL|MI|URADL|I3|M4,56,IL2DL,0.25,0.1,0.01,2,0,1,0.5,0
atanas,1,deterministic,FUGW (G+A; official),test,2023-01-09-22,68,ADEL,/home/ubuntu/klb/nuclr/nuclr/Data/Atanas_SF_unified_000776/cv5_grouped_v1/fold_1/test/train__2023-01-09-22__2f7d76c0.npz,2023-01-05-18,0,85,-1,18,FLPL,FLPL|I6|AIZL|RICL|AVJL,44,AVJL,0.25,0.1,0.01,-1,0,0,0.0,0
atanas,1,deterministic,FUGW (G+A; official),test,2023-01-09-22,71,SMDVL,/home/ubuntu/klb/nuclr/nuclr/Data/Atanas_SF_unified_000776/cv5_grouped_v1/fold_1/test/train__2023-01-09-22__2f7d76c0.npz,2023-01-05-18,1,85,64,37,CEPDL,CEPDL|SMDVL|RIVL|AWAL|ASIL,64,SMDVL,0.25,0.1,0.01,2,0,1,0.5,1
atanas,1,deterministic,FUGW (G+A; official),test,2023-01-09-22,75,AVJL,/home/ubuntu/klb/nuclr/nuclr/Data/Atanas_SF_unified_000776/cv5_grouped_v1/fold_1/test/train__2023-01-09-22__2f7d76c0.npz,2023-01-05-18,1,85,44,25,RIVL,RIVL|I6|AVHL|CEPDL|SMDVL,16,RIAL,0.25,0.1,0.01,8,0,0,0.125,0
atanas,1,deterministic,FUGW (G+A; official),test,2023-01-09-22,76,IL2VL,/home/ubuntu/klb/nuclr/nuclr/Data/Atanas_SF_unified_000776/cv5_grouped_v1/fold_1/test/train__2023-01-09-22__2f7d76c0.npz,2023-01-05-18,1,85,33,3,URAVL,URAVL|NSML|M3L|IL2VL|I2L,1,URAVL,0.25,0.1,0.01,4,0,1,0.25,0
atanas,1,deterministic,FUGW (G+A; official),test,2023-01-09-22,77,AVJR,/home/ubuntu/klb/nuclr/nuclr/Data/Atanas_SF_unified_000776/cv5_grouped_v1/fold_1/test/train__2023-01-09-22__2f7d76c0.npz,2023-01-05-18,1,85,30,114,RIVR,RIVR|CEPDR|ADLR|AWBR|M1,74,AWBR,0.25,0.1,0.01,6,0,0,0.16666666666666666,0
atanas,1,deterministic,FUGW (G+A; official),test,2023-01-09-22,78,RID,/home/ubuntu/klb/nuclr/nuclr/Data/Atanas_SF_unified_000776/cv5_grouped_v1/fold_1/test/train__2023-01-09-22__2f7d76c0.npz,2023-01-05-18,1,85,66,91,RID,RID|URXR|URXL|OLQDR|IL1DR,43,OLQDR,0.25,0.1,0.01,1,1,1,1.0,0
atanas,1,deterministic,FUGW (G+A; official),test,2023-01-09-22,80,AVKR,/home/ubuntu/klb/nuclr/nuclr/Data/Atanas_SF_unified_000776/cv5_grouped_v1/fold_1/test/train__2023-01-09-22__2f7d76c0.npz,2023-01-05-18,0,85,-1,52,ADER,ADER|FLPR|AVDR|ASER|AIZR,35,ADER,0.25,0.1,0.01,-1,0,0,0.0,0
atanas,1,deterministic,FUGW (G+A; official),test,2023-01-09-22,81,RMDR,/home/ubuntu/klb/nuclr/nuclr/Data/Atanas_SF_unified_000776/cv5_grouped_v1/fold_1/test/train__2023-01-09-22__2f7d76c0.npz,2023-01-05-18,0,85,-1,29,AVAR,AVAR|RMDVR|ASER|AIBR|AVER,-1,,0.25,0.1,0.01,-1,0,0,0.0,0
atanas,1,deterministic,FUGW (G+A; official),test,2023-01-09-22,84,IL2R,/home/ubuntu/klb/nuclr/nuclr/Data/Atanas_SF_unified_000776/cv5_grouped_v1/fold_1/test/train__2023-01-09-22__2f7d76c0.npz,2023-01-05-18,1,85,40,5,IL2DR,IL2DR|URADR|IL2R|OLLR|URYDR,22,URADR,0.25,0.1,0.01,3,0,1,0.3333333333333333,0
atanas,1,deterministic,FUGW (G+A; official),test,2023-01-09-22,86,URXL,/home/ubuntu/klb/nuclr/nuclr/Data/Atanas_SF_unified_000776/cv5_grouped_v1/fold_1/test/train__2023-01-09-22__2f7d76c0.npz,2023-01-05-18,1,85,38,58,URXL,URXL|CEPDL|OLQDL|RIAL|I4,38,URXL,0.25,0.1,0.01,1,1,1,1.0,1
atanas,1,deterministic,FUGW (G+A; official),test,2023-01-09-22,87,AINR,/home/ubuntu/klb/nuclr/nuclr/Data/Atanas_SF_unified_000776/cv5_grouped_v1/fold_1/test/train__2023-01-09-22__2f7d76c0.npz,2023-01-05-18,1,85,27,114,RIVR,RIVR|AINR|AIZR|ADLR|AVJR,80,RIVR,0.25,0.1,0.01,2,0,1,0.5,0
atanas,1,deterministic,FUGW (G+A; official),test,2023-01-09-22,88,ASHL,/home/ubuntu/klb/nuclr/nuclr/Data/Atanas_SF_unified_000776/cv5_grouped_v1/fold_1/test/train__2023-01-09-22__2f7d76c0.npz,2023-01-05-18,0,85,-1,0,AVAL,AVAL|RIVL|AVHL|ASEL|SMDVL,10,AWAL,0.25,0.1,0.01,-1,0,0,0.0,0
atanas,1,deterministic,FUGW (G+A; official),test,2023-01-09-22,89,I1L,/home/ubuntu/klb/nuclr/nuclr/Data/Atanas_SF_unified_000776/cv5_grouped_v1/fold_1/test/train__2023-01-09-22__2f7d76c0.npz,2023-01-05-18,1,85,14,20,I1L,I1L|I2L|NSML|MCL|I1R,14,I1L,0.25,0.1,0.01,1,1,1,1.0,1
atanas,1,deterministic,FUGW (G+A; official),test,2023-01-09-22,91,AIZR,/home/ubuntu/klb/nuclr/nuclr/Data/Atanas_SF_unified_000776/cv5_grouped_v1/fold_1/test/train__2023-01-09-22__2f7d76c0.npz,2023-01-05-18,1,85,21,4,AVDR,AVDR|ADER|FLPR|AINR|AIZR,21,AIZR,0.25,0.1,0.01,5,0,1,0.2,1
atanas,1,deterministic,FUGW (G+A; official),test,2023-01-09-22,92,ADLR,/home/ubuntu/klb/nuclr/nuclr/Data/Atanas_SF_unified_000776/cv5_grouped_v1/fold_1/test/train__2023-01-09-22__2f7d76c0.npz,2023-01-05-18,1,85,62,73,M1,M1|RID|URXR|CEPDR|ADLR,66,RID,0.25,0.1,0.01,5,0,1,0.2,0
atanas,1,deterministic,FUGW (G+A; official),test,2023-01-09-22,93,OLQVR,/home/ubuntu/klb/nuclr/nuclr/Data/Atanas_SF_unified_000776/cv5_grouped_v1/fold_1/test/train__2023-01-09-22__2f7d76c0.npz,2023-01-05-18,1,85,81,74,I2R,I2R|NSMR|IL2VR|M3R|OLQVR,19,IL2VR,0.25,0.1,0.01,5,0,1,0.2,0
atanas,1,deterministic,FUGW (G+A; official),test,2023-01-09-22,94,OLLL,/home/ubuntu/klb/nuclr/nuclr/Data/Atanas_SF_unified_000776/cv5_grouped_v1/fold_1/test/train__2023-01-09-22__2f7d76c0.npz,2023-01-05-18,1,85,29,69,URADL,URADL|OLLL|IL1DL|URYDL|IL2DL,51,IL1DL,0.25,0.1,0.01,2,0,1,0.5,0
atanas,1,deterministic,FUGW (G+A; official),test,2023-01-09-22,95,AINL,/home/ubuntu/klb/nuclr/nuclr/Data/Atanas_SF_unified_000776/cv5_grouped_v1/fold_1/test/train__2023-01-09-22__2f7d76c0.npz,2023-01-05-18,0,85,-1,98,I6,I6|RIVL|AVHL|ASIL|SMDVL,17,RIVL,0.25,0.1,0.01,-1,0,0,0.0,0
atanas,1,deterministic,FUGW (G+A; official),test,2023-01-09-22,96,RMEL,/home/ubuntu/klb/nuclr/nuclr/Data/Atanas_SF_unified_000776/cv5_grouped_v1/fold_1/test/train__2023-01-09-22__2f7d76c0.npz,2023-01-05-18,0,85,-1,16,URBL,URBL|IL2L|RMDVL|IL1L|URYVL,11,URBL,0.25,0.1,0.01,-1,0,0,0.0,0
atanas,1,deterministic,FUGW (G+A; official),test,2023-01-09-22,98,RMDVR,/home/ubuntu/klb/nuclr/nuclr/Data/Atanas_SF_unified_000776/cv5_grouped_v1/fold_1/test/train__2023-01-09-22__2f7d76c0.npz,2023-01-05-18,1,85,84,121,RMDVR,RMDVR|IL2R|URBR|RMER|RIAR,28,RMER,0.25,0.1,0.01,1,1,1,1.0,0
atanas,1,deterministic,FUGW (G+A; official),test,2023-01-09-22,102,URXR,/home/ubuntu/klb/nuclr/nuclr/Data/Atanas_SF_unified_000776/cv5_grouped_v1/fold_1/test/train__2023-01-09-22__2f7d76c0.npz,2023-01-05-18,1,85,63,86,URXR,URXR|M1|RID|I4|URXL,63,URXR,0.25,0.1,0.01,1,1,1,1.0,1
atanas,1,deterministic,FUGW (G+A; official),test,2023-01-09-22,103,M4,/home/ubuntu/klb/nuclr/nuclr/Data/Atanas_SF_unified_000776/cv5_grouped_v1/fold_1/test/train__2023-01-09-22__2f7d76c0.npz,2023-01-05-18,1,85,7,71,MI,MI|I3|IL2DL|M4|URADL,18,I3,0.25,0.1,0.01,4,0,1,0.25,0
atanas,1,deterministic,FUGW (G+A; official),test,2023-01-09-22,105,RIVR,/home/ubuntu/klb/nuclr/nuclr/Data/Atanas_SF_unified_000776/cv5_grouped_v1/fold_1/test/train__2023-01-09-22__2f7d76c0.npz,2023-01-05-18,1,85,80,73,M1,M1|CEPDR|RIVR|URXR|ADLR,52,M1,0.25,0.1,0.01,3,0,1,0.3333333333333333,0
atanas,1,deterministic,FUGW (G+A; official),test,2023-01-09-22,106,FLPR,/home/ubuntu/klb/nuclr/nuclr/Data/Atanas_SF_unified_000776/cv5_grouped_v1/fold_1/test/train__2023-01-09-22__2f7d76c0.npz,2023-01-05-18,1,85,83,4,AVDR,AVDR|ADER|AINR|FLPR|AIZR,2,AVDR,0.25,0.1,0.01,4,0,1,0.25,0
atanas,1,deterministic,FUGW (G+A; official),test,2023-01-09-22,108,URYVR,/home/ubuntu/klb/nuclr/nuclr/Data/Atanas_SF_unified_000776/cv5_grouped_v1/fold_1/test/train__2023-01-09-22__2f7d76c0.npz,2023-01-05-18,0,85,-1,74,I2R,I2R|NSMR|IL2R|M3R|IL2VR,53,I2R,0.25,0.1,0.01,-1,0,0,0.0,0
atanas,1,deterministic,FUGW (G+A; official),test,2023-01-09-22,109,ADAL,/home/ubuntu/klb/nuclr/nuclr/Data/Atanas_SF_unified_000776/cv5_grouped_v1/fold_1/test/train__2023-01-09-22__2f7d76c0.npz,2023-01-05-18,0,85,-1,18,FLPL,FLPL|I6|RICL|AIZL|AVJL,13,FLPL,0.25,0.1,0.01,-1,0,0,0.0,0
atanas,1,deterministic,FUGW (G+A; official),test,2023-01-09-22,111,ASGL,/home/ubuntu/klb/nuclr/nuclr/Data/Atanas_SF_unified_000776/cv5_grouped_v1/fold_1/test/train__2023-01-09-22__2f7d76c0.npz,2023-01-05-18,1,85,61,25,RIVL,RIVL|SMDVL|ASIL|AWAL|ADLL,76,ASIL,0.25,0.1,0.01,7,0,0,0.14285714285714285,0
atanas,1,deterministic,FUGW (G+A; official),test,2023-01-09-22,112,RIMR,/home/ubuntu/klb/nuclr/nuclr/Data/Atanas_SF_unified_000776/cv5_grouped_v1/fold_1/test/train__2023-01-09-22__2f7d76c0.npz,2023-01-05-18,0,85,-1,76,AIBR,AIBR|ASER|AVER|AVAR|AVJR,55,AIBR,0.25,0.1,0.01,-1,0,0,0.0,0
atanas,1,deterministic,FUGW (G+A; official),test,2023-01-09-22,113,AIBR,/home/ubuntu/klb/nuclr/nuclr/Data/Atanas_SF_unified_000776/cv5_grouped_v1/fold_1/test/train__2023-01-09-22__2f7d76c0.npz,2023-01-05-18,1,85,55,61,AVER,AVER|AIBR|RMEV|AVAR|RMER,41,AVER,0.25,0.1,0.01,2,0,1,0.5,0
atanas,1,deterministic,FUGW (G+A; official),test,2023-01-09-22,114,IL1R,/home/ubuntu/klb/nuclr/nuclr/Data/Atanas_SF_unified_000776/cv5_grouped_v1/fold_1/test/train__2023-01-09-22__2f7d76c0.npz,2023-01-05-18,0,85,-1,60,IL2R,IL2R|I2R|NSMR|M3R|URBR,40,IL2R,0.25,0.1,0.01,-1,0,0,0.0,0
atanas,1,deterministic,FUGW (G+A; official),test,2023-01-09-22,117,M5,/home/ubuntu/klb/nuclr/nuclr/Data/Atanas_SF_unified_000776/cv5_grouped_v1/fold_1/test/train__2023-01-09-22__2f7d76c0.npz,2023-01-05-18,0,85,-1,98,I6,I6|I4|ADLL|RIVL|FLPL,69,I6,0.25,0.1,0.01,-1,0,0,0.0,0
atanas,1,deterministic,FUGW (G+A; official),test,2023-01-09-22,119,RIAL,/home/ubuntu/klb/nuclr/nuclr/Data/Atanas_SF_unified_000776/cv5_grouped_v1/fold_1/test/train__2023-01-09-22__2f7d76c0.npz,2023-01-05-18,1,85,16,37,CEPDL,CEPDL|SMDVL|RIAL|AWBL|URYDL,39,OLQDL,0.25,0.1,0.01,3,0,1,0.3333333333333333,0
atanas,1,deterministic,FUGW (G+A; official),test,2023-01-09-22,121,IL1L,/home/ubuntu/klb/nuclr/nuclr/Data/Atanas_SF_unified_000776/cv5_grouped_v1/fold_1/test/train__2023-01-09-22__2f7d76c0.npz,2023-01-05-18,1,85,37,79,IL2L,IL2L|IL1L|I2L|URYVL|URBL,37,IL1L,0.25,0.1,0.01,2,0,1,0.5,1
atanas,1,deterministic,FUGW (G+A; official),test,2023-01-09-22,122,AVEL,/home/ubuntu/klb/nuclr/nuclr/Data/Atanas_SF_unified_000776/cv5_grouped_v1/fold_1/test/train__2023-01-09-22__2f7d76c0.npz,2023-01-05-18,1,85,46,6,RMDL,RMDL|AWCL|RMDVL|ASEL|AWBL,5,OLQVL,0.25,0.1,0.01,7,0,0,0.14285714285714285,0
atanas,1,deterministic,FUGW (G+A; official),test,2023-01-09-22,125,AVAR,/home/ubuntu/klb/nuclr/nuclr/Data/Atanas_SF_unified_000776/cv5_grouped_v1/fold_1/test/train__2023-01-09-22__2f7d76c0.npz,2023-01-05-18,1,85,20,29,AVAR,AVAR|ASER|RMDVR|IL2R|AVER,20,AVAR,0.25,0.1,0.01,1,1,1,1.0,1
atanas,1,deterministic,FUGW (G+A; official),test,2023-01-09-22,129,AIBL,/home/ubuntu/klb/nuclr/nuclr/Data/Atanas_SF_unified_000776/cv5_grouped_v1/fold_1/test/train__2023-01-09-22__2f7d76c0.npz,2023-01-05-18,0,85,-1,67,AVEL,AVEL|AUAL|RMDL|AWCL|ASGL,-1,,0.25,0.1,0.01,-1,0,0,0.0,0
atanas,1,deterministic,FUGW (G+A; official),test,2023-01-09-22,130,RMDDL,/home/ubuntu/klb/nuclr/nuclr/Data/Atanas_SF_unified_000776/cv5_grouped_v1/fold_1/test/train__2023-01-09-22__2f7d76c0.npz,2023-01-05-18,1,85,79,113,RMDDL,RMDDL|AUAL|AVEL|CEPVL|IL2VL,-1,,0.25,0.1,0.01,1,1,1,1.0,0
atanas,1,deterministic,FUGW (G+A; official),test,2023-01-09-22,131,NSML,/home/ubuntu/klb/nuclr/nuclr/Data/Atanas_SF_unified_000776/cv5_grouped_v1/fold_1/test/train__2023-01-09-22__2f7d76c0.npz,2023-01-05-18,1,85,73,20,I1L,I1L|I2L|NSML|URAVL|MCL,73,NSML,0.25,0.1,0.01,3,0,1,0.3333333333333333,1
atanas,1,deterministic,FUGW (G+A; official),test,2023-01-09-22,132,AIMR,/home/ubuntu/klb/nuclr/nuclr/Data/Atanas_SF_unified_000776/cv5_grouped_v1/fold_1/test/train__2023-01-09-22__2f7d76c0.npz,2023-01-05-18,0,85,-1,119,FLPR,FLPR|ADER|AIBR|AVDR|AVL,83,FLPR,0.25,0.1,0.01,-1,0,0,0.0,0
atanas,1,deterministic,FUGW (G+A; official),test,2023-01-09-22,135,ADER,/home/ubuntu/klb/nuclr/nuclr/Data/Atanas_SF_unified_000776/cv5_grouped_v1/fold_1/test/train__2023-01-09-22__2f7d76c0.npz,2023-01-05-18,1,85,35,38,AINR,AINR|AVDR|AIZR|ADER|FLPR,27,AINR,0.25,0.1,0.01,4,0,1,0.25,0
atanas,1,deterministic,FUGW (G+A; official),test,2023-01-09-22,136,AWBL,/home/ubuntu/klb/nuclr/nuclr/Data/Atanas_SF_unified_000776/cv5_grouped_v1/fold_1/test/train__2023-01-09-22__2f7d76c0.npz,2023-01-05-18,1,85,67,88,RMDVL,RMDVL|SMDVL|AWBL|ASEL|AVHL,67,AWBL,0.25,0.1,0.01,3,0,1,0.3333333333333333,1
atanas,1,deterministic,FUGW (G+A; official),test,2023-01-09-22,139,VB02,/home/ubuntu/klb/nuclr/nuclr/Data/Atanas_SF_unified_000776/cv5_grouped_v1/fold_1/test/train__2023-01-09-22__2f7d76c0.npz,2023-01-05-18,0,85,-1,113,RMDDL,RMDDL|AVL|ADER|FLPR|FLPL,-1,,0.25,0.1,0.01,-1,0,0,0.0,0
atanas,1,deterministic,FUGW (G+A; official),test,2023-01-09-22,140,AUAL,/home/ubuntu/klb/nuclr/nuclr/Data/Atanas_SF_unified_000776/cv5_grouped_v1/fold_1/test/train__2023-01-09-22__2f7d76c0.npz,2023-01-05-18,1,85,68,96,AUAL,AUAL|RMDDL|RICL|AIZL|AWCL,68,AUAL,0.25,0.1,0.01,1,1,1,1.0,1
atanas,1,deterministic,FUGW (G+A; official),test,2023-01-09-22,141,AIYL,/home/ubuntu/klb/nuclr/nuclr/Data/Atanas_SF_unified_000776/cv5_grouped_v1/fold_1/test/train__2023-01-09-22__2f7d76c0.npz,2023-01-05-18,0,85,-1,113,RMDDL,RMDDL|AVL|AUAL|RICL|I4,-1,,0.25,0.1,0.01,-1,0,0,0.0,0
atanas,1,deterministic,FUGW (G+A; official),test,2023-01-09-22,142,AWCR,/home/ubuntu/klb/nuclr/nuclr/Data/Atanas_SF_unified_000776/cv5_grouped_v1/fold_1/test/train__2023-01-09-22__2f7d76c0.npz,2023-01-05-18,0,85,-1,121,RMDVR,RMDVR|AVJR|AVAR|AIZR|AIBR,84,RMDVR,0.25,0.1,0.01,-1,0,0,0.0,0
atanas,1,deterministic,FUGW (G+A; official),test,2023-01-09-22,145,IL2L,/home/ubuntu/klb/nuclr/nuclr/Data/Atanas_SF_unified_000776/cv5_grouped_v1/fold_1/test/train__2023-01-09-22__2f7d76c0.npz,2023-01-05-18,1,85,57,79,IL2L,IL2L|I2L|NSML|IL1L|URBL,57,IL2L,0.25,0.1,0.01,1,1,1,1.0,1
atanas,1,deterministic,FUGW (G+A; official),test,2023-01-23-01,5,MCL,/home/ubuntu/klb/nuclr/nuclr/Data/Atanas_SF_unified_000776/cv5_grouped_v1/fold_1/test/train__2023-01-23-01__6b8b0274.npz,2023-01-05-18,1,85,25,20,I1L,I1L|I2L|NSML|MCL|URAVL,25,MCL,0.25,0.1,0.01,4,0,1,0.25,1
atanas,1,deterministic,FUGW (G+A; official),test,2023-01-23-01,6,I2L,/home/ubuntu/klb/nuclr/nuclr/Data/Atanas_SF_unified_000776/cv5_grouped_v1/fold_1/test/train__2023-01-23-01__6b8b0274.npz,2023-01-05-18,1,85,45,66,I2L,I2L|NSML|I1L|URAVL|MCL,73,NSML,0.25,0.1,0.01,1,1,1,1.0,0
atanas,1,deterministic,FUGW (G+A; official),test,2023-01-23-01,7,IL2L,/home/ubuntu/klb/nuclr/nuclr/Data/Atanas_SF_unified_000776/cv5_grouped_v1/fold_1/test/train__2023-01-23-01__6b8b0274.npz,2023-01-05-18,1,85,57,79,IL2L,IL2L|URBL|IL1L|IL2DL|OLLL,57,IL2L,0.25,0.1,0.01,1,1,1,1.0,1
atanas,1,deterministic,FUGW (G+A; official),test,2023-01-23-01,8,RMEL,/home/ubuntu/klb/nuclr/nuclr/Data/Atanas_SF_unified_000776/cv5_grouped_v1/fold_1/test/train__2023-01-23-01__6b8b0274.npz,2023-01-05-18,0,85,-1,101,URYVL,URYVL|IL1L|URBL|OLQVL|RMDL,5,OLQVL,0.25,0.1,0.01,-1,0,0,0.0,0
atanas,1,deterministic,FUGW (G+A; official),test,2023-01-23-01,10,RID,/home/ubuntu/klb/nuclr/nuclr/Data/Atanas_SF_unified_000776/cv5_grouped_v1/fold_1/test/train__2023-01-23-01__6b8b0274.npz,2023-01-05-18,1,85,66,91,RID,RID|OLQDR|URXR|IL1DR|ADLL,66,RID,0.25,0.1,0.01,1,1,1,1.0,1
atanas,1,deterministic,FUGW (G+A; official),test,2023-01-23-01,11,AVDR,/home/ubuntu/klb/nuclr/nuclr/Data/Atanas_SF_unified_000776/cv5_grouped_v1/fold_1/test/train__2023-01-23-01__6b8b0274.npz,2023-01-05-18,1,85,2,44,AVJR,AVJR|AIZR|AINR|AWBR|RIVR,30,AVJR,0.25,0.1,0.01,11,0,0,0.09090909090909091,0
atanas,1,deterministic,FUGW (G+A; official),test,2023-01-23-01,12,OLQDL,/home/ubuntu/klb/nuclr/nuclr/Data/Atanas_SF_unified_000776/cv5_grouped_v1/fold_1/test/train__2023-01-23-01__6b8b0274.npz,2023-01-05-18,1,85,39,72,IL1DL,IL1DL|M4|OLQDL|URADL|MI,51,IL1DL,0.25,0.1,0.01,3,0,1,0.3333333333333333,0
atanas,1,deterministic,FUGW (G+A; official),test,2023-01-23-01,14,ADAR,/home/ubuntu/klb/nuclr/nuclr/Data/Atanas_SF_unified_000776/cv5_grouped_v1/fold_1/test/train__2023-01-23-01__6b8b0274.npz,2023-01-05-18,0,85,-1,4,AVDR,AVDR|ADER|FLPR|AINR|AIZR,2,AVDR,0.25,0.1,0.01,-1,0,0,0.0,0
atanas,1,deterministic,FUGW (G+A; official),test,2023-01-23-01,15,RMDVR,/home/ubuntu/klb/nuclr/nuclr/Data/Atanas_SF_unified_000776/cv5_grouped_v1/fold_1/test/train__2023-01-23-01__6b8b0274.npz,2023-01-05-18,1,85,84,29,AVAR,AVAR|RMDVR|AIBR|ASER|AVER,20,AVAR,0.25,0.1,0.01,2,0,1,0.5,0
atanas,1,deterministic,FUGW (G+A; official),test,2023-01-23-01,16,RMDR,/home/ubuntu/klb/nuclr/nuclr/Data/Atanas_SF_unified_000776/cv5_grouped_v1/fold_1/test/train__2023-01-23-01__6b8b0274.npz,2023-01-05-18,0,85,-1,29,AVAR,AVAR|AIBR|AVER|RMDVR|ASER,41,AVER,0.25,0.1,0.01,-1,0,0,0.0,0
atanas,1,deterministic,FUGW (G+A; official),test,2023-01-23-01,17,RIH,/home/ubuntu/klb/nuclr/nuclr/Data/Atanas_SF_unified_000776/cv5_grouped_v1/fold_1/test/train__2023-01-23-01__6b8b0274.npz,2023-01-05-18,0,85,-1,32,AVL,AVL|RMEV|RMDDL|CEPVL|AVBL,23,AVL,0.25,0.1,0.01,-1,0,0,0.0,0
atanas,1,deterministic,FUGW (G+A; official),test,2023-01-23-01,20,M5,/home/ubuntu/klb/nuclr/nuclr/Data/Atanas_SF_unified_000776/cv5_grouped_v1/fold_1/test/train__2023-01-23-01__6b8b0274.npz,2023-01-05-18,0,85,-1,98,I6,I6|RIVL|CEPDL|ASIL|ADLL,17,RIVL,0.25,0.1,0.01,-1,0,0,0.0,0
atanas,1,deterministic,FUGW (G+A; official),test,2023-01-23-01,22,AIZR,/home/ubuntu/klb/nuclr/nuclr/Data/Atanas_SF_unified_000776/cv5_grouped_v1/fold_1/test/train__2023-01-23-01__6b8b0274.npz,2023-01-05-18,1,85,21,30,AIZR,AIZR|AVJR|AINR|AVDR|ASER,21,AIZR,0.25,0.1,0.01,1,1,1,1.0,1
atanas,1,deterministic,FUGW (G+A; official),test,2023-01-23-01,24,VB02,/home/ubuntu/klb/nuclr/nuclr/Data/Atanas_SF_unified_000776/cv5_grouped_v1/fold_1/test/train__2023-01-23-01__6b8b0274.npz,2023-01-05-18,0,85,-1,52,ADER,ADER|FLPR|RMDDL|FLPL|AVL,-1,,0.25,0.1,0.01,-1,0,0,0.0,0
atanas,1,deterministic,FUGW (G+A; official),test,2023-01-23-01,26,FLPL,/home/ubuntu/klb/nuclr/nuclr/Data/Atanas_SF_unified_000776/cv5_grouped_v1/fold_1/test/train__2023-01-23-01__6b8b0274.npz,2023-01-05-18,1,85,13,25,RIVL,RIVL|I6|AVHL|SMDVL|AVJL,64,SMDVL,0.25,0.1,0.01,23,0,0,0.043478260869565216,0
atanas,1,deterministic,FUGW (G+A; official),test,2023-01-23-01,27,RICL,/home/ubuntu/klb/nuclr/nuclr/Data/Atanas_SF_unified_000776/cv5_grouped_v1/fold_1/test/train__2023-01-23-01__6b8b0274.npz,2023-01-05-18,1,85,58,64,AVJL,AVJL|AIZL|ASEL|AVHL|I6,44,AVJL,0.25,0.1,0.01,8,0,0,0.125,0
atanas,1,deterministic,FUGW (G+A; official),test,2023-01-23-01,28,ADAL,/home/ubuntu/klb/nuclr/nuclr/Data/Atanas_SF_unified_000776/cv5_grouped_v1/fold_1/test/train__2023-01-23-01__6b8b0274.npz,2023-01-05-18,0,85,-1,18,FLPL,FLPL|I6|RICL|AIZL|AVJL,69,I6,0.25,0.1,0.01,-1,0,0,0.0,0
atanas,1,deterministic,FUGW (G+A; official),test,2023-01-23-01,30,CEPDL,/home/ubuntu/klb/nuclr/nuclr/Data/Atanas_SF_unified_000776/cv5_grouped_v1/fold_1/test/train__2023-01-23-01__6b8b0274.npz,2023-01-05-18,1,85,26,37,CEPDL,CEPDL|URXL|OLQDL|RIAL|IL1DL,26,CEPDL,0.25,0.1,0.01,1,1,1,1.0,1
atanas,1,deterministic,FUGW (G+A; official),test,2023-01-23-01,32,ASIR,/home/ubuntu/klb/nuclr/nuclr/Data/Atanas_SF_unified_000776/cv5_grouped_v1/fold_1/test/train__2023-01-23-01__6b8b0274.npz,2023-01-05-18,0,85,-1,73,M1,M1|RID|URXR|ADLR|CEPDR,63,URXR,0.25,0.1,0.01,-1,0,0,0.0,0
atanas,1,deterministic,FUGW (G+A; official),test,2023-01-23-01,33,ASEL,/home/ubuntu/klb/nuclr/nuclr/Data/Atanas_SF_unified_000776/cv5_grouped_v1/fold_1/test/train__2023-01-23-01__6b8b0274.npz,2023-01-05-18,1,85,34,95,AWBL,AWBL|ASEL|RMDVL|AVHL|SMDVL,67,AWBL,0.25,0.1,0.01,2,0,1,0.5,0
atanas,1,deterministic,FUGW (G+A; official),test,2023-01-23-01,34,IL2R,/home/ubuntu/klb/nuclr/nuclr/Data/Atanas_SF_unified_000776/cv5_grouped_v1/fold_1/test/train__2023-01-23-01__6b8b0274.npz,2023-01-05-18,1,85,40,60,IL2R,IL2R|I2R|NSMR|M3R|URBR,40,IL2R,0.25,0.1,0.01,1,1,1,1.0,1
atanas,1,deterministic,FUGW (G+A; official),test,2023-01-23-01,36,URXR,/home/ubuntu/klb/nuclr/nuclr/Data/Atanas_SF_unified_000776/cv5_grouped_v1/fold_1/test/train__2023-01-23-01__6b8b0274.npz,2023-01-05-18,1,85,63,86,URXR,URXR|OLQDR|URYDR|CEPDR|RID,43,OLQDR,0.25,0.1,0.01,1,1,1,1.0,0
atanas,1,deterministic,FUGW (G+A; official),test,2023-01-23-01,40,M3R,/home/ubuntu/klb/nuclr/nuclr/Data/Atanas_SF_unified_000776/cv5_grouped_v1/fold_1/test/train__2023-01-23-01__6b8b0274.npz,2023-01-05-18,1,85,24,104,NSML,NSML|URAVL|M3L|I2L|IL2VL,9,M3L,0.25,0.1,0.01,29,0,0,0.034482758620689655,0
atanas,1,deterministic,FUGW (G+A; official),test,2023-01-23-01,45,ADLL,/home/ubuntu/klb/nuclr/nuclr/Data/Atanas_SF_unified_000776/cv5_grouped_v1/fold_1/test/train__2023-01-23-01__6b8b0274.npz,2023-01-05-18,1,85,15,91,RID,RID|I4|ADLL|URXL|M1,38,URXL,0.25,0.1,0.01,3,0,1,0.3333333333333333,0
atanas,1,deterministic,FUGW (G+A; official),test,2023-01-23-01,46,AVAL,/home/ubuntu/klb/nuclr/nuclr/Data/Atanas_SF_unified_000776/cv5_grouped_v1/fold_1/test/train__2023-01-23-01__6b8b0274.npz,2023-01-05-18,1,85,0,70,AVBL,AVBL|AVAL|SAAVL|ASGL|SMDVL,49,AVBL,0.25,0.1,0.01,2,0,1,0.5,0
atanas,1,deterministic,FUGW (G+A; official),test,2023-01-23-01,47,URXL,/home/ubuntu/klb/nuclr/nuclr/Data/Atanas_SF_unified_000776/cv5_grouped_v1/fold_1/test/train__2023-01-23-01__6b8b0274.npz,2023-01-05-18,1,85,38,58,URXL,URXL|OLQDL|OLQDR|IL1DR|I4,39,OLQDL,0.25,0.1,0.01,1,1,1,1.0,0
atanas,1,deterministic,FUGW (G+A; official),test,2023-01-23-01,48,IL1R,/home/ubuntu/klb/nuclr/nuclr/Data/Atanas_SF_unified_000776/cv5_grouped_v1/fold_1/test/train__2023-01-23-01__6b8b0274.npz,2023-01-05-18,0,85,-1,60,IL2R,IL2R|URBR|OLQVR|M3R|NSMR,12,URBR,0.25,0.1,0.01,-1,0,0,0.0,0
atanas,1,deterministic,FUGW (G+A; official),test,2023-01-23-01,54,IL1L,/home/ubuntu/klb/nuclr/nuclr/Data/Atanas_SF_unified_000776/cv5_grouped_v1/fold_1/test/train__2023-01-23-01__6b8b0274.npz,2023-01-05-18,1,85,37,79,IL2L,IL2L|IL1L|URBL|OLLL|IL2DL,37,IL1L,0.25,0.1,0.01,2,0,1,0.5,1
atanas,1,deterministic,FUGW (G+A; official),test,2023-01-23-01,55,I1R,/home/ubuntu/klb/nuclr/nuclr/Data/Atanas_SF_unified_000776/cv5_grouped_v1/fold_1/test/train__2023-01-23-01__6b8b0274.npz,2023-01-05-18,1,85,59,82,I1R,I1R|I1L|MCL|IL2VR|NSML,14,I1L,0.25,0.1,0.01,1,1,1,1.0,0
atanas,1,deterministic,FUGW (G+A; official),test,2023-01-23-01,57,AWAL,/home/ubuntu/klb/nuclr/nuclr/Data/Atanas_SF_unified_000776/cv5_grouped_v1/fold_1/test/train__2023-01-23-01__6b8b0274.npz,2023-01-05-18,1,85,10,21,ADLL,ADLL|SAAVL|AWAL|ASIL|ASGL,61,ASGL,0.25,0.1,0.01,3,0,1,0.3333333333333333,0
atanas,1,deterministic,FUGW (G+A; official),test,2023-01-23-01,59,SMDVR,/home/ubuntu/klb/nuclr/nuclr/Data/Atanas_SF_unified_000776/cv5_grouped_v1/fold_1/test/train__2023-01-23-01__6b8b0274.npz,2023-01-05-18,0,85,-1,105,AWBR,AWBR|RIAR|CEPDR|RIVR|ADLR,60,RIAR,0.25,0.1,0.01,-1,0,0,0.0,0
atanas,1,deterministic,FUGW (G+A; official),test,2023-01-23-01,60,AVEL,/home/ubuntu/klb/nuclr/nuclr/Data/Atanas_SF_unified_000776/cv5_grouped_v1/fold_1/test/train__2023-01-23-01__6b8b0274.npz,2023-01-05-18,1,85,46,6,RMDL,RMDL|AVEL|AWCL|AVAL|RMDVL,32,URYDL,0.25,0.1,0.01,2,0,1,0.5,0
atanas,1,deterministic,FUGW (G+A; official),test,2023-01-23-01,61,MCR,/home/ubuntu/klb/nuclr/nuclr/Data/Atanas_SF_unified_000776/cv5_grouped_v1/fold_1/test/train__2023-01-23-01__6b8b0274.npz,2023-01-05-18,0,85,-1,82,I1R,I1R|MCL|NSMR|I2R|M3R,7,M4,0.25,0.1,0.01,-1,0,0,0.0,0
atanas,1,deterministic,FUGW (G+A; official),test,2023-01-23-01,63,AVJL,/home/ubuntu/klb/nuclr/nuclr/Data/Atanas_SF_unified_000776/cv5_grouped_v1/fold_1/test/train__2023-01-23-01__6b8b0274.npz,2023-01-05-18,1,85,44,37,CEPDL,CEPDL|RIVL|RIAL|SMDVL|ASIL,10,AWAL,0.25,0.1,0.01,14,0,0,0.07142857142857142,0
atanas,1,deterministic,FUGW (G+A; official),test,2023-01-23-01,64,AINR,/home/ubuntu/klb/nuclr/nuclr/Data/Atanas_SF_unified_000776/cv5_grouped_v1/fold_1/test/train__2023-01-23-01__6b8b0274.npz,2023-01-05-18,1,85,27,114,RIVR,RIVR|CEPDR|ADLR|AWBR|RIAR,80,RIVR,0.25,0.1,0.01,8,0,0,0.125,0
atanas,1,deterministic,FUGW (G+A; official),test,2023-01-23-01,65,IL2DL,/home/ubuntu/klb/nuclr/nuclr/Data/Atanas_SF_unified_000776/cv5_grouped_v1/fold_1/test/train__2023-01-23-01__6b8b0274.npz,2023-01-05-18,1,85,56,77,IL2DL,IL2DL|URADL|MI|I3|IL1DL,56,IL2DL,0.25,0.1,0.01,1,1,1,1.0,1
atanas,1,deterministic,FUGW (G+A; official),test,2023-01-23-01,66,OLLR,/home/ubuntu/klb/nuclr/nuclr/Data/Atanas_SF_unified_000776/cv5_grouped_v1/fold_1/test/train__2023-01-23-01__6b8b0274.npz,2023-01-05-18,1,85,31,5,IL2DR,IL2DR|URADR|IL2R|OLLR|URBR,31,OLLR,0.25,0.1,0.01,4,0,1,0.25,1
atanas,1,deterministic,FUGW (G+A; official),test,2023-01-23-01,68,M3L,/home/ubuntu/klb/nuclr/nuclr/Data/Atanas_SF_unified_000776/cv5_grouped_v1/fold_1/test/train__2023-01-23-01__6b8b0274.npz,2023-01-05-18,1,85,9,35,M3R,M3R|NSMR|I2R|OLQVR|I1R,24,M3R,0.25,0.1,0.01,18,0,0,0.05555555555555555,0
atanas,1,deterministic,FUGW (G+A; official),test,2023-01-23-01,69,AUAL,/home/ubuntu/klb/nuclr/nuclr/Data/Atanas_SF_unified_000776/cv5_grouped_v1/fold_1/test/train__2023-01-23-01__6b8b0274.npz,2023-01-05-18,1,85,68,96,AUAL,AUAL|RMDL|AWCL|AVEL|AIZL,54,AWCL,0.25,0.1,0.01,1,1,1,1.0,0
atanas,1,deterministic,FUGW (G+A; official),test,2023-01-23-01,71,AQR,/home/ubuntu/klb/nuclr/nuclr/Data/Atanas_SF_unified_000776/cv5_grouped_v1/fold_1/test/train__2023-01-23-01__6b8b0274.npz,2023-01-05-18,0,85,-1,119,FLPR,FLPR|AVDR|ADER|AINR|AIZR,83,FLPR,0.25,0.1,0.01,-1,0,0,0.0,0
atanas,1,deterministic,FUGW (G+A; official),test,2023-01-23-01,72,IL2VL,/home/ubuntu/klb/nuclr/nuclr/Data/Atanas_SF_unified_000776/cv5_grouped_v1/fold_1/test/train__2023-01-23-01__6b8b0274.npz,2023-01-05-18,1,85,33,3,URAVL,URAVL|I2L|NSML|I1L|MCL,1,URAVL,0.25,0.1,0.01,7,0,0,0.14285714285714285,0
atanas,1,deterministic,FUGW (G+A; official),test,2023-01-23-01,74,IL2DR,/home/ubuntu/klb/nuclr/nuclr/Data/Atanas_SF_unified_000776/cv5_grouped_v1/fold_1/test/train__2023-01-23-01__6b8b0274.npz,2023-01-05-18,1,85,3,5,IL2DR,IL2DR|URADR|I3|MI|IL2R,3,IL2DR,0.25,0.1,0.01,1,1,1,1.0,1
atanas,1,deterministic,FUGW (G+A; official),test,2023-01-23-01,75,RICR,/home/ubuntu/klb/nuclr/nuclr/Data/Atanas_SF_unified_000776/cv5_grouped_v1/fold_1/test/train__2023-01-23-01__6b8b0274.npz,2023-01-05-18,0,85,-1,4,AVDR,AVDR|ASER|AIZR|FLPR|AINR,75,ASER,0.25,0.1,0.01,-1,0,0,0.0,0
atanas,1,deterministic,FUGW (G+A; official),test,2023-01-23-01,76,I2R,/home/ubuntu/klb/nuclr/nuclr/Data/Atanas_SF_unified_000776/cv5_grouped_v1/fold_1/test/train__2023-01-23-01__6b8b0274.npz,2023-01-05-18,1,85,53,27,IL2VR,IL2VR|I2R|I1R|NSMR|M3R,8,NSMR,0.25,0.1,0.01,2,0,1,0.5,0
atanas,1,deterministic,FUGW (G+A; official),test,2023-01-23-01,77,AWCL,/home/ubuntu/klb/nuclr/nuclr/Data/Atanas_SF_unified_000776/cv5_grouped_v1/fold_1/test/train__2023-01-23-01__6b8b0274.npz,2023-01-05-18,1,85,54,75,AWCL,AWCL|RMDL|RMDVL|ASEL|AWBL,65,RMDVL,0.25,0.1,0.01,1,1,1,1.0,0
atanas,1,deterministic,FUGW (G+A; official),test,2023-01-23-01,78,ADEL,/home/ubuntu/klb/nuclr/nuclr/Data/Atanas_SF_unified_000776/cv5_grouped_v1/fold_1/test/train__2023-01-23-01__6b8b0274.npz,2023-01-05-18,0,85,-1,98,I6,I6|FLPL|AVJL|AIZL|RICL,78,AIZL,0.25,0.1,0.01,-1,0,0,0.0,0
atanas,1,deterministic,FUGW (G+A; official),test,2023-01-23-01,79,RIVR,/home/ubuntu/klb/nuclr/nuclr/Data/Atanas_SF_unified_000776/cv5_grouped_v1/fold_1/test/train__2023-01-23-01__6b8b0274.npz,2023-01-05-18,1,85,80,73,M1,M1|URXR|CEPDR|ADLR|RIVR,52,M1,0.25,0.1,0.01,5,0,1,0.2,0
atanas,1,deterministic,FUGW (G+A; official),test,2023-01-23-01,80,AWBL,/home/ubuntu/klb/nuclr/nuclr/Data/Atanas_SF_unified_000776/cv5_grouped_v1/fold_1/test/train__2023-01-23-01__6b8b0274.npz,2023-01-05-18,1,85,67,24,RIAL,RIAL|CEPDL|URXL|OLQDL|AWAL,16,RIAL,0.25,0.1,0.01,13,0,0,0.07692307692307693,0
atanas,1,deterministic,FUGW (G+A; official),test,2023-01-23-01,81,MI,/home/ubuntu/klb/nuclr/nuclr/Data/Atanas_SF_unified_000776/cv5_grouped_v1/fold_1/test/train__2023-01-23-01__6b8b0274.npz,2023-01-05-18,1,85,50,26,I3,I3|MI|MCL|IL2DL|M3L,18,I3,0.25,0.1,0.01,2,0,1,0.5,0
atanas,1,deterministic,FUGW (G+A; official),test,2023-01-23-01,82,IL1DR,/home/ubuntu/klb/nuclr/nuclr/Data/Atanas_SF_unified_000776/cv5_grouped_v1/fold_1/test/train__2023-01-23-01__6b8b0274.npz,2023-01-05-18,1,85,42,5,IL2DR,IL2DR|URADR|IL1DR|URYDR|OLLR,42,IL1DR,0.25,0.1,0.01,3,0,1,0.3333333333333333,1
atanas,1,deterministic,FUGW (G+A; official),test,2023-01-23-01,87,IL1VR,/home/ubuntu/klb/nuclr/nuclr/Data/Atanas_SF_unified_000776/cv5_grouped_v1/fold_1/test/train__2023-01-23-01__6b8b0274.npz,2023-01-05-18,0,85,-1,116,OLQVR,OLQVR|RMEV|M3R|NSMR|URBR,81,OLQVR,0.25,0.1,0.01,-1,0,0,0.0,0
atanas,1,deterministic,FUGW (G+A; official),test,2023-01-23-01,88,IL2VR,/home/ubuntu/klb/nuclr/nuclr/Data/Atanas_SF_unified_000776/cv5_grouped_v1/fold_1/test/train__2023-01-23-01__6b8b0274.npz,2023-01-05-18,1,85,19,27,IL2VR,IL2VR|I1R|I2R|NSMR|M3R,19,IL2VR,0.25,0.1,0.01,1,1,1,1.0,1
atanas,1,deterministic,FUGW (G+A; official),test,2023-01-23-01,90,RMDDR,/home/ubuntu/klb/nuclr/nuclr/Data/Atanas_SF_unified_000776/cv5_grouped_v1/fold_1/test/train__2023-01-23-01__6b8b0274.npz,2023-01-05-18,0,85,-1,32,AVL,AVL|RMEV|AIBR|AVER|RMDDL,55,AIBR,0.25,0.1,0.01,-1,0,0,0.0,0
atanas,1,deterministic,FUGW (G+A; official),test,2023-01-23-01,93,URYDL,/home/ubuntu/klb/nuclr/nuclr/Data/Atanas_SF_unified_000776/cv5_grouped_v1/fold_1/test/train__2023-01-23-01__6b8b0274.npz,2023-01-05-18,1,85,32,69,URADL,URADL|IL1DL|URYDL|IL2DL|OLLL,48,URADL,0.25,0.1,0.01,3,0,1,0.3333333333333333,0
atanas,1,deterministic,FUGW (G+A; official),test,2023-01-23-01,94,CEPVL,/home/ubuntu/klb/nuclr/nuclr/Data/Atanas_SF_unified_000776/cv5_grouped_v1/fold_1/test/train__2023-01-23-01__6b8b0274.npz,2023-01-05-18,1,85,6,8,CEPVL,CEPVL|IL2VL|URYVL|OLQVL|URAVL,6,CEPVL,0.25,0.1,0.01,1,1,1,1.0,1
atanas,1,deterministic,FUGW (G+A; official),test,2023-01-23-01,96,URAVL,/home/ubuntu/klb/nuclr/nuclr/Data/Atanas_SF_unified_000776/cv5_grouped_v1/fold_1/test/train__2023-01-23-01__6b8b0274.npz,2023-01-05-18,1,85,1,66,I2L,I2L|I1L|NSML|URAVL|MCL,45,I2L,0.25,0.1,0.01,4,0,1,0.25,0
atanas,1,deterministic,FUGW (G+A; official),test,2023-01-23-01,97,URYVL,/home/ubuntu/klb/nuclr/nuclr/Data/Atanas_SF_unified_000776/cv5_grouped_v1/fold_1/test/train__2023-01-23-01__6b8b0274.npz,2023-01-05-18,1,85,71,101,URYVL,URYVL|IL1L|OLQVL|M3L|IL2VL,71,URYVL,0.25,0.1,0.01,1,1,1,1.0,1
atanas,1,deterministic,FUGW (G+A; official),test,2023-01-23-01,99,AVDL,/home/ubuntu/klb/nuclr/nuclr/Data/Atanas_SF_unified_000776/cv5_grouped_v1/fold_1/test/train__2023-01-23-01__6b8b0274.npz,2023-01-05-18,0,85,-1,50,ASEL,ASEL|AVJL|AVHL|AWBL|SMDVL,77,AVHL,0.25,0.1,0.01,-1,0,0,0.0,0
atanas,1,deterministic,FUGW (G+A; official),test,2023-01-23-01,102,FLPR,/home/ubuntu/klb/nuclr/nuclr/Data/Atanas_SF_unified_000776/cv5_grouped_v1/fold_1/test/train__2023-01-23-01__6b8b0274.npz,2023-01-05-18,1,85,83,4,AVDR,AVDR|AINR|AIZR|FLPR|ADER,27,AINR,0.25,0.1,0.01,4,0,1,0.25,0
atanas,1,deterministic,FUGW (G+A; official),test,2023-01-23-01,103,AIMR,/home/ubuntu/klb/nuclr/nuclr/Data/Atanas_SF_unified_000776/cv5_grouped_v1/fold_1/test/train__2023-01-23-01__6b8b0274.npz,2023-01-05-18,0,85,-1,113,RMDDL,RMDDL|AUAL|AVL|RICL|AIZL,79,RMDDL,0.25,0.1,0.01,-1,0,0,0.0,0
atanas,1,deterministic,FUGW (G+A; official),test,2023-01-23-01,104,ASHL,/home/ubuntu/klb/nuclr/nuclr/Data/Atanas_SF_unified_000776/cv5_grouped_v1/fold_1/test/train__2023-01-23-01__6b8b0274.npz,2023-01-05-18,0,85,-1,70,AVBL,AVBL|ASGL|AVAL|SAAVL|ASIL,0,AVAL,0.25,0.1,0.01,-1,0,0,0.0,0
atanas,1,deterministic,FUGW (G+A; official),test,2023-01-23-01,110,IL1VL,/home/ubuntu/klb/nuclr/nuclr/Data/Atanas_SF_unified_000776/cv5_grouped_v1/fold_1/test/train__2023-01-23-01__6b8b0274.npz,2023-01-05-18,0,85,-1,3,URAVL,URAVL|IL2VL|NSML|M3L|I2L,33,IL2VL,0.25,0.1,0.01,-1,0,0,0.0,0
atanas,1,deterministic,FUGW (G+A; official),test,2023-01-23-01,111,RMDL,/home/ubuntu/klb/nuclr/nuclr/Data/Atanas_SF_unified_000776/cv5_grouped_v1/fold_1/test/train__2023-01-23-01__6b8b0274.npz,2023-01-05-18,1,85,4,6,RMDL,RMDL|AWCL|AUAL|AVEL|OLQVL,4,RMDL,0.25,0.1,0.01,1,1,1,1.0,1
atanas,1,deterministic,FUGW (G+A; official),test,2023-01-23-01,114,AVKL,/home/ubuntu/klb/nuclr/nuclr/Data/Atanas_SF_unified_000776/cv5_grouped_v1/fold_1/test/train__2023-01-23-01__6b8b0274.npz,2023-01-05-18,0,85,-1,80,RICL,RICL|FLPL|RMDDL|AIZL|AUAL,58,RICL,0.25,0.1,0.01,-1,0,0,0.0,0
atanas,1,deterministic,FUGW (G+A; official),test,2023-01-23-01,116,URYVR,/home/ubuntu/klb/nuclr/nuclr/Data/Atanas_SF_unified_000776/cv5_grouped_v1/fold_1/test/train__2023-01-23-01__6b8b0274.npz,2023-01-05-18,0,85,-1,27,IL2VR,IL2VR|I1R|I2R|NSMR|M3R,59,I1R,0.25,0.1,0.01,-1,0,0,0.0,0
atanas,1,deterministic,FUGW (G+A; official),test,2023-01-23-01,117,OLQDR,/home/ubuntu/klb/nuclr/nuclr/Data/Atanas_SF_unified_000776/cv5_grouped_v1/fold_1/test/train__2023-01-23-01__6b8b0274.npz,2023-01-05-18,1,85,43,31,URADR,URADR|URYDR|IL2DR|IL1DR|OLLR,47,URYDR,0.25,0.1,0.01,6,0,0,0.16666666666666666,0
atanas,1,deterministic,FUGW (G+A; official),test,2023-01-23-01,119,OLLL,/home/ubuntu/klb/nuclr/nuclr/Data/Atanas_SF_unified_000776/cv5_grouped_v1/fold_1/test/train__2023-01-23-01__6b8b0274.npz,2023-01-05-18,1,85,29,69,URADL,URADL|OLLL|IL2DL|IL2L|URBL,29,OLLL,0.25,0.1,0.01,2,0,1,0.5,1
atanas,1,deterministic,FUGW (G+A; official),test,2023-01-23-01,121,AWCR,/home/ubuntu/klb/nuclr/nuclr/Data/Atanas_SF_unified_000776/cv5_grouped_v1/fold_1/test/train__2023-01-23-01__6b8b0274.npz,2023-01-05-18,0,85,-1,121,RMDVR,RMDVR|AVDR|AVAR|AIZR|AVJR,84,RMDVR,0.25,0.1,0.01,-1,0,0,0.0,0
atanas,1,deterministic,FUGW (G+A; official),test,2023-01-23-01,122,AIZL,/home/ubuntu/klb/nuclr/nuclr/Data/Atanas_SF_unified_000776/cv5_grouped_v1/fold_1/test/train__2023-01-23-01__6b8b0274.npz,2023-01-05-18,1,85,78,64,AVJL,AVJL|ASEL|AVHL|AIZL|AWBL,34,ASEL,0.25,0.1,0.01,4,0,1,0.25,0
atanas,1,deterministic,FUGW (G+A; official),test,2023-01-23-01,123,RMGL,/home/ubuntu/klb/nuclr/nuclr/Data/Atanas_SF_unified_000776/cv5_grouped_v1/fold_1/test/train__2023-01-23-01__6b8b0274.npz,2023-01-05-18,0,85,-1,18,FLPL,FLPL|I6|RICL|AIZL|AVJL,13,FLPL,0.25,0.1,0.01,-1,0,0,0.0,0
atanas,1,deterministic,FUGW (G+A; official),test,2023-01-23-01,124,CEPDR,/home/ubuntu/klb/nuclr/nuclr/Data/Atanas_SF_unified_000776/cv5_grouped_v1/fold_1/test/train__2023-01-23-01__6b8b0274.npz,2023-01-05-18,1,85,36,54,CEPDR,CEPDR|RIVR|AWBR|ADLR|URXR,36,CEPDR,0.25,0.1,0.01,1,1,1,1.0,1
atanas,1,deterministic,FUGW (G+A; official),test,2023-01-23-01,126,AIML,/home/ubuntu/klb/nuclr/nuclr/Data/Atanas_SF_unified_000776/cv5_grouped_v1/fold_1/test/train__2023-01-23-01__6b8b0274.npz,2023-01-05-18,0,85,-1,113,RMDDL,RMDDL|RICL|FLPL|AIZL|AUAL,68,AUAL,0.25,0.1,0.01,-1,0,0,0.0,0
atanas,1,deterministic,FUGW (G+A; official),test,2023-01-23-01,127,NSMR,/home/ubuntu/klb/nuclr/nuclr/Data/Atanas_SF_unified_000776/cv5_grouped_v1/fold_1/test/train__2023-01-23-01__6b8b0274.npz,2023-01-05-18,1,85,8,74,I2R,I2R|IL2VR|NSMR|M3R|I1R,53,I2R,0.25,0.1,0.01,3,0,1,0.3333333333333333,0
atanas,1,deterministic,FUGW (G+A; official),test,2023-01-23-01,128,RIVL,/home/ubuntu/klb/nuclr/nuclr/Data/Atanas_SF_unified_000776/cv5_grouped_v1/fold_1/test/train__2023-01-23-01__6b8b0274.npz,2023-01-05-18,1,85,17,100,I4,I4|M1|URXL|ADLL|CEPDL,70,I4,0.25,0.1,0.01,11,0,0,0.09090909090909091,0
atanas,1,deterministic,FUGW (G+A; official),test,2023-01-23-01,132,URBL,/home/ubuntu/klb/nuclr/nuclr/Data/Atanas_SF_unified_000776/cv5_grouped_v1/fold_1/test/train__2023-01-23-01__6b8b0274.npz,2023-01-05-18,1,85,11,79,IL2L,IL2L|URBL|IL1L|OLLL|IL2DL,11,URBL,0.25,0.1,0.01,2,0,1,0.5,1
atanas,1,deterministic,FUGW (G+A; official),test,2023-01-23-01,133,URYDR,/home/ubuntu/klb/nuclr/nuclr/Data/Atanas_SF_unified_000776/cv5_grouped_v1/fold_1/test/train__2023-01-23-01__6b8b0274.npz,2023-01-05-18,1,85,47,31,URADR,URADR|IL2DR|OLLR|IL2R|URYDR,22,URADR,0.25,0.1,0.01,5,0,1,0.2,0
atanas,1,deterministic,FUGW (G+A; official),test,2023-01-23-01,134,ADER,/home/ubuntu/klb/nuclr/nuclr/Data/Atanas_SF_unified_000776/cv5_grouped_v1/fold_1/test/train__2023-01-23-01__6b8b0274.npz,2023-01-05-18,1,85,35,114,RIVR,RIVR|AWBR|AVJR|AIZR|ADLR,74,AWBR,0.25,0.1,0.01,18,0,0,0.05555555555555555,0
atanas,1,deterministic,FUGW (G+A; official),test,2023-01-23-01,135,AVKR,/home/ubuntu/klb/nuclr/nuclr/Data/Atanas_SF_unified_000776/cv5_grouped_v1/fold_1/test/train__2023-01-23-01__6b8b0274.npz,2023-01-05-18,0,85,-1,52,ADER,ADER|FLPR|AVL|AIBR|RMDDL,35,ADER,0.25,0.1,0.01,-1,0,0,0.0,0
atanas,1,deterministic,FUGW (G+A; official),test,2023-01-23-01,138,SAAVL,/home/ubuntu/klb/nuclr/nuclr/Data/Atanas_SF_unified_000776/cv5_grouped_v1/fold_1/test/train__2023-01-23-01__6b8b0274.npz,2023-01-05-18,1,85,72,103,SAAVL,SAAVL|OLQDL|AWAL|AVAL|RIAL,72,SAAVL,0.25,0.1,0.01,1,1,1,1.0,1
atanas,1,deterministic,FUGW (G+A; official),test,2023-01-23-01,140,AINL,/home/ubuntu/klb/nuclr/nuclr/Data/Atanas_SF_unified_000776/cv5_grouped_v1/fold_1/test/train__2023-01-23-01__6b8b0274.npz,2023-01-05-18,0,85,-1,25,RIVL,RIVL|CEPDL|ASIL|SMDVL|AVHL,76,ASIL,0.25,0.1,0.01,-1,0,0,0.0,0
atanas,1,deterministic,FUGW (G+A; official),test,2023-01-23-01,141,ASGL,/home/ubuntu/klb/nuclr/nuclr/Data/Atanas_SF_unified_000776/cv5_grouped_v1/fold_1/test/train__2023-01-23-01__6b8b0274.npz,2023-01-05-18,1,85,61,21,ADLL,ADLL|ASIL|AWAL|SAAVL|RIVL,15,ADLL,0.25,0.1,0.01,6,0,0,0.16666666666666666,0
atanas,1,deterministic,FUGW (G+A; official),test,2023-01-23-01,142,AVJR,/home/ubuntu/klb/nuclr/nuclr/Data/Atanas_SF_unified_000776/cv5_grouped_v1/fold_1/test/train__2023-01-23-01__6b8b0274.npz,2023-01-05-18,1,85,30,54,CEPDR,CEPDR|RIVR|AWBR|ADLR|RIAR,-1,,0.25,0.1,0.01,7,0,0,0.14285714285714285,0
atanas,1,deterministic,FUGW (G+A; official),test,2023-01-23-01,143,CEPVR,/home/ubuntu/klb/nuclr/nuclr/Data/Atanas_SF_unified_000776/cv5_grouped_v1/fold_1/test/train__2023-01-23-01__6b8b0274.npz,2023-01-05-18,0,85,-1,117,RMEV,RMEV|OLQVR|AVER|M3R|AVL,82,RMEV,0.25,0.1,0.01,-1,0,0,0.0,0
atanas,1,deterministic,FUGW (G+A; official),test,2023-01-23-01,144,RMER,/home/ubuntu/klb/nuclr/nuclr/Data/Atanas_SF_unified_000776/cv5_grouped_v1/fold_1/test/train__2023-01-23-01__6b8b0274.npz,2023-01-05-18,1,85,28,17,URBR,URBR|RMER|IL2R|RMDVR|OLLR,28,RMER,0.25,0.1,0.01,2,0,1,0.5,1
atanas,1,deterministic,FUGW (G+A; official),test,2023-01-23-01,145,AIBL,/home/ubuntu/klb/nuclr/nuclr/Data/Atanas_SF_unified_000776/cv5_grouped_v1/fold_1/test/train__2023-01-23-01__6b8b0274.npz,2023-01-05-18,0,85,-1,67,AVEL,AVEL|AVAL|ASGL|RMDL|SAAVL,46,AVEL,0.25,0.1,0.01,-1,0,0,0.0,0
atanas,1,deterministic,FUGW (G+A; official),test,2023-01-23-01,146,I3,/home/ubuntu/klb/nuclr/nuclr/Data/Atanas_SF_unified_000776/cv5_grouped_v1/fold_1/test/train__2023-01-23-01__6b8b0274.npz,2023-01-05-18,1,85,18,26,I3,I3|MI|IL2DL|M4|MCL,50,MI,0.25,0.1,0.01,1,1,1,1.0,0
atanas,1,deterministic,FUGW (G+A; official),test,2023-01-23-01,148,ADLR,/home/ubuntu/klb/nuclr/nuclr/Data/Atanas_SF_unified_000776/cv5_grouped_v1/fold_1/test/train__2023-01-23-01__6b8b0274.npz,2023-01-05-18,1,85,62,54,CEPDR,CEPDR|M1|URXR|ADLR|RIVR,62,ADLR,0.25,0.1,0.01,4,0,1,0.25,1
atanas,1,deterministic,FUGW (G+A; official),test,2023-01-17-01,0,ASEL,/home/ubuntu/klb/nuclr/nuclr/Data/Atanas_SF_unified_000776/cv5_grouped_v1/fold_1/test/val__2023-01-17-01__776311ba.npz,2023-01-05-18,1,85,34,50,ASEL,ASEL|AVHL|AWBL|AVJL|SMDVL,67,AWBL,0.25,0.1,0.01,1,1,1,1.0,0
atanas,1,deterministic,FUGW (G+A; official),test,2023-01-17-01,1,I6,/home/ubuntu/klb/nuclr/nuclr/Data/Atanas_SF_unified_000776/cv5_grouped_v1/fold_1/test/val__2023-01-17-01__776311ba.npz,2023-01-05-18,1,85,69,73,M1,M1|I4|URXL|CEPDL|RID,70,I4,0.25,0.1,0.01,11,0,0,0.09090909090909091,0
atanas,1,deterministic,FUGW (G+A; official),test,2023-01-17-01,2,OLQDL,/home/ubuntu/klb/nuclr/nuclr/Data/Atanas_SF_unified_000776/cv5_grouped_v1/fold_1/test/val__2023-01-17-01__776311ba.npz,2023-01-05-18,1,85,39,59,OLQDL,OLQDL|IL1DL|RID|IL1DR|URADL,43,OLQDR,0.25,0.1,0.01,1,1,1,1.0,0
atanas,1,deterministic,FUGW (G+A; official),test,2023-01-17-01,3,AIZL,/home/ubuntu/klb/nuclr/nuclr/Data/Atanas_SF_unified_000776/cv5_grouped_v1/fold_1/test/val__2023-01-17-01__776311ba.npz,2023-01-05-18,1,85,78,96,AUAL,AUAL|AWCL|AIZL|AVEL|RICL,-1,,0.25,0.1,0.01,3,0,1,0.3333333333333333,0
atanas,1,deterministic,FUGW (G+A; official),test,2023-01-17-01,4,IL1R,/home/ubuntu/klb/nuclr/nuclr/Data/Atanas_SF_unified_000776/cv5_grouped_v1/fold_1/test/val__2023-01-17-01__776311ba.npz,2023-01-05-18,0,85,-1,74,I2R,I2R|IL2R|NSMR|M3R|IL2VR,40,IL2R,0.25,0.1,0.01,-1,0,0,0.0,0
atanas,1,deterministic,FUGW (G+A; official),test,2023-01-17-01,5,IL1DR,/home/ubuntu/klb/nuclr/nuclr/Data/Atanas_SF_unified_000776/cv5_grouped_v1/fold_1/test/val__2023-01-17-01__776311ba.npz,2023-01-05-18,1,85,42,31,URADR,URADR|IL1DR|IL2DR|URYDR|OLQDR,42,IL1DR,0.25,0.1,0.01,2,0,1,0.5,1
atanas,1,deterministic,FUGW (G+A; official),test,2023-01-17-01,6,OLLR,/home/ubuntu/klb/nuclr/nuclr/Data/Atanas_SF_unified_000776/cv5_grouped_v1/fold_1/test/val__2023-01-17-01__776311ba.npz,2023-01-05-18,1,85,31,60,IL2R,IL2R|URADR|OLLR|URBR|IL2DR,31,OLLR,0.25,0.1,0.01,3,0,1,0.3333333333333333,1
atanas,1,deterministic,FUGW (G+A; official),test,2023-01-17-01,8,AWCR,/home/ubuntu/klb/nuclr/nuclr/Data/Atanas_SF_unified_000776/cv5_grouped_v1/fold_1/test/val__2023-01-17-01__776311ba.npz,2023-01-05-18,0,85,-1,4,AVDR,AVDR|RMDVR|AIBR|AVAR|AVJR,21,AIZR,0.25,0.1,0.01,-1,0,0,0.0,0
atanas,1,deterministic,FUGW (G+A; official),test,2023-01-17-01,9,AVHL,/home/ubuntu/klb/nuclr/nuclr/Data/Atanas_SF_unified_000776/cv5_grouped_v1/fold_1/test/val__2023-01-17-01__776311ba.npz,2023-01-05-18,1,85,77,25,RIVL,RIVL|SMDVL|AVHL|ASIL|AWAL,17,RIVL,0.25,0.1,0.01,3,0,1,0.3333333333333333,0
atanas,1,deterministic,FUGW (G+A; official),test,2023-01-17-01,10,M4,/home/ubuntu/klb/nuclr/nuclr/Data/Atanas_SF_unified_000776/cv5_grouped_v1/fold_1/test/val__2023-01-17-01__776311ba.npz,2023-01-05-18,1,85,7,26,I3,I3|MI|M4|IL2DL|IL2DR,7,M4,0.25,0.1,0.01,3,0,1,0.3333333333333333,1
atanas,1,deterministic,FUGW (G+A; official),test,2023-01-17-01,12,IL2R,/home/ubuntu/klb/nuclr/nuclr/Data/Atanas_SF_unified_000776/cv5_grouped_v1/fold_1/test/val__2023-01-17-01__776311ba.npz,2023-01-05-18,1,85,40,60,IL2R,IL2R|IL2DR|URADR|URBR|OLLR,22,URADR,0.25,0.1,0.01,1,1,1,1.0,0
atanas,1,deterministic,FUGW (G+A; official),test,2023-01-17-01,13,URBR,/home/ubuntu/klb/nuclr/nuclr/Data/Atanas_SF_unified_000776/cv5_grouped_v1/fold_1/test/val__2023-01-17-01__776311ba.npz,2023-01-05-18,1,85,12,60,IL2R,IL2R|URBR|M3R|NSMR|OLQVR,12,URBR,0.25,0.1,0.01,2,0,1,0.5,1
atanas,1,deterministic,FUGW (G+A; official),test,2023-01-17-01,15,RMEL,/home/ubuntu/klb/nuclr/nuclr/Data/Atanas_SF_unified_000776/cv5_grouped_v1/fold_1/test/val__2023-01-17-01__776311ba.npz,2023-01-05-18,0,85,-1,46,URYDL,URYDL|URADL|OLLL|IL1DL|URBL,32,URYDL,0.25,0.1,0.01,-1,0,0,0.0,0
atanas,1,deterministic,FUGW (G+A; official),test,2023-01-17-01,17,NSMR,/home/ubuntu/klb/nuclr/nuclr/Data/Atanas_SF_unified_000776/cv5_grouped_v1/fold_1/test/val__2023-01-17-01__776311ba.npz,2023-01-05-18,1,85,8,27,IL2VR,IL2VR|I1R|I2R|NSMR|M3R,59,I1R,0.25,0.1,0.01,4,0,1,0.25,0
atanas,1,deterministic,FUGW (G+A; official),test,2023-01-17-01,18,I3,/home/ubuntu/klb/nuclr/nuclr/Data/Atanas_SF_unified_000776/cv5_grouped_v1/fold_1/test/val__2023-01-17-01__776311ba.npz,2023-01-05-18,1,85,18,71,MI,MI|I3|IL2DL|M4|URADL,18,I3,0.25,0.1,0.01,2,0,1,0.5,1
atanas,1,deterministic,FUGW (G+A; official),test,2023-01-17-01,19,M5,/home/ubuntu/klb/nuclr/nuclr/Data/Atanas_SF_unified_000776/cv5_grouped_v1/fold_1/test/val__2023-01-17-01__776311ba.npz,2023-01-05-18,0,85,-1,73,M1,M1|I4|CEPDL|I6|URXL,52,M1,0.25,0.1,0.01,-1,0,0,0.0,0
atanas,1,deterministic,FUGW (G+A; official),test,2023-01-17-01,21,M3R,/home/ubuntu/klb/nuclr/nuclr/Data/Atanas_SF_unified_000776/cv5_grouped_v1/fold_1/test/val__2023-01-17-01__776311ba.npz,2023-01-05-18,1,85,24,82,I1R,I1R|IL2VR|I2R|NSMR|M3R,53,I2R,0.25,0.1,0.01,5,0,1,0.2,0
atanas,1,deterministic,FUGW (G+A; official),test,2023-01-17-01,22,M3L,/home/ubuntu/klb/nuclr/nuclr/Data/Atanas_SF_unified_000776/cv5_grouped_v1/fold_1/test/val__2023-01-17-01__776311ba.npz,2023-01-05-18,1,85,9,104,NSML,NSML|I2L|URAVL|M3L|I1L,-1,,0.25,0.1,0.01,4,0,1,0.25,0
atanas,1,deterministic,FUGW (G+A; official),test,2023-01-17-01,23,IL2DR,/home/ubuntu/klb/nuclr/nuclr/Data/Atanas_SF_unified_000776/cv5_grouped_v1/fold_1/test/val__2023-01-17-01__776311ba.npz,2023-01-05-18,1,85,3,5,IL2DR,IL2DR|URADR|URYDR|IL2R|IL1DR,3,IL2DR,0.25,0.1,0.01,1,1,1,1.0,1
atanas,1,deterministic,FUGW (G+A; official),test,2023-01-17-01,24,I2L,/home/ubuntu/klb/nuclr/nuclr/Data/Atanas_SF_unified_000776/cv5_grouped_v1/fold_1/test/val__2023-01-17-01__776311ba.npz,2023-01-05-18,1,85,45,66,I2L,I2L|NSML|I1L|URAVL|MCL,45,I2L,0.25,0.1,0.01,1,1,1,1.0,1
atanas,1,deterministic,FUGW (G+A; official),test,2023-01-17-01,27,AVJL,/home/ubuntu/klb/nuclr/nuclr/Data/Atanas_SF_unified_000776/cv5_grouped_v1/fold_1/test/val__2023-01-17-01__776311ba.npz,2023-01-05-18,1,85,44,87,SMDVL,SMDVL|AVHL|RIVL|AWBL|ASEL,16,RIAL,0.25,0.1,0.01,8,0,0,0.125,0
atanas,1,deterministic,FUGW (G+A; official),test,2023-01-17-01,28,OLQDR,/home/ubuntu/klb/nuclr/nuclr/Data/Atanas_SF_unified_000776/cv5_grouped_v1/fold_1/test/val__2023-01-17-01__776311ba.npz,2023-01-05-18,1,85,43,68,URYDR,URYDR|URADR|OLQDR|OLLR|IL1DR,47,URYDR,0.25,0.1,0.01,3,0,1,0.3333333333333333,0
atanas,1,deterministic,FUGW (G+A; official),test,2023-01-17-01,30,AIBR,/home/ubuntu/klb/nuclr/nuclr/Data/Atanas_SF_unified_000776/cv5_grouped_v1/fold_1/test/val__2023-01-17-01__776311ba.npz,2023-01-05-18,1,85,55,76,AIBR,AIBR|AVER|RMEV|AVAR|RMER,55,AIBR,0.25,0.1,0.01,1,1,1,1.0,1
atanas,1,deterministic,FUGW (G+A; official),test,2023-01-17-01,32,ADEL,/home/ubuntu/klb/nuclr/nuclr/Data/Atanas_SF_unified_000776/cv5_grouped_v1/fold_1/test/val__2023-01-17-01__776311ba.npz,2023-01-05-18,0,85,-1,18,FLPL,FLPL|I6|AVJL|AIZL|RICL,77,AVHL,0.25,0.1,0.01,-1,0,0,0.0,0
atanas,1,deterministic,FUGW (G+A; official),test,2023-01-17-01,33,I1L,/home/ubuntu/klb/nuclr/nuclr/Data/Atanas_SF_unified_000776/cv5_grouped_v1/fold_1/test/val__2023-01-17-01__776311ba.npz,2023-01-05-18,1,85,14,20,I1L,I1L|I2L|NSML|MCL|M3L,14,I1L,0.25,0.1,0.01,1,1,1,1.0,1
atanas,1,deterministic,FUGW (G+A; official),test,2023-01-17-01,34,RMDDR,/home/ubuntu/klb/nuclr/nuclr/Data/Atanas_SF_unified_000776/cv5_grouped_v1/fold_1/test/val__2023-01-17-01__776311ba.npz,2023-01-05-18,0,85,-1,117,RMEV,RMEV|AVL|RMDDL|AVER|CEPVL,-1,,0.25,0.1,0.01,-1,0,0,0.0,0
atanas,1,deterministic,FUGW (G+A; official),test,2023-01-17-01,37,SAADR,/home/ubuntu/klb/nuclr/nuclr/Data/Atanas_SF_unified_000776/cv5_grouped_v1/fold_1/test/val__2023-01-17-01__776311ba.npz,2023-01-05-18,0,85,-1,105,AWBR,AWBR|RIVR|ADLR|CEPDR|RIAR,74,AWBR,0.25,0.1,0.01,-1,0,0,0.0,0
atanas,1,deterministic,FUGW (G+A; official),test,2023-01-17-01,38,RMGL,/home/ubuntu/klb/nuclr/nuclr/Data/Atanas_SF_unified_000776/cv5_grouped_v1/fold_1/test/val__2023-01-17-01__776311ba.npz,2023-01-05-18,0,85,-1,18,FLPL,FLPL|I6|RICL|AIZL|AVJL,13,FLPL,0.25,0.1,0.01,-1,0,0,0.0,0
atanas,1,deterministic,FUGW (G+A; official),test,2023-01-17-01,39,ASGR,/home/ubuntu/klb/nuclr/nuclr/Data/Atanas_SF_unified_000776/cv5_grouped_v1/fold_1/test/val__2023-01-17-01__776311ba.npz,2023-01-05-18,0,85,-1,85,ADLR,ADLR|RIVR|AWBR|ASER|AINR,62,ADLR,0.25,0.1,0.01,-1,0,0,0.0,0
atanas,1,deterministic,FUGW (G+A; official),test,2023-01-17-01,40,AWAR,/home/ubuntu/klb/nuclr/nuclr/Data/Atanas_SF_unified_000776/cv5_grouped_v1/fold_1/test/val__2023-01-17-01__776311ba.npz,2023-01-05-18,0,85,-1,38,AINR,AINR|AIZR|AVJR|RMDVR|AVDR,27,AINR,0.25,0.1,0.01,-1,0,0,0.0,0
atanas,1,deterministic,FUGW (G+A; official),test,2023-01-17-01,41,AVER,/home/ubuntu/klb/nuclr/nuclr/Data/Atanas_SF_unified_000776/cv5_grouped_v1/fold_1/test/val__2023-01-17-01__776311ba.npz,2023-01-05-18,1,85,41,61,AVER,AVER|RMEV|AIBR|RMER|OLQVR,41,AVER,0.25,0.1,0.01,1,1,1,1.0,1
atanas,1,deterministic,FUGW (G+A; official),test,2023-01-17-01,42,IL1DL,/home/ubuntu/klb/nuclr/nuclr/Data/Atanas_SF_unified_000776/cv5_grouped_v1/fold_1/test/val__2023-01-17-01__776311ba.npz,2023-01-05-18,1,85,51,69,URADL,URADL|IL1DL|MI|IL2DL|I3,51,IL1DL,0.25,0.1,0.01,2,0,1,0.5,1
atanas,1,deterministic,FUGW (G+A; official),test,2023-01-17-01,46,SMDVL,/home/ubuntu/klb/nuclr/nuclr/Data/Atanas_SF_unified_000776/cv5_grouped_v1/fold_1/test/val__2023-01-17-01__776311ba.npz,2023-01-05-18,1,85,64,21,ADLL,ADLL|CEPDL|RIVL|SMDVL|ASIL,38,URXL,0.25,0.1,0.01,4,0,1,0.25,0
atanas,1,deterministic,FUGW (G+A; official),test,2023-01-17-01,48,CEPVR,/home/ubuntu/klb/nuclr/nuclr/Data/Atanas_SF_unified_000776/cv5_grouped_v1/fold_1/test/val__2023-01-17-01__776311ba.npz,2023-01-05-18,0,85,-1,117,RMEV,RMEV|OLQVR|IL2VL|M3R|CEPVL,82,RMEV,0.25,0.1,0.01,-1,0,0,0.0,0
atanas,1,deterministic,FUGW (G+A; official),test,2023-01-17-01,49,IL2VR,/home/ubuntu/klb/nuclr/nuclr/Data/Atanas_SF_unified_000776/cv5_grouped_v1/fold_1/test/val__2023-01-17-01__776311ba.npz,2023-01-05-18,1,85,19,27,IL2VR,IL2VR|I1R|NSMR|I2R|M3R,8,NSMR,0.25,0.1,0.01,1,1,1,1.0,0
atanas,1,deterministic,FUGW (G+A; official),test,2023-01-17-01,52,ASER,/home/ubuntu/klb/nuclr/nuclr/Data/Atanas_SF_unified_000776/cv5_grouped_v1/fold_1/test/val__2023-01-17-01__776311ba.npz,2023-01-05-18,1,85,75,106,ASER,ASER|AVAR|ADLR|AVER|AIBR,75,ASER,0.25,0.1,0.01,1,1,1,1.0,1
atanas,1,deterministic,FUGW (G+A; official),test,2023-01-17-01,53,URYVL,/home/ubuntu/klb/nuclr/nuclr/Data/Atanas_SF_unified_000776/cv5_grouped_v1/fold_1/test/val__2023-01-17-01__776311ba.npz,2023-01-05-18,1,85,71,79,IL2L,IL2L|URYVL|IL1L|URBL|OLQVL,71,URYVL,0.25,0.1,0.01,2,0,1,0.5,1
atanas,1,deterministic,FUGW (G+A; official),test,2023-01-17-01,54,AIYL,/home/ubuntu/klb/nuclr/nuclr/Data/Atanas_SF_unified_000776/cv5_grouped_v1/fold_1/test/val__2023-01-17-01__776311ba.npz,2023-01-05-18,0,85,-1,119,FLPR,FLPR|AVL|RMDDL|ADER|AIBR,-1,,0.25,0.1,0.01,-1,0,0,0.0,0
atanas,1,deterministic,FUGW (G+A; official),test,2023-01-17-01,55,AWAL,/home/ubuntu/klb/nuclr/nuclr/Data/Atanas_SF_unified_000776/cv5_grouped_v1/fold_1/test/val__2023-01-17-01__776311ba.npz,2023-01-05-18,1,85,10,103,SAAVL,SAAVL|AVAL|ASGL|ASIL|AWAL,10,AWAL,0.25,0.1,0.01,5,0,1,0.2,1
atanas,1,deterministic,FUGW (G+A; official),test,2023-01-17-01,56,URBL,/home/ubuntu/klb/nuclr/nuclr/Data/Atanas_SF_unified_000776/cv5_grouped_v1/fold_1/test/val__2023-01-17-01__776311ba.npz,2023-01-05-18,1,85,11,79,IL2L,IL2L|URBL|OLLL|IL1L|URYDL,29,OLLL,0.25,0.1,0.01,2,0,1,0.5,0
atanas,1,deterministic,FUGW (G+A; official),test,2023-01-17-01,57,AIZR,/home/ubuntu/klb/nuclr/nuclr/Data/Atanas_SF_unified_000776/cv5_grouped_v1/fold_1/test/val__2023-01-17-01__776311ba.npz,2023-01-05-18,1,85,21,119,FLPR,FLPR|ADER|AVDR|AIZR|AIBR,83,FLPR,0.25,0.1,0.01,4,0,1,0.25,0
atanas,1,deterministic,FUGW (G+A; official),test,2023-01-17-01,58,RMDVR,/home/ubuntu/klb/nuclr/nuclr/Data/Atanas_SF_unified_000776/cv5_grouped_v1/fold_1/test/val__2023-01-17-01__776311ba.npz,2023-01-05-18,1,85,84,121,RMDVR,RMDVR|RMER|URBR|AVAR|AVJR,84,RMDVR,0.25,0.1,0.01,1,1,1,1.0,1
atanas,1,deterministic,FUGW (G+A; official),test,2023-01-17-01,59,MI,/home/ubuntu/klb/nuclr/nuclr/Data/Atanas_SF_unified_000776/cv5_grouped_v1/fold_1/test/val__2023-01-17-01__776311ba.npz,2023-01-05-18,1,85,50,77,IL2DL,IL2DL|MI|I3|M4|URADL,50,MI,0.25,0.1,0.01,2,0,1,0.5,1
atanas,1,deterministic,FUGW (G+A; official),test,2023-01-17-01,62,I2R,/home/ubuntu/klb/nuclr/nuclr/Data/Atanas_SF_unified_000776/cv5_grouped_v1/fold_1/test/val__2023-01-17-01__776311ba.npz,2023-01-05-18,1,85,53,27,IL2VR,IL2VR|I1R|I2R|NSMR|M3R,19,IL2VR,0.25,0.1,0.01,3,0,1,0.3333333333333333,0
atanas,1,deterministic,FUGW (G+A; official),test,2023-01-17-01,63,AVL,/home/ubuntu/klb/nuclr/nuclr/Data/Atanas_SF_unified_000776/cv5_grouped_v1/fold_1/test/val__2023-01-17-01__776311ba.npz,2023-01-05-18,1,85,23,7,OLQVL,OLQVL|URAVL|IL2VL|CEPVL|URYVL,5,OLQVL,0.25,0.1,0.01,20,0,0,0.05,0
atanas,1,deterministic,FUGW (G+A; official),test,2023-01-17-01,64,RMDDL,/home/ubuntu/klb/nuclr/nuclr/Data/Atanas_SF_unified_000776/cv5_grouped_v1/fold_1/test/val__2023-01-17-01__776311ba.npz,2023-01-05-18,1,85,79,96,AUAL,AUAL|CEPVL|AWCL|RMDL|AVEL,6,CEPVL,0.25,0.1,0.01,6,0,0,0.16666666666666666,0
atanas,1,deterministic,FUGW (G+A; official),test,2023-01-17-01,65,RMER,/home/ubuntu/klb/nuclr/nuclr/Data/Atanas_SF_unified_000776/cv5_grouped_v1/fold_1/test/val__2023-01-17-01__776311ba.npz,2023-01-05-18,1,85,28,17,URBR,URBR|OLQVR|RMER|M3R|OLLR,28,RMER,0.25,0.1,0.01,3,0,1,0.3333333333333333,1
atanas,1,deterministic,FUGW (G+A; official),test,2023-01-17-01,66,ASGL,/home/ubuntu/klb/nuclr/nuclr/Data/Atanas_SF_unified_000776/cv5_grouped_v1/fold_1/test/val__2023-01-17-01__776311ba.npz,2023-01-05-18,1,85,61,21,ADLL,ADLL|RIVL|ASIL|SAAVL|AWAL,76,ASIL,0.25,0.1,0.01,7,0,0,0.14285714285714285,0
atanas,1,deterministic,FUGW (G+A; official),test,2023-01-17-01,67,AINL,/home/ubuntu/klb/nuclr/nuclr/Data/Atanas_SF_unified_000776/cv5_grouped_v1/fold_1/test/val__2023-01-17-01__776311ba.npz,2023-01-05-18,0,85,-1,70,AVBL,AVBL|SAAVL|AVAL|ADLL|ASIL,72,SAAVL,0.25,0.1,0.01,-1,0,0,0.0,0
atanas,1,deterministic,FUGW (G+A; official),test,2023-01-17-01,68,IL1L,/home/ubuntu/klb/nuclr/nuclr/Data/Atanas_SF_unified_000776/cv5_grouped_v1/fold_1/test/val__2023-01-17-01__776311ba.npz,2023-01-05-18,1,85,37,79,IL2L,IL2L|IL1L|URBL|OLLL|URYVL,57,IL2L,0.25,0.1,0.01,2,0,1,0.5,0
atanas,1,deterministic,FUGW (G+A; official),test,2023-01-17-01,69,FLPL,/home/ubuntu/klb/nuclr/nuclr/Data/Atanas_SF_unified_000776/cv5_grouped_v1/fold_1/test/val__2023-01-17-01__776311ba.npz,2023-01-05-18,1,85,13,64,AVJL,AVJL|AIZL|FLPL|RICL|I6,44,AVJL,0.25,0.1,0.01,3,0,1,0.3333333333333333,0
atanas,1,deterministic,FUGW (G+A; official),test,2023-01-17-01,73,OLLL,/home/ubuntu/klb/nuclr/nuclr/Data/Atanas_SF_unified_000776/cv5_grouped_v1/fold_1/test/val__2023-01-17-01__776311ba.npz,2023-01-05-18,1,85,29,69,URADL,URADL|URYDL|OLLL|IL2L|IL2DL,48,URADL,0.25,0.1,0.01,3,0,1,0.3333333333333333,0
atanas,1,deterministic,FUGW (G+A; official),test,2023-01-17-01,74,RMEV,/home/ubuntu/klb/nuclr/nuclr/Data/Atanas_SF_unified_000776/cv5_grouped_v1/fold_1/test/val__2023-01-17-01__776311ba.npz,2023-01-05-18,1,85,82,32,AVL,AVL|RMEV|OLQVL|AVER|OLQVR,-1,,0.25,0.1,0.01,2,0,1,0.5,0
atanas,1,deterministic,FUGW (G+A; official),test,2023-01-17-01,75,RIVL,/home/ubuntu/klb/nuclr/nuclr/Data/Atanas_SF_unified_000776/cv5_grouped_v1/fold_1/test/val__2023-01-17-01__776311ba.npz,2023-01-05-18,1,85,17,21,ADLL,ADLL|CEPDL|RIVL|ASIL|URXL,15,ADLL,0.25,0.1,0.01,3,0,1,0.3333333333333333,0
atanas,1,deterministic,FUGW (G+A; official),test,2023-01-17-01,76,AIYR,/home/ubuntu/klb/nuclr/nuclr/Data/Atanas_SF_unified_000776/cv5_grouped_v1/fold_1/test/val__2023-01-17-01__776311ba.npz,2023-01-05-18,0,85,-1,113,RMDDL,RMDDL|RICL|AUAL|AIZL|FLPL,58,RICL,0.25,0.1,0.01,-1,0,0,0.0,0
atanas,1,deterministic,FUGW (G+A; official),test,2023-01-17-01,78,MCL,/home/ubuntu/klb/nuclr/nuclr/Data/Atanas_SF_unified_000776/cv5_grouped_v1/fold_1/test/val__2023-01-17-01__776311ba.npz,2023-01-05-18,1,85,25,20,I1L,I1L|I2L|NSML|MCL|M3L,9,M3L,0.25,0.1,0.01,4,0,1,0.25,0
atanas,1,deterministic,FUGW (G+A; official),test,2023-01-17-01,80,AUAL,/home/ubuntu/klb/nuclr/nuclr/Data/Atanas_SF_unified_000776/cv5_grouped_v1/fold_1/test/val__2023-01-17-01__776311ba.npz,2023-01-05-18,1,85,68,96,AUAL,AUAL|RMDDL|AVEL|RICL|AWCL,-1,,0.25,0.1,0.01,1,1,1,1.0,0
atanas,1,deterministic,FUGW (G+A; official),test,2023-01-17-01,83,RMDL,/home/ubuntu/klb/nuclr/nuclr/Data/Atanas_SF_unified_000776/cv5_grouped_v1/fold_1/test/val__2023-01-17-01__776311ba.npz,2023-01-05-18,1,85,4,88,RMDVL,RMDVL|RMDL|AWCL|ASEL|AWBL,4,RMDL,0.25,0.1,0.01,2,0,1,0.5,1
atanas,1,deterministic,FUGW (G+A; official),test,2023-01-17-01,84,AVDR,/home/ubuntu/klb/nuclr/nuclr/Data/Atanas_SF_unified_000776/cv5_grouped_v1/fold_1/test/val__2023-01-17-01__776311ba.npz,2023-01-05-18,1,85,2,119,FLPR,FLPR|AVDR|ADER|AIZR|AINR,2,AVDR,0.25,0.1,0.01,2,0,1,0.5,1
atanas,1,deterministic,FUGW (G+A; official),test,2023-01-17-01,85,RIH,/home/ubuntu/klb/nuclr/nuclr/Data/Atanas_SF_unified_000776/cv5_grouped_v1/fold_1/test/val__2023-01-17-01__776311ba.npz,2023-01-05-18,0,85,-1,32,AVL,AVL|CEPVL|OLQVL|IL2VL|RMEV,-1,,0.25,0.1,0.01,-1,0,0,0.0,0
atanas,1,deterministic,FUGW (G+A; official),test,2023-01-17-01,87,IL2DL,/home/ubuntu/klb/nuclr/nuclr/Data/Atanas_SF_unified_000776/cv5_grouped_v1/fold_1/test/val__2023-01-17-01__776311ba.npz,2023-01-05-18,1,85,56,77,IL2DL,IL2DL|URADL|IL1DL|MI|URYDL,56,IL2DL,0.25,0.1,0.01,1,1,1,1.0,1
atanas,1,deterministic,FUGW (G+A; official),test,2023-01-17-01,88,AWBL,/home/ubuntu/klb/nuclr/nuclr/Data/Atanas_SF_unified_000776/cv5_grouped_v1/fold_1/test/val__2023-01-17-01__776311ba.npz,2023-01-05-18,1,85,67,87,SMDVL,SMDVL|AWBL|RMDVL|RIVL|ASEL,64,SMDVL,0.25,0.1,0.01,2,0,1,0.5,0
atanas,1,deterministic,FUGW (G+A; official),test,2023-01-17-01,89,RICL,/home/ubuntu/klb/nuclr/nuclr/Data/Atanas_SF_unified_000776/cv5_grouped_v1/fold_1/test/val__2023-01-17-01__776311ba.npz,2023-01-05-18,1,85,58,110,AIZL,AIZL|RICL|AUAL|AVJL|AWCL,78,AIZL,0.25,0.1,0.01,2,0,1,0.5,0
atanas,1,deterministic,FUGW (G+A; official),test,2023-01-17-01,90,ADAL,/home/ubuntu/klb/nuclr/nuclr/Data/Atanas_SF_unified_000776/cv5_grouped_v1/fold_1/test/val__2023-01-17-01__776311ba.npz,2023-01-05-18,0,85,-1,18,FLPL,FLPL|I6|RICL|AIZL|AVJL,69,I6,0.25,0.1,0.01,-1,0,0,0.0,0
atanas,1,deterministic,FUGW (G+A; official),test,2023-01-17-01,93,AVJR,/home/ubuntu/klb/nuclr/nuclr/Data/Atanas_SF_unified_000776/cv5_grouped_v1/fold_1/test/val__2023-01-17-01__776311ba.npz,2023-01-05-18,1,85,30,44,AVJR,AVJR|AIZR|AINR|AWBR|AVDR,30,AVJR,0.25,0.1,0.01,1,1,1,1.0,1
atanas,1,deterministic,FUGW (G+A; official),test,2023-01-17-01,96,OLQVL,/home/ubuntu/klb/nuclr/nuclr/Data/Atanas_SF_unified_000776/cv5_grouped_v1/fold_1/test/val__2023-01-17-01__776311ba.npz,2023-01-05-18,1,85,5,7,OLQVL,OLQVL|IL2L|IL1L|URYVL|URBL,37,IL1L,0.25,0.1,0.01,1,1,1,1.0,0
atanas,1,deterministic,FUGW (G+A; official),test,2023-01-17-01,97,AIBL,/home/ubuntu/klb/nuclr/nuclr/Data/Atanas_SF_unified_000776/cv5_grouped_v1/fold_1/test/val__2023-01-17-01__776311ba.npz,2023-01-05-18,0,85,-1,67,AVEL,AVEL|AUAL|RMDL|AWCL|ASGL,46,AVEL,0.25,0.1,0.01,-1,0,0,0.0,0
atanas,1,deterministic,FUGW (G+A; official),test,2023-01-17-01,100,AVAR,/home/ubuntu/klb/nuclr/nuclr/Data/Atanas_SF_unified_000776/cv5_grouped_v1/fold_1/test/val__2023-01-17-01__776311ba.npz,2023-01-05-18,1,85,20,106,ASER,ASER|AVAR|AIBR|AVER|RMDVR,20,AVAR,0.25,0.1,0.01,2,0,1,0.5,1
atanas,1,deterministic,FUGW (G+A; official),test,2023-01-17-01,101,NSML,/home/ubuntu/klb/nuclr/nuclr/Data/Atanas_SF_unified_000776/cv5_grouped_v1/fold_1/test/val__2023-01-17-01__776311ba.npz,2023-01-05-18,1,85,73,66,I2L,I2L|NSML|I1L|URAVL|MCL,73,NSML,0.25,0.1,0.01,2,0,1,0.5,1
atanas,1,deterministic,FUGW (G+A; official),test,2023-01-17-01,102,AIML,/home/ubuntu/klb/nuclr/nuclr/Data/Atanas_SF_unified_000776/cv5_grouped_v1/fold_1/test/val__2023-01-17-01__776311ba.npz,2023-01-05-18,0,85,-1,113,RMDDL,RMDDL|AUAL|RICL|AIZL|AWCL,68,AUAL,0.25,0.1,0.01,-1,0,0,0.0,0
atanas,1,deterministic,FUGW (G+A; official),test,2023-01-17-01,103,ASHL,/home/ubuntu/klb/nuclr/nuclr/Data/Atanas_SF_unified_000776/cv5_grouped_v1/fold_1/test/val__2023-01-17-01__776311ba.npz,2023-01-05-18,0,85,-1,0,AVAL,AVAL|SAAVL|ASGL|AWBL|AWAL,61,ASGL,0.25,0.1,0.01,-1,0,0,0.0,0
atanas,1,deterministic,FUGW (G+A; official),test,2023-01-17-01,105,CEPDL,/home/ubuntu/klb/nuclr/nuclr/Data/Atanas_SF_unified_000776/cv5_grouped_v1/fold_1/test/val__2023-01-17-01__776311ba.npz,2023-01-05-18,1,85,26,47,IL2VL,IL2VL|CEPVL|URAVL|URYVL|M3L,33,IL2VL,0.25,0.1,0.01,54,0,0,0.018518518518518517,0
atanas,1,deterministic,FUGW (G+A; official),test,2023-01-17-01,106,SMDVR,/home/ubuntu/klb/nuclr/nuclr/Data/Atanas_SF_unified_000776/cv5_grouped_v1/fold_1/test/val__2023-01-17-01__776311ba.npz,2023-01-05-18,0,85,-1,83,RIAR,RIAR|AWBR|RMDVR|RMER|ADLR,60,RIAR,0.25,0.1,0.01,-1,0,0,0.0,0
atanas,1,deterministic,FUGW (G+A; official),test,2023-01-17-01,109,ASIR,/home/ubuntu/klb/nuclr/nuclr/Data/Atanas_SF_unified_000776/cv5_grouped_v1/fold_1/test/val__2023-01-17-01__776311ba.npz,2023-01-05-18,0,85,-1,54,CEPDR,CEPDR|RIVR|ADLR|URXR|AWBR,36,CEPDR,0.25,0.1,0.01,-1,0,0,0.0,0
atanas,1,deterministic,FUGW (G+A; official),test,2023-01-17-01,110,AVAL,/home/ubuntu/klb/nuclr/nuclr/Data/Atanas_SF_unified_000776/cv5_grouped_v1/fold_1/test/val__2023-01-17-01__776311ba.npz,2023-01-05-18,1,85,0,103,SAAVL,SAAVL|AVAL|AWAL|ASGL|SMDVL,0,AVAL,0.25,0.1,0.01,2,0,1,0.5,1
atanas,1,deterministic,FUGW (G+A; official),test,2023-01-17-01,111,MCR,/home/ubuntu/klb/nuclr/nuclr/Data/Atanas_SF_unified_000776/cv5_grouped_v1/fold_1/test/val__2023-01-17-01__776311ba.npz,2023-01-05-18,0,85,-1,82,I1R,I1R|I1L|MCL|M3L|IL2VR,25,MCL,0.25,0.1,0.01,-1,0,0,0.0,0
atanas,1,deterministic,FUGW (G+A; official),test,2023-01-17-01,112,ADLL,/home/ubuntu/klb/nuclr/nuclr/Data/Atanas_SF_unified_000776/cv5_grouped_v1/fold_1/test/val__2023-01-17-01__776311ba.npz,2023-01-05-18,1,85,15,91,RID,RID|ADLL|URXL|I4|CEPDL,66,RID,0.25,0.1,0.01,2,0,1,0.5,0
atanas,1,deterministic,FUGW (G+A; official),test,2023-01-17-01,113,IL2VL,/home/ubuntu/klb/nuclr/nuclr/Data/Atanas_SF_unified_000776/cv5_grouped_v1/fold_1/test/val__2023-01-17-01__776311ba.npz,2023-01-05-18,1,85,33,66,I2L,I2L|NSML|URAVL|I1L|MCL,1,URAVL,0.25,0.1,0.01,7,0,0,0.14285714285714285,0
atanas,1,deterministic,FUGW (G+A; official),test,2023-01-17-01,114,CEPVL,/home/ubuntu/klb/nuclr/nuclr/Data/Atanas_SF_unified_000776/cv5_grouped_v1/fold_1/test/val__2023-01-17-01__776311ba.npz,2023-01-05-18,1,85,6,37,CEPDL,CEPDL|URXL|RIAL|OLQDL|SMDVL,26,CEPDL,0.25,0.1,0.01,46,0,0,0.021739130434782608,0
atanas,1,deterministic,FUGW (G+A; official),test,2023-01-17-01,115,IL2L,/home/ubuntu/klb/nuclr/nuclr/Data/Atanas_SF_unified_000776/cv5_grouped_v1/fold_1/test/val__2023-01-17-01__776311ba.npz,2023-01-05-18,1,85,57,79,IL2L,IL2L|URBL|OLLL|IL1L|IL2DL,11,URBL,0.25,0.1,0.01,1,1,1,1.0,0
atanas,1,deterministic,FUGW (G+A; official),test,2023-01-17-01,116,RID,/home/ubuntu/klb/nuclr/nuclr/Data/Atanas_SF_unified_000776/cv5_grouped_v1/fold_1/test/val__2023-01-17-01__776311ba.npz,2023-01-05-18,1,85,66,86,URXR,URXR|RID|CEPDR|OLQDR|URYDR,63,URXR,0.25,0.1,0.01,2,0,1,0.5,0
atanas,1,deterministic,FUGW (G+A; official),test,2023-01-17-01,117,URYVR,/home/ubuntu/klb/nuclr/nuclr/Data/Atanas_SF_unified_000776/cv5_grouped_v1/fold_1/test/val__2023-01-17-01__776311ba.npz,2023-01-05-18,0,85,-1,35,M3R,M3R|NSMR|I2R|OLQVR|URBR,24,M3R,0.25,0.1,0.01,-1,0,0,0.0,0
atanas,1,deterministic,FUGW (G+A; official),test,2023-01-17-01,119,ADER,/home/ubuntu/klb/nuclr/nuclr/Data/Atanas_SF_unified_000776/cv5_grouped_v1/fold_1/test/val__2023-01-17-01__776311ba.npz,2023-01-05-18,1,85,35,52,ADER,ADER|FLPR|AVDR|AINR|AIZR,35,ADER,0.25,0.1,0.01,1,1,1,1.0,1
atanas,1,deterministic,FUGW (G+A; official),test,2023-01-17-01,121,OLQVR,/home/ubuntu/klb/nuclr/nuclr/Data/Atanas_SF_unified_000776/cv5_grouped_v1/fold_1/test/val__2023-01-17-01__776311ba.npz,2023-01-05-18,1,85,81,116,OLQVR,OLQVR|M3R|NSMR|I2R|RMEV,81,OLQVR,0.25,0.1,0.01,1,1,1,1.0,1
atanas,1,deterministic,FUGW (G+A; official),test,2023-01-17-01,123,AVDL,/home/ubuntu/klb/nuclr/nuclr/Data/Atanas_SF_unified_000776/cv5_grouped_v1/fold_1/test/val__2023-01-17-01__776311ba.npz,2023-01-05-18,0,85,-1,64,AVJL,AVJL|ASEL|AVHL|AIZL|AWBL,34,ASEL,0.25,0.1,0.01,-1,0,0,0.0,0
atanas,1,deterministic,FUGW (G+A; official),test,2023-01-17-01,125,BAGL,/home/ubuntu/klb/nuclr/nuclr/Data/Atanas_SF_unified_000776/cv5_grouped_v1/fold_1/test/val__2023-01-17-01__776311ba.npz,2023-01-05-18,0,85,-1,70,AVBL,AVBL|AVAL|SAAVL|ADLL|ASGL,49,AVBL,0.25,0.1,0.01,-1,0,0,0.0,0
atanas,1,deterministic,FUGW (G+A; official),test,2023-01-17-01,126,M1,/home/ubuntu/klb/nuclr/nuclr/Data/Atanas_SF_unified_000776/cv5_grouped_v1/fold_1/test/val__2023-01-17-01__776311ba.npz,2023-01-05-18,1,85,52,54,CEPDR,CEPDR|RIVR|M1|ADLR|URXR,80,RIVR,0.25,0.1,0.01,3,0,1,0.3333333333333333,0
atanas,1,deterministic,FUGW (G+A; official),test,2023-01-17-01,127,RMDVL,/home/ubuntu/klb/nuclr/nuclr/Data/Atanas_SF_unified_000776/cv5_grouped_v1/fold_1/test/val__2023-01-17-01__776311ba.npz,2023-01-05-18,1,85,65,88,RMDVL,RMDVL|AWBL|ASEL|URBL|RMDL,65,RMDVL,0.25,0.1,0.01,1,1,1,1.0,1
atanas,1,deterministic,FUGW (G+A; official),test,2023-01-17-01,130,URYDL,/home/ubuntu/klb/nuclr/nuclr/Data/Atanas_SF_unified_000776/cv5_grouped_v1/fold_1/test/val__2023-01-17-01__776311ba.npz,2023-01-05-18,1,85,32,69,URADL,URADL|IL1DL|URYDL|OLQDL|IL2DL,39,OLQDL,0.25,0.1,0.01,3,0,1,0.3333333333333333,0
atanas,1,deterministic,FUGW (G+A; official),test,2023-01-17-01,133,AWCL,/home/ubuntu/klb/nuclr/nuclr/Data/Atanas_SF_unified_000776/cv5_grouped_v1/fold_1/test/val__2023-01-17-01__776311ba.npz,2023-01-05-18,1,85,54,75,AWCL,AWCL|RMDL|RMDVL|ASEL|AVJL,54,AWCL,0.25,0.1,0.01,1,1,1,1.0,1
atanas,1,deterministic,FUGW (G+A; official),test,2023-01-17-07,4,I2R,/home/ubuntu/klb/nuclr/nuclr/Data/Atanas_SF_unified_000776/cv5_grouped_v1/fold_1/test/val__2023-01-17-07__2a449a99.npz,2023-01-05-18,1,85,53,27,IL2VR,IL2VR|I2R|NSMR|I1R|M3R,53,I2R,0.25,0.1,0.01,2,0,1,0.5,1
atanas,1,deterministic,FUGW (G+A; official),test,2023-01-17-07,5,ADAL,/home/ubuntu/klb/nuclr/nuclr/Data/Atanas_SF_unified_000776/cv5_grouped_v1/fold_1/test/val__2023-01-17-07__2a449a99.npz,2023-01-05-18,0,85,-1,18,FLPL,FLPL|RICL|RMDDL|AIZL|I6,13,FLPL,0.25,0.1,0.01,-1,0,0,0.0,0
atanas,1,deterministic,FUGW (G+A; official),test,2023-01-17-07,7,OLQDR,/home/ubuntu/klb/nuclr/nuclr/Data/Atanas_SF_unified_000776/cv5_grouped_v1/fold_1/test/val__2023-01-17-07__2a449a99.npz,2023-01-05-18,1,85,43,63,OLQDR,OLQDR|URYDR|IL1DR|URADR|IL2DR,43,OLQDR,0.25,0.1,0.01,1,1,1,1.0,1
atanas,1,deterministic,FUGW (G+A; official),test,2023-01-17-07,10,I3,/home/ubuntu/klb/nuclr/nuclr/Data/Atanas_SF_unified_000776/cv5_grouped_v1/fold_1/test/val__2023-01-17-07__2a449a99.npz,2023-01-05-18,1,85,18,77,IL2DL,IL2DL|MI|I3|URADL|M4,50,MI,0.25,0.1,0.01,3,0,1,0.3333333333333333,0
atanas,1,deterministic,FUGW (G+A; official),test,2023-01-17-07,11,CEPVR,/home/ubuntu/klb/nuclr/nuclr/Data/Atanas_SF_unified_000776/cv5_grouped_v1/fold_1/test/val__2023-01-17-07__2a449a99.npz,2023-01-05-18,0,85,-1,47,IL2VL,IL2VL|CEPVL|URAVL|M3L|URYVL,33,IL2VL,0.25,0.1,0.01,-1,0,0,0.0,0
atanas,1,deterministic,FUGW (G+A; official),test,2023-01-17-07,16,AVAR,/home/ubuntu/klb/nuclr/nuclr/Data/Atanas_SF_unified_000776/cv5_grouped_v1/fold_1/test/val__2023-01-17-07__2a449a99.npz,2023-01-05-18,1,85,20,106,ASER,ASER|AVAR|AVER|ADLR|RIAR,75,ASER,0.25,0.1,0.01,2,0,1,0.5,0
atanas,1,deterministic,FUGW (G+A; official),test,2023-01-17-07,17,AVDR,/home/ubuntu/klb/nuclr/nuclr/Data/Atanas_SF_unified_000776/cv5_grouped_v1/fold_1/test/val__2023-01-17-07__2a449a99.npz,2023-01-05-18,1,85,2,38,AINR,AINR|AVDR|AIZR|ADER|AVJR,27,AINR,0.25,0.1,0.01,2,0,1,0.5,0
atanas,1,deterministic,FUGW (G+A; official),test,2023-01-17-07,18,AUAL,/home/ubuntu/klb/nuclr/nuclr/Data/Atanas_SF_unified_000776/cv5_grouped_v1/fold_1/test/val__2023-01-17-07__2a449a99.npz,2023-01-05-18,1,85,68,96,AUAL,AUAL|AIZL|RICL|AWCL|RMDDL,54,AWCL,0.25,0.1,0.01,1,1,1,1.0,0
atanas,1,deterministic,FUGW (G+A; official),test,2023-01-17-07,19,ASGL,/home/ubuntu/klb/nuclr/nuclr/Data/Atanas_SF_unified_000776/cv5_grouped_v1/fold_1/test/val__2023-01-17-07__2a449a99.npz,2023-01-05-18,1,85,61,103,SAAVL,SAAVL|AVAL|ASIL|RIVL|ASGL,10,AWAL,0.25,0.1,0.01,5,0,1,0.2,0
atanas,1,deterministic,FUGW (G+A; official),test,2023-01-17-07,21,RMDVR,/home/ubuntu/klb/nuclr/nuclr/Data/Atanas_SF_unified_000776/cv5_grouped_v1/fold_1/test/val__2023-01-17-07__2a449a99.npz,2023-01-05-18,1,85,84,121,RMDVR,RMDVR|AVJR|AIZR|AINR|AWBR,84,RMDVR,0.25,0.1,0.01,1,1,1,1.0,1
atanas,1,deterministic,FUGW (G+A; official),test,2023-01-17-07,22,M3R,/home/ubuntu/klb/nuclr/nuclr/Data/Atanas_SF_unified_000776/cv5_grouped_v1/fold_1/test/val__2023-01-17-07__2a449a99.npz,2023-01-05-18,1,85,24,11,NSMR,NSMR|I2R|M3R|I1R|IL2VR,24,M3R,0.25,0.1,0.01,3,0,1,0.3333333333333333,1
atanas,1,deterministic,FUGW (G+A; official),test,2023-01-17-07,23,AIZL,/home/ubuntu/klb/nuclr/nuclr/Data/Atanas_SF_unified_000776/cv5_grouped_v1/fold_1/test/val__2023-01-17-07__2a449a99.npz,2023-01-05-18,1,85,78,64,AVJL,AVJL|AIZL|RICL|FLPL|I6,44,AVJL,0.25,0.1,0.01,2,0,1,0.5,0
atanas,1,deterministic,FUGW (G+A; official),test,2023-01-17-07,24,RIH,/home/ubuntu/klb/nuclr/nuclr/Data/Atanas_SF_unified_000776/cv5_grouped_v1/fold_1/test/val__2023-01-17-07__2a449a99.npz,2023-01-05-18,0,85,-1,32,AVL,AVL|RMEV|AVER|AIBR|OLQVR,42,IL1DR,0.25,0.1,0.01,-1,0,0,0.0,0
atanas,1,deterministic,FUGW (G+A; official),test,2023-01-17-07,25,IL1DL,/home/ubuntu/klb/nuclr/nuclr/Data/Atanas_SF_unified_000776/cv5_grouped_v1/fold_1/test/val__2023-01-17-07__2a449a99.npz,2023-01-05-18,1,85,51,69,URADL,URADL|IL1DL|MI|URYDL|I3,51,IL1DL,0.25,0.1,0.01,2,0,1,0.5,1
atanas,1,deterministic,FUGW (G+A; official),test,2023-01-17-07,26,URXL,/home/ubuntu/klb/nuclr/nuclr/Data/Atanas_SF_unified_000776/cv5_grouped_v1/fold_1/test/val__2023-01-17-07__2a449a99.npz,2023-01-05-18,1,85,38,58,URXL,URXL|CEPDL|RIAL|OLQDL|I4,38,URXL,0.25,0.1,0.01,1,1,1,1.0,1
atanas,1,deterministic,FUGW (G+A; official),test,2023-01-17-07,27,MCL,/home/ubuntu/klb/nuclr/nuclr/Data/Atanas_SF_unified_000776/cv5_grouped_v1/fold_1/test/val__2023-01-17-07__2a449a99.npz,2023-01-05-18,1,85,25,20,I1L,I1L|I2L|NSML|MCL|URAVL,25,MCL,0.25,0.1,0.01,4,0,1,0.25,1
atanas,1,deterministic,FUGW (G+A; official),test,2023-01-17-07,28,AIBR,/home/ubuntu/klb/nuclr/nuclr/Data/Atanas_SF_unified_000776/cv5_grouped_v1/fold_1/test/val__2023-01-17-07__2a449a99.npz,2023-01-05-18,1,85,55,76,AIBR,AIBR|AVER|AVAR|ASER|RMEV,20,AVAR,0.25,0.1,0.01,1,1,1,1.0,0
atanas,1,deterministic,FUGW (G+A; official),test,2023-01-17-07,29,RMEL,/home/ubuntu/klb/nuclr/nuclr/Data/Atanas_SF_unified_000776/cv5_grouped_v1/fold_1/test/val__2023-01-17-07__2a449a99.npz,2023-01-05-18,0,85,-1,79,IL2L,IL2L|RMDVL|URBL|IL1L|URYVL,65,RMDVL,0.25,0.1,0.01,-1,0,0,0.0,0
atanas,1,deterministic,FUGW (G+A; official),test,2023-01-17-07,31,AVJL,/home/ubuntu/klb/nuclr/nuclr/Data/Atanas_SF_unified_000776/cv5_grouped_v1/fold_1/test/val__2023-01-17-07__2a449a99.npz,2023-01-05-18,1,85,44,98,I6,I6|RIVL|AVHL|SMDVL|ASEL,76,ASIL,0.25,0.1,0.01,7,0,0,0.14285714285714285,0
atanas,1,deterministic,FUGW (G+A; official),test,2023-01-17-07,32,AIZR,/home/ubuntu/klb/nuclr/nuclr/Data/Atanas_SF_unified_000776/cv5_grouped_v1/fold_1/test/val__2023-01-17-07__2a449a99.npz,2023-01-05-18,1,85,21,4,AVDR,AVDR|ADER|FLPR|AINR|AIZR,2,AVDR,0.25,0.1,0.01,5,0,1,0.2,0
atanas,1,deterministic,FUGW (G+A; official),test,2023-01-17-07,38,AVER,/home/ubuntu/klb/nuclr/nuclr/Data/Atanas_SF_unified_000776/cv5_grouped_v1/fold_1/test/val__2023-01-17-07__2a449a99.npz,2023-01-05-18,1,85,41,61,AVER,AVER|AVAR|RMEV|AIBR|ASER,41,AVER,0.25,0.1,0.01,1,1,1,1.0,1
atanas,1,deterministic,FUGW (G+A; official),test,2023-01-17-07,39,I1R,/home/ubuntu/klb/nuclr/nuclr/Data/Atanas_SF_unified_000776/cv5_grouped_v1/fold_1/test/val__2023-01-17-07__2a449a99.npz,2023-01-05-18,1,85,59,82,I1R,I1R|I1L|IL2VR|MCL|I2R,59,I1R,0.25,0.1,0.01,1,1,1,1.0,1
atanas,1,deterministic,FUGW (G+A; official),test,2023-01-17-07,43,RIAL,/home/ubuntu/klb/nuclr/nuclr/Data/Atanas_SF_unified_000776/cv5_grouped_v1/fold_1/test/val__2023-01-17-07__2a449a99.npz,2023-01-05-18,1,85,16,37,CEPDL,CEPDL|RIAL|SMDVL|AWAL|URXL,16,RIAL,0.25,0.1,0.01,2,0,1,0.5,1
atanas,1,deterministic,FUGW (G+A; official),test,2023-01-17-07,44,AWAL,/home/ubuntu/klb/nuclr/nuclr/Data/Atanas_SF_unified_000776/cv5_grouped_v1/fold_1/test/val__2023-01-17-07__2a449a99.npz,2023-01-05-18,1,85,10,67,AVEL,AVEL|ASGL|AWBL|ASEL|AWCL,61,ASGL,0.25,0.1,0.01,7,0,0,0.14285714285714285,0
atanas,1,deterministic,FUGW (G+A; official),test,2023-01-17-07,45,I1L,/home/ubuntu/klb/nuclr/nuclr/Data/Atanas_SF_unified_000776/cv5_grouped_v1/fold_1/test/val__2023-01-17-07__2a449a99.npz,2023-01-05-18,1,85,14,20,I1L,I1L|I2L|NSML|MCL|URAVL,14,I1L,0.25,0.1,0.01,1,1,1,1.0,1
atanas,1,deterministic,FUGW (G+A; official),test,2023-01-17-07,52,FLPL,/home/ubuntu/klb/nuclr/nuclr/Data/Atanas_SF_unified_000776/cv5_grouped_v1/fold_1/test/val__2023-01-17-07__2a449a99.npz,2023-01-05-18,1,85,13,18,FLPL,FLPL|RICL|AIZL|AVJL|AUAL,78,AIZL,0.25,0.1,0.01,1,1,1,1.0,0
atanas,1,deterministic,FUGW (G+A; official),test,2023-01-17-07,55,RMER,/home/ubuntu/klb/nuclr/nuclr/Data/Atanas_SF_unified_000776/cv5_grouped_v1/fold_1/test/val__2023-01-17-07__2a449a99.npz,2023-01-05-18,1,85,28,17,URBR,URBR|RMER|IL2R|OLLR|URADR,31,OLLR,0.25,0.1,0.01,2,0,1,0.5,0
atanas,1,deterministic,FUGW (G+A; official),test,2023-01-17-07,56,IL1L,/home/ubuntu/klb/nuclr/nuclr/Data/Atanas_SF_unified_000776/cv5_grouped_v1/fold_1/test/val__2023-01-17-07__2a449a99.npz,2023-01-05-18,1,85,37,79,IL2L,IL2L|IL1L|URBL|URYVL|I2L,57,IL2L,0.25,0.1,0.01,2,0,1,0.5,0
atanas,1,deterministic,FUGW (G+A; official),test,2023-01-17-07,57,CEPVL,/home/ubuntu/klb/nuclr/nuclr/Data/Atanas_SF_unified_000776/cv5_grouped_v1/fold_1/test/val__2023-01-17-07__2a449a99.npz,2023-01-05-18,1,85,6,116,OLQVR,OLQVR|M3R|RMEV|NSMR|I2R,81,OLQVR,0.25,0.1,0.01,9,0,0,0.1111111111111111,0
atanas,1,deterministic,FUGW (G+A; official),test,2023-01-17-07,58,ASEL,/home/ubuntu/klb/nuclr/nuclr/Data/Atanas_SF_unified_000776/cv5_grouped_v1/fold_1/test/val__2023-01-17-07__2a449a99.npz,2023-01-05-18,1,85,34,64,AVJL,AVJL|ASEL|AIZL|AWCL|AVHL,34,ASEL,0.25,0.1,0.01,2,0,1,0.5,1
atanas,1,deterministic,FUGW (G+A; official),test,2023-01-17-07,59,CEPDR,/home/ubuntu/klb/nuclr/nuclr/Data/Atanas_SF_unified_000776/cv5_grouped_v1/fold_1/test/val__2023-01-17-07__2a449a99.npz,2023-01-05-18,1,85,36,54,CEPDR,CEPDR|URXR|M1|RIVR|ADLR,36,CEPDR,0.25,0.1,0.01,1,1,1,1.0,1
atanas,1,deterministic,FUGW (G+A; official),test,2023-01-17-07,61,ADEL,/home/ubuntu/klb/nuclr/nuclr/Data/Atanas_SF_unified_000776/cv5_grouped_v1/fold_1/test/val__2023-01-17-07__2a449a99.npz,2023-01-05-18,0,85,-1,18,FLPL,FLPL|RICL|AIZL|AVJL|AUAL,58,RICL,0.25,0.1,0.01,-1,0,0,0.0,0
atanas,1,deterministic,FUGW (G+A; official),test,2023-01-17-07,62,AIBL,/home/ubuntu/klb/nuclr/nuclr/Data/Atanas_SF_unified_000776/cv5_grouped_v1/fold_1/test/val__2023-01-17-07__2a449a99.npz,2023-01-05-18,0,85,-1,67,AVEL,AVEL|AUAL|RMDDL|ASGL|OLQVL,46,AVEL,0.25,0.1,0.01,-1,0,0,0.0,0
atanas,1,deterministic,FUGW (G+A; official),test,2023-01-17-07,63,M5,/home/ubuntu/klb/nuclr/nuclr/Data/Atanas_SF_unified_000776/cv5_grouped_v1/fold_1/test/val__2023-01-17-07__2a449a99.npz,2023-01-05-18,0,85,-1,98,I6,I6|FLPL|RIVL|AVHL|ASIL,69,I6,0.25,0.1,0.01,-1,0,0,0.0,0
atanas,1,deterministic,FUGW (G+A; official),test,2023-01-17-07,64,RMED,/home/ubuntu/klb/nuclr/nuclr/Data/Atanas_SF_unified_000776/cv5_grouped_v1/fold_1/test/val__2023-01-17-07__2a449a99.npz,2023-01-05-18,0,85,-1,91,RID,RID|OLQDL|M4|ADLL|IL1DL,39,OLQDL,0.25,0.1,0.01,-1,0,0,0.0,0
atanas,1,deterministic,FUGW (G+A; official),test,2023-01-17-07,66,RIVL,/home/ubuntu/klb/nuclr/nuclr/Data/Atanas_SF_unified_000776/cv5_grouped_v1/fold_1/test/val__2023-01-17-07__2a449a99.npz,2023-01-05-18,1,85,17,21,ADLL,ADLL|ASIL|RIVL|AWAL|SAAVL,15,ADLL,0.25,0.1,0.01,3,0,1,0.3333333333333333,0
atanas,1,deterministic,FUGW (G+A; official),test,2023-01-17-07,68,RICL,/home/ubuntu/klb/nuclr/nuclr/Data/Atanas_SF_unified_000776/cv5_grouped_v1/fold_1/test/val__2023-01-17-07__2a449a99.npz,2023-01-05-18,1,85,58,80,RICL,RICL|AIZL|AUAL|FLPL|RMDDL,68,AUAL,0.25,0.1,0.01,1,1,1,1.0,0
atanas,1,deterministic,FUGW (G+A; official),test,2023-01-17-07,70,IL1R,/home/ubuntu/klb/nuclr/nuclr/Data/Atanas_SF_unified_000776/cv5_grouped_v1/fold_1/test/val__2023-01-17-07__2a449a99.npz,2023-01-05-18,0,85,-1,60,IL2R,IL2R|IL2DR|URADR|URBR|OLLR,22,URADR,0.25,0.1,0.01,-1,0,0,0.0,0
atanas,1,deterministic,FUGW (G+A; official),test,2023-01-17-07,71,URBR,/home/ubuntu/klb/nuclr/nuclr/Data/Atanas_SF_unified_000776/cv5_grouped_v1/fold_1/test/val__2023-01-17-07__2a449a99.npz,2023-01-05-18,1,85,12,60,IL2R,IL2R|URADR|IL2DR|OLLR|URBR,47,URYDR,0.25,0.1,0.01,5,0,1,0.2,0
atanas,1,deterministic,FUGW (G+A; official),test,2023-01-17-07,74,IL2DR,/home/ubuntu/klb/nuclr/nuclr/Data/Atanas_SF_unified_000776/cv5_grouped_v1/fold_1/test/val__2023-01-17-07__2a449a99.npz,2023-01-05-18,1,85,3,60,IL2R,IL2R|IL2DR|URBR|URADR|I2R,40,IL2R,0.25,0.1,0.01,2,0,1,0.5,0
atanas,1,deterministic,FUGW (G+A; official),test,2023-01-17-07,75,OLLL,/home/ubuntu/klb/nuclr/nuclr/Data/Atanas_SF_unified_000776/cv5_grouped_v1/fold_1/test/val__2023-01-17-07__2a449a99.npz,2023-01-05-18,1,85,29,79,IL2L,IL2L|OLLL|URBL|IL1L|URADL,29,OLLL,0.25,0.1,0.01,2,0,1,0.5,1
atanas,1,deterministic,FUGW (G+A; official),test,2023-01-17-07,76,RIVR,/home/ubuntu/klb/nuclr/nuclr/Data/Atanas_SF_unified_000776/cv5_grouped_v1/fold_1/test/val__2023-01-17-07__2a449a99.npz,2023-01-05-18,1,85,80,114,RIVR,RIVR|ADLR|AINR|AWBR|ASER,80,RIVR,0.25,0.1,0.01,1,1,1,1.0,1
atanas,1,deterministic,FUGW (G+A; official),test,2023-01-17-07,79,RMDL,/home/ubuntu/klb/nuclr/nuclr/Data/Atanas_SF_unified_000776/cv5_grouped_v1/fold_1/test/val__2023-01-17-07__2a449a99.npz,2023-01-05-18,1,85,4,6,RMDL,RMDL|AUAL|AWCL|AVEL|CEPVL,71,URYVL,0.25,0.1,0.01,1,1,1,1.0,0
atanas,1,deterministic,FUGW (G+A; official),test,2023-01-17-07,81,IL2VR,/home/ubuntu/klb/nuclr/nuclr/Data/Atanas_SF_unified_000776/cv5_grouped_v1/fold_1/test/val__2023-01-17-07__2a449a99.npz,2023-01-05-18,1,85,19,27,IL2VR,IL2VR|I2R|NSMR|M3R|I1R,19,IL2VR,0.25,0.1,0.01,1,1,1,1.0,1
atanas,1,deterministic,FUGW (G+A; official),test,2023-01-17-07,82,OLQVL,/home/ubuntu/klb/nuclr/nuclr/Data/Atanas_SF_unified_000776/cv5_grouped_v1/fold_1/test/val__2023-01-17-07__2a449a99.npz,2023-01-05-18,1,85,5,7,OLQVL,OLQVL|URYVL|IL1L|URAVL|IL2L,5,OLQVL,0.25,0.1,0.01,1,1,1,1.0,1
atanas,1,deterministic,FUGW (G+A; official),test,2023-01-17-07,83,AINL,/home/ubuntu/klb/nuclr/nuclr/Data/Atanas_SF_unified_000776/cv5_grouped_v1/fold_1/test/val__2023-01-17-07__2a449a99.npz,2023-01-05-18,0,85,-1,98,I6,I6|RIVL|AVHL|AVJL|ASEL,17,RIVL,0.25,0.1,0.01,-1,0,0,0.0,0
atanas,1,deterministic,FUGW (G+A; official),test,2023-01-17-07,84,AVJR,/home/ubuntu/klb/nuclr/nuclr/Data/Atanas_SF_unified_000776/cv5_grouped_v1/fold_1/test/val__2023-01-17-07__2a449a99.npz,2023-01-05-18,1,85,30,38,AINR,AINR|AIZR|AVJR|AVDR|ADER,21,AIZR,0.25,0.1,0.01,3,0,1,0.3333333333333333,0
atanas,1,deterministic,FUGW (G+A; official),test,2023-01-17-07,85,URADL,/home/ubuntu/klb/nuclr/nuclr/Data/Atanas_SF_unified_000776/cv5_grouped_v1/fold_1/test/val__2023-01-17-07__2a449a99.npz,2023-01-05-18,1,85,48,79,IL2L,IL2L|IL2DL|URADL|OLLL|URYDL,48,URADL,0.25,0.1,0.01,3,0,1,0.3333333333333333,1
atanas,1,deterministic,FUGW (G+A; official),test,2023-01-17-07,86,SMDDL,/home/ubuntu/klb/nuclr/nuclr/Data/Atanas_SF_unified_000776/cv5_grouped_v1/fold_1/test/val__2023-01-17-07__2a449a99.npz,2023-01-05-18,0,85,-1,113,RMDDL,RMDDL|AVL|AUAL|RMEV|RICL,79,RMDDL,0.25,0.1,0.01,-1,0,0,0.0,0
atanas,1,deterministic,FUGW (G+A; official),test,2023-01-17-07,87,IL1VR,/home/ubuntu/klb/nuclr/nuclr/Data/Atanas_SF_unified_000776/cv5_grouped_v1/fold_1/test/val__2023-01-17-07__2a449a99.npz,2023-01-05-18,0,85,-1,47,IL2VL,IL2VL|M3R|CEPVL|OLQVR|NSMR,7,M4,0.25,0.1,0.01,-1,0,0,0.0,0
atanas,1,deterministic,FUGW (G+A; official),test,2023-01-17-07,90,IL2VL,/home/ubuntu/klb/nuclr/nuclr/Data/Atanas_SF_unified_000776/cv5_grouped_v1/fold_1/test/val__2023-01-17-07__2a449a99.npz,2023-01-05-18,1,85,33,3,URAVL,URAVL|NSML|I2L|M3L|MCL,1,URAVL,0.25,0.1,0.01,6,0,0,0.16666666666666666,0
atanas,1,deterministic,FUGW (G+A; official),test,2023-01-17-07,91,SAAVL,/home/ubuntu/klb/nuclr/nuclr/Data/Atanas_SF_unified_000776/cv5_grouped_v1/fold_1/test/val__2023-01-17-07__2a449a99.npz,2023-01-05-18,1,85,72,70,AVBL,AVBL|SAAVL|AVAL|ADLL|ASGL,72,SAAVL,0.25,0.1,0.01,2,0,1,0.5,1
atanas,1,deterministic,FUGW (G+A; official),test,2023-01-17-07,93,RMDDL,/home/ubuntu/klb/nuclr/nuclr/Data/Atanas_SF_unified_000776/cv5_grouped_v1/fold_1/test/val__2023-01-17-07__2a449a99.npz,2023-01-05-18,1,85,79,113,RMDDL,RMDDL|CEPVL|AUAL|AVEL|IL2VL,6,CEPVL,0.25,0.1,0.01,1,1,1,1.0,0
atanas,1,deterministic,FUGW (G+A; official),test,2023-01-17-07,95,ASGR,/home/ubuntu/klb/nuclr/nuclr/Data/Atanas_SF_unified_000776/cv5_grouped_v1/fold_1/test/val__2023-01-17-07__2a449a99.npz,2023-01-05-18,0,85,-1,114,RIVR,RIVR|ADLR|AWBR|ASER|CEPDR,62,ADLR,0.25,0.1,0.01,-1,0,0,0.0,0
atanas,1,deterministic,FUGW (G+A; official),test,2023-01-17-07,100,SMDVR,/home/ubuntu/klb/nuclr/nuclr/Data/Atanas_SF_unified_000776/cv5_grouped_v1/fold_1/test/val__2023-01-17-07__2a449a99.npz,2023-01-05-18,0,85,-1,114,RIVR,RIVR|CEPDR|ADLR|AWBR|RIAR,74,AWBR,0.25,0.1,0.01,-1,0,0,0.0,0
atanas,1,deterministic,FUGW (G+A; official),test,2023-01-17-07,101,NSMR,/home/ubuntu/klb/nuclr/nuclr/Data/Atanas_SF_unified_000776/cv5_grouped_v1/fold_1/test/val__2023-01-17-07__2a449a99.npz,2023-01-05-18,1,85,8,27,IL2VR,IL2VR|I2R|I1R|NSMR|M3R,8,NSMR,0.25,0.1,0.01,4,0,1,0.25,1
atanas,1,deterministic,FUGW (G+A; official),test,2023-01-17-07,103,AVDL,/home/ubuntu/klb/nuclr/nuclr/Data/Atanas_SF_unified_000776/cv5_grouped_v1/fold_1/test/val__2023-01-17-07__2a449a99.npz,2023-01-05-18,0,85,-1,64,AVJL,AVJL|I6|AVHL|ASEL|AIZL,77,AVHL,0.25,0.1,0.01,-1,0,0,0.0,0
atanas,1,deterministic,FUGW (G+A; official),test,2023-01-17-07,107,OLQDL,/home/ubuntu/klb/nuclr/nuclr/Data/Atanas_SF_unified_000776/cv5_grouped_v1/fold_1/test/val__2023-01-17-07__2a449a99.npz,2023-01-05-18,1,85,39,46,URYDL,URYDL|URADL|IL1DL|OLQDL|OLLL,32,URYDL,0.25,0.1,0.01,4,0,1,0.25,0
atanas,1,deterministic,FUGW (G+A; official),test,2023-01-17-07,108,OLLR,/home/ubuntu/klb/nuclr/nuclr/Data/Atanas_SF_unified_000776/cv5_grouped_v1/fold_1/test/val__2023-01-17-07__2a449a99.npz,2023-01-05-18,1,85,31,5,IL2DR,IL2DR|URADR|IL1DR|URYDR|OLLR,3,IL2DR,0.25,0.1,0.01,5,0,1,0.2,0
atanas,1,deterministic,FUGW (G+A; official),test,2023-01-17-07,109,URXR,/home/ubuntu/klb/nuclr/nuclr/Data/Atanas_SF_unified_000776/cv5_grouped_v1/fold_1/test/val__2023-01-17-07__2a449a99.npz,2023-01-05-18,1,85,63,86,URXR,URXR|M1|CEPDR|RID|OLQDR,63,URXR,0.25,0.1,0.01,1,1,1,1.0,1
atanas,1,deterministic,FUGW (G+A; official),test,2023-01-17-07,111,CEPDL,/home/ubuntu/klb/nuclr/nuclr/Data/Atanas_SF_unified_000776/cv5_grouped_v1/fold_1/test/val__2023-01-17-07__2a449a99.npz,2023-01-05-18,1,85,26,37,CEPDL,CEPDL|SMDVL|RIAL|URXL|RIVL,26,CEPDL,0.25,0.1,0.01,1,1,1,1.0,1
atanas,1,deterministic,FUGW (G+A; official),test,2023-01-17-07,114,AWCR,/home/ubuntu/klb/nuclr/nuclr/Data/Atanas_SF_unified_000776/cv5_grouped_v1/fold_1/test/val__2023-01-17-07__2a449a99.npz,2023-01-05-18,0,85,-1,4,AVDR,AVDR|FLPR|AIZR|RMDVR|ADER,30,AVJR,0.25,0.1,0.01,-1,0,0,0.0,0
atanas,1,deterministic,FUGW (G+A; official),test,2023-01-17-07,115,M3L,/home/ubuntu/klb/nuclr/nuclr/Data/Atanas_SF_unified_000776/cv5_grouped_v1/fold_1/test/val__2023-01-17-07__2a449a99.npz,2023-01-05-18,1,85,9,104,NSML,NSML|URAVL|I2L|MCL|I1L,73,NSML,0.25,0.1,0.01,6,0,0,0.16666666666666666,0
atanas,1,deterministic,FUGW (G+A; official),test,2023-01-17-07,117,AWAR,/home/ubuntu/klb/nuclr/nuclr/Data/Atanas_SF_unified_000776/cv5_grouped_v1/fold_1/test/val__2023-01-17-07__2a449a99.npz,2023-01-05-18,0,85,-1,105,AWBR,AWBR|RIAR|RIVR|ADLR|AVJR,60,RIAR,0.25,0.1,0.01,-1,0,0,0.0,0
atanas,1,deterministic,FUGW (G+A; official),test,2023-01-17-07,122,I4,/home/ubuntu/klb/nuclr/nuclr/Data/Atanas_SF_unified_000776/cv5_grouped_v1/fold_1/test/val__2023-01-17-07__2a449a99.npz,2023-01-05-18,1,85,70,100,I4,I4|M1|URXL|URXR|CEPDL,70,I4,0.25,0.1,0.01,1,1,1,1.0,1
atanas,1,deterministic,FUGW (G+A; official),test,2023-01-17-07,123,AVEL,/home/ubuntu/klb/nuclr/nuclr/Data/Atanas_SF_unified_000776/cv5_grouped_v1/fold_1/test/val__2023-01-17-07__2a449a99.npz,2023-01-05-18,1,85,46,0,AVAL,AVAL|AVEL|OLQVL|RMDL|SAAVL,0,AVAL,0.25,0.1,0.01,2,0,1,0.5,0
atanas,1,deterministic,FUGW (G+A; official),test,2023-01-17-07,125,URYVL,/home/ubuntu/klb/nuclr/nuclr/Data/Atanas_SF_unified_000776/cv5_grouped_v1/fold_1/test/val__2023-01-17-07__2a449a99.npz,2023-01-05-18,1,85,71,101,URYVL,URYVL|IL2L|IL1L|URAVL|NSML,37,IL1L,0.25,0.1,0.01,1,1,1,1.0,0
atanas,1,deterministic,FUGW (G+A; official),test,2023-01-17-07,126,URYVR,/home/ubuntu/klb/nuclr/nuclr/Data/Atanas_SF_unified_000776/cv5_grouped_v1/fold_1/test/val__2023-01-17-07__2a449a99.npz,2023-01-05-18,0,85,-1,35,M3R,M3R|OLQVR|NSMR|I2R|URBR,12,URBR,0.25,0.1,0.01,-1,0,0,0.0,0
atanas,1,deterministic,FUGW (G+A; official),test,2023-01-17-07,128,URBL,/home/ubuntu/klb/nuclr/nuclr/Data/Atanas_SF_unified_000776/cv5_grouped_v1/fold_1/test/val__2023-01-17-07__2a449a99.npz,2023-01-05-18,1,85,11,79,IL2L,IL2L|URBL|IL1L|URYVL|OLLL,11,URBL,0.25,0.1,0.01,2,0,1,0.5,1
atanas,1,deterministic,FUGW (G+A; official),test,2023-01-17-07,130,RMDDR,/home/ubuntu/klb/nuclr/nuclr/Data/Atanas_SF_unified_000776/cv5_grouped_v1/fold_1/test/val__2023-01-17-07__2a449a99.npz,2023-01-05-18,0,85,-1,117,RMEV,RMEV|AIBR|AVL|AVER|FLPR,28,RMER,0.25,0.1,0.01,-1,0,0,0.0,0
atanas,1,deterministic,FUGW (G+A; official),test,2023-01-17-07,131,AWBL,/home/ubuntu/klb/nuclr/nuclr/Data/Atanas_SF_unified_000776/cv5_grouped_v1/fold_1/test/val__2023-01-17-07__2a449a99.npz,2023-01-05-18,1,85,67,88,RMDVL,RMDVL|ASEL|AWBL|AVJL|AWCL,67,AWBL,0.25,0.1,0.01,3,0,1,0.3333333333333333,1
atanas,1,deterministic,FUGW (G+A; official),test,2023-01-17-07,132,RIML,/home/ubuntu/klb/nuclr/nuclr/Data/Atanas_SF_unified_000776/cv5_grouped_v1/fold_1/test/val__2023-01-17-07__2a449a99.npz,2023-01-05-18,0,85,-1,70,AVBL,AVBL|SAAVL|ASGL|AVAL|ASIL,49,AVBL,0.25,0.1,0.01,-1,0,0,0.0,0
atanas,1,deterministic,FUGW (G+A; official),test,2023-01-17-07,133,AWCL,/home/ubuntu/klb/nuclr/nuclr/Data/Atanas_SF_unified_000776/cv5_grouped_v1/fold_1/test/val__2023-01-17-07__2a449a99.npz,2023-01-05-18,1,85,54,75,AWCL,AWCL|RMDL|AIZL|AUAL|AVJL,4,RMDL,0.25,0.1,0.01,1,1,1,1.0,0
atanas,1,deterministic,FUGW (G+A; official),test,2023-01-17-07,134,I2L,/home/ubuntu/klb/nuclr/nuclr/Data/Atanas_SF_unified_000776/cv5_grouped_v1/fold_1/test/val__2023-01-17-07__2a449a99.npz,2023-01-05-18,1,85,45,66,I2L,I2L|I1L|NSML|MCL|URAVL,45,I2L,0.25,0.1,0.01,1,1,1,1.0,1
atanas,1,deterministic,FUGW (G+A; official),test,2023-01-17-07,135,M1,/home/ubuntu/klb/nuclr/nuclr/Data/Atanas_SF_unified_000776/cv5_grouped_v1/fold_1/test/val__2023-01-17-07__2a449a99.npz,2023-01-05-18,1,85,52,73,M1,M1|CEPDR|URXR|RIVR|I4,52,M1,0.25,0.1,0.01,1,1,1,1.0,1
atanas,1,deterministic,FUGW (G+A; official),test,2023-01-17-07,136,RID,/home/ubuntu/klb/nuclr/nuclr/Data/Atanas_SF_unified_000776/cv5_grouped_v1/fold_1/test/val__2023-01-17-07__2a449a99.npz,2023-01-05-18,1,85,66,91,RID,RID|ADLL|URXR|OLQDR|URXL,66,RID,0.25,0.1,0.01,1,1,1,1.0,1
atanas,1,deterministic,FUGW (G+A; official),test,2023-01-17-07,137,IL2DL,/home/ubuntu/klb/nuclr/nuclr/Data/Atanas_SF_unified_000776/cv5_grouped_v1/fold_1/test/val__2023-01-17-07__2a449a99.npz,2023-01-05-18,1,85,56,77,IL2DL,IL2DL|IL2L|URADL|OLLL|URBL,56,IL2DL,0.25,0.1,0.01,1,1,1,1.0,1
atanas,1,deterministic,FUGW (G+A; official),test,2023-01-17-07,139,AUAR,/home/ubuntu/klb/nuclr/nuclr/Data/Atanas_SF_unified_000776/cv5_grouped_v1/fold_1/test/val__2023-01-17-07__2a449a99.npz,2023-01-05-18,0,85,-1,119,FLPR,FLPR|ADER|AIBR|AVDR|ASER,35,ADER,0.25,0.1,0.01,-1,0,0,0.0,0
atanas,1,deterministic,FUGW (G+A; official),test,2023-01-17-07,142,SMDVL,/home/ubuntu/klb/nuclr/nuclr/Data/Atanas_SF_unified_000776/cv5_grouped_v1/fold_1/test/val__2023-01-17-07__2a449a99.npz,2023-01-05-18,1,85,64,87,SMDVL,SMDVL|RIVL|CEPDL|AWBL|RMDVL,64,SMDVL,0.25,0.1,0.01,1,1,1,1.0,1
atanas,1,deterministic,FUGW (G+A; official),test,2023-01-17-07,143,IL1VL,/home/ubuntu/klb/nuclr/nuclr/Data/Atanas_SF_unified_000776/cv5_grouped_v1/fold_1/test/val__2023-01-17-07__2a449a99.npz,2023-01-05-18,0,85,-1,3,URAVL,URAVL|IL2VL|M3L|CEPVL|MCL,9,M3L,0.25,0.1,0.01,-1,0,0,0.0,0
atanas,1,deterministic,FUGW (G+A; official),test,2023-01-17-14,0,SMDDL,/home/ubuntu/klb/nuclr/nuclr/Data/Atanas_SF_unified_000776/cv5_grouped_v1/fold_1/test/val__2023-01-17-14__de966b23.npz,2023-01-05-18,0,85,-1,113,RMDDL,RMDDL|FLPL|RICL|AIZL|FLPR,-1,,0.25,0.1,0.01,-1,0,0,0.0,0
atanas,1,deterministic,FUGW (G+A; official),test,2023-01-17-14,1,AVEL,/home/ubuntu/klb/nuclr/nuclr/Data/Atanas_SF_unified_000776/cv5_grouped_v1/fold_1/test/val__2023-01-17-14__de966b23.npz,2023-01-05-18,1,85,46,32,AVL,AVL|RICL|I6|AIZL|FLPL,-1,,0.25,0.1,0.01,9,0,0,0.1111111111111111,0
atanas,1,deterministic,FUGW (G+A; official),test,2023-01-17-14,3,RIVL,/home/ubuntu/klb/nuclr/nuclr/Data/Atanas_SF_unified_000776/cv5_grouped_v1/fold_1/test/val__2023-01-17-14__de966b23.npz,2023-01-05-18,1,85,17,25,RIVL,RIVL|I6|ASIL|ASGL|AWAL,64,SMDVL,0.25,0.1,0.01,1,1,1,1.0,0
atanas,1,deterministic,FUGW (G+A; official),test,2023-01-17-14,5,I2R,/home/ubuntu/klb/nuclr/nuclr/Data/Atanas_SF_unified_000776/cv5_grouped_v1/fold_1/test/val__2023-01-17-14__de966b23.npz,2023-01-05-18,1,85,53,27,IL2VR,IL2VR|I2R|I1R|NSMR|IL2R,81,OLQVR,0.25,0.1,0.01,2,0,1,0.5,0
atanas,1,deterministic,FUGW (G+A; official),test,2023-01-17-14,6,AUAL,/home/ubuntu/klb/nuclr/nuclr/Data/Atanas_SF_unified_000776/cv5_grouped_v1/fold_1/test/val__2023-01-17-14__de966b23.npz,2023-01-05-18,1,85,68,18,FLPL,FLPL|AIZL|RICL|AVJL|RMDDL,4,RMDL,0.25,0.1,0.01,6,0,0,0.16666666666666666,0
atanas,1,deterministic,FUGW (G+A; official),test,2023-01-17-14,7,ADER,/home/ubuntu/klb/nuclr/nuclr/Data/Atanas_SF_unified_000776/cv5_grouped_v1/fold_1/test/val__2023-01-17-14__de966b23.npz,2023-01-05-18,1,85,35,52,ADER,ADER|FLPR|AVDR|AINR|AIZR,2,AVDR,0.25,0.1,0.01,1,1,1,1.0,0
atanas,1,deterministic,FUGW (G+A; official),test,2023-01-17-14,8,URXR,/home/ubuntu/klb/nuclr/nuclr/Data/Atanas_SF_unified_000776/cv5_grouped_v1/fold_1/test/val__2023-01-17-14__de966b23.npz,2023-01-05-18,1,85,63,30,AIZR,AIZR|AVJR|AVDR|CEPDR|AINR,63,URXR,0.25,0.1,0.01,14,0,0,0.07142857142857142,1
atanas,1,deterministic,FUGW (G+A; official),test,2023-01-17-14,10,AWCR,/home/ubuntu/klb/nuclr/nuclr/Data/Atanas_SF_unified_000776/cv5_grouped_v1/fold_1/test/val__2023-01-17-14__de966b23.npz,2023-01-05-18,0,85,-1,4,AVDR,AVDR|FLPR|ADER|AINR|AIZR,84,RMDVR,0.25,0.1,0.01,-1,0,0,0.0,0
atanas,1,deterministic,FUGW (G+A; official),test,2023-01-17-14,11,ASGL,/home/ubuntu/klb/nuclr/nuclr/Data/Atanas_SF_unified_000776/cv5_grouped_v1/fold_1/test/val__2023-01-17-14__de966b23.npz,2023-01-05-18,1,85,61,103,SAAVL,SAAVL|AVAL|ADLL|RID|ASIL,10,AWAL,0.25,0.1,0.01,6,0,0,0.16666666666666666,0
atanas,1,deterministic,FUGW (G+A; official),test,2023-01-17-14,12,I1L,/home/ubuntu/klb/nuclr/nuclr/Data/Atanas_SF_unified_000776/cv5_grouped_v1/fold_1/test/val__2023-01-17-14__de966b23.npz,2023-01-05-18,1,85,14,20,I1L,I1L|I2L|I1R|NSML|IL2VR,14,I1L,0.25,0.1,0.01,1,1,1,1.0,1
atanas,1,deterministic,FUGW (G+A; official),test,2023-01-17-14,15,IL1VL,/home/ubuntu/klb/nuclr/nuclr/Data/Atanas_SF_unified_000776/cv5_grouped_v1/fold_1/test/val__2023-01-17-14__de966b23.npz,2023-01-05-18,0,85,-1,20,I1L,I1L|NSML|I2L|IL2VR|I1R,33,IL2VL,0.25,0.1,0.01,-1,0,0,0.0,0
atanas,1,deterministic,FUGW (G+A; official),test,2023-01-17-14,16,OLQDR,/home/ubuntu/klb/nuclr/nuclr/Data/Atanas_SF_unified_000776/cv5_grouped_v1/fold_1/test/val__2023-01-17-14__de966b23.npz,2023-01-05-18,1,85,43,60,IL2R,IL2R|AINR|AWBR|AIZR|RMDVR,-1,,0.25,0.1,0.01,24,0,0,0.041666666666666664,0
atanas,1,deterministic,FUGW (G+A; official),test,2023-01-17-14,17,AIBL,/home/ubuntu/klb/nuclr/nuclr/Data/Atanas_SF_unified_000776/cv5_grouped_v1/fold_1/test/val__2023-01-17-14__de966b23.npz,2023-01-05-18,0,85,-1,32,AVL,AVL|ASGL|RICL|ASIL|AVAL,-1,,0.25,0.1,0.01,-1,0,0,0.0,0
atanas,1,deterministic,FUGW (G+A; official),test,2023-01-17-14,19,M3L,/home/ubuntu/klb/nuclr/nuclr/Data/Atanas_SF_unified_000776/cv5_grouped_v1/fold_1/test/val__2023-01-17-14__de966b23.npz,2023-01-05-18,1,85,9,20,I1L,I1L|NSML|I2L|I1R|IL2VR,9,M3L,0.25,0.1,0.01,6,0,0,0.16666666666666666,1
atanas,1,deterministic,FUGW (G+A; official),test,2023-01-17-14,20,AVJR,/home/ubuntu/klb/nuclr/nuclr/Data/Atanas_SF_unified_000776/cv5_grouped_v1/fold_1/test/val__2023-01-17-14__de966b23.npz,2023-01-05-18,1,85,30,4,AVDR,AVDR|ADER|FLPR|AINR|AIZR,27,AINR,0.25,0.1,0.01,6,0,0,0.16666666666666666,0
atanas,1,deterministic,FUGW (G+A; official),test,2023-01-17-14,21,ASIL,/home/ubuntu/klb/nuclr/nuclr/Data/Atanas_SF_unified_000776/cv5_grouped_v1/fold_1/test/val__2023-01-17-14__de966b23.npz,2023-01-05-18,1,85,76,21,ADLL,ADLL|SAAVL|AVAL|RID|ASIL,76,ASIL,0.25,0.1,0.01,5,0,1,0.2,1
atanas,1,deterministic,FUGW (G+A; official),test,2023-01-17-14,22,SMDVL,/home/ubuntu/klb/nuclr/nuclr/Data/Atanas_SF_unified_000776/cv5_grouped_v1/fold_1/test/val__2023-01-17-14__de966b23.npz,2023-01-05-18,1,85,64,98,I6,I6|AVJL|ASEL|FLPL|AVHL,-1,,0.25,0.1,0.01,11,0,0,0.09090909090909091,0
atanas,1,deterministic,FUGW (G+A; official),test,2023-01-17-14,25,VB02,/home/ubuntu/klb/nuclr/nuclr/Data/Atanas_SF_unified_000776/cv5_grouped_v1/fold_1/test/val__2023-01-17-14__de966b23.npz,2023-01-05-18,0,85,-1,52,ADER,ADER|FLPR|AVDR|RMDDL|FLPL,55,AIBR,0.25,0.1,0.01,-1,0,0,0.0,0
atanas,1,deterministic,FUGW (G+A; official),test,2023-01-17-14,26,ASHL,/home/ubuntu/klb/nuclr/nuclr/Data/Atanas_SF_unified_000776/cv5_grouped_v1/fold_1/test/val__2023-01-17-14__de966b23.npz,2023-01-05-18,0,85,-1,103,SAAVL,SAAVL|AVAL|ADLL|ASER|RID,61,ASGL,0.25,0.1,0.01,-1,0,0,0.0,0
atanas,1,deterministic,FUGW (G+A; official),test,2023-01-17-14,32,RIML,/home/ubuntu/klb/nuclr/nuclr/Data/Atanas_SF_unified_000776/cv5_grouped_v1/fold_1/test/val__2023-01-17-14__de966b23.npz,2023-01-05-18,0,85,-1,32,AVL,AVL|AVAL|ASGL|SAAVL|ASIL,17,RIVL,0.25,0.1,0.01,-1,0,0,0.0,0
atanas,1,deterministic,FUGW (G+A; official),test,2023-01-17-14,33,CEPVR,/home/ubuntu/klb/nuclr/nuclr/Data/Atanas_SF_unified_000776/cv5_grouped_v1/fold_1/test/val__2023-01-17-14__de966b23.npz,2023-01-05-18,0,85,-1,27,IL2VR,IL2VR|I2R|NSMR|AVDR|M3R,6,CEPVL,0.25,0.1,0.01,-1,0,0,0.0,0
atanas,1,deterministic,FUGW (G+A; official),test,2023-01-17-14,34,CEPDL,/home/ubuntu/klb/nuclr/nuclr/Data/Atanas_SF_unified_000776/cv5_grouped_v1/fold_1/test/val__2023-01-17-14__de966b23.npz,2023-01-05-18,1,85,26,37,CEPDL,CEPDL|FLPL|AVJL|URXL|CEPDR,-1,,0.25,0.1,0.01,1,1,1,1.0,0
atanas,1,deterministic,FUGW (G+A; official),test,2023-01-17-14,35,MI,/home/ubuntu/klb/nuclr/nuclr/Data/Atanas_SF_unified_000776/cv5_grouped_v1/fold_1/test/val__2023-01-17-14__de966b23.npz,2023-01-05-18,1,85,50,60,IL2R,IL2R|IL2VR|I2R|I1R|NSMR,7,M4,0.25,0.1,0.01,16,0,0,0.0625,0
atanas,1,deterministic,FUGW (G+A; official),test,2023-01-17-14,36,URYVL,/home/ubuntu/klb/nuclr/nuclr/Data/Atanas_SF_unified_000776/cv5_grouped_v1/fold_1/test/val__2023-01-17-14__de966b23.npz,2023-01-05-18,1,85,71,104,NSML,NSML|I2L|I1L|M3L|URAVL,29,OLLL,0.25,0.1,0.01,12,0,0,0.08333333333333333,0
atanas,1,deterministic,FUGW (G+A; official),test,2023-01-17-14,37,AINL,/home/ubuntu/klb/nuclr/nuclr/Data/Atanas_SF_unified_000776/cv5_grouped_v1/fold_1/test/val__2023-01-17-14__de966b23.npz,2023-01-05-18,0,85,-1,18,FLPL,FLPL|AIZL|I6|AVJL|RICL,69,I6,0.25,0.1,0.01,-1,0,0,0.0,0
atanas,1,deterministic,FUGW (G+A; official),test,2023-01-17-14,38,AIBR,/home/ubuntu/klb/nuclr/nuclr/Data/Atanas_SF_unified_000776/cv5_grouped_v1/fold_1/test/val__2023-01-17-14__de966b23.npz,2023-01-05-18,1,85,55,4,AVDR,AVDR|FLPR|ADER|AINR|AIZR,43,OLQDR,0.25,0.1,0.01,8,0,0,0.125,0
atanas,1,deterministic,FUGW (G+A; official),test,2023-01-17-14,39,RICL,/home/ubuntu/klb/nuclr/nuclr/Data/Atanas_SF_unified_000776/cv5_grouped_v1/fold_1/test/val__2023-01-17-14__de966b23.npz,2023-01-05-18,1,85,58,18,FLPL,FLPL|RICL|AIZL|RMDDL|I6,77,AVHL,0.25,0.1,0.01,2,0,1,0.5,0
atanas,1,deterministic,FUGW (G+A; official),test,2023-01-17-14,40,RIVR,/home/ubuntu/klb/nuclr/nuclr/Data/Atanas_SF_unified_000776/cv5_grouped_v1/fold_1/test/val__2023-01-17-14__de966b23.npz,2023-01-05-18,1,85,80,106,ASER,ASER|ADLR|RIVR|AVAR|AINR,80,RIVR,0.25,0.1,0.01,3,0,1,0.3333333333333333,1
atanas,1,deterministic,FUGW (G+A; official),test,2023-01-17-14,41,NSMR,/home/ubuntu/klb/nuclr/nuclr/Data/Atanas_SF_unified_000776/cv5_grouped_v1/fold_1/test/val__2023-01-17-14__de966b23.npz,2023-01-05-18,1,85,8,27,IL2VR,IL2VR|I2R|I1R|NSMR|M3R,53,I2R,0.25,0.1,0.01,4,0,1,0.25,0
atanas,1,deterministic,FUGW (G+A; official),test,2023-01-17-14,42,OLQVL,/home/ubuntu/klb/nuclr/nuclr/Data/Atanas_SF_unified_000776/cv5_grouped_v1/fold_1/test/val__2023-01-17-14__de966b23.npz,2023-01-05-18,1,85,5,0,AVAL,AVAL|SAAVL|AVL|ASGL|ADLL,5,OLQVL,0.25,0.1,0.01,9,0,0,0.1111111111111111,1
atanas,1,deterministic,FUGW (G+A; official),test,2023-01-17-14,45,IL2DL,/home/ubuntu/klb/nuclr/nuclr/Data/Atanas_SF_unified_000776/cv5_grouped_v1/fold_1/test/val__2023-01-17-14__de966b23.npz,2023-01-05-18,1,85,56,77,IL2DL,IL2DL|I1L|I3|URADL|IL2DR,48,URADL,0.25,0.1,0.01,1,1,1,1.0,0
atanas,1,deterministic,FUGW (G+A; official),test,2023-01-17-14,46,IL2R,/home/ubuntu/klb/nuclr/nuclr/Data/Atanas_SF_unified_000776/cv5_grouped_v1/fold_1/test/val__2023-01-17-14__de966b23.npz,2023-01-05-18,1,85,40,27,IL2VR,IL2VR|I2R|NSMR|RMDVR|AVDR,3,IL2DR,0.25,0.1,0.01,13,0,0,0.07692307692307693,0
atanas,1,deterministic,FUGW (G+A; official),test,2023-01-17-14,47,AIAR,/home/ubuntu/klb/nuclr/nuclr/Data/Atanas_SF_unified_000776/cv5_grouped_v1/fold_1/test/val__2023-01-17-14__de966b23.npz,2023-01-05-18,0,85,-1,119,FLPR,FLPR|ADER|AVDR|RMDDL|AIZR,79,RMDDL,0.25,0.1,0.01,-1,0,0,0.0,0
atanas,1,deterministic,FUGW (G+A; official),test,2023-01-17-14,48,AIML,/home/ubuntu/klb/nuclr/nuclr/Data/Atanas_SF_unified_000776/cv5_grouped_v1/fold_1/test/val__2023-01-17-14__de966b23.npz,2023-01-05-18,0,85,-1,52,ADER,ADER|FLPR|RMDDL|FLPL|AVL,70,I4,0.25,0.1,0.01,-1,0,0,0.0,0
atanas,1,deterministic,FUGW (G+A; official),test,2023-01-17-14,49,AIAL,/home/ubuntu/klb/nuclr/nuclr/Data/Atanas_SF_unified_000776/cv5_grouped_v1/fold_1/test/val__2023-01-17-14__de966b23.npz,2023-01-05-18,0,85,-1,119,FLPR,FLPR|ADER|RMDDL|FLPL|AVDR,-1,,0.25,0.1,0.01,-1,0,0,0.0,0
atanas,1,deterministic,FUGW (G+A; official),test,2023-01-17-14,51,SAAVL,/home/ubuntu/klb/nuclr/nuclr/Data/Atanas_SF_unified_000776/cv5_grouped_v1/fold_1/test/val__2023-01-17-14__de966b23.npz,2023-01-05-18,1,85,72,98,I6,I6|RIVL|M1|AVHL|I4,39,OLQDL,0.25,0.1,0.01,50,0,0,0.02,0
atanas,1,deterministic,FUGW (G+A; official),test,2023-01-17-14,52,IL1L,/home/ubuntu/klb/nuclr/nuclr/Data/Atanas_SF_unified_000776/cv5_grouped_v1/fold_1/test/val__2023-01-17-14__de966b23.npz,2023-01-05-18,1,85,37,66,I2L,I2L|NSML|I1L|URAVL|MCL,-1,,0.25,0.1,0.01,14,0,0,0.07142857142857142,0
atanas,1,deterministic,FUGW (G+A; official),test,2023-01-17-14,53,URXL,/home/ubuntu/klb/nuclr/nuclr/Data/Atanas_SF_unified_000776/cv5_grouped_v1/fold_1/test/val__2023-01-17-14__de966b23.npz,2023-01-05-18,1,85,38,37,CEPDL,CEPDL|CEPDR|M1|URXL|FLPL,38,URXL,0.25,0.1,0.01,4,0,1,0.25,1
atanas,1,deterministic,FUGW (G+A; official),test,2023-01-17-14,54,IL1VR,/home/ubuntu/klb/nuclr/nuclr/Data/Atanas_SF_unified_000776/cv5_grouped_v1/fold_1/test/val__2023-01-17-14__de966b23.npz,2023-01-05-18,0,85,-1,27,IL2VR,IL2VR|I2R|I1R|NSMR|M3R,1,URAVL,0.25,0.1,0.01,-1,0,0,0.0,0
atanas,1,deterministic,FUGW (G+A; official),test,2023-01-17-14,57,URBL,/home/ubuntu/klb/nuclr/nuclr/Data/Atanas_SF_unified_000776/cv5_grouped_v1/fold_1/test/val__2023-01-17-14__de966b23.npz,2023-01-05-18,1,85,11,66,I2L,I2L|NSML|I1L|M3L|URAVL,32,URYDL,0.25,0.1,0.01,18,0,0,0.05555555555555555,0
atanas,1,deterministic,FUGW (G+A; official),test,2023-01-17-14,59,RMDDR,/home/ubuntu/klb/nuclr/nuclr/Data/Atanas_SF_unified_000776/cv5_grouped_v1/fold_1/test/val__2023-01-17-14__de966b23.npz,2023-01-05-18,0,85,-1,119,FLPR,FLPR|ADER|AVDR|AIZR|AVJR,-1,,0.25,0.1,0.01,-1,0,0,0.0,0
atanas,1,deterministic,FUGW (G+A; official),test,2023-01-17-14,60,AWBR,/home/ubuntu/klb/nuclr/nuclr/Data/Atanas_SF_unified_000776/cv5_grouped_v1/fold_1/test/val__2023-01-17-14__de966b23.npz,2023-01-05-18,1,85,74,4,AVDR,AVDR|AINR|AIZR|ADER|FLPR,60,RIAR,0.25,0.1,0.01,8,0,0,0.125,0
atanas,1,deterministic,FUGW (G+A; official),test,2023-01-17-14,61,OLQDL,/home/ubuntu/klb/nuclr/nuclr/Data/Atanas_SF_unified_000776/cv5_grouped_v1/fold_1/test/val__2023-01-17-14__de966b23.npz,2023-01-05-18,1,85,39,85,ADLR,ADLR|RIVR|M4|AVAR|IL2R,-1,,0.25,0.1,0.01,26,0,0,0.038461538461538464,0
atanas,1,deterministic,FUGW (G+A; official),test,2023-01-17-14,62,AVJL,/home/ubuntu/klb/nuclr/nuclr/Data/Atanas_SF_unified_000776/cv5_grouped_v1/fold_1/test/val__2023-01-17-14__de966b23.npz,2023-01-05-18,1,85,44,18,FLPL,FLPL|AVJL|AIZL|RICL|I6,65,RMDVL,0.25,0.1,0.01,2,0,1,0.5,0
atanas,1,deterministic,FUGW (G+A; official),test,2023-01-17-14,64,FLPL,/home/ubuntu/klb/nuclr/nuclr/Data/Atanas_SF_unified_000776/cv5_grouped_v1/fold_1/test/val__2023-01-17-14__de966b23.npz,2023-01-05-18,1,85,13,18,FLPL,FLPL|RICL|AIZL|RMDDL|AVJL,44,AVJL,0.25,0.1,0.01,1,1,1,1.0,0
atanas,1,deterministic,FUGW (G+A; official),test,2023-01-17-14,65,URBR,/home/ubuntu/klb/nuclr/nuclr/Data/Atanas_SF_unified_000776/cv5_grouped_v1/fold_1/test/val__2023-01-17-14__de966b23.npz,2023-01-05-18,1,85,12,4,AVDR,AVDR|IL2VR|RMDVR|I2R|NSMR,22,URADR,0.25,0.1,0.01,9,0,0,0.1111111111111111,0
atanas,1,deterministic,FUGW (G+A; official),test,2023-01-17-14,67,URAVL,/home/ubuntu/klb/nuclr/nuclr/Data/Atanas_SF_unified_000776/cv5_grouped_v1/fold_1/test/val__2023-01-17-14__de966b23.npz,2023-01-05-18,1,85,1,20,I1L,I1L|I2L|NSML|IL2VR|I1R,45,I2L,0.25,0.1,0.01,6,0,0,0.16666666666666666,0
atanas,1,deterministic,FUGW (G+A; official),test,2023-01-17-14,68,IL1DL,/home/ubuntu/klb/nuclr/nuclr/Data/Atanas_SF_unified_000776/cv5_grouped_v1/fold_1/test/val__2023-01-17-14__de966b23.npz,2023-01-05-18,1,85,51,5,IL2DR,IL2DR|I1R|M3R|NSMR|I3,-1,,0.25,0.1,0.01,26,0,0,0.038461538461538464,0
atanas,1,deterministic,FUGW (G+A; official),test,2023-01-17-14,69,URYVR,/home/ubuntu/klb/nuclr/nuclr/Data/Atanas_SF_unified_000776/cv5_grouped_v1/fold_1/test/val__2023-01-17-14__de966b23.npz,2023-01-05-18,0,85,-1,27,IL2VR,IL2VR|I2R|NSMR|I1R|M3R,8,NSMR,0.25,0.1,0.01,-1,0,0,0.0,0
atanas,1,deterministic,FUGW (G+A; official),test,2023-01-17-14,70,AVER,/home/ubuntu/klb/nuclr/nuclr/Data/Atanas_SF_unified_000776/cv5_grouped_v1/fold_1/test/val__2023-01-17-14__de966b23.npz,2023-01-05-18,1,85,41,4,AVDR,AVDR|FLPR|ADER|AINR|AIZR,-1,,0.25,0.1,0.01,23,0,0,0.043478260869565216,0
atanas,1,deterministic,FUGW (G+A; official),test,2023-01-17-14,71,RMER,/home/ubuntu/klb/nuclr/nuclr/Data/Atanas_SF_unified_000776/cv5_grouped_v1/fold_1/test/val__2023-01-17-14__de966b23.npz,2023-01-05-18,1,85,28,4,AVDR,AVDR|RMDVR|AIZR|FLPR|AINR,28,RMER,0.25,0.1,0.01,12,0,0,0.08333333333333333,1
atanas,1,deterministic,FUGW (G+A; official),test,2023-01-17-14,72,URADR,/home/ubuntu/klb/nuclr/nuclr/Data/Atanas_SF_unified_000776/cv5_grouped_v1/fold_1/test/val__2023-01-17-14__de966b23.npz,2023-01-05-18,1,85,22,121,RMDVR,RMDVR|I2R|NSMR|URBR|M3R,42,IL1DR,0.25,0.1,0.01,14,0,0,0.07142857142857142,0
atanas,1,deterministic,FUGW (G+A; official),test,2023-01-17-14,74,ADLL,/home/ubuntu/klb/nuclr/nuclr/Data/Atanas_SF_unified_000776/cv5_grouped_v1/fold_1/test/val__2023-01-17-14__de966b23.npz,2023-01-05-18,1,85,15,21,ADLL,ADLL|ASIL|ASGL|RID|RIVL,-1,,0.25,0.1,0.01,1,1,1,1.0,0
atanas,1,deterministic,FUGW (G+A; official),test,2023-01-17-14,75,RID,/home/ubuntu/klb/nuclr/nuclr/Data/Atanas_SF_unified_000776/cv5_grouped_v1/fold_1/test/val__2023-01-17-14__de966b23.npz,2023-01-05-18,1,85,66,106,ASER,ASER|RID|ADLL|SAAVL|AVAL,66,RID,0.25,0.1,0.01,2,0,1,0.5,1
atanas,1,deterministic,FUGW (G+A; official),test,2023-01-17-14,77,OLLL,/home/ubuntu/klb/nuclr/nuclr/Data/Atanas_SF_unified_000776/cv5_grouped_v1/fold_1/test/val__2023-01-17-14__de966b23.npz,2023-01-05-18,1,85,29,66,I2L,I2L|NSML|I1L|URAVL|MCL,-1,,0.25,0.1,0.01,11,0,0,0.09090909090909091,0
atanas,1,deterministic,FUGW (G+A; official),test,2023-01-17-14,79,RMFL,/home/ubuntu/klb/nuclr/nuclr/Data/Atanas_SF_unified_000776/cv5_grouped_v1/fold_1/test/val__2023-01-17-14__de966b23.npz,2023-01-05-18,0,85,-1,32,AVL,AVL|ASER|AVAR|AVER|AVAL,41,AVER,0.25,0.1,0.01,-1,0,0,0.0,0
atanas,1,deterministic,FUGW (G+A; official),test,2023-01-17-14,80,AIZR,/home/ubuntu/klb/nuclr/nuclr/Data/Atanas_SF_unified_000776/cv5_grouped_v1/fold_1/test/val__2023-01-17-14__de966b23.npz,2023-01-05-18,1,85,21,52,ADER,ADER|FLPR|AVDR|AINR|AIZR,21,AIZR,0.25,0.1,0.01,5,0,1,0.2,1
atanas,1,deterministic,FUGW (G+A; official),test,2023-01-17-14,82,RMDVL,/home/ubuntu/klb/nuclr/nuclr/Data/Atanas_SF_unified_000776/cv5_grouped_v1/fold_1/test/val__2023-01-17-14__de966b23.npz,2023-01-05-18,1,85,65,64,AVJL,AVJL|FLPL|AIZL|AWCL|AUAL,-1,,0.25,0.1,0.01,6,0,0,0.16666666666666666,0
atanas,1,deterministic,FUGW (G+A; official),test,2023-01-17-14,83,M5,/home/ubuntu/klb/nuclr/nuclr/Data/Atanas_SF_unified_000776/cv5_grouped_v1/fold_1/test/val__2023-01-17-14__de966b23.npz,2023-01-05-18,0,85,-1,18,FLPL,FLPL|AVJL|AIZL|I6|RICL,26,CEPDL,0.25,0.1,0.01,-1,0,0,0.0,0
atanas,1,deterministic,FUGW (G+A; official),test,2023-01-17-14,85,AVAL,/home/ubuntu/klb/nuclr/nuclr/Data/Atanas_SF_unified_000776/cv5_grouped_v1/fold_1/test/val__2023-01-17-14__de966b23.npz,2023-01-05-18,1,85,0,0,AVAL,AVAL|ASGL|AVL|ASIL|SAAVL,57,IL2L,0.25,0.1,0.01,1,1,1,1.0,0
atanas,1,deterministic,FUGW (G+A; official),test,2023-01-17-14,86,ASKR,/home/ubuntu/klb/nuclr/nuclr/Data/Atanas_SF_unified_000776/cv5_grouped_v1/fold_1/test/val__2023-01-17-14__de966b23.npz,2023-01-05-18,0,85,-1,38,AINR,AINR|AVDR|ASER|AIZR|ADER,-1,,0.25,0.1,0.01,-1,0,0,0.0,0
atanas,1,deterministic,FUGW (G+A; official),test,2023-01-17-14,87,RMDDL,/home/ubuntu/klb/nuclr/nuclr/Data/Atanas_SF_unified_000776/cv5_grouped_v1/fold_1/test/val__2023-01-17-14__de966b23.npz,2023-01-05-18,1,85,79,113,RMDDL,RMDDL|FLPL|RICL|AIZL|AUAL,68,AUAL,0.25,0.1,0.01,1,1,1,1.0,0
atanas,1,deterministic,FUGW (G+A; official),test,2023-01-17-14,90,BAGL,/home/ubuntu/klb/nuclr/nuclr/Data/Atanas_SF_unified_000776/cv5_grouped_v1/fold_1/test/val__2023-01-17-14__de966b23.npz,2023-01-05-18,0,85,-1,70,AVBL,AVBL|ASER|SAAVL|ADLL|RID,49,AVBL,0.25,0.1,0.01,-1,0,0,0.0,0
atanas,1,deterministic,FUGW (G+A; official),test,2023-01-17-14,91,OLLR,/home/ubuntu/klb/nuclr/nuclr/Data/Atanas_SF_unified_000776/cv5_grouped_v1/fold_1/test/val__2023-01-17-14__de966b23.npz,2023-01-05-18,1,85,31,74,I2R,I2R|IL2VR|RMDVR|NSMR|AVDR,47,URYDR,0.25,0.1,0.01,16,0,0,0.0625,0
atanas,1,deterministic,FUGW (G+A; official),test,2023-01-17-14,92,AIZL,/home/ubuntu/klb/nuclr/nuclr/Data/Atanas_SF_unified_000776/cv5_grouped_v1/fold_1/test/val__2023-01-17-14__de966b23.npz,2023-01-05-18,1,85,78,18,FLPL,FLPL|RICL|AIZL|RMDDL|AVJL,34,ASEL,0.25,0.1,0.01,3,0,1,0.3333333333333333,0
atanas,1,deterministic,FUGW (G+A; official),test,2023-01-17-14,93,URADL,/home/ubuntu/klb/nuclr/nuclr/Data/Atanas_SF_unified_000776/cv5_grouped_v1/fold_1/test/val__2023-01-17-14__de966b23.npz,2023-01-05-18,1,85,48,77,IL2DL,IL2DL|IL2DR|I3|I1L|URADL,51,IL1DL,0.25,0.1,0.01,5,0,1,0.2,0
atanas,1,deterministic,FUGW (G+A; official),test,2023-01-17-14,95,I2L,/home/ubuntu/klb/nuclr/nuclr/Data/Atanas_SF_unified_000776/cv5_grouped_v1/fold_1/test/val__2023-01-17-14__de966b23.npz,2023-01-05-18,1,85,45,66,I2L,I2L|I1L|NSML|URAVL|MCL,37,IL1L,0.25,0.1,0.01,1,1,1,1.0,0
atanas,1,deterministic,FUGW (G+A; official),test,2023-01-17-14,96,ASKL,/home/ubuntu/klb/nuclr/nuclr/Data/Atanas_SF_unified_000776/cv5_grouped_v1/fold_1/test/val__2023-01-17-14__de966b23.npz,2023-01-05-18,0,85,-1,70,AVBL,AVBL|ASER|SAAVL|ADLL|RID,75,ASER,0.25,0.1,0.01,-1,0,0,0.0,0
atanas,1,deterministic,FUGW (G+A; official),test,2023-01-17-14,97,URYDL,/home/ubuntu/klb/nuclr/nuclr/Data/Atanas_SF_unified_000776/cv5_grouped_v1/fold_1/test/val__2023-01-17-14__de966b23.npz,2023-01-05-18,1,85,32,77,IL2DL,IL2DL|I1L|NSML|I3|URADL,-1,,0.25,0.1,0.01,13,0,0,0.07692307692307693,0
atanas,1,deterministic,FUGW (G+A; official),test,2023-01-17-14,98,IL2VR,/home/ubuntu/klb/nuclr/nuclr/Data/Atanas_SF_unified_000776/cv5_grouped_v1/fold_1/test/val__2023-01-17-14__de966b23.npz,2023-01-05-18,1,85,19,27,IL2VR,IL2VR|I2R|NSMR|I1R|M3R,24,M3R,0.25,0.1,0.01,1,1,1,1.0,0
atanas,1,deterministic,FUGW (G+A; official),test,2023-01-17-14,99,ADEL,/home/ubuntu/klb/nuclr/nuclr/Data/Atanas_SF_unified_000776/cv5_grouped_v1/fold_1/test/val__2023-01-17-14__de966b23.npz,2023-01-05-18,0,85,-1,18,FLPL,FLPL|RICL|AIZL|RMDDL|AVJL,78,AIZL,0.25,0.1,0.01,-1,0,0,0.0,0
atanas,1,deterministic,FUGW (G+A; official),test,2023-01-17-14,101,RMEL,/home/ubuntu/klb/nuclr/nuclr/Data/Atanas_SF_unified_000776/cv5_grouped_v1/fold_1/test/val__2023-01-17-14__de966b23.npz,2023-01-05-18,0,85,-1,104,NSML,NSML|M3L|IL2DL|I1L|RMDVL,-1,,0.25,0.1,0.01,-1,0,0,0.0,0
atanas,1,deterministic,FUGW (G+A; official),test,2023-01-17-14,102,IL2L,/home/ubuntu/klb/nuclr/nuclr/Data/Atanas_SF_unified_000776/cv5_grouped_v1/fold_1/test/val__2023-01-17-14__de966b23.npz,2023-01-05-18,1,85,57,66,I2L,I2L|I1L|NSML|IL2DL|M3L,11,URBL,0.25,0.1,0.01,24,0,0,0.041666666666666664,0
atanas,1,deterministic,FUGW (G+A; official),test,2023-01-17-14,103,CEPDR,/home/ubuntu/klb/nuclr/nuclr/Data/Atanas_SF_unified_000776/cv5_grouped_v1/fold_1/test/val__2023-01-17-14__de966b23.npz,2023-01-05-18,1,85,36,38,AINR,AINR|AIZR|AVDR|AVJR|CEPDR,36,CEPDR,0.25,0.1,0.01,5,0,1,0.2,1
atanas,1,deterministic,FUGW (G+A; official),test,2023-01-17-14,104,AVHL,/home/ubuntu/klb/nuclr/nuclr/Data/Atanas_SF_unified_000776/cv5_grouped_v1/fold_1/test/val__2023-01-17-14__de966b23.npz,2023-01-05-18,1,85,77,98,I6,I6|FLPL|AVJL|AIZL|RICL,-1,,0.25,0.1,0.01,6,0,0,0.16666666666666666,0
atanas,1,deterministic,FUGW (G+A; official),test,2023-01-17-14,105,IL2VL,/home/ubuntu/klb/nuclr/nuclr/Data/Atanas_SF_unified_000776/cv5_grouped_v1/fold_1/test/val__2023-01-17-14__de966b23.npz,2023-01-05-18,1,85,33,27,IL2VR,IL2VR|I1L|I1R|I2L|NSML,73,NSML,0.25,0.1,0.01,11,0,0,0.09090909090909091,0
atanas,1,deterministic,FUGW (G+A; official),test,2023-01-17-14,106,RMDVR,/home/ubuntu/klb/nuclr/nuclr/Data/Atanas_SF_unified_000776/cv5_grouped_v1/fold_1/test/val__2023-01-17-14__de966b23.npz,2023-01-05-18,1,85,84,4,AVDR,AVDR|AINR|FLPR|AIZR|ADER,31,OLLR,0.25,0.1,0.01,7,0,0,0.14285714285714285,0
atanas,1,deterministic,FUGW (G+A; official),test,2023-01-17-14,108,RMDL,/home/ubuntu/klb/nuclr/nuclr/Data/Atanas_SF_unified_000776/cv5_grouped_v1/fold_1/test/val__2023-01-17-14__de966b23.npz,2023-01-05-18,1,85,4,80,RICL,RICL|AIZL|RMDDL|FLPL|AVL,-1,,0.25,0.1,0.01,6,0,0,0.16666666666666666,0
atanas,1,deterministic,FUGW (G+A; official),test,2023-01-17-14,109,I3,/home/ubuntu/klb/nuclr/nuclr/Data/Atanas_SF_unified_000776/cv5_grouped_v1/fold_1/test/val__2023-01-17-14__de966b23.npz,2023-01-05-18,1,85,18,82,I1R,I1R|IL2VR|I2R|NSMR|M3R,50,MI,0.25,0.1,0.01,12,0,0,0.08333333333333333,0
atanas,1,deterministic,FUGW (G+A; official),test,2023-01-17-14,110,RIAL,/home/ubuntu/klb/nuclr/nuclr/Data/Atanas_SF_unified_000776/cv5_grouped_v1/fold_1/test/val__2023-01-17-14__de966b23.npz,2023-01-05-18,1,85,16,18,FLPL,FLPL|AVJL|AIZL|I6|RICL,-1,,0.25,0.1,0.01,13,0,0,0.07692307692307693,0
atanas,1,deterministic,FUGW (G+A; official),test,2023-01-17-14,111,AVDL,/home/ubuntu/klb/nuclr/nuclr/Data/Atanas_SF_unified_000776/cv5_grouped_v1/fold_1/test/val__2023-01-17-14__de966b23.npz,2023-01-05-18,0,85,-1,18,FLPL,FLPL|AIZL|AVJL|RICL|AWCL,54,AWCL,0.25,0.1,0.01,-1,0,0,0.0,0
atanas,1,deterministic,FUGW (G+A; official),test,2023-01-17-14,112,FLPR,/home/ubuntu/klb/nuclr/nuclr/Data/Atanas_SF_unified_000776/cv5_grouped_v1/fold_1/test/val__2023-01-17-14__de966b23.npz,2023-01-05-18,1,85,83,52,ADER,ADER|FLPR|AVDR|AINR|AIZR,35,ADER,0.25,0.1,0.01,2,0,1,0.5,0
atanas,1,deterministic,FUGW (G+A; official),test,2023-01-17-14,113,AIYL,/home/ubuntu/klb/nuclr/nuclr/Data/Atanas_SF_unified_000776/cv5_grouped_v1/fold_1/test/val__2023-01-17-14__de966b23.npz,2023-01-05-18,0,85,-1,113,RMDDL,RMDDL|FLPL|RICL|AVL|AIZL,46,AVEL,0.25,0.1,0.01,-1,0,0,0.0,0
atanas,1,deterministic,FUGW (G+A; official),test,2023-01-17-14,114,OLQVR,/home/ubuntu/klb/nuclr/nuclr/Data/Atanas_SF_unified_000776/cv5_grouped_v1/fold_1/test/val__2023-01-17-14__de966b23.npz,2023-01-05-18,1,85,81,27,IL2VR,IL2VR|I2R|NSMR|M3R|RMDVR,12,URBR,0.25,0.1,0.01,14,0,0,0.07142857142857142,0
atanas,1,deterministic,FUGW (G+A; official),test,2023-01-17-14,115,RIMR,/home/ubuntu/klb/nuclr/nuclr/Data/Atanas_SF_unified_000776/cv5_grouped_v1/fold_1/test/val__2023-01-17-14__de966b23.npz,2023-01-05-18,0,85,-1,106,ASER,ASER|AVL|AVAR|ADLR|RID,20,AVAR,0.25,0.1,0.01,-1,0,0,0.0,0
atanas,1,deterministic,FUGW (G+A; official),test,2023-01-17-14,116,AIMR,/home/ubuntu/klb/nuclr/nuclr/Data/Atanas_SF_unified_000776/cv5_grouped_v1/fold_1/test/val__2023-01-17-14__de966b23.npz,2023-01-05-18,0,85,-1,52,ADER,ADER|FLPR|AVDR|AIZR|AINR,82,RMEV,0.25,0.1,0.01,-1,0,0,0.0,0
atanas,1,deterministic,FUGW (G+A; official),test,2023-01-17-14,117,SMDVR,/home/ubuntu/klb/nuclr/nuclr/Data/Atanas_SF_unified_000776/cv5_grouped_v1/fold_1/test/val__2023-01-17-14__de966b23.npz,2023-01-05-18,0,85,-1,38,AINR,AINR|AVDR|AIZR|AVJR|ADER,74,AWBR,0.25,0.1,0.01,-1,0,0,0.0,0
atanas,1,deterministic,FUGW (G+A; official),test,2023-01-17-14,119,AIYR,/home/ubuntu/klb/nuclr/nuclr/Data/Atanas_SF_unified_000776/cv5_grouped_v1/fold_1/test/val__2023-01-17-14__de966b23.npz,2023-01-05-18,0,85,-1,106,ASER,ASER|AVL|AVAR|ADLR|AVER,23,AVL,0.25,0.1,0.01,-1,0,0,0.0,0
atanas,1,deterministic,FUGW (G+A; official),test,2023-01-17-14,120,IL1R,/home/ubuntu/klb/nuclr/nuclr/Data/Atanas_SF_unified_000776/cv5_grouped_v1/fold_1/test/val__2023-01-17-14__de966b23.npz,2023-01-05-18,0,85,-1,27,IL2VR,IL2VR|IL2R|I2R|NSMR|URBR,40,IL2R,0.25,0.1,0.01,-1,0,0,0.0,0
atanas,1,deterministic,FUGW (G+A; official),test,2023-01-17-14,122,AWAL,/home/ubuntu/klb/nuclr/nuclr/Data/Atanas_SF_unified_000776/cv5_grouped_v1/fold_1/test/val__2023-01-17-14__de966b23.npz,2023-01-05-18,1,85,10,108,ASIL,ASIL|ASGL|AVAL|ADLL|RIVL,-1,,0.25,0.1,0.01,7,0,0,0.14285714285714285,0
atanas,1,deterministic,FUGW (G+A; official),test,2023-01-17-14,124,ASEL,/home/ubuntu/klb/nuclr/nuclr/Data/Atanas_SF_unified_000776/cv5_grouped_v1/fold_1/test/val__2023-01-17-14__de966b23.npz,2023-01-05-18,1,85,34,98,I6,I6|FLPL|RICL|AIZL|AVHL,67,AWBL,0.25,0.1,0.01,6,0,0,0.16666666666666666,0
atanas,1,deterministic,FUGW (G+A; official),test,2023-01-17-14,126,AVDR,/home/ubuntu/klb/nuclr/nuclr/Data/Atanas_SF_unified_000776/cv5_grouped_v1/fold_1/test/val__2023-01-17-14__de966b23.npz,2023-01-05-18,1,85,2,4,AVDR,AVDR|ADER|FLPR|AINR|AIZR,30,AVJR,0.25,0.1,0.01,1,1,1,1.0,0
atanas,1,deterministic,FUGW (G+A; official),test,2023-01-17-14,127,ADAL,/home/ubuntu/klb/nuclr/nuclr/Data/Atanas_SF_unified_000776/cv5_grouped_v1/fold_1/test/val__2023-01-17-14__de966b23.npz,2023-01-05-18,0,85,-1,18,FLPL,FLPL|RICL|AIZL|RMDDL|AVJL,13,FLPL,0.25,0.1,0.01,-1,0,0,0.0,0
atanas,1,deterministic,FUGW (G+A; official),test,2023-01-17-14,128,RIH,/home/ubuntu/klb/nuclr/nuclr/Data/Atanas_SF_unified_000776/cv5_grouped_v1/fold_1/test/val__2023-01-17-14__de966b23.npz,2023-01-05-18,0,85,-1,27,IL2VR,IL2VR|FLPR|AVDR|ADER|I2R,-1,,0.25,0.1,0.01,-1,0,0,0.0,0
atanas,1,deterministic,FUGW (G+A; official),test,2023-01-17-14,131,MCR,/home/ubuntu/klb/nuclr/nuclr/Data/Atanas_SF_unified_000776/cv5_grouped_v1/fold_1/test/val__2023-01-17-14__de966b23.npz,2023-01-05-18,0,85,-1,27,IL2VR,IL2VR|I1R|I2R|NSMR|M3R,25,MCL,0.25,0.1,0.01,-1,0,0,0.0,0
atanas,1,deterministic,FUGW (G+A; official),test,2023-01-17-14,132,ASGR,/home/ubuntu/klb/nuclr/nuclr/Data/Atanas_SF_unified_000776/cv5_grouped_v1/fold_1/test/val__2023-01-17-14__de966b23.npz,2023-01-05-18,0,85,-1,106,ASER,ASER|AVAR|ADLR|RIVR|RID,62,ADLR,0.25,0.1,0.01,-1,0,0,0.0,0
atanas,1,deterministic,FUGW (G+A; official),test,2023-01-17-14,133,M1,/home/ubuntu/klb/nuclr/nuclr/Data/Atanas_SF_unified_000776/cv5_grouped_v1/fold_1/test/val__2023-01-17-14__de966b23.npz,2023-01-05-18,1,85,52,106,ASER,ASER|RIVR|ADLR|AVAR|RID,52,M1,0.25,0.1,0.01,8,0,0,0.125,1
atanas,1,deterministic,FUGW (G+A; official),test,2023-01-17-14,136,AWBL,/home/ubuntu/klb/nuclr/nuclr/Data/Atanas_SF_unified_000776/cv5_grouped_v1/fold_1/test/val__2023-01-17-14__de966b23.npz,2023-01-05-18,1,85,67,18,FLPL,FLPL|AVJL|AIZL|AWCL|RICL,16,RIAL,0.25,0.1,0.01,13,0,0,0.07692307692307693,0
atanas,1,deterministic,FUGW (G+A; official),test,2023-01-17-14,137,I1R,/home/ubuntu/klb/nuclr/nuclr/Data/Atanas_SF_unified_000776/cv5_grouped_v1/fold_1/test/val__2023-01-17-14__de966b23.npz,2023-01-05-18,1,85,59,27,IL2VR,IL2VR|I1R|I2R|NSMR|I1L,59,I1R,0.25,0.1,0.01,2,0,1,0.5,1
atanas,1,deterministic,FUGW (G+A; official),test,2023-01-17-14,138,NSML,/home/ubuntu/klb/nuclr/nuclr/Data/Atanas_SF_unified_000776/cv5_grouped_v1/fold_1/test/val__2023-01-17-14__de966b23.npz,2023-01-05-18,1,85,73,66,I2L,I2L|I1L|NSML|URAVL|MCL,71,URYVL,0.25,0.1,0.01,3,0,1,0.3333333333333333,0
atanas,1,deterministic,FUGW (G+A; official),test,2023-01-17-14,139,RICR,/home/ubuntu/klb/nuclr/nuclr/Data/Atanas_SF_unified_000776/cv5_grouped_v1/fold_1/test/val__2023-01-17-14__de966b23.npz,2023-01-05-18,0,85,-1,52,ADER,ADER|FLPR|AVDR|AINR|AIZR,83,FLPR,0.25,0.1,0.01,-1,0,0,0.0,0
atanas,1,deterministic,FUGW (G+A; official),test,2023-01-17-14,141,IL2DR,/home/ubuntu/klb/nuclr/nuclr/Data/Atanas_SF_unified_000776/cv5_grouped_v1/fold_1/test/val__2023-01-17-14__de966b23.npz,2023-01-05-18,1,85,3,20,I1L,I1L|I2L|NSML|IL2DL|I1R,56,IL2DL,0.25,0.1,0.01,13,0,0,0.07692307692307693,0
atanas,1,deterministic,FUGW (G+A; official),test,2023-01-17-14,142,URAVR,/home/ubuntu/klb/nuclr/nuclr/Data/Atanas_SF_unified_000776/cv5_grouped_v1/fold_1/test/val__2023-01-17-14__de966b23.npz,2023-01-05-18,0,85,-1,27,IL2VR,IL2VR|I1R|I2R|NSMR|M3R,19,IL2VR,0.25,0.1,0.01,-1,0,0,0.0,0
atanas,1,deterministic,FUGW (G+A; official),test,2023-01-17-14,143,M3R,/home/ubuntu/klb/nuclr/nuclr/Data/Atanas_SF_unified_000776/cv5_grouped_v1/fold_1/test/val__2023-01-17-14__de966b23.npz,2023-01-05-18,1,85,24,27,IL2VR,IL2VR|I1R|I2R|NSMR|M3R,18,I3,0.25,0.1,0.01,5,0,1,0.2,0
atanas,1,deterministic,FUGW (G+A; official),test,2023-01-18-01,2,RMDVR,/home/ubuntu/klb/nuclr/nuclr/Data/Atanas_SF_unified_000776/cv5_grouped_v1/fold_1/test/val__2023-01-18-01__aeaa297f.npz,2023-01-05-18,1,85,84,121,RMDVR,RMDVR|IL2R|URBR|RMER|AVJR,84,RMDVR,0.25,0.1,0.01,1,1,1,1.0,1
atanas,1,deterministic,FUGW (G+A; official),test,2023-01-18-01,3,RIVR,/home/ubuntu/klb/nuclr/nuclr/Data/Atanas_SF_unified_000776/cv5_grouped_v1/fold_1/test/val__2023-01-18-01__aeaa297f.npz,2023-01-05-18,1,85,80,91,RID,RID|M1|ADLR|RIVR|URXR,52,M1,0.25,0.1,0.01,4,0,1,0.25,0
atanas,1,deterministic,FUGW (G+A; official),test,2023-01-18-01,4,I2L,/home/ubuntu/klb/nuclr/nuclr/Data/Atanas_SF_unified_000776/cv5_grouped_v1/fold_1/test/val__2023-01-18-01__aeaa297f.npz,2023-01-05-18,1,85,45,66,I2L,I2L|I1L|NSML|URAVL|MCL,45,I2L,0.25,0.1,0.01,1,1,1,1.0,1
atanas,1,deterministic,FUGW (G+A; official),test,2023-01-18-01,5,IL2DL,/home/ubuntu/klb/nuclr/nuclr/Data/Atanas_SF_unified_000776/cv5_grouped_v1/fold_1/test/val__2023-01-18-01__aeaa297f.npz,2023-01-05-18,1,85,56,77,IL2DL,IL2DL|URADL|IL2L|URYDL|OLLL,48,URADL,0.25,0.1,0.01,1,1,1,1.0,0
atanas,1,deterministic,FUGW (G+A; official),test,2023-01-18-01,6,ASER,/home/ubuntu/klb/nuclr/nuclr/Data/Atanas_SF_unified_000776/cv5_grouped_v1/fold_1/test/val__2023-01-18-01__aeaa297f.npz,2023-01-05-18,1,85,75,105,AWBR,AWBR|AVJR|RIAR|AIZR|RIVR,74,AWBR,0.25,0.1,0.01,14,0,0,0.07142857142857142,0
atanas,1,deterministic,FUGW (G+A; official),test,2023-01-18-01,7,OLLL,/home/ubuntu/klb/nuclr/nuclr/Data/Atanas_SF_unified_000776/cv5_grouped_v1/fold_1/test/val__2023-01-18-01__aeaa297f.npz,2023-01-05-18,1,85,29,79,IL2L,IL2L|IL1L|OLLL|URBL|URADL,7,M4,0.25,0.1,0.01,3,0,1,0.3333333333333333,0
atanas,1,deterministic,FUGW (G+A; official),test,2023-01-18-01,8,RIH,/home/ubuntu/klb/nuclr/nuclr/Data/Atanas_SF_unified_000776/cv5_grouped_v1/fold_1/test/val__2023-01-18-01__aeaa297f.npz,2023-01-05-18,0,85,-1,32,AVL,AVL|RMEV|AVER|OLQVR|RMDDL,81,OLQVR,0.25,0.1,0.01,-1,0,0,0.0,0
atanas,1,deterministic,FUGW (G+A; official),test,2023-01-18-01,9,URYVL,/home/ubuntu/klb/nuclr/nuclr/Data/Atanas_SF_unified_000776/cv5_grouped_v1/fold_1/test/val__2023-01-18-01__aeaa297f.npz,2023-01-05-18,1,85,71,3,URAVL,URAVL|URYVL|OLQVL|M3L|IL1L,71,URYVL,0.25,0.1,0.01,2,0,1,0.5,1
atanas,1,deterministic,FUGW (G+A; official),test,2023-01-18-01,11,ASIR,/home/ubuntu/klb/nuclr/nuclr/Data/Atanas_SF_unified_000776/cv5_grouped_v1/fold_1/test/val__2023-01-18-01__aeaa297f.npz,2023-01-05-18,0,85,-1,91,RID,RID|M1|URXR|ADLR|RIVR,63,URXR,0.25,0.1,0.01,-1,0,0,0.0,0
atanas,1,deterministic,FUGW (G+A; official),test,2023-01-18-01,12,RMER,/home/ubuntu/klb/nuclr/nuclr/Data/Atanas_SF_unified_000776/cv5_grouped_v1/fold_1/test/val__2023-01-18-01__aeaa297f.npz,2023-01-05-18,1,85,28,60,IL2R,IL2R|URBR|RMER|OLLR|M3R,12,URBR,0.25,0.1,0.01,3,0,1,0.3333333333333333,0
atanas,1,deterministic,FUGW (G+A; official),test,2023-01-18-01,14,AUAL,/home/ubuntu/klb/nuclr/nuclr/Data/Atanas_SF_unified_000776/cv5_grouped_v1/fold_1/test/val__2023-01-18-01__aeaa297f.npz,2023-01-05-18,1,85,68,96,AUAL,AUAL|RMDL|AWCL|AIZL|AVEL,-1,,0.25,0.1,0.01,1,1,1,1.0,0
atanas,1,deterministic,FUGW (G+A; official),test,2023-01-18-01,15,CEPDL,/home/ubuntu/klb/nuclr/nuclr/Data/Atanas_SF_unified_000776/cv5_grouped_v1/fold_1/test/val__2023-01-18-01__aeaa297f.npz,2023-01-05-18,1,85,26,37,CEPDL,CEPDL|URXL|RIAL|SMDVL|OLQDL,26,CEPDL,0.25,0.1,0.01,1,1,1,1.0,1
atanas,1,deterministic,FUGW (G+A; official),test,2023-01-18-01,16,AVAR,/home/ubuntu/klb/nuclr/nuclr/Data/Atanas_SF_unified_000776/cv5_grouped_v1/fold_1/test/val__2023-01-18-01__aeaa297f.npz,2023-01-05-18,1,85,20,106,ASER,ASER|AVAR|ADLR|IL2R|RIVR,75,ASER,0.25,0.1,0.01,2,0,1,0.5,0
atanas,1,deterministic,FUGW (G+A; official),test,2023-01-18-01,17,SIBDR,/home/ubuntu/klb/nuclr/nuclr/Data/Atanas_SF_unified_000776/cv5_grouped_v1/fold_1/test/val__2023-01-18-01__aeaa297f.npz,2023-01-05-18,0,85,-1,121,RMDVR,RMDVR|AVJR|AIZR|AVDR|AINR,30,AVJR,0.25,0.1,0.01,-1,0,0,0.0,0
atanas,1,deterministic,FUGW (G+A; official),test,2023-01-18-01,19,FLPL,/home/ubuntu/klb/nuclr/nuclr/Data/Atanas_SF_unified_000776/cv5_grouped_v1/fold_1/test/val__2023-01-18-01__aeaa297f.npz,2023-01-05-18,1,85,13,110,AIZL,AIZL|RICL|AVJL|AUAL|FLPL,44,AVJL,0.25,0.1,0.01,5,0,1,0.2,0
atanas,1,deterministic,FUGW (G+A; official),test,2023-01-18-01,21,RIS,/home/ubuntu/klb/nuclr/nuclr/Data/Atanas_SF_unified_000776/cv5_grouped_v1/fold_1/test/val__2023-01-18-01__aeaa297f.npz,2023-01-05-18,0,85,-1,113,RMDDL,RMDDL|AVL|RMEV|AUAL|RICL,79,RMDDL,0.25,0.1,0.01,-1,0,0,0.0,0
atanas,1,deterministic,FUGW (G+A; official),test,2023-01-18-01,22,CEPVL,/home/ubuntu/klb/nuclr/nuclr/Data/Atanas_SF_unified_000776/cv5_grouped_v1/fold_1/test/val__2023-01-18-01__aeaa297f.npz,2023-01-05-18,1,85,6,47,IL2VL,IL2VL|CEPVL|RMDDL|OLQVR|URAVL,6,CEPVL,0.25,0.1,0.01,2,0,1,0.5,1
atanas,1,deterministic,FUGW (G+A; official),test,2023-01-18-01,23,VB02,/home/ubuntu/klb/nuclr/nuclr/Data/Atanas_SF_unified_000776/cv5_grouped_v1/fold_1/test/val__2023-01-18-01__aeaa297f.npz,2023-01-05-18,0,85,-1,119,FLPR,FLPR|ADER|AVDR|AIBR|AIZR,83,FLPR,0.25,0.1,0.01,-1,0,0,0.0,0
atanas,1,deterministic,FUGW (G+A; official),test,2023-01-18-01,24,IL1VL,/home/ubuntu/klb/nuclr/nuclr/Data/Atanas_SF_unified_000776/cv5_grouped_v1/fold_1/test/val__2023-01-18-01__aeaa297f.npz,2023-01-05-18,0,85,-1,3,URAVL,URAVL|IL2VL|MCL|I1R|M3L,59,I1R,0.25,0.1,0.01,-1,0,0,0.0,0
atanas,1,deterministic,FUGW (G+A; official),test,2023-01-18-01,25,AVJL,/home/ubuntu/klb/nuclr/nuclr/Data/Atanas_SF_unified_000776/cv5_grouped_v1/fold_1/test/val__2023-01-18-01__aeaa297f.npz,2023-01-05-18,1,85,44,109,AVHL,AVHL|RIVL|ASEL|AVJL|I6,38,URXL,0.25,0.1,0.01,4,0,1,0.25,0
atanas,1,deterministic,FUGW (G+A; official),test,2023-01-18-01,26,RICL,/home/ubuntu/klb/nuclr/nuclr/Data/Atanas_SF_unified_000776/cv5_grouped_v1/fold_1/test/val__2023-01-18-01__aeaa297f.npz,2023-01-05-18,1,85,58,110,AIZL,AIZL|AUAL|RICL|AVJL|AWCL,68,AUAL,0.25,0.1,0.01,3,0,1,0.3333333333333333,0
atanas,1,deterministic,FUGW (G+A; official),test,2023-01-18-01,28,OLQVL,/home/ubuntu/klb/nuclr/nuclr/Data/Atanas_SF_unified_000776/cv5_grouped_v1/fold_1/test/val__2023-01-18-01__aeaa297f.npz,2023-01-05-18,1,85,5,7,OLQVL,OLQVL|URAVL|URYVL|IL2VL|CEPVL,5,OLQVL,0.25,0.1,0.01,1,1,1,1.0,1
atanas,1,deterministic,FUGW (G+A; official),test,2023-01-18-01,30,IL2VR,/home/ubuntu/klb/nuclr/nuclr/Data/Atanas_SF_unified_000776/cv5_grouped_v1/fold_1/test/val__2023-01-18-01__aeaa297f.npz,2023-01-05-18,1,85,19,27,IL2VR,IL2VR|I2R|NSMR|I1R|M3R,19,IL2VR,0.25,0.1,0.01,1,1,1,1.0,1
atanas,1,deterministic,FUGW (G+A; official),test,2023-01-18-01,31,ASGR,/home/ubuntu/klb/nuclr/nuclr/Data/Atanas_SF_unified_000776/cv5_grouped_v1/fold_1/test/val__2023-01-18-01__aeaa297f.npz,2023-01-05-18,0,85,-1,85,ADLR,ADLR|RIVR|CEPDR|URXR|AWBR,62,ADLR,0.25,0.1,0.01,-1,0,0,0.0,0
atanas,1,deterministic,FUGW (G+A; official),test,2023-01-18-01,32,AIZR,/home/ubuntu/klb/nuclr/nuclr/Data/Atanas_SF_unified_000776/cv5_grouped_v1/fold_1/test/val__2023-01-18-01__aeaa297f.npz,2023-01-05-18,1,85,21,4,AVDR,AVDR|ADER|FLPR|AINR|AIZR,2,AVDR,0.25,0.1,0.01,5,0,1,0.2,0
atanas,1,deterministic,FUGW (G+A; official),test,2023-01-18-01,33,RID,/home/ubuntu/klb/nuclr/nuclr/Data/Atanas_SF_unified_000776/cv5_grouped_v1/fold_1/test/val__2023-01-18-01__aeaa297f.npz,2023-01-05-18,1,85,66,91,RID,RID|ADLL|OLQDR|URXR|URYDR,66,RID,0.25,0.1,0.01,1,1,1,1.0,1
atanas,1,deterministic,FUGW (G+A; official),test,2023-01-18-01,34,AVEL,/home/ubuntu/klb/nuclr/nuclr/Data/Atanas_SF_unified_000776/cv5_grouped_v1/fold_1/test/val__2023-01-18-01__aeaa297f.npz,2023-01-05-18,1,85,46,67,AVEL,AVEL|AUAL|CEPVL|OLQVL|RMDL,43,OLQDR,0.25,0.1,0.01,1,1,1,1.0,0
atanas,1,deterministic,FUGW (G+A; official),test,2023-01-18-01,36,URADL,/home/ubuntu/klb/nuclr/nuclr/Data/Atanas_SF_unified_000776/cv5_grouped_v1/fold_1/test/val__2023-01-18-01__aeaa297f.npz,2023-01-05-18,1,85,48,47,IL2VL,IL2VL|URAVL|CEPVL|M3L|I1R,33,IL2VL,0.25,0.1,0.01,40,0,0,0.025,0
atanas,1,deterministic,FUGW (G+A; official),test,2023-01-18-01,37,URBL,/home/ubuntu/klb/nuclr/nuclr/Data/Atanas_SF_unified_000776/cv5_grouped_v1/fold_1/test/val__2023-01-18-01__aeaa297f.npz,2023-01-05-18,1,85,11,79,IL2L,IL2L|IL1L|URBL|OLLL|URYVL,29,OLLL,0.25,0.1,0.01,3,0,1,0.3333333333333333,0
atanas,1,deterministic,FUGW (G+A; official),test,2023-01-18-01,38,ASHL,/home/ubuntu/klb/nuclr/nuclr/Data/Atanas_SF_unified_000776/cv5_grouped_v1/fold_1/test/val__2023-01-18-01__aeaa297f.npz,2023-01-05-18,0,85,-1,0,AVAL,AVAL|SAAVL|ASGL|ASIL|AWAL,0,AVAL,0.25,0.1,0.01,-1,0,0,0.0,0
atanas,1,deterministic,FUGW (G+A; official),test,2023-01-18-01,40,RIAL,/home/ubuntu/klb/nuclr/nuclr/Data/Atanas_SF_unified_000776/cv5_grouped_v1/fold_1/test/val__2023-01-18-01__aeaa297f.npz,2023-01-05-18,1,85,16,87,SMDVL,SMDVL|AWAL|SAAVL|RIAL|OLQDL,10,AWAL,0.25,0.1,0.01,4,0,1,0.25,0
atanas,1,deterministic,FUGW (G+A; official),test,2023-01-18-01,42,RMEL,/home/ubuntu/klb/nuclr/nuclr/Data/Atanas_SF_unified_000776/cv5_grouped_v1/fold_1/test/val__2023-01-18-01__aeaa297f.npz,2023-01-05-18,0,85,-1,79,IL2L,IL2L|URBL|RMDVL|IL1L|OLLL,11,URBL,0.25,0.1,0.01,-1,0,0,0.0,0
atanas,1,deterministic,FUGW (G+A; official),test,2023-01-18-01,44,IL1DL,/home/ubuntu/klb/nuclr/nuclr/Data/Atanas_SF_unified_000776/cv5_grouped_v1/fold_1/test/val__2023-01-18-01__aeaa297f.npz,2023-01-05-18,1,85,51,69,URADL,URADL|IL1DL|IL2DL|MI|I3,51,IL1DL,0.25,0.1,0.01,2,0,1,0.5,1
atanas,1,deterministic,FUGW (G+A; official),test,2023-01-18-01,45,CEPDR,/home/ubuntu/klb/nuclr/nuclr/Data/Atanas_SF_unified_000776/cv5_grouped_v1/fold_1/test/val__2023-01-18-01__aeaa297f.npz,2023-01-05-18,1,85,36,54,CEPDR,CEPDR|URXR|M1|RIVR|OLQDR,36,CEPDR,0.25,0.1,0.01,1,1,1,1.0,1
atanas,1,deterministic,FUGW (G+A; official),test,2023-01-18-01,46,ADAL,/home/ubuntu/klb/nuclr/nuclr/Data/Atanas_SF_unified_000776/cv5_grouped_v1/fold_1/test/val__2023-01-18-01__aeaa297f.npz,2023-01-05-18,0,85,-1,18,FLPL,FLPL|RICL|AIZL|I6|RMDDL,58,RICL,0.25,0.1,0.01,-1,0,0,0.0,0
atanas,1,deterministic,FUGW (G+A; official),test,2023-01-18-01,47,AWCR,/home/ubuntu/klb/nuclr/nuclr/Data/Atanas_SF_unified_000776/cv5_grouped_v1/fold_1/test/val__2023-01-18-01__aeaa297f.npz,2023-01-05-18,0,85,-1,106,ASER,ASER|AVAR|AVDR|RMDVR|AIZR,20,AVAR,0.25,0.1,0.01,-1,0,0,0.0,0
atanas,1,deterministic,FUGW (G+A; official),test,2023-01-18-01,48,AIZL,/home/ubuntu/klb/nuclr/nuclr/Data/Atanas_SF_unified_000776/cv5_grouped_v1/fold_1/test/val__2023-01-18-01__aeaa297f.npz,2023-01-05-18,1,85,78,64,AVJL,AVJL|ASEL|AIZL|AVHL|AWCL,77,AVHL,0.25,0.1,0.01,3,0,1,0.3333333333333333,0
atanas,1,deterministic,FUGW (G+A; official),test,2023-01-18-01,49,ASGL,/home/ubuntu/klb/nuclr/nuclr/Data/Atanas_SF_unified_000776/cv5_grouped_v1/fold_1/test/val__2023-01-18-01__aeaa297f.npz,2023-01-05-18,1,85,61,21,ADLL,ADLL|RIVL|SAAVL|ASIL|AVAL,72,SAAVL,0.25,0.1,0.01,8,0,0,0.125,0
atanas,1,deterministic,FUGW (G+A; official),test,2023-01-18-01,51,AINL,/home/ubuntu/klb/nuclr/nuclr/Data/Atanas_SF_unified_000776/cv5_grouped_v1/fold_1/test/val__2023-01-18-01__aeaa297f.npz,2023-01-05-18,0,85,-1,64,AVJL,AVJL|AVHL|I6|ASEL|RIVL,17,RIVL,0.25,0.1,0.01,-1,0,0,0.0,0
atanas,1,deterministic,FUGW (G+A; official),test,2023-01-18-01,52,ADEL,/home/ubuntu/klb/nuclr/nuclr/Data/Atanas_SF_unified_000776/cv5_grouped_v1/fold_1/test/val__2023-01-18-01__aeaa297f.npz,2023-01-05-18,0,85,-1,18,FLPL,FLPL|RICL|AIZL|I6|AVJL,78,AIZL,0.25,0.1,0.01,-1,0,0,0.0,0
atanas,1,deterministic,FUGW (G+A; official),test,2023-01-18-01,53,AINR,/home/ubuntu/klb/nuclr/nuclr/Data/Atanas_SF_unified_000776/cv5_grouped_v1/fold_1/test/val__2023-01-18-01__aeaa297f.npz,2023-01-05-18,1,85,27,38,AINR,AINR|AIZR|AVJR|RIVR|AWBR,80,RIVR,0.25,0.1,0.01,1,1,1,1.0,0
atanas,1,deterministic,FUGW (G+A; official),test,2023-01-18-01,54,RMDL,/home/ubuntu/klb/nuclr/nuclr/Data/Atanas_SF_unified_000776/cv5_grouped_v1/fold_1/test/val__2023-01-18-01__aeaa297f.npz,2023-01-05-18,1,85,4,6,RMDL,RMDL|AWCL|AUAL|OLQVL|AVEL,4,RMDL,0.25,0.1,0.01,1,1,1,1.0,1
atanas,1,deterministic,FUGW (G+A; official),test,2023-01-18-01,57,RICR,/home/ubuntu/klb/nuclr/nuclr/Data/Atanas_SF_unified_000776/cv5_grouped_v1/fold_1/test/val__2023-01-18-01__aeaa297f.npz,2023-01-05-18,0,85,-1,119,FLPR,FLPR|ADER|AVDR|AVJR|AIZR,35,ADER,0.25,0.1,0.01,-1,0,0,0.0,0
atanas,1,deterministic,FUGW (G+A; official),test,2023-01-18-01,58,IL2DR,/home/ubuntu/klb/nuclr/nuclr/Data/Atanas_SF_unified_000776/cv5_grouped_v1/fold_1/test/val__2023-01-18-01__aeaa297f.npz,2023-01-05-18,1,85,3,5,IL2DR,IL2DR|URADR|IL1DR|URYDR|OLQDR,3,IL2DR,0.25,0.1,0.01,1,1,1,1.0,1
atanas,1,deterministic,FUGW (G+A; official),test,2023-01-18-01,61,M5,/home/ubuntu/klb/nuclr/nuclr/Data/Atanas_SF_unified_000776/cv5_grouped_v1/fold_1/test/val__2023-01-18-01__aeaa297f.npz,2023-01-05-18,0,85,-1,98,I6,I6|RIVL|FLPL|I4|AVHL,69,I6,0.25,0.1,0.01,-1,0,0,0.0,0
atanas,1,deterministic,FUGW (G+A; official),test,2023-01-18-01,62,IL1DR,/home/ubuntu/klb/nuclr/nuclr/Data/Atanas_SF_unified_000776/cv5_grouped_v1/fold_1/test/val__2023-01-18-01__aeaa297f.npz,2023-01-05-18,1,85,42,5,IL2DR,IL2DR|URADR|IL1DR|URYDR|OLQDR,42,IL1DR,0.25,0.1,0.01,3,0,1,0.3333333333333333,1
atanas,1,deterministic,FUGW (G+A; official),test,2023-01-18-01,63,MI,/home/ubuntu/klb/nuclr/nuclr/Data/Atanas_SF_unified_000776/cv5_grouped_v1/fold_1/test/val__2023-01-18-01__aeaa297f.npz,2023-01-05-18,1,85,50,77,IL2DL,IL2DL|MI|I3|M4|URADL,56,IL2DL,0.25,0.1,0.01,2,0,1,0.5,0
atanas,1,deterministic,FUGW (G+A; official),test,2023-01-18-01,65,IL1L,/home/ubuntu/klb/nuclr/nuclr/Data/Atanas_SF_unified_000776/cv5_grouped_v1/fold_1/test/val__2023-01-18-01__aeaa297f.npz,2023-01-05-18,1,85,37,79,IL2L,IL2L|IL1L|URBL|URYVL|OLLL,37,IL1L,0.25,0.1,0.01,2,0,1,0.5,1
atanas,1,deterministic,FUGW (G+A; official),test,2023-01-18-01,67,IL1VR,/home/ubuntu/klb/nuclr/nuclr/Data/Atanas_SF_unified_000776/cv5_grouped_v1/fold_1/test/val__2023-01-18-01__aeaa297f.npz,2023-01-05-18,0,85,-1,27,IL2VR,IL2VR|I2R|NSMR|M3R|I1R,8,NSMR,0.25,0.1,0.01,-1,0,0,0.0,0
atanas,1,deterministic,FUGW (G+A; official),test,2023-01-18-01,70,AVDL,/home/ubuntu/klb/nuclr/nuclr/Data/Atanas_SF_unified_000776/cv5_grouped_v1/fold_1/test/val__2023-01-18-01__aeaa297f.npz,2023-01-05-18,0,85,-1,64,AVJL,AVJL|ASEL|AVHL|AWBL|AWCL,16,RIAL,0.25,0.1,0.01,-1,0,0,0.0,0
atanas,1,deterministic,FUGW (G+A; official),test,2023-01-18-01,73,AIBR,/home/ubuntu/klb/nuclr/nuclr/Data/Atanas_SF_unified_000776/cv5_grouped_v1/fold_1/test/val__2023-01-18-01__aeaa297f.npz,2023-01-05-18,1,85,55,61,AVER,AVER|AIBR|RMER|RMEV|AVAR,31,OLLR,0.25,0.1,0.01,2,0,1,0.5,0
atanas,1,deterministic,FUGW (G+A; official),test,2023-01-18-01,75,RIVL,/home/ubuntu/klb/nuclr/nuclr/Data/Atanas_SF_unified_000776/cv5_grouped_v1/fold_1/test/val__2023-01-18-01__aeaa297f.npz,2023-01-05-18,1,85,17,21,ADLL,ADLL|ASIL|RIVL|AWAL|SAAVL,76,ASIL,0.25,0.1,0.01,3,0,1,0.3333333333333333,0
atanas,1,deterministic,FUGW (G+A; official),test,2023-01-18-01,76,ASEL,/home/ubuntu/klb/nuclr/nuclr/Data/Atanas_SF_unified_000776/cv5_grouped_v1/fold_1/test/val__2023-01-18-01__aeaa297f.npz,2023-01-05-18,1,85,34,75,AWCL,AWCL|AVJL|ASEL|RMDL|AUAL,34,ASEL,0.25,0.1,0.01,3,0,1,0.3333333333333333,1
atanas,1,deterministic,FUGW (G+A; official),test,2023-01-18-01,77,AVDR,/home/ubuntu/klb/nuclr/nuclr/Data/Atanas_SF_unified_000776/cv5_grouped_v1/fold_1/test/val__2023-01-18-01__aeaa297f.npz,2023-01-05-18,1,85,2,38,AINR,AINR|AIZR|AVJR|AWBR|AVDR,21,AIZR,0.25,0.1,0.01,5,0,1,0.2,0
atanas,1,deterministic,FUGW (G+A; official),test,2023-01-18-01,78,URBR,/home/ubuntu/klb/nuclr/nuclr/Data/Atanas_SF_unified_000776/cv5_grouped_v1/fold_1/test/val__2023-01-18-01__aeaa297f.npz,2023-01-05-18,1,85,12,60,IL2R,IL2R|I2R|NSMR|M3R|URBR,40,IL2R,0.25,0.1,0.01,5,0,1,0.2,0
atanas,1,deterministic,FUGW (G+A; official),test,2023-01-18-01,80,IL2R,/home/ubuntu/klb/nuclr/nuclr/Data/Atanas_SF_unified_000776/cv5_grouped_v1/fold_1/test/val__2023-01-18-01__aeaa297f.npz,2023-01-05-18,1,85,40,74,I2R,I2R|NSMR|IL2R|M3R|OLQVR,53,I2R,0.25,0.1,0.01,3,0,1,0.3333333333333333,0
atanas,1,deterministic,FUGW (G+A; official),test,2023-01-18-01,81,M3L,/home/ubuntu/klb/nuclr/nuclr/Data/Atanas_SF_unified_000776/cv5_grouped_v1/fold_1/test/val__2023-01-18-01__aeaa297f.npz,2023-01-05-18,1,85,9,36,MCL,MCL|I1L|NSML|I2L|URAVL,9,M3L,0.25,0.1,0.01,6,0,0,0.16666666666666666,1
atanas,1,deterministic,FUGW (G+A; official),test,2023-01-18-01,82,AVAL,/home/ubuntu/klb/nuclr/nuclr/Data/Atanas_SF_unified_000776/cv5_grouped_v1/fold_1/test/val__2023-01-18-01__aeaa297f.npz,2023-01-05-18,1,85,0,0,AVAL,AVAL|RMDL|OLQVL|SAAVL|AWCL,61,ASGL,0.25,0.1,0.01,1,1,1,1.0,0
atanas,1,deterministic,FUGW (G+A; official),test,2023-01-18-01,83,RMGL,/home/ubuntu/klb/nuclr/nuclr/Data/Atanas_SF_unified_000776/cv5_grouped_v1/fold_1/test/val__2023-01-18-01__aeaa297f.npz,2023-01-05-18,0,85,-1,18,FLPL,FLPL|RICL|AIZL|RMDDL|I6,13,FLPL,0.25,0.1,0.01,-1,0,0,0.0,0
atanas,1,deterministic,FUGW (G+A; official),test,2023-01-18-01,84,RMDDL,/home/ubuntu/klb/nuclr/nuclr/Data/Atanas_SF_unified_000776/cv5_grouped_v1/fold_1/test/val__2023-01-18-01__aeaa297f.npz,2023-01-05-18,1,85,79,113,RMDDL,RMDDL|AVL|RMEV|AVER|OLQVR,-1,,0.25,0.1,0.01,1,1,1,1.0,0
atanas,1,deterministic,FUGW (G+A; official),test,2023-01-18-01,85,RMDR,/home/ubuntu/klb/nuclr/nuclr/Data/Atanas_SF_unified_000776/cv5_grouped_v1/fold_1/test/val__2023-01-18-01__aeaa297f.npz,2023-01-05-18,0,85,-1,61,AVER,AVER|AIBR|AVAR|RMER|URBR,28,RMER,0.25,0.1,0.01,-1,0,0,0.0,0
atanas,1,deterministic,FUGW (G+A; official),test,2023-01-18-01,89,AWCL,/home/ubuntu/klb/nuclr/nuclr/Data/Atanas_SF_unified_000776/cv5_grouped_v1/fold_1/test/val__2023-01-18-01__aeaa297f.npz,2023-01-05-18,1,85,54,75,AWCL,AWCL|RMDL|AUAL|AIZL|AVJL,54,AWCL,0.25,0.1,0.01,1,1,1,1.0,1
atanas,1,deterministic,FUGW (G+A; official),test,2023-01-18-01,92,M4,/home/ubuntu/klb/nuclr/nuclr/Data/Atanas_SF_unified_000776/cv5_grouped_v1/fold_1/test/val__2023-01-18-01__aeaa297f.npz,2023-01-05-18,1,85,7,71,MI,MI|I3|IL2DL|M4|URADL,50,MI,0.25,0.1,0.01,4,0,1,0.25,0
atanas,1,deterministic,FUGW (G+A; official),test,2023-01-18-01,94,AIBL,/home/ubuntu/klb/nuclr/nuclr/Data/Atanas_SF_unified_000776/cv5_grouped_v1/fold_1/test/val__2023-01-18-01__aeaa297f.npz,2023-01-05-18,0,85,-1,96,AUAL,AUAL|AVEL|RMDDL|CEPVL|RMDL,46,AVEL,0.25,0.1,0.01,-1,0,0,0.0,0
atanas,1,deterministic,FUGW (G+A; official),test,2023-01-18-01,95,OLQVR,/home/ubuntu/klb/nuclr/nuclr/Data/Atanas_SF_unified_000776/cv5_grouped_v1/fold_1/test/val__2023-01-18-01__aeaa297f.npz,2023-01-05-18,1,85,81,74,I2R,I2R|NSMR|M3R|OLQVR|IL2VR,24,M3R,0.25,0.1,0.01,4,0,1,0.25,0
atanas,1,deterministic,FUGW (G+A; official),test,2023-01-18-01,97,RMDVL,/home/ubuntu/klb/nuclr/nuclr/Data/Atanas_SF_unified_000776/cv5_grouped_v1/fold_1/test/val__2023-01-18-01__aeaa297f.npz,2023-01-05-18,1,85,65,88,RMDVL,RMDVL|RMDL|AWCL|URBL|ASEL,65,RMDVL,0.25,0.1,0.01,1,1,1,1.0,1
atanas,1,deterministic,FUGW (G+A; official),test,2023-01-18-01,98,OLQDR,/home/ubuntu/klb/nuclr/nuclr/Data/Atanas_SF_unified_000776/cv5_grouped_v1/fold_1/test/val__2023-01-18-01__aeaa297f.npz,2023-01-05-18,1,85,43,31,URADR,URADR|URYDR|OLLR|IL2DR|OLQDR,47,URYDR,0.25,0.1,0.01,5,0,1,0.2,0
atanas,1,deterministic,FUGW (G+A; official),test,2023-01-18-01,100,AWBL,/home/ubuntu/klb/nuclr/nuclr/Data/Atanas_SF_unified_000776/cv5_grouped_v1/fold_1/test/val__2023-01-18-01__aeaa297f.npz,2023-01-05-18,1,85,67,87,SMDVL,SMDVL|RMDVL|AWBL|ASEL|AVHL,67,AWBL,0.25,0.1,0.01,3,0,1,0.3333333333333333,1
atanas,1,deterministic,FUGW (G+A; official),test,2023-01-18-01,102,I3,/home/ubuntu/klb/nuclr/nuclr/Data/Atanas_SF_unified_000776/cv5_grouped_v1/fold_1/test/val__2023-01-18-01__aeaa297f.npz,2023-01-05-18,1,85,18,77,IL2DL,IL2DL|I3|MI|I1R|MCL,18,I3,0.25,0.1,0.01,2,0,1,0.5,1
atanas,1,deterministic,FUGW (G+A; official),test,2023-01-18-01,106,SMDVL,/home/ubuntu/klb/nuclr/nuclr/Data/Atanas_SF_unified_000776/cv5_grouped_v1/fold_1/test/val__2023-01-18-01__aeaa297f.npz,2023-01-05-18,1,85,64,87,SMDVL,SMDVL|RIVL|CEPDL|AWAL|ASIL,64,SMDVL,0.25,0.1,0.01,1,1,1,1.0,1
atanas,1,deterministic,FUGW (G+A; official),test,2023-01-18-01,109,I1L,/home/ubuntu/klb/nuclr/nuclr/Data/Atanas_SF_unified_000776/cv5_grouped_v1/fold_1/test/val__2023-01-18-01__aeaa297f.npz,2023-01-05-18,1,85,14,20,I1L,I1L|I2L|NSML|MCL|I1R,14,I1L,0.25,0.1,0.01,1,1,1,1.0,1
atanas,1,deterministic,FUGW (G+A; official),test,2023-01-18-01,110,MCL,/home/ubuntu/klb/nuclr/nuclr/Data/Atanas_SF_unified_000776/cv5_grouped_v1/fold_1/test/val__2023-01-18-01__aeaa297f.npz,2023-01-05-18,1,85,25,20,I1L,I1L|I2L|NSML|MCL|URAVL,25,MCL,0.25,0.1,0.01,4,0,1,0.25,1
atanas,1,deterministic,FUGW (G+A; official),test,2023-01-18-01,111,NSML,/home/ubuntu/klb/nuclr/nuclr/Data/Atanas_SF_unified_000776/cv5_grouped_v1/fold_1/test/val__2023-01-18-01__aeaa297f.npz,2023-01-05-18,1,85,73,66,I2L,I2L|NSML|I1L|URAVL|MCL,73,NSML,0.25,0.1,0.01,2,0,1,0.5,1
atanas,1,deterministic,FUGW (G+A; official),test,2023-01-18-01,112,OLQDL,/home/ubuntu/klb/nuclr/nuclr/Data/Atanas_SF_unified_000776/cv5_grouped_v1/fold_1/test/val__2023-01-18-01__aeaa297f.npz,2023-01-05-18,1,85,39,59,OLQDL,OLQDL|IL1DL|URADL|URYDL|M4,39,OLQDL,0.25,0.1,0.01,1,1,1,1.0,1
atanas,1,deterministic,FUGW (G+A; official),test,2023-01-18-01,113,IL2L,/home/ubuntu/klb/nuclr/nuclr/Data/Atanas_SF_unified_000776/cv5_grouped_v1/fold_1/test/val__2023-01-18-01__aeaa297f.npz,2023-01-05-18,1,85,57,79,IL2L,IL2L|I2L|NSML|IL1L|URBL,57,IL2L,0.25,0.1,0.01,1,1,1,1.0,1
atanas,1,deterministic,FUGW (G+A; official),test,2023-01-18-01,114,RMDDR,/home/ubuntu/klb/nuclr/nuclr/Data/Atanas_SF_unified_000776/cv5_grouped_v1/fold_1/test/val__2023-01-18-01__aeaa297f.npz,2023-01-05-18,0,85,-1,76,AIBR,AIBR|FLPR|AVDR|RMDVR|AVAR,55,AIBR,0.25,0.1,0.01,-1,0,0,0.0,0
atanas,1,deterministic,FUGW (G+A; official),test,2023-01-18-01,115,IL2VL,/home/ubuntu/klb/nuclr/nuclr/Data/Atanas_SF_unified_000776/cv5_grouped_v1/fold_1/test/val__2023-01-18-01__aeaa297f.npz,2023-01-05-18,1,85,33,3,URAVL,URAVL|NSML|MCL|IL2VL|I2L,1,URAVL,0.25,0.1,0.01,4,0,1,0.25,0
atanas,1,deterministic,FUGW (G+A; official),test,2023-01-18-01,117,FLPR,/home/ubuntu/klb/nuclr/nuclr/Data/Atanas_SF_unified_000776/cv5_grouped_v1/fold_1/test/val__2023-01-18-01__aeaa297f.npz,2023-01-05-18,1,85,83,38,AINR,AINR|AVDR|AIZR|ADER|AVJR,27,AINR,0.25,0.1,0.01,6,0,0,0.16666666666666666,0
atanas,1,deterministic,FUGW (G+A; official),test,2023-01-18-01,118,ADLL,/home/ubuntu/klb/nuclr/nuclr/Data/Atanas_SF_unified_000776/cv5_grouped_v1/fold_1/test/val__2023-01-18-01__aeaa297f.npz,2023-01-05-18,1,85,15,21,ADLL,ADLL|ASIL|CEPDL|AWAL|RIVL,15,ADLL,0.25,0.1,0.01,1,1,1,1.0,1
atanas,1,deterministic,FUGW (G+A; official),test,2023-01-18-01,119,URYDL,/home/ubuntu/klb/nuclr/nuclr/Data/Atanas_SF_unified_000776/cv5_grouped_v1/fold_1/test/val__2023-01-18-01__aeaa297f.npz,2023-01-05-18,1,85,32,69,URADL,URADL|URYDL|IL1DL|OLLL|IL2L,32,URYDL,0.25,0.1,0.01,2,0,1,0.5,1
atanas,1,deterministic,FUGW (G+A; official),test,2023-01-18-01,123,OLLR,/home/ubuntu/klb/nuclr/nuclr/Data/Atanas_SF_unified_000776/cv5_grouped_v1/fold_1/test/val__2023-01-18-01__aeaa297f.npz,2023-01-05-18,1,85,31,5,IL2DR,IL2DR|URADR|IL2R|OLLR|URYDR,22,URADR,0.25,0.1,0.01,4,0,1,0.25,0
atanas,1,deterministic,FUGW (G+A; official),test,2023-01-18-01,125,I4,/home/ubuntu/klb/nuclr/nuclr/Data/Atanas_SF_unified_000776/cv5_grouped_v1/fold_1/test/val__2023-01-18-01__aeaa297f.npz,2023-01-05-18,1,85,70,73,M1,M1|I4|URXL|URXR|ADLL,70,I4,0.25,0.1,0.01,2,0,1,0.5,1
