dataset,fold,seed,method,split,query_uid,query_index,identity,source_path,reference_uid,reference_covered,candidate_count,target_col,predicted_index,predicted_identity,top5_identities,hungarian_prediction_col,hungarian_prediction_identity,alpha_activity,rho,eps,rank,top1,top5,rr,hungarian_correct
atanas,0,deterministic,FUGW (G+A; official),test,2022-07-26-01,1,RMDL,/home/ubuntu/klb/nuclr/nuclr/Data/Atanas_SF_unified_000776/cv5_grouped_v1/fold_0/test/train__2022-07-26-01__0f9510f7.npz,2023-01-05-18,1,85,4,67,AVEL,AVEL|AWCL|RMDL|RIAL|ASGL,46,AVEL,0.25,0.1,0.01,3,0,1,0.3333333333333333,0
atanas,0,deterministic,FUGW (G+A; official),test,2022-07-26-01,4,URXL,/home/ubuntu/klb/nuclr/nuclr/Data/Atanas_SF_unified_000776/cv5_grouped_v1/fold_0/test/train__2022-07-26-01__0f9510f7.npz,2023-01-05-18,1,85,38,58,URXL,URXL|CEPDL|I4|M1|RID,38,URXL,0.25,0.1,0.01,1,1,1,1.0,1
atanas,0,deterministic,FUGW (G+A; official),test,2022-07-26-01,5,RICL,/home/ubuntu/klb/nuclr/nuclr/Data/Atanas_SF_unified_000776/cv5_grouped_v1/fold_0/test/train__2022-07-26-01__0f9510f7.npz,2023-01-05-18,1,85,58,110,AIZL,AIZL|AVJL|AUAL|AWCL|RICL,78,AIZL,0.25,0.1,0.01,5,0,1,0.2,0
atanas,0,deterministic,FUGW (G+A; official),test,2022-07-26-01,9,IL1R,/home/ubuntu/klb/nuclr/nuclr/Data/Atanas_SF_unified_000776/cv5_grouped_v1/fold_0/test/train__2022-07-26-01__0f9510f7.npz,2023-01-05-18,0,85,-1,60,IL2R,IL2R|URADR|OLLR|URYDR|URBR,31,OLLR,0.25,0.1,0.01,-1,0,0,0.0,0
atanas,0,deterministic,FUGW (G+A; official),test,2022-07-26-01,17,AIBR,/home/ubuntu/klb/nuclr/nuclr/Data/Atanas_SF_unified_000776/cv5_grouped_v1/fold_0/test/train__2022-07-26-01__0f9510f7.npz,2023-01-05-18,1,85,55,44,AVJR,AVJR|RIVR|AIZR|AWBR|ADLR,30,AVJR,0.25,0.1,0.01,12,0,0,0.08333333333333333,0
atanas,0,deterministic,FUGW (G+A; official),test,2022-07-26-01,18,CEPDL,/home/ubuntu/klb/nuclr/nuclr/Data/Atanas_SF_unified_000776/cv5_grouped_v1/fold_0/test/train__2022-07-26-01__0f9510f7.npz,2023-01-05-18,1,85,26,37,CEPDL,CEPDL|URXL|M1|I4|ADLL,26,CEPDL,0.25,0.1,0.01,1,1,1,1.0,1
atanas,0,deterministic,FUGW (G+A; official),test,2022-07-26-01,20,IL1DR,/home/ubuntu/klb/nuclr/nuclr/Data/Atanas_SF_unified_000776/cv5_grouped_v1/fold_0/test/train__2022-07-26-01__0f9510f7.npz,2023-01-05-18,1,85,42,5,IL2DR,IL2DR|IL1DR|URADR|OLQDR|URYDR,42,IL1DR,0.25,0.1,0.01,2,0,1,0.5,1
atanas,0,deterministic,FUGW (G+A; official),test,2022-07-26-01,21,AVAL,/home/ubuntu/klb/nuclr/nuclr/Data/Atanas_SF_unified_000776/cv5_grouped_v1/fold_0/test/train__2022-07-26-01__0f9510f7.npz,2023-01-05-18,1,85,0,103,SAAVL,SAAVL|AVAL|SMDVL|AWAL|ADLL,0,AVAL,0.25,0.1,0.01,2,0,1,0.5,1
atanas,0,deterministic,FUGW (G+A; official),test,2022-07-26-01,25,ASGL,/home/ubuntu/klb/nuclr/nuclr/Data/Atanas_SF_unified_000776/cv5_grouped_v1/fold_0/test/train__2022-07-26-01__0f9510f7.npz,2023-01-05-18,1,85,61,21,ADLL,ADLL|RIVL|ASIL|AWAL|SMDVL,76,ASIL,0.25,0.1,0.01,6,0,0,0.16666666666666666,0
atanas,0,deterministic,FUGW (G+A; official),test,2022-07-26-01,27,I2L,/home/ubuntu/klb/nuclr/nuclr/Data/Atanas_SF_unified_000776/cv5_grouped_v1/fold_0/test/train__2022-07-26-01__0f9510f7.npz,2023-01-05-18,1,85,45,66,I2L,I2L|I1L|NSML|MCL|URAVL,14,I1L,0.25,0.1,0.01,1,1,1,1.0,0
atanas,0,deterministic,FUGW (G+A; official),test,2022-07-26-01,29,IL2DL,/home/ubuntu/klb/nuclr/nuclr/Data/Atanas_SF_unified_000776/cv5_grouped_v1/fold_0/test/train__2022-07-26-01__0f9510f7.npz,2023-01-05-18,1,85,56,77,IL2DL,IL2DL|URADL|MI|I3|IL1DL,56,IL2DL,0.25,0.1,0.01,1,1,1,1.0,1
atanas,0,deterministic,FUGW (G+A; official),test,2022-07-26-01,31,RMDR,/home/ubuntu/klb/nuclr/nuclr/Data/Atanas_SF_unified_000776/cv5_grouped_v1/fold_0/test/train__2022-07-26-01__0f9510f7.npz,2023-01-05-18,0,85,-1,38,AINR,AINR|AIZR|AVJR|AWBR|RMDVR,21,AIZR,0.25,0.1,0.01,-1,0,0,0.0,0
atanas,0,deterministic,FUGW (G+A; official),test,2022-07-26-01,32,ADEL,/home/ubuntu/klb/nuclr/nuclr/Data/Atanas_SF_unified_000776/cv5_grouped_v1/fold_0/test/train__2022-07-26-01__0f9510f7.npz,2023-01-05-18,0,85,-1,18,FLPL,FLPL|RICL|AIZL|RMDDL|I6,13,FLPL,0.25,0.1,0.01,-1,0,0,0.0,0
atanas,0,deterministic,FUGW (G+A; official),test,2022-07-26-01,33,M3R,/home/ubuntu/klb/nuclr/nuclr/Data/Atanas_SF_unified_000776/cv5_grouped_v1/fold_0/test/train__2022-07-26-01__0f9510f7.npz,2023-01-05-18,1,85,24,11,NSMR,NSMR|M3R|I2R|I1R|OLQVR,8,NSMR,0.25,0.1,0.01,2,0,1,0.5,0
atanas,0,deterministic,FUGW (G+A; official),test,2022-07-26-01,36,SMDVL,/home/ubuntu/klb/nuclr/nuclr/Data/Atanas_SF_unified_000776/cv5_grouped_v1/fold_0/test/train__2022-07-26-01__0f9510f7.npz,2023-01-05-18,1,85,64,37,CEPDL,CEPDL|ADLL|URXL|ASIL|RIVL,15,ADLL,0.25,0.1,0.01,7,0,0,0.14285714285714285,0
atanas,0,deterministic,FUGW (G+A; official),test,2022-07-26-01,37,AVER,/home/ubuntu/klb/nuclr/nuclr/Data/Atanas_SF_unified_000776/cv5_grouped_v1/fold_0/test/train__2022-07-26-01__0f9510f7.npz,2023-01-05-18,1,85,41,85,ADLR,ADLR|RIVR|AWBR|RIAR|CEPDR,62,ADLR,0.25,0.1,0.01,13,0,0,0.07692307692307693,0
atanas,0,deterministic,FUGW (G+A; official),test,2022-07-26-01,40,AVEL,/home/ubuntu/klb/nuclr/nuclr/Data/Atanas_SF_unified_000776/cv5_grouped_v1/fold_0/test/train__2022-07-26-01__0f9510f7.npz,2023-01-05-18,1,85,46,14,AWAL,AWAL|RIAL|ASGL|ASIL|SAAVL,10,AWAL,0.25,0.1,0.01,8,0,0,0.125,0
atanas,0,deterministic,FUGW (G+A; official),test,2022-07-26-01,41,AVJL,/home/ubuntu/klb/nuclr/nuclr/Data/Atanas_SF_unified_000776/cv5_grouped_v1/fold_0/test/train__2022-07-26-01__0f9510f7.npz,2023-01-05-18,1,85,44,98,I6,I6|RIVL|AVHL|SMDVL|CEPDL,77,AVHL,0.25,0.1,0.01,6,0,0,0.16666666666666666,0
atanas,0,deterministic,FUGW (G+A; official),test,2022-07-26-01,43,M4,/home/ubuntu/klb/nuclr/nuclr/Data/Atanas_SF_unified_000776/cv5_grouped_v1/fold_0/test/train__2022-07-26-01__0f9510f7.npz,2023-01-05-18,1,85,7,71,MI,MI|I3|M4|IL2DL|URADL,7,M4,0.25,0.1,0.01,3,0,1,0.3333333333333333,1
atanas,0,deterministic,FUGW (G+A; official),test,2022-07-26-01,45,I3,/home/ubuntu/klb/nuclr/nuclr/Data/Atanas_SF_unified_000776/cv5_grouped_v1/fold_0/test/train__2022-07-26-01__0f9510f7.npz,2023-01-05-18,1,85,18,77,IL2DL,IL2DL|MI|I3|M4|URADL,18,I3,0.25,0.1,0.01,3,0,1,0.3333333333333333,1
atanas,0,deterministic,FUGW (G+A; official),test,2022-07-26-01,46,AINR,/home/ubuntu/klb/nuclr/nuclr/Data/Atanas_SF_unified_000776/cv5_grouped_v1/fold_0/test/train__2022-07-26-01__0f9510f7.npz,2023-01-05-18,1,85,27,38,AINR,AINR|RIVR|AIZR|AVJR|CEPDR,27,AINR,0.25,0.1,0.01,1,1,1,1.0,1
atanas,0,deterministic,FUGW (G+A; official),test,2022-07-26-01,47,CEPVL,/home/ubuntu/klb/nuclr/nuclr/Data/Atanas_SF_unified_000776/cv5_grouped_v1/fold_0/test/train__2022-07-26-01__0f9510f7.npz,2023-01-05-18,1,85,6,8,CEPVL,CEPVL|OLQVL|URYVL|IL2VL|AVEL,6,CEPVL,0.25,0.1,0.01,1,1,1,1.0,1
atanas,0,deterministic,FUGW (G+A; official),test,2022-07-26-01,51,URYVL,/home/ubuntu/klb/nuclr/nuclr/Data/Atanas_SF_unified_000776/cv5_grouped_v1/fold_0/test/train__2022-07-26-01__0f9510f7.npz,2023-01-05-18,1,85,71,79,IL2L,IL2L|IL1L|URBL|URYVL|OLLL,71,URYVL,0.25,0.1,0.01,4,0,1,0.25,1
atanas,0,deterministic,FUGW (G+A; official),test,2022-07-26-01,52,ASEL,/home/ubuntu/klb/nuclr/nuclr/Data/Atanas_SF_unified_000776/cv5_grouped_v1/fold_0/test/train__2022-07-26-01__0f9510f7.npz,2023-01-05-18,1,85,34,25,RIVL,RIVL|SMDVL|AVHL|ASEL|I6,64,SMDVL,0.25,0.1,0.01,4,0,1,0.25,0
atanas,0,deterministic,FUGW (G+A; official),test,2022-07-26-01,53,AVKR,/home/ubuntu/klb/nuclr/nuclr/Data/Atanas_SF_unified_000776/cv5_grouped_v1/fold_0/test/train__2022-07-26-01__0f9510f7.npz,2023-01-05-18,0,85,-1,52,ADER,ADER|FLPR|AVDR|ASER|AVL,35,ADER,0.25,0.1,0.01,-1,0,0,0.0,0
atanas,0,deterministic,FUGW (G+A; official),test,2022-07-26-01,54,RMEL,/home/ubuntu/klb/nuclr/nuclr/Data/Atanas_SF_unified_000776/cv5_grouped_v1/fold_0/test/train__2022-07-26-01__0f9510f7.npz,2023-01-05-18,0,85,-1,46,URYDL,URYDL|RMDVL|URBL|OLLL|IL2L,32,URYDL,0.25,0.1,0.01,-1,0,0,0.0,0
atanas,0,deterministic,FUGW (G+A; official),test,2022-07-26-01,55,ASHL,/home/ubuntu/klb/nuclr/nuclr/Data/Atanas_SF_unified_000776/cv5_grouped_v1/fold_0/test/train__2022-07-26-01__0f9510f7.npz,2023-01-05-18,0,85,-1,108,ASIL,ASIL|AVAL|RIVL|ASGL|ADLL,61,ASGL,0.25,0.1,0.01,-1,0,0,0.0,0
atanas,0,deterministic,FUGW (G+A; official),test,2022-07-26-01,56,OLLR,/home/ubuntu/klb/nuclr/nuclr/Data/Atanas_SF_unified_000776/cv5_grouped_v1/fold_0/test/train__2022-07-26-01__0f9510f7.npz,2023-01-05-18,1,85,31,31,URADR,URADR|IL2DR|URYDR|IL1DR|OLQDR,47,URYDR,0.25,0.1,0.01,6,0,0,0.16666666666666666,0
atanas,0,deterministic,FUGW (G+A; official),test,2022-07-26-01,58,RMDDR,/home/ubuntu/klb/nuclr/nuclr/Data/Atanas_SF_unified_000776/cv5_grouped_v1/fold_0/test/train__2022-07-26-01__0f9510f7.npz,2023-01-05-18,0,85,-1,4,AVDR,AVDR|AIBR|AVJR|AIZR|RMDVR,2,AVDR,0.25,0.1,0.01,-1,0,0,0.0,0
atanas,0,deterministic,FUGW (G+A; official),test,2022-07-26-01,62,URBR,/home/ubuntu/klb/nuclr/nuclr/Data/Atanas_SF_unified_000776/cv5_grouped_v1/fold_0/test/train__2022-07-26-01__0f9510f7.npz,2023-01-05-18,1,85,12,79,IL2L,IL2L|URBL|OLLL|IL1L|URYDL,11,URBL,0.25,0.1,0.01,64,0,0,0.015625,0
atanas,0,deterministic,FUGW (G+A; official),test,2022-07-26-01,63,OLQVR,/home/ubuntu/klb/nuclr/nuclr/Data/Atanas_SF_unified_000776/cv5_grouped_v1/fold_0/test/train__2022-07-26-01__0f9510f7.npz,2023-01-05-18,1,85,81,29,AVAR,AVAR|URBR|IL2R|RMER|OLLR,20,AVAR,0.25,0.1,0.01,6,0,0,0.16666666666666666,0
atanas,0,deterministic,FUGW (G+A; official),test,2022-07-26-01,66,SMDVR,/home/ubuntu/klb/nuclr/nuclr/Data/Atanas_SF_unified_000776/cv5_grouped_v1/fold_0/test/train__2022-07-26-01__0f9510f7.npz,2023-01-05-18,0,85,-1,54,CEPDR,CEPDR|RIVR|M1|ADLR|URXR,36,CEPDR,0.25,0.1,0.01,-1,0,0,0.0,0
atanas,0,deterministic,FUGW (G+A; official),test,2022-07-26-01,68,IL2DR,/home/ubuntu/klb/nuclr/nuclr/Data/Atanas_SF_unified_000776/cv5_grouped_v1/fold_0/test/train__2022-07-26-01__0f9510f7.npz,2023-01-05-18,1,85,3,5,IL2DR,IL2DR|MI|I3|IL2DL|M4,3,IL2DR,0.25,0.1,0.01,1,1,1,1.0,1
atanas,0,deterministic,FUGW (G+A; official),test,2022-07-26-01,69,RMER,/home/ubuntu/klb/nuclr/nuclr/Data/Atanas_SF_unified_000776/cv5_grouped_v1/fold_0/test/train__2022-07-26-01__0f9510f7.npz,2023-01-05-18,1,85,28,54,CEPDR,CEPDR|RIAR|AWBR|OLLR|RMER,60,RIAR,0.25,0.1,0.01,5,0,1,0.2,0
atanas,0,deterministic,FUGW (G+A; official),test,2022-07-26-01,71,IL2VL,/home/ubuntu/klb/nuclr/nuclr/Data/Atanas_SF_unified_000776/cv5_grouped_v1/fold_0/test/train__2022-07-26-01__0f9510f7.npz,2023-01-05-18,1,85,33,66,I2L,I2L|I1L|NSML|URAVL|MCL,45,I2L,0.25,0.1,0.01,8,0,0,0.125,0
atanas,0,deterministic,FUGW (G+A; official),test,2022-07-26-01,72,OLQDR,/home/ubuntu/klb/nuclr/nuclr/Data/Atanas_SF_unified_000776/cv5_grouped_v1/fold_0/test/train__2022-07-26-01__0f9510f7.npz,2023-01-05-18,1,85,43,91,RID,RID|OLQDR|URYDR|URXR|IL1DR,43,OLQDR,0.25,0.1,0.01,2,0,1,0.5,1
atanas,0,deterministic,FUGW (G+A; official),test,2022-07-26-01,74,URYVR,/home/ubuntu/klb/nuclr/nuclr/Data/Atanas_SF_unified_000776/cv5_grouped_v1/fold_0/test/train__2022-07-26-01__0f9510f7.npz,2023-01-05-18,0,85,-1,60,IL2R,IL2R|URBR|RMER|OLLR|OLQVR,12,URBR,0.25,0.1,0.01,-1,0,0,0.0,0
atanas,0,deterministic,FUGW (G+A; official),test,2022-07-26-01,75,IL1DL,/home/ubuntu/klb/nuclr/nuclr/Data/Atanas_SF_unified_000776/cv5_grouped_v1/fold_0/test/train__2022-07-26-01__0f9510f7.npz,2023-01-05-18,1,85,51,72,IL1DL,IL1DL|URADL|OLQDL|URYDL|MI,51,IL1DL,0.25,0.1,0.01,1,1,1,1.0,1
atanas,0,deterministic,FUGW (G+A; official),test,2022-07-26-01,77,OLLL,/home/ubuntu/klb/nuclr/nuclr/Data/Atanas_SF_unified_000776/cv5_grouped_v1/fold_0/test/train__2022-07-26-01__0f9510f7.npz,2023-01-05-18,1,85,29,69,URADL,URADL|IL2L|URYDL|OLLL|IL1DL,29,OLLL,0.25,0.1,0.01,4,0,1,0.25,1
atanas,0,deterministic,FUGW (G+A; official),test,2022-07-26-01,79,RIAL,/home/ubuntu/klb/nuclr/nuclr/Data/Atanas_SF_unified_000776/cv5_grouped_v1/fold_0/test/train__2022-07-26-01__0f9510f7.npz,2023-01-05-18,1,85,16,37,CEPDL,CEPDL|URXL|RIAL|ADLL|SMDVL,16,RIAL,0.25,0.1,0.01,3,0,1,0.3333333333333333,1
atanas,0,deterministic,FUGW (G+A; official),test,2022-07-26-01,80,RMEV,/home/ubuntu/klb/nuclr/nuclr/Data/Atanas_SF_unified_000776/cv5_grouped_v1/fold_0/test/train__2022-07-26-01__0f9510f7.npz,2023-01-05-18,1,85,82,32,AVL,AVL|SAAVL|OLQVL|AVEL|AVAL,72,SAAVL,0.25,0.1,0.01,8,0,0,0.125,0
atanas,0,deterministic,FUGW (G+A; official),test,2022-07-26-01,81,RID,/home/ubuntu/klb/nuclr/nuclr/Data/Atanas_SF_unified_000776/cv5_grouped_v1/fold_0/test/train__2022-07-26-01__0f9510f7.npz,2023-01-05-18,1,85,66,91,RID,RID|M1|URXR|CEPDR|ADLR,66,RID,0.25,0.1,0.01,1,1,1,1.0,1
atanas,0,deterministic,FUGW (G+A; official),test,2022-07-26-01,82,OLQVL,/home/ubuntu/klb/nuclr/nuclr/Data/Atanas_SF_unified_000776/cv5_grouped_v1/fold_0/test/train__2022-07-26-01__0f9510f7.npz,2023-01-05-18,1,85,5,56,IL1L,IL1L|OLQVL|URBL|URYVL|IL2L,5,OLQVL,0.25,0.1,0.01,2,0,1,0.5,1
atanas,0,deterministic,FUGW (G+A; official),test,2022-07-26-01,91,RMDVL,/home/ubuntu/klb/nuclr/nuclr/Data/Atanas_SF_unified_000776/cv5_grouped_v1/fold_0/test/train__2022-07-26-01__0f9510f7.npz,2023-01-05-18,1,85,65,88,RMDVL,RMDVL|SMDVL|AWBL|ASEL|CEPDL,65,RMDVL,0.25,0.1,0.01,1,1,1,1.0,1
atanas,0,deterministic,FUGW (G+A; official),test,2022-07-26-01,95,RMDDL,/home/ubuntu/klb/nuclr/nuclr/Data/Atanas_SF_unified_000776/cv5_grouped_v1/fold_0/test/train__2022-07-26-01__0f9510f7.npz,2023-01-05-18,1,85,79,96,AUAL,AUAL|AVEL|AWCL|RMDL|RMDDL,68,AUAL,0.25,0.1,0.01,5,0,1,0.2,0
atanas,0,deterministic,FUGW (G+A; official),test,2022-07-26-01,96,AIBL,/home/ubuntu/klb/nuclr/nuclr/Data/Atanas_SF_unified_000776/cv5_grouped_v1/fold_0/test/train__2022-07-26-01__0f9510f7.npz,2023-01-05-18,0,85,-1,96,AUAL,AUAL|I4|AVEL|ASGL|AWCL,70,I4,0.25,0.1,0.01,-1,0,0,0.0,0
atanas,0,deterministic,FUGW (G+A; official),test,2022-07-26-01,98,IL2R,/home/ubuntu/klb/nuclr/nuclr/Data/Atanas_SF_unified_000776/cv5_grouped_v1/fold_0/test/train__2022-07-26-01__0f9510f7.npz,2023-01-05-18,1,85,40,60,IL2R,IL2R|URBR|IL2DR|URADR|NSMR,40,IL2R,0.25,0.1,0.01,1,1,1,1.0,1
atanas,0,deterministic,FUGW (G+A; official),test,2022-07-26-01,100,NSMR,/home/ubuntu/klb/nuclr/nuclr/Data/Atanas_SF_unified_000776/cv5_grouped_v1/fold_0/test/train__2022-07-26-01__0f9510f7.npz,2023-01-05-18,1,85,8,27,IL2VR,IL2VR|I1R|I2R|NSMR|M3R,59,I1R,0.25,0.1,0.01,4,0,1,0.25,0
atanas,0,deterministic,FUGW (G+A; official),test,2022-07-26-01,102,IL1L,/home/ubuntu/klb/nuclr/nuclr/Data/Atanas_SF_unified_000776/cv5_grouped_v1/fold_0/test/train__2022-07-26-01__0f9510f7.npz,2023-01-05-18,1,85,37,79,IL2L,IL2L|URBL|IL1L|OLLL|URYDL,37,IL1L,0.25,0.1,0.01,3,0,1,0.3333333333333333,1
atanas,0,deterministic,FUGW (G+A; official),test,2022-07-26-01,104,IL2L,/home/ubuntu/klb/nuclr/nuclr/Data/Atanas_SF_unified_000776/cv5_grouped_v1/fold_0/test/train__2022-07-26-01__0f9510f7.npz,2023-01-05-18,1,85,57,79,IL2L,IL2L|URBL|IL1L|OLLL|URYDL,57,IL2L,0.25,0.1,0.01,1,1,1,1.0,1
atanas,0,deterministic,FUGW (G+A; official),test,2022-07-26-01,105,URBL,/home/ubuntu/klb/nuclr/nuclr/Data/Atanas_SF_unified_000776/cv5_grouped_v1/fold_0/test/train__2022-07-26-01__0f9510f7.npz,2023-01-05-18,1,85,11,60,IL2R,IL2R|URADR|IL2DR|URBR|OLLR,22,URADR,0.25,0.1,0.01,59,0,0,0.01694915254237288,0
atanas,0,deterministic,FUGW (G+A; official),test,2022-07-26-01,106,MI,/home/ubuntu/klb/nuclr/nuclr/Data/Atanas_SF_unified_000776/cv5_grouped_v1/fold_0/test/train__2022-07-26-01__0f9510f7.npz,2023-01-05-18,1,85,50,77,IL2DL,IL2DL|MI|I3|M4|URADL,50,MI,0.25,0.1,0.01,2,0,1,0.5,1
atanas,0,deterministic,FUGW (G+A; official),test,2022-07-26-01,107,AUAL,/home/ubuntu/klb/nuclr/nuclr/Data/Atanas_SF_unified_000776/cv5_grouped_v1/fold_0/test/train__2022-07-26-01__0f9510f7.npz,2023-01-05-18,1,85,68,64,AVJL,AVJL|ASEL|AWCL|AVHL|AIZL,44,AVJL,0.25,0.1,0.01,9,0,0,0.1111111111111111,0
atanas,0,deterministic,FUGW (G+A; official),test,2022-07-26-01,113,M3L,/home/ubuntu/klb/nuclr/nuclr/Data/Atanas_SF_unified_000776/cv5_grouped_v1/fold_0/test/train__2022-07-26-01__0f9510f7.npz,2023-01-05-18,1,85,9,13,M3L,M3L|MCL|IL2VL|URAVL|NSML,9,M3L,0.25,0.1,0.01,1,1,1,1.0,1
atanas,0,deterministic,FUGW (G+A; official),test,2022-07-26-01,117,AVDL,/home/ubuntu/klb/nuclr/nuclr/Data/Atanas_SF_unified_000776/cv5_grouped_v1/fold_0/test/train__2022-07-26-01__0f9510f7.npz,2023-01-05-18,0,85,-1,25,RIVL,RIVL|I6|CEPDL|SMDVL|AVHL,17,RIVL,0.25,0.1,0.01,-1,0,0,0.0,0
atanas,0,deterministic,FUGW (G+A; official),test,2022-07-26-01,119,OLQDL,/home/ubuntu/klb/nuclr/nuclr/Data/Atanas_SF_unified_000776/cv5_grouped_v1/fold_0/test/train__2022-07-26-01__0f9510f7.npz,2023-01-05-18,1,85,39,59,OLQDL,OLQDL|IL1DL|URXL|RID|URADL,39,OLQDL,0.25,0.1,0.01,1,1,1,1.0,1
atanas,0,deterministic,FUGW (G+A; official),test,2022-07-26-01,120,AINL,/home/ubuntu/klb/nuclr/nuclr/Data/Atanas_SF_unified_000776/cv5_grouped_v1/fold_0/test/train__2022-07-26-01__0f9510f7.npz,2023-01-05-18,0,85,-1,98,I6,I6|RIVL|AVHL|AVJL|ASEL,69,I6,0.25,0.1,0.01,-1,0,0,0.0,0
atanas,0,deterministic,FUGW (G+A; official),test,2022-07-26-01,122,URXR,/home/ubuntu/klb/nuclr/nuclr/Data/Atanas_SF_unified_000776/cv5_grouped_v1/fold_0/test/train__2022-07-26-01__0f9510f7.npz,2023-01-05-18,1,85,63,73,M1,M1|CEPDR|URXR|RID|ADLR,52,M1,0.25,0.1,0.01,3,0,1,0.3333333333333333,0
atanas,0,deterministic,FUGW (G+A; official),test,2022-07-26-01,123,BAGL,/home/ubuntu/klb/nuclr/nuclr/Data/Atanas_SF_unified_000776/cv5_grouped_v1/fold_0/test/train__2022-07-26-01__0f9510f7.npz,2023-01-05-18,0,85,-1,70,AVBL,AVBL|AVAL|SAAVL|ADLL|ASGL,49,AVBL,0.25,0.1,0.01,-1,0,0,0.0,0
atanas,0,deterministic,FUGW (G+A; official),test,2022-07-26-01,124,CEPVR,/home/ubuntu/klb/nuclr/nuclr/Data/Atanas_SF_unified_000776/cv5_grouped_v1/fold_0/test/train__2022-07-26-01__0f9510f7.npz,2023-01-05-18,0,85,-1,117,RMEV,RMEV|AVAR|OLQVR|AVER|URBR,81,OLQVR,0.25,0.1,0.01,-1,0,0,0.0,0
atanas,0,deterministic,FUGW (G+A; official),test,2022-07-26-01,126,URYDL,/home/ubuntu/klb/nuclr/nuclr/Data/Atanas_SF_unified_000776/cv5_grouped_v1/fold_0/test/train__2022-07-26-01__0f9510f7.npz,2023-01-05-18,1,85,32,46,URYDL,URYDL|URADL|IL1DL|OLQDL|OLLL,48,URADL,0.25,0.1,0.01,1,1,1,1.0,0
atanas,0,deterministic,FUGW (G+A; official),test,2022-07-26-01,127,FLPL,/home/ubuntu/klb/nuclr/nuclr/Data/Atanas_SF_unified_000776/cv5_grouped_v1/fold_0/test/train__2022-07-26-01__0f9510f7.npz,2023-01-05-18,1,85,13,18,FLPL,FLPL|RICL|AIZL|I6|AVJL,58,RICL,0.25,0.1,0.01,1,1,1,1.0,0
atanas,0,deterministic,FUGW (G+A; official),test,2022-07-26-01,129,NSML,/home/ubuntu/klb/nuclr/nuclr/Data/Atanas_SF_unified_000776/cv5_grouped_v1/fold_0/test/train__2022-07-26-01__0f9510f7.npz,2023-01-05-18,1,85,73,20,I1L,I1L|NSML|MCL|I2L|URAVL,73,NSML,0.25,0.1,0.01,2,0,1,0.5,1
atanas,0,deterministic,FUGW (G+A; official),test,2022-07-26-01,131,IL2VR,/home/ubuntu/klb/nuclr/nuclr/Data/Atanas_SF_unified_000776/cv5_grouped_v1/fold_0/test/train__2022-07-26-01__0f9510f7.npz,2023-01-05-18,1,85,19,27,IL2VR,IL2VR|I2R|NSMR|M3R|OLQVR,19,IL2VR,0.25,0.1,0.01,1,1,1,1.0,1
atanas,0,deterministic,FUGW (G+A; official),test,2022-07-26-01,132,URAVL,/home/ubuntu/klb/nuclr/nuclr/Data/Atanas_SF_unified_000776/cv5_grouped_v1/fold_0/test/train__2022-07-26-01__0f9510f7.npz,2023-01-05-18,1,85,1,101,URYVL,URYVL|IL2VL|URAVL|M3L|OLQVL,33,IL2VL,0.25,0.1,0.01,3,0,1,0.3333333333333333,0
atanas,0,deterministic,FUGW (G+A; official),test,2022-08-02-01,0,SAADR,/home/ubuntu/klb/nuclr/nuclr/Data/Atanas_SF_unified_000776/cv5_grouped_v1/fold_0/test/train__2022-08-02-01__17852669.npz,2023-01-05-18,0,85,-1,106,ASER,ASER|AVL|AVAR|ADLR|RIVR,-1,,0.25,0.1,0.01,-1,0,0,0.0,0
atanas,0,deterministic,FUGW (G+A; official),test,2022-08-02-01,2,IL1R,/home/ubuntu/klb/nuclr/nuclr/Data/Atanas_SF_unified_000776/cv5_grouped_v1/fold_0/test/train__2022-08-02-01__17852669.npz,2023-01-05-18,0,85,-1,27,IL2VR,IL2VR|IL2R|I2R|AVDR|AINR,-1,,0.25,0.1,0.01,-1,0,0,0.0,0
atanas,0,deterministic,FUGW (G+A; official),test,2022-08-02-01,3,AWAR,/home/ubuntu/klb/nuclr/nuclr/Data/Atanas_SF_unified_000776/cv5_grouped_v1/fold_0/test/train__2022-08-02-01__17852669.npz,2023-01-05-18,0,85,-1,4,AVDR,AVDR|ADER|FLPR|AIZR|AINR,-1,,0.25,0.1,0.01,-1,0,0,0.0,0
atanas,0,deterministic,FUGW (G+A; official),test,2022-08-02-01,5,ASGL,/home/ubuntu/klb/nuclr/nuclr/Data/Atanas_SF_unified_000776/cv5_grouped_v1/fold_0/test/train__2022-08-02-01__17852669.npz,2023-01-05-18,1,85,61,103,SAAVL,SAAVL|ADLL|AVAL|ASER|RID,61,ASGL,0.25,0.1,0.01,6,0,0,0.16666666666666666,1
atanas,0,deterministic,FUGW (G+A; official),test,2022-08-02-01,7,IL1VR,/home/ubuntu/klb/nuclr/nuclr/Data/Atanas_SF_unified_000776/cv5_grouped_v1/fold_0/test/train__2022-08-02-01__17852669.npz,2023-01-05-18,0,85,-1,4,AVDR,AVDR|FLPR|IL2VR|RMDVR|ADER,-1,,0.25,0.1,0.01,-1,0,0,0.0,0
atanas,0,deterministic,FUGW (G+A; official),test,2022-08-02-01,8,CEPVR,/home/ubuntu/klb/nuclr/nuclr/Data/Atanas_SF_unified_000776/cv5_grouped_v1/fold_0/test/train__2022-08-02-01__17852669.npz,2023-01-05-18,0,85,-1,4,AVDR,AVDR|FLPR|ADER|AIZR|RMDVR,12,URBR,0.25,0.1,0.01,-1,0,0,0.0,0
atanas,0,deterministic,FUGW (G+A; official),test,2022-08-02-01,9,RMEV,/home/ubuntu/klb/nuclr/nuclr/Data/Atanas_SF_unified_000776/cv5_grouped_v1/fold_0/test/train__2022-08-02-01__17852669.npz,2023-01-05-18,1,85,82,119,FLPR,FLPR|ADER|AVDR|AIZR|AVJR,-1,,0.25,0.1,0.01,28,0,0,0.03571428571428571,0
atanas,0,deterministic,FUGW (G+A; official),test,2022-08-02-01,10,RMDR,/home/ubuntu/klb/nuclr/nuclr/Data/Atanas_SF_unified_000776/cv5_grouped_v1/fold_0/test/train__2022-08-02-01__17852669.npz,2023-01-05-18,0,85,-1,38,AINR,AINR|AVDR|ADER|FLPR|AIZR,43,OLQDR,0.25,0.1,0.01,-1,0,0,0.0,0
atanas,0,deterministic,FUGW (G+A; official),test,2022-08-02-01,12,AIBR,/home/ubuntu/klb/nuclr/nuclr/Data/Atanas_SF_unified_000776/cv5_grouped_v1/fold_0/test/train__2022-08-02-01__17852669.npz,2023-01-05-18,1,85,55,38,AINR,AINR|AVAR|AIBR|ADER|AVDR,-1,,0.25,0.1,0.01,3,0,1,0.3333333333333333,0
atanas,0,deterministic,FUGW (G+A; official),test,2022-08-02-01,13,AWBR,/home/ubuntu/klb/nuclr/nuclr/Data/Atanas_SF_unified_000776/cv5_grouped_v1/fold_0/test/train__2022-08-02-01__17852669.npz,2023-01-05-18,1,85,74,4,AVDR,AVDR|AINR|ADER|AIZR|FLPR,63,URXR,0.25,0.1,0.01,9,0,0,0.1111111111111111,0
atanas,0,deterministic,FUGW (G+A; official),test,2022-08-02-01,14,AIZL,/home/ubuntu/klb/nuclr/nuclr/Data/Atanas_SF_unified_000776/cv5_grouped_v1/fold_0/test/train__2022-08-02-01__17852669.npz,2023-01-05-18,1,85,78,18,FLPL,FLPL|AVJL|AIZL|RICL|I6,34,ASEL,0.25,0.1,0.01,3,0,1,0.3333333333333333,0
atanas,0,deterministic,FUGW (G+A; official),test,2022-08-02-01,16,AUAL,/home/ubuntu/klb/nuclr/nuclr/Data/Atanas_SF_unified_000776/cv5_grouped_v1/fold_0/test/train__2022-08-02-01__17852669.npz,2023-01-05-18,1,85,68,18,FLPL,FLPL|AIZL|AVJL|RICL|AWCL,4,RMDL,0.25,0.1,0.01,6,0,0,0.16666666666666666,0
atanas,0,deterministic,FUGW (G+A; official),test,2022-08-02-01,17,AIZR,/home/ubuntu/klb/nuclr/nuclr/Data/Atanas_SF_unified_000776/cv5_grouped_v1/fold_0/test/train__2022-08-02-01__17852669.npz,2023-01-05-18,1,85,21,52,ADER,ADER|FLPR|AVDR|AIZR|AINR,21,AIZR,0.25,0.1,0.01,4,0,1,0.25,1
atanas,0,deterministic,FUGW (G+A; official),test,2022-08-02-01,19,AVJR,/home/ubuntu/klb/nuclr/nuclr/Data/Atanas_SF_unified_000776/cv5_grouped_v1/fold_0/test/train__2022-08-02-01__17852669.npz,2023-01-05-18,1,85,30,4,AVDR,AVDR|ADER|AINR|FLPR|AIZR,60,RIAR,0.25,0.1,0.01,6,0,0,0.16666666666666666,0
atanas,0,deterministic,FUGW (G+A; official),test,2022-08-02-01,21,AIBL,/home/ubuntu/klb/nuclr/nuclr/Data/Atanas_SF_unified_000776/cv5_grouped_v1/fold_0/test/train__2022-08-02-01__17852669.npz,2023-01-05-18,0,85,-1,18,FLPL,FLPL|RICL|AIZL|I6|RMDDL,-1,,0.25,0.1,0.01,-1,0,0,0.0,0
atanas,0,deterministic,FUGW (G+A; official),test,2022-08-02-01,22,ASEL,/home/ubuntu/klb/nuclr/nuclr/Data/Atanas_SF_unified_000776/cv5_grouped_v1/fold_0/test/train__2022-08-02-01__17852669.npz,2023-01-05-18,1,85,34,18,FLPL,FLPL|AVJL|AIZL|AWCL|RICL,-1,,0.25,0.1,0.01,11,0,0,0.09090909090909091,0
atanas,0,deterministic,FUGW (G+A; official),test,2022-08-02-01,24,I2R,/home/ubuntu/klb/nuclr/nuclr/Data/Atanas_SF_unified_000776/cv5_grouped_v1/fold_0/test/train__2022-08-02-01__17852669.npz,2023-01-05-18,1,85,53,27,IL2VR,IL2VR|I2R|I1R|NSMR|M3R,53,I2R,0.25,0.1,0.01,2,0,1,0.5,1
atanas,0,deterministic,FUGW (G+A; official),test,2022-08-02-01,25,URBR,/home/ubuntu/klb/nuclr/nuclr/Data/Atanas_SF_unified_000776/cv5_grouped_v1/fold_0/test/train__2022-08-02-01__17852669.npz,2023-01-05-18,1,85,12,4,AVDR,AVDR|RMDVR|AIZR|AVJR|IL2VR,31,OLLR,0.25,0.1,0.01,10,0,0,0.1,0
atanas,0,deterministic,FUGW (G+A; official),test,2022-08-02-01,26,SAAVL,/home/ubuntu/klb/nuclr/nuclr/Data/Atanas_SF_unified_000776/cv5_grouped_v1/fold_0/test/train__2022-08-02-01__17852669.npz,2023-01-05-18,1,85,72,103,SAAVL,SAAVL|ADLL|AVAL|ASER|RID,10,AWAL,0.25,0.1,0.01,1,1,1,1.0,0
atanas,0,deterministic,FUGW (G+A; official),test,2022-08-02-01,27,IL2DL,/home/ubuntu/klb/nuclr/nuclr/Data/Atanas_SF_unified_000776/cv5_grouped_v1/fold_0/test/train__2022-08-02-01__17852669.npz,2023-01-05-18,1,85,56,20,I1L,I1L|NSML|IL2DL|I2L|M3L,51,IL1DL,0.25,0.1,0.01,3,0,1,0.3333333333333333,0
atanas,0,deterministic,FUGW (G+A; official),test,2022-08-02-01,28,IL1DL,/home/ubuntu/klb/nuclr/nuclr/Data/Atanas_SF_unified_000776/cv5_grouped_v1/fold_0/test/train__2022-08-02-01__17852669.npz,2023-01-05-18,1,85,51,82,I1R,I1R|I1L|M3L|IL2DR|IL2DL,-1,,0.25,0.1,0.01,28,0,0,0.03571428571428571,0
atanas,0,deterministic,FUGW (G+A; official),test,2022-08-02-01,29,IL2VR,/home/ubuntu/klb/nuclr/nuclr/Data/Atanas_SF_unified_000776/cv5_grouped_v1/fold_0/test/train__2022-08-02-01__17852669.npz,2023-01-05-18,1,85,19,27,IL2VR,IL2VR|I1R|I2R|NSMR|M3R,19,IL2VR,0.25,0.1,0.01,1,1,1,1.0,1
atanas,0,deterministic,FUGW (G+A; official),test,2022-08-02-01,30,OLQVR,/home/ubuntu/klb/nuclr/nuclr/Data/Atanas_SF_unified_000776/cv5_grouped_v1/fold_0/test/train__2022-08-02-01__17852669.npz,2023-01-05-18,1,85,81,4,AVDR,AVDR|FLPR|AINR|ADER|AIZR,-1,,0.25,0.1,0.01,17,0,0,0.058823529411764705,0
atanas,0,deterministic,FUGW (G+A; official),test,2022-08-02-01,31,URXL,/home/ubuntu/klb/nuclr/nuclr/Data/Atanas_SF_unified_000776/cv5_grouped_v1/fold_0/test/train__2022-08-02-01__17852669.npz,2023-01-05-18,1,85,38,37,CEPDL,CEPDL|FLPL|CEPDR|AVJR|AVJL,-1,,0.25,0.1,0.01,10,0,0,0.1,0
atanas,0,deterministic,FUGW (G+A; official),test,2022-08-02-01,32,CEPDL,/home/ubuntu/klb/nuclr/nuclr/Data/Atanas_SF_unified_000776/cv5_grouped_v1/fold_0/test/train__2022-08-02-01__17852669.npz,2023-01-05-18,1,85,26,37,CEPDL,CEPDL|FLPL|AVJL|AWCL|RMDVL,-1,,0.25,0.1,0.01,1,1,1,1.0,0
atanas,0,deterministic,FUGW (G+A; official),test,2022-08-02-01,33,SMDDL,/home/ubuntu/klb/nuclr/nuclr/Data/Atanas_SF_unified_000776/cv5_grouped_v1/fold_0/test/train__2022-08-02-01__17852669.npz,2023-01-05-18,0,85,-1,18,FLPL,FLPL|FLPR|ADER|RMDDL|AVDR,68,AUAL,0.25,0.1,0.01,-1,0,0,0.0,0
atanas,0,deterministic,FUGW (G+A; official),test,2022-08-02-01,35,AVJL,/home/ubuntu/klb/nuclr/nuclr/Data/Atanas_SF_unified_000776/cv5_grouped_v1/fold_0/test/train__2022-08-02-01__17852669.npz,2023-01-05-18,1,85,44,18,FLPL,FLPL|AVJL|AIZL|AWCL|CEPDL,16,RIAL,0.25,0.1,0.01,2,0,1,0.5,0
atanas,0,deterministic,FUGW (G+A; official),test,2022-08-02-01,36,ASKL,/home/ubuntu/klb/nuclr/nuclr/Data/Atanas_SF_unified_000776/cv5_grouped_v1/fold_0/test/train__2022-08-02-01__17852669.npz,2023-01-05-18,0,85,-1,98,I6,I6|RIVL|AVHL|M1|SMDVL,-1,,0.25,0.1,0.01,-1,0,0,0.0,0
atanas,0,deterministic,FUGW (G+A; official),test,2022-08-02-01,37,AVDR,/home/ubuntu/klb/nuclr/nuclr/Data/Atanas_SF_unified_000776/cv5_grouped_v1/fold_0/test/train__2022-08-02-01__17852669.npz,2023-01-05-18,1,85,2,4,AVDR,AVDR|FLPR|ADER|AIZR|AINR,30,AVJR,0.25,0.1,0.01,1,1,1,1.0,0
atanas,0,deterministic,FUGW (G+A; official),test,2022-08-02-01,38,NSMR,/home/ubuntu/klb/nuclr/nuclr/Data/Atanas_SF_unified_000776/cv5_grouped_v1/fold_0/test/train__2022-08-02-01__17852669.npz,2023-01-05-18,1,85,8,27,IL2VR,IL2VR|I2R|I1R|NSMR|M3R,8,NSMR,0.25,0.1,0.01,4,0,1,0.25,1
atanas,0,deterministic,FUGW (G+A; official),test,2022-08-02-01,39,RIVL,/home/ubuntu/klb/nuclr/nuclr/Data/Atanas_SF_unified_000776/cv5_grouped_v1/fold_0/test/train__2022-08-02-01__17852669.npz,2023-01-05-18,1,85,17,108,ASIL,ASIL|RIVL|ASGL|ADLL|AWAL,64,SMDVL,0.25,0.1,0.01,2,0,1,0.5,0
atanas,0,deterministic,FUGW (G+A; official),test,2022-08-02-01,40,URADL,/home/ubuntu/klb/nuclr/nuclr/Data/Atanas_SF_unified_000776/cv5_grouped_v1/fold_0/test/train__2022-08-02-01__17852669.npz,2023-01-05-18,1,85,48,20,I1L,I1L|NSML|I2L|M3L|I1R,29,OLLL,0.25,0.1,0.01,10,0,0,0.1,0
atanas,0,deterministic,FUGW (G+A; official),test,2022-08-02-01,41,FLPL,/home/ubuntu/klb/nuclr/nuclr/Data/Atanas_SF_unified_000776/cv5_grouped_v1/fold_0/test/train__2022-08-02-01__17852669.npz,2023-01-05-18,1,85,13,18,FLPL,FLPL|AIZL|AVJL|RMDDL|RICL,44,AVJL,0.25,0.1,0.01,1,1,1,1.0,0
atanas,0,deterministic,FUGW (G+A; official),test,2022-08-02-01,42,OLQDR,/home/ubuntu/klb/nuclr/nuclr/Data/Atanas_SF_unified_000776/cv5_grouped_v1/fold_0/test/train__2022-08-02-01__17852669.npz,2023-01-05-18,1,85,43,38,AINR,AINR|AIZR|AVDR|RMDVR|AVJR,-1,,0.25,0.1,0.01,25,0,0,0.04,0
atanas,0,deterministic,FUGW (G+A; official),test,2022-08-02-01,47,RIBL,/home/ubuntu/klb/nuclr/nuclr/Data/Atanas_SF_unified_000776/cv5_grouped_v1/fold_0/test/train__2022-08-02-01__17852669.npz,2023-01-05-18,0,85,-1,70,AVBL,AVBL|ASER|SAAVL|RID|ADLL,-1,,0.25,0.1,0.01,-1,0,0,0.0,0
atanas,0,deterministic,FUGW (G+A; official),test,2022-08-02-01,48,RIH,/home/ubuntu/klb/nuclr/nuclr/Data/Atanas_SF_unified_000776/cv5_grouped_v1/fold_0/test/train__2022-08-02-01__17852669.npz,2023-01-05-18,0,85,-1,106,ASER,ASER|SAAVL|RID|ADLL|AVL,23,AVL,0.25,0.1,0.01,-1,0,0,0.0,0
atanas,0,deterministic,FUGW (G+A; official),test,2022-08-02-01,50,M5,/home/ubuntu/klb/nuclr/nuclr/Data/Atanas_SF_unified_000776/cv5_grouped_v1/fold_0/test/train__2022-08-02-01__17852669.npz,2023-01-05-18,0,85,-1,98,I6,I6|FLPL|RICL|M1|AVHL,69,I6,0.25,0.1,0.01,-1,0,0,0.0,0
atanas,0,deterministic,FUGW (G+A; official),test,2022-08-02-01,53,AIYL,/home/ubuntu/klb/nuclr/nuclr/Data/Atanas_SF_unified_000776/cv5_grouped_v1/fold_0/test/train__2022-08-02-01__17852669.npz,2023-01-05-18,0,85,-1,119,FLPR,FLPR|ADER|RMDDL|FLPL|AVDR,79,RMDDL,0.25,0.1,0.01,-1,0,0,0.0,0
atanas,0,deterministic,FUGW (G+A; official),test,2022-08-02-01,54,AVAR,/home/ubuntu/klb/nuclr/nuclr/Data/Atanas_SF_unified_000776/cv5_grouped_v1/fold_0/test/train__2022-08-02-01__17852669.npz,2023-01-05-18,1,85,20,106,ASER,ASER|AVAR|AVL|ADLR|RIVR,40,IL2R,0.25,0.1,0.01,2,0,1,0.5,0
atanas,0,deterministic,FUGW (G+A; official),test,2022-08-02-01,55,FLPR,/home/ubuntu/klb/nuclr/nuclr/Data/Atanas_SF_unified_000776/cv5_grouped_v1/fold_0/test/train__2022-08-02-01__17852669.npz,2023-01-05-18,1,85,83,52,ADER,ADER|AVDR|FLPR|AINR|AIZR,27,AINR,0.25,0.1,0.01,3,0,1,0.3333333333333333,0
atanas,0,deterministic,FUGW (G+A; official),test,2022-08-02-01,56,SMDDR,/home/ubuntu/klb/nuclr/nuclr/Data/Atanas_SF_unified_000776/cv5_grouped_v1/fold_0/test/train__2022-08-02-01__17852669.npz,2023-01-05-18,0,85,-1,52,ADER,ADER|FLPR|AVDR|AINR|AIZR,55,AIBR,0.25,0.1,0.01,-1,0,0,0.0,0
atanas,0,deterministic,FUGW (G+A; official),test,2022-08-02-01,57,I2L,/home/ubuntu/klb/nuclr/nuclr/Data/Atanas_SF_unified_000776/cv5_grouped_v1/fold_0/test/train__2022-08-02-01__17852669.npz,2023-01-05-18,1,85,45,66,I2L,I2L|I1L|NSML|URAVL|MCL,37,IL1L,0.25,0.1,0.01,1,1,1,1.0,0
atanas,0,deterministic,FUGW (G+A; official),test,2022-08-02-01,58,AVL,/home/ubuntu/klb/nuclr/nuclr/Data/Atanas_SF_unified_000776/cv5_grouped_v1/fold_0/test/train__2022-08-02-01__17852669.npz,2023-01-05-18,1,85,23,106,ASER,ASER|SAAVL|AVL|AVAL|ADLL,5,OLQVL,0.25,0.1,0.01,3,0,1,0.3333333333333333,0
atanas,0,deterministic,FUGW (G+A; official),test,2022-08-02-01,59,SMBVR,/home/ubuntu/klb/nuclr/nuclr/Data/Atanas_SF_unified_000776/cv5_grouped_v1/fold_0/test/train__2022-08-02-01__17852669.npz,2023-01-05-18,0,85,-1,106,ASER,ASER|AVL|AVAR|ADLL|RID,46,AVEL,0.25,0.1,0.01,-1,0,0,0.0,0
atanas,0,deterministic,FUGW (G+A; official),test,2022-08-02-01,60,M3L,/home/ubuntu/klb/nuclr/nuclr/Data/Atanas_SF_unified_000776/cv5_grouped_v1/fold_0/test/train__2022-08-02-01__17852669.npz,2023-01-05-18,1,85,9,20,I1L,I1L|NSML|I1R|I2L|M3L,73,NSML,0.25,0.1,0.01,5,0,1,0.2,0
atanas,0,deterministic,FUGW (G+A; official),test,2022-08-02-01,61,RMED,/home/ubuntu/klb/nuclr/nuclr/Data/Atanas_SF_unified_000776/cv5_grouped_v1/fold_0/test/train__2022-08-02-01__17852669.npz,2023-01-05-18,0,85,-1,106,ASER,ASER|RID|SAAVL|ADLL|AVAL,66,RID,0.25,0.1,0.01,-1,0,0,0.0,0
atanas,0,deterministic,FUGW (G+A; official),test,2022-08-02-01,62,AVER,/home/ubuntu/klb/nuclr/nuclr/Data/Atanas_SF_unified_000776/cv5_grouped_v1/fold_0/test/train__2022-08-02-01__17852669.npz,2023-01-05-18,1,85,41,38,AINR,AINR|AVAR|AIBR|RIVR|AVDR,-1,,0.25,0.1,0.01,6,0,0,0.16666666666666666,0
atanas,0,deterministic,FUGW (G+A; official),test,2022-08-02-01,63,IL2L,/home/ubuntu/klb/nuclr/nuclr/Data/Atanas_SF_unified_000776/cv5_grouped_v1/fold_0/test/train__2022-08-02-01__17852669.npz,2023-01-05-18,1,85,57,104,NSML,NSML|I1L|I2L|M3L|IL2VL,9,M3L,0.25,0.1,0.01,60,0,0,0.016666666666666666,0
atanas,0,deterministic,FUGW (G+A; official),test,2022-08-02-01,64,BAGR,/home/ubuntu/klb/nuclr/nuclr/Data/Atanas_SF_unified_000776/cv5_grouped_v1/fold_0/test/train__2022-08-02-01__17852669.npz,2023-01-05-18,0,85,-1,106,ASER,ASER|SAAVL|RID|ADLL|AVAL,75,ASER,0.25,0.1,0.01,-1,0,0,0.0,0
atanas,0,deterministic,FUGW (G+A; official),test,2022-08-02-01,65,ADEL,/home/ubuntu/klb/nuclr/nuclr/Data/Atanas_SF_unified_000776/cv5_grouped_v1/fold_0/test/train__2022-08-02-01__17852669.npz,2023-01-05-18,0,85,-1,18,FLPL,FLPL|RICL|AIZL|AVJL|RMDDL,58,RICL,0.25,0.1,0.01,-1,0,0,0.0,0
atanas,0,deterministic,FUGW (G+A; official),test,2022-08-02-01,66,ADAL,/home/ubuntu/klb/nuclr/nuclr/Data/Atanas_SF_unified_000776/cv5_grouped_v1/fold_0/test/train__2022-08-02-01__17852669.npz,2023-01-05-18,0,85,-1,18,FLPL,FLPL|RICL|AIZL|AVJL|I6,78,AIZL,0.25,0.1,0.01,-1,0,0,0.0,0
atanas,0,deterministic,FUGW (G+A; official),test,2022-08-02-01,67,OLQVL,/home/ubuntu/klb/nuclr/nuclr/Data/Atanas_SF_unified_000776/cv5_grouped_v1/fold_0/test/train__2022-08-02-01__17852669.npz,2023-01-05-18,1,85,5,66,I2L,I2L|URAVL|NSML|AWCL|AIZL,11,URBL,0.25,0.1,0.01,46,0,0,0.021739130434782608,0
atanas,0,deterministic,FUGW (G+A; official),test,2022-08-02-01,68,RIAL,/home/ubuntu/klb/nuclr/nuclr/Data/Atanas_SF_unified_000776/cv5_grouped_v1/fold_0/test/train__2022-08-02-01__17852669.npz,2023-01-05-18,1,85,16,18,FLPL,FLPL|AVJL|AIZL|RICL|CEPDL,39,OLQDL,0.25,0.1,0.01,14,0,0,0.07142857142857142,0
atanas,0,deterministic,FUGW (G+A; official),test,2022-08-02-01,69,AVAL,/home/ubuntu/klb/nuclr/nuclr/Data/Atanas_SF_unified_000776/cv5_grouped_v1/fold_0/test/train__2022-08-02-01__17852669.npz,2023-01-05-18,1,85,0,103,SAAVL,SAAVL|AVAL|ADLL|ASER|RID,57,IL2L,0.25,0.1,0.01,2,0,1,0.5,0
atanas,0,deterministic,FUGW (G+A; official),test,2022-08-02-01,72,AIML,/home/ubuntu/klb/nuclr/nuclr/Data/Atanas_SF_unified_000776/cv5_grouped_v1/fold_0/test/train__2022-08-02-01__17852669.npz,2023-01-05-18,0,85,-1,18,FLPL,FLPL|ADER|FLPR|RICL|I6,-1,,0.25,0.1,0.01,-1,0,0,0.0,0
atanas,0,deterministic,FUGW (G+A; official),test,2022-08-02-01,74,ASHL,/home/ubuntu/klb/nuclr/nuclr/Data/Atanas_SF_unified_000776/cv5_grouped_v1/fold_0/test/train__2022-08-02-01__17852669.npz,2023-01-05-18,0,85,-1,103,SAAVL,SAAVL|AVAL|ADLL|ASER|RID,17,RIVL,0.25,0.1,0.01,-1,0,0,0.0,0
atanas,0,deterministic,FUGW (G+A; official),test,2022-08-02-01,75,RMDDL,/home/ubuntu/klb/nuclr/nuclr/Data/Atanas_SF_unified_000776/cv5_grouped_v1/fold_0/test/train__2022-08-02-01__17852669.npz,2023-01-05-18,1,85,79,119,FLPR,FLPR|AVDR|ADER|AIZR|AVJR,84,RMDVR,0.25,0.1,0.01,9,0,0,0.1111111111111111,0
atanas,0,deterministic,FUGW (G+A; official),test,2022-08-02-01,76,RICR,/home/ubuntu/klb/nuclr/nuclr/Data/Atanas_SF_unified_000776/cv5_grouped_v1/fold_0/test/train__2022-08-02-01__17852669.npz,2023-01-05-18,0,85,-1,52,ADER,ADER|FLPR|AVDR|AIZR|AINR,2,AVDR,0.25,0.1,0.01,-1,0,0,0.0,0
atanas,0,deterministic,FUGW (G+A; official),test,2022-08-02-01,77,NSML,/home/ubuntu/klb/nuclr/nuclr/Data/Atanas_SF_unified_000776/cv5_grouped_v1/fold_0/test/train__2022-08-02-01__17852669.npz,2023-01-05-18,1,85,73,20,I1L,I1L|NSML|I2L|I1R|M3L,45,I2L,0.25,0.1,0.01,2,0,1,0.5,0
atanas,0,deterministic,FUGW (G+A; official),test,2022-08-02-01,79,AIMR,/home/ubuntu/klb/nuclr/nuclr/Data/Atanas_SF_unified_000776/cv5_grouped_v1/fold_0/test/train__2022-08-02-01__17852669.npz,2023-01-05-18,0,85,-1,52,ADER,ADER|FLPR|AVDR|AINR|AIZR,35,ADER,0.25,0.1,0.01,-1,0,0,0.0,0
atanas,0,deterministic,FUGW (G+A; official),test,2022-08-02-01,83,SMDVL,/home/ubuntu/klb/nuclr/nuclr/Data/Atanas_SF_unified_000776/cv5_grouped_v1/fold_0/test/train__2022-08-02-01__17852669.npz,2023-01-05-18,1,85,64,25,RIVL,RIVL|I6|SMDVL|ASIL|AWAL,-1,,0.25,0.1,0.01,3,0,1,0.3333333333333333,0
atanas,0,deterministic,FUGW (G+A; official),test,2022-08-02-01,84,AINL,/home/ubuntu/klb/nuclr/nuclr/Data/Atanas_SF_unified_000776/cv5_grouped_v1/fold_0/test/train__2022-08-02-01__17852669.npz,2023-01-05-18,0,85,-1,18,FLPL,FLPL|AVJL|AIZL|RICL|I6,67,AWBL,0.25,0.1,0.01,-1,0,0,0.0,0
atanas,0,deterministic,FUGW (G+A; official),test,2022-08-02-01,86,SMBDR,/home/ubuntu/klb/nuclr/nuclr/Data/Atanas_SF_unified_000776/cv5_grouped_v1/fold_0/test/train__2022-08-02-01__17852669.npz,2023-01-05-18,0,85,-1,32,AVL,AVL|ASER|AVAR|ADLR|AVER,-1,,0.25,0.1,0.01,-1,0,0,0.0,0
atanas,0,deterministic,FUGW (G+A; official),test,2022-08-02-01,87,VB02,/home/ubuntu/klb/nuclr/nuclr/Data/Atanas_SF_unified_000776/cv5_grouped_v1/fold_0/test/train__2022-08-02-01__17852669.npz,2023-01-05-18,0,85,-1,52,ADER,ADER|FLPR|AVDR|AIZR|AINR,83,FLPR,0.25,0.1,0.01,-1,0,0,0.0,0
atanas,0,deterministic,FUGW (G+A; official),test,2022-08-02-01,88,AWCL,/home/ubuntu/klb/nuclr/nuclr/Data/Atanas_SF_unified_000776/cv5_grouped_v1/fold_0/test/train__2022-08-02-01__17852669.npz,2023-01-05-18,1,85,54,18,FLPL,FLPL|AVJL|AIZL|RMDDL|AWCL,54,AWCL,0.25,0.1,0.01,5,0,1,0.2,1
atanas,0,deterministic,FUGW (G+A; official),test,2022-08-02-01,89,SMBDL,/home/ubuntu/klb/nuclr/nuclr/Data/Atanas_SF_unified_000776/cv5_grouped_v1/fold_0/test/train__2022-08-02-01__17852669.npz,2023-01-05-18,0,85,-1,106,ASER,ASER|AVL|AVAR|ADLR|RIVR,82,RMEV,0.25,0.1,0.01,-1,0,0,0.0,0
atanas,0,deterministic,FUGW (G+A; official),test,2022-08-02-01,91,URXR,/home/ubuntu/klb/nuclr/nuclr/Data/Atanas_SF_unified_000776/cv5_grouped_v1/fold_0/test/train__2022-08-02-01__17852669.npz,2023-01-05-18,1,85,63,44,AVJR,AVJR|AVDR|AIZR|CEPDR|FLPR,38,URXL,0.25,0.1,0.01,13,0,0,0.07692307692307693,0
atanas,0,deterministic,FUGW (G+A; official),test,2022-08-02-01,93,MCR,/home/ubuntu/klb/nuclr/nuclr/Data/Atanas_SF_unified_000776/cv5_grouped_v1/fold_0/test/train__2022-08-02-01__17852669.npz,2023-01-05-18,0,85,-1,27,IL2VR,IL2VR|I1R|I2R|NSMR|M3R,25,MCL,0.25,0.1,0.01,-1,0,0,0.0,0
atanas,0,deterministic,FUGW (G+A; official),test,2022-08-02-01,94,RMER,/home/ubuntu/klb/nuclr/nuclr/Data/Atanas_SF_unified_000776/cv5_grouped_v1/fold_0/test/train__2022-08-02-01__17852669.npz,2023-01-05-18,1,85,28,4,AVDR,AVDR|AIZR|FLPR|AVJR|RMDVR,28,RMER,0.25,0.1,0.01,8,0,0,0.125,1
atanas,0,deterministic,FUGW (G+A; official),test,2022-08-02-01,96,RICL,/home/ubuntu/klb/nuclr/nuclr/Data/Atanas_SF_unified_000776/cv5_grouped_v1/fold_0/test/train__2022-08-02-01__17852669.npz,2023-01-05-18,1,85,58,18,FLPL,FLPL|AVJL|AIZL|RICL|AWCL,65,RMDVL,0.25,0.1,0.01,4,0,1,0.25,0
atanas,0,deterministic,FUGW (G+A; official),test,2022-08-02-01,97,RMFL,/home/ubuntu/klb/nuclr/nuclr/Data/Atanas_SF_unified_000776/cv5_grouped_v1/fold_0/test/train__2022-08-02-01__17852669.npz,2023-01-05-18,0,85,-1,119,FLPR,FLPR|ADER|AVDR|RMDDL|AIZR,-1,,0.25,0.1,0.01,-1,0,0,0.0,0
atanas,0,deterministic,FUGW (G+A; official),test,2022-08-02-01,99,RIVR,/home/ubuntu/klb/nuclr/nuclr/Data/Atanas_SF_unified_000776/cv5_grouped_v1/fold_0/test/train__2022-08-02-01__17852669.npz,2023-01-05-18,1,85,80,38,AINR,AINR|ADER|AVDR|AIZR|FLPR,52,M1,0.25,0.1,0.01,6,0,0,0.16666666666666666,0
atanas,0,deterministic,FUGW (G+A; official),test,2022-08-02-01,100,M3R,/home/ubuntu/klb/nuclr/nuclr/Data/Atanas_SF_unified_000776/cv5_grouped_v1/fold_0/test/train__2022-08-02-01__17852669.npz,2023-01-05-18,1,85,24,27,IL2VR,IL2VR|I1R|NSMR|I2R|M3R,24,M3R,0.25,0.1,0.01,5,0,1,0.2,1
atanas,0,deterministic,FUGW (G+A; official),test,2022-08-02-01,101,URBL,/home/ubuntu/klb/nuclr/nuclr/Data/Atanas_SF_unified_000776/cv5_grouped_v1/fold_0/test/train__2022-08-02-01__17852669.npz,2023-01-05-18,1,85,11,104,NSML,NSML|I1L|I2L|M3L|IL2VL,71,URYVL,0.25,0.1,0.01,31,0,0,0.03225806451612903,0
atanas,0,deterministic,FUGW (G+A; official),test,2022-08-02-01,102,ASGR,/home/ubuntu/klb/nuclr/nuclr/Data/Atanas_SF_unified_000776/cv5_grouped_v1/fold_0/test/train__2022-08-02-01__17852669.npz,2023-01-05-18,0,85,-1,106,ASER,ASER|AVAR|ADLR|RID|AVL,80,RIVR,0.25,0.1,0.01,-1,0,0,0.0,0
atanas,0,deterministic,FUGW (G+A; official),test,2022-08-02-01,103,URYVL,/home/ubuntu/klb/nuclr/nuclr/Data/Atanas_SF_unified_000776/cv5_grouped_v1/fold_0/test/train__2022-08-02-01__17852669.npz,2023-01-05-18,1,85,71,66,I2L,I2L|URAVL|NSML|I1L|IL2VL,-1,,0.25,0.1,0.01,9,0,0,0.1111111111111111,0
atanas,0,deterministic,FUGW (G+A; official),test,2022-08-02-01,104,RID,/home/ubuntu/klb/nuclr/nuclr/Data/Atanas_SF_unified_000776/cv5_grouped_v1/fold_0/test/train__2022-08-02-01__17852669.npz,2023-01-05-18,1,85,66,91,RID,RID|ASER|ADLL|ADLR|RIVR,-1,,0.25,0.1,0.01,1,1,1,1.0,0
atanas,0,deterministic,FUGW (G+A; official),test,2022-08-02-01,106,AWBL,/home/ubuntu/klb/nuclr/nuclr/Data/Atanas_SF_unified_000776/cv5_grouped_v1/fold_0/test/train__2022-08-02-01__17852669.npz,2023-01-05-18,1,85,67,18,FLPL,FLPL|AVJL|AIZL|AWCL|RICL,-1,,0.25,0.1,0.01,16,0,0,0.0625,0
atanas,0,deterministic,FUGW (G+A; official),test,2022-08-02-01,108,RMDDR,/home/ubuntu/klb/nuclr/nuclr/Data/Atanas_SF_unified_000776/cv5_grouped_v1/fold_0/test/train__2022-08-02-01__17852669.npz,2023-01-05-18,0,85,-1,113,RMDDL,RMDDL|FLPL|FLPR|ADER|AVDR,6,CEPVL,0.25,0.1,0.01,-1,0,0,0.0,0
atanas,0,deterministic,FUGW (G+A; official),test,2022-08-02-01,109,IL1DR,/home/ubuntu/klb/nuclr/nuclr/Data/Atanas_SF_unified_000776/cv5_grouped_v1/fold_0/test/train__2022-08-02-01__17852669.npz,2023-01-05-18,1,85,42,121,RMDVR,RMDVR|NSMR|M3R|I1R|IL2DR,-1,,0.25,0.1,0.01,24,0,0,0.041666666666666664,0
atanas,0,deterministic,FUGW (G+A; official),test,2022-08-02-01,110,I3,/home/ubuntu/klb/nuclr/nuclr/Data/Atanas_SF_unified_000776/cv5_grouped_v1/fold_0/test/train__2022-08-02-01__17852669.npz,2023-01-05-18,1,85,18,82,I1R,I1R|I1L|IL2VR|NSMR|I2R,18,I3,0.25,0.1,0.01,12,0,0,0.08333333333333333,1
atanas,0,deterministic,FUGW (G+A; official),test,2022-08-02-01,112,I1R,/home/ubuntu/klb/nuclr/nuclr/Data/Atanas_SF_unified_000776/cv5_grouped_v1/fold_0/test/train__2022-08-02-01__17852669.npz,2023-01-05-18,1,85,59,27,IL2VR,IL2VR|I1R|I2R|NSMR|I1L,59,I1R,0.25,0.1,0.01,2,0,1,0.5,1
atanas,0,deterministic,FUGW (G+A; official),test,2022-08-02-01,114,URADR,/home/ubuntu/klb/nuclr/nuclr/Data/Atanas_SF_unified_000776/cv5_grouped_v1/fold_0/test/train__2022-08-02-01__17852669.npz,2023-01-05-18,1,85,22,11,NSMR,NSMR|IL2VR|RMDVR|I2R|M3R,42,IL1DR,0.25,0.1,0.01,13,0,0,0.07692307692307693,0
atanas,0,deterministic,FUGW (G+A; official),test,2022-08-02-01,116,URYDR,/home/ubuntu/klb/nuclr/nuclr/Data/Atanas_SF_unified_000776/cv5_grouped_v1/fold_0/test/train__2022-08-02-01__17852669.npz,2023-01-05-18,1,85,47,121,RMDVR,RMDVR|AVDR|AINR|I2R|AIZR,-1,,0.25,0.1,0.01,23,0,0,0.043478260869565216,0
atanas,0,deterministic,FUGW (G+A; official),test,2022-08-02-01,118,RMDL,/home/ubuntu/klb/nuclr/nuclr/Data/Atanas_SF_unified_000776/cv5_grouped_v1/fold_0/test/train__2022-08-02-01__17852669.npz,2023-01-05-18,1,85,4,80,RICL,RICL|FLPL|RMDDL|AIZL|AUAL,-1,,0.25,0.1,0.01,8,0,0,0.125,0
atanas,0,deterministic,FUGW (G+A; official),test,2022-08-02-01,119,SMDVR,/home/ubuntu/klb/nuclr/nuclr/Data/Atanas_SF_unified_000776/cv5_grouped_v1/fold_0/test/train__2022-08-02-01__17852669.npz,2023-01-05-18,0,85,-1,38,AINR,AINR|AVDR|AIZR|ADER|AVJR,-1,,0.25,0.1,0.01,-1,0,0,0.0,0
atanas,0,deterministic,FUGW (G+A; official),test,2022-08-02-01,121,RMEL,/home/ubuntu/klb/nuclr/nuclr/Data/Atanas_SF_unified_000776/cv5_grouped_v1/fold_0/test/train__2022-08-02-01__17852669.npz,2023-01-05-18,0,85,-1,37,CEPDL,CEPDL|AVJL|RMDVL|AWCL|IL2DL,32,URYDL,0.25,0.1,0.01,-1,0,0,0.0,0
atanas,0,deterministic,FUGW (G+A; official),test,2022-08-02-01,122,SAAVR,/home/ubuntu/klb/nuclr/nuclr/Data/Atanas_SF_unified_000776/cv5_grouped_v1/fold_0/test/train__2022-08-02-01__17852669.npz,2023-01-05-18,0,85,-1,106,ASER,ASER|RID|ADLL|SAAVL|AVL,62,ADLR,0.25,0.1,0.01,-1,0,0,0.0,0
atanas,0,deterministic,FUGW (G+A; official),test,2022-08-02-01,123,M4,/home/ubuntu/klb/nuclr/nuclr/Data/Atanas_SF_unified_000776/cv5_grouped_v1/fold_0/test/train__2022-08-02-01__17852669.npz,2023-01-05-18,1,85,7,10,M4,M4|IL2R|ADLR|RIVR|AVAR,-1,,0.25,0.1,0.01,1,1,1,1.0,0
atanas,0,deterministic,FUGW (G+A; official),test,2022-08-02-01,124,RMGL,/home/ubuntu/klb/nuclr/nuclr/Data/Atanas_SF_unified_000776/cv5_grouped_v1/fold_0/test/train__2022-08-02-01__17852669.npz,2023-01-05-18,0,85,-1,18,FLPL,FLPL|AIZL|RICL|AVJL|RMDDL,13,FLPL,0.25,0.1,0.01,-1,0,0,0.0,0
atanas,0,deterministic,FUGW (G+A; official),test,2022-08-02-01,125,OLLL,/home/ubuntu/klb/nuclr/nuclr/Data/Atanas_SF_unified_000776/cv5_grouped_v1/fold_0/test/train__2022-08-02-01__17852669.npz,2023-01-05-18,1,85,29,20,I1L,I1L|NSML|I2L|M3L|IL2VL,-1,,0.25,0.1,0.01,27,0,0,0.037037037037037035,0
atanas,0,deterministic,FUGW (G+A; official),test,2022-08-02-01,126,IL2R,/home/ubuntu/klb/nuclr/nuclr/Data/Atanas_SF_unified_000776/cv5_grouped_v1/fold_0/test/train__2022-08-02-01__17852669.npz,2023-01-05-18,1,85,40,27,IL2VR,IL2VR|RMDVR|NSMR|I2R|AVDR,22,URADR,0.25,0.1,0.01,22,0,0,0.045454545454545456,0
atanas,0,deterministic,FUGW (G+A; official),test,2022-08-02-01,128,AVHL,/home/ubuntu/klb/nuclr/nuclr/Data/Atanas_SF_unified_000776/cv5_grouped_v1/fold_0/test/train__2022-08-02-01__17852669.npz,2023-01-05-18,1,85,77,98,I6,I6|RIVL|AVHL|ASIL|SMDVL,-1,,0.25,0.1,0.01,3,0,1,0.3333333333333333,0
atanas,0,deterministic,FUGW (G+A; official),test,2022-08-02-01,129,CEPDR,/home/ubuntu/klb/nuclr/nuclr/Data/Atanas_SF_unified_000776/cv5_grouped_v1/fold_0/test/train__2022-08-02-01__17852669.npz,2023-01-05-18,1,85,36,4,AVDR,AVDR|AIZR|AVJR|CEPDR|FLPR,36,CEPDR,0.25,0.1,0.01,4,0,1,0.25,1
atanas,0,deterministic,FUGW (G+A; official),test,2022-08-02-01,131,IL2DR,/home/ubuntu/klb/nuclr/nuclr/Data/Atanas_SF_unified_000776/cv5_grouped_v1/fold_0/test/train__2022-08-02-01__17852669.npz,2023-01-05-18,1,85,3,11,NSMR,NSMR|RMDVR|I1R|M3R|I2R,3,IL2DR,0.25,0.1,0.01,7,0,0,0.14285714285714285,1
atanas,0,deterministic,FUGW (G+A; official),test,2022-08-02-01,132,URYVR,/home/ubuntu/klb/nuclr/nuclr/Data/Atanas_SF_unified_000776/cv5_grouped_v1/fold_0/test/train__2022-08-02-01__17852669.npz,2023-01-05-18,0,85,-1,27,IL2VR,IL2VR|I2R|NSMR|AVDR|RMDVR,81,OLQVR,0.25,0.1,0.01,-1,0,0,0.0,0
atanas,0,deterministic,FUGW (G+A; official),test,2022-08-02-01,134,IL2VL,/home/ubuntu/klb/nuclr/nuclr/Data/Atanas_SF_unified_000776/cv5_grouped_v1/fold_0/test/train__2022-08-02-01__17852669.npz,2023-01-05-18,1,85,33,20,I1L,I1L|NSML|IL2VR|I1R|I2L,1,URAVL,0.25,0.1,0.01,6,0,0,0.16666666666666666,0
atanas,0,deterministic,FUGW (G+A; official),test,2022-08-02-01,135,AVDL,/home/ubuntu/klb/nuclr/nuclr/Data/Atanas_SF_unified_000776/cv5_grouped_v1/fold_0/test/train__2022-08-02-01__17852669.npz,2023-01-05-18,0,85,-1,18,FLPL,FLPL|AVJL|AIZL|AWCL|CEPDL,26,CEPDL,0.25,0.1,0.01,-1,0,0,0.0,0
atanas,0,deterministic,FUGW (G+A; official),test,2022-08-02-01,137,CEPVL,/home/ubuntu/klb/nuclr/nuclr/Data/Atanas_SF_unified_000776/cv5_grouped_v1/fold_0/test/train__2022-08-02-01__17852669.npz,2023-01-05-18,1,85,6,113,RMDDL,RMDDL|IL2VL|CEPVL|AUAL|M3L,33,IL2VL,0.25,0.1,0.01,3,0,1,0.3333333333333333,0
atanas,0,deterministic,FUGW (G+A; official),test,2022-08-02-01,138,MCL,/home/ubuntu/klb/nuclr/nuclr/Data/Atanas_SF_unified_000776/cv5_grouped_v1/fold_0/test/train__2022-08-02-01__17852669.npz,2023-01-05-18,1,85,25,27,IL2VR,IL2VR|I1L|I1R|NSML|I2L,14,I1L,0.25,0.1,0.01,9,0,0,0.1111111111111111,0
atanas,0,deterministic,FUGW (G+A; official),test,2022-08-02-01,139,BAGL,/home/ubuntu/klb/nuclr/nuclr/Data/Atanas_SF_unified_000776/cv5_grouped_v1/fold_0/test/train__2022-08-02-01__17852669.npz,2023-01-05-18,0,85,-1,70,AVBL,AVBL|ASER|SAAVL|ADLL|AVAL,72,SAAVL,0.25,0.1,0.01,-1,0,0,0.0,0
atanas,0,deterministic,FUGW (G+A; official),test,2022-08-02-01,140,MI,/home/ubuntu/klb/nuclr/nuclr/Data/Atanas_SF_unified_000776/cv5_grouped_v1/fold_0/test/train__2022-08-02-01__17852669.npz,2023-01-05-18,1,85,50,82,I1R,I1R|IL2VR|I1L|I2R|NSMR,50,MI,0.25,0.1,0.01,14,0,0,0.07142857142857142,1
atanas,0,deterministic,FUGW (G+A; official),test,2022-08-02-01,141,RIAR,/home/ubuntu/klb/nuclr/nuclr/Data/Atanas_SF_unified_000776/cv5_grouped_v1/fold_0/test/train__2022-08-02-01__17852669.npz,2023-01-05-18,1,85,60,4,AVDR,AVDR|AINR|AIZR|FLPR|ADER,47,URYDR,0.25,0.1,0.01,11,0,0,0.09090909090909091,0
atanas,0,deterministic,FUGW (G+A; official),test,2022-08-02-01,142,OLLR,/home/ubuntu/klb/nuclr/nuclr/Data/Atanas_SF_unified_000776/cv5_grouped_v1/fold_0/test/train__2022-08-02-01__17852669.npz,2023-01-05-18,1,85,31,4,AVDR,AVDR|RMDVR|AIZR|AVJR|AINR,-1,,0.25,0.1,0.01,19,0,0,0.05263157894736842,0
atanas,0,deterministic,FUGW (G+A; official),test,2022-08-02-01,145,AUAR,/home/ubuntu/klb/nuclr/nuclr/Data/Atanas_SF_unified_000776/cv5_grouped_v1/fold_0/test/train__2022-08-02-01__17852669.npz,2023-01-05-18,0,85,-1,52,ADER,ADER|FLPR|AVDR|AINR|AIZR,74,AWBR,0.25,0.1,0.01,-1,0,0,0.0,0
atanas,0,deterministic,FUGW (G+A; official),test,2022-08-02-01,146,URYDL,/home/ubuntu/klb/nuclr/nuclr/Data/Atanas_SF_unified_000776/cv5_grouped_v1/fold_0/test/train__2022-08-02-01__17852669.npz,2023-01-05-18,1,85,32,104,NSML,NSML|I1L|M3L|I2L|IL2DL,-1,,0.25,0.1,0.01,20,0,0,0.05,0
atanas,0,deterministic,FUGW (G+A; official),test,2022-08-02-01,147,IL1L,/home/ubuntu/klb/nuclr/nuclr/Data/Atanas_SF_unified_000776/cv5_grouped_v1/fold_0/test/train__2022-08-02-01__17852669.npz,2023-01-05-18,1,85,37,66,I2L,I2L|NSML|I1L|URAVL|M3L,-1,,0.25,0.1,0.01,27,0,0,0.037037037037037035,0
atanas,0,deterministic,FUGW (G+A; official),test,2022-08-02-01,149,AVEL,/home/ubuntu/klb/nuclr/nuclr/Data/Atanas_SF_unified_000776/cv5_grouped_v1/fold_0/test/train__2022-08-02-01__17852669.npz,2023-01-05-18,1,85,46,98,I6,I6|RICL|AVL|AVHL|RIVL,-1,,0.25,0.1,0.01,6,0,0,0.16666666666666666,0
atanas,0,deterministic,FUGW (G+A; official),test,2022-08-02-01,150,OLQDL,/home/ubuntu/klb/nuclr/nuclr/Data/Atanas_SF_unified_000776/cv5_grouped_v1/fold_0/test/train__2022-08-02-01__17852669.npz,2023-01-05-18,1,85,39,14,AWAL,AWAL|ASIL|RIVL|ASGL|M4,-1,,0.25,0.1,0.01,25,0,0,0.04,0
atanas,0,deterministic,FUGW (G+A; official),test,2022-08-02-01,151,SAADL,/home/ubuntu/klb/nuclr/nuclr/Data/Atanas_SF_unified_000776/cv5_grouped_v1/fold_0/test/train__2022-08-02-01__17852669.npz,2023-01-05-18,0,85,-1,106,ASER,ASER|AVL|AVAR|ADLR|RID,20,AVAR,0.25,0.1,0.01,-1,0,0,0.0,0
atanas,0,deterministic,FUGW (G+A; official),test,2023-01-05-01,1,M5,/home/ubuntu/klb/nuclr/nuclr/Data/Atanas_SF_unified_000776/cv5_grouped_v1/fold_0/test/train__2023-01-05-01__356f8927.npz,2023-01-05-18,0,85,-1,98,I6,I6|FLPL|RICL|AIZL|AVJL,69,I6,0.25,0.1,0.01,-1,0,0,0.0,0
atanas,0,deterministic,FUGW (G+A; official),test,2023-01-05-01,3,AVER,/home/ubuntu/klb/nuclr/nuclr/Data/Atanas_SF_unified_000776/cv5_grouped_v1/fold_0/test/train__2023-01-05-01__356f8927.npz,2023-01-05-18,1,85,41,121,RMDVR,RMDVR|RIAR|AWBR|AVAR|RMER,60,RIAR,0.25,0.1,0.01,7,0,0,0.14285714285714285,0
atanas,0,deterministic,FUGW (G+A; official),test,2023-01-05-01,4,RIH,/home/ubuntu/klb/nuclr/nuclr/Data/Atanas_SF_unified_000776/cv5_grouped_v1/fold_0/test/train__2023-01-05-01__356f8927.npz,2023-01-05-18,0,85,-1,117,RMEV,RMEV|OLQVR|AVER|AVL|RMER,28,RMER,0.25,0.1,0.01,-1,0,0,0.0,0
atanas,0,deterministic,FUGW (G+A; official),test,2023-01-05-01,5,URYVL,/home/ubuntu/klb/nuclr/nuclr/Data/Atanas_SF_unified_000776/cv5_grouped_v1/fold_0/test/train__2023-01-05-01__356f8927.npz,2023-01-05-18,1,85,71,3,URAVL,URAVL|IL2VL|M3L|URYVL|CEPVL,71,URYVL,0.25,0.1,0.01,4,0,1,0.25,1
atanas,0,deterministic,FUGW (G+A; official),test,2023-01-05-01,8,RMDDR,/home/ubuntu/klb/nuclr/nuclr/Data/Atanas_SF_unified_000776/cv5_grouped_v1/fold_0/test/train__2023-01-05-01__356f8927.npz,2023-01-05-18,0,85,-1,121,RMDVR,RMDVR|AIBR|AVAR|AVER|AVJR,84,RMDVR,0.25,0.1,0.01,-1,0,0,0.0,0
atanas,0,deterministic,FUGW (G+A; official),test,2023-01-05-01,10,RMDL,/home/ubuntu/klb/nuclr/nuclr/Data/Atanas_SF_unified_000776/cv5_grouped_v1/fold_0/test/train__2023-01-05-01__356f8927.npz,2023-01-05-18,1,85,4,96,AUAL,AUAL|AVEL|RMDL|AWCL|OLQVL,46,AVEL,0.25,0.1,0.01,3,0,1,0.3333333333333333,0
atanas,0,deterministic,FUGW (G+A; official),test,2023-01-05-01,11,RIBL,/home/ubuntu/klb/nuclr/nuclr/Data/Atanas_SF_unified_000776/cv5_grouped_v1/fold_0/test/train__2023-01-05-01__356f8927.npz,2023-01-05-18,0,85,-1,70,AVBL,AVBL|AVL|SAAVL|RID|ASER,49,AVBL,0.25,0.1,0.01,-1,0,0,0.0,0
atanas,0,deterministic,FUGW (G+A; official),test,2023-01-05-01,12,SMDVL,/home/ubuntu/klb/nuclr/nuclr/Data/Atanas_SF_unified_000776/cv5_grouped_v1/fold_0/test/train__2023-01-05-01__356f8927.npz,2023-01-05-18,1,85,64,87,SMDVL,SMDVL|RMDVL|AWBL|RIVL|ASEL,64,SMDVL,0.25,0.1,0.01,1,1,1,1.0,1
atanas,0,deterministic,FUGW (G+A; official),test,2023-01-05-01,14,M3R,/home/ubuntu/klb/nuclr/nuclr/Data/Atanas_SF_unified_000776/cv5_grouped_v1/fold_0/test/train__2023-01-05-01__356f8927.npz,2023-01-05-18,1,85,24,35,M3R,M3R|NSMR|IL2R|OLQVR|URBR,31,OLLR,0.25,0.1,0.01,1,1,1,1.0,0
atanas,0,deterministic,FUGW (G+A; official),test,2023-01-05-01,18,RMED,/home/ubuntu/klb/nuclr/nuclr/Data/Atanas_SF_unified_000776/cv5_grouped_v1/fold_0/test/train__2023-01-05-01__356f8927.npz,2023-01-05-18,0,85,-1,91,RID,RID|SAAVL|ADLL|AVBL|AVAL,66,RID,0.25,0.1,0.01,-1,0,0,0.0,0
atanas,0,deterministic,FUGW (G+A; official),test,2023-01-05-01,20,URXL,/home/ubuntu/klb/nuclr/nuclr/Data/Atanas_SF_unified_000776/cv5_grouped_v1/fold_0/test/train__2023-01-05-01__356f8927.npz,2023-01-05-18,1,85,38,37,CEPDL,CEPDL|URXL|RIAL|OLQDL|SMDVL,39,OLQDL,0.25,0.1,0.01,2,0,1,0.5,0
atanas,0,deterministic,FUGW (G+A; official),test,2023-01-05-01,22,ADEL,/home/ubuntu/klb/nuclr/nuclr/Data/Atanas_SF_unified_000776/cv5_grouped_v1/fold_0/test/train__2023-01-05-01__356f8927.npz,2023-01-05-18,0,85,-1,18,FLPL,FLPL|RMDDL|RICL|ADER|AIZL,58,RICL,0.25,0.1,0.01,-1,0,0,0.0,0
atanas,0,deterministic,FUGW (G+A; official),test,2023-01-05-01,25,RMDDL,/home/ubuntu/klb/nuclr/nuclr/Data/Atanas_SF_unified_000776/cv5_grouped_v1/fold_0/test/train__2023-01-05-01__356f8927.npz,2023-01-05-18,1,85,79,117,RMEV,RMEV|AVER|RMER|AVL|AIBR,-1,,0.25,0.1,0.01,9,0,0,0.1111111111111111,0
atanas,0,deterministic,FUGW (G+A; official),test,2023-01-05-01,29,MCL,/home/ubuntu/klb/nuclr/nuclr/Data/Atanas_SF_unified_000776/cv5_grouped_v1/fold_0/test/train__2023-01-05-01__356f8927.npz,2023-01-05-18,1,85,25,20,I1L,I1L|NSML|I2L|MCL|URAVL,25,MCL,0.25,0.1,0.01,4,0,1,0.25,1
atanas,0,deterministic,FUGW (G+A; official),test,2023-01-05-01,32,ASKR,/home/ubuntu/klb/nuclr/nuclr/Data/Atanas_SF_unified_000776/cv5_grouped_v1/fold_0/test/train__2023-01-05-01__356f8927.npz,2023-01-05-18,0,85,-1,86,URXR,URXR|RID|M1|CEPDR|URXL,63,URXR,0.25,0.1,0.01,-1,0,0,0.0,0
atanas,0,deterministic,FUGW (G+A; official),test,2023-01-05-01,35,AUAL,/home/ubuntu/klb/nuclr/nuclr/Data/Atanas_SF_unified_000776/cv5_grouped_v1/fold_0/test/train__2023-01-05-01__356f8927.npz,2023-01-05-18,1,85,68,113,RMDDL,RMDDL|AUAL|AIZL|RICL|AVL,68,AUAL,0.25,0.1,0.01,2,0,1,0.5,1
atanas,0,deterministic,FUGW (G+A; official),test,2023-01-05-01,38,AVAR,/home/ubuntu/klb/nuclr/nuclr/Data/Atanas_SF_unified_000776/cv5_grouped_v1/fold_0/test/train__2023-01-05-01__356f8927.npz,2023-01-05-18,1,85,20,114,RIVR,RIVR|AWBR|ADLR|RIAR|CEPDR,80,RIVR,0.25,0.1,0.01,7,0,0,0.14285714285714285,0
atanas,0,deterministic,FUGW (G+A; official),test,2023-01-05-01,39,AIZL,/home/ubuntu/klb/nuclr/nuclr/Data/Atanas_SF_unified_000776/cv5_grouped_v1/fold_0/test/train__2023-01-05-01__356f8927.npz,2023-01-05-18,1,85,78,61,AVER,AVER|RMDDL|AIBR|AVL|I4,-1,,0.25,0.1,0.01,26,0,0,0.038461538461538464,0
atanas,0,deterministic,FUGW (G+A; official),test,2023-01-05-01,40,RIVR,/home/ubuntu/klb/nuclr/nuclr/Data/Atanas_SF_unified_000776/cv5_grouped_v1/fold_0/test/train__2023-01-05-01__356f8927.npz,2023-01-05-18,1,85,80,73,M1,M1|RID|URXR|CEPDR|ADLR,62,ADLR,0.25,0.1,0.01,7,0,0,0.14285714285714285,0
atanas,0,deterministic,FUGW (G+A; official),test,2023-01-05-01,41,RID,/home/ubuntu/klb/nuclr/nuclr/Data/Atanas_SF_unified_000776/cv5_grouped_v1/fold_0/test/train__2023-01-05-01__356f8927.npz,2023-01-05-18,1,85,66,21,ADLL,ADLL|RID|SAAVL|AWAL|ASIL,72,SAAVL,0.25,0.1,0.01,2,0,1,0.5,0
atanas,0,deterministic,FUGW (G+A; official),test,2023-01-05-01,43,I2L,/home/ubuntu/klb/nuclr/nuclr/Data/Atanas_SF_unified_000776/cv5_grouped_v1/fold_0/test/train__2023-01-05-01__356f8927.npz,2023-01-05-18,1,85,45,66,I2L,I2L|NSML|I1L|URAVL|MCL,45,I2L,0.25,0.1,0.01,1,1,1,1.0,1
atanas,0,deterministic,FUGW (G+A; official),test,2023-01-05-01,44,RMDVL,/home/ubuntu/klb/nuclr/nuclr/Data/Atanas_SF_unified_000776/cv5_grouped_v1/fold_0/test/train__2023-01-05-01__356f8927.npz,2023-01-05-18,1,85,65,88,RMDVL,RMDVL|RMDL|AWCL|URBL|ASEL,65,RMDVL,0.25,0.1,0.01,1,1,1,1.0,1
atanas,0,deterministic,FUGW (G+A; official),test,2023-01-05-01,45,IL2DR,/home/ubuntu/klb/nuclr/nuclr/Data/Atanas_SF_unified_000776/cv5_grouped_v1/fold_0/test/train__2023-01-05-01__356f8927.npz,2023-01-05-18,1,85,3,5,IL2DR,IL2DR|IL2DL|MI|I3|URADR,3,IL2DR,0.25,0.1,0.01,1,1,1,1.0,1
atanas,0,deterministic,FUGW (G+A; official),test,2023-01-05-01,46,SMDVR,/home/ubuntu/klb/nuclr/nuclr/Data/Atanas_SF_unified_000776/cv5_grouped_v1/fold_0/test/train__2023-01-05-01__356f8927.npz,2023-01-05-18,0,85,-1,54,CEPDR,CEPDR|ADLR|AWBR|RIAR|RIVR,74,AWBR,0.25,0.1,0.01,-1,0,0,0.0,0
atanas,0,deterministic,FUGW (G+A; official),test,2023-01-05-01,47,AIBR,/home/ubuntu/klb/nuclr/nuclr/Data/Atanas_SF_unified_000776/cv5_grouped_v1/fold_0/test/train__2023-01-05-01__356f8927.npz,2023-01-05-18,1,85,55,121,RMDVR,RMDVR|AVAR|AVJR|AIBR|AWBR,20,AVAR,0.25,0.1,0.01,4,0,1,0.25,0
atanas,0,deterministic,FUGW (G+A; official),test,2023-01-05-01,49,IL1DL,/home/ubuntu/klb/nuclr/nuclr/Data/Atanas_SF_unified_000776/cv5_grouped_v1/fold_0/test/train__2023-01-05-01__356f8927.npz,2023-01-05-18,1,85,51,69,URADL,URADL|IL2DL|MI|IL1DL|OLLL,48,URADL,0.25,0.1,0.01,4,0,1,0.25,0
atanas,0,deterministic,FUGW (G+A; official),test,2023-01-05-01,53,NSMR,/home/ubuntu/klb/nuclr/nuclr/Data/Atanas_SF_unified_000776/cv5_grouped_v1/fold_0/test/train__2023-01-05-01__356f8927.npz,2023-01-05-18,1,85,8,11,NSMR,NSMR|I2R|M3R|I1R|IL2VR,24,M3R,0.25,0.1,0.01,1,1,1,1.0,0
atanas,0,deterministic,FUGW (G+A; official),test,2023-01-05-01,54,RICL,/home/ubuntu/klb/nuclr/nuclr/Data/Atanas_SF_unified_000776/cv5_grouped_v1/fold_0/test/train__2023-01-05-01__356f8927.npz,2023-01-05-18,1,85,58,113,RMDDL,RMDDL|RICL|AUAL|AVL|AIZL,79,RMDDL,0.25,0.1,0.01,2,0,1,0.5,0
atanas,0,deterministic,FUGW (G+A; official),test,2023-01-05-01,56,RICR,/home/ubuntu/klb/nuclr/nuclr/Data/Atanas_SF_unified_000776/cv5_grouped_v1/fold_0/test/train__2023-01-05-01__356f8927.npz,2023-01-05-18,0,85,-1,38,AINR,AINR|AVDR|AIZR|ADER|FLPR,2,AVDR,0.25,0.1,0.01,-1,0,0,0.0,0
atanas,0,deterministic,FUGW (G+A; official),test,2023-01-05-01,57,IL1VL,/home/ubuntu/klb/nuclr/nuclr/Data/Atanas_SF_unified_000776/cv5_grouped_v1/fold_0/test/train__2023-01-05-01__356f8927.npz,2023-01-05-18,0,85,-1,3,URAVL,URAVL|IL2VR|M3R|IL2VL|NSMR,1,URAVL,0.25,0.1,0.01,-1,0,0,0.0,0
atanas,0,deterministic,FUGW (G+A; official),test,2023-01-05-01,58,MCR,/home/ubuntu/klb/nuclr/nuclr/Data/Atanas_SF_unified_000776/cv5_grouped_v1/fold_0/test/train__2023-01-05-01__356f8927.npz,2023-01-05-18,0,85,-1,74,I2R,I2R|NSMR|I1R|M3R|IL2VR,-1,,0.25,0.1,0.01,-1,0,0,0.0,0
atanas,0,deterministic,FUGW (G+A; official),test,2023-01-05-01,59,ALA,/home/ubuntu/klb/nuclr/nuclr/Data/Atanas_SF_unified_000776/cv5_grouped_v1/fold_0/test/train__2023-01-05-01__356f8927.npz,2023-01-05-18,0,85,-1,21,ADLL,ADLL|RID|CEPDL|URXL|ASIL,15,ADLL,0.25,0.1,0.01,-1,0,0,0.0,0
atanas,0,deterministic,FUGW (G+A; official),test,2023-01-05-01,64,AVJL,/home/ubuntu/klb/nuclr/nuclr/Data/Atanas_SF_unified_000776/cv5_grouped_v1/fold_0/test/train__2023-01-05-01__356f8927.npz,2023-01-05-18,1,85,44,96,AUAL,AUAL|AIZL|AWCL|AVJL|AVEL,61,ASGL,0.25,0.1,0.01,4,0,1,0.25,0
atanas,0,deterministic,FUGW (G+A; official),test,2023-01-05-01,68,M1,/home/ubuntu/klb/nuclr/nuclr/Data/Atanas_SF_unified_000776/cv5_grouped_v1/fold_0/test/train__2023-01-05-01__356f8927.npz,2023-01-05-18,1,85,52,73,M1,M1|RID|I4|RIVR|ADLR,52,M1,0.25,0.1,0.01,1,1,1,1.0,1
atanas,0,deterministic,FUGW (G+A; official),test,2023-01-05-01,70,URXR,/home/ubuntu/klb/nuclr/nuclr/Data/Atanas_SF_unified_000776/cv5_grouped_v1/fold_0/test/train__2023-01-05-01__356f8927.npz,2023-01-05-18,1,85,63,86,URXR,URXR|URXL|OLQDR|RID|CEPDR,38,URXL,0.25,0.1,0.01,1,1,1,1.0,0
atanas,0,deterministic,FUGW (G+A; official),test,2023-01-05-01,71,URYDR,/home/ubuntu/klb/nuclr/nuclr/Data/Atanas_SF_unified_000776/cv5_grouped_v1/fold_0/test/train__2023-01-05-01__356f8927.npz,2023-01-05-18,1,85,47,31,URADR,URADR|IL1DR|IL2DR|URYDR|OLQDR,42,IL1DR,0.25,0.1,0.01,4,0,1,0.25,0
atanas,0,deterministic,FUGW (G+A; official),test,2023-01-05-01,72,CEPDL,/home/ubuntu/klb/nuclr/nuclr/Data/Atanas_SF_unified_000776/cv5_grouped_v1/fold_0/test/train__2023-01-05-01__356f8927.npz,2023-01-05-18,1,85,26,37,CEPDL,CEPDL|SMDVL|RMDVL|RIVL|AWBL,26,CEPDL,0.25,0.1,0.01,1,1,1,1.0,1
atanas,0,deterministic,FUGW (G+A; official),test,2023-01-05-01,73,RIMR,/home/ubuntu/klb/nuclr/nuclr/Data/Atanas_SF_unified_000776/cv5_grouped_v1/fold_0/test/train__2023-01-05-01__356f8927.npz,2023-01-05-18,0,85,-1,106,ASER,ASER|AVAR|AVJR|AIZR|AIBR,75,ASER,0.25,0.1,0.01,-1,0,0,0.0,0
atanas,0,deterministic,FUGW (G+A; official),test,2023-01-05-01,74,AVJR,/home/ubuntu/klb/nuclr/nuclr/Data/Atanas_SF_unified_000776/cv5_grouped_v1/fold_0/test/train__2023-01-05-01__356f8927.npz,2023-01-05-18,1,85,30,114,RIVR,RIVR|AWBR|AVJR|AINR|AIZR,30,AVJR,0.25,0.1,0.01,3,0,1,0.3333333333333333,1
atanas,0,deterministic,FUGW (G+A; official),test,2023-01-05-01,75,AVL,/home/ubuntu/klb/nuclr/nuclr/Data/Atanas_SF_unified_000776/cv5_grouped_v1/fold_0/test/train__2023-01-05-01__356f8927.npz,2023-01-05-18,1,85,23,8,CEPVL,CEPVL|IL2VL|OLQVL|URAVL|URYVL,33,IL2VL,0.25,0.1,0.01,8,0,0,0.125,0
atanas,0,deterministic,FUGW (G+A; official),test,2023-01-05-01,76,OLLR,/home/ubuntu/klb/nuclr/nuclr/Data/Atanas_SF_unified_000776/cv5_grouped_v1/fold_0/test/train__2023-01-05-01__356f8927.npz,2023-01-05-18,1,85,31,31,URADR,URADR|OLLR|URYDR|URBR|IL2DR,22,URADR,0.25,0.1,0.01,2,0,1,0.5,0
atanas,0,deterministic,FUGW (G+A; official),test,2023-01-05-01,77,I1R,/home/ubuntu/klb/nuclr/nuclr/Data/Atanas_SF_unified_000776/cv5_grouped_v1/fold_0/test/train__2023-01-05-01__356f8927.npz,2023-01-05-18,1,85,59,82,I1R,I1R|IL2VR|I1L|I2R|NSMR,59,I1R,0.25,0.1,0.01,1,1,1,1.0,1
atanas,0,deterministic,FUGW (G+A; official),test,2023-01-05-01,82,MI,/home/ubuntu/klb/nuclr/nuclr/Data/Atanas_SF_unified_000776/cv5_grouped_v1/fold_0/test/train__2023-01-05-01__356f8927.npz,2023-01-05-18,1,85,50,77,IL2DL,IL2DL|MI|I3|URADL|M4,56,IL2DL,0.25,0.1,0.01,2,0,1,0.5,0
atanas,0,deterministic,FUGW (G+A; official),test,2023-01-05-01,83,OLQDR,/home/ubuntu/klb/nuclr/nuclr/Data/Atanas_SF_unified_000776/cv5_grouped_v1/fold_0/test/train__2023-01-05-01__356f8927.npz,2023-01-05-18,1,85,43,62,IL1DR,IL1DR|OLQDR|URYDR|URADR|IL1DL,43,OLQDR,0.25,0.1,0.01,2,0,1,0.5,1
atanas,0,deterministic,FUGW (G+A; official),test,2023-01-05-01,85,AWCL,/home/ubuntu/klb/nuclr/nuclr/Data/Atanas_SF_unified_000776/cv5_grouped_v1/fold_0/test/train__2023-01-05-01__356f8927.npz,2023-01-05-18,1,85,54,96,AUAL,AUAL|RMDDL|AWCL|AIZL|RMDL,54,AWCL,0.25,0.1,0.01,3,0,1,0.3333333333333333,1
atanas,0,deterministic,FUGW (G+A; official),test,2023-01-05-01,86,AVEL,/home/ubuntu/klb/nuclr/nuclr/Data/Atanas_SF_unified_000776/cv5_grouped_v1/fold_0/test/train__2023-01-05-01__356f8927.npz,2023-01-05-18,1,85,46,67,AVEL,AVEL|AUAL|CEPVL|RMDL|OLQVL,-1,,0.25,0.1,0.01,1,1,1,1.0,0
atanas,0,deterministic,FUGW (G+A; official),test,2023-01-05-01,87,M3L,/home/ubuntu/klb/nuclr/nuclr/Data/Atanas_SF_unified_000776/cv5_grouped_v1/fold_0/test/train__2023-01-05-01__356f8927.npz,2023-01-05-18,1,85,9,13,M3L,M3L|URAVL|MCL|NSML|IL2VL,9,M3L,0.25,0.1,0.01,1,1,1,1.0,1
atanas,0,deterministic,FUGW (G+A; official),test,2023-01-05-01,88,AVHL,/home/ubuntu/klb/nuclr/nuclr/Data/Atanas_SF_unified_000776/cv5_grouped_v1/fold_0/test/train__2023-01-05-01__356f8927.npz,2023-01-05-18,1,85,77,109,AVHL,AVHL|ASEL|AVJL|AWBL|SMDVL,34,ASEL,0.25,0.1,0.01,1,1,1,1.0,0
atanas,0,deterministic,FUGW (G+A; official),test,2023-01-05-01,89,URYDL,/home/ubuntu/klb/nuclr/nuclr/Data/Atanas_SF_unified_000776/cv5_grouped_v1/fold_0/test/train__2023-01-05-01__356f8927.npz,2023-01-05-18,1,85,32,79,IL2L,IL2L|URBL|OLLL|IL2DL|IL1L,11,URBL,0.25,0.1,0.01,7,0,0,0.14285714285714285,0
atanas,0,deterministic,FUGW (G+A; official),test,2023-01-05-01,90,RIVL,/home/ubuntu/klb/nuclr/nuclr/Data/Atanas_SF_unified_000776/cv5_grouped_v1/fold_0/test/train__2023-01-05-01__356f8927.npz,2023-01-05-18,1,85,17,21,ADLL,ADLL|CEPDL|RIVL|ASIL|URXL,76,ASIL,0.25,0.1,0.01,3,0,1,0.3333333333333333,0
atanas,0,deterministic,FUGW (G+A; official),test,2023-01-05-01,91,RIR,/home/ubuntu/klb/nuclr/nuclr/Data/Atanas_SF_unified_000776/cv5_grouped_v1/fold_0/test/train__2023-01-05-01__356f8927.npz,2023-01-05-18,0,85,-1,117,RMEV,RMEV|AVER|AVL|OLQVR|RMER,41,AVER,0.25,0.1,0.01,-1,0,0,0.0,0
atanas,0,deterministic,FUGW (G+A; official),test,2023-01-05-01,92,I2R,/home/ubuntu/klb/nuclr/nuclr/Data/Atanas_SF_unified_000776/cv5_grouped_v1/fold_0/test/train__2023-01-05-01__356f8927.npz,2023-01-05-18,1,85,53,74,I2R,I2R|IL2R|NSMR|M3R|IL2VR,8,NSMR,0.25,0.1,0.01,1,1,1,1.0,0
atanas,0,deterministic,FUGW (G+A; official),test,2023-01-05-01,93,OLQVL,/home/ubuntu/klb/nuclr/nuclr/Data/Atanas_SF_unified_000776/cv5_grouped_v1/fold_0/test/train__2023-01-05-01__356f8927.npz,2023-01-05-18,1,85,5,8,CEPVL,CEPVL|IL2VL|OLQVL|URYVL|URAVL,5,OLQVL,0.25,0.1,0.01,3,0,1,0.3333333333333333,1
atanas,0,deterministic,FUGW (G+A; official),test,2023-01-05-01,94,I3,/home/ubuntu/klb/nuclr/nuclr/Data/Atanas_SF_unified_000776/cv5_grouped_v1/fold_0/test/train__2023-01-05-01__356f8927.npz,2023-01-05-18,1,85,18,77,IL2DL,IL2DL|MI|I3|URADL|M4,50,MI,0.25,0.1,0.01,3,0,1,0.3333333333333333,0
atanas,0,deterministic,FUGW (G+A; official),test,2023-01-05-01,95,M4,/home/ubuntu/klb/nuclr/nuclr/Data/Atanas_SF_unified_000776/cv5_grouped_v1/fold_0/test/train__2023-01-05-01__356f8927.npz,2023-01-05-18,1,85,7,10,M4,M4|MI|I3|IL2DL|URADL,7,M4,0.25,0.1,0.01,1,1,1,1.0,1
atanas,0,deterministic,FUGW (G+A; official),test,2023-01-05-01,96,OLQDL,/home/ubuntu/klb/nuclr/nuclr/Data/Atanas_SF_unified_000776/cv5_grouped_v1/fold_0/test/train__2023-01-05-01__356f8927.npz,2023-01-05-18,1,85,39,69,URADL,URADL|URYDL|IL1DL|OLLL|OLQDL,32,URYDL,0.25,0.1,0.01,5,0,1,0.2,0
atanas,0,deterministic,FUGW (G+A; official),test,2023-01-05-01,98,RMEL,/home/ubuntu/klb/nuclr/nuclr/Data/Atanas_SF_unified_000776/cv5_grouped_v1/fold_0/test/train__2023-01-05-01__356f8927.npz,2023-01-05-18,0,85,-1,16,URBL,URBL|IL1L|URYVL|IL2L|OLLL,37,IL1L,0.25,0.1,0.01,-1,0,0,0.0,0
atanas,0,deterministic,FUGW (G+A; official),test,2023-01-05-01,99,RIAR,/home/ubuntu/klb/nuclr/nuclr/Data/Atanas_SF_unified_000776/cv5_grouped_v1/fold_0/test/train__2023-01-05-01__356f8927.npz,2023-01-05-18,1,85,60,54,CEPDR,CEPDR|URXR|OLQDR|URYDR|ADLR,47,URYDR,0.25,0.1,0.01,6,0,0,0.16666666666666666,0
atanas,0,deterministic,FUGW (G+A; official),test,2023-01-05-01,100,AIZR,/home/ubuntu/klb/nuclr/nuclr/Data/Atanas_SF_unified_000776/cv5_grouped_v1/fold_0/test/train__2023-01-05-01__356f8927.npz,2023-01-05-18,1,85,21,38,AINR,AINR|AIZR|AVDR|AVJR|ADER,21,AIZR,0.25,0.1,0.01,2,0,1,0.5,1
atanas,0,deterministic,FUGW (G+A; official),test,2023-01-05-01,101,AWAL,/home/ubuntu/klb/nuclr/nuclr/Data/Atanas_SF_unified_000776/cv5_grouped_v1/fold_0/test/train__2023-01-05-01__356f8927.npz,2023-01-05-18,1,85,10,95,AWBL,AWBL|ASEL|SMDVL|RMDVL|AVHL,16,RIAL,0.25,0.1,0.01,9,0,0,0.1111111111111111,0
atanas,0,deterministic,FUGW (G+A; official),test,2023-01-05-01,103,AIBL,/home/ubuntu/klb/nuclr/nuclr/Data/Atanas_SF_unified_000776/cv5_grouped_v1/fold_0/test/train__2023-01-05-01__356f8927.npz,2023-01-05-18,0,85,-1,67,AVEL,AVEL|AUAL|RMDDL|AVL|RMEV,-1,,0.25,0.1,0.01,-1,0,0,0.0,0
atanas,0,deterministic,FUGW (G+A; official),test,2023-01-05-01,104,ADER,/home/ubuntu/klb/nuclr/nuclr/Data/Atanas_SF_unified_000776/cv5_grouped_v1/fold_0/test/train__2023-01-05-01__356f8927.npz,2023-01-05-18,1,85,35,52,ADER,ADER|FLPR|AVDR|AINR|AIZR,35,ADER,0.25,0.1,0.01,1,1,1,1.0,1
atanas,0,deterministic,FUGW (G+A; official),test,2023-01-05-01,105,OLLL,/home/ubuntu/klb/nuclr/nuclr/Data/Atanas_SF_unified_000776/cv5_grouped_v1/fold_0/test/train__2023-01-05-01__356f8927.npz,2023-01-05-18,1,85,29,79,IL2L,IL2L|URBL|OLLL|IL1L|URYDL,29,OLLL,0.25,0.1,0.01,3,0,1,0.3333333333333333,1
atanas,0,deterministic,FUGW (G+A; official),test,2023-01-05-01,106,AVDL,/home/ubuntu/klb/nuclr/nuclr/Data/Atanas_SF_unified_000776/cv5_grouped_v1/fold_0/test/train__2023-01-05-01__356f8927.npz,2023-01-05-18,0,85,-1,64,AVJL,AVJL|ASEL|AVHL|AWBL|AIZL,44,AVJL,0.25,0.1,0.01,-1,0,0,0.0,0
atanas,0,deterministic,FUGW (G+A; official),test,2023-01-05-01,107,NSML,/home/ubuntu/klb/nuclr/nuclr/Data/Atanas_SF_unified_000776/cv5_grouped_v1/fold_0/test/train__2023-01-05-01__356f8927.npz,2023-01-05-18,1,85,73,66,I2L,I2L|NSML|URAVL|I1L|MCL,73,NSML,0.25,0.1,0.01,2,0,1,0.5,1
atanas,0,deterministic,FUGW (G+A; official),test,2023-01-05-01,108,FLPL,/home/ubuntu/klb/nuclr/nuclr/Data/Atanas_SF_unified_000776/cv5_grouped_v1/fold_0/test/train__2023-01-05-01__356f8927.npz,2023-01-05-18,1,85,13,110,AIZL,AIZL|AUAL|RICL|AVJL|AWCL,78,AIZL,0.25,0.1,0.01,14,0,0,0.07142857142857142,0
atanas,0,deterministic,FUGW (G+A; official),test,2023-01-05-01,109,ASGL,/home/ubuntu/klb/nuclr/nuclr/Data/Atanas_SF_unified_000776/cv5_grouped_v1/fold_0/test/train__2023-01-05-01__356f8927.npz,2023-01-05-18,1,85,61,25,RIVL,RIVL|SMDVL|CEPDL|ASIL|AWAL,17,RIVL,0.25,0.1,0.01,11,0,0,0.09090909090909091,0
atanas,0,deterministic,FUGW (G+A; official),test,2023-01-05-01,110,IL1DR,/home/ubuntu/klb/nuclr/nuclr/Data/Atanas_SF_unified_000776/cv5_grouped_v1/fold_0/test/train__2023-01-05-01__356f8927.npz,2023-01-05-18,1,85,42,71,MI,MI|I3|IL1DR|URADL|IL1DL,51,IL1DL,0.25,0.1,0.01,3,0,1,0.3333333333333333,0
atanas,0,deterministic,FUGW (G+A; official),test,2023-01-05-01,111,IL1L,/home/ubuntu/klb/nuclr/nuclr/Data/Atanas_SF_unified_000776/cv5_grouped_v1/fold_0/test/train__2023-01-05-01__356f8927.npz,2023-01-05-18,1,85,37,66,I2L,I2L|IL2L|NSML|I1L|IL1L,57,IL2L,0.25,0.1,0.01,5,0,1,0.2,0
atanas,0,deterministic,FUGW (G+A; official),test,2023-01-05-01,115,RIAL,/home/ubuntu/klb/nuclr/nuclr/Data/Atanas_SF_unified_000776/cv5_grouped_v1/fold_0/test/train__2023-01-05-01__356f8927.npz,2023-01-05-18,1,85,16,88,RMDVL,RMDVL|SMDVL|AWBL|ASEL|RIAL,67,AWBL,0.25,0.1,0.01,5,0,1,0.2,0
atanas,0,deterministic,FUGW (G+A; official),test,2023-01-05-01,117,I6,/home/ubuntu/klb/nuclr/nuclr/Data/Atanas_SF_unified_000776/cv5_grouped_v1/fold_0/test/train__2023-01-05-01__356f8927.npz,2023-01-05-18,1,85,69,98,I6,I6|RIVL|AVHL|AVJL|ASIL,77,AVHL,0.25,0.1,0.01,1,1,1,1.0,0
atanas,0,deterministic,FUGW (G+A; official),test,2023-01-05-01,120,ADAL,/home/ubuntu/klb/nuclr/nuclr/Data/Atanas_SF_unified_000776/cv5_grouped_v1/fold_0/test/train__2023-01-05-01__356f8927.npz,2023-01-05-18,0,85,-1,18,FLPL,FLPL|RICL|RMDDL|AIZL|AUAL,13,FLPL,0.25,0.1,0.01,-1,0,0,0.0,0
atanas,0,deterministic,FUGW (G+A; official),test,2023-01-05-01,121,AVDR,/home/ubuntu/klb/nuclr/nuclr/Data/Atanas_SF_unified_000776/cv5_grouped_v1/fold_0/test/train__2023-01-05-01__356f8927.npz,2023-01-05-18,1,85,2,38,AINR,AINR|AIZR|AVJR|AVDR|AWBR,27,AINR,0.25,0.1,0.01,4,0,1,0.25,0
atanas,0,deterministic,FUGW (G+A; official),test,2023-01-05-01,122,IL1VR,/home/ubuntu/klb/nuclr/nuclr/Data/Atanas_SF_unified_000776/cv5_grouped_v1/fold_0/test/train__2023-01-05-01__356f8927.npz,2023-01-05-18,0,85,-1,27,IL2VR,IL2VR|I2R|NSMR|M3R|OLQVR,81,OLQVR,0.25,0.1,0.01,-1,0,0,0.0,0
atanas,0,deterministic,FUGW (G+A; official),test,2023-01-05-01,123,ASKL,/home/ubuntu/klb/nuclr/nuclr/Data/Atanas_SF_unified_000776/cv5_grouped_v1/fold_0/test/train__2023-01-05-01__356f8927.npz,2023-01-05-18,0,85,-1,37,CEPDL,CEPDL|ADLL|RIVL|ASIL|URXL,10,AWAL,0.25,0.1,0.01,-1,0,0,0.0,0
atanas,0,deterministic,FUGW (G+A; official),test,2023-01-05-01,127,CEPVL,/home/ubuntu/klb/nuclr/nuclr/Data/Atanas_SF_unified_000776/cv5_grouped_v1/fold_0/test/train__2023-01-05-01__356f8927.npz,2023-01-05-18,1,85,6,8,CEPVL,CEPVL|IL2VL|URYVL|OLQVL|M3L,6,CEPVL,0.25,0.1,0.01,1,1,1,1.0,1
atanas,0,deterministic,FUGW (G+A; official),test,2023-01-05-01,129,AVAL,/home/ubuntu/klb/nuclr/nuclr/Data/Atanas_SF_unified_000776/cv5_grouped_v1/fold_0/test/train__2023-01-05-01__356f8927.npz,2023-01-05-18,1,85,0,0,AVAL,AVAL|RMDL|RMDVL|AWCL|ASEL,4,RMDL,0.25,0.1,0.01,1,1,1,1.0,0
atanas,0,deterministic,FUGW (G+A; official),test,2023-01-05-01,131,AWBL,/home/ubuntu/klb/nuclr/nuclr/Data/Atanas_SF_unified_000776/cv5_grouped_v1/fold_0/test/train__2023-01-05-01__356f8927.npz,2023-01-05-18,1,85,67,0,AVAL,AVAL|RIVL|SMDVL|SAAVL|ASIL,0,AVAL,0.25,0.1,0.01,10,0,0,0.1,0
atanas,0,deterministic,FUGW (G+A; official),test,2023-01-05-01,132,I1L,/home/ubuntu/klb/nuclr/nuclr/Data/Atanas_SF_unified_000776/cv5_grouped_v1/fold_0/test/train__2023-01-05-01__356f8927.npz,2023-01-05-18,1,85,14,20,I1L,I1L|I2L|NSML|MCL|URAVL,14,I1L,0.25,0.1,0.01,1,1,1,1.0,1
atanas,0,deterministic,FUGW (G+A; official),test,2023-01-05-01,133,IL1R,/home/ubuntu/klb/nuclr/nuclr/Data/Atanas_SF_unified_000776/cv5_grouped_v1/fold_0/test/train__2023-01-05-01__356f8927.npz,2023-01-05-18,0,85,-1,60,IL2R,IL2R|IL2DR|URBR|I2R|NSMR,40,IL2R,0.25,0.1,0.01,-1,0,0,0.0,0
atanas,0,deterministic,FUGW (G+A; official),test,2023-01-05-01,134,OLQVR,/home/ubuntu/klb/nuclr/nuclr/Data/Atanas_SF_unified_000776/cv5_grouped_v1/fold_0/test/train__2023-01-05-01__356f8927.npz,2023-01-05-18,1,85,81,17,URBR,URBR|IL2R|RMER|OLLR|RMDVR,12,URBR,0.25,0.1,0.01,6,0,0,0.16666666666666666,0
atanas,0,deterministic,FUGW (G+A; official),test,2023-01-05-01,136,CEPDR,/home/ubuntu/klb/nuclr/nuclr/Data/Atanas_SF_unified_000776/cv5_grouped_v1/fold_0/test/train__2023-01-05-01__356f8927.npz,2023-01-05-18,1,85,36,54,CEPDR,CEPDR|URXR|M1|RID|URXL,36,CEPDR,0.25,0.1,0.01,1,1,1,1.0,1
atanas,0,deterministic,FUGW (G+A; official),test,2023-01-05-01,137,I4,/home/ubuntu/klb/nuclr/nuclr/Data/Atanas_SF_unified_000776/cv5_grouped_v1/fold_0/test/train__2023-01-05-01__356f8927.npz,2023-01-05-18,1,85,70,73,M1,M1|I4|URXL|URXR|I6,70,I4,0.25,0.1,0.01,2,0,1,0.5,1
atanas,0,deterministic,FUGW (G+A; official),test,2023-01-13-07,1,CEPDL,/home/ubuntu/klb/nuclr/nuclr/Data/Atanas_SF_unified_000776/cv5_grouped_v1/fold_0/test/train__2023-01-13-07__0ba838bb.npz,2023-01-05-18,1,85,26,37,CEPDL,CEPDL|URXL|RIAL|OLQDL|SMDVL,26,CEPDL,0.25,0.1,0.01,1,1,1,1.0,1
atanas,0,deterministic,FUGW (G+A; official),test,2023-01-13-07,5,FLPL,/home/ubuntu/klb/nuclr/nuclr/Data/Atanas_SF_unified_000776/cv5_grouped_v1/fold_0/test/train__2023-01-13-07__0ba838bb.npz,2023-01-05-18,1,85,13,80,RICL,RICL|FLPL|AIZL|AVJL|I6,78,AIZL,0.25,0.1,0.01,2,0,1,0.5,0
atanas,0,deterministic,FUGW (G+A; official),test,2023-01-13-07,6,NSML,/home/ubuntu/klb/nuclr/nuclr/Data/Atanas_SF_unified_000776/cv5_grouped_v1/fold_0/test/train__2023-01-13-07__0ba838bb.npz,2023-01-05-18,1,85,73,66,I2L,I2L|NSML|I1L|URAVL|IL2L,73,NSML,0.25,0.1,0.01,2,0,1,0.5,1
atanas,0,deterministic,FUGW (G+A; official),test,2023-01-13-07,7,URAVL,/home/ubuntu/klb/nuclr/nuclr/Data/Atanas_SF_unified_000776/cv5_grouped_v1/fold_0/test/train__2023-01-13-07__0ba838bb.npz,2023-01-05-18,1,85,1,3,URAVL,URAVL|NSML|M3L|IL2VL|I2L,1,URAVL,0.25,0.1,0.01,1,1,1,1.0,1
atanas,0,deterministic,FUGW (G+A; official),test,2023-01-13-07,8,AIBR,/home/ubuntu/klb/nuclr/nuclr/Data/Atanas_SF_unified_000776/cv5_grouped_v1/fold_0/test/train__2023-01-13-07__0ba838bb.npz,2023-01-05-18,1,85,55,61,AVER,AVER|RMEV|AIBR|RMER|RIAR,28,RMER,0.25,0.1,0.01,3,0,1,0.3333333333333333,0
atanas,0,deterministic,FUGW (G+A; official),test,2023-01-13-07,9,RMDVL,/home/ubuntu/klb/nuclr/nuclr/Data/Atanas_SF_unified_000776/cv5_grouped_v1/fold_0/test/train__2023-01-13-07__0ba838bb.npz,2023-01-05-18,1,85,65,88,RMDVL,RMDVL|RMDL|AWCL|AWBL|URBL,11,URBL,0.25,0.1,0.01,1,1,1,1.0,0
atanas,0,deterministic,FUGW (G+A; official),test,2023-01-13-07,10,RIVL,/home/ubuntu/klb/nuclr/nuclr/Data/Atanas_SF_unified_000776/cv5_grouped_v1/fold_0/test/train__2023-01-13-07__0ba838bb.npz,2023-01-05-18,1,85,17,25,RIVL,RIVL|ADLL|SMDVL|ASIL|AWAL,17,RIVL,0.25,0.1,0.01,1,1,1,1.0,1
atanas,0,deterministic,FUGW (G+A; official),test,2023-01-13-07,11,I2R,/home/ubuntu/klb/nuclr/nuclr/Data/Atanas_SF_unified_000776/cv5_grouped_v1/fold_0/test/train__2023-01-13-07__0ba838bb.npz,2023-01-05-18,1,85,53,27,IL2VR,IL2VR|I1R|I2R|NSMR|M3R,53,I2R,0.25,0.1,0.01,3,0,1,0.3333333333333333,1
atanas,0,deterministic,FUGW (G+A; official),test,2023-01-13-07,12,URYDR,/home/ubuntu/klb/nuclr/nuclr/Data/Atanas_SF_unified_000776/cv5_grouped_v1/fold_0/test/train__2023-01-13-07__0ba838bb.npz,2023-01-05-18,1,85,47,31,URADR,URADR|IL1DR|URYDR|OLQDR|IL2DR,22,URADR,0.25,0.1,0.01,3,0,1,0.3333333333333333,0
atanas,0,deterministic,FUGW (G+A; official),test,2023-01-13-07,14,RICR,/home/ubuntu/klb/nuclr/nuclr/Data/Atanas_SF_unified_000776/cv5_grouped_v1/fold_0/test/train__2023-01-13-07__0ba838bb.npz,2023-01-05-18,0,85,-1,119,FLPR,FLPR|ADER|AVDR|AIBR|ASER,83,FLPR,0.25,0.1,0.01,-1,0,0,0.0,0
atanas,0,deterministic,FUGW (G+A; official),test,2023-01-13-07,15,AWAL,/home/ubuntu/klb/nuclr/nuclr/Data/Atanas_SF_unified_000776/cv5_grouped_v1/fold_0/test/train__2023-01-13-07__0ba838bb.npz,2023-01-05-18,1,85,10,24,RIAL,RIAL|AWBL|AWAL|ASEL|SMDVL,16,RIAL,0.25,0.1,0.01,3,0,1,0.3333333333333333,0
atanas,0,deterministic,FUGW (G+A; official),test,2023-01-13-07,16,AIBL,/home/ubuntu/klb/nuclr/nuclr/Data/Atanas_SF_unified_000776/cv5_grouped_v1/fold_0/test/train__2023-01-13-07__0ba838bb.npz,2023-01-05-18,0,85,-1,67,AVEL,AVEL|AUAL|ASGL|AWCL|RMDL,61,ASGL,0.25,0.1,0.01,-1,0,0,0.0,0
atanas,0,deterministic,FUGW (G+A; official),test,2023-01-13-07,19,ASGR,/home/ubuntu/klb/nuclr/nuclr/Data/Atanas_SF_unified_000776/cv5_grouped_v1/fold_0/test/train__2023-01-13-07__0ba838bb.npz,2023-01-05-18,0,85,-1,114,RIVR,RIVR|CEPDR|AWBR|ADLR|RIAR,74,AWBR,0.25,0.1,0.01,-1,0,0,0.0,0
atanas,0,deterministic,FUGW (G+A; official),test,2023-01-13-07,20,AVJR,/home/ubuntu/klb/nuclr/nuclr/Data/Atanas_SF_unified_000776/cv5_grouped_v1/fold_0/test/train__2023-01-13-07__0ba838bb.npz,2023-01-05-18,1,85,30,38,AINR,AINR|AIZR|AVDR|AVJR|RMDVR,21,AIZR,0.25,0.1,0.01,4,0,1,0.25,0
atanas,0,deterministic,FUGW (G+A; official),test,2023-01-13-07,21,AINR,/home/ubuntu/klb/nuclr/nuclr/Data/Atanas_SF_unified_000776/cv5_grouped_v1/fold_0/test/train__2023-01-13-07__0ba838bb.npz,2023-01-05-18,1,85,27,38,AINR,AINR|AVDR|AIZR|AVJR|ASER,27,AINR,0.25,0.1,0.01,1,1,1,1.0,1
atanas,0,deterministic,FUGW (G+A; official),test,2023-01-13-07,22,M4,/home/ubuntu/klb/nuclr/nuclr/Data/Atanas_SF_unified_000776/cv5_grouped_v1/fold_0/test/train__2023-01-13-07__0ba838bb.npz,2023-01-05-18,1,85,7,10,M4,M4|MI|I3|IL2DL|URADL,7,M4,0.25,0.1,0.01,1,1,1,1.0,1
atanas,0,deterministic,FUGW (G+A; official),test,2023-01-13-07,23,I1R,/home/ubuntu/klb/nuclr/nuclr/Data/Atanas_SF_unified_000776/cv5_grouped_v1/fold_0/test/train__2023-01-13-07__0ba838bb.npz,2023-01-05-18,1,85,59,82,I1R,I1R|I1L|MCL|IL2VR|NSML,59,I1R,0.25,0.1,0.01,1,1,1,1.0,1
atanas,0,deterministic,FUGW (G+A; official),test,2023-01-13-07,24,URADL,/home/ubuntu/klb/nuclr/nuclr/Data/Atanas_SF_unified_000776/cv5_grouped_v1/fold_0/test/train__2023-01-13-07__0ba838bb.npz,2023-01-05-18,1,85,48,69,URADL,URADL|IL2DL|URYDL|IL1DL|OLLL,48,URADL,0.25,0.1,0.01,1,1,1,1.0,1
atanas,0,deterministic,FUGW (G+A; official),test,2023-01-13-07,27,SAADR,/home/ubuntu/klb/nuclr/nuclr/Data/Atanas_SF_unified_000776/cv5_grouped_v1/fold_0/test/train__2023-01-13-07__0ba838bb.npz,2023-01-05-18,0,85,-1,117,RMEV,RMEV|AVL|AIBR|AVER|AVAR,41,AVER,0.25,0.1,0.01,-1,0,0,0.0,0
atanas,0,deterministic,FUGW (G+A; official),test,2023-01-13-07,28,SAAVR,/home/ubuntu/klb/nuclr/nuclr/Data/Atanas_SF_unified_000776/cv5_grouped_v1/fold_0/test/train__2023-01-13-07__0ba838bb.npz,2023-01-05-18,0,85,-1,86,URXR,URXR|OLQDR|URYDR|CEPDR|RIAR,43,OLQDR,0.25,0.1,0.01,-1,0,0,0.0,0
atanas,0,deterministic,FUGW (G+A; official),test,2023-01-13-07,29,AWBR,/home/ubuntu/klb/nuclr/nuclr/Data/Atanas_SF_unified_000776/cv5_grouped_v1/fold_0/test/train__2023-01-13-07__0ba838bb.npz,2023-01-05-18,1,85,74,121,RMDVR,RMDVR|AWBR|RIAR|AVJR|AIZR,60,RIAR,0.25,0.1,0.01,2,0,1,0.5,0
atanas,0,deterministic,FUGW (G+A; official),test,2023-01-13-07,31,IL2L,/home/ubuntu/klb/nuclr/nuclr/Data/Atanas_SF_unified_000776/cv5_grouped_v1/fold_0/test/train__2023-01-13-07__0ba838bb.npz,2023-01-05-18,1,85,57,79,IL2L,IL2L|URBL|IL1L|OLLL|URYDL,29,OLLL,0.25,0.1,0.01,1,1,1,1.0,0
atanas,0,deterministic,FUGW (G+A; official),test,2023-01-13-07,32,IL2R,/home/ubuntu/klb/nuclr/nuclr/Data/Atanas_SF_unified_000776/cv5_grouped_v1/fold_0/test/train__2023-01-13-07__0ba838bb.npz,2023-01-05-18,1,85,40,60,IL2R,IL2R|I2R|NSMR|M3R|IL2DR,40,IL2R,0.25,0.1,0.01,1,1,1,1.0,1
atanas,0,deterministic,FUGW (G+A; official),test,2023-01-13-07,34,M3L,/home/ubuntu/klb/nuclr/nuclr/Data/Atanas_SF_unified_000776/cv5_grouped_v1/fold_0/test/train__2023-01-13-07__0ba838bb.npz,2023-01-05-18,1,85,9,104,NSML,NSML|I2L|M3L|URAVL|MCL,9,M3L,0.25,0.1,0.01,3,0,1,0.3333333333333333,1
atanas,0,deterministic,FUGW (G+A; official),test,2023-01-13-07,36,AIZR,/home/ubuntu/klb/nuclr/nuclr/Data/Atanas_SF_unified_000776/cv5_grouped_v1/fold_0/test/train__2023-01-13-07__0ba838bb.npz,2023-01-05-18,1,85,21,76,AIBR,AIBR|FLPR|AVER|AVDR|AVAR,30,AVJR,0.25,0.1,0.01,9,0,0,0.1111111111111111,0
atanas,0,deterministic,FUGW (G+A; official),test,2023-01-13-07,38,SAAVL,/home/ubuntu/klb/nuclr/nuclr/Data/Atanas_SF_unified_000776/cv5_grouped_v1/fold_0/test/train__2023-01-13-07__0ba838bb.npz,2023-01-05-18,1,85,72,103,SAAVL,SAAVL|SMDVL|AVAL|AWAL|ADLL,10,AWAL,0.25,0.1,0.01,1,1,1,1.0,0
atanas,0,deterministic,FUGW (G+A; official),test,2023-01-13-07,40,M5,/home/ubuntu/klb/nuclr/nuclr/Data/Atanas_SF_unified_000776/cv5_grouped_v1/fold_0/test/train__2023-01-13-07__0ba838bb.npz,2023-01-05-18,0,85,-1,98,I6,I6|RIVL|CEPDL|AVHL|ASIL,69,I6,0.25,0.1,0.01,-1,0,0,0.0,0
atanas,0,deterministic,FUGW (G+A; official),test,2023-01-13-07,41,RMDDR,/home/ubuntu/klb/nuclr/nuclr/Data/Atanas_SF_unified_000776/cv5_grouped_v1/fold_0/test/train__2023-01-13-07__0ba838bb.npz,2023-01-05-18,0,85,-1,32,AVL,AVL|RMEV|AIBR|AVER|RMDDL,55,AIBR,0.25,0.1,0.01,-1,0,0,0.0,0
atanas,0,deterministic,FUGW (G+A; official),test,2023-01-13-07,42,I1L,/home/ubuntu/klb/nuclr/nuclr/Data/Atanas_SF_unified_000776/cv5_grouped_v1/fold_0/test/train__2023-01-13-07__0ba838bb.npz,2023-01-05-18,1,85,14,20,I1L,I1L|I2L|NSML|MCL|IL2DL,14,I1L,0.25,0.1,0.01,1,1,1,1.0,1
atanas,0,deterministic,FUGW (G+A; official),test,2023-01-13-07,43,RMDVR,/home/ubuntu/klb/nuclr/nuclr/Data/Atanas_SF_unified_000776/cv5_grouped_v1/fold_0/test/train__2023-01-13-07__0ba838bb.npz,2023-01-05-18,1,85,84,121,RMDVR,RMDVR|RMER|URBR|AVAR|RIAR,84,RMDVR,0.25,0.1,0.01,1,1,1,1.0,1
atanas,0,deterministic,FUGW (G+A; official),test,2023-01-13-07,44,AVEL,/home/ubuntu/klb/nuclr/nuclr/Data/Atanas_SF_unified_000776/cv5_grouped_v1/fold_0/test/train__2023-01-13-07__0ba838bb.npz,2023-01-05-18,1,85,46,67,AVEL,AVEL|SAAVL|ASGL|AVAL|OLQVL,76,ASIL,0.25,0.1,0.01,1,1,1,1.0,0
atanas,0,deterministic,FUGW (G+A; official),test,2023-01-13-07,45,AUAL,/home/ubuntu/klb/nuclr/nuclr/Data/Atanas_SF_unified_000776/cv5_grouped_v1/fold_0/test/train__2023-01-13-07__0ba838bb.npz,2023-01-05-18,1,85,68,75,AWCL,AWCL|AVJL|RMDL|AIZL|AUAL,54,AWCL,0.25,0.1,0.01,5,0,1,0.2,0
atanas,0,deterministic,FUGW (G+A; official),test,2023-01-13-07,50,SMDDR,/home/ubuntu/klb/nuclr/nuclr/Data/Atanas_SF_unified_000776/cv5_grouped_v1/fold_0/test/train__2023-01-13-07__0ba838bb.npz,2023-01-05-18,0,85,-1,32,AVL,AVL|RMEV|AVBL|AVER|OLQVR,82,RMEV,0.25,0.1,0.01,-1,0,0,0.0,0
atanas,0,deterministic,FUGW (G+A; official),test,2023-01-13-07,53,ASER,/home/ubuntu/klb/nuclr/nuclr/Data/Atanas_SF_unified_000776/cv5_grouped_v1/fold_0/test/train__2023-01-13-07__0ba838bb.npz,2023-01-05-18,1,85,75,106,ASER,ASER|AVAR|AIBR|ADLR|AVER,75,ASER,0.25,0.1,0.01,1,1,1,1.0,1
atanas,0,deterministic,FUGW (G+A; official),test,2023-01-13-07,55,M3R,/home/ubuntu/klb/nuclr/nuclr/Data/Atanas_SF_unified_000776/cv5_grouped_v1/fold_0/test/train__2023-01-13-07__0ba838bb.npz,2023-01-05-18,1,85,24,35,M3R,M3R|NSMR|I1R|I2R|MCL,25,MCL,0.25,0.1,0.01,1,1,1,1.0,0
atanas,0,deterministic,FUGW (G+A; official),test,2023-01-13-07,56,CEPVL,/home/ubuntu/klb/nuclr/nuclr/Data/Atanas_SF_unified_000776/cv5_grouped_v1/fold_0/test/train__2023-01-13-07__0ba838bb.npz,2023-01-05-18,1,85,6,8,CEPVL,CEPVL|IL2VL|URYVL|OLQVL|URAVL,71,URYVL,0.25,0.1,0.01,1,1,1,1.0,0
atanas,0,deterministic,FUGW (G+A; official),test,2023-01-13-07,57,RMEL,/home/ubuntu/klb/nuclr/nuclr/Data/Atanas_SF_unified_000776/cv5_grouped_v1/fold_0/test/train__2023-01-13-07__0ba838bb.npz,2023-01-05-18,0,85,-1,46,URYDL,URYDL|URBL|OLLL|IL2L|RMDVL,32,URYDL,0.25,0.1,0.01,-1,0,0,0.0,0
atanas,0,deterministic,FUGW (G+A; official),test,2023-01-13-07,58,URBR,/home/ubuntu/klb/nuclr/nuclr/Data/Atanas_SF_unified_000776/cv5_grouped_v1/fold_0/test/train__2023-01-13-07__0ba838bb.npz,2023-01-05-18,1,85,12,60,IL2R,IL2R|M3R|NSMR|I2R|URBR,12,URBR,0.25,0.1,0.01,5,0,1,0.2,1
atanas,0,deterministic,FUGW (G+A; official),test,2023-01-13-07,59,ASIR,/home/ubuntu/klb/nuclr/nuclr/Data/Atanas_SF_unified_000776/cv5_grouped_v1/fold_0/test/train__2023-01-13-07__0ba838bb.npz,2023-01-05-18,0,85,-1,54,CEPDR,CEPDR|RIVR|ADLR|AWBR|M1,80,RIVR,0.25,0.1,0.01,-1,0,0,0.0,0
atanas,0,deterministic,FUGW (G+A; official),test,2023-01-13-07,60,ADER,/home/ubuntu/klb/nuclr/nuclr/Data/Atanas_SF_unified_000776/cv5_grouped_v1/fold_0/test/train__2023-01-13-07__0ba838bb.npz,2023-01-05-18,1,85,35,52,ADER,ADER|FLPR|AVDR|AINR|AIZR,35,ADER,0.25,0.1,0.01,1,1,1,1.0,1
atanas,0,deterministic,FUGW (G+A; official),test,2023-01-13-07,61,IL1VR,/home/ubuntu/klb/nuclr/nuclr/Data/Atanas_SF_unified_000776/cv5_grouped_v1/fold_0/test/train__2023-01-13-07__0ba838bb.npz,2023-01-05-18,0,85,-1,27,IL2VR,IL2VR|NSMR|M3R|I2R|OLQVR,24,M3R,0.25,0.1,0.01,-1,0,0,0.0,0
atanas,0,deterministic,FUGW (G+A; official),test,2023-01-13-07,62,I2L,/home/ubuntu/klb/nuclr/nuclr/Data/Atanas_SF_unified_000776/cv5_grouped_v1/fold_0/test/train__2023-01-13-07__0ba838bb.npz,2023-01-05-18,1,85,45,66,I2L,I2L|NSML|I1L|IL2L|URAVL,45,I2L,0.25,0.1,0.01,1,1,1,1.0,1
atanas,0,deterministic,FUGW (G+A; official),test,2023-01-13-07,63,OLLR,/home/ubuntu/klb/nuclr/nuclr/Data/Atanas_SF_unified_000776/cv5_grouped_v1/fold_0/test/train__2023-01-13-07__0ba838bb.npz,2023-01-05-18,1,85,31,31,URADR,URADR|IL2DR|IL1DR|URYDR|OLLR,3,IL2DR,0.25,0.1,0.01,5,0,1,0.2,0
atanas,0,deterministic,FUGW (G+A; official),test,2023-01-13-07,66,ADAL,/home/ubuntu/klb/nuclr/nuclr/Data/Atanas_SF_unified_000776/cv5_grouped_v1/fold_0/test/train__2023-01-13-07__0ba838bb.npz,2023-01-05-18,0,85,-1,18,FLPL,FLPL|RICL|I6|AIZL|AVJL,58,RICL,0.25,0.1,0.01,-1,0,0,0.0,0
atanas,0,deterministic,FUGW (G+A; official),test,2023-01-13-07,69,ADLR,/home/ubuntu/klb/nuclr/nuclr/Data/Atanas_SF_unified_000776/cv5_grouped_v1/fold_0/test/train__2023-01-13-07__0ba838bb.npz,2023-01-05-18,1,85,62,91,RID,RID|M1|ADLR|URXR|CEPDR,66,RID,0.25,0.1,0.01,3,0,1,0.3333333333333333,0
atanas,0,deterministic,FUGW (G+A; official),test,2023-01-13-07,71,RMDL,/home/ubuntu/klb/nuclr/nuclr/Data/Atanas_SF_unified_000776/cv5_grouped_v1/fold_0/test/train__2023-01-13-07__0ba838bb.npz,2023-01-05-18,1,85,4,70,AVBL,AVBL|AVAL|SAAVL|OLQVL|ASGL,72,SAAVL,0.25,0.1,0.01,7,0,0,0.14285714285714285,0
atanas,0,deterministic,FUGW (G+A; official),test,2023-01-13-07,72,ADEL,/home/ubuntu/klb/nuclr/nuclr/Data/Atanas_SF_unified_000776/cv5_grouped_v1/fold_0/test/train__2023-01-13-07__0ba838bb.npz,2023-01-05-18,0,85,-1,18,FLPL,FLPL|AIZL|I6|RICL|AVJL,44,AVJL,0.25,0.1,0.01,-1,0,0,0.0,0
atanas,0,deterministic,FUGW (G+A; official),test,2023-01-13-07,73,RMER,/home/ubuntu/klb/nuclr/nuclr/Data/Atanas_SF_unified_000776/cv5_grouped_v1/fold_0/test/train__2023-01-13-07__0ba838bb.npz,2023-01-05-18,1,85,28,31,URADR,URADR|URYDR|OLLR|IL1DR|OLQDR,47,URYDR,0.25,0.1,0.01,8,0,0,0.125,0
atanas,0,deterministic,FUGW (G+A; official),test,2023-01-13-07,74,SMDDL,/home/ubuntu/klb/nuclr/nuclr/Data/Atanas_SF_unified_000776/cv5_grouped_v1/fold_0/test/train__2023-01-13-07__0ba838bb.npz,2023-01-05-18,0,85,-1,8,CEPVL,CEPVL|IL2VL|OLQVL|URYVL|URAVL,33,IL2VL,0.25,0.1,0.01,-1,0,0,0.0,0
atanas,0,deterministic,FUGW (G+A; official),test,2023-01-13-07,75,AVAL,/home/ubuntu/klb/nuclr/nuclr/Data/Atanas_SF_unified_000776/cv5_grouped_v1/fold_0/test/train__2023-01-13-07__0ba838bb.npz,2023-01-05-18,1,85,0,0,AVAL,AVAL|SAAVL|SMDVL|AWAL|ASGL,0,AVAL,0.25,0.1,0.01,1,1,1,1.0,1
atanas,0,deterministic,FUGW (G+A; official),test,2023-01-13-07,76,IL1DR,/home/ubuntu/klb/nuclr/nuclr/Data/Atanas_SF_unified_000776/cv5_grouped_v1/fold_0/test/train__2023-01-13-07__0ba838bb.npz,2023-01-05-18,1,85,42,62,IL1DR,IL1DR|IL2DR|OLQDR|URADR|URYDR,42,IL1DR,0.25,0.1,0.01,1,1,1,1.0,1
atanas,0,deterministic,FUGW (G+A; official),test,2023-01-13-07,80,IL1R,/home/ubuntu/klb/nuclr/nuclr/Data/Atanas_SF_unified_000776/cv5_grouped_v1/fold_0/test/train__2023-01-13-07__0ba838bb.npz,2023-01-05-18,0,85,-1,60,IL2R,IL2R|URBR|URADR|OLQVR|OLLR,31,OLLR,0.25,0.1,0.01,-1,0,0,0.0,0
atanas,0,deterministic,FUGW (G+A; official),test,2023-01-13-07,82,AIZL,/home/ubuntu/klb/nuclr/nuclr/Data/Atanas_SF_unified_000776/cv5_grouped_v1/fold_0/test/train__2023-01-13-07__0ba838bb.npz,2023-01-05-18,1,85,78,110,AIZL,AIZL|AVJL|AUAL|AWCL|RICL,77,AVHL,0.25,0.1,0.01,1,1,1,1.0,0
atanas,0,deterministic,FUGW (G+A; official),test,2023-01-13-07,83,URYVR,/home/ubuntu/klb/nuclr/nuclr/Data/Atanas_SF_unified_000776/cv5_grouped_v1/fold_0/test/train__2023-01-13-07__0ba838bb.npz,2023-01-05-18,0,85,-1,116,OLQVR,OLQVR|M3R|URBR|NSMR|OLLR,81,OLQVR,0.25,0.1,0.01,-1,0,0,0.0,0
atanas,0,deterministic,FUGW (G+A; official),test,2023-01-13-07,84,ASEL,/home/ubuntu/klb/nuclr/nuclr/Data/Atanas_SF_unified_000776/cv5_grouped_v1/fold_0/test/train__2023-01-13-07__0ba838bb.npz,2023-01-05-18,1,85,34,50,ASEL,ASEL|AWBL|AVJL|AVHL|AWCL,67,AWBL,0.25,0.1,0.01,1,1,1,1.0,0
atanas,0,deterministic,FUGW (G+A; official),test,2023-01-13-07,85,URBL,/home/ubuntu/klb/nuclr/nuclr/Data/Atanas_SF_unified_000776/cv5_grouped_v1/fold_0/test/train__2023-01-13-07__0ba838bb.npz,2023-01-05-18,1,85,11,79,IL2L,IL2L|URBL|IL1L|OLLL|URYDL,57,IL2L,0.25,0.1,0.01,2,0,1,0.5,0
atanas,0,deterministic,FUGW (G+A; official),test,2023-01-13-07,87,AWBL,/home/ubuntu/klb/nuclr/nuclr/Data/Atanas_SF_unified_000776/cv5_grouped_v1/fold_0/test/train__2023-01-13-07__0ba838bb.npz,2023-01-05-18,1,85,67,88,RMDVL,RMDVL|AWBL|ASEL|SMDVL|RMDL,65,RMDVL,0.25,0.1,0.01,2,0,1,0.5,0
atanas,0,deterministic,FUGW (G+A; official),test,2023-01-13-07,88,M1,/home/ubuntu/klb/nuclr/nuclr/Data/Atanas_SF_unified_000776/cv5_grouped_v1/fold_0/test/train__2023-01-13-07__0ba838bb.npz,2023-01-05-18,1,85,52,73,M1,M1|RID|I4|URXR|CEPDR,52,M1,0.25,0.1,0.01,1,1,1,1.0,1
atanas,0,deterministic,FUGW (G+A; official),test,2023-01-13-07,90,RICL,/home/ubuntu/klb/nuclr/nuclr/Data/Atanas_SF_unified_000776/cv5_grouped_v1/fold_0/test/train__2023-01-13-07__0ba838bb.npz,2023-01-05-18,1,85,58,80,RICL,RICL|AIZL|AUAL|RMDDL|FLPL,68,AUAL,0.25,0.1,0.01,1,1,1,1.0,0
atanas,0,deterministic,FUGW (G+A; official),test,2023-01-13-07,91,RMGL,/home/ubuntu/klb/nuclr/nuclr/Data/Atanas_SF_unified_000776/cv5_grouped_v1/fold_0/test/train__2023-01-13-07__0ba838bb.npz,2023-01-05-18,0,85,-1,18,FLPL,FLPL|RICL|I6|AIZL|AVJL,13,FLPL,0.25,0.1,0.01,-1,0,0,0.0,0
atanas,0,deterministic,FUGW (G+A; official),test,2023-01-13-07,92,I3,/home/ubuntu/klb/nuclr/nuclr/Data/Atanas_SF_unified_000776/cv5_grouped_v1/fold_0/test/train__2023-01-13-07__0ba838bb.npz,2023-01-05-18,1,85,18,77,IL2DL,IL2DL|MI|I3|URADL|M4,50,MI,0.25,0.1,0.01,3,0,1,0.3333333333333333,0
atanas,0,deterministic,FUGW (G+A; official),test,2023-01-13-07,95,AWAR,/home/ubuntu/klb/nuclr/nuclr/Data/Atanas_SF_unified_000776/cv5_grouped_v1/fold_0/test/train__2023-01-13-07__0ba838bb.npz,2023-01-05-18,0,85,-1,54,CEPDR,CEPDR|ADLR|URXR|AWBR|RIAR,63,URXR,0.25,0.1,0.01,-1,0,0,0.0,0
atanas,0,deterministic,FUGW (G+A; official),test,2023-01-13-07,96,RIAL,/home/ubuntu/klb/nuclr/nuclr/Data/Atanas_SF_unified_000776/cv5_grouped_v1/fold_0/test/train__2023-01-13-07__0ba838bb.npz,2023-01-05-18,1,85,16,37,CEPDL,CEPDL|RIAL|URXL|SMDVL|OLQDL,38,URXL,0.25,0.1,0.01,2,0,1,0.5,0
atanas,0,deterministic,FUGW (G+A; official),test,2023-01-13-07,98,NSMR,/home/ubuntu/klb/nuclr/nuclr/Data/Atanas_SF_unified_000776/cv5_grouped_v1/fold_0/test/train__2023-01-13-07__0ba838bb.npz,2023-01-05-18,1,85,8,27,IL2VR,IL2VR|I2R|I1R|NSMR|M3R,8,NSMR,0.25,0.1,0.01,4,0,1,0.25,1
atanas,0,deterministic,FUGW (G+A; official),test,2023-01-13-07,99,SAADL,/home/ubuntu/klb/nuclr/nuclr/Data/Atanas_SF_unified_000776/cv5_grouped_v1/fold_0/test/train__2023-01-13-07__0ba838bb.npz,2023-01-05-18,0,85,-1,113,RMDDL,RMDDL|AVL|AUAL|AVEL|RICL,23,AVL,0.25,0.1,0.01,-1,0,0,0.0,0
atanas,0,deterministic,FUGW (G+A; official),test,2023-01-13-07,100,AVAR,/home/ubuntu/klb/nuclr/nuclr/Data/Atanas_SF_unified_000776/cv5_grouped_v1/fold_0/test/train__2023-01-13-07__0ba838bb.npz,2023-01-05-18,1,85,20,29,AVAR,AVAR|RID|ASER|AVER|ADLR,62,ADLR,0.25,0.1,0.01,1,1,1,1.0,0
atanas,0,deterministic,FUGW (G+A; official),test,2023-01-13-07,101,MI,/home/ubuntu/klb/nuclr/nuclr/Data/Atanas_SF_unified_000776/cv5_grouped_v1/fold_0/test/train__2023-01-13-07__0ba838bb.npz,2023-01-05-18,1,85,50,77,IL2DL,IL2DL|MI|URADL|I3|IL1DL,56,IL2DL,0.25,0.1,0.01,2,0,1,0.5,0
atanas,0,deterministic,FUGW (G+A; official),test,2023-01-13-07,102,AUAR,/home/ubuntu/klb/nuclr/nuclr/Data/Atanas_SF_unified_000776/cv5_grouped_v1/fold_0/test/train__2023-01-13-07__0ba838bb.npz,2023-01-05-18,0,85,-1,76,AIBR,AIBR|AVAR|ASER|AVER|RMDVR,20,AVAR,0.25,0.1,0.01,-1,0,0,0.0,0
atanas,0,deterministic,FUGW (G+A; official),test,2023-01-13-07,103,AWCL,/home/ubuntu/klb/nuclr/nuclr/Data/Atanas_SF_unified_000776/cv5_grouped_v1/fold_0/test/train__2023-01-13-07__0ba838bb.npz,2023-01-05-18,1,85,54,75,AWCL,AWCL|RMDL|RMDVL|AVJL|ASEL,4,RMDL,0.25,0.1,0.01,1,1,1,1.0,0
atanas,0,deterministic,FUGW (G+A; official),test,2023-01-13-07,106,AVDL,/home/ubuntu/klb/nuclr/nuclr/Data/Atanas_SF_unified_000776/cv5_grouped_v1/fold_0/test/train__2023-01-13-07__0ba838bb.npz,2023-01-05-18,0,85,-1,64,AVJL,AVJL|AIZL|ASEL|AVHL|AWCL,34,ASEL,0.25,0.1,0.01,-1,0,0,0.0,0
atanas,0,deterministic,FUGW (G+A; official),test,2023-01-13-07,107,VB02,/home/ubuntu/klb/nuclr/nuclr/Data/Atanas_SF_unified_000776/cv5_grouped_v1/fold_0/test/train__2023-01-13-07__0ba838bb.npz,2023-01-05-18,0,85,-1,113,RMDDL,RMDDL|AVL|RICL|FLPL|AUAL,79,RMDDL,0.25,0.1,0.01,-1,0,0,0.0,0
atanas,0,deterministic,FUGW (G+A; official),test,2023-01-13-07,108,URYVL,/home/ubuntu/klb/nuclr/nuclr/Data/Atanas_SF_unified_000776/cv5_grouped_v1/fold_0/test/train__2023-01-13-07__0ba838bb.npz,2023-01-05-18,1,85,71,79,IL2L,IL2L|IL1L|URBL|URYVL|OLLL,37,IL1L,0.25,0.1,0.01,4,0,1,0.25,0
atanas,0,deterministic,FUGW (G+A; official),test,2023-01-13-07,109,IL2VR,/home/ubuntu/klb/nuclr/nuclr/Data/Atanas_SF_unified_000776/cv5_grouped_v1/fold_0/test/train__2023-01-13-07__0ba838bb.npz,2023-01-05-18,1,85,19,27,IL2VR,IL2VR|I1R|I1L|MCL|URAVL,19,IL2VR,0.25,0.1,0.01,1,1,1,1.0,1
atanas,0,deterministic,FUGW (G+A; official),test,2023-01-13-07,110,ASGL,/home/ubuntu/klb/nuclr/nuclr/Data/Atanas_SF_unified_000776/cv5_grouped_v1/fold_0/test/train__2023-01-13-07__0ba838bb.npz,2023-01-05-18,1,85,61,70,AVBL,AVBL|AVAL|SAAVL|RIVL|ASIL,49,AVBL,0.25,0.1,0.01,9,0,0,0.1111111111111111,0
atanas,0,deterministic,FUGW (G+A; official),test,2023-01-13-07,111,AVJL,/home/ubuntu/klb/nuclr/nuclr/Data/Atanas_SF_unified_000776/cv5_grouped_v1/fold_0/test/train__2023-01-13-07__0ba838bb.npz,2023-01-05-18,1,85,44,64,AVJL,AVJL|ASEL|AVHL|AWBL|RIVL,64,SMDVL,0.25,0.1,0.01,1,1,1,1.0,0
atanas,0,deterministic,FUGW (G+A; official),test,2023-01-13-07,113,RMEV,/home/ubuntu/klb/nuclr/nuclr/Data/Atanas_SF_unified_000776/cv5_grouped_v1/fold_0/test/train__2023-01-13-07__0ba838bb.npz,2023-01-05-18,1,85,82,7,OLQVL,OLQVL|CEPVL|IL2VL|AVEL|M4,5,OLQVL,0.25,0.1,0.01,10,0,0,0.1,0
atanas,0,deterministic,FUGW (G+A; official),test,2023-01-13-07,115,I6,/home/ubuntu/klb/nuclr/nuclr/Data/Atanas_SF_unified_000776/cv5_grouped_v1/fold_0/test/train__2023-01-13-07__0ba838bb.npz,2023-01-05-18,1,85,69,21,ADLL,ADLL|ASIL|RIVL|I4|AWAL,15,ADLL,0.25,0.1,0.01,7,0,0,0.14285714285714285,0
atanas,0,deterministic,FUGW (G+A; official),test,2023-01-13-07,117,SMDVR,/home/ubuntu/klb/nuclr/nuclr/Data/Atanas_SF_unified_000776/cv5_grouped_v1/fold_0/test/train__2023-01-13-07__0ba838bb.npz,2023-01-05-18,0,85,-1,54,CEPDR,CEPDR|URXR|ADLR|RIAR|AWBR,36,CEPDR,0.25,0.1,0.01,-1,0,0,0.0,0
atanas,0,deterministic,FUGW (G+A; official),test,2023-01-13-07,118,RMDDL,/home/ubuntu/klb/nuclr/nuclr/Data/Atanas_SF_unified_000776/cv5_grouped_v1/fold_0/test/train__2023-01-13-07__0ba838bb.npz,2023-01-05-18,1,85,79,96,AUAL,AUAL|RMDDL|AWCL|RMDL|AVEL,6,CEPVL,0.25,0.1,0.01,2,0,1,0.5,0
atanas,0,deterministic,FUGW (G+A; official),test,2023-01-13-07,119,FLPR,/home/ubuntu/klb/nuclr/nuclr/Data/Atanas_SF_unified_000776/cv5_grouped_v1/fold_0/test/train__2023-01-13-07__0ba838bb.npz,2023-01-05-18,1,85,83,4,AVDR,AVDR|ADER|FLPR|AINR|AIZR,2,AVDR,0.25,0.1,0.01,3,0,1,0.3333333333333333,0
atanas,0,deterministic,FUGW (G+A; official),test,2023-01-16-15,2,URYDL,/home/ubuntu/klb/nuclr/nuclr/Data/Atanas_SF_unified_000776/cv5_grouped_v1/fold_0/test/train__2023-01-16-15__2baa3162.npz,2023-01-05-18,1,85,32,69,URADL,URADL|IL1DL|OLQDL|MI|IL2DL,48,URADL,0.25,0.1,0.01,6,0,0,0.16666666666666666,0
atanas,0,deterministic,FUGW (G+A; official),test,2023-01-16-15,3,OLQDR,/home/ubuntu/klb/nuclr/nuclr/Data/Atanas_SF_unified_000776/cv5_grouped_v1/fold_0/test/train__2023-01-16-15__2baa3162.npz,2023-01-05-18,1,85,43,68,URYDR,URYDR|URADR|OLQDR|IL1DR|OLLR,47,URYDR,0.25,0.1,0.01,3,0,1,0.3333333333333333,0
atanas,0,deterministic,FUGW (G+A; official),test,2023-01-16-15,7,AWAL,/home/ubuntu/klb/nuclr/nuclr/Data/Atanas_SF_unified_000776/cv5_grouped_v1/fold_0/test/train__2023-01-16-15__2baa3162.npz,2023-01-05-18,1,85,10,21,ADLL,ADLL|SAAVL|AWAL|ASIL|ASGL,10,AWAL,0.25,0.1,0.01,3,0,1,0.3333333333333333,1
atanas,0,deterministic,FUGW (G+A; official),test,2023-01-16-15,8,CEPDL,/home/ubuntu/klb/nuclr/nuclr/Data/Atanas_SF_unified_000776/cv5_grouped_v1/fold_0/test/train__2023-01-16-15__2baa3162.npz,2023-01-05-18,1,85,26,58,URXL,URXL|CEPDL|OLQDL|RID|RIAL,38,URXL,0.25,0.1,0.01,2,0,1,0.5,0
atanas,0,deterministic,FUGW (G+A; official),test,2023-01-16-15,9,I6,/home/ubuntu/klb/nuclr/nuclr/Data/Atanas_SF_unified_000776/cv5_grouped_v1/fold_0/test/train__2023-01-16-15__2baa3162.npz,2023-01-05-18,1,85,69,100,I4,I4|M1|ADLL|URXL|CEPDL,70,I4,0.25,0.1,0.01,9,0,0,0.1111111111111111,0
atanas,0,deterministic,FUGW (G+A; official),test,2023-01-16-15,10,CEPVR,/home/ubuntu/klb/nuclr/nuclr/Data/Atanas_SF_unified_000776/cv5_grouped_v1/fold_0/test/train__2023-01-16-15__2baa3162.npz,2023-01-05-18,0,85,-1,117,RMEV,RMEV|OLQVR|AVL|CEPVL|RMDDL,82,RMEV,0.25,0.1,0.01,-1,0,0,0.0,0
atanas,0,deterministic,FUGW (G+A; official),test,2023-01-16-15,11,I2L,/home/ubuntu/klb/nuclr/nuclr/Data/Atanas_SF_unified_000776/cv5_grouped_v1/fold_0/test/train__2023-01-16-15__2baa3162.npz,2023-01-05-18,1,85,45,66,I2L,I2L|NSML|I1L|IL2L|IL2DL,45,I2L,0.25,0.1,0.01,1,1,1,1.0,1
atanas,0,deterministic,FUGW (G+A; official),test,2023-01-16-15,12,IL2DL,/home/ubuntu/klb/nuclr/nuclr/Data/Atanas_SF_unified_000776/cv5_grouped_v1/fold_0/test/train__2023-01-16-15__2baa3162.npz,2023-01-05-18,1,85,56,77,IL2DL,IL2DL|URADL|MI|I3|IL1DL,56,IL2DL,0.25,0.1,0.01,1,1,1,1.0,1
atanas,0,deterministic,FUGW (G+A; official),test,2023-01-16-15,16,OLLL,/home/ubuntu/klb/nuclr/nuclr/Data/Atanas_SF_unified_000776/cv5_grouped_v1/fold_0/test/train__2023-01-16-15__2baa3162.npz,2023-01-05-18,1,85,29,69,URADL,URADL|URYDL|IL1DL|OLLL|IL2L,32,URYDL,0.25,0.1,0.01,4,0,1,0.25,0
atanas,0,deterministic,FUGW (G+A; official),test,2023-01-16-15,17,AWCL,/home/ubuntu/klb/nuclr/nuclr/Data/Atanas_SF_unified_000776/cv5_grouped_v1/fold_0/test/train__2023-01-16-15__2baa3162.npz,2023-01-05-18,1,85,54,75,AWCL,AWCL|RMDL|RMDVL|AVJL|ASEL,4,RMDL,0.25,0.1,0.01,1,1,1,1.0,0
atanas,0,deterministic,FUGW (G+A; official),test,2023-01-16-15,18,IL1R,/home/ubuntu/klb/nuclr/nuclr/Data/Atanas_SF_unified_000776/cv5_grouped_v1/fold_0/test/train__2023-01-16-15__2baa3162.npz,2023-01-05-18,0,85,-1,60,IL2R,IL2R|OLQVR|M3R|URBR|NSMR,31,OLLR,0.25,0.1,0.01,-1,0,0,0.0,0
atanas,0,deterministic,FUGW (G+A; official),test,2023-01-16-15,19,M5,/home/ubuntu/klb/nuclr/nuclr/Data/Atanas_SF_unified_000776/cv5_grouped_v1/fold_0/test/train__2023-01-16-15__2baa3162.npz,2023-01-05-18,0,85,-1,98,I6,I6|CEPDL|RIVL|I4|FLPL,69,I6,0.25,0.1,0.01,-1,0,0,0.0,0
atanas,0,deterministic,FUGW (G+A; official),test,2023-01-16-15,20,AUAR,/home/ubuntu/klb/nuclr/nuclr/Data/Atanas_SF_unified_000776/cv5_grouped_v1/fold_0/test/train__2023-01-16-15__2baa3162.npz,2023-01-05-18,0,85,-1,106,ASER,ASER|AVDR|FLPR|AVAR|ADER,75,ASER,0.25,0.1,0.01,-1,0,0,0.0,0
atanas,0,deterministic,FUGW (G+A; official),test,2023-01-16-15,21,AWBL,/home/ubuntu/klb/nuclr/nuclr/Data/Atanas_SF_unified_000776/cv5_grouped_v1/fold_0/test/train__2023-01-16-15__2baa3162.npz,2023-01-05-18,1,85,67,87,SMDVL,SMDVL|AWBL|CEPDL|ASEL|RMDVL,64,SMDVL,0.25,0.1,0.01,2,0,1,0.5,0
atanas,0,deterministic,FUGW (G+A; official),test,2023-01-16-15,22,AVDL,/home/ubuntu/klb/nuclr/nuclr/Data/Atanas_SF_unified_000776/cv5_grouped_v1/fold_0/test/train__2023-01-16-15__2baa3162.npz,2023-01-05-18,0,85,-1,64,AVJL,AVJL|ASEL|AVHL|I6|AWBL,34,ASEL,0.25,0.1,0.01,-1,0,0,0.0,0
atanas,0,deterministic,FUGW (G+A; official),test,2023-01-16-15,24,MCL,/home/ubuntu/klb/nuclr/nuclr/Data/Atanas_SF_unified_000776/cv5_grouped_v1/fold_0/test/train__2023-01-16-15__2baa3162.npz,2023-01-05-18,1,85,25,66,I2L,I2L|NSML|I1L|MCL|M3L,9,M3L,0.25,0.1,0.01,4,0,1,0.25,0
atanas,0,deterministic,FUGW (G+A; official),test,2023-01-16-15,25,CEPVL,/home/ubuntu/klb/nuclr/nuclr/Data/Atanas_SF_unified_000776/cv5_grouped_v1/fold_0/test/train__2023-01-16-15__2baa3162.npz,2023-01-05-18,1,85,6,8,CEPVL,CEPVL|IL2VL|OLQVL|URYVL|AVEL,6,CEPVL,0.25,0.1,0.01,1,1,1,1.0,1
atanas,0,deterministic,FUGW (G+A; official),test,2023-01-16-15,26,RIVL,/home/ubuntu/klb/nuclr/nuclr/Data/Atanas_SF_unified_000776/cv5_grouped_v1/fold_0/test/train__2023-01-16-15__2baa3162.npz,2023-01-05-18,1,85,17,25,RIVL,RIVL|ADLL|ASIL|CEPDL|SMDVL,17,RIVL,0.25,0.1,0.01,1,1,1,1.0,1
atanas,0,deterministic,FUGW (G+A; official),test,2023-01-16-15,28,AVJR,/home/ubuntu/klb/nuclr/nuclr/Data/Atanas_SF_unified_000776/cv5_grouped_v1/fold_0/test/train__2023-01-16-15__2baa3162.npz,2023-01-05-18,1,85,30,38,AINR,AINR|AIZR|AVJR|AVDR|AWBR,30,AVJR,0.25,0.1,0.01,3,0,1,0.3333333333333333,1
atanas,0,deterministic,FUGW (G+A; official),test,2023-01-16-15,31,RIR,/home/ubuntu/klb/nuclr/nuclr/Data/Atanas_SF_unified_000776/cv5_grouped_v1/fold_0/test/train__2023-01-16-15__2baa3162.npz,2023-01-05-18,0,85,-1,96,AUAL,AUAL|RMDDL|AVEL|RICL|ASGL,46,AVEL,0.25,0.1,0.01,-1,0,0,0.0,0
atanas,0,deterministic,FUGW (G+A; official),test,2023-01-16-15,32,RIVR,/home/ubuntu/klb/nuclr/nuclr/Data/Atanas_SF_unified_000776/cv5_grouped_v1/fold_0/test/train__2023-01-16-15__2baa3162.npz,2023-01-05-18,1,85,80,114,RIVR,RIVR|ADLR|CEPDR|M1|AWBR,80,RIVR,0.25,0.1,0.01,1,1,1,1.0,1
atanas,0,deterministic,FUGW (G+A; official),test,2023-01-16-15,33,IL2DR,/home/ubuntu/klb/nuclr/nuclr/Data/Atanas_SF_unified_000776/cv5_grouped_v1/fold_0/test/train__2023-01-16-15__2baa3162.npz,2023-01-05-18,1,85,3,5,IL2DR,IL2DR|URADR|IL2R|URYDR|IL1DR,3,IL2DR,0.25,0.1,0.01,1,1,1,1.0,1
atanas,0,deterministic,FUGW (G+A; official),test,2023-01-16-15,35,CEPDR,/home/ubuntu/klb/nuclr/nuclr/Data/Atanas_SF_unified_000776/cv5_grouped_v1/fold_0/test/train__2023-01-16-15__2baa3162.npz,2023-01-05-18,1,85,36,54,CEPDR,CEPDR|URXR|M1|RIVR|ADLR,36,CEPDR,0.25,0.1,0.01,1,1,1,1.0,1
atanas,0,deterministic,FUGW (G+A; official),test,2023-01-16-15,36,URYVL,/home/ubuntu/klb/nuclr/nuclr/Data/Atanas_SF_unified_000776/cv5_grouped_v1/fold_0/test/train__2023-01-16-15__2baa3162.npz,2023-01-05-18,1,85,71,79,IL2L,IL2L|URBL|IL1L|URYVL|OLLL,37,IL1L,0.25,0.1,0.01,4,0,1,0.25,0
atanas,0,deterministic,FUGW (G+A; official),test,2023-01-16-15,37,RICL,/home/ubuntu/klb/nuclr/nuclr/Data/Atanas_SF_unified_000776/cv5_grouped_v1/fold_0/test/train__2023-01-16-15__2baa3162.npz,2023-01-05-18,1,85,58,18,FLPL,FLPL|RICL|AIZL|AVJL|I6,78,AIZL,0.25,0.1,0.01,2,0,1,0.5,0
atanas,0,deterministic,FUGW (G+A; official),test,2023-01-16-15,38,RICR,/home/ubuntu/klb/nuclr/nuclr/Data/Atanas_SF_unified_000776/cv5_grouped_v1/fold_0/test/train__2023-01-16-15__2baa3162.npz,2023-01-05-18,0,85,-1,52,ADER,ADER|FLPR|AVDR|AINR|AIZR,35,ADER,0.25,0.1,0.01,-1,0,0,0.0,0
atanas,0,deterministic,FUGW (G+A; official),test,2023-01-16-15,39,OLQVL,/home/ubuntu/klb/nuclr/nuclr/Data/Atanas_SF_unified_000776/cv5_grouped_v1/fold_0/test/train__2023-01-16-15__2baa3162.npz,2023-01-05-18,1,85,5,79,IL2L,IL2L|IL1L|OLQVL|URBL|URYVL,5,OLQVL,0.25,0.1,0.01,3,0,1,0.3333333333333333,1
atanas,0,deterministic,FUGW (G+A; official),test,2023-01-16-15,40,URBR,/home/ubuntu/klb/nuclr/nuclr/Data/Atanas_SF_unified_000776/cv5_grouped_v1/fold_0/test/train__2023-01-16-15__2baa3162.npz,2023-01-05-18,1,85,12,60,IL2R,IL2R|URBR|OLLR|RMER|OLQVR,12,URBR,0.25,0.1,0.01,2,0,1,0.5,1
atanas,0,deterministic,FUGW (G+A; official),test,2023-01-16-15,43,URXR,/home/ubuntu/klb/nuclr/nuclr/Data/Atanas_SF_unified_000776/cv5_grouped_v1/fold_0/test/train__2023-01-16-15__2baa3162.npz,2023-01-05-18,1,85,63,86,URXR,URXR|CEPDR|M1|RID|OLQDR,63,URXR,0.25,0.1,0.01,1,1,1,1.0,1
atanas,0,deterministic,FUGW (G+A; official),test,2023-01-16-15,44,M4,/home/ubuntu/klb/nuclr/nuclr/Data/Atanas_SF_unified_000776/cv5_grouped_v1/fold_0/test/train__2023-01-16-15__2baa3162.npz,2023-01-05-18,1,85,7,10,M4,M4|IL2DR|URADR|MI|IL1DR,7,M4,0.25,0.1,0.01,1,1,1,1.0,1
atanas,0,deterministic,FUGW (G+A; official),test,2023-01-16-15,46,RIBL,/home/ubuntu/klb/nuclr/nuclr/Data/Atanas_SF_unified_000776/cv5_grouped_v1/fold_0/test/train__2023-01-16-15__2baa3162.npz,2023-01-05-18,0,85,-1,70,AVBL,AVBL|SAAVL|ADLL|AVAL|ASGL,72,SAAVL,0.25,0.1,0.01,-1,0,0,0.0,0
atanas,0,deterministic,FUGW (G+A; official),test,2023-01-16-15,47,SMDDR,/home/ubuntu/klb/nuclr/nuclr/Data/Atanas_SF_unified_000776/cv5_grouped_v1/fold_0/test/train__2023-01-16-15__2baa3162.npz,2023-01-05-18,0,85,-1,32,AVL,AVL|FLPR|ADER|AIBR|RMDDL,55,AIBR,0.25,0.1,0.01,-1,0,0,0.0,0
atanas,0,deterministic,FUGW (G+A; official),test,2023-01-16-15,48,IL1VL,/home/ubuntu/klb/nuclr/nuclr/Data/Atanas_SF_unified_000776/cv5_grouped_v1/fold_0/test/train__2023-01-16-15__2baa3162.npz,2023-01-05-18,0,85,-1,3,URAVL,URAVL|URYVL|NSML|I2L|M3L,71,URYVL,0.25,0.1,0.01,-1,0,0,0.0,0
atanas,0,deterministic,FUGW (G+A; official),test,2023-01-16-15,50,AIBL,/home/ubuntu/klb/nuclr/nuclr/Data/Atanas_SF_unified_000776/cv5_grouped_v1/fold_0/test/train__2023-01-16-15__2baa3162.npz,2023-01-05-18,0,85,-1,67,AVEL,AVEL|ASGL|RMDL|AWCL|AUAL,-1,,0.25,0.1,0.01,-1,0,0,0.0,0
atanas,0,deterministic,FUGW (G+A; official),test,2023-01-16-15,51,AVDR,/home/ubuntu/klb/nuclr/nuclr/Data/Atanas_SF_unified_000776/cv5_grouped_v1/fold_0/test/train__2023-01-16-15__2baa3162.npz,2023-01-05-18,1,85,2,4,AVDR,AVDR|AINR|AIZR|AVJR|FLPR,21,AIZR,0.25,0.1,0.01,1,1,1,1.0,0
atanas,0,deterministic,FUGW (G+A; official),test,2023-01-16-15,52,AVAL,/home/ubuntu/klb/nuclr/nuclr/Data/Atanas_SF_unified_000776/cv5_grouped_v1/fold_0/test/train__2023-01-16-15__2baa3162.npz,2023-01-05-18,1,85,0,0,AVAL,AVAL|SAAVL|ASGL|AWAL|ASIL,0,AVAL,0.25,0.1,0.01,1,1,1,1.0,1
atanas,0,deterministic,FUGW (G+A; official),test,2023-01-16-15,53,FLPL,/home/ubuntu/klb/nuclr/nuclr/Data/Atanas_SF_unified_000776/cv5_grouped_v1/fold_0/test/train__2023-01-16-15__2baa3162.npz,2023-01-05-18,1,85,13,18,FLPL,FLPL|I6|RICL|AIZL|AVJL,13,FLPL,0.25,0.1,0.01,1,1,1,1.0,1
atanas,0,deterministic,FUGW (G+A; official),test,2023-01-16-15,54,URXL,/home/ubuntu/klb/nuclr/nuclr/Data/Atanas_SF_unified_000776/cv5_grouped_v1/fold_0/test/train__2023-01-16-15__2baa3162.npz,2023-01-05-18,1,85,38,58,URXL,URXL|RID|URXR|OLQDR|OLQDL,43,OLQDR,0.25,0.1,0.01,1,1,1,1.0,0
atanas,0,deterministic,FUGW (G+A; official),test,2023-01-16-15,55,OLQVR,/home/ubuntu/klb/nuclr/nuclr/Data/Atanas_SF_unified_000776/cv5_grouped_v1/fold_0/test/train__2023-01-16-15__2baa3162.npz,2023-01-05-18,1,85,81,116,OLQVR,OLQVR|M3R|URBR|NSMR|RMEV,81,OLQVR,0.25,0.1,0.01,1,1,1,1.0,1
atanas,0,deterministic,FUGW (G+A; official),test,2023-01-16-15,57,AUAL,/home/ubuntu/klb/nuclr/nuclr/Data/Atanas_SF_unified_000776/cv5_grouped_v1/fold_0/test/train__2023-01-16-15__2baa3162.npz,2023-01-05-18,1,85,68,110,AIZL,AIZL|AVJL|AWCL|ASEL|RMDL,54,AWCL,0.25,0.1,0.01,6,0,0,0.16666666666666666,0
atanas,0,deterministic,FUGW (G+A; official),test,2023-01-16-15,58,I3,/home/ubuntu/klb/nuclr/nuclr/Data/Atanas_SF_unified_000776/cv5_grouped_v1/fold_0/test/train__2023-01-16-15__2baa3162.npz,2023-01-05-18,1,85,18,5,IL2DR,IL2DR|URADR|I3|MI|IL1DR,22,URADR,0.25,0.1,0.01,3,0,1,0.3333333333333333,0
atanas,0,deterministic,FUGW (G+A; official),test,2023-01-16-15,60,AWAR,/home/ubuntu/klb/nuclr/nuclr/Data/Atanas_SF_unified_000776/cv5_grouped_v1/fold_0/test/train__2023-01-16-15__2baa3162.npz,2023-01-05-18,0,85,-1,29,AVAR,AVAR|ADLR|RIAR|AWBR|ASER,74,AWBR,0.25,0.1,0.01,-1,0,0,0.0,0
atanas,0,deterministic,FUGW (G+A; official),test,2023-01-16-15,61,RMDDL,/home/ubuntu/klb/nuclr/nuclr/Data/Atanas_SF_unified_000776/cv5_grouped_v1/fold_0/test/train__2023-01-16-15__2baa3162.npz,2023-01-05-18,1,85,79,96,AUAL,AUAL|AWCL|RMDDL|RMDL|AIZL,68,AUAL,0.25,0.1,0.01,3,0,1,0.3333333333333333,0
atanas,0,deterministic,FUGW (G+A; official),test,2023-01-16-15,62,AIZL,/home/ubuntu/klb/nuclr/nuclr/Data/Atanas_SF_unified_000776/cv5_grouped_v1/fold_0/test/train__2023-01-16-15__2baa3162.npz,2023-01-05-18,1,85,78,64,AVJL,AVJL|I6|AIZL|FLPL|AVHL,44,AVJL,0.25,0.1,0.01,3,0,1,0.3333333333333333,0
atanas,0,deterministic,FUGW (G+A; official),test,2023-01-16-15,64,ASGL,/home/ubuntu/klb/nuclr/nuclr/Data/Atanas_SF_unified_000776/cv5_grouped_v1/fold_0/test/train__2023-01-16-15__2baa3162.npz,2023-01-05-18,1,85,61,21,ADLL,ADLL|ASIL|AWAL|RIVL|SMDVL,76,ASIL,0.25,0.1,0.01,6,0,0,0.16666666666666666,0
atanas,0,deterministic,FUGW (G+A; official),test,2023-01-16-15,65,ASIR,/home/ubuntu/klb/nuclr/nuclr/Data/Atanas_SF_unified_000776/cv5_grouped_v1/fold_0/test/train__2023-01-16-15__2baa3162.npz,2023-01-05-18,0,85,-1,21,ADLL,ADLL|RIVL|ASIL|SAAVL|AWAL,15,ADLL,0.25,0.1,0.01,-1,0,0,0.0,0
atanas,0,deterministic,FUGW (G+A; official),test,2023-01-16-15,66,ASGR,/home/ubuntu/klb/nuclr/nuclr/Data/Atanas_SF_unified_000776/cv5_grouped_v1/fold_0/test/train__2023-01-16-15__2baa3162.npz,2023-01-05-18,0,85,-1,85,ADLR,ADLR|RIVR|AWBR|RIAR|ASER,62,ADLR,0.25,0.1,0.01,-1,0,0,0.0,0
atanas,0,deterministic,FUGW (G+A; official),test,2023-01-16-15,68,RIH,/home/ubuntu/klb/nuclr/nuclr/Data/Atanas_SF_unified_000776/cv5_grouped_v1/fold_0/test/train__2023-01-16-15__2baa3162.npz,2023-01-05-18,0,85,-1,32,AVL,AVL|RMEV|RMDDL|AVER|AVEL,-1,,0.25,0.1,0.01,-1,0,0,0.0,0
atanas,0,deterministic,FUGW (G+A; official),test,2023-01-16-15,70,IL1DR,/home/ubuntu/klb/nuclr/nuclr/Data/Atanas_SF_unified_000776/cv5_grouped_v1/fold_0/test/train__2023-01-16-15__2baa3162.npz,2023-01-05-18,1,85,42,31,URADR,URADR|IL2DR|IL1DR|URYDR|OLQDR,42,IL1DR,0.25,0.1,0.01,3,0,1,0.3333333333333333,1
atanas,0,deterministic,FUGW (G+A; official),test,2023-01-16-15,72,AIBR,/home/ubuntu/klb/nuclr/nuclr/Data/Atanas_SF_unified_000776/cv5_grouped_v1/fold_0/test/train__2023-01-16-15__2baa3162.npz,2023-01-05-18,1,85,55,76,AIBR,AIBR|AVER|AVAR|RMEV|ASER,41,AVER,0.25,0.1,0.01,1,1,1,1.0,0
atanas,0,deterministic,FUGW (G+A; official),test,2023-01-16-15,73,SAAVL,/home/ubuntu/klb/nuclr/nuclr/Data/Atanas_SF_unified_000776/cv5_grouped_v1/fold_0/test/train__2023-01-16-15__2baa3162.npz,2023-01-05-18,1,85,72,24,RIAL,RIAL|CEPDL|OLQDL|URXL|SMDVL,16,RIAL,0.25,0.1,0.01,10,0,0,0.1,0
atanas,0,deterministic,FUGW (G+A; official),test,2023-01-16-15,75,NSMR,/home/ubuntu/klb/nuclr/nuclr/Data/Atanas_SF_unified_000776/cv5_grouped_v1/fold_0/test/train__2023-01-16-15__2baa3162.npz,2023-01-05-18,1,85,8,27,IL2VR,IL2VR|I1R|I2R|NSMR|M3R,8,NSMR,0.25,0.1,0.01,4,0,1,0.25,1
atanas,0,deterministic,FUGW (G+A; official),test,2023-01-16-15,76,RMER,/home/ubuntu/klb/nuclr/nuclr/Data/Atanas_SF_unified_000776/cv5_grouped_v1/fold_0/test/train__2023-01-16-15__2baa3162.npz,2023-01-05-18,1,85,28,17,URBR,URBR|RMER|IL2R|OLLR|RMDVR,28,RMER,0.25,0.1,0.01,2,0,1,0.5,1
atanas,0,deterministic,FUGW (G+A; official),test,2023-01-16-15,77,I2R,/home/ubuntu/klb/nuclr/nuclr/Data/Atanas_SF_unified_000776/cv5_grouped_v1/fold_0/test/train__2023-01-16-15__2baa3162.npz,2023-01-05-18,1,85,53,27,IL2VR,IL2VR|I1R|I2R|NSMR|MCL,53,I2R,0.25,0.1,0.01,3,0,1,0.3333333333333333,1
atanas,0,deterministic,FUGW (G+A; official),test,2023-01-16-15,78,M3R,/home/ubuntu/klb/nuclr/nuclr/Data/Atanas_SF_unified_000776/cv5_grouped_v1/fold_0/test/train__2023-01-16-15__2baa3162.npz,2023-01-05-18,1,85,24,35,M3R,M3R|NSMR|I2R|I1R|OLQVR,24,M3R,0.25,0.1,0.01,1,1,1,1.0,1
atanas,0,deterministic,FUGW (G+A; official),test,2023-01-16-15,79,FLPR,/home/ubuntu/klb/nuclr/nuclr/Data/Atanas_SF_unified_000776/cv5_grouped_v1/fold_0/test/train__2023-01-16-15__2baa3162.npz,2023-01-05-18,1,85,83,4,AVDR,AVDR|AINR|ADER|AIZR|FLPR,2,AVDR,0.25,0.1,0.01,5,0,1,0.2,0
atanas,0,deterministic,FUGW (G+A; official),test,2023-01-16-15,80,MCR,/home/ubuntu/klb/nuclr/nuclr/Data/Atanas_SF_unified_000776/cv5_grouped_v1/fold_0/test/train__2023-01-16-15__2baa3162.npz,2023-01-05-18,0,85,-1,82,I1R,I1R|MCL|NSMR|I2R|IL2VR,25,MCL,0.25,0.1,0.01,-1,0,0,0.0,0
atanas,0,deterministic,FUGW (G+A; official),test,2023-01-16-15,81,AVER,/home/ubuntu/klb/nuclr/nuclr/Data/Atanas_SF_unified_000776/cv5_grouped_v1/fold_0/test/train__2023-01-16-15__2baa3162.npz,2023-01-05-18,1,85,41,61,AVER,AVER|AIBR|RMEV|RMER|RIAR,60,RIAR,0.25,0.1,0.01,1,1,1,1.0,0
atanas,0,deterministic,FUGW (G+A; official),test,2023-01-16-15,82,I1L,/home/ubuntu/klb/nuclr/nuclr/Data/Atanas_SF_unified_000776/cv5_grouped_v1/fold_0/test/train__2023-01-16-15__2baa3162.npz,2023-01-05-18,1,85,14,20,I1L,I1L|I2L|NSML|MCL|IL2DL,14,I1L,0.25,0.1,0.01,1,1,1,1.0,1
atanas,0,deterministic,FUGW (G+A; official),test,2023-01-16-15,83,NSML,/home/ubuntu/klb/nuclr/nuclr/Data/Atanas_SF_unified_000776/cv5_grouped_v1/fold_0/test/train__2023-01-16-15__2baa3162.npz,2023-01-05-18,1,85,73,66,I2L,I2L|NSML|IL2L|I1L|IL2DL,73,NSML,0.25,0.1,0.01,2,0,1,0.5,1
atanas,0,deterministic,FUGW (G+A; official),test,2023-01-16-15,85,URBL,/home/ubuntu/klb/nuclr/nuclr/Data/Atanas_SF_unified_000776/cv5_grouped_v1/fold_0/test/train__2023-01-16-15__2baa3162.npz,2023-01-05-18,1,85,11,42,OLLL,OLLL|IL2L|URBL|IL1L|URYDL,29,OLLL,0.25,0.1,0.01,3,0,1,0.3333333333333333,0
atanas,0,deterministic,FUGW (G+A; official),test,2023-01-16-15,86,RID,/home/ubuntu/klb/nuclr/nuclr/Data/Atanas_SF_unified_000776/cv5_grouped_v1/fold_0/test/train__2023-01-16-15__2baa3162.npz,2023-01-05-18,1,85,66,91,RID,RID|URXR|OLQDR|CEPDR|ADLR,66,RID,0.25,0.1,0.01,1,1,1,1.0,1
atanas,0,deterministic,FUGW (G+A; official),test,2023-01-16-15,87,M1,/home/ubuntu/klb/nuclr/nuclr/Data/Atanas_SF_unified_000776/cv5_grouped_v1/fold_0/test/train__2023-01-16-15__2baa3162.npz,2023-01-05-18,1,85,52,73,M1,M1|CEPDR|RIVR|ADLR|URXR,52,M1,0.25,0.1,0.01,1,1,1,1.0,1
atanas,0,deterministic,FUGW (G+A; official),test,2023-01-16-15,88,AVL,/home/ubuntu/klb/nuclr/nuclr/Data/Atanas_SF_unified_000776/cv5_grouped_v1/fold_0/test/train__2023-01-16-15__2baa3162.npz,2023-01-05-18,1,85,23,32,AVL,AVL|RMEV|RMDDL|AVER|AIBR,23,AVL,0.25,0.1,0.01,1,1,1,1.0,1
atanas,0,deterministic,FUGW (G+A; official),test,2023-01-16-15,89,AINL,/home/ubuntu/klb/nuclr/nuclr/Data/Atanas_SF_unified_000776/cv5_grouped_v1/fold_0/test/train__2023-01-16-15__2baa3162.npz,2023-01-05-18,0,85,-1,98,I6,I6|RIVL|AVJL|AVHL|ASEL,77,AVHL,0.25,0.1,0.01,-1,0,0,0.0,0
atanas,0,deterministic,FUGW (G+A; official),test,2023-01-16-15,91,AWBR,/home/ubuntu/klb/nuclr/nuclr/Data/Atanas_SF_unified_000776/cv5_grouped_v1/fold_0/test/train__2023-01-16-15__2baa3162.npz,2023-01-05-18,1,85,74,121,RMDVR,RMDVR|RIAR|AWBR|AVAR|AVJR,84,RMDVR,0.25,0.1,0.01,3,0,1,0.3333333333333333,0
atanas,0,deterministic,FUGW (G+A; official),test,2023-01-16-15,92,SMDVL,/home/ubuntu/klb/nuclr/nuclr/Data/Atanas_SF_unified_000776/cv5_grouped_v1/fold_0/test/train__2023-01-16-15__2baa3162.npz,2023-01-05-18,1,85,64,37,CEPDL,CEPDL|SMDVL|RIAL|URXL|AWAL,26,CEPDL,0.25,0.1,0.01,2,0,1,0.5,0
atanas,0,deterministic,FUGW (G+A; official),test,2023-01-16-15,98,IL1L,/home/ubuntu/klb/nuclr/nuclr/Data/Atanas_SF_unified_000776/cv5_grouped_v1/fold_0/test/train__2023-01-16-15__2baa3162.npz,2023-01-05-18,1,85,37,79,IL2L,IL2L|URBL|IL1L|OLLL|URYDL,11,URBL,0.25,0.1,0.01,3,0,1,0.3333333333333333,0
atanas,0,deterministic,FUGW (G+A; official),test,2023-01-16-15,100,AIZR,/home/ubuntu/klb/nuclr/nuclr/Data/Atanas_SF_unified_000776/cv5_grouped_v1/fold_0/test/train__2023-01-16-15__2baa3162.npz,2023-01-05-18,1,85,21,119,FLPR,FLPR|AIBR|ADER|AVDR|AVJR,20,AVAR,0.25,0.1,0.01,8,0,0,0.125,0
atanas,0,deterministic,FUGW (G+A; official),test,2023-01-16-15,101,RMEL,/home/ubuntu/klb/nuclr/nuclr/Data/Atanas_SF_unified_000776/cv5_grouped_v1/fold_0/test/train__2023-01-16-15__2baa3162.npz,2023-01-05-18,0,85,-1,46,URYDL,URYDL|URADL|IL1DL|OLQDL|OLLL,51,IL1DL,0.25,0.1,0.01,-1,0,0,0.0,0
atanas,0,deterministic,FUGW (G+A; official),test,2023-01-16-15,102,M3L,/home/ubuntu/klb/nuclr/nuclr/Data/Atanas_SF_unified_000776/cv5_grouped_v1/fold_0/test/train__2023-01-16-15__2baa3162.npz,2023-01-05-18,1,85,9,79,IL2L,IL2L|M3L|IL1L|NSML|URYVL,18,I3,0.25,0.1,0.01,2,0,1,0.5,0
atanas,0,deterministic,FUGW (G+A; official),test,2023-01-16-15,103,IL1VR,/home/ubuntu/klb/nuclr/nuclr/Data/Atanas_SF_unified_000776/cv5_grouped_v1/fold_0/test/train__2023-01-16-15__2baa3162.npz,2023-01-05-18,0,85,-1,116,OLQVR,OLQVR|RMEV|CEPVL|M3R|IL2VL,-1,,0.25,0.1,0.01,-1,0,0,0.0,0
atanas,0,deterministic,FUGW (G+A; official),test,2023-01-16-15,104,AVJL,/home/ubuntu/klb/nuclr/nuclr/Data/Atanas_SF_unified_000776/cv5_grouped_v1/fold_0/test/train__2023-01-16-15__2baa3162.npz,2023-01-05-18,1,85,44,25,RIVL,RIVL|AVHL|CEPDL|I6|AVJL,-1,,0.25,0.1,0.01,5,0,1,0.2,0
atanas,0,deterministic,FUGW (G+A; official),test,2023-01-16-15,105,IL2L,/home/ubuntu/klb/nuclr/nuclr/Data/Atanas_SF_unified_000776/cv5_grouped_v1/fold_0/test/train__2023-01-16-15__2baa3162.npz,2023-01-05-18,1,85,57,79,IL2L,IL2L|URBL|IL1L|OLLL|URYDL,57,IL2L,0.25,0.1,0.01,1,1,1,1.0,1
atanas,0,deterministic,FUGW (G+A; official),test,2023-01-16-15,106,ADEL,/home/ubuntu/klb/nuclr/nuclr/Data/Atanas_SF_unified_000776/cv5_grouped_v1/fold_0/test/train__2023-01-16-15__2baa3162.npz,2023-01-05-18,0,85,-1,98,I6,I6|FLPL|AVJL|AIZL|RICL,-1,,0.25,0.1,0.01,-1,0,0,0.0,0
atanas,0,deterministic,FUGW (G+A; official),test,2023-01-16-15,107,OLQDL,/home/ubuntu/klb/nuclr/nuclr/Data/Atanas_SF_unified_000776/cv5_grouped_v1/fold_0/test/train__2023-01-16-15__2baa3162.npz,2023-01-05-18,1,85,39,59,OLQDL,OLQDL|IL1DL|IL1DR|M4|URADL,39,OLQDL,0.25,0.1,0.01,1,1,1,1.0,1
atanas,0,deterministic,FUGW (G+A; official),test,2023-01-16-15,109,RMDVL,/home/ubuntu/klb/nuclr/nuclr/Data/Atanas_SF_unified_000776/cv5_grouped_v1/fold_0/test/train__2023-01-16-15__2baa3162.npz,2023-01-05-18,1,85,65,88,RMDVL,RMDVL|RMDL|AWBL|AWCL|ASEL,65,RMDVL,0.25,0.1,0.01,1,1,1,1.0,1
atanas,0,deterministic,FUGW (G+A; official),test,2023-01-16-15,110,IL1DL,/home/ubuntu/klb/nuclr/nuclr/Data/Atanas_SF_unified_000776/cv5_grouped_v1/fold_0/test/train__2023-01-16-15__2baa3162.npz,2023-01-05-18,1,85,51,77,IL2DL,IL2DL|URADL|MI|IL1DL|I3,50,MI,0.25,0.1,0.01,4,0,1,0.25,0
atanas,0,deterministic,FUGW (G+A; official),test,2023-01-16-15,111,IL2VR,/home/ubuntu/klb/nuclr/nuclr/Data/Atanas_SF_unified_000776/cv5_grouped_v1/fold_0/test/train__2023-01-16-15__2baa3162.npz,2023-01-05-18,1,85,19,35,M3R,M3R|OLQVR|NSMR|IL2VL|I2R,33,IL2VL,0.25,0.1,0.01,7,0,0,0.14285714285714285,0
atanas,0,deterministic,FUGW (G+A; official),test,2023-01-16-15,113,BAGL,/home/ubuntu/klb/nuclr/nuclr/Data/Atanas_SF_unified_000776/cv5_grouped_v1/fold_0/test/train__2023-01-16-15__2baa3162.npz,2023-01-05-18,0,85,-1,70,AVBL,AVBL|AVAL|SAAVL|ADLL|ASGL,49,AVBL,0.25,0.1,0.01,-1,0,0,0.0,0
atanas,0,deterministic,FUGW (G+A; official),test,2023-01-16-15,114,URYVR,/home/ubuntu/klb/nuclr/nuclr/Data/Atanas_SF_unified_000776/cv5_grouped_v1/fold_0/test/train__2023-01-16-15__2baa3162.npz,2023-01-05-18,0,85,-1,27,IL2VR,IL2VR|I1R|I2R|NSMR|I1L,19,IL2VR,0.25,0.1,0.01,-1,0,0,0.0,0
atanas,0,deterministic,FUGW (G+A; official),test,2023-01-16-15,116,I1R,/home/ubuntu/klb/nuclr/nuclr/Data/Atanas_SF_unified_000776/cv5_grouped_v1/fold_0/test/train__2023-01-16-15__2baa3162.npz,2023-01-05-18,1,85,59,82,I1R,I1R|I1L|MCL|IL2VR|I2R,59,I1R,0.25,0.1,0.01,1,1,1,1.0,1
atanas,0,deterministic,FUGW (G+A; official),test,2023-01-16-15,118,AINR,/home/ubuntu/klb/nuclr/nuclr/Data/Atanas_SF_unified_000776/cv5_grouped_v1/fold_0/test/train__2023-01-16-15__2baa3162.npz,2023-01-05-18,1,85,27,38,AINR,AINR|AIZR|AVJR|AVDR|ASER,27,AINR,0.25,0.1,0.01,1,1,1,1.0,1
atanas,0,deterministic,FUGW (G+A; official),test,2023-01-16-15,120,IL2VL,/home/ubuntu/klb/nuclr/nuclr/Data/Atanas_SF_unified_000776/cv5_grouped_v1/fold_0/test/train__2023-01-16-15__2baa3162.npz,2023-01-05-18,1,85,33,66,I2L,I2L|NSML|URAVL|I1L|MCL,1,URAVL,0.25,0.1,0.01,7,0,0,0.14285714285714285,0
atanas,0,deterministic,FUGW (G+A; official),test,2023-01-16-15,121,ASEL,/home/ubuntu/klb/nuclr/nuclr/Data/Atanas_SF_unified_000776/cv5_grouped_v1/fold_0/test/train__2023-01-16-15__2baa3162.npz,2023-01-05-18,1,85,34,109,AVHL,AVHL|ASEL|AWBL|RIVL|AVJL,67,AWBL,0.25,0.1,0.01,2,0,1,0.5,0
atanas,0,deterministic,FUGW (G+A; official),test,2023-01-16-15,122,OLLR,/home/ubuntu/klb/nuclr/nuclr/Data/Atanas_SF_unified_000776/cv5_grouped_v1/fold_0/test/train__2023-01-16-15__2baa3162.npz,2023-01-05-18,1,85,31,60,IL2R,IL2R|URBR|OLLR|URADR|RMER,40,IL2R,0.25,0.1,0.01,3,0,1,0.3333333333333333,0
atanas,0,deterministic,FUGW (G+A; official),test,2023-01-16-22,1,URAVR,/home/ubuntu/klb/nuclr/nuclr/Data/Atanas_SF_unified_000776/cv5_grouped_v1/fold_0/test/train__2023-01-16-22__f169d678.npz,2023-01-05-18,0,85,-1,27,IL2VR,IL2VR|I2R|NSMR|M3R|RMDVR,81,OLQVR,0.25,0.1,0.01,-1,0,0,0.0,0
atanas,0,deterministic,FUGW (G+A; official),test,2023-01-16-22,2,AIYL,/home/ubuntu/klb/nuclr/nuclr/Data/Atanas_SF_unified_000776/cv5_grouped_v1/fold_0/test/train__2023-01-16-22__f169d678.npz,2023-01-05-18,0,85,-1,113,RMDDL,RMDDL|FLPL|RICL|FLPR|ADER,68,AUAL,0.25,0.1,0.01,-1,0,0,0.0,0
atanas,0,deterministic,FUGW (G+A; official),test,2023-01-16-22,4,AVDL,/home/ubuntu/klb/nuclr/nuclr/Data/Atanas_SF_unified_000776/cv5_grouped_v1/fold_0/test/train__2023-01-16-22__f169d678.npz,2023-01-05-18,0,85,-1,18,FLPL,FLPL|AVJL|AIZL|I6|RICL,44,AVJL,0.25,0.1,0.01,-1,0,0,0.0,0
atanas,0,deterministic,FUGW (G+A; official),test,2023-01-16-22,5,RICR,/home/ubuntu/klb/nuclr/nuclr/Data/Atanas_SF_unified_000776/cv5_grouped_v1/fold_0/test/train__2023-01-16-22__f169d678.npz,2023-01-05-18,0,85,-1,52,ADER,ADER|FLPR|AVDR|AINR|AIZR,83,FLPR,0.25,0.1,0.01,-1,0,0,0.0,0
atanas,0,deterministic,FUGW (G+A; official),test,2023-01-16-22,6,SMDVL,/home/ubuntu/klb/nuclr/nuclr/Data/Atanas_SF_unified_000776/cv5_grouped_v1/fold_0/test/train__2023-01-16-22__f169d678.npz,2023-01-05-18,1,85,64,25,RIVL,RIVL|AVHL|I6|ASIL|ASGL,-1,,0.25,0.1,0.01,7,0,0,0.14285714285714285,0
atanas,0,deterministic,FUGW (G+A; official),test,2023-01-16-22,7,AVJL,/home/ubuntu/klb/nuclr/nuclr/Data/Atanas_SF_unified_000776/cv5_grouped_v1/fold_0/test/train__2023-01-16-22__f169d678.npz,2023-01-05-18,1,85,44,18,FLPL,FLPL|I6|AVJL|AIZL|RICL,26,CEPDL,0.25,0.1,0.01,3,0,1,0.3333333333333333,0
atanas,0,deterministic,FUGW (G+A; official),test,2023-01-16-22,9,RMEV,/home/ubuntu/klb/nuclr/nuclr/Data/Atanas_SF_unified_000776/cv5_grouped_v1/fold_0/test/train__2023-01-16-22__f169d678.npz,2023-01-05-18,1,85,82,70,AVBL,AVBL|ASER|SAAVL|RID|ADLL,66,RID,0.25,0.1,0.01,18,0,0,0.05555555555555555,0
atanas,0,deterministic,FUGW (G+A; official),test,2023-01-16-22,10,IL1R,/home/ubuntu/klb/nuclr/nuclr/Data/Atanas_SF_unified_000776/cv5_grouped_v1/fold_0/test/train__2023-01-16-22__f169d678.npz,2023-01-05-18,0,85,-1,60,IL2R,IL2R|I2R|RMDVR|URBR|IL2VR,22,URADR,0.25,0.1,0.01,-1,0,0,0.0,0
atanas,0,deterministic,FUGW (G+A; official),test,2023-01-16-22,11,CEPDL,/home/ubuntu/klb/nuclr/nuclr/Data/Atanas_SF_unified_000776/cv5_grouped_v1/fold_0/test/train__2023-01-16-22__f169d678.npz,2023-01-05-18,1,85,26,37,CEPDL,CEPDL|URXL|AVJL|I6|RIAL,38,URXL,0.25,0.1,0.01,1,1,1,1.0,0
atanas,0,deterministic,FUGW (G+A; official),test,2023-01-16-22,12,M4,/home/ubuntu/klb/nuclr/nuclr/Data/Atanas_SF_unified_000776/cv5_grouped_v1/fold_0/test/train__2023-01-16-22__f169d678.npz,2023-01-05-18,1,85,7,82,I1R,I1R|I1L|MCL|I2R|I2L,7,M4,0.25,0.1,0.01,14,0,0,0.07142857142857142,1
atanas,0,deterministic,FUGW (G+A; official),test,2023-01-16-22,16,IL1VR,/home/ubuntu/klb/nuclr/nuclr/Data/Atanas_SF_unified_000776/cv5_grouped_v1/fold_0/test/train__2023-01-16-22__f169d678.npz,2023-01-05-18,0,85,-1,27,IL2VR,IL2VR|I2R|I1R|NSMR|M3R,8,NSMR,0.25,0.1,0.01,-1,0,0,0.0,0
atanas,0,deterministic,FUGW (G+A; official),test,2023-01-16-22,19,IL1DR,/home/ubuntu/klb/nuclr/nuclr/Data/Atanas_SF_unified_000776/cv5_grouped_v1/fold_0/test/train__2023-01-16-22__f169d678.npz,2023-01-05-18,1,85,42,5,IL2DR,IL2DR|URADR|URBR|RMER|OLLR,42,IL1DR,0.25,0.1,0.01,11,0,0,0.09090909090909091,1
atanas,0,deterministic,FUGW (G+A; official),test,2023-01-16-22,21,RMDVL,/home/ubuntu/klb/nuclr/nuclr/Data/Atanas_SF_unified_000776/cv5_grouped_v1/fold_0/test/train__2023-01-16-22__f169d678.npz,2023-01-05-18,1,85,65,64,AVJL,AVJL|AIZL|AWCL|FLPL|RMDVL,65,RMDVL,0.25,0.1,0.01,5,0,1,0.2,1
atanas,0,deterministic,FUGW (G+A; official),test,2023-01-16-22,25,AVBL,/home/ubuntu/klb/nuclr/nuclr/Data/Atanas_SF_unified_000776/cv5_grouped_v1/fold_0/test/train__2023-01-16-22__f169d678.npz,2023-01-05-18,1,85,49,70,AVBL,AVBL|SAAVL|ADLL|ASER|AVAL,49,AVBL,0.25,0.1,0.01,1,1,1,1.0,1
atanas,0,deterministic,FUGW (G+A; official),test,2023-01-16-22,26,IL2DR,/home/ubuntu/klb/nuclr/nuclr/Data/Atanas_SF_unified_000776/cv5_grouped_v1/fold_0/test/train__2023-01-16-22__f169d678.npz,2023-01-05-18,1,85,3,5,IL2DR,IL2DR|URADR|URBR|CEPDR|OLLR,3,IL2DR,0.25,0.1,0.01,1,1,1,1.0,1
atanas,0,deterministic,FUGW (G+A; official),test,2023-01-16-22,27,I4,/home/ubuntu/klb/nuclr/nuclr/Data/Atanas_SF_unified_000776/cv5_grouped_v1/fold_0/test/train__2023-01-16-22__f169d678.npz,2023-01-05-18,1,85,70,73,M1,M1|FLPL|I4|I6|CEPDR,70,I4,0.25,0.1,0.01,3,0,1,0.3333333333333333,1
atanas,0,deterministic,FUGW (G+A; official),test,2023-01-16-22,28,RIVR,/home/ubuntu/klb/nuclr/nuclr/Data/Atanas_SF_unified_000776/cv5_grouped_v1/fold_0/test/train__2023-01-16-22__f169d678.npz,2023-01-05-18,1,85,80,38,AINR,AINR|RIVR|AIZR|ADLR|ADER,80,RIVR,0.25,0.1,0.01,2,0,1,0.5,1
atanas,0,deterministic,FUGW (G+A; official),test,2023-01-16-22,30,NSML,/home/ubuntu/klb/nuclr/nuclr/Data/Atanas_SF_unified_000776/cv5_grouped_v1/fold_0/test/train__2023-01-16-22__f169d678.npz,2023-01-05-18,1,85,73,66,I2L,I2L|I1L|NSML|URAVL|MCL,45,I2L,0.25,0.1,0.01,3,0,1,0.3333333333333333,0
atanas,0,deterministic,FUGW (G+A; official),test,2023-01-16-22,31,RMDL,/home/ubuntu/klb/nuclr/nuclr/Data/Atanas_SF_unified_000776/cv5_grouped_v1/fold_0/test/train__2023-01-16-22__f169d678.npz,2023-01-05-18,1,85,4,80,RICL,RICL|AIZL|ASGL|AVL|FLPL,46,AVEL,0.25,0.1,0.01,10,0,0,0.1,0
atanas,0,deterministic,FUGW (G+A; official),test,2023-01-16-22,33,URBL,/home/ubuntu/klb/nuclr/nuclr/Data/Atanas_SF_unified_000776/cv5_grouped_v1/fold_0/test/train__2023-01-16-22__f169d678.npz,2023-01-05-18,1,85,11,66,I2L,I2L|NSML|URAVL|I1L|M3L,29,OLLL,0.25,0.1,0.01,15,0,0,0.06666666666666667,0
atanas,0,deterministic,FUGW (G+A; official),test,2023-01-16-22,34,ASEL,/home/ubuntu/klb/nuclr/nuclr/Data/Atanas_SF_unified_000776/cv5_grouped_v1/fold_0/test/train__2023-01-16-22__f169d678.npz,2023-01-05-18,1,85,34,18,FLPL,FLPL|I6|AVJL|AIZL|RICL,67,AWBL,0.25,0.1,0.01,6,0,0,0.16666666666666666,0
atanas,0,deterministic,FUGW (G+A; official),test,2023-01-16-22,35,IL2VR,/home/ubuntu/klb/nuclr/nuclr/Data/Atanas_SF_unified_000776/cv5_grouped_v1/fold_0/test/train__2023-01-16-22__f169d678.npz,2023-01-05-18,1,85,19,27,IL2VR,IL2VR|I1R|I2R|NSMR|M3R,19,IL2VR,0.25,0.1,0.01,1,1,1,1.0,1
atanas,0,deterministic,FUGW (G+A; official),test,2023-01-16-22,37,AWCL,/home/ubuntu/klb/nuclr/nuclr/Data/Atanas_SF_unified_000776/cv5_grouped_v1/fold_0/test/train__2023-01-16-22__f169d678.npz,2023-01-05-18,1,85,54,18,FLPL,FLPL|AIZL|AVJL|RICL|I6,54,AWCL,0.25,0.1,0.01,6,0,0,0.16666666666666666,1
atanas,0,deterministic,FUGW (G+A; official),test,2023-01-16-22,39,FLPL,/home/ubuntu/klb/nuclr/nuclr/Data/Atanas_SF_unified_000776/cv5_grouped_v1/fold_0/test/train__2023-01-16-22__f169d678.npz,2023-01-05-18,1,85,13,18,FLPL,FLPL|RICL|I6|AIZL|AVJL,13,FLPL,0.25,0.1,0.01,1,1,1,1.0,1
atanas,0,deterministic,FUGW (G+A; official),test,2023-01-16-22,40,I1R,/home/ubuntu/klb/nuclr/nuclr/Data/Atanas_SF_unified_000776/cv5_grouped_v1/fold_0/test/train__2023-01-16-22__f169d678.npz,2023-01-05-18,1,85,59,27,IL2VR,IL2VR|I1R|I2R|NSMR|I1L,59,I1R,0.25,0.1,0.01,2,0,1,0.5,1
atanas,0,deterministic,FUGW (G+A; official),test,2023-01-16-22,41,M5,/home/ubuntu/klb/nuclr/nuclr/Data/Atanas_SF_unified_000776/cv5_grouped_v1/fold_0/test/train__2023-01-16-22__f169d678.npz,2023-01-05-18,0,85,-1,98,I6,I6|RIVL|FLPL|ASIL|ADLL,69,I6,0.25,0.1,0.01,-1,0,0,0.0,0
atanas,0,deterministic,FUGW (G+A; official),test,2023-01-16-22,42,RMER,/home/ubuntu/klb/nuclr/nuclr/Data/Atanas_SF_unified_000776/cv5_grouped_v1/fold_0/test/train__2023-01-16-22__f169d678.npz,2023-01-05-18,1,85,28,121,RMDVR,RMDVR|AVDR|AINR|AIZR|AVJR,28,RMER,0.25,0.1,0.01,7,0,0,0.14285714285714285,1
atanas,0,deterministic,FUGW (G+A; official),test,2023-01-16-22,43,AVDR,/home/ubuntu/klb/nuclr/nuclr/Data/Atanas_SF_unified_000776/cv5_grouped_v1/fold_0/test/train__2023-01-16-22__f169d678.npz,2023-01-05-18,1,85,2,4,AVDR,AVDR|ADER|AINR|FLPR|AIZR,21,AIZR,0.25,0.1,0.01,1,1,1,1.0,0
atanas,0,deterministic,FUGW (G+A; official),test,2023-01-16-22,45,AIYR,/home/ubuntu/klb/nuclr/nuclr/Data/Atanas_SF_unified_000776/cv5_grouped_v1/fold_0/test/train__2023-01-16-22__f169d678.npz,2023-01-05-18,0,85,-1,119,FLPR,FLPR|ADER|AVDR|AIZR|AINR,55,AIBR,0.25,0.1,0.01,-1,0,0,0.0,0
atanas,0,deterministic,FUGW (G+A; official),test,2023-01-16-22,46,IL2L,/home/ubuntu/klb/nuclr/nuclr/Data/Atanas_SF_unified_000776/cv5_grouped_v1/fold_0/test/train__2023-01-16-22__f169d678.npz,2023-01-05-18,1,85,57,66,I2L,I2L|NSML|I1L|URAVL|M3L,11,URBL,0.25,0.1,0.01,21,0,0,0.047619047619047616,0
atanas,0,deterministic,FUGW (G+A; official),test,2023-01-16-22,47,M3L,/home/ubuntu/klb/nuclr/nuclr/Data/Atanas_SF_unified_000776/cv5_grouped_v1/fold_0/test/train__2023-01-16-22__f169d678.npz,2023-01-05-18,1,85,9,20,I1L,I1L|I2L|NSML|URAVL|I1R,9,M3L,0.25,0.1,0.01,7,0,0,0.14285714285714285,1
atanas,0,deterministic,FUGW (G+A; official),test,2023-01-16-22,48,CEPDR,/home/ubuntu/klb/nuclr/nuclr/Data/Atanas_SF_unified_000776/cv5_grouped_v1/fold_0/test/train__2023-01-16-22__f169d678.npz,2023-01-05-18,1,85,36,54,CEPDR,CEPDR|AVJR|AIZR|AINR|AWBR,36,CEPDR,0.25,0.1,0.01,1,1,1,1.0,1
atanas,0,deterministic,FUGW (G+A; official),test,2023-01-16-22,49,IL1L,/home/ubuntu/klb/nuclr/nuclr/Data/Atanas_SF_unified_000776/cv5_grouped_v1/fold_0/test/train__2023-01-16-22__f169d678.npz,2023-01-05-18,1,85,37,66,I2L,I2L|NSML|URAVL|I1L|M3L,71,URYVL,0.25,0.1,0.01,13,0,0,0.07692307692307693,0
atanas,0,deterministic,FUGW (G+A; official),test,2023-01-16-22,50,RICL,/home/ubuntu/klb/nuclr/nuclr/Data/Atanas_SF_unified_000776/cv5_grouped_v1/fold_0/test/train__2023-01-16-22__f169d678.npz,2023-01-05-18,1,85,58,18,FLPL,FLPL|RICL|I6|AIZL|RMDDL,58,RICL,0.25,0.1,0.01,2,0,1,0.5,1
atanas,0,deterministic,FUGW (G+A; official),test,2023-01-16-22,52,AIZL,/home/ubuntu/klb/nuclr/nuclr/Data/Atanas_SF_unified_000776/cv5_grouped_v1/fold_0/test/train__2023-01-16-22__f169d678.npz,2023-01-05-18,1,85,78,18,FLPL,FLPL|AIZL|RICL|AVJL|I6,78,AIZL,0.25,0.1,0.01,2,0,1,0.5,1
atanas,0,deterministic,FUGW (G+A; official),test,2023-01-16-22,55,RIVL,/home/ubuntu/klb/nuclr/nuclr/Data/Atanas_SF_unified_000776/cv5_grouped_v1/fold_0/test/train__2023-01-16-22__f169d678.npz,2023-01-05-18,1,85,17,98,I6,I6|RIVL|ASIL|ADLL|ASGL,17,RIVL,0.25,0.1,0.01,2,0,1,0.5,1
atanas,0,deterministic,FUGW (G+A; official),test,2023-01-16-22,56,MI,/home/ubuntu/klb/nuclr/nuclr/Data/Atanas_SF_unified_000776/cv5_grouped_v1/fold_0/test/train__2023-01-16-22__f169d678.npz,2023-01-05-18,1,85,50,82,I1R,I1R|I1L|IL2DR|I3|IL2DL,50,MI,0.25,0.1,0.01,7,0,0,0.14285714285714285,1
atanas,0,deterministic,FUGW (G+A; official),test,2023-01-16-22,57,BAGL,/home/ubuntu/klb/nuclr/nuclr/Data/Atanas_SF_unified_000776/cv5_grouped_v1/fold_0/test/train__2023-01-16-22__f169d678.npz,2023-01-05-18,0,85,-1,70,AVBL,AVBL|SAAVL|AVAL|ADLL|ASER,-1,,0.25,0.1,0.01,-1,0,0,0.0,0
atanas,0,deterministic,FUGW (G+A; official),test,2023-01-16-22,58,SAADR,/home/ubuntu/klb/nuclr/nuclr/Data/Atanas_SF_unified_000776/cv5_grouped_v1/fold_0/test/train__2023-01-16-22__f169d678.npz,2023-01-05-18,0,85,-1,106,ASER,ASER|AVL|AVAR|ADLR|AVER,20,AVAR,0.25,0.1,0.01,-1,0,0,0.0,0
atanas,0,deterministic,FUGW (G+A; official),test,2023-01-16-22,59,RMDVR,/home/ubuntu/klb/nuclr/nuclr/Data/Atanas_SF_unified_000776/cv5_grouped_v1/fold_0/test/train__2023-01-16-22__f169d678.npz,2023-01-05-18,1,85,84,38,AINR,AINR|AVDR|AIZR|AVJR|RMDVR,60,RIAR,0.25,0.1,0.01,5,0,1,0.2,0
atanas,0,deterministic,FUGW (G+A; official),test,2023-01-16-22,60,AINR,/home/ubuntu/klb/nuclr/nuclr/Data/Atanas_SF_unified_000776/cv5_grouped_v1/fold_0/test/train__2023-01-16-22__f169d678.npz,2023-01-05-18,1,85,27,38,AINR,AINR|AVDR|ADER|FLPR|AIZR,27,AINR,0.25,0.1,0.01,1,1,1,1.0,1
atanas,0,deterministic,FUGW (G+A; official),test,2023-01-16-22,62,IL2VL,/home/ubuntu/klb/nuclr/nuclr/Data/Atanas_SF_unified_000776/cv5_grouped_v1/fold_0/test/train__2023-01-16-22__f169d678.npz,2023-01-05-18,1,85,33,27,IL2VR,IL2VR|I1R|I1L|I2L|NSML,73,NSML,0.25,0.1,0.01,11,0,0,0.09090909090909091,0
atanas,0,deterministic,FUGW (G+A; official),test,2023-01-16-22,65,ASIR,/home/ubuntu/klb/nuclr/nuclr/Data/Atanas_SF_unified_000776/cv5_grouped_v1/fold_0/test/train__2023-01-16-22__f169d678.npz,2023-01-05-18,0,85,-1,38,AINR,AINR|AIZR|RIVR|AVJR|ADER,62,ADLR,0.25,0.1,0.01,-1,0,0,0.0,0
atanas,0,deterministic,FUGW (G+A; official),test,2023-01-16-22,66,OLLR,/home/ubuntu/klb/nuclr/nuclr/Data/Atanas_SF_unified_000776/cv5_grouped_v1/fold_0/test/train__2023-01-16-22__f169d678.npz,2023-01-05-18,1,85,31,60,IL2R,IL2R|URBR|I2R|RMDVR|NSMR,47,URYDR,0.25,0.1,0.01,8,0,0,0.125,0
atanas,0,deterministic,FUGW (G+A; official),test,2023-01-16-22,67,RIBL,/home/ubuntu/klb/nuclr/nuclr/Data/Atanas_SF_unified_000776/cv5_grouped_v1/fold_0/test/train__2023-01-16-22__f169d678.npz,2023-01-05-18,0,85,-1,70,AVBL,AVBL|SAAVL|ASER|ADLL|AVAL,72,SAAVL,0.25,0.1,0.01,-1,0,0,0.0,0
atanas,0,deterministic,FUGW (G+A; official),test,2023-01-16-22,69,URYVR,/home/ubuntu/klb/nuclr/nuclr/Data/Atanas_SF_unified_000776/cv5_grouped_v1/fold_0/test/train__2023-01-16-22__f169d678.npz,2023-01-05-18,0,85,-1,27,IL2VR,IL2VR|I2R|NSMR|M3R|URBR,12,URBR,0.25,0.1,0.01,-1,0,0,0.0,0
atanas,0,deterministic,FUGW (G+A; official),test,2023-01-16-22,70,AUAL,/home/ubuntu/klb/nuclr/nuclr/Data/Atanas_SF_unified_000776/cv5_grouped_v1/fold_0/test/train__2023-01-16-22__f169d678.npz,2023-01-05-18,1,85,68,18,FLPL,FLPL|AIZL|RICL|AVJL|I6,34,ASEL,0.25,0.1,0.01,7,0,0,0.14285714285714285,0
atanas,0,deterministic,FUGW (G+A; official),test,2023-01-16-22,72,IL1DL,/home/ubuntu/klb/nuclr/nuclr/Data/Atanas_SF_unified_000776/cv5_grouped_v1/fold_0/test/train__2023-01-16-22__f169d678.npz,2023-01-05-18,1,85,51,26,I3,I3|M3L|NSML|MI|MCL,51,IL1DL,0.25,0.1,0.01,7,0,0,0.14285714285714285,1
atanas,0,deterministic,FUGW (G+A; official),test,2023-01-16-22,73,SAADL,/home/ubuntu/klb/nuclr/nuclr/Data/Atanas_SF_unified_000776/cv5_grouped_v1/fold_0/test/train__2023-01-16-22__f169d678.npz,2023-01-05-18,0,85,-1,32,AVL,AVL|ASGL|RMEV|RICL|AVER,-1,,0.25,0.1,0.01,-1,0,0,0.0,0
atanas,0,deterministic,FUGW (G+A; official),test,2023-01-16-22,74,OLQVL,/home/ubuntu/klb/nuclr/nuclr/Data/Atanas_SF_unified_000776/cv5_grouped_v1/fold_0/test/train__2023-01-16-22__f169d678.npz,2023-01-05-18,1,85,5,3,URAVL,URAVL|I2L|NSML|IL2VL|MCL,37,IL1L,0.25,0.1,0.01,13,0,0,0.07692307692307693,0
atanas,0,deterministic,FUGW (G+A; official),test,2023-01-16-22,75,I1L,/home/ubuntu/klb/nuclr/nuclr/Data/Atanas_SF_unified_000776/cv5_grouped_v1/fold_0/test/train__2023-01-16-22__f169d678.npz,2023-01-05-18,1,85,14,20,I1L,I1L|I2L|I1R|NSML|IL2VR,14,I1L,0.25,0.1,0.01,1,1,1,1.0,1
atanas,0,deterministic,FUGW (G+A; official),test,2023-01-16-22,76,URAVL,/home/ubuntu/klb/nuclr/nuclr/Data/Atanas_SF_unified_000776/cv5_grouped_v1/fold_0/test/train__2023-01-16-22__f169d678.npz,2023-01-05-18,1,85,1,3,URAVL,URAVL|NSML|IL2VL|I2L|CEPVL,33,IL2VL,0.25,0.1,0.01,1,1,1,1.0,0
atanas,0,deterministic,FUGW (G+A; official),test,2023-01-16-22,78,RIML,/home/ubuntu/klb/nuclr/nuclr/Data/Atanas_SF_unified_000776/cv5_grouped_v1/fold_0/test/train__2023-01-16-22__f169d678.npz,2023-01-05-18,0,85,-1,0,AVAL,AVAL|SAAVL|ASGL|ADLL|ASIL,0,AVAL,0.25,0.1,0.01,-1,0,0,0.0,0
atanas,0,deterministic,FUGW (G+A; official),test,2023-01-16-22,79,OLLL,/home/ubuntu/klb/nuclr/nuclr/Data/Atanas_SF_unified_000776/cv5_grouped_v1/fold_0/test/train__2023-01-16-22__f169d678.npz,2023-01-05-18,1,85,29,66,I2L,I2L|NSML|URAVL|I1L|URYVL,-1,,0.25,0.1,0.01,15,0,0,0.06666666666666667,0
atanas,0,deterministic,FUGW (G+A; official),test,2023-01-16-22,82,VB02,/home/ubuntu/klb/nuclr/nuclr/Data/Atanas_SF_unified_000776/cv5_grouped_v1/fold_0/test/train__2023-01-16-22__f169d678.npz,2023-01-05-18,0,85,-1,52,ADER,ADER|FLPL|FLPR|RMDDL|RICL,79,RMDDL,0.25,0.1,0.01,-1,0,0,0.0,0
atanas,0,deterministic,FUGW (G+A; official),test,2023-01-16-22,83,RIS,/home/ubuntu/klb/nuclr/nuclr/Data/Atanas_SF_unified_000776/cv5_grouped_v1/fold_0/test/train__2023-01-16-22__f169d678.npz,2023-01-05-18,0,85,-1,119,FLPR,FLPR|ADER|AVDR|AINR|AIZR,82,RMEV,0.25,0.1,0.01,-1,0,0,0.0,0
atanas,0,deterministic,FUGW (G+A; official),test,2023-01-16-22,85,OLQDL,/home/ubuntu/klb/nuclr/nuclr/Data/Atanas_SF_unified_000776/cv5_grouped_v1/fold_0/test/train__2023-01-16-22__f169d678.npz,2023-01-05-18,1,85,39,59,OLQDL,OLQDL|OLQDR|M4|RIAL|IL1DR,39,OLQDL,0.25,0.1,0.01,1,1,1,1.0,1
atanas,0,deterministic,FUGW (G+A; official),test,2023-01-16-22,86,I2R,/home/ubuntu/klb/nuclr/nuclr/Data/Atanas_SF_unified_000776/cv5_grouped_v1/fold_0/test/train__2023-01-16-22__f169d678.npz,2023-01-05-18,1,85,53,27,IL2VR,IL2VR|I2R|NSMR|I1R|IL2R,53,I2R,0.25,0.1,0.01,2,0,1,0.5,1
atanas,0,deterministic,FUGW (G+A; official),test,2023-01-16-22,87,CEPVL,/home/ubuntu/klb/nuclr/nuclr/Data/Atanas_SF_unified_000776/cv5_grouped_v1/fold_0/test/train__2023-01-16-22__f169d678.npz,2023-01-05-18,1,85,6,110,AIZL,AIZL|AWCL|AVJL|AUAL|URAVL,4,RMDL,0.25,0.1,0.01,12,0,0,0.08333333333333333,0
atanas,0,deterministic,FUGW (G+A; official),test,2023-01-16-22,88,I2L,/home/ubuntu/klb/nuclr/nuclr/Data/Atanas_SF_unified_000776/cv5_grouped_v1/fold_0/test/train__2023-01-16-22__f169d678.npz,2023-01-05-18,1,85,45,66,I2L,I2L|NSML|URAVL|I1L|MCL,57,IL2L,0.25,0.1,0.01,1,1,1,1.0,0
atanas,0,deterministic,FUGW (G+A; official),test,2023-01-16-22,89,AVJR,/home/ubuntu/klb/nuclr/nuclr/Data/Atanas_SF_unified_000776/cv5_grouped_v1/fold_0/test/train__2023-01-16-22__f169d678.npz,2023-01-05-18,1,85,30,38,AINR,AINR|AVDR|ADER|AIZR|FLPR,74,AWBR,0.25,0.1,0.01,6,0,0,0.16666666666666666,0
atanas,0,deterministic,FUGW (G+A; official),test,2023-01-16-22,92,RMDDR,/home/ubuntu/klb/nuclr/nuclr/Data/Atanas_SF_unified_000776/cv5_grouped_v1/fold_0/test/train__2023-01-16-22__f169d678.npz,2023-01-05-18,0,85,-1,119,FLPR,FLPR|ADER|AVDR|AIZR|AINR,-1,,0.25,0.1,0.01,-1,0,0,0.0,0
atanas,0,deterministic,FUGW (G+A; official),test,2023-01-16-22,94,OLQVR,/home/ubuntu/klb/nuclr/nuclr/Data/Atanas_SF_unified_000776/cv5_grouped_v1/fold_0/test/train__2023-01-16-22__f169d678.npz,2023-01-05-18,1,85,81,121,RMDVR,RMDVR|IL2VR|I2R|URBR|AVDR,31,OLLR,0.25,0.1,0.01,13,0,0,0.07692307692307693,0
atanas,0,deterministic,FUGW (G+A; official),test,2023-01-16-22,95,AIBL,/home/ubuntu/klb/nuclr/nuclr/Data/Atanas_SF_unified_000776/cv5_grouped_v1/fold_0/test/train__2023-01-16-22__f169d678.npz,2023-01-05-18,0,85,-1,0,AVAL,AVAL|ASGL|AVL|SAAVL|ASIL,61,ASGL,0.25,0.1,0.01,-1,0,0,0.0,0
atanas,0,deterministic,FUGW (G+A; official),test,2023-01-16-22,96,RIH,/home/ubuntu/klb/nuclr/nuclr/Data/Atanas_SF_unified_000776/cv5_grouped_v1/fold_0/test/train__2023-01-16-22__f169d678.npz,2023-01-05-18,0,85,-1,32,AVL,AVL|ASER|AVAR|AVAL|SAAVL,5,OLQVL,0.25,0.1,0.01,-1,0,0,0.0,0
atanas,0,deterministic,FUGW (G+A; official),test,2023-01-16-22,97,I6,/home/ubuntu/klb/nuclr/nuclr/Data/Atanas_SF_unified_000776/cv5_grouped_v1/fold_0/test/train__2023-01-16-22__f169d678.npz,2023-01-05-18,1,85,69,98,I6,I6|FLPL|RICL|RIVL|AVHL,77,AVHL,0.25,0.1,0.01,1,1,1,1.0,0
atanas,0,deterministic,FUGW (G+A; official),test,2023-01-16-22,99,ASIL,/home/ubuntu/klb/nuclr/nuclr/Data/Atanas_SF_unified_000776/cv5_grouped_v1/fold_0/test/train__2023-01-16-22__f169d678.npz,2023-01-05-18,1,85,76,21,ADLL,ADLL|SAAVL|AVAL|ASIL|RID,15,ADLL,0.25,0.1,0.01,4,0,1,0.25,0
atanas,0,deterministic,FUGW (G+A; official),test,2023-01-16-22,100,I3,/home/ubuntu/klb/nuclr/nuclr/Data/Atanas_SF_unified_000776/cv5_grouped_v1/fold_0/test/train__2023-01-16-22__f169d678.npz,2023-01-05-18,1,85,18,82,I1R,I1R|I1L|NSML|MCL|NSMR,18,I3,0.25,0.1,0.01,11,0,0,0.09090909090909091,1
atanas,0,deterministic,FUGW (G+A; official),test,2023-01-16-22,101,IL1VL,/home/ubuntu/klb/nuclr/nuclr/Data/Atanas_SF_unified_000776/cv5_grouped_v1/fold_0/test/train__2023-01-16-22__f169d678.npz,2023-01-05-18,0,85,-1,27,IL2VR,IL2VR|I1R|I1L|I2L|NSML,1,URAVL,0.25,0.1,0.01,-1,0,0,0.0,0
atanas,0,deterministic,FUGW (G+A; official),test,2023-01-16-22,102,M1,/home/ubuntu/klb/nuclr/nuclr/Data/Atanas_SF_unified_000776/cv5_grouped_v1/fold_0/test/train__2023-01-16-22__f169d678.npz,2023-01-05-18,1,85,52,73,M1,M1|AINR|ADER|AIZR|CEPDR,52,M1,0.25,0.1,0.01,1,1,1,1.0,1
atanas,0,deterministic,FUGW (G+A; official),test,2023-01-16-22,104,URBR,/home/ubuntu/klb/nuclr/nuclr/Data/Atanas_SF_unified_000776/cv5_grouped_v1/fold_0/test/train__2023-01-16-22__f169d678.npz,2023-01-05-18,1,85,12,60,IL2R,IL2R|RMDVR|AINR|AIZR|URBR,40,IL2R,0.25,0.1,0.01,5,0,1,0.2,0
atanas,0,deterministic,FUGW (G+A; official),test,2023-01-16-22,105,RMEL,/home/ubuntu/klb/nuclr/nuclr/Data/Atanas_SF_unified_000776/cv5_grouped_v1/fold_0/test/train__2023-01-16-22__f169d678.npz,2023-01-05-18,0,85,-1,88,RMDVL,RMDVL|AWCL|AVJL|NSML|I2L,32,URYDL,0.25,0.1,0.01,-1,0,0,0.0,0
atanas,0,deterministic,FUGW (G+A; official),test,2023-01-16-22,109,AIZR,/home/ubuntu/klb/nuclr/nuclr/Data/Atanas_SF_unified_000776/cv5_grouped_v1/fold_0/test/train__2023-01-16-22__f169d678.npz,2023-01-05-18,1,85,21,52,ADER,ADER|FLPR|AVDR|AINR|AIZR,30,AVJR,0.25,0.1,0.01,5,0,1,0.2,0
atanas,0,deterministic,FUGW (G+A; official),test,2023-01-16-22,110,IL2DL,/home/ubuntu/klb/nuclr/nuclr/Data/Atanas_SF_unified_000776/cv5_grouped_v1/fold_0/test/train__2023-01-16-22__f169d678.npz,2023-01-05-18,1,85,56,77,IL2DL,IL2DL|I1L|NSML|I2L|URADL,56,IL2DL,0.25,0.1,0.01,1,1,1,1.0,1
atanas,0,deterministic,FUGW (G+A; official),test,2023-01-16-22,111,AWBL,/home/ubuntu/klb/nuclr/nuclr/Data/Atanas_SF_unified_000776/cv5_grouped_v1/fold_0/test/train__2023-01-16-22__f169d678.npz,2023-01-05-18,1,85,67,98,I6,I6|FLPL|AVJL|AIZL|RICL,16,RIAL,0.25,0.1,0.01,8,0,0,0.125,0
atanas,0,deterministic,FUGW (G+A; official),test,2023-01-16-22,112,URXR,/home/ubuntu/klb/nuclr/nuclr/Data/Atanas_SF_unified_000776/cv5_grouped_v1/fold_0/test/train__2023-01-16-22__f169d678.npz,2023-01-05-18,1,85,63,54,CEPDR,CEPDR|M1|AVJR|AWBR|URXR,63,URXR,0.25,0.1,0.01,5,0,1,0.2,1
atanas,0,deterministic,FUGW (G+A; official),test,2023-01-16-22,113,URYDL,/home/ubuntu/klb/nuclr/nuclr/Data/Atanas_SF_unified_000776/cv5_grouped_v1/fold_0/test/train__2023-01-16-22__f169d678.npz,2023-01-05-18,1,85,32,88,RMDVL,RMDVL|NSML|I2L|AWCL|M3L,48,URADL,0.25,0.1,0.01,11,0,0,0.09090909090909091,0
atanas,0,deterministic,FUGW (G+A; official),test,2023-01-16-22,114,AVHL,/home/ubuntu/klb/nuclr/nuclr/Data/Atanas_SF_unified_000776/cv5_grouped_v1/fold_0/test/train__2023-01-16-22__f169d678.npz,2023-01-05-18,1,85,77,98,I6,I6|FLPL|RIVL|AVHL|AVJL,64,SMDVL,0.25,0.1,0.01,4,0,1,0.25,0
atanas,0,deterministic,FUGW (G+A; official),test,2023-01-16-22,116,FLPR,/home/ubuntu/klb/nuclr/nuclr/Data/Atanas_SF_unified_000776/cv5_grouped_v1/fold_0/test/train__2023-01-16-22__f169d678.npz,2023-01-05-18,1,85,83,52,ADER,ADER|AVDR|FLPR|AINR|AIZR,2,AVDR,0.25,0.1,0.01,3,0,1,0.3333333333333333,0
atanas,0,deterministic,FUGW (G+A; official),test,2023-01-16-22,118,AIBR,/home/ubuntu/klb/nuclr/nuclr/Data/Atanas_SF_unified_000776/cv5_grouped_v1/fold_0/test/train__2023-01-16-22__f169d678.npz,2023-01-05-18,1,85,55,29,AVAR,AVAR|ASER|AIBR|AVL|RIVR,41,AVER,0.25,0.1,0.01,3,0,1,0.3333333333333333,0
atanas,0,deterministic,FUGW (G+A; official),test,2023-01-16-22,120,AVL,/home/ubuntu/klb/nuclr/nuclr/Data/Atanas_SF_unified_000776/cv5_grouped_v1/fold_0/test/train__2023-01-16-22__f169d678.npz,2023-01-05-18,1,85,23,106,ASER,ASER|AVL|AVAR|SAAVL|RID,23,AVL,0.25,0.1,0.01,2,0,1,0.5,1
atanas,0,deterministic,FUGW (G+A; official),test,2023-01-16-22,121,ASHL,/home/ubuntu/klb/nuclr/nuclr/Data/Atanas_SF_unified_000776/cv5_grouped_v1/fold_0/test/train__2023-01-16-22__f169d678.npz,2023-01-05-18,0,85,-1,0,AVAL,AVAL|ASGL|ASIL|SAAVL|ADLL,76,ASIL,0.25,0.1,0.01,-1,0,0,0.0,0
atanas,0,deterministic,FUGW (G+A; official),test,2023-01-16-22,122,OLQDR,/home/ubuntu/klb/nuclr/nuclr/Data/Atanas_SF_unified_000776/cv5_grouped_v1/fold_0/test/train__2023-01-16-22__f169d678.npz,2023-01-05-18,1,85,43,60,IL2R,IL2R|CEPDR|AWBR|RIVR|RIAR,43,OLQDR,0.25,0.1,0.01,13,0,0,0.07692307692307693,1
atanas,0,deterministic,FUGW (G+A; official),test,2023-01-16-22,123,URYDR,/home/ubuntu/klb/nuclr/nuclr/Data/Atanas_SF_unified_000776/cv5_grouped_v1/fold_0/test/train__2023-01-16-22__f169d678.npz,2023-01-05-18,1,85,47,38,AINR,AINR|AVDR|AIZR|FLPR|ADER,-1,,0.25,0.1,0.01,29,0,0,0.034482758620689655,0
atanas,0,deterministic,FUGW (G+A; official),test,2023-01-16-22,124,URYVL,/home/ubuntu/klb/nuclr/nuclr/Data/Atanas_SF_unified_000776/cv5_grouped_v1/fold_0/test/train__2023-01-16-22__f169d678.npz,2023-01-05-18,1,85,71,66,I2L,I2L|NSML|URAVL|I1L|M3L,6,CEPVL,0.25,0.1,0.01,8,0,0,0.125,0
atanas,0,deterministic,FUGW (G+A; official),test,2023-01-16-22,125,NSMR,/home/ubuntu/klb/nuclr/nuclr/Data/Atanas_SF_unified_000776/cv5_grouped_v1/fold_0/test/train__2023-01-16-22__f169d678.npz,2023-01-05-18,1,85,8,27,IL2VR,IL2VR|I2R|NSMR|I1R|M3R,24,M3R,0.25,0.1,0.01,3,0,1,0.3333333333333333,0
atanas,0,deterministic,FUGW (G+A; official),test,2023-01-16-22,126,MCL,/home/ubuntu/klb/nuclr/nuclr/Data/Atanas_SF_unified_000776/cv5_grouped_v1/fold_0/test/train__2023-01-16-22__f169d678.npz,2023-01-05-18,1,85,25,20,I1L,I1L|I2L|NSML|I1R|MCL,25,MCL,0.25,0.1,0.01,5,0,1,0.2,1
atanas,0,deterministic,FUGW (G+A; official),test,2023-01-16-22,130,AUAR,/home/ubuntu/klb/nuclr/nuclr/Data/Atanas_SF_unified_000776/cv5_grouped_v1/fold_0/test/train__2023-01-16-22__f169d678.npz,2023-01-05-18,0,85,-1,106,ASER,ASER|AVBL|RID|AVL|SAAVL,75,ASER,0.25,0.1,0.01,-1,0,0,0.0,0
atanas,0,deterministic,FUGW (G+A; official),test,2023-01-16-22,132,ASGL,/home/ubuntu/klb/nuclr/nuclr/Data/Atanas_SF_unified_000776/cv5_grouped_v1/fold_0/test/train__2023-01-16-22__f169d678.npz,2023-01-05-18,1,85,61,98,I6,I6|RIVL|ASIL|ASGL|ADLL,10,AWAL,0.25,0.1,0.01,4,0,1,0.25,0
atanas,0,deterministic,FUGW (G+A; official),test,2023-01-19-15,0,OLQVL,/home/ubuntu/klb/nuclr/nuclr/Data/Atanas_SF_unified_000776/cv5_grouped_v1/fold_0/test/train__2023-01-19-15__893d43d8.npz,2023-01-05-18,1,85,5,56,IL1L,IL1L|URYVL|OLLL|URBL|I2L,37,IL1L,0.25,0.1,0.01,8,0,0,0.125,0
atanas,0,deterministic,FUGW (G+A; official),test,2023-01-19-15,2,RICR,/home/ubuntu/klb/nuclr/nuclr/Data/Atanas_SF_unified_000776/cv5_grouped_v1/fold_0/test/train__2023-01-19-15__893d43d8.npz,2023-01-05-18,0,85,-1,100,I4,I4|M1|URXR|ADLR|RIVR,62,ADLR,0.25,0.1,0.01,-1,0,0,0.0,0
atanas,0,deterministic,FUGW (G+A; official),test,2023-01-19-15,3,M3L,/home/ubuntu/klb/nuclr/nuclr/Data/Atanas_SF_unified_000776/cv5_grouped_v1/fold_0/test/train__2023-01-19-15__893d43d8.npz,2023-01-05-18,1,85,9,17,URBR,URBR|IL2R|OLQVR|RMER|M3R,12,URBR,0.25,0.1,0.01,33,0,0,0.030303030303030304,0
atanas,0,deterministic,FUGW (G+A; official),test,2023-01-19-15,4,OLLL,/home/ubuntu/klb/nuclr/nuclr/Data/Atanas_SF_unified_000776/cv5_grouped_v1/fold_0/test/train__2023-01-19-15__893d43d8.npz,2023-01-05-18,1,85,29,31,URADR,URADR|URYDR|IL2DR|OLLR|IL1DR,47,URYDR,0.25,0.1,0.01,36,0,0,0.027777777777777776,0
atanas,0,deterministic,FUGW (G+A; official),test,2023-01-19-15,6,CEPDR,/home/ubuntu/klb/nuclr/nuclr/Data/Atanas_SF_unified_000776/cv5_grouped_v1/fold_0/test/train__2023-01-19-15__893d43d8.npz,2023-01-05-18,1,85,36,86,URXR,URXR|URXL|CEPDR|M1|RID,38,URXL,0.25,0.1,0.01,3,0,1,0.3333333333333333,0
atanas,0,deterministic,FUGW (G+A; official),test,2023-01-19-15,7,ASHR,/home/ubuntu/klb/nuclr/nuclr/Data/Atanas_SF_unified_000776/cv5_grouped_v1/fold_0/test/train__2023-01-19-15__893d43d8.npz,2023-01-05-18,0,85,-1,54,CEPDR,CEPDR|URXR|RID|ADLR|RIVR,63,URXR,0.25,0.1,0.01,-1,0,0,0.0,0
atanas,0,deterministic,FUGW (G+A; official),test,2023-01-19-15,13,AIBL,/home/ubuntu/klb/nuclr/nuclr/Data/Atanas_SF_unified_000776/cv5_grouped_v1/fold_0/test/train__2023-01-19-15__893d43d8.npz,2023-01-05-18,0,85,-1,64,AVJL,AVJL|ASEL|AVHL|AWCL|AIZL,77,AVHL,0.25,0.1,0.01,-1,0,0,0.0,0
atanas,0,deterministic,FUGW (G+A; official),test,2023-01-19-15,14,AVAR,/home/ubuntu/klb/nuclr/nuclr/Data/Atanas_SF_unified_000776/cv5_grouped_v1/fold_0/test/train__2023-01-19-15__893d43d8.npz,2023-01-05-18,1,85,20,54,CEPDR,CEPDR|RIVR|ADLR|AWBR|RIAR,80,RIVR,0.25,0.1,0.01,14,0,0,0.07142857142857142,0
atanas,0,deterministic,FUGW (G+A; official),test,2023-01-19-15,21,AIMR,/home/ubuntu/klb/nuclr/nuclr/Data/Atanas_SF_unified_000776/cv5_grouped_v1/fold_0/test/train__2023-01-19-15__893d43d8.npz,2023-01-05-18,0,85,-1,113,RMDDL,RMDDL|AVL|AUAL|RICL|AVEL,58,RICL,0.25,0.1,0.01,-1,0,0,0.0,0
atanas,0,deterministic,FUGW (G+A; official),test,2023-01-19-15,22,IL2VR,/home/ubuntu/klb/nuclr/nuclr/Data/Atanas_SF_unified_000776/cv5_grouped_v1/fold_0/test/train__2023-01-19-15__893d43d8.npz,2023-01-05-18,1,85,19,27,IL2VR,IL2VR|I1R|I1L|I2R|NSMR,59,I1R,0.25,0.1,0.01,1,1,1,1.0,0
atanas,0,deterministic,FUGW (G+A; official),test,2023-01-19-15,23,IL1DR,/home/ubuntu/klb/nuclr/nuclr/Data/Atanas_SF_unified_000776/cv5_grouped_v1/fold_0/test/train__2023-01-19-15__893d43d8.npz,2023-01-05-18,1,85,42,71,MI,MI|I3|IL1DL|M4|OLQDL,50,MI,0.25,0.1,0.01,7,0,0,0.14285714285714285,0
atanas,0,deterministic,FUGW (G+A; official),test,2023-01-19-15,24,AQR,/home/ubuntu/klb/nuclr/nuclr/Data/Atanas_SF_unified_000776/cv5_grouped_v1/fold_0/test/train__2023-01-19-15__893d43d8.npz,2023-01-05-18,0,85,-1,119,FLPR,FLPR|ADER|AVDR|AIZR|AINR,2,AVDR,0.25,0.1,0.01,-1,0,0,0.0,0
atanas,0,deterministic,FUGW (G+A; official),test,2023-01-19-15,26,AUAR,/home/ubuntu/klb/nuclr/nuclr/Data/Atanas_SF_unified_000776/cv5_grouped_v1/fold_0/test/train__2023-01-19-15__893d43d8.npz,2023-01-05-18,0,85,-1,54,CEPDR,CEPDR|AWBR|RIVR|RIAR|ADLR,36,CEPDR,0.25,0.1,0.01,-1,0,0,0.0,0
atanas,0,deterministic,FUGW (G+A; official),test,2023-01-19-15,29,URBL,/home/ubuntu/klb/nuclr/nuclr/Data/Atanas_SF_unified_000776/cv5_grouped_v1/fold_0/test/train__2023-01-19-15__893d43d8.npz,2023-01-05-18,1,85,11,56,IL1L,IL1L|URBL|OLLL|IL2L|URYVL,11,URBL,0.25,0.1,0.01,2,0,1,0.5,1
atanas,0,deterministic,FUGW (G+A; official),test,2023-01-19-15,31,URADL,/home/ubuntu/klb/nuclr/nuclr/Data/Atanas_SF_unified_000776/cv5_grouped_v1/fold_0/test/train__2023-01-19-15__893d43d8.npz,2023-01-05-18,1,85,48,5,IL2DR,IL2DR|URADR|URYDR|OLLR|IL1DR,3,IL2DR,0.25,0.1,0.01,25,0,0,0.04,0
atanas,0,deterministic,FUGW (G+A; official),test,2023-01-19-15,33,AVBR,/home/ubuntu/klb/nuclr/nuclr/Data/Atanas_SF_unified_000776/cv5_grouped_v1/fold_0/test/train__2023-01-19-15__893d43d8.npz,2023-01-05-18,0,85,-1,70,AVBL,AVBL|RID|ADLL|ADLR|ASER,49,AVBL,0.25,0.1,0.01,-1,0,0,0.0,0
atanas,0,deterministic,FUGW (G+A; official),test,2023-01-19-15,35,AVDR,/home/ubuntu/klb/nuclr/nuclr/Data/Atanas_SF_unified_000776/cv5_grouped_v1/fold_0/test/train__2023-01-19-15__893d43d8.npz,2023-01-05-18,1,85,2,73,M1,M1|URXR|I4|CEPDR|URXL,52,M1,0.25,0.1,0.01,66,0,0,0.015151515151515152,0
atanas,0,deterministic,FUGW (G+A; official),test,2023-01-19-15,36,URYVR,/home/ubuntu/klb/nuclr/nuclr/Data/Atanas_SF_unified_000776/cv5_grouped_v1/fold_0/test/train__2023-01-19-15__893d43d8.npz,2023-01-05-18,0,85,-1,66,I2L,I2L|NSML|M3L|URYVL|IL1L,45,I2L,0.25,0.1,0.01,-1,0,0,0.0,0
atanas,0,deterministic,FUGW (G+A; official),test,2023-01-19-15,37,VB02,/home/ubuntu/klb/nuclr/nuclr/Data/Atanas_SF_unified_000776/cv5_grouped_v1/fold_0/test/train__2023-01-19-15__893d43d8.npz,2023-01-05-18,0,85,-1,32,AVL,AVL|RMDDL|RMEV|AIBR|AVER,23,AVL,0.25,0.1,0.01,-1,0,0,0.0,0
atanas,0,deterministic,FUGW (G+A; official),test,2023-01-19-15,40,RIBR,/home/ubuntu/klb/nuclr/nuclr/Data/Atanas_SF_unified_000776/cv5_grouped_v1/fold_0/test/train__2023-01-19-15__893d43d8.npz,2023-01-05-18,0,85,-1,70,AVBL,AVBL|RID|ADLL|ADLR|SAAVL,66,RID,0.25,0.1,0.01,-1,0,0,0.0,0
atanas,0,deterministic,FUGW (G+A; official),test,2023-01-19-15,43,AVAL,/home/ubuntu/klb/nuclr/nuclr/Data/Atanas_SF_unified_000776/cv5_grouped_v1/fold_0/test/train__2023-01-19-15__893d43d8.npz,2023-01-05-18,1,85,0,88,RMDVL,RMDVL|IL2L|SMDVL|AVAL|URBL,57,IL2L,0.25,0.1,0.01,4,0,1,0.25,0
atanas,0,deterministic,FUGW (G+A; official),test,2023-01-19-15,45,URXL,/home/ubuntu/klb/nuclr/nuclr/Data/Atanas_SF_unified_000776/cv5_grouped_v1/fold_0/test/train__2023-01-19-15__893d43d8.npz,2023-01-05-18,1,85,38,37,CEPDL,CEPDL|SMDVL|RIVL|URYDL|RMDVL,17,RIVL,0.25,0.1,0.01,17,0,0,0.058823529411764705,0
atanas,0,deterministic,FUGW (G+A; official),test,2023-01-19-15,47,FLPR,/home/ubuntu/klb/nuclr/nuclr/Data/Atanas_SF_unified_000776/cv5_grouped_v1/fold_0/test/train__2023-01-19-15__893d43d8.npz,2023-01-05-18,1,85,83,38,AINR,AINR|AIZR|AVJR|RIVR|AVDR,21,AIZR,0.25,0.1,0.01,10,0,0,0.1,0
atanas,0,deterministic,FUGW (G+A; official),test,2023-01-19-15,50,AIML,/home/ubuntu/klb/nuclr/nuclr/Data/Atanas_SF_unified_000776/cv5_grouped_v1/fold_0/test/train__2023-01-19-15__893d43d8.npz,2023-01-05-18,0,85,-1,96,AUAL,AUAL|RICL|RMDDL|AIZL|FLPL,68,AUAL,0.25,0.1,0.01,-1,0,0,0.0,0
atanas,0,deterministic,FUGW (G+A; official),test,2023-01-19-15,52,RIML,/home/ubuntu/klb/nuclr/nuclr/Data/Atanas_SF_unified_000776/cv5_grouped_v1/fold_0/test/train__2023-01-19-15__893d43d8.npz,2023-01-05-18,0,85,-1,110,AIZL,AIZL|AVJL|AVAL|RMDL|AWCL,78,AIZL,0.25,0.1,0.01,-1,0,0,0.0,0
atanas,0,deterministic,FUGW (G+A; official),test,2023-01-19-15,56,IL2DL,/home/ubuntu/klb/nuclr/nuclr/Data/Atanas_SF_unified_000776/cv5_grouped_v1/fold_0/test/train__2023-01-19-15__893d43d8.npz,2023-01-05-18,1,85,56,5,IL2DR,IL2DR|URADR|OLLR|URYDR|URBR,22,URADR,0.25,0.1,0.01,39,0,0,0.02564102564102564,0
atanas,0,deterministic,FUGW (G+A; official),test,2023-01-19-15,58,AIBR,/home/ubuntu/klb/nuclr/nuclr/Data/Atanas_SF_unified_000776/cv5_grouped_v1/fold_0/test/train__2023-01-19-15__893d43d8.npz,2023-01-05-18,1,85,55,83,RIAR,RIAR|AWBR|ADLR|RIVR|AVER,60,RIAR,0.25,0.1,0.01,9,0,0,0.1111111111111111,0
atanas,0,deterministic,FUGW (G+A; official),test,2023-01-19-15,61,RMDVR,/home/ubuntu/klb/nuclr/nuclr/Data/Atanas_SF_unified_000776/cv5_grouped_v1/fold_0/test/train__2023-01-19-15__893d43d8.npz,2023-01-05-18,1,85,84,54,CEPDR,CEPDR|AWBR|RIAR|RIVR|RMDVR,74,AWBR,0.25,0.1,0.01,5,0,1,0.2,0
atanas,0,deterministic,FUGW (G+A; official),test,2023-01-19-15,62,AVEL,/home/ubuntu/klb/nuclr/nuclr/Data/Atanas_SF_unified_000776/cv5_grouped_v1/fold_0/test/train__2023-01-19-15__893d43d8.npz,2023-01-05-18,1,85,46,87,SMDVL,SMDVL|AVHL|ASEL|RIVL|AWBL,67,AWBL,0.25,0.1,0.01,30,0,0,0.03333333333333333,0
atanas,0,deterministic,FUGW (G+A; official),test,2023-01-19-15,63,URXR,/home/ubuntu/klb/nuclr/nuclr/Data/Atanas_SF_unified_000776/cv5_grouped_v1/fold_0/test/train__2023-01-19-15__893d43d8.npz,2023-01-05-18,1,85,63,37,CEPDL,CEPDL|URXL|RIAL|OLQDL|ADLL,26,CEPDL,0.25,0.1,0.01,18,0,0,0.05555555555555555,0
atanas,0,deterministic,FUGW (G+A; official),test,2023-01-19-15,68,RMDR,/home/ubuntu/klb/nuclr/nuclr/Data/Atanas_SF_unified_000776/cv5_grouped_v1/fold_0/test/train__2023-01-19-15__893d43d8.npz,2023-01-05-18,0,85,-1,83,RIAR,RIAR|AVER|AWBR|AIBR|RMDVR,41,AVER,0.25,0.1,0.01,-1,0,0,0.0,0
atanas,0,deterministic,FUGW (G+A; official),test,2023-01-19-15,71,RMDL,/home/ubuntu/klb/nuclr/nuclr/Data/Atanas_SF_unified_000776/cv5_grouped_v1/fold_0/test/train__2023-01-19-15__893d43d8.npz,2023-01-05-18,1,85,4,88,RMDVL,RMDVL|ASEL|AVJL|AWBL|RMDL,34,ASEL,0.25,0.1,0.01,5,0,1,0.2,0
atanas,0,deterministic,FUGW (G+A; official),test,2023-01-19-15,72,ADER,/home/ubuntu/klb/nuclr/nuclr/Data/Atanas_SF_unified_000776/cv5_grouped_v1/fold_0/test/train__2023-01-19-15__893d43d8.npz,2023-01-05-18,1,85,35,52,ADER,ADER|AVDR|AINR|FLPR|AIZR,27,AINR,0.25,0.1,0.01,1,1,1,1.0,0
atanas,0,deterministic,FUGW (G+A; official),test,2023-01-19-15,76,ASER,/home/ubuntu/klb/nuclr/nuclr/Data/Atanas_SF_unified_000776/cv5_grouped_v1/fold_0/test/train__2023-01-19-15__893d43d8.npz,2023-01-05-18,1,85,75,21,ADLL,ADLL|ASIL|SAAVL|RID|AWAL,15,ADLL,0.25,0.1,0.01,63,0,0,0.015873015873015872,0
atanas,0,deterministic,FUGW (G+A; official),test,2023-01-19-15,77,RIVR,/home/ubuntu/klb/nuclr/nuclr/Data/Atanas_SF_unified_000776/cv5_grouped_v1/fold_0/test/train__2023-01-19-15__893d43d8.npz,2023-01-05-18,1,85,80,98,I6,I6|ADLL|I4|ASIL|RIVL,69,I6,0.25,0.1,0.01,38,0,0,0.02631578947368421,0
atanas,0,deterministic,FUGW (G+A; official),test,2023-01-19-15,86,NSMR,/home/ubuntu/klb/nuclr/nuclr/Data/Atanas_SF_unified_000776/cv5_grouped_v1/fold_0/test/train__2023-01-19-15__893d43d8.npz,2023-01-05-18,1,85,8,20,I1L,I1L|MCL|NSML|I2L|URAVL,14,I1L,0.25,0.1,0.01,18,0,0,0.05555555555555555,0
atanas,0,deterministic,FUGW (G+A; official),test,2023-01-19-15,88,AVDL,/home/ubuntu/klb/nuclr/nuclr/Data/Atanas_SF_unified_000776/cv5_grouped_v1/fold_0/test/train__2023-01-19-15__893d43d8.npz,2023-01-05-18,0,85,-1,88,RMDVL,RMDVL|ASEL|AVJL|AWBL|SMDVL,65,RMDVL,0.25,0.1,0.01,-1,0,0,0.0,0
atanas,0,deterministic,FUGW (G+A; official),test,2023-01-19-15,92,M3R,/home/ubuntu/klb/nuclr/nuclr/Data/Atanas_SF_unified_000776/cv5_grouped_v1/fold_0/test/train__2023-01-19-15__893d43d8.npz,2023-01-05-18,1,85,24,36,MCL,MCL|NSML|M3L|I1L|I2L,25,MCL,0.25,0.1,0.01,20,0,0,0.05,0
atanas,0,deterministic,FUGW (G+A; official),test,2023-01-19-15,93,SAADR,/home/ubuntu/klb/nuclr/nuclr/Data/Atanas_SF_unified_000776/cv5_grouped_v1/fold_0/test/train__2023-01-19-15__893d43d8.npz,2023-01-05-18,0,85,-1,32,AVL,AVL|RMEV|AIBR|AVER|RMDDL,82,RMEV,0.25,0.1,0.01,-1,0,0,0.0,0
atanas,0,deterministic,FUGW (G+A; official),test,2023-01-19-15,95,ADAR,/home/ubuntu/klb/nuclr/nuclr/Data/Atanas_SF_unified_000776/cv5_grouped_v1/fold_0/test/train__2023-01-19-15__893d43d8.npz,2023-01-05-18,0,85,-1,52,ADER,ADER|FLPR|AVDR|AINR|AIZR,35,ADER,0.25,0.1,0.01,-1,0,0,0.0,0
atanas,0,deterministic,FUGW (G+A; official),test,2023-01-19-15,96,IL1VR,/home/ubuntu/klb/nuclr/nuclr/Data/Atanas_SF_unified_000776/cv5_grouped_v1/fold_0/test/train__2023-01-19-15__893d43d8.npz,2023-01-05-18,0,85,-1,27,IL2VR,IL2VR|I1R|I2R|NSMR|M3R,19,IL2VR,0.25,0.1,0.01,-1,0,0,0.0,0
atanas,0,deterministic,FUGW (G+A; official),test,2023-01-19-15,97,MI,/home/ubuntu/klb/nuclr/nuclr/Data/Atanas_SF_unified_000776/cv5_grouped_v1/fold_0/test/train__2023-01-19-15__893d43d8.npz,2023-01-05-18,1,85,50,5,IL2DR,IL2DR|I3|MI|URADR|M4,18,I3,0.25,0.1,0.01,3,0,1,0.3333333333333333,0
atanas,0,deterministic,FUGW (G+A; official),test,2023-01-19-15,100,URBR,/home/ubuntu/klb/nuclr/nuclr/Data/Atanas_SF_unified_000776/cv5_grouped_v1/fold_0/test/train__2023-01-19-15__893d43d8.npz,2023-01-05-18,1,85,12,31,URADR,URADR|IL2DR|URYDR|OLLR|IL1DR,31,OLLR,0.25,0.1,0.01,8,0,0,0.125,0
atanas,0,deterministic,FUGW (G+A; official),test,2023-01-19-15,101,AIZR,/home/ubuntu/klb/nuclr/nuclr/Data/Atanas_SF_unified_000776/cv5_grouped_v1/fold_0/test/train__2023-01-19-15__893d43d8.npz,2023-01-05-18,1,85,21,100,I4,I4|M1|URXL|URXR|ADLL,70,I4,0.25,0.1,0.01,36,0,0,0.027777777777777776,0
atanas,0,deterministic,FUGW (G+A; official),test,2023-01-19-15,102,CEPDL,/home/ubuntu/klb/nuclr/nuclr/Data/Atanas_SF_unified_000776/cv5_grouped_v1/fold_0/test/train__2023-01-19-15__893d43d8.npz,2023-01-05-18,1,85,26,37,CEPDL,CEPDL|SMDVL|RIVL|URYDL|RMDVL,64,SMDVL,0.25,0.1,0.01,1,1,1,1.0,0
atanas,0,deterministic,FUGW (G+A; official),test,2023-01-19-15,103,AIZL,/home/ubuntu/klb/nuclr/nuclr/Data/Atanas_SF_unified_000776/cv5_grouped_v1/fold_0/test/train__2023-01-19-15__893d43d8.npz,2023-01-05-18,1,85,78,64,AVJL,AVJL|AIZL|FLPL|ASEL|I6,44,AVJL,0.25,0.1,0.01,2,0,1,0.5,0
atanas,0,deterministic,FUGW (G+A; official),test,2023-01-19-15,104,URYVL,/home/ubuntu/klb/nuclr/nuclr/Data/Atanas_SF_unified_000776/cv5_grouped_v1/fold_0/test/train__2023-01-19-15__893d43d8.npz,2023-01-05-18,1,85,71,106,ASER,ASER|AVAR|IL2R|ADLR|AVER,75,ASER,0.25,0.1,0.01,56,0,0,0.017857142857142856,0
atanas,0,deterministic,FUGW (G+A; official),test,2023-01-19-15,105,I1L,/home/ubuntu/klb/nuclr/nuclr/Data/Atanas_SF_unified_000776/cv5_grouped_v1/fold_0/test/train__2023-01-19-15__893d43d8.npz,2023-01-05-18,1,85,14,74,I2R,I2R|IL2VR|NSMR|I1R|M3R,53,I2R,0.25,0.1,0.01,16,0,0,0.0625,0
atanas,0,deterministic,FUGW (G+A; official),test,2023-01-19-15,109,AWCR,/home/ubuntu/klb/nuclr/nuclr/Data/Atanas_SF_unified_000776/cv5_grouped_v1/fold_0/test/train__2023-01-19-15__893d43d8.npz,2023-01-05-18,0,85,-1,83,RIAR,RIAR|AWBR|AVER|I4|AIBR,30,AVJR,0.25,0.1,0.01,-1,0,0,0.0,0
atanas,0,deterministic,FUGW (G+A; official),test,2023-01-19-15,117,IL1VL,/home/ubuntu/klb/nuclr/nuclr/Data/Atanas_SF_unified_000776/cv5_grouped_v1/fold_0/test/train__2023-01-19-15__893d43d8.npz,2023-01-05-18,0,85,-1,74,I2R,I2R|NSMR|IL2VR|M3R|IL2R,8,NSMR,0.25,0.1,0.01,-1,0,0,0.0,0
atanas,0,deterministic,FUGW (G+A; official),test,2023-01-19-15,120,AWBR,/home/ubuntu/klb/nuclr/nuclr/Data/Atanas_SF_unified_000776/cv5_grouped_v1/fold_0/test/train__2023-01-19-15__893d43d8.npz,2023-01-05-18,1,85,74,58,URXL,URXL|CEPDL|OLQDL|RIAL|I4,39,OLQDL,0.25,0.1,0.01,43,0,0,0.023255813953488372,0
atanas,0,deterministic,FUGW (G+A; official),test,2023-01-19-15,123,SAAVR,/home/ubuntu/klb/nuclr/nuclr/Data/Atanas_SF_unified_000776/cv5_grouped_v1/fold_0/test/train__2023-01-19-15__893d43d8.npz,2023-01-05-18,0,85,-1,91,RID,RID|URXR|URXL|OLQDR|CEPDR,43,OLQDR,0.25,0.1,0.01,-1,0,0,0.0,0
atanas,0,deterministic,FUGW (G+A; official),test,2023-01-19-15,124,NSML,/home/ubuntu/klb/nuclr/nuclr/Data/Atanas_SF_unified_000776/cv5_grouped_v1/fold_0/test/train__2023-01-19-15__893d43d8.npz,2023-01-05-18,1,85,73,60,IL2R,IL2R|URBR|M3R|NSMR|I2R,40,IL2R,0.25,0.1,0.01,40,0,0,0.025,0
atanas,0,deterministic,FUGW (G+A; official),test,2023-01-19-15,125,RMDDR,/home/ubuntu/klb/nuclr/nuclr/Data/Atanas_SF_unified_000776/cv5_grouped_v1/fold_0/test/train__2023-01-19-15__893d43d8.npz,2023-01-05-18,0,85,-1,76,AIBR,AIBR|RMEV|AVER|RMDVR|AVAR,55,AIBR,0.25,0.1,0.01,-1,0,0,0.0,0
atanas,0,deterministic,FUGW (G+A; official),test,2023-01-19-15,126,AVJR,/home/ubuntu/klb/nuclr/nuclr/Data/Atanas_SF_unified_000776/cv5_grouped_v1/fold_0/test/train__2023-01-19-15__893d43d8.npz,2023-01-05-18,1,85,30,73,M1,M1|I4|URXL|CEPDL|RIAL,16,RIAL,0.25,0.1,0.01,45,0,0,0.022222222222222223,0
atanas,0,deterministic,FUGW (G+A; official),test,2023-01-19-15,128,RMDDL,/home/ubuntu/klb/nuclr/nuclr/Data/Atanas_SF_unified_000776/cv5_grouped_v1/fold_0/test/train__2023-01-19-15__893d43d8.npz,2023-01-05-18,1,85,79,96,AUAL,AUAL|AWCL|RMDL|AVEL|AIZL,54,AWCL,0.25,0.1,0.01,20,0,0,0.05,0
atanas,0,deterministic,FUGW (G+A; official),test,2023-01-19-15,131,MCL,/home/ubuntu/klb/nuclr/nuclr/Data/Atanas_SF_unified_000776/cv5_grouped_v1/fold_0/test/train__2023-01-19-15__893d43d8.npz,2023-01-05-18,1,85,25,35,M3R,M3R|NSMR|I2R|OLQVR|IL2R,24,M3R,0.25,0.1,0.01,15,0,0,0.06666666666666667,0
atanas,0,deterministic,FUGW (G+A; official),test,2023-01-19-15,134,I2L,/home/ubuntu/klb/nuclr/nuclr/Data/Atanas_SF_unified_000776/cv5_grouped_v1/fold_0/test/train__2023-01-19-15__893d43d8.npz,2023-01-05-18,1,85,45,60,IL2R,IL2R|I2R|NSMR|M3R|URBR,81,OLQVR,0.25,0.1,0.01,43,0,0,0.023255813953488372,0
atanas,0,deterministic,FUGW (G+A; official),test,2023-01-19-15,138,RMEV,/home/ubuntu/klb/nuclr/nuclr/Data/Atanas_SF_unified_000776/cv5_grouped_v1/fold_0/test/train__2023-01-19-15__893d43d8.npz,2023-01-05-18,1,85,82,7,OLQVL,OLQVL|AVEL|SAAVL|CEPVL|IL2VL,5,OLQVL,0.25,0.1,0.01,14,0,0,0.07142857142857142,0
atanas,0,deterministic,FUGW (G+A; official),test,2023-01-19-22,1,ASGL,/home/ubuntu/klb/nuclr/nuclr/Data/Atanas_SF_unified_000776/cv5_grouped_v1/fold_0/test/train__2023-01-19-22__636432cc.npz,2023-01-05-18,1,85,61,21,ADLL,ADLL|SAAVL|ASIL|AWAL|RIVL,76,ASIL,0.25,0.1,0.01,6,0,0,0.16666666666666666,0
atanas,0,deterministic,FUGW (G+A; official),test,2023-01-19-22,2,AVER,/home/ubuntu/klb/nuclr/nuclr/Data/Atanas_SF_unified_000776/cv5_grouped_v1/fold_0/test/train__2023-01-19-22__636432cc.npz,2023-01-05-18,1,85,41,61,AVER,AVER|AIBR|RMEV|RMER|AVAR,28,RMER,0.25,0.1,0.01,1,1,1,1.0,0
atanas,0,deterministic,FUGW (G+A; official),test,2023-01-19-22,4,RMER,/home/ubuntu/klb/nuclr/nuclr/Data/Atanas_SF_unified_000776/cv5_grouped_v1/fold_0/test/train__2023-01-19-22__636432cc.npz,2023-01-05-18,1,85,28,5,IL2DR,IL2DR|URADR|IL2R|URBR|OLLR,31,OLLR,0.25,0.1,0.01,6,0,0,0.16666666666666666,0
atanas,0,deterministic,FUGW (G+A; official),test,2023-01-19-22,5,OLLL,/home/ubuntu/klb/nuclr/nuclr/Data/Atanas_SF_unified_000776/cv5_grouped_v1/fold_0/test/train__2023-01-19-22__636432cc.npz,2023-01-05-18,1,85,29,79,IL2L,IL2L|IL1L|IL2DL|OLLL|URBL,29,OLLL,0.25,0.1,0.01,4,0,1,0.25,1
atanas,0,deterministic,FUGW (G+A; official),test,2023-01-19-22,6,RMDDR,/home/ubuntu/klb/nuclr/nuclr/Data/Atanas_SF_unified_000776/cv5_grouped_v1/fold_0/test/train__2023-01-19-22__636432cc.npz,2023-01-05-18,0,85,-1,113,RMDDL,RMDDL|AVL|RMEV|AIBR|FLPR,-1,,0.25,0.1,0.01,-1,0,0,0.0,0
atanas,0,deterministic,FUGW (G+A; official),test,2023-01-19-22,8,RMDVR,/home/ubuntu/klb/nuclr/nuclr/Data/Atanas_SF_unified_000776/cv5_grouped_v1/fold_0/test/train__2023-01-19-22__636432cc.npz,2023-01-05-18,1,85,84,121,RMDVR,RMDVR|IL2R|URBR|RMER|AVJR,84,RMDVR,0.25,0.1,0.01,1,1,1,1.0,1
atanas,0,deterministic,FUGW (G+A; official),test,2023-01-19-22,11,AIZL,/home/ubuntu/klb/nuclr/nuclr/Data/Atanas_SF_unified_000776/cv5_grouped_v1/fold_0/test/train__2023-01-19-22__636432cc.npz,2023-01-05-18,1,85,78,64,AVJL,AVJL|AVHL|I6|AIZL|ASEL,34,ASEL,0.25,0.1,0.01,4,0,1,0.25,0
atanas,0,deterministic,FUGW (G+A; official),test,2023-01-19-22,12,RMGL,/home/ubuntu/klb/nuclr/nuclr/Data/Atanas_SF_unified_000776/cv5_grouped_v1/fold_0/test/train__2023-01-19-22__636432cc.npz,2023-01-05-18,0,85,-1,18,FLPL,FLPL|I6|RICL|AIZL|AVJL,13,FLPL,0.25,0.1,0.01,-1,0,0,0.0,0
atanas,0,deterministic,FUGW (G+A; official),test,2023-01-19-22,15,AIML,/home/ubuntu/klb/nuclr/nuclr/Data/Atanas_SF_unified_000776/cv5_grouped_v1/fold_0/test/train__2023-01-19-22__636432cc.npz,2023-01-05-18,0,85,-1,113,RMDDL,RMDDL|RICL|AUAL|AIZL|FLPL,58,RICL,0.25,0.1,0.01,-1,0,0,0.0,0
atanas,0,deterministic,FUGW (G+A; official),test,2023-01-19-22,18,IL1VR,/home/ubuntu/klb/nuclr/nuclr/Data/Atanas_SF_unified_000776/cv5_grouped_v1/fold_0/test/train__2023-01-19-22__636432cc.npz,2023-01-05-18,0,85,-1,116,OLQVR,OLQVR|M3R|NSMR|URBR|RMEV,12,URBR,0.25,0.1,0.01,-1,0,0,0.0,0
atanas,0,deterministic,FUGW (G+A; official),test,2023-01-19-22,19,RMDL,/home/ubuntu/klb/nuclr/nuclr/Data/Atanas_SF_unified_000776/cv5_grouped_v1/fold_0/test/train__2023-01-19-22__636432cc.npz,2023-01-05-18,1,85,4,88,RMDVL,RMDVL|RMDL|AVAL|AWCL|AWBL,-1,,0.25,0.1,0.01,2,0,1,0.5,0
atanas,0,deterministic,FUGW (G+A; official),test,2023-01-19-22,20,URXR,/home/ubuntu/klb/nuclr/nuclr/Data/Atanas_SF_unified_000776/cv5_grouped_v1/fold_0/test/train__2023-01-19-22__636432cc.npz,2023-01-05-18,1,85,63,62,IL1DR,IL1DR|OLQDR|URYDR|URADR|URXR,42,IL1DR,0.25,0.1,0.01,5,0,1,0.2,0
atanas,0,deterministic,FUGW (G+A; official),test,2023-01-19-22,23,IL2DR,/home/ubuntu/klb/nuclr/nuclr/Data/Atanas_SF_unified_000776/cv5_grouped_v1/fold_0/test/train__2023-01-19-22__636432cc.npz,2023-01-05-18,1,85,3,82,I1R,I1R|I2R|NSMR|IL2VR|I1L,59,I1R,0.25,0.1,0.01,8,0,0,0.125,0
atanas,0,deterministic,FUGW (G+A; official),test,2023-01-19-22,26,URYVR,/home/ubuntu/klb/nuclr/nuclr/Data/Atanas_SF_unified_000776/cv5_grouped_v1/fold_0/test/train__2023-01-19-22__636432cc.npz,2023-01-05-18,0,85,-1,35,M3R,M3R|OLQVR|NSMR|I2R|RMEV,81,OLQVR,0.25,0.1,0.01,-1,0,0,0.0,0
atanas,0,deterministic,FUGW (G+A; official),test,2023-01-19-22,27,SMDVR,/home/ubuntu/klb/nuclr/nuclr/Data/Atanas_SF_unified_000776/cv5_grouped_v1/fold_0/test/train__2023-01-19-22__636432cc.npz,2023-01-05-18,0,85,-1,58,URXL,URXL|RID|URXR|OLQDR|IL1DR,43,OLQDR,0.25,0.1,0.01,-1,0,0,0.0,0
atanas,0,deterministic,FUGW (G+A; official),test,2023-01-19-22,28,FLPR,/home/ubuntu/klb/nuclr/nuclr/Data/Atanas_SF_unified_000776/cv5_grouped_v1/fold_0/test/train__2023-01-19-22__636432cc.npz,2023-01-05-18,1,85,83,38,AINR,AINR|ADER|AIZR|AVDR|AVJR,27,AINR,0.25,0.1,0.01,6,0,0,0.16666666666666666,0
atanas,0,deterministic,FUGW (G+A; official),test,2023-01-19-22,29,AUAR,/home/ubuntu/klb/nuclr/nuclr/Data/Atanas_SF_unified_000776/cv5_grouped_v1/fold_0/test/train__2023-01-19-22__636432cc.npz,2023-01-05-18,0,85,-1,106,ASER,ASER|AVAR|AINR|AIZR|AVJR,21,AIZR,0.25,0.1,0.01,-1,0,0,0.0,0
atanas,0,deterministic,FUGW (G+A; official),test,2023-01-19-22,32,CEPVR,/home/ubuntu/klb/nuclr/nuclr/Data/Atanas_SF_unified_000776/cv5_grouped_v1/fold_0/test/train__2023-01-19-22__636432cc.npz,2023-01-05-18,0,85,-1,116,OLQVR,OLQVR|RMEV|M3R|NSMR|URBR,-1,,0.25,0.1,0.01,-1,0,0,0.0,0
atanas,0,deterministic,FUGW (G+A; official),test,2023-01-19-22,33,SAADL,/home/ubuntu/klb/nuclr/nuclr/Data/Atanas_SF_unified_000776/cv5_grouped_v1/fold_0/test/train__2023-01-19-22__636432cc.npz,2023-01-05-18,0,85,-1,7,OLQVL,OLQVL|AVL|AVAL|SAAVL|AVEL,5,OLQVL,0.25,0.1,0.01,-1,0,0,0.0,0
atanas,0,deterministic,FUGW (G+A; official),test,2023-01-19-22,36,IL2DL,/home/ubuntu/klb/nuclr/nuclr/Data/Atanas_SF_unified_000776/cv5_grouped_v1/fold_0/test/train__2023-01-19-22__636432cc.npz,2023-01-05-18,1,85,56,20,I1L,I1L|IL2DL|I2L|NSML|MCL,56,IL2DL,0.25,0.1,0.01,2,0,1,0.5,1
atanas,0,deterministic,FUGW (G+A; official),test,2023-01-19-22,37,CEPDL,/home/ubuntu/klb/nuclr/nuclr/Data/Atanas_SF_unified_000776/cv5_grouped_v1/fold_0/test/train__2023-01-19-22__636432cc.npz,2023-01-05-18,1,85,26,37,CEPDL,CEPDL|OLQDL|URXL|IL1DL|URADL,39,OLQDL,0.25,0.1,0.01,1,1,1,1.0,0
atanas,0,deterministic,FUGW (G+A; official),test,2023-01-19-22,39,OLLR,/home/ubuntu/klb/nuclr/nuclr/Data/Atanas_SF_unified_000776/cv5_grouped_v1/fold_0/test/train__2023-01-19-22__636432cc.npz,2023-01-05-18,1,85,31,5,IL2DR,IL2DR|M3R|URADR|NSMR|IL2R,-1,,0.25,0.1,0.01,9,0,0,0.1111111111111111,0
atanas,0,deterministic,FUGW (G+A; official),test,2023-01-19-22,40,AWAR,/home/ubuntu/klb/nuclr/nuclr/Data/Atanas_SF_unified_000776/cv5_grouped_v1/fold_0/test/train__2023-01-19-22__636432cc.npz,2023-01-05-18,0,85,-1,85,ADLR,ADLR|RID|RIVR|URXR|OLQDR,-1,,0.25,0.1,0.01,-1,0,0,0.0,0
atanas,0,deterministic,FUGW (G+A; official),test,2023-01-19-22,41,RIAL,/home/ubuntu/klb/nuclr/nuclr/Data/Atanas_SF_unified_000776/cv5_grouped_v1/fold_0/test/train__2023-01-19-22__636432cc.npz,2023-01-05-18,1,85,16,46,URYDL,URYDL|OLQDL|RIAL|IL1DL|CEPDL,32,URYDL,0.25,0.1,0.01,3,0,1,0.3333333333333333,0
atanas,0,deterministic,FUGW (G+A; official),test,2023-01-19-22,43,AVDR,/home/ubuntu/klb/nuclr/nuclr/Data/Atanas_SF_unified_000776/cv5_grouped_v1/fold_0/test/train__2023-01-19-22__636432cc.npz,2023-01-05-18,1,85,2,54,CEPDR,CEPDR|M1|RIVR|AWBR|ADLR,36,CEPDR,0.25,0.1,0.01,13,0,0,0.07692307692307693,0
atanas,0,deterministic,FUGW (G+A; official),test,2023-01-19-22,45,AUAL,/home/ubuntu/klb/nuclr/nuclr/Data/Atanas_SF_unified_000776/cv5_grouped_v1/fold_0/test/train__2023-01-19-22__636432cc.npz,2023-01-05-18,1,85,68,75,AWCL,AWCL|RMDL|ASEL|AUAL|AVAL,54,AWCL,0.25,0.1,0.01,4,0,1,0.25,0
atanas,0,deterministic,FUGW (G+A; official),test,2023-01-19-22,48,AVEL,/home/ubuntu/klb/nuclr/nuclr/Data/Atanas_SF_unified_000776/cv5_grouped_v1/fold_0/test/train__2023-01-19-22__636432cc.npz,2023-01-05-18,1,85,46,0,AVAL,AVAL|RMDVL|SAAVL|AWBL|SMDVL,0,AVAL,0.25,0.1,0.01,20,0,0,0.05,0
atanas,0,deterministic,FUGW (G+A; official),test,2023-01-19-22,49,AINL,/home/ubuntu/klb/nuclr/nuclr/Data/Atanas_SF_unified_000776/cv5_grouped_v1/fold_0/test/train__2023-01-19-22__636432cc.npz,2023-01-05-18,0,85,-1,37,CEPDL,CEPDL|I4|URXL|ADLL|M1,26,CEPDL,0.25,0.1,0.01,-1,0,0,0.0,0
atanas,0,deterministic,FUGW (G+A; official),test,2023-01-19-22,50,I1L,/home/ubuntu/klb/nuclr/nuclr/Data/Atanas_SF_unified_000776/cv5_grouped_v1/fold_0/test/train__2023-01-19-22__636432cc.npz,2023-01-05-18,1,85,14,20,I1L,I1L|I2L|NSML|URAVL|MCL,14,I1L,0.25,0.1,0.01,1,1,1,1.0,1
atanas,0,deterministic,FUGW (G+A; official),test,2023-01-19-22,53,RMDVL,/home/ubuntu/klb/nuclr/nuclr/Data/Atanas_SF_unified_000776/cv5_grouped_v1/fold_0/test/train__2023-01-19-22__636432cc.npz,2023-01-05-18,1,85,65,88,RMDVL,RMDVL|IL2L|URBL|AWBL|URYDL,65,RMDVL,0.25,0.1,0.01,1,1,1,1.0,1
atanas,0,deterministic,FUGW (G+A; official),test,2023-01-19-22,54,CEPDR,/home/ubuntu/klb/nuclr/nuclr/Data/Atanas_SF_unified_000776/cv5_grouped_v1/fold_0/test/train__2023-01-19-22__636432cc.npz,2023-01-05-18,1,85,36,54,CEPDR,CEPDR|URXR|URYDR|URADR|OLQDR,47,URYDR,0.25,0.1,0.01,1,1,1,1.0,0
atanas,0,deterministic,FUGW (G+A; official),test,2023-01-19-22,56,FLPL,/home/ubuntu/klb/nuclr/nuclr/Data/Atanas_SF_unified_000776/cv5_grouped_v1/fold_0/test/train__2023-01-19-22__636432cc.npz,2023-01-05-18,1,85,13,98,I6,I6|AVJL|AVHL|ASEL|AIZL,77,AVHL,0.25,0.1,0.01,7,0,0,0.14285714285714285,0
atanas,0,deterministic,FUGW (G+A; official),test,2023-01-19-22,58,AWBL,/home/ubuntu/klb/nuclr/nuclr/Data/Atanas_SF_unified_000776/cv5_grouped_v1/fold_0/test/train__2023-01-19-22__636432cc.npz,2023-01-05-18,1,85,67,87,SMDVL,SMDVL|CEPDL|RIVL|RMDVL|AWBL,64,SMDVL,0.25,0.1,0.01,5,0,1,0.2,0
atanas,0,deterministic,FUGW (G+A; official),test,2023-01-19-22,60,AWAL,/home/ubuntu/klb/nuclr/nuclr/Data/Atanas_SF_unified_000776/cv5_grouped_v1/fold_0/test/train__2023-01-19-22__636432cc.npz,2023-01-05-18,1,85,10,0,AVAL,AVAL|SMDVL|SAAVL|RIVL|ASIL,10,AWAL,0.25,0.1,0.01,6,0,0,0.16666666666666666,1
atanas,0,deterministic,FUGW (G+A; official),test,2023-01-19-22,62,NSMR,/home/ubuntu/klb/nuclr/nuclr/Data/Atanas_SF_unified_000776/cv5_grouped_v1/fold_0/test/train__2023-01-19-22__636432cc.npz,2023-01-05-18,1,85,8,27,IL2VR,IL2VR|I2R|NSMR|I1R|M3R,8,NSMR,0.25,0.1,0.01,3,0,1,0.3333333333333333,1
atanas,0,deterministic,FUGW (G+A; official),test,2023-01-19-22,63,I3,/home/ubuntu/klb/nuclr/nuclr/Data/Atanas_SF_unified_000776/cv5_grouped_v1/fold_0/test/train__2023-01-19-22__636432cc.npz,2023-01-05-18,1,85,18,36,MCL,MCL|I1L|M3L|IL2DL|NSML,9,M3L,0.25,0.1,0.01,6,0,0,0.16666666666666666,0
atanas,0,deterministic,FUGW (G+A; official),test,2023-01-19-22,64,AVAR,/home/ubuntu/klb/nuclr/nuclr/Data/Atanas_SF_unified_000776/cv5_grouped_v1/fold_0/test/train__2023-01-19-22__636432cc.npz,2023-01-05-18,1,85,20,106,ASER,ASER|AVAR|RMDVR|AIBR|AVER,75,ASER,0.25,0.1,0.01,2,0,1,0.5,0
atanas,0,deterministic,FUGW (G+A; official),test,2023-01-19-22,65,AVJL,/home/ubuntu/klb/nuclr/nuclr/Data/Atanas_SF_unified_000776/cv5_grouped_v1/fold_0/test/train__2023-01-19-22__636432cc.npz,2023-01-05-18,1,85,44,37,CEPDL,CEPDL|RIAL|URXL|RIVL|SMDVL,16,RIAL,0.25,0.1,0.01,20,0,0,0.05,0
atanas,0,deterministic,FUGW (G+A; official),test,2023-01-19-22,67,URXL,/home/ubuntu/klb/nuclr/nuclr/Data/Atanas_SF_unified_000776/cv5_grouped_v1/fold_0/test/train__2023-01-19-22__636432cc.npz,2023-01-05-18,1,85,38,59,OLQDL,OLQDL|IL1DL|URXL|URADL|IL1DR,51,IL1DL,0.25,0.1,0.01,3,0,1,0.3333333333333333,0
atanas,0,deterministic,FUGW (G+A; official),test,2023-01-19-22,68,OLQVL,/home/ubuntu/klb/nuclr/nuclr/Data/Atanas_SF_unified_000776/cv5_grouped_v1/fold_0/test/train__2023-01-19-22__636432cc.npz,2023-01-05-18,1,85,5,79,IL2L,IL2L|URYVL|IL1L|OLQVL|URBL,-1,,0.25,0.1,0.01,4,0,1,0.25,0
atanas,0,deterministic,FUGW (G+A; official),test,2023-01-19-22,71,RMDR,/home/ubuntu/klb/nuclr/nuclr/Data/Atanas_SF_unified_000776/cv5_grouped_v1/fold_0/test/train__2023-01-19-22__636432cc.npz,2023-01-05-18,0,85,-1,76,AIBR,AIBR|AVAR|RMDVR|AVER|RMEV,20,AVAR,0.25,0.1,0.01,-1,0,0,0.0,0
atanas,0,deterministic,FUGW (G+A; official),test,2023-01-19-22,72,AWCR,/home/ubuntu/klb/nuclr/nuclr/Data/Atanas_SF_unified_000776/cv5_grouped_v1/fold_0/test/train__2023-01-19-22__636432cc.npz,2023-01-05-18,0,85,-1,121,RMDVR,RMDVR|AVJR|AVAR|AVDR|AIZR,2,AVDR,0.25,0.1,0.01,-1,0,0,0.0,0
atanas,0,deterministic,FUGW (G+A; official),test,2023-01-19-22,76,OLQDL,/home/ubuntu/klb/nuclr/nuclr/Data/Atanas_SF_unified_000776/cv5_grouped_v1/fold_0/test/train__2023-01-19-22__636432cc.npz,2023-01-05-18,1,85,39,71,MI,MI|M4|I3|URADL|IL2DL,7,M4,0.25,0.1,0.01,9,0,0,0.1111111111111111,0
atanas,0,deterministic,FUGW (G+A; official),test,2023-01-19-22,77,AIMR,/home/ubuntu/klb/nuclr/nuclr/Data/Atanas_SF_unified_000776/cv5_grouped_v1/fold_0/test/train__2023-01-19-22__636432cc.npz,2023-01-05-18,0,85,-1,113,RMDDL,RMDDL|AVL|FLPR|ADER|AIBR,23,AVL,0.25,0.1,0.01,-1,0,0,0.0,0
atanas,0,deterministic,FUGW (G+A; official),test,2023-01-19-22,79,OLQVR,/home/ubuntu/klb/nuclr/nuclr/Data/Atanas_SF_unified_000776/cv5_grouped_v1/fold_0/test/train__2023-01-19-22__636432cc.npz,2023-01-05-18,1,85,81,35,M3R,M3R|NSMR|OLQVR|I2R|IL2R,-1,,0.25,0.1,0.01,3,0,1,0.3333333333333333,0
atanas,0,deterministic,FUGW (G+A; official),test,2023-01-19-22,80,AVAL,/home/ubuntu/klb/nuclr/nuclr/Data/Atanas_SF_unified_000776/cv5_grouped_v1/fold_0/test/train__2023-01-19-22__636432cc.npz,2023-01-05-18,1,85,0,0,AVAL,AVAL|SAAVL|SMDVL|URYDL|AWAL,72,SAAVL,0.25,0.1,0.01,1,1,1,1.0,0
atanas,0,deterministic,FUGW (G+A; official),test,2023-01-19-22,81,ADAL,/home/ubuntu/klb/nuclr/nuclr/Data/Atanas_SF_unified_000776/cv5_grouped_v1/fold_0/test/train__2023-01-19-22__636432cc.npz,2023-01-05-18,0,85,-1,98,I6,I6|FLPL|AVJL|AIZL|RICL,69,I6,0.25,0.1,0.01,-1,0,0,0.0,0
atanas,0,deterministic,FUGW (G+A; official),test,2023-01-19-22,82,URBL,/home/ubuntu/klb/nuclr/nuclr/Data/Atanas_SF_unified_000776/cv5_grouped_v1/fold_0/test/train__2023-01-19-22__636432cc.npz,2023-01-05-18,1,85,11,79,IL2L,IL2L|IL1L|URBL|I2L|URYVL,37,IL1L,0.25,0.1,0.01,3,0,1,0.3333333333333333,0
atanas,0,deterministic,FUGW (G+A; official),test,2023-01-19-22,83,AWBR,/home/ubuntu/klb/nuclr/nuclr/Data/Atanas_SF_unified_000776/cv5_grouped_v1/fold_0/test/train__2023-01-19-22__636432cc.npz,2023-01-05-18,1,85,74,54,CEPDR,CEPDR|RIVR|AWBR|ADLR|RIAR,60,RIAR,0.25,0.1,0.01,3,0,1,0.3333333333333333,0
atanas,0,deterministic,FUGW (G+A; official),test,2023-01-19-22,84,ADER,/home/ubuntu/klb/nuclr/nuclr/Data/Atanas_SF_unified_000776/cv5_grouped_v1/fold_0/test/train__2023-01-19-22__636432cc.npz,2023-01-05-18,1,85,35,38,AINR,AINR|ADER|AVDR|FLPR|AIZR,35,ADER,0.25,0.1,0.01,2,0,1,0.5,1
atanas,0,deterministic,FUGW (G+A; official),test,2023-01-19-22,85,RIVL,/home/ubuntu/klb/nuclr/nuclr/Data/Atanas_SF_unified_000776/cv5_grouped_v1/fold_0/test/train__2023-01-19-22__636432cc.npz,2023-01-05-18,1,85,17,73,M1,M1|I4|URXL|ADLL|CEPDL,52,M1,0.25,0.1,0.01,11,0,0,0.09090909090909091,0
atanas,0,deterministic,FUGW (G+A; official),test,2023-01-19-22,87,RIAR,/home/ubuntu/klb/nuclr/nuclr/Data/Atanas_SF_unified_000776/cv5_grouped_v1/fold_0/test/train__2023-01-19-22__636432cc.npz,2023-01-05-18,1,85,60,68,URYDR,URYDR|OLLR|OLQDR|RIAR|URADR,-1,,0.25,0.1,0.01,4,0,1,0.25,0
atanas,0,deterministic,FUGW (G+A; official),test,2023-01-19-22,88,RICL,/home/ubuntu/klb/nuclr/nuclr/Data/Atanas_SF_unified_000776/cv5_grouped_v1/fold_0/test/train__2023-01-19-22__636432cc.npz,2023-01-05-18,1,85,58,18,FLPL,FLPL|AIZL|I6|AVJL|RICL,78,AIZL,0.25,0.1,0.01,5,0,1,0.2,0
atanas,0,deterministic,FUGW (G+A; official),test,2023-01-19-22,89,AVDL,/home/ubuntu/klb/nuclr/nuclr/Data/Atanas_SF_unified_000776/cv5_grouped_v1/fold_0/test/train__2023-01-19-22__636432cc.npz,2023-01-05-18,0,85,-1,37,CEPDL,CEPDL|RIVL|SMDVL|RIAL|ASIL,17,RIVL,0.25,0.1,0.01,-1,0,0,0.0,0
atanas,0,deterministic,FUGW (G+A; official),test,2023-01-19-22,92,M3L,/home/ubuntu/klb/nuclr/nuclr/Data/Atanas_SF_unified_000776/cv5_grouped_v1/fold_0/test/train__2023-01-19-22__636432cc.npz,2023-01-05-18,1,85,9,3,URAVL,URAVL|NSML|M3L|IL2VL|I2L,1,URAVL,0.25,0.1,0.01,3,0,1,0.3333333333333333,0
atanas,0,deterministic,FUGW (G+A; official),test,2023-01-19-22,93,IL1R,/home/ubuntu/klb/nuclr/nuclr/Data/Atanas_SF_unified_000776/cv5_grouped_v1/fold_0/test/train__2023-01-19-22__636432cc.npz,2023-01-05-18,0,85,-1,60,IL2R,IL2R|URBR|OLQVR|M3R|NSMR,40,IL2R,0.25,0.1,0.01,-1,0,0,0.0,0
atanas,0,deterministic,FUGW (G+A; official),test,2023-01-19-22,94,I1R,/home/ubuntu/klb/nuclr/nuclr/Data/Atanas_SF_unified_000776/cv5_grouped_v1/fold_0/test/train__2023-01-19-22__636432cc.npz,2023-01-05-18,1,85,59,27,IL2VR,IL2VR|I1R|I1L|I2R|MCL,19,IL2VR,0.25,0.1,0.01,2,0,1,0.5,0
atanas,0,deterministic,FUGW (G+A; official),test,2023-01-19-22,95,URYDL,/home/ubuntu/klb/nuclr/nuclr/Data/Atanas_SF_unified_000776/cv5_grouped_v1/fold_0/test/train__2023-01-19-22__636432cc.npz,2023-01-05-18,1,85,32,77,IL2DL,IL2DL|URADL|OLLL|URYDL|IL1DL,48,URADL,0.25,0.1,0.01,4,0,1,0.25,0
atanas,0,deterministic,FUGW (G+A; official),test,2023-01-19-22,96,IL1L,/home/ubuntu/klb/nuclr/nuclr/Data/Atanas_SF_unified_000776/cv5_grouped_v1/fold_0/test/train__2023-01-19-22__636432cc.npz,2023-01-05-18,1,85,37,79,IL2L,IL2L|I2L|NSML|IL1L|URBL,57,IL2L,0.25,0.1,0.01,4,0,1,0.25,0
atanas,0,deterministic,FUGW (G+A; official),test,2023-01-19-22,97,M3R,/home/ubuntu/klb/nuclr/nuclr/Data/Atanas_SF_unified_000776/cv5_grouped_v1/fold_0/test/train__2023-01-19-22__636432cc.npz,2023-01-05-18,1,85,24,11,NSMR,NSMR|M3R|I2R|I1R|IL2VR,-1,,0.25,0.1,0.01,2,0,1,0.5,0
atanas,0,deterministic,FUGW (G+A; official),test,2023-01-19-22,99,RMEL,/home/ubuntu/klb/nuclr/nuclr/Data/Atanas_SF_unified_000776/cv5_grouped_v1/fold_0/test/train__2023-01-19-22__636432cc.npz,2023-01-05-18,0,85,-1,79,IL2L,IL2L|URBL|IL1L|RMDVL|OLLL,11,URBL,0.25,0.1,0.01,-1,0,0,0.0,0
atanas,0,deterministic,FUGW (G+A; official),test,2023-01-19-22,100,MI,/home/ubuntu/klb/nuclr/nuclr/Data/Atanas_SF_unified_000776/cv5_grouped_v1/fold_0/test/train__2023-01-19-22__636432cc.npz,2023-01-05-18,1,85,50,20,I1L,I1L|MCL|NSML|I2L|IL2DL,25,MCL,0.25,0.1,0.01,8,0,0,0.125,0
atanas,0,deterministic,FUGW (G+A; official),test,2023-01-19-22,101,I2R,/home/ubuntu/klb/nuclr/nuclr/Data/Atanas_SF_unified_000776/cv5_grouped_v1/fold_0/test/train__2023-01-19-22__636432cc.npz,2023-01-05-18,1,85,53,27,IL2VR,IL2VR|I2R|NSMR|I1R|M3R,53,I2R,0.25,0.1,0.01,2,0,1,0.5,1
atanas,0,deterministic,FUGW (G+A; official),test,2023-01-19-22,104,M4,/home/ubuntu/klb/nuclr/nuclr/Data/Atanas_SF_unified_000776/cv5_grouped_v1/fold_0/test/train__2023-01-19-22__636432cc.npz,2023-01-05-18,1,85,7,36,MCL,MCL|M3L|MI|I3|M4,33,IL2VL,0.25,0.1,0.01,5,0,1,0.2,0
atanas,0,deterministic,FUGW (G+A; official),test,2023-01-19-22,105,IL1DR,/home/ubuntu/klb/nuclr/nuclr/Data/Atanas_SF_unified_000776/cv5_grouped_v1/fold_0/test/train__2023-01-19-22__636432cc.npz,2023-01-05-18,1,85,42,26,I3,I3|MI|M4|IL2DR|IL2DL,18,I3,0.25,0.1,0.01,6,0,0,0.16666666666666666,0
atanas,0,deterministic,FUGW (G+A; official),test,2023-01-19-22,111,URYDR,/home/ubuntu/klb/nuclr/nuclr/Data/Atanas_SF_unified_000776/cv5_grouped_v1/fold_0/test/train__2023-01-19-22__636432cc.npz,2023-01-05-18,1,85,47,5,IL2DR,IL2DR|URADR|IL1DR|IL2R|OLLR,3,IL2DR,0.25,0.1,0.01,6,0,0,0.16666666666666666,0
atanas,0,deterministic,FUGW (G+A; official),test,2023-01-19-22,113,RMEV,/home/ubuntu/klb/nuclr/nuclr/Data/Atanas_SF_unified_000776/cv5_grouped_v1/fold_0/test/train__2023-01-19-22__636432cc.npz,2023-01-05-18,1,85,82,117,RMEV,RMEV|AVL|OLQVR|CEPVL|IL2VL,-1,,0.25,0.1,0.01,1,1,1,1.0,0
atanas,0,deterministic,FUGW (G+A; official),test,2023-01-19-22,116,CEPVL,/home/ubuntu/klb/nuclr/nuclr/Data/Atanas_SF_unified_000776/cv5_grouped_v1/fold_0/test/train__2023-01-19-22__636432cc.npz,2023-01-05-18,1,85,6,8,CEPVL,CEPVL|URYVL|IL2VL|OLQVL|RMDL,6,CEPVL,0.25,0.1,0.01,1,1,1,1.0,1
atanas,0,deterministic,FUGW (G+A; official),test,2023-01-19-22,120,URBR,/home/ubuntu/klb/nuclr/nuclr/Data/Atanas_SF_unified_000776/cv5_grouped_v1/fold_0/test/train__2023-01-19-22__636432cc.npz,2023-01-05-18,1,85,12,11,NSMR,NSMR|M3R|I2R|IL2R|OLQVR,24,M3R,0.25,0.1,0.01,6,0,0,0.16666666666666666,0
atanas,0,deterministic,FUGW (G+A; official),test,2023-01-19-22,121,AQR,/home/ubuntu/klb/nuclr/nuclr/Data/Atanas_SF_unified_000776/cv5_grouped_v1/fold_0/test/train__2023-01-19-22__636432cc.npz,2023-01-05-18,0,85,-1,52,ADER,ADER|FLPR|AVDR|AIZR|AINR,83,FLPR,0.25,0.1,0.01,-1,0,0,0.0,0
atanas,0,deterministic,FUGW (G+A; official),test,2023-01-19-22,122,ALA,/home/ubuntu/klb/nuclr/nuclr/Data/Atanas_SF_unified_000776/cv5_grouped_v1/fold_0/test/train__2023-01-19-22__636432cc.npz,2023-01-05-18,0,85,-1,91,RID,RID|URXL|URXR|OLQDR|OLQDL,38,URXL,0.25,0.1,0.01,-1,0,0,0.0,0
atanas,0,deterministic,FUGW (G+A; official),test,2023-01-19-22,123,URYVL,/home/ubuntu/klb/nuclr/nuclr/Data/Atanas_SF_unified_000776/cv5_grouped_v1/fold_0/test/train__2023-01-19-22__636432cc.npz,2023-01-05-18,1,85,71,66,I2L,I2L|NSML|IL2L|URYVL|URAVL,71,URYVL,0.25,0.1,0.01,4,0,1,0.25,1
atanas,0,deterministic,FUGW (G+A; official),test,2023-01-19-22,124,I2L,/home/ubuntu/klb/nuclr/nuclr/Data/Atanas_SF_unified_000776/cv5_grouped_v1/fold_0/test/train__2023-01-19-22__636432cc.npz,2023-01-05-18,1,85,45,66,I2L,I2L|NSML|URAVL|I1L|MCL,73,NSML,0.25,0.1,0.01,1,1,1,1.0,0
atanas,0,deterministic,FUGW (G+A; official),test,2023-01-19-22,125,ASER,/home/ubuntu/klb/nuclr/nuclr/Data/Atanas_SF_unified_000776/cv5_grouped_v1/fold_0/test/train__2023-01-19-22__636432cc.npz,2023-01-05-18,1,85,75,85,ADLR,ADLR|RIVR|CEPDR|URXR|AWBR,80,RIVR,0.25,0.1,0.01,9,0,0,0.1111111111111111,0
atanas,0,deterministic,FUGW (G+A; official),test,2023-01-19-22,128,AIBL,/home/ubuntu/klb/nuclr/nuclr/Data/Atanas_SF_unified_000776/cv5_grouped_v1/fold_0/test/train__2023-01-19-22__636432cc.npz,2023-01-05-18,0,85,-1,0,AVAL,AVAL|SAAVL|AWBL|ASGL|SMDVL,61,ASGL,0.25,0.1,0.01,-1,0,0,0.0,0
atanas,0,deterministic,FUGW (G+A; official),test,2023-01-19-22,130,AIZR,/home/ubuntu/klb/nuclr/nuclr/Data/Atanas_SF_unified_000776/cv5_grouped_v1/fold_0/test/train__2023-01-19-22__636432cc.npz,2023-01-05-18,1,85,21,44,AVJR,AVJR|AIZR|RIVR|AWBR|AINR,30,AVJR,0.25,0.1,0.01,2,0,1,0.5,0
atanas,0,deterministic,FUGW (G+A; official),test,2023-01-19-22,131,RID,/home/ubuntu/klb/nuclr/nuclr/Data/Atanas_SF_unified_000776/cv5_grouped_v1/fold_0/test/train__2023-01-19-22__636432cc.npz,2023-01-05-18,1,85,66,91,RID,RID|ADLL|OLQDR|M4|SAAVL,66,RID,0.25,0.1,0.01,1,1,1,1.0,1
atanas,0,deterministic,FUGW (G+A; official),test,2023-01-19-22,132,ASGR,/home/ubuntu/klb/nuclr/nuclr/Data/Atanas_SF_unified_000776/cv5_grouped_v1/fold_0/test/train__2023-01-19-22__636432cc.npz,2023-01-05-18,0,85,-1,85,ADLR,ADLR|CEPDR|RID|RIVR|M1,62,ADLR,0.25,0.1,0.01,-1,0,0,0.0,0
atanas,0,deterministic,FUGW (G+A; official),test,2023-01-19-22,133,AVJR,/home/ubuntu/klb/nuclr/nuclr/Data/Atanas_SF_unified_000776/cv5_grouped_v1/fold_0/test/train__2023-01-19-22__636432cc.npz,2023-01-05-18,1,85,30,73,M1,M1|CEPDR|URXR|I4|RIVR,63,URXR,0.25,0.1,0.01,12,0,0,0.08333333333333333,0
atanas,0,deterministic,FUGW (G+A; official),test,2023-01-19-22,135,RIVR,/home/ubuntu/klb/nuclr/nuclr/Data/Atanas_SF_unified_000776/cv5_grouped_v1/fold_0/test/train__2023-01-19-22__636432cc.npz,2023-01-05-18,1,85,80,73,M1,M1|I4|URXR|RID|URXL,70,I4,0.25,0.1,0.01,9,0,0,0.1111111111111111,0
atanas,0,deterministic,FUGW (G+A; official),test,2023-01-19-22,137,RICR,/home/ubuntu/klb/nuclr/nuclr/Data/Atanas_SF_unified_000776/cv5_grouped_v1/fold_0/test/train__2023-01-19-22__636432cc.npz,2023-01-05-18,0,85,-1,32,AVL,AVL|AVER|AIBR|ASER|AVAR,41,AVER,0.25,0.1,0.01,-1,0,0,0.0,0
atanas,0,deterministic,FUGW (G+A; official),test,2023-01-19-22,138,AWCL,/home/ubuntu/klb/nuclr/nuclr/Data/Atanas_SF_unified_000776/cv5_grouped_v1/fold_0/test/train__2023-01-19-22__636432cc.npz,2023-01-05-18,1,85,54,88,RMDVL,RMDVL|AWBL|ASEL|SMDVL|AVJL,67,AWBL,0.25,0.1,0.01,6,0,0,0.16666666666666666,0
atanas,0,deterministic,FUGW (G+A; official),test,2023-01-19-22,139,ADEL,/home/ubuntu/klb/nuclr/nuclr/Data/Atanas_SF_unified_000776/cv5_grouped_v1/fold_0/test/train__2023-01-19-22__636432cc.npz,2023-01-05-18,0,85,-1,98,I6,I6|AVJL|FLPL|AIZL|AVHL,44,AVJL,0.25,0.1,0.01,-1,0,0,0.0,0
atanas,0,deterministic,FUGW (G+A; official),test,2023-01-19-22,140,AIBR,/home/ubuntu/klb/nuclr/nuclr/Data/Atanas_SF_unified_000776/cv5_grouped_v1/fold_0/test/train__2023-01-19-22__636432cc.npz,2023-01-05-18,1,85,55,61,AVER,AVER|AIBR|AVAR|RMEV|ASER,55,AIBR,0.25,0.1,0.01,2,0,1,0.5,1
atanas,0,deterministic,FUGW (G+A; official),test,2023-01-19-22,141,ASKR,/home/ubuntu/klb/nuclr/nuclr/Data/Atanas_SF_unified_000776/cv5_grouped_v1/fold_0/test/train__2023-01-19-22__636432cc.npz,2023-01-05-18,0,85,-1,105,AWBR,AWBR|RIVR|CEPDR|ADLR|RIAR,74,AWBR,0.25,0.1,0.01,-1,0,0,0.0,0
atanas,0,deterministic,FUGW (G+A; official),test,2023-01-19-22,143,RIR,/home/ubuntu/klb/nuclr/nuclr/Data/Atanas_SF_unified_000776/cv5_grouped_v1/fold_0/test/train__2023-01-19-22__636432cc.npz,2023-01-05-18,0,85,-1,113,RMDDL,RMDDL|AVL|AVEL|AUAL|CEPVL,46,AVEL,0.25,0.1,0.01,-1,0,0,0.0,0
atanas,0,deterministic,FUGW (G+A; official),test,2023-01-19-22,144,RIBL,/home/ubuntu/klb/nuclr/nuclr/Data/Atanas_SF_unified_000776/cv5_grouped_v1/fold_0/test/train__2023-01-19-22__636432cc.npz,2023-01-05-18,0,85,-1,70,AVBL,AVBL|SAAVL|AVAL|ADLL|ASGL,49,AVBL,0.25,0.1,0.01,-1,0,0,0.0,0
atanas,0,deterministic,FUGW (G+A; official),test,2023-01-19-22,145,RMDDL,/home/ubuntu/klb/nuclr/nuclr/Data/Atanas_SF_unified_000776/cv5_grouped_v1/fold_0/test/train__2023-01-19-22__636432cc.npz,2023-01-05-18,1,85,79,96,AUAL,AUAL|AWCL|RMDL|AVEL|CEPVL,4,RMDL,0.25,0.1,0.01,17,0,0,0.058823529411764705,0
atanas,0,deterministic,FUGW (G+A; official),test,2023-01-19-22,147,SAADR,/home/ubuntu/klb/nuclr/nuclr/Data/Atanas_SF_unified_000776/cv5_grouped_v1/fold_0/test/train__2023-01-19-22__636432cc.npz,2023-01-05-18,0,85,-1,32,AVL,AVL|RMEV|RMDDL|OLQVR|CEPVL,82,RMEV,0.25,0.1,0.01,-1,0,0,0.0,0
atanas,0,deterministic,FUGW (G+A; official),test,2023-01-19-22,150,OLQDR,/home/ubuntu/klb/nuclr/nuclr/Data/Atanas_SF_unified_000776/cv5_grouped_v1/fold_0/test/train__2023-01-19-22__636432cc.npz,2023-01-05-18,1,85,43,5,IL2DR,IL2DR|URADR|IL1DR|M4|URYDR,22,URADR,0.25,0.1,0.01,8,0,0,0.125,0
atanas,0,deterministic,FUGW (G+A; official),test,2023-01-19-22,151,IL2VL,/home/ubuntu/klb/nuclr/nuclr/Data/Atanas_SF_unified_000776/cv5_grouped_v1/fold_0/test/train__2023-01-19-22__636432cc.npz,2023-01-05-18,1,85,33,66,I2L,I2L|URAVL|NSML|I1L|MCL,45,I2L,0.25,0.1,0.01,7,0,0,0.14285714285714285,0
atanas,0,deterministic,FUGW (G+A; official),test,2023-01-19-22,152,IL1DL,/home/ubuntu/klb/nuclr/nuclr/Data/Atanas_SF_unified_000776/cv5_grouped_v1/fold_0/test/train__2023-01-19-22__636432cc.npz,2023-01-05-18,1,85,51,77,IL2DL,IL2DL|MI|I3|URADL|IL1DL,50,MI,0.25,0.1,0.01,5,0,1,0.2,0
