query_worm,source_path,node_index,identity,candidate_covered,prediction_slot,prediction_identity,rank,correct,top5_correct,reciprocal_rank,target_probability,dustbin_top1,top1_with_dustbin_correct,hungarian_prediction_slot,hungarian_correct
2023-01-10-07,/home/ubuntu/klb/nuclr/nuclr/Data/Atanas_SF_unified_000776/cv5_grouped_v1/fold_4/test/test__2023-01-10-07__af4d7d2d.npz,0,ASGR,1,24,ASGR,1,1,1,1.0,0.9367411732673645,0,1,24,1
2023-01-10-07,/home/ubuntu/klb/nuclr/nuclr/Data/Atanas_SF_unified_000776/cv5_grouped_v1/fold_4/test/test__2023-01-10-07__af4d7d2d.npz,1,IL2L,1,79,IL2L,1,1,1,1.0,0.9018781781196594,0,1,79,1
2023-01-10-07,/home/ubuntu/klb/nuclr/nuclr/Data/Atanas_SF_unified_000776/cv5_grouped_v1/fold_4/test/test__2023-01-10-07__af4d7d2d.npz,2,RID,1,106,RID,1,1,1,1.0,0.9599563479423523,0,1,106,1
2023-01-10-07,/home/ubuntu/klb/nuclr/nuclr/Data/Atanas_SF_unified_000776/cv5_grouped_v1/fold_4/test/test__2023-01-10-07__af4d7d2d.npz,3,FLPL,1,38,AVDL,15,0,0,0.06666666666666667,1.4989157534728292e-05,1,0,107,0
2023-01-10-07,/home/ubuntu/klb/nuclr/nuclr/Data/Atanas_SF_unified_000776/cv5_grouped_v1/fold_4/test/test__2023-01-10-07__af4d7d2d.npz,5,AVER,1,41,AVER,1,1,1,1.0,0.9533420205116272,0,1,41,1
2023-01-10-07,/home/ubuntu/klb/nuclr/nuclr/Data/Atanas_SF_unified_000776/cv5_grouped_v1/fold_4/test/test__2023-01-10-07__af4d7d2d.npz,7,OLQDR,1,96,OLQDL,3,0,1,0.3333333333333333,0.0003670400765258819,0,0,96,0
2023-01-10-07,/home/ubuntu/klb/nuclr/nuclr/Data/Atanas_SF_unified_000776/cv5_grouped_v1/fold_4/test/test__2023-01-10-07__af4d7d2d.npz,8,SMBDR,1,138,SMBVR,10,0,0,0.1,0.00044789171079173684,0,0,138,0
2023-01-10-07,/home/ubuntu/klb/nuclr/nuclr/Data/Atanas_SF_unified_000776/cv5_grouped_v1/fold_4/test/test__2023-01-10-07__af4d7d2d.npz,9,AIBL,1,9,AIBL,1,1,1,1.0,0.9529275298118591,0,1,9,1
2023-01-10-07,/home/ubuntu/klb/nuclr/nuclr/Data/Atanas_SF_unified_000776/cv5_grouped_v1/fold_4/test/test__2023-01-10-07__af4d7d2d.npz,11,AUAR,1,33,AUAR,1,1,1,1.0,0.8361154198646545,0,1,33,1
2023-01-10-07,/home/ubuntu/klb/nuclr/nuclr/Data/Atanas_SF_unified_000776/cv5_grouped_v1/fold_4/test/test__2023-01-10-07__af4d7d2d.npz,12,M5,1,88,M5,1,1,1,1.0,0.9592334032058716,0,1,88,1
2023-01-10-07,/home/ubuntu/klb/nuclr/nuclr/Data/Atanas_SF_unified_000776/cv5_grouped_v1/fold_4/test/test__2023-01-10-07__af4d7d2d.npz,13,OLQVR,1,154,URYVR,2,0,1,0.5,0.04739028960466385,1,0,99,1
2023-01-10-07,/home/ubuntu/klb/nuclr/nuclr/Data/Atanas_SF_unified_000776/cv5_grouped_v1/fold_4/test/test__2023-01-10-07__af4d7d2d.npz,15,MCL,1,89,MCL,1,1,1,1.0,0.9016157984733582,0,1,89,1
2023-01-10-07,/home/ubuntu/klb/nuclr/nuclr/Data/Atanas_SF_unified_000776/cv5_grouped_v1/fold_4/test/test__2023-01-10-07__af4d7d2d.npz,17,NSML,1,92,NSML,1,1,1,1.0,0.9596753716468811,0,1,92,1
2023-01-10-07,/home/ubuntu/klb/nuclr/nuclr/Data/Atanas_SF_unified_000776/cv5_grouped_v1/fold_4/test/test__2023-01-10-07__af4d7d2d.npz,19,IL2VL,1,81,IL2VL,1,1,1,1.0,0.9588007926940918,0,1,81,1
2023-01-10-07,/home/ubuntu/klb/nuclr/nuclr/Data/Atanas_SF_unified_000776/cv5_grouped_v1/fold_4/test/test__2023-01-10-07__af4d7d2d.npz,21,ASEL,1,21,ASEL,1,1,1,1.0,0.945396363735199,0,1,21,1
2023-01-10-07,/home/ubuntu/klb/nuclr/nuclr/Data/Atanas_SF_unified_000776/cv5_grouped_v1/fold_4/test/test__2023-01-10-07__af4d7d2d.npz,22,OLQDL,1,97,OLQDR,3,0,1,0.3333333333333333,0.013665582053363323,0,0,97,0
2023-01-10-07,/home/ubuntu/klb/nuclr/nuclr/Data/Atanas_SF_unified_000776/cv5_grouped_v1/fold_4/test/test__2023-01-10-07__af4d7d2d.npz,23,AIBR,1,10,AIBR,1,1,1,1.0,0.9581322073936462,0,1,10,1
2023-01-10-07,/home/ubuntu/klb/nuclr/nuclr/Data/Atanas_SF_unified_000776/cv5_grouped_v1/fold_4/test/test__2023-01-10-07__af4d7d2d.npz,25,RIVL,1,114,RIVL,1,1,1,1.0,0.9586947560310364,0,1,114,1
2023-01-10-07,/home/ubuntu/klb/nuclr/nuclr/Data/Atanas_SF_unified_000776/cv5_grouped_v1/fold_4/test/test__2023-01-10-07__af4d7d2d.npz,27,RIVR,1,115,RIVR,1,1,1,1.0,0.9594923853874207,0,1,115,1
2023-01-10-07,/home/ubuntu/klb/nuclr/nuclr/Data/Atanas_SF_unified_000776/cv5_grouped_v1/fold_4/test/test__2023-01-10-07__af4d7d2d.npz,28,AVDR,1,39,AVDR,1,1,1,1.0,0.9584753513336182,0,1,39,1
2023-01-10-07,/home/ubuntu/klb/nuclr/nuclr/Data/Atanas_SF_unified_000776/cv5_grouped_v1/fold_4/test/test__2023-01-10-07__af4d7d2d.npz,29,CEPDL,1,57,CEPDL,1,1,1,1.0,0.9388786554336548,0,1,57,1
2023-01-10-07,/home/ubuntu/klb/nuclr/nuclr/Data/Atanas_SF_unified_000776/cv5_grouped_v1/fold_4/test/test__2023-01-10-07__af4d7d2d.npz,31,I1L,1,63,I1L,1,1,1,1.0,0.9436911344528198,0,1,63,1
2023-01-10-07,/home/ubuntu/klb/nuclr/nuclr/Data/Atanas_SF_unified_000776/cv5_grouped_v1/fold_4/test/test__2023-01-10-07__af4d7d2d.npz,32,RIML,1,110,RIML,1,1,1,1.0,0.952795684337616,0,1,110,1
2023-01-10-07,/home/ubuntu/klb/nuclr/nuclr/Data/Atanas_SF_unified_000776/cv5_grouped_v1/fold_4/test/test__2023-01-10-07__af4d7d2d.npz,33,RMDVL,1,120,RMDVL,1,1,1,1.0,0.9430726170539856,0,1,120,1
2023-01-10-07,/home/ubuntu/klb/nuclr/nuclr/Data/Atanas_SF_unified_000776/cv5_grouped_v1/fold_4/test/test__2023-01-10-07__af4d7d2d.npz,34,VB02,1,155,VB02,1,1,1,1.0,0.9309616684913635,0,1,155,1
2023-01-10-07,/home/ubuntu/klb/nuclr/nuclr/Data/Atanas_SF_unified_000776/cv5_grouped_v1/fold_4/test/test__2023-01-10-07__af4d7d2d.npz,35,URXL,1,149,URXL,1,1,1,1.0,0.94966059923172,0,1,149,1
2023-01-10-07,/home/ubuntu/klb/nuclr/nuclr/Data/Atanas_SF_unified_000776/cv5_grouped_v1/fold_4/test/test__2023-01-10-07__af4d7d2d.npz,36,AWAR,1,50,AWAR,1,1,1,1.0,0.9524282217025757,0,1,50,1
2023-01-10-07,/home/ubuntu/klb/nuclr/nuclr/Data/Atanas_SF_unified_000776/cv5_grouped_v1/fold_4/test/test__2023-01-10-07__af4d7d2d.npz,38,ADLR,1,5,ADLR,1,1,1,1.0,0.8453337550163269,0,1,5,1
2023-01-10-07,/home/ubuntu/klb/nuclr/nuclr/Data/Atanas_SF_unified_000776/cv5_grouped_v1/fold_4/test/test__2023-01-10-07__af4d7d2d.npz,40,URYVL,1,153,URYVL,1,1,1,1.0,0.9592617750167847,0,1,153,1
2023-01-10-07,/home/ubuntu/klb/nuclr/nuclr/Data/Atanas_SF_unified_000776/cv5_grouped_v1/fold_4/test/test__2023-01-10-07__af4d7d2d.npz,41,ADAL,1,0,ADAL,1,1,1,1.0,0.9605571627616882,0,1,0,1
2023-01-10-07,/home/ubuntu/klb/nuclr/nuclr/Data/Atanas_SF_unified_000776/cv5_grouped_v1/fold_4/test/test__2023-01-10-07__af4d7d2d.npz,42,CEPDR,1,58,CEPDR,1,1,1,1.0,0.9252090454101562,0,1,58,1
2023-01-10-07,/home/ubuntu/klb/nuclr/nuclr/Data/Atanas_SF_unified_000776/cv5_grouped_v1/fold_4/test/test__2023-01-10-07__af4d7d2d.npz,43,IL2DR,1,78,IL2DR,1,1,1,1.0,0.9590271711349487,0,1,78,1
2023-01-10-07,/home/ubuntu/klb/nuclr/nuclr/Data/Atanas_SF_unified_000776/cv5_grouped_v1/fold_4/test/test__2023-01-10-07__af4d7d2d.npz,45,AVAL,1,34,AVAL,1,1,1,1.0,0.7019936442375183,0,1,34,1
2023-01-10-07,/home/ubuntu/klb/nuclr/nuclr/Data/Atanas_SF_unified_000776/cv5_grouped_v1/fold_4/test/test__2023-01-10-07__af4d7d2d.npz,48,AWAL,1,49,AWAL,1,1,1,1.0,0.7156211733818054,0,1,49,1
2023-01-10-07,/home/ubuntu/klb/nuclr/nuclr/Data/Atanas_SF_unified_000776/cv5_grouped_v1/fold_4/test/test__2023-01-10-07__af4d7d2d.npz,49,IL1R,1,74,IL1R,1,1,1,1.0,0.9417123794555664,0,1,74,1
2023-01-10-07,/home/ubuntu/klb/nuclr/nuclr/Data/Atanas_SF_unified_000776/cv5_grouped_v1/fold_4/test/test__2023-01-10-07__af4d7d2d.npz,50,AVDL,1,38,AVDL,1,1,1,1.0,0.8433457016944885,0,1,38,1
2023-01-10-07,/home/ubuntu/klb/nuclr/nuclr/Data/Atanas_SF_unified_000776/cv5_grouped_v1/fold_4/test/test__2023-01-10-07__af4d7d2d.npz,53,IL1L,1,73,IL1L,1,1,1,1.0,0.9539495706558228,0,1,73,1
2023-01-10-07,/home/ubuntu/klb/nuclr/nuclr/Data/Atanas_SF_unified_000776/cv5_grouped_v1/fold_4/test/test__2023-01-10-07__af4d7d2d.npz,55,I2L,1,65,I2L,1,1,1,1.0,0.9598808884620667,0,1,65,1
2023-01-10-07,/home/ubuntu/klb/nuclr/nuclr/Data/Atanas_SF_unified_000776/cv5_grouped_v1/fold_4/test/test__2023-01-10-07__af4d7d2d.npz,56,I2R,1,66,I2R,1,1,1,1.0,0.959804892539978,0,1,66,1
2023-01-10-07,/home/ubuntu/klb/nuclr/nuclr/Data/Atanas_SF_unified_000776/cv5_grouped_v1/fold_4/test/test__2023-01-10-07__af4d7d2d.npz,58,NSMR,1,93,NSMR,1,1,1,1.0,0.9407734870910645,0,1,93,1
2023-01-10-07,/home/ubuntu/klb/nuclr/nuclr/Data/Atanas_SF_unified_000776/cv5_grouped_v1/fold_4/test/test__2023-01-10-07__af4d7d2d.npz,59,ASGL,1,23,ASGL,1,1,1,1.0,0.9502335786819458,0,1,23,1
2023-01-10-07,/home/ubuntu/klb/nuclr/nuclr/Data/Atanas_SF_unified_000776/cv5_grouped_v1/fold_4/test/test__2023-01-10-07__af4d7d2d.npz,62,IL2R,1,80,IL2R,1,1,1,1.0,0.3349767029285431,0,1,80,1
2023-01-10-07,/home/ubuntu/klb/nuclr/nuclr/Data/Atanas_SF_unified_000776/cv5_grouped_v1/fold_4/test/test__2023-01-10-07__af4d7d2d.npz,63,AVEL,1,40,AVEL,1,1,1,1.0,0.9010141491889954,0,1,40,1
2023-01-10-07,/home/ubuntu/klb/nuclr/nuclr/Data/Atanas_SF_unified_000776/cv5_grouped_v1/fold_4/test/test__2023-01-10-07__af4d7d2d.npz,65,SAADR,1,126,RMFL,46,0,0,0.021739130434782608,3.3933886811610137e-09,0,0,126,0
2023-01-10-07,/home/ubuntu/klb/nuclr/nuclr/Data/Atanas_SF_unified_000776/cv5_grouped_v1/fold_4/test/test__2023-01-10-07__af4d7d2d.npz,72,AINL,1,14,AINR,27,0,0,0.037037037037037035,3.371005163899099e-08,0,0,14,0
2023-01-10-07,/home/ubuntu/klb/nuclr/nuclr/Data/Atanas_SF_unified_000776/cv5_grouped_v1/fold_4/test/test__2023-01-10-07__af4d7d2d.npz,74,CEPVL,1,59,CEPVL,1,1,1,1.0,0.8422112464904785,0,1,59,1
2023-01-10-07,/home/ubuntu/klb/nuclr/nuclr/Data/Atanas_SF_unified_000776/cv5_grouped_v1/fold_4/test/test__2023-01-10-07__af4d7d2d.npz,75,RMDL,1,118,RMDL,1,1,1,1.0,0.8599640130996704,0,1,118,1
2023-01-10-07,/home/ubuntu/klb/nuclr/nuclr/Data/Atanas_SF_unified_000776/cv5_grouped_v1/fold_4/test/test__2023-01-10-07__af4d7d2d.npz,76,RICL,1,104,RICL,1,1,1,1.0,0.4865263104438782,0,1,104,1
2023-01-10-07,/home/ubuntu/klb/nuclr/nuclr/Data/Atanas_SF_unified_000776/cv5_grouped_v1/fold_4/test/test__2023-01-10-07__af4d7d2d.npz,77,AVL,1,139,SMDDL,7,0,0,0.14285714285714285,0.001429664553143084,0,0,139,0
2023-01-10-07,/home/ubuntu/klb/nuclr/nuclr/Data/Atanas_SF_unified_000776/cv5_grouped_v1/fold_4/test/test__2023-01-10-07__af4d7d2d.npz,78,AVJL,1,44,AVJL,1,1,1,1.0,0.9296056628227234,0,1,44,1
2023-01-10-07,/home/ubuntu/klb/nuclr/nuclr/Data/Atanas_SF_unified_000776/cv5_grouped_v1/fold_4/test/test__2023-01-10-07__af4d7d2d.npz,82,RMEL,1,123,RMEL,1,1,1,1.0,0.9155600666999817,0,1,123,1
2023-01-10-07,/home/ubuntu/klb/nuclr/nuclr/Data/Atanas_SF_unified_000776/cv5_grouped_v1/fold_4/test/test__2023-01-10-07__af4d7d2d.npz,83,CEPVR,1,60,CEPVR,1,1,1,1.0,0.8139258623123169,0,1,60,1
2023-01-10-07,/home/ubuntu/klb/nuclr/nuclr/Data/Atanas_SF_unified_000776/cv5_grouped_v1/fold_4/test/test__2023-01-10-07__af4d7d2d.npz,84,SMDVL,1,142,SMDVR,2,0,1,0.5,0.006135862320661545,0,0,142,0
2023-01-10-07,/home/ubuntu/klb/nuclr/nuclr/Data/Atanas_SF_unified_000776/cv5_grouped_v1/fold_4/test/test__2023-01-10-07__af4d7d2d.npz,85,ADER,1,3,ADER,1,1,1,1.0,0.5821333527565002,0,1,3,1
2023-01-10-07,/home/ubuntu/klb/nuclr/nuclr/Data/Atanas_SF_unified_000776/cv5_grouped_v1/fold_4/test/test__2023-01-10-07__af4d7d2d.npz,86,ASER,1,22,ASER,1,1,1,1.0,0.9469465613365173,0,1,22,1
2023-01-10-07,/home/ubuntu/klb/nuclr/nuclr/Data/Atanas_SF_unified_000776/cv5_grouped_v1/fold_4/test/test__2023-01-10-07__af4d7d2d.npz,88,AUAL,1,32,AUAL,1,1,1,1.0,0.5813360810279846,0,1,32,1
2023-01-10-07,/home/ubuntu/klb/nuclr/nuclr/Data/Atanas_SF_unified_000776/cv5_grouped_v1/fold_4/test/test__2023-01-10-07__af4d7d2d.npz,89,IL1DR,1,72,IL1DR,1,1,1,1.0,0.9568619728088379,0,1,72,1
2023-01-10-07,/home/ubuntu/klb/nuclr/nuclr/Data/Atanas_SF_unified_000776/cv5_grouped_v1/fold_4/test/test__2023-01-10-07__af4d7d2d.npz,90,RMDDL,1,116,RMDDL,1,1,1,1.0,0.9411898255348206,0,1,116,1
2023-01-10-07,/home/ubuntu/klb/nuclr/nuclr/Data/Atanas_SF_unified_000776/cv5_grouped_v1/fold_4/test/test__2023-01-10-07__af4d7d2d.npz,91,RICR,1,105,RICR,1,1,1,1.0,0.9423978924751282,0,1,105,1
2023-01-10-07,/home/ubuntu/klb/nuclr/nuclr/Data/Atanas_SF_unified_000776/cv5_grouped_v1/fold_4/test/test__2023-01-10-07__af4d7d2d.npz,92,RMER,1,124,RMER,1,1,1,1.0,0.955247700214386,0,1,124,1
2023-01-10-07,/home/ubuntu/klb/nuclr/nuclr/Data/Atanas_SF_unified_000776/cv5_grouped_v1/fold_4/test/test__2023-01-10-07__af4d7d2d.npz,94,RMDDR,1,117,RMDDR,1,1,1,1.0,0.9327995777130127,0,1,117,1
2023-01-10-07,/home/ubuntu/klb/nuclr/nuclr/Data/Atanas_SF_unified_000776/cv5_grouped_v1/fold_4/test/test__2023-01-10-07__af4d7d2d.npz,95,RMDVR,1,121,RMDVR,1,1,1,1.0,0.9588611125946045,0,1,121,1
2023-01-10-07,/home/ubuntu/klb/nuclr/nuclr/Data/Atanas_SF_unified_000776/cv5_grouped_v1/fold_4/test/test__2023-01-10-07__af4d7d2d.npz,96,AQR,1,20,AQR,1,1,1,1.0,0.8873320817947388,0,1,20,1
2023-01-10-07,/home/ubuntu/klb/nuclr/nuclr/Data/Atanas_SF_unified_000776/cv5_grouped_v1/fold_4/test/test__2023-01-10-07__af4d7d2d.npz,97,OLQVL,1,98,OLQVL,1,1,1,1.0,0.9332867860794067,0,1,98,1
2023-01-10-07,/home/ubuntu/klb/nuclr/nuclr/Data/Atanas_SF_unified_000776/cv5_grouped_v1/fold_4/test/test__2023-01-10-07__af4d7d2d.npz,98,AWBL,1,51,AWBL,1,1,1,1.0,0.9492059946060181,0,1,51,1
2023-01-10-07,/home/ubuntu/klb/nuclr/nuclr/Data/Atanas_SF_unified_000776/cv5_grouped_v1/fold_4/test/test__2023-01-10-07__af4d7d2d.npz,99,URBL,1,147,URBL,1,1,1,1.0,0.9020630717277527,0,1,147,1
2023-01-10-07,/home/ubuntu/klb/nuclr/nuclr/Data/Atanas_SF_unified_000776/cv5_grouped_v1/fold_4/test/test__2023-01-10-07__af4d7d2d.npz,100,URYVR,1,154,URYVR,1,1,1,1.0,0.8142262697219849,0,1,154,1
2023-01-10-07,/home/ubuntu/klb/nuclr/nuclr/Data/Atanas_SF_unified_000776/cv5_grouped_v1/fold_4/test/test__2023-01-10-07__af4d7d2d.npz,105,RIH,1,109,RIH,1,1,1,1.0,0.608635425567627,0,1,109,1
2023-01-10-07,/home/ubuntu/klb/nuclr/nuclr/Data/Atanas_SF_unified_000776/cv5_grouped_v1/fold_4/test/test__2023-01-10-07__af4d7d2d.npz,107,RIBL,1,102,RIBL,1,1,1,1.0,0.9589928388595581,0,1,102,1
2023-01-10-07,/home/ubuntu/klb/nuclr/nuclr/Data/Atanas_SF_unified_000776/cv5_grouped_v1/fold_4/test/test__2023-01-10-07__af4d7d2d.npz,109,AVBR,1,37,AVBR,1,1,1,1.0,0.4746326506137848,0,1,37,1
2023-01-10-07,/home/ubuntu/klb/nuclr/nuclr/Data/Atanas_SF_unified_000776/cv5_grouped_v1/fold_4/test/test__2023-01-10-07__af4d7d2d.npz,110,M3R,1,86,M3R,1,1,1,1.0,0.8073920011520386,0,1,86,1
2023-01-10-07,/home/ubuntu/klb/nuclr/nuclr/Data/Atanas_SF_unified_000776/cv5_grouped_v1/fold_4/test/test__2023-01-10-07__af4d7d2d.npz,111,AWBR,1,52,AWBR,1,1,1,1.0,0.6750839948654175,0,1,52,1
2023-01-10-07,/home/ubuntu/klb/nuclr/nuclr/Data/Atanas_SF_unified_000776/cv5_grouped_v1/fold_4/test/test__2023-01-10-07__af4d7d2d.npz,114,AVJR,1,45,AVJR,1,1,1,1.0,0.9603272080421448,0,1,45,1
2023-01-10-07,/home/ubuntu/klb/nuclr/nuclr/Data/Atanas_SF_unified_000776/cv5_grouped_v1/fold_4/test/test__2023-01-10-07__af4d7d2d.npz,116,OLLR,1,95,OLLR,1,1,1,1.0,0.9490318298339844,0,1,95,1
2023-01-10-07,/home/ubuntu/klb/nuclr/nuclr/Data/Atanas_SF_unified_000776/cv5_grouped_v1/fold_4/test/test__2023-01-10-07__af4d7d2d.npz,117,I1R,1,64,I1R,1,1,1,1.0,0.9491608142852783,0,1,64,1
2023-01-10-07,/home/ubuntu/klb/nuclr/nuclr/Data/Atanas_SF_unified_000776/cv5_grouped_v1/fold_4/test/test__2023-01-10-07__af4d7d2d.npz,118,RIR,1,15,AIYL,61,0,0,0.01639344262295082,5.176263064010644e-13,0,0,16,0
2023-01-10-07,/home/ubuntu/klb/nuclr/nuclr/Data/Atanas_SF_unified_000776/cv5_grouped_v1/fold_4/test/test__2023-01-10-07__af4d7d2d.npz,119,URYDL,1,151,URYDL,1,1,1,1.0,0.9515589475631714,0,1,151,1
2023-01-10-07,/home/ubuntu/klb/nuclr/nuclr/Data/Atanas_SF_unified_000776/cv5_grouped_v1/fold_4/test/test__2023-01-10-07__af4d7d2d.npz,121,OLLL,1,94,OLLL,1,1,1,1.0,0.9520387053489685,0,1,94,1
2023-01-10-07,/home/ubuntu/klb/nuclr/nuclr/Data/Atanas_SF_unified_000776/cv5_grouped_v1/fold_4/test/test__2023-01-10-07__af4d7d2d.npz,124,AIZL,1,17,AIZL,1,1,1,1.0,0.9590907096862793,0,1,17,1
2023-01-10-07,/home/ubuntu/klb/nuclr/nuclr/Data/Atanas_SF_unified_000776/cv5_grouped_v1/fold_4/test/test__2023-01-10-07__af4d7d2d.npz,126,M3L,1,85,M3L,1,1,1,1.0,0.937778890132904,0,1,85,1
2023-01-10-07,/home/ubuntu/klb/nuclr/nuclr/Data/Atanas_SF_unified_000776/cv5_grouped_v1/fold_4/test/test__2023-01-10-07__af4d7d2d.npz,127,RMGL,1,127,RMGL,1,1,1,1.0,0.9366429448127747,0,1,127,1
2023-01-10-07,/home/ubuntu/klb/nuclr/nuclr/Data/Atanas_SF_unified_000776/cv5_grouped_v1/fold_4/test/test__2023-01-10-07__af4d7d2d.npz,128,IL2VR,1,82,IL2VR,1,1,1,1.0,0.9542598128318787,0,1,82,1
2023-01-10-07,/home/ubuntu/klb/nuclr/nuclr/Data/Atanas_SF_unified_000776/cv5_grouped_v1/fold_4/test/test__2023-01-10-07__af4d7d2d.npz,129,AWCR,1,54,AWCR,1,1,1,1.0,0.9506328701972961,0,1,54,1
2023-01-10-07,/home/ubuntu/klb/nuclr/nuclr/Data/Atanas_SF_unified_000776/cv5_grouped_v1/fold_4/test/test__2023-01-10-07__af4d7d2d.npz,130,SMDVR,1,141,SMDVL,15,0,0,0.06666666666666667,1.6761822152489003e-08,0,0,141,0
2023-01-10-07,/home/ubuntu/klb/nuclr/nuclr/Data/Atanas_SF_unified_000776/cv5_grouped_v1/fold_4/test/test__2023-01-10-07__af4d7d2d.npz,131,URXR,1,150,URXR,1,1,1,1.0,0.8376718163490295,0,1,150,1
2023-01-10-07,/home/ubuntu/klb/nuclr/nuclr/Data/Atanas_SF_unified_000776/cv5_grouped_v1/fold_4/test/test__2023-01-10-07__af4d7d2d.npz,132,AIZR,1,18,AIZR,1,1,1,1.0,0.9561965465545654,0,1,18,1
2023-01-10-07,/home/ubuntu/klb/nuclr/nuclr/Data/Atanas_SF_unified_000776/cv5_grouped_v1/fold_4/test/test__2023-01-10-07__af4d7d2d.npz,134,IL2DL,1,77,IL2DL,1,1,1,1.0,0.9584977626800537,0,1,77,1
2023-01-10-07,/home/ubuntu/klb/nuclr/nuclr/Data/Atanas_SF_unified_000776/cv5_grouped_v1/fold_4/test/test__2023-01-10-07__af4d7d2d.npz,135,I3,1,67,I3,1,1,1,1.0,0.9591336846351624,0,1,67,1
2023-01-10-07,/home/ubuntu/klb/nuclr/nuclr/Data/Atanas_SF_unified_000776/cv5_grouped_v1/fold_4/test/test__2023-01-10-07__af4d7d2d.npz,136,ADEL,1,2,ADEL,1,1,1,1.0,0.9438005089759827,0,1,2,1
2023-01-10-07,/home/ubuntu/klb/nuclr/nuclr/Data/Atanas_SF_unified_000776/cv5_grouped_v1/fold_4/test/test__2023-01-10-07__af4d7d2d.npz,137,IL1DL,1,71,IL1DL,1,1,1,1.0,0.9585680961608887,0,1,71,1
2023-01-10-07,/home/ubuntu/klb/nuclr/nuclr/Data/Atanas_SF_unified_000776/cv5_grouped_v1/fold_4/test/test__2023-01-10-07__af4d7d2d.npz,138,SAAVR,1,142,SMDVR,3,0,1,0.3333333333333333,0.0030420899856835604,1,0,131,1
2023-01-10-07,/home/ubuntu/klb/nuclr/nuclr/Data/Atanas_SF_unified_000776/cv5_grouped_v1/fold_4/test/test__2023-01-10-07__af4d7d2d.npz,139,AVAR,1,35,AVAR,1,1,1,1.0,0.9590980410575867,0,1,35,1
2023-01-10-07,/home/ubuntu/klb/nuclr/nuclr/Data/Atanas_SF_unified_000776/cv5_grouped_v1/fold_4/test/test__2023-01-10-07__af4d7d2d.npz,141,RIBR,1,103,RIBR,1,1,1,1.0,0.939878523349762,0,1,103,1
2023-01-10-07,/home/ubuntu/klb/nuclr/nuclr/Data/Atanas_SF_unified_000776/cv5_grouped_v1/fold_4/test/test__2023-01-10-07__af4d7d2d.npz,142,AWCL,1,53,AWCL,1,1,1,1.0,0.41551804542541504,0,1,53,1
2023-01-10-07,/home/ubuntu/klb/nuclr/nuclr/Data/Atanas_SF_unified_000776/cv5_grouped_v1/fold_4/test/test__2023-01-10-07__af4d7d2d.npz,143,AINR,1,13,AINL,10,0,0,0.1,1.7234874576388393e-06,0,0,13,0
2023-01-10-14,/home/ubuntu/klb/nuclr/nuclr/Data/Atanas_SF_unified_000776/cv5_grouped_v1/fold_4/test/test__2023-01-10-14__e4254980.npz,0,AWAR,1,24,ASGR,75,0,0,0.013333333333333334,3.053624247992964e-14,0,0,24,0
2023-01-10-14,/home/ubuntu/klb/nuclr/nuclr/Data/Atanas_SF_unified_000776/cv5_grouped_v1/fold_4/test/test__2023-01-10-14__e4254980.npz,5,AINR,1,14,AINR,1,1,1,1.0,0.9185490012168884,0,1,14,1
2023-01-10-14,/home/ubuntu/klb/nuclr/nuclr/Data/Atanas_SF_unified_000776/cv5_grouped_v1/fold_4/test/test__2023-01-10-14__e4254980.npz,6,IL1DR,1,72,IL1DR,1,1,1,1.0,0.9001476764678955,0,1,72,1
2023-01-10-14,/home/ubuntu/klb/nuclr/nuclr/Data/Atanas_SF_unified_000776/cv5_grouped_v1/fold_4/test/test__2023-01-10-14__e4254980.npz,7,M1,1,83,M1,1,1,1,1.0,0.9082342386245728,0,1,83,1
2023-01-10-14,/home/ubuntu/klb/nuclr/nuclr/Data/Atanas_SF_unified_000776/cv5_grouped_v1/fold_4/test/test__2023-01-10-14__e4254980.npz,9,RIAR,1,101,RIAR,1,1,1,1.0,0.6295620203018188,0,1,101,1
2023-01-10-14,/home/ubuntu/klb/nuclr/nuclr/Data/Atanas_SF_unified_000776/cv5_grouped_v1/fold_4/test/test__2023-01-10-14__e4254980.npz,10,AIZL,1,42,AVHL,3,0,1,0.3333333333333333,0.02637573890388012,0,0,42,0
2023-01-10-14,/home/ubuntu/klb/nuclr/nuclr/Data/Atanas_SF_unified_000776/cv5_grouped_v1/fold_4/test/test__2023-01-10-14__e4254980.npz,11,IL2L,1,79,IL2L,1,1,1,1.0,0.9192475080490112,0,1,79,1
2023-01-10-14,/home/ubuntu/klb/nuclr/nuclr/Data/Atanas_SF_unified_000776/cv5_grouped_v1/fold_4/test/test__2023-01-10-14__e4254980.npz,12,IL2DL,1,77,IL2DL,1,1,1,1.0,0.8966614007949829,0,1,77,1
2023-01-10-14,/home/ubuntu/klb/nuclr/nuclr/Data/Atanas_SF_unified_000776/cv5_grouped_v1/fold_4/test/test__2023-01-10-14__e4254980.npz,13,CEPDR,1,58,CEPDR,1,1,1,1.0,0.881818413734436,0,1,58,1
2023-01-10-14,/home/ubuntu/klb/nuclr/nuclr/Data/Atanas_SF_unified_000776/cv5_grouped_v1/fold_4/test/test__2023-01-10-14__e4254980.npz,14,AVEL,1,40,AVEL,1,1,1,1.0,0.9578787088394165,0,1,40,1
2023-01-10-14,/home/ubuntu/klb/nuclr/nuclr/Data/Atanas_SF_unified_000776/cv5_grouped_v1/fold_4/test/test__2023-01-10-14__e4254980.npz,15,RIH,1,109,RIH,1,1,1,1.0,0.5962114334106445,0,1,109,1
2023-01-10-14,/home/ubuntu/klb/nuclr/nuclr/Data/Atanas_SF_unified_000776/cv5_grouped_v1/fold_4/test/test__2023-01-10-14__e4254980.npz,19,ADLL,1,4,ADLL,1,1,1,1.0,0.9151468276977539,0,1,4,1
2023-01-10-14,/home/ubuntu/klb/nuclr/nuclr/Data/Atanas_SF_unified_000776/cv5_grouped_v1/fold_4/test/test__2023-01-10-14__e4254980.npz,20,URYDR,1,152,URYDR,1,1,1,1.0,0.8785045146942139,0,1,152,1
2023-01-10-14,/home/ubuntu/klb/nuclr/nuclr/Data/Atanas_SF_unified_000776/cv5_grouped_v1/fold_4/test/test__2023-01-10-14__e4254980.npz,24,OLQVL,1,98,OLQVL,1,1,1,1.0,0.9494343400001526,0,1,98,1
2023-01-10-14,/home/ubuntu/klb/nuclr/nuclr/Data/Atanas_SF_unified_000776/cv5_grouped_v1/fold_4/test/test__2023-01-10-14__e4254980.npz,27,IL1L,1,73,IL1L,1,1,1,1.0,0.8488335013389587,0,1,73,1
2023-01-10-14,/home/ubuntu/klb/nuclr/nuclr/Data/Atanas_SF_unified_000776/cv5_grouped_v1/fold_4/test/test__2023-01-10-14__e4254980.npz,28,IL2VR,1,82,IL2VR,1,1,1,1.0,0.9575686454772949,0,1,82,1
2023-01-10-14,/home/ubuntu/klb/nuclr/nuclr/Data/Atanas_SF_unified_000776/cv5_grouped_v1/fold_4/test/test__2023-01-10-14__e4254980.npz,29,RMDL,1,53,AWCL,2,0,1,0.5,0.30834174156188965,0,0,53,0
2023-01-10-14,/home/ubuntu/klb/nuclr/nuclr/Data/Atanas_SF_unified_000776/cv5_grouped_v1/fold_4/test/test__2023-01-10-14__e4254980.npz,30,AIBL,1,9,AIBL,1,1,1,1.0,0.9476260542869568,0,1,9,1
2023-01-10-14,/home/ubuntu/klb/nuclr/nuclr/Data/Atanas_SF_unified_000776/cv5_grouped_v1/fold_4/test/test__2023-01-10-14__e4254980.npz,32,ADAR,1,1,ADAR,1,1,1,1.0,0.5599878430366516,0,1,1,1
2023-01-10-14,/home/ubuntu/klb/nuclr/nuclr/Data/Atanas_SF_unified_000776/cv5_grouped_v1/fold_4/test/test__2023-01-10-14__e4254980.npz,34,AVAL,1,34,AVAL,1,1,1,1.0,0.9570633172988892,0,1,34,1
2023-01-10-14,/home/ubuntu/klb/nuclr/nuclr/Data/Atanas_SF_unified_000776/cv5_grouped_v1/fold_4/test/test__2023-01-10-14__e4254980.npz,36,RMDVL,1,120,RMDVL,1,1,1,1.0,0.9517655372619629,0,1,120,1
2023-01-10-14,/home/ubuntu/klb/nuclr/nuclr/Data/Atanas_SF_unified_000776/cv5_grouped_v1/fold_4/test/test__2023-01-10-14__e4254980.npz,37,IL2VL,1,81,IL2VL,1,1,1,1.0,0.9562007188796997,0,1,81,1
2023-01-10-14,/home/ubuntu/klb/nuclr/nuclr/Data/Atanas_SF_unified_000776/cv5_grouped_v1/fold_4/test/test__2023-01-10-14__e4254980.npz,38,OLQDL,1,96,OLQDL,1,1,1,1.0,0.7409159541130066,0,1,96,1
2023-01-10-14,/home/ubuntu/klb/nuclr/nuclr/Data/Atanas_SF_unified_000776/cv5_grouped_v1/fold_4/test/test__2023-01-10-14__e4254980.npz,43,ASGL,1,23,ASGL,1,1,1,1.0,0.9398884773254395,0,1,23,1
2023-01-10-14,/home/ubuntu/klb/nuclr/nuclr/Data/Atanas_SF_unified_000776/cv5_grouped_v1/fold_4/test/test__2023-01-10-14__e4254980.npz,44,I2R,1,66,I2R,1,1,1,1.0,0.7160888910293579,0,1,66,1
2023-01-10-14,/home/ubuntu/klb/nuclr/nuclr/Data/Atanas_SF_unified_000776/cv5_grouped_v1/fold_4/test/test__2023-01-10-14__e4254980.npz,45,RMDVR,1,121,RMDVR,1,1,1,1.0,0.9549977779388428,0,1,121,1
2023-01-10-14,/home/ubuntu/klb/nuclr/nuclr/Data/Atanas_SF_unified_000776/cv5_grouped_v1/fold_4/test/test__2023-01-10-14__e4254980.npz,46,IL1R,1,74,IL1R,1,1,1,1.0,0.9407942295074463,0,1,74,1
2023-01-10-14,/home/ubuntu/klb/nuclr/nuclr/Data/Atanas_SF_unified_000776/cv5_grouped_v1/fold_4/test/test__2023-01-10-14__e4254980.npz,47,OLQDR,1,97,OLQDR,1,1,1,1.0,0.8945798277854919,0,1,97,1
2023-01-10-14,/home/ubuntu/klb/nuclr/nuclr/Data/Atanas_SF_unified_000776/cv5_grouped_v1/fold_4/test/test__2023-01-10-14__e4254980.npz,48,AIYR,1,117,RMDDR,4,0,1,0.25,0.024695876985788345,0,0,117,0
2023-01-10-14,/home/ubuntu/klb/nuclr/nuclr/Data/Atanas_SF_unified_000776/cv5_grouped_v1/fold_4/test/test__2023-01-10-14__e4254980.npz,49,IL2DR,1,78,IL2DR,1,1,1,1.0,0.9135706424713135,0,1,78,1
2023-01-10-14,/home/ubuntu/klb/nuclr/nuclr/Data/Atanas_SF_unified_000776/cv5_grouped_v1/fold_4/test/test__2023-01-10-14__e4254980.npz,50,URYVL,1,153,URYVL,1,1,1,1.0,0.9514275193214417,0,1,153,1
2023-01-10-14,/home/ubuntu/klb/nuclr/nuclr/Data/Atanas_SF_unified_000776/cv5_grouped_v1/fold_4/test/test__2023-01-10-14__e4254980.npz,54,AWBL,1,51,AWBL,1,1,1,1.0,0.5180036425590515,0,1,51,1
2023-01-10-14,/home/ubuntu/klb/nuclr/nuclr/Data/Atanas_SF_unified_000776/cv5_grouped_v1/fold_4/test/test__2023-01-10-14__e4254980.npz,55,M3L,1,85,M3L,1,1,1,1.0,0.6909640431404114,0,1,85,1
2023-01-10-14,/home/ubuntu/klb/nuclr/nuclr/Data/Atanas_SF_unified_000776/cv5_grouped_v1/fold_4/test/test__2023-01-10-14__e4254980.npz,56,ADEL,1,2,ADEL,1,1,1,1.0,0.9505898952484131,0,1,2,1
2023-01-10-14,/home/ubuntu/klb/nuclr/nuclr/Data/Atanas_SF_unified_000776/cv5_grouped_v1/fold_4/test/test__2023-01-10-14__e4254980.npz,58,M5,1,88,M5,1,1,1,1.0,0.8057971000671387,0,1,88,1
2023-01-10-14,/home/ubuntu/klb/nuclr/nuclr/Data/Atanas_SF_unified_000776/cv5_grouped_v1/fold_4/test/test__2023-01-10-14__e4254980.npz,59,CEPVR,1,59,CEPVL,2,0,1,0.5,0.26312893629074097,0,0,59,0
2023-01-10-14,/home/ubuntu/klb/nuclr/nuclr/Data/Atanas_SF_unified_000776/cv5_grouped_v1/fold_4/test/test__2023-01-10-14__e4254980.npz,60,OLLL,1,94,OLLL,1,1,1,1.0,0.8657411336898804,0,1,94,1
2023-01-10-14,/home/ubuntu/klb/nuclr/nuclr/Data/Atanas_SF_unified_000776/cv5_grouped_v1/fold_4/test/test__2023-01-10-14__e4254980.npz,61,ASIR,1,28,ASIR,1,1,1,1.0,0.9293496012687683,0,1,28,1
2023-01-10-14,/home/ubuntu/klb/nuclr/nuclr/Data/Atanas_SF_unified_000776/cv5_grouped_v1/fold_4/test/test__2023-01-10-14__e4254980.npz,62,AVER,1,41,AVER,1,1,1,1.0,0.9578348398208618,0,1,41,1
2023-01-10-14,/home/ubuntu/klb/nuclr/nuclr/Data/Atanas_SF_unified_000776/cv5_grouped_v1/fold_4/test/test__2023-01-10-14__e4254980.npz,63,CEPVL,1,116,RMDDL,2,0,1,0.5,0.0518413782119751,1,0,145,0
2023-01-10-14,/home/ubuntu/klb/nuclr/nuclr/Data/Atanas_SF_unified_000776/cv5_grouped_v1/fold_4/test/test__2023-01-10-14__e4254980.npz,64,URADL,1,143,URADL,1,1,1,1.0,0.3774462640285492,0,1,143,1
2023-01-10-14,/home/ubuntu/klb/nuclr/nuclr/Data/Atanas_SF_unified_000776/cv5_grouped_v1/fold_4/test/test__2023-01-10-14__e4254980.npz,65,AWAL,1,49,AWAL,1,1,1,1.0,0.4949268400669098,0,1,49,1
2023-01-10-14,/home/ubuntu/klb/nuclr/nuclr/Data/Atanas_SF_unified_000776/cv5_grouped_v1/fold_4/test/test__2023-01-10-14__e4254980.npz,66,I3,1,67,I3,1,1,1,1.0,0.7684406638145447,0,1,67,1
2023-01-10-14,/home/ubuntu/klb/nuclr/nuclr/Data/Atanas_SF_unified_000776/cv5_grouped_v1/fold_4/test/test__2023-01-10-14__e4254980.npz,68,BAGL,1,55,BAGL,1,1,1,1.0,0.9498544931411743,0,1,55,1
2023-01-10-14,/home/ubuntu/klb/nuclr/nuclr/Data/Atanas_SF_unified_000776/cv5_grouped_v1/fold_4/test/test__2023-01-10-14__e4254980.npz,69,M4,1,87,M4,1,1,1,1.0,0.6401644349098206,0,1,87,1
2023-01-10-14,/home/ubuntu/klb/nuclr/nuclr/Data/Atanas_SF_unified_000776/cv5_grouped_v1/fold_4/test/test__2023-01-10-14__e4254980.npz,71,IL2R,1,80,IL2R,1,1,1,1.0,0.9201280474662781,0,1,80,1
2023-01-10-14,/home/ubuntu/klb/nuclr/nuclr/Data/Atanas_SF_unified_000776/cv5_grouped_v1/fold_4/test/test__2023-01-10-14__e4254980.npz,72,ADER,1,3,ADER,1,1,1,1.0,0.4307791292667389,0,1,3,1
2023-01-10-14,/home/ubuntu/klb/nuclr/nuclr/Data/Atanas_SF_unified_000776/cv5_grouped_v1/fold_4/test/test__2023-01-10-14__e4254980.npz,75,RIBL,1,102,RIBL,1,1,1,1.0,0.9466260671615601,0,1,102,1
2023-01-10-14,/home/ubuntu/klb/nuclr/nuclr/Data/Atanas_SF_unified_000776/cv5_grouped_v1/fold_4/test/test__2023-01-10-14__e4254980.npz,78,RMDDL,1,11,AIML,7,0,0,0.14285714285714285,0.014432230964303017,0,0,113,0
2023-01-10-14,/home/ubuntu/klb/nuclr/nuclr/Data/Atanas_SF_unified_000776/cv5_grouped_v1/fold_4/test/test__2023-01-10-14__e4254980.npz,81,AVJL,1,44,AVJL,1,1,1,1.0,0.9557079672813416,0,1,44,1
2023-01-10-14,/home/ubuntu/klb/nuclr/nuclr/Data/Atanas_SF_unified_000776/cv5_grouped_v1/fold_4/test/test__2023-01-10-14__e4254980.npz,83,RMER,1,124,RMER,1,1,1,1.0,0.946349024772644,0,1,124,1
2023-01-10-14,/home/ubuntu/klb/nuclr/nuclr/Data/Atanas_SF_unified_000776/cv5_grouped_v1/fold_4/test/test__2023-01-10-14__e4254980.npz,85,AVJR,1,78,IL2DR,118,0,0,0.00847457627118644,1.6556228976834296e-21,1,0,148,0
2023-01-10-14,/home/ubuntu/klb/nuclr/nuclr/Data/Atanas_SF_unified_000776/cv5_grouped_v1/fold_4/test/test__2023-01-10-14__e4254980.npz,86,AVAR,1,35,AVAR,1,1,1,1.0,0.9568151235580444,0,1,35,1
2023-01-10-14,/home/ubuntu/klb/nuclr/nuclr/Data/Atanas_SF_unified_000776/cv5_grouped_v1/fold_4/test/test__2023-01-10-14__e4254980.npz,88,RID,1,106,RID,1,1,1,1.0,0.5978928208351135,0,1,106,1
2023-01-10-14,/home/ubuntu/klb/nuclr/nuclr/Data/Atanas_SF_unified_000776/cv5_grouped_v1/fold_4/test/test__2023-01-10-14__e4254980.npz,89,MI,1,91,MI,1,1,1,1.0,0.9396528005599976,0,1,91,1
2023-01-10-14,/home/ubuntu/klb/nuclr/nuclr/Data/Atanas_SF_unified_000776/cv5_grouped_v1/fold_4/test/test__2023-01-10-14__e4254980.npz,90,URYDL,1,151,URYDL,1,1,1,1.0,0.9117781519889832,0,1,151,1
2023-01-10-14,/home/ubuntu/klb/nuclr/nuclr/Data/Atanas_SF_unified_000776/cv5_grouped_v1/fold_4/test/test__2023-01-10-14__e4254980.npz,91,RMEL,1,123,RMEL,1,1,1,1.0,0.9182490706443787,0,1,123,1
2023-01-10-14,/home/ubuntu/klb/nuclr/nuclr/Data/Atanas_SF_unified_000776/cv5_grouped_v1/fold_4/test/test__2023-01-10-14__e4254980.npz,94,FLPL,1,61,FLPL,1,1,1,1.0,0.847601056098938,0,1,61,1
2023-01-10-14,/home/ubuntu/klb/nuclr/nuclr/Data/Atanas_SF_unified_000776/cv5_grouped_v1/fold_4/test/test__2023-01-10-14__e4254980.npz,99,AQR,1,20,AQR,1,1,1,1.0,0.5689409375190735,0,1,20,1
2023-01-10-14,/home/ubuntu/klb/nuclr/nuclr/Data/Atanas_SF_unified_000776/cv5_grouped_v1/fold_4/test/test__2023-01-10-14__e4254980.npz,100,AIZR,1,18,AIZR,1,1,1,1.0,0.9518404006958008,0,1,18,1
2023-01-10-14,/home/ubuntu/klb/nuclr/nuclr/Data/Atanas_SF_unified_000776/cv5_grouped_v1/fold_4/test/test__2023-01-10-14__e4254980.npz,101,MCL,1,75,IL1VL,9,0,0,0.1111111111111111,0.00039115993422456086,1,0,75,0
2023-01-10-14,/home/ubuntu/klb/nuclr/nuclr/Data/Atanas_SF_unified_000776/cv5_grouped_v1/fold_4/test/test__2023-01-10-14__e4254980.npz,102,OLLR,1,95,OLLR,1,1,1,1.0,0.8839461207389832,0,1,95,1
2023-01-10-14,/home/ubuntu/klb/nuclr/nuclr/Data/Atanas_SF_unified_000776/cv5_grouped_v1/fold_4/test/test__2023-01-10-14__e4254980.npz,103,IL1DL,1,71,IL1DL,1,1,1,1.0,0.7876406908035278,0,1,71,1
2023-01-10-14,/home/ubuntu/klb/nuclr/nuclr/Data/Atanas_SF_unified_000776/cv5_grouped_v1/fold_4/test/test__2023-01-10-14__e4254980.npz,104,M3R,1,86,M3R,1,1,1,1.0,0.5488820672035217,0,1,86,1
2023-01-10-14,/home/ubuntu/klb/nuclr/nuclr/Data/Atanas_SF_unified_000776/cv5_grouped_v1/fold_4/test/test__2023-01-10-14__e4254980.npz,105,NSML,1,92,NSML,1,1,1,1.0,0.9082697629928589,0,1,92,1
2023-01-10-14,/home/ubuntu/klb/nuclr/nuclr/Data/Atanas_SF_unified_000776/cv5_grouped_v1/fold_4/test/test__2023-01-10-14__e4254980.npz,108,CEPDL,1,57,CEPDL,1,1,1,1.0,0.9538354873657227,0,1,57,1
2023-01-10-14,/home/ubuntu/klb/nuclr/nuclr/Data/Atanas_SF_unified_000776/cv5_grouped_v1/fold_4/test/test__2023-01-10-14__e4254980.npz,110,AVBL,1,36,AVBL,1,1,1,1.0,0.9067871570587158,0,1,36,1
2023-01-10-14,/home/ubuntu/klb/nuclr/nuclr/Data/Atanas_SF_unified_000776/cv5_grouped_v1/fold_4/test/test__2023-01-10-14__e4254980.npz,111,AIML,1,11,AIML,1,1,1,1.0,0.6395801901817322,0,1,11,1
2023-01-10-14,/home/ubuntu/klb/nuclr/nuclr/Data/Atanas_SF_unified_000776/cv5_grouped_v1/fold_4/test/test__2023-01-10-14__e4254980.npz,113,SMDVL,1,141,SMDVL,1,1,1,1.0,0.7777734994888306,0,1,141,1
2023-01-10-14,/home/ubuntu/klb/nuclr/nuclr/Data/Atanas_SF_unified_000776/cv5_grouped_v1/fold_4/test/test__2023-01-10-14__e4254980.npz,114,I1R,1,64,I1R,1,1,1,1.0,0.8852963447570801,0,1,64,1
2023-01-10-14,/home/ubuntu/klb/nuclr/nuclr/Data/Atanas_SF_unified_000776/cv5_grouped_v1/fold_4/test/test__2023-01-10-14__e4254980.npz,116,AINL,1,13,AINL,1,1,1,1.0,0.9215893745422363,0,1,13,1
2023-01-10-14,/home/ubuntu/klb/nuclr/nuclr/Data/Atanas_SF_unified_000776/cv5_grouped_v1/fold_4/test/test__2023-01-10-14__e4254980.npz,117,AIMR,1,12,AIMR,1,1,1,1.0,0.7686319351196289,0,1,12,1
2023-01-10-14,/home/ubuntu/klb/nuclr/nuclr/Data/Atanas_SF_unified_000776/cv5_grouped_v1/fold_4/test/test__2023-01-10-14__e4254980.npz,118,URXL,1,149,URXL,1,1,1,1.0,0.948993444442749,0,1,149,1
2023-01-10-14,/home/ubuntu/klb/nuclr/nuclr/Data/Atanas_SF_unified_000776/cv5_grouped_v1/fold_4/test/test__2023-01-10-14__e4254980.npz,119,RICR,1,105,RICR,1,1,1,1.0,0.9095656275749207,0,1,105,1
2023-01-10-14,/home/ubuntu/klb/nuclr/nuclr/Data/Atanas_SF_unified_000776/cv5_grouped_v1/fold_4/test/test__2023-01-10-14__e4254980.npz,120,ASER,1,22,ASER,1,1,1,1.0,0.7845250964164734,0,1,22,1
2023-01-10-14,/home/ubuntu/klb/nuclr/nuclr/Data/Atanas_SF_unified_000776/cv5_grouped_v1/fold_4/test/test__2023-01-10-14__e4254980.npz,122,AIBR,1,10,AIBR,1,1,1,1.0,0.9236975908279419,0,1,10,1
2023-01-10-14,/home/ubuntu/klb/nuclr/nuclr/Data/Atanas_SF_unified_000776/cv5_grouped_v1/fold_4/test/test__2023-01-10-14__e4254980.npz,123,RIVR,1,115,RIVR,1,1,1,1.0,0.9453026652336121,0,1,115,1
2023-01-10-14,/home/ubuntu/klb/nuclr/nuclr/Data/Atanas_SF_unified_000776/cv5_grouped_v1/fold_4/test/test__2023-01-10-14__e4254980.npz,125,RICL,1,104,RICL,1,1,1,1.0,0.873477041721344,0,1,104,1
2023-01-10-14,/home/ubuntu/klb/nuclr/nuclr/Data/Atanas_SF_unified_000776/cv5_grouped_v1/fold_4/test/test__2023-01-10-14__e4254980.npz,126,I2L,1,65,I2L,1,1,1,1.0,0.9475744962692261,0,1,65,1
2023-01-10-14,/home/ubuntu/klb/nuclr/nuclr/Data/Atanas_SF_unified_000776/cv5_grouped_v1/fold_4/test/test__2023-01-10-14__e4254980.npz,127,AWCL,1,21,ASEL,4,0,1,0.25,0.0001437681494280696,0,0,21,0
2023-01-10-14,/home/ubuntu/klb/nuclr/nuclr/Data/Atanas_SF_unified_000776/cv5_grouped_v1/fold_4/test/test__2023-01-10-14__e4254980.npz,128,URYVR,1,154,URYVR,1,1,1,1.0,0.784397542476654,0,1,154,1
2023-01-10-14,/home/ubuntu/klb/nuclr/nuclr/Data/Atanas_SF_unified_000776/cv5_grouped_v1/fold_4/test/test__2023-01-10-14__e4254980.npz,130,RIVL,1,114,RIVL,1,1,1,1.0,0.83116215467453,0,1,114,1
2023-01-10-14,/home/ubuntu/klb/nuclr/nuclr/Data/Atanas_SF_unified_000776/cv5_grouped_v1/fold_4/test/test__2023-01-10-14__e4254980.npz,131,I1L,1,63,I1L,1,1,1,1.0,0.9018971920013428,0,1,63,1
2023-01-10-14,/home/ubuntu/klb/nuclr/nuclr/Data/Atanas_SF_unified_000776/cv5_grouped_v1/fold_4/test/test__2023-01-10-14__e4254980.npz,132,NSMR,1,93,NSMR,1,1,1,1.0,0.8076971173286438,0,1,93,1
2023-01-10-14,/home/ubuntu/klb/nuclr/nuclr/Data/Atanas_SF_unified_000776/cv5_grouped_v1/fold_4/test/test__2023-01-10-14__e4254980.npz,134,I6,1,70,I6,1,1,1,1.0,0.42148736119270325,0,1,70,1
2023-01-10-14,/home/ubuntu/klb/nuclr/nuclr/Data/Atanas_SF_unified_000776/cv5_grouped_v1/fold_4/test/test__2023-01-10-14__e4254980.npz,135,RMDDR,1,117,RMDDR,1,1,1,1.0,0.5153669118881226,0,1,116,0
2023-01-10-14,/home/ubuntu/klb/nuclr/nuclr/Data/Atanas_SF_unified_000776/cv5_grouped_v1/fold_4/test/test__2023-01-10-14__e4254980.npz,137,SMDVR,1,142,SMDVR,1,1,1,1.0,0.9422973394393921,0,1,142,1
2023-01-10-14,/home/ubuntu/klb/nuclr/nuclr/Data/Atanas_SF_unified_000776/cv5_grouped_v1/fold_4/test/test__2023-01-10-14__e4254980.npz,138,VB02,1,155,VB02,1,1,1,1.0,0.9463914632797241,0,1,155,1
2023-01-10-14,/home/ubuntu/klb/nuclr/nuclr/Data/Atanas_SF_unified_000776/cv5_grouped_v1/fold_4/test/test__2023-01-10-14__e4254980.npz,139,AWBR,1,52,AWBR,1,1,1,1.0,0.8921398520469666,0,1,52,1
2023-01-10-14,/home/ubuntu/klb/nuclr/nuclr/Data/Atanas_SF_unified_000776/cv5_grouped_v1/fold_4/test/test__2023-01-10-14__e4254980.npz,140,URXR,1,150,URXR,1,1,1,1.0,0.8879217505455017,0,1,150,1
2023-01-10-14,/home/ubuntu/klb/nuclr/nuclr/Data/Atanas_SF_unified_000776/cv5_grouped_v1/fold_4/test/test__2023-01-10-14__e4254980.npz,141,FLPR,1,62,FLPR,1,1,1,1.0,0.8794869780540466,0,1,62,1
2023-03-07-01,/home/ubuntu/klb/nuclr/nuclr/Data/Atanas_SF_unified_000776/cv5_grouped_v1/fold_4/test/test__2023-03-07-01__9fafa0d7.npz,0,RID,1,106,RID,1,1,1,1.0,0.9350530505180359,0,1,106,1
2023-03-07-01,/home/ubuntu/klb/nuclr/nuclr/Data/Atanas_SF_unified_000776/cv5_grouped_v1/fold_4/test/test__2023-03-07-01__9fafa0d7.npz,1,RIMR,1,111,RIMR,1,1,1,1.0,0.8808262348175049,0,1,111,1
2023-03-07-01,/home/ubuntu/klb/nuclr/nuclr/Data/Atanas_SF_unified_000776/cv5_grouped_v1/fold_4/test/test__2023-03-07-01__9fafa0d7.npz,2,URYDR,1,152,URYDR,1,1,1,1.0,0.8458003997802734,0,1,152,1
2023-03-07-01,/home/ubuntu/klb/nuclr/nuclr/Data/Atanas_SF_unified_000776/cv5_grouped_v1/fold_4/test/test__2023-03-07-01__9fafa0d7.npz,3,RIH,1,125,RMEV,4,0,1,0.25,0.012602437287569046,1,0,76,0
2023-03-07-01,/home/ubuntu/klb/nuclr/nuclr/Data/Atanas_SF_unified_000776/cv5_grouped_v1/fold_4/test/test__2023-03-07-01__9fafa0d7.npz,6,OLQVL,1,98,OLQVL,1,1,1,1.0,0.9465503096580505,0,1,98,1
2023-03-07-01,/home/ubuntu/klb/nuclr/nuclr/Data/Atanas_SF_unified_000776/cv5_grouped_v1/fold_4/test/test__2023-03-07-01__9fafa0d7.npz,7,ADLL,1,4,ADLL,1,1,1,1.0,0.7668194770812988,0,1,4,1
2023-03-07-01,/home/ubuntu/klb/nuclr/nuclr/Data/Atanas_SF_unified_000776/cv5_grouped_v1/fold_4/test/test__2023-03-07-01__9fafa0d7.npz,9,RMGL,1,127,RMGL,1,1,1,1.0,0.9555990695953369,0,1,127,1
2023-03-07-01,/home/ubuntu/klb/nuclr/nuclr/Data/Atanas_SF_unified_000776/cv5_grouped_v1/fold_4/test/test__2023-03-07-01__9fafa0d7.npz,10,RIML,1,110,RIML,1,1,1,1.0,0.9504340291023254,0,1,110,1
2023-03-07-01,/home/ubuntu/klb/nuclr/nuclr/Data/Atanas_SF_unified_000776/cv5_grouped_v1/fold_4/test/test__2023-03-07-01__9fafa0d7.npz,11,IL2VR,1,82,IL2VR,1,1,1,1.0,0.9545703530311584,0,1,82,1
2023-03-07-01,/home/ubuntu/klb/nuclr/nuclr/Data/Atanas_SF_unified_000776/cv5_grouped_v1/fold_4/test/test__2023-03-07-01__9fafa0d7.npz,15,I1L,1,63,I1L,1,1,1,1.0,0.94739830493927,0,1,63,1
2023-03-07-01,/home/ubuntu/klb/nuclr/nuclr/Data/Atanas_SF_unified_000776/cv5_grouped_v1/fold_4/test/test__2023-03-07-01__9fafa0d7.npz,18,ADAL,1,0,ADAL,1,1,1,1.0,0.9560052156448364,0,1,0,1
2023-03-07-01,/home/ubuntu/klb/nuclr/nuclr/Data/Atanas_SF_unified_000776/cv5_grouped_v1/fold_4/test/test__2023-03-07-01__9fafa0d7.npz,20,RMDVR,1,121,RMDVR,1,1,1,1.0,0.7827632427215576,0,1,121,1
2023-03-07-01,/home/ubuntu/klb/nuclr/nuclr/Data/Atanas_SF_unified_000776/cv5_grouped_v1/fold_4/test/test__2023-03-07-01__9fafa0d7.npz,24,OLLL,1,94,OLLL,1,1,1,1.0,0.9485604763031006,0,1,94,1
2023-03-07-01,/home/ubuntu/klb/nuclr/nuclr/Data/Atanas_SF_unified_000776/cv5_grouped_v1/fold_4/test/test__2023-03-07-01__9fafa0d7.npz,26,URBR,1,80,IL2R,3,0,1,0.3333333333333333,0.09588073194026947,0,0,80,0
2023-03-07-01,/home/ubuntu/klb/nuclr/nuclr/Data/Atanas_SF_unified_000776/cv5_grouped_v1/fold_4/test/test__2023-03-07-01__9fafa0d7.npz,27,ALA,1,19,ALA,1,1,1,1.0,0.8772395253181458,0,1,19,1
2023-03-07-01,/home/ubuntu/klb/nuclr/nuclr/Data/Atanas_SF_unified_000776/cv5_grouped_v1/fold_4/test/test__2023-03-07-01__9fafa0d7.npz,30,CEPDR,1,150,URXR,2,0,1,0.5,0.005219488870352507,0,0,150,0
2023-03-07-01,/home/ubuntu/klb/nuclr/nuclr/Data/Atanas_SF_unified_000776/cv5_grouped_v1/fold_4/test/test__2023-03-07-01__9fafa0d7.npz,32,RMDVL,1,120,RMDVL,1,1,1,1.0,0.9224515557289124,0,1,120,1
2023-03-07-01,/home/ubuntu/klb/nuclr/nuclr/Data/Atanas_SF_unified_000776/cv5_grouped_v1/fold_4/test/test__2023-03-07-01__9fafa0d7.npz,33,AVAL,1,34,AVAL,1,1,1,1.0,0.9550005793571472,0,1,34,1
2023-03-07-01,/home/ubuntu/klb/nuclr/nuclr/Data/Atanas_SF_unified_000776/cv5_grouped_v1/fold_4/test/test__2023-03-07-01__9fafa0d7.npz,36,IL2VL,1,81,IL2VL,1,1,1,1.0,0.9230512976646423,0,1,81,1
2023-03-07-01,/home/ubuntu/klb/nuclr/nuclr/Data/Atanas_SF_unified_000776/cv5_grouped_v1/fold_4/test/test__2023-03-07-01__9fafa0d7.npz,41,ASHR,1,22,ASER,11,0,0,0.09090909090909091,3.572034984244965e-05,0,0,22,0
2023-03-07-01,/home/ubuntu/klb/nuclr/nuclr/Data/Atanas_SF_unified_000776/cv5_grouped_v1/fold_4/test/test__2023-03-07-01__9fafa0d7.npz,42,IL1DR,1,72,IL1DR,1,1,1,1.0,0.9533271193504333,0,1,72,1
2023-03-07-01,/home/ubuntu/klb/nuclr/nuclr/Data/Atanas_SF_unified_000776/cv5_grouped_v1/fold_4/test/test__2023-03-07-01__9fafa0d7.npz,43,URYVL,1,153,URYVL,1,1,1,1.0,0.9519016742706299,0,1,153,1
2023-03-07-01,/home/ubuntu/klb/nuclr/nuclr/Data/Atanas_SF_unified_000776/cv5_grouped_v1/fold_4/test/test__2023-03-07-01__9fafa0d7.npz,45,ASHL,1,25,ASHL,1,1,1,1.0,0.7296329736709595,0,1,25,1
2023-03-07-01,/home/ubuntu/klb/nuclr/nuclr/Data/Atanas_SF_unified_000776/cv5_grouped_v1/fold_4/test/test__2023-03-07-01__9fafa0d7.npz,47,M3R,1,85,M3L,7,0,0,0.14285714285714285,6.312835466815159e-05,0,0,85,0
2023-03-07-01,/home/ubuntu/klb/nuclr/nuclr/Data/Atanas_SF_unified_000776/cv5_grouped_v1/fold_4/test/test__2023-03-07-01__9fafa0d7.npz,48,RIVL,1,114,RIVL,1,1,1,1.0,0.9544428586959839,0,1,114,1
2023-03-07-01,/home/ubuntu/klb/nuclr/nuclr/Data/Atanas_SF_unified_000776/cv5_grouped_v1/fold_4/test/test__2023-03-07-01__9fafa0d7.npz,49,I1R,1,64,I1R,1,1,1,1.0,0.9428983330726624,0,1,64,1
2023-03-07-01,/home/ubuntu/klb/nuclr/nuclr/Data/Atanas_SF_unified_000776/cv5_grouped_v1/fold_4/test/test__2023-03-07-01__9fafa0d7.npz,50,ASEL,1,21,ASEL,1,1,1,1.0,0.8379523158073425,0,1,21,1
2023-03-07-01,/home/ubuntu/klb/nuclr/nuclr/Data/Atanas_SF_unified_000776/cv5_grouped_v1/fold_4/test/test__2023-03-07-01__9fafa0d7.npz,51,CEPVL,1,59,CEPVL,1,1,1,1.0,0.8330711126327515,0,1,59,1
2023-03-07-01,/home/ubuntu/klb/nuclr/nuclr/Data/Atanas_SF_unified_000776/cv5_grouped_v1/fold_4/test/test__2023-03-07-01__9fafa0d7.npz,52,IL1L,1,73,IL1L,1,1,1,1.0,0.9466040134429932,0,1,73,1
2023-03-07-01,/home/ubuntu/klb/nuclr/nuclr/Data/Atanas_SF_unified_000776/cv5_grouped_v1/fold_4/test/test__2023-03-07-01__9fafa0d7.npz,53,CEPVR,1,60,CEPVR,1,1,1,1.0,0.9079242944717407,0,1,60,1
2023-03-07-01,/home/ubuntu/klb/nuclr/nuclr/Data/Atanas_SF_unified_000776/cv5_grouped_v1/fold_4/test/test__2023-03-07-01__9fafa0d7.npz,54,URADL,1,143,URADL,1,1,1,1.0,0.6670603156089783,0,1,143,1
2023-03-07-01,/home/ubuntu/klb/nuclr/nuclr/Data/Atanas_SF_unified_000776/cv5_grouped_v1/fold_4/test/test__2023-03-07-01__9fafa0d7.npz,56,I2R,1,66,I2R,1,1,1,1.0,0.9552633166313171,0,1,66,1
2023-03-07-01,/home/ubuntu/klb/nuclr/nuclr/Data/Atanas_SF_unified_000776/cv5_grouped_v1/fold_4/test/test__2023-03-07-01__9fafa0d7.npz,57,AUAL,1,32,AUAL,1,1,1,1.0,0.846538782119751,0,1,32,1
2023-03-07-01,/home/ubuntu/klb/nuclr/nuclr/Data/Atanas_SF_unified_000776/cv5_grouped_v1/fold_4/test/test__2023-03-07-01__9fafa0d7.npz,58,I2L,1,65,I2L,1,1,1,1.0,0.9319273829460144,0,1,65,1
2023-03-07-01,/home/ubuntu/klb/nuclr/nuclr/Data/Atanas_SF_unified_000776/cv5_grouped_v1/fold_4/test/test__2023-03-07-01__9fafa0d7.npz,59,RMER,1,124,RMER,1,1,1,1.0,0.9528072476387024,0,1,124,1
2023-03-07-01,/home/ubuntu/klb/nuclr/nuclr/Data/Atanas_SF_unified_000776/cv5_grouped_v1/fold_4/test/test__2023-03-07-01__9fafa0d7.npz,60,OLQDL,1,96,OLQDL,1,1,1,1.0,0.949350118637085,0,1,96,1
2023-03-07-01,/home/ubuntu/klb/nuclr/nuclr/Data/Atanas_SF_unified_000776/cv5_grouped_v1/fold_4/test/test__2023-03-07-01__9fafa0d7.npz,61,SMDDL,1,139,SMDDL,1,1,1,1.0,0.6102602481842041,0,1,139,1
2023-03-07-01,/home/ubuntu/klb/nuclr/nuclr/Data/Atanas_SF_unified_000776/cv5_grouped_v1/fold_4/test/test__2023-03-07-01__9fafa0d7.npz,62,AVAR,1,35,AVAR,1,1,1,1.0,0.9548079371452332,0,1,35,1
2023-03-07-01,/home/ubuntu/klb/nuclr/nuclr/Data/Atanas_SF_unified_000776/cv5_grouped_v1/fold_4/test/test__2023-03-07-01__9fafa0d7.npz,63,AUAR,1,33,AUAR,1,1,1,1.0,0.9477322697639465,0,1,33,1
2023-03-07-01,/home/ubuntu/klb/nuclr/nuclr/Data/Atanas_SF_unified_000776/cv5_grouped_v1/fold_4/test/test__2023-03-07-01__9fafa0d7.npz,65,URXL,1,149,URXL,1,1,1,1.0,0.4901353418827057,0,1,149,1
2023-03-07-01,/home/ubuntu/klb/nuclr/nuclr/Data/Atanas_SF_unified_000776/cv5_grouped_v1/fold_4/test/test__2023-03-07-01__9fafa0d7.npz,66,AWCR,1,54,AWCR,1,1,1,1.0,0.9100832939147949,0,1,54,1
2023-03-07-01,/home/ubuntu/klb/nuclr/nuclr/Data/Atanas_SF_unified_000776/cv5_grouped_v1/fold_4/test/test__2023-03-07-01__9fafa0d7.npz,68,BAGR,1,146,URAVR,117,0,0,0.008547008547008548,6.628334779510596e-15,1,0,146,0
2023-03-07-01,/home/ubuntu/klb/nuclr/nuclr/Data/Atanas_SF_unified_000776/cv5_grouped_v1/fold_4/test/test__2023-03-07-01__9fafa0d7.npz,73,M3L,1,86,M3R,3,0,1,0.3333333333333333,0.0006747492589056492,0,0,86,0
2023-03-07-01,/home/ubuntu/klb/nuclr/nuclr/Data/Atanas_SF_unified_000776/cv5_grouped_v1/fold_4/test/test__2023-03-07-01__9fafa0d7.npz,77,AVHL,1,42,AVHL,1,1,1,1.0,0.8488565683364868,0,1,42,1
2023-03-07-01,/home/ubuntu/klb/nuclr/nuclr/Data/Atanas_SF_unified_000776/cv5_grouped_v1/fold_4/test/test__2023-03-07-01__9fafa0d7.npz,79,OLQDR,1,97,OLQDR,1,1,1,1.0,0.7836262583732605,0,1,97,1
2023-03-07-01,/home/ubuntu/klb/nuclr/nuclr/Data/Atanas_SF_unified_000776/cv5_grouped_v1/fold_4/test/test__2023-03-07-01__9fafa0d7.npz,86,AIBR,1,10,AIBR,1,1,1,1.0,0.6703596115112305,0,1,10,1
2023-03-07-01,/home/ubuntu/klb/nuclr/nuclr/Data/Atanas_SF_unified_000776/cv5_grouped_v1/fold_4/test/test__2023-03-07-01__9fafa0d7.npz,90,URYVR,1,154,URYVR,1,1,1,1.0,0.886551022529602,0,1,154,1
2023-03-07-01,/home/ubuntu/klb/nuclr/nuclr/Data/Atanas_SF_unified_000776/cv5_grouped_v1/fold_4/test/test__2023-03-07-01__9fafa0d7.npz,91,OLLR,1,95,OLLR,1,1,1,1.0,0.9500533938407898,0,1,95,1
2023-03-07-01,/home/ubuntu/klb/nuclr/nuclr/Data/Atanas_SF_unified_000776/cv5_grouped_v1/fold_4/test/test__2023-03-07-01__9fafa0d7.npz,92,URXR,1,58,CEPDR,2,0,1,0.5,0.23777362704277039,0,0,58,0
2023-03-07-01,/home/ubuntu/klb/nuclr/nuclr/Data/Atanas_SF_unified_000776/cv5_grouped_v1/fold_4/test/test__2023-03-07-01__9fafa0d7.npz,94,URBL,1,147,URBL,1,1,1,1.0,0.7415518164634705,0,1,147,1
2023-03-07-01,/home/ubuntu/klb/nuclr/nuclr/Data/Atanas_SF_unified_000776/cv5_grouped_v1/fold_4/test/test__2023-03-07-01__9fafa0d7.npz,95,ASGL,1,23,ASGL,1,1,1,1.0,0.9549604654312134,0,1,23,1
2023-03-07-01,/home/ubuntu/klb/nuclr/nuclr/Data/Atanas_SF_unified_000776/cv5_grouped_v1/fold_4/test/test__2023-03-07-01__9fafa0d7.npz,98,NSML,1,92,NSML,1,1,1,1.0,0.9119004011154175,0,1,92,1
2023-03-07-01,/home/ubuntu/klb/nuclr/nuclr/Data/Atanas_SF_unified_000776/cv5_grouped_v1/fold_4/test/test__2023-03-07-01__9fafa0d7.npz,99,RMDR,1,119,RMDR,1,1,1,1.0,0.401203989982605,0,1,119,1
2023-03-07-01,/home/ubuntu/klb/nuclr/nuclr/Data/Atanas_SF_unified_000776/cv5_grouped_v1/fold_4/test/test__2023-03-07-01__9fafa0d7.npz,102,RMDL,1,118,RMDL,1,1,1,1.0,0.9319314360618591,0,1,118,1
2023-03-07-01,/home/ubuntu/klb/nuclr/nuclr/Data/Atanas_SF_unified_000776/cv5_grouped_v1/fold_4/test/test__2023-03-07-01__9fafa0d7.npz,103,AWBL,1,51,AWBL,1,1,1,1.0,0.6737160682678223,0,1,51,1
2023-03-07-01,/home/ubuntu/klb/nuclr/nuclr/Data/Atanas_SF_unified_000776/cv5_grouped_v1/fold_4/test/test__2023-03-07-01__9fafa0d7.npz,106,AVL,1,40,AVEL,4,0,1,0.25,0.0020302673801779747,0,0,40,0
2023-03-07-01,/home/ubuntu/klb/nuclr/nuclr/Data/Atanas_SF_unified_000776/cv5_grouped_v1/fold_4/test/test__2023-03-07-01__9fafa0d7.npz,107,RICL,1,11,AIML,2,0,1,0.5,0.003307933919131756,0,0,11,0
2023-03-07-01,/home/ubuntu/klb/nuclr/nuclr/Data/Atanas_SF_unified_000776/cv5_grouped_v1/fold_4/test/test__2023-03-07-01__9fafa0d7.npz,109,AWAR,1,28,ASIR,3,0,1,0.3333333333333333,0.012060864828526974,0,0,28,0
2023-03-07-01,/home/ubuntu/klb/nuclr/nuclr/Data/Atanas_SF_unified_000776/cv5_grouped_v1/fold_4/test/test__2023-03-07-01__9fafa0d7.npz,110,SMDDR,1,48,AVL,6,0,0,0.16666666666666666,0.001607061829417944,0,0,48,0
2023-03-07-01,/home/ubuntu/klb/nuclr/nuclr/Data/Atanas_SF_unified_000776/cv5_grouped_v1/fold_4/test/test__2023-03-07-01__9fafa0d7.npz,112,IL2DL,1,77,IL2DL,1,1,1,1.0,0.5256850123405457,0,1,77,1
2023-03-07-01,/home/ubuntu/klb/nuclr/nuclr/Data/Atanas_SF_unified_000776/cv5_grouped_v1/fold_4/test/test__2023-03-07-01__9fafa0d7.npz,113,VB02,1,107,RIFL,3,0,1,0.3333333333333333,0.07267238944768906,0,0,107,0
2023-03-07-01,/home/ubuntu/klb/nuclr/nuclr/Data/Atanas_SF_unified_000776/cv5_grouped_v1/fold_4/test/test__2023-03-07-01__9fafa0d7.npz,114,RMEL,1,123,RMEL,1,1,1,1.0,0.9446524381637573,0,1,123,1
2023-03-07-01,/home/ubuntu/klb/nuclr/nuclr/Data/Atanas_SF_unified_000776/cv5_grouped_v1/fold_4/test/test__2023-03-07-01__9fafa0d7.npz,115,AVER,1,41,AVER,1,1,1,1.0,0.8612637519836426,0,1,41,1
2023-03-07-01,/home/ubuntu/klb/nuclr/nuclr/Data/Atanas_SF_unified_000776/cv5_grouped_v1/fold_4/test/test__2023-03-07-01__9fafa0d7.npz,121,CEPDL,1,57,CEPDL,1,1,1,1.0,0.506760835647583,0,1,57,1
2023-03-07-01,/home/ubuntu/klb/nuclr/nuclr/Data/Atanas_SF_unified_000776/cv5_grouped_v1/fold_4/test/test__2023-03-07-01__9fafa0d7.npz,122,URAVL,1,145,URAVL,1,1,1,1.0,0.7285361289978027,0,1,145,1
2023-03-07-01,/home/ubuntu/klb/nuclr/nuclr/Data/Atanas_SF_unified_000776/cv5_grouped_v1/fold_4/test/test__2023-03-07-01__9fafa0d7.npz,125,OLQVR,1,99,OLQVR,1,1,1,1.0,0.8430382609367371,0,1,99,1
2023-03-07-01,/home/ubuntu/klb/nuclr/nuclr/Data/Atanas_SF_unified_000776/cv5_grouped_v1/fold_4/test/test__2023-03-07-01__9fafa0d7.npz,126,AQR,1,20,AQR,1,1,1,1.0,0.9500425457954407,0,1,20,1
2023-03-07-01,/home/ubuntu/klb/nuclr/nuclr/Data/Atanas_SF_unified_000776/cv5_grouped_v1/fold_4/test/test__2023-03-07-01__9fafa0d7.npz,127,RIAL,1,100,RIAL,1,1,1,1.0,0.8252424597740173,0,1,100,1
2023-03-07-01,/home/ubuntu/klb/nuclr/nuclr/Data/Atanas_SF_unified_000776/cv5_grouped_v1/fold_4/test/test__2023-03-07-01__9fafa0d7.npz,129,AVDL,1,38,AVDL,1,1,1,1.0,0.9537099599838257,0,1,38,1
2023-03-07-01,/home/ubuntu/klb/nuclr/nuclr/Data/Atanas_SF_unified_000776/cv5_grouped_v1/fold_4/test/test__2023-03-07-01__9fafa0d7.npz,132,IL1R,1,74,IL1R,1,1,1,1.0,0.9447920918464661,0,1,74,1
2023-03-07-01,/home/ubuntu/klb/nuclr/nuclr/Data/Atanas_SF_unified_000776/cv5_grouped_v1/fold_4/test/test__2023-03-07-01__9fafa0d7.npz,135,MI,1,91,MI,1,1,1,1.0,0.626406192779541,0,1,91,1
2023-03-07-01,/home/ubuntu/klb/nuclr/nuclr/Data/Atanas_SF_unified_000776/cv5_grouped_v1/fold_4/test/test__2023-03-07-01__9fafa0d7.npz,136,FLPL,1,61,FLPL,1,1,1,1.0,0.6860329508781433,0,1,61,1
2023-03-07-01,/home/ubuntu/klb/nuclr/nuclr/Data/Atanas_SF_unified_000776/cv5_grouped_v1/fold_4/test/test__2023-03-07-01__9fafa0d7.npz,137,AWBR,1,52,AWBR,1,1,1,1.0,0.4876663088798523,0,1,52,1
2023-03-07-01,/home/ubuntu/klb/nuclr/nuclr/Data/Atanas_SF_unified_000776/cv5_grouped_v1/fold_4/test/test__2023-03-07-01__9fafa0d7.npz,139,SMDVL,1,141,SMDVL,1,1,1,1.0,0.9338072538375854,0,1,141,1
2023-03-07-01,/home/ubuntu/klb/nuclr/nuclr/Data/Atanas_SF_unified_000776/cv5_grouped_v1/fold_4/test/test__2023-03-07-01__9fafa0d7.npz,140,ADEL,1,61,FLPL,4,0,1,0.25,0.05321076512336731,1,0,88,0
2023-03-07-01,/home/ubuntu/klb/nuclr/nuclr/Data/Atanas_SF_unified_000776/cv5_grouped_v1/fold_4/test/test__2023-03-07-01__9fafa0d7.npz,143,I3,1,67,I3,1,1,1,1.0,0.9554427862167358,0,1,67,1
2023-03-07-01,/home/ubuntu/klb/nuclr/nuclr/Data/Atanas_SF_unified_000776/cv5_grouped_v1/fold_4/test/test__2023-03-07-01__9fafa0d7.npz,144,RMEV,1,125,RMEV,1,1,1,1.0,0.8387206792831421,0,1,125,1
2023-03-07-01,/home/ubuntu/klb/nuclr/nuclr/Data/Atanas_SF_unified_000776/cv5_grouped_v1/fold_4/test/test__2023-03-07-01__9fafa0d7.npz,146,AWCL,1,53,AWCL,1,1,1,1.0,0.89654940366745,0,1,53,1
2023-03-07-01,/home/ubuntu/klb/nuclr/nuclr/Data/Atanas_SF_unified_000776/cv5_grouped_v1/fold_4/test/test__2023-03-07-01__9fafa0d7.npz,147,ASGR,1,24,ASGR,1,1,1,1.0,0.9441863894462585,0,1,24,1
2023-03-07-01,/home/ubuntu/klb/nuclr/nuclr/Data/Atanas_SF_unified_000776/cv5_grouped_v1/fold_4/test/test__2023-03-07-01__9fafa0d7.npz,149,M4,1,87,M4,1,1,1,1.0,0.9347018003463745,0,1,87,1
2023-03-07-01,/home/ubuntu/klb/nuclr/nuclr/Data/Atanas_SF_unified_000776/cv5_grouped_v1/fold_4/test/test__2023-03-07-01__9fafa0d7.npz,151,AINL,1,13,AINL,1,1,1,1.0,0.8214463591575623,0,1,13,1
2023-03-07-01,/home/ubuntu/klb/nuclr/nuclr/Data/Atanas_SF_unified_000776/cv5_grouped_v1/fold_4/test/test__2023-03-07-01__9fafa0d7.npz,152,AWAL,1,49,AWAL,1,1,1,1.0,0.7773727774620056,0,1,49,1
2022-06-14-13,/home/ubuntu/klb/nuclr/nuclr/Data/Atanas_SF_unified_000776/cv5_grouped_v1/fold_4/test/train__2022-06-14-13__ac0e5908.npz,1,I1L,1,63,I1L,1,1,1,1.0,0.9517428874969482,0,1,63,1
2022-06-14-13,/home/ubuntu/klb/nuclr/nuclr/Data/Atanas_SF_unified_000776/cv5_grouped_v1/fold_4/test/train__2022-06-14-13__ac0e5908.npz,4,ASHL,1,25,ASHL,1,1,1,1.0,0.5764800310134888,0,1,25,1
2022-06-14-13,/home/ubuntu/klb/nuclr/nuclr/Data/Atanas_SF_unified_000776/cv5_grouped_v1/fold_4/test/train__2022-06-14-13__ac0e5908.npz,5,NSML,1,92,NSML,1,1,1,1.0,0.9582548141479492,0,1,92,1
2022-06-14-13,/home/ubuntu/klb/nuclr/nuclr/Data/Atanas_SF_unified_000776/cv5_grouped_v1/fold_4/test/train__2022-06-14-13__ac0e5908.npz,6,AVKL,1,47,AVKR,5,0,1,0.2,0.002972146263346076,0,0,47,0
2022-06-14-13,/home/ubuntu/klb/nuclr/nuclr/Data/Atanas_SF_unified_000776/cv5_grouped_v1/fold_4/test/train__2022-06-14-13__ac0e5908.npz,8,RMER,1,124,RMER,1,1,1,1.0,0.9328869581222534,0,1,124,1
2022-06-14-13,/home/ubuntu/klb/nuclr/nuclr/Data/Atanas_SF_unified_000776/cv5_grouped_v1/fold_4/test/train__2022-06-14-13__ac0e5908.npz,9,IL1VL,1,76,IL1VR,2,0,1,0.5,0.09940928220748901,0,0,76,0
2022-06-14-13,/home/ubuntu/klb/nuclr/nuclr/Data/Atanas_SF_unified_000776/cv5_grouped_v1/fold_4/test/train__2022-06-14-13__ac0e5908.npz,11,RIVL,1,114,RIVL,1,1,1,1.0,0.7902828454971313,0,1,114,1
2022-06-14-13,/home/ubuntu/klb/nuclr/nuclr/Data/Atanas_SF_unified_000776/cv5_grouped_v1/fold_4/test/train__2022-06-14-13__ac0e5908.npz,12,ASGR,1,52,AWBR,8,0,0,0.125,0.0010979484068229795,0,0,52,0
2022-06-14-13,/home/ubuntu/klb/nuclr/nuclr/Data/Atanas_SF_unified_000776/cv5_grouped_v1/fold_4/test/train__2022-06-14-13__ac0e5908.npz,13,AIMR,1,107,RIFL,3,0,1,0.3333333333333333,0.025225205346941948,0,0,107,0
2022-06-14-13,/home/ubuntu/klb/nuclr/nuclr/Data/Atanas_SF_unified_000776/cv5_grouped_v1/fold_4/test/train__2022-06-14-13__ac0e5908.npz,15,AIBL,1,114,RIVL,31,0,0,0.03225806451612903,1.559961049224512e-08,1,0,21,0
2022-06-14-13,/home/ubuntu/klb/nuclr/nuclr/Data/Atanas_SF_unified_000776/cv5_grouped_v1/fold_4/test/train__2022-06-14-13__ac0e5908.npz,16,FLPL,1,104,RICL,2,0,1,0.5,0.18763695657253265,0,0,104,0
2022-06-14-13,/home/ubuntu/klb/nuclr/nuclr/Data/Atanas_SF_unified_000776/cv5_grouped_v1/fold_4/test/train__2022-06-14-13__ac0e5908.npz,17,AIZR,1,14,AINR,2,0,1,0.5,0.19442197680473328,0,0,14,0
2022-06-14-13,/home/ubuntu/klb/nuclr/nuclr/Data/Atanas_SF_unified_000776/cv5_grouped_v1/fold_4/test/train__2022-06-14-13__ac0e5908.npz,18,MCL,1,89,MCL,1,1,1,1.0,0.808080792427063,0,1,89,1
2022-06-14-13,/home/ubuntu/klb/nuclr/nuclr/Data/Atanas_SF_unified_000776/cv5_grouped_v1/fold_4/test/train__2022-06-14-13__ac0e5908.npz,19,AVJL,1,13,AINL,34,0,0,0.029411764705882353,3.3108921160263094e-10,0,0,13,0
2022-06-14-13,/home/ubuntu/klb/nuclr/nuclr/Data/Atanas_SF_unified_000776/cv5_grouped_v1/fold_4/test/train__2022-06-14-13__ac0e5908.npz,21,URXR,1,150,URXR,1,1,1,1.0,0.9362175464630127,0,1,150,1
2022-06-14-13,/home/ubuntu/klb/nuclr/nuclr/Data/Atanas_SF_unified_000776/cv5_grouped_v1/fold_4/test/train__2022-06-14-13__ac0e5908.npz,22,CEPDR,1,58,CEPDR,1,1,1,1.0,0.9098858833312988,0,1,58,1
2022-06-14-13,/home/ubuntu/klb/nuclr/nuclr/Data/Atanas_SF_unified_000776/cv5_grouped_v1/fold_4/test/train__2022-06-14-13__ac0e5908.npz,23,ADLL,1,27,ASIL,3,0,1,0.3333333333333333,0.03158589452505112,0,0,27,0
2022-06-14-13,/home/ubuntu/klb/nuclr/nuclr/Data/Atanas_SF_unified_000776/cv5_grouped_v1/fold_4/test/train__2022-06-14-13__ac0e5908.npz,24,RICR,1,105,RICR,1,1,1,1.0,0.8033666610717773,0,1,105,1
2022-06-14-13,/home/ubuntu/klb/nuclr/nuclr/Data/Atanas_SF_unified_000776/cv5_grouped_v1/fold_4/test/train__2022-06-14-13__ac0e5908.npz,25,CEPVR,1,99,OLQVR,3,0,1,0.3333333333333333,0.021018939092755318,0,0,99,0
2022-06-14-13,/home/ubuntu/klb/nuclr/nuclr/Data/Atanas_SF_unified_000776/cv5_grouped_v1/fold_4/test/train__2022-06-14-13__ac0e5908.npz,26,M5,1,88,M5,1,1,1,1.0,0.8701069355010986,0,1,88,1
2022-06-14-13,/home/ubuntu/klb/nuclr/nuclr/Data/Atanas_SF_unified_000776/cv5_grouped_v1/fold_4/test/train__2022-06-14-13__ac0e5908.npz,27,I2L,1,65,I2L,1,1,1,1.0,0.9587689638137817,0,1,65,1
2022-06-14-13,/home/ubuntu/klb/nuclr/nuclr/Data/Atanas_SF_unified_000776/cv5_grouped_v1/fold_4/test/train__2022-06-14-13__ac0e5908.npz,29,SMDVR,1,142,SMDVR,1,1,1,1.0,0.7242149114608765,0,1,142,1
2022-06-14-13,/home/ubuntu/klb/nuclr/nuclr/Data/Atanas_SF_unified_000776/cv5_grouped_v1/fold_4/test/train__2022-06-14-13__ac0e5908.npz,32,RID,1,106,RID,1,1,1,1.0,0.952623724937439,0,1,106,1
2022-06-14-13,/home/ubuntu/klb/nuclr/nuclr/Data/Atanas_SF_unified_000776/cv5_grouped_v1/fold_4/test/train__2022-06-14-13__ac0e5908.npz,34,AUAR,1,116,RMDDL,40,0,0,0.025,1.4535653236613655e-10,0,0,116,0
2022-06-14-13,/home/ubuntu/klb/nuclr/nuclr/Data/Atanas_SF_unified_000776/cv5_grouped_v1/fold_4/test/train__2022-06-14-13__ac0e5908.npz,35,URYVL,1,153,URYVL,1,1,1,1.0,0.8502136468887329,0,1,153,1
2022-06-14-13,/home/ubuntu/klb/nuclr/nuclr/Data/Atanas_SF_unified_000776/cv5_grouped_v1/fold_4/test/train__2022-06-14-13__ac0e5908.npz,36,AIBR,1,10,AIBR,1,1,1,1.0,0.7771481871604919,0,1,10,1
2022-06-14-13,/home/ubuntu/klb/nuclr/nuclr/Data/Atanas_SF_unified_000776/cv5_grouped_v1/fold_4/test/train__2022-06-14-13__ac0e5908.npz,37,RMDVL,1,120,RMDVL,1,1,1,1.0,0.9564192295074463,0,1,120,1
2022-06-14-13,/home/ubuntu/klb/nuclr/nuclr/Data/Atanas_SF_unified_000776/cv5_grouped_v1/fold_4/test/train__2022-06-14-13__ac0e5908.npz,38,URYDL,1,151,URYDL,1,1,1,1.0,0.3468747138977051,1,0,151,1
2022-06-14-13,/home/ubuntu/klb/nuclr/nuclr/Data/Atanas_SF_unified_000776/cv5_grouped_v1/fold_4/test/train__2022-06-14-13__ac0e5908.npz,40,URBR,1,148,URBR,1,1,1,1.0,0.368490606546402,0,1,148,1
2022-06-14-13,/home/ubuntu/klb/nuclr/nuclr/Data/Atanas_SF_unified_000776/cv5_grouped_v1/fold_4/test/train__2022-06-14-13__ac0e5908.npz,46,AUAL,1,134,SIBVL,6,0,0,0.16666666666666666,0.004404670558869839,0,0,134,0
2022-06-14-13,/home/ubuntu/klb/nuclr/nuclr/Data/Atanas_SF_unified_000776/cv5_grouped_v1/fold_4/test/train__2022-06-14-13__ac0e5908.npz,47,AVL,1,140,SMDDR,2,0,1,0.5,0.15360300242900848,0,0,140,0
2022-06-14-13,/home/ubuntu/klb/nuclr/nuclr/Data/Atanas_SF_unified_000776/cv5_grouped_v1/fold_4/test/train__2022-06-14-13__ac0e5908.npz,48,IL1DL,1,71,IL1DL,1,1,1,1.0,0.9533385634422302,0,1,71,1
2022-06-14-13,/home/ubuntu/klb/nuclr/nuclr/Data/Atanas_SF_unified_000776/cv5_grouped_v1/fold_4/test/train__2022-06-14-13__ac0e5908.npz,50,AWAL,1,49,AWAL,1,1,1,1.0,0.9354299306869507,0,1,49,1
2022-06-14-13,/home/ubuntu/klb/nuclr/nuclr/Data/Atanas_SF_unified_000776/cv5_grouped_v1/fold_4/test/train__2022-06-14-13__ac0e5908.npz,52,SMDDL,1,139,SMDDL,1,1,1,1.0,0.39665675163269043,0,1,139,1
2022-06-14-13,/home/ubuntu/klb/nuclr/nuclr/Data/Atanas_SF_unified_000776/cv5_grouped_v1/fold_4/test/train__2022-06-14-13__ac0e5908.npz,53,SMDDR,1,117,RMDDR,12,0,0,0.08333333333333333,9.897761628963053e-06,0,0,117,0
2022-06-14-13,/home/ubuntu/klb/nuclr/nuclr/Data/Atanas_SF_unified_000776/cv5_grouped_v1/fold_4/test/train__2022-06-14-13__ac0e5908.npz,54,CEPVL,1,60,CEPVR,2,0,1,0.5,0.26883378624916077,0,0,60,0
2022-06-14-13,/home/ubuntu/klb/nuclr/nuclr/Data/Atanas_SF_unified_000776/cv5_grouped_v1/fold_4/test/train__2022-06-14-13__ac0e5908.npz,55,IL1L,1,73,IL1L,1,1,1,1.0,0.9517610669136047,0,1,73,1
2022-06-14-13,/home/ubuntu/klb/nuclr/nuclr/Data/Atanas_SF_unified_000776/cv5_grouped_v1/fold_4/test/train__2022-06-14-13__ac0e5908.npz,58,AIML,1,113,RIS,5,0,1,0.2,0.02855267934501171,0,0,113,0
2022-06-14-13,/home/ubuntu/klb/nuclr/nuclr/Data/Atanas_SF_unified_000776/cv5_grouped_v1/fold_4/test/train__2022-06-14-13__ac0e5908.npz,59,IL2VL,1,81,IL2VL,1,1,1,1.0,0.8210959434509277,0,1,81,1
2022-06-14-13,/home/ubuntu/klb/nuclr/nuclr/Data/Atanas_SF_unified_000776/cv5_grouped_v1/fold_4/test/train__2022-06-14-13__ac0e5908.npz,61,IL2L,1,79,IL2L,1,1,1,1.0,0.9212213158607483,0,1,79,1
2022-06-14-13,/home/ubuntu/klb/nuclr/nuclr/Data/Atanas_SF_unified_000776/cv5_grouped_v1/fold_4/test/train__2022-06-14-13__ac0e5908.npz,62,I3,1,67,I3,1,1,1,1.0,0.9587840437889099,0,1,67,1
2022-06-14-13,/home/ubuntu/klb/nuclr/nuclr/Data/Atanas_SF_unified_000776/cv5_grouped_v1/fold_4/test/train__2022-06-14-13__ac0e5908.npz,63,ASGL,1,23,ASGL,1,1,1,1.0,0.9112861156463623,0,1,23,1
2022-06-14-13,/home/ubuntu/klb/nuclr/nuclr/Data/Atanas_SF_unified_000776/cv5_grouped_v1/fold_4/test/train__2022-06-14-13__ac0e5908.npz,64,M4,1,87,M4,1,1,1,1.0,0.9500769972801208,0,1,87,1
2022-06-14-13,/home/ubuntu/klb/nuclr/nuclr/Data/Atanas_SF_unified_000776/cv5_grouped_v1/fold_4/test/train__2022-06-14-13__ac0e5908.npz,65,IL2DL,1,77,IL2DL,1,1,1,1.0,0.957350492477417,0,1,77,1
2022-06-14-13,/home/ubuntu/klb/nuclr/nuclr/Data/Atanas_SF_unified_000776/cv5_grouped_v1/fold_4/test/train__2022-06-14-13__ac0e5908.npz,66,RMEV,1,125,RMEV,1,1,1,1.0,0.630627453327179,0,1,125,1
2022-06-14-13,/home/ubuntu/klb/nuclr/nuclr/Data/Atanas_SF_unified_000776/cv5_grouped_v1/fold_4/test/train__2022-06-14-13__ac0e5908.npz,67,URYVR,1,154,URYVR,1,1,1,1.0,0.953974723815918,0,1,154,1
2022-06-14-13,/home/ubuntu/klb/nuclr/nuclr/Data/Atanas_SF_unified_000776/cv5_grouped_v1/fold_4/test/train__2022-06-14-13__ac0e5908.npz,68,OLLL,1,94,OLLL,1,1,1,1.0,0.925041139125824,0,1,94,1
2022-06-14-13,/home/ubuntu/klb/nuclr/nuclr/Data/Atanas_SF_unified_000776/cv5_grouped_v1/fold_4/test/train__2022-06-14-13__ac0e5908.npz,69,URXL,1,149,URXL,1,1,1,1.0,0.9456426501274109,0,1,149,1
2022-06-14-13,/home/ubuntu/klb/nuclr/nuclr/Data/Atanas_SF_unified_000776/cv5_grouped_v1/fold_4/test/train__2022-06-14-13__ac0e5908.npz,73,OLQVR,1,99,OLQVR,1,1,1,1.0,0.3078170120716095,1,0,146,0
2022-06-14-13,/home/ubuntu/klb/nuclr/nuclr/Data/Atanas_SF_unified_000776/cv5_grouped_v1/fold_4/test/train__2022-06-14-13__ac0e5908.npz,74,ADEL,1,2,ADEL,1,1,1,1.0,0.8931077718734741,0,1,2,1
2022-06-14-13,/home/ubuntu/klb/nuclr/nuclr/Data/Atanas_SF_unified_000776/cv5_grouped_v1/fold_4/test/train__2022-06-14-13__ac0e5908.npz,76,M3L,1,85,M3L,1,1,1,1.0,0.942507266998291,0,1,85,1
2022-06-14-13,/home/ubuntu/klb/nuclr/nuclr/Data/Atanas_SF_unified_000776/cv5_grouped_v1/fold_4/test/train__2022-06-14-13__ac0e5908.npz,77,IL2R,1,80,IL2R,1,1,1,1.0,0.4492948055267334,1,0,80,1
2022-06-14-13,/home/ubuntu/klb/nuclr/nuclr/Data/Atanas_SF_unified_000776/cv5_grouped_v1/fold_4/test/train__2022-06-14-13__ac0e5908.npz,79,CEPDL,1,57,CEPDL,1,1,1,1.0,0.958721935749054,0,1,57,1
2022-06-14-13,/home/ubuntu/klb/nuclr/nuclr/Data/Atanas_SF_unified_000776/cv5_grouped_v1/fold_4/test/train__2022-06-14-13__ac0e5908.npz,80,AWCL,1,53,AWCL,1,1,1,1.0,0.8851803541183472,0,1,53,1
2022-06-14-13,/home/ubuntu/klb/nuclr/nuclr/Data/Atanas_SF_unified_000776/cv5_grouped_v1/fold_4/test/train__2022-06-14-13__ac0e5908.npz,81,AVJR,1,45,AVJR,1,1,1,1.0,0.5150898098945618,0,1,45,1
2022-06-14-13,/home/ubuntu/klb/nuclr/nuclr/Data/Atanas_SF_unified_000776/cv5_grouped_v1/fold_4/test/train__2022-06-14-13__ac0e5908.npz,82,RMEL,1,123,RMEL,1,1,1,1.0,0.9576079845428467,0,1,123,1
2022-06-14-13,/home/ubuntu/klb/nuclr/nuclr/Data/Atanas_SF_unified_000776/cv5_grouped_v1/fold_4/test/train__2022-06-14-13__ac0e5908.npz,84,OLQVL,1,98,OLQVL,1,1,1,1.0,0.9330372214317322,0,1,98,1
2022-06-14-13,/home/ubuntu/klb/nuclr/nuclr/Data/Atanas_SF_unified_000776/cv5_grouped_v1/fold_4/test/train__2022-06-14-13__ac0e5908.npz,85,AVHL,1,17,AIZL,2,0,1,0.5,0.4363138973712921,0,0,17,0
2022-06-14-13,/home/ubuntu/klb/nuclr/nuclr/Data/Atanas_SF_unified_000776/cv5_grouped_v1/fold_4/test/train__2022-06-14-13__ac0e5908.npz,86,IL1DR,1,72,IL1DR,1,1,1,1.0,0.948820173740387,0,1,72,1
2022-06-14-13,/home/ubuntu/klb/nuclr/nuclr/Data/Atanas_SF_unified_000776/cv5_grouped_v1/fold_4/test/train__2022-06-14-13__ac0e5908.npz,87,RMED,1,122,RMED,1,1,1,1.0,0.9250394105911255,0,1,122,1
2022-06-14-13,/home/ubuntu/klb/nuclr/nuclr/Data/Atanas_SF_unified_000776/cv5_grouped_v1/fold_4/test/train__2022-06-14-13__ac0e5908.npz,88,AWBL,1,26,ASHR,6,0,0,0.16666666666666666,0.001325542340055108,0,0,26,0
2022-06-14-13,/home/ubuntu/klb/nuclr/nuclr/Data/Atanas_SF_unified_000776/cv5_grouped_v1/fold_4/test/train__2022-06-14-13__ac0e5908.npz,89,URBL,1,147,URBL,1,1,1,1.0,0.933379054069519,0,1,147,1
2022-06-14-13,/home/ubuntu/klb/nuclr/nuclr/Data/Atanas_SF_unified_000776/cv5_grouped_v1/fold_4/test/train__2022-06-14-13__ac0e5908.npz,90,AVDL,1,38,AVDL,1,1,1,1.0,0.4243519902229309,1,0,39,0
2022-06-14-13,/home/ubuntu/klb/nuclr/nuclr/Data/Atanas_SF_unified_000776/cv5_grouped_v1/fold_4/test/train__2022-06-14-13__ac0e5908.npz,91,OLLR,1,95,OLLR,1,1,1,1.0,0.7893807888031006,0,1,95,1
2022-06-14-13,/home/ubuntu/klb/nuclr/nuclr/Data/Atanas_SF_unified_000776/cv5_grouped_v1/fold_4/test/train__2022-06-14-13__ac0e5908.npz,92,NSMR,1,93,NSMR,1,1,1,1.0,0.9571217894554138,0,1,93,1
2022-06-14-13,/home/ubuntu/klb/nuclr/nuclr/Data/Atanas_SF_unified_000776/cv5_grouped_v1/fold_4/test/train__2022-06-14-13__ac0e5908.npz,93,I2R,1,66,I2R,1,1,1,1.0,0.955368161201477,0,1,66,1
2022-06-14-13,/home/ubuntu/klb/nuclr/nuclr/Data/Atanas_SF_unified_000776/cv5_grouped_v1/fold_4/test/train__2022-06-14-13__ac0e5908.npz,96,RIS,1,108,RIFR,22,0,0,0.045454545454545456,4.7423632167920005e-06,0,0,108,0
2022-06-14-13,/home/ubuntu/klb/nuclr/nuclr/Data/Atanas_SF_unified_000776/cv5_grouped_v1/fold_4/test/train__2022-06-14-13__ac0e5908.npz,97,AQR,1,15,AIYL,9,0,0,0.1111111111111111,1.7244316040887497e-05,0,0,15,0
2022-06-14-13,/home/ubuntu/klb/nuclr/nuclr/Data/Atanas_SF_unified_000776/cv5_grouped_v1/fold_4/test/train__2022-06-14-13__ac0e5908.npz,98,AVER,1,41,AVER,1,1,1,1.0,0.9262179136276245,0,1,41,1
2022-06-14-13,/home/ubuntu/klb/nuclr/nuclr/Data/Atanas_SF_unified_000776/cv5_grouped_v1/fold_4/test/train__2022-06-14-13__ac0e5908.npz,99,AIZL,1,38,AVDL,60,0,0,0.016666666666666666,3.165589318454565e-11,0,0,38,0
2022-06-14-13,/home/ubuntu/klb/nuclr/nuclr/Data/Atanas_SF_unified_000776/cv5_grouped_v1/fold_4/test/train__2022-06-14-13__ac0e5908.npz,100,OLQDL,1,96,OLQDL,1,1,1,1.0,0.8232564330101013,0,1,96,1
2022-06-14-13,/home/ubuntu/klb/nuclr/nuclr/Data/Atanas_SF_unified_000776/cv5_grouped_v1/fold_4/test/train__2022-06-14-13__ac0e5908.npz,101,I1R,1,64,I1R,1,1,1,1.0,0.9556142091751099,0,1,64,1
2022-06-14-13,/home/ubuntu/klb/nuclr/nuclr/Data/Atanas_SF_unified_000776/cv5_grouped_v1/fold_4/test/train__2022-06-14-13__ac0e5908.npz,102,AVDR,1,44,AVJL,21,0,0,0.047619047619047616,1.4389619309440604e-06,0,0,44,0
2022-06-14-13,/home/ubuntu/klb/nuclr/nuclr/Data/Atanas_SF_unified_000776/cv5_grouped_v1/fold_4/test/train__2022-06-14-13__ac0e5908.npz,103,SMDVL,1,141,SMDVL,1,1,1,1.0,0.9518591165542603,0,1,141,1
2022-06-14-13,/home/ubuntu/klb/nuclr/nuclr/Data/Atanas_SF_unified_000776/cv5_grouped_v1/fold_4/test/train__2022-06-14-13__ac0e5908.npz,104,ASER,1,50,AWAR,4,0,1,0.25,0.04564006254076958,0,0,50,0
2022-06-14-13,/home/ubuntu/klb/nuclr/nuclr/Data/Atanas_SF_unified_000776/cv5_grouped_v1/fold_4/test/train__2022-06-14-13__ac0e5908.npz,107,M3R,1,86,M3R,1,1,1,1.0,0.9422825574874878,0,1,86,1
2022-06-14-13,/home/ubuntu/klb/nuclr/nuclr/Data/Atanas_SF_unified_000776/cv5_grouped_v1/fold_4/test/train__2022-06-14-13__ac0e5908.npz,110,RIAL,1,100,RIAL,1,1,1,1.0,0.9513068199157715,0,1,100,1
2022-06-14-13,/home/ubuntu/klb/nuclr/nuclr/Data/Atanas_SF_unified_000776/cv5_grouped_v1/fold_4/test/train__2022-06-14-13__ac0e5908.npz,111,OLQDR,1,97,OLQDR,1,1,1,1.0,0.7707176804542542,0,1,97,1
2022-06-14-13,/home/ubuntu/klb/nuclr/nuclr/Data/Atanas_SF_unified_000776/cv5_grouped_v1/fold_4/test/train__2022-06-14-13__ac0e5908.npz,112,ADAL,1,0,ADAL,1,1,1,1.0,0.9451715350151062,0,1,0,1
2022-06-14-13,/home/ubuntu/klb/nuclr/nuclr/Data/Atanas_SF_unified_000776/cv5_grouped_v1/fold_4/test/train__2022-06-14-13__ac0e5908.npz,115,RIVR,1,115,RIVR,1,1,1,1.0,0.9519725441932678,0,1,115,1
2022-06-14-13,/home/ubuntu/klb/nuclr/nuclr/Data/Atanas_SF_unified_000776/cv5_grouped_v1/fold_4/test/train__2022-06-14-13__ac0e5908.npz,116,RMDL,1,118,RMDL,1,1,1,1.0,0.916610836982727,0,1,118,1
2022-06-14-13,/home/ubuntu/klb/nuclr/nuclr/Data/Atanas_SF_unified_000776/cv5_grouped_v1/fold_4/test/train__2022-06-14-13__ac0e5908.npz,117,IL1R,1,74,IL1R,1,1,1,1.0,0.8466623425483704,0,1,74,1
2022-06-14-13,/home/ubuntu/klb/nuclr/nuclr/Data/Atanas_SF_unified_000776/cv5_grouped_v1/fold_4/test/train__2022-06-14-13__ac0e5908.npz,118,AVEL,1,40,AVEL,1,1,1,1.0,0.5949077010154724,0,1,40,1
2022-06-14-13,/home/ubuntu/klb/nuclr/nuclr/Data/Atanas_SF_unified_000776/cv5_grouped_v1/fold_4/test/train__2022-06-14-13__ac0e5908.npz,120,AWAR,1,5,ADLR,13,0,0,0.07692307692307693,2.9503362384275533e-05,0,0,5,0
2022-06-14-13,/home/ubuntu/klb/nuclr/nuclr/Data/Atanas_SF_unified_000776/cv5_grouped_v1/fold_4/test/train__2022-06-14-13__ac0e5908.npz,121,RIAR,1,101,RIAR,1,1,1,1.0,0.7785171866416931,0,1,101,1
2022-06-14-13,/home/ubuntu/klb/nuclr/nuclr/Data/Atanas_SF_unified_000776/cv5_grouped_v1/fold_4/test/train__2022-06-14-13__ac0e5908.npz,123,RIBL,1,102,RIBL,1,1,1,1.0,0.5082125663757324,0,1,102,1
2022-06-14-13,/home/ubuntu/klb/nuclr/nuclr/Data/Atanas_SF_unified_000776/cv5_grouped_v1/fold_4/test/train__2022-06-14-13__ac0e5908.npz,124,SAAVR,1,131,SAAVR,1,1,1,1.0,0.9363112449645996,0,1,131,1
2022-06-14-13,/home/ubuntu/klb/nuclr/nuclr/Data/Atanas_SF_unified_000776/cv5_grouped_v1/fold_4/test/train__2022-06-14-13__ac0e5908.npz,125,SAAVL,1,130,SAAVL,1,1,1,1.0,0.9537391066551208,0,1,130,1
2022-06-14-13,/home/ubuntu/klb/nuclr/nuclr/Data/Atanas_SF_unified_000776/cv5_grouped_v1/fold_4/test/train__2022-06-14-13__ac0e5908.npz,126,AVAL,1,34,AVAL,1,1,1,1.0,0.9499076008796692,0,1,34,1
2022-06-14-13,/home/ubuntu/klb/nuclr/nuclr/Data/Atanas_SF_unified_000776/cv5_grouped_v1/fold_4/test/train__2022-06-14-13__ac0e5908.npz,127,ASEL,1,32,AUAL,18,0,0,0.05555555555555555,1.2590097639986197e-06,0,0,32,0
2022-06-14-13,/home/ubuntu/klb/nuclr/nuclr/Data/Atanas_SF_unified_000776/cv5_grouped_v1/fold_4/test/train__2022-06-14-13__ac0e5908.npz,128,RIBR,1,132,SIBDL,5,0,1,0.2,0.04344017431139946,0,0,132,0
2022-06-14-13,/home/ubuntu/klb/nuclr/nuclr/Data/Atanas_SF_unified_000776/cv5_grouped_v1/fold_4/test/train__2022-06-14-13__ac0e5908.npz,129,RMDVR,1,121,RMDVR,1,1,1,1.0,0.951362669467926,0,1,121,1
2022-06-14-13,/home/ubuntu/klb/nuclr/nuclr/Data/Atanas_SF_unified_000776/cv5_grouped_v1/fold_4/test/train__2022-06-14-13__ac0e5908.npz,130,VB02,1,155,VB02,1,1,1,1.0,0.8421182036399841,0,1,155,1
2022-06-14-13,/home/ubuntu/klb/nuclr/nuclr/Data/Atanas_SF_unified_000776/cv5_grouped_v1/fold_4/test/train__2022-06-14-13__ac0e5908.npz,131,RICL,1,137,SMBVL,14,0,0,0.07142857142857142,0.0006417653639800847,1,0,137,0
2022-06-14-13,/home/ubuntu/klb/nuclr/nuclr/Data/Atanas_SF_unified_000776/cv5_grouped_v1/fold_4/test/train__2022-06-14-13__ac0e5908.npz,132,AVAR,1,35,AVAR,1,1,1,1.0,0.9574573040008545,0,1,35,1
2023-01-05-18,/home/ubuntu/klb/nuclr/nuclr/Data/Atanas_SF_unified_000776/cv5_grouped_v1/fold_4/test/train__2023-01-05-18__d7235b22.npz,0,AVAL,1,34,AVAL,1,1,1,1.0,0.9580449461936951,0,1,34,1
2023-01-05-18,/home/ubuntu/klb/nuclr/nuclr/Data/Atanas_SF_unified_000776/cv5_grouped_v1/fold_4/test/train__2023-01-05-18__d7235b22.npz,3,URAVL,1,145,URAVL,1,1,1,1.0,0.9150974154472351,0,1,145,1
2023-01-05-18,/home/ubuntu/klb/nuclr/nuclr/Data/Atanas_SF_unified_000776/cv5_grouped_v1/fold_4/test/train__2023-01-05-18__d7235b22.npz,4,AVDR,1,20,AQR,3,0,1,0.3333333333333333,0.10050009936094284,0,0,20,0
2023-01-05-18,/home/ubuntu/klb/nuclr/nuclr/Data/Atanas_SF_unified_000776/cv5_grouped_v1/fold_4/test/train__2023-01-05-18__d7235b22.npz,5,IL2DR,1,78,IL2DR,1,1,1,1.0,0.9295228123664856,0,1,78,1
2023-01-05-18,/home/ubuntu/klb/nuclr/nuclr/Data/Atanas_SF_unified_000776/cv5_grouped_v1/fold_4/test/train__2023-01-05-18__d7235b22.npz,6,RMDL,1,118,RMDL,1,1,1,1.0,0.7659927606582642,0,1,118,1
2023-01-05-18,/home/ubuntu/klb/nuclr/nuclr/Data/Atanas_SF_unified_000776/cv5_grouped_v1/fold_4/test/train__2023-01-05-18__d7235b22.npz,7,OLQVL,1,98,OLQVL,1,1,1,1.0,0.9115915894508362,0,1,98,1
2023-01-05-18,/home/ubuntu/klb/nuclr/nuclr/Data/Atanas_SF_unified_000776/cv5_grouped_v1/fold_4/test/train__2023-01-05-18__d7235b22.npz,8,CEPVL,1,59,CEPVL,1,1,1,1.0,0.8928802609443665,0,1,59,1
2023-01-05-18,/home/ubuntu/klb/nuclr/nuclr/Data/Atanas_SF_unified_000776/cv5_grouped_v1/fold_4/test/train__2023-01-05-18__d7235b22.npz,10,M4,1,87,M4,1,1,1,1.0,0.9358897805213928,0,1,87,1
2023-01-05-18,/home/ubuntu/klb/nuclr/nuclr/Data/Atanas_SF_unified_000776/cv5_grouped_v1/fold_4/test/train__2023-01-05-18__d7235b22.npz,11,NSMR,1,93,NSMR,1,1,1,1.0,0.927937388420105,0,1,93,1
2023-01-05-18,/home/ubuntu/klb/nuclr/nuclr/Data/Atanas_SF_unified_000776/cv5_grouped_v1/fold_4/test/train__2023-01-05-18__d7235b22.npz,13,M3L,1,75,IL1VL,2,0,1,0.5,0.44048362970352173,0,0,75,0
2023-01-05-18,/home/ubuntu/klb/nuclr/nuclr/Data/Atanas_SF_unified_000776/cv5_grouped_v1/fold_4/test/train__2023-01-05-18__d7235b22.npz,14,AWAL,1,49,AWAL,1,1,1,1.0,0.9404706954956055,0,1,49,1
2023-01-05-18,/home/ubuntu/klb/nuclr/nuclr/Data/Atanas_SF_unified_000776/cv5_grouped_v1/fold_4/test/train__2023-01-05-18__d7235b22.npz,16,URBL,1,147,URBL,1,1,1,1.0,0.8529642224311829,0,1,147,1
2023-01-05-18,/home/ubuntu/klb/nuclr/nuclr/Data/Atanas_SF_unified_000776/cv5_grouped_v1/fold_4/test/train__2023-01-05-18__d7235b22.npz,17,URBR,1,148,URBR,1,1,1,1.0,0.5591955780982971,0,1,148,1
2023-01-05-18,/home/ubuntu/klb/nuclr/nuclr/Data/Atanas_SF_unified_000776/cv5_grouped_v1/fold_4/test/train__2023-01-05-18__d7235b22.npz,18,FLPL,1,127,RMGL,11,0,0,0.09090909090909091,1.9095671177637996e-06,0,0,127,0
2023-01-05-18,/home/ubuntu/klb/nuclr/nuclr/Data/Atanas_SF_unified_000776/cv5_grouped_v1/fold_4/test/train__2023-01-05-18__d7235b22.npz,20,I1L,1,63,I1L,1,1,1,1.0,0.9546585083007812,0,1,63,1
2023-01-05-18,/home/ubuntu/klb/nuclr/nuclr/Data/Atanas_SF_unified_000776/cv5_grouped_v1/fold_4/test/train__2023-01-05-18__d7235b22.npz,21,ADLL,1,4,ADLL,1,1,1,1.0,0.9461021423339844,0,1,4,1
2023-01-05-18,/home/ubuntu/klb/nuclr/nuclr/Data/Atanas_SF_unified_000776/cv5_grouped_v1/fold_4/test/train__2023-01-05-18__d7235b22.npz,24,RIAL,1,100,RIAL,1,1,1,1.0,0.9437677264213562,0,1,100,1
2023-01-05-18,/home/ubuntu/klb/nuclr/nuclr/Data/Atanas_SF_unified_000776/cv5_grouped_v1/fold_4/test/train__2023-01-05-18__d7235b22.npz,25,RIVL,1,114,RIVL,1,1,1,1.0,0.9584767818450928,0,1,114,1
2023-01-05-18,/home/ubuntu/klb/nuclr/nuclr/Data/Atanas_SF_unified_000776/cv5_grouped_v1/fold_4/test/train__2023-01-05-18__d7235b22.npz,26,I3,1,67,I3,1,1,1,1.0,0.950331449508667,0,1,67,1
2023-01-05-18,/home/ubuntu/klb/nuclr/nuclr/Data/Atanas_SF_unified_000776/cv5_grouped_v1/fold_4/test/train__2023-01-05-18__d7235b22.npz,27,IL2VR,1,82,IL2VR,1,1,1,1.0,0.9577900767326355,0,1,82,1
2023-01-05-18,/home/ubuntu/klb/nuclr/nuclr/Data/Atanas_SF_unified_000776/cv5_grouped_v1/fold_4/test/train__2023-01-05-18__d7235b22.npz,29,AVAR,1,35,AVAR,1,1,1,1.0,0.9565321803092957,0,1,35,1
2023-01-05-18,/home/ubuntu/klb/nuclr/nuclr/Data/Atanas_SF_unified_000776/cv5_grouped_v1/fold_4/test/train__2023-01-05-18__d7235b22.npz,30,AIZR,1,18,AIZR,1,1,1,1.0,0.7839109897613525,0,1,18,1
2023-01-05-18,/home/ubuntu/klb/nuclr/nuclr/Data/Atanas_SF_unified_000776/cv5_grouped_v1/fold_4/test/train__2023-01-05-18__d7235b22.npz,31,URADR,1,144,URADR,1,1,1,1.0,0.7737454771995544,0,1,144,1
2023-01-05-18,/home/ubuntu/klb/nuclr/nuclr/Data/Atanas_SF_unified_000776/cv5_grouped_v1/fold_4/test/train__2023-01-05-18__d7235b22.npz,32,AVL,1,48,AVL,1,1,1,1.0,0.9013635516166687,0,1,48,1
2023-01-05-18,/home/ubuntu/klb/nuclr/nuclr/Data/Atanas_SF_unified_000776/cv5_grouped_v1/fold_4/test/train__2023-01-05-18__d7235b22.npz,35,M3R,1,86,M3R,1,1,1,1.0,0.9424446225166321,0,1,86,1
2023-01-05-18,/home/ubuntu/klb/nuclr/nuclr/Data/Atanas_SF_unified_000776/cv5_grouped_v1/fold_4/test/train__2023-01-05-18__d7235b22.npz,36,MCL,1,89,MCL,1,1,1,1.0,0.9201056361198425,0,1,89,1
2023-01-05-18,/home/ubuntu/klb/nuclr/nuclr/Data/Atanas_SF_unified_000776/cv5_grouped_v1/fold_4/test/train__2023-01-05-18__d7235b22.npz,37,CEPDL,1,57,CEPDL,1,1,1,1.0,0.949054479598999,0,1,57,1
2023-01-05-18,/home/ubuntu/klb/nuclr/nuclr/Data/Atanas_SF_unified_000776/cv5_grouped_v1/fold_4/test/train__2023-01-05-18__d7235b22.npz,38,AINR,1,14,AINR,1,1,1,1.0,0.8190686106681824,0,1,14,1
2023-01-05-18,/home/ubuntu/klb/nuclr/nuclr/Data/Atanas_SF_unified_000776/cv5_grouped_v1/fold_4/test/train__2023-01-05-18__d7235b22.npz,40,RMER,1,124,RMER,1,1,1,1.0,0.9580271244049072,0,1,124,1
2023-01-05-18,/home/ubuntu/klb/nuclr/nuclr/Data/Atanas_SF_unified_000776/cv5_grouped_v1/fold_4/test/train__2023-01-05-18__d7235b22.npz,42,OLLL,1,94,OLLL,1,1,1,1.0,0.9565139412879944,0,1,94,1
2023-01-05-18,/home/ubuntu/klb/nuclr/nuclr/Data/Atanas_SF_unified_000776/cv5_grouped_v1/fold_4/test/train__2023-01-05-18__d7235b22.npz,44,AVJR,1,39,AVDR,2,0,1,0.5,0.24729931354522705,0,0,39,0
2023-01-05-18,/home/ubuntu/klb/nuclr/nuclr/Data/Atanas_SF_unified_000776/cv5_grouped_v1/fold_4/test/train__2023-01-05-18__d7235b22.npz,45,OLLR,1,95,OLLR,1,1,1,1.0,0.9382025003433228,0,1,95,1
2023-01-05-18,/home/ubuntu/klb/nuclr/nuclr/Data/Atanas_SF_unified_000776/cv5_grouped_v1/fold_4/test/train__2023-01-05-18__d7235b22.npz,46,URYDL,1,151,URYDL,1,1,1,1.0,0.9549225568771362,0,1,151,1
2023-01-05-18,/home/ubuntu/klb/nuclr/nuclr/Data/Atanas_SF_unified_000776/cv5_grouped_v1/fold_4/test/train__2023-01-05-18__d7235b22.npz,47,IL2VL,1,60,CEPVR,2,0,1,0.5,0.1722167581319809,0,0,60,0
2023-01-05-18,/home/ubuntu/klb/nuclr/nuclr/Data/Atanas_SF_unified_000776/cv5_grouped_v1/fold_4/test/train__2023-01-05-18__d7235b22.npz,50,ASEL,1,21,ASEL,1,1,1,1.0,0.9138420820236206,0,1,21,1
2023-01-05-18,/home/ubuntu/klb/nuclr/nuclr/Data/Atanas_SF_unified_000776/cv5_grouped_v1/fold_4/test/train__2023-01-05-18__d7235b22.npz,52,ADER,1,3,ADER,1,1,1,1.0,0.5247703194618225,0,1,3,1
2023-01-05-18,/home/ubuntu/klb/nuclr/nuclr/Data/Atanas_SF_unified_000776/cv5_grouped_v1/fold_4/test/train__2023-01-05-18__d7235b22.npz,54,CEPDR,1,58,CEPDR,1,1,1,1.0,0.9562540054321289,0,1,58,1
2023-01-05-18,/home/ubuntu/klb/nuclr/nuclr/Data/Atanas_SF_unified_000776/cv5_grouped_v1/fold_4/test/train__2023-01-05-18__d7235b22.npz,56,IL1L,1,73,IL1L,1,1,1,1.0,0.8654661178588867,0,1,73,1
2023-01-05-18,/home/ubuntu/klb/nuclr/nuclr/Data/Atanas_SF_unified_000776/cv5_grouped_v1/fold_4/test/train__2023-01-05-18__d7235b22.npz,58,URXL,1,149,URXL,1,1,1,1.0,0.9537608027458191,0,1,149,1
2023-01-05-18,/home/ubuntu/klb/nuclr/nuclr/Data/Atanas_SF_unified_000776/cv5_grouped_v1/fold_4/test/train__2023-01-05-18__d7235b22.npz,59,OLQDL,1,96,OLQDL,1,1,1,1.0,0.9049854278564453,0,1,96,1
2023-01-05-18,/home/ubuntu/klb/nuclr/nuclr/Data/Atanas_SF_unified_000776/cv5_grouped_v1/fold_4/test/train__2023-01-05-18__d7235b22.npz,60,IL2R,1,74,IL1R,2,0,1,0.5,0.46935543417930603,0,0,74,0
2023-01-05-18,/home/ubuntu/klb/nuclr/nuclr/Data/Atanas_SF_unified_000776/cv5_grouped_v1/fold_4/test/train__2023-01-05-18__d7235b22.npz,61,AVER,1,41,AVER,1,1,1,1.0,0.9364031553268433,0,1,41,1
2023-01-05-18,/home/ubuntu/klb/nuclr/nuclr/Data/Atanas_SF_unified_000776/cv5_grouped_v1/fold_4/test/train__2023-01-05-18__d7235b22.npz,62,IL1DR,1,72,IL1DR,1,1,1,1.0,0.9540286660194397,0,1,72,1
2023-01-05-18,/home/ubuntu/klb/nuclr/nuclr/Data/Atanas_SF_unified_000776/cv5_grouped_v1/fold_4/test/train__2023-01-05-18__d7235b22.npz,63,OLQDR,1,97,OLQDR,1,1,1,1.0,0.919541597366333,0,1,97,1
2023-01-05-18,/home/ubuntu/klb/nuclr/nuclr/Data/Atanas_SF_unified_000776/cv5_grouped_v1/fold_4/test/train__2023-01-05-18__d7235b22.npz,64,AVJL,1,61,FLPL,3,0,1,0.3333333333333333,0.1811210662126541,0,0,61,0
2023-01-05-18,/home/ubuntu/klb/nuclr/nuclr/Data/Atanas_SF_unified_000776/cv5_grouped_v1/fold_4/test/train__2023-01-05-18__d7235b22.npz,66,I2L,1,65,I2L,1,1,1,1.0,0.8934590220451355,0,1,65,1
2023-01-05-18,/home/ubuntu/klb/nuclr/nuclr/Data/Atanas_SF_unified_000776/cv5_grouped_v1/fold_4/test/train__2023-01-05-18__d7235b22.npz,67,AVEL,1,40,AVEL,1,1,1,1.0,0.769137442111969,0,1,40,1
2023-01-05-18,/home/ubuntu/klb/nuclr/nuclr/Data/Atanas_SF_unified_000776/cv5_grouped_v1/fold_4/test/train__2023-01-05-18__d7235b22.npz,68,URYDR,1,152,URYDR,1,1,1,1.0,0.9080713987350464,0,1,152,1
2023-01-05-18,/home/ubuntu/klb/nuclr/nuclr/Data/Atanas_SF_unified_000776/cv5_grouped_v1/fold_4/test/train__2023-01-05-18__d7235b22.npz,69,URADL,1,143,URADL,1,1,1,1.0,0.8978275656700134,0,1,143,1
2023-01-05-18,/home/ubuntu/klb/nuclr/nuclr/Data/Atanas_SF_unified_000776/cv5_grouped_v1/fold_4/test/train__2023-01-05-18__d7235b22.npz,70,AVBL,1,102,RIBL,2,0,1,0.5,0.09963007271289825,0,0,102,0
2023-01-05-18,/home/ubuntu/klb/nuclr/nuclr/Data/Atanas_SF_unified_000776/cv5_grouped_v1/fold_4/test/train__2023-01-05-18__d7235b22.npz,71,MI,1,91,MI,1,1,1,1.0,0.9582322239875793,0,1,91,1
2023-01-05-18,/home/ubuntu/klb/nuclr/nuclr/Data/Atanas_SF_unified_000776/cv5_grouped_v1/fold_4/test/train__2023-01-05-18__d7235b22.npz,72,IL1DL,1,71,IL1DL,1,1,1,1.0,0.9282643795013428,0,1,71,1
2023-01-05-18,/home/ubuntu/klb/nuclr/nuclr/Data/Atanas_SF_unified_000776/cv5_grouped_v1/fold_4/test/train__2023-01-05-18__d7235b22.npz,73,M1,1,83,M1,1,1,1,1.0,0.9070302248001099,0,1,83,1
2023-01-05-18,/home/ubuntu/klb/nuclr/nuclr/Data/Atanas_SF_unified_000776/cv5_grouped_v1/fold_4/test/train__2023-01-05-18__d7235b22.npz,74,I2R,1,66,I2R,1,1,1,1.0,0.9074060916900635,0,1,66,1
2023-01-05-18,/home/ubuntu/klb/nuclr/nuclr/Data/Atanas_SF_unified_000776/cv5_grouped_v1/fold_4/test/train__2023-01-05-18__d7235b22.npz,75,AWCL,1,53,AWCL,1,1,1,1.0,0.9393632411956787,0,1,53,1
2023-01-05-18,/home/ubuntu/klb/nuclr/nuclr/Data/Atanas_SF_unified_000776/cv5_grouped_v1/fold_4/test/train__2023-01-05-18__d7235b22.npz,76,AIBR,1,10,AIBR,1,1,1,1.0,0.9350408911705017,0,1,10,1
2023-01-05-18,/home/ubuntu/klb/nuclr/nuclr/Data/Atanas_SF_unified_000776/cv5_grouped_v1/fold_4/test/train__2023-01-05-18__d7235b22.npz,77,IL2DL,1,77,IL2DL,1,1,1,1.0,0.8814235925674438,0,1,77,1
2023-01-05-18,/home/ubuntu/klb/nuclr/nuclr/Data/Atanas_SF_unified_000776/cv5_grouped_v1/fold_4/test/train__2023-01-05-18__d7235b22.npz,79,IL2L,1,79,IL2L,1,1,1,1.0,0.8447515964508057,0,1,79,1
2023-01-05-18,/home/ubuntu/klb/nuclr/nuclr/Data/Atanas_SF_unified_000776/cv5_grouped_v1/fold_4/test/train__2023-01-05-18__d7235b22.npz,80,RICL,1,2,ADEL,6,0,0,0.16666666666666666,7.452150748576969e-05,0,0,2,0
2023-01-05-18,/home/ubuntu/klb/nuclr/nuclr/Data/Atanas_SF_unified_000776/cv5_grouped_v1/fold_4/test/train__2023-01-05-18__d7235b22.npz,82,I1R,1,64,I1R,1,1,1,1.0,0.9561035633087158,0,1,64,1
2023-01-05-18,/home/ubuntu/klb/nuclr/nuclr/Data/Atanas_SF_unified_000776/cv5_grouped_v1/fold_4/test/train__2023-01-05-18__d7235b22.npz,83,RIAR,1,101,RIAR,1,1,1,1.0,0.5837895274162292,0,1,101,1
2023-01-05-18,/home/ubuntu/klb/nuclr/nuclr/Data/Atanas_SF_unified_000776/cv5_grouped_v1/fold_4/test/train__2023-01-05-18__d7235b22.npz,84,ASGL,1,24,ASGR,2,0,1,0.5,0.2931523621082306,0,0,24,0
2023-01-05-18,/home/ubuntu/klb/nuclr/nuclr/Data/Atanas_SF_unified_000776/cv5_grouped_v1/fold_4/test/train__2023-01-05-18__d7235b22.npz,85,ADLR,1,28,ASIR,2,0,1,0.5,0.0731494203209877,0,0,28,0
2023-01-05-18,/home/ubuntu/klb/nuclr/nuclr/Data/Atanas_SF_unified_000776/cv5_grouped_v1/fold_4/test/train__2023-01-05-18__d7235b22.npz,86,URXR,1,150,URXR,1,1,1,1.0,0.9572960138320923,0,1,150,1
2023-01-05-18,/home/ubuntu/klb/nuclr/nuclr/Data/Atanas_SF_unified_000776/cv5_grouped_v1/fold_4/test/train__2023-01-05-18__d7235b22.npz,87,SMDVL,1,141,SMDVL,1,1,1,1.0,0.9576247930526733,0,1,141,1
2023-01-05-18,/home/ubuntu/klb/nuclr/nuclr/Data/Atanas_SF_unified_000776/cv5_grouped_v1/fold_4/test/train__2023-01-05-18__d7235b22.npz,88,RMDVL,1,120,RMDVL,1,1,1,1.0,0.5282064080238342,0,1,120,1
2023-01-05-18,/home/ubuntu/klb/nuclr/nuclr/Data/Atanas_SF_unified_000776/cv5_grouped_v1/fold_4/test/train__2023-01-05-18__d7235b22.npz,91,RID,1,106,RID,1,1,1,1.0,0.9582632780075073,0,1,106,1
2023-01-05-18,/home/ubuntu/klb/nuclr/nuclr/Data/Atanas_SF_unified_000776/cv5_grouped_v1/fold_4/test/train__2023-01-05-18__d7235b22.npz,95,AWBL,1,51,AWBL,1,1,1,1.0,0.9565290212631226,0,1,51,1
2023-01-05-18,/home/ubuntu/klb/nuclr/nuclr/Data/Atanas_SF_unified_000776/cv5_grouped_v1/fold_4/test/train__2023-01-05-18__d7235b22.npz,96,AUAL,1,32,AUAL,1,1,1,1.0,0.6517203450202942,0,1,32,1
2023-01-05-18,/home/ubuntu/klb/nuclr/nuclr/Data/Atanas_SF_unified_000776/cv5_grouped_v1/fold_4/test/train__2023-01-05-18__d7235b22.npz,98,I6,1,88,M5,3,0,1,0.3333333333333333,0.0017304600914940238,0,0,88,0
2023-01-05-18,/home/ubuntu/klb/nuclr/nuclr/Data/Atanas_SF_unified_000776/cv5_grouped_v1/fold_4/test/train__2023-01-05-18__d7235b22.npz,100,I4,1,68,I4,1,1,1,1.0,0.468942254781723,0,1,68,1
2023-01-05-18,/home/ubuntu/klb/nuclr/nuclr/Data/Atanas_SF_unified_000776/cv5_grouped_v1/fold_4/test/train__2023-01-05-18__d7235b22.npz,101,URYVL,1,153,URYVL,1,1,1,1.0,0.9468662738800049,0,1,153,1
2023-01-05-18,/home/ubuntu/klb/nuclr/nuclr/Data/Atanas_SF_unified_000776/cv5_grouped_v1/fold_4/test/train__2023-01-05-18__d7235b22.npz,103,SAAVL,1,130,SAAVL,1,1,1,1.0,0.9004871249198914,0,1,130,1
2023-01-05-18,/home/ubuntu/klb/nuclr/nuclr/Data/Atanas_SF_unified_000776/cv5_grouped_v1/fold_4/test/train__2023-01-05-18__d7235b22.npz,104,NSML,1,92,NSML,1,1,1,1.0,0.888708233833313,0,1,92,1
2023-01-05-18,/home/ubuntu/klb/nuclr/nuclr/Data/Atanas_SF_unified_000776/cv5_grouped_v1/fold_4/test/train__2023-01-05-18__d7235b22.npz,105,AWBR,1,52,AWBR,1,1,1,1.0,0.9280820488929749,0,1,52,1
2023-01-05-18,/home/ubuntu/klb/nuclr/nuclr/Data/Atanas_SF_unified_000776/cv5_grouped_v1/fold_4/test/train__2023-01-05-18__d7235b22.npz,106,ASER,1,22,ASER,1,1,1,1.0,0.6624394059181213,0,1,22,1
2023-01-05-18,/home/ubuntu/klb/nuclr/nuclr/Data/Atanas_SF_unified_000776/cv5_grouped_v1/fold_4/test/train__2023-01-05-18__d7235b22.npz,108,ASIL,1,27,ASIL,1,1,1,1.0,0.9348604083061218,0,1,27,1
2023-01-05-18,/home/ubuntu/klb/nuclr/nuclr/Data/Atanas_SF_unified_000776/cv5_grouped_v1/fold_4/test/train__2023-01-05-18__d7235b22.npz,109,AVHL,1,42,AVHL,1,1,1,1.0,0.8470187783241272,0,1,42,1
2023-01-05-18,/home/ubuntu/klb/nuclr/nuclr/Data/Atanas_SF_unified_000776/cv5_grouped_v1/fold_4/test/train__2023-01-05-18__d7235b22.npz,110,AIZL,1,17,AIZL,1,1,1,1.0,0.6687982678413391,0,1,17,1
2023-01-05-18,/home/ubuntu/klb/nuclr/nuclr/Data/Atanas_SF_unified_000776/cv5_grouped_v1/fold_4/test/train__2023-01-05-18__d7235b22.npz,113,RMDDL,1,116,RMDDL,1,1,1,1.0,0.8014393448829651,0,1,116,1
2023-01-05-18,/home/ubuntu/klb/nuclr/nuclr/Data/Atanas_SF_unified_000776/cv5_grouped_v1/fold_4/test/train__2023-01-05-18__d7235b22.npz,114,RIVR,1,115,RIVR,1,1,1,1.0,0.9581226110458374,0,1,115,1
2023-01-05-18,/home/ubuntu/klb/nuclr/nuclr/Data/Atanas_SF_unified_000776/cv5_grouped_v1/fold_4/test/train__2023-01-05-18__d7235b22.npz,116,OLQVR,1,99,OLQVR,1,1,1,1.0,0.6649563312530518,0,1,99,1
2023-01-05-18,/home/ubuntu/klb/nuclr/nuclr/Data/Atanas_SF_unified_000776/cv5_grouped_v1/fold_4/test/train__2023-01-05-18__d7235b22.npz,117,RMEV,1,109,RIH,3,0,1,0.3333333333333333,0.003822964383289218,0,0,109,0
2023-01-05-18,/home/ubuntu/klb/nuclr/nuclr/Data/Atanas_SF_unified_000776/cv5_grouped_v1/fold_4/test/train__2023-01-05-18__d7235b22.npz,119,FLPR,1,108,RIFR,2,0,1,0.5,0.11735279113054276,0,0,108,0
2023-01-05-18,/home/ubuntu/klb/nuclr/nuclr/Data/Atanas_SF_unified_000776/cv5_grouped_v1/fold_4/test/train__2023-01-05-18__d7235b22.npz,121,RMDVR,1,121,RMDVR,1,1,1,1.0,0.9571248888969421,0,1,121,1
2023-01-16-08,/home/ubuntu/klb/nuclr/nuclr/Data/Atanas_SF_unified_000776/cv5_grouped_v1/fold_4/test/train__2023-01-16-08__efcc90b0.npz,1,SAADR,1,126,RMFL,54,0,0,0.018518518518518517,8.846282734120692e-11,0,0,126,0
2023-01-16-08,/home/ubuntu/klb/nuclr/nuclr/Data/Atanas_SF_unified_000776/cv5_grouped_v1/fold_4/test/train__2023-01-16-08__efcc90b0.npz,2,RIAR,1,101,RIAR,1,1,1,1.0,0.477356493473053,0,1,101,1
2023-01-16-08,/home/ubuntu/klb/nuclr/nuclr/Data/Atanas_SF_unified_000776/cv5_grouped_v1/fold_4/test/train__2023-01-16-08__efcc90b0.npz,3,MCL,1,89,MCL,1,1,1,1.0,0.9493276476860046,0,1,89,1
2023-01-16-08,/home/ubuntu/klb/nuclr/nuclr/Data/Atanas_SF_unified_000776/cv5_grouped_v1/fold_4/test/train__2023-01-16-08__efcc90b0.npz,4,RMER,1,124,RMER,1,1,1,1.0,0.9570552706718445,0,1,124,1
2023-01-16-08,/home/ubuntu/klb/nuclr/nuclr/Data/Atanas_SF_unified_000776/cv5_grouped_v1/fold_4/test/train__2023-01-16-08__efcc90b0.npz,5,CEPDR,1,58,CEPDR,1,1,1,1.0,0.9418105483055115,0,1,58,1
2023-01-16-08,/home/ubuntu/klb/nuclr/nuclr/Data/Atanas_SF_unified_000776/cv5_grouped_v1/fold_4/test/train__2023-01-16-08__efcc90b0.npz,6,AWCR,1,54,AWCR,1,1,1,1.0,0.8984916806221008,0,1,54,1
2023-01-16-08,/home/ubuntu/klb/nuclr/nuclr/Data/Atanas_SF_unified_000776/cv5_grouped_v1/fold_4/test/train__2023-01-16-08__efcc90b0.npz,7,RMGL,1,127,RMGL,1,1,1,1.0,0.9543961882591248,0,1,127,1
2023-01-16-08,/home/ubuntu/klb/nuclr/nuclr/Data/Atanas_SF_unified_000776/cv5_grouped_v1/fold_4/test/train__2023-01-16-08__efcc90b0.npz,10,AWCL,1,25,ASHL,22,0,0,0.045454545454545456,1.4103430601153377e-07,0,0,29,0
2023-01-16-08,/home/ubuntu/klb/nuclr/nuclr/Data/Atanas_SF_unified_000776/cv5_grouped_v1/fold_4/test/train__2023-01-16-08__efcc90b0.npz,11,RIS,1,139,SMDDL,4,0,1,0.25,0.00039640700560994446,0,0,139,0
2023-01-16-08,/home/ubuntu/klb/nuclr/nuclr/Data/Atanas_SF_unified_000776/cv5_grouped_v1/fold_4/test/train__2023-01-16-08__efcc90b0.npz,12,ASGR,1,24,ASGR,1,1,1,1.0,0.8725630640983582,0,1,24,1
2023-01-16-08,/home/ubuntu/klb/nuclr/nuclr/Data/Atanas_SF_unified_000776/cv5_grouped_v1/fold_4/test/train__2023-01-16-08__efcc90b0.npz,13,M4,1,87,M4,1,1,1,1.0,0.934930145740509,0,1,87,1
2023-01-16-08,/home/ubuntu/klb/nuclr/nuclr/Data/Atanas_SF_unified_000776/cv5_grouped_v1/fold_4/test/train__2023-01-16-08__efcc90b0.npz,14,AIBL,1,9,AIBL,1,1,1,1.0,0.9523754119873047,0,1,9,1
2023-01-16-08,/home/ubuntu/klb/nuclr/nuclr/Data/Atanas_SF_unified_000776/cv5_grouped_v1/fold_4/test/train__2023-01-16-08__efcc90b0.npz,15,URYDL,1,151,URYDL,1,1,1,1.0,0.6499214768409729,0,1,151,1
2023-01-16-08,/home/ubuntu/klb/nuclr/nuclr/Data/Atanas_SF_unified_000776/cv5_grouped_v1/fold_4/test/train__2023-01-16-08__efcc90b0.npz,16,OLQVR,1,99,OLQVR,1,1,1,1.0,0.9262794256210327,0,1,99,1
2023-01-16-08,/home/ubuntu/klb/nuclr/nuclr/Data/Atanas_SF_unified_000776/cv5_grouped_v1/fold_4/test/train__2023-01-16-08__efcc90b0.npz,17,RIH,1,109,RIH,1,1,1,1.0,0.8927072286605835,0,1,109,1
2023-01-16-08,/home/ubuntu/klb/nuclr/nuclr/Data/Atanas_SF_unified_000776/cv5_grouped_v1/fold_4/test/train__2023-01-16-08__efcc90b0.npz,18,AVHL,1,42,AVHL,1,1,1,1.0,0.7817953824996948,0,1,42,1
2023-01-16-08,/home/ubuntu/klb/nuclr/nuclr/Data/Atanas_SF_unified_000776/cv5_grouped_v1/fold_4/test/train__2023-01-16-08__efcc90b0.npz,20,IL1VL,1,75,IL1VL,1,1,1,1.0,0.3489586412906647,0,1,81,0
2023-01-16-08,/home/ubuntu/klb/nuclr/nuclr/Data/Atanas_SF_unified_000776/cv5_grouped_v1/fold_4/test/train__2023-01-16-08__efcc90b0.npz,22,AVJR,1,24,ASGR,2,0,1,0.5,0.07795945554971695,1,0,45,1
2023-01-16-08,/home/ubuntu/klb/nuclr/nuclr/Data/Atanas_SF_unified_000776/cv5_grouped_v1/fold_4/test/train__2023-01-16-08__efcc90b0.npz,23,IL2R,1,80,IL2R,1,1,1,1.0,0.923823356628418,0,1,80,1
2023-01-16-08,/home/ubuntu/klb/nuclr/nuclr/Data/Atanas_SF_unified_000776/cv5_grouped_v1/fold_4/test/train__2023-01-16-08__efcc90b0.npz,24,I3,1,67,I3,1,1,1,1.0,0.9568299055099487,0,1,67,1
2023-01-16-08,/home/ubuntu/klb/nuclr/nuclr/Data/Atanas_SF_unified_000776/cv5_grouped_v1/fold_4/test/train__2023-01-16-08__efcc90b0.npz,25,SMDDL,1,75,IL1VL,19,0,0,0.05263157894736842,4.049876451972523e-07,0,0,75,0
2023-01-16-08,/home/ubuntu/klb/nuclr/nuclr/Data/Atanas_SF_unified_000776/cv5_grouped_v1/fold_4/test/train__2023-01-16-08__efcc90b0.npz,26,M3R,1,86,M3R,1,1,1,1.0,0.9422247409820557,0,1,86,1
2023-01-16-08,/home/ubuntu/klb/nuclr/nuclr/Data/Atanas_SF_unified_000776/cv5_grouped_v1/fold_4/test/train__2023-01-16-08__efcc90b0.npz,27,SMDDR,1,60,CEPVR,43,0,0,0.023255813953488372,2.196280934896322e-10,0,0,60,0
2023-01-16-08,/home/ubuntu/klb/nuclr/nuclr/Data/Atanas_SF_unified_000776/cv5_grouped_v1/fold_4/test/train__2023-01-16-08__efcc90b0.npz,30,I1L,1,63,I1L,1,1,1,1.0,0.9341828227043152,0,1,63,1
2023-01-16-08,/home/ubuntu/klb/nuclr/nuclr/Data/Atanas_SF_unified_000776/cv5_grouped_v1/fold_4/test/train__2023-01-16-08__efcc90b0.npz,31,I6,1,69,I5,2,0,1,0.5,0.4073614478111267,0,0,69,0
2023-01-16-08,/home/ubuntu/klb/nuclr/nuclr/Data/Atanas_SF_unified_000776/cv5_grouped_v1/fold_4/test/train__2023-01-16-08__efcc90b0.npz,32,AWAL,1,25,ASHL,20,0,0,0.05,9.583319524608669e-07,0,0,25,0
2023-01-16-08,/home/ubuntu/klb/nuclr/nuclr/Data/Atanas_SF_unified_000776/cv5_grouped_v1/fold_4/test/train__2023-01-16-08__efcc90b0.npz,35,BAGL,1,55,BAGL,1,1,1,1.0,0.956713080406189,0,1,55,1
2023-01-16-08,/home/ubuntu/klb/nuclr/nuclr/Data/Atanas_SF_unified_000776/cv5_grouped_v1/fold_4/test/train__2023-01-16-08__efcc90b0.npz,36,ADLL,1,4,ADLL,1,1,1,1.0,0.8643285632133484,0,1,4,1
2023-01-16-08,/home/ubuntu/klb/nuclr/nuclr/Data/Atanas_SF_unified_000776/cv5_grouped_v1/fold_4/test/train__2023-01-16-08__efcc90b0.npz,38,ASGL,1,23,ASGL,1,1,1,1.0,0.9444738626480103,0,1,23,1
2023-01-16-08,/home/ubuntu/klb/nuclr/nuclr/Data/Atanas_SF_unified_000776/cv5_grouped_v1/fold_4/test/train__2023-01-16-08__efcc90b0.npz,39,AVEL,1,40,AVEL,1,1,1,1.0,0.9440596103668213,0,1,40,1
2023-01-16-08,/home/ubuntu/klb/nuclr/nuclr/Data/Atanas_SF_unified_000776/cv5_grouped_v1/fold_4/test/train__2023-01-16-08__efcc90b0.npz,40,SAADL,1,137,SMBVL,24,0,0,0.041666666666666664,4.824695861316286e-05,0,0,137,0
2023-01-16-08,/home/ubuntu/klb/nuclr/nuclr/Data/Atanas_SF_unified_000776/cv5_grouped_v1/fold_4/test/train__2023-01-16-08__efcc90b0.npz,42,SMDVR,1,142,SMDVR,1,1,1,1.0,0.8815301656723022,0,1,142,1
2023-01-16-08,/home/ubuntu/klb/nuclr/nuclr/Data/Atanas_SF_unified_000776/cv5_grouped_v1/fold_4/test/train__2023-01-16-08__efcc90b0.npz,43,I2R,1,66,I2R,1,1,1,1.0,0.9573146104812622,0,1,66,1
2023-01-16-08,/home/ubuntu/klb/nuclr/nuclr/Data/Atanas_SF_unified_000776/cv5_grouped_v1/fold_4/test/train__2023-01-16-08__efcc90b0.npz,45,RICL,1,104,RICL,1,1,1,1.0,0.9318564534187317,0,1,104,1
2023-01-16-08,/home/ubuntu/klb/nuclr/nuclr/Data/Atanas_SF_unified_000776/cv5_grouped_v1/fold_4/test/train__2023-01-16-08__efcc90b0.npz,46,AQR,1,48,AVL,21,0,0,0.047619047619047616,3.402288086817862e-07,0,0,48,0
2023-01-16-08,/home/ubuntu/klb/nuclr/nuclr/Data/Atanas_SF_unified_000776/cv5_grouped_v1/fold_4/test/train__2023-01-16-08__efcc90b0.npz,47,SAAVL,1,130,SAAVL,1,1,1,1.0,0.9489655494689941,0,1,130,1
2023-01-16-08,/home/ubuntu/klb/nuclr/nuclr/Data/Atanas_SF_unified_000776/cv5_grouped_v1/fold_4/test/train__2023-01-16-08__efcc90b0.npz,49,AWBL,1,51,AWBL,1,1,1,1.0,0.9389935731887817,0,1,51,1
2023-01-16-08,/home/ubuntu/klb/nuclr/nuclr/Data/Atanas_SF_unified_000776/cv5_grouped_v1/fold_4/test/train__2023-01-16-08__efcc90b0.npz,51,URYVL,1,153,URYVL,1,1,1,1.0,0.9266266226768494,0,1,153,1
2023-01-16-08,/home/ubuntu/klb/nuclr/nuclr/Data/Atanas_SF_unified_000776/cv5_grouped_v1/fold_4/test/train__2023-01-16-08__efcc90b0.npz,52,AVL,1,140,SMDDR,4,0,1,0.25,0.011657378636300564,0,0,140,0
2023-01-16-08,/home/ubuntu/klb/nuclr/nuclr/Data/Atanas_SF_unified_000776/cv5_grouped_v1/fold_4/test/train__2023-01-16-08__efcc90b0.npz,53,I2L,1,65,I2L,1,1,1,1.0,0.6020024418830872,0,1,65,1
2023-01-16-08,/home/ubuntu/klb/nuclr/nuclr/Data/Atanas_SF_unified_000776/cv5_grouped_v1/fold_4/test/train__2023-01-16-08__efcc90b0.npz,55,ASEL,1,21,ASEL,1,1,1,1.0,0.8937221765518188,0,1,21,1
2023-01-16-08,/home/ubuntu/klb/nuclr/nuclr/Data/Atanas_SF_unified_000776/cv5_grouped_v1/fold_4/test/train__2023-01-16-08__efcc90b0.npz,56,NSMR,1,93,NSMR,1,1,1,1.0,0.9557363986968994,0,1,93,1
2023-01-16-08,/home/ubuntu/klb/nuclr/nuclr/Data/Atanas_SF_unified_000776/cv5_grouped_v1/fold_4/test/train__2023-01-16-08__efcc90b0.npz,58,AIZR,1,18,AIZR,1,1,1,1.0,0.9234516620635986,0,1,18,1
2023-01-16-08,/home/ubuntu/klb/nuclr/nuclr/Data/Atanas_SF_unified_000776/cv5_grouped_v1/fold_4/test/train__2023-01-16-08__efcc90b0.npz,59,I1R,1,64,I1R,1,1,1,1.0,0.9372507929801941,0,1,64,1
2023-01-16-08,/home/ubuntu/klb/nuclr/nuclr/Data/Atanas_SF_unified_000776/cv5_grouped_v1/fold_4/test/train__2023-01-16-08__efcc90b0.npz,61,CEPDL,1,57,CEPDL,1,1,1,1.0,0.9547380208969116,0,1,57,1
2023-01-16-08,/home/ubuntu/klb/nuclr/nuclr/Data/Atanas_SF_unified_000776/cv5_grouped_v1/fold_4/test/train__2023-01-16-08__efcc90b0.npz,64,RMDL,1,118,RMDL,1,1,1,1.0,0.5796911716461182,0,1,118,1
2023-01-16-08,/home/ubuntu/klb/nuclr/nuclr/Data/Atanas_SF_unified_000776/cv5_grouped_v1/fold_4/test/train__2023-01-16-08__efcc90b0.npz,65,URBL,1,147,URBL,1,1,1,1.0,0.6001548767089844,0,1,147,1
2023-01-16-08,/home/ubuntu/klb/nuclr/nuclr/Data/Atanas_SF_unified_000776/cv5_grouped_v1/fold_4/test/train__2023-01-16-08__efcc90b0.npz,67,AUAL,1,32,AUAL,1,1,1,1.0,0.9527642130851746,0,1,32,1
2023-01-16-08,/home/ubuntu/klb/nuclr/nuclr/Data/Atanas_SF_unified_000776/cv5_grouped_v1/fold_4/test/train__2023-01-16-08__efcc90b0.npz,68,AVAL,1,34,AVAL,1,1,1,1.0,0.9578748345375061,0,1,34,1
2023-01-16-08,/home/ubuntu/klb/nuclr/nuclr/Data/Atanas_SF_unified_000776/cv5_grouped_v1/fold_4/test/train__2023-01-16-08__efcc90b0.npz,70,OLQVL,1,98,OLQVL,1,1,1,1.0,0.6097597479820251,0,1,98,1
2023-01-16-08,/home/ubuntu/klb/nuclr/nuclr/Data/Atanas_SF_unified_000776/cv5_grouped_v1/fold_4/test/train__2023-01-16-08__efcc90b0.npz,71,IL2DR,1,78,IL2DR,1,1,1,1.0,0.9560905694961548,0,1,78,1
2023-01-16-08,/home/ubuntu/klb/nuclr/nuclr/Data/Atanas_SF_unified_000776/cv5_grouped_v1/fold_4/test/train__2023-01-16-08__efcc90b0.npz,72,M1,1,83,M1,1,1,1,1.0,0.9278880953788757,0,1,83,1
2023-01-16-08,/home/ubuntu/klb/nuclr/nuclr/Data/Atanas_SF_unified_000776/cv5_grouped_v1/fold_4/test/train__2023-01-16-08__efcc90b0.npz,74,AVDL,1,38,AVDL,1,1,1,1.0,0.9211015105247498,0,1,38,1
2023-01-16-08,/home/ubuntu/klb/nuclr/nuclr/Data/Atanas_SF_unified_000776/cv5_grouped_v1/fold_4/test/train__2023-01-16-08__efcc90b0.npz,75,OLQDR,1,97,OLQDR,1,1,1,1.0,0.9501328468322754,0,1,97,1
2023-01-16-08,/home/ubuntu/klb/nuclr/nuclr/Data/Atanas_SF_unified_000776/cv5_grouped_v1/fold_4/test/train__2023-01-16-08__efcc90b0.npz,76,FLPL,1,61,FLPL,1,1,1,1.0,0.5624151229858398,0,1,61,1
2023-01-16-08,/home/ubuntu/klb/nuclr/nuclr/Data/Atanas_SF_unified_000776/cv5_grouped_v1/fold_4/test/train__2023-01-16-08__efcc90b0.npz,80,AVER,1,41,AVER,1,1,1,1.0,0.9565407037734985,0,1,41,1
2023-01-16-08,/home/ubuntu/klb/nuclr/nuclr/Data/Atanas_SF_unified_000776/cv5_grouped_v1/fold_4/test/train__2023-01-16-08__efcc90b0.npz,81,ADEL,1,2,ADEL,1,1,1,1.0,0.9568974375724792,0,1,2,1
2023-01-16-08,/home/ubuntu/klb/nuclr/nuclr/Data/Atanas_SF_unified_000776/cv5_grouped_v1/fold_4/test/train__2023-01-16-08__efcc90b0.npz,83,I5,1,103,RIBR,57,0,0,0.017543859649122806,2.634094886655447e-10,1,0,103,0
2023-01-16-08,/home/ubuntu/klb/nuclr/nuclr/Data/Atanas_SF_unified_000776/cv5_grouped_v1/fold_4/test/train__2023-01-16-08__efcc90b0.npz,84,RMDR,1,121,RMDVR,3,0,1,0.3333333333333333,0.012348830699920654,1,0,121,0
2023-01-16-08,/home/ubuntu/klb/nuclr/nuclr/Data/Atanas_SF_unified_000776/cv5_grouped_v1/fold_4/test/train__2023-01-16-08__efcc90b0.npz,88,IL2DL,1,77,IL2DL,1,1,1,1.0,0.9022634029388428,0,1,77,1
2023-01-16-08,/home/ubuntu/klb/nuclr/nuclr/Data/Atanas_SF_unified_000776/cv5_grouped_v1/fold_4/test/train__2023-01-16-08__efcc90b0.npz,90,I4,1,68,I4,1,1,1,1.0,0.6112106442451477,0,1,68,1
2023-01-16-08,/home/ubuntu/klb/nuclr/nuclr/Data/Atanas_SF_unified_000776/cv5_grouped_v1/fold_4/test/train__2023-01-16-08__efcc90b0.npz,92,RID,1,106,RID,1,1,1,1.0,0.9571429491043091,0,1,106,1
2023-01-16-08,/home/ubuntu/klb/nuclr/nuclr/Data/Atanas_SF_unified_000776/cv5_grouped_v1/fold_4/test/train__2023-01-16-08__efcc90b0.npz,94,AIBR,1,10,AIBR,1,1,1,1.0,0.9570252299308777,0,1,10,1
2023-01-16-08,/home/ubuntu/klb/nuclr/nuclr/Data/Atanas_SF_unified_000776/cv5_grouped_v1/fold_4/test/train__2023-01-16-08__efcc90b0.npz,96,AINL,1,13,AINL,1,1,1,1.0,0.7829768657684326,0,1,13,1
2023-01-16-08,/home/ubuntu/klb/nuclr/nuclr/Data/Atanas_SF_unified_000776/cv5_grouped_v1/fold_4/test/train__2023-01-16-08__efcc90b0.npz,99,M3L,1,85,M3L,1,1,1,1.0,0.6861109733581543,0,1,85,1
2023-01-16-08,/home/ubuntu/klb/nuclr/nuclr/Data/Atanas_SF_unified_000776/cv5_grouped_v1/fold_4/test/train__2023-01-16-08__efcc90b0.npz,100,CEPVR,1,82,IL2VR,2,0,1,0.5,0.1504696160554886,0,0,82,0
2023-01-16-08,/home/ubuntu/klb/nuclr/nuclr/Data/Atanas_SF_unified_000776/cv5_grouped_v1/fold_4/test/train__2023-01-16-08__efcc90b0.npz,101,VB02,1,155,VB02,1,1,1,1.0,0.8853610754013062,0,1,155,1
2023-01-16-08,/home/ubuntu/klb/nuclr/nuclr/Data/Atanas_SF_unified_000776/cv5_grouped_v1/fold_4/test/train__2023-01-16-08__efcc90b0.npz,102,IL1L,1,73,IL1L,1,1,1,1.0,0.9247016906738281,0,1,73,1
2023-01-16-08,/home/ubuntu/klb/nuclr/nuclr/Data/Atanas_SF_unified_000776/cv5_grouped_v1/fold_4/test/train__2023-01-16-08__efcc90b0.npz,103,RIVR,1,115,RIVR,1,1,1,1.0,0.952284574508667,0,1,115,1
2023-01-16-08,/home/ubuntu/klb/nuclr/nuclr/Data/Atanas_SF_unified_000776/cv5_grouped_v1/fold_4/test/train__2023-01-16-08__efcc90b0.npz,104,AIZL,1,17,AIZL,1,1,1,1.0,0.884239673614502,0,1,17,1
2023-01-16-08,/home/ubuntu/klb/nuclr/nuclr/Data/Atanas_SF_unified_000776/cv5_grouped_v1/fold_4/test/train__2023-01-16-08__efcc90b0.npz,106,URXL,1,149,URXL,1,1,1,1.0,0.9452911019325256,0,1,149,1
2023-01-16-08,/home/ubuntu/klb/nuclr/nuclr/Data/Atanas_SF_unified_000776/cv5_grouped_v1/fold_4/test/train__2023-01-16-08__efcc90b0.npz,108,IL2L,1,79,IL2L,1,1,1,1.0,0.8631654381752014,0,1,79,1
2023-01-16-08,/home/ubuntu/klb/nuclr/nuclr/Data/Atanas_SF_unified_000776/cv5_grouped_v1/fold_4/test/train__2023-01-16-08__efcc90b0.npz,109,IL1DL,1,71,IL1DL,1,1,1,1.0,0.5990907549858093,0,1,71,1
2023-01-16-08,/home/ubuntu/klb/nuclr/nuclr/Data/Atanas_SF_unified_000776/cv5_grouped_v1/fold_4/test/train__2023-01-16-08__efcc90b0.npz,111,RMDDR,1,117,RMDDR,1,1,1,1.0,0.9170939922332764,0,1,117,1
2023-01-16-08,/home/ubuntu/klb/nuclr/nuclr/Data/Atanas_SF_unified_000776/cv5_grouped_v1/fold_4/test/train__2023-01-16-08__efcc90b0.npz,112,AWBR,1,50,AWAR,18,0,0,0.05555555555555555,3.22722996770608e-07,0,0,50,0
2023-01-16-08,/home/ubuntu/klb/nuclr/nuclr/Data/Atanas_SF_unified_000776/cv5_grouped_v1/fold_4/test/train__2023-01-16-08__efcc90b0.npz,113,IL1DR,1,72,IL1DR,1,1,1,1.0,0.7896041870117188,0,1,72,1
2023-01-16-08,/home/ubuntu/klb/nuclr/nuclr/Data/Atanas_SF_unified_000776/cv5_grouped_v1/fold_4/test/train__2023-01-16-08__efcc90b0.npz,114,RIVL,1,114,RIVL,1,1,1,1.0,0.753497302532196,0,1,114,1
2023-01-16-08,/home/ubuntu/klb/nuclr/nuclr/Data/Atanas_SF_unified_000776/cv5_grouped_v1/fold_4/test/train__2023-01-16-08__efcc90b0.npz,115,URYDR,1,152,URYDR,1,1,1,1.0,0.8647932410240173,0,1,152,1
2023-01-16-08,/home/ubuntu/klb/nuclr/nuclr/Data/Atanas_SF_unified_000776/cv5_grouped_v1/fold_4/test/train__2023-01-16-08__efcc90b0.npz,116,AVJL,1,44,AVJL,1,1,1,1.0,0.9076249003410339,0,1,44,1
2023-01-16-08,/home/ubuntu/klb/nuclr/nuclr/Data/Atanas_SF_unified_000776/cv5_grouped_v1/fold_4/test/train__2023-01-16-08__efcc90b0.npz,118,OLQDL,1,96,OLQDL,1,1,1,1.0,0.9554416537284851,0,1,96,1
2023-01-16-08,/home/ubuntu/klb/nuclr/nuclr/Data/Atanas_SF_unified_000776/cv5_grouped_v1/fold_4/test/train__2023-01-16-08__efcc90b0.npz,121,AVBL,1,27,ASIL,11,0,0,0.09090909090909091,0.0016494669253006577,0,0,27,0
2023-01-16-08,/home/ubuntu/klb/nuclr/nuclr/Data/Atanas_SF_unified_000776/cv5_grouped_v1/fold_4/test/train__2023-01-16-08__efcc90b0.npz,122,AWAR,1,52,AWBR,17,0,0,0.058823529411764705,5.86198837027041e-07,0,0,52,0
2023-01-16-08,/home/ubuntu/klb/nuclr/nuclr/Data/Atanas_SF_unified_000776/cv5_grouped_v1/fold_4/test/train__2023-01-16-08__efcc90b0.npz,126,MCR,1,90,MCR,1,1,1,1.0,0.9049955606460571,0,1,90,1
2023-01-16-08,/home/ubuntu/klb/nuclr/nuclr/Data/Atanas_SF_unified_000776/cv5_grouped_v1/fold_4/test/train__2023-01-16-08__efcc90b0.npz,127,NSML,1,92,NSML,1,1,1,1.0,0.9552571177482605,0,1,92,1
2023-01-16-08,/home/ubuntu/klb/nuclr/nuclr/Data/Atanas_SF_unified_000776/cv5_grouped_v1/fold_4/test/train__2023-01-16-08__efcc90b0.npz,128,SMDVL,1,141,SMDVL,1,1,1,1.0,0.957124650478363,0,1,141,1
2023-01-16-08,/home/ubuntu/klb/nuclr/nuclr/Data/Atanas_SF_unified_000776/cv5_grouped_v1/fold_4/test/train__2023-01-16-08__efcc90b0.npz,131,ADAL,1,0,ADAL,1,1,1,1.0,0.944537341594696,0,1,0,1
2023-01-16-08,/home/ubuntu/klb/nuclr/nuclr/Data/Atanas_SF_unified_000776/cv5_grouped_v1/fold_4/test/train__2023-01-16-08__efcc90b0.npz,133,AVAR,1,35,AVAR,1,1,1,1.0,0.9575861692428589,0,1,35,1
2023-01-16-08,/home/ubuntu/klb/nuclr/nuclr/Data/Atanas_SF_unified_000776/cv5_grouped_v1/fold_4/test/train__2023-01-16-08__efcc90b0.npz,134,RMDDL,1,116,RMDDL,1,1,1,1.0,0.47872117161750793,0,1,116,1
2023-01-16-08,/home/ubuntu/klb/nuclr/nuclr/Data/Atanas_SF_unified_000776/cv5_grouped_v1/fold_4/test/train__2023-01-16-08__efcc90b0.npz,135,RIBL,1,102,RIBL,1,1,1,1.0,0.8911043405532837,0,1,102,1
2022-06-28-01,/home/ubuntu/klb/nuclr/nuclr/Data/Atanas_SF_unified_000776/cv5_grouped_v1/fold_4/test/val__2022-06-28-01__a91d8128.npz,0,I1L,1,63,I1L,1,1,1,1.0,0.9475971460342407,0,1,63,1
2022-06-28-01,/home/ubuntu/klb/nuclr/nuclr/Data/Atanas_SF_unified_000776/cv5_grouped_v1/fold_4/test/val__2022-06-28-01__a91d8128.npz,1,RMDVL,1,120,RMDVL,1,1,1,1.0,0.9461559057235718,0,1,120,1
2022-06-28-01,/home/ubuntu/klb/nuclr/nuclr/Data/Atanas_SF_unified_000776/cv5_grouped_v1/fold_4/test/val__2022-06-28-01__a91d8128.npz,3,M4,1,87,M4,1,1,1,1.0,0.9183716773986816,0,1,87,1
2022-06-28-01,/home/ubuntu/klb/nuclr/nuclr/Data/Atanas_SF_unified_000776/cv5_grouped_v1/fold_4/test/val__2022-06-28-01__a91d8128.npz,6,CEPDR,1,58,CEPDR,1,1,1,1.0,0.7092485427856445,0,1,58,1
2022-06-28-01,/home/ubuntu/klb/nuclr/nuclr/Data/Atanas_SF_unified_000776/cv5_grouped_v1/fold_4/test/val__2022-06-28-01__a91d8128.npz,7,AVJL,1,51,AWBL,8,0,0,0.125,0.003159815212711692,0,0,4,0
2022-06-28-01,/home/ubuntu/klb/nuclr/nuclr/Data/Atanas_SF_unified_000776/cv5_grouped_v1/fold_4/test/val__2022-06-28-01__a91d8128.npz,8,MI,1,91,MI,1,1,1,1.0,0.7629864811897278,0,1,91,1
2022-06-28-01,/home/ubuntu/klb/nuclr/nuclr/Data/Atanas_SF_unified_000776/cv5_grouped_v1/fold_4/test/val__2022-06-28-01__a91d8128.npz,9,OLQDR,1,97,OLQDR,1,1,1,1.0,0.6785578727722168,0,1,97,1
2022-06-28-01,/home/ubuntu/klb/nuclr/nuclr/Data/Atanas_SF_unified_000776/cv5_grouped_v1/fold_4/test/val__2022-06-28-01__a91d8128.npz,10,IL2VR,1,82,IL2VR,1,1,1,1.0,0.9160391688346863,0,1,82,1
2022-06-28-01,/home/ubuntu/klb/nuclr/nuclr/Data/Atanas_SF_unified_000776/cv5_grouped_v1/fold_4/test/val__2022-06-28-01__a91d8128.npz,14,ADEL,1,61,FLPL,18,0,0,0.05555555555555555,5.0752470997394994e-05,0,0,61,0
2022-06-28-01,/home/ubuntu/klb/nuclr/nuclr/Data/Atanas_SF_unified_000776/cv5_grouped_v1/fold_4/test/val__2022-06-28-01__a91d8128.npz,17,CEPVL,1,59,CEPVL,1,1,1,1.0,0.8728765845298767,0,1,59,1
2022-06-28-01,/home/ubuntu/klb/nuclr/nuclr/Data/Atanas_SF_unified_000776/cv5_grouped_v1/fold_4/test/val__2022-06-28-01__a91d8128.npz,22,IL2VL,1,81,IL2VL,1,1,1,1.0,0.9308415055274963,0,1,81,1
2022-06-28-01,/home/ubuntu/klb/nuclr/nuclr/Data/Atanas_SF_unified_000776/cv5_grouped_v1/fold_4/test/val__2022-06-28-01__a91d8128.npz,23,AWAR,1,155,VB02,123,0,0,0.008130081300813009,1.882707405881645e-19,0,0,155,0
2022-06-28-01,/home/ubuntu/klb/nuclr/nuclr/Data/Atanas_SF_unified_000776/cv5_grouped_v1/fold_4/test/val__2022-06-28-01__a91d8128.npz,24,AIML,1,11,AIML,1,1,1,1.0,0.7017881870269775,0,1,11,1
2022-06-28-01,/home/ubuntu/klb/nuclr/nuclr/Data/Atanas_SF_unified_000776/cv5_grouped_v1/fold_4/test/val__2022-06-28-01__a91d8128.npz,25,OLQVL,1,98,OLQVL,1,1,1,1.0,0.8948832154273987,0,1,98,1
2022-06-28-01,/home/ubuntu/klb/nuclr/nuclr/Data/Atanas_SF_unified_000776/cv5_grouped_v1/fold_4/test/val__2022-06-28-01__a91d8128.npz,27,AWCL,1,53,AWCL,1,1,1,1.0,0.41457897424697876,1,0,53,1
2022-06-28-01,/home/ubuntu/klb/nuclr/nuclr/Data/Atanas_SF_unified_000776/cv5_grouped_v1/fold_4/test/val__2022-06-28-01__a91d8128.npz,30,ASEL,1,51,AWBL,3,0,1,0.3333333333333333,0.023002982139587402,0,0,51,0
2022-06-28-01,/home/ubuntu/klb/nuclr/nuclr/Data/Atanas_SF_unified_000776/cv5_grouped_v1/fold_4/test/val__2022-06-28-01__a91d8128.npz,32,ASGL,1,23,ASGL,1,1,1,1.0,0.9125567078590393,0,1,23,1
2022-06-28-01,/home/ubuntu/klb/nuclr/nuclr/Data/Atanas_SF_unified_000776/cv5_grouped_v1/fold_4/test/val__2022-06-28-01__a91d8128.npz,34,URBL,1,73,IL1L,2,0,1,0.5,0.46131837368011475,0,0,73,0
2022-06-28-01,/home/ubuntu/klb/nuclr/nuclr/Data/Atanas_SF_unified_000776/cv5_grouped_v1/fold_4/test/val__2022-06-28-01__a91d8128.npz,35,BAGL,1,55,BAGL,1,1,1,1.0,0.9466107487678528,0,1,55,1
2022-06-28-01,/home/ubuntu/klb/nuclr/nuclr/Data/Atanas_SF_unified_000776/cv5_grouped_v1/fold_4/test/val__2022-06-28-01__a91d8128.npz,36,AINL,1,13,AINL,1,1,1,1.0,0.7450759410858154,0,1,13,1
2022-06-28-01,/home/ubuntu/klb/nuclr/nuclr/Data/Atanas_SF_unified_000776/cv5_grouped_v1/fold_4/test/val__2022-06-28-01__a91d8128.npz,37,RMDDR,1,117,RMDDR,1,1,1,1.0,0.8125826716423035,0,1,117,1
2022-06-28-01,/home/ubuntu/klb/nuclr/nuclr/Data/Atanas_SF_unified_000776/cv5_grouped_v1/fold_4/test/val__2022-06-28-01__a91d8128.npz,39,IL1VL,1,75,IL1VL,1,1,1,1.0,0.8950850963592529,0,1,75,1
2022-06-28-01,/home/ubuntu/klb/nuclr/nuclr/Data/Atanas_SF_unified_000776/cv5_grouped_v1/fold_4/test/val__2022-06-28-01__a91d8128.npz,41,RIH,1,146,URAVR,2,0,1,0.5,0.4463258683681488,0,0,146,0
2022-06-28-01,/home/ubuntu/klb/nuclr/nuclr/Data/Atanas_SF_unified_000776/cv5_grouped_v1/fold_4/test/val__2022-06-28-01__a91d8128.npz,42,AVL,1,113,RIS,8,0,0,0.125,0.000742737902328372,0,0,113,0
2022-06-28-01,/home/ubuntu/klb/nuclr/nuclr/Data/Atanas_SF_unified_000776/cv5_grouped_v1/fold_4/test/val__2022-06-28-01__a91d8128.npz,43,OLLL,1,94,OLLL,1,1,1,1.0,0.792451798915863,0,1,94,1
2022-06-28-01,/home/ubuntu/klb/nuclr/nuclr/Data/Atanas_SF_unified_000776/cv5_grouped_v1/fold_4/test/val__2022-06-28-01__a91d8128.npz,44,NSMR,1,93,NSMR,1,1,1,1.0,0.8901553750038147,0,1,93,1
2022-06-28-01,/home/ubuntu/klb/nuclr/nuclr/Data/Atanas_SF_unified_000776/cv5_grouped_v1/fold_4/test/val__2022-06-28-01__a91d8128.npz,45,IL1VR,1,76,IL1VR,1,1,1,1.0,0.9304882287979126,0,1,76,1
2022-06-28-01,/home/ubuntu/klb/nuclr/nuclr/Data/Atanas_SF_unified_000776/cv5_grouped_v1/fold_4/test/val__2022-06-28-01__a91d8128.npz,46,IL2L,1,79,IL2L,1,1,1,1.0,0.9135855436325073,0,1,79,1
2022-06-28-01,/home/ubuntu/klb/nuclr/nuclr/Data/Atanas_SF_unified_000776/cv5_grouped_v1/fold_4/test/val__2022-06-28-01__a91d8128.npz,47,AVJR,1,52,AWBR,3,0,1,0.3333333333333333,0.007289916276931763,0,0,52,0
2022-06-28-01,/home/ubuntu/klb/nuclr/nuclr/Data/Atanas_SF_unified_000776/cv5_grouped_v1/fold_4/test/val__2022-06-28-01__a91d8128.npz,48,M3R,1,86,M3R,1,1,1,1.0,0.947577178478241,0,1,86,1
2022-06-28-01,/home/ubuntu/klb/nuclr/nuclr/Data/Atanas_SF_unified_000776/cv5_grouped_v1/fold_4/test/val__2022-06-28-01__a91d8128.npz,49,AIBR,1,10,AIBR,1,1,1,1.0,0.9038616418838501,0,1,10,1
2022-06-28-01,/home/ubuntu/klb/nuclr/nuclr/Data/Atanas_SF_unified_000776/cv5_grouped_v1/fold_4/test/val__2022-06-28-01__a91d8128.npz,51,AVDR,1,39,AVDR,1,1,1,1.0,0.9412074685096741,0,1,39,1
2022-06-28-01,/home/ubuntu/klb/nuclr/nuclr/Data/Atanas_SF_unified_000776/cv5_grouped_v1/fold_4/test/val__2022-06-28-01__a91d8128.npz,52,RMDDL,1,116,RMDDL,1,1,1,1.0,0.8574647307395935,0,1,116,1
2022-06-28-01,/home/ubuntu/klb/nuclr/nuclr/Data/Atanas_SF_unified_000776/cv5_grouped_v1/fold_4/test/val__2022-06-28-01__a91d8128.npz,53,SMDVL,1,141,SMDVL,1,1,1,1.0,0.38974517583847046,1,0,114,0
2022-06-28-01,/home/ubuntu/klb/nuclr/nuclr/Data/Atanas_SF_unified_000776/cv5_grouped_v1/fold_4/test/val__2022-06-28-01__a91d8128.npz,55,AVER,1,41,AVER,1,1,1,1.0,0.8122460246086121,0,1,41,1
2022-06-28-01,/home/ubuntu/klb/nuclr/nuclr/Data/Atanas_SF_unified_000776/cv5_grouped_v1/fold_4/test/val__2022-06-28-01__a91d8128.npz,56,RIML,1,110,RIML,1,1,1,1.0,0.8542423248291016,0,1,110,1
2022-06-28-01,/home/ubuntu/klb/nuclr/nuclr/Data/Atanas_SF_unified_000776/cv5_grouped_v1/fold_4/test/val__2022-06-28-01__a91d8128.npz,57,AUAL,1,32,AUAL,1,1,1,1.0,0.7679328918457031,0,1,32,1
2022-06-28-01,/home/ubuntu/klb/nuclr/nuclr/Data/Atanas_SF_unified_000776/cv5_grouped_v1/fold_4/test/val__2022-06-28-01__a91d8128.npz,61,IL2DL,1,77,IL2DL,1,1,1,1.0,0.929790198802948,0,1,77,1
2022-06-28-01,/home/ubuntu/klb/nuclr/nuclr/Data/Atanas_SF_unified_000776/cv5_grouped_v1/fold_4/test/val__2022-06-28-01__a91d8128.npz,62,AVDL,1,44,AVJL,2,0,1,0.5,0.22939889132976532,0,0,44,0
2022-06-28-01,/home/ubuntu/klb/nuclr/nuclr/Data/Atanas_SF_unified_000776/cv5_grouped_v1/fold_4/test/val__2022-06-28-01__a91d8128.npz,64,RMER,1,124,RMER,1,1,1,1.0,0.928723156452179,0,1,124,1
2022-06-28-01,/home/ubuntu/klb/nuclr/nuclr/Data/Atanas_SF_unified_000776/cv5_grouped_v1/fold_4/test/val__2022-06-28-01__a91d8128.npz,72,URYDL,1,151,URYDL,1,1,1,1.0,0.9317376613616943,0,1,151,1
2022-06-28-01,/home/ubuntu/klb/nuclr/nuclr/Data/Atanas_SF_unified_000776/cv5_grouped_v1/fold_4/test/val__2022-06-28-01__a91d8128.npz,75,URBR,1,148,URBR,1,1,1,1.0,0.40264424681663513,0,1,148,1
2022-06-28-01,/home/ubuntu/klb/nuclr/nuclr/Data/Atanas_SF_unified_000776/cv5_grouped_v1/fold_4/test/val__2022-06-28-01__a91d8128.npz,76,AWBL,1,141,SMDVL,2,0,1,0.5,0.10599429905414581,1,0,141,0
2022-06-28-01,/home/ubuntu/klb/nuclr/nuclr/Data/Atanas_SF_unified_000776/cv5_grouped_v1/fold_4/test/val__2022-06-28-01__a91d8128.npz,77,URYVR,1,154,URYVR,1,1,1,1.0,0.8994516730308533,0,1,154,1
2022-06-28-01,/home/ubuntu/klb/nuclr/nuclr/Data/Atanas_SF_unified_000776/cv5_grouped_v1/fold_4/test/val__2022-06-28-01__a91d8128.npz,78,AVEL,1,40,AVEL,1,1,1,1.0,0.9401659369468689,0,1,40,1
2022-06-28-01,/home/ubuntu/klb/nuclr/nuclr/Data/Atanas_SF_unified_000776/cv5_grouped_v1/fold_4/test/val__2022-06-28-01__a91d8128.npz,79,AVAR,1,35,AVAR,1,1,1,1.0,0.9422730207443237,0,1,35,1
2022-06-28-01,/home/ubuntu/klb/nuclr/nuclr/Data/Atanas_SF_unified_000776/cv5_grouped_v1/fold_4/test/val__2022-06-28-01__a91d8128.npz,82,CEPDL,1,57,CEPDL,1,1,1,1.0,0.9306497573852539,0,1,57,1
2022-06-28-01,/home/ubuntu/klb/nuclr/nuclr/Data/Atanas_SF_unified_000776/cv5_grouped_v1/fold_4/test/val__2022-06-28-01__a91d8128.npz,83,NSML,1,92,NSML,1,1,1,1.0,0.9390963912010193,0,1,92,1
2022-06-28-01,/home/ubuntu/klb/nuclr/nuclr/Data/Atanas_SF_unified_000776/cv5_grouped_v1/fold_4/test/val__2022-06-28-01__a91d8128.npz,84,IL1DL,1,72,IL1DR,4,0,1,0.25,0.002082458231598139,0,0,72,0
2022-06-28-01,/home/ubuntu/klb/nuclr/nuclr/Data/Atanas_SF_unified_000776/cv5_grouped_v1/fold_4/test/val__2022-06-28-01__a91d8128.npz,86,SMDDR,1,126,RMFL,21,0,0,0.047619047619047616,1.533012778054399e-06,0,0,125,0
2022-06-28-01,/home/ubuntu/klb/nuclr/nuclr/Data/Atanas_SF_unified_000776/cv5_grouped_v1/fold_4/test/val__2022-06-28-01__a91d8128.npz,87,URXL,1,149,URXL,1,1,1,1.0,0.9501108527183533,0,1,149,1
2022-06-28-01,/home/ubuntu/klb/nuclr/nuclr/Data/Atanas_SF_unified_000776/cv5_grouped_v1/fold_4/test/val__2022-06-28-01__a91d8128.npz,88,RMEL,1,123,RMEL,1,1,1,1.0,0.949240505695343,0,1,123,1
2022-06-28-01,/home/ubuntu/klb/nuclr/nuclr/Data/Atanas_SF_unified_000776/cv5_grouped_v1/fold_4/test/val__2022-06-28-01__a91d8128.npz,91,RIVL,1,114,RIVL,1,1,1,1.0,0.5215040445327759,0,1,115,0
2022-06-28-01,/home/ubuntu/klb/nuclr/nuclr/Data/Atanas_SF_unified_000776/cv5_grouped_v1/fold_4/test/val__2022-06-28-01__a91d8128.npz,101,MCR,1,90,MCR,1,1,1,1.0,0.8847823143005371,0,1,90,1
2022-06-28-01,/home/ubuntu/klb/nuclr/nuclr/Data/Atanas_SF_unified_000776/cv5_grouped_v1/fold_4/test/val__2022-06-28-01__a91d8128.npz,105,RMDL,1,118,RMDL,1,1,1,1.0,0.8893221616744995,0,1,118,1
2022-06-28-01,/home/ubuntu/klb/nuclr/nuclr/Data/Atanas_SF_unified_000776/cv5_grouped_v1/fold_4/test/val__2022-06-28-01__a91d8128.npz,108,RID,1,106,RID,1,1,1,1.0,0.9427413940429688,0,1,106,1
2022-06-28-01,/home/ubuntu/klb/nuclr/nuclr/Data/Atanas_SF_unified_000776/cv5_grouped_v1/fold_4/test/val__2022-06-28-01__a91d8128.npz,110,OLQVR,1,74,IL1R,2,0,1,0.5,0.425910085439682,0,0,74,0
2022-06-28-01,/home/ubuntu/klb/nuclr/nuclr/Data/Atanas_SF_unified_000776/cv5_grouped_v1/fold_4/test/val__2022-06-28-01__a91d8128.npz,113,OLQDL,1,96,OLQDL,1,1,1,1.0,0.62564617395401,0,1,96,1
2022-06-28-01,/home/ubuntu/klb/nuclr/nuclr/Data/Atanas_SF_unified_000776/cv5_grouped_v1/fold_4/test/val__2022-06-28-01__a91d8128.npz,115,RICL,1,21,ASEL,5,0,1,0.2,0.0023613369558006525,1,0,21,0
2022-06-28-01,/home/ubuntu/klb/nuclr/nuclr/Data/Atanas_SF_unified_000776/cv5_grouped_v1/fold_4/test/val__2022-06-28-01__a91d8128.npz,116,I3,1,67,I3,1,1,1,1.0,0.9493265748023987,0,1,67,1
2022-06-28-01,/home/ubuntu/klb/nuclr/nuclr/Data/Atanas_SF_unified_000776/cv5_grouped_v1/fold_4/test/val__2022-06-28-01__a91d8128.npz,117,RMDVR,1,121,RMDVR,1,1,1,1.0,0.9445844888687134,0,1,121,1
2022-06-28-01,/home/ubuntu/klb/nuclr/nuclr/Data/Atanas_SF_unified_000776/cv5_grouped_v1/fold_4/test/val__2022-06-28-01__a91d8128.npz,118,SMDVR,1,142,SMDVR,1,1,1,1.0,0.7620996236801147,0,1,142,1
2022-06-28-01,/home/ubuntu/klb/nuclr/nuclr/Data/Atanas_SF_unified_000776/cv5_grouped_v1/fold_4/test/val__2022-06-28-01__a91d8128.npz,119,RMDR,1,119,RMDR,1,1,1,1.0,0.8711552023887634,0,1,119,1
2022-06-28-01,/home/ubuntu/klb/nuclr/nuclr/Data/Atanas_SF_unified_000776/cv5_grouped_v1/fold_4/test/val__2022-06-28-01__a91d8128.npz,122,IL2DR,1,78,IL2DR,1,1,1,1.0,0.9444078803062439,0,1,78,1
2022-06-28-01,/home/ubuntu/klb/nuclr/nuclr/Data/Atanas_SF_unified_000776/cv5_grouped_v1/fold_4/test/val__2022-06-28-01__a91d8128.npz,124,IL1DR,1,72,IL1DR,1,1,1,1.0,0.35656267404556274,1,0,80,0
2022-06-28-01,/home/ubuntu/klb/nuclr/nuclr/Data/Atanas_SF_unified_000776/cv5_grouped_v1/fold_4/test/val__2022-06-28-01__a91d8128.npz,125,URXR,1,150,URXR,1,1,1,1.0,0.9498853087425232,0,1,150,1
2022-06-28-01,/home/ubuntu/klb/nuclr/nuclr/Data/Atanas_SF_unified_000776/cv5_grouped_v1/fold_4/test/val__2022-06-28-01__a91d8128.npz,126,CEPVR,1,60,CEPVR,1,1,1,1.0,0.8925648927688599,0,1,60,1
2022-06-28-01,/home/ubuntu/klb/nuclr/nuclr/Data/Atanas_SF_unified_000776/cv5_grouped_v1/fold_4/test/val__2022-06-28-01__a91d8128.npz,127,M3L,1,85,M3L,1,1,1,1.0,0.9414942860603333,0,1,85,1
2022-06-28-01,/home/ubuntu/klb/nuclr/nuclr/Data/Atanas_SF_unified_000776/cv5_grouped_v1/fold_4/test/val__2022-06-28-01__a91d8128.npz,129,RMGL,1,127,RMGL,1,1,1,1.0,0.6891151666641235,0,1,127,1
2022-06-28-01,/home/ubuntu/klb/nuclr/nuclr/Data/Atanas_SF_unified_000776/cv5_grouped_v1/fold_4/test/val__2022-06-28-01__a91d8128.npz,130,AIZL,1,17,AIZL,1,1,1,1.0,0.4049592614173889,0,1,17,1
2022-06-28-01,/home/ubuntu/klb/nuclr/nuclr/Data/Atanas_SF_unified_000776/cv5_grouped_v1/fold_4/test/val__2022-06-28-01__a91d8128.npz,131,ADAL,1,108,RIFR,33,0,0,0.030303030303030304,2.578819291443324e-08,0,0,108,0
2022-06-28-01,/home/ubuntu/klb/nuclr/nuclr/Data/Atanas_SF_unified_000776/cv5_grouped_v1/fold_4/test/val__2022-06-28-01__a91d8128.npz,134,SMDDL,1,48,AVL,10,0,0,0.1,0.00031037695589475334,1,0,48,0
2022-06-28-01,/home/ubuntu/klb/nuclr/nuclr/Data/Atanas_SF_unified_000776/cv5_grouped_v1/fold_4/test/val__2022-06-28-01__a91d8128.npz,137,AVAL,1,34,AVAL,1,1,1,1.0,0.09352099895477295,1,0,34,1
2022-06-28-01,/home/ubuntu/klb/nuclr/nuclr/Data/Atanas_SF_unified_000776/cv5_grouped_v1/fold_4/test/val__2022-06-28-01__a91d8128.npz,141,AIBL,1,9,AIBL,1,1,1,1.0,0.9346990585327148,0,1,9,1
