fold,seed,uid,source_path,node_index,identity,medoid_uid,medoid_candidate_present,full_rank,medoid_rank,full_top1,medoid_top1,full_top5,medoid_top5,full_rr,medoid_rr,full_hungarian_correct,medoid_hungarian_correct
0,42,2022-07-26-01,/home/ubuntu/klb/nuclr/nuclr/Data/Atanas_SF_unified_000776/cv5_grouped_v1/fold_0/test/train__2022-07-26-01__0f9510f7.npz,1,RMDL,2023-01-05-18,1,1,1,1,1,1,1,1.0,1.0,1,1
0,42,2022-07-26-01,/home/ubuntu/klb/nuclr/nuclr/Data/Atanas_SF_unified_000776/cv5_grouped_v1/fold_0/test/train__2022-07-26-01__0f9510f7.npz,4,URXL,2023-01-05-18,1,1,2,1,0,1,1,1.0,0.5,1,0
0,42,2022-07-26-01,/home/ubuntu/klb/nuclr/nuclr/Data/Atanas_SF_unified_000776/cv5_grouped_v1/fold_0/test/train__2022-07-26-01__0f9510f7.npz,5,RICL,2023-01-05-18,1,1,1,1,1,1,1,1.0,1.0,1,1
0,42,2022-07-26-01,/home/ubuntu/klb/nuclr/nuclr/Data/Atanas_SF_unified_000776/cv5_grouped_v1/fold_0/test/train__2022-07-26-01__0f9510f7.npz,9,IL1R,2023-01-05-18,0,1,-1,1,0,1,0,1.0,0.0,1,0
0,42,2022-07-26-01,/home/ubuntu/klb/nuclr/nuclr/Data/Atanas_SF_unified_000776/cv5_grouped_v1/fold_0/test/train__2022-07-26-01__0f9510f7.npz,17,AIBR,2023-01-05-18,1,1,1,1,1,1,1,1.0,1.0,1,1
0,42,2022-07-26-01,/home/ubuntu/klb/nuclr/nuclr/Data/Atanas_SF_unified_000776/cv5_grouped_v1/fold_0/test/train__2022-07-26-01__0f9510f7.npz,18,CEPDL,2023-01-05-18,1,1,1,1,1,1,1,1.0,1.0,1,1
0,42,2022-07-26-01,/home/ubuntu/klb/nuclr/nuclr/Data/Atanas_SF_unified_000776/cv5_grouped_v1/fold_0/test/train__2022-07-26-01__0f9510f7.npz,20,IL1DR,2023-01-05-18,1,1,2,1,0,1,1,1.0,0.5,1,0
0,42,2022-07-26-01,/home/ubuntu/klb/nuclr/nuclr/Data/Atanas_SF_unified_000776/cv5_grouped_v1/fold_0/test/train__2022-07-26-01__0f9510f7.npz,21,AVAL,2023-01-05-18,1,1,1,1,1,1,1,1.0,1.0,1,1
0,42,2022-07-26-01,/home/ubuntu/klb/nuclr/nuclr/Data/Atanas_SF_unified_000776/cv5_grouped_v1/fold_0/test/train__2022-07-26-01__0f9510f7.npz,25,ASGL,2023-01-05-18,1,2,1,0,1,1,1,0.5,1.0,0,1
0,42,2022-07-26-01,/home/ubuntu/klb/nuclr/nuclr/Data/Atanas_SF_unified_000776/cv5_grouped_v1/fold_0/test/train__2022-07-26-01__0f9510f7.npz,27,I2L,2023-01-05-18,1,1,1,1,1,1,1,1.0,1.0,1,1
0,42,2022-07-26-01,/home/ubuntu/klb/nuclr/nuclr/Data/Atanas_SF_unified_000776/cv5_grouped_v1/fold_0/test/train__2022-07-26-01__0f9510f7.npz,29,IL2DL,2023-01-05-18,1,1,1,1,1,1,1,1.0,1.0,1,1
0,42,2022-07-26-01,/home/ubuntu/klb/nuclr/nuclr/Data/Atanas_SF_unified_000776/cv5_grouped_v1/fold_0/test/train__2022-07-26-01__0f9510f7.npz,31,RMDR,2023-01-05-18,0,1,-1,1,0,1,0,1.0,0.0,1,0
0,42,2022-07-26-01,/home/ubuntu/klb/nuclr/nuclr/Data/Atanas_SF_unified_000776/cv5_grouped_v1/fold_0/test/train__2022-07-26-01__0f9510f7.npz,32,ADEL,2023-01-05-18,0,7,-1,0,0,0,0,0.14285714285714285,0.0,0,0
0,42,2022-07-26-01,/home/ubuntu/klb/nuclr/nuclr/Data/Atanas_SF_unified_000776/cv5_grouped_v1/fold_0/test/train__2022-07-26-01__0f9510f7.npz,33,M3R,2023-01-05-18,1,1,1,1,1,1,1,1.0,1.0,1,1
0,42,2022-07-26-01,/home/ubuntu/klb/nuclr/nuclr/Data/Atanas_SF_unified_000776/cv5_grouped_v1/fold_0/test/train__2022-07-26-01__0f9510f7.npz,36,SMDVL,2023-01-05-18,1,1,1,1,1,1,1,1.0,1.0,1,1
0,42,2022-07-26-01,/home/ubuntu/klb/nuclr/nuclr/Data/Atanas_SF_unified_000776/cv5_grouped_v1/fold_0/test/train__2022-07-26-01__0f9510f7.npz,37,AVER,2023-01-05-18,1,1,1,1,1,1,1,1.0,1.0,1,1
0,42,2022-07-26-01,/home/ubuntu/klb/nuclr/nuclr/Data/Atanas_SF_unified_000776/cv5_grouped_v1/fold_0/test/train__2022-07-26-01__0f9510f7.npz,40,AVEL,2023-01-05-18,1,1,1,1,1,1,1,1.0,1.0,1,1
0,42,2022-07-26-01,/home/ubuntu/klb/nuclr/nuclr/Data/Atanas_SF_unified_000776/cv5_grouped_v1/fold_0/test/train__2022-07-26-01__0f9510f7.npz,41,AVJL,2023-01-05-18,1,5,3,0,0,1,1,0.2,0.3333333333333333,0,0
0,42,2022-07-26-01,/home/ubuntu/klb/nuclr/nuclr/Data/Atanas_SF_unified_000776/cv5_grouped_v1/fold_0/test/train__2022-07-26-01__0f9510f7.npz,43,M4,2023-01-05-18,1,1,1,1,1,1,1,1.0,1.0,1,1
0,42,2022-07-26-01,/home/ubuntu/klb/nuclr/nuclr/Data/Atanas_SF_unified_000776/cv5_grouped_v1/fold_0/test/train__2022-07-26-01__0f9510f7.npz,45,I3,2023-01-05-18,1,1,1,1,1,1,1,1.0,1.0,1,1
0,42,2022-07-26-01,/home/ubuntu/klb/nuclr/nuclr/Data/Atanas_SF_unified_000776/cv5_grouped_v1/fold_0/test/train__2022-07-26-01__0f9510f7.npz,46,AINR,2023-01-05-18,1,4,4,0,0,1,1,0.25,0.25,0,0
0,42,2022-07-26-01,/home/ubuntu/klb/nuclr/nuclr/Data/Atanas_SF_unified_000776/cv5_grouped_v1/fold_0/test/train__2022-07-26-01__0f9510f7.npz,47,CEPVL,2023-01-05-18,1,1,1,1,1,1,1,1.0,1.0,1,1
0,42,2022-07-26-01,/home/ubuntu/klb/nuclr/nuclr/Data/Atanas_SF_unified_000776/cv5_grouped_v1/fold_0/test/train__2022-07-26-01__0f9510f7.npz,51,URYVL,2023-01-05-18,1,1,1,1,1,1,1,1.0,1.0,1,1
0,42,2022-07-26-01,/home/ubuntu/klb/nuclr/nuclr/Data/Atanas_SF_unified_000776/cv5_grouped_v1/fold_0/test/train__2022-07-26-01__0f9510f7.npz,52,ASEL,2023-01-05-18,1,1,1,1,1,1,1,1.0,1.0,1,1
0,42,2022-07-26-01,/home/ubuntu/klb/nuclr/nuclr/Data/Atanas_SF_unified_000776/cv5_grouped_v1/fold_0/test/train__2022-07-26-01__0f9510f7.npz,53,AVKR,2023-01-05-18,0,9,-1,0,0,0,0,0.1111111111111111,0.0,0,0
0,42,2022-07-26-01,/home/ubuntu/klb/nuclr/nuclr/Data/Atanas_SF_unified_000776/cv5_grouped_v1/fold_0/test/train__2022-07-26-01__0f9510f7.npz,54,RMEL,2023-01-05-18,0,1,-1,1,0,1,0,1.0,0.0,1,0
0,42,2022-07-26-01,/home/ubuntu/klb/nuclr/nuclr/Data/Atanas_SF_unified_000776/cv5_grouped_v1/fold_0/test/train__2022-07-26-01__0f9510f7.npz,55,ASHL,2023-01-05-18,0,1,-1,1,0,1,0,1.0,0.0,1,0
0,42,2022-07-26-01,/home/ubuntu/klb/nuclr/nuclr/Data/Atanas_SF_unified_000776/cv5_grouped_v1/fold_0/test/train__2022-07-26-01__0f9510f7.npz,56,OLLR,2023-01-05-18,1,1,1,1,1,1,1,1.0,1.0,1,1
0,42,2022-07-26-01,/home/ubuntu/klb/nuclr/nuclr/Data/Atanas_SF_unified_000776/cv5_grouped_v1/fold_0/test/train__2022-07-26-01__0f9510f7.npz,58,RMDDR,2023-01-05-18,0,1,-1,1,0,1,0,1.0,0.0,1,0
0,42,2022-07-26-01,/home/ubuntu/klb/nuclr/nuclr/Data/Atanas_SF_unified_000776/cv5_grouped_v1/fold_0/test/train__2022-07-26-01__0f9510f7.npz,62,URBR,2023-01-05-18,1,23,19,0,0,0,0,0.043478260869565216,0.05263157894736842,0,0
0,42,2022-07-26-01,/home/ubuntu/klb/nuclr/nuclr/Data/Atanas_SF_unified_000776/cv5_grouped_v1/fold_0/test/train__2022-07-26-01__0f9510f7.npz,63,OLQVR,2023-01-05-18,1,1,1,1,1,1,1,1.0,1.0,1,1
0,42,2022-07-26-01,/home/ubuntu/klb/nuclr/nuclr/Data/Atanas_SF_unified_000776/cv5_grouped_v1/fold_0/test/train__2022-07-26-01__0f9510f7.npz,66,SMDVR,2023-01-05-18,0,1,-1,1,0,1,0,1.0,0.0,1,0
0,42,2022-07-26-01,/home/ubuntu/klb/nuclr/nuclr/Data/Atanas_SF_unified_000776/cv5_grouped_v1/fold_0/test/train__2022-07-26-01__0f9510f7.npz,68,IL2DR,2023-01-05-18,1,1,1,1,1,1,1,1.0,1.0,1,1
0,42,2022-07-26-01,/home/ubuntu/klb/nuclr/nuclr/Data/Atanas_SF_unified_000776/cv5_grouped_v1/fold_0/test/train__2022-07-26-01__0f9510f7.npz,69,RMER,2023-01-05-18,1,1,1,1,1,1,1,1.0,1.0,1,1
0,42,2022-07-26-01,/home/ubuntu/klb/nuclr/nuclr/Data/Atanas_SF_unified_000776/cv5_grouped_v1/fold_0/test/train__2022-07-26-01__0f9510f7.npz,71,IL2VL,2023-01-05-18,1,1,2,1,0,1,1,1.0,0.5,1,0
0,42,2022-07-26-01,/home/ubuntu/klb/nuclr/nuclr/Data/Atanas_SF_unified_000776/cv5_grouped_v1/fold_0/test/train__2022-07-26-01__0f9510f7.npz,72,OLQDR,2023-01-05-18,1,1,2,1,0,1,1,1.0,0.5,1,0
0,42,2022-07-26-01,/home/ubuntu/klb/nuclr/nuclr/Data/Atanas_SF_unified_000776/cv5_grouped_v1/fold_0/test/train__2022-07-26-01__0f9510f7.npz,74,URYVR,2023-01-05-18,0,1,-1,1,0,1,0,1.0,0.0,1,0
0,42,2022-07-26-01,/home/ubuntu/klb/nuclr/nuclr/Data/Atanas_SF_unified_000776/cv5_grouped_v1/fold_0/test/train__2022-07-26-01__0f9510f7.npz,75,IL1DL,2023-01-05-18,1,1,1,1,1,1,1,1.0,1.0,1,1
0,42,2022-07-26-01,/home/ubuntu/klb/nuclr/nuclr/Data/Atanas_SF_unified_000776/cv5_grouped_v1/fold_0/test/train__2022-07-26-01__0f9510f7.npz,77,OLLL,2023-01-05-18,1,1,2,1,0,1,1,1.0,0.5,1,1
0,42,2022-07-26-01,/home/ubuntu/klb/nuclr/nuclr/Data/Atanas_SF_unified_000776/cv5_grouped_v1/fold_0/test/train__2022-07-26-01__0f9510f7.npz,79,RIAL,2023-01-05-18,1,1,1,1,1,1,1,1.0,1.0,1,1
0,42,2022-07-26-01,/home/ubuntu/klb/nuclr/nuclr/Data/Atanas_SF_unified_000776/cv5_grouped_v1/fold_0/test/train__2022-07-26-01__0f9510f7.npz,80,RMEV,2023-01-05-18,1,1,1,1,1,1,1,1.0,1.0,1,0
0,42,2022-07-26-01,/home/ubuntu/klb/nuclr/nuclr/Data/Atanas_SF_unified_000776/cv5_grouped_v1/fold_0/test/train__2022-07-26-01__0f9510f7.npz,81,RID,2023-01-05-18,1,1,1,1,1,1,1,1.0,1.0,1,1
0,42,2022-07-26-01,/home/ubuntu/klb/nuclr/nuclr/Data/Atanas_SF_unified_000776/cv5_grouped_v1/fold_0/test/train__2022-07-26-01__0f9510f7.npz,82,OLQVL,2023-01-05-18,1,2,2,0,0,1,1,0.5,0.5,1,1
0,42,2022-07-26-01,/home/ubuntu/klb/nuclr/nuclr/Data/Atanas_SF_unified_000776/cv5_grouped_v1/fold_0/test/train__2022-07-26-01__0f9510f7.npz,91,RMDVL,2023-01-05-18,1,1,1,1,1,1,1,1.0,1.0,1,1
0,42,2022-07-26-01,/home/ubuntu/klb/nuclr/nuclr/Data/Atanas_SF_unified_000776/cv5_grouped_v1/fold_0/test/train__2022-07-26-01__0f9510f7.npz,95,RMDDL,2023-01-05-18,1,1,1,1,1,1,1,1.0,1.0,1,0
0,42,2022-07-26-01,/home/ubuntu/klb/nuclr/nuclr/Data/Atanas_SF_unified_000776/cv5_grouped_v1/fold_0/test/train__2022-07-26-01__0f9510f7.npz,96,AIBL,2023-01-05-18,0,1,-1,1,0,1,0,1.0,0.0,1,0
0,42,2022-07-26-01,/home/ubuntu/klb/nuclr/nuclr/Data/Atanas_SF_unified_000776/cv5_grouped_v1/fold_0/test/train__2022-07-26-01__0f9510f7.npz,98,IL2R,2023-01-05-18,1,2,2,0,0,1,1,0.5,0.5,1,0
0,42,2022-07-26-01,/home/ubuntu/klb/nuclr/nuclr/Data/Atanas_SF_unified_000776/cv5_grouped_v1/fold_0/test/train__2022-07-26-01__0f9510f7.npz,100,NSMR,2023-01-05-18,1,1,1,1,1,1,1,1.0,1.0,1,1
0,42,2022-07-26-01,/home/ubuntu/klb/nuclr/nuclr/Data/Atanas_SF_unified_000776/cv5_grouped_v1/fold_0/test/train__2022-07-26-01__0f9510f7.npz,102,IL1L,2023-01-05-18,1,1,1,1,1,1,1,1.0,1.0,1,1
0,42,2022-07-26-01,/home/ubuntu/klb/nuclr/nuclr/Data/Atanas_SF_unified_000776/cv5_grouped_v1/fold_0/test/train__2022-07-26-01__0f9510f7.npz,104,IL2L,2023-01-05-18,1,2,1,0,1,1,1,0.5,1.0,0,0
0,42,2022-07-26-01,/home/ubuntu/klb/nuclr/nuclr/Data/Atanas_SF_unified_000776/cv5_grouped_v1/fold_0/test/train__2022-07-26-01__0f9510f7.npz,105,URBL,2023-01-05-18,1,23,8,0,0,0,0,0.043478260869565216,0.125,0,0
0,42,2022-07-26-01,/home/ubuntu/klb/nuclr/nuclr/Data/Atanas_SF_unified_000776/cv5_grouped_v1/fold_0/test/train__2022-07-26-01__0f9510f7.npz,106,MI,2023-01-05-18,1,1,1,1,1,1,1,1.0,1.0,1,1
0,42,2022-07-26-01,/home/ubuntu/klb/nuclr/nuclr/Data/Atanas_SF_unified_000776/cv5_grouped_v1/fold_0/test/train__2022-07-26-01__0f9510f7.npz,107,AUAL,2023-01-05-18,1,1,1,1,1,1,1,1.0,1.0,1,1
0,42,2022-07-26-01,/home/ubuntu/klb/nuclr/nuclr/Data/Atanas_SF_unified_000776/cv5_grouped_v1/fold_0/test/train__2022-07-26-01__0f9510f7.npz,113,M3L,2023-01-05-18,1,1,1,1,1,1,1,1.0,1.0,1,1
0,42,2022-07-26-01,/home/ubuntu/klb/nuclr/nuclr/Data/Atanas_SF_unified_000776/cv5_grouped_v1/fold_0/test/train__2022-07-26-01__0f9510f7.npz,117,AVDL,2023-01-05-18,0,2,-1,0,0,1,0,0.5,0.0,0,0
0,42,2022-07-26-01,/home/ubuntu/klb/nuclr/nuclr/Data/Atanas_SF_unified_000776/cv5_grouped_v1/fold_0/test/train__2022-07-26-01__0f9510f7.npz,119,OLQDL,2023-01-05-18,1,1,3,1,0,1,1,1.0,0.3333333333333333,1,0
0,42,2022-07-26-01,/home/ubuntu/klb/nuclr/nuclr/Data/Atanas_SF_unified_000776/cv5_grouped_v1/fold_0/test/train__2022-07-26-01__0f9510f7.npz,120,AINL,2023-01-05-18,0,1,-1,1,0,1,0,1.0,0.0,1,0
0,42,2022-07-26-01,/home/ubuntu/klb/nuclr/nuclr/Data/Atanas_SF_unified_000776/cv5_grouped_v1/fold_0/test/train__2022-07-26-01__0f9510f7.npz,122,URXR,2023-01-05-18,1,1,2,1,0,1,1,1.0,0.5,1,0
0,42,2022-07-26-01,/home/ubuntu/klb/nuclr/nuclr/Data/Atanas_SF_unified_000776/cv5_grouped_v1/fold_0/test/train__2022-07-26-01__0f9510f7.npz,123,BAGL,2023-01-05-18,0,1,-1,1,0,1,0,1.0,0.0,1,0
0,42,2022-07-26-01,/home/ubuntu/klb/nuclr/nuclr/Data/Atanas_SF_unified_000776/cv5_grouped_v1/fold_0/test/train__2022-07-26-01__0f9510f7.npz,124,CEPVR,2023-01-05-18,0,1,-1,1,0,1,0,1.0,0.0,1,0
0,42,2022-07-26-01,/home/ubuntu/klb/nuclr/nuclr/Data/Atanas_SF_unified_000776/cv5_grouped_v1/fold_0/test/train__2022-07-26-01__0f9510f7.npz,126,URYDL,2023-01-05-18,1,1,1,1,1,1,1,1.0,1.0,1,1
0,42,2022-07-26-01,/home/ubuntu/klb/nuclr/nuclr/Data/Atanas_SF_unified_000776/cv5_grouped_v1/fold_0/test/train__2022-07-26-01__0f9510f7.npz,127,FLPL,2023-01-05-18,1,4,1,0,1,1,1,0.25,1.0,0,1
0,42,2022-07-26-01,/home/ubuntu/klb/nuclr/nuclr/Data/Atanas_SF_unified_000776/cv5_grouped_v1/fold_0/test/train__2022-07-26-01__0f9510f7.npz,129,NSML,2023-01-05-18,1,1,1,1,1,1,1,1.0,1.0,1,1
0,42,2022-07-26-01,/home/ubuntu/klb/nuclr/nuclr/Data/Atanas_SF_unified_000776/cv5_grouped_v1/fold_0/test/train__2022-07-26-01__0f9510f7.npz,131,IL2VR,2023-01-05-18,1,1,1,1,1,1,1,1.0,1.0,1,0
0,42,2022-07-26-01,/home/ubuntu/klb/nuclr/nuclr/Data/Atanas_SF_unified_000776/cv5_grouped_v1/fold_0/test/train__2022-07-26-01__0f9510f7.npz,132,URAVL,2023-01-05-18,1,1,1,1,1,1,1,1.0,1.0,1,1
0,42,2022-08-02-01,/home/ubuntu/klb/nuclr/nuclr/Data/Atanas_SF_unified_000776/cv5_grouped_v1/fold_0/test/train__2022-08-02-01__17852669.npz,0,SAADR,2023-01-05-18,0,2,-1,0,0,1,0,0.5,0.0,1,0
0,42,2022-08-02-01,/home/ubuntu/klb/nuclr/nuclr/Data/Atanas_SF_unified_000776/cv5_grouped_v1/fold_0/test/train__2022-08-02-01__17852669.npz,2,IL1R,2023-01-05-18,0,1,-1,1,0,1,0,1.0,0.0,1,0
0,42,2022-08-02-01,/home/ubuntu/klb/nuclr/nuclr/Data/Atanas_SF_unified_000776/cv5_grouped_v1/fold_0/test/train__2022-08-02-01__17852669.npz,3,AWAR,2023-01-05-18,0,1,-1,1,0,1,0,1.0,0.0,1,0
0,42,2022-08-02-01,/home/ubuntu/klb/nuclr/nuclr/Data/Atanas_SF_unified_000776/cv5_grouped_v1/fold_0/test/train__2022-08-02-01__17852669.npz,5,ASGL,2023-01-05-18,1,1,1,1,1,1,1,1.0,1.0,1,1
0,42,2022-08-02-01,/home/ubuntu/klb/nuclr/nuclr/Data/Atanas_SF_unified_000776/cv5_grouped_v1/fold_0/test/train__2022-08-02-01__17852669.npz,7,IL1VR,2023-01-05-18,0,9,-1,0,0,0,0,0.1111111111111111,0.0,0,0
0,42,2022-08-02-01,/home/ubuntu/klb/nuclr/nuclr/Data/Atanas_SF_unified_000776/cv5_grouped_v1/fold_0/test/train__2022-08-02-01__17852669.npz,8,CEPVR,2023-01-05-18,0,1,-1,1,0,1,0,1.0,0.0,0,0
0,42,2022-08-02-01,/home/ubuntu/klb/nuclr/nuclr/Data/Atanas_SF_unified_000776/cv5_grouped_v1/fold_0/test/train__2022-08-02-01__17852669.npz,9,RMEV,2023-01-05-18,1,9,1,0,1,0,1,0.1111111111111111,1.0,0,0
0,42,2022-08-02-01,/home/ubuntu/klb/nuclr/nuclr/Data/Atanas_SF_unified_000776/cv5_grouped_v1/fold_0/test/train__2022-08-02-01__17852669.npz,10,RMDR,2023-01-05-18,0,1,-1,1,0,1,0,1.0,0.0,1,0
0,42,2022-08-02-01,/home/ubuntu/klb/nuclr/nuclr/Data/Atanas_SF_unified_000776/cv5_grouped_v1/fold_0/test/train__2022-08-02-01__17852669.npz,12,AIBR,2023-01-05-18,1,1,2,1,0,1,1,1.0,0.5,1,0
0,42,2022-08-02-01,/home/ubuntu/klb/nuclr/nuclr/Data/Atanas_SF_unified_000776/cv5_grouped_v1/fold_0/test/train__2022-08-02-01__17852669.npz,13,AWBR,2023-01-05-18,1,1,2,1,0,1,1,1.0,0.5,1,0
0,42,2022-08-02-01,/home/ubuntu/klb/nuclr/nuclr/Data/Atanas_SF_unified_000776/cv5_grouped_v1/fold_0/test/train__2022-08-02-01__17852669.npz,14,AIZL,2023-01-05-18,1,1,1,1,1,1,1,1.0,1.0,1,0
0,42,2022-08-02-01,/home/ubuntu/klb/nuclr/nuclr/Data/Atanas_SF_unified_000776/cv5_grouped_v1/fold_0/test/train__2022-08-02-01__17852669.npz,16,AUAL,2023-01-05-18,1,1,1,1,1,1,1,1.0,1.0,1,1
0,42,2022-08-02-01,/home/ubuntu/klb/nuclr/nuclr/Data/Atanas_SF_unified_000776/cv5_grouped_v1/fold_0/test/train__2022-08-02-01__17852669.npz,17,AIZR,2023-01-05-18,1,1,3,1,0,1,1,1.0,0.3333333333333333,1,0
0,42,2022-08-02-01,/home/ubuntu/klb/nuclr/nuclr/Data/Atanas_SF_unified_000776/cv5_grouped_v1/fold_0/test/train__2022-08-02-01__17852669.npz,19,AVJR,2023-01-05-18,1,1,1,1,1,1,1,1.0,1.0,1,0
0,42,2022-08-02-01,/home/ubuntu/klb/nuclr/nuclr/Data/Atanas_SF_unified_000776/cv5_grouped_v1/fold_0/test/train__2022-08-02-01__17852669.npz,21,AIBL,2023-01-05-18,0,1,-1,1,0,1,0,1.0,0.0,0,0
0,42,2022-08-02-01,/home/ubuntu/klb/nuclr/nuclr/Data/Atanas_SF_unified_000776/cv5_grouped_v1/fold_0/test/train__2022-08-02-01__17852669.npz,22,ASEL,2023-01-05-18,1,1,1,1,1,1,1,1.0,1.0,1,1
0,42,2022-08-02-01,/home/ubuntu/klb/nuclr/nuclr/Data/Atanas_SF_unified_000776/cv5_grouped_v1/fold_0/test/train__2022-08-02-01__17852669.npz,24,I2R,2023-01-05-18,1,1,1,1,1,1,1,1.0,1.0,1,1
0,42,2022-08-02-01,/home/ubuntu/klb/nuclr/nuclr/Data/Atanas_SF_unified_000776/cv5_grouped_v1/fold_0/test/train__2022-08-02-01__17852669.npz,25,URBR,2023-01-05-18,1,2,1,0,1,1,1,0.5,1.0,1,1
0,42,2022-08-02-01,/home/ubuntu/klb/nuclr/nuclr/Data/Atanas_SF_unified_000776/cv5_grouped_v1/fold_0/test/train__2022-08-02-01__17852669.npz,26,SAAVL,2023-01-05-18,1,1,1,1,1,1,1,1.0,1.0,0,1
0,42,2022-08-02-01,/home/ubuntu/klb/nuclr/nuclr/Data/Atanas_SF_unified_000776/cv5_grouped_v1/fold_0/test/train__2022-08-02-01__17852669.npz,27,IL2DL,2023-01-05-18,1,1,1,1,1,1,1,1.0,1.0,1,1
0,42,2022-08-02-01,/home/ubuntu/klb/nuclr/nuclr/Data/Atanas_SF_unified_000776/cv5_grouped_v1/fold_0/test/train__2022-08-02-01__17852669.npz,28,IL1DL,2023-01-05-18,1,3,4,0,0,1,1,0.3333333333333333,0.25,0,0
0,42,2022-08-02-01,/home/ubuntu/klb/nuclr/nuclr/Data/Atanas_SF_unified_000776/cv5_grouped_v1/fold_0/test/train__2022-08-02-01__17852669.npz,29,IL2VR,2023-01-05-18,1,1,1,1,1,1,1,1.0,1.0,1,1
0,42,2022-08-02-01,/home/ubuntu/klb/nuclr/nuclr/Data/Atanas_SF_unified_000776/cv5_grouped_v1/fold_0/test/train__2022-08-02-01__17852669.npz,30,OLQVR,2023-01-05-18,1,1,2,1,0,1,1,1.0,0.5,1,0
0,42,2022-08-02-01,/home/ubuntu/klb/nuclr/nuclr/Data/Atanas_SF_unified_000776/cv5_grouped_v1/fold_0/test/train__2022-08-02-01__17852669.npz,31,URXL,2023-01-05-18,1,1,1,1,1,1,1,1.0,1.0,1,1
0,42,2022-08-02-01,/home/ubuntu/klb/nuclr/nuclr/Data/Atanas_SF_unified_000776/cv5_grouped_v1/fold_0/test/train__2022-08-02-01__17852669.npz,32,CEPDL,2023-01-05-18,1,1,1,1,1,1,1,1.0,1.0,1,1
0,42,2022-08-02-01,/home/ubuntu/klb/nuclr/nuclr/Data/Atanas_SF_unified_000776/cv5_grouped_v1/fold_0/test/train__2022-08-02-01__17852669.npz,33,SMDDL,2023-01-05-18,0,7,-1,0,0,0,0,0.14285714285714285,0.0,0,0
0,42,2022-08-02-01,/home/ubuntu/klb/nuclr/nuclr/Data/Atanas_SF_unified_000776/cv5_grouped_v1/fold_0/test/train__2022-08-02-01__17852669.npz,35,AVJL,2023-01-05-18,1,1,1,1,1,1,1,1.0,1.0,1,0
0,42,2022-08-02-01,/home/ubuntu/klb/nuclr/nuclr/Data/Atanas_SF_unified_000776/cv5_grouped_v1/fold_0/test/train__2022-08-02-01__17852669.npz,36,ASKL,2023-01-05-18,0,6,-1,0,0,0,0,0.16666666666666666,0.0,0,0
0,42,2022-08-02-01,/home/ubuntu/klb/nuclr/nuclr/Data/Atanas_SF_unified_000776/cv5_grouped_v1/fold_0/test/train__2022-08-02-01__17852669.npz,37,AVDR,2023-01-05-18,1,1,4,1,0,1,1,1.0,0.25,1,0
0,42,2022-08-02-01,/home/ubuntu/klb/nuclr/nuclr/Data/Atanas_SF_unified_000776/cv5_grouped_v1/fold_0/test/train__2022-08-02-01__17852669.npz,38,NSMR,2023-01-05-18,1,1,1,1,1,1,1,1.0,1.0,1,1
0,42,2022-08-02-01,/home/ubuntu/klb/nuclr/nuclr/Data/Atanas_SF_unified_000776/cv5_grouped_v1/fold_0/test/train__2022-08-02-01__17852669.npz,39,RIVL,2023-01-05-18,1,1,1,1,1,1,1,1.0,1.0,1,1
0,42,2022-08-02-01,/home/ubuntu/klb/nuclr/nuclr/Data/Atanas_SF_unified_000776/cv5_grouped_v1/fold_0/test/train__2022-08-02-01__17852669.npz,40,URADL,2023-01-05-18,1,1,1,1,1,1,1,1.0,1.0,1,1
0,42,2022-08-02-01,/home/ubuntu/klb/nuclr/nuclr/Data/Atanas_SF_unified_000776/cv5_grouped_v1/fold_0/test/train__2022-08-02-01__17852669.npz,41,FLPL,2023-01-05-18,1,1,3,1,0,1,1,1.0,0.3333333333333333,1,0
0,42,2022-08-02-01,/home/ubuntu/klb/nuclr/nuclr/Data/Atanas_SF_unified_000776/cv5_grouped_v1/fold_0/test/train__2022-08-02-01__17852669.npz,42,OLQDR,2023-01-05-18,1,1,1,1,1,1,1,1.0,1.0,0,1
0,42,2022-08-02-01,/home/ubuntu/klb/nuclr/nuclr/Data/Atanas_SF_unified_000776/cv5_grouped_v1/fold_0/test/train__2022-08-02-01__17852669.npz,47,RIBL,2023-01-05-18,0,1,-1,1,0,1,0,1.0,0.0,1,0
0,42,2022-08-02-01,/home/ubuntu/klb/nuclr/nuclr/Data/Atanas_SF_unified_000776/cv5_grouped_v1/fold_0/test/train__2022-08-02-01__17852669.npz,48,RIH,2023-01-05-18,0,2,-1,0,0,1,0,0.5,0.0,0,0
0,42,2022-08-02-01,/home/ubuntu/klb/nuclr/nuclr/Data/Atanas_SF_unified_000776/cv5_grouped_v1/fold_0/test/train__2022-08-02-01__17852669.npz,50,M5,2023-01-05-18,0,3,-1,0,0,1,0,0.3333333333333333,0.0,0,0
0,42,2022-08-02-01,/home/ubuntu/klb/nuclr/nuclr/Data/Atanas_SF_unified_000776/cv5_grouped_v1/fold_0/test/train__2022-08-02-01__17852669.npz,53,AIYL,2023-01-05-18,0,1,-1,1,0,1,0,1.0,0.0,1,0
0,42,2022-08-02-01,/home/ubuntu/klb/nuclr/nuclr/Data/Atanas_SF_unified_000776/cv5_grouped_v1/fold_0/test/train__2022-08-02-01__17852669.npz,54,AVAR,2023-01-05-18,1,1,1,1,1,1,1,1.0,1.0,1,1
0,42,2022-08-02-01,/home/ubuntu/klb/nuclr/nuclr/Data/Atanas_SF_unified_000776/cv5_grouped_v1/fold_0/test/train__2022-08-02-01__17852669.npz,55,FLPR,2023-01-05-18,1,1,4,1,0,1,1,1.0,0.25,1,0
0,42,2022-08-02-01,/home/ubuntu/klb/nuclr/nuclr/Data/Atanas_SF_unified_000776/cv5_grouped_v1/fold_0/test/train__2022-08-02-01__17852669.npz,56,SMDDR,2023-01-05-18,0,3,-1,0,0,1,0,0.3333333333333333,0.0,1,0
0,42,2022-08-02-01,/home/ubuntu/klb/nuclr/nuclr/Data/Atanas_SF_unified_000776/cv5_grouped_v1/fold_0/test/train__2022-08-02-01__17852669.npz,57,I2L,2023-01-05-18,1,1,1,1,1,1,1,1.0,1.0,1,1
0,42,2022-08-02-01,/home/ubuntu/klb/nuclr/nuclr/Data/Atanas_SF_unified_000776/cv5_grouped_v1/fold_0/test/train__2022-08-02-01__17852669.npz,58,AVL,2023-01-05-18,1,2,1,0,1,1,1,0.5,1.0,0,1
0,42,2022-08-02-01,/home/ubuntu/klb/nuclr/nuclr/Data/Atanas_SF_unified_000776/cv5_grouped_v1/fold_0/test/train__2022-08-02-01__17852669.npz,59,SMBVR,2023-01-05-18,0,1,-1,1,0,1,0,1.0,0.0,0,0
0,42,2022-08-02-01,/home/ubuntu/klb/nuclr/nuclr/Data/Atanas_SF_unified_000776/cv5_grouped_v1/fold_0/test/train__2022-08-02-01__17852669.npz,60,M3L,2023-01-05-18,1,1,1,1,1,1,1,1.0,1.0,1,1
0,42,2022-08-02-01,/home/ubuntu/klb/nuclr/nuclr/Data/Atanas_SF_unified_000776/cv5_grouped_v1/fold_0/test/train__2022-08-02-01__17852669.npz,61,RMED,2023-01-05-18,0,1,-1,1,0,1,0,1.0,0.0,1,0
0,42,2022-08-02-01,/home/ubuntu/klb/nuclr/nuclr/Data/Atanas_SF_unified_000776/cv5_grouped_v1/fold_0/test/train__2022-08-02-01__17852669.npz,62,AVER,2023-01-05-18,1,1,1,1,1,1,1,1.0,1.0,1,1
0,42,2022-08-02-01,/home/ubuntu/klb/nuclr/nuclr/Data/Atanas_SF_unified_000776/cv5_grouped_v1/fold_0/test/train__2022-08-02-01__17852669.npz,63,IL2L,2023-01-05-18,1,4,3,0,0,1,1,0.25,0.3333333333333333,0,0
0,42,2022-08-02-01,/home/ubuntu/klb/nuclr/nuclr/Data/Atanas_SF_unified_000776/cv5_grouped_v1/fold_0/test/train__2022-08-02-01__17852669.npz,64,BAGR,2023-01-05-18,0,8,-1,0,0,0,0,0.125,0.0,0,0
0,42,2022-08-02-01,/home/ubuntu/klb/nuclr/nuclr/Data/Atanas_SF_unified_000776/cv5_grouped_v1/fold_0/test/train__2022-08-02-01__17852669.npz,65,ADEL,2023-01-05-18,0,5,-1,0,0,1,0,0.2,0.0,0,0
0,42,2022-08-02-01,/home/ubuntu/klb/nuclr/nuclr/Data/Atanas_SF_unified_000776/cv5_grouped_v1/fold_0/test/train__2022-08-02-01__17852669.npz,66,ADAL,2023-01-05-18,0,1,-1,1,0,1,0,1.0,0.0,1,0
0,42,2022-08-02-01,/home/ubuntu/klb/nuclr/nuclr/Data/Atanas_SF_unified_000776/cv5_grouped_v1/fold_0/test/train__2022-08-02-01__17852669.npz,67,OLQVL,2023-01-05-18,1,2,2,0,0,1,1,0.5,0.5,0,0
0,42,2022-08-02-01,/home/ubuntu/klb/nuclr/nuclr/Data/Atanas_SF_unified_000776/cv5_grouped_v1/fold_0/test/train__2022-08-02-01__17852669.npz,68,RIAL,2023-01-05-18,1,1,1,1,1,1,1,1.0,1.0,1,1
0,42,2022-08-02-01,/home/ubuntu/klb/nuclr/nuclr/Data/Atanas_SF_unified_000776/cv5_grouped_v1/fold_0/test/train__2022-08-02-01__17852669.npz,69,AVAL,2023-01-05-18,1,1,1,1,1,1,1,1.0,1.0,1,1
0,42,2022-08-02-01,/home/ubuntu/klb/nuclr/nuclr/Data/Atanas_SF_unified_000776/cv5_grouped_v1/fold_0/test/train__2022-08-02-01__17852669.npz,72,AIML,2023-01-05-18,0,24,-1,0,0,0,0,0.041666666666666664,0.0,0,0
0,42,2022-08-02-01,/home/ubuntu/klb/nuclr/nuclr/Data/Atanas_SF_unified_000776/cv5_grouped_v1/fold_0/test/train__2022-08-02-01__17852669.npz,74,ASHL,2023-01-05-18,0,1,-1,1,0,1,0,1.0,0.0,1,0
0,42,2022-08-02-01,/home/ubuntu/klb/nuclr/nuclr/Data/Atanas_SF_unified_000776/cv5_grouped_v1/fold_0/test/train__2022-08-02-01__17852669.npz,75,RMDDL,2023-01-05-18,1,6,8,0,0,0,0,0.16666666666666666,0.125,0,0
0,42,2022-08-02-01,/home/ubuntu/klb/nuclr/nuclr/Data/Atanas_SF_unified_000776/cv5_grouped_v1/fold_0/test/train__2022-08-02-01__17852669.npz,76,RICR,2023-01-05-18,0,1,-1,1,0,1,0,1.0,0.0,1,0
0,42,2022-08-02-01,/home/ubuntu/klb/nuclr/nuclr/Data/Atanas_SF_unified_000776/cv5_grouped_v1/fold_0/test/train__2022-08-02-01__17852669.npz,77,NSML,2023-01-05-18,1,1,2,1,0,1,1,1.0,0.5,1,0
0,42,2022-08-02-01,/home/ubuntu/klb/nuclr/nuclr/Data/Atanas_SF_unified_000776/cv5_grouped_v1/fold_0/test/train__2022-08-02-01__17852669.npz,79,AIMR,2023-01-05-18,0,2,-1,0,0,1,0,0.5,0.0,0,0
0,42,2022-08-02-01,/home/ubuntu/klb/nuclr/nuclr/Data/Atanas_SF_unified_000776/cv5_grouped_v1/fold_0/test/train__2022-08-02-01__17852669.npz,83,SMDVL,2023-01-05-18,1,5,1,0,1,1,1,0.2,1.0,0,0
0,42,2022-08-02-01,/home/ubuntu/klb/nuclr/nuclr/Data/Atanas_SF_unified_000776/cv5_grouped_v1/fold_0/test/train__2022-08-02-01__17852669.npz,84,AINL,2023-01-05-18,0,1,-1,1,0,1,0,1.0,0.0,1,0
0,42,2022-08-02-01,/home/ubuntu/klb/nuclr/nuclr/Data/Atanas_SF_unified_000776/cv5_grouped_v1/fold_0/test/train__2022-08-02-01__17852669.npz,86,SMBDR,2023-01-05-18,0,9,-1,0,0,0,0,0.1111111111111111,0.0,0,0
0,42,2022-08-02-01,/home/ubuntu/klb/nuclr/nuclr/Data/Atanas_SF_unified_000776/cv5_grouped_v1/fold_0/test/train__2022-08-02-01__17852669.npz,87,VB02,2023-01-05-18,0,4,-1,0,0,1,0,0.25,0.0,0,0
0,42,2022-08-02-01,/home/ubuntu/klb/nuclr/nuclr/Data/Atanas_SF_unified_000776/cv5_grouped_v1/fold_0/test/train__2022-08-02-01__17852669.npz,88,AWCL,2023-01-05-18,1,1,2,1,0,1,1,1.0,0.5,1,1
0,42,2022-08-02-01,/home/ubuntu/klb/nuclr/nuclr/Data/Atanas_SF_unified_000776/cv5_grouped_v1/fold_0/test/train__2022-08-02-01__17852669.npz,89,SMBDL,2023-01-05-18,0,13,-1,0,0,0,0,0.07692307692307693,0.0,0,0
0,42,2022-08-02-01,/home/ubuntu/klb/nuclr/nuclr/Data/Atanas_SF_unified_000776/cv5_grouped_v1/fold_0/test/train__2022-08-02-01__17852669.npz,91,URXR,2023-01-05-18,1,1,2,1,0,1,1,1.0,0.5,1,1
0,42,2022-08-02-01,/home/ubuntu/klb/nuclr/nuclr/Data/Atanas_SF_unified_000776/cv5_grouped_v1/fold_0/test/train__2022-08-02-01__17852669.npz,93,MCR,2023-01-05-18,0,1,-1,1,0,1,0,1.0,0.0,1,0
0,42,2022-08-02-01,/home/ubuntu/klb/nuclr/nuclr/Data/Atanas_SF_unified_000776/cv5_grouped_v1/fold_0/test/train__2022-08-02-01__17852669.npz,94,RMER,2023-01-05-18,1,1,1,1,1,1,1,1.0,1.0,1,1
0,42,2022-08-02-01,/home/ubuntu/klb/nuclr/nuclr/Data/Atanas_SF_unified_000776/cv5_grouped_v1/fold_0/test/train__2022-08-02-01__17852669.npz,96,RICL,2023-01-05-18,1,1,5,1,0,1,1,1.0,0.2,1,0
0,42,2022-08-02-01,/home/ubuntu/klb/nuclr/nuclr/Data/Atanas_SF_unified_000776/cv5_grouped_v1/fold_0/test/train__2022-08-02-01__17852669.npz,97,RMFL,2023-01-05-18,0,8,-1,0,0,0,0,0.125,0.0,0,0
0,42,2022-08-02-01,/home/ubuntu/klb/nuclr/nuclr/Data/Atanas_SF_unified_000776/cv5_grouped_v1/fold_0/test/train__2022-08-02-01__17852669.npz,99,RIVR,2023-01-05-18,1,1,1,1,1,1,1,1.0,1.0,1,1
0,42,2022-08-02-01,/home/ubuntu/klb/nuclr/nuclr/Data/Atanas_SF_unified_000776/cv5_grouped_v1/fold_0/test/train__2022-08-02-01__17852669.npz,100,M3R,2023-01-05-18,1,1,1,1,1,1,1,1.0,1.0,1,1
0,42,2022-08-02-01,/home/ubuntu/klb/nuclr/nuclr/Data/Atanas_SF_unified_000776/cv5_grouped_v1/fold_0/test/train__2022-08-02-01__17852669.npz,101,URBL,2023-01-05-18,1,3,4,0,0,1,1,0.3333333333333333,0.25,1,1
0,42,2022-08-02-01,/home/ubuntu/klb/nuclr/nuclr/Data/Atanas_SF_unified_000776/cv5_grouped_v1/fold_0/test/train__2022-08-02-01__17852669.npz,102,ASGR,2023-01-05-18,0,1,-1,1,0,1,0,1.0,0.0,1,0
0,42,2022-08-02-01,/home/ubuntu/klb/nuclr/nuclr/Data/Atanas_SF_unified_000776/cv5_grouped_v1/fold_0/test/train__2022-08-02-01__17852669.npz,103,URYVL,2023-01-05-18,1,1,1,1,1,1,1,1.0,1.0,1,1
0,42,2022-08-02-01,/home/ubuntu/klb/nuclr/nuclr/Data/Atanas_SF_unified_000776/cv5_grouped_v1/fold_0/test/train__2022-08-02-01__17852669.npz,104,RID,2023-01-05-18,1,1,1,1,1,1,1,1.0,1.0,1,1
0,42,2022-08-02-01,/home/ubuntu/klb/nuclr/nuclr/Data/Atanas_SF_unified_000776/cv5_grouped_v1/fold_0/test/train__2022-08-02-01__17852669.npz,106,AWBL,2023-01-05-18,1,1,1,1,1,1,1,1.0,1.0,1,1
0,42,2022-08-02-01,/home/ubuntu/klb/nuclr/nuclr/Data/Atanas_SF_unified_000776/cv5_grouped_v1/fold_0/test/train__2022-08-02-01__17852669.npz,108,RMDDR,2023-01-05-18,0,5,-1,0,0,1,0,0.2,0.0,0,0
0,42,2022-08-02-01,/home/ubuntu/klb/nuclr/nuclr/Data/Atanas_SF_unified_000776/cv5_grouped_v1/fold_0/test/train__2022-08-02-01__17852669.npz,109,IL1DR,2023-01-05-18,1,3,3,0,0,1,1,0.3333333333333333,0.3333333333333333,0,0
0,42,2022-08-02-01,/home/ubuntu/klb/nuclr/nuclr/Data/Atanas_SF_unified_000776/cv5_grouped_v1/fold_0/test/train__2022-08-02-01__17852669.npz,110,I3,2023-01-05-18,1,1,1,1,1,1,1,1.0,1.0,1,1
0,42,2022-08-02-01,/home/ubuntu/klb/nuclr/nuclr/Data/Atanas_SF_unified_000776/cv5_grouped_v1/fold_0/test/train__2022-08-02-01__17852669.npz,112,I1R,2023-01-05-18,1,1,1,1,1,1,1,1.0,1.0,1,1
0,42,2022-08-02-01,/home/ubuntu/klb/nuclr/nuclr/Data/Atanas_SF_unified_000776/cv5_grouped_v1/fold_0/test/train__2022-08-02-01__17852669.npz,114,URADR,2023-01-05-18,1,1,1,1,1,1,1,1.0,1.0,1,1
0,42,2022-08-02-01,/home/ubuntu/klb/nuclr/nuclr/Data/Atanas_SF_unified_000776/cv5_grouped_v1/fold_0/test/train__2022-08-02-01__17852669.npz,116,URYDR,2023-01-05-18,1,2,1,0,1,1,1,0.5,1.0,1,1
0,42,2022-08-02-01,/home/ubuntu/klb/nuclr/nuclr/Data/Atanas_SF_unified_000776/cv5_grouped_v1/fold_0/test/train__2022-08-02-01__17852669.npz,118,RMDL,2023-01-05-18,1,1,2,1,0,1,1,1.0,0.5,0,0
0,42,2022-08-02-01,/home/ubuntu/klb/nuclr/nuclr/Data/Atanas_SF_unified_000776/cv5_grouped_v1/fold_0/test/train__2022-08-02-01__17852669.npz,119,SMDVR,2023-01-05-18,0,1,-1,1,0,1,0,1.0,0.0,1,0
0,42,2022-08-02-01,/home/ubuntu/klb/nuclr/nuclr/Data/Atanas_SF_unified_000776/cv5_grouped_v1/fold_0/test/train__2022-08-02-01__17852669.npz,121,RMEL,2023-01-05-18,0,4,-1,0,0,1,0,0.25,0.0,0,0
0,42,2022-08-02-01,/home/ubuntu/klb/nuclr/nuclr/Data/Atanas_SF_unified_000776/cv5_grouped_v1/fold_0/test/train__2022-08-02-01__17852669.npz,122,SAAVR,2023-01-05-18,0,2,-1,0,0,1,0,0.5,0.0,0,0
0,42,2022-08-02-01,/home/ubuntu/klb/nuclr/nuclr/Data/Atanas_SF_unified_000776/cv5_grouped_v1/fold_0/test/train__2022-08-02-01__17852669.npz,123,M4,2023-01-05-18,1,10,5,0,0,0,1,0.1,0.2,0,0
0,42,2022-08-02-01,/home/ubuntu/klb/nuclr/nuclr/Data/Atanas_SF_unified_000776/cv5_grouped_v1/fold_0/test/train__2022-08-02-01__17852669.npz,124,RMGL,2023-01-05-18,0,1,-1,1,0,1,0,1.0,0.0,1,0
0,42,2022-08-02-01,/home/ubuntu/klb/nuclr/nuclr/Data/Atanas_SF_unified_000776/cv5_grouped_v1/fold_0/test/train__2022-08-02-01__17852669.npz,125,OLLL,2023-01-05-18,1,1,1,1,1,1,1,1.0,1.0,1,1
0,42,2022-08-02-01,/home/ubuntu/klb/nuclr/nuclr/Data/Atanas_SF_unified_000776/cv5_grouped_v1/fold_0/test/train__2022-08-02-01__17852669.npz,126,IL2R,2023-01-05-18,1,4,4,0,0,1,1,0.25,0.25,0,0
0,42,2022-08-02-01,/home/ubuntu/klb/nuclr/nuclr/Data/Atanas_SF_unified_000776/cv5_grouped_v1/fold_0/test/train__2022-08-02-01__17852669.npz,128,AVHL,2023-01-05-18,1,1,1,1,1,1,1,1.0,1.0,1,1
0,42,2022-08-02-01,/home/ubuntu/klb/nuclr/nuclr/Data/Atanas_SF_unified_000776/cv5_grouped_v1/fold_0/test/train__2022-08-02-01__17852669.npz,129,CEPDR,2023-01-05-18,1,1,1,1,1,1,1,1.0,1.0,1,1
0,42,2022-08-02-01,/home/ubuntu/klb/nuclr/nuclr/Data/Atanas_SF_unified_000776/cv5_grouped_v1/fold_0/test/train__2022-08-02-01__17852669.npz,131,IL2DR,2023-01-05-18,1,2,1,0,1,1,1,0.5,1.0,0,1
0,42,2022-08-02-01,/home/ubuntu/klb/nuclr/nuclr/Data/Atanas_SF_unified_000776/cv5_grouped_v1/fold_0/test/train__2022-08-02-01__17852669.npz,132,URYVR,2023-01-05-18,0,1,-1,1,0,1,0,1.0,0.0,1,0
0,42,2022-08-02-01,/home/ubuntu/klb/nuclr/nuclr/Data/Atanas_SF_unified_000776/cv5_grouped_v1/fold_0/test/train__2022-08-02-01__17852669.npz,134,IL2VL,2023-01-05-18,1,1,1,1,1,1,1,1.0,1.0,1,1
0,42,2022-08-02-01,/home/ubuntu/klb/nuclr/nuclr/Data/Atanas_SF_unified_000776/cv5_grouped_v1/fold_0/test/train__2022-08-02-01__17852669.npz,135,AVDL,2023-01-05-18,0,1,-1,1,0,1,0,1.0,0.0,1,0
0,42,2022-08-02-01,/home/ubuntu/klb/nuclr/nuclr/Data/Atanas_SF_unified_000776/cv5_grouped_v1/fold_0/test/train__2022-08-02-01__17852669.npz,137,CEPVL,2023-01-05-18,1,1,1,1,1,1,1,1.0,1.0,1,1
0,42,2022-08-02-01,/home/ubuntu/klb/nuclr/nuclr/Data/Atanas_SF_unified_000776/cv5_grouped_v1/fold_0/test/train__2022-08-02-01__17852669.npz,138,MCL,2023-01-05-18,1,1,1,1,1,1,1,1.0,1.0,1,1
0,42,2022-08-02-01,/home/ubuntu/klb/nuclr/nuclr/Data/Atanas_SF_unified_000776/cv5_grouped_v1/fold_0/test/train__2022-08-02-01__17852669.npz,139,BAGL,2023-01-05-18,0,1,-1,1,0,1,0,1.0,0.0,1,0
0,42,2022-08-02-01,/home/ubuntu/klb/nuclr/nuclr/Data/Atanas_SF_unified_000776/cv5_grouped_v1/fold_0/test/train__2022-08-02-01__17852669.npz,140,MI,2023-01-05-18,1,3,1,0,1,1,1,0.3333333333333333,1.0,0,1
0,42,2022-08-02-01,/home/ubuntu/klb/nuclr/nuclr/Data/Atanas_SF_unified_000776/cv5_grouped_v1/fold_0/test/train__2022-08-02-01__17852669.npz,141,RIAR,2023-01-05-18,1,1,1,1,1,1,1,1.0,1.0,1,1
0,42,2022-08-02-01,/home/ubuntu/klb/nuclr/nuclr/Data/Atanas_SF_unified_000776/cv5_grouped_v1/fold_0/test/train__2022-08-02-01__17852669.npz,142,OLLR,2023-01-05-18,1,4,2,0,0,1,1,0.25,0.5,0,0
0,42,2022-08-02-01,/home/ubuntu/klb/nuclr/nuclr/Data/Atanas_SF_unified_000776/cv5_grouped_v1/fold_0/test/train__2022-08-02-01__17852669.npz,145,AUAR,2023-01-05-18,0,1,-1,1,0,1,0,1.0,0.0,1,0
0,42,2022-08-02-01,/home/ubuntu/klb/nuclr/nuclr/Data/Atanas_SF_unified_000776/cv5_grouped_v1/fold_0/test/train__2022-08-02-01__17852669.npz,146,URYDL,2023-01-05-18,1,3,1,0,1,1,1,0.3333333333333333,1.0,0,1
0,42,2022-08-02-01,/home/ubuntu/klb/nuclr/nuclr/Data/Atanas_SF_unified_000776/cv5_grouped_v1/fold_0/test/train__2022-08-02-01__17852669.npz,147,IL1L,2023-01-05-18,1,4,5,0,0,1,1,0.25,0.2,0,0
0,42,2022-08-02-01,/home/ubuntu/klb/nuclr/nuclr/Data/Atanas_SF_unified_000776/cv5_grouped_v1/fold_0/test/train__2022-08-02-01__17852669.npz,149,AVEL,2023-01-05-18,1,1,1,1,1,1,1,1.0,1.0,1,1
0,42,2022-08-02-01,/home/ubuntu/klb/nuclr/nuclr/Data/Atanas_SF_unified_000776/cv5_grouped_v1/fold_0/test/train__2022-08-02-01__17852669.npz,150,OLQDL,2023-01-05-18,1,2,2,0,0,1,1,0.5,0.5,0,0
0,42,2022-08-02-01,/home/ubuntu/klb/nuclr/nuclr/Data/Atanas_SF_unified_000776/cv5_grouped_v1/fold_0/test/train__2022-08-02-01__17852669.npz,151,SAADL,2023-01-05-18,0,16,-1,0,0,0,0,0.0625,0.0,0,0
0,42,2023-01-05-01,/home/ubuntu/klb/nuclr/nuclr/Data/Atanas_SF_unified_000776/cv5_grouped_v1/fold_0/test/train__2023-01-05-01__356f8927.npz,1,M5,2023-01-05-18,0,1,-1,1,0,1,0,1.0,0.0,1,0
0,42,2023-01-05-01,/home/ubuntu/klb/nuclr/nuclr/Data/Atanas_SF_unified_000776/cv5_grouped_v1/fold_0/test/train__2023-01-05-01__356f8927.npz,3,AVER,2023-01-05-18,1,1,1,1,1,1,1,1.0,1.0,1,1
0,42,2023-01-05-01,/home/ubuntu/klb/nuclr/nuclr/Data/Atanas_SF_unified_000776/cv5_grouped_v1/fold_0/test/train__2023-01-05-01__356f8927.npz,4,RIH,2023-01-05-18,0,1,-1,1,0,1,0,1.0,0.0,1,0
0,42,2023-01-05-01,/home/ubuntu/klb/nuclr/nuclr/Data/Atanas_SF_unified_000776/cv5_grouped_v1/fold_0/test/train__2023-01-05-01__356f8927.npz,5,URYVL,2023-01-05-18,1,1,1,1,1,1,1,1.0,1.0,1,1
0,42,2023-01-05-01,/home/ubuntu/klb/nuclr/nuclr/Data/Atanas_SF_unified_000776/cv5_grouped_v1/fold_0/test/train__2023-01-05-01__356f8927.npz,8,RMDDR,2023-01-05-18,0,2,-1,0,0,1,0,0.5,0.0,0,0
0,42,2023-01-05-01,/home/ubuntu/klb/nuclr/nuclr/Data/Atanas_SF_unified_000776/cv5_grouped_v1/fold_0/test/train__2023-01-05-01__356f8927.npz,10,RMDL,2023-01-05-18,1,1,1,1,1,1,1,1.0,1.0,1,1
0,42,2023-01-05-01,/home/ubuntu/klb/nuclr/nuclr/Data/Atanas_SF_unified_000776/cv5_grouped_v1/fold_0/test/train__2023-01-05-01__356f8927.npz,11,RIBL,2023-01-05-18,0,1,-1,1,0,1,0,1.0,0.0,1,0
0,42,2023-01-05-01,/home/ubuntu/klb/nuclr/nuclr/Data/Atanas_SF_unified_000776/cv5_grouped_v1/fold_0/test/train__2023-01-05-01__356f8927.npz,12,SMDVL,2023-01-05-18,1,2,1,0,1,1,1,0.5,1.0,0,1
0,42,2023-01-05-01,/home/ubuntu/klb/nuclr/nuclr/Data/Atanas_SF_unified_000776/cv5_grouped_v1/fold_0/test/train__2023-01-05-01__356f8927.npz,14,M3R,2023-01-05-18,1,1,1,1,1,1,1,1.0,1.0,1,1
0,42,2023-01-05-01,/home/ubuntu/klb/nuclr/nuclr/Data/Atanas_SF_unified_000776/cv5_grouped_v1/fold_0/test/train__2023-01-05-01__356f8927.npz,18,RMED,2023-01-05-18,0,1,-1,1,0,1,0,1.0,0.0,1,0
0,42,2023-01-05-01,/home/ubuntu/klb/nuclr/nuclr/Data/Atanas_SF_unified_000776/cv5_grouped_v1/fold_0/test/train__2023-01-05-01__356f8927.npz,20,URXL,2023-01-05-18,1,1,1,1,1,1,1,1.0,1.0,1,1
0,42,2023-01-05-01,/home/ubuntu/klb/nuclr/nuclr/Data/Atanas_SF_unified_000776/cv5_grouped_v1/fold_0/test/train__2023-01-05-01__356f8927.npz,22,ADEL,2023-01-05-18,0,5,-1,0,0,1,0,0.2,0.0,0,0
0,42,2023-01-05-01,/home/ubuntu/klb/nuclr/nuclr/Data/Atanas_SF_unified_000776/cv5_grouped_v1/fold_0/test/train__2023-01-05-01__356f8927.npz,25,RMDDL,2023-01-05-18,1,1,1,1,1,1,1,1.0,1.0,0,0
0,42,2023-01-05-01,/home/ubuntu/klb/nuclr/nuclr/Data/Atanas_SF_unified_000776/cv5_grouped_v1/fold_0/test/train__2023-01-05-01__356f8927.npz,29,MCL,2023-01-05-18,1,1,1,1,1,1,1,1.0,1.0,1,0
0,42,2023-01-05-01,/home/ubuntu/klb/nuclr/nuclr/Data/Atanas_SF_unified_000776/cv5_grouped_v1/fold_0/test/train__2023-01-05-01__356f8927.npz,32,ASKR,2023-01-05-18,0,23,-1,0,0,0,0,0.043478260869565216,0.0,0,0
0,42,2023-01-05-01,/home/ubuntu/klb/nuclr/nuclr/Data/Atanas_SF_unified_000776/cv5_grouped_v1/fold_0/test/train__2023-01-05-01__356f8927.npz,35,AUAL,2023-01-05-18,1,6,1,0,1,0,1,0.16666666666666666,1.0,0,1
0,42,2023-01-05-01,/home/ubuntu/klb/nuclr/nuclr/Data/Atanas_SF_unified_000776/cv5_grouped_v1/fold_0/test/train__2023-01-05-01__356f8927.npz,38,AVAR,2023-01-05-18,1,1,1,1,1,1,1,1.0,1.0,1,1
0,42,2023-01-05-01,/home/ubuntu/klb/nuclr/nuclr/Data/Atanas_SF_unified_000776/cv5_grouped_v1/fold_0/test/train__2023-01-05-01__356f8927.npz,39,AIZL,2023-01-05-18,1,8,3,0,0,0,1,0.125,0.3333333333333333,0,0
0,42,2023-01-05-01,/home/ubuntu/klb/nuclr/nuclr/Data/Atanas_SF_unified_000776/cv5_grouped_v1/fold_0/test/train__2023-01-05-01__356f8927.npz,40,RIVR,2023-01-05-18,1,1,1,1,1,1,1,1.0,1.0,1,1
0,42,2023-01-05-01,/home/ubuntu/klb/nuclr/nuclr/Data/Atanas_SF_unified_000776/cv5_grouped_v1/fold_0/test/train__2023-01-05-01__356f8927.npz,41,RID,2023-01-05-18,1,1,1,1,1,1,1,1.0,1.0,1,1
0,42,2023-01-05-01,/home/ubuntu/klb/nuclr/nuclr/Data/Atanas_SF_unified_000776/cv5_grouped_v1/fold_0/test/train__2023-01-05-01__356f8927.npz,43,I2L,2023-01-05-18,1,1,1,1,1,1,1,1.0,1.0,1,1
0,42,2023-01-05-01,/home/ubuntu/klb/nuclr/nuclr/Data/Atanas_SF_unified_000776/cv5_grouped_v1/fold_0/test/train__2023-01-05-01__356f8927.npz,44,RMDVL,2023-01-05-18,1,1,2,1,0,1,1,1.0,0.5,1,0
0,42,2023-01-05-01,/home/ubuntu/klb/nuclr/nuclr/Data/Atanas_SF_unified_000776/cv5_grouped_v1/fold_0/test/train__2023-01-05-01__356f8927.npz,45,IL2DR,2023-01-05-18,1,1,2,1,0,1,1,1.0,0.5,1,0
0,42,2023-01-05-01,/home/ubuntu/klb/nuclr/nuclr/Data/Atanas_SF_unified_000776/cv5_grouped_v1/fold_0/test/train__2023-01-05-01__356f8927.npz,46,SMDVR,2023-01-05-18,0,1,-1,1,0,1,0,1.0,0.0,1,0
0,42,2023-01-05-01,/home/ubuntu/klb/nuclr/nuclr/Data/Atanas_SF_unified_000776/cv5_grouped_v1/fold_0/test/train__2023-01-05-01__356f8927.npz,47,AIBR,2023-01-05-18,1,1,1,1,1,1,1,1.0,1.0,1,1
0,42,2023-01-05-01,/home/ubuntu/klb/nuclr/nuclr/Data/Atanas_SF_unified_000776/cv5_grouped_v1/fold_0/test/train__2023-01-05-01__356f8927.npz,49,IL1DL,2023-01-05-18,1,2,2,0,0,1,1,0.5,0.5,0,1
0,42,2023-01-05-01,/home/ubuntu/klb/nuclr/nuclr/Data/Atanas_SF_unified_000776/cv5_grouped_v1/fold_0/test/train__2023-01-05-01__356f8927.npz,53,NSMR,2023-01-05-18,1,1,1,1,1,1,1,1.0,1.0,1,1
0,42,2023-01-05-01,/home/ubuntu/klb/nuclr/nuclr/Data/Atanas_SF_unified_000776/cv5_grouped_v1/fold_0/test/train__2023-01-05-01__356f8927.npz,54,RICL,2023-01-05-18,1,4,1,0,1,1,1,0.25,1.0,0,1
0,42,2023-01-05-01,/home/ubuntu/klb/nuclr/nuclr/Data/Atanas_SF_unified_000776/cv5_grouped_v1/fold_0/test/train__2023-01-05-01__356f8927.npz,56,RICR,2023-01-05-18,0,1,-1,1,0,1,0,1.0,0.0,0,0
0,42,2023-01-05-01,/home/ubuntu/klb/nuclr/nuclr/Data/Atanas_SF_unified_000776/cv5_grouped_v1/fold_0/test/train__2023-01-05-01__356f8927.npz,57,IL1VL,2023-01-05-18,0,1,-1,1,0,1,0,1.0,0.0,1,0
0,42,2023-01-05-01,/home/ubuntu/klb/nuclr/nuclr/Data/Atanas_SF_unified_000776/cv5_grouped_v1/fold_0/test/train__2023-01-05-01__356f8927.npz,58,MCR,2023-01-05-18,0,2,-1,0,0,1,0,0.5,0.0,1,0
0,42,2023-01-05-01,/home/ubuntu/klb/nuclr/nuclr/Data/Atanas_SF_unified_000776/cv5_grouped_v1/fold_0/test/train__2023-01-05-01__356f8927.npz,59,ALA,2023-01-05-18,0,1,-1,1,0,1,0,1.0,0.0,1,0
0,42,2023-01-05-01,/home/ubuntu/klb/nuclr/nuclr/Data/Atanas_SF_unified_000776/cv5_grouped_v1/fold_0/test/train__2023-01-05-01__356f8927.npz,64,AVJL,2023-01-05-18,1,2,1,0,1,1,1,0.5,1.0,0,0
0,42,2023-01-05-01,/home/ubuntu/klb/nuclr/nuclr/Data/Atanas_SF_unified_000776/cv5_grouped_v1/fold_0/test/train__2023-01-05-01__356f8927.npz,68,M1,2023-01-05-18,1,1,1,1,1,1,1,1.0,1.0,1,1
0,42,2023-01-05-01,/home/ubuntu/klb/nuclr/nuclr/Data/Atanas_SF_unified_000776/cv5_grouped_v1/fold_0/test/train__2023-01-05-01__356f8927.npz,70,URXR,2023-01-05-18,1,2,1,0,1,1,1,0.5,1.0,0,1
0,42,2023-01-05-01,/home/ubuntu/klb/nuclr/nuclr/Data/Atanas_SF_unified_000776/cv5_grouped_v1/fold_0/test/train__2023-01-05-01__356f8927.npz,71,URYDR,2023-01-05-18,1,1,1,1,1,1,1,1.0,1.0,1,1
0,42,2023-01-05-01,/home/ubuntu/klb/nuclr/nuclr/Data/Atanas_SF_unified_000776/cv5_grouped_v1/fold_0/test/train__2023-01-05-01__356f8927.npz,72,CEPDL,2023-01-05-18,1,1,1,1,1,1,1,1.0,1.0,1,1
0,42,2023-01-05-01,/home/ubuntu/klb/nuclr/nuclr/Data/Atanas_SF_unified_000776/cv5_grouped_v1/fold_0/test/train__2023-01-05-01__356f8927.npz,73,RIMR,2023-01-05-18,0,1,-1,1,0,1,0,1.0,0.0,1,0
0,42,2023-01-05-01,/home/ubuntu/klb/nuclr/nuclr/Data/Atanas_SF_unified_000776/cv5_grouped_v1/fold_0/test/train__2023-01-05-01__356f8927.npz,74,AVJR,2023-01-05-18,1,1,1,1,1,1,1,1.0,1.0,1,1
0,42,2023-01-05-01,/home/ubuntu/klb/nuclr/nuclr/Data/Atanas_SF_unified_000776/cv5_grouped_v1/fold_0/test/train__2023-01-05-01__356f8927.npz,75,AVL,2023-01-05-18,1,1,1,1,1,1,1,1.0,1.0,0,0
0,42,2023-01-05-01,/home/ubuntu/klb/nuclr/nuclr/Data/Atanas_SF_unified_000776/cv5_grouped_v1/fold_0/test/train__2023-01-05-01__356f8927.npz,76,OLLR,2023-01-05-18,1,17,10,0,0,0,0,0.058823529411764705,0.1,0,0
0,42,2023-01-05-01,/home/ubuntu/klb/nuclr/nuclr/Data/Atanas_SF_unified_000776/cv5_grouped_v1/fold_0/test/train__2023-01-05-01__356f8927.npz,77,I1R,2023-01-05-18,1,1,1,1,1,1,1,1.0,1.0,1,1
0,42,2023-01-05-01,/home/ubuntu/klb/nuclr/nuclr/Data/Atanas_SF_unified_000776/cv5_grouped_v1/fold_0/test/train__2023-01-05-01__356f8927.npz,82,MI,2023-01-05-18,1,1,1,1,1,1,1,1.0,1.0,1,1
0,42,2023-01-05-01,/home/ubuntu/klb/nuclr/nuclr/Data/Atanas_SF_unified_000776/cv5_grouped_v1/fold_0/test/train__2023-01-05-01__356f8927.npz,83,OLQDR,2023-01-05-18,1,1,1,1,1,1,1,1.0,1.0,1,1
0,42,2023-01-05-01,/home/ubuntu/klb/nuclr/nuclr/Data/Atanas_SF_unified_000776/cv5_grouped_v1/fold_0/test/train__2023-01-05-01__356f8927.npz,85,AWCL,2023-01-05-18,1,3,3,0,0,1,1,0.3333333333333333,0.3333333333333333,0,0
0,42,2023-01-05-01,/home/ubuntu/klb/nuclr/nuclr/Data/Atanas_SF_unified_000776/cv5_grouped_v1/fold_0/test/train__2023-01-05-01__356f8927.npz,86,AVEL,2023-01-05-18,1,1,1,1,1,1,1,1.0,1.0,1,1
0,42,2023-01-05-01,/home/ubuntu/klb/nuclr/nuclr/Data/Atanas_SF_unified_000776/cv5_grouped_v1/fold_0/test/train__2023-01-05-01__356f8927.npz,87,M3L,2023-01-05-18,1,1,1,1,1,1,1,1.0,1.0,1,1
0,42,2023-01-05-01,/home/ubuntu/klb/nuclr/nuclr/Data/Atanas_SF_unified_000776/cv5_grouped_v1/fold_0/test/train__2023-01-05-01__356f8927.npz,88,AVHL,2023-01-05-18,1,1,1,1,1,1,1,1.0,1.0,1,1
0,42,2023-01-05-01,/home/ubuntu/klb/nuclr/nuclr/Data/Atanas_SF_unified_000776/cv5_grouped_v1/fold_0/test/train__2023-01-05-01__356f8927.npz,89,URYDL,2023-01-05-18,1,6,8,0,0,0,0,0.16666666666666666,0.125,0,0
0,42,2023-01-05-01,/home/ubuntu/klb/nuclr/nuclr/Data/Atanas_SF_unified_000776/cv5_grouped_v1/fold_0/test/train__2023-01-05-01__356f8927.npz,90,RIVL,2023-01-05-18,1,1,1,1,1,1,1,1.0,1.0,1,1
0,42,2023-01-05-01,/home/ubuntu/klb/nuclr/nuclr/Data/Atanas_SF_unified_000776/cv5_grouped_v1/fold_0/test/train__2023-01-05-01__356f8927.npz,91,RIR,2023-01-05-18,0,5,-1,0,0,1,0,0.2,0.0,0,0
0,42,2023-01-05-01,/home/ubuntu/klb/nuclr/nuclr/Data/Atanas_SF_unified_000776/cv5_grouped_v1/fold_0/test/train__2023-01-05-01__356f8927.npz,92,I2R,2023-01-05-18,1,1,1,1,1,1,1,1.0,1.0,1,1
0,42,2023-01-05-01,/home/ubuntu/klb/nuclr/nuclr/Data/Atanas_SF_unified_000776/cv5_grouped_v1/fold_0/test/train__2023-01-05-01__356f8927.npz,93,OLQVL,2023-01-05-18,1,1,1,1,1,1,1,1.0,1.0,1,1
0,42,2023-01-05-01,/home/ubuntu/klb/nuclr/nuclr/Data/Atanas_SF_unified_000776/cv5_grouped_v1/fold_0/test/train__2023-01-05-01__356f8927.npz,94,I3,2023-01-05-18,1,1,1,1,1,1,1,1.0,1.0,1,1
0,42,2023-01-05-01,/home/ubuntu/klb/nuclr/nuclr/Data/Atanas_SF_unified_000776/cv5_grouped_v1/fold_0/test/train__2023-01-05-01__356f8927.npz,95,M4,2023-01-05-18,1,1,1,1,1,1,1,1.0,1.0,1,1
0,42,2023-01-05-01,/home/ubuntu/klb/nuclr/nuclr/Data/Atanas_SF_unified_000776/cv5_grouped_v1/fold_0/test/train__2023-01-05-01__356f8927.npz,96,OLQDL,2023-01-05-18,1,1,1,1,1,1,1,1.0,1.0,1,1
0,42,2023-01-05-01,/home/ubuntu/klb/nuclr/nuclr/Data/Atanas_SF_unified_000776/cv5_grouped_v1/fold_0/test/train__2023-01-05-01__356f8927.npz,98,RMEL,2023-01-05-18,0,1,-1,1,0,1,0,1.0,0.0,1,0
0,42,2023-01-05-01,/home/ubuntu/klb/nuclr/nuclr/Data/Atanas_SF_unified_000776/cv5_grouped_v1/fold_0/test/train__2023-01-05-01__356f8927.npz,99,RIAR,2023-01-05-18,1,1,1,1,1,1,1,1.0,1.0,1,1
0,42,2023-01-05-01,/home/ubuntu/klb/nuclr/nuclr/Data/Atanas_SF_unified_000776/cv5_grouped_v1/fold_0/test/train__2023-01-05-01__356f8927.npz,100,AIZR,2023-01-05-18,1,1,2,1,0,1,1,1.0,0.5,1,0
0,42,2023-01-05-01,/home/ubuntu/klb/nuclr/nuclr/Data/Atanas_SF_unified_000776/cv5_grouped_v1/fold_0/test/train__2023-01-05-01__356f8927.npz,101,AWAL,2023-01-05-18,1,1,2,1,0,1,1,1.0,0.5,1,0
0,42,2023-01-05-01,/home/ubuntu/klb/nuclr/nuclr/Data/Atanas_SF_unified_000776/cv5_grouped_v1/fold_0/test/train__2023-01-05-01__356f8927.npz,103,AIBL,2023-01-05-18,0,1,-1,1,0,1,0,1.0,0.0,1,0
0,42,2023-01-05-01,/home/ubuntu/klb/nuclr/nuclr/Data/Atanas_SF_unified_000776/cv5_grouped_v1/fold_0/test/train__2023-01-05-01__356f8927.npz,104,ADER,2023-01-05-18,1,10,1,0,1,0,1,0.1,1.0,0,1
0,42,2023-01-05-01,/home/ubuntu/klb/nuclr/nuclr/Data/Atanas_SF_unified_000776/cv5_grouped_v1/fold_0/test/train__2023-01-05-01__356f8927.npz,105,OLLL,2023-01-05-18,1,1,1,1,1,1,1,1.0,1.0,1,1
0,42,2023-01-05-01,/home/ubuntu/klb/nuclr/nuclr/Data/Atanas_SF_unified_000776/cv5_grouped_v1/fold_0/test/train__2023-01-05-01__356f8927.npz,106,AVDL,2023-01-05-18,0,1,-1,1,0,1,0,1.0,0.0,0,0
0,42,2023-01-05-01,/home/ubuntu/klb/nuclr/nuclr/Data/Atanas_SF_unified_000776/cv5_grouped_v1/fold_0/test/train__2023-01-05-01__356f8927.npz,107,NSML,2023-01-05-18,1,1,3,1,0,1,1,1.0,0.3333333333333333,1,0
0,42,2023-01-05-01,/home/ubuntu/klb/nuclr/nuclr/Data/Atanas_SF_unified_000776/cv5_grouped_v1/fold_0/test/train__2023-01-05-01__356f8927.npz,108,FLPL,2023-01-05-18,1,3,6,0,0,1,0,0.3333333333333333,0.16666666666666666,0,0
0,42,2023-01-05-01,/home/ubuntu/klb/nuclr/nuclr/Data/Atanas_SF_unified_000776/cv5_grouped_v1/fold_0/test/train__2023-01-05-01__356f8927.npz,109,ASGL,2023-01-05-18,1,13,3,0,0,0,1,0.07692307692307693,0.3333333333333333,0,0
0,42,2023-01-05-01,/home/ubuntu/klb/nuclr/nuclr/Data/Atanas_SF_unified_000776/cv5_grouped_v1/fold_0/test/train__2023-01-05-01__356f8927.npz,110,IL1DR,2023-01-05-18,1,1,1,1,1,1,1,1.0,1.0,1,1
0,42,2023-01-05-01,/home/ubuntu/klb/nuclr/nuclr/Data/Atanas_SF_unified_000776/cv5_grouped_v1/fold_0/test/train__2023-01-05-01__356f8927.npz,111,IL1L,2023-01-05-18,1,2,5,0,0,1,1,0.5,0.2,0,0
0,42,2023-01-05-01,/home/ubuntu/klb/nuclr/nuclr/Data/Atanas_SF_unified_000776/cv5_grouped_v1/fold_0/test/train__2023-01-05-01__356f8927.npz,115,RIAL,2023-01-05-18,1,1,2,1,0,1,1,1.0,0.5,1,0
0,42,2023-01-05-01,/home/ubuntu/klb/nuclr/nuclr/Data/Atanas_SF_unified_000776/cv5_grouped_v1/fold_0/test/train__2023-01-05-01__356f8927.npz,117,I6,2023-01-05-18,1,3,1,0,1,1,1,0.3333333333333333,1.0,0,1
0,42,2023-01-05-01,/home/ubuntu/klb/nuclr/nuclr/Data/Atanas_SF_unified_000776/cv5_grouped_v1/fold_0/test/train__2023-01-05-01__356f8927.npz,120,ADAL,2023-01-05-18,0,1,-1,1,0,1,0,1.0,0.0,1,0
0,42,2023-01-05-01,/home/ubuntu/klb/nuclr/nuclr/Data/Atanas_SF_unified_000776/cv5_grouped_v1/fold_0/test/train__2023-01-05-01__356f8927.npz,121,AVDR,2023-01-05-18,1,2,2,0,0,1,1,0.5,0.5,1,1
0,42,2023-01-05-01,/home/ubuntu/klb/nuclr/nuclr/Data/Atanas_SF_unified_000776/cv5_grouped_v1/fold_0/test/train__2023-01-05-01__356f8927.npz,122,IL1VR,2023-01-05-18,0,1,-1,1,0,1,0,1.0,0.0,1,0
0,42,2023-01-05-01,/home/ubuntu/klb/nuclr/nuclr/Data/Atanas_SF_unified_000776/cv5_grouped_v1/fold_0/test/train__2023-01-05-01__356f8927.npz,123,ASKL,2023-01-05-18,0,8,-1,0,0,0,0,0.125,0.0,0,0
0,42,2023-01-05-01,/home/ubuntu/klb/nuclr/nuclr/Data/Atanas_SF_unified_000776/cv5_grouped_v1/fold_0/test/train__2023-01-05-01__356f8927.npz,127,CEPVL,2023-01-05-18,1,1,1,1,1,1,1,1.0,1.0,1,0
0,42,2023-01-05-01,/home/ubuntu/klb/nuclr/nuclr/Data/Atanas_SF_unified_000776/cv5_grouped_v1/fold_0/test/train__2023-01-05-01__356f8927.npz,129,AVAL,2023-01-05-18,1,1,1,1,1,1,1,1.0,1.0,1,1
0,42,2023-01-05-01,/home/ubuntu/klb/nuclr/nuclr/Data/Atanas_SF_unified_000776/cv5_grouped_v1/fold_0/test/train__2023-01-05-01__356f8927.npz,131,AWBL,2023-01-05-18,1,2,2,0,0,1,1,0.5,0.5,0,0
0,42,2023-01-05-01,/home/ubuntu/klb/nuclr/nuclr/Data/Atanas_SF_unified_000776/cv5_grouped_v1/fold_0/test/train__2023-01-05-01__356f8927.npz,132,I1L,2023-01-05-18,1,1,1,1,1,1,1,1.0,1.0,1,1
0,42,2023-01-05-01,/home/ubuntu/klb/nuclr/nuclr/Data/Atanas_SF_unified_000776/cv5_grouped_v1/fold_0/test/train__2023-01-05-01__356f8927.npz,133,IL1R,2023-01-05-18,0,2,-1,0,0,1,0,0.5,0.0,0,0
0,42,2023-01-05-01,/home/ubuntu/klb/nuclr/nuclr/Data/Atanas_SF_unified_000776/cv5_grouped_v1/fold_0/test/train__2023-01-05-01__356f8927.npz,134,OLQVR,2023-01-05-18,1,1,2,1,0,1,1,1.0,0.5,1,0
0,42,2023-01-05-01,/home/ubuntu/klb/nuclr/nuclr/Data/Atanas_SF_unified_000776/cv5_grouped_v1/fold_0/test/train__2023-01-05-01__356f8927.npz,136,CEPDR,2023-01-05-18,1,1,1,1,1,1,1,1.0,1.0,1,1
0,42,2023-01-05-01,/home/ubuntu/klb/nuclr/nuclr/Data/Atanas_SF_unified_000776/cv5_grouped_v1/fold_0/test/train__2023-01-05-01__356f8927.npz,137,I4,2023-01-05-18,1,1,1,1,1,1,1,1.0,1.0,1,1
0,42,2023-01-13-07,/home/ubuntu/klb/nuclr/nuclr/Data/Atanas_SF_unified_000776/cv5_grouped_v1/fold_0/test/train__2023-01-13-07__0ba838bb.npz,1,CEPDL,2023-01-05-18,1,2,2,0,0,1,1,0.5,0.5,0,0
0,42,2023-01-13-07,/home/ubuntu/klb/nuclr/nuclr/Data/Atanas_SF_unified_000776/cv5_grouped_v1/fold_0/test/train__2023-01-13-07__0ba838bb.npz,5,FLPL,2023-01-05-18,1,1,5,1,0,1,1,1.0,0.2,1,0
0,42,2023-01-13-07,/home/ubuntu/klb/nuclr/nuclr/Data/Atanas_SF_unified_000776/cv5_grouped_v1/fold_0/test/train__2023-01-13-07__0ba838bb.npz,6,NSML,2023-01-05-18,1,1,1,1,1,1,1,1.0,1.0,1,1
0,42,2023-01-13-07,/home/ubuntu/klb/nuclr/nuclr/Data/Atanas_SF_unified_000776/cv5_grouped_v1/fold_0/test/train__2023-01-13-07__0ba838bb.npz,7,URAVL,2023-01-05-18,1,1,1,1,1,1,1,1.0,1.0,1,1
0,42,2023-01-13-07,/home/ubuntu/klb/nuclr/nuclr/Data/Atanas_SF_unified_000776/cv5_grouped_v1/fold_0/test/train__2023-01-13-07__0ba838bb.npz,8,AIBR,2023-01-05-18,1,1,2,1,0,1,1,1.0,0.5,1,1
0,42,2023-01-13-07,/home/ubuntu/klb/nuclr/nuclr/Data/Atanas_SF_unified_000776/cv5_grouped_v1/fold_0/test/train__2023-01-13-07__0ba838bb.npz,9,RMDVL,2023-01-05-18,1,1,1,1,1,1,1,1.0,1.0,1,1
0,42,2023-01-13-07,/home/ubuntu/klb/nuclr/nuclr/Data/Atanas_SF_unified_000776/cv5_grouped_v1/fold_0/test/train__2023-01-13-07__0ba838bb.npz,10,RIVL,2023-01-05-18,1,2,3,0,0,1,1,0.5,0.3333333333333333,0,0
0,42,2023-01-13-07,/home/ubuntu/klb/nuclr/nuclr/Data/Atanas_SF_unified_000776/cv5_grouped_v1/fold_0/test/train__2023-01-13-07__0ba838bb.npz,11,I2R,2023-01-05-18,1,1,1,1,1,1,1,1.0,1.0,1,1
0,42,2023-01-13-07,/home/ubuntu/klb/nuclr/nuclr/Data/Atanas_SF_unified_000776/cv5_grouped_v1/fold_0/test/train__2023-01-13-07__0ba838bb.npz,12,URYDR,2023-01-05-18,1,1,1,1,1,1,1,1.0,1.0,1,1
0,42,2023-01-13-07,/home/ubuntu/klb/nuclr/nuclr/Data/Atanas_SF_unified_000776/cv5_grouped_v1/fold_0/test/train__2023-01-13-07__0ba838bb.npz,14,RICR,2023-01-05-18,0,1,-1,1,0,1,0,1.0,0.0,1,0
0,42,2023-01-13-07,/home/ubuntu/klb/nuclr/nuclr/Data/Atanas_SF_unified_000776/cv5_grouped_v1/fold_0/test/train__2023-01-13-07__0ba838bb.npz,15,AWAL,2023-01-05-18,1,1,1,1,1,1,1,1.0,1.0,1,1
0,42,2023-01-13-07,/home/ubuntu/klb/nuclr/nuclr/Data/Atanas_SF_unified_000776/cv5_grouped_v1/fold_0/test/train__2023-01-13-07__0ba838bb.npz,16,AIBL,2023-01-05-18,0,1,-1,1,0,1,0,1.0,0.0,1,0
0,42,2023-01-13-07,/home/ubuntu/klb/nuclr/nuclr/Data/Atanas_SF_unified_000776/cv5_grouped_v1/fold_0/test/train__2023-01-13-07__0ba838bb.npz,19,ASGR,2023-01-05-18,0,1,-1,1,0,1,0,1.0,0.0,1,0
0,42,2023-01-13-07,/home/ubuntu/klb/nuclr/nuclr/Data/Atanas_SF_unified_000776/cv5_grouped_v1/fold_0/test/train__2023-01-13-07__0ba838bb.npz,20,AVJR,2023-01-05-18,1,2,1,0,1,1,1,0.5,1.0,0,0
0,42,2023-01-13-07,/home/ubuntu/klb/nuclr/nuclr/Data/Atanas_SF_unified_000776/cv5_grouped_v1/fold_0/test/train__2023-01-13-07__0ba838bb.npz,21,AINR,2023-01-05-18,1,1,1,1,1,1,1,1.0,1.0,1,1
0,42,2023-01-13-07,/home/ubuntu/klb/nuclr/nuclr/Data/Atanas_SF_unified_000776/cv5_grouped_v1/fold_0/test/train__2023-01-13-07__0ba838bb.npz,22,M4,2023-01-05-18,1,1,1,1,1,1,1,1.0,1.0,1,1
0,42,2023-01-13-07,/home/ubuntu/klb/nuclr/nuclr/Data/Atanas_SF_unified_000776/cv5_grouped_v1/fold_0/test/train__2023-01-13-07__0ba838bb.npz,23,I1R,2023-01-05-18,1,1,1,1,1,1,1,1.0,1.0,1,1
0,42,2023-01-13-07,/home/ubuntu/klb/nuclr/nuclr/Data/Atanas_SF_unified_000776/cv5_grouped_v1/fold_0/test/train__2023-01-13-07__0ba838bb.npz,24,URADL,2023-01-05-18,1,1,1,1,1,1,1,1.0,1.0,1,1
0,42,2023-01-13-07,/home/ubuntu/klb/nuclr/nuclr/Data/Atanas_SF_unified_000776/cv5_grouped_v1/fold_0/test/train__2023-01-13-07__0ba838bb.npz,27,SAADR,2023-01-05-18,0,14,-1,0,0,0,0,0.07142857142857142,0.0,0,0
0,42,2023-01-13-07,/home/ubuntu/klb/nuclr/nuclr/Data/Atanas_SF_unified_000776/cv5_grouped_v1/fold_0/test/train__2023-01-13-07__0ba838bb.npz,28,SAAVR,2023-01-05-18,0,3,-1,0,0,1,0,0.3333333333333333,0.0,0,0
0,42,2023-01-13-07,/home/ubuntu/klb/nuclr/nuclr/Data/Atanas_SF_unified_000776/cv5_grouped_v1/fold_0/test/train__2023-01-13-07__0ba838bb.npz,29,AWBR,2023-01-05-18,1,3,2,0,0,1,1,0.3333333333333333,0.5,0,0
0,42,2023-01-13-07,/home/ubuntu/klb/nuclr/nuclr/Data/Atanas_SF_unified_000776/cv5_grouped_v1/fold_0/test/train__2023-01-13-07__0ba838bb.npz,31,IL2L,2023-01-05-18,1,1,1,1,1,1,1,1.0,1.0,1,1
0,42,2023-01-13-07,/home/ubuntu/klb/nuclr/nuclr/Data/Atanas_SF_unified_000776/cv5_grouped_v1/fold_0/test/train__2023-01-13-07__0ba838bb.npz,32,IL2R,2023-01-05-18,1,1,2,1,0,1,1,1.0,0.5,0,0
0,42,2023-01-13-07,/home/ubuntu/klb/nuclr/nuclr/Data/Atanas_SF_unified_000776/cv5_grouped_v1/fold_0/test/train__2023-01-13-07__0ba838bb.npz,34,M3L,2023-01-05-18,1,1,1,1,1,1,1,1.0,1.0,1,1
0,42,2023-01-13-07,/home/ubuntu/klb/nuclr/nuclr/Data/Atanas_SF_unified_000776/cv5_grouped_v1/fold_0/test/train__2023-01-13-07__0ba838bb.npz,36,AIZR,2023-01-05-18,1,1,2,1,0,1,1,1.0,0.5,1,0
0,42,2023-01-13-07,/home/ubuntu/klb/nuclr/nuclr/Data/Atanas_SF_unified_000776/cv5_grouped_v1/fold_0/test/train__2023-01-13-07__0ba838bb.npz,38,SAAVL,2023-01-05-18,1,1,1,1,1,1,1,1.0,1.0,1,1
0,42,2023-01-13-07,/home/ubuntu/klb/nuclr/nuclr/Data/Atanas_SF_unified_000776/cv5_grouped_v1/fold_0/test/train__2023-01-13-07__0ba838bb.npz,40,M5,2023-01-05-18,0,1,-1,1,0,1,0,1.0,0.0,1,0
0,42,2023-01-13-07,/home/ubuntu/klb/nuclr/nuclr/Data/Atanas_SF_unified_000776/cv5_grouped_v1/fold_0/test/train__2023-01-13-07__0ba838bb.npz,41,RMDDR,2023-01-05-18,0,5,-1,0,0,1,0,0.2,0.0,0,0
0,42,2023-01-13-07,/home/ubuntu/klb/nuclr/nuclr/Data/Atanas_SF_unified_000776/cv5_grouped_v1/fold_0/test/train__2023-01-13-07__0ba838bb.npz,42,I1L,2023-01-05-18,1,1,1,1,1,1,1,1.0,1.0,1,1
0,42,2023-01-13-07,/home/ubuntu/klb/nuclr/nuclr/Data/Atanas_SF_unified_000776/cv5_grouped_v1/fold_0/test/train__2023-01-13-07__0ba838bb.npz,43,RMDVR,2023-01-05-18,1,1,1,1,1,1,1,1.0,1.0,1,1
0,42,2023-01-13-07,/home/ubuntu/klb/nuclr/nuclr/Data/Atanas_SF_unified_000776/cv5_grouped_v1/fold_0/test/train__2023-01-13-07__0ba838bb.npz,44,AVEL,2023-01-05-18,1,1,1,1,1,1,1,1.0,1.0,1,0
0,42,2023-01-13-07,/home/ubuntu/klb/nuclr/nuclr/Data/Atanas_SF_unified_000776/cv5_grouped_v1/fold_0/test/train__2023-01-13-07__0ba838bb.npz,45,AUAL,2023-01-05-18,1,3,2,0,0,1,1,0.3333333333333333,0.5,0,0
0,42,2023-01-13-07,/home/ubuntu/klb/nuclr/nuclr/Data/Atanas_SF_unified_000776/cv5_grouped_v1/fold_0/test/train__2023-01-13-07__0ba838bb.npz,50,SMDDR,2023-01-05-18,0,5,-1,0,0,1,0,0.2,0.0,0,0
0,42,2023-01-13-07,/home/ubuntu/klb/nuclr/nuclr/Data/Atanas_SF_unified_000776/cv5_grouped_v1/fold_0/test/train__2023-01-13-07__0ba838bb.npz,53,ASER,2023-01-05-18,1,1,1,1,1,1,1,1.0,1.0,1,0
0,42,2023-01-13-07,/home/ubuntu/klb/nuclr/nuclr/Data/Atanas_SF_unified_000776/cv5_grouped_v1/fold_0/test/train__2023-01-13-07__0ba838bb.npz,55,M3R,2023-01-05-18,1,1,1,1,1,1,1,1.0,1.0,1,0
0,42,2023-01-13-07,/home/ubuntu/klb/nuclr/nuclr/Data/Atanas_SF_unified_000776/cv5_grouped_v1/fold_0/test/train__2023-01-13-07__0ba838bb.npz,56,CEPVL,2023-01-05-18,1,2,2,0,0,1,1,0.5,0.5,0,0
0,42,2023-01-13-07,/home/ubuntu/klb/nuclr/nuclr/Data/Atanas_SF_unified_000776/cv5_grouped_v1/fold_0/test/train__2023-01-13-07__0ba838bb.npz,57,RMEL,2023-01-05-18,0,1,-1,1,0,1,0,1.0,0.0,1,0
0,42,2023-01-13-07,/home/ubuntu/klb/nuclr/nuclr/Data/Atanas_SF_unified_000776/cv5_grouped_v1/fold_0/test/train__2023-01-13-07__0ba838bb.npz,58,URBR,2023-01-05-18,1,3,2,0,0,1,1,0.3333333333333333,0.5,0,0
0,42,2023-01-13-07,/home/ubuntu/klb/nuclr/nuclr/Data/Atanas_SF_unified_000776/cv5_grouped_v1/fold_0/test/train__2023-01-13-07__0ba838bb.npz,59,ASIR,2023-01-05-18,0,12,-1,0,0,0,0,0.08333333333333333,0.0,0,0
0,42,2023-01-13-07,/home/ubuntu/klb/nuclr/nuclr/Data/Atanas_SF_unified_000776/cv5_grouped_v1/fold_0/test/train__2023-01-13-07__0ba838bb.npz,60,ADER,2023-01-05-18,1,1,1,1,1,1,1,1.0,1.0,1,1
0,42,2023-01-13-07,/home/ubuntu/klb/nuclr/nuclr/Data/Atanas_SF_unified_000776/cv5_grouped_v1/fold_0/test/train__2023-01-13-07__0ba838bb.npz,61,IL1VR,2023-01-05-18,0,1,-1,1,0,1,0,1.0,0.0,1,0
0,42,2023-01-13-07,/home/ubuntu/klb/nuclr/nuclr/Data/Atanas_SF_unified_000776/cv5_grouped_v1/fold_0/test/train__2023-01-13-07__0ba838bb.npz,62,I2L,2023-01-05-18,1,1,1,1,1,1,1,1.0,1.0,1,1
0,42,2023-01-13-07,/home/ubuntu/klb/nuclr/nuclr/Data/Atanas_SF_unified_000776/cv5_grouped_v1/fold_0/test/train__2023-01-13-07__0ba838bb.npz,63,OLLR,2023-01-05-18,1,1,1,1,1,1,1,1.0,1.0,1,1
0,42,2023-01-13-07,/home/ubuntu/klb/nuclr/nuclr/Data/Atanas_SF_unified_000776/cv5_grouped_v1/fold_0/test/train__2023-01-13-07__0ba838bb.npz,66,ADAL,2023-01-05-18,0,1,-1,1,0,1,0,1.0,0.0,1,0
0,42,2023-01-13-07,/home/ubuntu/klb/nuclr/nuclr/Data/Atanas_SF_unified_000776/cv5_grouped_v1/fold_0/test/train__2023-01-13-07__0ba838bb.npz,69,ADLR,2023-01-05-18,1,1,2,1,0,1,1,1.0,0.5,1,0
0,42,2023-01-13-07,/home/ubuntu/klb/nuclr/nuclr/Data/Atanas_SF_unified_000776/cv5_grouped_v1/fold_0/test/train__2023-01-13-07__0ba838bb.npz,71,RMDL,2023-01-05-18,1,1,1,1,1,1,1,1.0,1.0,1,1
0,42,2023-01-13-07,/home/ubuntu/klb/nuclr/nuclr/Data/Atanas_SF_unified_000776/cv5_grouped_v1/fold_0/test/train__2023-01-13-07__0ba838bb.npz,72,ADEL,2023-01-05-18,0,1,-1,1,0,1,0,1.0,0.0,1,0
0,42,2023-01-13-07,/home/ubuntu/klb/nuclr/nuclr/Data/Atanas_SF_unified_000776/cv5_grouped_v1/fold_0/test/train__2023-01-13-07__0ba838bb.npz,73,RMER,2023-01-05-18,1,1,1,1,1,1,1,1.0,1.0,1,1
0,42,2023-01-13-07,/home/ubuntu/klb/nuclr/nuclr/Data/Atanas_SF_unified_000776/cv5_grouped_v1/fold_0/test/train__2023-01-13-07__0ba838bb.npz,74,SMDDL,2023-01-05-18,0,10,-1,0,0,0,0,0.1,0.0,0,0
0,42,2023-01-13-07,/home/ubuntu/klb/nuclr/nuclr/Data/Atanas_SF_unified_000776/cv5_grouped_v1/fold_0/test/train__2023-01-13-07__0ba838bb.npz,75,AVAL,2023-01-05-18,1,1,1,1,1,1,1,1.0,1.0,1,1
0,42,2023-01-13-07,/home/ubuntu/klb/nuclr/nuclr/Data/Atanas_SF_unified_000776/cv5_grouped_v1/fold_0/test/train__2023-01-13-07__0ba838bb.npz,76,IL1DR,2023-01-05-18,1,1,1,1,1,1,1,1.0,1.0,1,1
0,42,2023-01-13-07,/home/ubuntu/klb/nuclr/nuclr/Data/Atanas_SF_unified_000776/cv5_grouped_v1/fold_0/test/train__2023-01-13-07__0ba838bb.npz,80,IL1R,2023-01-05-18,0,1,-1,1,0,1,0,1.0,0.0,1,0
0,42,2023-01-13-07,/home/ubuntu/klb/nuclr/nuclr/Data/Atanas_SF_unified_000776/cv5_grouped_v1/fold_0/test/train__2023-01-13-07__0ba838bb.npz,82,AIZL,2023-01-05-18,1,1,1,1,1,1,1,1.0,1.0,1,1
0,42,2023-01-13-07,/home/ubuntu/klb/nuclr/nuclr/Data/Atanas_SF_unified_000776/cv5_grouped_v1/fold_0/test/train__2023-01-13-07__0ba838bb.npz,83,URYVR,2023-01-05-18,0,1,-1,1,0,1,0,1.0,0.0,1,0
0,42,2023-01-13-07,/home/ubuntu/klb/nuclr/nuclr/Data/Atanas_SF_unified_000776/cv5_grouped_v1/fold_0/test/train__2023-01-13-07__0ba838bb.npz,84,ASEL,2023-01-05-18,1,3,3,0,0,1,1,0.3333333333333333,0.3333333333333333,1,0
0,42,2023-01-13-07,/home/ubuntu/klb/nuclr/nuclr/Data/Atanas_SF_unified_000776/cv5_grouped_v1/fold_0/test/train__2023-01-13-07__0ba838bb.npz,85,URBL,2023-01-05-18,1,2,1,0,1,1,1,0.5,1.0,0,1
0,42,2023-01-13-07,/home/ubuntu/klb/nuclr/nuclr/Data/Atanas_SF_unified_000776/cv5_grouped_v1/fold_0/test/train__2023-01-13-07__0ba838bb.npz,87,AWBL,2023-01-05-18,1,1,1,1,1,1,1,1.0,1.0,1,1
0,42,2023-01-13-07,/home/ubuntu/klb/nuclr/nuclr/Data/Atanas_SF_unified_000776/cv5_grouped_v1/fold_0/test/train__2023-01-13-07__0ba838bb.npz,88,M1,2023-01-05-18,1,2,2,0,0,1,1,0.5,0.5,0,0
0,42,2023-01-13-07,/home/ubuntu/klb/nuclr/nuclr/Data/Atanas_SF_unified_000776/cv5_grouped_v1/fold_0/test/train__2023-01-13-07__0ba838bb.npz,90,RICL,2023-01-05-18,1,1,2,1,0,1,1,1.0,0.5,1,0
0,42,2023-01-13-07,/home/ubuntu/klb/nuclr/nuclr/Data/Atanas_SF_unified_000776/cv5_grouped_v1/fold_0/test/train__2023-01-13-07__0ba838bb.npz,91,RMGL,2023-01-05-18,0,1,-1,1,0,1,0,1.0,0.0,1,0
0,42,2023-01-13-07,/home/ubuntu/klb/nuclr/nuclr/Data/Atanas_SF_unified_000776/cv5_grouped_v1/fold_0/test/train__2023-01-13-07__0ba838bb.npz,92,I3,2023-01-05-18,1,1,1,1,1,1,1,1.0,1.0,1,1
0,42,2023-01-13-07,/home/ubuntu/klb/nuclr/nuclr/Data/Atanas_SF_unified_000776/cv5_grouped_v1/fold_0/test/train__2023-01-13-07__0ba838bb.npz,95,AWAR,2023-01-05-18,0,7,-1,0,0,0,0,0.14285714285714285,0.0,0,0
0,42,2023-01-13-07,/home/ubuntu/klb/nuclr/nuclr/Data/Atanas_SF_unified_000776/cv5_grouped_v1/fold_0/test/train__2023-01-13-07__0ba838bb.npz,96,RIAL,2023-01-05-18,1,1,1,1,1,1,1,1.0,1.0,1,1
0,42,2023-01-13-07,/home/ubuntu/klb/nuclr/nuclr/Data/Atanas_SF_unified_000776/cv5_grouped_v1/fold_0/test/train__2023-01-13-07__0ba838bb.npz,98,NSMR,2023-01-05-18,1,1,1,1,1,1,1,1.0,1.0,1,1
0,42,2023-01-13-07,/home/ubuntu/klb/nuclr/nuclr/Data/Atanas_SF_unified_000776/cv5_grouped_v1/fold_0/test/train__2023-01-13-07__0ba838bb.npz,99,SAADL,2023-01-05-18,0,13,-1,0,0,0,0,0.07692307692307693,0.0,0,0
0,42,2023-01-13-07,/home/ubuntu/klb/nuclr/nuclr/Data/Atanas_SF_unified_000776/cv5_grouped_v1/fold_0/test/train__2023-01-13-07__0ba838bb.npz,100,AVAR,2023-01-05-18,1,1,1,1,1,1,1,1.0,1.0,1,1
0,42,2023-01-13-07,/home/ubuntu/klb/nuclr/nuclr/Data/Atanas_SF_unified_000776/cv5_grouped_v1/fold_0/test/train__2023-01-13-07__0ba838bb.npz,101,MI,2023-01-05-18,1,2,2,0,0,1,1,0.5,0.5,0,0
0,42,2023-01-13-07,/home/ubuntu/klb/nuclr/nuclr/Data/Atanas_SF_unified_000776/cv5_grouped_v1/fold_0/test/train__2023-01-13-07__0ba838bb.npz,102,AUAR,2023-01-05-18,0,1,-1,1,0,1,0,1.0,0.0,1,0
0,42,2023-01-13-07,/home/ubuntu/klb/nuclr/nuclr/Data/Atanas_SF_unified_000776/cv5_grouped_v1/fold_0/test/train__2023-01-13-07__0ba838bb.npz,103,AWCL,2023-01-05-18,1,1,1,1,1,1,1,1.0,1.0,1,1
0,42,2023-01-13-07,/home/ubuntu/klb/nuclr/nuclr/Data/Atanas_SF_unified_000776/cv5_grouped_v1/fold_0/test/train__2023-01-13-07__0ba838bb.npz,106,AVDL,2023-01-05-18,0,1,-1,1,0,1,0,1.0,0.0,1,0
0,42,2023-01-13-07,/home/ubuntu/klb/nuclr/nuclr/Data/Atanas_SF_unified_000776/cv5_grouped_v1/fold_0/test/train__2023-01-13-07__0ba838bb.npz,107,VB02,2023-01-05-18,0,1,-1,1,0,1,0,1.0,0.0,1,0
0,42,2023-01-13-07,/home/ubuntu/klb/nuclr/nuclr/Data/Atanas_SF_unified_000776/cv5_grouped_v1/fold_0/test/train__2023-01-13-07__0ba838bb.npz,108,URYVL,2023-01-05-18,1,1,1,1,1,1,1,1.0,1.0,1,1
0,42,2023-01-13-07,/home/ubuntu/klb/nuclr/nuclr/Data/Atanas_SF_unified_000776/cv5_grouped_v1/fold_0/test/train__2023-01-13-07__0ba838bb.npz,109,IL2VR,2023-01-05-18,1,1,1,1,1,1,1,1.0,1.0,1,1
0,42,2023-01-13-07,/home/ubuntu/klb/nuclr/nuclr/Data/Atanas_SF_unified_000776/cv5_grouped_v1/fold_0/test/train__2023-01-13-07__0ba838bb.npz,110,ASGL,2023-01-05-18,1,2,2,0,0,1,1,0.5,0.5,1,0
0,42,2023-01-13-07,/home/ubuntu/klb/nuclr/nuclr/Data/Atanas_SF_unified_000776/cv5_grouped_v1/fold_0/test/train__2023-01-13-07__0ba838bb.npz,111,AVJL,2023-01-05-18,1,1,7,1,0,1,0,1.0,0.14285714285714285,1,0
0,42,2023-01-13-07,/home/ubuntu/klb/nuclr/nuclr/Data/Atanas_SF_unified_000776/cv5_grouped_v1/fold_0/test/train__2023-01-13-07__0ba838bb.npz,113,RMEV,2023-01-05-18,1,1,2,1,0,1,1,1.0,0.5,1,0
0,42,2023-01-13-07,/home/ubuntu/klb/nuclr/nuclr/Data/Atanas_SF_unified_000776/cv5_grouped_v1/fold_0/test/train__2023-01-13-07__0ba838bb.npz,115,I6,2023-01-05-18,1,8,11,0,0,0,0,0.125,0.09090909090909091,0,0
0,42,2023-01-13-07,/home/ubuntu/klb/nuclr/nuclr/Data/Atanas_SF_unified_000776/cv5_grouped_v1/fold_0/test/train__2023-01-13-07__0ba838bb.npz,117,SMDVR,2023-01-05-18,0,3,-1,0,0,1,0,0.3333333333333333,0.0,0,0
0,42,2023-01-13-07,/home/ubuntu/klb/nuclr/nuclr/Data/Atanas_SF_unified_000776/cv5_grouped_v1/fold_0/test/train__2023-01-13-07__0ba838bb.npz,118,RMDDL,2023-01-05-18,1,1,1,1,1,1,1,1.0,1.0,1,0
0,42,2023-01-13-07,/home/ubuntu/klb/nuclr/nuclr/Data/Atanas_SF_unified_000776/cv5_grouped_v1/fold_0/test/train__2023-01-13-07__0ba838bb.npz,119,FLPR,2023-01-05-18,1,2,7,0,0,1,0,0.5,0.14285714285714285,1,0
0,42,2023-01-16-15,/home/ubuntu/klb/nuclr/nuclr/Data/Atanas_SF_unified_000776/cv5_grouped_v1/fold_0/test/train__2023-01-16-15__2baa3162.npz,2,URYDL,2023-01-05-18,1,1,2,1,0,1,1,1.0,0.5,1,0
0,42,2023-01-16-15,/home/ubuntu/klb/nuclr/nuclr/Data/Atanas_SF_unified_000776/cv5_grouped_v1/fold_0/test/train__2023-01-16-15__2baa3162.npz,3,OLQDR,2023-01-05-18,1,1,1,1,1,1,1,1.0,1.0,1,1
0,42,2023-01-16-15,/home/ubuntu/klb/nuclr/nuclr/Data/Atanas_SF_unified_000776/cv5_grouped_v1/fold_0/test/train__2023-01-16-15__2baa3162.npz,7,AWAL,2023-01-05-18,1,1,1,1,1,1,1,1.0,1.0,1,1
0,42,2023-01-16-15,/home/ubuntu/klb/nuclr/nuclr/Data/Atanas_SF_unified_000776/cv5_grouped_v1/fold_0/test/train__2023-01-16-15__2baa3162.npz,8,CEPDL,2023-01-05-18,1,1,1,1,1,1,1,1.0,1.0,1,1
0,42,2023-01-16-15,/home/ubuntu/klb/nuclr/nuclr/Data/Atanas_SF_unified_000776/cv5_grouped_v1/fold_0/test/train__2023-01-16-15__2baa3162.npz,9,I6,2023-01-05-18,1,1,1,1,1,1,1,1.0,1.0,1,1
0,42,2023-01-16-15,/home/ubuntu/klb/nuclr/nuclr/Data/Atanas_SF_unified_000776/cv5_grouped_v1/fold_0/test/train__2023-01-16-15__2baa3162.npz,10,CEPVR,2023-01-05-18,0,1,-1,1,0,1,0,1.0,0.0,1,0
0,42,2023-01-16-15,/home/ubuntu/klb/nuclr/nuclr/Data/Atanas_SF_unified_000776/cv5_grouped_v1/fold_0/test/train__2023-01-16-15__2baa3162.npz,11,I2L,2023-01-05-18,1,1,1,1,1,1,1,1.0,1.0,1,1
0,42,2023-01-16-15,/home/ubuntu/klb/nuclr/nuclr/Data/Atanas_SF_unified_000776/cv5_grouped_v1/fold_0/test/train__2023-01-16-15__2baa3162.npz,12,IL2DL,2023-01-05-18,1,1,1,1,1,1,1,1.0,1.0,1,1
0,42,2023-01-16-15,/home/ubuntu/klb/nuclr/nuclr/Data/Atanas_SF_unified_000776/cv5_grouped_v1/fold_0/test/train__2023-01-16-15__2baa3162.npz,16,OLLL,2023-01-05-18,1,1,1,1,1,1,1,1.0,1.0,1,1
0,42,2023-01-16-15,/home/ubuntu/klb/nuclr/nuclr/Data/Atanas_SF_unified_000776/cv5_grouped_v1/fold_0/test/train__2023-01-16-15__2baa3162.npz,17,AWCL,2023-01-05-18,1,1,1,1,1,1,1,1.0,1.0,1,1
0,42,2023-01-16-15,/home/ubuntu/klb/nuclr/nuclr/Data/Atanas_SF_unified_000776/cv5_grouped_v1/fold_0/test/train__2023-01-16-15__2baa3162.npz,18,IL1R,2023-01-05-18,0,2,-1,0,0,1,0,0.5,0.0,0,0
0,42,2023-01-16-15,/home/ubuntu/klb/nuclr/nuclr/Data/Atanas_SF_unified_000776/cv5_grouped_v1/fold_0/test/train__2023-01-16-15__2baa3162.npz,19,M5,2023-01-05-18,0,1,-1,1,0,1,0,1.0,0.0,1,0
0,42,2023-01-16-15,/home/ubuntu/klb/nuclr/nuclr/Data/Atanas_SF_unified_000776/cv5_grouped_v1/fold_0/test/train__2023-01-16-15__2baa3162.npz,20,AUAR,2023-01-05-18,0,1,-1,1,0,1,0,1.0,0.0,1,0
0,42,2023-01-16-15,/home/ubuntu/klb/nuclr/nuclr/Data/Atanas_SF_unified_000776/cv5_grouped_v1/fold_0/test/train__2023-01-16-15__2baa3162.npz,21,AWBL,2023-01-05-18,1,1,1,1,1,1,1,1.0,1.0,1,1
0,42,2023-01-16-15,/home/ubuntu/klb/nuclr/nuclr/Data/Atanas_SF_unified_000776/cv5_grouped_v1/fold_0/test/train__2023-01-16-15__2baa3162.npz,22,AVDL,2023-01-05-18,0,1,-1,1,0,1,0,1.0,0.0,1,0
0,42,2023-01-16-15,/home/ubuntu/klb/nuclr/nuclr/Data/Atanas_SF_unified_000776/cv5_grouped_v1/fold_0/test/train__2023-01-16-15__2baa3162.npz,24,MCL,2023-01-05-18,1,1,1,1,1,1,1,1.0,1.0,1,1
0,42,2023-01-16-15,/home/ubuntu/klb/nuclr/nuclr/Data/Atanas_SF_unified_000776/cv5_grouped_v1/fold_0/test/train__2023-01-16-15__2baa3162.npz,25,CEPVL,2023-01-05-18,1,1,1,1,1,1,1,1.0,1.0,1,1
0,42,2023-01-16-15,/home/ubuntu/klb/nuclr/nuclr/Data/Atanas_SF_unified_000776/cv5_grouped_v1/fold_0/test/train__2023-01-16-15__2baa3162.npz,26,RIVL,2023-01-05-18,1,1,1,1,1,1,1,1.0,1.0,1,1
0,42,2023-01-16-15,/home/ubuntu/klb/nuclr/nuclr/Data/Atanas_SF_unified_000776/cv5_grouped_v1/fold_0/test/train__2023-01-16-15__2baa3162.npz,28,AVJR,2023-01-05-18,1,1,1,1,1,1,1,1.0,1.0,1,1
0,42,2023-01-16-15,/home/ubuntu/klb/nuclr/nuclr/Data/Atanas_SF_unified_000776/cv5_grouped_v1/fold_0/test/train__2023-01-16-15__2baa3162.npz,31,RIR,2023-01-05-18,0,1,-1,1,0,1,0,1.0,0.0,0,0
0,42,2023-01-16-15,/home/ubuntu/klb/nuclr/nuclr/Data/Atanas_SF_unified_000776/cv5_grouped_v1/fold_0/test/train__2023-01-16-15__2baa3162.npz,32,RIVR,2023-01-05-18,1,1,1,1,1,1,1,1.0,1.0,1,1
0,42,2023-01-16-15,/home/ubuntu/klb/nuclr/nuclr/Data/Atanas_SF_unified_000776/cv5_grouped_v1/fold_0/test/train__2023-01-16-15__2baa3162.npz,33,IL2DR,2023-01-05-18,1,1,1,1,1,1,1,1.0,1.0,1,1
0,42,2023-01-16-15,/home/ubuntu/klb/nuclr/nuclr/Data/Atanas_SF_unified_000776/cv5_grouped_v1/fold_0/test/train__2023-01-16-15__2baa3162.npz,35,CEPDR,2023-01-05-18,1,1,1,1,1,1,1,1.0,1.0,1,1
0,42,2023-01-16-15,/home/ubuntu/klb/nuclr/nuclr/Data/Atanas_SF_unified_000776/cv5_grouped_v1/fold_0/test/train__2023-01-16-15__2baa3162.npz,36,URYVL,2023-01-05-18,1,1,1,1,1,1,1,1.0,1.0,1,1
0,42,2023-01-16-15,/home/ubuntu/klb/nuclr/nuclr/Data/Atanas_SF_unified_000776/cv5_grouped_v1/fold_0/test/train__2023-01-16-15__2baa3162.npz,37,RICL,2023-01-05-18,1,1,1,1,1,1,1,1.0,1.0,1,1
0,42,2023-01-16-15,/home/ubuntu/klb/nuclr/nuclr/Data/Atanas_SF_unified_000776/cv5_grouped_v1/fold_0/test/train__2023-01-16-15__2baa3162.npz,38,RICR,2023-01-05-18,0,2,-1,0,0,1,0,0.5,0.0,0,0
0,42,2023-01-16-15,/home/ubuntu/klb/nuclr/nuclr/Data/Atanas_SF_unified_000776/cv5_grouped_v1/fold_0/test/train__2023-01-16-15__2baa3162.npz,39,OLQVL,2023-01-05-18,1,1,1,1,1,1,1,1.0,1.0,1,1
0,42,2023-01-16-15,/home/ubuntu/klb/nuclr/nuclr/Data/Atanas_SF_unified_000776/cv5_grouped_v1/fold_0/test/train__2023-01-16-15__2baa3162.npz,40,URBR,2023-01-05-18,1,1,1,1,1,1,1,1.0,1.0,1,1
0,42,2023-01-16-15,/home/ubuntu/klb/nuclr/nuclr/Data/Atanas_SF_unified_000776/cv5_grouped_v1/fold_0/test/train__2023-01-16-15__2baa3162.npz,43,URXR,2023-01-05-18,1,1,1,1,1,1,1,1.0,1.0,1,1
0,42,2023-01-16-15,/home/ubuntu/klb/nuclr/nuclr/Data/Atanas_SF_unified_000776/cv5_grouped_v1/fold_0/test/train__2023-01-16-15__2baa3162.npz,44,M4,2023-01-05-18,1,1,1,1,1,1,1,1.0,1.0,1,1
0,42,2023-01-16-15,/home/ubuntu/klb/nuclr/nuclr/Data/Atanas_SF_unified_000776/cv5_grouped_v1/fold_0/test/train__2023-01-16-15__2baa3162.npz,46,RIBL,2023-01-05-18,0,1,-1,1,0,1,0,1.0,0.0,1,0
0,42,2023-01-16-15,/home/ubuntu/klb/nuclr/nuclr/Data/Atanas_SF_unified_000776/cv5_grouped_v1/fold_0/test/train__2023-01-16-15__2baa3162.npz,47,SMDDR,2023-01-05-18,0,9,-1,0,0,0,0,0.1111111111111111,0.0,0,0
0,42,2023-01-16-15,/home/ubuntu/klb/nuclr/nuclr/Data/Atanas_SF_unified_000776/cv5_grouped_v1/fold_0/test/train__2023-01-16-15__2baa3162.npz,48,IL1VL,2023-01-05-18,0,1,-1,1,0,1,0,1.0,0.0,1,0
0,42,2023-01-16-15,/home/ubuntu/klb/nuclr/nuclr/Data/Atanas_SF_unified_000776/cv5_grouped_v1/fold_0/test/train__2023-01-16-15__2baa3162.npz,50,AIBL,2023-01-05-18,0,1,-1,1,0,1,0,1.0,0.0,1,0
0,42,2023-01-16-15,/home/ubuntu/klb/nuclr/nuclr/Data/Atanas_SF_unified_000776/cv5_grouped_v1/fold_0/test/train__2023-01-16-15__2baa3162.npz,51,AVDR,2023-01-05-18,1,3,1,0,1,1,1,0.3333333333333333,1.0,0,1
0,42,2023-01-16-15,/home/ubuntu/klb/nuclr/nuclr/Data/Atanas_SF_unified_000776/cv5_grouped_v1/fold_0/test/train__2023-01-16-15__2baa3162.npz,52,AVAL,2023-01-05-18,1,1,1,1,1,1,1,1.0,1.0,1,1
0,42,2023-01-16-15,/home/ubuntu/klb/nuclr/nuclr/Data/Atanas_SF_unified_000776/cv5_grouped_v1/fold_0/test/train__2023-01-16-15__2baa3162.npz,53,FLPL,2023-01-05-18,1,4,1,0,1,1,1,0.25,1.0,0,0
0,42,2023-01-16-15,/home/ubuntu/klb/nuclr/nuclr/Data/Atanas_SF_unified_000776/cv5_grouped_v1/fold_0/test/train__2023-01-16-15__2baa3162.npz,54,URXL,2023-01-05-18,1,1,1,1,1,1,1,1.0,1.0,1,1
0,42,2023-01-16-15,/home/ubuntu/klb/nuclr/nuclr/Data/Atanas_SF_unified_000776/cv5_grouped_v1/fold_0/test/train__2023-01-16-15__2baa3162.npz,55,OLQVR,2023-01-05-18,1,1,1,1,1,1,1,1.0,1.0,1,1
0,42,2023-01-16-15,/home/ubuntu/klb/nuclr/nuclr/Data/Atanas_SF_unified_000776/cv5_grouped_v1/fold_0/test/train__2023-01-16-15__2baa3162.npz,57,AUAL,2023-01-05-18,1,1,1,1,1,1,1,1.0,1.0,1,1
0,42,2023-01-16-15,/home/ubuntu/klb/nuclr/nuclr/Data/Atanas_SF_unified_000776/cv5_grouped_v1/fold_0/test/train__2023-01-16-15__2baa3162.npz,58,I3,2023-01-05-18,1,1,1,1,1,1,1,1.0,1.0,1,1
0,42,2023-01-16-15,/home/ubuntu/klb/nuclr/nuclr/Data/Atanas_SF_unified_000776/cv5_grouped_v1/fold_0/test/train__2023-01-16-15__2baa3162.npz,60,AWAR,2023-01-05-18,0,2,-1,0,0,1,0,0.5,0.0,0,0
0,42,2023-01-16-15,/home/ubuntu/klb/nuclr/nuclr/Data/Atanas_SF_unified_000776/cv5_grouped_v1/fold_0/test/train__2023-01-16-15__2baa3162.npz,61,RMDDL,2023-01-05-18,1,1,1,1,1,1,1,1.0,1.0,1,1
0,42,2023-01-16-15,/home/ubuntu/klb/nuclr/nuclr/Data/Atanas_SF_unified_000776/cv5_grouped_v1/fold_0/test/train__2023-01-16-15__2baa3162.npz,62,AIZL,2023-01-05-18,1,1,1,1,1,1,1,1.0,1.0,1,1
0,42,2023-01-16-15,/home/ubuntu/klb/nuclr/nuclr/Data/Atanas_SF_unified_000776/cv5_grouped_v1/fold_0/test/train__2023-01-16-15__2baa3162.npz,64,ASGL,2023-01-05-18,1,1,1,1,1,1,1,1.0,1.0,1,1
0,42,2023-01-16-15,/home/ubuntu/klb/nuclr/nuclr/Data/Atanas_SF_unified_000776/cv5_grouped_v1/fold_0/test/train__2023-01-16-15__2baa3162.npz,65,ASIR,2023-01-05-18,0,7,-1,0,0,0,0,0.14285714285714285,0.0,0,0
0,42,2023-01-16-15,/home/ubuntu/klb/nuclr/nuclr/Data/Atanas_SF_unified_000776/cv5_grouped_v1/fold_0/test/train__2023-01-16-15__2baa3162.npz,66,ASGR,2023-01-05-18,0,1,-1,1,0,1,0,1.0,0.0,1,0
0,42,2023-01-16-15,/home/ubuntu/klb/nuclr/nuclr/Data/Atanas_SF_unified_000776/cv5_grouped_v1/fold_0/test/train__2023-01-16-15__2baa3162.npz,68,RIH,2023-01-05-18,0,1,-1,1,0,1,0,1.0,0.0,1,0
0,42,2023-01-16-15,/home/ubuntu/klb/nuclr/nuclr/Data/Atanas_SF_unified_000776/cv5_grouped_v1/fold_0/test/train__2023-01-16-15__2baa3162.npz,70,IL1DR,2023-01-05-18,1,1,1,1,1,1,1,1.0,1.0,1,1
0,42,2023-01-16-15,/home/ubuntu/klb/nuclr/nuclr/Data/Atanas_SF_unified_000776/cv5_grouped_v1/fold_0/test/train__2023-01-16-15__2baa3162.npz,72,AIBR,2023-01-05-18,1,1,1,1,1,1,1,1.0,1.0,1,1
0,42,2023-01-16-15,/home/ubuntu/klb/nuclr/nuclr/Data/Atanas_SF_unified_000776/cv5_grouped_v1/fold_0/test/train__2023-01-16-15__2baa3162.npz,73,SAAVL,2023-01-05-18,1,2,2,0,0,1,1,0.5,0.5,0,0
0,42,2023-01-16-15,/home/ubuntu/klb/nuclr/nuclr/Data/Atanas_SF_unified_000776/cv5_grouped_v1/fold_0/test/train__2023-01-16-15__2baa3162.npz,75,NSMR,2023-01-05-18,1,1,1,1,1,1,1,1.0,1.0,1,1
0,42,2023-01-16-15,/home/ubuntu/klb/nuclr/nuclr/Data/Atanas_SF_unified_000776/cv5_grouped_v1/fold_0/test/train__2023-01-16-15__2baa3162.npz,76,RMER,2023-01-05-18,1,1,1,1,1,1,1,1.0,1.0,1,1
0,42,2023-01-16-15,/home/ubuntu/klb/nuclr/nuclr/Data/Atanas_SF_unified_000776/cv5_grouped_v1/fold_0/test/train__2023-01-16-15__2baa3162.npz,77,I2R,2023-01-05-18,1,1,1,1,1,1,1,1.0,1.0,0,1
0,42,2023-01-16-15,/home/ubuntu/klb/nuclr/nuclr/Data/Atanas_SF_unified_000776/cv5_grouped_v1/fold_0/test/train__2023-01-16-15__2baa3162.npz,78,M3R,2023-01-05-18,1,1,1,1,1,1,1,1.0,1.0,1,1
0,42,2023-01-16-15,/home/ubuntu/klb/nuclr/nuclr/Data/Atanas_SF_unified_000776/cv5_grouped_v1/fold_0/test/train__2023-01-16-15__2baa3162.npz,79,FLPR,2023-01-05-18,1,1,3,1,0,1,1,1.0,0.3333333333333333,1,0
0,42,2023-01-16-15,/home/ubuntu/klb/nuclr/nuclr/Data/Atanas_SF_unified_000776/cv5_grouped_v1/fold_0/test/train__2023-01-16-15__2baa3162.npz,80,MCR,2023-01-05-18,0,1,-1,1,0,1,0,1.0,0.0,1,0
0,42,2023-01-16-15,/home/ubuntu/klb/nuclr/nuclr/Data/Atanas_SF_unified_000776/cv5_grouped_v1/fold_0/test/train__2023-01-16-15__2baa3162.npz,81,AVER,2023-01-05-18,1,1,1,1,1,1,1,1.0,1.0,1,1
0,42,2023-01-16-15,/home/ubuntu/klb/nuclr/nuclr/Data/Atanas_SF_unified_000776/cv5_grouped_v1/fold_0/test/train__2023-01-16-15__2baa3162.npz,82,I1L,2023-01-05-18,1,1,1,1,1,1,1,1.0,1.0,1,1
0,42,2023-01-16-15,/home/ubuntu/klb/nuclr/nuclr/Data/Atanas_SF_unified_000776/cv5_grouped_v1/fold_0/test/train__2023-01-16-15__2baa3162.npz,83,NSML,2023-01-05-18,1,1,1,1,1,1,1,1.0,1.0,1,1
0,42,2023-01-16-15,/home/ubuntu/klb/nuclr/nuclr/Data/Atanas_SF_unified_000776/cv5_grouped_v1/fold_0/test/train__2023-01-16-15__2baa3162.npz,85,URBL,2023-01-05-18,1,1,1,1,1,1,1,1.0,1.0,1,1
0,42,2023-01-16-15,/home/ubuntu/klb/nuclr/nuclr/Data/Atanas_SF_unified_000776/cv5_grouped_v1/fold_0/test/train__2023-01-16-15__2baa3162.npz,86,RID,2023-01-05-18,1,1,1,1,1,1,1,1.0,1.0,1,1
0,42,2023-01-16-15,/home/ubuntu/klb/nuclr/nuclr/Data/Atanas_SF_unified_000776/cv5_grouped_v1/fold_0/test/train__2023-01-16-15__2baa3162.npz,87,M1,2023-01-05-18,1,1,2,1,0,1,1,1.0,0.5,1,0
0,42,2023-01-16-15,/home/ubuntu/klb/nuclr/nuclr/Data/Atanas_SF_unified_000776/cv5_grouped_v1/fold_0/test/train__2023-01-16-15__2baa3162.npz,88,AVL,2023-01-05-18,1,1,1,1,1,1,1,1.0,1.0,1,1
0,42,2023-01-16-15,/home/ubuntu/klb/nuclr/nuclr/Data/Atanas_SF_unified_000776/cv5_grouped_v1/fold_0/test/train__2023-01-16-15__2baa3162.npz,89,AINL,2023-01-05-18,0,1,-1,1,0,1,0,1.0,0.0,1,0
0,42,2023-01-16-15,/home/ubuntu/klb/nuclr/nuclr/Data/Atanas_SF_unified_000776/cv5_grouped_v1/fold_0/test/train__2023-01-16-15__2baa3162.npz,91,AWBR,2023-01-05-18,1,9,11,0,0,0,0,0.1111111111111111,0.09090909090909091,0,0
0,42,2023-01-16-15,/home/ubuntu/klb/nuclr/nuclr/Data/Atanas_SF_unified_000776/cv5_grouped_v1/fold_0/test/train__2023-01-16-15__2baa3162.npz,92,SMDVL,2023-01-05-18,1,1,1,1,1,1,1,1.0,1.0,1,1
0,42,2023-01-16-15,/home/ubuntu/klb/nuclr/nuclr/Data/Atanas_SF_unified_000776/cv5_grouped_v1/fold_0/test/train__2023-01-16-15__2baa3162.npz,98,IL1L,2023-01-05-18,1,1,1,1,1,1,1,1.0,1.0,1,1
0,42,2023-01-16-15,/home/ubuntu/klb/nuclr/nuclr/Data/Atanas_SF_unified_000776/cv5_grouped_v1/fold_0/test/train__2023-01-16-15__2baa3162.npz,100,AIZR,2023-01-05-18,1,4,5,0,0,1,1,0.25,0.2,0,0
0,42,2023-01-16-15,/home/ubuntu/klb/nuclr/nuclr/Data/Atanas_SF_unified_000776/cv5_grouped_v1/fold_0/test/train__2023-01-16-15__2baa3162.npz,101,RMEL,2023-01-05-18,0,1,-1,1,0,1,0,1.0,0.0,1,0
0,42,2023-01-16-15,/home/ubuntu/klb/nuclr/nuclr/Data/Atanas_SF_unified_000776/cv5_grouped_v1/fold_0/test/train__2023-01-16-15__2baa3162.npz,102,M3L,2023-01-05-18,1,1,1,1,1,1,1,1.0,1.0,1,1
0,42,2023-01-16-15,/home/ubuntu/klb/nuclr/nuclr/Data/Atanas_SF_unified_000776/cv5_grouped_v1/fold_0/test/train__2023-01-16-15__2baa3162.npz,103,IL1VR,2023-01-05-18,0,1,-1,1,0,1,0,1.0,0.0,1,0
0,42,2023-01-16-15,/home/ubuntu/klb/nuclr/nuclr/Data/Atanas_SF_unified_000776/cv5_grouped_v1/fold_0/test/train__2023-01-16-15__2baa3162.npz,104,AVJL,2023-01-05-18,1,1,1,1,1,1,1,1.0,1.0,1,1
0,42,2023-01-16-15,/home/ubuntu/klb/nuclr/nuclr/Data/Atanas_SF_unified_000776/cv5_grouped_v1/fold_0/test/train__2023-01-16-15__2baa3162.npz,105,IL2L,2023-01-05-18,1,1,1,1,1,1,1,1.0,1.0,1,1
0,42,2023-01-16-15,/home/ubuntu/klb/nuclr/nuclr/Data/Atanas_SF_unified_000776/cv5_grouped_v1/fold_0/test/train__2023-01-16-15__2baa3162.npz,106,ADEL,2023-01-05-18,0,2,-1,0,0,1,0,0.5,0.0,0,0
0,42,2023-01-16-15,/home/ubuntu/klb/nuclr/nuclr/Data/Atanas_SF_unified_000776/cv5_grouped_v1/fold_0/test/train__2023-01-16-15__2baa3162.npz,107,OLQDL,2023-01-05-18,1,1,1,1,1,1,1,1.0,1.0,1,1
0,42,2023-01-16-15,/home/ubuntu/klb/nuclr/nuclr/Data/Atanas_SF_unified_000776/cv5_grouped_v1/fold_0/test/train__2023-01-16-15__2baa3162.npz,109,RMDVL,2023-01-05-18,1,2,3,0,0,1,1,0.5,0.3333333333333333,0,0
0,42,2023-01-16-15,/home/ubuntu/klb/nuclr/nuclr/Data/Atanas_SF_unified_000776/cv5_grouped_v1/fold_0/test/train__2023-01-16-15__2baa3162.npz,110,IL1DL,2023-01-05-18,1,2,1,0,1,1,1,0.5,1.0,0,1
0,42,2023-01-16-15,/home/ubuntu/klb/nuclr/nuclr/Data/Atanas_SF_unified_000776/cv5_grouped_v1/fold_0/test/train__2023-01-16-15__2baa3162.npz,111,IL2VR,2023-01-05-18,1,2,2,0,0,1,1,0.5,0.5,1,0
0,42,2023-01-16-15,/home/ubuntu/klb/nuclr/nuclr/Data/Atanas_SF_unified_000776/cv5_grouped_v1/fold_0/test/train__2023-01-16-15__2baa3162.npz,113,BAGL,2023-01-05-18,0,1,-1,1,0,1,0,1.0,0.0,1,0
0,42,2023-01-16-15,/home/ubuntu/klb/nuclr/nuclr/Data/Atanas_SF_unified_000776/cv5_grouped_v1/fold_0/test/train__2023-01-16-15__2baa3162.npz,114,URYVR,2023-01-05-18,0,9,-1,0,0,0,0,0.1111111111111111,0.0,0,0
0,42,2023-01-16-15,/home/ubuntu/klb/nuclr/nuclr/Data/Atanas_SF_unified_000776/cv5_grouped_v1/fold_0/test/train__2023-01-16-15__2baa3162.npz,116,I1R,2023-01-05-18,1,1,1,1,1,1,1,1.0,1.0,1,1
0,42,2023-01-16-15,/home/ubuntu/klb/nuclr/nuclr/Data/Atanas_SF_unified_000776/cv5_grouped_v1/fold_0/test/train__2023-01-16-15__2baa3162.npz,118,AINR,2023-01-05-18,1,1,1,1,1,1,1,1.0,1.0,1,1
0,42,2023-01-16-15,/home/ubuntu/klb/nuclr/nuclr/Data/Atanas_SF_unified_000776/cv5_grouped_v1/fold_0/test/train__2023-01-16-15__2baa3162.npz,120,IL2VL,2023-01-05-18,1,1,6,1,0,1,0,1.0,0.16666666666666666,1,0
0,42,2023-01-16-15,/home/ubuntu/klb/nuclr/nuclr/Data/Atanas_SF_unified_000776/cv5_grouped_v1/fold_0/test/train__2023-01-16-15__2baa3162.npz,121,ASEL,2023-01-05-18,1,1,1,1,1,1,1,1.0,1.0,1,1
0,42,2023-01-16-15,/home/ubuntu/klb/nuclr/nuclr/Data/Atanas_SF_unified_000776/cv5_grouped_v1/fold_0/test/train__2023-01-16-15__2baa3162.npz,122,OLLR,2023-01-05-18,1,1,1,1,1,1,1,1.0,1.0,1,1
0,42,2023-01-16-22,/home/ubuntu/klb/nuclr/nuclr/Data/Atanas_SF_unified_000776/cv5_grouped_v1/fold_0/test/train__2023-01-16-22__f169d678.npz,1,URAVR,2023-01-05-18,0,2,-1,0,0,1,0,0.5,0.0,1,0
0,42,2023-01-16-22,/home/ubuntu/klb/nuclr/nuclr/Data/Atanas_SF_unified_000776/cv5_grouped_v1/fold_0/test/train__2023-01-16-22__f169d678.npz,2,AIYL,2023-01-05-18,0,1,-1,1,0,1,0,1.0,0.0,1,0
0,42,2023-01-16-22,/home/ubuntu/klb/nuclr/nuclr/Data/Atanas_SF_unified_000776/cv5_grouped_v1/fold_0/test/train__2023-01-16-22__f169d678.npz,4,AVDL,2023-01-05-18,0,2,-1,0,0,1,0,0.5,0.0,0,0
0,42,2023-01-16-22,/home/ubuntu/klb/nuclr/nuclr/Data/Atanas_SF_unified_000776/cv5_grouped_v1/fold_0/test/train__2023-01-16-22__f169d678.npz,5,RICR,2023-01-05-18,0,1,-1,1,0,1,0,1.0,0.0,0,0
0,42,2023-01-16-22,/home/ubuntu/klb/nuclr/nuclr/Data/Atanas_SF_unified_000776/cv5_grouped_v1/fold_0/test/train__2023-01-16-22__f169d678.npz,6,SMDVL,2023-01-05-18,1,1,1,1,1,1,1,1.0,1.0,1,1
0,42,2023-01-16-22,/home/ubuntu/klb/nuclr/nuclr/Data/Atanas_SF_unified_000776/cv5_grouped_v1/fold_0/test/train__2023-01-16-22__f169d678.npz,7,AVJL,2023-01-05-18,1,1,1,1,1,1,1,1.0,1.0,1,0
0,42,2023-01-16-22,/home/ubuntu/klb/nuclr/nuclr/Data/Atanas_SF_unified_000776/cv5_grouped_v1/fold_0/test/train__2023-01-16-22__f169d678.npz,9,RMEV,2023-01-05-18,1,1,1,1,1,1,1,1.0,1.0,1,0
0,42,2023-01-16-22,/home/ubuntu/klb/nuclr/nuclr/Data/Atanas_SF_unified_000776/cv5_grouped_v1/fold_0/test/train__2023-01-16-22__f169d678.npz,10,IL1R,2023-01-05-18,0,1,-1,1,0,1,0,1.0,0.0,1,0
0,42,2023-01-16-22,/home/ubuntu/klb/nuclr/nuclr/Data/Atanas_SF_unified_000776/cv5_grouped_v1/fold_0/test/train__2023-01-16-22__f169d678.npz,11,CEPDL,2023-01-05-18,1,1,1,1,1,1,1,1.0,1.0,1,1
0,42,2023-01-16-22,/home/ubuntu/klb/nuclr/nuclr/Data/Atanas_SF_unified_000776/cv5_grouped_v1/fold_0/test/train__2023-01-16-22__f169d678.npz,12,M4,2023-01-05-18,1,1,1,1,1,1,1,1.0,1.0,1,1
0,42,2023-01-16-22,/home/ubuntu/klb/nuclr/nuclr/Data/Atanas_SF_unified_000776/cv5_grouped_v1/fold_0/test/train__2023-01-16-22__f169d678.npz,16,IL1VR,2023-01-05-18,0,1,-1,1,0,1,0,1.0,0.0,1,0
0,42,2023-01-16-22,/home/ubuntu/klb/nuclr/nuclr/Data/Atanas_SF_unified_000776/cv5_grouped_v1/fold_0/test/train__2023-01-16-22__f169d678.npz,19,IL1DR,2023-01-05-18,1,1,2,1,0,1,1,1.0,0.5,1,1
0,42,2023-01-16-22,/home/ubuntu/klb/nuclr/nuclr/Data/Atanas_SF_unified_000776/cv5_grouped_v1/fold_0/test/train__2023-01-16-22__f169d678.npz,21,RMDVL,2023-01-05-18,1,1,1,1,1,1,1,1.0,1.0,1,1
0,42,2023-01-16-22,/home/ubuntu/klb/nuclr/nuclr/Data/Atanas_SF_unified_000776/cv5_grouped_v1/fold_0/test/train__2023-01-16-22__f169d678.npz,25,AVBL,2023-01-05-18,1,1,1,1,1,1,1,1.0,1.0,1,1
0,42,2023-01-16-22,/home/ubuntu/klb/nuclr/nuclr/Data/Atanas_SF_unified_000776/cv5_grouped_v1/fold_0/test/train__2023-01-16-22__f169d678.npz,26,IL2DR,2023-01-05-18,1,1,1,1,1,1,1,1.0,1.0,1,1
0,42,2023-01-16-22,/home/ubuntu/klb/nuclr/nuclr/Data/Atanas_SF_unified_000776/cv5_grouped_v1/fold_0/test/train__2023-01-16-22__f169d678.npz,27,I4,2023-01-05-18,1,2,1,0,1,1,1,0.5,1.0,1,1
0,42,2023-01-16-22,/home/ubuntu/klb/nuclr/nuclr/Data/Atanas_SF_unified_000776/cv5_grouped_v1/fold_0/test/train__2023-01-16-22__f169d678.npz,28,RIVR,2023-01-05-18,1,1,1,1,1,1,1,1.0,1.0,1,1
0,42,2023-01-16-22,/home/ubuntu/klb/nuclr/nuclr/Data/Atanas_SF_unified_000776/cv5_grouped_v1/fold_0/test/train__2023-01-16-22__f169d678.npz,30,NSML,2023-01-05-18,1,1,1,1,1,1,1,1.0,1.0,1,1
0,42,2023-01-16-22,/home/ubuntu/klb/nuclr/nuclr/Data/Atanas_SF_unified_000776/cv5_grouped_v1/fold_0/test/train__2023-01-16-22__f169d678.npz,31,RMDL,2023-01-05-18,1,1,1,1,1,1,1,1.0,1.0,1,1
0,42,2023-01-16-22,/home/ubuntu/klb/nuclr/nuclr/Data/Atanas_SF_unified_000776/cv5_grouped_v1/fold_0/test/train__2023-01-16-22__f169d678.npz,33,URBL,2023-01-05-18,1,1,1,1,1,1,1,1.0,1.0,1,1
0,42,2023-01-16-22,/home/ubuntu/klb/nuclr/nuclr/Data/Atanas_SF_unified_000776/cv5_grouped_v1/fold_0/test/train__2023-01-16-22__f169d678.npz,34,ASEL,2023-01-05-18,1,1,1,1,1,1,1,1.0,1.0,1,1
0,42,2023-01-16-22,/home/ubuntu/klb/nuclr/nuclr/Data/Atanas_SF_unified_000776/cv5_grouped_v1/fold_0/test/train__2023-01-16-22__f169d678.npz,35,IL2VR,2023-01-05-18,1,1,2,1,0,1,1,1.0,0.5,1,0
0,42,2023-01-16-22,/home/ubuntu/klb/nuclr/nuclr/Data/Atanas_SF_unified_000776/cv5_grouped_v1/fold_0/test/train__2023-01-16-22__f169d678.npz,37,AWCL,2023-01-05-18,1,1,1,1,1,1,1,1.0,1.0,1,1
0,42,2023-01-16-22,/home/ubuntu/klb/nuclr/nuclr/Data/Atanas_SF_unified_000776/cv5_grouped_v1/fold_0/test/train__2023-01-16-22__f169d678.npz,39,FLPL,2023-01-05-18,1,5,1,0,1,1,1,0.2,1.0,0,1
0,42,2023-01-16-22,/home/ubuntu/klb/nuclr/nuclr/Data/Atanas_SF_unified_000776/cv5_grouped_v1/fold_0/test/train__2023-01-16-22__f169d678.npz,40,I1R,2023-01-05-18,1,1,1,1,1,1,1,1.0,1.0,1,1
0,42,2023-01-16-22,/home/ubuntu/klb/nuclr/nuclr/Data/Atanas_SF_unified_000776/cv5_grouped_v1/fold_0/test/train__2023-01-16-22__f169d678.npz,41,M5,2023-01-05-18,0,1,-1,1,0,1,0,1.0,0.0,1,0
0,42,2023-01-16-22,/home/ubuntu/klb/nuclr/nuclr/Data/Atanas_SF_unified_000776/cv5_grouped_v1/fold_0/test/train__2023-01-16-22__f169d678.npz,42,RMER,2023-01-05-18,1,1,1,1,1,1,1,1.0,1.0,1,1
0,42,2023-01-16-22,/home/ubuntu/klb/nuclr/nuclr/Data/Atanas_SF_unified_000776/cv5_grouped_v1/fold_0/test/train__2023-01-16-22__f169d678.npz,43,AVDR,2023-01-05-18,1,1,1,1,1,1,1,1.0,1.0,1,1
0,42,2023-01-16-22,/home/ubuntu/klb/nuclr/nuclr/Data/Atanas_SF_unified_000776/cv5_grouped_v1/fold_0/test/train__2023-01-16-22__f169d678.npz,45,AIYR,2023-01-05-18,0,1,-1,1,0,1,0,1.0,0.0,1,0
0,42,2023-01-16-22,/home/ubuntu/klb/nuclr/nuclr/Data/Atanas_SF_unified_000776/cv5_grouped_v1/fold_0/test/train__2023-01-16-22__f169d678.npz,46,IL2L,2023-01-05-18,1,1,1,1,1,1,1,1.0,1.0,1,1
0,42,2023-01-16-22,/home/ubuntu/klb/nuclr/nuclr/Data/Atanas_SF_unified_000776/cv5_grouped_v1/fold_0/test/train__2023-01-16-22__f169d678.npz,47,M3L,2023-01-05-18,1,1,1,1,1,1,1,1.0,1.0,1,1
0,42,2023-01-16-22,/home/ubuntu/klb/nuclr/nuclr/Data/Atanas_SF_unified_000776/cv5_grouped_v1/fold_0/test/train__2023-01-16-22__f169d678.npz,48,CEPDR,2023-01-05-18,1,3,3,0,0,1,1,0.3333333333333333,0.3333333333333333,0,0
0,42,2023-01-16-22,/home/ubuntu/klb/nuclr/nuclr/Data/Atanas_SF_unified_000776/cv5_grouped_v1/fold_0/test/train__2023-01-16-22__f169d678.npz,49,IL1L,2023-01-05-18,1,1,2,1,0,1,1,1.0,0.5,1,1
0,42,2023-01-16-22,/home/ubuntu/klb/nuclr/nuclr/Data/Atanas_SF_unified_000776/cv5_grouped_v1/fold_0/test/train__2023-01-16-22__f169d678.npz,50,RICL,2023-01-05-18,1,2,1,0,1,1,1,0.5,1.0,0,1
0,42,2023-01-16-22,/home/ubuntu/klb/nuclr/nuclr/Data/Atanas_SF_unified_000776/cv5_grouped_v1/fold_0/test/train__2023-01-16-22__f169d678.npz,52,AIZL,2023-01-05-18,1,2,1,0,1,1,1,0.5,1.0,0,1
0,42,2023-01-16-22,/home/ubuntu/klb/nuclr/nuclr/Data/Atanas_SF_unified_000776/cv5_grouped_v1/fold_0/test/train__2023-01-16-22__f169d678.npz,55,RIVL,2023-01-05-18,1,1,1,1,1,1,1,1.0,1.0,1,1
0,42,2023-01-16-22,/home/ubuntu/klb/nuclr/nuclr/Data/Atanas_SF_unified_000776/cv5_grouped_v1/fold_0/test/train__2023-01-16-22__f169d678.npz,56,MI,2023-01-05-18,1,1,1,1,1,1,1,1.0,1.0,1,1
0,42,2023-01-16-22,/home/ubuntu/klb/nuclr/nuclr/Data/Atanas_SF_unified_000776/cv5_grouped_v1/fold_0/test/train__2023-01-16-22__f169d678.npz,57,BAGL,2023-01-05-18,0,1,-1,1,0,1,0,1.0,0.0,1,0
0,42,2023-01-16-22,/home/ubuntu/klb/nuclr/nuclr/Data/Atanas_SF_unified_000776/cv5_grouped_v1/fold_0/test/train__2023-01-16-22__f169d678.npz,58,SAADR,2023-01-05-18,0,5,-1,0,0,1,0,0.2,0.0,0,0
0,42,2023-01-16-22,/home/ubuntu/klb/nuclr/nuclr/Data/Atanas_SF_unified_000776/cv5_grouped_v1/fold_0/test/train__2023-01-16-22__f169d678.npz,59,RMDVR,2023-01-05-18,1,1,1,1,1,1,1,1.0,1.0,1,0
0,42,2023-01-16-22,/home/ubuntu/klb/nuclr/nuclr/Data/Atanas_SF_unified_000776/cv5_grouped_v1/fold_0/test/train__2023-01-16-22__f169d678.npz,60,AINR,2023-01-05-18,1,2,1,0,1,1,1,0.5,1.0,0,1
0,42,2023-01-16-22,/home/ubuntu/klb/nuclr/nuclr/Data/Atanas_SF_unified_000776/cv5_grouped_v1/fold_0/test/train__2023-01-16-22__f169d678.npz,62,IL2VL,2023-01-05-18,1,1,2,1,0,1,1,1.0,0.5,1,0
0,42,2023-01-16-22,/home/ubuntu/klb/nuclr/nuclr/Data/Atanas_SF_unified_000776/cv5_grouped_v1/fold_0/test/train__2023-01-16-22__f169d678.npz,65,ASIR,2023-01-05-18,0,3,-1,0,0,1,0,0.3333333333333333,0.0,0,0
0,42,2023-01-16-22,/home/ubuntu/klb/nuclr/nuclr/Data/Atanas_SF_unified_000776/cv5_grouped_v1/fold_0/test/train__2023-01-16-22__f169d678.npz,66,OLLR,2023-01-05-18,1,1,1,1,1,1,1,1.0,1.0,1,1
0,42,2023-01-16-22,/home/ubuntu/klb/nuclr/nuclr/Data/Atanas_SF_unified_000776/cv5_grouped_v1/fold_0/test/train__2023-01-16-22__f169d678.npz,67,RIBL,2023-01-05-18,0,1,-1,1,0,1,0,1.0,0.0,1,0
0,42,2023-01-16-22,/home/ubuntu/klb/nuclr/nuclr/Data/Atanas_SF_unified_000776/cv5_grouped_v1/fold_0/test/train__2023-01-16-22__f169d678.npz,69,URYVR,2023-01-05-18,0,1,-1,1,0,1,0,1.0,0.0,1,0
0,42,2023-01-16-22,/home/ubuntu/klb/nuclr/nuclr/Data/Atanas_SF_unified_000776/cv5_grouped_v1/fold_0/test/train__2023-01-16-22__f169d678.npz,70,AUAL,2023-01-05-18,1,1,1,1,1,1,1,1.0,1.0,1,1
0,42,2023-01-16-22,/home/ubuntu/klb/nuclr/nuclr/Data/Atanas_SF_unified_000776/cv5_grouped_v1/fold_0/test/train__2023-01-16-22__f169d678.npz,72,IL1DL,2023-01-05-18,1,1,1,1,1,1,1,1.0,1.0,1,1
0,42,2023-01-16-22,/home/ubuntu/klb/nuclr/nuclr/Data/Atanas_SF_unified_000776/cv5_grouped_v1/fold_0/test/train__2023-01-16-22__f169d678.npz,73,SAADL,2023-01-05-18,0,4,-1,0,0,1,0,0.25,0.0,0,0
0,42,2023-01-16-22,/home/ubuntu/klb/nuclr/nuclr/Data/Atanas_SF_unified_000776/cv5_grouped_v1/fold_0/test/train__2023-01-16-22__f169d678.npz,74,OLQVL,2023-01-05-18,1,1,1,1,1,1,1,1.0,1.0,1,1
0,42,2023-01-16-22,/home/ubuntu/klb/nuclr/nuclr/Data/Atanas_SF_unified_000776/cv5_grouped_v1/fold_0/test/train__2023-01-16-22__f169d678.npz,75,I1L,2023-01-05-18,1,1,1,1,1,1,1,1.0,1.0,1,1
0,42,2023-01-16-22,/home/ubuntu/klb/nuclr/nuclr/Data/Atanas_SF_unified_000776/cv5_grouped_v1/fold_0/test/train__2023-01-16-22__f169d678.npz,76,URAVL,2023-01-05-18,1,1,1,1,1,1,1,1.0,1.0,1,0
0,42,2023-01-16-22,/home/ubuntu/klb/nuclr/nuclr/Data/Atanas_SF_unified_000776/cv5_grouped_v1/fold_0/test/train__2023-01-16-22__f169d678.npz,78,RIML,2023-01-05-18,0,1,-1,1,0,1,0,1.0,0.0,1,0
0,42,2023-01-16-22,/home/ubuntu/klb/nuclr/nuclr/Data/Atanas_SF_unified_000776/cv5_grouped_v1/fold_0/test/train__2023-01-16-22__f169d678.npz,79,OLLL,2023-01-05-18,1,1,1,1,1,1,1,1.0,1.0,1,1
0,42,2023-01-16-22,/home/ubuntu/klb/nuclr/nuclr/Data/Atanas_SF_unified_000776/cv5_grouped_v1/fold_0/test/train__2023-01-16-22__f169d678.npz,82,VB02,2023-01-05-18,0,1,-1,1,0,1,0,1.0,0.0,1,0
0,42,2023-01-16-22,/home/ubuntu/klb/nuclr/nuclr/Data/Atanas_SF_unified_000776/cv5_grouped_v1/fold_0/test/train__2023-01-16-22__f169d678.npz,83,RIS,2023-01-05-18,0,4,-1,0,0,1,0,0.25,0.0,0,0
0,42,2023-01-16-22,/home/ubuntu/klb/nuclr/nuclr/Data/Atanas_SF_unified_000776/cv5_grouped_v1/fold_0/test/train__2023-01-16-22__f169d678.npz,85,OLQDL,2023-01-05-18,1,1,1,1,1,1,1,1.0,1.0,1,1
0,42,2023-01-16-22,/home/ubuntu/klb/nuclr/nuclr/Data/Atanas_SF_unified_000776/cv5_grouped_v1/fold_0/test/train__2023-01-16-22__f169d678.npz,86,I2R,2023-01-05-18,1,1,1,1,1,1,1,1.0,1.0,1,1
0,42,2023-01-16-22,/home/ubuntu/klb/nuclr/nuclr/Data/Atanas_SF_unified_000776/cv5_grouped_v1/fold_0/test/train__2023-01-16-22__f169d678.npz,87,CEPVL,2023-01-05-18,1,1,1,1,1,1,1,1.0,1.0,1,1
0,42,2023-01-16-22,/home/ubuntu/klb/nuclr/nuclr/Data/Atanas_SF_unified_000776/cv5_grouped_v1/fold_0/test/train__2023-01-16-22__f169d678.npz,88,I2L,2023-01-05-18,1,2,2,0,0,1,1,0.5,0.5,1,0
0,42,2023-01-16-22,/home/ubuntu/klb/nuclr/nuclr/Data/Atanas_SF_unified_000776/cv5_grouped_v1/fold_0/test/train__2023-01-16-22__f169d678.npz,89,AVJR,2023-01-05-18,1,1,1,1,1,1,1,1.0,1.0,0,1
0,42,2023-01-16-22,/home/ubuntu/klb/nuclr/nuclr/Data/Atanas_SF_unified_000776/cv5_grouped_v1/fold_0/test/train__2023-01-16-22__f169d678.npz,92,RMDDR,2023-01-05-18,0,1,-1,1,0,1,0,1.0,0.0,1,0
0,42,2023-01-16-22,/home/ubuntu/klb/nuclr/nuclr/Data/Atanas_SF_unified_000776/cv5_grouped_v1/fold_0/test/train__2023-01-16-22__f169d678.npz,94,OLQVR,2023-01-05-18,1,3,2,0,0,1,1,0.3333333333333333,0.5,0,0
0,42,2023-01-16-22,/home/ubuntu/klb/nuclr/nuclr/Data/Atanas_SF_unified_000776/cv5_grouped_v1/fold_0/test/train__2023-01-16-22__f169d678.npz,95,AIBL,2023-01-05-18,0,1,-1,1,0,1,0,1.0,0.0,1,0
0,42,2023-01-16-22,/home/ubuntu/klb/nuclr/nuclr/Data/Atanas_SF_unified_000776/cv5_grouped_v1/fold_0/test/train__2023-01-16-22__f169d678.npz,96,RIH,2023-01-05-18,0,1,-1,1,0,1,0,1.0,0.0,1,0
0,42,2023-01-16-22,/home/ubuntu/klb/nuclr/nuclr/Data/Atanas_SF_unified_000776/cv5_grouped_v1/fold_0/test/train__2023-01-16-22__f169d678.npz,97,I6,2023-01-05-18,1,4,14,0,0,1,0,0.25,0.07142857142857142,0,0
0,42,2023-01-16-22,/home/ubuntu/klb/nuclr/nuclr/Data/Atanas_SF_unified_000776/cv5_grouped_v1/fold_0/test/train__2023-01-16-22__f169d678.npz,99,ASIL,2023-01-05-18,1,2,2,0,0,1,1,0.5,0.5,0,0
0,42,2023-01-16-22,/home/ubuntu/klb/nuclr/nuclr/Data/Atanas_SF_unified_000776/cv5_grouped_v1/fold_0/test/train__2023-01-16-22__f169d678.npz,100,I3,2023-01-05-18,1,1,1,1,1,1,1,1.0,1.0,1,1
0,42,2023-01-16-22,/home/ubuntu/klb/nuclr/nuclr/Data/Atanas_SF_unified_000776/cv5_grouped_v1/fold_0/test/train__2023-01-16-22__f169d678.npz,101,IL1VL,2023-01-05-18,0,1,-1,1,0,1,0,1.0,0.0,1,0
0,42,2023-01-16-22,/home/ubuntu/klb/nuclr/nuclr/Data/Atanas_SF_unified_000776/cv5_grouped_v1/fold_0/test/train__2023-01-16-22__f169d678.npz,102,M1,2023-01-05-18,1,1,1,1,1,1,1,1.0,1.0,1,1
0,42,2023-01-16-22,/home/ubuntu/klb/nuclr/nuclr/Data/Atanas_SF_unified_000776/cv5_grouped_v1/fold_0/test/train__2023-01-16-22__f169d678.npz,104,URBR,2023-01-05-18,1,2,2,0,0,1,1,0.5,0.5,0,0
0,42,2023-01-16-22,/home/ubuntu/klb/nuclr/nuclr/Data/Atanas_SF_unified_000776/cv5_grouped_v1/fold_0/test/train__2023-01-16-22__f169d678.npz,105,RMEL,2023-01-05-18,0,1,-1,1,0,1,0,1.0,0.0,1,0
0,42,2023-01-16-22,/home/ubuntu/klb/nuclr/nuclr/Data/Atanas_SF_unified_000776/cv5_grouped_v1/fold_0/test/train__2023-01-16-22__f169d678.npz,109,AIZR,2023-01-05-18,1,2,1,0,1,1,1,0.5,1.0,0,0
0,42,2023-01-16-22,/home/ubuntu/klb/nuclr/nuclr/Data/Atanas_SF_unified_000776/cv5_grouped_v1/fold_0/test/train__2023-01-16-22__f169d678.npz,110,IL2DL,2023-01-05-18,1,1,2,1,0,1,1,1.0,0.5,1,0
0,42,2023-01-16-22,/home/ubuntu/klb/nuclr/nuclr/Data/Atanas_SF_unified_000776/cv5_grouped_v1/fold_0/test/train__2023-01-16-22__f169d678.npz,111,AWBL,2023-01-05-18,1,1,1,1,1,1,1,1.0,1.0,1,1
0,42,2023-01-16-22,/home/ubuntu/klb/nuclr/nuclr/Data/Atanas_SF_unified_000776/cv5_grouped_v1/fold_0/test/train__2023-01-16-22__f169d678.npz,112,URXR,2023-01-05-18,1,1,2,1,0,1,1,1.0,0.5,0,0
0,42,2023-01-16-22,/home/ubuntu/klb/nuclr/nuclr/Data/Atanas_SF_unified_000776/cv5_grouped_v1/fold_0/test/train__2023-01-16-22__f169d678.npz,113,URYDL,2023-01-05-18,1,1,1,1,1,1,1,1.0,1.0,1,1
0,42,2023-01-16-22,/home/ubuntu/klb/nuclr/nuclr/Data/Atanas_SF_unified_000776/cv5_grouped_v1/fold_0/test/train__2023-01-16-22__f169d678.npz,114,AVHL,2023-01-05-18,1,1,1,1,1,1,1,1.0,1.0,1,1
0,42,2023-01-16-22,/home/ubuntu/klb/nuclr/nuclr/Data/Atanas_SF_unified_000776/cv5_grouped_v1/fold_0/test/train__2023-01-16-22__f169d678.npz,116,FLPR,2023-01-05-18,1,1,3,1,0,1,1,1.0,0.3333333333333333,1,0
0,42,2023-01-16-22,/home/ubuntu/klb/nuclr/nuclr/Data/Atanas_SF_unified_000776/cv5_grouped_v1/fold_0/test/train__2023-01-16-22__f169d678.npz,118,AIBR,2023-01-05-18,1,1,2,1,0,1,1,1.0,0.5,1,0
0,42,2023-01-16-22,/home/ubuntu/klb/nuclr/nuclr/Data/Atanas_SF_unified_000776/cv5_grouped_v1/fold_0/test/train__2023-01-16-22__f169d678.npz,120,AVL,2023-01-05-18,1,1,1,1,1,1,1,1.0,1.0,1,1
0,42,2023-01-16-22,/home/ubuntu/klb/nuclr/nuclr/Data/Atanas_SF_unified_000776/cv5_grouped_v1/fold_0/test/train__2023-01-16-22__f169d678.npz,121,ASHL,2023-01-05-18,0,1,-1,1,0,1,0,1.0,0.0,1,0
0,42,2023-01-16-22,/home/ubuntu/klb/nuclr/nuclr/Data/Atanas_SF_unified_000776/cv5_grouped_v1/fold_0/test/train__2023-01-16-22__f169d678.npz,122,OLQDR,2023-01-05-18,1,1,1,1,1,1,1,1.0,1.0,1,1
0,42,2023-01-16-22,/home/ubuntu/klb/nuclr/nuclr/Data/Atanas_SF_unified_000776/cv5_grouped_v1/fold_0/test/train__2023-01-16-22__f169d678.npz,123,URYDR,2023-01-05-18,1,25,18,0,0,0,0,0.04,0.05555555555555555,0,0
0,42,2023-01-16-22,/home/ubuntu/klb/nuclr/nuclr/Data/Atanas_SF_unified_000776/cv5_grouped_v1/fold_0/test/train__2023-01-16-22__f169d678.npz,124,URYVL,2023-01-05-18,1,1,1,1,1,1,1,1.0,1.0,1,1
0,42,2023-01-16-22,/home/ubuntu/klb/nuclr/nuclr/Data/Atanas_SF_unified_000776/cv5_grouped_v1/fold_0/test/train__2023-01-16-22__f169d678.npz,125,NSMR,2023-01-05-18,1,1,1,1,1,1,1,1.0,1.0,1,1
0,42,2023-01-16-22,/home/ubuntu/klb/nuclr/nuclr/Data/Atanas_SF_unified_000776/cv5_grouped_v1/fold_0/test/train__2023-01-16-22__f169d678.npz,126,MCL,2023-01-05-18,1,1,1,1,1,1,1,1.0,1.0,1,1
0,42,2023-01-16-22,/home/ubuntu/klb/nuclr/nuclr/Data/Atanas_SF_unified_000776/cv5_grouped_v1/fold_0/test/train__2023-01-16-22__f169d678.npz,130,AUAR,2023-01-05-18,0,18,-1,0,0,0,0,0.05555555555555555,0.0,0,0
0,42,2023-01-16-22,/home/ubuntu/klb/nuclr/nuclr/Data/Atanas_SF_unified_000776/cv5_grouped_v1/fold_0/test/train__2023-01-16-22__f169d678.npz,132,ASGL,2023-01-05-18,1,1,1,1,1,1,1,1.0,1.0,1,1
0,42,2023-01-19-15,/home/ubuntu/klb/nuclr/nuclr/Data/Atanas_SF_unified_000776/cv5_grouped_v1/fold_0/test/train__2023-01-19-15__893d43d8.npz,0,OLQVL,2023-01-05-18,1,1,4,1,0,1,1,1.0,0.25,1,0
0,42,2023-01-19-15,/home/ubuntu/klb/nuclr/nuclr/Data/Atanas_SF_unified_000776/cv5_grouped_v1/fold_0/test/train__2023-01-19-15__893d43d8.npz,2,RICR,2023-01-05-18,0,3,-1,0,0,1,0,0.3333333333333333,0.0,0,0
0,42,2023-01-19-15,/home/ubuntu/klb/nuclr/nuclr/Data/Atanas_SF_unified_000776/cv5_grouped_v1/fold_0/test/train__2023-01-19-15__893d43d8.npz,3,M3L,2023-01-05-18,1,2,3,0,0,1,1,0.5,0.3333333333333333,0,0
0,42,2023-01-19-15,/home/ubuntu/klb/nuclr/nuclr/Data/Atanas_SF_unified_000776/cv5_grouped_v1/fold_0/test/train__2023-01-19-15__893d43d8.npz,4,OLLL,2023-01-05-18,1,5,3,0,0,1,1,0.2,0.3333333333333333,0,0
0,42,2023-01-19-15,/home/ubuntu/klb/nuclr/nuclr/Data/Atanas_SF_unified_000776/cv5_grouped_v1/fold_0/test/train__2023-01-19-15__893d43d8.npz,6,CEPDR,2023-01-05-18,1,1,1,1,1,1,1,1.0,1.0,1,1
0,42,2023-01-19-15,/home/ubuntu/klb/nuclr/nuclr/Data/Atanas_SF_unified_000776/cv5_grouped_v1/fold_0/test/train__2023-01-19-15__893d43d8.npz,7,ASHR,2023-01-05-18,0,22,-1,0,0,0,0,0.045454545454545456,0.0,0,0
0,42,2023-01-19-15,/home/ubuntu/klb/nuclr/nuclr/Data/Atanas_SF_unified_000776/cv5_grouped_v1/fold_0/test/train__2023-01-19-15__893d43d8.npz,13,AIBL,2023-01-05-18,0,2,-1,0,0,1,0,0.5,0.0,0,0
0,42,2023-01-19-15,/home/ubuntu/klb/nuclr/nuclr/Data/Atanas_SF_unified_000776/cv5_grouped_v1/fold_0/test/train__2023-01-19-15__893d43d8.npz,14,AVAR,2023-01-05-18,1,1,1,1,1,1,1,1.0,1.0,1,1
0,42,2023-01-19-15,/home/ubuntu/klb/nuclr/nuclr/Data/Atanas_SF_unified_000776/cv5_grouped_v1/fold_0/test/train__2023-01-19-15__893d43d8.npz,21,AIMR,2023-01-05-18,0,10,-1,0,0,0,0,0.1,0.0,0,0
0,42,2023-01-19-15,/home/ubuntu/klb/nuclr/nuclr/Data/Atanas_SF_unified_000776/cv5_grouped_v1/fold_0/test/train__2023-01-19-15__893d43d8.npz,22,IL2VR,2023-01-05-18,1,1,1,1,1,1,1,1.0,1.0,1,1
0,42,2023-01-19-15,/home/ubuntu/klb/nuclr/nuclr/Data/Atanas_SF_unified_000776/cv5_grouped_v1/fold_0/test/train__2023-01-19-15__893d43d8.npz,23,IL1DR,2023-01-05-18,1,1,1,1,1,1,1,1.0,1.0,1,1
0,42,2023-01-19-15,/home/ubuntu/klb/nuclr/nuclr/Data/Atanas_SF_unified_000776/cv5_grouped_v1/fold_0/test/train__2023-01-19-15__893d43d8.npz,24,AQR,2023-01-05-18,0,1,-1,1,0,1,0,1.0,0.0,1,0
0,42,2023-01-19-15,/home/ubuntu/klb/nuclr/nuclr/Data/Atanas_SF_unified_000776/cv5_grouped_v1/fold_0/test/train__2023-01-19-15__893d43d8.npz,26,AUAR,2023-01-05-18,0,35,-1,0,0,0,0,0.02857142857142857,0.0,0,0
0,42,2023-01-19-15,/home/ubuntu/klb/nuclr/nuclr/Data/Atanas_SF_unified_000776/cv5_grouped_v1/fold_0/test/train__2023-01-19-15__893d43d8.npz,29,URBL,2023-01-05-18,1,1,1,1,1,1,1,1.0,1.0,1,1
0,42,2023-01-19-15,/home/ubuntu/klb/nuclr/nuclr/Data/Atanas_SF_unified_000776/cv5_grouped_v1/fold_0/test/train__2023-01-19-15__893d43d8.npz,31,URADL,2023-01-05-18,1,2,2,0,0,1,1,0.5,0.5,0,0
0,42,2023-01-19-15,/home/ubuntu/klb/nuclr/nuclr/Data/Atanas_SF_unified_000776/cv5_grouped_v1/fold_0/test/train__2023-01-19-15__893d43d8.npz,33,AVBR,2023-01-05-18,0,1,-1,1,0,1,0,1.0,0.0,1,0
0,42,2023-01-19-15,/home/ubuntu/klb/nuclr/nuclr/Data/Atanas_SF_unified_000776/cv5_grouped_v1/fold_0/test/train__2023-01-19-15__893d43d8.npz,35,AVDR,2023-01-05-18,1,4,30,0,0,1,0,0.25,0.03333333333333333,0,0
0,42,2023-01-19-15,/home/ubuntu/klb/nuclr/nuclr/Data/Atanas_SF_unified_000776/cv5_grouped_v1/fold_0/test/train__2023-01-19-15__893d43d8.npz,36,URYVR,2023-01-05-18,0,10,-1,0,0,0,0,0.1,0.0,0,0
0,42,2023-01-19-15,/home/ubuntu/klb/nuclr/nuclr/Data/Atanas_SF_unified_000776/cv5_grouped_v1/fold_0/test/train__2023-01-19-15__893d43d8.npz,37,VB02,2023-01-05-18,0,9,-1,0,0,0,0,0.1111111111111111,0.0,0,0
0,42,2023-01-19-15,/home/ubuntu/klb/nuclr/nuclr/Data/Atanas_SF_unified_000776/cv5_grouped_v1/fold_0/test/train__2023-01-19-15__893d43d8.npz,40,RIBR,2023-01-05-18,0,2,-1,0,0,1,0,0.5,0.0,0,0
0,42,2023-01-19-15,/home/ubuntu/klb/nuclr/nuclr/Data/Atanas_SF_unified_000776/cv5_grouped_v1/fold_0/test/train__2023-01-19-15__893d43d8.npz,43,AVAL,2023-01-05-18,1,1,1,1,1,1,1,1.0,1.0,1,1
0,42,2023-01-19-15,/home/ubuntu/klb/nuclr/nuclr/Data/Atanas_SF_unified_000776/cv5_grouped_v1/fold_0/test/train__2023-01-19-15__893d43d8.npz,45,URXL,2023-01-05-18,1,1,1,1,1,1,1,1.0,1.0,1,1
0,42,2023-01-19-15,/home/ubuntu/klb/nuclr/nuclr/Data/Atanas_SF_unified_000776/cv5_grouped_v1/fold_0/test/train__2023-01-19-15__893d43d8.npz,47,FLPR,2023-01-05-18,1,11,2,0,0,0,1,0.09090909090909091,0.5,0,0
0,42,2023-01-19-15,/home/ubuntu/klb/nuclr/nuclr/Data/Atanas_SF_unified_000776/cv5_grouped_v1/fold_0/test/train__2023-01-19-15__893d43d8.npz,50,AIML,2023-01-05-18,0,5,-1,0,0,1,0,0.2,0.0,0,0
0,42,2023-01-19-15,/home/ubuntu/klb/nuclr/nuclr/Data/Atanas_SF_unified_000776/cv5_grouped_v1/fold_0/test/train__2023-01-19-15__893d43d8.npz,52,RIML,2023-01-05-18,0,1,-1,1,0,1,0,1.0,0.0,1,0
0,42,2023-01-19-15,/home/ubuntu/klb/nuclr/nuclr/Data/Atanas_SF_unified_000776/cv5_grouped_v1/fold_0/test/train__2023-01-19-15__893d43d8.npz,56,IL2DL,2023-01-05-18,1,14,17,0,0,0,0,0.07142857142857142,0.058823529411764705,0,0
0,42,2023-01-19-15,/home/ubuntu/klb/nuclr/nuclr/Data/Atanas_SF_unified_000776/cv5_grouped_v1/fold_0/test/train__2023-01-19-15__893d43d8.npz,58,AIBR,2023-01-05-18,1,2,3,0,0,1,1,0.5,0.3333333333333333,0,0
0,42,2023-01-19-15,/home/ubuntu/klb/nuclr/nuclr/Data/Atanas_SF_unified_000776/cv5_grouped_v1/fold_0/test/train__2023-01-19-15__893d43d8.npz,61,RMDVR,2023-01-05-18,1,1,1,1,1,1,1,1.0,1.0,1,1
0,42,2023-01-19-15,/home/ubuntu/klb/nuclr/nuclr/Data/Atanas_SF_unified_000776/cv5_grouped_v1/fold_0/test/train__2023-01-19-15__893d43d8.npz,62,AVEL,2023-01-05-18,1,6,3,0,0,0,1,0.16666666666666666,0.3333333333333333,0,0
0,42,2023-01-19-15,/home/ubuntu/klb/nuclr/nuclr/Data/Atanas_SF_unified_000776/cv5_grouped_v1/fold_0/test/train__2023-01-19-15__893d43d8.npz,63,URXR,2023-01-05-18,1,1,2,1,0,1,1,1.0,0.5,1,1
0,42,2023-01-19-15,/home/ubuntu/klb/nuclr/nuclr/Data/Atanas_SF_unified_000776/cv5_grouped_v1/fold_0/test/train__2023-01-19-15__893d43d8.npz,68,RMDR,2023-01-05-18,0,1,-1,1,0,1,0,1.0,0.0,1,0
0,42,2023-01-19-15,/home/ubuntu/klb/nuclr/nuclr/Data/Atanas_SF_unified_000776/cv5_grouped_v1/fold_0/test/train__2023-01-19-15__893d43d8.npz,71,RMDL,2023-01-05-18,1,1,1,1,1,1,1,1.0,1.0,1,1
0,42,2023-01-19-15,/home/ubuntu/klb/nuclr/nuclr/Data/Atanas_SF_unified_000776/cv5_grouped_v1/fold_0/test/train__2023-01-19-15__893d43d8.npz,72,ADER,2023-01-05-18,1,8,2,0,0,0,1,0.125,0.5,0,0
0,42,2023-01-19-15,/home/ubuntu/klb/nuclr/nuclr/Data/Atanas_SF_unified_000776/cv5_grouped_v1/fold_0/test/train__2023-01-19-15__893d43d8.npz,76,ASER,2023-01-05-18,1,6,19,0,0,0,0,0.16666666666666666,0.05263157894736842,0,0
0,42,2023-01-19-15,/home/ubuntu/klb/nuclr/nuclr/Data/Atanas_SF_unified_000776/cv5_grouped_v1/fold_0/test/train__2023-01-19-15__893d43d8.npz,77,RIVR,2023-01-05-18,1,3,2,0,0,1,1,0.3333333333333333,0.5,0,0
0,42,2023-01-19-15,/home/ubuntu/klb/nuclr/nuclr/Data/Atanas_SF_unified_000776/cv5_grouped_v1/fold_0/test/train__2023-01-19-15__893d43d8.npz,86,NSMR,2023-01-05-18,1,8,7,0,0,0,0,0.125,0.14285714285714285,0,0
0,42,2023-01-19-15,/home/ubuntu/klb/nuclr/nuclr/Data/Atanas_SF_unified_000776/cv5_grouped_v1/fold_0/test/train__2023-01-19-15__893d43d8.npz,88,AVDL,2023-01-05-18,0,1,-1,1,0,1,0,1.0,0.0,1,0
0,42,2023-01-19-15,/home/ubuntu/klb/nuclr/nuclr/Data/Atanas_SF_unified_000776/cv5_grouped_v1/fold_0/test/train__2023-01-19-15__893d43d8.npz,92,M3R,2023-01-05-18,1,3,3,0,0,1,1,0.3333333333333333,0.3333333333333333,0,0
0,42,2023-01-19-15,/home/ubuntu/klb/nuclr/nuclr/Data/Atanas_SF_unified_000776/cv5_grouped_v1/fold_0/test/train__2023-01-19-15__893d43d8.npz,93,SAADR,2023-01-05-18,0,23,-1,0,0,0,0,0.043478260869565216,0.0,0,0
0,42,2023-01-19-15,/home/ubuntu/klb/nuclr/nuclr/Data/Atanas_SF_unified_000776/cv5_grouped_v1/fold_0/test/train__2023-01-19-15__893d43d8.npz,95,ADAR,2023-01-05-18,0,8,-1,0,0,0,0,0.125,0.0,0,0
0,42,2023-01-19-15,/home/ubuntu/klb/nuclr/nuclr/Data/Atanas_SF_unified_000776/cv5_grouped_v1/fold_0/test/train__2023-01-19-15__893d43d8.npz,96,IL1VR,2023-01-05-18,0,4,-1,0,0,1,0,0.25,0.0,0,0
0,42,2023-01-19-15,/home/ubuntu/klb/nuclr/nuclr/Data/Atanas_SF_unified_000776/cv5_grouped_v1/fold_0/test/train__2023-01-19-15__893d43d8.npz,97,MI,2023-01-05-18,1,4,2,0,0,1,1,0.25,0.5,0,0
0,42,2023-01-19-15,/home/ubuntu/klb/nuclr/nuclr/Data/Atanas_SF_unified_000776/cv5_grouped_v1/fold_0/test/train__2023-01-19-15__893d43d8.npz,100,URBR,2023-01-05-18,1,6,4,0,0,0,1,0.16666666666666666,0.25,0,0
0,42,2023-01-19-15,/home/ubuntu/klb/nuclr/nuclr/Data/Atanas_SF_unified_000776/cv5_grouped_v1/fold_0/test/train__2023-01-19-15__893d43d8.npz,101,AIZR,2023-01-05-18,1,4,6,0,0,1,0,0.25,0.16666666666666666,0,0
0,42,2023-01-19-15,/home/ubuntu/klb/nuclr/nuclr/Data/Atanas_SF_unified_000776/cv5_grouped_v1/fold_0/test/train__2023-01-19-15__893d43d8.npz,102,CEPDL,2023-01-05-18,1,1,1,1,1,1,1,1.0,1.0,1,1
0,42,2023-01-19-15,/home/ubuntu/klb/nuclr/nuclr/Data/Atanas_SF_unified_000776/cv5_grouped_v1/fold_0/test/train__2023-01-19-15__893d43d8.npz,103,AIZL,2023-01-05-18,1,4,1,0,1,1,1,0.25,1.0,0,1
0,42,2023-01-19-15,/home/ubuntu/klb/nuclr/nuclr/Data/Atanas_SF_unified_000776/cv5_grouped_v1/fold_0/test/train__2023-01-19-15__893d43d8.npz,104,URYVL,2023-01-05-18,1,22,14,0,0,0,0,0.045454545454545456,0.07142857142857142,0,0
0,42,2023-01-19-15,/home/ubuntu/klb/nuclr/nuclr/Data/Atanas_SF_unified_000776/cv5_grouped_v1/fold_0/test/train__2023-01-19-15__893d43d8.npz,105,I1L,2023-01-05-18,1,3,2,0,0,1,1,0.3333333333333333,0.5,0,0
0,42,2023-01-19-15,/home/ubuntu/klb/nuclr/nuclr/Data/Atanas_SF_unified_000776/cv5_grouped_v1/fold_0/test/train__2023-01-19-15__893d43d8.npz,109,AWCR,2023-01-05-18,0,2,-1,0,0,1,0,0.5,0.0,1,0
0,42,2023-01-19-15,/home/ubuntu/klb/nuclr/nuclr/Data/Atanas_SF_unified_000776/cv5_grouped_v1/fold_0/test/train__2023-01-19-15__893d43d8.npz,117,IL1VL,2023-01-05-18,0,2,-1,0,0,1,0,0.5,0.0,0,0
0,42,2023-01-19-15,/home/ubuntu/klb/nuclr/nuclr/Data/Atanas_SF_unified_000776/cv5_grouped_v1/fold_0/test/train__2023-01-19-15__893d43d8.npz,120,AWBR,2023-01-05-18,1,3,7,0,0,1,0,0.3333333333333333,0.14285714285714285,0,0
0,42,2023-01-19-15,/home/ubuntu/klb/nuclr/nuclr/Data/Atanas_SF_unified_000776/cv5_grouped_v1/fold_0/test/train__2023-01-19-15__893d43d8.npz,123,SAAVR,2023-01-05-18,0,6,-1,0,0,0,0,0.16666666666666666,0.0,0,0
0,42,2023-01-19-15,/home/ubuntu/klb/nuclr/nuclr/Data/Atanas_SF_unified_000776/cv5_grouped_v1/fold_0/test/train__2023-01-19-15__893d43d8.npz,124,NSML,2023-01-05-18,1,8,5,0,0,0,1,0.125,0.2,0,0
0,42,2023-01-19-15,/home/ubuntu/klb/nuclr/nuclr/Data/Atanas_SF_unified_000776/cv5_grouped_v1/fold_0/test/train__2023-01-19-15__893d43d8.npz,125,RMDDR,2023-01-05-18,0,1,-1,1,0,1,0,1.0,0.0,1,0
0,42,2023-01-19-15,/home/ubuntu/klb/nuclr/nuclr/Data/Atanas_SF_unified_000776/cv5_grouped_v1/fold_0/test/train__2023-01-19-15__893d43d8.npz,126,AVJR,2023-01-05-18,1,2,5,0,0,1,1,0.5,0.2,0,0
0,42,2023-01-19-15,/home/ubuntu/klb/nuclr/nuclr/Data/Atanas_SF_unified_000776/cv5_grouped_v1/fold_0/test/train__2023-01-19-15__893d43d8.npz,128,RMDDL,2023-01-05-18,1,1,9,1,0,1,0,1.0,0.1111111111111111,1,0
0,42,2023-01-19-15,/home/ubuntu/klb/nuclr/nuclr/Data/Atanas_SF_unified_000776/cv5_grouped_v1/fold_0/test/train__2023-01-19-15__893d43d8.npz,131,MCL,2023-01-05-18,1,4,2,0,0,1,1,0.25,0.5,0,0
0,42,2023-01-19-15,/home/ubuntu/klb/nuclr/nuclr/Data/Atanas_SF_unified_000776/cv5_grouped_v1/fold_0/test/train__2023-01-19-15__893d43d8.npz,134,I2L,2023-01-05-18,1,3,3,0,0,1,1,0.3333333333333333,0.3333333333333333,0,0
0,42,2023-01-19-15,/home/ubuntu/klb/nuclr/nuclr/Data/Atanas_SF_unified_000776/cv5_grouped_v1/fold_0/test/train__2023-01-19-15__893d43d8.npz,138,RMEV,2023-01-05-18,1,1,1,1,1,1,1,1.0,1.0,0,0
0,42,2023-01-19-22,/home/ubuntu/klb/nuclr/nuclr/Data/Atanas_SF_unified_000776/cv5_grouped_v1/fold_0/test/train__2023-01-19-22__636432cc.npz,1,ASGL,2023-01-05-18,1,1,1,1,1,1,1,1.0,1.0,1,0
0,42,2023-01-19-22,/home/ubuntu/klb/nuclr/nuclr/Data/Atanas_SF_unified_000776/cv5_grouped_v1/fold_0/test/train__2023-01-19-22__636432cc.npz,2,AVER,2023-01-05-18,1,1,1,1,1,1,1,1.0,1.0,1,1
0,42,2023-01-19-22,/home/ubuntu/klb/nuclr/nuclr/Data/Atanas_SF_unified_000776/cv5_grouped_v1/fold_0/test/train__2023-01-19-22__636432cc.npz,4,RMER,2023-01-05-18,1,1,1,1,1,1,1,1.0,1.0,1,1
0,42,2023-01-19-22,/home/ubuntu/klb/nuclr/nuclr/Data/Atanas_SF_unified_000776/cv5_grouped_v1/fold_0/test/train__2023-01-19-22__636432cc.npz,5,OLLL,2023-01-05-18,1,1,1,1,1,1,1,1.0,1.0,1,1
0,42,2023-01-19-22,/home/ubuntu/klb/nuclr/nuclr/Data/Atanas_SF_unified_000776/cv5_grouped_v1/fold_0/test/train__2023-01-19-22__636432cc.npz,6,RMDDR,2023-01-05-18,0,2,-1,0,0,1,0,0.5,0.0,0,0
0,42,2023-01-19-22,/home/ubuntu/klb/nuclr/nuclr/Data/Atanas_SF_unified_000776/cv5_grouped_v1/fold_0/test/train__2023-01-19-22__636432cc.npz,8,RMDVR,2023-01-05-18,1,1,1,1,1,1,1,1.0,1.0,1,1
0,42,2023-01-19-22,/home/ubuntu/klb/nuclr/nuclr/Data/Atanas_SF_unified_000776/cv5_grouped_v1/fold_0/test/train__2023-01-19-22__636432cc.npz,11,AIZL,2023-01-05-18,1,1,1,1,1,1,1,1.0,1.0,1,1
0,42,2023-01-19-22,/home/ubuntu/klb/nuclr/nuclr/Data/Atanas_SF_unified_000776/cv5_grouped_v1/fold_0/test/train__2023-01-19-22__636432cc.npz,12,RMGL,2023-01-05-18,0,1,-1,1,0,1,0,1.0,0.0,1,0
0,42,2023-01-19-22,/home/ubuntu/klb/nuclr/nuclr/Data/Atanas_SF_unified_000776/cv5_grouped_v1/fold_0/test/train__2023-01-19-22__636432cc.npz,15,AIML,2023-01-05-18,0,1,-1,1,0,1,0,1.0,0.0,1,0
0,42,2023-01-19-22,/home/ubuntu/klb/nuclr/nuclr/Data/Atanas_SF_unified_000776/cv5_grouped_v1/fold_0/test/train__2023-01-19-22__636432cc.npz,18,IL1VR,2023-01-05-18,0,2,-1,0,0,1,0,0.5,0.0,0,0
0,42,2023-01-19-22,/home/ubuntu/klb/nuclr/nuclr/Data/Atanas_SF_unified_000776/cv5_grouped_v1/fold_0/test/train__2023-01-19-22__636432cc.npz,19,RMDL,2023-01-05-18,1,1,1,1,1,1,1,1.0,1.0,1,1
0,42,2023-01-19-22,/home/ubuntu/klb/nuclr/nuclr/Data/Atanas_SF_unified_000776/cv5_grouped_v1/fold_0/test/train__2023-01-19-22__636432cc.npz,20,URXR,2023-01-05-18,1,1,2,1,0,1,1,1.0,0.5,1,0
0,42,2023-01-19-22,/home/ubuntu/klb/nuclr/nuclr/Data/Atanas_SF_unified_000776/cv5_grouped_v1/fold_0/test/train__2023-01-19-22__636432cc.npz,23,IL2DR,2023-01-05-18,1,4,4,0,0,1,1,0.25,0.25,0,0
0,42,2023-01-19-22,/home/ubuntu/klb/nuclr/nuclr/Data/Atanas_SF_unified_000776/cv5_grouped_v1/fold_0/test/train__2023-01-19-22__636432cc.npz,26,URYVR,2023-01-05-18,0,1,-1,1,0,1,0,1.0,0.0,1,0
0,42,2023-01-19-22,/home/ubuntu/klb/nuclr/nuclr/Data/Atanas_SF_unified_000776/cv5_grouped_v1/fold_0/test/train__2023-01-19-22__636432cc.npz,27,SMDVR,2023-01-05-18,0,2,-1,0,0,1,0,0.5,0.0,0,0
0,42,2023-01-19-22,/home/ubuntu/klb/nuclr/nuclr/Data/Atanas_SF_unified_000776/cv5_grouped_v1/fold_0/test/train__2023-01-19-22__636432cc.npz,28,FLPR,2023-01-05-18,1,2,1,0,1,1,1,0.5,1.0,1,1
0,42,2023-01-19-22,/home/ubuntu/klb/nuclr/nuclr/Data/Atanas_SF_unified_000776/cv5_grouped_v1/fold_0/test/train__2023-01-19-22__636432cc.npz,29,AUAR,2023-01-05-18,0,1,-1,1,0,1,0,1.0,0.0,1,0
0,42,2023-01-19-22,/home/ubuntu/klb/nuclr/nuclr/Data/Atanas_SF_unified_000776/cv5_grouped_v1/fold_0/test/train__2023-01-19-22__636432cc.npz,32,CEPVR,2023-01-05-18,0,1,-1,1,0,1,0,1.0,0.0,1,0
0,42,2023-01-19-22,/home/ubuntu/klb/nuclr/nuclr/Data/Atanas_SF_unified_000776/cv5_grouped_v1/fold_0/test/train__2023-01-19-22__636432cc.npz,33,SAADL,2023-01-05-18,0,4,-1,0,0,1,0,0.25,0.0,0,0
0,42,2023-01-19-22,/home/ubuntu/klb/nuclr/nuclr/Data/Atanas_SF_unified_000776/cv5_grouped_v1/fold_0/test/train__2023-01-19-22__636432cc.npz,36,IL2DL,2023-01-05-18,1,1,1,1,1,1,1,1.0,1.0,1,1
0,42,2023-01-19-22,/home/ubuntu/klb/nuclr/nuclr/Data/Atanas_SF_unified_000776/cv5_grouped_v1/fold_0/test/train__2023-01-19-22__636432cc.npz,37,CEPDL,2023-01-05-18,1,1,1,1,1,1,1,1.0,1.0,1,1
0,42,2023-01-19-22,/home/ubuntu/klb/nuclr/nuclr/Data/Atanas_SF_unified_000776/cv5_grouped_v1/fold_0/test/train__2023-01-19-22__636432cc.npz,39,OLLR,2023-01-05-18,1,1,1,1,1,1,1,1.0,1.0,1,1
0,42,2023-01-19-22,/home/ubuntu/klb/nuclr/nuclr/Data/Atanas_SF_unified_000776/cv5_grouped_v1/fold_0/test/train__2023-01-19-22__636432cc.npz,40,AWAR,2023-01-05-18,0,1,-1,1,0,1,0,1.0,0.0,1,0
0,42,2023-01-19-22,/home/ubuntu/klb/nuclr/nuclr/Data/Atanas_SF_unified_000776/cv5_grouped_v1/fold_0/test/train__2023-01-19-22__636432cc.npz,41,RIAL,2023-01-05-18,1,1,1,1,1,1,1,1.0,1.0,1,1
0,42,2023-01-19-22,/home/ubuntu/klb/nuclr/nuclr/Data/Atanas_SF_unified_000776/cv5_grouped_v1/fold_0/test/train__2023-01-19-22__636432cc.npz,43,AVDR,2023-01-05-18,1,1,4,1,0,1,1,1.0,0.25,1,0
0,42,2023-01-19-22,/home/ubuntu/klb/nuclr/nuclr/Data/Atanas_SF_unified_000776/cv5_grouped_v1/fold_0/test/train__2023-01-19-22__636432cc.npz,45,AUAL,2023-01-05-18,1,1,1,1,1,1,1,1.0,1.0,1,1
0,42,2023-01-19-22,/home/ubuntu/klb/nuclr/nuclr/Data/Atanas_SF_unified_000776/cv5_grouped_v1/fold_0/test/train__2023-01-19-22__636432cc.npz,48,AVEL,2023-01-05-18,1,1,1,1,1,1,1,1.0,1.0,1,1
0,42,2023-01-19-22,/home/ubuntu/klb/nuclr/nuclr/Data/Atanas_SF_unified_000776/cv5_grouped_v1/fold_0/test/train__2023-01-19-22__636432cc.npz,49,AINL,2023-01-05-18,0,1,-1,1,0,1,0,1.0,0.0,1,0
0,42,2023-01-19-22,/home/ubuntu/klb/nuclr/nuclr/Data/Atanas_SF_unified_000776/cv5_grouped_v1/fold_0/test/train__2023-01-19-22__636432cc.npz,50,I1L,2023-01-05-18,1,3,1,0,1,1,1,0.3333333333333333,1.0,0,1
0,42,2023-01-19-22,/home/ubuntu/klb/nuclr/nuclr/Data/Atanas_SF_unified_000776/cv5_grouped_v1/fold_0/test/train__2023-01-19-22__636432cc.npz,53,RMDVL,2023-01-05-18,1,1,1,1,1,1,1,1.0,1.0,1,1
0,42,2023-01-19-22,/home/ubuntu/klb/nuclr/nuclr/Data/Atanas_SF_unified_000776/cv5_grouped_v1/fold_0/test/train__2023-01-19-22__636432cc.npz,54,CEPDR,2023-01-05-18,1,1,1,1,1,1,1,1.0,1.0,1,1
0,42,2023-01-19-22,/home/ubuntu/klb/nuclr/nuclr/Data/Atanas_SF_unified_000776/cv5_grouped_v1/fold_0/test/train__2023-01-19-22__636432cc.npz,56,FLPL,2023-01-05-18,1,3,4,0,0,1,1,0.3333333333333333,0.25,0,0
0,42,2023-01-19-22,/home/ubuntu/klb/nuclr/nuclr/Data/Atanas_SF_unified_000776/cv5_grouped_v1/fold_0/test/train__2023-01-19-22__636432cc.npz,58,AWBL,2023-01-05-18,1,1,1,1,1,1,1,1.0,1.0,1,1
0,42,2023-01-19-22,/home/ubuntu/klb/nuclr/nuclr/Data/Atanas_SF_unified_000776/cv5_grouped_v1/fold_0/test/train__2023-01-19-22__636432cc.npz,60,AWAL,2023-01-05-18,1,3,1,0,1,1,1,0.3333333333333333,1.0,0,0
0,42,2023-01-19-22,/home/ubuntu/klb/nuclr/nuclr/Data/Atanas_SF_unified_000776/cv5_grouped_v1/fold_0/test/train__2023-01-19-22__636432cc.npz,62,NSMR,2023-01-05-18,1,1,1,1,1,1,1,1.0,1.0,1,1
0,42,2023-01-19-22,/home/ubuntu/klb/nuclr/nuclr/Data/Atanas_SF_unified_000776/cv5_grouped_v1/fold_0/test/train__2023-01-19-22__636432cc.npz,63,I3,2023-01-05-18,1,1,1,1,1,1,1,1.0,1.0,1,1
0,42,2023-01-19-22,/home/ubuntu/klb/nuclr/nuclr/Data/Atanas_SF_unified_000776/cv5_grouped_v1/fold_0/test/train__2023-01-19-22__636432cc.npz,64,AVAR,2023-01-05-18,1,1,1,1,1,1,1,1.0,1.0,1,1
0,42,2023-01-19-22,/home/ubuntu/klb/nuclr/nuclr/Data/Atanas_SF_unified_000776/cv5_grouped_v1/fold_0/test/train__2023-01-19-22__636432cc.npz,65,AVJL,2023-01-05-18,1,1,1,1,1,1,1,1.0,1.0,1,0
0,42,2023-01-19-22,/home/ubuntu/klb/nuclr/nuclr/Data/Atanas_SF_unified_000776/cv5_grouped_v1/fold_0/test/train__2023-01-19-22__636432cc.npz,67,URXL,2023-01-05-18,1,1,1,1,1,1,1,1.0,1.0,1,1
0,42,2023-01-19-22,/home/ubuntu/klb/nuclr/nuclr/Data/Atanas_SF_unified_000776/cv5_grouped_v1/fold_0/test/train__2023-01-19-22__636432cc.npz,68,OLQVL,2023-01-05-18,1,1,1,1,1,1,1,1.0,1.0,1,1
0,42,2023-01-19-22,/home/ubuntu/klb/nuclr/nuclr/Data/Atanas_SF_unified_000776/cv5_grouped_v1/fold_0/test/train__2023-01-19-22__636432cc.npz,71,RMDR,2023-01-05-18,0,2,-1,0,0,1,0,0.5,0.0,0,0
0,42,2023-01-19-22,/home/ubuntu/klb/nuclr/nuclr/Data/Atanas_SF_unified_000776/cv5_grouped_v1/fold_0/test/train__2023-01-19-22__636432cc.npz,72,AWCR,2023-01-05-18,0,2,-1,0,0,1,0,0.5,0.0,0,0
0,42,2023-01-19-22,/home/ubuntu/klb/nuclr/nuclr/Data/Atanas_SF_unified_000776/cv5_grouped_v1/fold_0/test/train__2023-01-19-22__636432cc.npz,76,OLQDL,2023-01-05-18,1,1,1,1,1,1,1,1.0,1.0,1,1
0,42,2023-01-19-22,/home/ubuntu/klb/nuclr/nuclr/Data/Atanas_SF_unified_000776/cv5_grouped_v1/fold_0/test/train__2023-01-19-22__636432cc.npz,77,AIMR,2023-01-05-18,0,1,-1,1,0,1,0,1.0,0.0,1,0
0,42,2023-01-19-22,/home/ubuntu/klb/nuclr/nuclr/Data/Atanas_SF_unified_000776/cv5_grouped_v1/fold_0/test/train__2023-01-19-22__636432cc.npz,79,OLQVR,2023-01-05-18,1,1,1,1,1,1,1,1.0,1.0,0,1
0,42,2023-01-19-22,/home/ubuntu/klb/nuclr/nuclr/Data/Atanas_SF_unified_000776/cv5_grouped_v1/fold_0/test/train__2023-01-19-22__636432cc.npz,80,AVAL,2023-01-05-18,1,1,1,1,1,1,1,1.0,1.0,1,1
0,42,2023-01-19-22,/home/ubuntu/klb/nuclr/nuclr/Data/Atanas_SF_unified_000776/cv5_grouped_v1/fold_0/test/train__2023-01-19-22__636432cc.npz,81,ADAL,2023-01-05-18,0,2,-1,0,0,1,0,0.5,0.0,1,0
0,42,2023-01-19-22,/home/ubuntu/klb/nuclr/nuclr/Data/Atanas_SF_unified_000776/cv5_grouped_v1/fold_0/test/train__2023-01-19-22__636432cc.npz,82,URBL,2023-01-05-18,1,1,1,1,1,1,1,1.0,1.0,1,1
0,42,2023-01-19-22,/home/ubuntu/klb/nuclr/nuclr/Data/Atanas_SF_unified_000776/cv5_grouped_v1/fold_0/test/train__2023-01-19-22__636432cc.npz,83,AWBR,2023-01-05-18,1,1,1,1,1,1,1,1.0,1.0,1,1
0,42,2023-01-19-22,/home/ubuntu/klb/nuclr/nuclr/Data/Atanas_SF_unified_000776/cv5_grouped_v1/fold_0/test/train__2023-01-19-22__636432cc.npz,84,ADER,2023-01-05-18,1,1,1,1,1,1,1,1.0,1.0,1,1
0,42,2023-01-19-22,/home/ubuntu/klb/nuclr/nuclr/Data/Atanas_SF_unified_000776/cv5_grouped_v1/fold_0/test/train__2023-01-19-22__636432cc.npz,85,RIVL,2023-01-05-18,1,1,1,1,1,1,1,1.0,1.0,1,1
0,42,2023-01-19-22,/home/ubuntu/klb/nuclr/nuclr/Data/Atanas_SF_unified_000776/cv5_grouped_v1/fold_0/test/train__2023-01-19-22__636432cc.npz,87,RIAR,2023-01-05-18,1,1,1,1,1,1,1,1.0,1.0,1,1
0,42,2023-01-19-22,/home/ubuntu/klb/nuclr/nuclr/Data/Atanas_SF_unified_000776/cv5_grouped_v1/fold_0/test/train__2023-01-19-22__636432cc.npz,88,RICL,2023-01-05-18,1,7,3,0,0,0,1,0.14285714285714285,0.3333333333333333,0,0
0,42,2023-01-19-22,/home/ubuntu/klb/nuclr/nuclr/Data/Atanas_SF_unified_000776/cv5_grouped_v1/fold_0/test/train__2023-01-19-22__636432cc.npz,89,AVDL,2023-01-05-18,0,1,-1,1,0,1,0,1.0,0.0,1,0
0,42,2023-01-19-22,/home/ubuntu/klb/nuclr/nuclr/Data/Atanas_SF_unified_000776/cv5_grouped_v1/fold_0/test/train__2023-01-19-22__636432cc.npz,92,M3L,2023-01-05-18,1,2,2,0,0,1,1,0.5,0.5,1,0
0,42,2023-01-19-22,/home/ubuntu/klb/nuclr/nuclr/Data/Atanas_SF_unified_000776/cv5_grouped_v1/fold_0/test/train__2023-01-19-22__636432cc.npz,93,IL1R,2023-01-05-18,0,1,-1,1,0,1,0,1.0,0.0,1,0
0,42,2023-01-19-22,/home/ubuntu/klb/nuclr/nuclr/Data/Atanas_SF_unified_000776/cv5_grouped_v1/fold_0/test/train__2023-01-19-22__636432cc.npz,94,I1R,2023-01-05-18,1,2,2,0,0,1,1,0.5,0.5,0,0
0,42,2023-01-19-22,/home/ubuntu/klb/nuclr/nuclr/Data/Atanas_SF_unified_000776/cv5_grouped_v1/fold_0/test/train__2023-01-19-22__636432cc.npz,95,URYDL,2023-01-05-18,1,1,1,1,1,1,1,1.0,1.0,1,1
0,42,2023-01-19-22,/home/ubuntu/klb/nuclr/nuclr/Data/Atanas_SF_unified_000776/cv5_grouped_v1/fold_0/test/train__2023-01-19-22__636432cc.npz,96,IL1L,2023-01-05-18,1,1,1,1,1,1,1,1.0,1.0,1,1
0,42,2023-01-19-22,/home/ubuntu/klb/nuclr/nuclr/Data/Atanas_SF_unified_000776/cv5_grouped_v1/fold_0/test/train__2023-01-19-22__636432cc.npz,97,M3R,2023-01-05-18,1,1,1,1,1,1,1,1.0,1.0,1,1
0,42,2023-01-19-22,/home/ubuntu/klb/nuclr/nuclr/Data/Atanas_SF_unified_000776/cv5_grouped_v1/fold_0/test/train__2023-01-19-22__636432cc.npz,99,RMEL,2023-01-05-18,0,1,-1,1,0,1,0,1.0,0.0,1,0
0,42,2023-01-19-22,/home/ubuntu/klb/nuclr/nuclr/Data/Atanas_SF_unified_000776/cv5_grouped_v1/fold_0/test/train__2023-01-19-22__636432cc.npz,100,MI,2023-01-05-18,1,2,1,0,1,1,1,0.5,1.0,0,1
0,42,2023-01-19-22,/home/ubuntu/klb/nuclr/nuclr/Data/Atanas_SF_unified_000776/cv5_grouped_v1/fold_0/test/train__2023-01-19-22__636432cc.npz,101,I2R,2023-01-05-18,1,1,1,1,1,1,1,1.0,1.0,1,1
0,42,2023-01-19-22,/home/ubuntu/klb/nuclr/nuclr/Data/Atanas_SF_unified_000776/cv5_grouped_v1/fold_0/test/train__2023-01-19-22__636432cc.npz,104,M4,2023-01-05-18,1,1,1,1,1,1,1,1.0,1.0,1,1
0,42,2023-01-19-22,/home/ubuntu/klb/nuclr/nuclr/Data/Atanas_SF_unified_000776/cv5_grouped_v1/fold_0/test/train__2023-01-19-22__636432cc.npz,105,IL1DR,2023-01-05-18,1,1,1,1,1,1,1,1.0,1.0,1,1
0,42,2023-01-19-22,/home/ubuntu/klb/nuclr/nuclr/Data/Atanas_SF_unified_000776/cv5_grouped_v1/fold_0/test/train__2023-01-19-22__636432cc.npz,111,URYDR,2023-01-05-18,1,1,1,1,1,1,1,1.0,1.0,1,1
0,42,2023-01-19-22,/home/ubuntu/klb/nuclr/nuclr/Data/Atanas_SF_unified_000776/cv5_grouped_v1/fold_0/test/train__2023-01-19-22__636432cc.npz,113,RMEV,2023-01-05-18,1,2,1,0,1,1,1,0.5,1.0,0,1
0,42,2023-01-19-22,/home/ubuntu/klb/nuclr/nuclr/Data/Atanas_SF_unified_000776/cv5_grouped_v1/fold_0/test/train__2023-01-19-22__636432cc.npz,116,CEPVL,2023-01-05-18,1,1,1,1,1,1,1,1.0,1.0,1,1
0,42,2023-01-19-22,/home/ubuntu/klb/nuclr/nuclr/Data/Atanas_SF_unified_000776/cv5_grouped_v1/fold_0/test/train__2023-01-19-22__636432cc.npz,120,URBR,2023-01-05-18,1,1,1,1,1,1,1,1.0,1.0,1,1
0,42,2023-01-19-22,/home/ubuntu/klb/nuclr/nuclr/Data/Atanas_SF_unified_000776/cv5_grouped_v1/fold_0/test/train__2023-01-19-22__636432cc.npz,121,AQR,2023-01-05-18,0,1,-1,1,0,1,0,1.0,0.0,1,0
0,42,2023-01-19-22,/home/ubuntu/klb/nuclr/nuclr/Data/Atanas_SF_unified_000776/cv5_grouped_v1/fold_0/test/train__2023-01-19-22__636432cc.npz,122,ALA,2023-01-05-18,0,2,-1,0,0,1,0,0.5,0.0,0,0
0,42,2023-01-19-22,/home/ubuntu/klb/nuclr/nuclr/Data/Atanas_SF_unified_000776/cv5_grouped_v1/fold_0/test/train__2023-01-19-22__636432cc.npz,123,URYVL,2023-01-05-18,1,1,1,1,1,1,1,1.0,1.0,1,1
0,42,2023-01-19-22,/home/ubuntu/klb/nuclr/nuclr/Data/Atanas_SF_unified_000776/cv5_grouped_v1/fold_0/test/train__2023-01-19-22__636432cc.npz,124,I2L,2023-01-05-18,1,1,1,1,1,1,1,1.0,1.0,1,1
0,42,2023-01-19-22,/home/ubuntu/klb/nuclr/nuclr/Data/Atanas_SF_unified_000776/cv5_grouped_v1/fold_0/test/train__2023-01-19-22__636432cc.npz,125,ASER,2023-01-05-18,1,1,5,1,0,1,1,1.0,0.2,1,0
0,42,2023-01-19-22,/home/ubuntu/klb/nuclr/nuclr/Data/Atanas_SF_unified_000776/cv5_grouped_v1/fold_0/test/train__2023-01-19-22__636432cc.npz,128,AIBL,2023-01-05-18,0,1,-1,1,0,1,0,1.0,0.0,1,0
0,42,2023-01-19-22,/home/ubuntu/klb/nuclr/nuclr/Data/Atanas_SF_unified_000776/cv5_grouped_v1/fold_0/test/train__2023-01-19-22__636432cc.npz,130,AIZR,2023-01-05-18,1,1,1,1,1,1,1,1.0,1.0,1,1
0,42,2023-01-19-22,/home/ubuntu/klb/nuclr/nuclr/Data/Atanas_SF_unified_000776/cv5_grouped_v1/fold_0/test/train__2023-01-19-22__636432cc.npz,131,RID,2023-01-05-18,1,1,1,1,1,1,1,1.0,1.0,1,1
0,42,2023-01-19-22,/home/ubuntu/klb/nuclr/nuclr/Data/Atanas_SF_unified_000776/cv5_grouped_v1/fold_0/test/train__2023-01-19-22__636432cc.npz,132,ASGR,2023-01-05-18,0,1,-1,1,0,1,0,1.0,0.0,1,0
0,42,2023-01-19-22,/home/ubuntu/klb/nuclr/nuclr/Data/Atanas_SF_unified_000776/cv5_grouped_v1/fold_0/test/train__2023-01-19-22__636432cc.npz,133,AVJR,2023-01-05-18,1,1,1,1,1,1,1,1.0,1.0,1,1
0,42,2023-01-19-22,/home/ubuntu/klb/nuclr/nuclr/Data/Atanas_SF_unified_000776/cv5_grouped_v1/fold_0/test/train__2023-01-19-22__636432cc.npz,135,RIVR,2023-01-05-18,1,1,1,1,1,1,1,1.0,1.0,1,1
0,42,2023-01-19-22,/home/ubuntu/klb/nuclr/nuclr/Data/Atanas_SF_unified_000776/cv5_grouped_v1/fold_0/test/train__2023-01-19-22__636432cc.npz,137,RICR,2023-01-05-18,0,5,-1,0,0,1,0,0.2,0.0,0,0
0,42,2023-01-19-22,/home/ubuntu/klb/nuclr/nuclr/Data/Atanas_SF_unified_000776/cv5_grouped_v1/fold_0/test/train__2023-01-19-22__636432cc.npz,138,AWCL,2023-01-05-18,1,2,1,0,1,1,1,0.5,1.0,0,1
0,42,2023-01-19-22,/home/ubuntu/klb/nuclr/nuclr/Data/Atanas_SF_unified_000776/cv5_grouped_v1/fold_0/test/train__2023-01-19-22__636432cc.npz,139,ADEL,2023-01-05-18,0,1,-1,1,0,1,0,1.0,0.0,0,0
0,42,2023-01-19-22,/home/ubuntu/klb/nuclr/nuclr/Data/Atanas_SF_unified_000776/cv5_grouped_v1/fold_0/test/train__2023-01-19-22__636432cc.npz,140,AIBR,2023-01-05-18,1,2,1,0,1,1,1,0.5,1.0,0,1
0,42,2023-01-19-22,/home/ubuntu/klb/nuclr/nuclr/Data/Atanas_SF_unified_000776/cv5_grouped_v1/fold_0/test/train__2023-01-19-22__636432cc.npz,141,ASKR,2023-01-05-18,0,15,-1,0,0,0,0,0.06666666666666667,0.0,0,0
0,42,2023-01-19-22,/home/ubuntu/klb/nuclr/nuclr/Data/Atanas_SF_unified_000776/cv5_grouped_v1/fold_0/test/train__2023-01-19-22__636432cc.npz,143,RIR,2023-01-05-18,0,1,-1,1,0,1,0,1.0,0.0,0,0
0,42,2023-01-19-22,/home/ubuntu/klb/nuclr/nuclr/Data/Atanas_SF_unified_000776/cv5_grouped_v1/fold_0/test/train__2023-01-19-22__636432cc.npz,144,RIBL,2023-01-05-18,0,1,-1,1,0,1,0,1.0,0.0,1,0
0,42,2023-01-19-22,/home/ubuntu/klb/nuclr/nuclr/Data/Atanas_SF_unified_000776/cv5_grouped_v1/fold_0/test/train__2023-01-19-22__636432cc.npz,145,RMDDL,2023-01-05-18,1,1,2,1,0,1,1,1.0,0.5,1,0
0,42,2023-01-19-22,/home/ubuntu/klb/nuclr/nuclr/Data/Atanas_SF_unified_000776/cv5_grouped_v1/fold_0/test/train__2023-01-19-22__636432cc.npz,147,SAADR,2023-01-05-18,0,12,-1,0,0,0,0,0.08333333333333333,0.0,0,0
0,42,2023-01-19-22,/home/ubuntu/klb/nuclr/nuclr/Data/Atanas_SF_unified_000776/cv5_grouped_v1/fold_0/test/train__2023-01-19-22__636432cc.npz,150,OLQDR,2023-01-05-18,1,1,1,1,1,1,1,1.0,1.0,1,1
0,42,2023-01-19-22,/home/ubuntu/klb/nuclr/nuclr/Data/Atanas_SF_unified_000776/cv5_grouped_v1/fold_0/test/train__2023-01-19-22__636432cc.npz,151,IL2VL,2023-01-05-18,1,1,1,1,1,1,1,1.0,1.0,0,0
0,42,2023-01-19-22,/home/ubuntu/klb/nuclr/nuclr/Data/Atanas_SF_unified_000776/cv5_grouped_v1/fold_0/test/train__2023-01-19-22__636432cc.npz,152,IL1DL,2023-01-05-18,1,1,1,1,1,1,1,1.0,1.0,1,1
