dataset,fold,integer_identity,identity,mapping_source,ordering
atanas,0,0,ADA?,outer train + validation only,Python sorted Unicode identity strings
atanas,0,1,ADAL,outer train + validation only,Python sorted Unicode identity strings
atanas,0,2,ADAR,outer train + validation only,Python sorted Unicode identity strings
atanas,0,3,ADE?,outer train + validation only,Python sorted Unicode identity strings
atanas,0,4,ADEL,outer train + validation only,Python sorted Unicode identity strings
atanas,0,5,ADER,outer train + validation only,Python sorted Unicode identity strings
atanas,0,6,ADLL,outer train + validation only,Python sorted Unicode identity strings
atanas,0,7,ADLR,outer train + validation only,Python sorted Unicode identity strings
atanas,0,8,AFDL,outer train + validation only,Python sorted Unicode identity strings
atanas,0,9,AIA?,outer train + validation only,Python sorted Unicode identity strings
atanas,0,10,AIAL,outer train + validation only,Python sorted Unicode identity strings
atanas,0,11,AIAR,outer train + validation only,Python sorted Unicode identity strings
atanas,0,12,AIB?,outer train + validation only,Python sorted Unicode identity strings
atanas,0,13,AIBL,outer train + validation only,Python sorted Unicode identity strings
atanas,0,14,AIBR,outer train + validation only,Python sorted Unicode identity strings
atanas,0,15,AIM?,outer train + validation only,Python sorted Unicode identity strings
atanas,0,16,AIML,outer train + validation only,Python sorted Unicode identity strings
atanas,0,17,AIMR,outer train + validation only,Python sorted Unicode identity strings
atanas,0,18,AIN?,outer train + validation only,Python sorted Unicode identity strings
atanas,0,19,AINL,outer train + validation only,Python sorted Unicode identity strings
atanas,0,20,AINR,outer train + validation only,Python sorted Unicode identity strings
atanas,0,21,AIY?,outer train + validation only,Python sorted Unicode identity strings
atanas,0,22,AIYL,outer train + validation only,Python sorted Unicode identity strings
atanas,0,23,AIYR,outer train + validation only,Python sorted Unicode identity strings
atanas,0,24,AIZ?,outer train + validation only,Python sorted Unicode identity strings
atanas,0,25,AIZL,outer train + validation only,Python sorted Unicode identity strings
atanas,0,26,AIZR,outer train + validation only,Python sorted Unicode identity strings
atanas,0,27,ALA,outer train + validation only,Python sorted Unicode identity strings
atanas,0,28,AQR,outer train + validation only,Python sorted Unicode identity strings
atanas,0,29,ASEL,outer train + validation only,Python sorted Unicode identity strings
atanas,0,30,ASER,outer train + validation only,Python sorted Unicode identity strings
atanas,0,31,ASGL,outer train + validation only,Python sorted Unicode identity strings
atanas,0,32,ASGR,outer train + validation only,Python sorted Unicode identity strings
atanas,0,33,ASHL,outer train + validation only,Python sorted Unicode identity strings
atanas,0,34,ASHR,outer train + validation only,Python sorted Unicode identity strings
atanas,0,35,ASIL,outer train + validation only,Python sorted Unicode identity strings
atanas,0,36,ASIR,outer train + validation only,Python sorted Unicode identity strings
atanas,0,37,ASJL,outer train + validation only,Python sorted Unicode identity strings
atanas,0,38,ASKL,outer train + validation only,Python sorted Unicode identity strings
atanas,0,39,ASKR,outer train + validation only,Python sorted Unicode identity strings
atanas,0,40,AUAL,outer train + validation only,Python sorted Unicode identity strings
atanas,0,41,AUAR,outer train + validation only,Python sorted Unicode identity strings
atanas,0,42,AVAL,outer train + validation only,Python sorted Unicode identity strings
atanas,0,43,AVAR,outer train + validation only,Python sorted Unicode identity strings
atanas,0,44,AVBL,outer train + validation only,Python sorted Unicode identity strings
atanas,0,45,AVBR,outer train + validation only,Python sorted Unicode identity strings
atanas,0,46,AVDL,outer train + validation only,Python sorted Unicode identity strings
atanas,0,47,AVDR,outer train + validation only,Python sorted Unicode identity strings
atanas,0,48,AVEL,outer train + validation only,Python sorted Unicode identity strings
atanas,0,49,AVER,outer train + validation only,Python sorted Unicode identity strings
atanas,0,50,AVHL,outer train + validation only,Python sorted Unicode identity strings
atanas,0,51,AVHR,outer train + validation only,Python sorted Unicode identity strings
atanas,0,52,AVJL,outer train + validation only,Python sorted Unicode identity strings
atanas,0,53,AVJR,outer train + validation only,Python sorted Unicode identity strings
atanas,0,54,AVK?,outer train + validation only,Python sorted Unicode identity strings
atanas,0,55,AVKL,outer train + validation only,Python sorted Unicode identity strings
atanas,0,56,AVKR,outer train + validation only,Python sorted Unicode identity strings
atanas,0,57,AVL,outer train + validation only,Python sorted Unicode identity strings
atanas,0,58,AWAL,outer train + validation only,Python sorted Unicode identity strings
atanas,0,59,AWAR,outer train + validation only,Python sorted Unicode identity strings
atanas,0,60,AWBL,outer train + validation only,Python sorted Unicode identity strings
atanas,0,61,AWBR,outer train + validation only,Python sorted Unicode identity strings
atanas,0,62,AWCL,outer train + validation only,Python sorted Unicode identity strings
atanas,0,63,AWCR,outer train + validation only,Python sorted Unicode identity strings
atanas,0,64,BAGL,outer train + validation only,Python sorted Unicode identity strings
atanas,0,65,BAGR,outer train + validation only,Python sorted Unicode identity strings
atanas,0,66,CEPDL,outer train + validation only,Python sorted Unicode identity strings
atanas,0,67,CEPDR,outer train + validation only,Python sorted Unicode identity strings
atanas,0,68,CEPVL,outer train + validation only,Python sorted Unicode identity strings
atanas,0,69,CEPVR,outer train + validation only,Python sorted Unicode identity strings
atanas,0,70,FLPL,outer train + validation only,Python sorted Unicode identity strings
atanas,0,71,FLPR,outer train + validation only,Python sorted Unicode identity strings
atanas,0,72,I1L,outer train + validation only,Python sorted Unicode identity strings
atanas,0,73,I1R,outer train + validation only,Python sorted Unicode identity strings
atanas,0,74,I2L,outer train + validation only,Python sorted Unicode identity strings
atanas,0,75,I2R,outer train + validation only,Python sorted Unicode identity strings
atanas,0,76,I3,outer train + validation only,Python sorted Unicode identity strings
atanas,0,77,I4,outer train + validation only,Python sorted Unicode identity strings
atanas,0,78,I5,outer train + validation only,Python sorted Unicode identity strings
atanas,0,79,I6,outer train + validation only,Python sorted Unicode identity strings
atanas,0,80,IL1DL,outer train + validation only,Python sorted Unicode identity strings
atanas,0,81,IL1DR,outer train + validation only,Python sorted Unicode identity strings
atanas,0,82,IL1L,outer train + validation only,Python sorted Unicode identity strings
atanas,0,83,IL1R,outer train + validation only,Python sorted Unicode identity strings
atanas,0,84,IL1V?,outer train + validation only,Python sorted Unicode identity strings
atanas,0,85,IL1VL,outer train + validation only,Python sorted Unicode identity strings
atanas,0,86,IL1VR,outer train + validation only,Python sorted Unicode identity strings
atanas,0,87,IL2DL,outer train + validation only,Python sorted Unicode identity strings
atanas,0,88,IL2DR,outer train + validation only,Python sorted Unicode identity strings
atanas,0,89,IL2L,outer train + validation only,Python sorted Unicode identity strings
atanas,0,90,IL2R,outer train + validation only,Python sorted Unicode identity strings
atanas,0,91,IL2VL,outer train + validation only,Python sorted Unicode identity strings
atanas,0,92,IL2VR,outer train + validation only,Python sorted Unicode identity strings
atanas,0,93,M1,outer train + validation only,Python sorted Unicode identity strings
atanas,0,94,M2L,outer train + validation only,Python sorted Unicode identity strings
atanas,0,95,M3L,outer train + validation only,Python sorted Unicode identity strings
atanas,0,96,M3R,outer train + validation only,Python sorted Unicode identity strings
atanas,0,97,M4,outer train + validation only,Python sorted Unicode identity strings
atanas,0,98,M5,outer train + validation only,Python sorted Unicode identity strings
atanas,0,99,MCL,outer train + validation only,Python sorted Unicode identity strings
atanas,0,100,MCR,outer train + validation only,Python sorted Unicode identity strings
atanas,0,101,MI,outer train + validation only,Python sorted Unicode identity strings
atanas,0,102,NSML,outer train + validation only,Python sorted Unicode identity strings
atanas,0,103,NSMR,outer train + validation only,Python sorted Unicode identity strings
atanas,0,104,OLLL,outer train + validation only,Python sorted Unicode identity strings
atanas,0,105,OLLR,outer train + validation only,Python sorted Unicode identity strings
atanas,0,106,OLQDL,outer train + validation only,Python sorted Unicode identity strings
atanas,0,107,OLQDR,outer train + validation only,Python sorted Unicode identity strings
atanas,0,108,OLQV?,outer train + validation only,Python sorted Unicode identity strings
atanas,0,109,OLQVL,outer train + validation only,Python sorted Unicode identity strings
atanas,0,110,OLQVR,outer train + validation only,Python sorted Unicode identity strings
atanas,0,111,RIAL,outer train + validation only,Python sorted Unicode identity strings
atanas,0,112,RIAR,outer train + validation only,Python sorted Unicode identity strings
atanas,0,113,RIBL,outer train + validation only,Python sorted Unicode identity strings
atanas,0,114,RIBR,outer train + validation only,Python sorted Unicode identity strings
atanas,0,115,RIC?,outer train + validation only,Python sorted Unicode identity strings
atanas,0,116,RICL,outer train + validation only,Python sorted Unicode identity strings
atanas,0,117,RICR,outer train + validation only,Python sorted Unicode identity strings
atanas,0,118,RID,outer train + validation only,Python sorted Unicode identity strings
atanas,0,119,RIFL,outer train + validation only,Python sorted Unicode identity strings
atanas,0,120,RIFR,outer train + validation only,Python sorted Unicode identity strings
atanas,0,121,RIH,outer train + validation only,Python sorted Unicode identity strings
atanas,0,122,RIML,outer train + validation only,Python sorted Unicode identity strings
atanas,0,123,RIMR,outer train + validation only,Python sorted Unicode identity strings
atanas,0,124,RIR,outer train + validation only,Python sorted Unicode identity strings
atanas,0,125,RIS,outer train + validation only,Python sorted Unicode identity strings
atanas,0,126,RIVL,outer train + validation only,Python sorted Unicode identity strings
atanas,0,127,RIVR,outer train + validation only,Python sorted Unicode identity strings
atanas,0,128,RMDD?,outer train + validation only,Python sorted Unicode identity strings
atanas,0,129,RMDDL,outer train + validation only,Python sorted Unicode identity strings
atanas,0,130,RMDDR,outer train + validation only,Python sorted Unicode identity strings
atanas,0,131,RMDL,outer train + validation only,Python sorted Unicode identity strings
atanas,0,132,RMDR,outer train + validation only,Python sorted Unicode identity strings
atanas,0,133,RMDVL,outer train + validation only,Python sorted Unicode identity strings
atanas,0,134,RMDVR,outer train + validation only,Python sorted Unicode identity strings
atanas,0,135,RMED,outer train + validation only,Python sorted Unicode identity strings
atanas,0,136,RMEL,outer train + validation only,Python sorted Unicode identity strings
atanas,0,137,RMER,outer train + validation only,Python sorted Unicode identity strings
atanas,0,138,RMEV,outer train + validation only,Python sorted Unicode identity strings
atanas,0,139,RMF?,outer train + validation only,Python sorted Unicode identity strings
atanas,0,140,RMFL,outer train + validation only,Python sorted Unicode identity strings
atanas,0,141,RMG?,outer train + validation only,Python sorted Unicode identity strings
atanas,0,142,RMGL,outer train + validation only,Python sorted Unicode identity strings
atanas,0,143,SAAD?,outer train + validation only,Python sorted Unicode identity strings
atanas,0,144,SAADL,outer train + validation only,Python sorted Unicode identity strings
atanas,0,145,SAADR,outer train + validation only,Python sorted Unicode identity strings
atanas,0,146,SAAVL,outer train + validation only,Python sorted Unicode identity strings
atanas,0,147,SAAVR,outer train + validation only,Python sorted Unicode identity strings
atanas,0,148,SIA??,outer train + validation only,Python sorted Unicode identity strings
atanas,0,149,SIA?L,outer train + validation only,Python sorted Unicode identity strings
atanas,0,150,SIA?R,outer train + validation only,Python sorted Unicode identity strings
atanas,0,151,SIBDL,outer train + validation only,Python sorted Unicode identity strings
atanas,0,152,SIBDR,outer train + validation only,Python sorted Unicode identity strings
atanas,0,153,SIBV?,outer train + validation only,Python sorted Unicode identity strings
atanas,0,154,SIBVL,outer train + validation only,Python sorted Unicode identity strings
atanas,0,155,SMB??,outer train + validation only,Python sorted Unicode identity strings
atanas,0,156,SMB?L,outer train + validation only,Python sorted Unicode identity strings
atanas,0,157,SMB?R,outer train + validation only,Python sorted Unicode identity strings
atanas,0,158,SMBD?,outer train + validation only,Python sorted Unicode identity strings
atanas,0,159,SMBDL,outer train + validation only,Python sorted Unicode identity strings
atanas,0,160,SMBDR,outer train + validation only,Python sorted Unicode identity strings
atanas,0,161,SMBV?,outer train + validation only,Python sorted Unicode identity strings
atanas,0,162,SMBVL,outer train + validation only,Python sorted Unicode identity strings
atanas,0,163,SMBVR,outer train + validation only,Python sorted Unicode identity strings
atanas,0,164,SMDD?,outer train + validation only,Python sorted Unicode identity strings
atanas,0,165,SMDDL,outer train + validation only,Python sorted Unicode identity strings
atanas,0,166,SMDDR,outer train + validation only,Python sorted Unicode identity strings
atanas,0,167,SMDVL,outer train + validation only,Python sorted Unicode identity strings
atanas,0,168,SMDVR,outer train + validation only,Python sorted Unicode identity strings
atanas,0,169,URADL,outer train + validation only,Python sorted Unicode identity strings
atanas,0,170,URADR,outer train + validation only,Python sorted Unicode identity strings
atanas,0,171,URAVL,outer train + validation only,Python sorted Unicode identity strings
atanas,0,172,URAVR,outer train + validation only,Python sorted Unicode identity strings
atanas,0,173,URBL,outer train + validation only,Python sorted Unicode identity strings
atanas,0,174,URBR,outer train + validation only,Python sorted Unicode identity strings
atanas,0,175,URXL,outer train + validation only,Python sorted Unicode identity strings
atanas,0,176,URXR,outer train + validation only,Python sorted Unicode identity strings
atanas,0,177,URYDL,outer train + validation only,Python sorted Unicode identity strings
atanas,0,178,URYDR,outer train + validation only,Python sorted Unicode identity strings
atanas,0,179,URYVL,outer train + validation only,Python sorted Unicode identity strings
atanas,0,180,URYVR,outer train + validation only,Python sorted Unicode identity strings
atanas,0,181,VB02,outer train + validation only,Python sorted Unicode identity strings
atanas,1,0,ADA?,outer train + validation only,Python sorted Unicode identity strings
atanas,1,1,ADAL,outer train + validation only,Python sorted Unicode identity strings
atanas,1,2,ADAR,outer train + validation only,Python sorted Unicode identity strings
atanas,1,3,ADE?,outer train + validation only,Python sorted Unicode identity strings
atanas,1,4,ADEL,outer train + validation only,Python sorted Unicode identity strings
atanas,1,5,ADER,outer train + validation only,Python sorted Unicode identity strings
atanas,1,6,ADLL,outer train + validation only,Python sorted Unicode identity strings
atanas,1,7,ADLR,outer train + validation only,Python sorted Unicode identity strings
atanas,1,8,AIA?,outer train + validation only,Python sorted Unicode identity strings
atanas,1,9,AIAL,outer train + validation only,Python sorted Unicode identity strings
atanas,1,10,AIAR,outer train + validation only,Python sorted Unicode identity strings
atanas,1,11,AIB?,outer train + validation only,Python sorted Unicode identity strings
atanas,1,12,AIBL,outer train + validation only,Python sorted Unicode identity strings
atanas,1,13,AIBR,outer train + validation only,Python sorted Unicode identity strings
atanas,1,14,AIM?,outer train + validation only,Python sorted Unicode identity strings
atanas,1,15,AIML,outer train + validation only,Python sorted Unicode identity strings
atanas,1,16,AIMR,outer train + validation only,Python sorted Unicode identity strings
atanas,1,17,AIN?,outer train + validation only,Python sorted Unicode identity strings
atanas,1,18,AINL,outer train + validation only,Python sorted Unicode identity strings
atanas,1,19,AINR,outer train + validation only,Python sorted Unicode identity strings
atanas,1,20,AIY?,outer train + validation only,Python sorted Unicode identity strings
atanas,1,21,AIYL,outer train + validation only,Python sorted Unicode identity strings
atanas,1,22,AIYR,outer train + validation only,Python sorted Unicode identity strings
atanas,1,23,AIZ?,outer train + validation only,Python sorted Unicode identity strings
atanas,1,24,AIZL,outer train + validation only,Python sorted Unicode identity strings
atanas,1,25,AIZR,outer train + validation only,Python sorted Unicode identity strings
atanas,1,26,ALA,outer train + validation only,Python sorted Unicode identity strings
atanas,1,27,AQR,outer train + validation only,Python sorted Unicode identity strings
atanas,1,28,ASEL,outer train + validation only,Python sorted Unicode identity strings
atanas,1,29,ASER,outer train + validation only,Python sorted Unicode identity strings
atanas,1,30,ASGL,outer train + validation only,Python sorted Unicode identity strings
atanas,1,31,ASGR,outer train + validation only,Python sorted Unicode identity strings
atanas,1,32,ASHL,outer train + validation only,Python sorted Unicode identity strings
atanas,1,33,ASHR,outer train + validation only,Python sorted Unicode identity strings
atanas,1,34,ASI?,outer train + validation only,Python sorted Unicode identity strings
atanas,1,35,ASIL,outer train + validation only,Python sorted Unicode identity strings
atanas,1,36,ASIR,outer train + validation only,Python sorted Unicode identity strings
atanas,1,37,ASJL,outer train + validation only,Python sorted Unicode identity strings
atanas,1,38,ASKL,outer train + validation only,Python sorted Unicode identity strings
atanas,1,39,ASKR,outer train + validation only,Python sorted Unicode identity strings
atanas,1,40,AUAL,outer train + validation only,Python sorted Unicode identity strings
atanas,1,41,AUAR,outer train + validation only,Python sorted Unicode identity strings
atanas,1,42,AVAL,outer train + validation only,Python sorted Unicode identity strings
atanas,1,43,AVAR,outer train + validation only,Python sorted Unicode identity strings
atanas,1,44,AVBL,outer train + validation only,Python sorted Unicode identity strings
atanas,1,45,AVBR,outer train + validation only,Python sorted Unicode identity strings
atanas,1,46,AVDL,outer train + validation only,Python sorted Unicode identity strings
atanas,1,47,AVDR,outer train + validation only,Python sorted Unicode identity strings
atanas,1,48,AVEL,outer train + validation only,Python sorted Unicode identity strings
atanas,1,49,AVER,outer train + validation only,Python sorted Unicode identity strings
atanas,1,50,AVHL,outer train + validation only,Python sorted Unicode identity strings
atanas,1,51,AVHR,outer train + validation only,Python sorted Unicode identity strings
atanas,1,52,AVJL,outer train + validation only,Python sorted Unicode identity strings
atanas,1,53,AVJR,outer train + validation only,Python sorted Unicode identity strings
atanas,1,54,AVK?,outer train + validation only,Python sorted Unicode identity strings
atanas,1,55,AVKL,outer train + validation only,Python sorted Unicode identity strings
atanas,1,56,AVKR,outer train + validation only,Python sorted Unicode identity strings
atanas,1,57,AVL,outer train + validation only,Python sorted Unicode identity strings
atanas,1,58,AWAL,outer train + validation only,Python sorted Unicode identity strings
atanas,1,59,AWAR,outer train + validation only,Python sorted Unicode identity strings
atanas,1,60,AWBL,outer train + validation only,Python sorted Unicode identity strings
atanas,1,61,AWBR,outer train + validation only,Python sorted Unicode identity strings
atanas,1,62,AWCL,outer train + validation only,Python sorted Unicode identity strings
atanas,1,63,AWCR,outer train + validation only,Python sorted Unicode identity strings
atanas,1,64,BAGL,outer train + validation only,Python sorted Unicode identity strings
atanas,1,65,BAGR,outer train + validation only,Python sorted Unicode identity strings
atanas,1,66,CEPDL,outer train + validation only,Python sorted Unicode identity strings
atanas,1,67,CEPDR,outer train + validation only,Python sorted Unicode identity strings
atanas,1,68,CEPVL,outer train + validation only,Python sorted Unicode identity strings
atanas,1,69,CEPVR,outer train + validation only,Python sorted Unicode identity strings
atanas,1,70,FLPL,outer train + validation only,Python sorted Unicode identity strings
atanas,1,71,FLPR,outer train + validation only,Python sorted Unicode identity strings
atanas,1,72,I1L,outer train + validation only,Python sorted Unicode identity strings
atanas,1,73,I1R,outer train + validation only,Python sorted Unicode identity strings
atanas,1,74,I2L,outer train + validation only,Python sorted Unicode identity strings
atanas,1,75,I2R,outer train + validation only,Python sorted Unicode identity strings
atanas,1,76,I3,outer train + validation only,Python sorted Unicode identity strings
atanas,1,77,I4,outer train + validation only,Python sorted Unicode identity strings
atanas,1,78,I5,outer train + validation only,Python sorted Unicode identity strings
atanas,1,79,I6,outer train + validation only,Python sorted Unicode identity strings
atanas,1,80,IL1DL,outer train + validation only,Python sorted Unicode identity strings
atanas,1,81,IL1DR,outer train + validation only,Python sorted Unicode identity strings
atanas,1,82,IL1L,outer train + validation only,Python sorted Unicode identity strings
atanas,1,83,IL1R,outer train + validation only,Python sorted Unicode identity strings
atanas,1,84,IL1V?,outer train + validation only,Python sorted Unicode identity strings
atanas,1,85,IL1VL,outer train + validation only,Python sorted Unicode identity strings
atanas,1,86,IL1VR,outer train + validation only,Python sorted Unicode identity strings
atanas,1,87,IL2DL,outer train + validation only,Python sorted Unicode identity strings
atanas,1,88,IL2DR,outer train + validation only,Python sorted Unicode identity strings
atanas,1,89,IL2L,outer train + validation only,Python sorted Unicode identity strings
atanas,1,90,IL2R,outer train + validation only,Python sorted Unicode identity strings
atanas,1,91,IL2VL,outer train + validation only,Python sorted Unicode identity strings
atanas,1,92,IL2VR,outer train + validation only,Python sorted Unicode identity strings
atanas,1,93,M1,outer train + validation only,Python sorted Unicode identity strings
atanas,1,94,M2L,outer train + validation only,Python sorted Unicode identity strings
atanas,1,95,M3L,outer train + validation only,Python sorted Unicode identity strings
atanas,1,96,M3R,outer train + validation only,Python sorted Unicode identity strings
atanas,1,97,M4,outer train + validation only,Python sorted Unicode identity strings
atanas,1,98,M5,outer train + validation only,Python sorted Unicode identity strings
atanas,1,99,MCL,outer train + validation only,Python sorted Unicode identity strings
atanas,1,100,MCR,outer train + validation only,Python sorted Unicode identity strings
atanas,1,101,MI,outer train + validation only,Python sorted Unicode identity strings
atanas,1,102,NSML,outer train + validation only,Python sorted Unicode identity strings
atanas,1,103,NSMR,outer train + validation only,Python sorted Unicode identity strings
atanas,1,104,OLLL,outer train + validation only,Python sorted Unicode identity strings
atanas,1,105,OLLR,outer train + validation only,Python sorted Unicode identity strings
atanas,1,106,OLQDL,outer train + validation only,Python sorted Unicode identity strings
atanas,1,107,OLQDR,outer train + validation only,Python sorted Unicode identity strings
atanas,1,108,OLQV?,outer train + validation only,Python sorted Unicode identity strings
atanas,1,109,OLQVL,outer train + validation only,Python sorted Unicode identity strings
atanas,1,110,OLQVR,outer train + validation only,Python sorted Unicode identity strings
atanas,1,111,RIAL,outer train + validation only,Python sorted Unicode identity strings
atanas,1,112,RIAR,outer train + validation only,Python sorted Unicode identity strings
atanas,1,113,RIBL,outer train + validation only,Python sorted Unicode identity strings
atanas,1,114,RIBR,outer train + validation only,Python sorted Unicode identity strings
atanas,1,115,RIC?,outer train + validation only,Python sorted Unicode identity strings
atanas,1,116,RICL,outer train + validation only,Python sorted Unicode identity strings
atanas,1,117,RICR,outer train + validation only,Python sorted Unicode identity strings
atanas,1,118,RID,outer train + validation only,Python sorted Unicode identity strings
atanas,1,119,RIFL,outer train + validation only,Python sorted Unicode identity strings
atanas,1,120,RIFR,outer train + validation only,Python sorted Unicode identity strings
atanas,1,121,RIH,outer train + validation only,Python sorted Unicode identity strings
atanas,1,122,RIM?,outer train + validation only,Python sorted Unicode identity strings
atanas,1,123,RIML,outer train + validation only,Python sorted Unicode identity strings
atanas,1,124,RIMR,outer train + validation only,Python sorted Unicode identity strings
atanas,1,125,RIPL,outer train + validation only,Python sorted Unicode identity strings
atanas,1,126,RIR,outer train + validation only,Python sorted Unicode identity strings
atanas,1,127,RIS,outer train + validation only,Python sorted Unicode identity strings
atanas,1,128,RIVL,outer train + validation only,Python sorted Unicode identity strings
atanas,1,129,RIVR,outer train + validation only,Python sorted Unicode identity strings
atanas,1,130,RMDD?,outer train + validation only,Python sorted Unicode identity strings
atanas,1,131,RMDDL,outer train + validation only,Python sorted Unicode identity strings
atanas,1,132,RMDDR,outer train + validation only,Python sorted Unicode identity strings
atanas,1,133,RMDL,outer train + validation only,Python sorted Unicode identity strings
atanas,1,134,RMDR,outer train + validation only,Python sorted Unicode identity strings
atanas,1,135,RMDVL,outer train + validation only,Python sorted Unicode identity strings
atanas,1,136,RMDVR,outer train + validation only,Python sorted Unicode identity strings
atanas,1,137,RMED,outer train + validation only,Python sorted Unicode identity strings
atanas,1,138,RMEL,outer train + validation only,Python sorted Unicode identity strings
atanas,1,139,RMER,outer train + validation only,Python sorted Unicode identity strings
atanas,1,140,RMEV,outer train + validation only,Python sorted Unicode identity strings
atanas,1,141,RMF?,outer train + validation only,Python sorted Unicode identity strings
atanas,1,142,RMFL,outer train + validation only,Python sorted Unicode identity strings
atanas,1,143,RMG?,outer train + validation only,Python sorted Unicode identity strings
atanas,1,144,RMGL,outer train + validation only,Python sorted Unicode identity strings
atanas,1,145,RMGR,outer train + validation only,Python sorted Unicode identity strings
atanas,1,146,SAAD?,outer train + validation only,Python sorted Unicode identity strings
atanas,1,147,SAADL,outer train + validation only,Python sorted Unicode identity strings
atanas,1,148,SAADR,outer train + validation only,Python sorted Unicode identity strings
atanas,1,149,SAAVL,outer train + validation only,Python sorted Unicode identity strings
atanas,1,150,SAAVR,outer train + validation only,Python sorted Unicode identity strings
atanas,1,151,SIA??,outer train + validation only,Python sorted Unicode identity strings
atanas,1,152,SIA?L,outer train + validation only,Python sorted Unicode identity strings
atanas,1,153,SIA?R,outer train + validation only,Python sorted Unicode identity strings
atanas,1,154,SIBDL,outer train + validation only,Python sorted Unicode identity strings
atanas,1,155,SIBDR,outer train + validation only,Python sorted Unicode identity strings
atanas,1,156,SIBV?,outer train + validation only,Python sorted Unicode identity strings
atanas,1,157,SIBVL,outer train + validation only,Python sorted Unicode identity strings
atanas,1,158,SIBVR,outer train + validation only,Python sorted Unicode identity strings
atanas,1,159,SMB?L,outer train + validation only,Python sorted Unicode identity strings
atanas,1,160,SMBD?,outer train + validation only,Python sorted Unicode identity strings
atanas,1,161,SMBDL,outer train + validation only,Python sorted Unicode identity strings
atanas,1,162,SMBDR,outer train + validation only,Python sorted Unicode identity strings
atanas,1,163,SMBV?,outer train + validation only,Python sorted Unicode identity strings
atanas,1,164,SMBVL,outer train + validation only,Python sorted Unicode identity strings
atanas,1,165,SMBVR,outer train + validation only,Python sorted Unicode identity strings
atanas,1,166,SMDD?,outer train + validation only,Python sorted Unicode identity strings
atanas,1,167,SMDDL,outer train + validation only,Python sorted Unicode identity strings
atanas,1,168,SMDDR,outer train + validation only,Python sorted Unicode identity strings
atanas,1,169,SMDVL,outer train + validation only,Python sorted Unicode identity strings
atanas,1,170,SMDVR,outer train + validation only,Python sorted Unicode identity strings
atanas,1,171,URAD?,outer train + validation only,Python sorted Unicode identity strings
atanas,1,172,URADL,outer train + validation only,Python sorted Unicode identity strings
atanas,1,173,URADR,outer train + validation only,Python sorted Unicode identity strings
atanas,1,174,URAVL,outer train + validation only,Python sorted Unicode identity strings
atanas,1,175,URAVR,outer train + validation only,Python sorted Unicode identity strings
atanas,1,176,URBL,outer train + validation only,Python sorted Unicode identity strings
atanas,1,177,URBR,outer train + validation only,Python sorted Unicode identity strings
atanas,1,178,URXL,outer train + validation only,Python sorted Unicode identity strings
atanas,1,179,URXR,outer train + validation only,Python sorted Unicode identity strings
atanas,1,180,URYD?,outer train + validation only,Python sorted Unicode identity strings
atanas,1,181,URYDL,outer train + validation only,Python sorted Unicode identity strings
atanas,1,182,URYDR,outer train + validation only,Python sorted Unicode identity strings
atanas,1,183,URYVL,outer train + validation only,Python sorted Unicode identity strings
atanas,1,184,URYVR,outer train + validation only,Python sorted Unicode identity strings
atanas,1,185,VB02,outer train + validation only,Python sorted Unicode identity strings
atanas,2,0,ADAL,outer train + validation only,Python sorted Unicode identity strings
atanas,2,1,ADAR,outer train + validation only,Python sorted Unicode identity strings
atanas,2,2,ADEL,outer train + validation only,Python sorted Unicode identity strings
atanas,2,3,ADER,outer train + validation only,Python sorted Unicode identity strings
atanas,2,4,ADLL,outer train + validation only,Python sorted Unicode identity strings
atanas,2,5,ADLR,outer train + validation only,Python sorted Unicode identity strings
atanas,2,6,AFDL,outer train + validation only,Python sorted Unicode identity strings
atanas,2,7,AIA?,outer train + validation only,Python sorted Unicode identity strings
atanas,2,8,AIAL,outer train + validation only,Python sorted Unicode identity strings
atanas,2,9,AIAR,outer train + validation only,Python sorted Unicode identity strings
atanas,2,10,AIBL,outer train + validation only,Python sorted Unicode identity strings
atanas,2,11,AIBR,outer train + validation only,Python sorted Unicode identity strings
atanas,2,12,AIM?,outer train + validation only,Python sorted Unicode identity strings
atanas,2,13,AIML,outer train + validation only,Python sorted Unicode identity strings
atanas,2,14,AIMR,outer train + validation only,Python sorted Unicode identity strings
atanas,2,15,AINL,outer train + validation only,Python sorted Unicode identity strings
atanas,2,16,AINR,outer train + validation only,Python sorted Unicode identity strings
atanas,2,17,AIY?,outer train + validation only,Python sorted Unicode identity strings
atanas,2,18,AIYL,outer train + validation only,Python sorted Unicode identity strings
atanas,2,19,AIYR,outer train + validation only,Python sorted Unicode identity strings
atanas,2,20,AIZL,outer train + validation only,Python sorted Unicode identity strings
atanas,2,21,AIZR,outer train + validation only,Python sorted Unicode identity strings
atanas,2,22,ALA,outer train + validation only,Python sorted Unicode identity strings
atanas,2,23,AQR,outer train + validation only,Python sorted Unicode identity strings
atanas,2,24,ASEL,outer train + validation only,Python sorted Unicode identity strings
atanas,2,25,ASER,outer train + validation only,Python sorted Unicode identity strings
atanas,2,26,ASGL,outer train + validation only,Python sorted Unicode identity strings
atanas,2,27,ASGR,outer train + validation only,Python sorted Unicode identity strings
atanas,2,28,ASHL,outer train + validation only,Python sorted Unicode identity strings
atanas,2,29,ASHR,outer train + validation only,Python sorted Unicode identity strings
atanas,2,30,ASI?,outer train + validation only,Python sorted Unicode identity strings
atanas,2,31,ASIL,outer train + validation only,Python sorted Unicode identity strings
atanas,2,32,ASIR,outer train + validation only,Python sorted Unicode identity strings
atanas,2,33,ASJL,outer train + validation only,Python sorted Unicode identity strings
atanas,2,34,ASKL,outer train + validation only,Python sorted Unicode identity strings
atanas,2,35,ASKR,outer train + validation only,Python sorted Unicode identity strings
atanas,2,36,AUAL,outer train + validation only,Python sorted Unicode identity strings
atanas,2,37,AUAR,outer train + validation only,Python sorted Unicode identity strings
atanas,2,38,AVAL,outer train + validation only,Python sorted Unicode identity strings
atanas,2,39,AVAR,outer train + validation only,Python sorted Unicode identity strings
atanas,2,40,AVBL,outer train + validation only,Python sorted Unicode identity strings
atanas,2,41,AVBR,outer train + validation only,Python sorted Unicode identity strings
atanas,2,42,AVDL,outer train + validation only,Python sorted Unicode identity strings
atanas,2,43,AVDR,outer train + validation only,Python sorted Unicode identity strings
atanas,2,44,AVEL,outer train + validation only,Python sorted Unicode identity strings
atanas,2,45,AVER,outer train + validation only,Python sorted Unicode identity strings
atanas,2,46,AVHL,outer train + validation only,Python sorted Unicode identity strings
atanas,2,47,AVJL,outer train + validation only,Python sorted Unicode identity strings
atanas,2,48,AVJR,outer train + validation only,Python sorted Unicode identity strings
atanas,2,49,AVK?,outer train + validation only,Python sorted Unicode identity strings
atanas,2,50,AVKL,outer train + validation only,Python sorted Unicode identity strings
atanas,2,51,AVKR,outer train + validation only,Python sorted Unicode identity strings
atanas,2,52,AVL,outer train + validation only,Python sorted Unicode identity strings
atanas,2,53,AWAL,outer train + validation only,Python sorted Unicode identity strings
atanas,2,54,AWAR,outer train + validation only,Python sorted Unicode identity strings
atanas,2,55,AWBL,outer train + validation only,Python sorted Unicode identity strings
atanas,2,56,AWBR,outer train + validation only,Python sorted Unicode identity strings
atanas,2,57,AWCL,outer train + validation only,Python sorted Unicode identity strings
atanas,2,58,AWCR,outer train + validation only,Python sorted Unicode identity strings
atanas,2,59,BAGL,outer train + validation only,Python sorted Unicode identity strings
atanas,2,60,BAGR,outer train + validation only,Python sorted Unicode identity strings
atanas,2,61,CEPDL,outer train + validation only,Python sorted Unicode identity strings
atanas,2,62,CEPDR,outer train + validation only,Python sorted Unicode identity strings
atanas,2,63,CEPVL,outer train + validation only,Python sorted Unicode identity strings
atanas,2,64,CEPVR,outer train + validation only,Python sorted Unicode identity strings
atanas,2,65,FLPL,outer train + validation only,Python sorted Unicode identity strings
atanas,2,66,FLPR,outer train + validation only,Python sorted Unicode identity strings
atanas,2,67,I1L,outer train + validation only,Python sorted Unicode identity strings
atanas,2,68,I1R,outer train + validation only,Python sorted Unicode identity strings
atanas,2,69,I2L,outer train + validation only,Python sorted Unicode identity strings
atanas,2,70,I2R,outer train + validation only,Python sorted Unicode identity strings
atanas,2,71,I3,outer train + validation only,Python sorted Unicode identity strings
atanas,2,72,I4,outer train + validation only,Python sorted Unicode identity strings
atanas,2,73,I5,outer train + validation only,Python sorted Unicode identity strings
atanas,2,74,I6,outer train + validation only,Python sorted Unicode identity strings
atanas,2,75,IL1DL,outer train + validation only,Python sorted Unicode identity strings
atanas,2,76,IL1DR,outer train + validation only,Python sorted Unicode identity strings
atanas,2,77,IL1L,outer train + validation only,Python sorted Unicode identity strings
atanas,2,78,IL1R,outer train + validation only,Python sorted Unicode identity strings
atanas,2,79,IL1V?,outer train + validation only,Python sorted Unicode identity strings
atanas,2,80,IL1VL,outer train + validation only,Python sorted Unicode identity strings
atanas,2,81,IL1VR,outer train + validation only,Python sorted Unicode identity strings
atanas,2,82,IL2DL,outer train + validation only,Python sorted Unicode identity strings
atanas,2,83,IL2DR,outer train + validation only,Python sorted Unicode identity strings
atanas,2,84,IL2L,outer train + validation only,Python sorted Unicode identity strings
atanas,2,85,IL2R,outer train + validation only,Python sorted Unicode identity strings
atanas,2,86,IL2VL,outer train + validation only,Python sorted Unicode identity strings
atanas,2,87,IL2VR,outer train + validation only,Python sorted Unicode identity strings
atanas,2,88,M1,outer train + validation only,Python sorted Unicode identity strings
atanas,2,89,M3L,outer train + validation only,Python sorted Unicode identity strings
atanas,2,90,M3R,outer train + validation only,Python sorted Unicode identity strings
atanas,2,91,M4,outer train + validation only,Python sorted Unicode identity strings
atanas,2,92,M5,outer train + validation only,Python sorted Unicode identity strings
atanas,2,93,MCL,outer train + validation only,Python sorted Unicode identity strings
atanas,2,94,MCR,outer train + validation only,Python sorted Unicode identity strings
atanas,2,95,MI,outer train + validation only,Python sorted Unicode identity strings
atanas,2,96,NSML,outer train + validation only,Python sorted Unicode identity strings
atanas,2,97,NSMR,outer train + validation only,Python sorted Unicode identity strings
atanas,2,98,OLLL,outer train + validation only,Python sorted Unicode identity strings
atanas,2,99,OLLR,outer train + validation only,Python sorted Unicode identity strings
atanas,2,100,OLQDL,outer train + validation only,Python sorted Unicode identity strings
atanas,2,101,OLQDR,outer train + validation only,Python sorted Unicode identity strings
atanas,2,102,OLQVL,outer train + validation only,Python sorted Unicode identity strings
atanas,2,103,OLQVR,outer train + validation only,Python sorted Unicode identity strings
atanas,2,104,RIAL,outer train + validation only,Python sorted Unicode identity strings
atanas,2,105,RIAR,outer train + validation only,Python sorted Unicode identity strings
atanas,2,106,RIBL,outer train + validation only,Python sorted Unicode identity strings
atanas,2,107,RIBR,outer train + validation only,Python sorted Unicode identity strings
atanas,2,108,RICL,outer train + validation only,Python sorted Unicode identity strings
atanas,2,109,RICR,outer train + validation only,Python sorted Unicode identity strings
atanas,2,110,RID,outer train + validation only,Python sorted Unicode identity strings
atanas,2,111,RIH,outer train + validation only,Python sorted Unicode identity strings
atanas,2,112,RIM?,outer train + validation only,Python sorted Unicode identity strings
atanas,2,113,RIML,outer train + validation only,Python sorted Unicode identity strings
atanas,2,114,RIMR,outer train + validation only,Python sorted Unicode identity strings
atanas,2,115,RIPL,outer train + validation only,Python sorted Unicode identity strings
atanas,2,116,RIR,outer train + validation only,Python sorted Unicode identity strings
atanas,2,117,RIS,outer train + validation only,Python sorted Unicode identity strings
atanas,2,118,RIVL,outer train + validation only,Python sorted Unicode identity strings
atanas,2,119,RIVR,outer train + validation only,Python sorted Unicode identity strings
atanas,2,120,RMDD?,outer train + validation only,Python sorted Unicode identity strings
atanas,2,121,RMDDL,outer train + validation only,Python sorted Unicode identity strings
atanas,2,122,RMDDR,outer train + validation only,Python sorted Unicode identity strings
atanas,2,123,RMDL,outer train + validation only,Python sorted Unicode identity strings
atanas,2,124,RMDR,outer train + validation only,Python sorted Unicode identity strings
atanas,2,125,RMDVL,outer train + validation only,Python sorted Unicode identity strings
atanas,2,126,RMDVR,outer train + validation only,Python sorted Unicode identity strings
atanas,2,127,RMED,outer train + validation only,Python sorted Unicode identity strings
atanas,2,128,RMEL,outer train + validation only,Python sorted Unicode identity strings
atanas,2,129,RMER,outer train + validation only,Python sorted Unicode identity strings
atanas,2,130,RMEV,outer train + validation only,Python sorted Unicode identity strings
atanas,2,131,RMF?,outer train + validation only,Python sorted Unicode identity strings
atanas,2,132,RMFL,outer train + validation only,Python sorted Unicode identity strings
atanas,2,133,RMGL,outer train + validation only,Python sorted Unicode identity strings
atanas,2,134,RMGR,outer train + validation only,Python sorted Unicode identity strings
atanas,2,135,SAAD?,outer train + validation only,Python sorted Unicode identity strings
atanas,2,136,SAADL,outer train + validation only,Python sorted Unicode identity strings
atanas,2,137,SAADR,outer train + validation only,Python sorted Unicode identity strings
atanas,2,138,SAAVL,outer train + validation only,Python sorted Unicode identity strings
atanas,2,139,SAAVR,outer train + validation only,Python sorted Unicode identity strings
atanas,2,140,SIA??,outer train + validation only,Python sorted Unicode identity strings
atanas,2,141,SIA?L,outer train + validation only,Python sorted Unicode identity strings
atanas,2,142,SIA?R,outer train + validation only,Python sorted Unicode identity strings
atanas,2,143,SIBDL,outer train + validation only,Python sorted Unicode identity strings
atanas,2,144,SIBDR,outer train + validation only,Python sorted Unicode identity strings
atanas,2,145,SIBV?,outer train + validation only,Python sorted Unicode identity strings
atanas,2,146,SIBVR,outer train + validation only,Python sorted Unicode identity strings
atanas,2,147,SMB??,outer train + validation only,Python sorted Unicode identity strings
atanas,2,148,SMB?L,outer train + validation only,Python sorted Unicode identity strings
atanas,2,149,SMB?R,outer train + validation only,Python sorted Unicode identity strings
atanas,2,150,SMBD?,outer train + validation only,Python sorted Unicode identity strings
atanas,2,151,SMBDL,outer train + validation only,Python sorted Unicode identity strings
atanas,2,152,SMBDR,outer train + validation only,Python sorted Unicode identity strings
atanas,2,153,SMBV?,outer train + validation only,Python sorted Unicode identity strings
atanas,2,154,SMBVL,outer train + validation only,Python sorted Unicode identity strings
atanas,2,155,SMBVR,outer train + validation only,Python sorted Unicode identity strings
atanas,2,156,SMDD?,outer train + validation only,Python sorted Unicode identity strings
atanas,2,157,SMDDL,outer train + validation only,Python sorted Unicode identity strings
atanas,2,158,SMDDR,outer train + validation only,Python sorted Unicode identity strings
atanas,2,159,SMDVL,outer train + validation only,Python sorted Unicode identity strings
atanas,2,160,SMDVR,outer train + validation only,Python sorted Unicode identity strings
atanas,2,161,URAD?,outer train + validation only,Python sorted Unicode identity strings
atanas,2,162,URADL,outer train + validation only,Python sorted Unicode identity strings
atanas,2,163,URADR,outer train + validation only,Python sorted Unicode identity strings
atanas,2,164,URAVL,outer train + validation only,Python sorted Unicode identity strings
atanas,2,165,URAVR,outer train + validation only,Python sorted Unicode identity strings
atanas,2,166,URBL,outer train + validation only,Python sorted Unicode identity strings
atanas,2,167,URBR,outer train + validation only,Python sorted Unicode identity strings
atanas,2,168,URXL,outer train + validation only,Python sorted Unicode identity strings
atanas,2,169,URXR,outer train + validation only,Python sorted Unicode identity strings
atanas,2,170,URYD?,outer train + validation only,Python sorted Unicode identity strings
atanas,2,171,URYDL,outer train + validation only,Python sorted Unicode identity strings
atanas,2,172,URYDR,outer train + validation only,Python sorted Unicode identity strings
atanas,2,173,URYVL,outer train + validation only,Python sorted Unicode identity strings
atanas,2,174,URYVR,outer train + validation only,Python sorted Unicode identity strings
atanas,2,175,VB02,outer train + validation only,Python sorted Unicode identity strings
atanas,3,0,ADA?,outer train + validation only,Python sorted Unicode identity strings
atanas,3,1,ADAL,outer train + validation only,Python sorted Unicode identity strings
atanas,3,2,ADAR,outer train + validation only,Python sorted Unicode identity strings
atanas,3,3,ADE?,outer train + validation only,Python sorted Unicode identity strings
atanas,3,4,ADEL,outer train + validation only,Python sorted Unicode identity strings
atanas,3,5,ADER,outer train + validation only,Python sorted Unicode identity strings
atanas,3,6,ADLL,outer train + validation only,Python sorted Unicode identity strings
atanas,3,7,ADLR,outer train + validation only,Python sorted Unicode identity strings
atanas,3,8,AFDL,outer train + validation only,Python sorted Unicode identity strings
atanas,3,9,AIA?,outer train + validation only,Python sorted Unicode identity strings
atanas,3,10,AIAL,outer train + validation only,Python sorted Unicode identity strings
atanas,3,11,AIAR,outer train + validation only,Python sorted Unicode identity strings
atanas,3,12,AIB?,outer train + validation only,Python sorted Unicode identity strings
atanas,3,13,AIBL,outer train + validation only,Python sorted Unicode identity strings
atanas,3,14,AIBR,outer train + validation only,Python sorted Unicode identity strings
atanas,3,15,AIM?,outer train + validation only,Python sorted Unicode identity strings
atanas,3,16,AIML,outer train + validation only,Python sorted Unicode identity strings
atanas,3,17,AIMR,outer train + validation only,Python sorted Unicode identity strings
atanas,3,18,AIN?,outer train + validation only,Python sorted Unicode identity strings
atanas,3,19,AINL,outer train + validation only,Python sorted Unicode identity strings
atanas,3,20,AINR,outer train + validation only,Python sorted Unicode identity strings
atanas,3,21,AIY?,outer train + validation only,Python sorted Unicode identity strings
atanas,3,22,AIYL,outer train + validation only,Python sorted Unicode identity strings
atanas,3,23,AIYR,outer train + validation only,Python sorted Unicode identity strings
atanas,3,24,AIZ?,outer train + validation only,Python sorted Unicode identity strings
atanas,3,25,AIZL,outer train + validation only,Python sorted Unicode identity strings
atanas,3,26,AIZR,outer train + validation only,Python sorted Unicode identity strings
atanas,3,27,ALA,outer train + validation only,Python sorted Unicode identity strings
atanas,3,28,AQR,outer train + validation only,Python sorted Unicode identity strings
atanas,3,29,ASEL,outer train + validation only,Python sorted Unicode identity strings
atanas,3,30,ASER,outer train + validation only,Python sorted Unicode identity strings
atanas,3,31,ASGL,outer train + validation only,Python sorted Unicode identity strings
atanas,3,32,ASGR,outer train + validation only,Python sorted Unicode identity strings
atanas,3,33,ASHL,outer train + validation only,Python sorted Unicode identity strings
atanas,3,34,ASHR,outer train + validation only,Python sorted Unicode identity strings
atanas,3,35,ASI?,outer train + validation only,Python sorted Unicode identity strings
atanas,3,36,ASIL,outer train + validation only,Python sorted Unicode identity strings
atanas,3,37,ASIR,outer train + validation only,Python sorted Unicode identity strings
atanas,3,38,ASJL,outer train + validation only,Python sorted Unicode identity strings
atanas,3,39,ASKL,outer train + validation only,Python sorted Unicode identity strings
atanas,3,40,ASKR,outer train + validation only,Python sorted Unicode identity strings
atanas,3,41,AUAL,outer train + validation only,Python sorted Unicode identity strings
atanas,3,42,AUAR,outer train + validation only,Python sorted Unicode identity strings
atanas,3,43,AVAL,outer train + validation only,Python sorted Unicode identity strings
atanas,3,44,AVAR,outer train + validation only,Python sorted Unicode identity strings
atanas,3,45,AVBL,outer train + validation only,Python sorted Unicode identity strings
atanas,3,46,AVBR,outer train + validation only,Python sorted Unicode identity strings
atanas,3,47,AVDL,outer train + validation only,Python sorted Unicode identity strings
atanas,3,48,AVDR,outer train + validation only,Python sorted Unicode identity strings
atanas,3,49,AVEL,outer train + validation only,Python sorted Unicode identity strings
atanas,3,50,AVER,outer train + validation only,Python sorted Unicode identity strings
atanas,3,51,AVHL,outer train + validation only,Python sorted Unicode identity strings
atanas,3,52,AVHR,outer train + validation only,Python sorted Unicode identity strings
atanas,3,53,AVJL,outer train + validation only,Python sorted Unicode identity strings
atanas,3,54,AVJR,outer train + validation only,Python sorted Unicode identity strings
atanas,3,55,AVK?,outer train + validation only,Python sorted Unicode identity strings
atanas,3,56,AVKL,outer train + validation only,Python sorted Unicode identity strings
atanas,3,57,AVKR,outer train + validation only,Python sorted Unicode identity strings
atanas,3,58,AVL,outer train + validation only,Python sorted Unicode identity strings
atanas,3,59,AWAL,outer train + validation only,Python sorted Unicode identity strings
atanas,3,60,AWAR,outer train + validation only,Python sorted Unicode identity strings
atanas,3,61,AWBL,outer train + validation only,Python sorted Unicode identity strings
atanas,3,62,AWBR,outer train + validation only,Python sorted Unicode identity strings
atanas,3,63,AWCL,outer train + validation only,Python sorted Unicode identity strings
atanas,3,64,AWCR,outer train + validation only,Python sorted Unicode identity strings
atanas,3,65,BAGL,outer train + validation only,Python sorted Unicode identity strings
atanas,3,66,BAGR,outer train + validation only,Python sorted Unicode identity strings
atanas,3,67,CEPDL,outer train + validation only,Python sorted Unicode identity strings
atanas,3,68,CEPDR,outer train + validation only,Python sorted Unicode identity strings
atanas,3,69,CEPVL,outer train + validation only,Python sorted Unicode identity strings
atanas,3,70,CEPVR,outer train + validation only,Python sorted Unicode identity strings
atanas,3,71,FLPL,outer train + validation only,Python sorted Unicode identity strings
atanas,3,72,FLPR,outer train + validation only,Python sorted Unicode identity strings
atanas,3,73,I1L,outer train + validation only,Python sorted Unicode identity strings
atanas,3,74,I1R,outer train + validation only,Python sorted Unicode identity strings
atanas,3,75,I2L,outer train + validation only,Python sorted Unicode identity strings
atanas,3,76,I2R,outer train + validation only,Python sorted Unicode identity strings
atanas,3,77,I3,outer train + validation only,Python sorted Unicode identity strings
atanas,3,78,I4,outer train + validation only,Python sorted Unicode identity strings
atanas,3,79,I5,outer train + validation only,Python sorted Unicode identity strings
atanas,3,80,I6,outer train + validation only,Python sorted Unicode identity strings
atanas,3,81,IL1DL,outer train + validation only,Python sorted Unicode identity strings
atanas,3,82,IL1DR,outer train + validation only,Python sorted Unicode identity strings
atanas,3,83,IL1L,outer train + validation only,Python sorted Unicode identity strings
atanas,3,84,IL1R,outer train + validation only,Python sorted Unicode identity strings
atanas,3,85,IL1V?,outer train + validation only,Python sorted Unicode identity strings
atanas,3,86,IL1VL,outer train + validation only,Python sorted Unicode identity strings
atanas,3,87,IL1VR,outer train + validation only,Python sorted Unicode identity strings
atanas,3,88,IL2DL,outer train + validation only,Python sorted Unicode identity strings
atanas,3,89,IL2DR,outer train + validation only,Python sorted Unicode identity strings
atanas,3,90,IL2L,outer train + validation only,Python sorted Unicode identity strings
atanas,3,91,IL2R,outer train + validation only,Python sorted Unicode identity strings
atanas,3,92,IL2VL,outer train + validation only,Python sorted Unicode identity strings
atanas,3,93,IL2VR,outer train + validation only,Python sorted Unicode identity strings
atanas,3,94,M1,outer train + validation only,Python sorted Unicode identity strings
atanas,3,95,M2L,outer train + validation only,Python sorted Unicode identity strings
atanas,3,96,M3L,outer train + validation only,Python sorted Unicode identity strings
atanas,3,97,M3R,outer train + validation only,Python sorted Unicode identity strings
atanas,3,98,M4,outer train + validation only,Python sorted Unicode identity strings
atanas,3,99,M5,outer train + validation only,Python sorted Unicode identity strings
atanas,3,100,MCL,outer train + validation only,Python sorted Unicode identity strings
atanas,3,101,MCR,outer train + validation only,Python sorted Unicode identity strings
atanas,3,102,MI,outer train + validation only,Python sorted Unicode identity strings
atanas,3,103,NSML,outer train + validation only,Python sorted Unicode identity strings
atanas,3,104,NSMR,outer train + validation only,Python sorted Unicode identity strings
atanas,3,105,OLLL,outer train + validation only,Python sorted Unicode identity strings
atanas,3,106,OLLR,outer train + validation only,Python sorted Unicode identity strings
atanas,3,107,OLQDL,outer train + validation only,Python sorted Unicode identity strings
atanas,3,108,OLQDR,outer train + validation only,Python sorted Unicode identity strings
atanas,3,109,OLQV?,outer train + validation only,Python sorted Unicode identity strings
atanas,3,110,OLQVL,outer train + validation only,Python sorted Unicode identity strings
atanas,3,111,OLQVR,outer train + validation only,Python sorted Unicode identity strings
atanas,3,112,RIAL,outer train + validation only,Python sorted Unicode identity strings
atanas,3,113,RIAR,outer train + validation only,Python sorted Unicode identity strings
atanas,3,114,RIBL,outer train + validation only,Python sorted Unicode identity strings
atanas,3,115,RIBR,outer train + validation only,Python sorted Unicode identity strings
atanas,3,116,RIC?,outer train + validation only,Python sorted Unicode identity strings
atanas,3,117,RICL,outer train + validation only,Python sorted Unicode identity strings
atanas,3,118,RICR,outer train + validation only,Python sorted Unicode identity strings
atanas,3,119,RID,outer train + validation only,Python sorted Unicode identity strings
atanas,3,120,RIFL,outer train + validation only,Python sorted Unicode identity strings
atanas,3,121,RIFR,outer train + validation only,Python sorted Unicode identity strings
atanas,3,122,RIH,outer train + validation only,Python sorted Unicode identity strings
atanas,3,123,RIM?,outer train + validation only,Python sorted Unicode identity strings
atanas,3,124,RIML,outer train + validation only,Python sorted Unicode identity strings
atanas,3,125,RIMR,outer train + validation only,Python sorted Unicode identity strings
atanas,3,126,RIPL,outer train + validation only,Python sorted Unicode identity strings
atanas,3,127,RIR,outer train + validation only,Python sorted Unicode identity strings
atanas,3,128,RIS,outer train + validation only,Python sorted Unicode identity strings
atanas,3,129,RIVL,outer train + validation only,Python sorted Unicode identity strings
atanas,3,130,RIVR,outer train + validation only,Python sorted Unicode identity strings
atanas,3,131,RMDD?,outer train + validation only,Python sorted Unicode identity strings
atanas,3,132,RMDDL,outer train + validation only,Python sorted Unicode identity strings
atanas,3,133,RMDDR,outer train + validation only,Python sorted Unicode identity strings
atanas,3,134,RMDL,outer train + validation only,Python sorted Unicode identity strings
atanas,3,135,RMDR,outer train + validation only,Python sorted Unicode identity strings
atanas,3,136,RMDVL,outer train + validation only,Python sorted Unicode identity strings
atanas,3,137,RMDVR,outer train + validation only,Python sorted Unicode identity strings
atanas,3,138,RMED,outer train + validation only,Python sorted Unicode identity strings
atanas,3,139,RMEL,outer train + validation only,Python sorted Unicode identity strings
atanas,3,140,RMER,outer train + validation only,Python sorted Unicode identity strings
atanas,3,141,RMEV,outer train + validation only,Python sorted Unicode identity strings
atanas,3,142,RMF?,outer train + validation only,Python sorted Unicode identity strings
atanas,3,143,RMFL,outer train + validation only,Python sorted Unicode identity strings
atanas,3,144,RMG?,outer train + validation only,Python sorted Unicode identity strings
atanas,3,145,RMGL,outer train + validation only,Python sorted Unicode identity strings
atanas,3,146,RMGR,outer train + validation only,Python sorted Unicode identity strings
atanas,3,147,SAAD?,outer train + validation only,Python sorted Unicode identity strings
atanas,3,148,SAADL,outer train + validation only,Python sorted Unicode identity strings
atanas,3,149,SAADR,outer train + validation only,Python sorted Unicode identity strings
atanas,3,150,SAAVL,outer train + validation only,Python sorted Unicode identity strings
atanas,3,151,SAAVR,outer train + validation only,Python sorted Unicode identity strings
atanas,3,152,SIA??,outer train + validation only,Python sorted Unicode identity strings
atanas,3,153,SIA?L,outer train + validation only,Python sorted Unicode identity strings
atanas,3,154,SIA?R,outer train + validation only,Python sorted Unicode identity strings
atanas,3,155,SIBDR,outer train + validation only,Python sorted Unicode identity strings
atanas,3,156,SIBV?,outer train + validation only,Python sorted Unicode identity strings
atanas,3,157,SIBVL,outer train + validation only,Python sorted Unicode identity strings
atanas,3,158,SIBVR,outer train + validation only,Python sorted Unicode identity strings
atanas,3,159,SMB??,outer train + validation only,Python sorted Unicode identity strings
atanas,3,160,SMB?L,outer train + validation only,Python sorted Unicode identity strings
atanas,3,161,SMB?R,outer train + validation only,Python sorted Unicode identity strings
atanas,3,162,SMBD?,outer train + validation only,Python sorted Unicode identity strings
atanas,3,163,SMBDL,outer train + validation only,Python sorted Unicode identity strings
atanas,3,164,SMBDR,outer train + validation only,Python sorted Unicode identity strings
atanas,3,165,SMBV?,outer train + validation only,Python sorted Unicode identity strings
atanas,3,166,SMBVL,outer train + validation only,Python sorted Unicode identity strings
atanas,3,167,SMBVR,outer train + validation only,Python sorted Unicode identity strings
atanas,3,168,SMDD?,outer train + validation only,Python sorted Unicode identity strings
atanas,3,169,SMDDL,outer train + validation only,Python sorted Unicode identity strings
atanas,3,170,SMDDR,outer train + validation only,Python sorted Unicode identity strings
atanas,3,171,SMDVL,outer train + validation only,Python sorted Unicode identity strings
atanas,3,172,SMDVR,outer train + validation only,Python sorted Unicode identity strings
atanas,3,173,URAD?,outer train + validation only,Python sorted Unicode identity strings
atanas,3,174,URADL,outer train + validation only,Python sorted Unicode identity strings
atanas,3,175,URADR,outer train + validation only,Python sorted Unicode identity strings
atanas,3,176,URAVL,outer train + validation only,Python sorted Unicode identity strings
atanas,3,177,URAVR,outer train + validation only,Python sorted Unicode identity strings
atanas,3,178,URBL,outer train + validation only,Python sorted Unicode identity strings
atanas,3,179,URBR,outer train + validation only,Python sorted Unicode identity strings
atanas,3,180,URXL,outer train + validation only,Python sorted Unicode identity strings
atanas,3,181,URXR,outer train + validation only,Python sorted Unicode identity strings
atanas,3,182,URYD?,outer train + validation only,Python sorted Unicode identity strings
atanas,3,183,URYDL,outer train + validation only,Python sorted Unicode identity strings
atanas,3,184,URYDR,outer train + validation only,Python sorted Unicode identity strings
atanas,3,185,URYVL,outer train + validation only,Python sorted Unicode identity strings
atanas,3,186,URYVR,outer train + validation only,Python sorted Unicode identity strings
atanas,3,187,VB02,outer train + validation only,Python sorted Unicode identity strings
atanas,4,0,ADA?,outer train + validation only,Python sorted Unicode identity strings
atanas,4,1,ADAL,outer train + validation only,Python sorted Unicode identity strings
atanas,4,2,ADAR,outer train + validation only,Python sorted Unicode identity strings
atanas,4,3,ADE?,outer train + validation only,Python sorted Unicode identity strings
atanas,4,4,ADEL,outer train + validation only,Python sorted Unicode identity strings
atanas,4,5,ADER,outer train + validation only,Python sorted Unicode identity strings
atanas,4,6,ADLL,outer train + validation only,Python sorted Unicode identity strings
atanas,4,7,ADLR,outer train + validation only,Python sorted Unicode identity strings
atanas,4,8,AFDL,outer train + validation only,Python sorted Unicode identity strings
atanas,4,9,AIA?,outer train + validation only,Python sorted Unicode identity strings
atanas,4,10,AIAL,outer train + validation only,Python sorted Unicode identity strings
atanas,4,11,AIAR,outer train + validation only,Python sorted Unicode identity strings
atanas,4,12,AIB?,outer train + validation only,Python sorted Unicode identity strings
atanas,4,13,AIBL,outer train + validation only,Python sorted Unicode identity strings
atanas,4,14,AIBR,outer train + validation only,Python sorted Unicode identity strings
atanas,4,15,AIM?,outer train + validation only,Python sorted Unicode identity strings
atanas,4,16,AIML,outer train + validation only,Python sorted Unicode identity strings
atanas,4,17,AIMR,outer train + validation only,Python sorted Unicode identity strings
atanas,4,18,AIN?,outer train + validation only,Python sorted Unicode identity strings
atanas,4,19,AINL,outer train + validation only,Python sorted Unicode identity strings
atanas,4,20,AINR,outer train + validation only,Python sorted Unicode identity strings
atanas,4,21,AIY?,outer train + validation only,Python sorted Unicode identity strings
atanas,4,22,AIYL,outer train + validation only,Python sorted Unicode identity strings
atanas,4,23,AIYR,outer train + validation only,Python sorted Unicode identity strings
atanas,4,24,AIZ?,outer train + validation only,Python sorted Unicode identity strings
atanas,4,25,AIZL,outer train + validation only,Python sorted Unicode identity strings
atanas,4,26,AIZR,outer train + validation only,Python sorted Unicode identity strings
atanas,4,27,ALA,outer train + validation only,Python sorted Unicode identity strings
atanas,4,28,AQR,outer train + validation only,Python sorted Unicode identity strings
atanas,4,29,ASEL,outer train + validation only,Python sorted Unicode identity strings
atanas,4,30,ASER,outer train + validation only,Python sorted Unicode identity strings
atanas,4,31,ASGL,outer train + validation only,Python sorted Unicode identity strings
atanas,4,32,ASGR,outer train + validation only,Python sorted Unicode identity strings
atanas,4,33,ASHL,outer train + validation only,Python sorted Unicode identity strings
atanas,4,34,ASHR,outer train + validation only,Python sorted Unicode identity strings
atanas,4,35,ASI?,outer train + validation only,Python sorted Unicode identity strings
atanas,4,36,ASIL,outer train + validation only,Python sorted Unicode identity strings
atanas,4,37,ASIR,outer train + validation only,Python sorted Unicode identity strings
atanas,4,38,ASJL,outer train + validation only,Python sorted Unicode identity strings
atanas,4,39,ASKL,outer train + validation only,Python sorted Unicode identity strings
atanas,4,40,ASKR,outer train + validation only,Python sorted Unicode identity strings
atanas,4,41,AUAL,outer train + validation only,Python sorted Unicode identity strings
atanas,4,42,AUAR,outer train + validation only,Python sorted Unicode identity strings
atanas,4,43,AVAL,outer train + validation only,Python sorted Unicode identity strings
atanas,4,44,AVAR,outer train + validation only,Python sorted Unicode identity strings
atanas,4,45,AVBL,outer train + validation only,Python sorted Unicode identity strings
atanas,4,46,AVBR,outer train + validation only,Python sorted Unicode identity strings
atanas,4,47,AVDL,outer train + validation only,Python sorted Unicode identity strings
atanas,4,48,AVDR,outer train + validation only,Python sorted Unicode identity strings
atanas,4,49,AVEL,outer train + validation only,Python sorted Unicode identity strings
atanas,4,50,AVER,outer train + validation only,Python sorted Unicode identity strings
atanas,4,51,AVHL,outer train + validation only,Python sorted Unicode identity strings
atanas,4,52,AVHR,outer train + validation only,Python sorted Unicode identity strings
atanas,4,53,AVJL,outer train + validation only,Python sorted Unicode identity strings
atanas,4,54,AVJR,outer train + validation only,Python sorted Unicode identity strings
atanas,4,55,AVK?,outer train + validation only,Python sorted Unicode identity strings
atanas,4,56,AVKL,outer train + validation only,Python sorted Unicode identity strings
atanas,4,57,AVKR,outer train + validation only,Python sorted Unicode identity strings
atanas,4,58,AVL,outer train + validation only,Python sorted Unicode identity strings
atanas,4,59,AWAL,outer train + validation only,Python sorted Unicode identity strings
atanas,4,60,AWAR,outer train + validation only,Python sorted Unicode identity strings
atanas,4,61,AWBL,outer train + validation only,Python sorted Unicode identity strings
atanas,4,62,AWBR,outer train + validation only,Python sorted Unicode identity strings
atanas,4,63,AWCL,outer train + validation only,Python sorted Unicode identity strings
atanas,4,64,AWCR,outer train + validation only,Python sorted Unicode identity strings
atanas,4,65,BAGL,outer train + validation only,Python sorted Unicode identity strings
atanas,4,66,BAGR,outer train + validation only,Python sorted Unicode identity strings
atanas,4,67,CEPDL,outer train + validation only,Python sorted Unicode identity strings
atanas,4,68,CEPDR,outer train + validation only,Python sorted Unicode identity strings
atanas,4,69,CEPVL,outer train + validation only,Python sorted Unicode identity strings
atanas,4,70,CEPVR,outer train + validation only,Python sorted Unicode identity strings
atanas,4,71,FLPL,outer train + validation only,Python sorted Unicode identity strings
atanas,4,72,FLPR,outer train + validation only,Python sorted Unicode identity strings
atanas,4,73,I1L,outer train + validation only,Python sorted Unicode identity strings
atanas,4,74,I1R,outer train + validation only,Python sorted Unicode identity strings
atanas,4,75,I2L,outer train + validation only,Python sorted Unicode identity strings
atanas,4,76,I2R,outer train + validation only,Python sorted Unicode identity strings
atanas,4,77,I3,outer train + validation only,Python sorted Unicode identity strings
atanas,4,78,I4,outer train + validation only,Python sorted Unicode identity strings
atanas,4,79,I5,outer train + validation only,Python sorted Unicode identity strings
atanas,4,80,I6,outer train + validation only,Python sorted Unicode identity strings
atanas,4,81,IL1DL,outer train + validation only,Python sorted Unicode identity strings
atanas,4,82,IL1DR,outer train + validation only,Python sorted Unicode identity strings
atanas,4,83,IL1L,outer train + validation only,Python sorted Unicode identity strings
atanas,4,84,IL1R,outer train + validation only,Python sorted Unicode identity strings
atanas,4,85,IL1V?,outer train + validation only,Python sorted Unicode identity strings
atanas,4,86,IL1VL,outer train + validation only,Python sorted Unicode identity strings
atanas,4,87,IL1VR,outer train + validation only,Python sorted Unicode identity strings
atanas,4,88,IL2DL,outer train + validation only,Python sorted Unicode identity strings
atanas,4,89,IL2DR,outer train + validation only,Python sorted Unicode identity strings
atanas,4,90,IL2L,outer train + validation only,Python sorted Unicode identity strings
atanas,4,91,IL2R,outer train + validation only,Python sorted Unicode identity strings
atanas,4,92,IL2VL,outer train + validation only,Python sorted Unicode identity strings
atanas,4,93,IL2VR,outer train + validation only,Python sorted Unicode identity strings
atanas,4,94,M1,outer train + validation only,Python sorted Unicode identity strings
atanas,4,95,M2L,outer train + validation only,Python sorted Unicode identity strings
atanas,4,96,M3L,outer train + validation only,Python sorted Unicode identity strings
atanas,4,97,M3R,outer train + validation only,Python sorted Unicode identity strings
atanas,4,98,M4,outer train + validation only,Python sorted Unicode identity strings
atanas,4,99,M5,outer train + validation only,Python sorted Unicode identity strings
atanas,4,100,MCL,outer train + validation only,Python sorted Unicode identity strings
atanas,4,101,MCR,outer train + validation only,Python sorted Unicode identity strings
atanas,4,102,MI,outer train + validation only,Python sorted Unicode identity strings
atanas,4,103,NSML,outer train + validation only,Python sorted Unicode identity strings
atanas,4,104,NSMR,outer train + validation only,Python sorted Unicode identity strings
atanas,4,105,OLLL,outer train + validation only,Python sorted Unicode identity strings
atanas,4,106,OLLR,outer train + validation only,Python sorted Unicode identity strings
atanas,4,107,OLQDL,outer train + validation only,Python sorted Unicode identity strings
atanas,4,108,OLQDR,outer train + validation only,Python sorted Unicode identity strings
atanas,4,109,OLQV?,outer train + validation only,Python sorted Unicode identity strings
atanas,4,110,OLQVL,outer train + validation only,Python sorted Unicode identity strings
atanas,4,111,OLQVR,outer train + validation only,Python sorted Unicode identity strings
atanas,4,112,RIAL,outer train + validation only,Python sorted Unicode identity strings
atanas,4,113,RIAR,outer train + validation only,Python sorted Unicode identity strings
atanas,4,114,RIBL,outer train + validation only,Python sorted Unicode identity strings
atanas,4,115,RIBR,outer train + validation only,Python sorted Unicode identity strings
atanas,4,116,RIC?,outer train + validation only,Python sorted Unicode identity strings
atanas,4,117,RICL,outer train + validation only,Python sorted Unicode identity strings
atanas,4,118,RICR,outer train + validation only,Python sorted Unicode identity strings
atanas,4,119,RID,outer train + validation only,Python sorted Unicode identity strings
atanas,4,120,RIFL,outer train + validation only,Python sorted Unicode identity strings
atanas,4,121,RIFR,outer train + validation only,Python sorted Unicode identity strings
atanas,4,122,RIH,outer train + validation only,Python sorted Unicode identity strings
atanas,4,123,RIM?,outer train + validation only,Python sorted Unicode identity strings
atanas,4,124,RIML,outer train + validation only,Python sorted Unicode identity strings
atanas,4,125,RIMR,outer train + validation only,Python sorted Unicode identity strings
atanas,4,126,RIPL,outer train + validation only,Python sorted Unicode identity strings
atanas,4,127,RIR,outer train + validation only,Python sorted Unicode identity strings
atanas,4,128,RIS,outer train + validation only,Python sorted Unicode identity strings
atanas,4,129,RIVL,outer train + validation only,Python sorted Unicode identity strings
atanas,4,130,RIVR,outer train + validation only,Python sorted Unicode identity strings
atanas,4,131,RMDD?,outer train + validation only,Python sorted Unicode identity strings
atanas,4,132,RMDDL,outer train + validation only,Python sorted Unicode identity strings
atanas,4,133,RMDDR,outer train + validation only,Python sorted Unicode identity strings
atanas,4,134,RMDL,outer train + validation only,Python sorted Unicode identity strings
atanas,4,135,RMDR,outer train + validation only,Python sorted Unicode identity strings
atanas,4,136,RMDVL,outer train + validation only,Python sorted Unicode identity strings
atanas,4,137,RMDVR,outer train + validation only,Python sorted Unicode identity strings
atanas,4,138,RMED,outer train + validation only,Python sorted Unicode identity strings
atanas,4,139,RMEL,outer train + validation only,Python sorted Unicode identity strings
atanas,4,140,RMER,outer train + validation only,Python sorted Unicode identity strings
atanas,4,141,RMEV,outer train + validation only,Python sorted Unicode identity strings
atanas,4,142,RMF?,outer train + validation only,Python sorted Unicode identity strings
atanas,4,143,RMFL,outer train + validation only,Python sorted Unicode identity strings
atanas,4,144,RMG?,outer train + validation only,Python sorted Unicode identity strings
atanas,4,145,RMGL,outer train + validation only,Python sorted Unicode identity strings
atanas,4,146,RMGR,outer train + validation only,Python sorted Unicode identity strings
atanas,4,147,SAAD?,outer train + validation only,Python sorted Unicode identity strings
atanas,4,148,SAADL,outer train + validation only,Python sorted Unicode identity strings
atanas,4,149,SAADR,outer train + validation only,Python sorted Unicode identity strings
atanas,4,150,SAAVL,outer train + validation only,Python sorted Unicode identity strings
atanas,4,151,SAAVR,outer train + validation only,Python sorted Unicode identity strings
atanas,4,152,SIA??,outer train + validation only,Python sorted Unicode identity strings
atanas,4,153,SIA?L,outer train + validation only,Python sorted Unicode identity strings
atanas,4,154,SIA?R,outer train + validation only,Python sorted Unicode identity strings
atanas,4,155,SIBDL,outer train + validation only,Python sorted Unicode identity strings
atanas,4,156,SIBDR,outer train + validation only,Python sorted Unicode identity strings
atanas,4,157,SIBV?,outer train + validation only,Python sorted Unicode identity strings
atanas,4,158,SIBVL,outer train + validation only,Python sorted Unicode identity strings
atanas,4,159,SIBVR,outer train + validation only,Python sorted Unicode identity strings
atanas,4,160,SMB??,outer train + validation only,Python sorted Unicode identity strings
atanas,4,161,SMB?L,outer train + validation only,Python sorted Unicode identity strings
atanas,4,162,SMB?R,outer train + validation only,Python sorted Unicode identity strings
atanas,4,163,SMBD?,outer train + validation only,Python sorted Unicode identity strings
atanas,4,164,SMBDL,outer train + validation only,Python sorted Unicode identity strings
atanas,4,165,SMBDR,outer train + validation only,Python sorted Unicode identity strings
atanas,4,166,SMBV?,outer train + validation only,Python sorted Unicode identity strings
atanas,4,167,SMBVL,outer train + validation only,Python sorted Unicode identity strings
atanas,4,168,SMBVR,outer train + validation only,Python sorted Unicode identity strings
atanas,4,169,SMDD?,outer train + validation only,Python sorted Unicode identity strings
atanas,4,170,SMDDL,outer train + validation only,Python sorted Unicode identity strings
atanas,4,171,SMDDR,outer train + validation only,Python sorted Unicode identity strings
atanas,4,172,SMDVL,outer train + validation only,Python sorted Unicode identity strings
atanas,4,173,SMDVR,outer train + validation only,Python sorted Unicode identity strings
atanas,4,174,URAD?,outer train + validation only,Python sorted Unicode identity strings
atanas,4,175,URADL,outer train + validation only,Python sorted Unicode identity strings
atanas,4,176,URADR,outer train + validation only,Python sorted Unicode identity strings
atanas,4,177,URAVL,outer train + validation only,Python sorted Unicode identity strings
atanas,4,178,URAVR,outer train + validation only,Python sorted Unicode identity strings
atanas,4,179,URBL,outer train + validation only,Python sorted Unicode identity strings
atanas,4,180,URBR,outer train + validation only,Python sorted Unicode identity strings
atanas,4,181,URXL,outer train + validation only,Python sorted Unicode identity strings
atanas,4,182,URXR,outer train + validation only,Python sorted Unicode identity strings
atanas,4,183,URYD?,outer train + validation only,Python sorted Unicode identity strings
atanas,4,184,URYDL,outer train + validation only,Python sorted Unicode identity strings
atanas,4,185,URYDR,outer train + validation only,Python sorted Unicode identity strings
atanas,4,186,URYVL,outer train + validation only,Python sorted Unicode identity strings
atanas,4,187,URYVR,outer train + validation only,Python sorted Unicode identity strings
atanas,4,188,VB02,outer train + validation only,Python sorted Unicode identity strings
rld,0,0,(CEPDR),outer train + validation only,Python sorted Unicode identity strings
rld,0,1,(DB1),outer train + validation only,Python sorted Unicode identity strings
rld,0,2,ADAL,outer train + validation only,Python sorted Unicode identity strings
rld,0,3,ADAR,outer train + validation only,Python sorted Unicode identity strings
rld,0,4,ADEL,outer train + validation only,Python sorted Unicode identity strings
rld,0,5,ADER,outer train + validation only,Python sorted Unicode identity strings
rld,0,6,ADFL,outer train + validation only,Python sorted Unicode identity strings
rld,0,7,ADFR,outer train + validation only,Python sorted Unicode identity strings
rld,0,8,ADLL,outer train + validation only,Python sorted Unicode identity strings
rld,0,9,AFDL,outer train + validation only,Python sorted Unicode identity strings
rld,0,10,AFDL?,outer train + validation only,Python sorted Unicode identity strings
rld,0,11,AFDR,outer train + validation only,Python sorted Unicode identity strings
rld,0,12,AIBL,outer train + validation only,Python sorted Unicode identity strings
rld,0,13,AIBR,outer train + validation only,Python sorted Unicode identity strings
rld,0,14,AIML,outer train + validation only,Python sorted Unicode identity strings
rld,0,15,AIMR,outer train + validation only,Python sorted Unicode identity strings
rld,0,16,AINL,outer train + validation only,Python sorted Unicode identity strings
rld,0,17,AINR,outer train + validation only,Python sorted Unicode identity strings
rld,0,18,AIYL,outer train + validation only,Python sorted Unicode identity strings
rld,0,19,AIYR,outer train + validation only,Python sorted Unicode identity strings
rld,0,20,AIZL,outer train + validation only,Python sorted Unicode identity strings
rld,0,21,AIZR,outer train + validation only,Python sorted Unicode identity strings
rld,0,22,ALA,outer train + validation only,Python sorted Unicode identity strings
rld,0,23,AQR,outer train + validation only,Python sorted Unicode identity strings
rld,0,24,ASEL,outer train + validation only,Python sorted Unicode identity strings
rld,0,25,ASER,outer train + validation only,Python sorted Unicode identity strings
rld,0,26,ASGL,outer train + validation only,Python sorted Unicode identity strings
rld,0,27,ASGR,outer train + validation only,Python sorted Unicode identity strings
rld,0,28,ASJR,outer train + validation only,Python sorted Unicode identity strings
rld,0,29,ASKL,outer train + validation only,Python sorted Unicode identity strings
rld,0,30,ASKR,outer train + validation only,Python sorted Unicode identity strings
rld,0,31,AVAL,outer train + validation only,Python sorted Unicode identity strings
rld,0,32,AVAR,outer train + validation only,Python sorted Unicode identity strings
rld,0,33,AVBL,outer train + validation only,Python sorted Unicode identity strings
rld,0,34,AVDL,outer train + validation only,Python sorted Unicode identity strings
rld,0,35,AVDR,outer train + validation only,Python sorted Unicode identity strings
rld,0,36,AVEL,outer train + validation only,Python sorted Unicode identity strings
rld,0,37,AVER,outer train + validation only,Python sorted Unicode identity strings
rld,0,38,AVHL,outer train + validation only,Python sorted Unicode identity strings
rld,0,39,AVHR,outer train + validation only,Python sorted Unicode identity strings
rld,0,40,AVJL,outer train + validation only,Python sorted Unicode identity strings
rld,0,41,AVJR,outer train + validation only,Python sorted Unicode identity strings
rld,0,42,AVKL,outer train + validation only,Python sorted Unicode identity strings
rld,0,43,AVKR,outer train + validation only,Python sorted Unicode identity strings
rld,0,44,AVL,outer train + validation only,Python sorted Unicode identity strings
rld,0,45,AWAL,outer train + validation only,Python sorted Unicode identity strings
rld,0,46,AWAR,outer train + validation only,Python sorted Unicode identity strings
rld,0,47,AWBL,outer train + validation only,Python sorted Unicode identity strings
rld,0,48,AWBR,outer train + validation only,Python sorted Unicode identity strings
rld,0,49,BAGL,outer train + validation only,Python sorted Unicode identity strings
rld,0,50,BAGR,outer train + validation only,Python sorted Unicode identity strings
rld,0,51,CEPDL,outer train + validation only,Python sorted Unicode identity strings
rld,0,52,CEPDR,outer train + validation only,Python sorted Unicode identity strings
rld,0,53,CEPVL,outer train + validation only,Python sorted Unicode identity strings
rld,0,54,CEPVR,outer train + validation only,Python sorted Unicode identity strings
rld,0,55,FLPL,outer train + validation only,Python sorted Unicode identity strings
rld,0,56,FLPR,outer train + validation only,Python sorted Unicode identity strings
rld,0,57,IL1DL,outer train + validation only,Python sorted Unicode identity strings
rld,0,58,IL1DR,outer train + validation only,Python sorted Unicode identity strings
rld,0,59,IL1L,outer train + validation only,Python sorted Unicode identity strings
rld,0,60,IL1R,outer train + validation only,Python sorted Unicode identity strings
rld,0,61,IL1VL,outer train + validation only,Python sorted Unicode identity strings
rld,0,62,IL1VR,outer train + validation only,Python sorted Unicode identity strings
rld,0,63,IL2DL,outer train + validation only,Python sorted Unicode identity strings
rld,0,64,IL2DR,outer train + validation only,Python sorted Unicode identity strings
rld,0,65,IL2L,outer train + validation only,Python sorted Unicode identity strings
rld,0,66,IL2VL,outer train + validation only,Python sorted Unicode identity strings
rld,0,67,IL2VR,outer train + validation only,Python sorted Unicode identity strings
rld,0,68,M1,outer train + validation only,Python sorted Unicode identity strings
rld,0,69,M3L,outer train + validation only,Python sorted Unicode identity strings
rld,0,70,OLLL,outer train + validation only,Python sorted Unicode identity strings
rld,0,71,OLLR,outer train + validation only,Python sorted Unicode identity strings
rld,0,72,OLQDL,outer train + validation only,Python sorted Unicode identity strings
rld,0,73,OLQDR,outer train + validation only,Python sorted Unicode identity strings
rld,0,74,OLQR,outer train + validation only,Python sorted Unicode identity strings
rld,0,75,OLQVL,outer train + validation only,Python sorted Unicode identity strings
rld,0,76,OLQVR,outer train + validation only,Python sorted Unicode identity strings
rld,0,77,REMV,outer train + validation only,Python sorted Unicode identity strings
rld,0,78,RIAL,outer train + validation only,Python sorted Unicode identity strings
rld,0,79,RIAR,outer train + validation only,Python sorted Unicode identity strings
rld,0,80,RIBL,outer train + validation only,Python sorted Unicode identity strings
rld,0,81,RIBR,outer train + validation only,Python sorted Unicode identity strings
rld,0,82,RICL,outer train + validation only,Python sorted Unicode identity strings
rld,0,83,RID,outer train + validation only,Python sorted Unicode identity strings
rld,0,84,RIML,outer train + validation only,Python sorted Unicode identity strings
rld,0,85,RIMR,outer train + validation only,Python sorted Unicode identity strings
rld,0,86,RIVL,outer train + validation only,Python sorted Unicode identity strings
rld,0,87,RIVR,outer train + validation only,Python sorted Unicode identity strings
rld,0,88,RMDDL,outer train + validation only,Python sorted Unicode identity strings
rld,0,89,RMDDR,outer train + validation only,Python sorted Unicode identity strings
rld,0,90,RMDL,outer train + validation only,Python sorted Unicode identity strings
rld,0,91,RMDR,outer train + validation only,Python sorted Unicode identity strings
rld,0,92,RMDVL,outer train + validation only,Python sorted Unicode identity strings
rld,0,93,RMDVR,outer train + validation only,Python sorted Unicode identity strings
rld,0,94,RMED,outer train + validation only,Python sorted Unicode identity strings
rld,0,95,RMEL,outer train + validation only,Python sorted Unicode identity strings
rld,0,96,RMER,outer train + validation only,Python sorted Unicode identity strings
rld,0,97,RMEV,outer train + validation only,Python sorted Unicode identity strings
rld,0,98,SAAVL,outer train + validation only,Python sorted Unicode identity strings
rld,0,99,SAAVR,outer train + validation only,Python sorted Unicode identity strings
rld,0,100,SIADL,outer train + validation only,Python sorted Unicode identity strings
rld,0,101,SIADR,outer train + validation only,Python sorted Unicode identity strings
rld,0,102,SIAR,outer train + validation only,Python sorted Unicode identity strings
rld,0,103,SIAVL,outer train + validation only,Python sorted Unicode identity strings
rld,0,104,SIAVR,outer train + validation only,Python sorted Unicode identity strings
rld,0,105,SIBDR,outer train + validation only,Python sorted Unicode identity strings
rld,0,106,SIBVL,outer train + validation only,Python sorted Unicode identity strings
rld,0,107,SMBDL,outer train + validation only,Python sorted Unicode identity strings
rld,0,108,SMBDR,outer train + validation only,Python sorted Unicode identity strings
rld,0,109,SMBVL,outer train + validation only,Python sorted Unicode identity strings
rld,0,110,SMBVR,outer train + validation only,Python sorted Unicode identity strings
rld,0,111,SMDDL,outer train + validation only,Python sorted Unicode identity strings
rld,0,112,SMDDR,outer train + validation only,Python sorted Unicode identity strings
rld,0,113,SMDVL,outer train + validation only,Python sorted Unicode identity strings
rld,0,114,SMDVR,outer train + validation only,Python sorted Unicode identity strings
rld,0,115,URADL,outer train + validation only,Python sorted Unicode identity strings
rld,0,116,URADR,outer train + validation only,Python sorted Unicode identity strings
rld,0,117,URBL,outer train + validation only,Python sorted Unicode identity strings
rld,0,118,URBR,outer train + validation only,Python sorted Unicode identity strings
rld,0,119,URXL,outer train + validation only,Python sorted Unicode identity strings
rld,0,120,URXR,outer train + validation only,Python sorted Unicode identity strings
rld,0,121,URXVR,outer train + validation only,Python sorted Unicode identity strings
rld,0,122,URYDL,outer train + validation only,Python sorted Unicode identity strings
rld,0,123,URYDR,outer train + validation only,Python sorted Unicode identity strings
rld,0,124,URYVL,outer train + validation only,Python sorted Unicode identity strings
rld,0,125,URYVR,outer train + validation only,Python sorted Unicode identity strings
rld,0,126,VB1,outer train + validation only,Python sorted Unicode identity strings
rld,0,127,VB2,outer train + validation only,Python sorted Unicode identity strings
rld,1,0,(CEPDR),outer train + validation only,Python sorted Unicode identity strings
rld,1,1,(DB1),outer train + validation only,Python sorted Unicode identity strings
rld,1,2,ADAL,outer train + validation only,Python sorted Unicode identity strings
rld,1,3,ADAR,outer train + validation only,Python sorted Unicode identity strings
rld,1,4,ADEL,outer train + validation only,Python sorted Unicode identity strings
rld,1,5,ADER,outer train + validation only,Python sorted Unicode identity strings
rld,1,6,ADFL,outer train + validation only,Python sorted Unicode identity strings
rld,1,7,ADFR,outer train + validation only,Python sorted Unicode identity strings
rld,1,8,ADLL,outer train + validation only,Python sorted Unicode identity strings
rld,1,9,AFDL,outer train + validation only,Python sorted Unicode identity strings
rld,1,10,AFDL?,outer train + validation only,Python sorted Unicode identity strings
rld,1,11,AFDR,outer train + validation only,Python sorted Unicode identity strings
rld,1,12,AIBL,outer train + validation only,Python sorted Unicode identity strings
rld,1,13,AIBR,outer train + validation only,Python sorted Unicode identity strings
rld,1,14,AIML,outer train + validation only,Python sorted Unicode identity strings
rld,1,15,AIMR,outer train + validation only,Python sorted Unicode identity strings
rld,1,16,AINL,outer train + validation only,Python sorted Unicode identity strings
rld,1,17,AINR,outer train + validation only,Python sorted Unicode identity strings
rld,1,18,AINR?,outer train + validation only,Python sorted Unicode identity strings
rld,1,19,AIYL,outer train + validation only,Python sorted Unicode identity strings
rld,1,20,AIYR,outer train + validation only,Python sorted Unicode identity strings
rld,1,21,AIZL,outer train + validation only,Python sorted Unicode identity strings
rld,1,22,ALA,outer train + validation only,Python sorted Unicode identity strings
rld,1,23,AQR,outer train + validation only,Python sorted Unicode identity strings
rld,1,24,AQR?,outer train + validation only,Python sorted Unicode identity strings
rld,1,25,ASEL,outer train + validation only,Python sorted Unicode identity strings
rld,1,26,ASER,outer train + validation only,Python sorted Unicode identity strings
rld,1,27,ASGL,outer train + validation only,Python sorted Unicode identity strings
rld,1,28,ASGR,outer train + validation only,Python sorted Unicode identity strings
rld,1,29,ASJR,outer train + validation only,Python sorted Unicode identity strings
rld,1,30,ASKL,outer train + validation only,Python sorted Unicode identity strings
rld,1,31,ASKR,outer train + validation only,Python sorted Unicode identity strings
rld,1,32,AVAL,outer train + validation only,Python sorted Unicode identity strings
rld,1,33,AVAR,outer train + validation only,Python sorted Unicode identity strings
rld,1,34,AVBL,outer train + validation only,Python sorted Unicode identity strings
rld,1,35,AVDL,outer train + validation only,Python sorted Unicode identity strings
rld,1,36,AVDR,outer train + validation only,Python sorted Unicode identity strings
rld,1,37,AVEL,outer train + validation only,Python sorted Unicode identity strings
rld,1,38,AVEL?,outer train + validation only,Python sorted Unicode identity strings
rld,1,39,AVER,outer train + validation only,Python sorted Unicode identity strings
rld,1,40,AVG,outer train + validation only,Python sorted Unicode identity strings
rld,1,41,AVHL,outer train + validation only,Python sorted Unicode identity strings
rld,1,42,AVHR,outer train + validation only,Python sorted Unicode identity strings
rld,1,43,AVHR?,outer train + validation only,Python sorted Unicode identity strings
rld,1,44,AVJL,outer train + validation only,Python sorted Unicode identity strings
rld,1,45,AVJL?,outer train + validation only,Python sorted Unicode identity strings
rld,1,46,AVJR,outer train + validation only,Python sorted Unicode identity strings
rld,1,47,AVKL,outer train + validation only,Python sorted Unicode identity strings
rld,1,48,AVKR,outer train + validation only,Python sorted Unicode identity strings
rld,1,49,AWAL,outer train + validation only,Python sorted Unicode identity strings
rld,1,50,AWAR,outer train + validation only,Python sorted Unicode identity strings
rld,1,51,AWBL,outer train + validation only,Python sorted Unicode identity strings
rld,1,52,AWBR,outer train + validation only,Python sorted Unicode identity strings
rld,1,53,BAGL,outer train + validation only,Python sorted Unicode identity strings
rld,1,54,BAGR,outer train + validation only,Python sorted Unicode identity strings
rld,1,55,CEPDL,outer train + validation only,Python sorted Unicode identity strings
rld,1,56,CEPDR,outer train + validation only,Python sorted Unicode identity strings
rld,1,57,CEPVL,outer train + validation only,Python sorted Unicode identity strings
rld,1,58,CEPVR,outer train + validation only,Python sorted Unicode identity strings
rld,1,59,FLPL,outer train + validation only,Python sorted Unicode identity strings
rld,1,60,FLPR,outer train + validation only,Python sorted Unicode identity strings
rld,1,61,FLPR?,outer train + validation only,Python sorted Unicode identity strings
rld,1,62,I2L?,outer train + validation only,Python sorted Unicode identity strings
rld,1,63,I3,outer train + validation only,Python sorted Unicode identity strings
rld,1,64,I6?,outer train + validation only,Python sorted Unicode identity strings
rld,1,65,IL1DL,outer train + validation only,Python sorted Unicode identity strings
rld,1,66,IL1DR,outer train + validation only,Python sorted Unicode identity strings
rld,1,67,IL1L,outer train + validation only,Python sorted Unicode identity strings
rld,1,68,IL1R,outer train + validation only,Python sorted Unicode identity strings
rld,1,69,IL1VL,outer train + validation only,Python sorted Unicode identity strings
rld,1,70,IL1VR,outer train + validation only,Python sorted Unicode identity strings
rld,1,71,IL2DL,outer train + validation only,Python sorted Unicode identity strings
rld,1,72,IL2DR,outer train + validation only,Python sorted Unicode identity strings
rld,1,73,IL2L,outer train + validation only,Python sorted Unicode identity strings
rld,1,74,IL2VL,outer train + validation only,Python sorted Unicode identity strings
rld,1,75,IL2VR,outer train + validation only,Python sorted Unicode identity strings
rld,1,76,M1,outer train + validation only,Python sorted Unicode identity strings
rld,1,77,M1?,outer train + validation only,Python sorted Unicode identity strings
rld,1,78,M3L,outer train + validation only,Python sorted Unicode identity strings
rld,1,79,M4,outer train + validation only,Python sorted Unicode identity strings
rld,1,80,M5?,outer train + validation only,Python sorted Unicode identity strings
rld,1,81,MI,outer train + validation only,Python sorted Unicode identity strings
rld,1,82,NSML,outer train + validation only,Python sorted Unicode identity strings
rld,1,83,NSML?,outer train + validation only,Python sorted Unicode identity strings
rld,1,84,NSMR,outer train + validation only,Python sorted Unicode identity strings
rld,1,85,NSMR?,outer train + validation only,Python sorted Unicode identity strings
rld,1,86,OLLL,outer train + validation only,Python sorted Unicode identity strings
rld,1,87,OLLR,outer train + validation only,Python sorted Unicode identity strings
rld,1,88,OLQDL,outer train + validation only,Python sorted Unicode identity strings
rld,1,89,OLQDR,outer train + validation only,Python sorted Unicode identity strings
rld,1,90,OLQR,outer train + validation only,Python sorted Unicode identity strings
rld,1,91,OLQVL,outer train + validation only,Python sorted Unicode identity strings
rld,1,92,OLQVR,outer train + validation only,Python sorted Unicode identity strings
rld,1,93,RIAL,outer train + validation only,Python sorted Unicode identity strings
rld,1,94,RIAR,outer train + validation only,Python sorted Unicode identity strings
rld,1,95,RIBL,outer train + validation only,Python sorted Unicode identity strings
rld,1,96,RIBR,outer train + validation only,Python sorted Unicode identity strings
rld,1,97,RICL,outer train + validation only,Python sorted Unicode identity strings
rld,1,98,RID,outer train + validation only,Python sorted Unicode identity strings
rld,1,99,RIDR,outer train + validation only,Python sorted Unicode identity strings
rld,1,100,RIML,outer train + validation only,Python sorted Unicode identity strings
rld,1,101,RIMR,outer train + validation only,Python sorted Unicode identity strings
rld,1,102,RIVL,outer train + validation only,Python sorted Unicode identity strings
rld,1,103,RIVR,outer train + validation only,Python sorted Unicode identity strings
rld,1,104,RIVR?,outer train + validation only,Python sorted Unicode identity strings
rld,1,105,RMDDL,outer train + validation only,Python sorted Unicode identity strings
rld,1,106,RMDDR,outer train + validation only,Python sorted Unicode identity strings
rld,1,107,RMDL,outer train + validation only,Python sorted Unicode identity strings
rld,1,108,RMDR,outer train + validation only,Python sorted Unicode identity strings
rld,1,109,RMDR?,outer train + validation only,Python sorted Unicode identity strings
rld,1,110,RMDVL,outer train + validation only,Python sorted Unicode identity strings
rld,1,111,RMDVR,outer train + validation only,Python sorted Unicode identity strings
rld,1,112,RMED,outer train + validation only,Python sorted Unicode identity strings
rld,1,113,RMEL,outer train + validation only,Python sorted Unicode identity strings
rld,1,114,RMER,outer train + validation only,Python sorted Unicode identity strings
rld,1,115,RMEV,outer train + validation only,Python sorted Unicode identity strings
rld,1,116,RMEV?,outer train + validation only,Python sorted Unicode identity strings
rld,1,117,RMFR,outer train + validation only,Python sorted Unicode identity strings
rld,1,118,RMGR,outer train + validation only,Python sorted Unicode identity strings
rld,1,119,SAAVL,outer train + validation only,Python sorted Unicode identity strings
rld,1,120,SAAVR,outer train + validation only,Python sorted Unicode identity strings
rld,1,121,SIADL,outer train + validation only,Python sorted Unicode identity strings
rld,1,122,SIADR,outer train + validation only,Python sorted Unicode identity strings
rld,1,123,SIAR,outer train + validation only,Python sorted Unicode identity strings
rld,1,124,SIAVL,outer train + validation only,Python sorted Unicode identity strings
rld,1,125,SIAVR,outer train + validation only,Python sorted Unicode identity strings
rld,1,126,SIBDR,outer train + validation only,Python sorted Unicode identity strings
rld,1,127,SIBVL,outer train + validation only,Python sorted Unicode identity strings
rld,1,128,SIBVR,outer train + validation only,Python sorted Unicode identity strings
rld,1,129,SMBDL,outer train + validation only,Python sorted Unicode identity strings
rld,1,130,SMBDL?,outer train + validation only,Python sorted Unicode identity strings
rld,1,131,SMBDR,outer train + validation only,Python sorted Unicode identity strings
rld,1,132,SMBVL,outer train + validation only,Python sorted Unicode identity strings
rld,1,133,SMBVR,outer train + validation only,Python sorted Unicode identity strings
rld,1,134,SMDDL,outer train + validation only,Python sorted Unicode identity strings
rld,1,135,SMDDR,outer train + validation only,Python sorted Unicode identity strings
rld,1,136,SMDVL,outer train + validation only,Python sorted Unicode identity strings
rld,1,137,SMDVL?,outer train + validation only,Python sorted Unicode identity strings
rld,1,138,SMDVR,outer train + validation only,Python sorted Unicode identity strings
rld,1,139,SMDVR?,outer train + validation only,Python sorted Unicode identity strings
rld,1,140,URADL,outer train + validation only,Python sorted Unicode identity strings
rld,1,141,URADR,outer train + validation only,Python sorted Unicode identity strings
rld,1,142,URAVR,outer train + validation only,Python sorted Unicode identity strings
rld,1,143,URBL,outer train + validation only,Python sorted Unicode identity strings
rld,1,144,URBR,outer train + validation only,Python sorted Unicode identity strings
rld,1,145,URXL,outer train + validation only,Python sorted Unicode identity strings
rld,1,146,URXL?,outer train + validation only,Python sorted Unicode identity strings
rld,1,147,URXR,outer train + validation only,Python sorted Unicode identity strings
rld,1,148,URXVR,outer train + validation only,Python sorted Unicode identity strings
rld,1,149,URYDL,outer train + validation only,Python sorted Unicode identity strings
rld,1,150,URYDR,outer train + validation only,Python sorted Unicode identity strings
rld,1,151,URYVL,outer train + validation only,Python sorted Unicode identity strings
rld,1,152,URYVR,outer train + validation only,Python sorted Unicode identity strings
rld,1,153,VB1,outer train + validation only,Python sorted Unicode identity strings
rld,1,154,VB2,outer train + validation only,Python sorted Unicode identity strings
rld,2,0,(CEPDR),outer train + validation only,Python sorted Unicode identity strings
rld,2,1,(DB1),outer train + validation only,Python sorted Unicode identity strings
rld,2,2,ADAL,outer train + validation only,Python sorted Unicode identity strings
rld,2,3,ADAR,outer train + validation only,Python sorted Unicode identity strings
rld,2,4,ADEL,outer train + validation only,Python sorted Unicode identity strings
rld,2,5,ADER,outer train + validation only,Python sorted Unicode identity strings
rld,2,6,ADFL,outer train + validation only,Python sorted Unicode identity strings
rld,2,7,ADFR,outer train + validation only,Python sorted Unicode identity strings
rld,2,8,ADLL,outer train + validation only,Python sorted Unicode identity strings
rld,2,9,AFDL,outer train + validation only,Python sorted Unicode identity strings
rld,2,10,AFDR,outer train + validation only,Python sorted Unicode identity strings
rld,2,11,AIBL,outer train + validation only,Python sorted Unicode identity strings
rld,2,12,AIBR,outer train + validation only,Python sorted Unicode identity strings
rld,2,13,AIML,outer train + validation only,Python sorted Unicode identity strings
rld,2,14,AIMR,outer train + validation only,Python sorted Unicode identity strings
rld,2,15,AINL,outer train + validation only,Python sorted Unicode identity strings
rld,2,16,AINR,outer train + validation only,Python sorted Unicode identity strings
rld,2,17,AINR?,outer train + validation only,Python sorted Unicode identity strings
rld,2,18,AIYL,outer train + validation only,Python sorted Unicode identity strings
rld,2,19,AIYR,outer train + validation only,Python sorted Unicode identity strings
rld,2,20,AIZL,outer train + validation only,Python sorted Unicode identity strings
rld,2,21,AIZR,outer train + validation only,Python sorted Unicode identity strings
rld,2,22,ALA,outer train + validation only,Python sorted Unicode identity strings
rld,2,23,AQR,outer train + validation only,Python sorted Unicode identity strings
rld,2,24,AQR?,outer train + validation only,Python sorted Unicode identity strings
rld,2,25,ASEL,outer train + validation only,Python sorted Unicode identity strings
rld,2,26,ASER,outer train + validation only,Python sorted Unicode identity strings
rld,2,27,ASGL,outer train + validation only,Python sorted Unicode identity strings
rld,2,28,ASGR,outer train + validation only,Python sorted Unicode identity strings
rld,2,29,ASKL,outer train + validation only,Python sorted Unicode identity strings
rld,2,30,ASKR,outer train + validation only,Python sorted Unicode identity strings
rld,2,31,AVAL,outer train + validation only,Python sorted Unicode identity strings
rld,2,32,AVAR,outer train + validation only,Python sorted Unicode identity strings
rld,2,33,AVBL,outer train + validation only,Python sorted Unicode identity strings
rld,2,34,AVDL,outer train + validation only,Python sorted Unicode identity strings
rld,2,35,AVDR,outer train + validation only,Python sorted Unicode identity strings
rld,2,36,AVEL,outer train + validation only,Python sorted Unicode identity strings
rld,2,37,AVEL?,outer train + validation only,Python sorted Unicode identity strings
rld,2,38,AVER,outer train + validation only,Python sorted Unicode identity strings
rld,2,39,AVG,outer train + validation only,Python sorted Unicode identity strings
rld,2,40,AVHL,outer train + validation only,Python sorted Unicode identity strings
rld,2,41,AVHR,outer train + validation only,Python sorted Unicode identity strings
rld,2,42,AVHR?,outer train + validation only,Python sorted Unicode identity strings
rld,2,43,AVJL,outer train + validation only,Python sorted Unicode identity strings
rld,2,44,AVJL?,outer train + validation only,Python sorted Unicode identity strings
rld,2,45,AVJR,outer train + validation only,Python sorted Unicode identity strings
rld,2,46,AVKL,outer train + validation only,Python sorted Unicode identity strings
rld,2,47,AVKR,outer train + validation only,Python sorted Unicode identity strings
rld,2,48,AVL,outer train + validation only,Python sorted Unicode identity strings
rld,2,49,AWAL,outer train + validation only,Python sorted Unicode identity strings
rld,2,50,AWAR,outer train + validation only,Python sorted Unicode identity strings
rld,2,51,AWBL,outer train + validation only,Python sorted Unicode identity strings
rld,2,52,AWBR,outer train + validation only,Python sorted Unicode identity strings
rld,2,53,BAGL,outer train + validation only,Python sorted Unicode identity strings
rld,2,54,BAGR,outer train + validation only,Python sorted Unicode identity strings
rld,2,55,CEPDL,outer train + validation only,Python sorted Unicode identity strings
rld,2,56,CEPDR,outer train + validation only,Python sorted Unicode identity strings
rld,2,57,CEPVL,outer train + validation only,Python sorted Unicode identity strings
rld,2,58,CEPVR,outer train + validation only,Python sorted Unicode identity strings
rld,2,59,FLPL,outer train + validation only,Python sorted Unicode identity strings
rld,2,60,FLPR,outer train + validation only,Python sorted Unicode identity strings
rld,2,61,FLPR?,outer train + validation only,Python sorted Unicode identity strings
rld,2,62,I2L?,outer train + validation only,Python sorted Unicode identity strings
rld,2,63,I3,outer train + validation only,Python sorted Unicode identity strings
rld,2,64,I6?,outer train + validation only,Python sorted Unicode identity strings
rld,2,65,IL1DL,outer train + validation only,Python sorted Unicode identity strings
rld,2,66,IL1DR,outer train + validation only,Python sorted Unicode identity strings
rld,2,67,IL1L,outer train + validation only,Python sorted Unicode identity strings
rld,2,68,IL1R,outer train + validation only,Python sorted Unicode identity strings
rld,2,69,IL1VL,outer train + validation only,Python sorted Unicode identity strings
rld,2,70,IL1VR,outer train + validation only,Python sorted Unicode identity strings
rld,2,71,IL2DL,outer train + validation only,Python sorted Unicode identity strings
rld,2,72,IL2DR,outer train + validation only,Python sorted Unicode identity strings
rld,2,73,IL2L,outer train + validation only,Python sorted Unicode identity strings
rld,2,74,IL2VL,outer train + validation only,Python sorted Unicode identity strings
rld,2,75,IL2VR,outer train + validation only,Python sorted Unicode identity strings
rld,2,76,M1,outer train + validation only,Python sorted Unicode identity strings
rld,2,77,M1?,outer train + validation only,Python sorted Unicode identity strings
rld,2,78,M3L,outer train + validation only,Python sorted Unicode identity strings
rld,2,79,M4,outer train + validation only,Python sorted Unicode identity strings
rld,2,80,M5?,outer train + validation only,Python sorted Unicode identity strings
rld,2,81,MI,outer train + validation only,Python sorted Unicode identity strings
rld,2,82,NSML,outer train + validation only,Python sorted Unicode identity strings
rld,2,83,NSML?,outer train + validation only,Python sorted Unicode identity strings
rld,2,84,NSMR,outer train + validation only,Python sorted Unicode identity strings
rld,2,85,NSMR?,outer train + validation only,Python sorted Unicode identity strings
rld,2,86,OLLL,outer train + validation only,Python sorted Unicode identity strings
rld,2,87,OLLR,outer train + validation only,Python sorted Unicode identity strings
rld,2,88,OLQDL,outer train + validation only,Python sorted Unicode identity strings
rld,2,89,OLQDR,outer train + validation only,Python sorted Unicode identity strings
rld,2,90,OLQR,outer train + validation only,Python sorted Unicode identity strings
rld,2,91,OLQVL,outer train + validation only,Python sorted Unicode identity strings
rld,2,92,OLQVR,outer train + validation only,Python sorted Unicode identity strings
rld,2,93,REMV,outer train + validation only,Python sorted Unicode identity strings
rld,2,94,RIAL,outer train + validation only,Python sorted Unicode identity strings
rld,2,95,RIAR,outer train + validation only,Python sorted Unicode identity strings
rld,2,96,RIBL,outer train + validation only,Python sorted Unicode identity strings
rld,2,97,RIBR,outer train + validation only,Python sorted Unicode identity strings
rld,2,98,RICL,outer train + validation only,Python sorted Unicode identity strings
rld,2,99,RID,outer train + validation only,Python sorted Unicode identity strings
rld,2,100,RIDR,outer train + validation only,Python sorted Unicode identity strings
rld,2,101,RIML,outer train + validation only,Python sorted Unicode identity strings
rld,2,102,RIMR,outer train + validation only,Python sorted Unicode identity strings
rld,2,103,RIVL,outer train + validation only,Python sorted Unicode identity strings
rld,2,104,RIVR,outer train + validation only,Python sorted Unicode identity strings
rld,2,105,RIVR?,outer train + validation only,Python sorted Unicode identity strings
rld,2,106,RMDDL,outer train + validation only,Python sorted Unicode identity strings
rld,2,107,RMDDR,outer train + validation only,Python sorted Unicode identity strings
rld,2,108,RMDL,outer train + validation only,Python sorted Unicode identity strings
rld,2,109,RMDR,outer train + validation only,Python sorted Unicode identity strings
rld,2,110,RMDR?,outer train + validation only,Python sorted Unicode identity strings
rld,2,111,RMDVL,outer train + validation only,Python sorted Unicode identity strings
rld,2,112,RMDVR,outer train + validation only,Python sorted Unicode identity strings
rld,2,113,RMED,outer train + validation only,Python sorted Unicode identity strings
rld,2,114,RMEL,outer train + validation only,Python sorted Unicode identity strings
rld,2,115,RMER,outer train + validation only,Python sorted Unicode identity strings
rld,2,116,RMEV,outer train + validation only,Python sorted Unicode identity strings
rld,2,117,RMEV?,outer train + validation only,Python sorted Unicode identity strings
rld,2,118,RMFR,outer train + validation only,Python sorted Unicode identity strings
rld,2,119,RMGR,outer train + validation only,Python sorted Unicode identity strings
rld,2,120,SAAVL,outer train + validation only,Python sorted Unicode identity strings
rld,2,121,SAAVR,outer train + validation only,Python sorted Unicode identity strings
rld,2,122,SIADR,outer train + validation only,Python sorted Unicode identity strings
rld,2,123,SIAVL,outer train + validation only,Python sorted Unicode identity strings
rld,2,124,SIAVR,outer train + validation only,Python sorted Unicode identity strings
rld,2,125,SIBVL,outer train + validation only,Python sorted Unicode identity strings
rld,2,126,SIBVR,outer train + validation only,Python sorted Unicode identity strings
rld,2,127,SMBDL,outer train + validation only,Python sorted Unicode identity strings
rld,2,128,SMBDL?,outer train + validation only,Python sorted Unicode identity strings
rld,2,129,SMBDR,outer train + validation only,Python sorted Unicode identity strings
rld,2,130,SMBVL,outer train + validation only,Python sorted Unicode identity strings
rld,2,131,SMBVR,outer train + validation only,Python sorted Unicode identity strings
rld,2,132,SMDDL,outer train + validation only,Python sorted Unicode identity strings
rld,2,133,SMDDR,outer train + validation only,Python sorted Unicode identity strings
rld,2,134,SMDVL,outer train + validation only,Python sorted Unicode identity strings
rld,2,135,SMDVL?,outer train + validation only,Python sorted Unicode identity strings
rld,2,136,SMDVR,outer train + validation only,Python sorted Unicode identity strings
rld,2,137,SMDVR?,outer train + validation only,Python sorted Unicode identity strings
rld,2,138,URADL,outer train + validation only,Python sorted Unicode identity strings
rld,2,139,URADR,outer train + validation only,Python sorted Unicode identity strings
rld,2,140,URAVR,outer train + validation only,Python sorted Unicode identity strings
rld,2,141,URBL,outer train + validation only,Python sorted Unicode identity strings
rld,2,142,URBR,outer train + validation only,Python sorted Unicode identity strings
rld,2,143,URXL,outer train + validation only,Python sorted Unicode identity strings
rld,2,144,URXL?,outer train + validation only,Python sorted Unicode identity strings
rld,2,145,URXR,outer train + validation only,Python sorted Unicode identity strings
rld,2,146,URXVR,outer train + validation only,Python sorted Unicode identity strings
rld,2,147,URYDL,outer train + validation only,Python sorted Unicode identity strings
rld,2,148,URYDR,outer train + validation only,Python sorted Unicode identity strings
rld,2,149,URYVL,outer train + validation only,Python sorted Unicode identity strings
rld,2,150,URYVR,outer train + validation only,Python sorted Unicode identity strings
rld,2,151,VB1,outer train + validation only,Python sorted Unicode identity strings
rld,2,152,VB2,outer train + validation only,Python sorted Unicode identity strings
rld,3,0,ADAL,outer train + validation only,Python sorted Unicode identity strings
rld,3,1,ADEL,outer train + validation only,Python sorted Unicode identity strings
rld,3,2,ADER,outer train + validation only,Python sorted Unicode identity strings
rld,3,3,ADFL,outer train + validation only,Python sorted Unicode identity strings
rld,3,4,ADFR,outer train + validation only,Python sorted Unicode identity strings
rld,3,5,ADLL,outer train + validation only,Python sorted Unicode identity strings
rld,3,6,AFDL,outer train + validation only,Python sorted Unicode identity strings
rld,3,7,AFDL?,outer train + validation only,Python sorted Unicode identity strings
rld,3,8,AFDR,outer train + validation only,Python sorted Unicode identity strings
rld,3,9,AIBL,outer train + validation only,Python sorted Unicode identity strings
rld,3,10,AIBR,outer train + validation only,Python sorted Unicode identity strings
rld,3,11,AIML,outer train + validation only,Python sorted Unicode identity strings
rld,3,12,AIMR,outer train + validation only,Python sorted Unicode identity strings
rld,3,13,AINL,outer train + validation only,Python sorted Unicode identity strings
rld,3,14,AINR,outer train + validation only,Python sorted Unicode identity strings
rld,3,15,AINR?,outer train + validation only,Python sorted Unicode identity strings
rld,3,16,AIYL,outer train + validation only,Python sorted Unicode identity strings
rld,3,17,AIYR,outer train + validation only,Python sorted Unicode identity strings
rld,3,18,AIZL,outer train + validation only,Python sorted Unicode identity strings
rld,3,19,AIZR,outer train + validation only,Python sorted Unicode identity strings
rld,3,20,ALA,outer train + validation only,Python sorted Unicode identity strings
rld,3,21,AQR,outer train + validation only,Python sorted Unicode identity strings
rld,3,22,AQR?,outer train + validation only,Python sorted Unicode identity strings
rld,3,23,ASEL,outer train + validation only,Python sorted Unicode identity strings
rld,3,24,ASER,outer train + validation only,Python sorted Unicode identity strings
rld,3,25,ASGL,outer train + validation only,Python sorted Unicode identity strings
rld,3,26,ASJR,outer train + validation only,Python sorted Unicode identity strings
rld,3,27,ASKL,outer train + validation only,Python sorted Unicode identity strings
rld,3,28,ASKR,outer train + validation only,Python sorted Unicode identity strings
rld,3,29,AVAL,outer train + validation only,Python sorted Unicode identity strings
rld,3,30,AVAR,outer train + validation only,Python sorted Unicode identity strings
rld,3,31,AVDL,outer train + validation only,Python sorted Unicode identity strings
rld,3,32,AVDR,outer train + validation only,Python sorted Unicode identity strings
rld,3,33,AVEL,outer train + validation only,Python sorted Unicode identity strings
rld,3,34,AVEL?,outer train + validation only,Python sorted Unicode identity strings
rld,3,35,AVER,outer train + validation only,Python sorted Unicode identity strings
rld,3,36,AVG,outer train + validation only,Python sorted Unicode identity strings
rld,3,37,AVHL,outer train + validation only,Python sorted Unicode identity strings
rld,3,38,AVHR,outer train + validation only,Python sorted Unicode identity strings
rld,3,39,AVHR?,outer train + validation only,Python sorted Unicode identity strings
rld,3,40,AVJL,outer train + validation only,Python sorted Unicode identity strings
rld,3,41,AVJL?,outer train + validation only,Python sorted Unicode identity strings
rld,3,42,AVJR,outer train + validation only,Python sorted Unicode identity strings
rld,3,43,AVKL,outer train + validation only,Python sorted Unicode identity strings
rld,3,44,AVKR,outer train + validation only,Python sorted Unicode identity strings
rld,3,45,AVL,outer train + validation only,Python sorted Unicode identity strings
rld,3,46,AWAL,outer train + validation only,Python sorted Unicode identity strings
rld,3,47,AWAR,outer train + validation only,Python sorted Unicode identity strings
rld,3,48,AWBL,outer train + validation only,Python sorted Unicode identity strings
rld,3,49,AWBR,outer train + validation only,Python sorted Unicode identity strings
rld,3,50,BAGL,outer train + validation only,Python sorted Unicode identity strings
rld,3,51,BAGR,outer train + validation only,Python sorted Unicode identity strings
rld,3,52,CEPDL,outer train + validation only,Python sorted Unicode identity strings
rld,3,53,CEPDR,outer train + validation only,Python sorted Unicode identity strings
rld,3,54,CEPVL,outer train + validation only,Python sorted Unicode identity strings
rld,3,55,CEPVR,outer train + validation only,Python sorted Unicode identity strings
rld,3,56,FLPL,outer train + validation only,Python sorted Unicode identity strings
rld,3,57,FLPR,outer train + validation only,Python sorted Unicode identity strings
rld,3,58,FLPR?,outer train + validation only,Python sorted Unicode identity strings
rld,3,59,I2L?,outer train + validation only,Python sorted Unicode identity strings
rld,3,60,I3,outer train + validation only,Python sorted Unicode identity strings
rld,3,61,I6?,outer train + validation only,Python sorted Unicode identity strings
rld,3,62,IL1DL,outer train + validation only,Python sorted Unicode identity strings
rld,3,63,IL1L,outer train + validation only,Python sorted Unicode identity strings
rld,3,64,IL1R,outer train + validation only,Python sorted Unicode identity strings
rld,3,65,IL1VL,outer train + validation only,Python sorted Unicode identity strings
rld,3,66,IL1VR,outer train + validation only,Python sorted Unicode identity strings
rld,3,67,IL2DL,outer train + validation only,Python sorted Unicode identity strings
rld,3,68,IL2DR,outer train + validation only,Python sorted Unicode identity strings
rld,3,69,IL2L,outer train + validation only,Python sorted Unicode identity strings
rld,3,70,IL2VL,outer train + validation only,Python sorted Unicode identity strings
rld,3,71,IL2VR,outer train + validation only,Python sorted Unicode identity strings
rld,3,72,M1,outer train + validation only,Python sorted Unicode identity strings
rld,3,73,M1?,outer train + validation only,Python sorted Unicode identity strings
rld,3,74,M3L,outer train + validation only,Python sorted Unicode identity strings
rld,3,75,M4,outer train + validation only,Python sorted Unicode identity strings
rld,3,76,M5?,outer train + validation only,Python sorted Unicode identity strings
rld,3,77,MI,outer train + validation only,Python sorted Unicode identity strings
rld,3,78,NSML,outer train + validation only,Python sorted Unicode identity strings
rld,3,79,NSML?,outer train + validation only,Python sorted Unicode identity strings
rld,3,80,NSMR,outer train + validation only,Python sorted Unicode identity strings
rld,3,81,NSMR?,outer train + validation only,Python sorted Unicode identity strings
rld,3,82,OLLL,outer train + validation only,Python sorted Unicode identity strings
rld,3,83,OLLR,outer train + validation only,Python sorted Unicode identity strings
rld,3,84,OLQDL,outer train + validation only,Python sorted Unicode identity strings
rld,3,85,OLQDR,outer train + validation only,Python sorted Unicode identity strings
rld,3,86,OLQR,outer train + validation only,Python sorted Unicode identity strings
rld,3,87,OLQVL,outer train + validation only,Python sorted Unicode identity strings
rld,3,88,OLQVR,outer train + validation only,Python sorted Unicode identity strings
rld,3,89,REMV,outer train + validation only,Python sorted Unicode identity strings
rld,3,90,RIAL,outer train + validation only,Python sorted Unicode identity strings
rld,3,91,RIAR,outer train + validation only,Python sorted Unicode identity strings
rld,3,92,RICL,outer train + validation only,Python sorted Unicode identity strings
rld,3,93,RID,outer train + validation only,Python sorted Unicode identity strings
rld,3,94,RIDR,outer train + validation only,Python sorted Unicode identity strings
rld,3,95,RIML,outer train + validation only,Python sorted Unicode identity strings
rld,3,96,RIMR,outer train + validation only,Python sorted Unicode identity strings
rld,3,97,RIVL,outer train + validation only,Python sorted Unicode identity strings
rld,3,98,RIVR,outer train + validation only,Python sorted Unicode identity strings
rld,3,99,RIVR?,outer train + validation only,Python sorted Unicode identity strings
rld,3,100,RMDDL,outer train + validation only,Python sorted Unicode identity strings
rld,3,101,RMDDR,outer train + validation only,Python sorted Unicode identity strings
rld,3,102,RMDL,outer train + validation only,Python sorted Unicode identity strings
rld,3,103,RMDR,outer train + validation only,Python sorted Unicode identity strings
rld,3,104,RMDR?,outer train + validation only,Python sorted Unicode identity strings
rld,3,105,RMDVL,outer train + validation only,Python sorted Unicode identity strings
rld,3,106,RMDVR,outer train + validation only,Python sorted Unicode identity strings
rld,3,107,RMED,outer train + validation only,Python sorted Unicode identity strings
rld,3,108,RMEL,outer train + validation only,Python sorted Unicode identity strings
rld,3,109,RMER,outer train + validation only,Python sorted Unicode identity strings
rld,3,110,RMEV,outer train + validation only,Python sorted Unicode identity strings
rld,3,111,RMEV?,outer train + validation only,Python sorted Unicode identity strings
rld,3,112,RMFR,outer train + validation only,Python sorted Unicode identity strings
rld,3,113,RMGR,outer train + validation only,Python sorted Unicode identity strings
rld,3,114,SAAVL,outer train + validation only,Python sorted Unicode identity strings
rld,3,115,SAAVR,outer train + validation only,Python sorted Unicode identity strings
rld,3,116,SIADL,outer train + validation only,Python sorted Unicode identity strings
rld,3,117,SIADR,outer train + validation only,Python sorted Unicode identity strings
rld,3,118,SIAR,outer train + validation only,Python sorted Unicode identity strings
rld,3,119,SIAVL,outer train + validation only,Python sorted Unicode identity strings
rld,3,120,SIAVR,outer train + validation only,Python sorted Unicode identity strings
rld,3,121,SIBDR,outer train + validation only,Python sorted Unicode identity strings
rld,3,122,SIBVL,outer train + validation only,Python sorted Unicode identity strings
rld,3,123,SIBVR,outer train + validation only,Python sorted Unicode identity strings
rld,3,124,SMBDL,outer train + validation only,Python sorted Unicode identity strings
rld,3,125,SMBDL?,outer train + validation only,Python sorted Unicode identity strings
rld,3,126,SMBDR,outer train + validation only,Python sorted Unicode identity strings
rld,3,127,SMBVL,outer train + validation only,Python sorted Unicode identity strings
rld,3,128,SMBVR,outer train + validation only,Python sorted Unicode identity strings
rld,3,129,SMDDL,outer train + validation only,Python sorted Unicode identity strings
rld,3,130,SMDDR,outer train + validation only,Python sorted Unicode identity strings
rld,3,131,SMDVL,outer train + validation only,Python sorted Unicode identity strings
rld,3,132,SMDVL?,outer train + validation only,Python sorted Unicode identity strings
rld,3,133,SMDVR,outer train + validation only,Python sorted Unicode identity strings
rld,3,134,SMDVR?,outer train + validation only,Python sorted Unicode identity strings
rld,3,135,URADL,outer train + validation only,Python sorted Unicode identity strings
rld,3,136,URADR,outer train + validation only,Python sorted Unicode identity strings
rld,3,137,URAVR,outer train + validation only,Python sorted Unicode identity strings
rld,3,138,URBL,outer train + validation only,Python sorted Unicode identity strings
rld,3,139,URBR,outer train + validation only,Python sorted Unicode identity strings
rld,3,140,URXL,outer train + validation only,Python sorted Unicode identity strings
rld,3,141,URXL?,outer train + validation only,Python sorted Unicode identity strings
rld,3,142,URXR,outer train + validation only,Python sorted Unicode identity strings
rld,3,143,URXVR,outer train + validation only,Python sorted Unicode identity strings
rld,3,144,URYDL,outer train + validation only,Python sorted Unicode identity strings
rld,3,145,URYDR,outer train + validation only,Python sorted Unicode identity strings
rld,3,146,URYVL,outer train + validation only,Python sorted Unicode identity strings
rld,3,147,URYVR,outer train + validation only,Python sorted Unicode identity strings
rld,3,148,VB1,outer train + validation only,Python sorted Unicode identity strings
rld,3,149,VB2,outer train + validation only,Python sorted Unicode identity strings
rld,4,0,(CEPDR),outer train + validation only,Python sorted Unicode identity strings
rld,4,1,(DB1),outer train + validation only,Python sorted Unicode identity strings
rld,4,2,ADAL,outer train + validation only,Python sorted Unicode identity strings
rld,4,3,ADAR,outer train + validation only,Python sorted Unicode identity strings
rld,4,4,ADEL,outer train + validation only,Python sorted Unicode identity strings
rld,4,5,ADER,outer train + validation only,Python sorted Unicode identity strings
rld,4,6,ADFL,outer train + validation only,Python sorted Unicode identity strings
rld,4,7,ADFR,outer train + validation only,Python sorted Unicode identity strings
rld,4,8,AFDL,outer train + validation only,Python sorted Unicode identity strings
rld,4,9,AFDL?,outer train + validation only,Python sorted Unicode identity strings
rld,4,10,AFDR,outer train + validation only,Python sorted Unicode identity strings
rld,4,11,AIBL,outer train + validation only,Python sorted Unicode identity strings
rld,4,12,AIBR,outer train + validation only,Python sorted Unicode identity strings
rld,4,13,AIML,outer train + validation only,Python sorted Unicode identity strings
rld,4,14,AIMR,outer train + validation only,Python sorted Unicode identity strings
rld,4,15,AINL,outer train + validation only,Python sorted Unicode identity strings
rld,4,16,AINR,outer train + validation only,Python sorted Unicode identity strings
rld,4,17,AINR?,outer train + validation only,Python sorted Unicode identity strings
rld,4,18,AIYL,outer train + validation only,Python sorted Unicode identity strings
rld,4,19,AIYR,outer train + validation only,Python sorted Unicode identity strings
rld,4,20,AIZL,outer train + validation only,Python sorted Unicode identity strings
rld,4,21,AIZR,outer train + validation only,Python sorted Unicode identity strings
rld,4,22,ALA,outer train + validation only,Python sorted Unicode identity strings
rld,4,23,AQR,outer train + validation only,Python sorted Unicode identity strings
rld,4,24,AQR?,outer train + validation only,Python sorted Unicode identity strings
rld,4,25,ASEL,outer train + validation only,Python sorted Unicode identity strings
rld,4,26,ASER,outer train + validation only,Python sorted Unicode identity strings
rld,4,27,ASGL,outer train + validation only,Python sorted Unicode identity strings
rld,4,28,ASGR,outer train + validation only,Python sorted Unicode identity strings
rld,4,29,ASJR,outer train + validation only,Python sorted Unicode identity strings
rld,4,30,ASKL,outer train + validation only,Python sorted Unicode identity strings
rld,4,31,ASKR,outer train + validation only,Python sorted Unicode identity strings
rld,4,32,AVAL,outer train + validation only,Python sorted Unicode identity strings
rld,4,33,AVAR,outer train + validation only,Python sorted Unicode identity strings
rld,4,34,AVBL,outer train + validation only,Python sorted Unicode identity strings
rld,4,35,AVDL,outer train + validation only,Python sorted Unicode identity strings
rld,4,36,AVDR,outer train + validation only,Python sorted Unicode identity strings
rld,4,37,AVEL,outer train + validation only,Python sorted Unicode identity strings
rld,4,38,AVEL?,outer train + validation only,Python sorted Unicode identity strings
rld,4,39,AVER,outer train + validation only,Python sorted Unicode identity strings
rld,4,40,AVG,outer train + validation only,Python sorted Unicode identity strings
rld,4,41,AVHL,outer train + validation only,Python sorted Unicode identity strings
rld,4,42,AVHR,outer train + validation only,Python sorted Unicode identity strings
rld,4,43,AVHR?,outer train + validation only,Python sorted Unicode identity strings
rld,4,44,AVJL,outer train + validation only,Python sorted Unicode identity strings
rld,4,45,AVJL?,outer train + validation only,Python sorted Unicode identity strings
rld,4,46,AVJR,outer train + validation only,Python sorted Unicode identity strings
rld,4,47,AVKR,outer train + validation only,Python sorted Unicode identity strings
rld,4,48,AVL,outer train + validation only,Python sorted Unicode identity strings
rld,4,49,AWAL,outer train + validation only,Python sorted Unicode identity strings
rld,4,50,AWAR,outer train + validation only,Python sorted Unicode identity strings
rld,4,51,AWBR,outer train + validation only,Python sorted Unicode identity strings
rld,4,52,BAGL,outer train + validation only,Python sorted Unicode identity strings
rld,4,53,BAGR,outer train + validation only,Python sorted Unicode identity strings
rld,4,54,CEPDL,outer train + validation only,Python sorted Unicode identity strings
rld,4,55,CEPDR,outer train + validation only,Python sorted Unicode identity strings
rld,4,56,CEPVL,outer train + validation only,Python sorted Unicode identity strings
rld,4,57,CEPVR,outer train + validation only,Python sorted Unicode identity strings
rld,4,58,FLPL,outer train + validation only,Python sorted Unicode identity strings
rld,4,59,FLPR,outer train + validation only,Python sorted Unicode identity strings
rld,4,60,FLPR?,outer train + validation only,Python sorted Unicode identity strings
rld,4,61,I2L?,outer train + validation only,Python sorted Unicode identity strings
rld,4,62,I3,outer train + validation only,Python sorted Unicode identity strings
rld,4,63,I6?,outer train + validation only,Python sorted Unicode identity strings
rld,4,64,IL1DL,outer train + validation only,Python sorted Unicode identity strings
rld,4,65,IL1DR,outer train + validation only,Python sorted Unicode identity strings
rld,4,66,IL1L,outer train + validation only,Python sorted Unicode identity strings
rld,4,67,IL1R,outer train + validation only,Python sorted Unicode identity strings
rld,4,68,IL1VL,outer train + validation only,Python sorted Unicode identity strings
rld,4,69,IL1VR,outer train + validation only,Python sorted Unicode identity strings
rld,4,70,IL2DL,outer train + validation only,Python sorted Unicode identity strings
rld,4,71,IL2DR,outer train + validation only,Python sorted Unicode identity strings
rld,4,72,IL2L,outer train + validation only,Python sorted Unicode identity strings
rld,4,73,IL2VL,outer train + validation only,Python sorted Unicode identity strings
rld,4,74,IL2VR,outer train + validation only,Python sorted Unicode identity strings
rld,4,75,M1,outer train + validation only,Python sorted Unicode identity strings
rld,4,76,M1?,outer train + validation only,Python sorted Unicode identity strings
rld,4,77,M3L,outer train + validation only,Python sorted Unicode identity strings
rld,4,78,M4,outer train + validation only,Python sorted Unicode identity strings
rld,4,79,M5?,outer train + validation only,Python sorted Unicode identity strings
rld,4,80,MI,outer train + validation only,Python sorted Unicode identity strings
rld,4,81,NSML,outer train + validation only,Python sorted Unicode identity strings
rld,4,82,NSML?,outer train + validation only,Python sorted Unicode identity strings
rld,4,83,NSMR,outer train + validation only,Python sorted Unicode identity strings
rld,4,84,NSMR?,outer train + validation only,Python sorted Unicode identity strings
rld,4,85,OLLL,outer train + validation only,Python sorted Unicode identity strings
rld,4,86,OLLR,outer train + validation only,Python sorted Unicode identity strings
rld,4,87,OLQDL,outer train + validation only,Python sorted Unicode identity strings
rld,4,88,OLQDR,outer train + validation only,Python sorted Unicode identity strings
rld,4,89,OLQVL,outer train + validation only,Python sorted Unicode identity strings
rld,4,90,OLQVR,outer train + validation only,Python sorted Unicode identity strings
rld,4,91,REMV,outer train + validation only,Python sorted Unicode identity strings
rld,4,92,RIAL,outer train + validation only,Python sorted Unicode identity strings
rld,4,93,RIAR,outer train + validation only,Python sorted Unicode identity strings
rld,4,94,RIBL,outer train + validation only,Python sorted Unicode identity strings
rld,4,95,RIBR,outer train + validation only,Python sorted Unicode identity strings
rld,4,96,RID,outer train + validation only,Python sorted Unicode identity strings
rld,4,97,RIDR,outer train + validation only,Python sorted Unicode identity strings
rld,4,98,RIML,outer train + validation only,Python sorted Unicode identity strings
rld,4,99,RIMR,outer train + validation only,Python sorted Unicode identity strings
rld,4,100,RIVL,outer train + validation only,Python sorted Unicode identity strings
rld,4,101,RIVR,outer train + validation only,Python sorted Unicode identity strings
rld,4,102,RIVR?,outer train + validation only,Python sorted Unicode identity strings
rld,4,103,RMDDL,outer train + validation only,Python sorted Unicode identity strings
rld,4,104,RMDDR,outer train + validation only,Python sorted Unicode identity strings
rld,4,105,RMDL,outer train + validation only,Python sorted Unicode identity strings
rld,4,106,RMDR,outer train + validation only,Python sorted Unicode identity strings
rld,4,107,RMDR?,outer train + validation only,Python sorted Unicode identity strings
rld,4,108,RMDVL,outer train + validation only,Python sorted Unicode identity strings
rld,4,109,RMDVR,outer train + validation only,Python sorted Unicode identity strings
rld,4,110,RMED,outer train + validation only,Python sorted Unicode identity strings
rld,4,111,RMEL,outer train + validation only,Python sorted Unicode identity strings
rld,4,112,RMER,outer train + validation only,Python sorted Unicode identity strings
rld,4,113,RMEV,outer train + validation only,Python sorted Unicode identity strings
rld,4,114,RMEV?,outer train + validation only,Python sorted Unicode identity strings
rld,4,115,RMFR,outer train + validation only,Python sorted Unicode identity strings
rld,4,116,RMGR,outer train + validation only,Python sorted Unicode identity strings
rld,4,117,SAAVL,outer train + validation only,Python sorted Unicode identity strings
rld,4,118,SAAVR,outer train + validation only,Python sorted Unicode identity strings
rld,4,119,SIADL,outer train + validation only,Python sorted Unicode identity strings
rld,4,120,SIADR,outer train + validation only,Python sorted Unicode identity strings
rld,4,121,SIAR,outer train + validation only,Python sorted Unicode identity strings
rld,4,122,SIAVL,outer train + validation only,Python sorted Unicode identity strings
rld,4,123,SIAVR,outer train + validation only,Python sorted Unicode identity strings
rld,4,124,SIBDR,outer train + validation only,Python sorted Unicode identity strings
rld,4,125,SIBVL,outer train + validation only,Python sorted Unicode identity strings
rld,4,126,SIBVR,outer train + validation only,Python sorted Unicode identity strings
rld,4,127,SMBDL,outer train + validation only,Python sorted Unicode identity strings
rld,4,128,SMBDL?,outer train + validation only,Python sorted Unicode identity strings
rld,4,129,SMBDR,outer train + validation only,Python sorted Unicode identity strings
rld,4,130,SMBVL,outer train + validation only,Python sorted Unicode identity strings
rld,4,131,SMBVR,outer train + validation only,Python sorted Unicode identity strings
rld,4,132,SMDDL,outer train + validation only,Python sorted Unicode identity strings
rld,4,133,SMDDR,outer train + validation only,Python sorted Unicode identity strings
rld,4,134,SMDVL,outer train + validation only,Python sorted Unicode identity strings
rld,4,135,SMDVL?,outer train + validation only,Python sorted Unicode identity strings
rld,4,136,SMDVR,outer train + validation only,Python sorted Unicode identity strings
rld,4,137,SMDVR?,outer train + validation only,Python sorted Unicode identity strings
rld,4,138,URADL,outer train + validation only,Python sorted Unicode identity strings
rld,4,139,URADR,outer train + validation only,Python sorted Unicode identity strings
rld,4,140,URAVR,outer train + validation only,Python sorted Unicode identity strings
rld,4,141,URBL,outer train + validation only,Python sorted Unicode identity strings
rld,4,142,URBR,outer train + validation only,Python sorted Unicode identity strings
rld,4,143,URXL,outer train + validation only,Python sorted Unicode identity strings
rld,4,144,URXL?,outer train + validation only,Python sorted Unicode identity strings
rld,4,145,URXR,outer train + validation only,Python sorted Unicode identity strings
rld,4,146,URXVR,outer train + validation only,Python sorted Unicode identity strings
rld,4,147,URYDL,outer train + validation only,Python sorted Unicode identity strings
rld,4,148,URYDR,outer train + validation only,Python sorted Unicode identity strings
rld,4,149,URYVL,outer train + validation only,Python sorted Unicode identity strings
rld,4,150,URYVR,outer train + validation only,Python sorted Unicode identity strings
rld,4,151,VB1,outer train + validation only,Python sorted Unicode identity strings
rld,4,152,VB2,outer train + validation only,Python sorted Unicode identity strings
