dataset,fold,identity,outer_train_animal_support,outer_train_uids
atanas,0,ADAL,17,2022-06-14-07|2022-06-14-13|2022-06-28-01|2022-06-28-07|2022-07-15-12|2022-07-20-01|2023-01-06-01|2023-01-06-08|2023-01-09-15|2023-01-09-28|2023-01-10-07|2023-01-16-01|2023-01-16-08|2023-01-19-08|2023-01-23-15|2023-01-23-21|2023-03-07-01
atanas,0,ADAR,3,2023-01-09-28|2023-01-10-14|2023-01-19-08
atanas,0,ADEL,18,2022-06-14-07|2022-06-14-13|2022-06-28-01|2022-06-28-07|2022-07-15-12|2022-07-20-01|2023-01-06-01|2023-01-06-08|2023-01-09-15|2023-01-09-28|2023-01-10-07|2023-01-10-14|2023-01-16-01|2023-01-16-08|2023-01-19-08|2023-01-23-15|2023-01-23-21|2023-03-07-01
atanas,0,ADER,7,2023-01-05-18|2023-01-09-15|2023-01-09-28|2023-01-10-07|2023-01-10-14|2023-01-23-08|2023-01-23-15
atanas,0,ADLL,12,2022-06-14-07|2022-06-14-13|2022-06-28-07|2022-07-20-01|2023-01-05-18|2023-01-06-08|2023-01-09-15|2023-01-09-28|2023-01-10-14|2023-01-16-08|2023-01-19-08|2023-03-07-01
atanas,0,ADLR,4,2023-01-05-18|2023-01-09-15|2023-01-10-07|2023-01-23-15
atanas,0,AIBL,18,2022-06-14-01|2022-06-14-07|2022-06-14-13|2022-06-28-01|2022-06-28-07|2022-07-15-12|2022-07-20-01|2023-01-06-01|2023-01-06-08|2023-01-09-15|2023-01-09-28|2023-01-10-07|2023-01-10-14|2023-01-16-01|2023-01-16-08|2023-01-19-08|2023-01-23-15|2023-01-23-21
atanas,0,AIBR,19,2022-06-14-01|2022-06-14-07|2022-06-14-13|2022-06-28-01|2022-06-28-07|2022-07-15-12|2022-07-20-01|2023-01-05-18|2023-01-06-08|2023-01-09-15|2023-01-09-28|2023-01-10-07|2023-01-10-14|2023-01-16-01|2023-01-16-08|2023-01-23-08|2023-01-23-15|2023-01-23-21|2023-03-07-01
atanas,0,AIML,9,2022-06-14-13|2022-06-28-01|2022-06-28-07|2022-07-15-12|2022-07-20-01|2023-01-06-08|2023-01-09-28|2023-01-10-14|2023-01-19-08
atanas,0,AIMR,9,2022-06-14-13|2022-07-15-12|2022-07-20-01|2023-01-06-08|2023-01-09-28|2023-01-10-14|2023-01-19-08|2023-01-23-08|2023-01-23-15
atanas,0,AINL,16,2022-06-14-07|2022-06-28-01|2022-06-28-07|2022-07-15-12|2023-01-06-01|2023-01-06-08|2023-01-09-15|2023-01-10-07|2023-01-10-14|2023-01-16-01|2023-01-16-08|2023-01-19-08|2023-01-23-08|2023-01-23-15|2023-01-23-21|2023-03-07-01
atanas,0,AINR,8,2023-01-05-18|2023-01-09-15|2023-01-09-28|2023-01-10-07|2023-01-10-14|2023-01-16-01|2023-01-23-08|2023-01-23-21
atanas,0,AIYL,4,2022-06-14-07|2022-07-15-12|2022-07-20-01|2023-01-23-21
atanas,0,AIYR,5,2022-06-14-07|2022-07-15-12|2022-07-20-01|2023-01-10-14|2023-01-23-21
atanas,0,AIZL,17,2022-06-14-01|2022-06-14-07|2022-06-14-13|2022-06-28-01|2022-06-28-07|2022-07-15-12|2023-01-05-18|2023-01-06-01|2023-01-06-08|2023-01-10-07|2023-01-10-14|2023-01-16-01|2023-01-16-08|2023-01-19-08|2023-01-23-08|2023-01-23-15|2023-01-23-21
atanas,0,AIZR,14,2022-06-14-13|2022-07-20-01|2023-01-05-18|2023-01-06-08|2023-01-09-15|2023-01-09-28|2023-01-10-07|2023-01-10-14|2023-01-16-01|2023-01-16-08|2023-01-19-08|2023-01-23-08|2023-01-23-15|2023-01-23-21
atanas,0,ALA,2,2023-01-16-01|2023-03-07-01
atanas,0,AQR,11,2022-06-14-13|2023-01-09-15|2023-01-09-28|2023-01-10-07|2023-01-10-14|2023-01-16-08|2023-01-19-08|2023-01-23-08|2023-01-23-15|2023-01-23-21|2023-03-07-01
atanas,0,ASEL,18,2022-06-14-01|2022-06-14-07|2022-06-14-13|2022-06-28-01|2022-06-28-07|2022-07-15-12|2022-07-20-01|2023-01-05-18|2023-01-06-01|2023-01-06-08|2023-01-09-15|2023-01-10-07|2023-01-16-01|2023-01-16-08|2023-01-19-08|2023-01-23-08|2023-01-23-15|2023-03-07-01
atanas,0,ASER,12,2022-06-14-07|2022-06-14-13|2022-06-28-07|2022-07-20-01|2023-01-05-18|2023-01-09-15|2023-01-09-28|2023-01-10-07|2023-01-10-14|2023-01-16-01|2023-01-19-08|2023-01-23-08
atanas,0,ASGL,16,2022-06-14-07|2022-06-14-13|2022-06-28-01|2022-07-15-12|2023-01-05-18|2023-01-06-08|2023-01-09-15|2023-01-09-28|2023-01-10-07|2023-01-10-14|2023-01-16-08|2023-01-19-08|2023-01-23-08|2023-01-23-15|2023-01-23-21|2023-03-07-01
atanas,0,ASGR,13,2022-06-14-13|2022-07-20-01|2023-01-06-08|2023-01-09-15|2023-01-09-28|2023-01-10-07|2023-01-16-01|2023-01-16-08|2023-01-19-08|2023-01-23-08|2023-01-23-15|2023-01-23-21|2023-03-07-01
atanas,0,ASHL,10,2022-06-14-01|2022-06-14-07|2022-06-14-13|2022-06-28-07|2022-07-20-01|2023-01-06-08|2023-01-09-28|2023-01-23-15|2023-01-23-21|2023-03-07-01
atanas,0,ASHR,2,2022-07-20-01|2023-03-07-01
atanas,0,ASIL,6,2022-06-14-07|2022-07-20-01|2023-01-05-18|2023-01-06-08|2023-01-09-15|2023-01-23-08
atanas,0,ASIR,2,2023-01-09-15|2023-01-10-14
atanas,0,ASJL,1,2022-07-15-12
atanas,0,ASKL,1,2023-01-06-01
atanas,0,ASKR,1,2023-01-06-01
atanas,0,AUAL,17,2022-06-14-01|2022-06-14-07|2022-06-14-13|2022-06-28-01|2022-06-28-07|2022-07-15-12|2022-07-20-01|2023-01-05-18|2023-01-06-01|2023-01-06-08|2023-01-09-15|2023-01-10-07|2023-01-16-01|2023-01-16-08|2023-01-23-08|2023-01-23-21|2023-03-07-01
atanas,0,AUAR,7,2022-06-14-13|2022-06-28-07|2022-07-20-01|2023-01-09-15|2023-01-10-07|2023-01-19-08|2023-03-07-01
atanas,0,AVAL,20,2022-06-14-07|2022-06-14-13|2022-06-28-01|2022-06-28-07|2022-07-15-12|2022-07-20-01|2023-01-05-18|2023-01-06-01|2023-01-06-08|2023-01-09-08|2023-01-09-15|2023-01-09-28|2023-01-10-07|2023-01-10-14|2023-01-16-01|2023-01-16-08|2023-01-19-08|2023-01-23-15|2023-01-23-21|2023-03-07-01
atanas,0,AVAR,18,2022-06-14-01|2022-06-14-13|2022-06-28-01|2022-06-28-07|2022-07-15-12|2022-07-20-01|2023-01-05-18|2023-01-06-01|2023-01-06-08|2023-01-09-15|2023-01-10-07|2023-01-10-14|2023-01-16-01|2023-01-16-08|2023-01-19-08|2023-01-23-15|2023-01-23-21|2023-03-07-01
atanas,0,AVBL,6,2022-07-15-12|2023-01-05-18|2023-01-10-14|2023-01-16-08|2023-01-19-08|2023-01-23-15
atanas,0,AVBR,2,2023-01-09-08|2023-01-10-07
atanas,0,AVDL,19,2022-06-14-01|2022-06-14-07|2022-06-14-13|2022-06-28-01|2022-06-28-07|2022-07-15-12|2023-01-06-01|2023-01-06-08|2023-01-09-08|2023-01-09-15|2023-01-09-28|2023-01-10-07|2023-01-16-01|2023-01-16-08|2023-01-19-08|2023-01-23-08|2023-01-23-15|2023-01-23-21|2023-03-07-01
atanas,0,AVDR,12,2022-06-14-13|2022-06-28-01|2022-07-20-01|2023-01-05-18|2023-01-09-08|2023-01-09-15|2023-01-09-28|2023-01-10-07|2023-01-16-01|2023-01-23-08|2023-01-23-15|2023-01-23-21
atanas,0,AVEL,16,2022-06-14-01|2022-06-14-07|2022-06-14-13|2022-06-28-01|2022-06-28-07|2022-07-15-12|2022-07-20-01|2023-01-05-18|2023-01-06-01|2023-01-09-28|2023-01-10-07|2023-01-10-14|2023-01-16-08|2023-01-23-08|2023-01-23-15|2023-01-23-21
atanas,0,AVER,20,2022-06-14-01|2022-06-14-07|2022-06-14-13|2022-06-28-01|2022-06-28-07|2022-07-15-12|2022-07-20-01|2023-01-05-18|2023-01-06-01|2023-01-06-08|2023-01-09-08|2023-01-09-15|2023-01-09-28|2023-01-10-07|2023-01-10-14|2023-01-16-08|2023-01-19-08|2023-01-23-15|2023-01-23-21|2023-03-07-01
atanas,0,AVHL,10,2022-06-14-01|2022-06-14-07|2022-06-14-13|2022-07-20-01|2023-01-05-18|2023-01-09-15|2023-01-16-08|2023-01-19-08|2023-01-23-21|2023-03-07-01
atanas,0,AVHR,1,2022-07-15-12
atanas,0,AVJL,18,2022-06-14-01|2022-06-14-07|2022-06-14-13|2022-06-28-01|2022-06-28-07|2022-07-15-12|2022-07-20-01|2023-01-05-18|2023-01-06-01|2023-01-06-08|2023-01-09-08|2023-01-10-07|2023-01-10-14|2023-01-16-01|2023-01-16-08|2023-01-19-08|2023-01-23-08|2023-01-23-15
atanas,0,AVJR,18,2022-06-14-07|2022-06-14-13|2022-06-28-01|2022-06-28-07|2022-07-15-12|2022-07-20-01|2023-01-05-18|2023-01-09-08|2023-01-09-15|2023-01-09-28|2023-01-10-07|2023-01-10-14|2023-01-16-01|2023-01-16-08|2023-01-19-08|2023-01-23-08|2023-01-23-15|2023-01-23-21
atanas,0,AVKL,2,2022-06-14-13|2023-01-06-08
atanas,0,AVKR,3,2022-06-28-07|2023-01-06-08|2023-01-09-28
atanas,0,AVL,14,2022-06-14-01|2022-06-14-13|2022-06-28-01|2022-07-15-12|2022-07-20-01|2023-01-05-18|2023-01-06-08|2023-01-09-08|2023-01-09-15|2023-01-10-07|2023-01-16-08|2023-01-23-08|2023-01-23-15|2023-03-07-01
atanas,0,AWAL,14,2022-06-14-07|2022-06-14-13|2022-07-15-12|2022-07-20-01|2023-01-05-18|2023-01-09-28|2023-01-10-07|2023-01-10-14|2023-01-16-01|2023-01-16-08|2023-01-19-08|2023-01-23-15|2023-01-23-21|2023-03-07-01
atanas,0,AWAR,17,2022-06-14-07|2022-06-14-13|2022-06-28-01|2022-06-28-07|2022-07-15-12|2022-07-20-01|2023-01-06-01|2023-01-06-08|2023-01-09-08|2023-01-09-15|2023-01-09-28|2023-01-10-07|2023-01-10-14|2023-01-16-08|2023-01-23-15|2023-01-23-21|2023-03-07-01
atanas,0,AWBL,20,2022-06-14-01|2022-06-14-07|2022-06-14-13|2022-06-28-01|2022-07-15-12|2022-07-20-01|2023-01-05-18|2023-01-06-01|2023-01-06-08|2023-01-09-08|2023-01-09-15|2023-01-09-28|2023-01-10-07|2023-01-10-14|2023-01-16-01|2023-01-16-08|2023-01-19-08|2023-01-23-08|2023-01-23-15|2023-03-07-01
atanas,0,AWBR,13,2022-07-15-12|2022-07-20-01|2023-01-05-18|2023-01-09-08|2023-01-09-15|2023-01-10-07|2023-01-10-14|2023-01-16-01|2023-01-16-08|2023-01-19-08|2023-01-23-15|2023-01-23-21|2023-03-07-01
atanas,0,AWCL,20,2022-06-14-01|2022-06-14-07|2022-06-14-13|2022-06-28-01|2022-07-15-12|2022-07-20-01|2023-01-05-18|2023-01-06-01|2023-01-06-08|2023-01-09-08|2023-01-09-15|2023-01-09-28|2023-01-10-07|2023-01-10-14|2023-01-16-01|2023-01-16-08|2023-01-23-08|2023-01-23-15|2023-01-23-21|2023-03-07-01
atanas,0,AWCR,10,2023-01-06-08|2023-01-09-15|2023-01-09-28|2023-01-10-07|2023-01-16-01|2023-01-16-08|2023-01-23-08|2023-01-23-15|2023-01-23-21|2023-03-07-01
atanas,0,BAGL,9,2022-06-28-01|2022-06-28-07|2022-07-15-12|2022-07-20-01|2023-01-09-28|2023-01-10-14|2023-01-16-08|2023-01-19-08|2023-01-23-08
atanas,0,BAGR,2,2023-01-23-08|2023-03-07-01
atanas,0,CEPDL,22,2022-06-14-01|2022-06-14-07|2022-06-14-13|2022-06-28-01|2022-06-28-07|2022-07-15-12|2022-07-20-01|2023-01-05-18|2023-01-06-01|2023-01-06-08|2023-01-09-08|2023-01-09-15|2023-01-09-28|2023-01-10-07|2023-01-10-14|2023-01-16-01|2023-01-16-08|2023-01-19-08|2023-01-23-08|2023-01-23-15|2023-01-23-21|2023-03-07-01
atanas,0,CEPDR,20,2022-06-14-01|2022-06-14-07|2022-06-14-13|2022-06-28-01|2022-06-28-07|2022-07-20-01|2023-01-05-18|2023-01-06-01|2023-01-06-08|2023-01-09-08|2023-01-09-15|2023-01-10-07|2023-01-10-14|2023-01-16-01|2023-01-16-08|2023-01-19-08|2023-01-23-08|2023-01-23-15|2023-01-23-21|2023-03-07-01
atanas,0,CEPVL,19,2022-06-14-07|2022-06-14-13|2022-06-28-01|2022-06-28-07|2022-07-15-12|2022-07-20-01|2023-01-05-18|2023-01-06-01|2023-01-09-08|2023-01-09-15|2023-01-09-28|2023-01-10-07|2023-01-10-14|2023-01-16-01|2023-01-19-08|2023-01-23-08|2023-01-23-15|2023-01-23-21|2023-03-07-01
atanas,0,CEPVR,18,2022-06-14-01|2022-06-14-07|2022-06-14-13|2022-06-28-01|2022-07-15-12|2023-01-06-01|2023-01-09-08|2023-01-09-15|2023-01-09-28|2023-01-10-07|2023-01-10-14|2023-01-16-01|2023-01-16-08|2023-01-19-08|2023-01-23-08|2023-01-23-15|2023-01-23-21|2023-03-07-01
atanas,0,FLPL,19,2022-06-14-01|2022-06-14-07|2022-06-14-13|2022-06-28-07|2022-07-15-12|2023-01-05-18|2023-01-06-01|2023-01-06-08|2023-01-09-15|2023-01-09-28|2023-01-10-07|2023-01-10-14|2023-01-16-01|2023-01-16-08|2023-01-19-08|2023-01-23-08|2023-01-23-15|2023-01-23-21|2023-03-07-01
atanas,0,FLPR,5,2023-01-05-18|2023-01-09-15|2023-01-09-28|2023-01-10-14|2023-01-23-15
atanas,0,I1L,21,2022-06-14-01|2022-06-14-07|2022-06-14-13|2022-06-28-01|2022-06-28-07|2022-07-15-12|2022-07-20-01|2023-01-05-18|2023-01-06-01|2023-01-06-08|2023-01-09-08|2023-01-09-15|2023-01-09-28|2023-01-10-07|2023-01-10-14|2023-01-16-01|2023-01-16-08|2023-01-23-08|2023-01-23-15|2023-01-23-21|2023-03-07-01
atanas,0,I1R,18,2022-06-14-01|2022-06-14-07|2022-06-14-13|2022-06-28-07|2022-07-15-12|2023-01-05-18|2023-01-06-01|2023-01-06-08|2023-01-09-08|2023-01-09-15|2023-01-10-07|2023-01-10-14|2023-01-16-01|2023-01-16-08|2023-01-23-08|2023-01-23-15|2023-01-23-21|2023-03-07-01
atanas,0,I2L,21,2022-06-14-01|2022-06-14-07|2022-06-14-13|2022-06-28-07|2022-07-15-12|2022-07-20-01|2023-01-05-18|2023-01-06-01|2023-01-06-08|2023-01-09-08|2023-01-09-15|2023-01-09-28|2023-01-10-07|2023-01-10-14|2023-01-16-01|2023-01-16-08|2023-01-19-08|2023-01-23-08|2023-01-23-15|2023-01-23-21|2023-03-07-01
atanas,0,I2R,18,2022-06-14-01|2022-06-14-13|2022-06-28-07|2022-07-15-12|2022-07-20-01|2023-01-05-18|2023-01-06-08|2023-01-09-15|2023-01-09-28|2023-01-10-07|2023-01-10-14|2023-01-16-01|2023-01-16-08|2023-01-19-08|2023-01-23-08|2023-01-23-15|2023-01-23-21|2023-03-07-01
atanas,0,I3,22,2022-06-14-01|2022-06-14-07|2022-06-14-13|2022-06-28-01|2022-06-28-07|2022-07-15-12|2022-07-20-01|2023-01-05-18|2023-01-06-01|2023-01-06-08|2023-01-09-08|2023-01-09-15|2023-01-09-28|2023-01-10-07|2023-01-10-14|2023-01-16-01|2023-01-16-08|2023-01-19-08|2023-01-23-08|2023-01-23-15|2023-01-23-21|2023-03-07-01
atanas,0,I4,5,2022-06-28-07|2023-01-05-18|2023-01-16-01|2023-01-16-08|2023-01-23-08
atanas,0,I5,3,2022-07-20-01|2023-01-16-08|2023-01-19-08
atanas,0,I6,6,2022-06-28-07|2023-01-05-18|2023-01-09-28|2023-01-10-14|2023-01-16-08|2023-01-23-08
atanas,0,IL1DL,17,2022-06-14-01|2022-06-14-07|2022-06-14-13|2022-06-28-01|2022-07-15-12|2023-01-05-18|2023-01-06-01|2023-01-06-08|2023-01-09-08|2023-01-09-15|2023-01-09-28|2023-01-10-07|2023-01-10-14|2023-01-16-08|2023-01-23-08|2023-01-23-15|2023-01-23-21
atanas,0,IL1DR,20,2022-06-14-01|2022-06-14-13|2022-06-28-01|2022-06-28-07|2022-07-15-12|2022-07-20-01|2023-01-05-18|2023-01-06-01|2023-01-06-08|2023-01-09-08|2023-01-09-15|2023-01-09-28|2023-01-10-07|2023-01-10-14|2023-01-16-01|2023-01-16-08|2023-01-23-08|2023-01-23-15|2023-01-23-21|2023-03-07-01
atanas,0,IL1L,18,2022-06-14-01|2022-06-14-07|2022-06-14-13|2022-06-28-07|2022-07-15-12|2022-07-20-01|2023-01-05-18|2023-01-06-01|2023-01-09-15|2023-01-10-07|2023-01-10-14|2023-01-16-01|2023-01-16-08|2023-01-19-08|2023-01-23-08|2023-01-23-15|2023-01-23-21|2023-03-07-01
atanas,0,IL1R,17,2022-06-14-01|2022-06-14-07|2022-06-14-13|2022-06-28-07|2022-07-15-12|2022-07-20-01|2023-01-06-01|2023-01-06-08|2023-01-09-15|2023-01-09-28|2023-01-10-07|2023-01-10-14|2023-01-16-01|2023-01-19-08|2023-01-23-08|2023-01-23-21|2023-03-07-01
atanas,0,IL1VL,8,2022-06-14-13|2022-06-28-01|2022-06-28-07|2022-07-15-12|2023-01-06-01|2023-01-06-08|2023-01-16-08|2023-01-23-08
atanas,0,IL1VR,9,2022-06-28-01|2022-06-28-07|2022-07-15-12|2022-07-20-01|2023-01-06-01|2023-01-06-08|2023-01-09-28|2023-01-16-01|2023-01-23-08
atanas,0,IL2DL,22,2022-06-14-01|2022-06-14-07|2022-06-14-13|2022-06-28-01|2022-06-28-07|2022-07-15-12|2022-07-20-01|2023-01-05-18|2023-01-06-01|2023-01-06-08|2023-01-09-08|2023-01-09-15|2023-01-09-28|2023-01-10-07|2023-01-10-14|2023-01-16-01|2023-01-16-08|2023-01-19-08|2023-01-23-08|2023-01-23-15|2023-01-23-21|2023-03-07-01
atanas,0,IL2DR,15,2022-06-28-01|2022-06-28-07|2022-07-15-12|2022-07-20-01|2023-01-05-18|2023-01-06-01|2023-01-06-08|2023-01-09-08|2023-01-09-15|2023-01-10-07|2023-01-10-14|2023-01-16-01|2023-01-16-08|2023-01-23-08|2023-01-23-15
atanas,0,IL2L,17,2022-06-14-01|2022-06-14-07|2022-06-14-13|2022-06-28-01|2022-07-15-12|2023-01-05-18|2023-01-06-01|2023-01-06-08|2023-01-09-08|2023-01-09-28|2023-01-10-07|2023-01-10-14|2023-01-16-01|2023-01-16-08|2023-01-23-08|2023-01-23-15|2023-01-23-21
atanas,0,IL2R,16,2022-06-14-01|2022-06-14-07|2022-06-14-13|2022-07-20-01|2023-01-05-18|2023-01-06-08|2023-01-09-08|2023-01-09-28|2023-01-10-07|2023-01-10-14|2023-01-16-01|2023-01-16-08|2023-01-19-08|2023-01-23-08|2023-01-23-15|2023-01-23-21
atanas,0,IL2VL,15,2022-06-14-01|2022-06-14-07|2022-06-14-13|2022-06-28-01|2022-07-15-12|2022-07-20-01|2023-01-05-18|2023-01-06-08|2023-01-09-28|2023-01-10-07|2023-01-10-14|2023-01-19-08|2023-01-23-15|2023-01-23-21|2023-03-07-01
atanas,0,IL2VR,15,2022-06-14-01|2022-06-14-07|2022-06-28-01|2022-06-28-07|2022-07-15-12|2022-07-20-01|2023-01-05-18|2023-01-06-08|2023-01-09-15|2023-01-09-28|2023-01-10-07|2023-01-10-14|2023-01-23-15|2023-01-23-21|2023-03-07-01
atanas,0,M1,11,2022-06-14-01|2022-06-14-07|2023-01-05-18|2023-01-09-15|2023-01-09-28|2023-01-10-14|2023-01-16-08|2023-01-19-08|2023-01-23-08|2023-01-23-15|2023-01-23-21
atanas,0,M2L,1,2023-01-09-15
atanas,0,M3L,22,2022-06-14-01|2022-06-14-07|2022-06-14-13|2022-06-28-01|2022-06-28-07|2022-07-15-12|2022-07-20-01|2023-01-05-18|2023-01-06-01|2023-01-06-08|2023-01-09-08|2023-01-09-15|2023-01-09-28|2023-01-10-07|2023-01-10-14|2023-01-16-01|2023-01-16-08|2023-01-19-08|2023-01-23-08|2023-01-23-15|2023-01-23-21|2023-03-07-01
atanas,0,M3R,21,2022-06-14-01|2022-06-14-07|2022-06-14-13|2022-06-28-01|2022-06-28-07|2022-07-15-12|2022-07-20-01|2023-01-05-18|2023-01-06-08|2023-01-09-08|2023-01-09-15|2023-01-09-28|2023-01-10-07|2023-01-10-14|2023-01-16-01|2023-01-16-08|2023-01-19-08|2023-01-23-08|2023-01-23-15|2023-01-23-21|2023-03-07-01
atanas,0,M4,17,2022-06-14-01|2022-06-14-07|2022-06-14-13|2022-06-28-01|2022-06-28-07|2022-07-20-01|2023-01-05-18|2023-01-06-01|2023-01-09-15|2023-01-09-28|2023-01-10-14|2023-01-16-01|2023-01-16-08|2023-01-23-08|2023-01-23-15|2023-01-23-21|2023-03-07-01
atanas,0,M5,12,2022-06-14-13|2022-06-28-07|2023-01-06-01|2023-01-09-15|2023-01-09-28|2023-01-10-07|2023-01-10-14|2023-01-16-01|2023-01-19-08|2023-01-23-08|2023-01-23-15|2023-01-23-21
atanas,0,MCL,17,2022-06-14-07|2022-06-14-13|2022-06-28-07|2022-07-15-12|2023-01-05-18|2023-01-06-01|2023-01-06-08|2023-01-09-15|2023-01-09-28|2023-01-10-07|2023-01-10-14|2023-01-16-01|2023-01-16-08|2023-01-19-08|2023-01-23-08|2023-01-23-15|2023-01-23-21
atanas,0,MCR,6,2022-06-28-01|2022-07-20-01|2023-01-09-28|2023-01-16-08|2023-01-23-08|2023-01-23-21
atanas,0,MI,16,2022-06-14-01|2022-06-14-07|2022-06-28-01|2022-06-28-07|2022-07-15-12|2022-07-20-01|2023-01-05-18|2023-01-06-01|2023-01-09-08|2023-01-09-15|2023-01-09-28|2023-01-10-14|2023-01-16-01|2023-01-19-08|2023-01-23-21|2023-03-07-01
atanas,0,NSML,22,2022-06-14-01|2022-06-14-07|2022-06-14-13|2022-06-28-01|2022-06-28-07|2022-07-15-12|2022-07-20-01|2023-01-05-18|2023-01-06-01|2023-01-06-08|2023-01-09-08|2023-01-09-15|2023-01-09-28|2023-01-10-07|2023-01-10-14|2023-01-16-01|2023-01-16-08|2023-01-19-08|2023-01-23-08|2023-01-23-15|2023-01-23-21|2023-03-07-01
atanas,0,NSMR,20,2022-06-14-01|2022-06-14-07|2022-06-14-13|2022-06-28-01|2022-06-28-07|2022-07-15-12|2022-07-20-01|2023-01-05-18|2023-01-06-08|2023-01-09-08|2023-01-09-15|2023-01-09-28|2023-01-10-07|2023-01-10-14|2023-01-16-01|2023-01-16-08|2023-01-19-08|2023-01-23-08|2023-01-23-15|2023-01-23-21
atanas,0,OLLL,19,2022-06-14-01|2022-06-14-07|2022-06-14-13|2022-06-28-01|2022-07-20-01|2023-01-05-18|2023-01-06-01|2023-01-06-08|2023-01-09-08|2023-01-09-15|2023-01-09-28|2023-01-10-07|2023-01-10-14|2023-01-16-01|2023-01-19-08|2023-01-23-08|2023-01-23-15|2023-01-23-21|2023-03-07-01
atanas,0,OLLR,19,2022-06-14-01|2022-06-14-07|2022-06-14-13|2022-07-15-12|2022-07-20-01|2023-01-05-18|2023-01-06-01|2023-01-06-08|2023-01-09-08|2023-01-09-15|2023-01-09-28|2023-01-10-07|2023-01-10-14|2023-01-16-01|2023-01-19-08|2023-01-23-08|2023-01-23-15|2023-01-23-21|2023-03-07-01
atanas,0,OLQDL,22,2022-06-14-01|2022-06-14-07|2022-06-14-13|2022-06-28-01|2022-06-28-07|2022-07-15-12|2022-07-20-01|2023-01-05-18|2023-01-06-01|2023-01-06-08|2023-01-09-08|2023-01-09-15|2023-01-09-28|2023-01-10-07|2023-01-10-14|2023-01-16-01|2023-01-16-08|2023-01-19-08|2023-01-23-08|2023-01-23-15|2023-01-23-21|2023-03-07-01
atanas,0,OLQDR,22,2022-06-14-01|2022-06-14-07|2022-06-14-13|2022-06-28-01|2022-06-28-07|2022-07-15-12|2022-07-20-01|2023-01-05-18|2023-01-06-01|2023-01-06-08|2023-01-09-08|2023-01-09-15|2023-01-09-28|2023-01-10-07|2023-01-10-14|2023-01-16-01|2023-01-16-08|2023-01-19-08|2023-01-23-08|2023-01-23-15|2023-01-23-21|2023-03-07-01
atanas,0,OLQVL,19,2022-06-14-01|2022-06-14-07|2022-06-14-13|2022-06-28-01|2022-06-28-07|2022-07-15-12|2022-07-20-01|2023-01-05-18|2023-01-06-01|2023-01-06-08|2023-01-09-15|2023-01-09-28|2023-01-10-07|2023-01-10-14|2023-01-16-01|2023-01-16-08|2023-01-19-08|2023-01-23-21|2023-03-07-01
atanas,0,OLQVR,15,2022-06-14-01|2022-06-14-07|2022-06-14-13|2022-06-28-01|2022-07-15-12|2022-07-20-01|2023-01-05-18|2023-01-09-15|2023-01-10-07|2023-01-16-01|2023-01-16-08|2023-01-19-08|2023-01-23-08|2023-01-23-15|2023-03-07-01
atanas,0,RIAL,15,2022-06-14-01|2022-06-14-07|2022-06-14-13|2022-06-28-07|2022-07-15-12|2022-07-20-01|2023-01-05-18|2023-01-06-08|2023-01-09-08|2023-01-09-15|2023-01-09-28|2023-01-16-01|2023-01-19-08|2023-01-23-15|2023-03-07-01
atanas,0,RIAR,11,2022-06-14-01|2022-06-14-13|2022-07-20-01|2023-01-05-18|2023-01-06-01|2023-01-06-08|2023-01-10-14|2023-01-16-01|2023-01-16-08|2023-01-19-08|2023-01-23-21
atanas,0,RIBL,10,2022-06-14-07|2022-06-14-13|2022-07-20-01|2023-01-06-08|2023-01-09-15|2023-01-10-07|2023-01-10-14|2023-01-16-08|2023-01-23-15|2023-01-23-21
atanas,0,RIBR,4,2022-06-14-13|2023-01-09-08|2023-01-09-15|2023-01-10-07
atanas,0,RICL,20,2022-06-14-07|2022-06-14-13|2022-06-28-01|2022-06-28-07|2022-07-15-12|2022-07-20-01|2023-01-05-18|2023-01-06-01|2023-01-06-08|2023-01-09-15|2023-01-09-28|2023-01-10-07|2023-01-10-14|2023-01-16-01|2023-01-16-08|2023-01-19-08|2023-01-23-08|2023-01-23-15|2023-01-23-21|2023-03-07-01
atanas,0,RICR,10,2022-06-14-13|2022-07-20-01|2023-01-09-15|2023-01-09-28|2023-01-10-07|2023-01-10-14|2023-01-16-01|2023-01-19-08|2023-01-23-15|2023-01-23-21
atanas,0,RID,19,2022-06-14-01|2022-06-14-13|2022-06-28-01|2022-06-28-07|2022-07-15-12|2022-07-20-01|2023-01-05-18|2023-01-06-01|2023-01-09-15|2023-01-09-28|2023-01-10-07|2023-01-10-14|2023-01-16-01|2023-01-16-08|2023-01-19-08|2023-01-23-08|2023-01-23-15|2023-01-23-21|2023-03-07-01
atanas,0,RIFL,1,2022-06-28-07
atanas,0,RIFR,1,2022-06-28-07
atanas,0,RIH,13,2022-06-14-07|2022-06-28-01|2022-06-28-07|2022-07-15-12|2023-01-06-01|2023-01-09-08|2023-01-09-15|2023-01-09-28|2023-01-10-07|2023-01-10-14|2023-01-16-08|2023-01-23-08|2023-03-07-01
atanas,0,RIML,8,2022-06-14-07|2022-06-28-01|2023-01-06-08|2023-01-09-15|2023-01-09-28|2023-01-10-07|2023-01-23-15|2023-03-07-01
atanas,0,RIMR,8,2022-06-14-07|2023-01-06-08|2023-01-09-08|2023-01-09-15|2023-01-09-28|2023-01-23-15|2023-01-23-21|2023-03-07-01
atanas,0,RIR,2,2022-07-15-12|2023-01-10-07
atanas,0,RIS,6,2022-06-14-13|2022-06-28-07|2022-07-15-12|2022-07-20-01|2023-01-16-08|2023-01-23-15
atanas,0,RIVL,22,2022-06-14-01|2022-06-14-07|2022-06-14-13|2022-06-28-01|2022-06-28-07|2022-07-15-12|2022-07-20-01|2023-01-05-18|2023-01-06-01|2023-01-06-08|2023-01-09-08|2023-01-09-15|2023-01-09-28|2023-01-10-07|2023-01-10-14|2023-01-16-01|2023-01-16-08|2023-01-19-08|2023-01-23-08|2023-01-23-15|2023-01-23-21|2023-03-07-01
atanas,0,RIVR,15,2022-06-14-07|2022-06-14-13|2022-07-20-01|2023-01-05-18|2023-01-06-08|2023-01-09-08|2023-01-09-15|2023-01-10-07|2023-01-10-14|2023-01-16-01|2023-01-16-08|2023-01-19-08|2023-01-23-08|2023-01-23-15|2023-01-23-21
atanas,0,RMDDL,17,2022-06-14-01|2022-06-14-07|2022-06-28-01|2022-06-28-07|2022-07-15-12|2022-07-20-01|2023-01-05-18|2023-01-06-01|2023-01-06-08|2023-01-09-15|2023-01-09-28|2023-01-10-07|2023-01-10-14|2023-01-16-01|2023-01-16-08|2023-01-23-08|2023-01-23-21
atanas,0,RMDDR,16,2022-06-14-01|2022-06-14-07|2022-06-28-01|2022-06-28-07|2022-07-15-12|2022-07-20-01|2023-01-06-01|2023-01-09-15|2023-01-09-28|2023-01-10-07|2023-01-10-14|2023-01-16-08|2023-01-19-08|2023-01-23-08|2023-01-23-15|2023-01-23-21
atanas,0,RMDL,18,2022-06-14-01|2022-06-14-07|2022-06-14-13|2022-06-28-01|2022-06-28-07|2022-07-20-01|2023-01-05-18|2023-01-06-01|2023-01-06-08|2023-01-09-28|2023-01-10-07|2023-01-10-14|2023-01-16-08|2023-01-19-08|2023-01-23-08|2023-01-23-15|2023-01-23-21|2023-03-07-01
atanas,0,RMDR,13,2022-06-14-01|2022-06-28-01|2022-06-28-07|2022-07-15-12|2022-07-20-01|2023-01-06-01|2023-01-09-28|2023-01-16-08|2023-01-19-08|2023-01-23-08|2023-01-23-15|2023-01-23-21|2023-03-07-01
atanas,0,RMDVL,19,2022-06-14-01|2022-06-14-07|2022-06-14-13|2022-06-28-01|2022-06-28-07|2022-07-15-12|2022-07-20-01|2023-01-05-18|2023-01-06-01|2023-01-09-15|2023-01-09-28|2023-01-10-07|2023-01-10-14|2023-01-16-01|2023-01-19-08|2023-01-23-08|2023-01-23-15|2023-01-23-21|2023-03-07-01
atanas,0,RMDVR,20,2022-06-14-01|2022-06-14-07|2022-06-14-13|2022-06-28-01|2022-06-28-07|2022-07-15-12|2022-07-20-01|2023-01-05-18|2023-01-06-01|2023-01-09-08|2023-01-09-15|2023-01-09-28|2023-01-10-07|2023-01-10-14|2023-01-16-01|2023-01-19-08|2023-01-23-08|2023-01-23-15|2023-01-23-21|2023-03-07-01
atanas,0,RMED,8,2022-06-14-01|2022-06-14-07|2022-06-14-13|2022-06-28-07|2022-07-20-01|2023-01-06-01|2023-01-23-15|2023-01-23-21
atanas,0,RMEL,18,2022-06-14-01|2022-06-14-07|2022-06-14-13|2022-06-28-01|2022-06-28-07|2022-07-20-01|2023-01-06-01|2023-01-09-08|2023-01-09-15|2023-01-09-28|2023-01-10-07|2023-01-10-14|2023-01-16-01|2023-01-19-08|2023-01-23-08|2023-01-23-15|2023-01-23-21|2023-03-07-01
atanas,0,RMER,22,2022-06-14-01|2022-06-14-07|2022-06-14-13|2022-06-28-01|2022-06-28-07|2022-07-15-12|2022-07-20-01|2023-01-05-18|2023-01-06-01|2023-01-06-08|2023-01-09-08|2023-01-09-15|2023-01-09-28|2023-01-10-07|2023-01-10-14|2023-01-16-01|2023-01-16-08|2023-01-19-08|2023-01-23-08|2023-01-23-15|2023-01-23-21|2023-03-07-01
atanas,0,RMEV,10,2022-06-14-01|2022-06-14-13|2022-06-28-07|2022-07-15-12|2022-07-20-01|2023-01-05-18|2023-01-06-08|2023-01-09-15|2023-01-23-21|2023-03-07-01
atanas,0,RMFL,2,2022-06-14-01|2022-06-14-07
atanas,0,RMGL,13,2022-06-28-01|2022-06-28-07|2022-07-15-12|2022-07-20-01|2023-01-06-01|2023-01-06-08|2023-01-09-28|2023-01-10-07|2023-01-16-08|2023-01-19-08|2023-01-23-15|2023-01-23-21|2023-03-07-01
atanas,0,SAADL,4,2022-06-28-07|2023-01-16-08|2023-01-23-08|2023-01-23-21
atanas,0,SAADR,4,2022-06-14-01|2023-01-10-07|2023-01-16-08|2023-01-23-08
atanas,0,SAAVL,13,2022-06-14-01|2022-06-14-07|2022-06-14-13|2022-07-15-12|2022-07-20-01|2023-01-05-18|2023-01-06-01|2023-01-09-08|2023-01-09-15|2023-01-16-01|2023-01-16-08|2023-01-23-15|2023-01-23-21
atanas,0,SAAVR,8,2022-06-14-07|2022-06-14-13|2022-06-28-07|2022-07-15-12|2022-07-20-01|2023-01-06-08|2023-01-09-15|2023-01-10-07
atanas,0,SIBDL,2,2023-01-09-28|2023-01-19-08
atanas,0,SIBVL,1,2023-01-23-21
atanas,0,SMBDL,1,2022-06-14-01
atanas,0,SMBDR,4,2022-06-14-01|2022-06-14-07|2023-01-10-07|2023-01-23-08
atanas,0,SMBVL,3,2022-06-14-01|2022-06-14-07|2022-06-28-07
atanas,0,SMBVR,6,2022-06-28-07|2022-07-15-12|2022-07-20-01|2023-01-06-01|2023-01-09-15|2023-01-09-28
atanas,0,SMDDL,10,2022-06-14-01|2022-06-14-07|2022-06-14-13|2022-06-28-01|2022-06-28-07|2022-07-15-12|2023-01-16-01|2023-01-16-08|2023-01-23-08|2023-03-07-01
atanas,0,SMDDR,10,2022-06-14-01|2022-06-14-07|2022-06-14-13|2022-06-28-01|2022-06-28-07|2022-07-15-12|2023-01-16-01|2023-01-16-08|2023-01-23-08|2023-03-07-01
atanas,0,SMDVL,22,2022-06-14-01|2022-06-14-07|2022-06-14-13|2022-06-28-01|2022-06-28-07|2022-07-15-12|2022-07-20-01|2023-01-05-18|2023-01-06-01|2023-01-06-08|2023-01-09-08|2023-01-09-15|2023-01-09-28|2023-01-10-07|2023-01-10-14|2023-01-16-01|2023-01-16-08|2023-01-19-08|2023-01-23-08|2023-01-23-15|2023-01-23-21|2023-03-07-01
atanas,0,SMDVR,17,2022-06-14-01|2022-06-14-07|2022-06-14-13|2022-06-28-01|2022-06-28-07|2022-07-20-01|2023-01-06-01|2023-01-06-08|2023-01-09-15|2023-01-09-28|2023-01-10-07|2023-01-10-14|2023-01-16-01|2023-01-16-08|2023-01-19-08|2023-01-23-08|2023-01-23-21
atanas,0,URADL,11,2022-06-14-01|2022-06-14-07|2022-07-15-12|2023-01-05-18|2023-01-06-01|2023-01-09-28|2023-01-10-14|2023-01-16-01|2023-01-19-08|2023-01-23-15|2023-03-07-01
atanas,0,URADR,6,2022-06-14-01|2023-01-05-18|2023-01-06-01|2023-01-09-15|2023-01-19-08|2023-01-23-15
atanas,0,URAVL,9,2022-07-15-12|2022-07-20-01|2023-01-05-18|2023-01-06-01|2023-01-06-08|2023-01-09-28|2023-01-19-08|2023-01-23-08|2023-03-07-01
atanas,0,URAVR,2,2022-07-15-12|2023-01-19-08
atanas,0,URBL,19,2022-06-14-01|2022-06-14-13|2022-06-28-01|2022-06-28-07|2022-07-15-12|2022-07-20-01|2023-01-05-18|2023-01-06-01|2023-01-06-08|2023-01-09-08|2023-01-09-15|2023-01-10-07|2023-01-16-01|2023-01-16-08|2023-01-19-08|2023-01-23-08|2023-01-23-15|2023-01-23-21|2023-03-07-01
atanas,0,URBR,11,2022-06-14-01|2022-06-14-13|2022-06-28-01|2023-01-05-18|2023-01-09-15|2023-01-16-01|2023-01-19-08|2023-01-23-08|2023-01-23-15|2023-01-23-21|2023-03-07-01
atanas,0,URXL,22,2022-06-14-01|2022-06-14-07|2022-06-14-13|2022-06-28-01|2022-06-28-07|2022-07-15-12|2022-07-20-01|2023-01-05-18|2023-01-06-01|2023-01-06-08|2023-01-09-08|2023-01-09-15|2023-01-09-28|2023-01-10-07|2023-01-10-14|2023-01-16-01|2023-01-16-08|2023-01-19-08|2023-01-23-08|2023-01-23-15|2023-01-23-21|2023-03-07-01
atanas,0,URXR,18,2022-06-14-01|2022-06-14-07|2022-06-14-13|2022-06-28-01|2022-06-28-07|2022-07-20-01|2023-01-05-18|2023-01-06-01|2023-01-06-08|2023-01-09-08|2023-01-09-15|2023-01-10-07|2023-01-10-14|2023-01-19-08|2023-01-23-08|2023-01-23-15|2023-01-23-21|2023-03-07-01
atanas,0,URYDL,16,2022-06-14-01|2022-06-14-07|2022-06-14-13|2022-06-28-01|2022-07-15-12|2022-07-20-01|2023-01-05-18|2023-01-06-08|2023-01-09-15|2023-01-09-28|2023-01-10-07|2023-01-10-14|2023-01-16-08|2023-01-19-08|2023-01-23-15|2023-01-23-21
atanas,0,URYDR,13,2022-06-14-01|2022-07-15-12|2023-01-05-18|2023-01-06-01|2023-01-06-08|2023-01-09-08|2023-01-09-15|2023-01-10-14|2023-01-16-01|2023-01-16-08|2023-01-23-15|2023-01-23-21|2023-03-07-01
atanas,0,URYVL,18,2022-06-14-07|2022-06-14-13|2022-06-28-07|2022-07-15-12|2022-07-20-01|2023-01-05-18|2023-01-06-08|2023-01-09-08|2023-01-09-15|2023-01-09-28|2023-01-10-07|2023-01-10-14|2023-01-16-01|2023-01-16-08|2023-01-19-08|2023-01-23-15|2023-01-23-21|2023-03-07-01
atanas,0,URYVR,16,2022-06-14-13|2022-06-28-01|2022-07-15-12|2022-07-20-01|2023-01-06-01|2023-01-06-08|2023-01-09-15|2023-01-09-28|2023-01-10-07|2023-01-10-14|2023-01-16-01|2023-01-19-08|2023-01-23-08|2023-01-23-15|2023-01-23-21|2023-03-07-01
atanas,0,VB02,10,2022-06-14-13|2023-01-06-08|2023-01-09-15|2023-01-09-28|2023-01-10-07|2023-01-10-14|2023-01-16-01|2023-01-16-08|2023-01-23-15|2023-03-07-01
atanas,1,ADAL,15,2022-06-14-07|2022-06-14-13|2022-06-28-01|2022-07-20-01|2022-08-02-01|2023-01-05-01|2023-01-09-28|2023-01-10-07|2023-01-13-07|2023-01-16-01|2023-01-16-08|2023-01-19-08|2023-01-19-22|2023-01-23-15|2023-03-07-01
atanas,1,ADAR,4,2023-01-09-28|2023-01-10-14|2023-01-19-08|2023-01-19-15
atanas,1,ADEL,18,2022-06-14-07|2022-06-14-13|2022-06-28-01|2022-07-20-01|2022-07-26-01|2022-08-02-01|2023-01-05-01|2023-01-09-28|2023-01-10-07|2023-01-10-14|2023-01-13-07|2023-01-16-01|2023-01-16-08|2023-01-16-15|2023-01-19-08|2023-01-19-22|2023-01-23-15|2023-03-07-01
atanas,1,ADER,9,2023-01-05-01|2023-01-05-18|2023-01-09-28|2023-01-10-07|2023-01-10-14|2023-01-13-07|2023-01-19-15|2023-01-19-22|2023-01-23-15
atanas,1,ADLL,9,2022-06-14-07|2022-06-14-13|2022-07-20-01|2023-01-05-18|2023-01-09-28|2023-01-10-14|2023-01-16-08|2023-01-19-08|2023-03-07-01
atanas,1,ADLR,4,2023-01-05-18|2023-01-10-07|2023-01-13-07|2023-01-23-15
atanas,1,AIAL,1,2022-07-26-01
atanas,1,AIAR,1,2022-07-26-01
atanas,1,AIBL,20,2022-06-14-01|2022-06-14-07|2022-06-14-13|2022-06-28-01|2022-07-20-01|2022-07-26-01|2022-08-02-01|2023-01-05-01|2023-01-09-28|2023-01-10-07|2023-01-10-14|2023-01-13-07|2023-01-16-01|2023-01-16-08|2023-01-16-15|2023-01-16-22|2023-01-19-08|2023-01-19-15|2023-01-19-22|2023-01-23-15
atanas,1,AIBR,21,2022-06-14-01|2022-06-14-07|2022-06-14-13|2022-06-28-01|2022-07-20-01|2022-07-26-01|2022-08-02-01|2023-01-05-01|2023-01-05-18|2023-01-09-28|2023-01-10-07|2023-01-10-14|2023-01-13-07|2023-01-16-01|2023-01-16-08|2023-01-16-15|2023-01-16-22|2023-01-19-15|2023-01-19-22|2023-01-23-15|2023-03-07-01
atanas,1,AIML,9,2022-06-14-13|2022-06-28-01|2022-07-20-01|2022-08-02-01|2023-01-09-28|2023-01-10-14|2023-01-19-08|2023-01-19-15|2023-01-19-22
atanas,1,AIMR,9,2022-06-14-13|2022-07-20-01|2022-08-02-01|2023-01-09-28|2023-01-10-14|2023-01-19-08|2023-01-19-15|2023-01-19-22|2023-01-23-15
atanas,1,AINL,13,2022-06-14-07|2022-06-28-01|2022-07-26-01|2022-08-02-01|2023-01-10-07|2023-01-10-14|2023-01-16-01|2023-01-16-08|2023-01-16-15|2023-01-19-08|2023-01-19-22|2023-01-23-15|2023-03-07-01
atanas,1,AINR,9,2022-07-26-01|2023-01-05-18|2023-01-09-28|2023-01-10-07|2023-01-10-14|2023-01-13-07|2023-01-16-01|2023-01-16-15|2023-01-16-22
atanas,1,AIYL,4,2022-06-14-07|2022-07-20-01|2022-08-02-01|2023-01-16-22
atanas,1,AIYR,4,2022-06-14-07|2022-07-20-01|2023-01-10-14|2023-01-16-22
atanas,1,AIZL,18,2022-06-14-01|2022-06-14-07|2022-06-14-13|2022-06-28-01|2022-08-02-01|2023-01-05-01|2023-01-05-18|2023-01-10-07|2023-01-10-14|2023-01-13-07|2023-01-16-01|2023-01-16-08|2023-01-16-15|2023-01-16-22|2023-01-19-08|2023-01-19-15|2023-01-19-22|2023-01-23-15
atanas,1,AIZR,17,2022-06-14-13|2022-07-20-01|2022-08-02-01|2023-01-05-01|2023-01-05-18|2023-01-09-28|2023-01-10-07|2023-01-10-14|2023-01-13-07|2023-01-16-01|2023-01-16-08|2023-01-16-15|2023-01-16-22|2023-01-19-08|2023-01-19-15|2023-01-19-22|2023-01-23-15
atanas,1,ALA,4,2023-01-05-01|2023-01-16-01|2023-01-19-22|2023-03-07-01
atanas,1,AQR,10,2022-06-14-13|2023-01-09-28|2023-01-10-07|2023-01-10-14|2023-01-16-08|2023-01-19-08|2023-01-19-15|2023-01-19-22|2023-01-23-15|2023-03-07-01
atanas,1,ASEL,17,2022-06-14-01|2022-06-14-07|2022-06-14-13|2022-06-28-01|2022-07-20-01|2022-07-26-01|2022-08-02-01|2023-01-05-18|2023-01-10-07|2023-01-13-07|2023-01-16-01|2023-01-16-08|2023-01-16-15|2023-01-16-22|2023-01-19-08|2023-01-23-15|2023-03-07-01
atanas,1,ASER,12,2022-06-14-07|2022-06-14-13|2022-07-20-01|2023-01-05-18|2023-01-09-28|2023-01-10-07|2023-01-10-14|2023-01-13-07|2023-01-16-01|2023-01-19-08|2023-01-19-15|2023-01-19-22
atanas,1,ASGL,18,2022-06-14-07|2022-06-14-13|2022-06-28-01|2022-07-26-01|2022-08-02-01|2023-01-05-01|2023-01-05-18|2023-01-09-28|2023-01-10-07|2023-01-10-14|2023-01-13-07|2023-01-16-08|2023-01-16-15|2023-01-16-22|2023-01-19-08|2023-01-19-22|2023-01-23-15|2023-03-07-01
atanas,1,ASGR,13,2022-06-14-13|2022-07-20-01|2022-08-02-01|2023-01-09-28|2023-01-10-07|2023-01-13-07|2023-01-16-01|2023-01-16-08|2023-01-16-15|2023-01-19-08|2023-01-19-22|2023-01-23-15|2023-03-07-01
atanas,1,ASHL,10,2022-06-14-01|2022-06-14-07|2022-06-14-13|2022-07-20-01|2022-07-26-01|2022-08-02-01|2023-01-09-28|2023-01-16-22|2023-01-23-15|2023-03-07-01
atanas,1,ASHR,3,2022-07-20-01|2023-01-19-15|2023-03-07-01
atanas,1,ASIL,4,2022-06-14-07|2022-07-20-01|2023-01-05-18|2023-01-16-22
atanas,1,ASIR,4,2023-01-10-14|2023-01-13-07|2023-01-16-15|2023-01-16-22
atanas,1,ASKL,2,2022-08-02-01|2023-01-05-01
atanas,1,ASKR,2,2023-01-05-01|2023-01-19-22
atanas,1,AUAL,17,2022-06-14-01|2022-06-14-07|2022-06-14-13|2022-06-28-01|2022-07-20-01|2022-07-26-01|2022-08-02-01|2023-01-05-01|2023-01-05-18|2023-01-10-07|2023-01-13-07|2023-01-16-01|2023-01-16-08|2023-01-16-15|2023-01-16-22|2023-01-19-22|2023-03-07-01
atanas,1,AUAR,11,2022-06-14-13|2022-07-20-01|2022-08-02-01|2023-01-10-07|2023-01-13-07|2023-01-16-15|2023-01-16-22|2023-01-19-08|2023-01-19-15|2023-01-19-22|2023-03-07-01
atanas,1,AVAL,20,2022-06-14-07|2022-06-14-13|2022-06-28-01|2022-07-20-01|2022-07-26-01|2022-08-02-01|2023-01-05-01|2023-01-05-18|2023-01-09-28|2023-01-10-07|2023-01-10-14|2023-01-13-07|2023-01-16-01|2023-01-16-08|2023-01-16-15|2023-01-19-08|2023-01-19-15|2023-01-19-22|2023-01-23-15|2023-03-07-01
atanas,1,AVAR,17,2022-06-14-01|2022-06-14-13|2022-06-28-01|2022-07-20-01|2022-08-02-01|2023-01-05-01|2023-01-05-18|2023-01-10-07|2023-01-10-14|2023-01-13-07|2023-01-16-01|2023-01-16-08|2023-01-19-08|2023-01-19-15|2023-01-19-22|2023-01-23-15|2023-03-07-01
atanas,1,AVBL,6,2023-01-05-18|2023-01-10-14|2023-01-16-08|2023-01-16-22|2023-01-19-08|2023-01-23-15
atanas,1,AVBR,2,2023-01-10-07|2023-01-19-15
atanas,1,AVDL,19,2022-06-14-01|2022-06-14-07|2022-06-14-13|2022-06-28-01|2022-07-26-01|2022-08-02-01|2023-01-05-01|2023-01-09-28|2023-01-10-07|2023-01-13-07|2023-01-16-01|2023-01-16-08|2023-01-16-15|2023-01-16-22|2023-01-19-08|2023-01-19-15|2023-01-19-22|2023-01-23-15|2023-03-07-01
atanas,1,AVDR,14,2022-06-14-13|2022-06-28-01|2022-07-20-01|2022-08-02-01|2023-01-05-01|2023-01-05-18|2023-01-09-28|2023-01-10-07|2023-01-16-01|2023-01-16-15|2023-01-16-22|2023-01-19-15|2023-01-19-22|2023-01-23-15
atanas,1,AVEL,17,2022-06-14-01|2022-06-14-07|2022-06-14-13|2022-06-28-01|2022-07-20-01|2022-07-26-01|2022-08-02-01|2023-01-05-01|2023-01-05-18|2023-01-09-28|2023-01-10-07|2023-01-10-14|2023-01-13-07|2023-01-16-08|2023-01-19-15|2023-01-19-22|2023-01-23-15
atanas,1,AVER,18,2022-06-14-01|2022-06-14-07|2022-06-14-13|2022-06-28-01|2022-07-20-01|2022-07-26-01|2022-08-02-01|2023-01-05-01|2023-01-05-18|2023-01-09-28|2023-01-10-07|2023-01-10-14|2023-01-16-08|2023-01-16-15|2023-01-19-08|2023-01-19-22|2023-01-23-15|2023-03-07-01
atanas,1,AVHL,11,2022-06-14-01|2022-06-14-07|2022-06-14-13|2022-07-20-01|2022-08-02-01|2023-01-05-01|2023-01-05-18|2023-01-16-08|2023-01-16-22|2023-01-19-08|2023-03-07-01
atanas,1,AVJL,19,2022-06-14-01|2022-06-14-07|2022-06-14-13|2022-06-28-01|2022-07-20-01|2022-07-26-01|2022-08-02-01|2023-01-05-01|2023-01-05-18|2023-01-10-07|2023-01-10-14|2023-01-13-07|2023-01-16-01|2023-01-16-08|2023-01-16-15|2023-01-16-22|2023-01-19-08|2023-01-19-22|2023-01-23-15
atanas,1,AVJR,19,2022-06-14-07|2022-06-14-13|2022-06-28-01|2022-07-20-01|2022-08-02-01|2023-01-05-01|2023-01-05-18|2023-01-09-28|2023-01-10-07|2023-01-10-14|2023-01-13-07|2023-01-16-01|2023-01-16-08|2023-01-16-15|2023-01-16-22|2023-01-19-08|2023-01-19-15|2023-01-19-22|2023-01-23-15
atanas,1,AVKL,1,2022-06-14-13
atanas,1,AVKR,2,2022-07-26-01|2023-01-09-28
atanas,1,AVL,13,2022-06-14-01|2022-06-14-13|2022-06-28-01|2022-07-20-01|2022-08-02-01|2023-01-05-01|2023-01-05-18|2023-01-10-07|2023-01-16-08|2023-01-16-15|2023-01-16-22|2023-01-23-15|2023-03-07-01
atanas,1,AWAL,16,2022-06-14-07|2022-06-14-13|2022-07-20-01|2023-01-05-01|2023-01-05-18|2023-01-09-28|2023-01-10-07|2023-01-10-14|2023-01-13-07|2023-01-16-01|2023-01-16-08|2023-01-16-15|2023-01-19-08|2023-01-19-22|2023-01-23-15|2023-03-07-01
atanas,1,AWAR,14,2022-06-14-07|2022-06-14-13|2022-06-28-01|2022-07-20-01|2022-08-02-01|2023-01-09-28|2023-01-10-07|2023-01-10-14|2023-01-13-07|2023-01-16-08|2023-01-16-15|2023-01-19-22|2023-01-23-15|2023-03-07-01
atanas,1,AWBL,20,2022-06-14-01|2022-06-14-07|2022-06-14-13|2022-06-28-01|2022-07-20-01|2022-08-02-01|2023-01-05-01|2023-01-05-18|2023-01-09-28|2023-01-10-07|2023-01-10-14|2023-01-13-07|2023-01-16-01|2023-01-16-08|2023-01-16-15|2023-01-16-22|2023-01-19-08|2023-01-19-22|2023-01-23-15|2023-03-07-01
atanas,1,AWBR,14,2022-07-20-01|2022-08-02-01|2023-01-05-18|2023-01-10-07|2023-01-10-14|2023-01-13-07|2023-01-16-01|2023-01-16-08|2023-01-16-15|2023-01-19-08|2023-01-19-15|2023-01-19-22|2023-01-23-15|2023-03-07-01
atanas,1,AWCL,19,2022-06-14-01|2022-06-14-07|2022-06-14-13|2022-06-28-01|2022-07-20-01|2022-08-02-01|2023-01-05-01|2023-01-05-18|2023-01-09-28|2023-01-10-07|2023-01-10-14|2023-01-13-07|2023-01-16-01|2023-01-16-08|2023-01-16-15|2023-01-16-22|2023-01-19-22|2023-01-23-15|2023-03-07-01
atanas,1,AWCR,8,2023-01-09-28|2023-01-10-07|2023-01-16-01|2023-01-16-08|2023-01-19-15|2023-01-19-22|2023-01-23-15|2023-03-07-01
atanas,1,BAGL,10,2022-06-28-01|2022-07-20-01|2022-07-26-01|2022-08-02-01|2023-01-09-28|2023-01-10-14|2023-01-16-08|2023-01-16-15|2023-01-16-22|2023-01-19-08
atanas,1,BAGR,2,2022-08-02-01|2023-03-07-01
atanas,1,CEPDL,22,2022-06-14-01|2022-06-14-07|2022-06-14-13|2022-06-28-01|2022-07-20-01|2022-07-26-01|2022-08-02-01|2023-01-05-01|2023-01-05-18|2023-01-09-28|2023-01-10-07|2023-01-10-14|2023-01-13-07|2023-01-16-01|2023-01-16-08|2023-01-16-15|2023-01-16-22|2023-01-19-08|2023-01-19-15|2023-01-19-22|2023-01-23-15|2023-03-07-01
atanas,1,CEPDR,19,2022-06-14-01|2022-06-14-07|2022-06-14-13|2022-06-28-01|2022-07-20-01|2022-08-02-01|2023-01-05-01|2023-01-05-18|2023-01-10-07|2023-01-10-14|2023-01-16-01|2023-01-16-08|2023-01-16-15|2023-01-16-22|2023-01-19-08|2023-01-19-15|2023-01-19-22|2023-01-23-15|2023-03-07-01
atanas,1,CEPVL,19,2022-06-14-07|2022-06-14-13|2022-06-28-01|2022-07-20-01|2022-07-26-01|2022-08-02-01|2023-01-05-01|2023-01-05-18|2023-01-09-28|2023-01-10-07|2023-01-10-14|2023-01-13-07|2023-01-16-01|2023-01-16-15|2023-01-16-22|2023-01-19-08|2023-01-19-22|2023-01-23-15|2023-03-07-01
atanas,1,CEPVR,16,2022-06-14-01|2022-06-14-07|2022-06-14-13|2022-06-28-01|2022-07-26-01|2022-08-02-01|2023-01-09-28|2023-01-10-07|2023-01-10-14|2023-01-16-01|2023-01-16-08|2023-01-16-15|2023-01-19-08|2023-01-19-22|2023-01-23-15|2023-03-07-01
atanas,1,FLPL,19,2022-06-14-01|2022-06-14-07|2022-06-14-13|2022-07-26-01|2022-08-02-01|2023-01-05-01|2023-01-05-18|2023-01-09-28|2023-01-10-07|2023-01-10-14|2023-01-13-07|2023-01-16-01|2023-01-16-08|2023-01-16-15|2023-01-16-22|2023-01-19-08|2023-01-19-22|2023-01-23-15|2023-03-07-01
atanas,1,FLPR,10,2022-08-02-01|2023-01-05-18|2023-01-09-28|2023-01-10-14|2023-01-13-07|2023-01-16-15|2023-01-16-22|2023-01-19-15|2023-01-19-22|2023-01-23-15
atanas,1,I1L,19,2022-06-14-01|2022-06-14-07|2022-06-14-13|2022-06-28-01|2022-07-20-01|2023-01-05-01|2023-01-05-18|2023-01-09-28|2023-01-10-07|2023-01-10-14|2023-01-13-07|2023-01-16-01|2023-01-16-08|2023-01-16-15|2023-01-16-22|2023-01-19-15|2023-01-19-22|2023-01-23-15|2023-03-07-01
atanas,1,I1R,16,2022-06-14-01|2022-06-14-07|2022-06-14-13|2022-08-02-01|2023-01-05-01|2023-01-05-18|2023-01-10-07|2023-01-10-14|2023-01-13-07|2023-01-16-01|2023-01-16-08|2023-01-16-15|2023-01-16-22|2023-01-19-22|2023-01-23-15|2023-03-07-01
atanas,1,I2L,21,2022-06-14-01|2022-06-14-07|2022-06-14-13|2022-07-20-01|2022-07-26-01|2022-08-02-01|2023-01-05-01|2023-01-05-18|2023-01-09-28|2023-01-10-07|2023-01-10-14|2023-01-13-07|2023-01-16-01|2023-01-16-08|2023-01-16-15|2023-01-16-22|2023-01-19-08|2023-01-19-15|2023-01-19-22|2023-01-23-15|2023-03-07-01
atanas,1,I2R,18,2022-06-14-01|2022-06-14-13|2022-07-20-01|2022-08-02-01|2023-01-05-01|2023-01-05-18|2023-01-09-28|2023-01-10-07|2023-01-10-14|2023-01-13-07|2023-01-16-01|2023-01-16-08|2023-01-16-15|2023-01-16-22|2023-01-19-08|2023-01-19-22|2023-01-23-15|2023-03-07-01
atanas,1,I3,21,2022-06-14-01|2022-06-14-07|2022-06-14-13|2022-06-28-01|2022-07-20-01|2022-07-26-01|2022-08-02-01|2023-01-05-01|2023-01-05-18|2023-01-09-28|2023-01-10-07|2023-01-10-14|2023-01-13-07|2023-01-16-01|2023-01-16-08|2023-01-16-15|2023-01-16-22|2023-01-19-08|2023-01-19-22|2023-01-23-15|2023-03-07-01
atanas,1,I4,5,2023-01-05-01|2023-01-05-18|2023-01-16-01|2023-01-16-08|2023-01-16-22
atanas,1,I5,3,2022-07-20-01|2023-01-16-08|2023-01-19-08
atanas,1,I6,8,2023-01-05-01|2023-01-05-18|2023-01-09-28|2023-01-10-14|2023-01-13-07|2023-01-16-08|2023-01-16-15|2023-01-16-22
atanas,1,IL1DL,16,2022-06-14-01|2022-06-14-07|2022-06-14-13|2022-06-28-01|2022-07-26-01|2022-08-02-01|2023-01-05-01|2023-01-05-18|2023-01-09-28|2023-01-10-07|2023-01-10-14|2023-01-16-08|2023-01-16-15|2023-01-16-22|2023-01-19-22|2023-01-23-15
atanas,1,IL1DR,20,2022-06-14-01|2022-06-14-13|2022-06-28-01|2022-07-20-01|2022-07-26-01|2022-08-02-01|2023-01-05-01|2023-01-05-18|2023-01-09-28|2023-01-10-07|2023-01-10-14|2023-01-13-07|2023-01-16-01|2023-01-16-08|2023-01-16-15|2023-01-16-22|2023-01-19-15|2023-01-19-22|2023-01-23-15|2023-03-07-01
atanas,1,IL1L,18,2022-06-14-01|2022-06-14-07|2022-06-14-13|2022-07-20-01|2022-07-26-01|2022-08-02-01|2023-01-05-01|2023-01-05-18|2023-01-10-07|2023-01-10-14|2023-01-16-01|2023-01-16-08|2023-01-16-15|2023-01-16-22|2023-01-19-08|2023-01-19-22|2023-01-23-15|2023-03-07-01
atanas,1,IL1R,17,2022-06-14-01|2022-06-14-07|2022-06-14-13|2022-07-20-01|2022-07-26-01|2022-08-02-01|2023-01-05-01|2023-01-09-28|2023-01-10-07|2023-01-10-14|2023-01-13-07|2023-01-16-01|2023-01-16-15|2023-01-16-22|2023-01-19-08|2023-01-19-22|2023-03-07-01
atanas,1,IL1VL,7,2022-06-14-13|2022-06-28-01|2023-01-05-01|2023-01-16-08|2023-01-16-15|2023-01-16-22|2023-01-19-15
atanas,1,IL1VR,11,2022-06-28-01|2022-07-20-01|2022-08-02-01|2023-01-05-01|2023-01-09-28|2023-01-13-07|2023-01-16-01|2023-01-16-15|2023-01-16-22|2023-01-19-15|2023-01-19-22
atanas,1,IL2DL,20,2022-06-14-01|2022-06-14-07|2022-06-14-13|2022-06-28-01|2022-07-20-01|2022-07-26-01|2022-08-02-01|2023-01-05-18|2023-01-09-28|2023-01-10-07|2023-01-10-14|2023-01-16-01|2023-01-16-08|2023-01-16-15|2023-01-16-22|2023-01-19-08|2023-01-19-15|2023-01-19-22|2023-01-23-15|2023-03-07-01
atanas,1,IL2DR,14,2022-06-28-01|2022-07-20-01|2022-07-26-01|2022-08-02-01|2023-01-05-01|2023-01-05-18|2023-01-10-07|2023-01-10-14|2023-01-16-01|2023-01-16-08|2023-01-16-15|2023-01-16-22|2023-01-19-22|2023-01-23-15
atanas,1,IL2L,16,2022-06-14-01|2022-06-14-07|2022-06-14-13|2022-06-28-01|2022-07-26-01|2022-08-02-01|2023-01-05-18|2023-01-09-28|2023-01-10-07|2023-01-10-14|2023-01-13-07|2023-01-16-01|2023-01-16-08|2023-01-16-15|2023-01-16-22|2023-01-23-15
atanas,1,IL2R,15,2022-06-14-01|2022-06-14-07|2022-06-14-13|2022-07-20-01|2022-07-26-01|2022-08-02-01|2023-01-05-18|2023-01-09-28|2023-01-10-07|2023-01-10-14|2023-01-13-07|2023-01-16-01|2023-01-16-08|2023-01-19-08|2023-01-23-15
atanas,1,IL2VL,17,2022-06-14-01|2022-06-14-07|2022-06-14-13|2022-06-28-01|2022-07-20-01|2022-07-26-01|2022-08-02-01|2023-01-05-18|2023-01-09-28|2023-01-10-07|2023-01-10-14|2023-01-16-15|2023-01-16-22|2023-01-19-08|2023-01-19-22|2023-01-23-15|2023-03-07-01
atanas,1,IL2VR,16,2022-06-14-01|2022-06-14-07|2022-06-28-01|2022-07-20-01|2022-07-26-01|2022-08-02-01|2023-01-05-18|2023-01-09-28|2023-01-10-07|2023-01-10-14|2023-01-13-07|2023-01-16-15|2023-01-16-22|2023-01-19-15|2023-01-23-15|2023-03-07-01
atanas,1,M1,12,2022-06-14-01|2022-06-14-07|2023-01-05-01|2023-01-05-18|2023-01-09-28|2023-01-10-14|2023-01-13-07|2023-01-16-08|2023-01-16-15|2023-01-16-22|2023-01-19-08|2023-01-23-15
atanas,1,M3L,22,2022-06-14-01|2022-06-14-07|2022-06-14-13|2022-06-28-01|2022-07-20-01|2022-07-26-01|2022-08-02-01|2023-01-05-01|2023-01-05-18|2023-01-09-28|2023-01-10-07|2023-01-10-14|2023-01-13-07|2023-01-16-01|2023-01-16-08|2023-01-16-15|2023-01-16-22|2023-01-19-08|2023-01-19-15|2023-01-19-22|2023-01-23-15|2023-03-07-01
atanas,1,M3R,21,2022-06-14-01|2022-06-14-07|2022-06-14-13|2022-06-28-01|2022-07-20-01|2022-07-26-01|2022-08-02-01|2023-01-05-01|2023-01-05-18|2023-01-09-28|2023-01-10-07|2023-01-10-14|2023-01-13-07|2023-01-16-01|2023-01-16-08|2023-01-16-15|2023-01-19-08|2023-01-19-15|2023-01-19-22|2023-01-23-15|2023-03-07-01
atanas,1,M4,19,2022-06-14-01|2022-06-14-07|2022-06-14-13|2022-06-28-01|2022-07-20-01|2022-07-26-01|2022-08-02-01|2023-01-05-01|2023-01-05-18|2023-01-09-28|2023-01-10-14|2023-01-13-07|2023-01-16-01|2023-01-16-08|2023-01-16-15|2023-01-16-22|2023-01-19-22|2023-01-23-15|2023-03-07-01
atanas,1,M5,12,2022-06-14-13|2022-08-02-01|2023-01-05-01|2023-01-09-28|2023-01-10-07|2023-01-10-14|2023-01-13-07|2023-01-16-01|2023-01-16-15|2023-01-16-22|2023-01-19-08|2023-01-23-15
atanas,1,MCL,15,2022-06-14-07|2022-06-14-13|2022-08-02-01|2023-01-05-01|2023-01-05-18|2023-01-09-28|2023-01-10-07|2023-01-10-14|2023-01-16-01|2023-01-16-08|2023-01-16-15|2023-01-16-22|2023-01-19-08|2023-01-19-15|2023-01-23-15
atanas,1,MCR,7,2022-06-28-01|2022-07-20-01|2022-08-02-01|2023-01-05-01|2023-01-09-28|2023-01-16-08|2023-01-16-15
atanas,1,MI,17,2022-06-14-01|2022-06-14-07|2022-06-28-01|2022-07-20-01|2022-07-26-01|2022-08-02-01|2023-01-05-01|2023-01-05-18|2023-01-09-28|2023-01-10-14|2023-01-13-07|2023-01-16-01|2023-01-16-22|2023-01-19-08|2023-01-19-15|2023-01-19-22|2023-03-07-01
atanas,1,NSML,21,2022-06-14-01|2022-06-14-07|2022-06-14-13|2022-06-28-01|2022-07-20-01|2022-07-26-01|2022-08-02-01|2023-01-05-01|2023-01-05-18|2023-01-09-28|2023-01-10-07|2023-01-10-14|2023-01-13-07|2023-01-16-01|2023-01-16-08|2023-01-16-15|2023-01-16-22|2023-01-19-08|2023-01-19-15|2023-01-23-15|2023-03-07-01
atanas,1,NSMR,21,2022-06-14-01|2022-06-14-07|2022-06-14-13|2022-06-28-01|2022-07-20-01|2022-07-26-01|2022-08-02-01|2023-01-05-01|2023-01-05-18|2023-01-09-28|2023-01-10-07|2023-01-10-14|2023-01-13-07|2023-01-16-01|2023-01-16-08|2023-01-16-15|2023-01-16-22|2023-01-19-08|2023-01-19-15|2023-01-19-22|2023-01-23-15
atanas,1,OLLL,20,2022-06-14-01|2022-06-14-07|2022-06-14-13|2022-06-28-01|2022-07-20-01|2022-07-26-01|2022-08-02-01|2023-01-05-01|2023-01-05-18|2023-01-09-28|2023-01-10-07|2023-01-10-14|2023-01-16-01|2023-01-16-15|2023-01-16-22|2023-01-19-08|2023-01-19-15|2023-01-19-22|2023-01-23-15|2023-03-07-01
atanas,1,OLLR,19,2022-06-14-01|2022-06-14-07|2022-06-14-13|2022-07-20-01|2022-07-26-01|2022-08-02-01|2023-01-05-01|2023-01-05-18|2023-01-09-28|2023-01-10-07|2023-01-10-14|2023-01-13-07|2023-01-16-01|2023-01-16-15|2023-01-16-22|2023-01-19-08|2023-01-19-22|2023-01-23-15|2023-03-07-01
atanas,1,OLQDL,20,2022-06-14-01|2022-06-14-07|2022-06-14-13|2022-06-28-01|2022-07-20-01|2022-07-26-01|2022-08-02-01|2023-01-05-01|2023-01-05-18|2023-01-09-28|2023-01-10-07|2023-01-10-14|2023-01-16-01|2023-01-16-08|2023-01-16-15|2023-01-16-22|2023-01-19-08|2023-01-19-22|2023-01-23-15|2023-03-07-01
atanas,1,OLQDR,20,2022-06-14-01|2022-06-14-07|2022-06-14-13|2022-06-28-01|2022-07-20-01|2022-07-26-01|2022-08-02-01|2023-01-05-01|2023-01-05-18|2023-01-09-28|2023-01-10-07|2023-01-10-14|2023-01-16-01|2023-01-16-08|2023-01-16-15|2023-01-16-22|2023-01-19-08|2023-01-19-22|2023-01-23-15|2023-03-07-01
atanas,1,OLQVL,20,2022-06-14-01|2022-06-14-07|2022-06-14-13|2022-06-28-01|2022-07-20-01|2022-07-26-01|2022-08-02-01|2023-01-05-01|2023-01-05-18|2023-01-09-28|2023-01-10-07|2023-01-10-14|2023-01-16-01|2023-01-16-08|2023-01-16-15|2023-01-16-22|2023-01-19-08|2023-01-19-15|2023-01-19-22|2023-03-07-01
atanas,1,OLQVR,18,2022-06-14-01|2022-06-14-07|2022-06-14-13|2022-06-28-01|2022-07-20-01|2022-07-26-01|2022-08-02-01|2023-01-05-01|2023-01-05-18|2023-01-10-07|2023-01-16-01|2023-01-16-08|2023-01-16-15|2023-01-16-22|2023-01-19-08|2023-01-19-22|2023-01-23-15|2023-03-07-01
atanas,1,RIAL,15,2022-06-14-01|2022-06-14-07|2022-06-14-13|2022-07-20-01|2022-07-26-01|2022-08-02-01|2023-01-05-01|2023-01-05-18|2023-01-09-28|2023-01-13-07|2023-01-16-01|2023-01-19-08|2023-01-19-22|2023-01-23-15|2023-03-07-01
atanas,1,RIAR,11,2022-06-14-01|2022-06-14-13|2022-07-20-01|2022-08-02-01|2023-01-05-01|2023-01-05-18|2023-01-10-14|2023-01-16-01|2023-01-16-08|2023-01-19-08|2023-01-19-22
atanas,1,RIBL,12,2022-06-14-07|2022-06-14-13|2022-07-20-01|2022-08-02-01|2023-01-05-01|2023-01-10-07|2023-01-10-14|2023-01-16-08|2023-01-16-15|2023-01-16-22|2023-01-19-22|2023-01-23-15
atanas,1,RIBR,3,2022-06-14-13|2023-01-10-07|2023-01-19-15
atanas,1,RICL,20,2022-06-14-07|2022-06-14-13|2022-06-28-01|2022-07-20-01|2022-07-26-01|2022-08-02-01|2023-01-05-01|2023-01-05-18|2023-01-09-28|2023-01-10-07|2023-01-10-14|2023-01-13-07|2023-01-16-01|2023-01-16-08|2023-01-16-15|2023-01-16-22|2023-01-19-08|2023-01-19-22|2023-01-23-15|2023-03-07-01
atanas,1,RICR,15,2022-06-14-13|2022-07-20-01|2022-08-02-01|2023-01-05-01|2023-01-09-28|2023-01-10-07|2023-01-10-14|2023-01-13-07|2023-01-16-01|2023-01-16-15|2023-01-16-22|2023-01-19-08|2023-01-19-15|2023-01-19-22|2023-01-23-15
atanas,1,RID,18,2022-06-14-01|2022-06-14-13|2022-06-28-01|2022-07-20-01|2022-07-26-01|2022-08-02-01|2023-01-05-01|2023-01-05-18|2023-01-09-28|2023-01-10-07|2023-01-10-14|2023-01-16-01|2023-01-16-08|2023-01-16-15|2023-01-19-08|2023-01-19-22|2023-01-23-15|2023-03-07-01
atanas,1,RIH,11,2022-06-14-07|2022-06-28-01|2022-08-02-01|2023-01-05-01|2023-01-09-28|2023-01-10-07|2023-01-10-14|2023-01-16-08|2023-01-16-15|2023-01-16-22|2023-03-07-01
atanas,1,RIML,8,2022-06-14-07|2022-06-28-01|2023-01-09-28|2023-01-10-07|2023-01-16-22|2023-01-19-15|2023-01-23-15|2023-03-07-01
atanas,1,RIMR,5,2022-06-14-07|2023-01-05-01|2023-01-09-28|2023-01-23-15|2023-03-07-01
atanas,1,RIPL,1,2022-08-02-01
atanas,1,RIR,4,2023-01-05-01|2023-01-10-07|2023-01-16-15|2023-01-19-22
atanas,1,RIS,5,2022-06-14-13|2022-07-20-01|2023-01-16-08|2023-01-16-22|2023-01-23-15
atanas,1,RIVL,20,2022-06-14-01|2022-06-14-07|2022-06-14-13|2022-06-28-01|2022-07-20-01|2022-08-02-01|2023-01-05-01|2023-01-05-18|2023-01-09-28|2023-01-10-07|2023-01-10-14|2023-01-13-07|2023-01-16-01|2023-01-16-08|2023-01-16-15|2023-01-16-22|2023-01-19-08|2023-01-19-22|2023-01-23-15|2023-03-07-01
atanas,1,RIVR,16,2022-06-14-07|2022-06-14-13|2022-07-20-01|2022-08-02-01|2023-01-05-01|2023-01-05-18|2023-01-10-07|2023-01-10-14|2023-01-16-01|2023-01-16-08|2023-01-16-15|2023-01-16-22|2023-01-19-08|2023-01-19-15|2023-01-19-22|2023-01-23-15
atanas,1,RMDDL,17,2022-06-14-01|2022-06-14-07|2022-06-28-01|2022-07-20-01|2022-07-26-01|2022-08-02-01|2023-01-05-01|2023-01-05-18|2023-01-09-28|2023-01-10-07|2023-01-10-14|2023-01-13-07|2023-01-16-01|2023-01-16-08|2023-01-16-15|2023-01-19-15|2023-01-19-22
atanas,1,RMDDR,17,2022-06-14-01|2022-06-14-07|2022-06-28-01|2022-07-20-01|2022-07-26-01|2022-08-02-01|2023-01-05-01|2023-01-09-28|2023-01-10-07|2023-01-10-14|2023-01-13-07|2023-01-16-08|2023-01-16-22|2023-01-19-08|2023-01-19-15|2023-01-19-22|2023-01-23-15
atanas,1,RMDL,20,2022-06-14-01|2022-06-14-07|2022-06-14-13|2022-06-28-01|2022-07-20-01|2022-07-26-01|2022-08-02-01|2023-01-05-01|2023-01-05-18|2023-01-09-28|2023-01-10-07|2023-01-10-14|2023-01-13-07|2023-01-16-08|2023-01-16-22|2023-01-19-08|2023-01-19-15|2023-01-19-22|2023-01-23-15|2023-03-07-01
atanas,1,RMDR,12,2022-06-14-01|2022-06-28-01|2022-07-20-01|2022-07-26-01|2022-08-02-01|2023-01-09-28|2023-01-16-08|2023-01-19-08|2023-01-19-15|2023-01-19-22|2023-01-23-15|2023-03-07-01
atanas,1,RMDVL,19,2022-06-14-01|2022-06-14-07|2022-06-14-13|2022-06-28-01|2022-07-20-01|2022-07-26-01|2023-01-05-01|2023-01-05-18|2023-01-09-28|2023-01-10-07|2023-01-10-14|2023-01-13-07|2023-01-16-01|2023-01-16-15|2023-01-16-22|2023-01-19-08|2023-01-19-22|2023-01-23-15|2023-03-07-01
atanas,1,RMDVR,17,2022-06-14-01|2022-06-14-07|2022-06-14-13|2022-06-28-01|2022-07-20-01|2023-01-05-18|2023-01-09-28|2023-01-10-07|2023-01-10-14|2023-01-13-07|2023-01-16-01|2023-01-16-22|2023-01-19-08|2023-01-19-15|2023-01-19-22|2023-01-23-15|2023-03-07-01
atanas,1,RMED,7,2022-06-14-01|2022-06-14-07|2022-06-14-13|2022-07-20-01|2022-08-02-01|2023-01-05-01|2023-01-23-15
atanas,1,RMEL,19,2022-06-14-01|2022-06-14-07|2022-06-14-13|2022-06-28-01|2022-07-20-01|2022-07-26-01|2022-08-02-01|2023-01-05-01|2023-01-09-28|2023-01-10-07|2023-01-10-14|2023-01-13-07|2023-01-16-01|2023-01-16-15|2023-01-16-22|2023-01-19-08|2023-01-19-22|2023-01-23-15|2023-03-07-01
atanas,1,RMER,20,2022-06-14-01|2022-06-14-07|2022-06-14-13|2022-06-28-01|2022-07-20-01|2022-07-26-01|2022-08-02-01|2023-01-05-18|2023-01-09-28|2023-01-10-07|2023-01-10-14|2023-01-13-07|2023-01-16-01|2023-01-16-08|2023-01-16-15|2023-01-16-22|2023-01-19-08|2023-01-19-22|2023-01-23-15|2023-03-07-01
atanas,1,RMEV,11,2022-06-14-01|2022-06-14-13|2022-07-20-01|2022-07-26-01|2022-08-02-01|2023-01-05-18|2023-01-13-07|2023-01-16-22|2023-01-19-15|2023-01-19-22|2023-03-07-01
atanas,1,RMFL,3,2022-06-14-01|2022-06-14-07|2022-08-02-01
atanas,1,RMGL,11,2022-06-28-01|2022-07-20-01|2022-08-02-01|2023-01-09-28|2023-01-10-07|2023-01-13-07|2023-01-16-08|2023-01-19-08|2023-01-19-22|2023-01-23-15|2023-03-07-01
atanas,1,RMGR,1,2023-01-19-15
atanas,1,SAADL,5,2022-08-02-01|2023-01-13-07|2023-01-16-08|2023-01-16-22|2023-01-19-22
atanas,1,SAADR,8,2022-06-14-01|2022-08-02-01|2023-01-10-07|2023-01-13-07|2023-01-16-08|2023-01-16-22|2023-01-19-15|2023-01-19-22
atanas,1,SAAVL,11,2022-06-14-01|2022-06-14-07|2022-06-14-13|2022-07-20-01|2022-08-02-01|2023-01-05-18|2023-01-13-07|2023-01-16-01|2023-01-16-08|2023-01-16-15|2023-01-23-15
atanas,1,SAAVR,7,2022-06-14-07|2022-06-14-13|2022-07-20-01|2022-08-02-01|2023-01-10-07|2023-01-13-07|2023-01-19-15
atanas,1,SIBDL,2,2023-01-09-28|2023-01-19-08
atanas,1,SIBDR,1,2023-01-16-22
atanas,1,SIBVR,1,2023-01-16-15
atanas,1,SMBDL,2,2022-06-14-01|2022-08-02-01
atanas,1,SMBDR,4,2022-06-14-01|2022-06-14-07|2022-08-02-01|2023-01-10-07
atanas,1,SMBVL,2,2022-06-14-01|2022-06-14-07
atanas,1,SMBVR,3,2022-07-20-01|2022-08-02-01|2023-01-09-28
atanas,1,SMDDL,9,2022-06-14-01|2022-06-14-07|2022-06-14-13|2022-06-28-01|2022-08-02-01|2023-01-13-07|2023-01-16-01|2023-01-16-08|2023-03-07-01
atanas,1,SMDDR,10,2022-06-14-01|2022-06-14-07|2022-06-14-13|2022-06-28-01|2022-08-02-01|2023-01-13-07|2023-01-16-01|2023-01-16-08|2023-01-16-15|2023-03-07-01
atanas,1,SMDVL,19,2022-06-14-01|2022-06-14-07|2022-06-14-13|2022-06-28-01|2022-07-20-01|2022-07-26-01|2022-08-02-01|2023-01-05-01|2023-01-05-18|2023-01-09-28|2023-01-10-07|2023-01-10-14|2023-01-16-01|2023-01-16-08|2023-01-16-15|2023-01-16-22|2023-01-19-08|2023-01-23-15|2023-03-07-01
atanas,1,SMDVR,16,2022-06-14-01|2022-06-14-07|2022-06-14-13|2022-06-28-01|2022-07-20-01|2022-07-26-01|2022-08-02-01|2023-01-05-01|2023-01-09-28|2023-01-10-07|2023-01-10-14|2023-01-13-07|2023-01-16-01|2023-01-16-08|2023-01-19-08|2023-01-19-22
atanas,1,URADL,12,2022-06-14-01|2022-06-14-07|2022-08-02-01|2023-01-05-18|2023-01-09-28|2023-01-10-14|2023-01-13-07|2023-01-16-01|2023-01-19-08|2023-01-19-15|2023-01-23-15|2023-03-07-01
atanas,1,URADR,5,2022-06-14-01|2022-08-02-01|2023-01-05-18|2023-01-19-08|2023-01-23-15
atanas,1,URAVL,8,2022-07-20-01|2022-07-26-01|2023-01-05-18|2023-01-09-28|2023-01-13-07|2023-01-16-22|2023-01-19-08|2023-03-07-01
atanas,1,URAVR,2,2023-01-16-22|2023-01-19-08
atanas,1,URBL,18,2022-06-14-01|2022-06-14-13|2022-06-28-01|2022-07-20-01|2022-07-26-01|2022-08-02-01|2023-01-05-18|2023-01-10-07|2023-01-13-07|2023-01-16-01|2023-01-16-08|2023-01-16-15|2023-01-16-22|2023-01-19-08|2023-01-19-15|2023-01-19-22|2023-01-23-15|2023-03-07-01
atanas,1,URBR,15,2022-06-14-01|2022-06-14-13|2022-06-28-01|2022-07-26-01|2022-08-02-01|2023-01-05-18|2023-01-13-07|2023-01-16-01|2023-01-16-15|2023-01-16-22|2023-01-19-08|2023-01-19-15|2023-01-19-22|2023-01-23-15|2023-03-07-01
atanas,1,URXL,20,2022-06-14-01|2022-06-14-07|2022-06-14-13|2022-06-28-01|2022-07-20-01|2022-07-26-01|2022-08-02-01|2023-01-05-01|2023-01-05-18|2023-01-09-28|2023-01-10-07|2023-01-10-14|2023-01-16-01|2023-01-16-08|2023-01-16-15|2023-01-19-08|2023-01-19-15|2023-01-19-22|2023-01-23-15|2023-03-07-01
atanas,1,URXR,18,2022-06-14-01|2022-06-14-07|2022-06-14-13|2022-06-28-01|2022-07-20-01|2022-07-26-01|2022-08-02-01|2023-01-05-01|2023-01-05-18|2023-01-10-07|2023-01-10-14|2023-01-16-15|2023-01-16-22|2023-01-19-08|2023-01-19-15|2023-01-19-22|2023-01-23-15|2023-03-07-01
atanas,1,URYDL,18,2022-06-14-01|2022-06-14-07|2022-06-14-13|2022-06-28-01|2022-07-20-01|2022-07-26-01|2022-08-02-01|2023-01-05-01|2023-01-05-18|2023-01-09-28|2023-01-10-07|2023-01-10-14|2023-01-16-08|2023-01-16-15|2023-01-16-22|2023-01-19-08|2023-01-19-22|2023-01-23-15
atanas,1,URYDR,12,2022-06-14-01|2022-08-02-01|2023-01-05-01|2023-01-05-18|2023-01-10-14|2023-01-13-07|2023-01-16-01|2023-01-16-08|2023-01-16-22|2023-01-19-22|2023-01-23-15|2023-03-07-01
atanas,1,URYVL,20,2022-06-14-07|2022-06-14-13|2022-07-20-01|2022-07-26-01|2022-08-02-01|2023-01-05-01|2023-01-05-18|2023-01-09-28|2023-01-10-07|2023-01-10-14|2023-01-13-07|2023-01-16-01|2023-01-16-08|2023-01-16-15|2023-01-16-22|2023-01-19-08|2023-01-19-15|2023-01-19-22|2023-01-23-15|2023-03-07-01
atanas,1,URYVR,17,2022-06-14-13|2022-06-28-01|2022-07-20-01|2022-07-26-01|2022-08-02-01|2023-01-09-28|2023-01-10-07|2023-01-10-14|2023-01-13-07|2023-01-16-01|2023-01-16-15|2023-01-16-22|2023-01-19-08|2023-01-19-15|2023-01-19-22|2023-01-23-15|2023-03-07-01
atanas,1,VB02,12,2022-06-14-13|2022-08-02-01|2023-01-09-28|2023-01-10-07|2023-01-10-14|2023-01-13-07|2023-01-16-01|2023-01-16-08|2023-01-16-22|2023-01-19-15|2023-01-23-15|2023-03-07-01
atanas,2,ADAL,16,2022-06-14-13|2022-06-28-01|2022-07-15-06|2022-08-02-01|2023-01-05-01|2023-01-09-22|2023-01-10-07|2023-01-13-07|2023-01-16-08|2023-01-17-01|2023-01-17-07|2023-01-17-14|2023-01-18-01|2023-01-19-22|2023-01-23-01|2023-03-07-01
atanas,2,ADAR,3,2023-01-10-14|2023-01-19-15|2023-01-23-01
atanas,2,ADEL,19,2022-06-14-13|2022-06-28-01|2022-07-26-01|2022-08-02-01|2022-12-21-06|2023-01-05-01|2023-01-09-22|2023-01-10-07|2023-01-10-14|2023-01-13-07|2023-01-16-08|2023-01-16-15|2023-01-17-01|2023-01-17-07|2023-01-17-14|2023-01-18-01|2023-01-19-22|2023-01-23-01|2023-03-07-01
atanas,2,ADER,12,2022-07-15-06|2023-01-05-01|2023-01-05-18|2023-01-09-22|2023-01-10-07|2023-01-10-14|2023-01-13-07|2023-01-17-01|2023-01-17-14|2023-01-19-15|2023-01-19-22|2023-01-23-01
atanas,2,ADLL,12,2022-06-14-13|2022-07-15-06|2022-12-21-06|2023-01-05-18|2023-01-09-22|2023-01-10-14|2023-01-16-08|2023-01-17-01|2023-01-17-14|2023-01-18-01|2023-01-23-01|2023-03-07-01
atanas,2,ADLR,5,2023-01-05-18|2023-01-09-22|2023-01-10-07|2023-01-13-07|2023-01-23-01
atanas,2,AFDL,1,2023-01-17-14
atanas,2,AIAL,2,2022-07-26-01|2023-01-17-14
atanas,2,AIAR,3,2022-07-15-06|2022-07-26-01|2023-01-17-14
atanas,2,AIBL,21,2022-06-14-13|2022-06-28-01|2022-07-15-06|2022-07-26-01|2022-08-02-01|2022-12-21-06|2023-01-05-01|2023-01-09-22|2023-01-10-07|2023-01-10-14|2023-01-13-07|2023-01-16-08|2023-01-16-15|2023-01-16-22|2023-01-17-01|2023-01-17-07|2023-01-17-14|2023-01-18-01|2023-01-19-15|2023-01-19-22|2023-01-23-01
atanas,2,AIBR,21,2022-06-14-13|2022-06-28-01|2022-07-26-01|2022-08-02-01|2022-12-21-06|2023-01-05-01|2023-01-05-18|2023-01-09-22|2023-01-10-07|2023-01-10-14|2023-01-13-07|2023-01-16-08|2023-01-16-15|2023-01-16-22|2023-01-17-01|2023-01-17-07|2023-01-17-14|2023-01-18-01|2023-01-19-15|2023-01-19-22|2023-03-07-01
atanas,2,AIML,9,2022-06-14-13|2022-06-28-01|2022-08-02-01|2023-01-10-14|2023-01-17-01|2023-01-17-14|2023-01-19-15|2023-01-19-22|2023-01-23-01
atanas,2,AIMR,8,2022-06-14-13|2022-08-02-01|2023-01-09-22|2023-01-10-14|2023-01-17-14|2023-01-19-15|2023-01-19-22|2023-01-23-01
atanas,2,AINL,17,2022-06-28-01|2022-07-15-06|2022-07-26-01|2022-08-02-01|2022-12-21-06|2023-01-09-22|2023-01-10-07|2023-01-10-14|2023-01-16-08|2023-01-16-15|2023-01-17-01|2023-01-17-07|2023-01-17-14|2023-01-18-01|2023-01-19-22|2023-01-23-01|2023-03-07-01
atanas,2,AINR,10,2022-07-26-01|2023-01-05-18|2023-01-09-22|2023-01-10-07|2023-01-10-14|2023-01-13-07|2023-01-16-15|2023-01-16-22|2023-01-18-01|2023-01-23-01
atanas,2,AIYL,6,2022-07-15-06|2022-08-02-01|2023-01-09-22|2023-01-16-22|2023-01-17-01|2023-01-17-14
atanas,2,AIYR,6,2022-07-15-06|2023-01-09-22|2023-01-10-14|2023-01-16-22|2023-01-17-01|2023-01-17-14
atanas,2,AIZL,21,2022-06-14-13|2022-06-28-01|2022-07-15-06|2022-08-02-01|2022-12-21-06|2023-01-05-01|2023-01-05-18|2023-01-09-22|2023-01-10-07|2023-01-10-14|2023-01-13-07|2023-01-16-08|2023-01-16-15|2023-01-16-22|2023-01-17-01|2023-01-17-07|2023-01-17-14|2023-01-18-01|2023-01-19-15|2023-01-19-22|2023-01-23-01
atanas,2,AIZR,18,2022-06-14-13|2022-08-02-01|2023-01-05-01|2023-01-05-18|2023-01-09-22|2023-01-10-07|2023-01-10-14|2023-01-13-07|2023-01-16-08|2023-01-16-15|2023-01-16-22|2023-01-17-01|2023-01-17-07|2023-01-17-14|2023-01-18-01|2023-01-19-15|2023-01-19-22|2023-01-23-01
atanas,2,ALA,4,2022-07-15-06|2023-01-05-01|2023-01-19-22|2023-03-07-01
atanas,2,AQR,10,2022-06-14-13|2022-07-15-06|2022-12-21-06|2023-01-10-07|2023-01-10-14|2023-01-16-08|2023-01-19-15|2023-01-19-22|2023-01-23-01|2023-03-07-01
atanas,2,ASEL,19,2022-06-14-13|2022-06-28-01|2022-07-15-06|2022-07-26-01|2022-08-02-01|2022-12-21-06|2023-01-05-18|2023-01-09-22|2023-01-10-07|2023-01-13-07|2023-01-16-08|2023-01-16-15|2023-01-16-22|2023-01-17-01|2023-01-17-07|2023-01-17-14|2023-01-18-01|2023-01-23-01|2023-03-07-01
atanas,2,ASER,10,2022-06-14-13|2022-12-21-06|2023-01-05-18|2023-01-10-07|2023-01-10-14|2023-01-13-07|2023-01-17-01|2023-01-18-01|2023-01-19-15|2023-01-19-22
atanas,2,ASGL,22,2022-06-14-13|2022-06-28-01|2022-07-15-06|2022-07-26-01|2022-08-02-01|2022-12-21-06|2023-01-05-01|2023-01-05-18|2023-01-09-22|2023-01-10-07|2023-01-10-14|2023-01-13-07|2023-01-16-08|2023-01-16-15|2023-01-16-22|2023-01-17-01|2023-01-17-07|2023-01-17-14|2023-01-18-01|2023-01-19-22|2023-01-23-01|2023-03-07-01
atanas,2,ASGR,13,2022-06-14-13|2022-08-02-01|2023-01-09-22|2023-01-10-07|2023-01-13-07|2023-01-16-08|2023-01-16-15|2023-01-17-01|2023-01-17-07|2023-01-17-14|2023-01-18-01|2023-01-19-22|2023-03-07-01
atanas,2,ASHL,10,2022-06-14-13|2022-07-26-01|2022-08-02-01|2023-01-09-22|2023-01-16-22|2023-01-17-01|2023-01-17-14|2023-01-18-01|2023-01-23-01|2023-03-07-01
atanas,2,ASHR,2,2023-01-19-15|2023-03-07-01
atanas,2,ASIL,3,2023-01-05-18|2023-01-16-22|2023-01-17-14
atanas,2,ASIR,7,2023-01-10-14|2023-01-13-07|2023-01-16-15|2023-01-16-22|2023-01-17-01|2023-01-18-01|2023-01-23-01
atanas,2,ASJL,2,2023-01-09-22|2023-01-18-01
atanas,2,ASKL,3,2022-08-02-01|2023-01-05-01|2023-01-17-14
atanas,2,ASKR,3,2023-01-05-01|2023-01-17-14|2023-01-19-22
atanas,2,AUAL,21,2022-06-14-13|2022-06-28-01|2022-07-15-06|2022-07-26-01|2022-08-02-01|2022-12-21-06|2023-01-05-01|2023-01-05-18|2023-01-09-22|2023-01-10-07|2023-01-13-07|2023-01-16-08|2023-01-16-15|2023-01-16-22|2023-01-17-01|2023-01-17-07|2023-01-17-14|2023-01-18-01|2023-01-19-22|2023-01-23-01|2023-03-07-01
atanas,2,AUAR,11,2022-06-14-13|2022-08-02-01|2023-01-09-22|2023-01-10-07|2023-01-13-07|2023-01-16-15|2023-01-16-22|2023-01-17-07|2023-01-19-15|2023-01-19-22|2023-03-07-01
atanas,2,AVAL,21,2022-06-14-13|2022-06-28-01|2022-07-15-06|2022-07-26-01|2022-08-02-01|2022-12-21-06|2023-01-05-01|2023-01-05-18|2023-01-09-22|2023-01-10-07|2023-01-10-14|2023-01-13-07|2023-01-16-08|2023-01-16-15|2023-01-17-01|2023-01-17-14|2023-01-18-01|2023-01-19-15|2023-01-19-22|2023-01-23-01|2023-03-07-01
atanas,2,AVAR,17,2022-06-14-13|2022-06-28-01|2022-07-15-06|2022-08-02-01|2023-01-05-01|2023-01-05-18|2023-01-09-22|2023-01-10-07|2023-01-10-14|2023-01-13-07|2023-01-16-08|2023-01-17-01|2023-01-17-07|2023-01-18-01|2023-01-19-15|2023-01-19-22|2023-03-07-01
atanas,2,AVBL,4,2023-01-05-18|2023-01-10-14|2023-01-16-08|2023-01-16-22
atanas,2,AVBR,2,2023-01-10-07|2023-01-19-15
atanas,2,AVDL,21,2022-06-14-13|2022-06-28-01|2022-07-15-06|2022-07-26-01|2022-08-02-01|2022-12-21-06|2023-01-05-01|2023-01-09-22|2023-01-10-07|2023-01-13-07|2023-01-16-08|2023-01-16-15|2023-01-16-22|2023-01-17-01|2023-01-17-07|2023-01-17-14|2023-01-18-01|2023-01-19-15|2023-01-19-22|2023-01-23-01|2023-03-07-01
atanas,2,AVDR,16,2022-06-14-13|2022-06-28-01|2022-08-02-01|2023-01-05-01|2023-01-05-18|2023-01-09-22|2023-01-10-07|2023-01-16-15|2023-01-16-22|2023-01-17-01|2023-01-17-07|2023-01-17-14|2023-01-18-01|2023-01-19-15|2023-01-19-22|2023-01-23-01
atanas,2,AVEL,19,2022-06-14-13|2022-06-28-01|2022-07-15-06|2022-07-26-01|2022-08-02-01|2022-12-21-06|2023-01-05-01|2023-01-05-18|2023-01-09-22|2023-01-10-07|2023-01-10-14|2023-01-13-07|2023-01-16-08|2023-01-17-07|2023-01-17-14|2023-01-18-01|2023-01-19-15|2023-01-19-22|2023-01-23-01
atanas,2,AVER,17,2022-06-14-13|2022-06-28-01|2022-07-15-06|2022-07-26-01|2022-08-02-01|2023-01-05-01|2023-01-05-18|2023-01-09-22|2023-01-10-07|2023-01-10-14|2023-01-16-08|2023-01-16-15|2023-01-17-01|2023-01-17-07|2023-01-17-14|2023-01-19-22|2023-03-07-01
atanas,2,AVHL,10,2022-06-14-13|2022-07-15-06|2022-08-02-01|2023-01-05-01|2023-01-05-18|2023-01-16-08|2023-01-16-22|2023-01-17-01|2023-01-17-14|2023-03-07-01
atanas,2,AVJL,20,2022-06-14-13|2022-06-28-01|2022-07-26-01|2022-08-02-01|2022-12-21-06|2023-01-05-01|2023-01-05-18|2023-01-09-22|2023-01-10-07|2023-01-10-14|2023-01-13-07|2023-01-16-08|2023-01-16-15|2023-01-16-22|2023-01-17-01|2023-01-17-07|2023-01-17-14|2023-01-18-01|2023-01-19-22|2023-01-23-01
atanas,2,AVJR,19,2022-06-14-13|2022-06-28-01|2022-08-02-01|2022-12-21-06|2023-01-05-01|2023-01-05-18|2023-01-09-22|2023-01-10-07|2023-01-10-14|2023-01-13-07|2023-01-16-08|2023-01-16-15|2023-01-16-22|2023-01-17-01|2023-01-17-07|2023-01-17-14|2023-01-19-15|2023-01-19-22|2023-01-23-01
atanas,2,AVKL,2,2022-06-14-13|2023-01-23-01
atanas,2,AVKR,3,2022-07-26-01|2023-01-09-22|2023-01-23-01
atanas,2,AVL,11,2022-06-14-13|2022-06-28-01|2022-08-02-01|2023-01-05-01|2023-01-05-18|2023-01-10-07|2023-01-16-08|2023-01-16-15|2023-01-16-22|2023-01-17-01|2023-03-07-01
atanas,2,AWAL,15,2022-06-14-13|2022-07-15-06|2023-01-05-01|2023-01-05-18|2023-01-10-07|2023-01-10-14|2023-01-13-07|2023-01-16-08|2023-01-16-15|2023-01-17-01|2023-01-17-07|2023-01-17-14|2023-01-19-22|2023-01-23-01|2023-03-07-01
atanas,2,AWAR,12,2022-06-14-13|2022-06-28-01|2022-08-02-01|2023-01-10-07|2023-01-10-14|2023-01-13-07|2023-01-16-08|2023-01-16-15|2023-01-17-01|2023-01-17-07|2023-01-19-22|2023-03-07-01
atanas,2,AWBL,21,2022-06-14-13|2022-06-28-01|2022-07-15-06|2022-08-02-01|2022-12-21-06|2023-01-05-01|2023-01-05-18|2023-01-09-22|2023-01-10-07|2023-01-10-14|2023-01-13-07|2023-01-16-08|2023-01-16-15|2023-01-16-22|2023-01-17-01|2023-01-17-07|2023-01-17-14|2023-01-18-01|2023-01-19-22|2023-01-23-01|2023-03-07-01
atanas,2,AWBR,11,2022-08-02-01|2023-01-05-18|2023-01-10-07|2023-01-10-14|2023-01-13-07|2023-01-16-08|2023-01-16-15|2023-01-17-14|2023-01-19-15|2023-01-19-22|2023-03-07-01
atanas,2,AWCL,20,2022-06-14-13|2022-06-28-01|2022-07-15-06|2022-08-02-01|2022-12-21-06|2023-01-05-01|2023-01-05-18|2023-01-09-22|2023-01-10-07|2023-01-10-14|2023-01-13-07|2023-01-16-08|2023-01-16-15|2023-01-16-22|2023-01-17-01|2023-01-17-07|2023-01-18-01|2023-01-19-22|2023-01-23-01|2023-03-07-01
atanas,2,AWCR,12,2022-12-21-06|2023-01-09-22|2023-01-10-07|2023-01-16-08|2023-01-17-01|2023-01-17-07|2023-01-17-14|2023-01-18-01|2023-01-19-15|2023-01-19-22|2023-01-23-01|2023-03-07-01
atanas,2,BAGL,11,2022-06-28-01|2022-07-26-01|2022-08-02-01|2022-12-21-06|2023-01-09-22|2023-01-10-14|2023-01-16-08|2023-01-16-15|2023-01-16-22|2023-01-17-01|2023-01-17-14
atanas,2,BAGR,2,2022-08-02-01|2023-03-07-01
atanas,2,CEPDL,23,2022-06-14-13|2022-06-28-01|2022-07-15-06|2022-07-26-01|2022-08-02-01|2022-12-21-06|2023-01-05-01|2023-01-05-18|2023-01-09-22|2023-01-10-07|2023-01-10-14|2023-01-13-07|2023-01-16-08|2023-01-16-15|2023-01-16-22|2023-01-17-01|2023-01-17-07|2023-01-17-14|2023-01-18-01|2023-01-19-15|2023-01-19-22|2023-01-23-01|2023-03-07-01
atanas,2,CEPDR,19,2022-06-14-13|2022-06-28-01|2022-07-15-06|2022-08-02-01|2023-01-05-01|2023-01-05-18|2023-01-09-22|2023-01-10-07|2023-01-10-14|2023-01-16-08|2023-01-16-15|2023-01-16-22|2023-01-17-07|2023-01-17-14|2023-01-18-01|2023-01-19-15|2023-01-19-22|2023-01-23-01|2023-03-07-01
atanas,2,CEPVL,20,2022-06-14-13|2022-06-28-01|2022-07-15-06|2022-07-26-01|2022-08-02-01|2022-12-21-06|2023-01-05-01|2023-01-05-18|2023-01-09-22|2023-01-10-07|2023-01-10-14|2023-01-13-07|2023-01-16-15|2023-01-16-22|2023-01-17-01|2023-01-17-07|2023-01-18-01|2023-01-19-22|2023-01-23-01|2023-03-07-01
atanas,2,CEPVR,16,2022-06-14-13|2022-06-28-01|2022-07-26-01|2022-08-02-01|2022-12-21-06|2023-01-09-22|2023-01-10-07|2023-01-10-14|2023-01-16-08|2023-01-16-15|2023-01-17-01|2023-01-17-07|2023-01-17-14|2023-01-19-22|2023-01-23-01|2023-03-07-01
atanas,2,FLPL,20,2022-06-14-13|2022-07-26-01|2022-08-02-01|2022-12-21-06|2023-01-05-01|2023-01-05-18|2023-01-09-22|2023-01-10-07|2023-01-10-14|2023-01-13-07|2023-01-16-08|2023-01-16-15|2023-01-16-22|2023-01-17-01|2023-01-17-07|2023-01-17-14|2023-01-18-01|2023-01-19-22|2023-01-23-01|2023-03-07-01
atanas,2,FLPR,12,2022-08-02-01|2023-01-05-18|2023-01-09-22|2023-01-10-14|2023-01-13-07|2023-01-16-15|2023-01-16-22|2023-01-17-14|2023-01-18-01|2023-01-19-15|2023-01-19-22|2023-01-23-01
atanas,2,I1L,20,2022-06-14-13|2022-06-28-01|2022-07-15-06|2022-12-21-06|2023-01-05-01|2023-01-05-18|2023-01-09-22|2023-01-10-07|2023-01-10-14|2023-01-13-07|2023-01-16-08|2023-01-16-15|2023-01-16-22|2023-01-17-01|2023-01-17-07|2023-01-17-14|2023-01-18-01|2023-01-19-15|2023-01-19-22|2023-03-07-01
atanas,2,I1R,17,2022-06-14-13|2022-08-02-01|2022-12-21-06|2023-01-05-01|2023-01-05-18|2023-01-09-22|2023-01-10-07|2023-01-10-14|2023-01-13-07|2023-01-16-08|2023-01-16-15|2023-01-16-22|2023-01-17-07|2023-01-17-14|2023-01-19-22|2023-01-23-01|2023-03-07-01
atanas,2,I2L,22,2022-06-14-13|2022-07-15-06|2022-07-26-01|2022-08-02-01|2022-12-21-06|2023-01-05-01|2023-01-05-18|2023-01-09-22|2023-01-10-07|2023-01-10-14|2023-01-13-07|2023-01-16-08|2023-01-16-15|2023-01-16-22|2023-01-17-01|2023-01-17-07|2023-01-17-14|2023-01-18-01|2023-01-19-15|2023-01-19-22|2023-01-23-01|2023-03-07-01
atanas,2,I2R,18,2022-06-14-13|2022-07-15-06|2022-08-02-01|2022-12-21-06|2023-01-05-01|2023-01-05-18|2023-01-10-07|2023-01-10-14|2023-01-13-07|2023-01-16-08|2023-01-16-15|2023-01-16-22|2023-01-17-01|2023-01-17-07|2023-01-17-14|2023-01-19-22|2023-01-23-01|2023-03-07-01
atanas,2,I3,22,2022-06-14-13|2022-06-28-01|2022-07-15-06|2022-07-26-01|2022-08-02-01|2022-12-21-06|2023-01-05-01|2023-01-05-18|2023-01-09-22|2023-01-10-07|2023-01-10-14|2023-01-13-07|2023-01-16-08|2023-01-16-15|2023-01-16-22|2023-01-17-01|2023-01-17-07|2023-01-17-14|2023-01-18-01|2023-01-19-22|2023-01-23-01|2023-03-07-01
atanas,2,I4,6,2023-01-05-01|2023-01-05-18|2023-01-16-08|2023-01-16-22|2023-01-17-07|2023-01-18-01
atanas,2,I5,1,2023-01-16-08
atanas,2,I6,9,2022-12-21-06|2023-01-05-01|2023-01-05-18|2023-01-10-14|2023-01-13-07|2023-01-16-08|2023-01-16-15|2023-01-16-22|2023-01-17-01
atanas,2,IL1DL,17,2022-06-14-13|2022-06-28-01|2022-07-15-06|2022-07-26-01|2022-08-02-01|2023-01-05-01|2023-01-05-18|2023-01-10-07|2023-01-10-14|2023-01-16-08|2023-01-16-15|2023-01-16-22|2023-01-17-01|2023-01-17-07|2023-01-17-14|2023-01-18-01|2023-01-19-22
atanas,2,IL1DR,20,2022-06-14-13|2022-06-28-01|2022-07-15-06|2022-07-26-01|2022-08-02-01|2023-01-05-01|2023-01-05-18|2023-01-09-22|2023-01-10-07|2023-01-10-14|2023-01-13-07|2023-01-16-08|2023-01-16-15|2023-01-16-22|2023-01-17-01|2023-01-18-01|2023-01-19-15|2023-01-19-22|2023-01-23-01|2023-03-07-01
atanas,2,IL1L,20,2022-06-14-13|2022-07-15-06|2022-07-26-01|2022-08-02-01|2022-12-21-06|2023-01-05-01|2023-01-05-18|2023-01-09-22|2023-01-10-07|2023-01-10-14|2023-01-16-08|2023-01-16-15|2023-01-16-22|2023-01-17-01|2023-01-17-07|2023-01-17-14|2023-01-18-01|2023-01-19-22|2023-01-23-01|2023-03-07-01
atanas,2,IL1R,18,2022-06-14-13|2022-07-15-06|2022-07-26-01|2022-08-02-01|2022-12-21-06|2023-01-05-01|2023-01-09-22|2023-01-10-07|2023-01-10-14|2023-01-13-07|2023-01-16-15|2023-01-16-22|2023-01-17-01|2023-01-17-07|2023-01-17-14|2023-01-19-22|2023-01-23-01|2023-03-07-01
atanas,2,IL1VL,13,2022-06-14-13|2022-06-28-01|2022-12-21-06|2023-01-05-01|2023-01-09-22|2023-01-16-08|2023-01-16-15|2023-01-16-22|2023-01-17-07|2023-01-17-14|2023-01-18-01|2023-01-19-15|2023-01-23-01
atanas,2,IL1VR,15,2022-06-28-01|2022-07-15-06|2022-08-02-01|2022-12-21-06|2023-01-05-01|2023-01-09-22|2023-01-13-07|2023-01-16-15|2023-01-16-22|2023-01-17-07|2023-01-17-14|2023-01-18-01|2023-01-19-15|2023-01-19-22|2023-01-23-01
atanas,2,IL2DL,21,2022-06-14-13|2022-06-28-01|2022-07-15-06|2022-07-26-01|2022-08-02-01|2022-12-21-06|2023-01-05-18|2023-01-09-22|2023-01-10-07|2023-01-10-14|2023-01-16-08|2023-01-16-15|2023-01-16-22|2023-01-17-01|2023-01-17-07|2023-01-17-14|2023-01-18-01|2023-01-19-15|2023-01-19-22|2023-01-23-01|2023-03-07-01
atanas,2,IL2DR,18,2022-06-28-01|2022-07-15-06|2022-07-26-01|2022-08-02-01|2023-01-05-01|2023-01-05-18|2023-01-09-22|2023-01-10-07|2023-01-10-14|2023-01-16-08|2023-01-16-15|2023-01-16-22|2023-01-17-01|2023-01-17-07|2023-01-17-14|2023-01-18-01|2023-01-19-22|2023-01-23-01
atanas,2,IL2L,17,2022-06-14-13|2022-06-28-01|2022-07-26-01|2022-08-02-01|2022-12-21-06|2023-01-05-18|2023-01-09-22|2023-01-10-07|2023-01-10-14|2023-01-13-07|2023-01-16-08|2023-01-16-15|2023-01-16-22|2023-01-17-01|2023-01-17-14|2023-01-18-01|2023-01-23-01
atanas,2,IL2R,13,2022-06-14-13|2022-07-26-01|2022-08-02-01|2023-01-05-18|2023-01-09-22|2023-01-10-07|2023-01-10-14|2023-01-13-07|2023-01-16-08|2023-01-17-01|2023-01-17-14|2023-01-18-01|2023-01-23-01
atanas,2,IL2VL,18,2022-06-14-13|2022-06-28-01|2022-07-26-01|2022-08-02-01|2022-12-21-06|2023-01-05-18|2023-01-09-22|2023-01-10-07|2023-01-10-14|2023-01-16-15|2023-01-16-22|2023-01-17-01|2023-01-17-07|2023-01-17-14|2023-01-18-01|2023-01-19-22|2023-01-23-01|2023-03-07-01
atanas,2,IL2VR,18,2022-06-28-01|2022-07-15-06|2022-07-26-01|2022-08-02-01|2022-12-21-06|2023-01-05-18|2023-01-10-07|2023-01-10-14|2023-01-13-07|2023-01-16-15|2023-01-16-22|2023-01-17-01|2023-01-17-07|2023-01-17-14|2023-01-18-01|2023-01-19-15|2023-01-23-01|2023-03-07-01
atanas,2,M1,11,2022-12-21-06|2023-01-05-01|2023-01-05-18|2023-01-10-14|2023-01-13-07|2023-01-16-08|2023-01-16-15|2023-01-16-22|2023-01-17-01|2023-01-17-07|2023-01-17-14
atanas,2,M3L,23,2022-06-14-13|2022-06-28-01|2022-07-15-06|2022-07-26-01|2022-08-02-01|2022-12-21-06|2023-01-05-01|2023-01-05-18|2023-01-09-22|2023-01-10-07|2023-01-10-14|2023-01-13-07|2023-01-16-08|2023-01-16-15|2023-01-16-22|2023-01-17-01|2023-01-17-07|2023-01-17-14|2023-01-18-01|2023-01-19-15|2023-01-19-22|2023-01-23-01|2023-03-07-01
atanas,2,M3R,21,2022-06-14-13|2022-06-28-01|2022-07-15-06|2022-07-26-01|2022-08-02-01|2022-12-21-06|2023-01-05-01|2023-01-05-18|2023-01-09-22|2023-01-10-07|2023-01-10-14|2023-01-13-07|2023-01-16-08|2023-01-16-15|2023-01-17-01|2023-01-17-07|2023-01-17-14|2023-01-19-15|2023-01-19-22|2023-01-23-01|2023-03-07-01
atanas,2,M4,17,2022-06-14-13|2022-06-28-01|2022-07-26-01|2022-08-02-01|2022-12-21-06|2023-01-05-01|2023-01-05-18|2023-01-09-22|2023-01-10-14|2023-01-13-07|2023-01-16-08|2023-01-16-15|2023-01-16-22|2023-01-17-01|2023-01-18-01|2023-01-19-22|2023-03-07-01
atanas,2,M5,14,2022-06-14-13|2022-08-02-01|2023-01-05-01|2023-01-09-22|2023-01-10-07|2023-01-10-14|2023-01-13-07|2023-01-16-15|2023-01-16-22|2023-01-17-01|2023-01-17-07|2023-01-17-14|2023-01-18-01|2023-01-23-01
atanas,2,MCL,15,2022-06-14-13|2022-07-15-06|2022-08-02-01|2023-01-05-01|2023-01-05-18|2023-01-10-07|2023-01-10-14|2023-01-16-08|2023-01-16-15|2023-01-16-22|2023-01-17-01|2023-01-17-07|2023-01-18-01|2023-01-19-15|2023-01-23-01
atanas,2,MCR,8,2022-06-28-01|2022-08-02-01|2023-01-05-01|2023-01-16-08|2023-01-16-15|2023-01-17-01|2023-01-17-14|2023-01-23-01
atanas,2,MI,17,2022-06-28-01|2022-07-26-01|2022-08-02-01|2022-12-21-06|2023-01-05-01|2023-01-05-18|2023-01-09-22|2023-01-10-14|2023-01-13-07|2023-01-16-22|2023-01-17-01|2023-01-17-14|2023-01-18-01|2023-01-19-15|2023-01-19-22|2023-01-23-01|2023-03-07-01
atanas,2,NSML,20,2022-06-14-13|2022-06-28-01|2022-07-15-06|2022-07-26-01|2022-08-02-01|2022-12-21-06|2023-01-05-01|2023-01-05-18|2023-01-09-22|2023-01-10-07|2023-01-10-14|2023-01-13-07|2023-01-16-08|2023-01-16-15|2023-01-16-22|2023-01-17-01|2023-01-17-14|2023-01-18-01|2023-01-19-15|2023-03-07-01
atanas,2,NSMR,20,2022-06-14-13|2022-06-28-01|2022-07-15-06|2022-07-26-01|2022-08-02-01|2022-12-21-06|2023-01-05-01|2023-01-05-18|2023-01-10-07|2023-01-10-14|2023-01-13-07|2023-01-16-08|2023-01-16-15|2023-01-16-22|2023-01-17-01|2023-01-17-07|2023-01-17-14|2023-01-19-15|2023-01-19-22|2023-01-23-01
atanas,2,OLLL,20,2022-06-14-13|2022-06-28-01|2022-07-15-06|2022-07-26-01|2022-08-02-01|2023-01-05-01|2023-01-05-18|2023-01-09-22|2023-01-10-07|2023-01-10-14|2023-01-16-15|2023-01-16-22|2023-01-17-01|2023-01-17-07|2023-01-17-14|2023-01-18-01|2023-01-19-15|2023-01-19-22|2023-01-23-01|2023-03-07-01
atanas,2,OLLR,19,2022-06-14-13|2022-07-15-06|2022-07-26-01|2022-08-02-01|2023-01-05-01|2023-01-05-18|2023-01-09-22|2023-01-10-07|2023-01-10-14|2023-01-13-07|2023-01-16-15|2023-01-16-22|2023-01-17-01|2023-01-17-07|2023-01-17-14|2023-01-18-01|2023-01-19-22|2023-01-23-01|2023-03-07-01
atanas,2,OLQDL,21,2022-06-14-13|2022-06-28-01|2022-07-15-06|2022-07-26-01|2022-08-02-01|2022-12-21-06|2023-01-05-01|2023-01-05-18|2023-01-09-22|2023-01-10-07|2023-01-10-14|2023-01-16-08|2023-01-16-15|2023-01-16-22|2023-01-17-01|2023-01-17-07|2023-01-17-14|2023-01-18-01|2023-01-19-22|2023-01-23-01|2023-03-07-01
atanas,2,OLQDR,20,2022-06-14-13|2022-06-28-01|2022-07-15-06|2022-07-26-01|2022-08-02-01|2022-12-21-06|2023-01-05-01|2023-01-05-18|2023-01-10-07|2023-01-10-14|2023-01-16-08|2023-01-16-15|2023-01-16-22|2023-01-17-01|2023-01-17-07|2023-01-17-14|2023-01-18-01|2023-01-19-22|2023-01-23-01|2023-03-07-01
atanas,2,OLQVL,20,2022-06-14-13|2022-06-28-01|2022-07-15-06|2022-07-26-01|2022-08-02-01|2023-01-05-01|2023-01-05-18|2023-01-09-22|2023-01-10-07|2023-01-10-14|2023-01-16-08|2023-01-16-15|2023-01-16-22|2023-01-17-01|2023-01-17-07|2023-01-17-14|2023-01-18-01|2023-01-19-15|2023-01-19-22|2023-03-07-01
atanas,2,OLQVR,18,2022-06-14-13|2022-06-28-01|2022-07-15-06|2022-07-26-01|2022-08-02-01|2022-12-21-06|2023-01-05-01|2023-01-05-18|2023-01-09-22|2023-01-10-07|2023-01-16-08|2023-01-16-15|2023-01-16-22|2023-01-17-01|2023-01-17-14|2023-01-18-01|2023-01-19-22|2023-03-07-01
atanas,2,RIAL,13,2022-06-14-13|2022-07-15-06|2022-07-26-01|2022-08-02-01|2023-01-05-01|2023-01-05-18|2023-01-09-22|2023-01-13-07|2023-01-17-07|2023-01-17-14|2023-01-18-01|2023-01-19-22|2023-03-07-01
atanas,2,RIAR,8,2022-06-14-13|2022-08-02-01|2023-01-05-01|2023-01-05-18|2023-01-09-22|2023-01-10-14|2023-01-16-08|2023-01-19-22
atanas,2,RIBL,10,2022-06-14-13|2022-08-02-01|2023-01-05-01|2023-01-09-22|2023-01-10-07|2023-01-10-14|2023-01-16-08|2023-01-16-15|2023-01-16-22|2023-01-19-22
atanas,2,RIBR,3,2022-06-14-13|2023-01-10-07|2023-01-19-15
atanas,2,RICL,20,2022-06-14-13|2022-06-28-01|2022-07-26-01|2022-08-02-01|2022-12-21-06|2023-01-05-01|2023-01-05-18|2023-01-10-07|2023-01-10-14|2023-01-13-07|2023-01-16-08|2023-01-16-15|2023-01-16-22|2023-01-17-01|2023-01-17-07|2023-01-17-14|2023-01-18-01|2023-01-19-22|2023-01-23-01|2023-03-07-01
atanas,2,RICR,13,2022-06-14-13|2022-08-02-01|2023-01-05-01|2023-01-10-07|2023-01-10-14|2023-01-13-07|2023-01-16-15|2023-01-16-22|2023-01-17-14|2023-01-18-01|2023-01-19-15|2023-01-19-22|2023-01-23-01
atanas,2,RID,20,2022-06-14-13|2022-06-28-01|2022-07-15-06|2022-07-26-01|2022-08-02-01|2022-12-21-06|2023-01-05-01|2023-01-05-18|2023-01-09-22|2023-01-10-07|2023-01-10-14|2023-01-16-08|2023-01-16-15|2023-01-17-01|2023-01-17-07|2023-01-17-14|2023-01-18-01|2023-01-19-22|2023-01-23-01|2023-03-07-01
atanas,2,RIH,15,2022-06-28-01|2022-08-02-01|2023-01-05-01|2023-01-09-22|2023-01-10-07|2023-01-10-14|2023-01-16-08|2023-01-16-15|2023-01-16-22|2023-01-17-01|2023-01-17-07|2023-01-17-14|2023-01-18-01|2023-01-23-01|2023-03-07-01
atanas,2,RIML,7,2022-06-28-01|2023-01-10-07|2023-01-16-22|2023-01-17-07|2023-01-17-14|2023-01-19-15|2023-03-07-01
atanas,2,RIMR,5,2022-12-21-06|2023-01-05-01|2023-01-09-22|2023-01-17-14|2023-03-07-01
atanas,2,RIPL,1,2022-08-02-01
atanas,2,RIR,4,2023-01-05-01|2023-01-10-07|2023-01-16-15|2023-01-19-22
atanas,2,RIS,4,2022-06-14-13|2023-01-16-08|2023-01-16-22|2023-01-18-01
atanas,2,RIVL,21,2022-06-14-13|2022-06-28-01|2022-07-15-06|2022-08-02-01|2022-12-21-06|2023-01-05-01|2023-01-05-18|2023-01-09-22|2023-01-10-07|2023-01-10-14|2023-01-13-07|2023-01-16-08|2023-01-16-15|2023-01-16-22|2023-01-17-01|2023-01-17-07|2023-01-17-14|2023-01-18-01|2023-01-19-22|2023-01-23-01|2023-03-07-01
atanas,2,RIVR,17,2022-06-14-13|2022-08-02-01|2022-12-21-06|2023-01-05-01|2023-01-05-18|2023-01-09-22|2023-01-10-07|2023-01-10-14|2023-01-16-08|2023-01-16-15|2023-01-16-22|2023-01-17-07|2023-01-17-14|2023-01-18-01|2023-01-19-15|2023-01-19-22|2023-01-23-01
atanas,2,RMDDL,17,2022-06-28-01|2022-07-26-01|2022-08-02-01|2023-01-05-01|2023-01-05-18|2023-01-09-22|2023-01-10-07|2023-01-10-14|2023-01-13-07|2023-01-16-08|2023-01-16-15|2023-01-17-01|2023-01-17-07|2023-01-17-14|2023-01-18-01|2023-01-19-15|2023-01-19-22
atanas,2,RMDDR,18,2022-06-28-01|2022-07-15-06|2022-07-26-01|2022-08-02-01|2023-01-05-01|2023-01-09-22|2023-01-10-07|2023-01-10-14|2023-01-13-07|2023-01-16-08|2023-01-16-22|2023-01-17-01|2023-01-17-07|2023-01-17-14|2023-01-18-01|2023-01-19-15|2023-01-19-22|2023-01-23-01
atanas,2,RMDL,22,2022-06-14-13|2022-06-28-01|2022-07-15-06|2022-07-26-01|2022-08-02-01|2022-12-21-06|2023-01-05-01|2023-01-05-18|2023-01-09-22|2023-01-10-07|2023-01-10-14|2023-01-13-07|2023-01-16-08|2023-01-16-22|2023-01-17-01|2023-01-17-07|2023-01-17-14|2023-01-18-01|2023-01-19-15|2023-01-19-22|2023-01-23-01|2023-03-07-01
atanas,2,RMDR,11,2022-06-28-01|2022-07-15-06|2022-07-26-01|2022-08-02-01|2023-01-09-22|2023-01-16-08|2023-01-18-01|2023-01-19-15|2023-01-19-22|2023-01-23-01|2023-03-07-01
atanas,2,RMDVL,18,2022-06-14-13|2022-06-28-01|2022-07-15-06|2022-07-26-01|2022-12-21-06|2023-01-05-01|2023-01-05-18|2023-01-09-22|2023-01-10-07|2023-01-10-14|2023-01-13-07|2023-01-16-15|2023-01-16-22|2023-01-17-01|2023-01-17-14|2023-01-18-01|2023-01-19-22|2023-03-07-01
atanas,2,RMDVR,18,2022-06-14-13|2022-06-28-01|2022-07-15-06|2022-12-21-06|2023-01-05-18|2023-01-09-22|2023-01-10-07|2023-01-10-14|2023-01-13-07|2023-01-16-22|2023-01-17-01|2023-01-17-07|2023-01-17-14|2023-01-18-01|2023-01-19-15|2023-01-19-22|2023-01-23-01|2023-03-07-01
atanas,2,RMED,5,2022-06-14-13|2022-07-15-06|2022-08-02-01|2023-01-05-01|2023-01-17-07
atanas,2,RMEL,20,2022-06-14-13|2022-06-28-01|2022-07-15-06|2022-07-26-01|2022-08-02-01|2022-12-21-06|2023-01-05-01|2023-01-09-22|2023-01-10-07|2023-01-10-14|2023-01-13-07|2023-01-16-15|2023-01-16-22|2023-01-17-01|2023-01-17-07|2023-01-17-14|2023-01-18-01|2023-01-19-22|2023-01-23-01|2023-03-07-01
atanas,2,RMER,21,2022-06-14-13|2022-06-28-01|2022-07-15-06|2022-07-26-01|2022-08-02-01|2022-12-21-06|2023-01-05-18|2023-01-09-22|2023-01-10-07|2023-01-10-14|2023-01-13-07|2023-01-16-08|2023-01-16-15|2023-01-16-22|2023-01-17-01|2023-01-17-07|2023-01-17-14|2023-01-18-01|2023-01-19-22|2023-01-23-01|2023-03-07-01
atanas,2,RMEV,12,2022-06-14-13|2022-07-15-06|2022-07-26-01|2022-08-02-01|2023-01-05-18|2023-01-09-22|2023-01-13-07|2023-01-16-22|2023-01-17-01|2023-01-19-15|2023-01-19-22|2023-03-07-01
atanas,2,RMFL,2,2022-08-02-01|2023-01-17-14
atanas,2,RMGL,10,2022-06-28-01|2022-08-02-01|2023-01-10-07|2023-01-13-07|2023-01-16-08|2023-01-17-01|2023-01-18-01|2023-01-19-22|2023-01-23-01|2023-03-07-01
atanas,2,RMGR,1,2023-01-19-15
atanas,2,SAADL,5,2022-08-02-01|2023-01-13-07|2023-01-16-08|2023-01-16-22|2023-01-19-22
atanas,2,SAADR,8,2022-08-02-01|2023-01-10-07|2023-01-13-07|2023-01-16-08|2023-01-16-22|2023-01-17-01|2023-01-19-15|2023-01-19-22
atanas,2,SAAVL,9,2022-06-14-13|2022-08-02-01|2023-01-05-18|2023-01-13-07|2023-01-16-08|2023-01-16-15|2023-01-17-07|2023-01-17-14|2023-01-23-01
atanas,2,SAAVR,5,2022-06-14-13|2022-08-02-01|2023-01-10-07|2023-01-13-07|2023-01-19-15
atanas,2,SIBDR,2,2023-01-16-22|2023-01-18-01
atanas,2,SIBVR,1,2023-01-16-15
atanas,2,SMBDL,1,2022-08-02-01
atanas,2,SMBDR,2,2022-08-02-01|2023-01-10-07
atanas,2,SMBVR,1,2022-08-02-01
atanas,2,SMDDL,9,2022-06-14-13|2022-06-28-01|2022-08-02-01|2023-01-09-22|2023-01-13-07|2023-01-16-08|2023-01-17-07|2023-01-17-14|2023-03-07-01
atanas,2,SMDDR,7,2022-06-14-13|2022-06-28-01|2022-08-02-01|2023-01-13-07|2023-01-16-08|2023-01-16-15|2023-03-07-01
atanas,2,SMDVL,19,2022-06-14-13|2022-06-28-01|2022-07-15-06|2022-07-26-01|2022-08-02-01|2022-12-21-06|2023-01-05-01|2023-01-05-18|2023-01-09-22|2023-01-10-07|2023-01-10-14|2023-01-16-08|2023-01-16-15|2023-01-16-22|2023-01-17-01|2023-01-17-07|2023-01-17-14|2023-01-18-01|2023-03-07-01
atanas,2,SMDVR,15,2022-06-14-13|2022-06-28-01|2022-07-26-01|2022-08-02-01|2023-01-05-01|2023-01-09-22|2023-01-10-07|2023-01-10-14|2023-01-13-07|2023-01-16-08|2023-01-17-01|2023-01-17-07|2023-01-17-14|2023-01-19-22|2023-01-23-01
atanas,2,URADL,10,2022-07-15-06|2022-08-02-01|2023-01-05-18|2023-01-10-14|2023-01-13-07|2023-01-17-07|2023-01-17-14|2023-01-18-01|2023-01-19-15|2023-03-07-01
atanas,2,URADR,3,2022-08-02-01|2023-01-05-18|2023-01-17-14
atanas,2,URAVL,8,2022-07-15-06|2022-07-26-01|2023-01-05-18|2023-01-13-07|2023-01-16-22|2023-01-17-14|2023-01-23-01|2023-03-07-01
atanas,2,URAVR,2,2023-01-16-22|2023-01-17-14
atanas,2,URBL,19,2022-06-14-13|2022-06-28-01|2022-07-26-01|2022-08-02-01|2023-01-05-18|2023-01-09-22|2023-01-10-07|2023-01-13-07|2023-01-16-08|2023-01-16-15|2023-01-16-22|2023-01-17-01|2023-01-17-07|2023-01-17-14|2023-01-18-01|2023-01-19-15|2023-01-19-22|2023-01-23-01|2023-03-07-01
atanas,2,URBR,16,2022-06-14-13|2022-06-28-01|2022-07-26-01|2022-08-02-01|2022-12-21-06|2023-01-05-18|2023-01-13-07|2023-01-16-15|2023-01-16-22|2023-01-17-01|2023-01-17-07|2023-01-17-14|2023-01-18-01|2023-01-19-15|2023-01-19-22|2023-03-07-01
atanas,2,URXL,19,2022-06-14-13|2022-06-28-01|2022-07-15-06|2022-07-26-01|2022-08-02-01|2022-12-21-06|2023-01-05-01|2023-01-05-18|2023-01-09-22|2023-01-10-07|2023-01-10-14|2023-01-16-08|2023-01-16-15|2023-01-17-07|2023-01-17-14|2023-01-19-15|2023-01-19-22|2023-01-23-01|2023-03-07-01
atanas,2,URXR,18,2022-06-14-13|2022-06-28-01|2022-07-15-06|2022-07-26-01|2022-08-02-01|2023-01-05-01|2023-01-05-18|2023-01-09-22|2023-01-10-07|2023-01-10-14|2023-01-16-15|2023-01-16-22|2023-01-17-07|2023-01-17-14|2023-01-19-15|2023-01-19-22|2023-01-23-01|2023-03-07-01
atanas,2,URYDL,19,2022-06-14-13|2022-06-28-01|2022-07-15-06|2022-07-26-01|2022-08-02-01|2022-12-21-06|2023-01-05-01|2023-01-05-18|2023-01-09-22|2023-01-10-07|2023-01-10-14|2023-01-16-08|2023-01-16-15|2023-01-16-22|2023-01-17-01|2023-01-17-14|2023-01-18-01|2023-01-19-22|2023-01-23-01
atanas,2,URYDR,12,2022-08-02-01|2022-12-21-06|2023-01-05-01|2023-01-05-18|2023-01-09-22|2023-01-10-14|2023-01-13-07|2023-01-16-08|2023-01-16-22|2023-01-19-22|2023-01-23-01|2023-03-07-01
atanas,2,URYVL,21,2022-06-14-13|2022-07-26-01|2022-08-02-01|2022-12-21-06|2023-01-05-01|2023-01-05-18|2023-01-09-22|2023-01-10-07|2023-01-10-14|2023-01-13-07|2023-01-16-08|2023-01-16-15|2023-01-16-22|2023-01-17-01|2023-01-17-07|2023-01-17-14|2023-01-18-01|2023-01-19-15|2023-01-19-22|2023-01-23-01|2023-03-07-01
atanas,2,URYVR,19,2022-06-14-13|2022-06-28-01|2022-07-15-06|2022-07-26-01|2022-08-02-01|2022-12-21-06|2023-01-09-22|2023-01-10-07|2023-01-10-14|2023-01-13-07|2023-01-16-15|2023-01-16-22|2023-01-17-01|2023-01-17-07|2023-01-17-14|2023-01-19-15|2023-01-19-22|2023-01-23-01|2023-03-07-01
atanas,2,VB02,14,2022-06-14-13|2022-07-15-06|2022-08-02-01|2023-01-09-22|2023-01-10-07|2023-01-10-14|2023-01-13-07|2023-01-16-08|2023-01-16-22|2023-01-17-14|2023-01-18-01|2023-01-19-15|2023-01-23-01|2023-03-07-01
atanas,3,ADAL,17,2022-06-28-07|2022-07-15-06|2022-07-15-12|2022-08-02-01|2023-01-05-01|2023-01-06-01|2023-01-06-08|2023-01-09-15|2023-01-09-22|2023-01-13-07|2023-01-17-01|2023-01-17-07|2023-01-17-14|2023-01-18-01|2023-01-19-22|2023-01-23-01|2023-01-23-21
atanas,3,ADAR,2,2023-01-19-15|2023-01-23-01
atanas,3,ADEL,19,2022-06-28-07|2022-07-15-12|2022-07-26-01|2022-08-02-01|2022-12-21-06|2023-01-05-01|2023-01-06-01|2023-01-06-08|2023-01-09-15|2023-01-09-22|2023-01-13-07|2023-01-16-15|2023-01-17-01|2023-01-17-07|2023-01-17-14|2023-01-18-01|2023-01-19-22|2023-01-23-01|2023-01-23-21
atanas,3,ADER,11,2022-07-15-06|2023-01-05-01|2023-01-09-15|2023-01-09-22|2023-01-13-07|2023-01-17-01|2023-01-17-14|2023-01-19-15|2023-01-19-22|2023-01-23-01|2023-01-23-08
atanas,3,ADLL,10,2022-06-28-07|2022-07-15-06|2022-12-21-06|2023-01-06-08|2023-01-09-15|2023-01-09-22|2023-01-17-01|2023-01-17-14|2023-01-18-01|2023-01-23-01
atanas,3,ADLR,4,2023-01-09-15|2023-01-09-22|2023-01-13-07|2023-01-23-01
atanas,3,AFDL,1,2023-01-17-14
atanas,3,AIAL,2,2022-07-26-01|2023-01-17-14
atanas,3,AIAR,3,2022-07-15-06|2022-07-26-01|2023-01-17-14
atanas,3,AIBL,22,2022-06-28-07|2022-07-15-06|2022-07-15-12|2022-07-26-01|2022-08-02-01|2022-12-21-06|2023-01-05-01|2023-01-06-01|2023-01-06-08|2023-01-09-15|2023-01-09-22|2023-01-13-07|2023-01-16-15|2023-01-16-22|2023-01-17-01|2023-01-17-07|2023-01-17-14|2023-01-18-01|2023-01-19-15|2023-01-19-22|2023-01-23-01|2023-01-23-21
atanas,3,AIBR,20,2022-06-28-07|2022-07-15-12|2022-07-26-01|2022-08-02-01|2022-12-21-06|2023-01-05-01|2023-01-06-08|2023-01-09-15|2023-01-09-22|2023-01-13-07|2023-01-16-15|2023-01-16-22|2023-01-17-01|2023-01-17-07|2023-01-17-14|2023-01-18-01|2023-01-19-15|2023-01-19-22|2023-01-23-08|2023-01-23-21
atanas,3,AIML,9,2022-06-28-07|2022-07-15-12|2022-08-02-01|2023-01-06-08|2023-01-17-01|2023-01-17-14|2023-01-19-15|2023-01-19-22|2023-01-23-01
atanas,3,AIMR,9,2022-07-15-12|2022-08-02-01|2023-01-06-08|2023-01-09-22|2023-01-17-14|2023-01-19-15|2023-01-19-22|2023-01-23-01|2023-01-23-08
atanas,3,AINL,19,2022-06-28-07|2022-07-15-06|2022-07-15-12|2022-07-26-01|2022-08-02-01|2022-12-21-06|2023-01-06-01|2023-01-06-08|2023-01-09-15|2023-01-09-22|2023-01-16-15|2023-01-17-01|2023-01-17-07|2023-01-17-14|2023-01-18-01|2023-01-19-22|2023-01-23-01|2023-01-23-08|2023-01-23-21
atanas,3,AINR,10,2022-07-26-01|2023-01-09-15|2023-01-09-22|2023-01-13-07|2023-01-16-15|2023-01-16-22|2023-01-18-01|2023-01-23-01|2023-01-23-08|2023-01-23-21
atanas,3,AIYL,8,2022-07-15-06|2022-07-15-12|2022-08-02-01|2023-01-09-22|2023-01-16-22|2023-01-17-01|2023-01-17-14|2023-01-23-21
atanas,3,AIYR,7,2022-07-15-06|2022-07-15-12|2023-01-09-22|2023-01-16-22|2023-01-17-01|2023-01-17-14|2023-01-23-21
atanas,3,AIZL,21,2022-06-28-07|2022-07-15-06|2022-07-15-12|2022-08-02-01|2022-12-21-06|2023-01-05-01|2023-01-06-01|2023-01-06-08|2023-01-09-22|2023-01-13-07|2023-01-16-15|2023-01-16-22|2023-01-17-01|2023-01-17-07|2023-01-17-14|2023-01-18-01|2023-01-19-15|2023-01-19-22|2023-01-23-01|2023-01-23-08|2023-01-23-21
atanas,3,AIZR,17,2022-08-02-01|2023-01-05-01|2023-01-06-08|2023-01-09-15|2023-01-09-22|2023-01-13-07|2023-01-16-15|2023-01-16-22|2023-01-17-01|2023-01-17-07|2023-01-17-14|2023-01-18-01|2023-01-19-15|2023-01-19-22|2023-01-23-01|2023-01-23-08|2023-01-23-21
atanas,3,ALA,3,2022-07-15-06|2023-01-05-01|2023-01-19-22
atanas,3,AQR,8,2022-07-15-06|2022-12-21-06|2023-01-09-15|2023-01-19-15|2023-01-19-22|2023-01-23-01|2023-01-23-08|2023-01-23-21
atanas,3,ASEL,19,2022-06-28-07|2022-07-15-06|2022-07-15-12|2022-07-26-01|2022-08-02-01|2022-12-21-06|2023-01-06-01|2023-01-06-08|2023-01-09-15|2023-01-09-22|2023-01-13-07|2023-01-16-15|2023-01-16-22|2023-01-17-01|2023-01-17-07|2023-01-17-14|2023-01-18-01|2023-01-23-01|2023-01-23-08
atanas,3,ASER,9,2022-06-28-07|2022-12-21-06|2023-01-09-15|2023-01-13-07|2023-01-17-01|2023-01-18-01|2023-01-19-15|2023-01-19-22|2023-01-23-08
atanas,3,ASGL,20,2022-07-15-06|2022-07-15-12|2022-07-26-01|2022-08-02-01|2022-12-21-06|2023-01-05-01|2023-01-06-08|2023-01-09-15|2023-01-09-22|2023-01-13-07|2023-01-16-15|2023-01-16-22|2023-01-17-01|2023-01-17-07|2023-01-17-14|2023-01-18-01|2023-01-19-22|2023-01-23-01|2023-01-23-08|2023-01-23-21
atanas,3,ASGR,13,2022-08-02-01|2023-01-06-08|2023-01-09-15|2023-01-09-22|2023-01-13-07|2023-01-16-15|2023-01-17-01|2023-01-17-07|2023-01-17-14|2023-01-18-01|2023-01-19-22|2023-01-23-08|2023-01-23-21
atanas,3,ASHL,11,2022-06-28-07|2022-07-26-01|2022-08-02-01|2023-01-06-08|2023-01-09-22|2023-01-16-22|2023-01-17-01|2023-01-17-14|2023-01-18-01|2023-01-23-01|2023-01-23-21
atanas,3,ASHR,1,2023-01-19-15
atanas,3,ASIL,5,2023-01-06-08|2023-01-09-15|2023-01-16-22|2023-01-17-14|2023-01-23-08
atanas,3,ASIR,7,2023-01-09-15|2023-01-13-07|2023-01-16-15|2023-01-16-22|2023-01-17-01|2023-01-18-01|2023-01-23-01
atanas,3,ASJL,3,2022-07-15-12|2023-01-09-22|2023-01-18-01
atanas,3,ASKL,4,2022-08-02-01|2023-01-05-01|2023-01-06-01|2023-01-17-14
atanas,3,ASKR,4,2023-01-05-01|2023-01-06-01|2023-01-17-14|2023-01-19-22
atanas,3,AUAL,22,2022-06-28-07|2022-07-15-06|2022-07-15-12|2022-07-26-01|2022-08-02-01|2022-12-21-06|2023-01-05-01|2023-01-06-01|2023-01-06-08|2023-01-09-15|2023-01-09-22|2023-01-13-07|2023-01-16-15|2023-01-16-22|2023-01-17-01|2023-01-17-07|2023-01-17-14|2023-01-18-01|2023-01-19-22|2023-01-23-01|2023-01-23-08|2023-01-23-21
atanas,3,AUAR,10,2022-06-28-07|2022-08-02-01|2023-01-09-15|2023-01-09-22|2023-01-13-07|2023-01-16-15|2023-01-16-22|2023-01-17-07|2023-01-19-15|2023-01-19-22
atanas,3,AVAL,21,2022-06-28-07|2022-07-15-06|2022-07-15-12|2022-07-26-01|2022-08-02-01|2022-12-21-06|2023-01-05-01|2023-01-06-01|2023-01-06-08|2023-01-09-08|2023-01-09-15|2023-01-09-22|2023-01-13-07|2023-01-16-15|2023-01-17-01|2023-01-17-14|2023-01-18-01|2023-01-19-15|2023-01-19-22|2023-01-23-01|2023-01-23-21
atanas,3,AVAR,16,2022-06-28-07|2022-07-15-06|2022-07-15-12|2022-08-02-01|2023-01-05-01|2023-01-06-01|2023-01-06-08|2023-01-09-15|2023-01-09-22|2023-01-13-07|2023-01-17-01|2023-01-17-07|2023-01-18-01|2023-01-19-15|2023-01-19-22|2023-01-23-21
atanas,3,AVBL,2,2022-07-15-12|2023-01-16-22
atanas,3,AVBR,2,2023-01-09-08|2023-01-19-15
atanas,3,AVDL,24,2022-06-28-07|2022-07-15-06|2022-07-15-12|2022-07-26-01|2022-08-02-01|2022-12-21-06|2023-01-05-01|2023-01-06-01|2023-01-06-08|2023-01-09-08|2023-01-09-15|2023-01-09-22|2023-01-13-07|2023-01-16-15|2023-01-16-22|2023-01-17-01|2023-01-17-07|2023-01-17-14|2023-01-18-01|2023-01-19-15|2023-01-19-22|2023-01-23-01|2023-01-23-08|2023-01-23-21
atanas,3,AVDR,16,2022-08-02-01|2023-01-05-01|2023-01-09-08|2023-01-09-15|2023-01-09-22|2023-01-16-15|2023-01-16-22|2023-01-17-01|2023-01-17-07|2023-01-17-14|2023-01-18-01|2023-01-19-15|2023-01-19-22|2023-01-23-01|2023-01-23-08|2023-01-23-21
atanas,3,AVEL,18,2022-06-28-07|2022-07-15-06|2022-07-15-12|2022-07-26-01|2022-08-02-01|2022-12-21-06|2023-01-05-01|2023-01-06-01|2023-01-09-22|2023-01-13-07|2023-01-17-07|2023-01-17-14|2023-01-18-01|2023-01-19-15|2023-01-19-22|2023-01-23-01|2023-01-23-08|2023-01-23-21
atanas,3,AVER,17,2022-06-28-07|2022-07-15-06|2022-07-15-12|2022-07-26-01|2022-08-02-01|2023-01-05-01|2023-01-06-01|2023-01-06-08|2023-01-09-08|2023-01-09-15|2023-01-09-22|2023-01-16-15|2023-01-17-01|2023-01-17-07|2023-01-17-14|2023-01-19-22|2023-01-23-21
atanas,3,AVHL,8,2022-07-15-06|2022-08-02-01|2023-01-05-01|2023-01-09-15|2023-01-16-22|2023-01-17-01|2023-01-17-14|2023-01-23-21
atanas,3,AVHR,1,2022-07-15-12
atanas,3,AVJL,20,2022-06-28-07|2022-07-15-12|2022-07-26-01|2022-08-02-01|2022-12-21-06|2023-01-05-01|2023-01-06-01|2023-01-06-08|2023-01-09-08|2023-01-09-22|2023-01-13-07|2023-01-16-15|2023-01-16-22|2023-01-17-01|2023-01-17-07|2023-01-17-14|2023-01-18-01|2023-01-19-22|2023-01-23-01|2023-01-23-08
atanas,3,AVJR,19,2022-06-28-07|2022-07-15-12|2022-08-02-01|2022-12-21-06|2023-01-05-01|2023-01-09-08|2023-01-09-15|2023-01-09-22|2023-01-13-07|2023-01-16-15|2023-01-16-22|2023-01-17-01|2023-01-17-07|2023-01-17-14|2023-01-19-15|2023-01-19-22|2023-01-23-01|2023-01-23-08|2023-01-23-21
atanas,3,AVKL,2,2023-01-06-08|2023-01-23-01
atanas,3,AVKR,5,2022-06-28-07|2022-07-26-01|2023-01-06-08|2023-01-09-22|2023-01-23-01
atanas,3,AVL,10,2022-07-15-12|2022-08-02-01|2023-01-05-01|2023-01-06-08|2023-01-09-08|2023-01-09-15|2023-01-16-15|2023-01-16-22|2023-01-17-01|2023-01-23-08
atanas,3,AWAL,11,2022-07-15-06|2022-07-15-12|2023-01-05-01|2023-01-13-07|2023-01-16-15|2023-01-17-01|2023-01-17-07|2023-01-17-14|2023-01-19-22|2023-01-23-01|2023-01-23-21
atanas,3,AWAR,13,2022-06-28-07|2022-07-15-12|2022-08-02-01|2023-01-06-01|2023-01-06-08|2023-01-09-08|2023-01-09-15|2023-01-13-07|2023-01-16-15|2023-01-17-01|2023-01-17-07|2023-01-19-22|2023-01-23-21
atanas,3,AWBL,20,2022-07-15-06|2022-07-15-12|2022-08-02-01|2022-12-21-06|2023-01-05-01|2023-01-06-01|2023-01-06-08|2023-01-09-08|2023-01-09-15|2023-01-09-22|2023-01-13-07|2023-01-16-15|2023-01-16-22|2023-01-17-01|2023-01-17-07|2023-01-17-14|2023-01-18-01|2023-01-19-22|2023-01-23-01|2023-01-23-08
atanas,3,AWBR,10,2022-07-15-12|2022-08-02-01|2023-01-09-08|2023-01-09-15|2023-01-13-07|2023-01-16-15|2023-01-17-14|2023-01-19-15|2023-01-19-22|2023-01-23-21
atanas,3,AWCL,20,2022-07-15-06|2022-07-15-12|2022-08-02-01|2022-12-21-06|2023-01-05-01|2023-01-06-01|2023-01-06-08|2023-01-09-08|2023-01-09-15|2023-01-09-22|2023-01-13-07|2023-01-16-15|2023-01-16-22|2023-01-17-01|2023-01-17-07|2023-01-18-01|2023-01-19-22|2023-01-23-01|2023-01-23-08|2023-01-23-21
atanas,3,AWCR,13,2022-12-21-06|2023-01-06-08|2023-01-09-15|2023-01-09-22|2023-01-17-01|2023-01-17-07|2023-01-17-14|2023-01-18-01|2023-01-19-15|2023-01-19-22|2023-01-23-01|2023-01-23-08|2023-01-23-21
atanas,3,BAGL,11,2022-06-28-07|2022-07-15-12|2022-07-26-01|2022-08-02-01|2022-12-21-06|2023-01-09-22|2023-01-16-15|2023-01-16-22|2023-01-17-01|2023-01-17-14|2023-01-23-08
atanas,3,BAGR,2,2022-08-02-01|2023-01-23-08
atanas,3,CEPDL,24,2022-06-28-07|2022-07-15-06|2022-07-15-12|2022-07-26-01|2022-08-02-01|2022-12-21-06|2023-01-05-01|2023-01-06-01|2023-01-06-08|2023-01-09-08|2023-01-09-15|2023-01-09-22|2023-01-13-07|2023-01-16-15|2023-01-16-22|2023-01-17-01|2023-01-17-07|2023-01-17-14|2023-01-18-01|2023-01-19-15|2023-01-19-22|2023-01-23-01|2023-01-23-08|2023-01-23-21
atanas,3,CEPDR,19,2022-06-28-07|2022-07-15-06|2022-08-02-01|2023-01-05-01|2023-01-06-01|2023-01-06-08|2023-01-09-08|2023-01-09-15|2023-01-09-22|2023-01-16-15|2023-01-16-22|2023-01-17-07|2023-01-17-14|2023-01-18-01|2023-01-19-15|2023-01-19-22|2023-01-23-01|2023-01-23-08|2023-01-23-21
atanas,3,CEPVL,21,2022-06-28-07|2022-07-15-06|2022-07-15-12|2022-07-26-01|2022-08-02-01|2022-12-21-06|2023-01-05-01|2023-01-06-01|2023-01-09-08|2023-01-09-15|2023-01-09-22|2023-01-13-07|2023-01-16-15|2023-01-16-22|2023-01-17-01|2023-01-17-07|2023-01-18-01|2023-01-19-22|2023-01-23-01|2023-01-23-08|2023-01-23-21
atanas,3,CEPVR,16,2022-07-15-12|2022-07-26-01|2022-08-02-01|2022-12-21-06|2023-01-06-01|2023-01-09-08|2023-01-09-15|2023-01-09-22|2023-01-16-15|2023-01-17-01|2023-01-17-07|2023-01-17-14|2023-01-19-22|2023-01-23-01|2023-01-23-08|2023-01-23-21
atanas,3,FLPL,21,2022-06-28-07|2022-07-15-12|2022-07-26-01|2022-08-02-01|2022-12-21-06|2023-01-05-01|2023-01-06-01|2023-01-06-08|2023-01-09-15|2023-01-09-22|2023-01-13-07|2023-01-16-15|2023-01-16-22|2023-01-17-01|2023-01-17-07|2023-01-17-14|2023-01-18-01|2023-01-19-22|2023-01-23-01|2023-01-23-08|2023-01-23-21
atanas,3,FLPR,11,2022-08-02-01|2023-01-09-15|2023-01-09-22|2023-01-13-07|2023-01-16-15|2023-01-16-22|2023-01-17-14|2023-01-18-01|2023-01-19-15|2023-01-19-22|2023-01-23-01
atanas,3,I1L,21,2022-06-28-07|2022-07-15-06|2022-07-15-12|2022-12-21-06|2023-01-05-01|2023-01-06-01|2023-01-06-08|2023-01-09-08|2023-01-09-15|2023-01-09-22|2023-01-13-07|2023-01-16-15|2023-01-16-22|2023-01-17-01|2023-01-17-07|2023-01-17-14|2023-01-18-01|2023-01-19-15|2023-01-19-22|2023-01-23-08|2023-01-23-21
atanas,3,I1R,19,2022-06-28-07|2022-07-15-12|2022-08-02-01|2022-12-21-06|2023-01-05-01|2023-01-06-01|2023-01-06-08|2023-01-09-08|2023-01-09-15|2023-01-09-22|2023-01-13-07|2023-01-16-15|2023-01-16-22|2023-01-17-07|2023-01-17-14|2023-01-19-22|2023-01-23-01|2023-01-23-08|2023-01-23-21
atanas,3,I2L,24,2022-06-28-07|2022-07-15-06|2022-07-15-12|2022-07-26-01|2022-08-02-01|2022-12-21-06|2023-01-05-01|2023-01-06-01|2023-01-06-08|2023-01-09-08|2023-01-09-15|2023-01-09-22|2023-01-13-07|2023-01-16-15|2023-01-16-22|2023-01-17-01|2023-01-17-07|2023-01-17-14|2023-01-18-01|2023-01-19-15|2023-01-19-22|2023-01-23-01|2023-01-23-08|2023-01-23-21
atanas,3,I2R,18,2022-06-28-07|2022-07-15-06|2022-07-15-12|2022-08-02-01|2022-12-21-06|2023-01-05-01|2023-01-06-08|2023-01-09-15|2023-01-13-07|2023-01-16-15|2023-01-16-22|2023-01-17-01|2023-01-17-07|2023-01-17-14|2023-01-19-22|2023-01-23-01|2023-01-23-08|2023-01-23-21
atanas,3,I3,23,2022-06-28-07|2022-07-15-06|2022-07-15-12|2022-07-26-01|2022-08-02-01|2022-12-21-06|2023-01-05-01|2023-01-06-01|2023-01-06-08|2023-01-09-08|2023-01-09-15|2023-01-09-22|2023-01-13-07|2023-01-16-15|2023-01-16-22|2023-01-17-01|2023-01-17-07|2023-01-17-14|2023-01-18-01|2023-01-19-22|2023-01-23-01|2023-01-23-08|2023-01-23-21
atanas,3,I4,6,2022-06-28-07|2023-01-05-01|2023-01-16-22|2023-01-17-07|2023-01-18-01|2023-01-23-08
atanas,3,I6,8,2022-06-28-07|2022-12-21-06|2023-01-05-01|2023-01-13-07|2023-01-16-15|2023-01-16-22|2023-01-17-01|2023-01-23-08
atanas,3,IL1DL,18,2022-07-15-06|2022-07-15-12|2022-07-26-01|2022-08-02-01|2023-01-05-01|2023-01-06-01|2023-01-06-08|2023-01-09-08|2023-01-09-15|2023-01-16-15|2023-01-16-22|2023-01-17-01|2023-01-17-07|2023-01-17-14|2023-01-18-01|2023-01-19-22|2023-01-23-08|2023-01-23-21
atanas,3,IL1DR,21,2022-06-28-07|2022-07-15-06|2022-07-15-12|2022-07-26-01|2022-08-02-01|2023-01-05-01|2023-01-06-01|2023-01-06-08|2023-01-09-08|2023-01-09-15|2023-01-09-22|2023-01-13-07|2023-01-16-15|2023-01-16-22|2023-01-17-01|2023-01-18-01|2023-01-19-15|2023-01-19-22|2023-01-23-01|2023-01-23-08|2023-01-23-21
atanas,3,IL1L,20,2022-06-28-07|2022-07-15-06|2022-07-15-12|2022-07-26-01|2022-08-02-01|2022-12-21-06|2023-01-05-01|2023-01-06-01|2023-01-09-15|2023-01-09-22|2023-01-16-15|2023-01-16-22|2023-01-17-01|2023-01-17-07|2023-01-17-14|2023-01-18-01|2023-01-19-22|2023-01-23-01|2023-01-23-08|2023-01-23-21
atanas,3,IL1R,21,2022-06-28-07|2022-07-15-06|2022-07-15-12|2022-07-26-01|2022-08-02-01|2022-12-21-06|2023-01-05-01|2023-01-06-01|2023-01-06-08|2023-01-09-15|2023-01-09-22|2023-01-13-07|2023-01-16-15|2023-01-16-22|2023-01-17-01|2023-01-17-07|2023-01-17-14|2023-01-19-22|2023-01-23-01|2023-01-23-08|2023-01-23-21
atanas,3,IL1VL,15,2022-06-28-07|2022-07-15-12|2022-12-21-06|2023-01-05-01|2023-01-06-01|2023-01-06-08|2023-01-09-22|2023-01-16-15|2023-01-16-22|2023-01-17-07|2023-01-17-14|2023-01-18-01|2023-01-19-15|2023-01-23-01|2023-01-23-08
atanas,3,IL1VR,19,2022-06-28-07|2022-07-15-06|2022-07-15-12|2022-08-02-01|2022-12-21-06|2023-01-05-01|2023-01-06-01|2023-01-06-08|2023-01-09-22|2023-01-13-07|2023-01-16-15|2023-01-16-22|2023-01-17-07|2023-01-17-14|2023-01-18-01|2023-01-19-15|2023-01-19-22|2023-01-23-01|2023-01-23-08
atanas,3,IL2DL,22,2022-06-28-07|2022-07-15-06|2022-07-15-12|2022-07-26-01|2022-08-02-01|2022-12-21-06|2023-01-06-01|2023-01-06-08|2023-01-09-08|2023-01-09-15|2023-01-09-22|2023-01-16-15|2023-01-16-22|2023-01-17-01|2023-01-17-07|2023-01-17-14|2023-01-18-01|2023-01-19-15|2023-01-19-22|2023-01-23-01|2023-01-23-08|2023-01-23-21
atanas,3,IL2DR,20,2022-06-28-07|2022-07-15-06|2022-07-15-12|2022-07-26-01|2022-08-02-01|2023-01-05-01|2023-01-06-01|2023-01-06-08|2023-01-09-08|2023-01-09-15|2023-01-09-22|2023-01-16-15|2023-01-16-22|2023-01-17-01|2023-01-17-07|2023-01-17-14|2023-01-18-01|2023-01-19-22|2023-01-23-01|2023-01-23-08
atanas,3,IL2L,17,2022-07-15-12|2022-07-26-01|2022-08-02-01|2022-12-21-06|2023-01-06-01|2023-01-06-08|2023-01-09-08|2023-01-09-22|2023-01-13-07|2023-01-16-15|2023-01-16-22|2023-01-17-01|2023-01-17-14|2023-01-18-01|2023-01-23-01|2023-01-23-08|2023-01-23-21
atanas,3,IL2R,12,2022-07-26-01|2022-08-02-01|2023-01-06-08|2023-01-09-08|2023-01-09-22|2023-01-13-07|2023-01-17-01|2023-01-17-14|2023-01-18-01|2023-01-23-01|2023-01-23-08|2023-01-23-21
atanas,3,IL2VL,15,2022-07-15-12|2022-07-26-01|2022-08-02-01|2022-12-21-06|2023-01-06-08|2023-01-09-22|2023-01-16-15|2023-01-16-22|2023-01-17-01|2023-01-17-07|2023-01-17-14|2023-01-18-01|2023-01-19-22|2023-01-23-01|2023-01-23-21
atanas,3,IL2VR,18,2022-06-28-07|2022-07-15-06|2022-07-15-12|2022-07-26-01|2022-08-02-01|2022-12-21-06|2023-01-06-08|2023-01-09-15|2023-01-13-07|2023-01-16-15|2023-01-16-22|2023-01-17-01|2023-01-17-07|2023-01-17-14|2023-01-18-01|2023-01-19-15|2023-01-23-01|2023-01-23-21
atanas,3,M1,11,2022-12-21-06|2023-01-05-01|2023-01-09-15|2023-01-13-07|2023-01-16-15|2023-01-16-22|2023-01-17-01|2023-01-17-07|2023-01-17-14|2023-01-23-08|2023-01-23-21
atanas,3,M2L,1,2023-01-09-15
atanas,3,M3L,24,2022-06-28-07|2022-07-15-06|2022-07-15-12|2022-07-26-01|2022-08-02-01|2022-12-21-06|2023-01-05-01|2023-01-06-01|2023-01-06-08|2023-01-09-08|2023-01-09-15|2023-01-09-22|2023-01-13-07|2023-01-16-15|2023-01-16-22|2023-01-17-01|2023-01-17-07|2023-01-17-14|2023-01-18-01|2023-01-19-15|2023-01-19-22|2023-01-23-01|2023-01-23-08|2023-01-23-21
atanas,3,M3R,21,2022-06-28-07|2022-07-15-06|2022-07-15-12|2022-07-26-01|2022-08-02-01|2022-12-21-06|2023-01-05-01|2023-01-06-08|2023-01-09-08|2023-01-09-15|2023-01-09-22|2023-01-13-07|2023-01-16-15|2023-01-17-01|2023-01-17-07|2023-01-17-14|2023-01-19-15|2023-01-19-22|2023-01-23-01|2023-01-23-08|2023-01-23-21
atanas,3,M4,16,2022-06-28-07|2022-07-26-01|2022-08-02-01|2022-12-21-06|2023-01-05-01|2023-01-06-01|2023-01-09-15|2023-01-09-22|2023-01-13-07|2023-01-16-15|2023-01-16-22|2023-01-17-01|2023-01-18-01|2023-01-19-22|2023-01-23-08|2023-01-23-21
atanas,3,M5,16,2022-06-28-07|2022-08-02-01|2023-01-05-01|2023-01-06-01|2023-01-09-15|2023-01-09-22|2023-01-13-07|2023-01-16-15|2023-01-16-22|2023-01-17-01|2023-01-17-07|2023-01-17-14|2023-01-18-01|2023-01-23-01|2023-01-23-08|2023-01-23-21
atanas,3,MCL,17,2022-06-28-07|2022-07-15-06|2022-07-15-12|2022-08-02-01|2023-01-05-01|2023-01-06-01|2023-01-06-08|2023-01-09-15|2023-01-16-15|2023-01-16-22|2023-01-17-01|2023-01-17-07|2023-01-18-01|2023-01-19-15|2023-01-23-01|2023-01-23-08|2023-01-23-21
atanas,3,MCR,8,2022-08-02-01|2023-01-05-01|2023-01-16-15|2023-01-17-01|2023-01-17-14|2023-01-23-01|2023-01-23-08|2023-01-23-21
atanas,3,MI,19,2022-06-28-07|2022-07-15-12|2022-07-26-01|2022-08-02-01|2022-12-21-06|2023-01-05-01|2023-01-06-01|2023-01-09-08|2023-01-09-15|2023-01-09-22|2023-01-13-07|2023-01-16-22|2023-01-17-01|2023-01-17-14|2023-01-18-01|2023-01-19-15|2023-01-19-22|2023-01-23-01|2023-01-23-21
atanas,3,NSML,21,2022-06-28-07|2022-07-15-06|2022-07-15-12|2022-07-26-01|2022-08-02-01|2022-12-21-06|2023-01-05-01|2023-01-06-01|2023-01-06-08|2023-01-09-08|2023-01-09-15|2023-01-09-22|2023-01-13-07|2023-01-16-15|2023-01-16-22|2023-01-17-01|2023-01-17-14|2023-01-18-01|2023-01-19-15|2023-01-23-08|2023-01-23-21
atanas,3,NSMR,21,2022-06-28-07|2022-07-15-06|2022-07-15-12|2022-07-26-01|2022-08-02-01|2022-12-21-06|2023-01-05-01|2023-01-06-08|2023-01-09-08|2023-01-09-15|2023-01-13-07|2023-01-16-15|2023-01-16-22|2023-01-17-01|2023-01-17-07|2023-01-17-14|2023-01-19-15|2023-01-19-22|2023-01-23-01|2023-01-23-08|2023-01-23-21
atanas,3,OLLL,20,2022-07-15-06|2022-07-26-01|2022-08-02-01|2023-01-05-01|2023-01-06-01|2023-01-06-08|2023-01-09-08|2023-01-09-15|2023-01-09-22|2023-01-16-15|2023-01-16-22|2023-01-17-01|2023-01-17-07|2023-01-17-14|2023-01-18-01|2023-01-19-15|2023-01-19-22|2023-01-23-01|2023-01-23-08|2023-01-23-21
atanas,3,OLLR,21,2022-07-15-06|2022-07-15-12|2022-07-26-01|2022-08-02-01|2023-01-05-01|2023-01-06-01|2023-01-06-08|2023-01-09-08|2023-01-09-15|2023-01-09-22|2023-01-13-07|2023-01-16-15|2023-01-16-22|2023-01-17-01|2023-01-17-07|2023-01-17-14|2023-01-18-01|2023-01-19-22|2023-01-23-01|2023-01-23-08|2023-01-23-21
atanas,3,OLQDL,22,2022-06-28-07|2022-07-15-06|2022-07-15-12|2022-07-26-01|2022-08-02-01|2022-12-21-06|2023-01-05-01|2023-01-06-01|2023-01-06-08|2023-01-09-08|2023-01-09-15|2023-01-09-22|2023-01-16-15|2023-01-16-22|2023-01-17-01|2023-01-17-07|2023-01-17-14|2023-01-18-01|2023-01-19-22|2023-01-23-01|2023-01-23-08|2023-01-23-21
atanas,3,OLQDR,21,2022-06-28-07|2022-07-15-06|2022-07-15-12|2022-07-26-01|2022-08-02-01|2022-12-21-06|2023-01-05-01|2023-01-06-01|2023-01-06-08|2023-01-09-08|2023-01-09-15|2023-01-16-15|2023-01-16-22|2023-01-17-01|2023-01-17-07|2023-01-17-14|2023-01-18-01|2023-01-19-22|2023-01-23-01|2023-01-23-08|2023-01-23-21
atanas,3,OLQVL,19,2022-06-28-07|2022-07-15-06|2022-07-15-12|2022-07-26-01|2022-08-02-01|2023-01-05-01|2023-01-06-01|2023-01-06-08|2023-01-09-15|2023-01-09-22|2023-01-16-15|2023-01-16-22|2023-01-17-01|2023-01-17-07|2023-01-17-14|2023-01-18-01|2023-01-19-15|2023-01-19-22|2023-01-23-21
atanas,3,OLQVR,15,2022-07-15-06|2022-07-15-12|2022-07-26-01|2022-08-02-01|2022-12-21-06|2023-01-05-01|2023-01-09-15|2023-01-09-22|2023-01-16-15|2023-01-16-22|2023-01-17-01|2023-01-17-14|2023-01-18-01|2023-01-19-22|2023-01-23-08
atanas,3,RIAL,15,2022-06-28-07|2022-07-15-06|2022-07-15-12|2022-07-26-01|2022-08-02-01|2023-01-05-01|2023-01-06-08|2023-01-09-08|2023-01-09-15|2023-01-09-22|2023-01-13-07|2023-01-17-07|2023-01-17-14|2023-01-18-01|2023-01-19-22
atanas,3,RIAR,7,2022-08-02-01|2023-01-05-01|2023-01-06-01|2023-01-06-08|2023-01-09-22|2023-01-19-22|2023-01-23-21
atanas,3,RIBL,9,2022-08-02-01|2023-01-05-01|2023-01-06-08|2023-01-09-15|2023-01-09-22|2023-01-16-15|2023-01-16-22|2023-01-19-22|2023-01-23-21
atanas,3,RIBR,3,2023-01-09-08|2023-01-09-15|2023-01-19-15
atanas,3,RICL,20,2022-06-28-07|2022-07-15-12|2022-07-26-01|2022-08-02-01|2022-12-21-06|2023-01-05-01|2023-01-06-01|2023-01-06-08|2023-01-09-15|2023-01-13-07|2023-01-16-15|2023-01-16-22|2023-01-17-01|2023-01-17-07|2023-01-17-14|2023-01-18-01|2023-01-19-22|2023-01-23-01|2023-01-23-08|2023-01-23-21
atanas,3,RICR,12,2022-08-02-01|2023-01-05-01|2023-01-09-15|2023-01-13-07|2023-01-16-15|2023-01-16-22|2023-01-17-14|2023-01-18-01|2023-01-19-15|2023-01-19-22|2023-01-23-01|2023-01-23-21
atanas,3,RID,19,2022-06-28-07|2022-07-15-06|2022-07-15-12|2022-07-26-01|2022-08-02-01|2022-12-21-06|2023-01-05-01|2023-01-06-01|2023-01-09-15|2023-01-09-22|2023-01-16-15|2023-01-17-01|2023-01-17-07|2023-01-17-14|2023-01-18-01|2023-01-19-22|2023-01-23-01|2023-01-23-08|2023-01-23-21
atanas,3,RIFL,1,2022-06-28-07
atanas,3,RIFR,1,2022-06-28-07
atanas,3,RIH,16,2022-06-28-07|2022-07-15-12|2022-08-02-01|2023-01-05-01|2023-01-06-01|2023-01-09-08|2023-01-09-15|2023-01-09-22|2023-01-16-15|2023-01-16-22|2023-01-17-01|2023-01-17-07|2023-01-17-14|2023-01-18-01|2023-01-23-01|2023-01-23-08
atanas,3,RIML,6,2023-01-06-08|2023-01-09-15|2023-01-16-22|2023-01-17-07|2023-01-17-14|2023-01-19-15
atanas,3,RIMR,8,2022-12-21-06|2023-01-05-01|2023-01-06-08|2023-01-09-08|2023-01-09-15|2023-01-09-22|2023-01-17-14|2023-01-23-21
atanas,3,RIPL,1,2022-08-02-01
atanas,3,RIR,4,2022-07-15-12|2023-01-05-01|2023-01-16-15|2023-01-19-22
atanas,3,RIS,4,2022-06-28-07|2022-07-15-12|2023-01-16-22|2023-01-18-01
atanas,3,RIVL,22,2022-06-28-07|2022-07-15-06|2022-07-15-12|2022-08-02-01|2022-12-21-06|2023-01-05-01|2023-01-06-01|2023-01-06-08|2023-01-09-08|2023-01-09-15|2023-01-09-22|2023-01-13-07|2023-01-16-15|2023-01-16-22|2023-01-17-01|2023-01-17-07|2023-01-17-14|2023-01-18-01|2023-01-19-22|2023-01-23-01|2023-01-23-08|2023-01-23-21
atanas,3,RIVR,17,2022-08-02-01|2022-12-21-06|2023-01-05-01|2023-01-06-08|2023-01-09-08|2023-01-09-15|2023-01-09-22|2023-01-16-15|2023-01-16-22|2023-01-17-07|2023-01-17-14|2023-01-18-01|2023-01-19-15|2023-01-19-22|2023-01-23-01|2023-01-23-08|2023-01-23-21
atanas,3,RMDDL,19,2022-06-28-07|2022-07-15-12|2022-07-26-01|2022-08-02-01|2023-01-05-01|2023-01-06-01|2023-01-06-08|2023-01-09-15|2023-01-09-22|2023-01-13-07|2023-01-16-15|2023-01-17-01|2023-01-17-07|2023-01-17-14|2023-01-18-01|2023-01-19-15|2023-01-19-22|2023-01-23-08|2023-01-23-21
atanas,3,RMDDR,20,2022-06-28-07|2022-07-15-06|2022-07-15-12|2022-07-26-01|2022-08-02-01|2023-01-05-01|2023-01-06-01|2023-01-09-15|2023-01-09-22|2023-01-13-07|2023-01-16-22|2023-01-17-01|2023-01-17-07|2023-01-17-14|2023-01-18-01|2023-01-19-15|2023-01-19-22|2023-01-23-01|2023-01-23-08|2023-01-23-21
atanas,3,RMDL,20,2022-06-28-07|2022-07-15-06|2022-07-26-01|2022-08-02-01|2022-12-21-06|2023-01-05-01|2023-01-06-01|2023-01-06-08|2023-01-09-22|2023-01-13-07|2023-01-16-22|2023-01-17-01|2023-01-17-07|2023-01-17-14|2023-01-18-01|2023-01-19-15|2023-01-19-22|2023-01-23-01|2023-01-23-08|2023-01-23-21
atanas,3,RMDR,13,2022-06-28-07|2022-07-15-06|2022-07-15-12|2022-07-26-01|2022-08-02-01|2023-01-06-01|2023-01-09-22|2023-01-18-01|2023-01-19-15|2023-01-19-22|2023-01-23-01|2023-01-23-08|2023-01-23-21
atanas,3,RMDVL,18,2022-06-28-07|2022-07-15-06|2022-07-15-12|2022-07-26-01|2022-12-21-06|2023-01-05-01|2023-01-06-01|2023-01-09-15|2023-01-09-22|2023-01-13-07|2023-01-16-15|2023-01-16-22|2023-01-17-01|2023-01-17-14|2023-01-18-01|2023-01-19-22|2023-01-23-08|2023-01-23-21
atanas,3,RMDVR,19,2022-06-28-07|2022-07-15-06|2022-07-15-12|2022-12-21-06|2023-01-06-01|2023-01-09-08|2023-01-09-15|2023-01-09-22|2023-01-13-07|2023-01-16-22|2023-01-17-01|2023-01-17-07|2023-01-17-14|2023-01-18-01|2023-01-19-15|2023-01-19-22|2023-01-23-01|2023-01-23-08|2023-01-23-21
atanas,3,RMED,7,2022-06-28-07|2022-07-15-06|2022-08-02-01|2023-01-05-01|2023-01-06-01|2023-01-17-07|2023-01-23-21
atanas,3,RMEL,21,2022-06-28-07|2022-07-15-06|2022-07-26-01|2022-08-02-01|2022-12-21-06|2023-01-05-01|2023-01-06-01|2023-01-09-08|2023-01-09-15|2023-01-09-22|2023-01-13-07|2023-01-16-15|2023-01-16-22|2023-01-17-01|2023-01-17-07|2023-01-17-14|2023-01-18-01|2023-01-19-22|2023-01-23-01|2023-01-23-08|2023-01-23-21
atanas,3,RMER,22,2022-06-28-07|2022-07-15-06|2022-07-15-12|2022-07-26-01|2022-08-02-01|2022-12-21-06|2023-01-06-01|2023-01-06-08|2023-01-09-08|2023-01-09-15|2023-01-09-22|2023-01-13-07|2023-01-16-15|2023-01-16-22|2023-01-17-01|2023-01-17-07|2023-01-17-14|2023-01-18-01|2023-01-19-22|2023-01-23-01|2023-01-23-08|2023-01-23-21
atanas,3,RMEV,14,2022-06-28-07|2022-07-15-06|2022-07-15-12|2022-07-26-01|2022-08-02-01|2023-01-06-08|2023-01-09-15|2023-01-09-22|2023-01-13-07|2023-01-16-22|2023-01-17-01|2023-01-19-15|2023-01-19-22|2023-01-23-21
atanas,3,RMFL,2,2022-08-02-01|2023-01-17-14
atanas,3,RMGL,11,2022-06-28-07|2022-07-15-12|2022-08-02-01|2023-01-06-01|2023-01-06-08|2023-01-13-07|2023-01-17-01|2023-01-18-01|2023-01-19-22|2023-01-23-01|2023-01-23-21
atanas,3,RMGR,1,2023-01-19-15
atanas,3,SAADL,7,2022-06-28-07|2022-08-02-01|2023-01-13-07|2023-01-16-22|2023-01-19-22|2023-01-23-08|2023-01-23-21
atanas,3,SAADR,7,2022-08-02-01|2023-01-13-07|2023-01-16-22|2023-01-17-01|2023-01-19-15|2023-01-19-22|2023-01-23-08
atanas,3,SAAVL,11,2022-07-15-12|2022-08-02-01|2023-01-06-01|2023-01-09-08|2023-01-09-15|2023-01-13-07|2023-01-16-15|2023-01-17-07|2023-01-17-14|2023-01-23-01|2023-01-23-21
atanas,3,SAAVR,7,2022-06-28-07|2022-07-15-12|2022-08-02-01|2023-01-06-08|2023-01-09-15|2023-01-13-07|2023-01-19-15
atanas,3,SIBDR,2,2023-01-16-22|2023-01-18-01
atanas,3,SIBVL,1,2023-01-23-21
atanas,3,SIBVR,1,2023-01-16-15
atanas,3,SMBDL,1,2022-08-02-01
atanas,3,SMBDR,2,2022-08-02-01|2023-01-23-08
atanas,3,SMBVL,1,2022-06-28-07
atanas,3,SMBVR,5,2022-06-28-07|2022-07-15-12|2022-08-02-01|2023-01-06-01|2023-01-09-15
atanas,3,SMDDL,8,2022-06-28-07|2022-07-15-12|2022-08-02-01|2023-01-09-22|2023-01-13-07|2023-01-17-07|2023-01-17-14|2023-01-23-08
atanas,3,SMDDR,6,2022-06-28-07|2022-07-15-12|2022-08-02-01|2023-01-13-07|2023-01-16-15|2023-01-23-08
atanas,3,SMDVL,20,2022-06-28-07|2022-07-15-06|2022-07-15-12|2022-07-26-01|2022-08-02-01|2022-12-21-06|2023-01-05-01|2023-01-06-01|2023-01-06-08|2023-01-09-08|2023-01-09-15|2023-01-09-22|2023-01-16-15|2023-01-16-22|2023-01-17-01|2023-01-17-07|2023-01-17-14|2023-01-18-01|2023-01-23-08|2023-01-23-21
atanas,3,SMDVR,16,2022-06-28-07|2022-07-26-01|2022-08-02-01|2023-01-05-01|2023-01-06-01|2023-01-06-08|2023-01-09-15|2023-01-09-22|2023-01-13-07|2023-01-17-01|2023-01-17-07|2023-01-17-14|2023-01-19-22|2023-01-23-01|2023-01-23-08|2023-01-23-21
atanas,3,URADL,9,2022-07-15-06|2022-07-15-12|2022-08-02-01|2023-01-06-01|2023-01-13-07|2023-01-17-07|2023-01-17-14|2023-01-18-01|2023-01-19-15
atanas,3,URADR,4,2022-08-02-01|2023-01-06-01|2023-01-09-15|2023-01-17-14
atanas,3,URAVL,10,2022-07-15-06|2022-07-15-12|2022-07-26-01|2023-01-06-01|2023-01-06-08|2023-01-13-07|2023-01-16-22|2023-01-17-14|2023-01-23-01|2023-01-23-08
atanas,3,URAVR,3,2022-07-15-12|2023-01-16-22|2023-01-17-14
atanas,3,URBL,21,2022-06-28-07|2022-07-15-12|2022-07-26-01|2022-08-02-01|2023-01-06-01|2023-01-06-08|2023-01-09-08|2023-01-09-15|2023-01-09-22|2023-01-13-07|2023-01-16-15|2023-01-16-22|2023-01-17-01|2023-01-17-07|2023-01-17-14|2023-01-18-01|2023-01-19-15|2023-01-19-22|2023-01-23-01|2023-01-23-08|2023-01-23-21
atanas,3,URBR,15,2022-07-26-01|2022-08-02-01|2022-12-21-06|2023-01-09-15|2023-01-13-07|2023-01-16-15|2023-01-16-22|2023-01-17-01|2023-01-17-07|2023-01-17-14|2023-01-18-01|2023-01-19-15|2023-01-19-22|2023-01-23-08|2023-01-23-21
atanas,3,URXL,20,2022-06-28-07|2022-07-15-06|2022-07-15-12|2022-07-26-01|2022-08-02-01|2022-12-21-06|2023-01-05-01|2023-01-06-01|2023-01-06-08|2023-01-09-08|2023-01-09-15|2023-01-09-22|2023-01-16-15|2023-01-17-07|2023-01-17-14|2023-01-19-15|2023-01-19-22|2023-01-23-01|2023-01-23-08|2023-01-23-21
atanas,3,URXR,19,2022-06-28-07|2022-07-15-06|2022-07-26-01|2022-08-02-01|2023-01-05-01|2023-01-06-01|2023-01-06-08|2023-01-09-08|2023-01-09-15|2023-01-09-22|2023-01-16-15|2023-01-16-22|2023-01-17-07|2023-01-17-14|2023-01-19-15|2023-01-19-22|2023-01-23-01|2023-01-23-08|2023-01-23-21
atanas,3,URYDL,17,2022-07-15-06|2022-07-15-12|2022-07-26-01|2022-08-02-01|2022-12-21-06|2023-01-05-01|2023-01-06-08|2023-01-09-15|2023-01-09-22|2023-01-16-15|2023-01-16-22|2023-01-17-01|2023-01-17-14|2023-01-18-01|2023-01-19-22|2023-01-23-01|2023-01-23-21
atanas,3,URYDR,14,2022-07-15-12|2022-08-02-01|2022-12-21-06|2023-01-05-01|2023-01-06-01|2023-01-06-08|2023-01-09-08|2023-01-09-15|2023-01-09-22|2023-01-13-07|2023-01-16-22|2023-01-19-22|2023-01-23-01|2023-01-23-21
atanas,3,URYVL,21,2022-06-28-07|2022-07-15-12|2022-07-26-01|2022-08-02-01|2022-12-21-06|2023-01-05-01|2023-01-06-08|2023-01-09-08|2023-01-09-15|2023-01-09-22|2023-01-13-07|2023-01-16-15|2023-01-16-22|2023-01-17-01|2023-01-17-07|2023-01-17-14|2023-01-18-01|2023-01-19-15|2023-01-19-22|2023-01-23-01|2023-01-23-21
atanas,3,URYVR,20,2022-07-15-06|2022-07-15-12|2022-07-26-01|2022-08-02-01|2022-12-21-06|2023-01-06-01|2023-01-06-08|2023-01-09-15|2023-01-09-22|2023-01-13-07|2023-01-16-15|2023-01-16-22|2023-01-17-01|2023-01-17-07|2023-01-17-14|2023-01-19-15|2023-01-19-22|2023-01-23-01|2023-01-23-08|2023-01-23-21
atanas,3,VB02,11,2022-07-15-06|2022-08-02-01|2023-01-06-08|2023-01-09-15|2023-01-09-22|2023-01-13-07|2023-01-16-22|2023-01-17-14|2023-01-18-01|2023-01-19-15|2023-01-23-01
atanas,4,ADAL,19,2022-06-14-07|2022-06-28-07|2022-07-15-06|2022-07-15-12|2022-07-20-01|2023-01-06-01|2023-01-06-08|2023-01-09-15|2023-01-09-22|2023-01-09-28|2023-01-16-01|2023-01-17-01|2023-01-17-07|2023-01-17-14|2023-01-18-01|2023-01-19-08|2023-01-23-01|2023-01-23-15|2023-01-23-21
atanas,4,ADAR,3,2023-01-09-28|2023-01-19-08|2023-01-23-01
atanas,4,ADEL,19,2022-06-14-07|2022-06-28-07|2022-07-15-12|2022-07-20-01|2022-12-21-06|2023-01-06-01|2023-01-06-08|2023-01-09-15|2023-01-09-22|2023-01-09-28|2023-01-16-01|2023-01-17-01|2023-01-17-07|2023-01-17-14|2023-01-18-01|2023-01-19-08|2023-01-23-01|2023-01-23-15|2023-01-23-21
atanas,4,ADER,9,2022-07-15-06|2023-01-09-15|2023-01-09-22|2023-01-09-28|2023-01-17-01|2023-01-17-14|2023-01-23-01|2023-01-23-08|2023-01-23-15
atanas,4,ADLL,14,2022-06-14-07|2022-06-28-07|2022-07-15-06|2022-07-20-01|2022-12-21-06|2023-01-06-08|2023-01-09-15|2023-01-09-22|2023-01-09-28|2023-01-17-01|2023-01-17-14|2023-01-18-01|2023-01-19-08|2023-01-23-01
atanas,4,ADLR,4,2023-01-09-15|2023-01-09-22|2023-01-23-01|2023-01-23-15
atanas,4,AFDL,1,2023-01-17-14
atanas,4,AIAL,1,2023-01-17-14
atanas,4,AIAR,2,2022-07-15-06|2023-01-17-14
atanas,4,AIBL,21,2022-06-14-01|2022-06-14-07|2022-06-28-07|2022-07-15-06|2022-07-15-12|2022-07-20-01|2022-12-21-06|2023-01-06-01|2023-01-06-08|2023-01-09-15|2023-01-09-22|2023-01-09-28|2023-01-16-01|2023-01-17-01|2023-01-17-07|2023-01-17-14|2023-01-18-01|2023-01-19-08|2023-01-23-01|2023-01-23-15|2023-01-23-21
atanas,4,AIBR,18,2022-06-14-01|2022-06-14-07|2022-06-28-07|2022-07-15-12|2022-07-20-01|2022-12-21-06|2023-01-06-08|2023-01-09-15|2023-01-09-22|2023-01-09-28|2023-01-16-01|2023-01-17-01|2023-01-17-07|2023-01-17-14|2023-01-18-01|2023-01-23-08|2023-01-23-15|2023-01-23-21
atanas,4,AIML,9,2022-06-28-07|2022-07-15-12|2022-07-20-01|2023-01-06-08|2023-01-09-28|2023-01-17-01|2023-01-17-14|2023-01-19-08|2023-01-23-01
atanas,4,AIMR,10,2022-07-15-12|2022-07-20-01|2023-01-06-08|2023-01-09-22|2023-01-09-28|2023-01-17-14|2023-01-19-08|2023-01-23-01|2023-01-23-08|2023-01-23-15
atanas,4,AINL,19,2022-06-14-07|2022-06-28-07|2022-07-15-06|2022-07-15-12|2022-12-21-06|2023-01-06-01|2023-01-06-08|2023-01-09-15|2023-01-09-22|2023-01-16-01|2023-01-17-01|2023-01-17-07|2023-01-17-14|2023-01-18-01|2023-01-19-08|2023-01-23-01|2023-01-23-08|2023-01-23-15|2023-01-23-21
atanas,4,AINR,8,2023-01-09-15|2023-01-09-22|2023-01-09-28|2023-01-16-01|2023-01-18-01|2023-01-23-01|2023-01-23-08|2023-01-23-21
atanas,4,AIYL,8,2022-06-14-07|2022-07-15-06|2022-07-15-12|2022-07-20-01|2023-01-09-22|2023-01-17-01|2023-01-17-14|2023-01-23-21
atanas,4,AIYR,8,2022-06-14-07|2022-07-15-06|2022-07-15-12|2022-07-20-01|2023-01-09-22|2023-01-17-01|2023-01-17-14|2023-01-23-21
atanas,4,AIZL,19,2022-06-14-01|2022-06-14-07|2022-06-28-07|2022-07-15-06|2022-07-15-12|2022-12-21-06|2023-01-06-01|2023-01-06-08|2023-01-09-22|2023-01-16-01|2023-01-17-01|2023-01-17-07|2023-01-17-14|2023-01-18-01|2023-01-19-08|2023-01-23-01|2023-01-23-08|2023-01-23-15|2023-01-23-21
atanas,4,AIZR,15,2022-07-20-01|2023-01-06-08|2023-01-09-15|2023-01-09-22|2023-01-09-28|2023-01-16-01|2023-01-17-01|2023-01-17-07|2023-01-17-14|2023-01-18-01|2023-01-19-08|2023-01-23-01|2023-01-23-08|2023-01-23-15|2023-01-23-21
atanas,4,ALA,2,2022-07-15-06|2023-01-16-01
atanas,4,AQR,9,2022-07-15-06|2022-12-21-06|2023-01-09-15|2023-01-09-28|2023-01-19-08|2023-01-23-01|2023-01-23-08|2023-01-23-15|2023-01-23-21
atanas,4,ASEL,20,2022-06-14-01|2022-06-14-07|2022-06-28-07|2022-07-15-06|2022-07-15-12|2022-07-20-01|2022-12-21-06|2023-01-06-01|2023-01-06-08|2023-01-09-15|2023-01-09-22|2023-01-16-01|2023-01-17-01|2023-01-17-07|2023-01-17-14|2023-01-18-01|2023-01-19-08|2023-01-23-01|2023-01-23-08|2023-01-23-15
atanas,4,ASER,11,2022-06-14-07|2022-06-28-07|2022-07-20-01|2022-12-21-06|2023-01-09-15|2023-01-09-28|2023-01-16-01|2023-01-17-01|2023-01-18-01|2023-01-19-08|2023-01-23-08
atanas,4,ASGL,17,2022-06-14-07|2022-07-15-06|2022-07-15-12|2022-12-21-06|2023-01-06-08|2023-01-09-15|2023-01-09-22|2023-01-09-28|2023-01-17-01|2023-01-17-07|2023-01-17-14|2023-01-18-01|2023-01-19-08|2023-01-23-01|2023-01-23-08|2023-01-23-15|2023-01-23-21
atanas,4,ASGR,14,2022-07-20-01|2023-01-06-08|2023-01-09-15|2023-01-09-22|2023-01-09-28|2023-01-16-01|2023-01-17-01|2023-01-17-07|2023-01-17-14|2023-01-18-01|2023-01-19-08|2023-01-23-08|2023-01-23-15|2023-01-23-21
atanas,4,ASHL,13,2022-06-14-01|2022-06-14-07|2022-06-28-07|2022-07-20-01|2023-01-06-08|2023-01-09-22|2023-01-09-28|2023-01-17-01|2023-01-17-14|2023-01-18-01|2023-01-23-01|2023-01-23-15|2023-01-23-21
atanas,4,ASHR,1,2022-07-20-01
atanas,4,ASIL,6,2022-06-14-07|2022-07-20-01|2023-01-06-08|2023-01-09-15|2023-01-17-14|2023-01-23-08
atanas,4,ASIR,4,2023-01-09-15|2023-01-17-01|2023-01-18-01|2023-01-23-01
atanas,4,ASJL,3,2022-07-15-12|2023-01-09-22|2023-01-18-01
atanas,4,ASKL,2,2023-01-06-01|2023-01-17-14
atanas,4,ASKR,2,2023-01-06-01|2023-01-17-14
atanas,4,AUAL,19,2022-06-14-01|2022-06-14-07|2022-06-28-07|2022-07-15-06|2022-07-15-12|2022-07-20-01|2022-12-21-06|2023-01-06-01|2023-01-06-08|2023-01-09-15|2023-01-09-22|2023-01-16-01|2023-01-17-01|2023-01-17-07|2023-01-17-14|2023-01-18-01|2023-01-23-01|2023-01-23-08|2023-01-23-21
atanas,4,AUAR,6,2022-06-28-07|2022-07-20-01|2023-01-09-15|2023-01-09-22|2023-01-17-07|2023-01-19-08
atanas,4,AVAL,20,2022-06-14-07|2022-06-28-07|2022-07-15-06|2022-07-15-12|2022-07-20-01|2022-12-21-06|2023-01-06-01|2023-01-06-08|2023-01-09-08|2023-01-09-15|2023-01-09-22|2023-01-09-28|2023-01-16-01|2023-01-17-01|2023-01-17-14|2023-01-18-01|2023-01-19-08|2023-01-23-01|2023-01-23-15|2023-01-23-21
atanas,4,AVAR,16,2022-06-14-01|2022-06-28-07|2022-07-15-06|2022-07-15-12|2022-07-20-01|2023-01-06-01|2023-01-06-08|2023-01-09-15|2023-01-09-22|2023-01-16-01|2023-01-17-01|2023-01-17-07|2023-01-18-01|2023-01-19-08|2023-01-23-15|2023-01-23-21
atanas,4,AVBL,3,2022-07-15-12|2023-01-19-08|2023-01-23-15
atanas,4,AVBR,1,2023-01-09-08
atanas,4,AVDL,22,2022-06-14-01|2022-06-14-07|2022-06-28-07|2022-07-15-06|2022-07-15-12|2022-12-21-06|2023-01-06-01|2023-01-06-08|2023-01-09-08|2023-01-09-15|2023-01-09-22|2023-01-09-28|2023-01-16-01|2023-01-17-01|2023-01-17-07|2023-01-17-14|2023-01-18-01|2023-01-19-08|2023-01-23-01|2023-01-23-08|2023-01-23-15|2023-01-23-21
atanas,4,AVDR,14,2022-07-20-01|2023-01-09-08|2023-01-09-15|2023-01-09-22|2023-01-09-28|2023-01-16-01|2023-01-17-01|2023-01-17-07|2023-01-17-14|2023-01-18-01|2023-01-23-01|2023-01-23-08|2023-01-23-15|2023-01-23-21
atanas,4,AVEL,17,2022-06-14-01|2022-06-14-07|2022-06-28-07|2022-07-15-06|2022-07-15-12|2022-07-20-01|2022-12-21-06|2023-01-06-01|2023-01-09-22|2023-01-09-28|2023-01-17-07|2023-01-17-14|2023-01-18-01|2023-01-23-01|2023-01-23-08|2023-01-23-15|2023-01-23-21
atanas,4,AVER,18,2022-06-14-01|2022-06-14-07|2022-06-28-07|2022-07-15-06|2022-07-15-12|2022-07-20-01|2023-01-06-01|2023-01-06-08|2023-01-09-08|2023-01-09-15|2023-01-09-22|2023-01-09-28|2023-01-17-01|2023-01-17-07|2023-01-17-14|2023-01-19-08|2023-01-23-15|2023-01-23-21
atanas,4,AVHL,9,2022-06-14-01|2022-06-14-07|2022-07-15-06|2022-07-20-01|2023-01-09-15|2023-01-17-01|2023-01-17-14|2023-01-19-08|2023-01-23-21
atanas,4,AVHR,1,2022-07-15-12
atanas,4,AVJL,19,2022-06-14-01|2022-06-14-07|2022-06-28-07|2022-07-15-12|2022-07-20-01|2022-12-21-06|2023-01-06-01|2023-01-06-08|2023-01-09-08|2023-01-09-22|2023-01-16-01|2023-01-17-01|2023-01-17-07|2023-01-17-14|2023-01-18-01|2023-01-19-08|2023-01-23-01|2023-01-23-08|2023-01-23-15
atanas,4,AVJR,18,2022-06-14-07|2022-06-28-07|2022-07-15-12|2022-07-20-01|2022-12-21-06|2023-01-09-08|2023-01-09-15|2023-01-09-22|2023-01-09-28|2023-01-16-01|2023-01-17-01|2023-01-17-07|2023-01-17-14|2023-01-19-08|2023-01-23-01|2023-01-23-08|2023-01-23-15|2023-01-23-21
atanas,4,AVKL,2,2023-01-06-08|2023-01-23-01
atanas,4,AVKR,5,2022-06-28-07|2023-01-06-08|2023-01-09-22|2023-01-09-28|2023-01-23-01
atanas,4,AVL,9,2022-06-14-01|2022-07-15-12|2022-07-20-01|2023-01-06-08|2023-01-09-08|2023-01-09-15|2023-01-17-01|2023-01-23-08|2023-01-23-15
atanas,4,AWAL,13,2022-06-14-07|2022-07-15-06|2022-07-15-12|2022-07-20-01|2023-01-09-28|2023-01-16-01|2023-01-17-01|2023-01-17-07|2023-01-17-14|2023-01-19-08|2023-01-23-01|2023-01-23-15|2023-01-23-21
atanas,4,AWAR,13,2022-06-14-07|2022-06-28-07|2022-07-15-12|2022-07-20-01|2023-01-06-01|2023-01-06-08|2023-01-09-08|2023-01-09-15|2023-01-09-28|2023-01-17-01|2023-01-17-07|2023-01-23-15|2023-01-23-21
atanas,4,AWBL,21,2022-06-14-01|2022-06-14-07|2022-07-15-06|2022-07-15-12|2022-07-20-01|2022-12-21-06|2023-01-06-01|2023-01-06-08|2023-01-09-08|2023-01-09-15|2023-01-09-22|2023-01-09-28|2023-01-16-01|2023-01-17-01|2023-01-17-07|2023-01-17-14|2023-01-18-01|2023-01-19-08|2023-01-23-01|2023-01-23-08|2023-01-23-15
atanas,4,AWBR,9,2022-07-15-12|2022-07-20-01|2023-01-09-08|2023-01-09-15|2023-01-16-01|2023-01-17-14|2023-01-19-08|2023-01-23-15|2023-01-23-21
atanas,4,AWCL,20,2022-06-14-01|2022-06-14-07|2022-07-15-06|2022-07-15-12|2022-07-20-01|2022-12-21-06|2023-01-06-01|2023-01-06-08|2023-01-09-08|2023-01-09-15|2023-01-09-22|2023-01-09-28|2023-01-16-01|2023-01-17-01|2023-01-17-07|2023-01-18-01|2023-01-23-01|2023-01-23-08|2023-01-23-15|2023-01-23-21
atanas,4,AWCR,14,2022-12-21-06|2023-01-06-08|2023-01-09-15|2023-01-09-22|2023-01-09-28|2023-01-16-01|2023-01-17-01|2023-01-17-07|2023-01-17-14|2023-01-18-01|2023-01-23-01|2023-01-23-08|2023-01-23-15|2023-01-23-21
atanas,4,BAGL,10,2022-06-28-07|2022-07-15-12|2022-07-20-01|2022-12-21-06|2023-01-09-22|2023-01-09-28|2023-01-17-01|2023-01-17-14|2023-01-19-08|2023-01-23-08
atanas,4,BAGR,1,2023-01-23-08
atanas,4,CEPDL,23,2022-06-14-01|2022-06-14-07|2022-06-28-07|2022-07-15-06|2022-07-15-12|2022-07-20-01|2022-12-21-06|2023-01-06-01|2023-01-06-08|2023-01-09-08|2023-01-09-15|2023-01-09-22|2023-01-09-28|2023-01-16-01|2023-01-17-01|2023-01-17-07|2023-01-17-14|2023-01-18-01|2023-01-19-08|2023-01-23-01|2023-01-23-08|2023-01-23-15|2023-01-23-21
atanas,4,CEPDR,19,2022-06-14-01|2022-06-14-07|2022-06-28-07|2022-07-15-06|2022-07-20-01|2023-01-06-01|2023-01-06-08|2023-01-09-08|2023-01-09-15|2023-01-09-22|2023-01-16-01|2023-01-17-07|2023-01-17-14|2023-01-18-01|2023-01-19-08|2023-01-23-01|2023-01-23-08|2023-01-23-15|2023-01-23-21
atanas,4,CEPVL,20,2022-06-14-07|2022-06-28-07|2022-07-15-06|2022-07-15-12|2022-07-20-01|2022-12-21-06|2023-01-06-01|2023-01-09-08|2023-01-09-15|2023-01-09-22|2023-01-09-28|2023-01-16-01|2023-01-17-01|2023-01-17-07|2023-01-18-01|2023-01-19-08|2023-01-23-01|2023-01-23-08|2023-01-23-15|2023-01-23-21
atanas,4,CEPVR,18,2022-06-14-01|2022-06-14-07|2022-07-15-12|2022-12-21-06|2023-01-06-01|2023-01-09-08|2023-01-09-15|2023-01-09-22|2023-01-09-28|2023-01-16-01|2023-01-17-01|2023-01-17-07|2023-01-17-14|2023-01-19-08|2023-01-23-01|2023-01-23-08|2023-01-23-15|2023-01-23-21
atanas,4,FLPL,20,2022-06-14-01|2022-06-14-07|2022-06-28-07|2022-07-15-12|2022-12-21-06|2023-01-06-01|2023-01-06-08|2023-01-09-15|2023-01-09-22|2023-01-09-28|2023-01-16-01|2023-01-17-01|2023-01-17-07|2023-01-17-14|2023-01-18-01|2023-01-19-08|2023-01-23-01|2023-01-23-08|2023-01-23-15|2023-01-23-21
atanas,4,FLPR,7,2023-01-09-15|2023-01-09-22|2023-01-09-28|2023-01-17-14|2023-01-18-01|2023-01-23-01|2023-01-23-15
atanas,4,I1L,21,2022-06-14-01|2022-06-14-07|2022-06-28-07|2022-07-15-06|2022-07-15-12|2022-07-20-01|2022-12-21-06|2023-01-06-01|2023-01-06-08|2023-01-09-08|2023-01-09-15|2023-01-09-22|2023-01-09-28|2023-01-16-01|2023-01-17-01|2023-01-17-07|2023-01-17-14|2023-01-18-01|2023-01-23-08|2023-01-23-15|2023-01-23-21
atanas,4,I1R,17,2022-06-14-01|2022-06-14-07|2022-06-28-07|2022-07-15-12|2022-12-21-06|2023-01-06-01|2023-01-06-08|2023-01-09-08|2023-01-09-15|2023-01-09-22|2023-01-16-01|2023-01-17-07|2023-01-17-14|2023-01-23-01|2023-01-23-08|2023-01-23-15|2023-01-23-21
atanas,4,I2L,23,2022-06-14-01|2022-06-14-07|2022-06-28-07|2022-07-15-06|2022-07-15-12|2022-07-20-01|2022-12-21-06|2023-01-06-01|2023-01-06-08|2023-01-09-08|2023-01-09-15|2023-01-09-22|2023-01-09-28|2023-01-16-01|2023-01-17-01|2023-01-17-07|2023-01-17-14|2023-01-18-01|2023-01-19-08|2023-01-23-01|2023-01-23-08|2023-01-23-15|2023-01-23-21
atanas,4,I2R,18,2022-06-14-01|2022-06-28-07|2022-07-15-06|2022-07-15-12|2022-07-20-01|2022-12-21-06|2023-01-06-08|2023-01-09-15|2023-01-09-28|2023-01-16-01|2023-01-17-01|2023-01-17-07|2023-01-17-14|2023-01-19-08|2023-01-23-01|2023-01-23-08|2023-01-23-15|2023-01-23-21
atanas,4,I3,23,2022-06-14-01|2022-06-14-07|2022-06-28-07|2022-07-15-06|2022-07-15-12|2022-07-20-01|2022-12-21-06|2023-01-06-01|2023-01-06-08|2023-01-09-08|2023-01-09-15|2023-01-09-22|2023-01-09-28|2023-01-16-01|2023-01-17-01|2023-01-17-07|2023-01-17-14|2023-01-18-01|2023-01-19-08|2023-01-23-01|2023-01-23-08|2023-01-23-15|2023-01-23-21
atanas,4,I4,5,2022-06-28-07|2023-01-16-01|2023-01-17-07|2023-01-18-01|2023-01-23-08
atanas,4,I5,2,2022-07-20-01|2023-01-19-08
atanas,4,I6,5,2022-06-28-07|2022-12-21-06|2023-01-09-28|2023-01-17-01|2023-01-23-08
atanas,4,IL1DL,16,2022-06-14-01|2022-06-14-07|2022-07-15-06|2022-07-15-12|2023-01-06-01|2023-01-06-08|2023-01-09-08|2023-01-09-15|2023-01-09-28|2023-01-17-01|2023-01-17-07|2023-01-17-14|2023-01-18-01|2023-01-23-08|2023-01-23-15|2023-01-23-21
atanas,4,IL1DR,18,2022-06-14-01|2022-06-28-07|2022-07-15-06|2022-07-15-12|2022-07-20-01|2023-01-06-01|2023-01-06-08|2023-01-09-08|2023-01-09-15|2023-01-09-22|2023-01-09-28|2023-01-16-01|2023-01-17-01|2023-01-18-01|2023-01-23-01|2023-01-23-08|2023-01-23-15|2023-01-23-21
atanas,4,IL1L,20,2022-06-14-01|2022-06-14-07|2022-06-28-07|2022-07-15-06|2022-07-15-12|2022-07-20-01|2022-12-21-06|2023-01-06-01|2023-01-09-15|2023-01-09-22|2023-01-16-01|2023-01-17-01|2023-01-17-07|2023-01-17-14|2023-01-18-01|2023-01-19-08|2023-01-23-01|2023-01-23-08|2023-01-23-15|2023-01-23-21
atanas,4,IL1R,20,2022-06-14-01|2022-06-14-07|2022-06-28-07|2022-07-15-06|2022-07-15-12|2022-07-20-01|2022-12-21-06|2023-01-06-01|2023-01-06-08|2023-01-09-15|2023-01-09-22|2023-01-09-28|2023-01-16-01|2023-01-17-01|2023-01-17-07|2023-01-17-14|2023-01-19-08|2023-01-23-01|2023-01-23-08|2023-01-23-21
atanas,4,IL1VL,11,2022-06-28-07|2022-07-15-12|2022-12-21-06|2023-01-06-01|2023-01-06-08|2023-01-09-22|2023-01-17-07|2023-01-17-14|2023-01-18-01|2023-01-23-01|2023-01-23-08
atanas,4,IL1VR,15,2022-06-28-07|2022-07-15-06|2022-07-15-12|2022-07-20-01|2022-12-21-06|2023-01-06-01|2023-01-06-08|2023-01-09-22|2023-01-09-28|2023-01-16-01|2023-01-17-07|2023-01-17-14|2023-01-18-01|2023-01-23-01|2023-01-23-08
atanas,4,IL2DL,23,2022-06-14-01|2022-06-14-07|2022-06-28-07|2022-07-15-06|2022-07-15-12|2022-07-20-01|2022-12-21-06|2023-01-06-01|2023-01-06-08|2023-01-09-08|2023-01-09-15|2023-01-09-22|2023-01-09-28|2023-01-16-01|2023-01-17-01|2023-01-17-07|2023-01-17-14|2023-01-18-01|2023-01-19-08|2023-01-23-01|2023-01-23-08|2023-01-23-15|2023-01-23-21
atanas,4,IL2DR,17,2022-06-28-07|2022-07-15-06|2022-07-15-12|2022-07-20-01|2023-01-06-01|2023-01-06-08|2023-01-09-08|2023-01-09-15|2023-01-09-22|2023-01-16-01|2023-01-17-01|2023-01-17-07|2023-01-17-14|2023-01-18-01|2023-01-23-01|2023-01-23-08|2023-01-23-15
atanas,4,IL2L,17,2022-06-14-01|2022-06-14-07|2022-07-15-12|2022-12-21-06|2023-01-06-01|2023-01-06-08|2023-01-09-08|2023-01-09-22|2023-01-09-28|2023-01-16-01|2023-01-17-01|2023-01-17-14|2023-01-18-01|2023-01-23-01|2023-01-23-08|2023-01-23-15|2023-01-23-21
atanas,4,IL2R,16,2022-06-14-01|2022-06-14-07|2022-07-20-01|2023-01-06-08|2023-01-09-08|2023-01-09-22|2023-01-09-28|2023-01-16-01|2023-01-17-01|2023-01-17-14|2023-01-18-01|2023-01-19-08|2023-01-23-01|2023-01-23-08|2023-01-23-15|2023-01-23-21
atanas,4,IL2VL,16,2022-06-14-01|2022-06-14-07|2022-07-15-12|2022-07-20-01|2022-12-21-06|2023-01-06-08|2023-01-09-22|2023-01-09-28|2023-01-17-01|2023-01-17-07|2023-01-17-14|2023-01-18-01|2023-01-19-08|2023-01-23-01|2023-01-23-15|2023-01-23-21
atanas,4,IL2VR,17,2022-06-14-01|2022-06-14-07|2022-06-28-07|2022-07-15-06|2022-07-15-12|2022-07-20-01|2022-12-21-06|2023-01-06-08|2023-01-09-15|2023-01-09-28|2023-01-17-01|2023-01-17-07|2023-01-17-14|2023-01-18-01|2023-01-23-01|2023-01-23-15|2023-01-23-21
atanas,4,M1,12,2022-06-14-01|2022-06-14-07|2022-12-21-06|2023-01-09-15|2023-01-09-28|2023-01-17-01|2023-01-17-07|2023-01-17-14|2023-01-19-08|2023-01-23-08|2023-01-23-15|2023-01-23-21
atanas,4,M2L,1,2023-01-09-15
atanas,4,M3L,23,2022-06-14-01|2022-06-14-07|2022-06-28-07|2022-07-15-06|2022-07-15-12|2022-07-20-01|2022-12-21-06|2023-01-06-01|2023-01-06-08|2023-01-09-08|2023-01-09-15|2023-01-09-22|2023-01-09-28|2023-01-16-01|2023-01-17-01|2023-01-17-07|2023-01-17-14|2023-01-18-01|2023-01-19-08|2023-01-23-01|2023-01-23-08|2023-01-23-15|2023-01-23-21
atanas,4,M3R,21,2022-06-14-01|2022-06-14-07|2022-06-28-07|2022-07-15-06|2022-07-15-12|2022-07-20-01|2022-12-21-06|2023-01-06-08|2023-01-09-08|2023-01-09-15|2023-01-09-22|2023-01-09-28|2023-01-16-01|2023-01-17-01|2023-01-17-07|2023-01-17-14|2023-01-19-08|2023-01-23-01|2023-01-23-08|2023-01-23-15|2023-01-23-21
atanas,4,M4,15,2022-06-14-01|2022-06-14-07|2022-06-28-07|2022-07-20-01|2022-12-21-06|2023-01-06-01|2023-01-09-15|2023-01-09-22|2023-01-09-28|2023-01-16-01|2023-01-17-01|2023-01-18-01|2023-01-23-08|2023-01-23-15|2023-01-23-21
atanas,4,M5,15,2022-06-28-07|2023-01-06-01|2023-01-09-15|2023-01-09-22|2023-01-09-28|2023-01-16-01|2023-01-17-01|2023-01-17-07|2023-01-17-14|2023-01-18-01|2023-01-19-08|2023-01-23-01|2023-01-23-08|2023-01-23-15|2023-01-23-21
atanas,4,MCL,17,2022-06-14-07|2022-06-28-07|2022-07-15-06|2022-07-15-12|2023-01-06-01|2023-01-06-08|2023-01-09-15|2023-01-09-28|2023-01-16-01|2023-01-17-01|2023-01-17-07|2023-01-18-01|2023-01-19-08|2023-01-23-01|2023-01-23-08|2023-01-23-15|2023-01-23-21
atanas,4,MCR,7,2022-07-20-01|2023-01-09-28|2023-01-17-01|2023-01-17-14|2023-01-23-01|2023-01-23-08|2023-01-23-21
atanas,4,MI,18,2022-06-14-01|2022-06-14-07|2022-06-28-07|2022-07-15-12|2022-07-20-01|2022-12-21-06|2023-01-06-01|2023-01-09-08|2023-01-09-15|2023-01-09-22|2023-01-09-28|2023-01-16-01|2023-01-17-01|2023-01-17-14|2023-01-18-01|2023-01-19-08|2023-01-23-01|2023-01-23-21
atanas,4,NSML,21,2022-06-14-01|2022-06-14-07|2022-06-28-07|2022-07-15-06|2022-07-15-12|2022-07-20-01|2022-12-21-06|2023-01-06-01|2023-01-06-08|2023-01-09-08|2023-01-09-15|2023-01-09-22|2023-01-09-28|2023-01-16-01|2023-01-17-01|2023-01-17-14|2023-01-18-01|2023-01-19-08|2023-01-23-08|2023-01-23-15|2023-01-23-21
atanas,4,NSMR,20,2022-06-14-01|2022-06-14-07|2022-06-28-07|2022-07-15-06|2022-07-15-12|2022-07-20-01|2022-12-21-06|2023-01-06-08|2023-01-09-08|2023-01-09-15|2023-01-09-28|2023-01-16-01|2023-01-17-01|2023-01-17-07|2023-01-17-14|2023-01-19-08|2023-01-23-01|2023-01-23-08|2023-01-23-15|2023-01-23-21
atanas,4,OLLL,20,2022-06-14-01|2022-06-14-07|2022-07-15-06|2022-07-20-01|2023-01-06-01|2023-01-06-08|2023-01-09-08|2023-01-09-15|2023-01-09-22|2023-01-09-28|2023-01-16-01|2023-01-17-01|2023-01-17-07|2023-01-17-14|2023-01-18-01|2023-01-19-08|2023-01-23-01|2023-01-23-08|2023-01-23-15|2023-01-23-21
atanas,4,OLLR,21,2022-06-14-01|2022-06-14-07|2022-07-15-06|2022-07-15-12|2022-07-20-01|2023-01-06-01|2023-01-06-08|2023-01-09-08|2023-01-09-15|2023-01-09-22|2023-01-09-28|2023-01-16-01|2023-01-17-01|2023-01-17-07|2023-01-17-14|2023-01-18-01|2023-01-19-08|2023-01-23-01|2023-01-23-08|2023-01-23-15|2023-01-23-21
atanas,4,OLQDL,23,2022-06-14-01|2022-06-14-07|2022-06-28-07|2022-07-15-06|2022-07-15-12|2022-07-20-01|2022-12-21-06|2023-01-06-01|2023-01-06-08|2023-01-09-08|2023-01-09-15|2023-01-09-22|2023-01-09-28|2023-01-16-01|2023-01-17-01|2023-01-17-07|2023-01-17-14|2023-01-18-01|2023-01-19-08|2023-01-23-01|2023-01-23-08|2023-01-23-15|2023-01-23-21
atanas,4,OLQDR,22,2022-06-14-01|2022-06-14-07|2022-06-28-07|2022-07-15-06|2022-07-15-12|2022-07-20-01|2022-12-21-06|2023-01-06-01|2023-01-06-08|2023-01-09-08|2023-01-09-15|2023-01-09-28|2023-01-16-01|2023-01-17-01|2023-01-17-07|2023-01-17-14|2023-01-18-01|2023-01-19-08|2023-01-23-01|2023-01-23-08|2023-01-23-15|2023-01-23-21
atanas,4,OLQVL,18,2022-06-14-01|2022-06-14-07|2022-06-28-07|2022-07-15-06|2022-07-15-12|2022-07-20-01|2023-01-06-01|2023-01-06-08|2023-01-09-15|2023-01-09-22|2023-01-09-28|2023-01-16-01|2023-01-17-01|2023-01-17-07|2023-01-17-14|2023-01-18-01|2023-01-19-08|2023-01-23-21
atanas,4,OLQVR,15,2022-06-14-01|2022-06-14-07|2022-07-15-06|2022-07-15-12|2022-07-20-01|2022-12-21-06|2023-01-09-15|2023-01-09-22|2023-01-16-01|2023-01-17-01|2023-01-17-14|2023-01-18-01|2023-01-19-08|2023-01-23-08|2023-01-23-15
atanas,4,RIAL,17,2022-06-14-01|2022-06-14-07|2022-06-28-07|2022-07-15-06|2022-07-15-12|2022-07-20-01|2023-01-06-08|2023-01-09-08|2023-01-09-15|2023-01-09-22|2023-01-09-28|2023-01-16-01|2023-01-17-07|2023-01-17-14|2023-01-18-01|2023-01-19-08|2023-01-23-15
atanas,4,RIAR,8,2022-06-14-01|2022-07-20-01|2023-01-06-01|2023-01-06-08|2023-01-09-22|2023-01-16-01|2023-01-19-08|2023-01-23-21
atanas,4,RIBL,7,2022-06-14-07|2022-07-20-01|2023-01-06-08|2023-01-09-15|2023-01-09-22|2023-01-23-15|2023-01-23-21
atanas,4,RIBR,2,2023-01-09-08|2023-01-09-15
atanas,4,RICL,19,2022-06-14-07|2022-06-28-07|2022-07-15-12|2022-07-20-01|2022-12-21-06|2023-01-06-01|2023-01-06-08|2023-01-09-15|2023-01-09-28|2023-01-16-01|2023-01-17-01|2023-01-17-07|2023-01-17-14|2023-01-18-01|2023-01-19-08|2023-01-23-01|2023-01-23-08|2023-01-23-15|2023-01-23-21
atanas,4,RICR,10,2022-07-20-01|2023-01-09-15|2023-01-09-28|2023-01-16-01|2023-01-17-14|2023-01-18-01|2023-01-19-08|2023-01-23-01|2023-01-23-15|2023-01-23-21
atanas,4,RID,20,2022-06-14-01|2022-06-28-07|2022-07-15-06|2022-07-15-12|2022-07-20-01|2022-12-21-06|2023-01-06-01|2023-01-09-15|2023-01-09-22|2023-01-09-28|2023-01-16-01|2023-01-17-01|2023-01-17-07|2023-01-17-14|2023-01-18-01|2023-01-19-08|2023-01-23-01|2023-01-23-08|2023-01-23-15|2023-01-23-21
atanas,4,RIFL,1,2022-06-28-07
atanas,4,RIFR,1,2022-06-28-07
atanas,4,RIH,14,2022-06-14-07|2022-06-28-07|2022-07-15-12|2023-01-06-01|2023-01-09-08|2023-01-09-15|2023-01-09-22|2023-01-09-28|2023-01-17-01|2023-01-17-07|2023-01-17-14|2023-01-18-01|2023-01-23-01|2023-01-23-08
atanas,4,RIML,7,2022-06-14-07|2023-01-06-08|2023-01-09-15|2023-01-09-28|2023-01-17-07|2023-01-17-14|2023-01-23-15
atanas,4,RIMR,10,2022-06-14-07|2022-12-21-06|2023-01-06-08|2023-01-09-08|2023-01-09-15|2023-01-09-22|2023-01-09-28|2023-01-17-14|2023-01-23-15|2023-01-23-21
atanas,4,RIR,1,2022-07-15-12
atanas,4,RIS,5,2022-06-28-07|2022-07-15-12|2022-07-20-01|2023-01-18-01|2023-01-23-15
atanas,4,RIVL,23,2022-06-14-01|2022-06-14-07|2022-06-28-07|2022-07-15-06|2022-07-15-12|2022-07-20-01|2022-12-21-06|2023-01-06-01|2023-01-06-08|2023-01-09-08|2023-01-09-15|2023-01-09-22|2023-01-09-28|2023-01-16-01|2023-01-17-01|2023-01-17-07|2023-01-17-14|2023-01-18-01|2023-01-19-08|2023-01-23-01|2023-01-23-08|2023-01-23-15|2023-01-23-21
atanas,4,RIVR,16,2022-06-14-07|2022-07-20-01|2022-12-21-06|2023-01-06-08|2023-01-09-08|2023-01-09-15|2023-01-09-22|2023-01-16-01|2023-01-17-07|2023-01-17-14|2023-01-18-01|2023-01-19-08|2023-01-23-01|2023-01-23-08|2023-01-23-15|2023-01-23-21
atanas,4,RMDDL,17,2022-06-14-01|2022-06-14-07|2022-06-28-07|2022-07-15-12|2022-07-20-01|2023-01-06-01|2023-01-06-08|2023-01-09-15|2023-01-09-22|2023-01-09-28|2023-01-16-01|2023-01-17-01|2023-01-17-07|2023-01-17-14|2023-01-18-01|2023-01-23-08|2023-01-23-21
atanas,4,RMDDR,19,2022-06-14-01|2022-06-14-07|2022-06-28-07|2022-07-15-06|2022-07-15-12|2022-07-20-01|2023-01-06-01|2023-01-09-15|2023-01-09-22|2023-01-09-28|2023-01-17-01|2023-01-17-07|2023-01-17-14|2023-01-18-01|2023-01-19-08|2023-01-23-01|2023-01-23-08|2023-01-23-15|2023-01-23-21
atanas,4,RMDL,19,2022-06-14-01|2022-06-14-07|2022-06-28-07|2022-07-15-06|2022-07-20-01|2022-12-21-06|2023-01-06-01|2023-01-06-08|2023-01-09-22|2023-01-09-28|2023-01-17-01|2023-01-17-07|2023-01-17-14|2023-01-18-01|2023-01-19-08|2023-01-23-01|2023-01-23-08|2023-01-23-15|2023-01-23-21
atanas,4,RMDR,14,2022-06-14-01|2022-06-28-07|2022-07-15-06|2022-07-15-12|2022-07-20-01|2023-01-06-01|2023-01-09-22|2023-01-09-28|2023-01-18-01|2023-01-19-08|2023-01-23-01|2023-01-23-08|2023-01-23-15|2023-01-23-21
atanas,4,RMDVL,19,2022-06-14-01|2022-06-14-07|2022-06-28-07|2022-07-15-06|2022-07-15-12|2022-07-20-01|2022-12-21-06|2023-01-06-01|2023-01-09-15|2023-01-09-22|2023-01-09-28|2023-01-16-01|2023-01-17-01|2023-01-17-14|2023-01-18-01|2023-01-19-08|2023-01-23-08|2023-01-23-15|2023-01-23-21
atanas,4,RMDVR,22,2022-06-14-01|2022-06-14-07|2022-06-28-07|2022-07-15-06|2022-07-15-12|2022-07-20-01|2022-12-21-06|2023-01-06-01|2023-01-09-08|2023-01-09-15|2023-01-09-22|2023-01-09-28|2023-01-16-01|2023-01-17-01|2023-01-17-07|2023-01-17-14|2023-01-18-01|2023-01-19-08|2023-01-23-01|2023-01-23-08|2023-01-23-15|2023-01-23-21
atanas,4,RMED,9,2022-06-14-01|2022-06-14-07|2022-06-28-07|2022-07-15-06|2022-07-20-01|2023-01-06-01|2023-01-17-07|2023-01-23-15|2023-01-23-21
atanas,4,RMEL,21,2022-06-14-01|2022-06-14-07|2022-06-28-07|2022-07-15-06|2022-07-20-01|2022-12-21-06|2023-01-06-01|2023-01-09-08|2023-01-09-15|2023-01-09-22|2023-01-09-28|2023-01-16-01|2023-01-17-01|2023-01-17-07|2023-01-17-14|2023-01-18-01|2023-01-19-08|2023-01-23-01|2023-01-23-08|2023-01-23-15|2023-01-23-21
atanas,4,RMER,23,2022-06-14-01|2022-06-14-07|2022-06-28-07|2022-07-15-06|2022-07-15-12|2022-07-20-01|2022-12-21-06|2023-01-06-01|2023-01-06-08|2023-01-09-08|2023-01-09-15|2023-01-09-22|2023-01-09-28|2023-01-16-01|2023-01-17-01|2023-01-17-07|2023-01-17-14|2023-01-18-01|2023-01-19-08|2023-01-23-01|2023-01-23-08|2023-01-23-15|2023-01-23-21
atanas,4,RMEV,10,2022-06-14-01|2022-06-28-07|2022-07-15-06|2022-07-15-12|2022-07-20-01|2023-01-06-08|2023-01-09-15|2023-01-09-22|2023-01-17-01|2023-01-23-21
atanas,4,RMFL,3,2022-06-14-01|2022-06-14-07|2023-01-17-14
atanas,4,RMGL,12,2022-06-28-07|2022-07-15-12|2022-07-20-01|2023-01-06-01|2023-01-06-08|2023-01-09-28|2023-01-17-01|2023-01-18-01|2023-01-19-08|2023-01-23-01|2023-01-23-15|2023-01-23-21
atanas,4,SAADL,3,2022-06-28-07|2023-01-23-08|2023-01-23-21
atanas,4,SAADR,3,2022-06-14-01|2023-01-17-01|2023-01-23-08
atanas,4,SAAVL,13,2022-06-14-01|2022-06-14-07|2022-07-15-12|2022-07-20-01|2023-01-06-01|2023-01-09-08|2023-01-09-15|2023-01-16-01|2023-01-17-07|2023-01-17-14|2023-01-23-01|2023-01-23-15|2023-01-23-21
atanas,4,SAAVR,6,2022-06-14-07|2022-06-28-07|2022-07-15-12|2022-07-20-01|2023-01-06-08|2023-01-09-15
atanas,4,SIBDL,2,2023-01-09-28|2023-01-19-08
atanas,4,SIBDR,1,2023-01-18-01
atanas,4,SIBVL,1,2023-01-23-21
atanas,4,SMBDL,1,2022-06-14-01
atanas,4,SMBDR,3,2022-06-14-01|2022-06-14-07|2023-01-23-08
atanas,4,SMBVL,3,2022-06-14-01|2022-06-14-07|2022-06-28-07
atanas,4,SMBVR,6,2022-06-28-07|2022-07-15-12|2022-07-20-01|2023-01-06-01|2023-01-09-15|2023-01-09-28
atanas,4,SMDDL,9,2022-06-14-01|2022-06-14-07|2022-06-28-07|2022-07-15-12|2023-01-09-22|2023-01-16-01|2023-01-17-07|2023-01-17-14|2023-01-23-08
atanas,4,SMDDR,6,2022-06-14-01|2022-06-14-07|2022-06-28-07|2022-07-15-12|2023-01-16-01|2023-01-23-08
atanas,4,SMDVL,22,2022-06-14-01|2022-06-14-07|2022-06-28-07|2022-07-15-06|2022-07-15-12|2022-07-20-01|2022-12-21-06|2023-01-06-01|2023-01-06-08|2023-01-09-08|2023-01-09-15|2023-01-09-22|2023-01-09-28|2023-01-16-01|2023-01-17-01|2023-01-17-07|2023-01-17-14|2023-01-18-01|2023-01-19-08|2023-01-23-08|2023-01-23-15|2023-01-23-21
atanas,4,SMDVR,17,2022-06-14-01|2022-06-14-07|2022-06-28-07|2022-07-20-01|2023-01-06-01|2023-01-06-08|2023-01-09-15|2023-01-09-22|2023-01-09-28|2023-01-16-01|2023-01-17-01|2023-01-17-07|2023-01-17-14|2023-01-19-08|2023-01-23-01|2023-01-23-08|2023-01-23-21
atanas,4,URADL,12,2022-06-14-01|2022-06-14-07|2022-07-15-06|2022-07-15-12|2023-01-06-01|2023-01-09-28|2023-01-16-01|2023-01-17-07|2023-01-17-14|2023-01-18-01|2023-01-19-08|2023-01-23-15
atanas,4,URADR,6,2022-06-14-01|2023-01-06-01|2023-01-09-15|2023-01-17-14|2023-01-19-08|2023-01-23-15
atanas,4,URAVL,10,2022-07-15-06|2022-07-15-12|2022-07-20-01|2023-01-06-01|2023-01-06-08|2023-01-09-28|2023-01-17-14|2023-01-19-08|2023-01-23-01|2023-01-23-08
atanas,4,URAVR,3,2022-07-15-12|2023-01-17-14|2023-01-19-08
atanas,4,URBL,19,2022-06-14-01|2022-06-28-07|2022-07-15-12|2022-07-20-01|2023-01-06-01|2023-01-06-08|2023-01-09-08|2023-01-09-15|2023-01-09-22|2023-01-16-01|2023-01-17-01|2023-01-17-07|2023-01-17-14|2023-01-18-01|2023-01-19-08|2023-01-23-01|2023-01-23-08|2023-01-23-15|2023-01-23-21
atanas,4,URBR,12,2022-06-14-01|2022-12-21-06|2023-01-09-15|2023-01-16-01|2023-01-17-01|2023-01-17-07|2023-01-17-14|2023-01-18-01|2023-01-19-08|2023-01-23-08|2023-01-23-15|2023-01-23-21
atanas,4,URXL,21,2022-06-14-01|2022-06-14-07|2022-06-28-07|2022-07-15-06|2022-07-15-12|2022-07-20-01|2022-12-21-06|2023-01-06-01|2023-01-06-08|2023-01-09-08|2023-01-09-15|2023-01-09-22|2023-01-09-28|2023-01-16-01|2023-01-17-07|2023-01-17-14|2023-01-19-08|2023-01-23-01|2023-01-23-08|2023-01-23-15|2023-01-23-21
atanas,4,URXR,17,2022-06-14-01|2022-06-14-07|2022-06-28-07|2022-07-15-06|2022-07-20-01|2023-01-06-01|2023-01-06-08|2023-01-09-08|2023-01-09-15|2023-01-09-22|2023-01-17-07|2023-01-17-14|2023-01-19-08|2023-01-23-01|2023-01-23-08|2023-01-23-15|2023-01-23-21
atanas,4,URYDL,17,2022-06-14-01|2022-06-14-07|2022-07-15-06|2022-07-15-12|2022-07-20-01|2022-12-21-06|2023-01-06-08|2023-01-09-15|2023-01-09-22|2023-01-09-28|2023-01-17-01|2023-01-17-14|2023-01-18-01|2023-01-19-08|2023-01-23-01|2023-01-23-15|2023-01-23-21
atanas,4,URYDR,12,2022-06-14-01|2022-07-15-12|2022-12-21-06|2023-01-06-01|2023-01-06-08|2023-01-09-08|2023-01-09-15|2023-01-09-22|2023-01-16-01|2023-01-23-01|2023-01-23-15|2023-01-23-21
atanas,4,URYVL,19,2022-06-14-07|2022-06-28-07|2022-07-15-12|2022-07-20-01|2022-12-21-06|2023-01-06-08|2023-01-09-08|2023-01-09-15|2023-01-09-22|2023-01-09-28|2023-01-16-01|2023-01-17-01|2023-01-17-07|2023-01-17-14|2023-01-18-01|2023-01-19-08|2023-01-23-01|2023-01-23-15|2023-01-23-21
atanas,4,URYVR,18,2022-07-15-06|2022-07-15-12|2022-07-20-01|2022-12-21-06|2023-01-06-01|2023-01-06-08|2023-01-09-15|2023-01-09-22|2023-01-09-28|2023-01-16-01|2023-01-17-01|2023-01-17-07|2023-01-17-14|2023-01-19-08|2023-01-23-01|2023-01-23-08|2023-01-23-15|2023-01-23-21
atanas,4,VB02,10,2022-07-15-06|2023-01-06-08|2023-01-09-15|2023-01-09-22|2023-01-09-28|2023-01-16-01|2023-01-17-14|2023-01-18-01|2023-01-23-01|2023-01-23-15
rld,0,(CEPDR),1,20230506-15-01-45
rld,0,(DB1),1,20230506-15-01-45
rld,0,ADAL,2,20230322-20-16-50|20230506-14-24-57
rld,0,ADAR,1,20230506-15-01-45
rld,0,ADEL,1,20230322-20-16-50
rld,0,ADER,2,20221106-21-47-31|20230506-12-56-00
rld,0,ADFL,7,20240828-14-16-29|20240828-14-57-38|20240828-15-51-58|20240902-16-12-10|20240904-14-55-14|20240904-15-32-57|20240904-16-51-21
rld,0,ADFR,6,20240828-14-57-38|20240828-15-51-58|20240902-16-12-10|20240902-20-11-40|20240904-14-55-14|20240917-20-18-26
rld,0,ADLL,1,20230322-20-16-50
rld,0,AFDL,9,20230506-14-24-57|20230510-12-53-34|20240828-14-16-29|20240828-14-57-38|20240828-16-23-54|20240902-16-53-12|20240904-14-55-14|20240904-16-51-21|20240917-22-37-14
rld,0,AFDL?,1,20230506-15-33-51
rld,0,AFDR,13,20221106-21-47-31|20230506-12-56-00|20230506-13-32-08|20230506-14-24-57|20230904-15-59-40|20240828-14-16-29|20240902-15-36-41|20240902-16-53-12|20240902-20-11-40|20240904-14-55-14|20240917-20-18-26|20240917-20-52-20|20240917-22-37-14
rld,0,AIBL,4,20230506-14-24-57|20230510-12-53-34|20230904-15-59-40|20230909-16-48-09
rld,0,AIBR,8,20221106-21-47-31|20230412-20-15-17|20230506-12-56-00|20230506-15-01-45|20230510-13-25-46|20230510-15-49-47|20230909-16-48-09|20240430-21-04-44
rld,0,AIML,1,20230904-15-59-40
rld,0,AIMR,2,20221106-21-47-31|20230904-15-59-40
rld,0,AINL,1,20230322-20-16-50
rld,0,AINR,3,20221106-21-47-31|20230506-12-56-00|20230909-14-26-56
rld,0,AIYL,1,20230506-14-24-57
rld,0,AIYR,2,20230322-20-16-50|20230904-15-59-40
rld,0,AIZL,1,20230904-15-59-40
rld,0,ALA,23,20221106-21-47-31|20230322-20-16-50|20230412-20-15-17|20230506-12-56-00|20230506-13-32-08|20230506-14-24-57|20230506-15-01-45|20230506-15-33-51|20230510-12-53-34|20230510-13-25-46|20230510-15-49-47|20230904-15-59-40|20230909-16-48-09|20240828-14-16-29|20240828-15-51-58|20240828-16-23-54|20240902-16-53-12|20240902-20-11-40|20240904-14-55-14|20240904-15-32-57|20240904-16-51-21|20240917-20-52-20|20240917-22-37-14
rld,0,AQR,3,20230322-20-16-50|20230506-15-33-51|20230904-15-59-40
rld,0,ASEL,1,20230322-20-16-50
rld,0,ASER,1,20230506-12-56-00
rld,0,ASGL,1,20230322-20-16-50
rld,0,ASGR,1,20221106-21-47-31
rld,0,ASJR,1,20230506-12-56-00
rld,0,ASKL,1,20230322-20-16-50
rld,0,ASKR,1,20230506-12-56-00
rld,0,AVAL,38,20221106-21-47-31|20230322-20-16-50|20230322-21-09-13|20230502-20-05-02|20230506-12-56-00|20230506-13-32-08|20230506-14-24-57|20230506-15-01-45|20230506-15-33-51|20230510-12-53-34|20230510-15-49-47|20230604-15-10-44|20230604-16-22-56|20230903-18-20-19|20230904-15-59-40|20240426-22-49-55|20240526-19-51-22|20240626-12-35-05|20240626-15-08-33|20240629-17-55-55|20240714-15-24-26|20240724-14-26-00|20240724-17-40-58|20240828-14-16-29|20240828-14-57-38|20240828-15-51-58|20240828-16-23-54|20240902-15-36-41|20240902-16-12-10|20240902-16-53-12|20240902-18-51-10|20240902-20-11-40|20240904-14-55-14|20240904-15-32-57|20240904-16-51-21|20240917-20-18-26|20240917-20-52-20|20240917-22-37-14
rld,0,AVAR,41,20221106-21-47-31|20230317-12-27-51|20230412-20-15-17|20230506-12-56-00|20230506-13-32-08|20230506-14-24-57|20230506-15-01-45|20230506-15-33-51|20230510-12-53-34|20230510-13-25-46|20230510-15-49-47|20230604-15-50-12|20230903-15-10-21|20230909-14-26-56|20230909-16-48-09|20240427-12-43-44|20240430-21-04-44|20240526-17-36-55|20240626-13-22-25|20240626-13-55-40|20240629-14-48-32|20240629-20-22-10|20240629-20-59-45|20240714-17-28-58|20240724-15-48-55|20240724-16-28-26|20240828-14-16-29|20240828-14-57-38|20240828-15-51-58|20240828-16-23-54|20240902-15-36-41|20240902-16-12-10|20240902-16-53-12|20240902-18-51-10|20240902-20-11-40|20240904-14-55-14|20240904-15-32-57|20240904-16-51-21|20240917-20-18-26|20240917-20-52-20|20240917-22-37-14
rld,0,AVBL,1,20230506-15-01-45
rld,0,AVDL,3,20230322-20-16-50|20230510-12-53-34|20230904-15-59-40
rld,0,AVEL,15,20230322-20-16-50|20230506-12-56-00|20230506-15-01-45|20230510-12-53-34|20240626-12-35-05|20240724-17-40-58|20240828-14-16-29|20240828-14-57-38|20240828-15-51-58|20240902-16-53-12|20240904-14-55-14|20240904-16-51-21|20240917-20-18-26|20240917-20-52-20|20240917-22-37-14
rld,0,AVER,14,20221106-21-47-31|20230506-13-32-08|20230506-15-01-45|20230506-15-33-51|20230510-13-25-46|20240828-14-16-29|20240828-14-57-38|20240828-16-23-54|20240902-18-51-10|20240904-14-55-14|20240904-16-51-21|20240917-20-18-26|20240917-20-52-20|20240917-22-37-14
rld,0,AVHL,1,20230506-15-33-51
rld,0,AVHR,1,20230510-15-49-47
rld,0,AVJL,1,20230904-15-59-40
rld,0,AVJR,1,20230909-16-48-09
rld,0,AVKL,1,20230904-15-59-40
rld,0,AVKR,1,20230904-15-59-40
rld,0,AWAL,14,20240714-15-24-26|20240724-14-26-00|20240724-17-40-58|20240828-14-16-29|20240828-14-57-38|20240828-15-51-58|20240828-16-23-54|20240902-16-12-10|20240902-16-53-12|20240902-18-51-10|20240904-15-32-57|20240904-16-51-21|20240917-20-52-20|20240917-22-37-14
rld,0,AWAR,11,20240430-21-04-44|20240626-13-22-25|20240626-13-55-40|20240629-14-48-32|20240629-20-22-10|20240629-20-59-45|20240902-15-36-41|20240902-16-12-10|20240902-20-11-40|20240904-14-55-14|20240917-20-18-26
rld,0,AWBL,3,20240828-14-16-29|20240902-16-53-12|20240917-20-52-20
rld,0,AWBR,1,20230506-12-56-00
rld,0,BAGL,1,20230510-12-53-34
rld,0,BAGR,1,20230510-13-25-46
rld,0,CEPDL,3,20230412-20-15-17|20240828-16-23-54|20240902-16-53-12
rld,0,CEPDR,5,20230412-20-15-17|20230909-16-48-09|20240902-15-36-41|20240902-18-51-10|20240902-20-11-40
rld,0,CEPVL,1,20230904-15-59-40
rld,0,CEPVR,2,20230506-13-32-08|20230510-13-25-46
rld,0,FLPL,4,20230322-20-16-50|20230506-14-24-57|20230510-12-53-34|20230904-15-59-40
rld,0,FLPR,4,20221106-21-47-31|20230506-15-01-45|20230510-13-25-46|20230909-14-26-56
rld,0,IL1DL,3,20230506-15-33-51|20230510-15-49-47|20230909-16-48-09
rld,0,IL1DR,2,20230506-15-01-45|20230510-15-49-47
rld,0,IL1L,5,20230322-20-16-50|20230506-14-24-57|20230506-15-33-51|20230510-12-53-34|20230510-15-49-47
rld,0,IL1R,3,20230506-12-56-00|20230510-13-25-46|20230909-16-48-09
rld,0,IL1VL,1,20230909-14-26-56
rld,0,IL1VR,1,20230412-20-15-17
rld,0,IL2DL,3,20230506-15-33-51|20230510-12-53-34|20230510-15-49-47
rld,0,IL2DR,1,20230909-16-48-09
rld,0,IL2L,1,20230510-12-53-34
rld,0,IL2VL,3,20230506-15-33-51|20230510-12-53-34|20230909-16-48-09
rld,0,IL2VR,1,20230909-16-48-09
rld,0,M1,4,20230322-20-16-50|20230506-14-24-57|20230510-12-53-34|20230510-15-49-47
rld,0,M3L,2,20230412-20-15-17|20230510-12-53-34
rld,0,OLLL,7,20230322-20-16-50|20230412-20-15-17|20230506-14-24-57|20230510-12-53-34|20230510-15-49-47|20230904-15-59-40|20230909-16-48-09
rld,0,OLLR,9,20230412-20-15-17|20230506-12-56-00|20230506-14-24-57|20230506-15-01-45|20230510-13-25-46|20230510-15-49-47|20230904-15-59-40|20230909-14-26-56|20230909-16-48-09
rld,0,OLQDL,8,20221106-21-47-31|20230322-20-16-50|20230506-12-56-00|20230506-14-24-57|20230510-12-53-34|20230510-13-25-46|20230510-15-49-47|20230904-15-59-40
rld,0,OLQDR,10,20221106-21-47-31|20230412-20-15-17|20230506-12-56-00|20230506-15-01-45|20230506-15-33-51|20230510-12-53-34|20230510-13-25-46|20230510-15-49-47|20230904-15-59-40|20230909-16-48-09
rld,0,OLQR,1,20230322-20-16-50
rld,0,OLQVL,9,20221106-21-47-31|20230412-20-15-17|20230506-12-56-00|20230506-14-24-57|20230506-15-01-45|20230506-15-33-51|20230510-12-53-34|20230510-13-25-46|20230909-16-48-09
rld,0,OLQVR,11,20221106-21-47-31|20230412-20-15-17|20230506-13-32-08|20230506-14-24-57|20230506-15-01-45|20230506-15-33-51|20230510-12-53-34|20230510-13-25-46|20230904-15-59-40|20230909-14-26-56|20230909-16-48-09
rld,0,RIAL,23,20230322-20-16-50|20230322-21-09-13|20230506-12-56-00|20230506-15-33-51|20230510-12-53-34|20230904-15-59-40|20230909-16-48-09|20240626-12-35-05|20240714-15-24-26|20240724-14-26-00|20240724-17-40-58|20240828-14-16-29|20240828-14-57-38|20240828-15-51-58|20240828-16-23-54|20240902-15-36-41|20240902-16-12-10|20240902-18-51-10|20240902-20-11-40|20240904-15-32-57|20240904-16-51-21|20240917-20-52-20|20240917-22-37-14
rld,0,RIAR,20,20230506-15-01-45|20230506-15-33-51|20230510-13-25-46|20230904-15-59-40|20240430-21-04-44|20240629-14-48-32|20240629-20-22-10|20240724-15-48-55|20240724-16-28-26|20240828-14-16-29|20240828-15-51-58|20240828-16-23-54|20240902-15-36-41|20240902-16-12-10|20240902-16-53-12|20240902-18-51-10|20240902-20-11-40|20240904-14-55-14|20240904-16-51-21|20240917-20-18-26
rld,0,RIBL,1,20230506-15-01-45
rld,0,RIBR,1,20230506-15-01-45
rld,0,RICL,1,20230904-15-59-40
rld,0,RID,15,20230506-15-01-45|20240828-14-16-29|20240828-14-57-38|20240828-15-51-58|20240828-16-23-54|20240902-15-36-41|20240902-16-53-12|20240902-18-51-10|20240902-20-11-40|20240904-14-55-14|20240904-15-32-57|20240904-16-51-21|20240917-20-18-26|20240917-20-52-20|20240917-22-37-14
rld,0,RIML,3,20230506-14-24-57|20230510-12-53-34|20230510-15-49-47
rld,0,RIMR,1,20240430-21-04-44
rld,0,RIVL,22,20230506-14-24-57|20230506-15-33-51|20230510-12-53-34|20230510-15-49-47|20230903-18-20-19|20230904-15-59-40|20240426-22-49-55|20240626-15-08-33|20240629-17-55-55|20240828-14-16-29|20240828-14-57-38|20240828-15-51-58|20240828-16-23-54|20240902-16-12-10|20240902-16-53-12|20240902-18-51-10|20240904-14-55-14|20240904-15-32-57|20240904-16-51-21|20240917-20-18-26|20240917-20-52-20|20240917-22-37-14
rld,0,RIVR,25,20221106-21-47-31|20230412-20-15-17|20230506-12-56-00|20230506-13-32-08|20230506-15-01-45|20230506-15-33-51|20230510-13-25-46|20230903-15-10-21|20230909-14-26-56|20230909-16-48-09|20240427-12-43-44|20240430-21-04-44|20240626-13-22-25|20240626-13-55-40|20240629-14-48-32|20240629-20-22-10|20240724-15-48-55|20240828-14-57-38|20240828-15-51-58|20240902-15-36-41|20240902-16-12-10|20240902-18-51-10|20240902-20-11-40|20240904-14-55-14|20240917-20-18-26
rld,0,RMDDL,8,20221106-21-47-31|20230506-14-24-57|20240629-17-55-55|20240902-18-51-10|20240902-20-11-40|20240904-14-55-14|20240904-16-51-21|20240917-20-52-20
rld,0,RMDDR,11,20221106-21-47-31|20230322-20-16-50|20230506-14-24-57|20230506-15-01-45|20230510-13-25-46|20240626-13-22-25|20240626-13-55-40|20240724-15-48-55|20240828-14-16-29|20240902-20-11-40|20240917-20-18-26
rld,0,RMDL,23,20230322-20-16-50|20230506-14-24-57|20230506-15-01-45|20230506-15-33-51|20230510-12-53-34|20230904-15-59-40|20240426-22-49-55|20240626-12-35-05|20240626-15-08-33|20240714-15-24-26|20240724-14-26-00|20240724-17-40-58|20240828-14-16-29|20240828-14-57-38|20240828-15-51-58|20240828-16-23-54|20240902-15-36-41|20240902-16-53-12|20240902-18-51-10|20240902-20-11-40|20240904-15-32-57|20240917-20-52-20|20240917-22-37-14
rld,0,RMDR,26,20221106-21-47-31|20230506-12-56-00|20230506-15-01-45|20230510-12-53-34|20230903-15-10-21|20230909-14-26-56|20230909-16-48-09|20240427-12-43-44|20240430-21-04-44|20240626-13-22-25|20240626-13-55-40|20240629-14-48-32|20240629-20-22-10|20240714-17-28-58|20240724-16-28-26|20240828-14-57-38|20240828-15-51-58|20240902-15-36-41|20240902-16-12-10|20240902-16-53-12|20240902-20-11-40|20240904-14-55-14|20240904-16-51-21|20240917-20-18-26|20240917-20-52-20|20240917-22-37-14
rld,0,RMDVL,24,20230322-20-16-50|20230322-21-09-13|20230506-14-24-57|20230506-15-01-45|20230506-15-33-51|20230510-12-53-34|20230903-18-20-19|20240426-22-49-55|20240626-12-35-05|20240629-17-55-55|20240714-15-24-26|20240724-14-26-00|20240724-17-40-58|20240828-14-16-29|20240828-14-57-38|20240828-15-51-58|20240828-16-23-54|20240902-16-53-12|20240902-18-51-10|20240904-14-55-14|20240904-15-32-57|20240904-16-51-21|20240917-20-52-20|20240917-22-37-14
rld,0,RMDVR,30,20221106-21-47-31|20230317-12-27-51|20230412-20-15-17|20230506-12-56-00|20230506-13-32-08|20230506-14-24-57|20230506-15-01-45|20230510-13-25-46|20230510-15-49-47|20230903-15-10-21|20240427-12-43-44|20240526-17-36-55|20240626-13-55-40|20240629-14-48-32|20240629-20-22-10|20240629-20-59-45|20240714-17-28-58|20240724-15-48-55|20240828-15-51-58|20240828-16-23-54|20240902-15-36-41|20240902-16-12-10|20240902-16-53-12|20240902-18-51-10|20240902-20-11-40|20240904-14-55-14|20240904-15-32-57|20240904-16-51-21|20240917-20-18-26|20240917-22-37-14
rld,0,RMED,38,20221106-21-47-31|20230317-12-27-51|20230322-20-16-50|20230412-20-15-17|20230506-12-56-00|20230506-13-32-08|20230506-14-24-57|20230506-15-01-45|20230506-15-33-51|20230510-12-53-34|20230510-13-25-46|20230510-15-49-47|20230903-15-10-21|20230903-18-20-19|20230904-15-59-40|20230909-14-26-56|20230909-16-48-09|20240426-22-49-55|20240430-21-04-44|20240626-12-35-05|20240626-15-08-33|20240629-20-22-10|20240724-14-26-00|20240828-14-16-29|20240828-14-57-38|20240828-15-51-58|20240828-16-23-54|20240902-15-36-41|20240902-16-12-10|20240902-16-53-12|20240902-18-51-10|20240902-20-11-40|20240904-14-55-14|20240904-15-32-57|20240904-16-51-21|20240917-20-18-26|20240917-20-52-20|20240917-22-37-14
rld,0,RMEL,11,20221106-21-47-31|20230322-20-16-50|20230506-12-56-00|20230506-14-24-57|20230506-15-01-45|20230506-15-33-51|20230510-12-53-34|20230510-13-25-46|20230510-15-49-47|20230904-15-59-40|20230909-16-48-09
rld,0,RMER,13,20221106-21-47-31|20230322-20-16-50|20230412-20-15-17|20230506-12-56-00|20230506-13-32-08|20230506-14-24-57|20230506-15-01-45|20230510-12-53-34|20230510-13-25-46|20230510-15-49-47|20230904-15-59-40|20230909-14-26-56|20230909-16-48-09
rld,0,RMEV,38,20221106-21-47-31|20230317-12-27-51|20230322-20-16-50|20230412-20-15-17|20230506-13-32-08|20230506-14-24-57|20230506-15-01-45|20230506-15-33-51|20230510-12-53-34|20230510-13-25-46|20230510-15-49-47|20230903-15-10-21|20230903-18-20-19|20230904-15-59-40|20230909-14-26-56|20230909-16-48-09|20240426-22-49-55|20240430-21-04-44|20240526-17-36-55|20240526-19-51-22|20240626-12-35-05|20240626-13-22-25|20240626-13-55-40|20240629-20-22-10|20240828-14-16-29|20240828-14-57-38|20240828-15-51-58|20240828-16-23-54|20240902-15-36-41|20240902-16-12-10|20240902-16-53-12|20240902-18-51-10|20240902-20-11-40|20240904-14-55-14|20240904-15-32-57|20240904-16-51-21|20240917-20-18-26|20240917-20-52-20
rld,0,SAAVL,12,20230506-12-56-00|20230506-15-33-51|20240626-12-35-05|20240629-17-55-55|20240714-15-24-26|20240724-14-26-00|20240724-17-40-58|20240828-15-51-58|20240902-16-12-10|20240902-18-51-10|20240902-20-11-40|20240904-15-32-57
rld,0,SAAVR,14,20230506-15-01-45|20230506-15-33-51|20240526-17-36-55|20240629-14-48-32|20240629-20-59-45|20240714-17-28-58|20240724-15-48-55|20240724-16-28-26|20240828-14-16-29|20240902-15-36-41|20240902-20-11-40|20240904-14-55-14|20240904-15-32-57|20240917-20-18-26
rld,0,SIADL,1,20230506-12-56-00
rld,0,SIADR,3,20230506-12-56-00|20230506-14-24-57|20230506-15-01-45
rld,0,SIAR,1,20240629-17-55-55
rld,0,SIAVL,1,20230506-14-24-57
rld,0,SIAVR,1,20230506-15-01-45
rld,0,SIBDR,1,20230506-12-56-00
rld,0,SIBVL,2,20230510-12-53-34|20230904-15-59-40
rld,0,SMBDL,2,20230412-20-15-17|20240626-15-08-33
rld,0,SMBDR,2,20221106-21-47-31|20230506-14-24-57
rld,0,SMBVL,2,20230510-12-53-34|20230904-15-59-40
rld,0,SMBVR,6,20221106-21-47-31|20230506-12-56-00|20230506-13-32-08|20230510-13-25-46|20230909-16-48-09|20240626-13-22-25
rld,0,SMDDL,20,20230322-20-16-50|20230506-15-33-51|20230510-12-53-34|20230510-15-49-47|20230909-16-48-09|20240526-19-51-22|20240626-12-35-05|20240626-15-08-33|20240714-15-24-26|20240828-14-16-29|20240828-14-57-38|20240828-15-51-58|20240828-16-23-54|20240902-16-12-10|20240902-18-51-10|20240902-20-11-40|20240904-14-55-14|20240904-16-51-21|20240917-20-52-20|20240917-22-37-14
rld,0,SMDDR,26,20221106-21-47-31|20230412-20-15-17|20230506-13-32-08|20230506-14-24-57|20230506-15-01-45|20230510-13-25-46|20230510-15-49-47|20230909-16-48-09|20240427-12-43-44|20240430-21-04-44|20240626-13-22-25|20240629-20-22-10|20240629-20-59-45|20240714-17-28-58|20240724-15-48-55|20240724-16-28-26|20240828-14-16-29|20240828-15-51-58|20240828-16-23-54|20240902-15-36-41|20240902-16-12-10|20240902-18-51-10|20240902-20-11-40|20240904-14-55-14|20240904-16-51-21|20240917-20-18-26
rld,0,SMDVL,37,20230322-20-16-50|20230322-21-09-13|20230412-20-15-17|20230506-13-32-08|20230506-14-24-57|20230506-15-01-45|20230506-15-33-51|20230510-12-53-34|20230510-13-25-46|20230510-15-49-47|20230604-15-10-44|20230604-16-22-56|20230903-18-20-19|20230904-15-59-40|20240426-22-49-55|20240526-19-51-22|20240626-12-35-05|20240626-15-08-33|20240629-17-55-55|20240714-15-24-26|20240724-14-26-00|20240724-17-40-58|20240828-14-16-29|20240828-14-57-38|20240828-15-51-58|20240828-16-23-54|20240902-15-36-41|20240902-16-12-10|20240902-16-53-12|20240902-18-51-10|20240902-20-11-40|20240904-14-55-14|20240904-15-32-57|20240904-16-51-21|20240917-20-18-26|20240917-20-52-20|20240917-22-37-14
rld,0,SMDVR,41,20221106-21-47-31|20230317-12-27-51|20230412-20-15-17|20230506-12-56-00|20230506-13-32-08|20230506-14-24-57|20230506-15-01-45|20230506-15-33-51|20230510-13-25-46|20230510-15-49-47|20230604-15-50-12|20230903-15-10-21|20230904-15-59-40|20230909-14-26-56|20230909-16-48-09|20240427-12-43-44|20240430-21-04-44|20240526-17-36-55|20240626-13-22-25|20240626-13-55-40|20240629-14-48-32|20240629-20-22-10|20240629-20-59-45|20240714-17-28-58|20240724-15-48-55|20240724-16-28-26|20240828-14-16-29|20240828-14-57-38|20240828-15-51-58|20240828-16-23-54|20240902-15-36-41|20240902-16-12-10|20240902-16-53-12|20240902-18-51-10|20240902-20-11-40|20240904-14-55-14|20240904-15-32-57|20240904-16-51-21|20240917-20-18-26|20240917-20-52-20|20240917-22-37-14
rld,0,URADL,2,20230506-14-24-57|20230510-12-53-34
rld,0,URADR,3,20230506-12-56-00|20230510-13-25-46|20230909-16-48-09
rld,0,URBL,2,20230510-12-53-34|20230510-15-49-47
rld,0,URBR,2,20230510-13-25-46|20230909-16-48-09
rld,0,URXL,14,20221106-21-47-31|20230322-20-16-50|20230510-15-49-47|20230904-15-59-40|20230909-14-26-56|20230909-16-48-09|20240714-15-24-26|20240828-14-16-29|20240828-14-57-38|20240828-15-51-58|20240904-14-55-14|20240904-16-51-21|20240917-20-18-26|20240917-22-37-14
rld,0,URXR,7,20221106-21-47-31|20230322-20-16-50|20230510-13-25-46|20230909-14-26-56|20230909-16-48-09|20240917-20-18-26|20240917-20-52-20
rld,0,URXVR,2,20230412-20-15-17|20230506-15-33-51
rld,0,URYDL,3,20230506-14-24-57|20230510-12-53-34|20230510-13-25-46
rld,0,URYDR,6,20230506-14-24-57|20230506-15-01-45|20230510-12-53-34|20230510-13-25-46|20230904-15-59-40|20230909-16-48-09
rld,0,URYVL,5,20230506-14-24-57|20230510-12-53-34|20230510-13-25-46|20230510-15-49-47|20230904-15-59-40
rld,0,URYVR,7,20221106-21-47-31|20230412-20-15-17|20230506-12-56-00|20230506-15-01-45|20230510-13-25-46|20230510-15-49-47|20230904-15-59-40
rld,0,VB1,2,20221106-21-47-31|20230510-12-53-34
rld,0,VB2,1,20221106-21-47-31
rld,1,(CEPDR),1,20230506-15-01-45
rld,1,(DB1),1,20230506-15-01-45
rld,1,ADAL,3,20220426-11-26-14|20230322-20-16-50|20230506-14-24-57
rld,1,ADAR,1,20230506-15-01-45
rld,1,ADEL,2,20220426-11-26-14|20230322-20-16-50
rld,1,ADER,3,20220426-11-32-18|20221106-21-23-19|20221106-21-47-31
rld,1,ADFL,7,20240828-14-16-29|20240828-14-57-38|20240828-15-51-58|20240828-17-07-39|20240904-14-55-14|20240904-15-32-57|20240904-16-51-21
rld,1,ADFR,5,20240828-14-57-38|20240828-15-51-58|20240828-17-07-39|20240829-13-00-31|20240904-14-55-14
rld,1,ADLL,1,20230322-20-16-50
rld,1,AFDL,8,20221215-22-02-55|20230506-14-24-57|20240828-14-16-29|20240828-14-57-38|20240828-16-23-54|20240902-16-53-12|20240904-14-55-14|20240904-16-51-21
rld,1,AFDR,12,20221106-21-23-19|20221106-21-47-31|20230322-18-57-04|20230506-13-32-08|20230506-14-24-57|20230904-15-59-40|20240828-14-16-29|20240902-15-36-41|20240902-16-53-12|20240902-17-33-24|20240904-14-55-14|20240917-20-52-20
rld,1,AIBL,5,20221215-22-02-55|20230506-14-24-57|20230510-16-36-46|20230904-14-30-52|20230904-15-59-40
rld,1,AIBR,5,20221106-21-47-31|20230412-20-15-17|20230506-15-01-45|20230510-13-25-46|20230510-15-49-47
rld,1,AIML,2,20221106-21-23-19|20230904-15-59-40
rld,1,AIMR,3,20221106-21-47-31|20230904-14-30-52|20230904-15-59-40
rld,1,AINL,2,20230322-20-16-50|20230904-14-30-52
rld,1,AINR,3,20221106-21-23-19|20221106-21-47-31|20230909-14-26-56
rld,1,AINR?,1,20220426-11-32-18
rld,1,AIYL,2,20230322-18-57-04|20230506-14-24-57
rld,1,AIYR,4,20230322-18-57-04|20230322-20-16-50|20230904-14-30-52|20230904-15-59-40
rld,1,AIZL,1,20230904-15-59-40
rld,1,ALA,25,20220426-11-32-18|20221106-21-23-19|20221106-21-47-31|20230322-18-57-04|20230322-20-16-50|20230412-20-15-17|20230506-13-32-08|20230506-14-24-57|20230506-15-01-45|20230510-13-25-46|20230510-15-49-47|20230510-16-36-46|20230904-14-30-52|20230904-15-59-40|20240828-14-16-29|20240828-15-51-58|20240828-16-23-54|20240828-17-07-39|20240829-13-00-31|20240902-16-53-12|20240902-17-33-24|20240904-14-55-14|20240904-15-32-57|20240904-16-51-21|20240917-20-52-20
rld,1,AQR,4,20230322-18-57-04|20230322-20-16-50|20230904-14-30-52|20230904-15-59-40
rld,1,AQR?,1,20220426-11-32-18
rld,1,ASEL,2,20230322-20-16-50|20230904-14-30-52
rld,1,ASGL,2,20230322-20-16-50|20230904-14-30-52
rld,1,ASGR,1,20221106-21-47-31
rld,1,ASKL,1,20230322-20-16-50
rld,1,AVAL,39,20220426-11-26-14|20220426-11-32-18|20221106-21-23-19|20221106-21-47-31|20221215-22-02-55|20230322-18-57-04|20230322-20-16-50|20230322-21-09-13|20230502-20-05-02|20230506-13-32-08|20230506-14-24-57|20230506-15-01-45|20230510-15-49-47|20230510-16-36-46|20230604-15-10-44|20230903-17-18-45|20230903-18-20-19|20230904-14-30-52|20230904-15-59-40|20240426-23-12-40|20240526-19-51-22|20240626-14-30-55|20240626-15-08-33|20240629-14-14-08|20240714-15-24-26|20240724-14-26-00|20240828-14-16-29|20240828-14-57-38|20240828-15-51-58|20240828-16-23-54|20240828-17-07-39|20240829-13-00-31|20240902-15-36-41|20240902-16-53-12|20240902-17-33-24|20240904-14-55-14|20240904-15-32-57|20240904-16-51-21|20240917-20-52-20
rld,1,AVAR,40,20220426-11-26-14|20220426-11-32-18|20221106-21-23-19|20221106-21-47-31|20230317-12-51-42|20230322-18-57-04|20230322-22-12-12|20230412-20-15-17|20230506-13-32-08|20230506-14-24-57|20230506-15-01-45|20230510-13-25-46|20230510-15-49-47|20230510-16-36-46|20230903-15-10-21|20230904-14-30-52|20230909-14-26-56|20240427-12-43-44|20240430-20-31-05|20240526-17-36-55|20240526-18-19-39|20240626-13-55-40|20240629-14-48-32|20240629-20-22-10|20240629-20-59-45|20240714-17-28-58|20240724-15-48-55|20240828-14-16-29|20240828-14-57-38|20240828-15-51-58|20240828-16-23-54|20240828-17-07-39|20240829-13-00-31|20240902-15-36-41|20240902-16-53-12|20240902-17-33-24|20240904-14-55-14|20240904-15-32-57|20240904-16-51-21|20240917-20-52-20
rld,1,AVBL,1,20230506-15-01-45
rld,1,AVDL,3,20230322-20-16-50|20230904-14-30-52|20230904-15-59-40
rld,1,AVDR,2,20230322-18-57-04|20230510-16-36-46
rld,1,AVEL,12,20230322-20-16-50|20230506-15-01-45|20230904-14-30-52|20240828-14-16-29|20240828-14-57-38|20240828-15-51-58|20240828-17-07-39|20240902-16-53-12|20240902-17-33-24|20240904-14-55-14|20240904-16-51-21|20240917-20-52-20
rld,1,AVEL?,1,20220426-11-32-18
rld,1,AVER,14,20221106-21-23-19|20221106-21-47-31|20230322-18-57-04|20230506-13-32-08|20230506-15-01-45|20230510-13-25-46|20240828-14-16-29|20240828-14-57-38|20240828-16-23-54|20240829-13-00-31|20240902-17-33-24|20240904-14-55-14|20240904-16-51-21|20240917-20-52-20
rld,1,AVG,1,20221106-21-23-19
rld,1,AVHL,1,20221215-22-02-55
rld,1,AVHR,2,20220426-11-32-18|20230510-15-49-47
rld,1,AVHR?,1,20220426-11-26-14
rld,1,AVJL,1,20230904-15-59-40
rld,1,AVJL?,1,20220426-11-32-18
rld,1,AVKL,1,20230904-15-59-40
rld,1,AVKR,2,20230904-14-30-52|20230904-15-59-40
rld,1,AWAL,12,20230904-14-30-52|20240626-14-30-55|20240714-15-24-26|20240724-14-26-00|20240828-14-16-29|20240828-14-57-38|20240828-15-51-58|20240828-16-23-54|20240902-16-53-12|20240904-15-32-57|20240904-16-51-21|20240917-20-52-20
rld,1,AWAR,10,20240430-20-31-05|20240626-13-55-40|20240629-14-48-32|20240629-20-22-10|20240629-20-59-45|20240828-17-07-39|20240829-13-00-31|20240902-15-36-41|20240902-17-33-24|20240904-14-55-14
rld,1,AWBL,3,20240828-14-16-29|20240902-16-53-12|20240917-20-52-20
rld,1,AWBR,1,20240828-17-07-39
rld,1,BAGL,1,20230904-14-30-52
rld,1,BAGR,2,20230510-13-25-46|20230904-14-30-52
rld,1,CEPDL,4,20220426-11-32-18|20230412-20-15-17|20240828-16-23-54|20240902-16-53-12
rld,1,CEPDR,3,20221106-21-23-19|20230412-20-15-17|20240902-15-36-41
rld,1,CEPVL,2,20230904-14-30-52|20230904-15-59-40
rld,1,CEPVR,2,20230506-13-32-08|20230510-13-25-46
rld,1,FLPL,5,20220426-11-26-14|20230322-20-16-50|20230506-14-24-57|20230904-14-30-52|20230904-15-59-40
rld,1,FLPR,4,20221106-21-47-31|20230506-15-01-45|20230510-13-25-46|20230909-14-26-56
rld,1,FLPR?,1,20220426-11-32-18
rld,1,I2L?,1,20220426-11-32-18
rld,1,I3,2,20220426-11-26-14|20220426-11-32-18
rld,1,I6?,1,20220426-11-26-14
rld,1,IL1DL,2,20221106-21-23-19|20230510-15-49-47
rld,1,IL1DR,2,20230506-15-01-45|20230510-15-49-47
rld,1,IL1L,4,20230322-20-16-50|20230506-14-24-57|20230510-15-49-47|20230904-14-30-52
rld,1,IL1R,2,20230510-13-25-46|20230904-14-30-52
rld,1,IL1VL,1,20230909-14-26-56
rld,1,IL1VR,1,20230412-20-15-17
rld,1,IL2DL,1,20230510-15-49-47
rld,1,IL2DR,2,20230322-18-57-04|20230904-14-30-52
rld,1,IL2L,1,20230904-14-30-52
rld,1,M1,5,20220426-11-32-18|20230322-20-16-50|20230506-14-24-57|20230510-15-49-47|20230510-16-36-46
rld,1,M1?,1,20220426-11-26-14
rld,1,M3L,2,20220426-11-26-14|20230412-20-15-17
rld,1,M4,1,20220426-11-32-18
rld,1,M5?,2,20220426-11-26-14|20220426-11-32-18
rld,1,MI,2,20220426-11-32-18|20230904-14-30-52
rld,1,NSML,1,20220426-11-32-18
rld,1,NSML?,1,20220426-11-26-14
rld,1,NSMR,1,20220426-11-32-18
rld,1,NSMR?,1,20220426-11-26-14
rld,1,OLLL,7,20230322-20-16-50|20230412-20-15-17|20230506-14-24-57|20230510-15-49-47|20230510-16-36-46|20230904-14-30-52|20230904-15-59-40
rld,1,OLLR,11,20221106-21-23-19|20230322-18-57-04|20230412-20-15-17|20230506-14-24-57|20230506-15-01-45|20230510-13-25-46|20230510-15-49-47|20230510-16-36-46|20230904-14-30-52|20230904-15-59-40|20230909-14-26-56
rld,1,OLQDL,9,20220426-11-32-18|20221106-21-23-19|20221106-21-47-31|20230322-20-16-50|20230506-14-24-57|20230510-13-25-46|20230510-15-49-47|20230904-14-30-52|20230904-15-59-40
rld,1,OLQDR,10,20220426-11-32-18|20221106-21-23-19|20221106-21-47-31|20230412-20-15-17|20230506-15-01-45|20230510-13-25-46|20230510-15-49-47|20230510-16-36-46|20230904-14-30-52|20230904-15-59-40
rld,1,OLQR,1,20230322-20-16-50
rld,1,OLQVL,7,20221106-21-47-31|20230322-18-57-04|20230412-20-15-17|20230506-14-24-57|20230506-15-01-45|20230510-13-25-46|20230904-14-30-52
rld,1,OLQVR,12,20221106-21-23-19|20221106-21-47-31|20230322-18-57-04|20230412-20-15-17|20230506-13-32-08|20230506-14-24-57|20230506-15-01-45|20230510-13-25-46|20230510-16-36-46|20230904-14-30-52|20230904-15-59-40|20230909-14-26-56
rld,1,RIAL,19,20230322-18-57-04|20230322-20-16-50|20230322-21-09-13|20230904-14-30-52|20230904-15-59-40|20240426-23-12-40|20240626-14-30-55|20240714-15-24-26|20240724-14-26-00|20240828-14-16-29|20240828-14-57-38|20240828-15-51-58|20240828-16-23-54|20240829-13-00-31|20240902-15-36-41|20240902-17-33-24|20240904-15-32-57|20240904-16-51-21|20240917-20-52-20
rld,1,RIAR,20,20230322-18-57-04|20230322-22-12-12|20230506-15-01-45|20230510-13-25-46|20230904-14-30-52|20230904-15-59-40|20240430-20-31-05|20240629-14-48-32|20240629-20-22-10|20240724-15-48-55|20240828-14-16-29|20240828-15-51-58|20240828-16-23-54|20240828-17-07-39|20240829-13-00-31|20240902-15-36-41|20240902-16-53-12|20240902-17-33-24|20240904-14-55-14|20240904-16-51-21
rld,1,RIBL,1,20230506-15-01-45
rld,1,RIBR,1,20230506-15-01-45
rld,1,RICL,1,20230904-15-59-40
rld,1,RID,17,20220426-11-26-14|20220426-11-32-18|20221106-21-23-19|20221215-22-02-55|20230506-15-01-45|20240828-14-16-29|20240828-14-57-38|20240828-15-51-58|20240828-16-23-54|20240828-17-07-39|20240902-15-36-41|20240902-16-53-12|20240902-17-33-24|20240904-14-55-14|20240904-15-32-57|20240904-16-51-21|20240917-20-52-20
rld,1,RIDR,1,20240829-13-00-31
rld,1,RIML,2,20230506-14-24-57|20230510-15-49-47
rld,1,RIMR,1,20221106-21-23-19
rld,1,RIVL,25,20220426-11-26-14|20221215-22-02-55|20230322-18-57-04|20230506-14-24-57|20230510-15-49-47|20230510-16-36-46|20230903-17-18-45|20230903-18-20-19|20230904-14-30-52|20230904-15-59-40|20240426-23-12-40|20240430-20-31-05|20240626-14-30-55|20240626-15-08-33|20240629-14-14-08|20240828-14-16-29|20240828-14-57-38|20240828-15-51-58|20240828-16-23-54|20240829-13-00-31|20240902-16-53-12|20240904-14-55-14|20240904-15-32-57|20240904-16-51-21|20240917-20-52-20
rld,1,RIVR,23,20220426-11-32-18|20221106-21-23-19|20221106-21-47-31|20230322-18-57-04|20230412-20-15-17|20230506-13-32-08|20230506-15-01-45|20230510-13-25-46|20230903-15-10-21|20230903-17-18-45|20230909-14-26-56|20240427-12-43-44|20240526-18-19-39|20240626-13-55-40|20240629-14-48-32|20240629-20-22-10|20240724-15-48-55|20240828-14-57-38|20240828-15-51-58|20240829-13-00-31|20240902-15-36-41|20240902-17-33-24|20240904-14-55-14
rld,1,RIVR?,1,20220426-11-26-14
rld,1,RMDDL,7,20221106-21-23-19|20221106-21-47-31|20230506-14-24-57|20230904-14-30-52|20240904-14-55-14|20240904-16-51-21|20240917-20-52-20
rld,1,RMDDR,10,20221106-21-47-31|20230322-20-16-50|20230506-14-24-57|20230506-15-01-45|20230510-13-25-46|20230904-14-30-52|20240626-13-55-40|20240724-15-48-55|20240828-14-16-29|20240902-17-33-24
rld,1,RMDL,24,20221215-22-02-55|20230322-18-57-04|20230322-20-16-50|20230506-14-24-57|20230506-15-01-45|20230510-16-36-46|20230904-15-59-40|20240426-23-12-40|20240626-14-30-55|20240626-15-08-33|20240629-14-14-08|20240714-15-24-26|20240724-14-26-00|20240828-14-16-29|20240828-14-57-38|20240828-15-51-58|20240828-16-23-54|20240828-17-07-39|20240829-13-00-31|20240902-15-36-41|20240902-16-53-12|20240902-17-33-24|20240904-15-32-57|20240917-20-52-20
rld,1,RMDR,23,20220426-11-32-18|20221106-21-23-19|20221106-21-47-31|20230506-15-01-45|20230903-15-10-21|20230904-14-30-52|20230909-14-26-56|20240427-12-43-44|20240526-18-19-39|20240626-13-55-40|20240629-14-48-32|20240629-20-22-10|20240714-17-28-58|20240828-14-57-38|20240828-15-51-58|20240828-17-07-39|20240829-13-00-31|20240902-15-36-41|20240902-16-53-12|20240902-17-33-24|20240904-14-55-14|20240904-16-51-21|20240917-20-52-20
rld,1,RMDR?,1,20220426-11-26-14
rld,1,RMDVL,21,20220426-11-32-18|20230322-20-16-50|20230322-21-09-13|20230506-14-24-57|20230506-15-01-45|20230510-16-36-46|20230903-17-18-45|20230903-18-20-19|20240626-14-30-55|20240629-14-14-08|20240714-15-24-26|20240724-14-26-00|20240828-14-16-29|20240828-14-57-38|20240828-15-51-58|20240828-16-23-54|20240902-16-53-12|20240904-14-55-14|20240904-15-32-57|20240904-16-51-21|20240917-20-52-20
rld,1,RMDVR,29,20221106-21-23-19|20221106-21-47-31|20230317-12-51-42|20230412-20-15-17|20230506-13-32-08|20230506-14-24-57|20230506-15-01-45|20230510-13-25-46|20230510-15-49-47|20230903-15-10-21|20240427-12-43-44|20240526-17-36-55|20240526-18-19-39|20240626-13-55-40|20240629-14-48-32|20240629-20-22-10|20240629-20-59-45|20240714-17-28-58|20240724-15-48-55|20240828-15-51-58|20240828-16-23-54|20240828-17-07-39|20240829-13-00-31|20240902-15-36-41|20240902-16-53-12|20240902-17-33-24|20240904-14-55-14|20240904-15-32-57|20240904-16-51-21
rld,1,RMED,38,20220426-11-26-14|20220426-11-32-18|20221106-21-23-19|20221106-21-47-31|20221215-22-02-55|20230317-12-51-42|20230322-18-57-04|20230322-20-16-50|20230412-20-15-17|20230506-13-32-08|20230506-14-24-57|20230506-15-01-45|20230510-13-25-46|20230510-15-49-47|20230510-16-36-46|20230903-15-10-21|20230903-17-18-45|20230903-18-20-19|20230904-14-30-52|20230904-15-59-40|20230909-14-26-56|20240626-15-08-33|20240629-14-14-08|20240629-20-22-10|20240724-14-26-00|20240828-14-16-29|20240828-14-57-38|20240828-15-51-58|20240828-16-23-54|20240828-17-07-39|20240829-13-00-31|20240902-15-36-41|20240902-16-53-12|20240902-17-33-24|20240904-14-55-14|20240904-15-32-57|20240904-16-51-21|20240917-20-52-20
rld,1,RMEL,12,20220426-11-32-18|20221106-21-23-19|20221106-21-47-31|20230322-18-57-04|20230322-20-16-50|20230506-14-24-57|20230506-15-01-45|20230510-13-25-46|20230510-15-49-47|20230510-16-36-46|20230904-14-30-52|20230904-15-59-40
rld,1,RMER,14,20221106-21-23-19|20221106-21-47-31|20230322-18-57-04|20230322-20-16-50|20230412-20-15-17|20230506-13-32-08|20230506-14-24-57|20230506-15-01-45|20230510-13-25-46|20230510-15-49-47|20230510-16-36-46|20230904-14-30-52|20230904-15-59-40|20230909-14-26-56
rld,1,RMEV,38,20221106-21-23-19|20221106-21-47-31|20221215-22-02-55|20230317-12-51-42|20230322-18-57-04|20230322-20-16-50|20230412-20-15-17|20230506-13-32-08|20230506-14-24-57|20230506-15-01-45|20230510-13-25-46|20230510-15-49-47|20230510-16-36-46|20230903-15-10-21|20230903-17-18-45|20230903-18-20-19|20230904-14-30-52|20230904-15-59-40|20230909-14-26-56|20240426-23-12-40|20240526-17-36-55|20240526-19-51-22|20240626-13-55-40|20240629-14-14-08|20240629-20-22-10|20240828-14-16-29|20240828-14-57-38|20240828-15-51-58|20240828-16-23-54|20240828-17-07-39|20240829-13-00-31|20240902-15-36-41|20240902-16-53-12|20240902-17-33-24|20240904-14-55-14|20240904-15-32-57|20240904-16-51-21|20240917-20-52-20
rld,1,RMEV?,1,20220426-11-32-18
rld,1,RMFR,1,20230904-14-30-52
rld,1,RMGR,1,20220426-11-32-18
rld,1,SAAVL,7,20240426-23-12-40|20240626-14-30-55|20240714-15-24-26|20240724-14-26-00|20240828-15-51-58|20240902-17-33-24|20240904-15-32-57
rld,1,SAAVR,11,20230506-15-01-45|20240430-20-31-05|20240526-17-36-55|20240629-14-48-32|20240629-20-59-45|20240714-17-28-58|20240724-15-48-55|20240828-14-16-29|20240902-15-36-41|20240904-14-55-14|20240904-15-32-57
rld,1,SIADR,2,20230506-14-24-57|20230506-15-01-45
rld,1,SIAVL,1,20230506-14-24-57
rld,1,SIAVR,2,20230506-15-01-45|20230904-14-30-52
rld,1,SIBVL,2,20230904-14-30-52|20230904-15-59-40
rld,1,SIBVR,1,20230904-14-30-52
rld,1,SMBDL,3,20221106-21-23-19|20230412-20-15-17|20240626-15-08-33
rld,1,SMBDL?,1,20220426-11-32-18
rld,1,SMBDR,2,20221106-21-47-31|20230506-14-24-57
rld,1,SMBVL,2,20230904-14-30-52|20230904-15-59-40
rld,1,SMBVR,3,20221106-21-47-31|20230506-13-32-08|20230510-13-25-46
rld,1,SMDDL,18,20221215-22-02-55|20230322-20-16-50|20230510-15-49-47|20230510-16-36-46|20240426-23-12-40|20240526-19-51-22|20240626-14-30-55|20240626-15-08-33|20240629-14-14-08|20240714-15-24-26|20240828-14-16-29|20240828-14-57-38|20240828-15-51-58|20240828-16-23-54|20240902-17-33-24|20240904-14-55-14|20240904-16-51-21|20240917-20-52-20
rld,1,SMDDR,23,20221106-21-23-19|20221106-21-47-31|20230412-20-15-17|20230506-13-32-08|20230506-14-24-57|20230506-15-01-45|20230510-13-25-46|20230510-15-49-47|20230510-16-36-46|20240427-12-43-44|20240430-20-31-05|20240629-20-22-10|20240629-20-59-45|20240714-17-28-58|20240724-15-48-55|20240828-14-16-29|20240828-15-51-58|20240828-16-23-54|20240829-13-00-31|20240902-15-36-41|20240902-17-33-24|20240904-14-55-14|20240904-16-51-21
rld,1,SMDVL,38,20220426-11-32-18|20221106-21-23-19|20221215-22-02-55|20230322-18-57-04|20230322-20-16-50|20230322-21-09-13|20230412-20-15-17|20230506-13-32-08|20230506-14-24-57|20230506-15-01-45|20230510-13-25-46|20230510-15-49-47|20230510-16-36-46|20230604-15-10-44|20230903-17-18-45|20230903-18-20-19|20230904-14-30-52|20230904-15-59-40|20240426-23-12-40|20240526-19-51-22|20240626-14-30-55|20240626-15-08-33|20240629-14-14-08|20240714-15-24-26|20240724-14-26-00|20240828-14-16-29|20240828-14-57-38|20240828-15-51-58|20240828-16-23-54|20240828-17-07-39|20240829-13-00-31|20240902-15-36-41|20240902-16-53-12|20240902-17-33-24|20240904-14-55-14|20240904-15-32-57|20240904-16-51-21|20240917-20-52-20
rld,1,SMDVL?,1,20220426-11-26-14
rld,1,SMDVR,39,20220426-11-32-18|20221106-21-23-19|20221106-21-47-31|20230317-12-51-42|20230322-18-57-04|20230322-22-12-12|20230412-20-15-17|20230506-13-32-08|20230506-14-24-57|20230506-15-01-45|20230510-13-25-46|20230510-15-49-47|20230903-15-10-21|20230904-14-30-52|20230904-15-59-40|20230909-14-26-56|20240427-12-43-44|20240430-20-31-05|20240526-17-36-55|20240526-18-19-39|20240626-13-55-40|20240629-14-48-32|20240629-20-22-10|20240629-20-59-45|20240714-17-28-58|20240724-15-48-55|20240828-14-16-29|20240828-14-57-38|20240828-15-51-58|20240828-16-23-54|20240828-17-07-39|20240829-13-00-31|20240902-15-36-41|20240902-16-53-12|20240902-17-33-24|20240904-14-55-14|20240904-15-32-57|20240904-16-51-21|20240917-20-52-20
rld,1,SMDVR?,1,20220426-11-26-14
rld,1,URADL,1,20230506-14-24-57
rld,1,URADR,1,20230510-13-25-46
rld,1,URAVR,1,20230904-14-30-52
rld,1,URBL,1,20230510-15-49-47
rld,1,URBR,2,20230510-13-25-46|20230904-14-30-52
rld,1,URXL,12,20221106-21-47-31|20230322-20-16-50|20230510-15-49-47|20230904-14-30-52|20230904-15-59-40|20230909-14-26-56|20240714-15-24-26|20240828-14-16-29|20240828-14-57-38|20240828-15-51-58|20240904-14-55-14|20240904-16-51-21
rld,1,URXL?,1,20220426-11-26-14
rld,1,URXR,8,20221106-21-23-19|20221106-21-47-31|20230322-18-57-04|20230322-20-16-50|20230510-13-25-46|20230510-16-36-46|20230909-14-26-56|20240917-20-52-20
rld,1,URXVR,1,20230412-20-15-17
rld,1,URYDL,4,20230506-14-24-57|20230510-13-25-46|20230510-16-36-46|20230904-14-30-52
rld,1,URYDR,5,20230506-14-24-57|20230506-15-01-45|20230510-13-25-46|20230904-14-30-52|20230904-15-59-40
rld,1,URYVL,6,20230506-14-24-57|20230510-13-25-46|20230510-15-49-47|20230510-16-36-46|20230904-14-30-52|20230904-15-59-40
rld,1,URYVR,7,20221106-21-47-31|20230412-20-15-17|20230506-15-01-45|20230510-13-25-46|20230510-15-49-47|20230904-14-30-52|20230904-15-59-40
rld,1,VB1,1,20221106-21-47-31
rld,1,VB2,1,20221106-21-47-31
rld,2,ADAL,4,20220426-11-26-14|20230322-20-16-50|20230322-22-43-03|20230506-14-24-57
rld,2,ADEL,3,20220426-11-26-14|20230322-20-16-50|20230322-22-43-03
rld,2,ADER,3,20220426-11-32-18|20221106-21-23-19|20230904-15-09-05
rld,2,ADFL,8,20240828-14-16-29|20240828-17-07-39|20240829-13-39-15|20240904-14-55-14|20240904-15-32-57|20240904-16-51-21|20240904-17-29-27|20240917-21-32-57
rld,2,ADFR,6,20240828-17-07-39|20240829-13-00-31|20240904-14-55-14|20240904-16-13-38|20240904-17-29-27|20240917-21-32-57
rld,2,ADLL,1,20230322-20-16-50
rld,2,AFDL,8,20221215-22-02-55|20230322-21-41-10|20230506-14-24-57|20240828-14-16-29|20240902-16-53-12|20240904-14-55-14|20240904-16-51-21|20240904-17-29-27
rld,2,AFDR,13,20221106-21-23-19|20230322-18-57-04|20230322-22-43-03|20230506-13-32-08|20230506-14-24-57|20230904-15-59-40|20240828-14-16-29|20240902-16-53-12|20240902-17-33-24|20240902-18-09-07|20240904-14-55-14|20240904-16-13-38|20240917-20-52-20
rld,2,AIBL,9,20221106-21-00-09|20221215-22-02-55|20230322-21-41-10|20230322-22-43-03|20230506-14-24-57|20230510-16-36-46|20230904-14-30-52|20230904-15-09-05|20230904-15-59-40
rld,2,AIBR,2,20221106-21-00-09|20230909-15-40-07
rld,2,AIML,2,20221106-21-23-19|20230904-15-59-40
rld,2,AIMR,3,20230904-14-30-52|20230904-15-09-05|20230904-15-59-40
rld,2,AINL,3,20230322-20-16-50|20230322-22-43-03|20230904-14-30-52
rld,2,AINR,2,20221106-21-23-19|20230904-15-09-05
rld,2,AINR?,1,20220426-11-32-18
rld,2,AIYL,2,20230322-18-57-04|20230506-14-24-57
rld,2,AIYR,5,20230322-18-57-04|20230322-20-16-50|20230904-14-30-52|20230904-15-09-05|20230904-15-59-40
rld,2,AIZL,2,20230904-15-09-05|20230904-15-59-40
rld,2,AIZR,1,20230904-15-09-05
rld,2,ALA,25,20220426-11-32-18|20221106-21-00-09|20221106-21-23-19|20230322-18-57-04|20230322-20-16-50|20230322-21-41-10|20230322-22-43-03|20230506-13-32-08|20230506-14-24-57|20230510-16-36-46|20230904-14-30-52|20230904-15-09-05|20230904-15-59-40|20240828-14-16-29|20240828-17-07-39|20240829-13-00-31|20240902-16-53-12|20240902-17-33-24|20240904-14-55-14|20240904-15-32-57|20240904-16-13-38|20240904-16-51-21|20240904-17-29-27|20240917-20-52-20|20240917-21-32-57
rld,2,AQR,7,20230322-18-57-04|20230322-20-16-50|20230322-21-41-10|20230322-22-43-03|20230904-14-30-52|20230904-15-09-05|20230904-15-59-40
rld,2,AQR?,1,20220426-11-32-18
rld,2,ASEL,2,20230322-20-16-50|20230904-14-30-52
rld,2,ASER,1,20230904-15-09-05
rld,2,ASGL,3,20230322-20-16-50|20230904-14-30-52|20230904-15-09-05
rld,2,ASKL,2,20230322-20-16-50|20230322-22-43-03
rld,2,ASKR,1,20230904-15-09-05
rld,2,AVAL,41,20220426-11-26-14|20220426-11-32-18|20221106-21-00-09|20221106-21-23-19|20221215-22-02-55|20230322-18-57-04|20230322-20-16-50|20230322-21-09-13|20230322-21-41-10|20230322-22-43-03|20230502-20-41-23|20230506-13-32-08|20230506-14-24-57|20230510-16-36-46|20230903-16-32-28|20230903-17-18-45|20230904-14-30-52|20230904-15-09-05|20230904-15-59-40|20230921-17-15-33|20240426-23-12-40|20240526-19-51-22|20240626-14-30-55|20240626-15-08-33|20240629-14-14-08|20240714-15-24-26|20240724-14-26-00|20240828-14-16-29|20240828-17-07-39|20240829-13-00-31|20240829-13-39-15|20240902-16-53-12|20240902-17-33-24|20240902-18-09-07|20240904-14-55-14|20240904-15-32-57|20240904-16-13-38|20240904-16-51-21|20240904-17-29-27|20240917-20-52-20|20240917-21-32-57
rld,2,AVAR,40,20220426-11-26-14|20220426-11-32-18|20221106-21-00-09|20221106-21-23-19|20230317-12-51-42|20230322-18-57-04|20230322-21-41-10|20230322-22-12-12|20230322-22-43-03|20230506-13-32-08|20230506-14-24-57|20230510-16-36-46|20230604-17-09-01|20230903-19-07-30|20230904-14-30-52|20230904-15-09-05|20230909-15-40-07|20230909-16-14-25|20240430-20-31-05|20240526-18-19-39|20240526-19-18-14|20240629-14-48-32|20240629-20-59-45|20240714-16-04-26|20240714-17-28-58|20240724-15-07-00|20240828-14-16-29|20240828-17-07-39|20240829-13-00-31|20240829-13-39-15|20240902-16-53-12|20240902-17-33-24|20240902-18-09-07|20240904-14-55-14|20240904-15-32-57|20240904-16-13-38|20240904-16-51-21|20240904-17-29-27|20240917-20-52-20|20240917-21-32-57
rld,2,AVDL,4,20230322-20-16-50|20230322-21-41-10|20230904-14-30-52|20230904-15-59-40
rld,2,AVDR,3,20230322-18-57-04|20230510-16-36-46|20230904-15-09-05
rld,2,AVEL,12,20230322-20-16-50|20230322-21-41-10|20230904-14-30-52|20230904-15-09-05|20240828-14-16-29|20240828-17-07-39|20240902-16-53-12|20240902-17-33-24|20240904-14-55-14|20240904-16-13-38|20240904-16-51-21|20240917-20-52-20
rld,2,AVEL?,1,20220426-11-32-18
rld,2,AVER,14,20221106-21-23-19|20230322-18-57-04|20230506-13-32-08|20230909-15-40-07|20240828-14-16-29|20240829-13-00-31|20240829-13-39-15|20240902-17-33-24|20240904-14-55-14|20240904-16-13-38|20240904-16-51-21|20240904-17-29-27|20240917-20-52-20|20240917-21-32-57
rld,2,AVG,1,20221106-21-23-19
rld,2,AVHL,1,20221215-22-02-55
rld,2,AVHR,1,20220426-11-32-18
rld,2,AVHR?,1,20220426-11-26-14
rld,2,AVJL,2,20230904-15-09-05|20230904-15-59-40
rld,2,AVJL?,1,20220426-11-32-18
rld,2,AVJR,1,20230904-15-09-05
rld,2,AVKL,1,20230904-15-59-40
rld,2,AVKR,3,20230904-14-30-52|20230904-15-09-05|20230904-15-59-40
rld,2,AVL,1,20230904-15-09-05
rld,2,AWAL,11,20230904-14-30-52|20240626-14-30-55|20240714-15-24-26|20240724-14-26-00|20240828-14-16-29|20240829-13-39-15|20240902-16-53-12|20240904-15-32-57|20240904-16-51-21|20240904-17-29-27|20240917-20-52-20
rld,2,AWAR,11,20240430-20-31-05|20240629-14-48-32|20240629-20-59-45|20240714-16-04-26|20240828-17-07-39|20240829-13-00-31|20240902-17-33-24|20240902-18-09-07|20240904-14-55-14|20240904-16-13-38|20240917-21-32-57
rld,2,AWBL,3,20240828-14-16-29|20240902-16-53-12|20240917-20-52-20
rld,2,AWBR,1,20240828-17-07-39
rld,2,BAGL,2,20230322-22-43-03|20230904-14-30-52
rld,2,BAGR,1,20230904-14-30-52
rld,2,CEPDL,2,20220426-11-32-18|20240902-16-53-12
rld,2,CEPDR,2,20221106-21-23-19|20240902-18-09-07
rld,2,CEPVL,2,20230904-14-30-52|20230904-15-59-40
rld,2,CEPVR,2,20230506-13-32-08|20230904-15-09-05
rld,2,FLPL,7,20220426-11-26-14|20230322-20-16-50|20230322-21-41-10|20230322-22-43-03|20230506-14-24-57|20230904-14-30-52|20230904-15-59-40
rld,2,FLPR,2,20230904-15-09-05|20230909-15-40-07
rld,2,FLPR?,1,20220426-11-32-18
rld,2,I2L?,1,20220426-11-32-18
rld,2,I3,2,20220426-11-26-14|20220426-11-32-18
rld,2,I6?,1,20220426-11-26-14
rld,2,IL1DL,1,20221106-21-23-19
rld,2,IL1L,5,20230322-20-16-50|20230322-21-41-10|20230322-22-43-03|20230506-14-24-57|20230904-14-30-52
rld,2,IL1R,2,20230322-22-43-03|20230904-14-30-52
rld,2,IL1VL,1,20230322-21-41-10
rld,2,IL1VR,2,20230322-21-41-10|20230322-22-43-03
rld,2,IL2DL,2,20230322-21-41-10|20230322-22-43-03
rld,2,IL2DR,3,20230322-18-57-04|20230904-14-30-52|20230904-15-09-05
rld,2,IL2L,2,20230322-21-41-10|20230904-14-30-52
rld,2,IL2VL,1,20230322-21-41-10
rld,2,IL2VR,1,20230909-15-40-07
rld,2,M1,5,20220426-11-32-18|20221106-21-00-09|20230322-20-16-50|20230506-14-24-57|20230510-16-36-46
rld,2,M1?,1,20220426-11-26-14
rld,2,M3L,2,20220426-11-26-14|20230322-22-43-03
rld,2,M4,1,20220426-11-32-18
rld,2,M5?,2,20220426-11-26-14|20220426-11-32-18
rld,2,MI,2,20220426-11-32-18|20230904-14-30-52
rld,2,NSML,1,20220426-11-32-18
rld,2,NSML?,1,20220426-11-26-14
rld,2,NSMR,1,20220426-11-32-18
rld,2,NSMR?,1,20220426-11-26-14
rld,2,OLLL,7,20230322-20-16-50|20230322-21-41-10|20230322-22-43-03|20230506-14-24-57|20230510-16-36-46|20230904-14-30-52|20230904-15-59-40
rld,2,OLLR,8,20221106-21-23-19|20230322-18-57-04|20230506-14-24-57|20230510-16-36-46|20230904-14-30-52|20230904-15-09-05|20230904-15-59-40|20230909-15-40-07
rld,2,OLQDL,10,20220426-11-32-18|20221106-21-00-09|20221106-21-23-19|20230322-20-16-50|20230322-21-41-10|20230322-22-43-03|20230506-14-24-57|20230904-14-30-52|20230904-15-09-05|20230904-15-59-40
rld,2,OLQDR,8,20220426-11-32-18|20221106-21-00-09|20221106-21-23-19|20230322-21-41-10|20230510-16-36-46|20230904-14-30-52|20230904-15-09-05|20230904-15-59-40
rld,2,OLQR,1,20230322-20-16-50
rld,2,OLQVL,6,20221106-21-00-09|20230322-18-57-04|20230322-21-41-10|20230322-22-43-03|20230506-14-24-57|20230904-14-30-52
rld,2,OLQVR,9,20221106-21-23-19|20230322-18-57-04|20230322-21-41-10|20230506-13-32-08|20230506-14-24-57|20230510-16-36-46|20230904-14-30-52|20230904-15-09-05|20230904-15-59-40
rld,2,REMV,1,20240902-18-09-07
rld,2,RIAL,21,20230322-18-57-04|20230322-20-16-50|20230322-21-09-13|20230322-22-43-03|20230904-14-30-52|20230904-15-09-05|20230904-15-59-40|20240426-23-12-40|20240626-14-30-55|20240714-15-24-26|20240724-14-26-00|20240828-14-16-29|20240829-13-00-31|20240829-13-39-15|20240902-17-33-24|20240902-18-09-07|20240904-15-32-57|20240904-16-13-38|20240904-16-51-21|20240904-17-29-27|20240917-20-52-20
rld,2,RIAR,21,20230322-18-57-04|20230322-22-12-12|20230904-14-30-52|20230904-15-59-40|20240430-20-31-05|20240526-19-18-14|20240629-14-48-32|20240714-16-04-26|20240724-15-07-00|20240828-14-16-29|20240828-17-07-39|20240829-13-00-31|20240829-13-39-15|20240902-16-53-12|20240902-17-33-24|20240902-18-09-07|20240904-14-55-14|20240904-16-13-38|20240904-16-51-21|20240904-17-29-27|20240917-21-32-57
rld,2,RICL,1,20230904-15-59-40
rld,2,RID,17,20220426-11-26-14|20220426-11-32-18|20221106-21-23-19|20221215-22-02-55|20240828-14-16-29|20240828-17-07-39|20240829-13-39-15|20240902-16-53-12|20240902-17-33-24|20240902-18-09-07|20240904-14-55-14|20240904-15-32-57|20240904-16-13-38|20240904-16-51-21|20240904-17-29-27|20240917-20-52-20|20240917-21-32-57
rld,2,RIDR,1,20240829-13-00-31
rld,2,RIML,1,20230506-14-24-57
rld,2,RIMR,1,20221106-21-23-19
rld,2,RIVL,29,20220426-11-26-14|20221106-21-00-09|20221215-22-02-55|20230322-18-57-04|20230322-21-41-10|20230322-22-43-03|20230506-14-24-57|20230510-16-36-46|20230903-16-32-28|20230903-17-18-45|20230904-14-30-52|20230904-15-59-40|20230921-17-15-33|20240426-23-12-40|20240430-20-31-05|20240626-14-30-55|20240626-15-08-33|20240629-14-14-08|20240828-14-16-29|20240829-13-00-31|20240829-13-39-15|20240902-16-53-12|20240904-14-55-14|20240904-15-32-57|20240904-16-13-38|20240904-16-51-21|20240904-17-29-27|20240917-20-52-20|20240917-21-32-57
rld,2,RIVR,20,20220426-11-32-18|20221106-21-23-19|20230322-18-57-04|20230506-13-32-08|20230903-17-18-45|20230903-19-07-30|20230904-15-09-05|20230909-15-40-07|20230909-16-14-25|20240526-18-19-39|20240629-14-48-32|20240714-16-04-26|20240724-15-07-00|20240829-13-00-31|20240902-17-33-24|20240902-18-09-07|20240904-14-55-14|20240904-16-13-38|20240904-17-29-27|20240917-21-32-57
rld,2,RIVR?,1,20220426-11-26-14
rld,2,RMDDL,10,20221106-21-23-19|20230322-21-41-10|20230322-22-43-03|20230506-14-24-57|20230904-14-30-52|20230904-15-09-05|20240904-14-55-14|20240904-16-51-21|20240904-17-29-27|20240917-20-52-20
rld,2,RMDDR,10,20230322-20-16-50|20230506-14-24-57|20230904-14-30-52|20230904-15-09-05|20240724-15-07-00|20240828-14-16-29|20240902-17-33-24|20240904-16-13-38|20240904-17-29-27|20240917-21-32-57
rld,2,RMDL,26,20221106-21-00-09|20221215-22-02-55|20230322-18-57-04|20230322-20-16-50|20230322-22-43-03|20230506-14-24-57|20230510-16-36-46|20230904-15-09-05|20230904-15-59-40|20240426-23-12-40|20240626-14-30-55|20240626-15-08-33|20240629-14-14-08|20240714-15-24-26|20240724-14-26-00|20240828-14-16-29|20240828-17-07-39|20240829-13-00-31|20240829-13-39-15|20240902-16-53-12|20240902-17-33-24|20240904-15-32-57|20240904-16-13-38|20240904-17-29-27|20240917-20-52-20|20240917-21-32-57
rld,2,RMDR,21,20220426-11-32-18|20221106-21-00-09|20221106-21-23-19|20230904-14-30-52|20230909-15-40-07|20240526-18-19-39|20240526-19-18-14|20240629-14-48-32|20240714-16-04-26|20240714-17-28-58|20240724-15-07-00|20240828-17-07-39|20240829-13-00-31|20240902-16-53-12|20240902-17-33-24|20240902-18-09-07|20240904-14-55-14|20240904-16-51-21|20240904-17-29-27|20240917-20-52-20|20240917-21-32-57
rld,2,RMDR?,1,20220426-11-26-14
rld,2,RMDVL,24,20220426-11-32-18|20221106-21-00-09|20230322-20-16-50|20230322-21-09-13|20230322-21-41-10|20230322-22-43-03|20230506-14-24-57|20230510-16-36-46|20230903-16-32-28|20230903-17-18-45|20230904-15-09-05|20240626-14-30-55|20240629-14-14-08|20240714-15-24-26|20240724-14-26-00|20240828-14-16-29|20240829-13-39-15|20240902-16-53-12|20240902-18-09-07|20240904-14-55-14|20240904-15-32-57|20240904-16-51-21|20240904-17-29-27|20240917-20-52-20
rld,2,RMDVR,23,20221106-21-23-19|20230317-12-51-42|20230322-21-41-10|20230506-13-32-08|20230506-14-24-57|20230904-15-09-05|20230909-15-40-07|20240526-18-19-39|20240526-19-18-14|20240629-14-48-32|20240629-20-59-45|20240714-16-04-26|20240714-17-28-58|20240724-15-07-00|20240828-17-07-39|20240829-13-00-31|20240902-16-53-12|20240902-17-33-24|20240902-18-09-07|20240904-14-55-14|20240904-15-32-57|20240904-16-13-38|20240904-16-51-21
rld,2,RMED,39,20220426-11-26-14|20220426-11-32-18|20221106-21-00-09|20221106-21-23-19|20221215-22-02-55|20230317-12-51-42|20230322-18-57-04|20230322-20-16-50|20230322-21-41-10|20230322-22-43-03|20230506-13-32-08|20230506-14-24-57|20230510-16-36-46|20230903-16-32-28|20230903-17-18-45|20230903-19-07-30|20230904-14-30-52|20230904-15-09-05|20230904-15-59-40|20230909-15-40-07|20230909-16-14-25|20230921-17-15-33|20240526-19-18-14|20240626-15-08-33|20240629-14-14-08|20240724-14-26-00|20240828-14-16-29|20240828-17-07-39|20240829-13-00-31|20240829-13-39-15|20240902-16-53-12|20240902-17-33-24|20240904-14-55-14|20240904-15-32-57|20240904-16-13-38|20240904-16-51-21|20240904-17-29-27|20240917-20-52-20|20240917-21-32-57
rld,2,RMEL,13,20220426-11-32-18|20221106-21-00-09|20221106-21-23-19|20230322-18-57-04|20230322-20-16-50|20230322-21-41-10|20230322-22-43-03|20230506-14-24-57|20230510-16-36-46|20230904-14-30-52|20230904-15-09-05|20230904-15-59-40|20230909-15-40-07
rld,2,RMER,11,20221106-21-00-09|20221106-21-23-19|20230322-18-57-04|20230322-20-16-50|20230506-13-32-08|20230506-14-24-57|20230510-16-36-46|20230904-14-30-52|20230904-15-09-05|20230904-15-59-40|20230909-15-40-07
rld,2,RMEV,37,20221106-21-00-09|20221106-21-23-19|20221215-22-02-55|20230317-12-51-42|20230322-18-57-04|20230322-20-16-50|20230322-21-41-10|20230322-22-43-03|20230506-13-32-08|20230506-14-24-57|20230510-16-36-46|20230903-16-32-28|20230903-17-18-45|20230903-19-07-30|20230904-14-30-52|20230904-15-09-05|20230904-15-59-40|20230909-15-40-07|20230909-16-14-25|20240426-23-12-40|20240526-19-18-14|20240526-19-51-22|20240629-14-14-08|20240828-14-16-29|20240828-17-07-39|20240829-13-00-31|20240829-13-39-15|20240902-16-53-12|20240902-17-33-24|20240902-18-09-07|20240904-14-55-14|20240904-15-32-57|20240904-16-13-38|20240904-16-51-21|20240904-17-29-27|20240917-20-52-20|20240917-21-32-57
rld,2,RMEV?,1,20220426-11-32-18
rld,2,RMFR,1,20230904-14-30-52
rld,2,RMGR,1,20220426-11-32-18
rld,2,SAAVL,6,20240426-23-12-40|20240626-14-30-55|20240714-15-24-26|20240724-14-26-00|20240902-17-33-24|20240904-15-32-57
rld,2,SAAVR,10,20240430-20-31-05|20240526-19-18-14|20240629-14-48-32|20240629-20-59-45|20240714-17-28-58|20240828-14-16-29|20240902-18-09-07|20240904-14-55-14|20240904-15-32-57|20240917-21-32-57
rld,2,SIADR,1,20230506-14-24-57
rld,2,SIAVL,2,20230506-14-24-57|20230904-15-09-05
rld,2,SIAVR,1,20230904-14-30-52
rld,2,SIBVL,2,20230904-14-30-52|20230904-15-59-40
rld,2,SIBVR,1,20230904-14-30-52
rld,2,SMBDL,2,20221106-21-23-19|20240626-15-08-33
rld,2,SMBDL?,1,20220426-11-32-18
rld,2,SMBDR,2,20230506-14-24-57|20230904-15-09-05
rld,2,SMBVL,5,20221106-21-00-09|20230322-22-43-03|20230904-14-30-52|20230904-15-09-05|20230904-15-59-40
rld,2,SMBVR,2,20230506-13-32-08|20230904-15-09-05
rld,2,SMDDL,23,20221106-21-00-09|20221215-22-02-55|20230322-20-16-50|20230322-21-41-10|20230322-22-43-03|20230510-16-36-46|20230903-16-32-28|20230921-17-15-33|20240426-23-12-40|20240526-19-51-22|20240626-14-30-55|20240626-15-08-33|20240629-14-14-08|20240714-15-24-26|20240828-14-16-29|20240902-17-33-24|20240902-18-09-07|20240904-14-55-14|20240904-16-13-38|20240904-16-51-21|20240904-17-29-27|20240917-20-52-20|20240917-21-32-57
rld,2,SMDDR,21,20221106-21-23-19|20230506-13-32-08|20230506-14-24-57|20230510-16-36-46|20230903-19-07-30|20230909-16-14-25|20240430-20-31-05|20240526-19-18-14|20240629-20-59-45|20240714-16-04-26|20240714-17-28-58|20240724-15-07-00|20240828-14-16-29|20240829-13-00-31|20240902-17-33-24|20240902-18-09-07|20240904-14-55-14|20240904-16-13-38|20240904-16-51-21|20240904-17-29-27|20240917-21-32-57
rld,2,SMDVL,40,20220426-11-32-18|20221106-21-00-09|20221106-21-23-19|20221215-22-02-55|20230322-18-57-04|20230322-20-16-50|20230322-21-09-13|20230322-21-41-10|20230322-22-43-03|20230502-20-41-23|20230506-13-32-08|20230506-14-24-57|20230510-16-36-46|20230903-16-32-28|20230903-17-18-45|20230904-14-30-52|20230904-15-09-05|20230904-15-59-40|20230921-17-15-33|20240426-23-12-40|20240526-19-51-22|20240626-14-30-55|20240626-15-08-33|20240629-14-14-08|20240714-15-24-26|20240724-14-26-00|20240828-14-16-29|20240828-17-07-39|20240829-13-00-31|20240829-13-39-15|20240902-16-53-12|20240902-17-33-24|20240902-18-09-07|20240904-14-55-14|20240904-15-32-57|20240904-16-13-38|20240904-16-51-21|20240904-17-29-27|20240917-20-52-20|20240917-21-32-57
rld,2,SMDVL?,1,20220426-11-26-14
rld,2,SMDVR,36,20220426-11-32-18|20221106-21-23-19|20230317-12-51-42|20230322-18-57-04|20230322-22-12-12|20230506-13-32-08|20230506-14-24-57|20230604-17-09-01|20230903-19-07-30|20230904-14-30-52|20230904-15-09-05|20230904-15-59-40|20230909-15-40-07|20230909-16-14-25|20240430-20-31-05|20240526-18-19-39|20240526-19-18-14|20240629-14-48-32|20240629-20-59-45|20240714-16-04-26|20240714-17-28-58|20240724-15-07-00|20240828-14-16-29|20240828-17-07-39|20240829-13-00-31|20240829-13-39-15|20240902-16-53-12|20240902-17-33-24|20240902-18-09-07|20240904-14-55-14|20240904-15-32-57|20240904-16-13-38|20240904-16-51-21|20240904-17-29-27|20240917-20-52-20|20240917-21-32-57
rld,2,SMDVR?,1,20220426-11-26-14
rld,2,URADL,1,20230506-14-24-57
rld,2,URADR,1,20221106-21-00-09
rld,2,URAVR,1,20230904-14-30-52
rld,2,URBL,1,20230322-21-41-10
rld,2,URBR,1,20230904-14-30-52
rld,2,URXL,10,20230322-20-16-50|20230322-22-43-03|20230904-14-30-52|20230904-15-59-40|20240714-15-24-26|20240828-14-16-29|20240904-14-55-14|20240904-16-13-38|20240904-16-51-21|20240904-17-29-27
rld,2,URXL?,1,20220426-11-26-14
rld,2,URXR,10,20221106-21-00-09|20221106-21-23-19|20230322-18-57-04|20230322-20-16-50|20230510-16-36-46|20230904-15-09-05|20230909-15-40-07|20240904-16-13-38|20240904-17-29-27|20240917-20-52-20
rld,2,URYDL,3,20230506-14-24-57|20230510-16-36-46|20230904-14-30-52
rld,2,URYDR,4,20230506-14-24-57|20230904-14-30-52|20230904-15-59-40|20230909-15-40-07
rld,2,URYVL,4,20230506-14-24-57|20230510-16-36-46|20230904-14-30-52|20230904-15-59-40
rld,2,URYVR,4,20230904-14-30-52|20230904-15-09-05|20230904-15-59-40|20230909-15-40-07
rld,2,VB2,1,20230904-15-09-05
rld,3,ADAL,2,20220426-11-26-14|20230322-22-43-03
rld,3,ADEL,2,20220426-11-26-14|20230322-22-43-03
rld,3,ADER,4,20220426-11-32-18|20221106-21-23-19|20230506-12-56-00|20230904-15-09-05
rld,3,ADFL,5,20240828-17-07-39|20240829-13-39-15|20240902-16-12-10|20240904-17-29-27|20240917-21-32-57
rld,3,ADFR,8,20240828-17-07-39|20240829-13-00-31|20240902-16-12-10|20240902-20-11-40|20240904-16-13-38|20240904-17-29-27|20240917-20-18-26|20240917-21-32-57
rld,3,AFDL,5,20221215-22-02-55|20230322-21-41-10|20230510-12-53-34|20240904-17-29-27|20240917-22-37-14
rld,3,AFDL?,1,20230506-15-33-51
rld,3,AFDR,10,20221106-21-23-19|20230322-18-57-04|20230322-22-43-03|20230506-12-56-00|20240902-17-33-24|20240902-18-09-07|20240902-20-11-40|20240904-16-13-38|20240917-20-18-26|20240917-22-37-14
rld,3,AIBL,9,20221106-21-00-09|20221215-22-02-55|20230322-21-41-10|20230322-22-43-03|20230510-12-53-34|20230510-16-36-46|20230904-14-30-52|20230904-15-09-05|20230909-16-48-09
rld,3,AIBR,5,20221106-21-00-09|20230506-12-56-00|20230909-15-40-07|20230909-16-48-09|20240430-21-04-44
rld,3,AIML,1,20221106-21-23-19
rld,3,AIMR,2,20230904-14-30-52|20230904-15-09-05
rld,3,AINL,2,20230322-22-43-03|20230904-14-30-52
rld,3,AINR,3,20221106-21-23-19|20230506-12-56-00|20230904-15-09-05
rld,3,AINR?,1,20220426-11-32-18
rld,3,AIYL,1,20230322-18-57-04
rld,3,AIYR,3,20230322-18-57-04|20230904-14-30-52|20230904-15-09-05
rld,3,AIZL,1,20230904-15-09-05
rld,3,AIZR,1,20230904-15-09-05
rld,3,ALA,21,20220426-11-32-18|20221106-21-00-09|20221106-21-23-19|20230322-18-57-04|20230322-21-41-10|20230322-22-43-03|20230506-12-56-00|20230506-15-33-51|20230510-12-53-34|20230510-16-36-46|20230904-14-30-52|20230904-15-09-05|20230909-16-48-09|20240828-17-07-39|20240829-13-00-31|20240902-17-33-24|20240902-20-11-40|20240904-16-13-38|20240904-17-29-27|20240917-21-32-57|20240917-22-37-14
rld,3,AQR,6,20230322-18-57-04|20230322-21-41-10|20230322-22-43-03|20230506-15-33-51|20230904-14-30-52|20230904-15-09-05
rld,3,AQR?,1,20220426-11-32-18
rld,3,ASEL,1,20230904-14-30-52
rld,3,ASER,2,20230506-12-56-00|20230904-15-09-05
rld,3,ASGL,2,20230904-14-30-52|20230904-15-09-05
rld,3,ASJR,1,20230506-12-56-00
rld,3,ASKL,1,20230322-22-43-03
rld,3,ASKR,2,20230506-12-56-00|20230904-15-09-05
rld,3,AVAL,39,20220426-11-26-14|20220426-11-32-18|20221106-21-00-09|20221106-21-23-19|20221215-22-02-55|20230322-18-57-04|20230322-21-41-10|20230322-22-43-03|20230502-20-41-23|20230506-12-56-00|20230506-15-33-51|20230510-12-53-34|20230510-16-36-46|20230604-16-22-56|20230903-16-32-28|20230903-17-18-45|20230904-14-30-52|20230904-15-09-05|20230921-17-15-33|20240426-22-49-55|20240426-23-12-40|20240626-12-35-05|20240626-14-30-55|20240629-14-14-08|20240629-17-55-55|20240724-17-40-58|20240828-17-07-39|20240829-13-00-31|20240829-13-39-15|20240902-16-12-10|20240902-17-33-24|20240902-18-09-07|20240902-18-51-10|20240902-20-11-40|20240904-16-13-38|20240904-17-29-27|20240917-20-18-26|20240917-21-32-57|20240917-22-37-14
rld,3,AVAR,43,20220426-11-26-14|20220426-11-32-18|20221106-21-00-09|20221106-21-23-19|20230317-12-27-51|20230317-12-51-42|20230322-18-57-04|20230322-21-41-10|20230322-22-12-12|20230322-22-43-03|20230506-12-56-00|20230506-15-33-51|20230510-12-53-34|20230510-16-36-46|20230604-15-50-12|20230604-17-09-01|20230903-19-07-30|20230904-14-30-52|20230904-15-09-05|20230909-15-40-07|20230909-16-14-25|20230909-16-48-09|20240430-20-31-05|20240430-21-04-44|20240526-18-19-39|20240526-19-18-14|20240626-13-22-25|20240714-16-04-26|20240724-15-07-00|20240724-16-28-26|20240828-17-07-39|20240829-13-00-31|20240829-13-39-15|20240902-16-12-10|20240902-17-33-24|20240902-18-09-07|20240902-18-51-10|20240902-20-11-40|20240904-16-13-38|20240904-17-29-27|20240917-20-18-26|20240917-21-32-57|20240917-22-37-14
rld,3,AVDL,3,20230322-21-41-10|20230510-12-53-34|20230904-14-30-52
rld,3,AVDR,3,20230322-18-57-04|20230510-16-36-46|20230904-15-09-05
rld,3,AVEL,12,20230322-21-41-10|20230506-12-56-00|20230510-12-53-34|20230904-14-30-52|20230904-15-09-05|20240626-12-35-05|20240724-17-40-58|20240828-17-07-39|20240902-17-33-24|20240904-16-13-38|20240917-20-18-26|20240917-22-37-14
rld,3,AVEL?,1,20220426-11-32-18
rld,3,AVER,13,20221106-21-23-19|20230322-18-57-04|20230506-15-33-51|20230909-15-40-07|20240829-13-00-31|20240829-13-39-15|20240902-17-33-24|20240902-18-51-10|20240904-16-13-38|20240904-17-29-27|20240917-20-18-26|20240917-21-32-57|20240917-22-37-14
rld,3,AVG,1,20221106-21-23-19
rld,3,AVHL,2,20221215-22-02-55|20230506-15-33-51
rld,3,AVHR,1,20220426-11-32-18
rld,3,AVHR?,1,20220426-11-26-14
rld,3,AVJL,1,20230904-15-09-05
rld,3,AVJL?,1,20220426-11-32-18
rld,3,AVJR,2,20230904-15-09-05|20230909-16-48-09
rld,3,AVKR,2,20230904-14-30-52|20230904-15-09-05
rld,3,AVL,1,20230904-15-09-05
rld,3,AWAL,8,20230904-14-30-52|20240626-14-30-55|20240724-17-40-58|20240829-13-39-15|20240902-16-12-10|20240902-18-51-10|20240904-17-29-27|20240917-22-37-14
rld,3,AWAR,13,20240430-20-31-05|20240430-21-04-44|20240626-13-22-25|20240714-16-04-26|20240828-17-07-39|20240829-13-00-31|20240902-16-12-10|20240902-17-33-24|20240902-18-09-07|20240902-20-11-40|20240904-16-13-38|20240917-20-18-26|20240917-21-32-57
rld,3,AWBR,2,20230506-12-56-00|20240828-17-07-39
rld,3,BAGL,3,20230322-22-43-03|20230510-12-53-34|20230904-14-30-52
rld,3,BAGR,1,20230904-14-30-52
rld,3,CEPDL,1,20220426-11-32-18
rld,3,CEPDR,5,20221106-21-23-19|20230909-16-48-09|20240902-18-09-07|20240902-18-51-10|20240902-20-11-40
rld,3,CEPVL,1,20230904-14-30-52
rld,3,CEPVR,1,20230904-15-09-05
rld,3,FLPL,5,20220426-11-26-14|20230322-21-41-10|20230322-22-43-03|20230510-12-53-34|20230904-14-30-52
rld,3,FLPR,2,20230904-15-09-05|20230909-15-40-07
rld,3,FLPR?,1,20220426-11-32-18
rld,3,I2L?,1,20220426-11-32-18
rld,3,I3,2,20220426-11-26-14|20220426-11-32-18
rld,3,I6?,1,20220426-11-26-14
rld,3,IL1DL,3,20221106-21-23-19|20230506-15-33-51|20230909-16-48-09
rld,3,IL1L,5,20230322-21-41-10|20230322-22-43-03|20230506-15-33-51|20230510-12-53-34|20230904-14-30-52
rld,3,IL1R,4,20230322-22-43-03|20230506-12-56-00|20230904-14-30-52|20230909-16-48-09
rld,3,IL1VL,1,20230322-21-41-10
rld,3,IL1VR,2,20230322-21-41-10|20230322-22-43-03
rld,3,IL2DL,4,20230322-21-41-10|20230322-22-43-03|20230506-15-33-51|20230510-12-53-34
rld,3,IL2DR,4,20230322-18-57-04|20230904-14-30-52|20230904-15-09-05|20230909-16-48-09
rld,3,IL2L,3,20230322-21-41-10|20230510-12-53-34|20230904-14-30-52
rld,3,IL2VL,4,20230322-21-41-10|20230506-15-33-51|20230510-12-53-34|20230909-16-48-09
rld,3,IL2VR,2,20230909-15-40-07|20230909-16-48-09
rld,3,M1,4,20220426-11-32-18|20221106-21-00-09|20230510-12-53-34|20230510-16-36-46
rld,3,M1?,1,20220426-11-26-14
rld,3,M3L,3,20220426-11-26-14|20230322-22-43-03|20230510-12-53-34
rld,3,M4,1,20220426-11-32-18
rld,3,M5?,2,20220426-11-26-14|20220426-11-32-18
rld,3,MI,2,20220426-11-32-18|20230904-14-30-52
rld,3,NSML,1,20220426-11-32-18
rld,3,NSML?,1,20220426-11-26-14
rld,3,NSMR,1,20220426-11-32-18
rld,3,NSMR?,1,20220426-11-26-14
rld,3,OLLL,6,20230322-21-41-10|20230322-22-43-03|20230510-12-53-34|20230510-16-36-46|20230904-14-30-52|20230909-16-48-09
rld,3,OLLR,8,20221106-21-23-19|20230322-18-57-04|20230506-12-56-00|20230510-16-36-46|20230904-14-30-52|20230904-15-09-05|20230909-15-40-07|20230909-16-48-09
rld,3,OLQDL,9,20220426-11-32-18|20221106-21-00-09|20221106-21-23-19|20230322-21-41-10|20230322-22-43-03|20230506-12-56-00|20230510-12-53-34|20230904-14-30-52|20230904-15-09-05
rld,3,OLQDR,11,20220426-11-32-18|20221106-21-00-09|20221106-21-23-19|20230322-21-41-10|20230506-12-56-00|20230506-15-33-51|20230510-12-53-34|20230510-16-36-46|20230904-14-30-52|20230904-15-09-05|20230909-16-48-09
rld,3,OLQVL,9,20221106-21-00-09|20230322-18-57-04|20230322-21-41-10|20230322-22-43-03|20230506-12-56-00|20230506-15-33-51|20230510-12-53-34|20230904-14-30-52|20230909-16-48-09
rld,3,OLQVR,9,20221106-21-23-19|20230322-18-57-04|20230322-21-41-10|20230506-15-33-51|20230510-12-53-34|20230510-16-36-46|20230904-14-30-52|20230904-15-09-05|20230909-16-48-09
rld,3,REMV,1,20240902-18-09-07
rld,3,RIAL,22,20230322-18-57-04|20230322-22-43-03|20230506-12-56-00|20230506-15-33-51|20230510-12-53-34|20230904-14-30-52|20230904-15-09-05|20230909-16-48-09|20240426-23-12-40|20240626-12-35-05|20240626-14-30-55|20240724-17-40-58|20240829-13-00-31|20240829-13-39-15|20240902-16-12-10|20240902-17-33-24|20240902-18-09-07|20240902-18-51-10|20240902-20-11-40|20240904-16-13-38|20240904-17-29-27|20240917-22-37-14
rld,3,RIAR,22,20230322-18-57-04|20230322-22-12-12|20230506-15-33-51|20230904-14-30-52|20240430-20-31-05|20240430-21-04-44|20240526-19-18-14|20240714-16-04-26|20240724-15-07-00|20240724-16-28-26|20240828-17-07-39|20240829-13-00-31|20240829-13-39-15|20240902-16-12-10|20240902-17-33-24|20240902-18-09-07|20240902-18-51-10|20240902-20-11-40|20240904-16-13-38|20240904-17-29-27|20240917-20-18-26|20240917-21-32-57
rld,3,RID,15,20220426-11-26-14|20220426-11-32-18|20221106-21-23-19|20221215-22-02-55|20240828-17-07-39|20240829-13-39-15|20240902-17-33-24|20240902-18-09-07|20240902-18-51-10|20240902-20-11-40|20240904-16-13-38|20240904-17-29-27|20240917-20-18-26|20240917-21-32-57|20240917-22-37-14
rld,3,RIDR,1,20240829-13-00-31
rld,3,RIML,1,20230510-12-53-34
rld,3,RIMR,2,20221106-21-23-19|20240430-21-04-44
rld,3,RIVL,28,20220426-11-26-14|20221106-21-00-09|20221215-22-02-55|20230322-18-57-04|20230322-21-41-10|20230322-22-43-03|20230506-15-33-51|20230510-12-53-34|20230510-16-36-46|20230903-16-32-28|20230903-17-18-45|20230904-14-30-52|20230921-17-15-33|20240426-22-49-55|20240426-23-12-40|20240430-20-31-05|20240626-14-30-55|20240629-14-14-08|20240629-17-55-55|20240829-13-00-31|20240829-13-39-15|20240902-16-12-10|20240902-18-51-10|20240904-16-13-38|20240904-17-29-27|20240917-20-18-26|20240917-21-32-57|20240917-22-37-14
rld,3,RIVR,26,20220426-11-32-18|20221106-21-23-19|20230322-18-57-04|20230506-12-56-00|20230506-15-33-51|20230903-17-18-45|20230903-19-07-30|20230904-15-09-05|20230909-15-40-07|20230909-16-14-25|20230909-16-48-09|20240430-21-04-44|20240526-18-19-39|20240626-13-22-25|20240714-16-04-26|20240724-15-07-00|20240829-13-00-31|20240902-16-12-10|20240902-17-33-24|20240902-18-09-07|20240902-18-51-10|20240902-20-11-40|20240904-16-13-38|20240904-17-29-27|20240917-20-18-26|20240917-21-32-57
rld,3,RIVR?,1,20220426-11-26-14
rld,3,RMDDL,9,20221106-21-23-19|20230322-21-41-10|20230322-22-43-03|20230904-14-30-52|20230904-15-09-05|20240629-17-55-55|20240902-18-51-10|20240902-20-11-40|20240904-17-29-27
rld,3,RMDDR,10,20230904-14-30-52|20230904-15-09-05|20240626-13-22-25|20240724-15-07-00|20240902-17-33-24|20240902-20-11-40|20240904-16-13-38|20240904-17-29-27|20240917-20-18-26|20240917-21-32-57
rld,3,RMDL,24,20221106-21-00-09|20221215-22-02-55|20230322-18-57-04|20230322-22-43-03|20230506-15-33-51|20230510-12-53-34|20230510-16-36-46|20230904-15-09-05|20240426-22-49-55|20240426-23-12-40|20240626-12-35-05|20240626-14-30-55|20240629-14-14-08|20240724-17-40-58|20240828-17-07-39|20240829-13-00-31|20240829-13-39-15|20240902-17-33-24|20240902-18-51-10|20240902-20-11-40|20240904-16-13-38|20240904-17-29-27|20240917-21-32-57|20240917-22-37-14
rld,3,RMDR,25,20220426-11-32-18|20221106-21-00-09|20221106-21-23-19|20230506-12-56-00|20230510-12-53-34|20230904-14-30-52|20230909-15-40-07|20230909-16-48-09|20240430-21-04-44|20240526-18-19-39|20240526-19-18-14|20240626-13-22-25|20240714-16-04-26|20240724-15-07-00|20240724-16-28-26|20240828-17-07-39|20240829-13-00-31|20240902-16-12-10|20240902-17-33-24|20240902-18-09-07|20240902-20-11-40|20240904-17-29-27|20240917-20-18-26|20240917-21-32-57|20240917-22-37-14
rld,3,RMDR?,1,20220426-11-26-14
rld,3,RMDVL,21,20220426-11-32-18|20221106-21-00-09|20230322-21-41-10|20230322-22-43-03|20230506-15-33-51|20230510-12-53-34|20230510-16-36-46|20230903-16-32-28|20230903-17-18-45|20230904-15-09-05|20240426-22-49-55|20240626-12-35-05|20240626-14-30-55|20240629-14-14-08|20240629-17-55-55|20240724-17-40-58|20240829-13-39-15|20240902-18-09-07|20240902-18-51-10|20240904-17-29-27|20240917-22-37-14
rld,3,RMDVR,21,20221106-21-23-19|20230317-12-27-51|20230317-12-51-42|20230322-21-41-10|20230506-12-56-00|20230904-15-09-05|20230909-15-40-07|20240526-18-19-39|20240526-19-18-14|20240714-16-04-26|20240724-15-07-00|20240828-17-07-39|20240829-13-00-31|20240902-16-12-10|20240902-17-33-24|20240902-18-09-07|20240902-18-51-10|20240902-20-11-40|20240904-16-13-38|20240917-20-18-26|20240917-22-37-14
rld,3,RMED,40,20220426-11-26-14|20220426-11-32-18|20221106-21-00-09|20221106-21-23-19|20221215-22-02-55|20230317-12-27-51|20230317-12-51-42|20230322-18-57-04|20230322-21-41-10|20230322-22-43-03|20230506-12-56-00|20230506-15-33-51|20230510-12-53-34|20230510-16-36-46|20230903-16-32-28|20230903-17-18-45|20230903-19-07-30|20230904-14-30-52|20230904-15-09-05|20230909-15-40-07|20230909-16-14-25|20230909-16-48-09|20230921-17-15-33|20240426-22-49-55|20240430-21-04-44|20240526-19-18-14|20240626-12-35-05|20240629-14-14-08|20240828-17-07-39|20240829-13-00-31|20240829-13-39-15|20240902-16-12-10|20240902-17-33-24|20240902-18-51-10|20240902-20-11-40|20240904-16-13-38|20240904-17-29-27|20240917-20-18-26|20240917-21-32-57|20240917-22-37-14
rld,3,RMEL,14,20220426-11-32-18|20221106-21-00-09|20221106-21-23-19|20230322-18-57-04|20230322-21-41-10|20230322-22-43-03|20230506-12-56-00|20230506-15-33-51|20230510-12-53-34|20230510-16-36-46|20230904-14-30-52|20230904-15-09-05|20230909-15-40-07|20230909-16-48-09
rld,3,RMER,10,20221106-21-00-09|20221106-21-23-19|20230322-18-57-04|20230506-12-56-00|20230510-12-53-34|20230510-16-36-46|20230904-14-30-52|20230904-15-09-05|20230909-15-40-07|20230909-16-48-09
rld,3,RMEV,38,20221106-21-00-09|20221106-21-23-19|20221215-22-02-55|20230317-12-27-51|20230317-12-51-42|20230322-18-57-04|20230322-21-41-10|20230322-22-43-03|20230506-15-33-51|20230510-12-53-34|20230510-16-36-46|20230903-16-32-28|20230903-17-18-45|20230903-19-07-30|20230904-14-30-52|20230904-15-09-05|20230909-15-40-07|20230909-16-14-25|20230909-16-48-09|20240426-22-49-55|20240426-23-12-40|20240430-21-04-44|20240526-19-18-14|20240626-12-35-05|20240626-13-22-25|20240629-14-14-08|20240828-17-07-39|20240829-13-00-31|20240829-13-39-15|20240902-16-12-10|20240902-17-33-24|20240902-18-09-07|20240902-18-51-10|20240902-20-11-40|20240904-16-13-38|20240904-17-29-27|20240917-20-18-26|20240917-21-32-57
rld,3,RMEV?,1,20220426-11-32-18
rld,3,RMFR,1,20230904-14-30-52
rld,3,RMGR,1,20220426-11-32-18
rld,3,SAAVL,11,20230506-12-56-00|20230506-15-33-51|20240426-23-12-40|20240626-12-35-05|20240626-14-30-55|20240629-17-55-55|20240724-17-40-58|20240902-16-12-10|20240902-17-33-24|20240902-18-51-10|20240902-20-11-40
rld,3,SAAVR,8,20230506-15-33-51|20240430-20-31-05|20240526-19-18-14|20240724-16-28-26|20240902-18-09-07|20240902-20-11-40|20240917-20-18-26|20240917-21-32-57
rld,3,SIADL,1,20230506-12-56-00
rld,3,SIADR,1,20230506-12-56-00
rld,3,SIAR,1,20240629-17-55-55
rld,3,SIAVL,1,20230904-15-09-05
rld,3,SIAVR,1,20230904-14-30-52
rld,3,SIBDR,1,20230506-12-56-00
rld,3,SIBVL,2,20230510-12-53-34|20230904-14-30-52
rld,3,SIBVR,1,20230904-14-30-52
rld,3,SMBDL,1,20221106-21-23-19
rld,3,SMBDL?,1,20220426-11-32-18
rld,3,SMBDR,1,20230904-15-09-05
rld,3,SMBVL,5,20221106-21-00-09|20230322-22-43-03|20230510-12-53-34|20230904-14-30-52|20230904-15-09-05
rld,3,SMBVR,4,20230506-12-56-00|20230904-15-09-05|20230909-16-48-09|20240626-13-22-25
rld,3,SMDDL,23,20221106-21-00-09|20221215-22-02-55|20230322-21-41-10|20230322-22-43-03|20230506-15-33-51|20230510-12-53-34|20230510-16-36-46|20230903-16-32-28|20230909-16-48-09|20230921-17-15-33|20240426-23-12-40|20240626-12-35-05|20240626-14-30-55|20240629-14-14-08|20240902-16-12-10|20240902-17-33-24|20240902-18-09-07|20240902-18-51-10|20240902-20-11-40|20240904-16-13-38|20240904-17-29-27|20240917-21-32-57|20240917-22-37-14
rld,3,SMDDR,22,20221106-21-23-19|20230510-16-36-46|20230903-19-07-30|20230909-16-14-25|20230909-16-48-09|20240430-20-31-05|20240430-21-04-44|20240526-19-18-14|20240626-13-22-25|20240714-16-04-26|20240724-15-07-00|20240724-16-28-26|20240829-13-00-31|20240902-16-12-10|20240902-17-33-24|20240902-18-09-07|20240902-18-51-10|20240902-20-11-40|20240904-16-13-38|20240904-17-29-27|20240917-20-18-26|20240917-21-32-57
rld,3,SMDVL,37,20220426-11-32-18|20221106-21-00-09|20221106-21-23-19|20221215-22-02-55|20230322-18-57-04|20230322-21-41-10|20230322-22-43-03|20230502-20-41-23|20230506-15-33-51|20230510-12-53-34|20230510-16-36-46|20230604-16-22-56|20230903-16-32-28|20230903-17-18-45|20230904-14-30-52|20230904-15-09-05|20230921-17-15-33|20240426-22-49-55|20240426-23-12-40|20240626-12-35-05|20240626-14-30-55|20240629-14-14-08|20240629-17-55-55|20240724-17-40-58|20240828-17-07-39|20240829-13-00-31|20240829-13-39-15|20240902-16-12-10|20240902-17-33-24|20240902-18-09-07|20240902-18-51-10|20240902-20-11-40|20240904-16-13-38|20240904-17-29-27|20240917-20-18-26|20240917-21-32-57|20240917-22-37-14
rld,3,SMDVL?,1,20220426-11-26-14
rld,3,SMDVR,37,20220426-11-32-18|20221106-21-23-19|20230317-12-27-51|20230317-12-51-42|20230322-18-57-04|20230322-22-12-12|20230506-12-56-00|20230506-15-33-51|20230604-15-50-12|20230604-17-09-01|20230903-19-07-30|20230904-14-30-52|20230904-15-09-05|20230909-15-40-07|20230909-16-14-25|20230909-16-48-09|20240430-20-31-05|20240430-21-04-44|20240526-18-19-39|20240526-19-18-14|20240626-13-22-25|20240714-16-04-26|20240724-15-07-00|20240724-16-28-26|20240828-17-07-39|20240829-13-00-31|20240829-13-39-15|20240902-16-12-10|20240902-17-33-24|20240902-18-09-07|20240902-18-51-10|20240902-20-11-40|20240904-16-13-38|20240904-17-29-27|20240917-20-18-26|20240917-21-32-57|20240917-22-37-14
rld,3,SMDVR?,1,20220426-11-26-14
rld,3,URADL,1,20230510-12-53-34
rld,3,URADR,3,20221106-21-00-09|20230506-12-56-00|20230909-16-48-09
rld,3,URAVR,1,20230904-14-30-52
rld,3,URBL,2,20230322-21-41-10|20230510-12-53-34
rld,3,URBR,2,20230904-14-30-52|20230909-16-48-09
rld,3,URXL,7,20230322-22-43-03|20230904-14-30-52|20230909-16-48-09|20240904-16-13-38|20240904-17-29-27|20240917-20-18-26|20240917-22-37-14
rld,3,URXL?,1,20220426-11-26-14
rld,3,URXR,10,20221106-21-00-09|20221106-21-23-19|20230322-18-57-04|20230510-16-36-46|20230904-15-09-05|20230909-15-40-07|20230909-16-48-09|20240904-16-13-38|20240904-17-29-27|20240917-20-18-26
rld,3,URXVR,1,20230506-15-33-51
rld,3,URYDL,3,20230510-12-53-34|20230510-16-36-46|20230904-14-30-52
rld,3,URYDR,4,20230510-12-53-34|20230904-14-30-52|20230909-15-40-07|20230909-16-48-09
rld,3,URYVL,3,20230510-12-53-34|20230510-16-36-46|20230904-14-30-52
rld,3,URYVR,4,20230506-12-56-00|20230904-14-30-52|20230904-15-09-05|20230909-15-40-07
rld,3,VB1,1,20230510-12-53-34
rld,3,VB2,1,20230904-15-09-05
rld,4,(CEPDR),1,20230506-15-01-45
rld,4,(DB1),1,20230506-15-01-45
rld,4,ADAL,1,20230322-22-43-03
rld,4,ADAR,1,20230506-15-01-45
rld,4,ADEL,1,20230322-22-43-03
rld,4,ADER,3,20221106-21-47-31|20230506-12-56-00|20230904-15-09-05
rld,4,ADFL,6,20240828-14-57-38|20240828-15-51-58|20240829-13-39-15|20240902-16-12-10|20240904-17-29-27|20240917-21-32-57
rld,4,ADFR,8,20240828-14-57-38|20240828-15-51-58|20240902-16-12-10|20240902-20-11-40|20240904-16-13-38|20240904-17-29-27|20240917-20-18-26|20240917-21-32-57
rld,4,AFDL,6,20230322-21-41-10|20230510-12-53-34|20240828-14-57-38|20240828-16-23-54|20240904-17-29-27|20240917-22-37-14
rld,4,AFDL?,1,20230506-15-33-51
rld,4,AFDR,9,20221106-21-47-31|20230322-22-43-03|20230506-12-56-00|20240902-15-36-41|20240902-18-09-07|20240902-20-11-40|20240904-16-13-38|20240917-20-18-26|20240917-22-37-14
rld,4,AIBL,6,20221106-21-00-09|20230322-21-41-10|20230322-22-43-03|20230510-12-53-34|20230904-15-09-05|20230909-16-48-09
rld,4,AIBR,10,20221106-21-00-09|20221106-21-47-31|20230412-20-15-17|20230506-12-56-00|20230506-15-01-45|20230510-13-25-46|20230510-15-49-47|20230909-15-40-07|20230909-16-48-09|20240430-21-04-44
rld,4,AIMR,2,20221106-21-47-31|20230904-15-09-05
rld,4,AINL,1,20230322-22-43-03
rld,4,AINR,4,20221106-21-47-31|20230506-12-56-00|20230904-15-09-05|20230909-14-26-56
rld,4,AIYR,1,20230904-15-09-05
rld,4,AIZL,1,20230904-15-09-05
rld,4,AIZR,1,20230904-15-09-05
rld,4,ALA,20,20221106-21-00-09|20221106-21-47-31|20230322-21-41-10|20230322-22-43-03|20230412-20-15-17|20230506-12-56-00|20230506-15-01-45|20230506-15-33-51|20230510-12-53-34|20230510-13-25-46|20230510-15-49-47|20230904-15-09-05|20230909-16-48-09|20240828-15-51-58|20240828-16-23-54|20240902-20-11-40|20240904-16-13-38|20240904-17-29-27|20240917-21-32-57|20240917-22-37-14
rld,4,AQR,4,20230322-21-41-10|20230322-22-43-03|20230506-15-33-51|20230904-15-09-05
rld,4,ASER,2,20230506-12-56-00|20230904-15-09-05
rld,4,ASGL,1,20230904-15-09-05
rld,4,ASGR,1,20221106-21-47-31
rld,4,ASJR,1,20230506-12-56-00
rld,4,ASKL,1,20230322-22-43-03
rld,4,ASKR,2,20230506-12-56-00|20230904-15-09-05
rld,4,AVAL,35,20221106-21-00-09|20221106-21-47-31|20230322-21-41-10|20230322-22-43-03|20230502-20-05-02|20230502-20-41-23|20230506-12-56-00|20230506-15-01-45|20230506-15-33-51|20230510-12-53-34|20230510-15-49-47|20230604-15-10-44|20230604-16-22-56|20230903-16-32-28|20230903-18-20-19|20230904-15-09-05|20230921-17-15-33|20240426-22-49-55|20240626-12-35-05|20240629-17-55-55|20240724-17-40-58|20240828-14-57-38|20240828-15-51-58|20240828-16-23-54|20240829-13-39-15|20240902-15-36-41|20240902-16-12-10|20240902-18-09-07|20240902-18-51-10|20240902-20-11-40|20240904-16-13-38|20240904-17-29-27|20240917-20-18-26|20240917-21-32-57|20240917-22-37-14
rld,4,AVAR,46,20221106-21-00-09|20221106-21-47-31|20230317-12-27-51|20230322-21-41-10|20230322-22-43-03|20230412-20-15-17|20230506-12-56-00|20230506-15-01-45|20230506-15-33-51|20230510-12-53-34|20230510-13-25-46|20230510-15-49-47|20230604-15-50-12|20230604-17-09-01|20230903-15-10-21|20230903-19-07-30|20230904-15-09-05|20230909-14-26-56|20230909-15-40-07|20230909-16-14-25|20230909-16-48-09|20240427-12-43-44|20240430-21-04-44|20240526-17-36-55|20240526-19-18-14|20240626-13-22-25|20240626-13-55-40|20240629-20-22-10|20240714-16-04-26|20240724-15-07-00|20240724-15-48-55|20240724-16-28-26|20240828-14-57-38|20240828-15-51-58|20240828-16-23-54|20240829-13-39-15|20240902-15-36-41|20240902-16-12-10|20240902-18-09-07|20240902-18-51-10|20240902-20-11-40|20240904-16-13-38|20240904-17-29-27|20240917-20-18-26|20240917-21-32-57|20240917-22-37-14
rld,4,AVBL,1,20230506-15-01-45
rld,4,AVDL,2,20230322-21-41-10|20230510-12-53-34
rld,4,AVDR,1,20230904-15-09-05
rld,4,AVEL,12,20230322-21-41-10|20230506-12-56-00|20230506-15-01-45|20230510-12-53-34|20230904-15-09-05|20240626-12-35-05|20240724-17-40-58|20240828-14-57-38|20240828-15-51-58|20240904-16-13-38|20240917-20-18-26|20240917-22-37-14
rld,4,AVER,14,20221106-21-47-31|20230506-15-01-45|20230506-15-33-51|20230510-13-25-46|20230909-15-40-07|20240828-14-57-38|20240828-16-23-54|20240829-13-39-15|20240902-18-51-10|20240904-16-13-38|20240904-17-29-27|20240917-20-18-26|20240917-21-32-57|20240917-22-37-14
rld,4,AVHL,1,20230506-15-33-51
rld,4,AVHR,1,20230510-15-49-47
rld,4,AVJL,1,20230904-15-09-05
rld,4,AVJR,2,20230904-15-09-05|20230909-16-48-09
rld,4,AVKR,1,20230904-15-09-05
rld,4,AVL,1,20230904-15-09-05
rld,4,AWAL,9,20240724-17-40-58|20240828-14-57-38|20240828-15-51-58|20240828-16-23-54|20240829-13-39-15|20240902-16-12-10|20240902-18-51-10|20240904-17-29-27|20240917-22-37-14
rld,4,AWAR,12,20240430-21-04-44|20240626-13-22-25|20240626-13-55-40|20240629-20-22-10|20240714-16-04-26|20240902-15-36-41|20240902-16-12-10|20240902-18-09-07|20240902-20-11-40|20240904-16-13-38|20240917-20-18-26|20240917-21-32-57
rld,4,AWBR,1,20230506-12-56-00
rld,4,BAGL,2,20230322-22-43-03|20230510-12-53-34
rld,4,BAGR,1,20230510-13-25-46
rld,4,CEPDL,2,20230412-20-15-17|20240828-16-23-54
rld,4,CEPDR,6,20230412-20-15-17|20230909-16-48-09|20240902-15-36-41|20240902-18-09-07|20240902-18-51-10|20240902-20-11-40
rld,4,CEPVR,2,20230510-13-25-46|20230904-15-09-05
rld,4,FLPL,3,20230322-21-41-10|20230322-22-43-03|20230510-12-53-34
rld,4,FLPR,6,20221106-21-47-31|20230506-15-01-45|20230510-13-25-46|20230904-15-09-05|20230909-14-26-56|20230909-15-40-07
rld,4,IL1DL,3,20230506-15-33-51|20230510-15-49-47|20230909-16-48-09
rld,4,IL1DR,2,20230506-15-01-45|20230510-15-49-47
rld,4,IL1L,5,20230322-21-41-10|20230322-22-43-03|20230506-15-33-51|20230510-12-53-34|20230510-15-49-47
rld,4,IL1R,4,20230322-22-43-03|20230506-12-56-00|20230510-13-25-46|20230909-16-48-09
rld,4,IL1VL,2,20230322-21-41-10|20230909-14-26-56
rld,4,IL1VR,3,20230322-21-41-10|20230322-22-43-03|20230412-20-15-17
rld,4,IL2DL,5,20230322-21-41-10|20230322-22-43-03|20230506-15-33-51|20230510-12-53-34|20230510-15-49-47
rld,4,IL2DR,2,20230904-15-09-05|20230909-16-48-09
rld,4,IL2L,2,20230322-21-41-10|20230510-12-53-34
rld,4,IL2VL,4,20230322-21-41-10|20230506-15-33-51|20230510-12-53-34|20230909-16-48-09
rld,4,IL2VR,2,20230909-15-40-07|20230909-16-48-09
rld,4,M1,3,20221106-21-00-09|20230510-12-53-34|20230510-15-49-47
rld,4,M3L,3,20230322-22-43-03|20230412-20-15-17|20230510-12-53-34
rld,4,OLLL,6,20230322-21-41-10|20230322-22-43-03|20230412-20-15-17|20230510-12-53-34|20230510-15-49-47|20230909-16-48-09
rld,4,OLLR,9,20230412-20-15-17|20230506-12-56-00|20230506-15-01-45|20230510-13-25-46|20230510-15-49-47|20230904-15-09-05|20230909-14-26-56|20230909-15-40-07|20230909-16-48-09
rld,4,OLQDL,9,20221106-21-00-09|20221106-21-47-31|20230322-21-41-10|20230322-22-43-03|20230506-12-56-00|20230510-12-53-34|20230510-13-25-46|20230510-15-49-47|20230904-15-09-05
rld,4,OLQDR,12,20221106-21-00-09|20221106-21-47-31|20230322-21-41-10|20230412-20-15-17|20230506-12-56-00|20230506-15-01-45|20230506-15-33-51|20230510-12-53-34|20230510-13-25-46|20230510-15-49-47|20230904-15-09-05|20230909-16-48-09
rld,4,OLQVL,11,20221106-21-00-09|20221106-21-47-31|20230322-21-41-10|20230322-22-43-03|20230412-20-15-17|20230506-12-56-00|20230506-15-01-45|20230506-15-33-51|20230510-12-53-34|20230510-13-25-46|20230909-16-48-09
rld,4,OLQVR,10,20221106-21-47-31|20230322-21-41-10|20230412-20-15-17|20230506-15-01-45|20230506-15-33-51|20230510-12-53-34|20230510-13-25-46|20230904-15-09-05|20230909-14-26-56|20230909-16-48-09
rld,4,REMV,1,20240902-18-09-07
rld,4,RIAL,20,20230322-22-43-03|20230506-12-56-00|20230506-15-33-51|20230510-12-53-34|20230904-15-09-05|20230909-16-48-09|20240626-12-35-05|20240724-17-40-58|20240828-14-57-38|20240828-15-51-58|20240828-16-23-54|20240829-13-39-15|20240902-15-36-41|20240902-16-12-10|20240902-18-09-07|20240902-18-51-10|20240902-20-11-40|20240904-16-13-38|20240904-17-29-27|20240917-22-37-14
rld,4,RIAR,22,20230506-15-01-45|20230506-15-33-51|20230510-13-25-46|20240430-21-04-44|20240526-19-18-14|20240629-20-22-10|20240714-16-04-26|20240724-15-07-00|20240724-15-48-55|20240724-16-28-26|20240828-15-51-58|20240828-16-23-54|20240829-13-39-15|20240902-15-36-41|20240902-16-12-10|20240902-18-09-07|20240902-18-51-10|20240902-20-11-40|20240904-16-13-38|20240904-17-29-27|20240917-20-18-26|20240917-21-32-57
rld,4,RIBL,1,20230506-15-01-45
rld,4,RIBR,1,20230506-15-01-45
rld,4,RID,14,20230506-15-01-45|20240828-14-57-38|20240828-15-51-58|20240828-16-23-54|20240829-13-39-15|20240902-15-36-41|20240902-18-09-07|20240902-18-51-10|20240902-20-11-40|20240904-16-13-38|20240904-17-29-27|20240917-20-18-26|20240917-21-32-57|20240917-22-37-14
rld,4,RIML,2,20230510-12-53-34|20230510-15-49-47
rld,4,RIMR,1,20240430-21-04-44
rld,4,RIVL,22,20221106-21-00-09|20230322-21-41-10|20230322-22-43-03|20230506-15-33-51|20230510-12-53-34|20230510-15-49-47|20230903-16-32-28|20230903-18-20-19|20230921-17-15-33|20240426-22-49-55|20240629-17-55-55|20240828-14-57-38|20240828-15-51-58|20240828-16-23-54|20240829-13-39-15|20240902-16-12-10|20240902-18-51-10|20240904-16-13-38|20240904-17-29-27|20240917-20-18-26|20240917-21-32-57|20240917-22-37-14
rld,4,RIVR,32,20221106-21-47-31|20230412-20-15-17|20230506-12-56-00|20230506-15-01-45|20230506-15-33-51|20230510-13-25-46|20230903-15-10-21|20230903-19-07-30|20230904-15-09-05|20230909-14-26-56|20230909-15-40-07|20230909-16-14-25|20230909-16-48-09|20240427-12-43-44|20240430-21-04-44|20240626-13-22-25|20240626-13-55-40|20240629-20-22-10|20240714-16-04-26|20240724-15-07-00|20240724-15-48-55|20240828-14-57-38|20240828-15-51-58|20240902-15-36-41|20240902-16-12-10|20240902-18-09-07|20240902-18-51-10|20240902-20-11-40|20240904-16-13-38|20240904-17-29-27|20240917-20-18-26|20240917-21-32-57
rld,4,RMDDL,8,20221106-21-47-31|20230322-21-41-10|20230322-22-43-03|20230904-15-09-05|20240629-17-55-55|20240902-18-51-10|20240902-20-11-40|20240904-17-29-27
rld,4,RMDDR,13,20221106-21-47-31|20230506-15-01-45|20230510-13-25-46|20230904-15-09-05|20240626-13-22-25|20240626-13-55-40|20240724-15-07-00|20240724-15-48-55|20240902-20-11-40|20240904-16-13-38|20240904-17-29-27|20240917-20-18-26|20240917-21-32-57
rld,4,RMDL,20,20221106-21-00-09|20230322-22-43-03|20230506-15-01-45|20230506-15-33-51|20230510-12-53-34|20230904-15-09-05|20240426-22-49-55|20240626-12-35-05|20240724-17-40-58|20240828-14-57-38|20240828-15-51-58|20240828-16-23-54|20240829-13-39-15|20240902-15-36-41|20240902-18-51-10|20240902-20-11-40|20240904-16-13-38|20240904-17-29-27|20240917-21-32-57|20240917-22-37-14
rld,4,RMDR,28,20221106-21-00-09|20221106-21-47-31|20230506-12-56-00|20230506-15-01-45|20230510-12-53-34|20230903-15-10-21|20230909-14-26-56|20230909-15-40-07|20230909-16-48-09|20240427-12-43-44|20240430-21-04-44|20240526-19-18-14|20240626-13-22-25|20240626-13-55-40|20240629-20-22-10|20240714-16-04-26|20240724-15-07-00|20240724-16-28-26|20240828-14-57-38|20240828-15-51-58|20240902-15-36-41|20240902-16-12-10|20240902-18-09-07|20240902-20-11-40|20240904-17-29-27|20240917-20-18-26|20240917-21-32-57|20240917-22-37-14
rld,4,RMDVL,21,20221106-21-00-09|20230322-21-41-10|20230322-22-43-03|20230506-15-01-45|20230506-15-33-51|20230510-12-53-34|20230903-16-32-28|20230903-18-20-19|20230904-15-09-05|20240426-22-49-55|20240626-12-35-05|20240629-17-55-55|20240724-17-40-58|20240828-14-57-38|20240828-15-51-58|20240828-16-23-54|20240829-13-39-15|20240902-18-09-07|20240902-18-51-10|20240904-17-29-27|20240917-22-37-14
rld,4,RMDVR,29,20221106-21-47-31|20230317-12-27-51|20230322-21-41-10|20230412-20-15-17|20230506-12-56-00|20230506-15-01-45|20230510-13-25-46|20230510-15-49-47|20230903-15-10-21|20230904-15-09-05|20230909-15-40-07|20240427-12-43-44|20240526-17-36-55|20240526-19-18-14|20240626-13-55-40|20240629-20-22-10|20240714-16-04-26|20240724-15-07-00|20240724-15-48-55|20240828-15-51-58|20240828-16-23-54|20240902-15-36-41|20240902-16-12-10|20240902-18-09-07|20240902-18-51-10|20240902-20-11-40|20240904-16-13-38|20240917-20-18-26|20240917-22-37-14
rld,4,RMED,40,20221106-21-00-09|20221106-21-47-31|20230317-12-27-51|20230322-21-41-10|20230322-22-43-03|20230412-20-15-17|20230506-12-56-00|20230506-15-01-45|20230506-15-33-51|20230510-12-53-34|20230510-13-25-46|20230510-15-49-47|20230903-15-10-21|20230903-16-32-28|20230903-18-20-19|20230903-19-07-30|20230904-15-09-05|20230909-14-26-56|20230909-15-40-07|20230909-16-14-25|20230909-16-48-09|20230921-17-15-33|20240426-22-49-55|20240430-21-04-44|20240526-19-18-14|20240626-12-35-05|20240629-20-22-10|20240828-14-57-38|20240828-15-51-58|20240828-16-23-54|20240829-13-39-15|20240902-15-36-41|20240902-16-12-10|20240902-18-51-10|20240902-20-11-40|20240904-16-13-38|20240904-17-29-27|20240917-20-18-26|20240917-21-32-57|20240917-22-37-14
rld,4,RMEL,13,20221106-21-00-09|20221106-21-47-31|20230322-21-41-10|20230322-22-43-03|20230506-12-56-00|20230506-15-01-45|20230506-15-33-51|20230510-12-53-34|20230510-13-25-46|20230510-15-49-47|20230904-15-09-05|20230909-15-40-07|20230909-16-48-09
rld,4,RMER,12,20221106-21-00-09|20221106-21-47-31|20230412-20-15-17|20230506-12-56-00|20230506-15-01-45|20230510-12-53-34|20230510-13-25-46|20230510-15-49-47|20230904-15-09-05|20230909-14-26-56|20230909-15-40-07|20230909-16-48-09
rld,4,RMEV,41,20221106-21-00-09|20221106-21-47-31|20230317-12-27-51|20230322-21-41-10|20230322-22-43-03|20230412-20-15-17|20230506-15-01-45|20230506-15-33-51|20230510-12-53-34|20230510-13-25-46|20230510-15-49-47|20230903-15-10-21|20230903-16-32-28|20230903-18-20-19|20230903-19-07-30|20230904-15-09-05|20230909-14-26-56|20230909-15-40-07|20230909-16-14-25|20230909-16-48-09|20240426-22-49-55|20240430-21-04-44|20240526-17-36-55|20240526-19-18-14|20240626-12-35-05|20240626-13-22-25|20240626-13-55-40|20240629-20-22-10|20240828-14-57-38|20240828-15-51-58|20240828-16-23-54|20240829-13-39-15|20240902-15-36-41|20240902-16-12-10|20240902-18-09-07|20240902-18-51-10|20240902-20-11-40|20240904-16-13-38|20240904-17-29-27|20240917-20-18-26|20240917-21-32-57
rld,4,SAAVL,9,20230506-12-56-00|20230506-15-33-51|20240626-12-35-05|20240629-17-55-55|20240724-17-40-58|20240828-15-51-58|20240902-16-12-10|20240902-18-51-10|20240902-20-11-40
rld,4,SAAVR,11,20230506-15-01-45|20230506-15-33-51|20240526-17-36-55|20240526-19-18-14|20240724-15-48-55|20240724-16-28-26|20240902-15-36-41|20240902-18-09-07|20240902-20-11-40|20240917-20-18-26|20240917-21-32-57
rld,4,SIADL,1,20230506-12-56-00
rld,4,SIADR,2,20230506-12-56-00|20230506-15-01-45
rld,4,SIAR,1,20240629-17-55-55
rld,4,SIAVL,1,20230904-15-09-05
rld,4,SIAVR,1,20230506-15-01-45
rld,4,SIBDR,1,20230506-12-56-00
rld,4,SIBVL,1,20230510-12-53-34
rld,4,SMBDL,1,20230412-20-15-17
rld,4,SMBDR,2,20221106-21-47-31|20230904-15-09-05
rld,4,SMBVL,4,20221106-21-00-09|20230322-22-43-03|20230510-12-53-34|20230904-15-09-05
rld,4,SMBVR,6,20221106-21-47-31|20230506-12-56-00|20230510-13-25-46|20230904-15-09-05|20230909-16-48-09|20240626-13-22-25
rld,4,SMDDL,21,20221106-21-00-09|20230322-21-41-10|20230322-22-43-03|20230506-15-33-51|20230510-12-53-34|20230510-15-49-47|20230903-16-32-28|20230909-16-48-09|20230921-17-15-33|20240626-12-35-05|20240828-14-57-38|20240828-15-51-58|20240828-16-23-54|20240902-16-12-10|20240902-18-09-07|20240902-18-51-10|20240902-20-11-40|20240904-16-13-38|20240904-17-29-27|20240917-21-32-57|20240917-22-37-14
rld,4,SMDDR,28,20221106-21-47-31|20230412-20-15-17|20230506-15-01-45|20230510-13-25-46|20230510-15-49-47|20230903-19-07-30|20230909-16-14-25|20230909-16-48-09|20240427-12-43-44|20240430-21-04-44|20240526-19-18-14|20240626-13-22-25|20240629-20-22-10|20240714-16-04-26|20240724-15-07-00|20240724-15-48-55|20240724-16-28-26|20240828-15-51-58|20240828-16-23-54|20240902-15-36-41|20240902-16-12-10|20240902-18-09-07|20240902-18-51-10|20240902-20-11-40|20240904-16-13-38|20240904-17-29-27|20240917-20-18-26|20240917-21-32-57
rld,4,SMDVL,34,20221106-21-00-09|20230322-21-41-10|20230322-22-43-03|20230412-20-15-17|20230502-20-41-23|20230506-15-01-45|20230506-15-33-51|20230510-12-53-34|20230510-13-25-46|20230510-15-49-47|20230604-15-10-44|20230604-16-22-56|20230903-16-32-28|20230903-18-20-19|20230904-15-09-05|20230921-17-15-33|20240426-22-49-55|20240626-12-35-05|20240629-17-55-55|20240724-17-40-58|20240828-14-57-38|20240828-15-51-58|20240828-16-23-54|20240829-13-39-15|20240902-15-36-41|20240902-16-12-10|20240902-18-09-07|20240902-18-51-10|20240902-20-11-40|20240904-16-13-38|20240904-17-29-27|20240917-20-18-26|20240917-21-32-57|20240917-22-37-14
rld,4,SMDVR,42,20221106-21-47-31|20230317-12-27-51|20230412-20-15-17|20230506-12-56-00|20230506-15-01-45|20230506-15-33-51|20230510-13-25-46|20230510-15-49-47|20230604-15-50-12|20230604-17-09-01|20230903-15-10-21|20230903-19-07-30|20230904-15-09-05|20230909-14-26-56|20230909-15-40-07|20230909-16-14-25|20230909-16-48-09|20240427-12-43-44|20240430-21-04-44|20240526-17-36-55|20240526-19-18-14|20240626-13-22-25|20240626-13-55-40|20240629-20-22-10|20240714-16-04-26|20240724-15-07-00|20240724-15-48-55|20240724-16-28-26|20240828-14-57-38|20240828-15-51-58|20240828-16-23-54|20240829-13-39-15|20240902-15-36-41|20240902-16-12-10|20240902-18-09-07|20240902-18-51-10|20240902-20-11-40|20240904-16-13-38|20240904-17-29-27|20240917-20-18-26|20240917-21-32-57|20240917-22-37-14
rld,4,URADL,1,20230510-12-53-34
rld,4,URADR,4,20221106-21-00-09|20230506-12-56-00|20230510-13-25-46|20230909-16-48-09
rld,4,URBL,3,20230322-21-41-10|20230510-12-53-34|20230510-15-49-47
rld,4,URBR,2,20230510-13-25-46|20230909-16-48-09
rld,4,URXL,11,20221106-21-47-31|20230322-22-43-03|20230510-15-49-47|20230909-14-26-56|20230909-16-48-09|20240828-14-57-38|20240828-15-51-58|20240904-16-13-38|20240904-17-29-27|20240917-20-18-26|20240917-22-37-14
rld,4,URXR,10,20221106-21-00-09|20221106-21-47-31|20230510-13-25-46|20230904-15-09-05|20230909-14-26-56|20230909-15-40-07|20230909-16-48-09|20240904-16-13-38|20240904-17-29-27|20240917-20-18-26
rld,4,URXVR,2,20230412-20-15-17|20230506-15-33-51
rld,4,URYDL,2,20230510-12-53-34|20230510-13-25-46
rld,4,URYDR,5,20230506-15-01-45|20230510-12-53-34|20230510-13-25-46|20230909-15-40-07|20230909-16-48-09
rld,4,URYVL,3,20230510-12-53-34|20230510-13-25-46|20230510-15-49-47
rld,4,URYVR,8,20221106-21-47-31|20230412-20-15-17|20230506-12-56-00|20230506-15-01-45|20230510-13-25-46|20230510-15-49-47|20230904-15-09-05|20230909-15-40-07
rld,4,VB1,2,20221106-21-47-31|20230510-12-53-34
rld,4,VB2,2,20221106-21-47-31|20230904-15-09-05
