query_worm,source_path,node_index,identity,candidate_covered,prediction_slot,prediction_identity,rank,correct,top5_correct,reciprocal_rank,target_probability,dustbin_top1,top1_with_dustbin_correct,hungarian_prediction_slot,hungarian_correct
2022-07-15-12,/home/ubuntu/klb/nuclr/nuclr/Data/Atanas_SF_unified_000776/cv5_grouped_v1/fold_2/test/train__2022-07-15-12__9b6ec5ed.npz,1,M3L,1,83,M3L,1,1,1,1.0,0.9537388682365417,0,1,83,1
2022-07-15-12,/home/ubuntu/klb/nuclr/nuclr/Data/Atanas_SF_unified_000776/cv5_grouped_v1/fold_2/test/train__2022-07-15-12__9b6ec5ed.npz,2,OLQDR,1,95,OLQDR,1,1,1,1.0,0.9161531329154968,0,1,95,1
2022-07-15-12,/home/ubuntu/klb/nuclr/nuclr/Data/Atanas_SF_unified_000776/cv5_grouped_v1/fold_2/test/train__2022-07-15-12__9b6ec5ed.npz,3,URAVR,1,127,SAADR,2,0,1,0.5,0.03419589623808861,0,0,127,0
2022-07-15-12,/home/ubuntu/klb/nuclr/nuclr/Data/Atanas_SF_unified_000776/cv5_grouped_v1/fold_2/test/train__2022-07-15-12__9b6ec5ed.npz,4,OLLR,1,93,OLLR,1,1,1,1.0,0.5318310856819153,0,1,93,1
2022-07-15-12,/home/ubuntu/klb/nuclr/nuclr/Data/Atanas_SF_unified_000776/cv5_grouped_v1/fold_2/test/train__2022-07-15-12__9b6ec5ed.npz,5,MCL,1,87,MCL,1,1,1,1.0,0.9195621013641357,0,1,87,1
2022-07-15-12,/home/ubuntu/klb/nuclr/nuclr/Data/Atanas_SF_unified_000776/cv5_grouped_v1/fold_2/test/train__2022-07-15-12__9b6ec5ed.npz,6,OLQVL,1,96,OLQVL,1,1,1,1.0,0.9320356845855713,0,1,96,1
2022-07-15-12,/home/ubuntu/klb/nuclr/nuclr/Data/Atanas_SF_unified_000776/cv5_grouped_v1/fold_2/test/train__2022-07-15-12__9b6ec5ed.npz,7,IL1L,1,72,IL1L,1,1,1,1.0,0.906745970249176,0,1,72,1
2022-07-15-12,/home/ubuntu/klb/nuclr/nuclr/Data/Atanas_SF_unified_000776/cv5_grouped_v1/fold_2/test/train__2022-07-15-12__9b6ec5ed.npz,8,AVL,1,12,AIMR,3,0,1,0.3333333333333333,0.032844845205545425,0,0,12,0
2022-07-15-12,/home/ubuntu/klb/nuclr/nuclr/Data/Atanas_SF_unified_000776/cv5_grouped_v1/fold_2/test/train__2022-07-15-12__9b6ec5ed.npz,10,BAGL,1,54,BAGL,1,1,1,1.0,0.9422087073326111,0,1,54,1
2022-07-15-12,/home/ubuntu/klb/nuclr/nuclr/Data/Atanas_SF_unified_000776/cv5_grouped_v1/fold_2/test/train__2022-07-15-12__9b6ec5ed.npz,12,M3R,1,84,M3R,1,1,1,1.0,0.9419921636581421,0,1,84,1
2022-07-15-12,/home/ubuntu/klb/nuclr/nuclr/Data/Atanas_SF_unified_000776/cv5_grouped_v1/fold_2/test/train__2022-07-15-12__9b6ec5ed.npz,13,RMDDR,1,114,RMDDR,1,1,1,1.0,0.9428616762161255,0,1,114,1
2022-07-15-12,/home/ubuntu/klb/nuclr/nuclr/Data/Atanas_SF_unified_000776/cv5_grouped_v1/fold_2/test/train__2022-07-15-12__9b6ec5ed.npz,14,NSML,1,90,NSML,1,1,1,1.0,0.9355934858322144,0,1,90,1
2022-07-15-12,/home/ubuntu/klb/nuclr/nuclr/Data/Atanas_SF_unified_000776/cv5_grouped_v1/fold_2/test/train__2022-07-15-12__9b6ec5ed.npz,15,AIBR,1,10,AIBR,1,1,1,1.0,0.7901515364646912,0,1,10,1
2022-07-15-12,/home/ubuntu/klb/nuclr/nuclr/Data/Atanas_SF_unified_000776/cv5_grouped_v1/fold_2/test/train__2022-07-15-12__9b6ec5ed.npz,16,AWCL,1,52,AWCL,1,1,1,1.0,0.9295400381088257,0,1,52,1
2022-07-15-12,/home/ubuntu/klb/nuclr/nuclr/Data/Atanas_SF_unified_000776/cv5_grouped_v1/fold_2/test/train__2022-07-15-12__9b6ec5ed.npz,17,ASGL,1,23,ASGL,1,1,1,1.0,0.8095855712890625,0,1,23,1
2022-07-15-12,/home/ubuntu/klb/nuclr/nuclr/Data/Atanas_SF_unified_000776/cv5_grouped_v1/fold_2/test/train__2022-07-15-12__9b6ec5ed.npz,19,RIS,1,151,VB02,6,0,0,0.16666666666666666,0.00014291558181867003,0,0,151,0
2022-07-15-12,/home/ubuntu/klb/nuclr/nuclr/Data/Atanas_SF_unified_000776/cv5_grouped_v1/fold_2/test/train__2022-07-15-12__9b6ec5ed.npz,22,ASJL,1,100,RIBL,2,0,1,0.5,0.05352891609072685,0,0,100,0
2022-07-15-12,/home/ubuntu/klb/nuclr/nuclr/Data/Atanas_SF_unified_000776/cv5_grouped_v1/fold_2/test/train__2022-07-15-12__9b6ec5ed.npz,24,IL2DL,1,76,IL2DL,1,1,1,1.0,0.9544782042503357,0,1,76,1
2022-07-15-12,/home/ubuntu/klb/nuclr/nuclr/Data/Atanas_SF_unified_000776/cv5_grouped_v1/fold_2/test/train__2022-07-15-12__9b6ec5ed.npz,25,AVER,1,41,AVER,1,1,1,1.0,0.8542141318321228,0,1,41,1
2022-07-15-12,/home/ubuntu/klb/nuclr/nuclr/Data/Atanas_SF_unified_000776/cv5_grouped_v1/fold_2/test/train__2022-07-15-12__9b6ec5ed.npz,28,AWBL,1,50,AWBL,1,1,1,1.0,0.9571494460105896,0,1,50,1
2022-07-15-12,/home/ubuntu/klb/nuclr/nuclr/Data/Atanas_SF_unified_000776/cv5_grouped_v1/fold_2/test/train__2022-07-15-12__9b6ec5ed.npz,29,CEPVL,1,59,CEPVR,3,0,1,0.3333333333333333,0.006139365490525961,0,0,59,0
2022-07-15-12,/home/ubuntu/klb/nuclr/nuclr/Data/Atanas_SF_unified_000776/cv5_grouped_v1/fold_2/test/train__2022-07-15-12__9b6ec5ed.npz,30,RMDVL,1,117,RMDVL,1,1,1,1.0,0.937462329864502,0,1,117,1
2022-07-15-12,/home/ubuntu/klb/nuclr/nuclr/Data/Atanas_SF_unified_000776/cv5_grouped_v1/fold_2/test/train__2022-07-15-12__9b6ec5ed.npz,31,I2R,1,65,I2R,1,1,1,1.0,0.9592457413673401,0,1,65,1
2022-07-15-12,/home/ubuntu/klb/nuclr/nuclr/Data/Atanas_SF_unified_000776/cv5_grouped_v1/fold_2/test/train__2022-07-15-12__9b6ec5ed.npz,32,I1R,1,63,I1R,1,1,1,1.0,0.960974395275116,0,1,63,1
2022-07-15-12,/home/ubuntu/klb/nuclr/nuclr/Data/Atanas_SF_unified_000776/cv5_grouped_v1/fold_2/test/train__2022-07-15-12__9b6ec5ed.npz,33,AIML,1,46,AVKR,4,0,1,0.25,0.00803440436720848,1,0,46,0
2022-07-15-12,/home/ubuntu/klb/nuclr/nuclr/Data/Atanas_SF_unified_000776/cv5_grouped_v1/fold_2/test/train__2022-07-15-12__9b6ec5ed.npz,34,OLQVR,1,97,OLQVR,1,1,1,1.0,0.9459441900253296,0,1,97,1
2022-07-15-12,/home/ubuntu/klb/nuclr/nuclr/Data/Atanas_SF_unified_000776/cv5_grouped_v1/fold_2/test/train__2022-07-15-12__9b6ec5ed.npz,35,AIZL,1,17,AIZL,1,1,1,1.0,0.9575977325439453,0,1,17,1
2022-07-15-12,/home/ubuntu/klb/nuclr/nuclr/Data/Atanas_SF_unified_000776/cv5_grouped_v1/fold_2/test/train__2022-07-15-12__9b6ec5ed.npz,37,URYDR,1,147,URYDL,27,0,0,0.037037037037037035,1.5012817655701838e-08,0,0,147,0
2022-07-15-12,/home/ubuntu/klb/nuclr/nuclr/Data/Atanas_SF_unified_000776/cv5_grouped_v1/fold_2/test/train__2022-07-15-12__9b6ec5ed.npz,38,AVAR,1,35,AVAR,1,1,1,1.0,0.9584506750106812,0,1,35,1
2022-07-15-12,/home/ubuntu/klb/nuclr/nuclr/Data/Atanas_SF_unified_000776/cv5_grouped_v1/fold_2/test/train__2022-07-15-12__9b6ec5ed.npz,39,SMDVL,1,137,SMDVL,1,1,1,1.0,0.9574817419052124,0,1,137,1
2022-07-15-12,/home/ubuntu/klb/nuclr/nuclr/Data/Atanas_SF_unified_000776/cv5_grouped_v1/fold_2/test/train__2022-07-15-12__9b6ec5ed.npz,41,CEPDL,1,56,CEPDL,1,1,1,1.0,0.9526411890983582,0,1,56,1
2022-07-15-12,/home/ubuntu/klb/nuclr/nuclr/Data/Atanas_SF_unified_000776/cv5_grouped_v1/fold_2/test/train__2022-07-15-12__9b6ec5ed.npz,43,RMDR,1,116,RMDR,1,1,1,1.0,0.8053763508796692,0,1,116,1
2022-07-15-12,/home/ubuntu/klb/nuclr/nuclr/Data/Atanas_SF_unified_000776/cv5_grouped_v1/fold_2/test/train__2022-07-15-12__9b6ec5ed.npz,44,AVHR,0,42,AVHL,,0,0,0.0,,0,0,42,0
2022-07-15-12,/home/ubuntu/klb/nuclr/nuclr/Data/Atanas_SF_unified_000776/cv5_grouped_v1/fold_2/test/train__2022-07-15-12__9b6ec5ed.npz,45,AVDL,1,38,AVDL,1,1,1,1.0,0.9358558058738708,0,1,38,1
2022-07-15-12,/home/ubuntu/klb/nuclr/nuclr/Data/Atanas_SF_unified_000776/cv5_grouped_v1/fold_2/test/train__2022-07-15-12__9b6ec5ed.npz,46,RMDDL,1,113,RMDDL,1,1,1,1.0,0.9072481393814087,0,1,113,1
2022-07-15-12,/home/ubuntu/klb/nuclr/nuclr/Data/Atanas_SF_unified_000776/cv5_grouped_v1/fold_2/test/train__2022-07-15-12__9b6ec5ed.npz,48,RMER,1,121,RMER,1,1,1,1.0,0.9587875008583069,0,1,121,1
2022-07-15-12,/home/ubuntu/klb/nuclr/nuclr/Data/Atanas_SF_unified_000776/cv5_grouped_v1/fold_2/test/train__2022-07-15-12__9b6ec5ed.npz,49,SAAVR,1,99,RIAR,3,0,1,0.3333333333333333,0.05980689451098442,0,0,99,0
2022-07-15-12,/home/ubuntu/klb/nuclr/nuclr/Data/Atanas_SF_unified_000776/cv5_grouped_v1/fold_2/test/train__2022-07-15-12__9b6ec5ed.npz,50,RIVL,1,111,RIVL,1,1,1,1.0,0.9604782462120056,0,1,111,1
2022-07-15-12,/home/ubuntu/klb/nuclr/nuclr/Data/Atanas_SF_unified_000776/cv5_grouped_v1/fold_2/test/train__2022-07-15-12__9b6ec5ed.npz,51,RMDVR,1,118,RMDVR,1,1,1,1.0,0.8829084038734436,0,1,118,1
2022-07-15-12,/home/ubuntu/klb/nuclr/nuclr/Data/Atanas_SF_unified_000776/cv5_grouped_v1/fold_2/test/train__2022-07-15-12__9b6ec5ed.npz,52,AIYR,1,20,AQR,2,0,1,0.5,0.42400866746902466,0,0,16,1
2022-07-15-12,/home/ubuntu/klb/nuclr/nuclr/Data/Atanas_SF_unified_000776/cv5_grouped_v1/fold_2/test/train__2022-07-15-12__9b6ec5ed.npz,53,RMEV,1,122,RMEV,1,1,1,1.0,0.7660343050956726,0,1,122,1
2022-07-15-12,/home/ubuntu/klb/nuclr/nuclr/Data/Atanas_SF_unified_000776/cv5_grouped_v1/fold_2/test/train__2022-07-15-12__9b6ec5ed.npz,54,I1L,1,62,I1L,1,1,1,1.0,0.944601833820343,0,1,62,1
2022-07-15-12,/home/ubuntu/klb/nuclr/nuclr/Data/Atanas_SF_unified_000776/cv5_grouped_v1/fold_2/test/train__2022-07-15-12__9b6ec5ed.npz,55,AVJL,1,43,AVJL,1,1,1,1.0,0.9224861264228821,0,1,43,1
2022-07-15-12,/home/ubuntu/klb/nuclr/nuclr/Data/Atanas_SF_unified_000776/cv5_grouped_v1/fold_2/test/train__2022-07-15-12__9b6ec5ed.npz,56,SMDDR,1,110,RIS,4,0,1,0.25,0.007964197546243668,0,0,110,0
2022-07-15-12,/home/ubuntu/klb/nuclr/nuclr/Data/Atanas_SF_unified_000776/cv5_grouped_v1/fold_2/test/train__2022-07-15-12__9b6ec5ed.npz,57,RICL,1,102,RICL,1,1,1,1.0,0.9492082595825195,0,1,102,1
2022-07-15-12,/home/ubuntu/klb/nuclr/nuclr/Data/Atanas_SF_unified_000776/cv5_grouped_v1/fold_2/test/train__2022-07-15-12__9b6ec5ed.npz,58,AVJR,1,39,AVDR,4,0,1,0.25,0.004117743577808142,0,0,39,0
2022-07-15-12,/home/ubuntu/klb/nuclr/nuclr/Data/Atanas_SF_unified_000776/cv5_grouped_v1/fold_2/test/train__2022-07-15-12__9b6ec5ed.npz,59,IL2VR,1,81,IL2VR,1,1,1,1.0,0.9606193900108337,0,1,81,1
2022-07-15-12,/home/ubuntu/klb/nuclr/nuclr/Data/Atanas_SF_unified_000776/cv5_grouped_v1/fold_2/test/train__2022-07-15-12__9b6ec5ed.npz,62,RIH,1,105,RIH,1,1,1,1.0,0.7941160798072815,0,1,105,1
2022-07-15-12,/home/ubuntu/klb/nuclr/nuclr/Data/Atanas_SF_unified_000776/cv5_grouped_v1/fold_2/test/train__2022-07-15-12__9b6ec5ed.npz,63,SMBVR,1,20,AQR,5,0,1,0.2,0.018539082258939743,1,0,20,0
2022-07-15-12,/home/ubuntu/klb/nuclr/nuclr/Data/Atanas_SF_unified_000776/cv5_grouped_v1/fold_2/test/train__2022-07-15-12__9b6ec5ed.npz,66,IL1DL,1,70,IL1DL,1,1,1,1.0,0.9236904382705688,0,1,70,1
2022-07-15-12,/home/ubuntu/klb/nuclr/nuclr/Data/Atanas_SF_unified_000776/cv5_grouped_v1/fold_2/test/train__2022-07-15-12__9b6ec5ed.npz,67,URYVR,1,150,URYVR,1,1,1,1.0,0.9254472851753235,0,1,150,1
2022-07-15-12,/home/ubuntu/klb/nuclr/nuclr/Data/Atanas_SF_unified_000776/cv5_grouped_v1/fold_2/test/train__2022-07-15-12__9b6ec5ed.npz,69,URYVL,1,149,URYVL,1,1,1,1.0,0.9580631852149963,0,1,149,1
2022-07-15-12,/home/ubuntu/klb/nuclr/nuclr/Data/Atanas_SF_unified_000776/cv5_grouped_v1/fold_2/test/train__2022-07-15-12__9b6ec5ed.npz,70,AIBL,1,9,AIBL,1,1,1,1.0,0.9510005116462708,0,1,9,1
2022-07-15-12,/home/ubuntu/klb/nuclr/nuclr/Data/Atanas_SF_unified_000776/cv5_grouped_v1/fold_2/test/train__2022-07-15-12__9b6ec5ed.npz,71,OLQDL,1,94,OLQDL,1,1,1,1.0,0.9221967458724976,0,1,94,1
2022-07-15-12,/home/ubuntu/klb/nuclr/nuclr/Data/Atanas_SF_unified_000776/cv5_grouped_v1/fold_2/test/train__2022-07-15-12__9b6ec5ed.npz,72,RIR,1,109,RIR,1,1,1,1.0,0.6781964898109436,0,1,109,1
2022-07-15-12,/home/ubuntu/klb/nuclr/nuclr/Data/Atanas_SF_unified_000776/cv5_grouped_v1/fold_2/test/train__2022-07-15-12__9b6ec5ed.npz,76,CEPVR,1,59,CEPVR,1,1,1,1.0,0.3863390386104584,1,0,136,0
2022-07-15-12,/home/ubuntu/klb/nuclr/nuclr/Data/Atanas_SF_unified_000776/cv5_grouped_v1/fold_2/test/train__2022-07-15-12__9b6ec5ed.npz,78,URADL,1,139,URADL,1,1,1,1.0,0.6660933494567871,0,1,139,1
2022-07-15-12,/home/ubuntu/klb/nuclr/nuclr/Data/Atanas_SF_unified_000776/cv5_grouped_v1/fold_2/test/train__2022-07-15-12__9b6ec5ed.npz,79,IL2DR,1,77,IL2DR,1,1,1,1.0,0.9443488121032715,0,1,77,1
2022-07-15-12,/home/ubuntu/klb/nuclr/nuclr/Data/Atanas_SF_unified_000776/cv5_grouped_v1/fold_2/test/train__2022-07-15-12__9b6ec5ed.npz,80,SMDDL,1,135,SMDDL,1,1,1,1.0,0.9378920197486877,0,1,135,1
2022-07-15-12,/home/ubuntu/klb/nuclr/nuclr/Data/Atanas_SF_unified_000776/cv5_grouped_v1/fold_2/test/train__2022-07-15-12__9b6ec5ed.npz,81,ADAL,1,0,ADAL,1,1,1,1.0,0.9541550874710083,0,1,0,1
2022-07-15-12,/home/ubuntu/klb/nuclr/nuclr/Data/Atanas_SF_unified_000776/cv5_grouped_v1/fold_2/test/train__2022-07-15-12__9b6ec5ed.npz,82,RID,1,104,RID,1,1,1,1.0,0.9608956575393677,0,1,104,1
2022-07-15-12,/home/ubuntu/klb/nuclr/nuclr/Data/Atanas_SF_unified_000776/cv5_grouped_v1/fold_2/test/train__2022-07-15-12__9b6ec5ed.npz,83,IL1DR,1,71,IL1DR,1,1,1,1.0,0.9491602778434753,0,1,71,1
2022-07-15-12,/home/ubuntu/klb/nuclr/nuclr/Data/Atanas_SF_unified_000776/cv5_grouped_v1/fold_2/test/train__2022-07-15-12__9b6ec5ed.npz,84,URYDL,1,148,URYDR,14,0,0,0.07142857142857142,1.5145275256145396e-06,0,0,148,0
2022-07-15-12,/home/ubuntu/klb/nuclr/nuclr/Data/Atanas_SF_unified_000776/cv5_grouped_v1/fold_2/test/train__2022-07-15-12__9b6ec5ed.npz,86,MI,1,89,MI,1,1,1,1.0,0.9581074714660645,0,1,89,1
2022-07-15-12,/home/ubuntu/klb/nuclr/nuclr/Data/Atanas_SF_unified_000776/cv5_grouped_v1/fold_2/test/train__2022-07-15-12__9b6ec5ed.npz,87,AVBL,1,36,AVBL,1,1,1,1.0,0.7876893877983093,0,1,36,1
2022-07-15-12,/home/ubuntu/klb/nuclr/nuclr/Data/Atanas_SF_unified_000776/cv5_grouped_v1/fold_2/test/train__2022-07-15-12__9b6ec5ed.npz,89,AWAR,1,49,AWAR,1,1,1,1.0,0.6986435651779175,0,1,49,1
2022-07-15-12,/home/ubuntu/klb/nuclr/nuclr/Data/Atanas_SF_unified_000776/cv5_grouped_v1/fold_2/test/train__2022-07-15-12__9b6ec5ed.npz,93,URXL,1,146,URXR,2,0,1,0.5,0.11909696459770203,0,0,146,0
2022-07-15-12,/home/ubuntu/klb/nuclr/nuclr/Data/Atanas_SF_unified_000776/cv5_grouped_v1/fold_2/test/train__2022-07-15-12__9b6ec5ed.npz,95,IL1R,1,73,IL1R,1,1,1,1.0,0.958009660243988,0,1,73,1
2022-07-15-12,/home/ubuntu/klb/nuclr/nuclr/Data/Atanas_SF_unified_000776/cv5_grouped_v1/fold_2/test/train__2022-07-15-12__9b6ec5ed.npz,98,RMGL,1,124,RMGL,1,1,1,1.0,0.9582445621490479,0,1,124,1
2022-07-15-12,/home/ubuntu/klb/nuclr/nuclr/Data/Atanas_SF_unified_000776/cv5_grouped_v1/fold_2/test/train__2022-07-15-12__9b6ec5ed.npz,100,I3,1,66,I3,1,1,1,1.0,0.960638165473938,0,1,66,1
2022-07-15-12,/home/ubuntu/klb/nuclr/nuclr/Data/Atanas_SF_unified_000776/cv5_grouped_v1/fold_2/test/train__2022-07-15-12__9b6ec5ed.npz,101,IL1VL,1,74,IL1VL,1,1,1,1.0,0.9600611329078674,0,1,74,1
2022-07-15-12,/home/ubuntu/klb/nuclr/nuclr/Data/Atanas_SF_unified_000776/cv5_grouped_v1/fold_2/test/train__2022-07-15-12__9b6ec5ed.npz,102,AWBR,1,44,AVJR,2,0,1,0.5,0.29762017726898193,0,0,44,0
2022-07-15-12,/home/ubuntu/klb/nuclr/nuclr/Data/Atanas_SF_unified_000776/cv5_grouped_v1/fold_2/test/train__2022-07-15-12__9b6ec5ed.npz,103,ASEL,1,21,ASEL,1,1,1,1.0,0.9555005431175232,0,1,21,1
2022-07-15-12,/home/ubuntu/klb/nuclr/nuclr/Data/Atanas_SF_unified_000776/cv5_grouped_v1/fold_2/test/train__2022-07-15-12__9b6ec5ed.npz,104,IL2L,1,78,IL2L,1,1,1,1.0,0.7565438747406006,0,1,78,1
2022-07-15-12,/home/ubuntu/klb/nuclr/nuclr/Data/Atanas_SF_unified_000776/cv5_grouped_v1/fold_2/test/train__2022-07-15-12__9b6ec5ed.npz,106,AVEL,1,40,AVEL,1,1,1,1.0,0.8306319713592529,0,1,40,1
2022-07-15-12,/home/ubuntu/klb/nuclr/nuclr/Data/Atanas_SF_unified_000776/cv5_grouped_v1/fold_2/test/train__2022-07-15-12__9b6ec5ed.npz,107,ADEL,1,2,ADEL,1,1,1,1.0,0.9435124397277832,0,1,2,1
2022-07-15-12,/home/ubuntu/klb/nuclr/nuclr/Data/Atanas_SF_unified_000776/cv5_grouped_v1/fold_2/test/train__2022-07-15-12__9b6ec5ed.npz,110,URAVL,1,58,CEPVL,5,0,1,0.2,0.0017507988959550858,0,0,58,0
2022-07-15-12,/home/ubuntu/klb/nuclr/nuclr/Data/Atanas_SF_unified_000776/cv5_grouped_v1/fold_2/test/train__2022-07-15-12__9b6ec5ed.npz,111,AWAL,1,48,AWAL,1,1,1,1.0,0.9583797454833984,0,1,48,1
2022-07-15-12,/home/ubuntu/klb/nuclr/nuclr/Data/Atanas_SF_unified_000776/cv5_grouped_v1/fold_2/test/train__2022-07-15-12__9b6ec5ed.npz,112,AIYL,1,15,AIYL,1,1,1,1.0,0.5534476041793823,0,1,15,1
2022-07-15-12,/home/ubuntu/klb/nuclr/nuclr/Data/Atanas_SF_unified_000776/cv5_grouped_v1/fold_2/test/train__2022-07-15-12__9b6ec5ed.npz,113,IL2VL,1,80,IL2VL,1,1,1,1.0,0.9551096558570862,0,1,80,1
2022-07-15-12,/home/ubuntu/klb/nuclr/nuclr/Data/Atanas_SF_unified_000776/cv5_grouped_v1/fold_2/test/train__2022-07-15-12__9b6ec5ed.npz,114,FLPL,1,60,FLPL,1,1,1,1.0,0.9356366991996765,0,1,60,1
2022-07-15-12,/home/ubuntu/klb/nuclr/nuclr/Data/Atanas_SF_unified_000776/cv5_grouped_v1/fold_2/test/train__2022-07-15-12__9b6ec5ed.npz,116,RIAL,1,98,RIAL,1,1,1,1.0,0.8553174734115601,0,1,98,1
2022-07-15-12,/home/ubuntu/klb/nuclr/nuclr/Data/Atanas_SF_unified_000776/cv5_grouped_v1/fold_2/test/train__2022-07-15-12__9b6ec5ed.npz,117,AVAL,1,34,AVAL,1,1,1,1.0,0.9607077836990356,0,1,34,1
2022-07-15-12,/home/ubuntu/klb/nuclr/nuclr/Data/Atanas_SF_unified_000776/cv5_grouped_v1/fold_2/test/train__2022-07-15-12__9b6ec5ed.npz,118,I2L,1,64,I2L,1,1,1,1.0,0.9505380392074585,0,1,64,1
2022-07-15-12,/home/ubuntu/klb/nuclr/nuclr/Data/Atanas_SF_unified_000776/cv5_grouped_v1/fold_2/test/train__2022-07-15-12__9b6ec5ed.npz,119,AIMR,1,11,AIML,4,0,1,0.25,0.021269235759973526,0,0,11,0
2022-07-15-12,/home/ubuntu/klb/nuclr/nuclr/Data/Atanas_SF_unified_000776/cv5_grouped_v1/fold_2/test/train__2022-07-15-12__9b6ec5ed.npz,120,SAAVL,1,128,SAAVL,1,1,1,1.0,0.9183334112167358,0,1,128,1
2022-07-15-12,/home/ubuntu/klb/nuclr/nuclr/Data/Atanas_SF_unified_000776/cv5_grouped_v1/fold_2/test/train__2022-07-15-12__9b6ec5ed.npz,122,URBL,1,143,URBL,1,1,1,1.0,0.925663948059082,0,1,143,1
2022-07-15-12,/home/ubuntu/klb/nuclr/nuclr/Data/Atanas_SF_unified_000776/cv5_grouped_v1/fold_2/test/train__2022-07-15-12__9b6ec5ed.npz,124,AUAL,1,32,AUAL,1,1,1,1.0,0.9473828077316284,0,1,32,1
2022-07-15-12,/home/ubuntu/klb/nuclr/nuclr/Data/Atanas_SF_unified_000776/cv5_grouped_v1/fold_2/test/train__2022-07-15-12__9b6ec5ed.npz,126,NSMR,1,88,MCR,2,0,1,0.5,0.2960643172264099,0,0,88,0
2022-07-15-12,/home/ubuntu/klb/nuclr/nuclr/Data/Atanas_SF_unified_000776/cv5_grouped_v1/fold_2/test/train__2022-07-15-12__9b6ec5ed.npz,127,IL1VR,1,75,IL1VR,1,1,1,1.0,0.9581832885742188,0,1,75,1
2022-07-15-12,/home/ubuntu/klb/nuclr/nuclr/Data/Atanas_SF_unified_000776/cv5_grouped_v1/fold_2/test/train__2022-07-15-12__9b6ec5ed.npz,130,AINL,1,13,AINL,1,1,1,1.0,0.9601014256477356,0,1,13,1
2023-01-06-01,/home/ubuntu/klb/nuclr/nuclr/Data/Atanas_SF_unified_000776/cv5_grouped_v1/fold_2/test/train__2023-01-06-01__2f6875a2.npz,6,URADL,1,139,URADL,1,1,1,1.0,0.9433150887489319,0,1,139,1
2023-01-06-01,/home/ubuntu/klb/nuclr/nuclr/Data/Atanas_SF_unified_000776/cv5_grouped_v1/fold_2/test/train__2023-01-06-01__2f6875a2.npz,8,M5,1,86,M5,1,1,1,1.0,0.7221320271492004,0,1,86,1
2023-01-06-01,/home/ubuntu/klb/nuclr/nuclr/Data/Atanas_SF_unified_000776/cv5_grouped_v1/fold_2/test/train__2023-01-06-01__2f6875a2.npz,11,IL2L,1,83,M3L,2,0,1,0.5,0.08747844398021698,0,0,83,0
2023-01-06-01,/home/ubuntu/klb/nuclr/nuclr/Data/Atanas_SF_unified_000776/cv5_grouped_v1/fold_2/test/train__2023-01-06-01__2f6875a2.npz,12,RMED,1,119,RMED,1,1,1,1.0,0.9379586577415466,0,1,119,1
2023-01-06-01,/home/ubuntu/klb/nuclr/nuclr/Data/Atanas_SF_unified_000776/cv5_grouped_v1/fold_2/test/train__2023-01-06-01__2f6875a2.npz,13,MI,1,89,MI,1,1,1,1.0,0.9555976390838623,0,1,89,1
2023-01-06-01,/home/ubuntu/klb/nuclr/nuclr/Data/Atanas_SF_unified_000776/cv5_grouped_v1/fold_2/test/train__2023-01-06-01__2f6875a2.npz,14,ADEL,1,2,ADEL,1,1,1,1.0,0.4253735840320587,0,1,2,1
2023-01-06-01,/home/ubuntu/klb/nuclr/nuclr/Data/Atanas_SF_unified_000776/cv5_grouped_v1/fold_2/test/train__2023-01-06-01__2f6875a2.npz,15,URYDR,1,148,URYDR,1,1,1,1.0,0.45420393347740173,0,1,148,1
2023-01-06-01,/home/ubuntu/klb/nuclr/nuclr/Data/Atanas_SF_unified_000776/cv5_grouped_v1/fold_2/test/train__2023-01-06-01__2f6875a2.npz,17,M4,1,85,M4,1,1,1,1.0,0.8257162570953369,0,1,85,1
2023-01-06-01,/home/ubuntu/klb/nuclr/nuclr/Data/Atanas_SF_unified_000776/cv5_grouped_v1/fold_2/test/train__2023-01-06-01__2f6875a2.npz,19,OLLR,1,93,OLLR,1,1,1,1.0,0.9300268292427063,0,1,93,1
2023-01-06-01,/home/ubuntu/klb/nuclr/nuclr/Data/Atanas_SF_unified_000776/cv5_grouped_v1/fold_2/test/train__2023-01-06-01__2f6875a2.npz,22,AIZL,1,17,AIZL,1,1,1,1.0,0.9482890367507935,0,1,17,1
2023-01-06-01,/home/ubuntu/klb/nuclr/nuclr/Data/Atanas_SF_unified_000776/cv5_grouped_v1/fold_2/test/train__2023-01-06-01__2f6875a2.npz,26,ASKL,1,4,ADLL,10,0,0,0.1,0.0005177980638109148,0,0,4,0
2023-01-06-01,/home/ubuntu/klb/nuclr/nuclr/Data/Atanas_SF_unified_000776/cv5_grouped_v1/fold_2/test/train__2023-01-06-01__2f6875a2.npz,27,I2L,1,64,I2L,1,1,1,1.0,0.9560838937759399,0,1,64,1
2023-01-06-01,/home/ubuntu/klb/nuclr/nuclr/Data/Atanas_SF_unified_000776/cv5_grouped_v1/fold_2/test/train__2023-01-06-01__2f6875a2.npz,28,URADR,1,144,URBR,3,0,1,0.3333333333333333,0.11949338763952255,0,0,144,0
2023-01-06-01,/home/ubuntu/klb/nuclr/nuclr/Data/Atanas_SF_unified_000776/cv5_grouped_v1/fold_2/test/train__2023-01-06-01__2f6875a2.npz,30,IL2DL,1,76,IL2DL,1,1,1,1.0,0.9526072144508362,0,1,76,1
2023-01-06-01,/home/ubuntu/klb/nuclr/nuclr/Data/Atanas_SF_unified_000776/cv5_grouped_v1/fold_2/test/train__2023-01-06-01__2f6875a2.npz,31,URBL,1,143,URBL,1,1,1,1.0,0.8816916942596436,0,1,143,1
2023-01-06-01,/home/ubuntu/klb/nuclr/nuclr/Data/Atanas_SF_unified_000776/cv5_grouped_v1/fold_2/test/train__2023-01-06-01__2f6875a2.npz,32,FLPL,1,60,FLPL,1,1,1,1.0,0.6595207452774048,0,1,60,1
2023-01-06-01,/home/ubuntu/klb/nuclr/nuclr/Data/Atanas_SF_unified_000776/cv5_grouped_v1/fold_2/test/train__2023-01-06-01__2f6875a2.npz,35,CEPDR,1,57,CEPDR,1,1,1,1.0,0.7172041535377502,0,1,57,1
2023-01-06-01,/home/ubuntu/klb/nuclr/nuclr/Data/Atanas_SF_unified_000776/cv5_grouped_v1/fold_2/test/train__2023-01-06-01__2f6875a2.npz,36,MCL,1,87,MCL,1,1,1,1.0,0.9024631977081299,0,1,87,1
2023-01-06-01,/home/ubuntu/klb/nuclr/nuclr/Data/Atanas_SF_unified_000776/cv5_grouped_v1/fold_2/test/train__2023-01-06-01__2f6875a2.npz,37,ASKR,1,5,ADLR,2,0,1,0.5,0.05029456317424774,0,0,5,0
2023-01-06-01,/home/ubuntu/klb/nuclr/nuclr/Data/Atanas_SF_unified_000776/cv5_grouped_v1/fold_2/test/train__2023-01-06-01__2f6875a2.npz,38,IL1VR,1,75,IL1VR,1,1,1,1.0,0.9056601524353027,0,1,75,1
2023-01-06-01,/home/ubuntu/klb/nuclr/nuclr/Data/Atanas_SF_unified_000776/cv5_grouped_v1/fold_2/test/train__2023-01-06-01__2f6875a2.npz,39,RIVL,1,111,RIVL,1,1,1,1.0,0.9486798048019409,0,1,111,1
2023-01-06-01,/home/ubuntu/klb/nuclr/nuclr/Data/Atanas_SF_unified_000776/cv5_grouped_v1/fold_2/test/train__2023-01-06-01__2f6875a2.npz,40,M3L,1,84,M3R,2,0,1,0.5,0.01363777182996273,0,0,84,0
2023-01-06-01,/home/ubuntu/klb/nuclr/nuclr/Data/Atanas_SF_unified_000776/cv5_grouped_v1/fold_2/test/train__2023-01-06-01__2f6875a2.npz,44,AVAR,1,35,AVAR,1,1,1,1.0,0.6376211643218994,0,1,35,1
2023-01-06-01,/home/ubuntu/klb/nuclr/nuclr/Data/Atanas_SF_unified_000776/cv5_grouped_v1/fold_2/test/train__2023-01-06-01__2f6875a2.npz,45,RMDL,1,135,SMDDL,2,0,1,0.5,0.054773423820734024,1,0,135,0
2023-01-06-01,/home/ubuntu/klb/nuclr/nuclr/Data/Atanas_SF_unified_000776/cv5_grouped_v1/fold_2/test/train__2023-01-06-01__2f6875a2.npz,47,SMDVL,1,137,SMDVL,1,1,1,1.0,0.47666463255882263,0,1,137,1
2023-01-06-01,/home/ubuntu/klb/nuclr/nuclr/Data/Atanas_SF_unified_000776/cv5_grouped_v1/fold_2/test/train__2023-01-06-01__2f6875a2.npz,48,SAAVL,1,98,RIAL,5,0,1,0.2,0.0010776945855468512,0,0,98,0
2023-01-06-01,/home/ubuntu/klb/nuclr/nuclr/Data/Atanas_SF_unified_000776/cv5_grouped_v1/fold_2/test/train__2023-01-06-01__2f6875a2.npz,49,CEPDL,1,56,CEPDL,1,1,1,1.0,0.8875114917755127,0,1,56,1
2023-01-06-01,/home/ubuntu/klb/nuclr/nuclr/Data/Atanas_SF_unified_000776/cv5_grouped_v1/fold_2/test/train__2023-01-06-01__2f6875a2.npz,53,RID,1,104,RID,1,1,1,1.0,0.820016622543335,0,1,104,1
2023-01-06-01,/home/ubuntu/klb/nuclr/nuclr/Data/Atanas_SF_unified_000776/cv5_grouped_v1/fold_2/test/train__2023-01-06-01__2f6875a2.npz,54,RIH,1,105,RIH,1,1,1,1.0,0.9062433242797852,0,1,105,1
2023-01-06-01,/home/ubuntu/klb/nuclr/nuclr/Data/Atanas_SF_unified_000776/cv5_grouped_v1/fold_2/test/train__2023-01-06-01__2f6875a2.npz,56,AINL,1,13,AINL,1,1,1,1.0,0.9213176965713501,0,1,13,1
2023-01-06-01,/home/ubuntu/klb/nuclr/nuclr/Data/Atanas_SF_unified_000776/cv5_grouped_v1/fold_2/test/train__2023-01-06-01__2f6875a2.npz,57,OLQDL,1,147,URYDL,5,0,1,0.2,0.0238772165030241,0,0,147,0
2023-01-06-01,/home/ubuntu/klb/nuclr/nuclr/Data/Atanas_SF_unified_000776/cv5_grouped_v1/fold_2/test/train__2023-01-06-01__2f6875a2.npz,60,IL1L,1,72,IL1L,1,1,1,1.0,0.7429848313331604,0,1,72,1
2023-01-06-01,/home/ubuntu/klb/nuclr/nuclr/Data/Atanas_SF_unified_000776/cv5_grouped_v1/fold_2/test/train__2023-01-06-01__2f6875a2.npz,63,RICL,1,67,I4,2,0,1,0.5,0.007749417796730995,1,0,67,0
2023-01-06-01,/home/ubuntu/klb/nuclr/nuclr/Data/Atanas_SF_unified_000776/cv5_grouped_v1/fold_2/test/train__2023-01-06-01__2f6875a2.npz,66,AUAL,1,32,AUAL,1,1,1,1.0,0.7327628135681152,0,1,32,1
2023-01-06-01,/home/ubuntu/klb/nuclr/nuclr/Data/Atanas_SF_unified_000776/cv5_grouped_v1/fold_2/test/train__2023-01-06-01__2f6875a2.npz,67,AVDL,1,38,AVDL,1,1,1,1.0,0.7743523120880127,0,1,38,1
2023-01-06-01,/home/ubuntu/klb/nuclr/nuclr/Data/Atanas_SF_unified_000776/cv5_grouped_v1/fold_2/test/train__2023-01-06-01__2f6875a2.npz,68,AIBL,1,9,AIBL,1,1,1,1.0,0.8138431906700134,0,1,9,1
2023-01-06-01,/home/ubuntu/klb/nuclr/nuclr/Data/Atanas_SF_unified_000776/cv5_grouped_v1/fold_2/test/train__2023-01-06-01__2f6875a2.npz,69,SMDVR,1,138,SMDVR,1,1,1,1.0,0.6212457418441772,0,1,138,1
2023-01-06-01,/home/ubuntu/klb/nuclr/nuclr/Data/Atanas_SF_unified_000776/cv5_grouped_v1/fold_2/test/train__2023-01-06-01__2f6875a2.npz,71,IL1R,1,79,IL2R,2,0,1,0.5,0.3775007724761963,0,0,79,0
2023-01-06-01,/home/ubuntu/klb/nuclr/nuclr/Data/Atanas_SF_unified_000776/cv5_grouped_v1/fold_2/test/train__2023-01-06-01__2f6875a2.npz,72,URXR,1,146,URXR,1,1,1,1.0,0.7085737586021423,0,1,146,1
2023-01-06-01,/home/ubuntu/klb/nuclr/nuclr/Data/Atanas_SF_unified_000776/cv5_grouped_v1/fold_2/test/train__2023-01-06-01__2f6875a2.npz,73,URAVL,1,149,URYVL,8,0,0,0.125,4.484070814214647e-06,0,0,149,0
2023-01-06-01,/home/ubuntu/klb/nuclr/nuclr/Data/Atanas_SF_unified_000776/cv5_grouped_v1/fold_2/test/train__2023-01-06-01__2f6875a2.npz,74,ASEL,1,21,ASEL,1,1,1,1.0,0.4305371940135956,0,1,21,1
2023-01-06-01,/home/ubuntu/klb/nuclr/nuclr/Data/Atanas_SF_unified_000776/cv5_grouped_v1/fold_2/test/train__2023-01-06-01__2f6875a2.npz,77,AVAL,1,34,AVAL,1,1,1,1.0,0.9524005055427551,0,1,34,1
2023-01-06-01,/home/ubuntu/klb/nuclr/nuclr/Data/Atanas_SF_unified_000776/cv5_grouped_v1/fold_2/test/train__2023-01-06-01__2f6875a2.npz,78,AVER,1,41,AVER,1,1,1,1.0,0.5507615804672241,0,1,41,1
2023-01-06-01,/home/ubuntu/klb/nuclr/nuclr/Data/Atanas_SF_unified_000776/cv5_grouped_v1/fold_2/test/train__2023-01-06-01__2f6875a2.npz,79,CEPVL,1,58,CEPVL,1,1,1,1.0,0.8007479310035706,0,1,58,1
2023-01-06-01,/home/ubuntu/klb/nuclr/nuclr/Data/Atanas_SF_unified_000776/cv5_grouped_v1/fold_2/test/train__2023-01-06-01__2f6875a2.npz,82,RMGL,1,124,RMGL,1,1,1,1.0,0.7181798219680786,0,1,124,1
2023-01-06-01,/home/ubuntu/klb/nuclr/nuclr/Data/Atanas_SF_unified_000776/cv5_grouped_v1/fold_2/test/train__2023-01-06-01__2f6875a2.npz,84,RMDVR,1,118,RMDVR,1,1,1,1.0,0.4495079815387726,0,1,118,1
2023-01-06-01,/home/ubuntu/klb/nuclr/nuclr/Data/Atanas_SF_unified_000776/cv5_grouped_v1/fold_2/test/train__2023-01-06-01__2f6875a2.npz,86,I3,1,66,I3,1,1,1,1.0,0.9553461074829102,0,1,66,1
2023-01-06-01,/home/ubuntu/klb/nuclr/nuclr/Data/Atanas_SF_unified_000776/cv5_grouped_v1/fold_2/test/train__2023-01-06-01__2f6875a2.npz,87,RMDVL,1,52,AWCL,2,0,1,0.5,0.14043167233467102,0,0,52,0
2023-01-06-01,/home/ubuntu/klb/nuclr/nuclr/Data/Atanas_SF_unified_000776/cv5_grouped_v1/fold_2/test/train__2023-01-06-01__2f6875a2.npz,88,RMEL,1,120,RMEL,1,1,1,1.0,0.6597192287445068,0,1,120,1
2023-01-06-01,/home/ubuntu/klb/nuclr/nuclr/Data/Atanas_SF_unified_000776/cv5_grouped_v1/fold_2/test/train__2023-01-06-01__2f6875a2.npz,89,RMER,1,121,RMER,1,1,1,1.0,0.9539130926132202,0,1,121,1
2023-01-06-01,/home/ubuntu/klb/nuclr/nuclr/Data/Atanas_SF_unified_000776/cv5_grouped_v1/fold_2/test/train__2023-01-06-01__2f6875a2.npz,90,AVEL,1,40,AVEL,1,1,1,1.0,0.874074399471283,0,1,40,1
2023-01-06-01,/home/ubuntu/klb/nuclr/nuclr/Data/Atanas_SF_unified_000776/cv5_grouped_v1/fold_2/test/train__2023-01-06-01__2f6875a2.npz,93,RMDDR,1,39,AVDR,5,0,1,0.2,0.0006041181040927768,0,0,39,0
2023-01-06-01,/home/ubuntu/klb/nuclr/nuclr/Data/Atanas_SF_unified_000776/cv5_grouped_v1/fold_2/test/train__2023-01-06-01__2f6875a2.npz,94,I1R,1,63,I1R,1,1,1,1.0,0.9558965563774109,0,1,63,1
2023-01-06-01,/home/ubuntu/klb/nuclr/nuclr/Data/Atanas_SF_unified_000776/cv5_grouped_v1/fold_2/test/train__2023-01-06-01__2f6875a2.npz,96,SMBVR,1,12,AIMR,11,0,0,0.09090909090909091,0.0003041946329176426,0,0,12,0
2023-01-06-01,/home/ubuntu/klb/nuclr/nuclr/Data/Atanas_SF_unified_000776/cv5_grouped_v1/fold_2/test/train__2023-01-06-01__2f6875a2.npz,97,I1L,1,62,I1L,1,1,1,1.0,0.936939537525177,0,1,62,1
2023-01-06-01,/home/ubuntu/klb/nuclr/nuclr/Data/Atanas_SF_unified_000776/cv5_grouped_v1/fold_2/test/train__2023-01-06-01__2f6875a2.npz,98,RMDDL,1,16,AIYR,28,0,0,0.03571428571428571,1.8509295207636e-09,0,0,16,0
2023-01-06-01,/home/ubuntu/klb/nuclr/nuclr/Data/Atanas_SF_unified_000776/cv5_grouped_v1/fold_2/test/train__2023-01-06-01__2f6875a2.npz,99,IL1VL,1,81,IL2VR,2,0,1,0.5,0.21165475249290466,0,0,81,0
2023-01-06-01,/home/ubuntu/klb/nuclr/nuclr/Data/Atanas_SF_unified_000776/cv5_grouped_v1/fold_2/test/train__2023-01-06-01__2f6875a2.npz,101,ADAL,1,0,ADAL,1,1,1,1.0,0.3956500291824341,0,1,0,1
2023-01-06-01,/home/ubuntu/klb/nuclr/nuclr/Data/Atanas_SF_unified_000776/cv5_grouped_v1/fold_2/test/train__2023-01-06-01__2f6875a2.npz,103,NSML,1,90,NSML,1,1,1,1.0,0.895330011844635,0,1,90,1
2023-01-06-01,/home/ubuntu/klb/nuclr/nuclr/Data/Atanas_SF_unified_000776/cv5_grouped_v1/fold_2/test/train__2023-01-06-01__2f6875a2.npz,105,IL2DR,1,77,IL2DR,1,1,1,1.0,0.9557580351829529,0,1,77,1
2023-01-06-01,/home/ubuntu/klb/nuclr/nuclr/Data/Atanas_SF_unified_000776/cv5_grouped_v1/fold_2/test/train__2023-01-06-01__2f6875a2.npz,106,URYVR,1,116,RMDR,2,0,1,0.5,0.47723522782325745,0,0,116,0
2023-01-06-01,/home/ubuntu/klb/nuclr/nuclr/Data/Atanas_SF_unified_000776/cv5_grouped_v1/fold_2/test/train__2023-01-06-01__2f6875a2.npz,107,AWBL,1,25,ASHL,2,0,1,0.5,0.33204513788223267,0,0,25,0
2023-01-06-01,/home/ubuntu/klb/nuclr/nuclr/Data/Atanas_SF_unified_000776/cv5_grouped_v1/fold_2/test/train__2023-01-06-01__2f6875a2.npz,108,OLQDR,1,95,OLQDR,1,1,1,1.0,0.7912917733192444,0,1,95,1
2023-01-06-01,/home/ubuntu/klb/nuclr/nuclr/Data/Atanas_SF_unified_000776/cv5_grouped_v1/fold_2/test/train__2023-01-06-01__2f6875a2.npz,109,IL1DL,1,70,IL1DL,1,1,1,1.0,0.5215895771980286,0,1,70,1
2023-01-06-01,/home/ubuntu/klb/nuclr/nuclr/Data/Atanas_SF_unified_000776/cv5_grouped_v1/fold_2/test/train__2023-01-06-01__2f6875a2.npz,116,OLQVL,1,96,OLQVL,1,1,1,1.0,0.82985919713974,0,1,96,1
2023-01-06-01,/home/ubuntu/klb/nuclr/nuclr/Data/Atanas_SF_unified_000776/cv5_grouped_v1/fold_2/test/train__2023-01-06-01__2f6875a2.npz,117,RMDR,1,130,SIBDR,7,0,0,0.14285714285714285,0.0006848975899629295,0,0,130,0
2023-01-06-01,/home/ubuntu/klb/nuclr/nuclr/Data/Atanas_SF_unified_000776/cv5_grouped_v1/fold_2/test/train__2023-01-06-01__2f6875a2.npz,120,RIAR,1,49,AWAR,3,0,1,0.3333333333333333,0.23421287536621094,0,0,49,0
2023-01-06-01,/home/ubuntu/klb/nuclr/nuclr/Data/Atanas_SF_unified_000776/cv5_grouped_v1/fold_2/test/train__2023-01-06-01__2f6875a2.npz,121,OLLL,1,92,OLLL,1,1,1,1.0,0.938345193862915,0,1,92,1
2023-01-06-01,/home/ubuntu/klb/nuclr/nuclr/Data/Atanas_SF_unified_000776/cv5_grouped_v1/fold_2/test/train__2023-01-06-01__2f6875a2.npz,122,IL1DR,1,71,IL1DR,1,1,1,1.0,0.5267177224159241,0,1,71,1
2023-01-06-01,/home/ubuntu/klb/nuclr/nuclr/Data/Atanas_SF_unified_000776/cv5_grouped_v1/fold_2/test/train__2023-01-06-01__2f6875a2.npz,123,AWCL,1,113,RMDDL,2,0,1,0.5,0.02586306817829609,0,0,113,0
2023-01-06-01,/home/ubuntu/klb/nuclr/nuclr/Data/Atanas_SF_unified_000776/cv5_grouped_v1/fold_2/test/train__2023-01-06-01__2f6875a2.npz,124,URXL,1,145,URXL,1,1,1,1.0,0.9200937151908875,0,1,145,1
2023-01-06-01,/home/ubuntu/klb/nuclr/nuclr/Data/Atanas_SF_unified_000776/cv5_grouped_v1/fold_2/test/train__2023-01-06-01__2f6875a2.npz,126,AVJL,1,43,AVJL,1,1,1,1.0,0.6489531993865967,0,1,43,1
2023-01-06-01,/home/ubuntu/klb/nuclr/nuclr/Data/Atanas_SF_unified_000776/cv5_grouped_v1/fold_2/test/train__2023-01-06-01__2f6875a2.npz,127,AWAR,1,44,AVJR,40,0,0,0.025,4.153275640073062e-11,0,0,44,0
2023-01-06-01,/home/ubuntu/klb/nuclr/nuclr/Data/Atanas_SF_unified_000776/cv5_grouped_v1/fold_2/test/train__2023-01-06-01__2f6875a2.npz,128,CEPVR,1,59,CEPVR,1,1,1,1.0,0.38206756114959717,0,1,59,1
2023-01-06-08,/home/ubuntu/klb/nuclr/nuclr/Data/Atanas_SF_unified_000776/cv5_grouped_v1/fold_2/test/train__2023-01-06-08__f954f0e6.npz,1,ASIL,1,27,ASIL,1,1,1,1.0,0.9084510803222656,0,1,27,1
2023-01-06-08,/home/ubuntu/klb/nuclr/nuclr/Data/Atanas_SF_unified_000776/cv5_grouped_v1/fold_2/test/train__2023-01-06-08__f954f0e6.npz,4,RMER,1,121,RMER,1,1,1,1.0,0.9590252041816711,0,1,121,1
2023-01-06-08,/home/ubuntu/klb/nuclr/nuclr/Data/Atanas_SF_unified_000776/cv5_grouped_v1/fold_2/test/train__2023-01-06-08__f954f0e6.npz,5,URAVL,1,149,URYVL,3,0,1,0.3333333333333333,0.041389625519514084,0,0,149,0
2023-01-06-08,/home/ubuntu/klb/nuclr/nuclr/Data/Atanas_SF_unified_000776/cv5_grouped_v1/fold_2/test/train__2023-01-06-08__f954f0e6.npz,6,IL2R,1,79,IL2R,1,1,1,1.0,0.9552344083786011,0,1,79,1
2023-01-06-08,/home/ubuntu/klb/nuclr/nuclr/Data/Atanas_SF_unified_000776/cv5_grouped_v1/fold_2/test/train__2023-01-06-08__f954f0e6.npz,7,I1L,1,62,I1L,1,1,1,1.0,0.9243151545524597,0,1,62,1
2023-01-06-08,/home/ubuntu/klb/nuclr/nuclr/Data/Atanas_SF_unified_000776/cv5_grouped_v1/fold_2/test/train__2023-01-06-08__f954f0e6.npz,10,RMDDL,1,135,SMDDL,2,0,1,0.5,0.24912101030349731,0,0,135,0
2023-01-06-08,/home/ubuntu/klb/nuclr/nuclr/Data/Atanas_SF_unified_000776/cv5_grouped_v1/fold_2/test/train__2023-01-06-08__f954f0e6.npz,11,RIVL,1,111,RIVL,1,1,1,1.0,0.905777096748352,0,1,111,1
2023-01-06-08,/home/ubuntu/klb/nuclr/nuclr/Data/Atanas_SF_unified_000776/cv5_grouped_v1/fold_2/test/train__2023-01-06-08__f954f0e6.npz,13,URYDR,1,148,URYDR,1,1,1,1.0,0.7482088804244995,0,1,148,1
2023-01-06-08,/home/ubuntu/klb/nuclr/nuclr/Data/Atanas_SF_unified_000776/cv5_grouped_v1/fold_2/test/train__2023-01-06-08__f954f0e6.npz,14,IL2VL,1,80,IL2VL,1,1,1,1.0,0.719034731388092,0,1,80,1
2023-01-06-08,/home/ubuntu/klb/nuclr/nuclr/Data/Atanas_SF_unified_000776/cv5_grouped_v1/fold_2/test/train__2023-01-06-08__f954f0e6.npz,17,IL2DL,1,76,IL2DL,1,1,1,1.0,0.8651978969573975,0,1,76,1
2023-01-06-08,/home/ubuntu/klb/nuclr/nuclr/Data/Atanas_SF_unified_000776/cv5_grouped_v1/fold_2/test/train__2023-01-06-08__f954f0e6.npz,18,IL2VR,1,81,IL2VR,1,1,1,1.0,0.9589913487434387,0,1,81,1
2023-01-06-08,/home/ubuntu/klb/nuclr/nuclr/Data/Atanas_SF_unified_000776/cv5_grouped_v1/fold_2/test/train__2023-01-06-08__f954f0e6.npz,19,VB02,1,20,AQR,9,0,0,0.1111111111111111,8.08897766546579e-06,0,0,20,0
2023-01-06-08,/home/ubuntu/klb/nuclr/nuclr/Data/Atanas_SF_unified_000776/cv5_grouped_v1/fold_2/test/train__2023-01-06-08__f954f0e6.npz,21,ADEL,1,60,FLPL,2,0,1,0.5,0.2795291244983673,0,0,60,0
2023-01-06-08,/home/ubuntu/klb/nuclr/nuclr/Data/Atanas_SF_unified_000776/cv5_grouped_v1/fold_2/test/train__2023-01-06-08__f954f0e6.npz,23,URXL,1,57,CEPDR,3,0,1,0.3333333333333333,0.08816114068031311,1,0,145,1
2023-01-06-08,/home/ubuntu/klb/nuclr/nuclr/Data/Atanas_SF_unified_000776/cv5_grouped_v1/fold_2/test/train__2023-01-06-08__f954f0e6.npz,24,MCL,1,89,MI,2,0,1,0.5,0.32400673627853394,0,0,89,0
2023-01-06-08,/home/ubuntu/klb/nuclr/nuclr/Data/Atanas_SF_unified_000776/cv5_grouped_v1/fold_2/test/train__2023-01-06-08__f954f0e6.npz,25,SMDVR,1,138,SMDVR,1,1,1,1.0,0.932938277721405,0,1,138,1
2023-01-06-08,/home/ubuntu/klb/nuclr/nuclr/Data/Atanas_SF_unified_000776/cv5_grouped_v1/fold_2/test/train__2023-01-06-08__f954f0e6.npz,26,I2R,1,65,I2R,1,1,1,1.0,0.9563464522361755,0,1,65,1
2023-01-06-08,/home/ubuntu/klb/nuclr/nuclr/Data/Atanas_SF_unified_000776/cv5_grouped_v1/fold_2/test/train__2023-01-06-08__f954f0e6.npz,29,IL2DR,1,77,IL2DR,1,1,1,1.0,0.9495676755905151,0,1,77,1
2023-01-06-08,/home/ubuntu/klb/nuclr/nuclr/Data/Atanas_SF_unified_000776/cv5_grouped_v1/fold_2/test/train__2023-01-06-08__f954f0e6.npz,30,URBL,1,143,URBL,1,1,1,1.0,0.5942248702049255,0,1,143,1
2023-01-06-08,/home/ubuntu/klb/nuclr/nuclr/Data/Atanas_SF_unified_000776/cv5_grouped_v1/fold_2/test/train__2023-01-06-08__f954f0e6.npz,32,M3R,1,84,M3R,1,1,1,1.0,0.9576237201690674,0,1,84,1
2023-01-06-08,/home/ubuntu/klb/nuclr/nuclr/Data/Atanas_SF_unified_000776/cv5_grouped_v1/fold_2/test/train__2023-01-06-08__f954f0e6.npz,34,AWCR,1,53,AWCR,1,1,1,1.0,0.7744696736335754,0,1,53,1
2023-01-06-08,/home/ubuntu/klb/nuclr/nuclr/Data/Atanas_SF_unified_000776/cv5_grouped_v1/fold_2/test/train__2023-01-06-08__f954f0e6.npz,35,SAAVR,1,129,SAAVR,1,1,1,1.0,0.33465927839279175,1,0,129,1
2023-01-06-08,/home/ubuntu/klb/nuclr/nuclr/Data/Atanas_SF_unified_000776/cv5_grouped_v1/fold_2/test/train__2023-01-06-08__f954f0e6.npz,37,AIZL,1,32,AUAL,2,0,1,0.5,0.16238835453987122,0,0,32,0
2023-01-06-08,/home/ubuntu/klb/nuclr/nuclr/Data/Atanas_SF_unified_000776/cv5_grouped_v1/fold_2/test/train__2023-01-06-08__f954f0e6.npz,38,AUAL,1,6,AFDL,13,0,0,0.07692307692307693,2.0174036308162613e-06,0,0,6,0
2023-01-06-08,/home/ubuntu/klb/nuclr/nuclr/Data/Atanas_SF_unified_000776/cv5_grouped_v1/fold_2/test/train__2023-01-06-08__f954f0e6.npz,39,ASGR,1,52,AWCL,121,0,0,0.008264462809917356,8.572989307403311e-19,0,0,52,0
2023-01-06-08,/home/ubuntu/klb/nuclr/nuclr/Data/Atanas_SF_unified_000776/cv5_grouped_v1/fold_2/test/train__2023-01-06-08__f954f0e6.npz,40,URYDL,1,147,URYDL,1,1,1,1.0,0.5039278864860535,0,1,147,1
2023-01-06-08,/home/ubuntu/klb/nuclr/nuclr/Data/Atanas_SF_unified_000776/cv5_grouped_v1/fold_2/test/train__2023-01-06-08__f954f0e6.npz,41,RIBL,1,36,AVBL,4,0,1,0.25,0.00796163734048605,0,0,36,0
2023-01-06-08,/home/ubuntu/klb/nuclr/nuclr/Data/Atanas_SF_unified_000776/cv5_grouped_v1/fold_2/test/train__2023-01-06-08__f954f0e6.npz,43,I2L,1,64,I2L,1,1,1,1.0,0.7711758613586426,0,1,64,1
2023-01-06-08,/home/ubuntu/klb/nuclr/nuclr/Data/Atanas_SF_unified_000776/cv5_grouped_v1/fold_2/test/train__2023-01-06-08__f954f0e6.npz,44,CEPDR,1,146,URXR,3,0,1,0.3333333333333333,0.001264527440071106,0,0,146,0
2023-01-06-08,/home/ubuntu/klb/nuclr/nuclr/Data/Atanas_SF_unified_000776/cv5_grouped_v1/fold_2/test/train__2023-01-06-08__f954f0e6.npz,45,M3L,1,83,M3L,1,1,1,1.0,0.9502996802330017,0,1,83,1
2023-01-06-08,/home/ubuntu/klb/nuclr/nuclr/Data/Atanas_SF_unified_000776/cv5_grouped_v1/fold_2/test/train__2023-01-06-08__f954f0e6.npz,46,IL2L,1,143,URBL,2,0,1,0.5,0.38082650303840637,0,0,78,1
2023-01-06-08,/home/ubuntu/klb/nuclr/nuclr/Data/Atanas_SF_unified_000776/cv5_grouped_v1/fold_2/test/train__2023-01-06-08__f954f0e6.npz,47,AIZR,1,33,AUAR,17,0,0,0.058823529411764705,9.396488167112693e-06,0,0,33,0
2023-01-06-08,/home/ubuntu/klb/nuclr/nuclr/Data/Atanas_SF_unified_000776/cv5_grouped_v1/fold_2/test/train__2023-01-06-08__f954f0e6.npz,50,I3,1,66,I3,1,1,1,1.0,0.9108184576034546,0,1,66,1
2023-01-06-08,/home/ubuntu/klb/nuclr/nuclr/Data/Atanas_SF_unified_000776/cv5_grouped_v1/fold_2/test/train__2023-01-06-08__f954f0e6.npz,51,IL1DL,1,70,IL1DL,1,1,1,1.0,0.8901594877243042,0,1,70,1
2023-01-06-08,/home/ubuntu/klb/nuclr/nuclr/Data/Atanas_SF_unified_000776/cv5_grouped_v1/fold_2/test/train__2023-01-06-08__f954f0e6.npz,52,FLPL,1,60,FLPL,1,1,1,1.0,0.23643913865089417,1,0,102,0
2023-01-06-08,/home/ubuntu/klb/nuclr/nuclr/Data/Atanas_SF_unified_000776/cv5_grouped_v1/fold_2/test/train__2023-01-06-08__f954f0e6.npz,53,AIBR,1,41,AVER,2,0,1,0.5,0.32759395241737366,0,0,41,0
2023-01-06-08,/home/ubuntu/klb/nuclr/nuclr/Data/Atanas_SF_unified_000776/cv5_grouped_v1/fold_2/test/train__2023-01-06-08__f954f0e6.npz,54,I1R,1,63,I1R,1,1,1,1.0,0.9582993388175964,0,1,63,1
2023-01-06-08,/home/ubuntu/klb/nuclr/nuclr/Data/Atanas_SF_unified_000776/cv5_grouped_v1/fold_2/test/train__2023-01-06-08__f954f0e6.npz,55,AVKL,1,124,RMGL,2,0,1,0.5,0.15898102521896362,0,0,124,0
2023-01-06-08,/home/ubuntu/klb/nuclr/nuclr/Data/Atanas_SF_unified_000776/cv5_grouped_v1/fold_2/test/train__2023-01-06-08__f954f0e6.npz,56,AVER,1,116,RMDR,2,0,1,0.5,0.10541579127311707,0,0,116,0
2023-01-06-08,/home/ubuntu/klb/nuclr/nuclr/Data/Atanas_SF_unified_000776/cv5_grouped_v1/fold_2/test/train__2023-01-06-08__f954f0e6.npz,61,AVDL,1,38,AVDL,1,1,1,1.0,0.8024189472198486,0,1,38,1
2023-01-06-08,/home/ubuntu/klb/nuclr/nuclr/Data/Atanas_SF_unified_000776/cv5_grouped_v1/fold_2/test/train__2023-01-06-08__f954f0e6.npz,62,RICL,1,17,AIZL,2,0,1,0.5,0.07002203911542892,0,0,17,0
2023-01-06-08,/home/ubuntu/klb/nuclr/nuclr/Data/Atanas_SF_unified_000776/cv5_grouped_v1/fold_2/test/train__2023-01-06-08__f954f0e6.npz,63,AVKR,1,103,RICR,7,0,0,0.14285714285714285,6.264668627409264e-05,0,0,103,0
2023-01-06-08,/home/ubuntu/klb/nuclr/nuclr/Data/Atanas_SF_unified_000776/cv5_grouped_v1/fold_2/test/train__2023-01-06-08__f954f0e6.npz,64,CEPDL,1,56,CEPDL,1,1,1,1.0,0.6729010939598083,0,1,56,1
2023-01-06-08,/home/ubuntu/klb/nuclr/nuclr/Data/Atanas_SF_unified_000776/cv5_grouped_v1/fold_2/test/train__2023-01-06-08__f954f0e6.npz,66,RIVR,1,112,RIVR,1,1,1,1.0,0.3892991244792938,0,1,112,1
2023-01-06-08,/home/ubuntu/klb/nuclr/nuclr/Data/Atanas_SF_unified_000776/cv5_grouped_v1/fold_2/test/train__2023-01-06-08__f954f0e6.npz,68,AWBL,1,50,AWBL,1,1,1,1.0,0.9021261930465698,0,1,50,1
2023-01-06-08,/home/ubuntu/klb/nuclr/nuclr/Data/Atanas_SF_unified_000776/cv5_grouped_v1/fold_2/test/train__2023-01-06-08__f954f0e6.npz,69,AINL,1,13,AINL,1,1,1,1.0,0.9216753244400024,0,1,13,1
2023-01-06-08,/home/ubuntu/klb/nuclr/nuclr/Data/Atanas_SF_unified_000776/cv5_grouped_v1/fold_2/test/train__2023-01-06-08__f954f0e6.npz,70,IL1R,1,73,IL1R,1,1,1,1.0,0.7743440866470337,0,1,73,1
2023-01-06-08,/home/ubuntu/klb/nuclr/nuclr/Data/Atanas_SF_unified_000776/cv5_grouped_v1/fold_2/test/train__2023-01-06-08__f954f0e6.npz,72,AIML,1,15,AIYL,7,0,0,0.14285714285714285,0.0024319724179804325,0,0,15,0
2023-01-06-08,/home/ubuntu/klb/nuclr/nuclr/Data/Atanas_SF_unified_000776/cv5_grouped_v1/fold_2/test/train__2023-01-06-08__f954f0e6.npz,73,AWCL,1,115,RMDL,2,0,1,0.5,0.19138497114181519,0,0,58,0
2023-01-06-08,/home/ubuntu/klb/nuclr/nuclr/Data/Atanas_SF_unified_000776/cv5_grouped_v1/fold_2/test/train__2023-01-06-08__f954f0e6.npz,74,IL1VL,1,74,IL1VL,1,1,1,1.0,0.3211142420768738,0,1,74,1
2023-01-06-08,/home/ubuntu/klb/nuclr/nuclr/Data/Atanas_SF_unified_000776/cv5_grouped_v1/fold_2/test/train__2023-01-06-08__f954f0e6.npz,75,OLQDL,1,95,OLQDR,2,0,1,0.5,0.2997322678565979,0,0,94,1
2023-01-06-08,/home/ubuntu/klb/nuclr/nuclr/Data/Atanas_SF_unified_000776/cv5_grouped_v1/fold_2/test/train__2023-01-06-08__f954f0e6.npz,76,IL1VR,1,75,IL1VR,1,1,1,1.0,0.957726001739502,0,1,75,1
2023-01-06-08,/home/ubuntu/klb/nuclr/nuclr/Data/Atanas_SF_unified_000776/cv5_grouped_v1/fold_2/test/train__2023-01-06-08__f954f0e6.npz,78,OLLL,1,92,OLLL,1,1,1,1.0,0.9340644478797913,0,1,92,1
2023-01-06-08,/home/ubuntu/klb/nuclr/nuclr/Data/Atanas_SF_unified_000776/cv5_grouped_v1/fold_2/test/train__2023-01-06-08__f954f0e6.npz,79,OLLR,1,93,OLLR,1,1,1,1.0,0.8279433250427246,0,1,93,1
2023-01-06-08,/home/ubuntu/klb/nuclr/nuclr/Data/Atanas_SF_unified_000776/cv5_grouped_v1/fold_2/test/train__2023-01-06-08__f954f0e6.npz,81,ASHL,1,25,ASHL,1,1,1,1.0,0.7785488963127136,0,1,25,1
2023-01-06-08,/home/ubuntu/klb/nuclr/nuclr/Data/Atanas_SF_unified_000776/cv5_grouped_v1/fold_2/test/train__2023-01-06-08__f954f0e6.npz,83,AIBL,1,9,AIBL,1,1,1,1.0,0.7583295106887817,0,1,9,1
2023-01-06-08,/home/ubuntu/klb/nuclr/nuclr/Data/Atanas_SF_unified_000776/cv5_grouped_v1/fold_2/test/train__2023-01-06-08__f954f0e6.npz,84,ASEL,1,21,ASEL,1,1,1,1.0,0.9087543487548828,0,1,21,1
2023-01-06-08,/home/ubuntu/klb/nuclr/nuclr/Data/Atanas_SF_unified_000776/cv5_grouped_v1/fold_2/test/train__2023-01-06-08__f954f0e6.npz,85,RIAL,1,98,RIAL,1,1,1,1.0,0.9514639973640442,0,1,98,1
2023-01-06-08,/home/ubuntu/klb/nuclr/nuclr/Data/Atanas_SF_unified_000776/cv5_grouped_v1/fold_2/test/train__2023-01-06-08__f954f0e6.npz,86,AVAL,1,34,AVAL,1,1,1,1.0,0.8813818693161011,0,1,34,1
2023-01-06-08,/home/ubuntu/klb/nuclr/nuclr/Data/Atanas_SF_unified_000776/cv5_grouped_v1/fold_2/test/train__2023-01-06-08__f954f0e6.npz,88,NSML,1,139,URADL,8,0,0,0.125,0.001426422270014882,0,0,139,0
2023-01-06-08,/home/ubuntu/klb/nuclr/nuclr/Data/Atanas_SF_unified_000776/cv5_grouped_v1/fold_2/test/train__2023-01-06-08__f954f0e6.npz,89,NSMR,1,91,NSMR,1,1,1,1.0,0.9146292805671692,0,1,91,1
2023-01-06-08,/home/ubuntu/klb/nuclr/nuclr/Data/Atanas_SF_unified_000776/cv5_grouped_v1/fold_2/test/train__2023-01-06-08__f954f0e6.npz,90,IL1DR,1,71,IL1DR,1,1,1,1.0,0.8425999879837036,0,1,71,1
2023-01-06-08,/home/ubuntu/klb/nuclr/nuclr/Data/Atanas_SF_unified_000776/cv5_grouped_v1/fold_2/test/train__2023-01-06-08__f954f0e6.npz,91,RIML,1,34,AVAL,9,0,0,0.1111111111111111,0.0006203294615261257,1,0,100,0
2023-01-06-08,/home/ubuntu/klb/nuclr/nuclr/Data/Atanas_SF_unified_000776/cv5_grouped_v1/fold_2/test/train__2023-01-06-08__f954f0e6.npz,92,AVAR,1,35,AVAR,1,1,1,1.0,0.9164008498191833,0,1,35,1
2023-01-06-08,/home/ubuntu/klb/nuclr/nuclr/Data/Atanas_SF_unified_000776/cv5_grouped_v1/fold_2/test/train__2023-01-06-08__f954f0e6.npz,98,RMDL,1,115,RMDL,1,1,1,1.0,0.5226067304611206,0,1,115,1
2023-01-06-08,/home/ubuntu/klb/nuclr/nuclr/Data/Atanas_SF_unified_000776/cv5_grouped_v1/fold_2/test/train__2023-01-06-08__f954f0e6.npz,99,SMDVL,1,137,SMDVL,1,1,1,1.0,0.9571292996406555,0,1,137,1
2023-01-06-08,/home/ubuntu/klb/nuclr/nuclr/Data/Atanas_SF_unified_000776/cv5_grouped_v1/fold_2/test/train__2023-01-06-08__f954f0e6.npz,100,RMGL,1,2,ADEL,4,0,1,0.25,5.2480525482678786e-05,0,0,2,0
2023-01-06-08,/home/ubuntu/klb/nuclr/nuclr/Data/Atanas_SF_unified_000776/cv5_grouped_v1/fold_2/test/train__2023-01-06-08__f954f0e6.npz,102,URYVL,1,149,URYVL,1,1,1,1.0,0.4413430392742157,1,0,120,0
2023-01-06-08,/home/ubuntu/klb/nuclr/nuclr/Data/Atanas_SF_unified_000776/cv5_grouped_v1/fold_2/test/train__2023-01-06-08__f954f0e6.npz,103,OLQDR,1,95,OLQDR,1,1,1,1.0,0.6200003623962402,0,1,95,1
2023-01-06-08,/home/ubuntu/klb/nuclr/nuclr/Data/Atanas_SF_unified_000776/cv5_grouped_v1/fold_2/test/train__2023-01-06-08__f954f0e6.npz,104,AIMR,1,12,AIMR,1,1,1,1.0,0.44578444957733154,0,1,12,1
2023-01-06-08,/home/ubuntu/klb/nuclr/nuclr/Data/Atanas_SF_unified_000776/cv5_grouped_v1/fold_2/test/train__2023-01-06-08__f954f0e6.npz,107,OLQVL,1,72,IL1L,2,0,1,0.5,0.445651650428772,0,0,72,0
2023-01-06-08,/home/ubuntu/klb/nuclr/nuclr/Data/Atanas_SF_unified_000776/cv5_grouped_v1/fold_2/test/train__2023-01-06-08__f954f0e6.npz,111,ADAL,1,0,ADAL,1,1,1,1.0,0.8827845454216003,0,1,0,1
2023-01-06-08,/home/ubuntu/klb/nuclr/nuclr/Data/Atanas_SF_unified_000776/cv5_grouped_v1/fold_2/test/train__2023-01-06-08__f954f0e6.npz,113,ADLL,1,4,ADLL,1,1,1,1.0,0.882413387298584,0,1,4,1
2023-01-06-08,/home/ubuntu/klb/nuclr/nuclr/Data/Atanas_SF_unified_000776/cv5_grouped_v1/fold_2/test/train__2023-01-06-08__f954f0e6.npz,115,AVJL,1,43,AVJL,1,1,1,1.0,0.8798995614051819,0,1,43,1
2023-01-06-08,/home/ubuntu/klb/nuclr/nuclr/Data/Atanas_SF_unified_000776/cv5_grouped_v1/fold_2/test/train__2023-01-06-08__f954f0e6.npz,116,RMEV,1,122,RMEV,1,1,1,1.0,0.8759965896606445,0,1,122,1
2023-01-06-08,/home/ubuntu/klb/nuclr/nuclr/Data/Atanas_SF_unified_000776/cv5_grouped_v1/fold_2/test/train__2023-01-06-08__f954f0e6.npz,117,AVL,1,59,CEPVR,33,0,0,0.030303030303030304,4.675623777039561e-10,0,0,59,0
2023-01-06-08,/home/ubuntu/klb/nuclr/nuclr/Data/Atanas_SF_unified_000776/cv5_grouped_v1/fold_2/test/train__2023-01-06-08__f954f0e6.npz,118,RIMR,1,107,RIMR,1,1,1,1.0,0.5094471573829651,0,1,107,1
2023-01-06-08,/home/ubuntu/klb/nuclr/nuclr/Data/Atanas_SF_unified_000776/cv5_grouped_v1/fold_2/test/train__2023-01-06-08__f954f0e6.npz,120,URXR,1,57,CEPDR,6,0,0,0.16666666666666666,0.001214520656503737,0,0,57,0
2023-01-06-08,/home/ubuntu/klb/nuclr/nuclr/Data/Atanas_SF_unified_000776/cv5_grouped_v1/fold_2/test/train__2023-01-06-08__f954f0e6.npz,121,URYVR,1,150,URYVR,1,1,1,1.0,0.70583575963974,0,1,150,1
2023-01-06-08,/home/ubuntu/klb/nuclr/nuclr/Data/Atanas_SF_unified_000776/cv5_grouped_v1/fold_2/test/train__2023-01-06-08__f954f0e6.npz,122,RIAR,1,99,RIAR,1,1,1,1.0,0.9298595786094666,0,1,99,1
2023-01-06-08,/home/ubuntu/klb/nuclr/nuclr/Data/Atanas_SF_unified_000776/cv5_grouped_v1/fold_2/test/train__2023-01-06-08__f954f0e6.npz,123,AWAR,1,118,RMDVR,9,0,0,0.1111111111111111,2.792141640384216e-05,0,0,118,0
2023-01-06-08,/home/ubuntu/klb/nuclr/nuclr/Data/Atanas_SF_unified_000776/cv5_grouped_v1/fold_2/test/train__2023-01-06-08__f954f0e6.npz,124,ASGL,1,23,ASGL,1,1,1,1.0,0.9433702826499939,0,1,23,1
2023-01-09-08,/home/ubuntu/klb/nuclr/nuclr/Data/Atanas_SF_unified_000776/cv5_grouped_v1/fold_2/test/train__2023-01-09-08__7142827e.npz,1,IL2DR,1,89,MI,2,0,1,0.5,0.30849236249923706,0,0,89,0
2023-01-09-08,/home/ubuntu/klb/nuclr/nuclr/Data/Atanas_SF_unified_000776/cv5_grouped_v1/fold_2/test/train__2023-01-09-08__7142827e.npz,3,RMDVR,1,146,URXR,3,0,1,0.3333333333333333,0.1941152811050415,0,0,146,0
2023-01-09-08,/home/ubuntu/klb/nuclr/nuclr/Data/Atanas_SF_unified_000776/cv5_grouped_v1/fold_2/test/train__2023-01-09-08__7142827e.npz,9,IL1DL,1,70,IL1DL,1,1,1,1.0,0.916904628276825,0,1,70,1
2023-01-09-08,/home/ubuntu/klb/nuclr/nuclr/Data/Atanas_SF_unified_000776/cv5_grouped_v1/fold_2/test/train__2023-01-09-08__7142827e.npz,11,MI,1,83,M3L,3,0,1,0.3333333333333333,0.01515314169228077,0,0,83,0
2023-01-09-08,/home/ubuntu/klb/nuclr/nuclr/Data/Atanas_SF_unified_000776/cv5_grouped_v1/fold_2/test/train__2023-01-09-08__7142827e.npz,16,SMDVL,1,137,SMDVL,1,1,1,1.0,0.9437327980995178,0,1,137,1
2023-01-09-08,/home/ubuntu/klb/nuclr/nuclr/Data/Atanas_SF_unified_000776/cv5_grouped_v1/fold_2/test/train__2023-01-09-08__7142827e.npz,19,RIAL,1,98,RIAL,1,1,1,1.0,0.8855704665184021,0,1,98,1
2023-01-09-08,/home/ubuntu/klb/nuclr/nuclr/Data/Atanas_SF_unified_000776/cv5_grouped_v1/fold_2/test/train__2023-01-09-08__7142827e.npz,24,OLLR,1,93,OLLR,1,1,1,1.0,0.9365747570991516,0,1,93,1
2023-01-09-08,/home/ubuntu/klb/nuclr/nuclr/Data/Atanas_SF_unified_000776/cv5_grouped_v1/fold_2/test/train__2023-01-09-08__7142827e.npz,25,URYVL,1,150,URYVR,4,0,1,0.25,0.0021588231902569532,1,0,150,0
2023-01-09-08,/home/ubuntu/klb/nuclr/nuclr/Data/Atanas_SF_unified_000776/cv5_grouped_v1/fold_2/test/train__2023-01-09-08__7142827e.npz,27,NSML,1,91,NSMR,3,0,1,0.3333333333333333,0.20568089187145233,0,0,91,0
2023-01-09-08,/home/ubuntu/klb/nuclr/nuclr/Data/Atanas_SF_unified_000776/cv5_grouped_v1/fold_2/test/train__2023-01-09-08__7142827e.npz,29,M3R,1,74,IL1VL,4,0,1,0.25,0.018571985885500908,1,0,84,1
2023-01-09-08,/home/ubuntu/klb/nuclr/nuclr/Data/Atanas_SF_unified_000776/cv5_grouped_v1/fold_2/test/train__2023-01-09-08__7142827e.npz,30,RIVL,1,111,RIVL,1,1,1,1.0,0.8819236159324646,0,1,111,1
2023-01-09-08,/home/ubuntu/klb/nuclr/nuclr/Data/Atanas_SF_unified_000776/cv5_grouped_v1/fold_2/test/train__2023-01-09-08__7142827e.npz,31,RIBR,1,33,AUAR,2,0,1,0.5,0.05420719087123871,1,0,101,1
2023-01-09-08,/home/ubuntu/klb/nuclr/nuclr/Data/Atanas_SF_unified_000776/cv5_grouped_v1/fold_2/test/train__2023-01-09-08__7142827e.npz,32,OLQDL,1,94,OLQDL,1,1,1,1.0,0.9100134968757629,0,1,94,1
2023-01-09-08,/home/ubuntu/klb/nuclr/nuclr/Data/Atanas_SF_unified_000776/cv5_grouped_v1/fold_2/test/train__2023-01-09-08__7142827e.npz,35,I2L,1,141,URAVL,3,0,1,0.3333333333333333,0.07818471640348434,0,0,141,0
2023-01-09-08,/home/ubuntu/klb/nuclr/nuclr/Data/Atanas_SF_unified_000776/cv5_grouped_v1/fold_2/test/train__2023-01-09-08__7142827e.npz,38,IL2R,1,81,IL2VR,20,0,0,0.05,3.409121518416214e-06,0,0,81,0
2023-01-09-08,/home/ubuntu/klb/nuclr/nuclr/Data/Atanas_SF_unified_000776/cv5_grouped_v1/fold_2/test/train__2023-01-09-08__7142827e.npz,41,I1L,1,80,IL2VL,3,0,1,0.3333333333333333,0.14052152633666992,0,0,90,0
2023-01-09-08,/home/ubuntu/klb/nuclr/nuclr/Data/Atanas_SF_unified_000776/cv5_grouped_v1/fold_2/test/train__2023-01-09-08__7142827e.npz,42,OLQDR,1,144,URBR,2,0,1,0.5,0.28926125168800354,0,0,144,0
2023-01-09-08,/home/ubuntu/klb/nuclr/nuclr/Data/Atanas_SF_unified_000776/cv5_grouped_v1/fold_2/test/train__2023-01-09-08__7142827e.npz,43,AVDR,1,39,AVDR,1,1,1,1.0,0.9199416637420654,0,1,39,1
2023-01-09-08,/home/ubuntu/klb/nuclr/nuclr/Data/Atanas_SF_unified_000776/cv5_grouped_v1/fold_2/test/train__2023-01-09-08__7142827e.npz,47,AVL,1,16,AIYR,27,0,0,0.037037037037037035,6.71232740501182e-08,0,0,16,0
2023-01-09-08,/home/ubuntu/klb/nuclr/nuclr/Data/Atanas_SF_unified_000776/cv5_grouped_v1/fold_2/test/train__2023-01-09-08__7142827e.npz,48,URYDR,1,148,URYDR,1,1,1,1.0,0.7632638812065125,0,1,148,1
2023-01-09-08,/home/ubuntu/klb/nuclr/nuclr/Data/Atanas_SF_unified_000776/cv5_grouped_v1/fold_2/test/train__2023-01-09-08__7142827e.npz,49,I1R,1,62,I1L,7,0,0,0.14285714285714285,0.012023815885186195,0,0,62,0
2023-01-09-08,/home/ubuntu/klb/nuclr/nuclr/Data/Atanas_SF_unified_000776/cv5_grouped_v1/fold_2/test/train__2023-01-09-08__7142827e.npz,53,AWBR,1,24,ASGR,11,0,0,0.09090909090909091,7.777033715683501e-06,0,0,24,0
2023-01-09-08,/home/ubuntu/klb/nuclr/nuclr/Data/Atanas_SF_unified_000776/cv5_grouped_v1/fold_2/test/train__2023-01-09-08__7142827e.npz,54,SAAVL,1,117,RMDVL,3,0,1,0.3333333333333333,0.09355565905570984,0,0,117,0
2023-01-09-08,/home/ubuntu/klb/nuclr/nuclr/Data/Atanas_SF_unified_000776/cv5_grouped_v1/fold_2/test/train__2023-01-09-08__7142827e.npz,59,NSMR,1,65,I2R,4,0,1,0.25,0.01119496300816536,1,0,65,0
2023-01-09-08,/home/ubuntu/klb/nuclr/nuclr/Data/Atanas_SF_unified_000776/cv5_grouped_v1/fold_2/test/train__2023-01-09-08__7142827e.npz,60,M3L,1,80,IL2VL,3,0,1,0.3333333333333333,0.05560169741511345,0,0,80,0
2023-01-09-08,/home/ubuntu/klb/nuclr/nuclr/Data/Atanas_SF_unified_000776/cv5_grouped_v1/fold_2/test/train__2023-01-09-08__7142827e.npz,61,RMER,1,121,RMER,1,1,1,1.0,0.9466275572776794,0,1,121,1
2023-01-09-08,/home/ubuntu/klb/nuclr/nuclr/Data/Atanas_SF_unified_000776/cv5_grouped_v1/fold_2/test/train__2023-01-09-08__7142827e.npz,63,AWCL,1,115,RMDL,4,0,1,0.25,0.003785793436691165,0,0,115,0
2023-01-09-08,/home/ubuntu/klb/nuclr/nuclr/Data/Atanas_SF_unified_000776/cv5_grouped_v1/fold_2/test/train__2023-01-09-08__7142827e.npz,68,CEPVR,1,59,CEPVR,1,1,1,1.0,0.6254591941833496,0,1,59,1
2023-01-09-08,/home/ubuntu/klb/nuclr/nuclr/Data/Atanas_SF_unified_000776/cv5_grouped_v1/fold_2/test/train__2023-01-09-08__7142827e.npz,70,AVJR,1,44,AVJR,1,1,1,1.0,0.5199002027511597,0,1,44,1
2023-01-09-08,/home/ubuntu/klb/nuclr/nuclr/Data/Atanas_SF_unified_000776/cv5_grouped_v1/fold_2/test/train__2023-01-09-08__7142827e.npz,71,RIMR,1,107,RIMR,1,1,1,1.0,0.9076356291770935,0,1,107,1
2023-01-09-08,/home/ubuntu/klb/nuclr/nuclr/Data/Atanas_SF_unified_000776/cv5_grouped_v1/fold_2/test/train__2023-01-09-08__7142827e.npz,74,CEPVL,1,74,IL1VL,2,0,1,0.5,0.1370118409395218,0,0,74,0
2023-01-09-08,/home/ubuntu/klb/nuclr/nuclr/Data/Atanas_SF_unified_000776/cv5_grouped_v1/fold_2/test/train__2023-01-09-08__7142827e.npz,77,RMEL,1,58,CEPVL,8,0,0,0.125,0.0001540871598990634,0,0,58,0
2023-01-09-08,/home/ubuntu/klb/nuclr/nuclr/Data/Atanas_SF_unified_000776/cv5_grouped_v1/fold_2/test/train__2023-01-09-08__7142827e.npz,78,AVAL,1,34,AVAL,1,1,1,1.0,0.9199873805046082,0,1,34,1
2023-01-09-08,/home/ubuntu/klb/nuclr/nuclr/Data/Atanas_SF_unified_000776/cv5_grouped_v1/fold_2/test/train__2023-01-09-08__7142827e.npz,81,CEPDR,1,57,CEPDR,1,1,1,1.0,0.6671440601348877,0,1,57,1
2023-01-09-08,/home/ubuntu/klb/nuclr/nuclr/Data/Atanas_SF_unified_000776/cv5_grouped_v1/fold_2/test/train__2023-01-09-08__7142827e.npz,82,AVJL,1,38,AVDL,2,0,1,0.5,0.011791907250881195,1,0,43,1
2023-01-09-08,/home/ubuntu/klb/nuclr/nuclr/Data/Atanas_SF_unified_000776/cv5_grouped_v1/fold_2/test/train__2023-01-09-08__7142827e.npz,85,IL2DL,1,85,M4,3,0,1,0.3333333333333333,0.03549408167600632,0,0,85,0
2023-01-09-08,/home/ubuntu/klb/nuclr/nuclr/Data/Atanas_SF_unified_000776/cv5_grouped_v1/fold_2/test/train__2023-01-09-08__7142827e.npz,89,URXL,1,56,CEPDL,2,0,1,0.5,0.3635067045688629,0,0,56,0
2023-01-09-08,/home/ubuntu/klb/nuclr/nuclr/Data/Atanas_SF_unified_000776/cv5_grouped_v1/fold_2/test/train__2023-01-09-08__7142827e.npz,92,URBL,1,143,URBL,1,1,1,1.0,0.5954071879386902,0,1,143,1
2023-01-09-08,/home/ubuntu/klb/nuclr/nuclr/Data/Atanas_SF_unified_000776/cv5_grouped_v1/fold_2/test/train__2023-01-09-08__7142827e.npz,94,AWBL,1,52,AWCL,3,0,1,0.3333333333333333,0.009509471245110035,0,0,52,0
2023-01-09-08,/home/ubuntu/klb/nuclr/nuclr/Data/Atanas_SF_unified_000776/cv5_grouped_v1/fold_2/test/train__2023-01-09-08__7142827e.npz,103,RIH,1,127,SAADR,2,0,1,0.5,0.35671117901802063,0,0,127,0
2023-01-09-08,/home/ubuntu/klb/nuclr/nuclr/Data/Atanas_SF_unified_000776/cv5_grouped_v1/fold_2/test/train__2023-01-09-08__7142827e.npz,104,AVDL,1,38,AVDL,1,1,1,1.0,0.8236758708953857,0,1,38,1
2023-01-09-08,/home/ubuntu/klb/nuclr/nuclr/Data/Atanas_SF_unified_000776/cv5_grouped_v1/fold_2/test/train__2023-01-09-08__7142827e.npz,106,AWAR,1,49,AWAR,1,1,1,1.0,0.7030758261680603,0,1,49,1
2023-01-09-08,/home/ubuntu/klb/nuclr/nuclr/Data/Atanas_SF_unified_000776/cv5_grouped_v1/fold_2/test/train__2023-01-09-08__7142827e.npz,107,AVER,1,41,AVER,1,1,1,1.0,0.38515642285346985,0,1,41,1
2023-01-09-08,/home/ubuntu/klb/nuclr/nuclr/Data/Atanas_SF_unified_000776/cv5_grouped_v1/fold_2/test/train__2023-01-09-08__7142827e.npz,109,CEPDL,1,145,URXL,2,0,1,0.5,0.3037257194519043,0,0,145,0
2023-01-09-08,/home/ubuntu/klb/nuclr/nuclr/Data/Atanas_SF_unified_000776/cv5_grouped_v1/fold_2/test/train__2023-01-09-08__7142827e.npz,110,I3,1,66,I3,1,1,1,1.0,0.5592617988586426,0,1,66,1
2023-01-09-08,/home/ubuntu/klb/nuclr/nuclr/Data/Atanas_SF_unified_000776/cv5_grouped_v1/fold_2/test/train__2023-01-09-08__7142827e.npz,112,RIVR,1,112,RIVR,1,1,1,1.0,0.8270262479782104,0,1,112,1
2023-01-09-08,/home/ubuntu/klb/nuclr/nuclr/Data/Atanas_SF_unified_000776/cv5_grouped_v1/fold_2/test/train__2023-01-09-08__7142827e.npz,117,IL1DR,1,71,IL1DR,1,1,1,1.0,0.8361635208129883,0,1,71,1
2023-01-09-08,/home/ubuntu/klb/nuclr/nuclr/Data/Atanas_SF_unified_000776/cv5_grouped_v1/fold_2/test/train__2023-01-09-08__7142827e.npz,120,AVBR,1,37,AVBR,1,1,1,1.0,0.23709480464458466,1,0,37,1
2023-01-09-08,/home/ubuntu/klb/nuclr/nuclr/Data/Atanas_SF_unified_000776/cv5_grouped_v1/fold_2/test/train__2023-01-09-08__7142827e.npz,125,IL2L,1,87,MCL,8,0,0,0.125,0.0006154834409244359,0,0,87,0
2023-01-09-08,/home/ubuntu/klb/nuclr/nuclr/Data/Atanas_SF_unified_000776/cv5_grouped_v1/fold_2/test/train__2023-01-09-08__7142827e.npz,126,URXR,1,50,AWBL,23,0,0,0.043478260869565216,0.00012951296230312437,0,0,50,0
2023-01-09-08,/home/ubuntu/klb/nuclr/nuclr/Data/Atanas_SF_unified_000776/cv5_grouped_v1/fold_2/test/train__2023-01-09-08__7142827e.npz,130,OLLL,1,92,OLLL,1,1,1,1.0,0.5003132224082947,0,1,149,0
2023-01-09-15,/home/ubuntu/klb/nuclr/nuclr/Data/Atanas_SF_unified_000776/cv5_grouped_v1/fold_2/test/train__2023-01-09-15__112db21c.npz,2,ASEL,1,21,ASEL,1,1,1,1.0,0.9557306170463562,0,1,21,1
2023-01-09-15,/home/ubuntu/klb/nuclr/nuclr/Data/Atanas_SF_unified_000776/cv5_grouped_v1/fold_2/test/train__2023-01-09-15__112db21c.npz,3,AIBL,1,9,AIBL,1,1,1,1.0,0.8192986249923706,0,1,9,1
2023-01-09-15,/home/ubuntu/klb/nuclr/nuclr/Data/Atanas_SF_unified_000776/cv5_grouped_v1/fold_2/test/train__2023-01-09-15__112db21c.npz,4,AINL,1,13,AINL,1,1,1,1.0,0.9572895765304565,0,1,13,1
2023-01-09-15,/home/ubuntu/klb/nuclr/nuclr/Data/Atanas_SF_unified_000776/cv5_grouped_v1/fold_2/test/train__2023-01-09-15__112db21c.npz,5,AIZR,1,18,AIZR,1,1,1,1.0,0.9557041525840759,0,1,18,1
2023-01-09-15,/home/ubuntu/klb/nuclr/nuclr/Data/Atanas_SF_unified_000776/cv5_grouped_v1/fold_2/test/train__2023-01-09-15__112db21c.npz,6,NSML,1,90,NSML,1,1,1,1.0,0.686764657497406,0,1,90,1
2023-01-09-15,/home/ubuntu/klb/nuclr/nuclr/Data/Atanas_SF_unified_000776/cv5_grouped_v1/fold_2/test/train__2023-01-09-15__112db21c.npz,7,AWBL,1,25,ASHL,2,0,1,0.5,0.37251749634742737,0,0,25,0
2023-01-09-15,/home/ubuntu/klb/nuclr/nuclr/Data/Atanas_SF_unified_000776/cv5_grouped_v1/fold_2/test/train__2023-01-09-15__112db21c.npz,8,AVJR,1,44,AVJR,1,1,1,1.0,0.7819650769233704,0,1,44,1
2023-01-09-15,/home/ubuntu/klb/nuclr/nuclr/Data/Atanas_SF_unified_000776/cv5_grouped_v1/fold_2/test/train__2023-01-09-15__112db21c.npz,9,RMDVL,1,117,RMDVL,1,1,1,1.0,0.5267928242683411,0,1,117,1
2023-01-09-15,/home/ubuntu/klb/nuclr/nuclr/Data/Atanas_SF_unified_000776/cv5_grouped_v1/fold_2/test/train__2023-01-09-15__112db21c.npz,10,URBR,1,78,IL2L,2,0,1,0.5,0.2737831473350525,0,0,78,0
2023-01-09-15,/home/ubuntu/klb/nuclr/nuclr/Data/Atanas_SF_unified_000776/cv5_grouped_v1/fold_2/test/train__2023-01-09-15__112db21c.npz,11,CEPVR,1,59,CEPVR,1,1,1,1.0,0.9559412002563477,0,1,59,1
2023-01-09-15,/home/ubuntu/klb/nuclr/nuclr/Data/Atanas_SF_unified_000776/cv5_grouped_v1/fold_2/test/train__2023-01-09-15__112db21c.npz,12,RIBR,1,101,RIBR,1,1,1,1.0,0.9160539507865906,0,1,101,1
2023-01-09-15,/home/ubuntu/klb/nuclr/nuclr/Data/Atanas_SF_unified_000776/cv5_grouped_v1/fold_2/test/train__2023-01-09-15__112db21c.npz,13,OLLR,1,93,OLLR,1,1,1,1.0,0.9276174306869507,0,1,93,1
2023-01-09-15,/home/ubuntu/klb/nuclr/nuclr/Data/Atanas_SF_unified_000776/cv5_grouped_v1/fold_2/test/train__2023-01-09-15__112db21c.npz,14,AWCL,1,52,AWCL,1,1,1,1.0,0.9290915727615356,0,1,52,1
2023-01-09-15,/home/ubuntu/klb/nuclr/nuclr/Data/Atanas_SF_unified_000776/cv5_grouped_v1/fold_2/test/train__2023-01-09-15__112db21c.npz,16,SAAVL,1,128,SAAVL,1,1,1,1.0,0.9560077786445618,0,1,128,1
2023-01-09-15,/home/ubuntu/klb/nuclr/nuclr/Data/Atanas_SF_unified_000776/cv5_grouped_v1/fold_2/test/train__2023-01-09-15__112db21c.npz,17,ADEL,1,2,ADEL,1,1,1,1.0,0.6004467010498047,0,1,2,1
2023-01-09-15,/home/ubuntu/klb/nuclr/nuclr/Data/Atanas_SF_unified_000776/cv5_grouped_v1/fold_2/test/train__2023-01-09-15__112db21c.npz,19,RMDVR,1,118,RMDVR,1,1,1,1.0,0.9585927724838257,0,1,118,1
2023-01-09-15,/home/ubuntu/klb/nuclr/nuclr/Data/Atanas_SF_unified_000776/cv5_grouped_v1/fold_2/test/train__2023-01-09-15__112db21c.npz,21,URYVR,1,97,OLQVR,7,0,0,0.14285714285714285,0.0020401920191943645,1,0,88,0
2023-01-09-15,/home/ubuntu/klb/nuclr/nuclr/Data/Atanas_SF_unified_000776/cv5_grouped_v1/fold_2/test/train__2023-01-09-15__112db21c.npz,22,IL1L,1,72,IL1L,1,1,1,1.0,0.6428685188293457,0,1,72,1
2023-01-09-15,/home/ubuntu/klb/nuclr/nuclr/Data/Atanas_SF_unified_000776/cv5_grouped_v1/fold_2/test/train__2023-01-09-15__112db21c.npz,24,ADAL,1,2,ADEL,2,0,1,0.5,0.345019668340683,0,0,0,1
2023-01-09-15,/home/ubuntu/klb/nuclr/nuclr/Data/Atanas_SF_unified_000776/cv5_grouped_v1/fold_2/test/train__2023-01-09-15__112db21c.npz,25,AWAR,1,26,ASHR,4,0,1,0.25,0.027760518714785576,0,0,26,0
2023-01-09-15,/home/ubuntu/klb/nuclr/nuclr/Data/Atanas_SF_unified_000776/cv5_grouped_v1/fold_2/test/train__2023-01-09-15__112db21c.npz,26,OLLL,1,92,OLLL,1,1,1,1.0,0.8118435144424438,0,1,92,1
2023-01-09-15,/home/ubuntu/klb/nuclr/nuclr/Data/Atanas_SF_unified_000776/cv5_grouped_v1/fold_2/test/train__2023-01-09-15__112db21c.npz,27,OLQVR,1,97,OLQVR,1,1,1,1.0,0.5344734787940979,0,1,97,1
2023-01-09-15,/home/ubuntu/klb/nuclr/nuclr/Data/Atanas_SF_unified_000776/cv5_grouped_v1/fold_2/test/train__2023-01-09-15__112db21c.npz,28,M1,1,82,M1,1,1,1,1.0,0.9541833400726318,0,1,82,1
2023-01-09-15,/home/ubuntu/klb/nuclr/nuclr/Data/Atanas_SF_unified_000776/cv5_grouped_v1/fold_2/test/train__2023-01-09-15__112db21c.npz,29,RIVR,1,112,RIVR,1,1,1,1.0,0.9561262130737305,0,1,112,1
2023-01-09-15,/home/ubuntu/klb/nuclr/nuclr/Data/Atanas_SF_unified_000776/cv5_grouped_v1/fold_2/test/train__2023-01-09-15__112db21c.npz,30,URYVL,1,149,URYVL,1,1,1,1.0,0.9475201368331909,0,1,149,1
2023-01-09-15,/home/ubuntu/klb/nuclr/nuclr/Data/Atanas_SF_unified_000776/cv5_grouped_v1/fold_2/test/train__2023-01-09-15__112db21c.npz,31,IL2DR,1,79,IL2R,3,0,1,0.3333333333333333,0.034934040158987045,0,0,79,0
2023-01-09-15,/home/ubuntu/klb/nuclr/nuclr/Data/Atanas_SF_unified_000776/cv5_grouped_v1/fold_2/test/train__2023-01-09-15__112db21c.npz,32,URYDR,1,144,URBR,2,0,1,0.5,0.4241107702255249,0,0,144,0
2023-01-09-15,/home/ubuntu/klb/nuclr/nuclr/Data/Atanas_SF_unified_000776/cv5_grouped_v1/fold_2/test/train__2023-01-09-15__112db21c.npz,33,ASGR,1,24,ASGR,1,1,1,1.0,0.8899022936820984,0,1,24,1
2023-01-09-15,/home/ubuntu/klb/nuclr/nuclr/Data/Atanas_SF_unified_000776/cv5_grouped_v1/fold_2/test/train__2023-01-09-15__112db21c.npz,34,ASER,1,39,AVDR,9,0,0,0.1111111111111111,0.0001941109512699768,0,0,39,0
2023-01-09-15,/home/ubuntu/klb/nuclr/nuclr/Data/Atanas_SF_unified_000776/cv5_grouped_v1/fold_2/test/train__2023-01-09-15__112db21c.npz,35,I1R,1,63,I1R,1,1,1,1.0,0.9550427198410034,0,1,63,1
2023-01-09-15,/home/ubuntu/klb/nuclr/nuclr/Data/Atanas_SF_unified_000776/cv5_grouped_v1/fold_2/test/train__2023-01-09-15__112db21c.npz,36,FLPR,1,103,RICR,2,0,1,0.5,0.2654884457588196,0,0,103,0
2023-01-09-15,/home/ubuntu/klb/nuclr/nuclr/Data/Atanas_SF_unified_000776/cv5_grouped_v1/fold_2/test/train__2023-01-09-15__112db21c.npz,37,CEPDR,1,138,SMDVR,3,0,1,0.3333333333333333,0.04581350460648537,0,0,138,0
2023-01-09-15,/home/ubuntu/klb/nuclr/nuclr/Data/Atanas_SF_unified_000776/cv5_grouped_v1/fold_2/test/train__2023-01-09-15__112db21c.npz,40,VB02,1,151,VB02,1,1,1,1.0,0.5816149711608887,0,1,151,1
2023-01-09-15,/home/ubuntu/klb/nuclr/nuclr/Data/Atanas_SF_unified_000776/cv5_grouped_v1/fold_2/test/train__2023-01-09-15__112db21c.npz,41,AWBR,1,50,AWBL,29,0,0,0.034482758620689655,5.4147619721334195e-08,0,0,50,0
2023-01-09-15,/home/ubuntu/klb/nuclr/nuclr/Data/Atanas_SF_unified_000776/cv5_grouped_v1/fold_2/test/train__2023-01-09-15__112db21c.npz,43,AQR,1,20,AQR,1,1,1,1.0,0.8002985715866089,0,1,20,1
2023-01-09-15,/home/ubuntu/klb/nuclr/nuclr/Data/Atanas_SF_unified_000776/cv5_grouped_v1/fold_2/test/train__2023-01-09-15__112db21c.npz,44,AVER,1,41,AVER,1,1,1,1.0,0.9052451848983765,0,1,41,1
2023-01-09-15,/home/ubuntu/klb/nuclr/nuclr/Data/Atanas_SF_unified_000776/cv5_grouped_v1/fold_2/test/train__2023-01-09-15__112db21c.npz,46,IL2VR,1,81,IL2VR,1,1,1,1.0,0.9592086672782898,0,1,81,1
2023-01-09-15,/home/ubuntu/klb/nuclr/nuclr/Data/Atanas_SF_unified_000776/cv5_grouped_v1/fold_2/test/train__2023-01-09-15__112db21c.npz,47,RICL,1,102,RICL,1,1,1,1.0,0.8444607257843018,0,1,102,1
2023-01-09-15,/home/ubuntu/klb/nuclr/nuclr/Data/Atanas_SF_unified_000776/cv5_grouped_v1/fold_2/test/train__2023-01-09-15__112db21c.npz,50,CEPDL,1,56,CEPDL,1,1,1,1.0,0.4773094058036804,0,1,56,1
2023-01-09-15,/home/ubuntu/klb/nuclr/nuclr/Data/Atanas_SF_unified_000776/cv5_grouped_v1/fold_2/test/train__2023-01-09-15__112db21c.npz,51,RMDDL,1,113,RMDDL,1,1,1,1.0,0.905592679977417,0,1,113,1
2023-01-09-15,/home/ubuntu/klb/nuclr/nuclr/Data/Atanas_SF_unified_000776/cv5_grouped_v1/fold_2/test/train__2023-01-09-15__112db21c.npz,53,RMER,1,121,RMER,1,1,1,1.0,0.9574411511421204,0,1,121,1
2023-01-09-15,/home/ubuntu/klb/nuclr/nuclr/Data/Atanas_SF_unified_000776/cv5_grouped_v1/fold_2/test/train__2023-01-09-15__112db21c.npz,54,AINR,1,44,AVJR,13,0,0,0.07692307692307693,1.1318277302052593e-06,1,0,51,0
2023-01-09-15,/home/ubuntu/klb/nuclr/nuclr/Data/Atanas_SF_unified_000776/cv5_grouped_v1/fold_2/test/train__2023-01-09-15__112db21c.npz,56,AVAR,1,35,AVAR,1,1,1,1.0,0.959553599357605,0,1,35,1
2023-01-09-15,/home/ubuntu/klb/nuclr/nuclr/Data/Atanas_SF_unified_000776/cv5_grouped_v1/fold_2/test/train__2023-01-09-15__112db21c.npz,57,RIBL,1,100,RIBL,1,1,1,1.0,0.6550198793411255,0,1,100,1
2023-01-09-15,/home/ubuntu/klb/nuclr/nuclr/Data/Atanas_SF_unified_000776/cv5_grouped_v1/fold_2/test/train__2023-01-09-15__112db21c.npz,60,OLQDR,1,95,OLQDR,1,1,1,1.0,0.9229415059089661,0,1,95,1
2023-01-09-15,/home/ubuntu/klb/nuclr/nuclr/Data/Atanas_SF_unified_000776/cv5_grouped_v1/fold_2/test/train__2023-01-09-15__112db21c.npz,61,AVDL,1,38,AVDL,1,1,1,1.0,0.9392937421798706,0,1,38,1
2023-01-09-15,/home/ubuntu/klb/nuclr/nuclr/Data/Atanas_SF_unified_000776/cv5_grouped_v1/fold_2/test/train__2023-01-09-15__112db21c.npz,63,ASIL,1,27,ASIL,1,1,1,1.0,0.8374980092048645,0,1,27,1
2023-01-09-15,/home/ubuntu/klb/nuclr/nuclr/Data/Atanas_SF_unified_000776/cv5_grouped_v1/fold_2/test/train__2023-01-09-15__112db21c.npz,64,AWCR,1,53,AWCR,1,1,1,1.0,0.8780277967453003,0,1,53,1
2023-01-09-15,/home/ubuntu/klb/nuclr/nuclr/Data/Atanas_SF_unified_000776/cv5_grouped_v1/fold_2/test/train__2023-01-09-15__112db21c.npz,65,AUAR,1,33,AUAR,1,1,1,1.0,0.7397448420524597,0,1,33,1
2023-01-09-15,/home/ubuntu/klb/nuclr/nuclr/Data/Atanas_SF_unified_000776/cv5_grouped_v1/fold_2/test/train__2023-01-09-15__112db21c.npz,67,I3,1,66,I3,1,1,1,1.0,0.9509478807449341,0,1,66,1
2023-01-09-15,/home/ubuntu/klb/nuclr/nuclr/Data/Atanas_SF_unified_000776/cv5_grouped_v1/fold_2/test/train__2023-01-09-15__112db21c.npz,68,CEPVL,1,58,CEPVL,1,1,1,1.0,0.8653596639633179,0,1,58,1
2023-01-09-15,/home/ubuntu/klb/nuclr/nuclr/Data/Atanas_SF_unified_000776/cv5_grouped_v1/fold_2/test/train__2023-01-09-15__112db21c.npz,69,SMDVL,1,137,SMDVL,1,1,1,1.0,0.9486783742904663,0,1,137,1
2023-01-09-15,/home/ubuntu/klb/nuclr/nuclr/Data/Atanas_SF_unified_000776/cv5_grouped_v1/fold_2/test/train__2023-01-09-15__112db21c.npz,70,AUAL,1,32,AUAL,1,1,1,1.0,0.953460156917572,0,1,32,1
2023-01-09-15,/home/ubuntu/klb/nuclr/nuclr/Data/Atanas_SF_unified_000776/cv5_grouped_v1/fold_2/test/train__2023-01-09-15__112db21c.npz,72,ASIR,1,28,ASIR,1,1,1,1.0,0.7108194231987,0,1,28,1
2023-01-09-15,/home/ubuntu/klb/nuclr/nuclr/Data/Atanas_SF_unified_000776/cv5_grouped_v1/fold_2/test/train__2023-01-09-15__112db21c.npz,76,I1L,1,62,I1L,1,1,1,1.0,0.9448550939559937,0,1,62,1
2023-01-09-15,/home/ubuntu/klb/nuclr/nuclr/Data/Atanas_SF_unified_000776/cv5_grouped_v1/fold_2/test/train__2023-01-09-15__112db21c.npz,77,M3L,1,83,M3L,1,1,1,1.0,0.8172162771224976,0,1,83,1
2023-01-09-15,/home/ubuntu/klb/nuclr/nuclr/Data/Atanas_SF_unified_000776/cv5_grouped_v1/fold_2/test/train__2023-01-09-15__112db21c.npz,78,M3R,1,84,M3R,1,1,1,1.0,0.9548031687736511,0,1,84,1
2023-01-09-15,/home/ubuntu/klb/nuclr/nuclr/Data/Atanas_SF_unified_000776/cv5_grouped_v1/fold_2/test/train__2023-01-09-15__112db21c.npz,79,AIBR,1,10,AIBR,1,1,1,1.0,0.6694756150245667,0,1,10,1
2023-01-09-15,/home/ubuntu/klb/nuclr/nuclr/Data/Atanas_SF_unified_000776/cv5_grouped_v1/fold_2/test/train__2023-01-09-15__112db21c.npz,82,OLQVL,1,96,OLQVL,1,1,1,1.0,0.8442960381507874,0,1,96,1
2023-01-09-15,/home/ubuntu/klb/nuclr/nuclr/Data/Atanas_SF_unified_000776/cv5_grouped_v1/fold_2/test/train__2023-01-09-15__112db21c.npz,84,MCL,1,87,MCL,1,1,1,1.0,0.922084629535675,0,1,87,1
2023-01-09-15,/home/ubuntu/klb/nuclr/nuclr/Data/Atanas_SF_unified_000776/cv5_grouped_v1/fold_2/test/train__2023-01-09-15__112db21c.npz,85,RIVL,1,111,RIVL,1,1,1,1.0,0.9513379335403442,0,1,111,1
2023-01-09-15,/home/ubuntu/klb/nuclr/nuclr/Data/Atanas_SF_unified_000776/cv5_grouped_v1/fold_2/test/train__2023-01-09-15__112db21c.npz,86,IL2DL,1,80,IL2VL,15,0,0,0.06666666666666667,2.2102321963757277e-06,0,0,80,0
2023-01-09-15,/home/ubuntu/klb/nuclr/nuclr/Data/Atanas_SF_unified_000776/cv5_grouped_v1/fold_2/test/train__2023-01-09-15__112db21c.npz,87,OLQDL,1,94,OLQDL,1,1,1,1.0,0.8389288783073425,0,1,94,1
2023-01-09-15,/home/ubuntu/klb/nuclr/nuclr/Data/Atanas_SF_unified_000776/cv5_grouped_v1/fold_2/test/train__2023-01-09-15__112db21c.npz,88,URBL,1,64,I2L,4,0,1,0.25,0.05362335965037346,1,0,143,1
2023-01-09-15,/home/ubuntu/klb/nuclr/nuclr/Data/Atanas_SF_unified_000776/cv5_grouped_v1/fold_2/test/train__2023-01-09-15__112db21c.npz,89,SAAVR,1,129,SAAVR,1,1,1,1.0,0.8405706882476807,0,1,129,1
2023-01-09-15,/home/ubuntu/klb/nuclr/nuclr/Data/Atanas_SF_unified_000776/cv5_grouped_v1/fold_2/test/train__2023-01-09-15__112db21c.npz,90,I2L,1,64,I2L,1,1,1,1.0,0.7260310649871826,0,1,64,1
2023-01-09-15,/home/ubuntu/klb/nuclr/nuclr/Data/Atanas_SF_unified_000776/cv5_grouped_v1/fold_2/test/train__2023-01-09-15__112db21c.npz,92,AVAL,1,34,AVAL,1,1,1,1.0,0.9585698843002319,0,1,34,1
2023-01-09-15,/home/ubuntu/klb/nuclr/nuclr/Data/Atanas_SF_unified_000776/cv5_grouped_v1/fold_2/test/train__2023-01-09-15__112db21c.npz,93,IL1R,1,73,IL1R,1,1,1,1.0,0.8355160355567932,0,1,73,1
2023-01-09-15,/home/ubuntu/klb/nuclr/nuclr/Data/Atanas_SF_unified_000776/cv5_grouped_v1/fold_2/test/train__2023-01-09-15__112db21c.npz,95,AVDR,1,22,ASER,2,0,1,0.5,0.14857590198516846,1,0,14,0
2023-01-09-15,/home/ubuntu/klb/nuclr/nuclr/Data/Atanas_SF_unified_000776/cv5_grouped_v1/fold_2/test/train__2023-01-09-15__112db21c.npz,96,ASGL,1,23,ASGL,1,1,1,1.0,0.944705069065094,0,1,23,1
2023-01-09-15,/home/ubuntu/klb/nuclr/nuclr/Data/Atanas_SF_unified_000776/cv5_grouped_v1/fold_2/test/train__2023-01-09-15__112db21c.npz,99,M2L,0,67,I4,,0,0,0.0,,0,0,67,0
2023-01-09-15,/home/ubuntu/klb/nuclr/nuclr/Data/Atanas_SF_unified_000776/cv5_grouped_v1/fold_2/test/train__2023-01-09-15__112db21c.npz,101,SMDVR,1,31,ASKR,11,0,0,0.09090909090909091,1.2500556294980925e-05,0,0,31,0
2023-01-09-15,/home/ubuntu/klb/nuclr/nuclr/Data/Atanas_SF_unified_000776/cv5_grouped_v1/fold_2/test/train__2023-01-09-15__112db21c.npz,102,NSMR,1,91,NSMR,1,1,1,1.0,0.9554307460784912,0,1,91,1
2023-01-09-15,/home/ubuntu/klb/nuclr/nuclr/Data/Atanas_SF_unified_000776/cv5_grouped_v1/fold_2/test/train__2023-01-09-15__112db21c.npz,103,ADLL,1,30,ASKL,2,0,1,0.5,0.3778989315032959,0,0,30,0
2023-01-09-15,/home/ubuntu/klb/nuclr/nuclr/Data/Atanas_SF_unified_000776/cv5_grouped_v1/fold_2/test/train__2023-01-09-15__112db21c.npz,105,RMEL,1,120,RMEL,1,1,1,1.0,0.9326487183570862,0,1,120,1
2023-01-09-15,/home/ubuntu/klb/nuclr/nuclr/Data/Atanas_SF_unified_000776/cv5_grouped_v1/fold_2/test/train__2023-01-09-15__112db21c.npz,106,AVHL,1,42,AVHL,1,1,1,1.0,0.9565617442131042,0,1,42,1
2023-01-09-15,/home/ubuntu/klb/nuclr/nuclr/Data/Atanas_SF_unified_000776/cv5_grouped_v1/fold_2/test/train__2023-01-09-15__112db21c.npz,107,RID,1,104,RID,1,1,1,1.0,0.9562785625457764,0,1,104,1
2023-01-09-15,/home/ubuntu/klb/nuclr/nuclr/Data/Atanas_SF_unified_000776/cv5_grouped_v1/fold_2/test/train__2023-01-09-15__112db21c.npz,109,RIH,1,105,RIH,1,1,1,1.0,0.6369134783744812,0,1,105,1
2023-01-09-15,/home/ubuntu/klb/nuclr/nuclr/Data/Atanas_SF_unified_000776/cv5_grouped_v1/fold_2/test/train__2023-01-09-15__112db21c.npz,110,RIML,1,106,RIML,1,1,1,1.0,0.9505906105041504,0,1,106,1
2023-01-09-15,/home/ubuntu/klb/nuclr/nuclr/Data/Atanas_SF_unified_000776/cv5_grouped_v1/fold_2/test/train__2023-01-09-15__112db21c.npz,112,RMDDR,1,114,RMDDR,1,1,1,1.0,0.9113133549690247,0,1,114,1
2023-01-09-15,/home/ubuntu/klb/nuclr/nuclr/Data/Atanas_SF_unified_000776/cv5_grouped_v1/fold_2/test/train__2023-01-09-15__112db21c.npz,113,URXL,1,56,CEPDL,2,0,1,0.5,0.45515352487564087,0,0,145,1
2023-01-09-15,/home/ubuntu/klb/nuclr/nuclr/Data/Atanas_SF_unified_000776/cv5_grouped_v1/fold_2/test/train__2023-01-09-15__112db21c.npz,114,ADER,1,61,FLPR,2,0,1,0.5,0.13706061244010925,0,0,61,0
2023-01-09-15,/home/ubuntu/klb/nuclr/nuclr/Data/Atanas_SF_unified_000776/cv5_grouped_v1/fold_2/test/train__2023-01-09-15__112db21c.npz,116,M5,1,86,M5,1,1,1,1.0,0.8116585612297058,0,1,86,1
2023-01-09-15,/home/ubuntu/klb/nuclr/nuclr/Data/Atanas_SF_unified_000776/cv5_grouped_v1/fold_2/test/train__2023-01-09-15__112db21c.npz,121,URYDL,1,147,URYDL,1,1,1,1.0,0.748750627040863,0,1,147,1
2023-01-09-15,/home/ubuntu/klb/nuclr/nuclr/Data/Atanas_SF_unified_000776/cv5_grouped_v1/fold_2/test/train__2023-01-09-15__112db21c.npz,123,RIAL,1,98,RIAL,1,1,1,1.0,0.9478988647460938,0,1,98,1
2023-01-09-15,/home/ubuntu/klb/nuclr/nuclr/Data/Atanas_SF_unified_000776/cv5_grouped_v1/fold_2/test/train__2023-01-09-15__112db21c.npz,125,RIMR,1,107,RIMR,1,1,1,1.0,0.9451078176498413,0,1,107,1
2023-01-09-15,/home/ubuntu/klb/nuclr/nuclr/Data/Atanas_SF_unified_000776/cv5_grouped_v1/fold_2/test/train__2023-01-09-15__112db21c.npz,128,URADR,1,140,URADR,1,1,1,1.0,0.950241208076477,0,1,140,1
2023-01-09-15,/home/ubuntu/klb/nuclr/nuclr/Data/Atanas_SF_unified_000776/cv5_grouped_v1/fold_2/test/train__2023-01-09-15__112db21c.npz,129,AVL,1,15,AIYL,21,0,0,0.047619047619047616,4.256977490513236e-07,0,0,15,0
2023-01-09-15,/home/ubuntu/klb/nuclr/nuclr/Data/Atanas_SF_unified_000776/cv5_grouped_v1/fold_2/test/train__2023-01-09-15__112db21c.npz,130,RICR,1,103,RICR,1,1,1,1.0,0.2287692129611969,1,0,22,0
2023-01-09-15,/home/ubuntu/klb/nuclr/nuclr/Data/Atanas_SF_unified_000776/cv5_grouped_v1/fold_2/test/train__2023-01-09-15__112db21c.npz,132,MI,1,89,MI,1,1,1,1.0,0.9388607740402222,0,1,89,1
2023-01-09-15,/home/ubuntu/klb/nuclr/nuclr/Data/Atanas_SF_unified_000776/cv5_grouped_v1/fold_2/test/train__2023-01-09-15__112db21c.npz,133,ADLR,1,5,ADLR,1,1,1,1.0,0.9177669286727905,0,1,5,1
2023-01-09-15,/home/ubuntu/klb/nuclr/nuclr/Data/Atanas_SF_unified_000776/cv5_grouped_v1/fold_2/test/train__2023-01-09-15__112db21c.npz,136,IL1DL,1,70,IL1DL,1,1,1,1.0,0.6552370190620422,0,1,70,1
2023-01-09-15,/home/ubuntu/klb/nuclr/nuclr/Data/Atanas_SF_unified_000776/cv5_grouped_v1/fold_2/test/train__2023-01-09-15__112db21c.npz,137,URXR,1,57,CEPDR,2,0,1,0.5,0.1758083999156952,0,0,57,0
2023-01-09-15,/home/ubuntu/klb/nuclr/nuclr/Data/Atanas_SF_unified_000776/cv5_grouped_v1/fold_2/test/train__2023-01-09-15__112db21c.npz,140,M4,1,85,M4,1,1,1,1.0,0.8124635219573975,0,1,85,1
2023-01-09-15,/home/ubuntu/klb/nuclr/nuclr/Data/Atanas_SF_unified_000776/cv5_grouped_v1/fold_2/test/train__2023-01-09-15__112db21c.npz,141,RMEV,1,126,SAADL,3,0,1,0.3333333333333333,0.057185351848602295,0,0,126,0
2023-01-09-15,/home/ubuntu/klb/nuclr/nuclr/Data/Atanas_SF_unified_000776/cv5_grouped_v1/fold_2/test/train__2023-01-09-15__112db21c.npz,143,IL1DR,1,119,RMED,9,0,0,0.1111111111111111,0.0020895618945360184,0,0,119,0
2023-01-09-15,/home/ubuntu/klb/nuclr/nuclr/Data/Atanas_SF_unified_000776/cv5_grouped_v1/fold_2/test/train__2023-01-09-15__112db21c.npz,144,FLPL,1,60,FLPL,1,1,1,1.0,0.9039662480354309,0,1,60,1
2023-01-09-15,/home/ubuntu/klb/nuclr/nuclr/Data/Atanas_SF_unified_000776/cv5_grouped_v1/fold_2/test/train__2023-01-09-15__112db21c.npz,145,SMBVR,1,12,AIMR,7,0,0,0.14285714285714285,0.011018345132470131,0,0,12,0
2023-01-09-15,/home/ubuntu/klb/nuclr/nuclr/Data/Atanas_SF_unified_000776/cv5_grouped_v1/fold_2/test/train__2023-01-09-15__112db21c.npz,146,I2R,1,65,I2R,1,1,1,1.0,0.8768069744110107,0,1,65,1
2023-01-23-08,/home/ubuntu/klb/nuclr/nuclr/Data/Atanas_SF_unified_000776/cv5_grouped_v1/fold_2/test/train__2023-01-23-08__b1b65a53.npz,0,ADER,1,65,I2R,142,0,0,0.007042253521126761,1.5435632087995805e-26,1,0,73,0
2023-01-23-08,/home/ubuntu/klb/nuclr/nuclr/Data/Atanas_SF_unified_000776/cv5_grouped_v1/fold_2/test/train__2023-01-23-08__b1b65a53.npz,1,AVDL,1,149,URYVL,89,0,0,0.011235955056179775,3.604319584628443e-15,1,0,149,0
2023-01-23-08,/home/ubuntu/klb/nuclr/nuclr/Data/Atanas_SF_unified_000776/cv5_grouped_v1/fold_2/test/train__2023-01-23-08__b1b65a53.npz,3,AVJR,1,88,MCR,109,0,0,0.009174311926605505,7.083802182941126e-16,0,0,88,0
2023-01-23-08,/home/ubuntu/klb/nuclr/nuclr/Data/Atanas_SF_unified_000776/cv5_grouped_v1/fold_2/test/train__2023-01-23-08__b1b65a53.npz,4,IL1VL,1,27,ASIL,98,0,0,0.01020408163265306,2.9240764860385344e-19,0,0,27,0
2023-01-23-08,/home/ubuntu/klb/nuclr/nuclr/Data/Atanas_SF_unified_000776/cv5_grouped_v1/fold_2/test/train__2023-01-23-08__b1b65a53.npz,5,AQR,1,140,URADR,136,0,0,0.007352941176470588,1.2795165956429372e-27,0,0,140,0
2023-01-23-08,/home/ubuntu/klb/nuclr/nuclr/Data/Atanas_SF_unified_000776/cv5_grouped_v1/fold_2/test/train__2023-01-23-08__b1b65a53.npz,6,SAADL,1,19,ALA,84,0,0,0.011904761904761904,2.966800872152204e-15,0,0,19,0
2023-01-23-08,/home/ubuntu/klb/nuclr/nuclr/Data/Atanas_SF_unified_000776/cv5_grouped_v1/fold_2/test/train__2023-01-23-08__b1b65a53.npz,7,OLLR,1,49,AWAR,18,0,0,0.05555555555555555,1.4901131635269849e-06,0,0,49,0
2023-01-23-08,/home/ubuntu/klb/nuclr/nuclr/Data/Atanas_SF_unified_000776/cv5_grouped_v1/fold_2/test/train__2023-01-23-08__b1b65a53.npz,8,AINL,1,64,I2L,142,0,0,0.007042253521126761,4.9128545349000286e-24,1,0,64,0
2023-01-23-08,/home/ubuntu/klb/nuclr/nuclr/Data/Atanas_SF_unified_000776/cv5_grouped_v1/fold_2/test/train__2023-01-23-08__b1b65a53.npz,9,RMDDR,1,144,URBR,64,0,0,0.015625,1.257728570180916e-07,1,0,144,0
2023-01-23-08,/home/ubuntu/klb/nuclr/nuclr/Data/Atanas_SF_unified_000776/cv5_grouped_v1/fold_2/test/train__2023-01-23-08__b1b65a53.npz,10,RIVR,1,91,NSMR,122,0,0,0.00819672131147541,2.9258923171197374e-21,0,0,91,0
2023-01-23-08,/home/ubuntu/klb/nuclr/nuclr/Data/Atanas_SF_unified_000776/cv5_grouped_v1/fold_2/test/train__2023-01-23-08__b1b65a53.npz,11,IL2R,1,110,RIS,84,0,0,0.011904761904761904,3.044339953739428e-13,1,0,110,0
2023-01-23-08,/home/ubuntu/klb/nuclr/nuclr/Data/Atanas_SF_unified_000776/cv5_grouped_v1/fold_2/test/train__2023-01-23-08__b1b65a53.npz,15,CEPVR,1,57,CEPDR,57,0,0,0.017543859649122806,1.2553286318425783e-12,0,0,57,0
2023-01-23-08,/home/ubuntu/klb/nuclr/nuclr/Data/Atanas_SF_unified_000776/cv5_grouped_v1/fold_2/test/train__2023-01-23-08__b1b65a53.npz,16,I1L,1,2,ADEL,134,0,0,0.007462686567164179,2.3126621785337547e-31,0,0,2,0
2023-01-23-08,/home/ubuntu/klb/nuclr/nuclr/Data/Atanas_SF_unified_000776/cv5_grouped_v1/fold_2/test/train__2023-01-23-08__b1b65a53.npz,17,AWBL,1,96,OLQVL,25,0,0,0.04,4.425138286023866e-06,1,0,96,0
2023-01-23-08,/home/ubuntu/klb/nuclr/nuclr/Data/Atanas_SF_unified_000776/cv5_grouped_v1/fold_2/test/train__2023-01-23-08__b1b65a53.npz,19,BAGR,1,31,ASKR,46,0,0,0.021739130434782608,4.972839917627425e-10,0,0,31,0
2023-01-23-08,/home/ubuntu/klb/nuclr/nuclr/Data/Atanas_SF_unified_000776/cv5_grouped_v1/fold_2/test/train__2023-01-23-08__b1b65a53.npz,20,SAADR,1,85,M4,82,0,0,0.012195121951219513,1.0865724088999384e-16,1,0,147,0
2023-01-23-08,/home/ubuntu/klb/nuclr/nuclr/Data/Atanas_SF_unified_000776/cv5_grouped_v1/fold_2/test/train__2023-01-23-08__b1b65a53.npz,21,RIVL,1,74,IL1VL,135,0,0,0.007407407407407408,3.066237210237738e-22,0,0,74,0
2023-01-23-08,/home/ubuntu/klb/nuclr/nuclr/Data/Atanas_SF_unified_000776/cv5_grouped_v1/fold_2/test/train__2023-01-23-08__b1b65a53.npz,26,URAVL,1,50,AWBL,120,0,0,0.008333333333333333,5.2231719992937475e-22,0,0,50,0
2023-01-23-08,/home/ubuntu/klb/nuclr/nuclr/Data/Atanas_SF_unified_000776/cv5_grouped_v1/fold_2/test/train__2023-01-23-08__b1b65a53.npz,29,RMDVL,1,117,RMDVL,1,1,1,1.0,0.8964808583259583,0,1,117,1
2023-01-23-08,/home/ubuntu/klb/nuclr/nuclr/Data/Atanas_SF_unified_000776/cv5_grouped_v1/fold_2/test/train__2023-01-23-08__b1b65a53.npz,31,IL2DR,1,15,AIYL,144,0,0,0.006944444444444444,1.0829182739730066e-24,0,0,68,0
2023-01-23-08,/home/ubuntu/klb/nuclr/nuclr/Data/Atanas_SF_unified_000776/cv5_grouped_v1/fold_2/test/train__2023-01-23-08__b1b65a53.npz,32,IL2DL,1,113,RMDDL,149,0,0,0.006711409395973154,1.317222190167678e-24,0,0,113,0
2023-01-23-08,/home/ubuntu/klb/nuclr/nuclr/Data/Atanas_SF_unified_000776/cv5_grouped_v1/fold_2/test/train__2023-01-23-08__b1b65a53.npz,34,FLPL,1,64,I2L,137,0,0,0.0072992700729927005,1.8344685482192967e-25,1,0,108,0
2023-01-23-08,/home/ubuntu/klb/nuclr/nuclr/Data/Atanas_SF_unified_000776/cv5_grouped_v1/fold_2/test/train__2023-01-23-08__b1b65a53.npz,36,AIZL,1,139,URADL,128,0,0,0.0078125,5.903605850581086e-24,0,0,139,0
2023-01-23-08,/home/ubuntu/klb/nuclr/nuclr/Data/Atanas_SF_unified_000776/cv5_grouped_v1/fold_2/test/train__2023-01-23-08__b1b65a53.npz,37,IL1VR,1,86,M5,97,0,0,0.010309278350515464,1.0413396764710526e-19,1,0,86,0
2023-01-23-08,/home/ubuntu/klb/nuclr/nuclr/Data/Atanas_SF_unified_000776/cv5_grouped_v1/fold_2/test/train__2023-01-23-08__b1b65a53.npz,38,I2R,1,67,I4,128,0,0,0.0078125,3.2560673652951923e-24,0,0,67,0
2023-01-23-08,/home/ubuntu/klb/nuclr/nuclr/Data/Atanas_SF_unified_000776/cv5_grouped_v1/fold_2/test/train__2023-01-23-08__b1b65a53.npz,40,URBL,1,38,AVDL,79,0,0,0.012658227848101266,8.422750043708953e-17,0,0,38,0
2023-01-23-08,/home/ubuntu/klb/nuclr/nuclr/Data/Atanas_SF_unified_000776/cv5_grouped_v1/fold_2/test/train__2023-01-23-08__b1b65a53.npz,41,IL1DR,1,16,AIYR,60,0,0,0.016666666666666666,7.544207446252837e-12,0,0,16,0
2023-01-23-08,/home/ubuntu/klb/nuclr/nuclr/Data/Atanas_SF_unified_000776/cv5_grouped_v1/fold_2/test/train__2023-01-23-08__b1b65a53.npz,42,I4,1,91,NSMR,125,0,0,0.008,5.628631903708625e-20,1,0,141,0
2023-01-23-08,/home/ubuntu/klb/nuclr/nuclr/Data/Atanas_SF_unified_000776/cv5_grouped_v1/fold_2/test/train__2023-01-23-08__b1b65a53.npz,43,AVDR,1,142,URAVR,61,0,0,0.01639344262295082,3.811287049848566e-11,0,0,142,0
2023-01-23-08,/home/ubuntu/klb/nuclr/nuclr/Data/Atanas_SF_unified_000776/cv5_grouped_v1/fold_2/test/train__2023-01-23-08__b1b65a53.npz,44,URXR,1,59,CEPVR,64,0,0,0.015625,2.374944316728411e-13,0,0,59,0
2023-01-23-08,/home/ubuntu/klb/nuclr/nuclr/Data/Atanas_SF_unified_000776/cv5_grouped_v1/fold_2/test/train__2023-01-23-08__b1b65a53.npz,46,M3L,1,43,AVJL,119,0,0,0.008403361344537815,2.5392158528702438e-24,0,0,43,0
2023-01-23-08,/home/ubuntu/klb/nuclr/nuclr/Data/Atanas_SF_unified_000776/cv5_grouped_v1/fold_2/test/train__2023-01-23-08__b1b65a53.npz,47,ASER,1,55,BAGR,49,0,0,0.02040816326530612,1.5034380851375317e-08,1,0,55,0
2023-01-23-08,/home/ubuntu/klb/nuclr/nuclr/Data/Atanas_SF_unified_000776/cv5_grouped_v1/fold_2/test/train__2023-01-23-08__b1b65a53.npz,48,AVEL,1,40,AVEL,1,1,1,1.0,0.6492695808410645,0,1,40,1
2023-01-23-08,/home/ubuntu/klb/nuclr/nuclr/Data/Atanas_SF_unified_000776/cv5_grouped_v1/fold_2/test/train__2023-01-23-08__b1b65a53.npz,49,IL1L,1,21,ASEL,100,0,0,0.01,1.242839678154491e-20,0,0,21,0
2023-01-23-08,/home/ubuntu/klb/nuclr/nuclr/Data/Atanas_SF_unified_000776/cv5_grouped_v1/fold_2/test/train__2023-01-23-08__b1b65a53.npz,50,M3R,1,44,AVJR,130,0,0,0.007692307692307693,5.1512284905827664e-21,1,0,44,0
2023-01-23-08,/home/ubuntu/klb/nuclr/nuclr/Data/Atanas_SF_unified_000776/cv5_grouped_v1/fold_2/test/train__2023-01-23-08__b1b65a53.npz,51,ASIL,1,90,NSML,125,0,0,0.008,2.816745673734652e-21,0,0,90,0
2023-01-23-08,/home/ubuntu/klb/nuclr/nuclr/Data/Atanas_SF_unified_000776/cv5_grouped_v1/fold_2/test/train__2023-01-23-08__b1b65a53.npz,53,AINR,1,65,I2R,122,0,0,0.00819672131147541,8.534881820366029e-18,1,0,99,0
2023-01-23-08,/home/ubuntu/klb/nuclr/nuclr/Data/Atanas_SF_unified_000776/cv5_grouped_v1/fold_2/test/train__2023-01-23-08__b1b65a53.npz,54,M5,1,87,MCL,139,0,0,0.007194244604316547,8.64061728794528e-28,0,0,62,0
2023-01-23-08,/home/ubuntu/klb/nuclr/nuclr/Data/Atanas_SF_unified_000776/cv5_grouped_v1/fold_2/test/train__2023-01-23-08__b1b65a53.npz,55,AWCR,1,121,RMER,7,0,0,0.14285714285714285,0.00040370383067056537,0,0,121,0
2023-01-23-08,/home/ubuntu/klb/nuclr/nuclr/Data/Atanas_SF_unified_000776/cv5_grouped_v1/fold_2/test/train__2023-01-23-08__b1b65a53.npz,56,RMDDL,1,76,IL2DL,80,0,0,0.0125,6.616451500183682e-14,0,0,76,0
2023-01-23-08,/home/ubuntu/klb/nuclr/nuclr/Data/Atanas_SF_unified_000776/cv5_grouped_v1/fold_2/test/train__2023-01-23-08__b1b65a53.npz,58,RMDVR,1,118,RMDVR,1,1,1,1.0,0.20794366300106049,1,0,118,1
2023-01-23-08,/home/ubuntu/klb/nuclr/nuclr/Data/Atanas_SF_unified_000776/cv5_grouped_v1/fold_2/test/train__2023-01-23-08__b1b65a53.npz,59,RIH,1,119,RMED,51,0,0,0.0196078431372549,4.602940251174914e-11,0,0,119,0
2023-01-23-08,/home/ubuntu/klb/nuclr/nuclr/Data/Atanas_SF_unified_000776/cv5_grouped_v1/fold_2/test/train__2023-01-23-08__b1b65a53.npz,60,ASEL,1,72,IL1L,112,0,0,0.008928571428571428,2.3989204531378724e-19,0,0,72,0
2023-01-23-08,/home/ubuntu/klb/nuclr/nuclr/Data/Atanas_SF_unified_000776/cv5_grouped_v1/fold_2/test/train__2023-01-23-08__b1b65a53.npz,61,MCL,1,60,FLPL,140,0,0,0.007142857142857143,3.4311655069428655e-31,0,0,60,0
2023-01-23-08,/home/ubuntu/klb/nuclr/nuclr/Data/Atanas_SF_unified_000776/cv5_grouped_v1/fold_2/test/train__2023-01-23-08__b1b65a53.npz,64,IL1DL,1,114,RMDDR,98,0,0,0.01020408163265306,3.122588230602399e-15,0,0,114,0
2023-01-23-08,/home/ubuntu/klb/nuclr/nuclr/Data/Atanas_SF_unified_000776/cv5_grouped_v1/fold_2/test/train__2023-01-23-08__b1b65a53.npz,66,RMER,1,53,AWCR,5,0,1,0.2,0.020182257518172264,1,0,53,0
2023-01-23-08,/home/ubuntu/klb/nuclr/nuclr/Data/Atanas_SF_unified_000776/cv5_grouped_v1/fold_2/test/train__2023-01-23-08__b1b65a53.npz,68,NSML,1,60,FLPL,97,0,0,0.010309278350515464,1.7398183297534213e-24,1,0,102,0
2023-01-23-08,/home/ubuntu/klb/nuclr/nuclr/Data/Atanas_SF_unified_000776/cv5_grouped_v1/fold_2/test/train__2023-01-23-08__b1b65a53.npz,69,BAGL,1,6,AFDL,4,0,1,0.25,0.0067857494577765465,0,0,6,0
2023-01-23-08,/home/ubuntu/klb/nuclr/nuclr/Data/Atanas_SF_unified_000776/cv5_grouped_v1/fold_2/test/train__2023-01-23-08__b1b65a53.npz,70,SMBDR,1,85,M4,134,0,0,0.007462686567164179,1.6380506029849816e-27,0,0,85,0
2023-01-23-08,/home/ubuntu/klb/nuclr/nuclr/Data/Atanas_SF_unified_000776/cv5_grouped_v1/fold_2/test/train__2023-01-23-08__b1b65a53.npz,71,I3,1,15,AIYL,129,0,0,0.007751937984496124,2.466733025201912e-23,0,0,15,0
2023-01-23-08,/home/ubuntu/klb/nuclr/nuclr/Data/Atanas_SF_unified_000776/cv5_grouped_v1/fold_2/test/train__2023-01-23-08__b1b65a53.npz,74,ASGR,1,79,IL2R,38,0,0,0.02631578947368421,4.688256538543101e-08,0,0,79,0
2023-01-23-08,/home/ubuntu/klb/nuclr/nuclr/Data/Atanas_SF_unified_000776/cv5_grouped_v1/fold_2/test/train__2023-01-23-08__b1b65a53.npz,75,NSMR,1,69,I6,146,0,0,0.00684931506849315,5.840738371911518e-28,1,0,69,0
2023-01-23-08,/home/ubuntu/klb/nuclr/nuclr/Data/Atanas_SF_unified_000776/cv5_grouped_v1/fold_2/test/train__2023-01-23-08__b1b65a53.npz,76,I6,1,87,MCL,118,0,0,0.00847457627118644,1.4877722297141236e-22,0,0,87,0
2023-01-23-08,/home/ubuntu/klb/nuclr/nuclr/Data/Atanas_SF_unified_000776/cv5_grouped_v1/fold_2/test/train__2023-01-23-08__b1b65a53.npz,78,CEPVL,1,56,CEPDL,16,0,0,0.0625,3.2698655559215695e-05,0,0,56,0
2023-01-23-08,/home/ubuntu/klb/nuclr/nuclr/Data/Atanas_SF_unified_000776/cv5_grouped_v1/fold_2/test/train__2023-01-23-08__b1b65a53.npz,80,CEPDL,1,80,IL2VL,45,0,0,0.022222222222222223,1.348373773746303e-10,0,0,80,0
2023-01-23-08,/home/ubuntu/klb/nuclr/nuclr/Data/Atanas_SF_unified_000776/cv5_grouped_v1/fold_2/test/train__2023-01-23-08__b1b65a53.npz,82,URBR,1,51,AWBR,18,0,0,0.05555555555555555,8.176730261766352e-06,1,0,51,0
2023-01-23-08,/home/ubuntu/klb/nuclr/nuclr/Data/Atanas_SF_unified_000776/cv5_grouped_v1/fold_2/test/train__2023-01-23-08__b1b65a53.npz,83,RID,1,109,RIR,100,0,0,0.01,1.7524419229257094e-15,1,0,109,0
2023-01-23-08,/home/ubuntu/klb/nuclr/nuclr/Data/Atanas_SF_unified_000776/cv5_grouped_v1/fold_2/test/train__2023-01-23-08__b1b65a53.npz,85,OLQVR,1,138,SMDVR,31,0,0,0.03225806451612903,3.704829509842966e-07,1,0,138,0
2023-01-23-08,/home/ubuntu/klb/nuclr/nuclr/Data/Atanas_SF_unified_000776/cv5_grouped_v1/fold_2/test/train__2023-01-23-08__b1b65a53.npz,86,RMDL,1,94,OLQDL,26,0,0,0.038461538461538464,3.3116846225311747e-06,0,0,94,0
2023-01-23-08,/home/ubuntu/klb/nuclr/nuclr/Data/Atanas_SF_unified_000776/cv5_grouped_v1/fold_2/test/train__2023-01-23-08__b1b65a53.npz,92,AVL,1,76,IL2DL,118,0,0,0.00847457627118644,2.7465000997697378e-24,0,0,70,0
2023-01-23-08,/home/ubuntu/klb/nuclr/nuclr/Data/Atanas_SF_unified_000776/cv5_grouped_v1/fold_2/test/train__2023-01-23-08__b1b65a53.npz,93,RMDR,1,129,SAAVR,2,0,1,0.5,0.23140110075473785,0,0,129,0
2023-01-23-08,/home/ubuntu/klb/nuclr/nuclr/Data/Atanas_SF_unified_000776/cv5_grouped_v1/fold_2/test/train__2023-01-23-08__b1b65a53.npz,94,SMDDL,1,104,RID,113,0,0,0.008849557522123894,4.579699523470251e-18,0,0,34,0
2023-01-23-08,/home/ubuntu/klb/nuclr/nuclr/Data/Atanas_SF_unified_000776/cv5_grouped_v1/fold_2/test/train__2023-01-23-08__b1b65a53.npz,96,IL2L,1,23,ASGL,93,0,0,0.010752688172043012,2.3434221141071224e-18,1,0,23,0
2023-01-23-08,/home/ubuntu/klb/nuclr/nuclr/Data/Atanas_SF_unified_000776/cv5_grouped_v1/fold_2/test/train__2023-01-23-08__b1b65a53.npz,97,RICL,1,139,URADL,131,0,0,0.007633587786259542,8.168743420415415e-26,1,0,89,0
2023-01-23-08,/home/ubuntu/klb/nuclr/nuclr/Data/Atanas_SF_unified_000776/cv5_grouped_v1/fold_2/test/train__2023-01-23-08__b1b65a53.npz,99,AWCL,1,120,RMEL,53,0,0,0.018867924528301886,2.291923768826809e-11,0,0,120,0
2023-01-23-08,/home/ubuntu/klb/nuclr/nuclr/Data/Atanas_SF_unified_000776/cv5_grouped_v1/fold_2/test/train__2023-01-23-08__b1b65a53.npz,101,AIZR,1,140,URADR,77,0,0,0.012987012987012988,5.421949239407808e-13,1,0,93,0
2023-01-23-08,/home/ubuntu/klb/nuclr/nuclr/Data/Atanas_SF_unified_000776/cv5_grouped_v1/fold_2/test/train__2023-01-23-08__b1b65a53.npz,102,M4,1,7,AIAL,148,0,0,0.006756756756756757,1.9583900375332428e-19,1,0,7,0
2023-01-23-08,/home/ubuntu/klb/nuclr/nuclr/Data/Atanas_SF_unified_000776/cv5_grouped_v1/fold_2/test/train__2023-01-23-08__b1b65a53.npz,106,M1,1,65,I2R,115,0,0,0.008695652173913044,2.8610500408764247e-20,0,0,65,0
2023-01-23-08,/home/ubuntu/klb/nuclr/nuclr/Data/Atanas_SF_unified_000776/cv5_grouped_v1/fold_2/test/train__2023-01-23-08__b1b65a53.npz,109,AUAL,1,92,OLLL,63,0,0,0.015873015873015872,4.371958795424541e-13,0,0,92,0
2023-01-23-08,/home/ubuntu/klb/nuclr/nuclr/Data/Atanas_SF_unified_000776/cv5_grouped_v1/fold_2/test/train__2023-01-23-08__b1b65a53.npz,110,AIBR,1,150,URYVR,20,0,0,0.05,1.8775672288029455e-06,0,0,150,0
2023-01-23-08,/home/ubuntu/klb/nuclr/nuclr/Data/Atanas_SF_unified_000776/cv5_grouped_v1/fold_2/test/train__2023-01-23-08__b1b65a53.npz,115,RMEL,1,52,AWCL,5,0,1,0.2,0.0007997446809895337,0,0,52,0
2023-01-23-08,/home/ubuntu/klb/nuclr/nuclr/Data/Atanas_SF_unified_000776/cv5_grouped_v1/fold_2/test/train__2023-01-23-08__b1b65a53.npz,117,CEPDR,1,142,URAVR,57,0,0,0.017543859649122806,2.0951636259258777e-11,1,0,81,0
2023-01-23-08,/home/ubuntu/klb/nuclr/nuclr/Data/Atanas_SF_unified_000776/cv5_grouped_v1/fold_2/test/train__2023-01-23-08__b1b65a53.npz,119,AIMR,1,148,URYDR,126,0,0,0.007936507936507936,6.253431543812454e-25,0,0,148,0
2023-01-23-08,/home/ubuntu/klb/nuclr/nuclr/Data/Atanas_SF_unified_000776/cv5_grouped_v1/fold_2/test/train__2023-01-23-08__b1b65a53.npz,120,SMDDR,1,104,RID,116,0,0,0.008620689655172414,1.0294634954498078e-18,0,0,104,0
2023-01-23-08,/home/ubuntu/klb/nuclr/nuclr/Data/Atanas_SF_unified_000776/cv5_grouped_v1/fold_2/test/train__2023-01-23-08__b1b65a53.npz,121,AVJL,1,143,URBL,114,0,0,0.008771929824561403,3.9967997180672756e-19,0,0,143,0
2023-01-23-08,/home/ubuntu/klb/nuclr/nuclr/Data/Atanas_SF_unified_000776/cv5_grouped_v1/fold_2/test/train__2023-01-23-08__b1b65a53.npz,122,OLQDL,1,135,SMDDL,70,0,0,0.014285714285714285,4.604634155116723e-15,0,0,135,0
2023-01-23-08,/home/ubuntu/klb/nuclr/nuclr/Data/Atanas_SF_unified_000776/cv5_grouped_v1/fold_2/test/train__2023-01-23-08__b1b65a53.npz,123,I2L,1,13,AINL,137,0,0,0.0072992700729927005,1.459986835331461e-30,0,0,13,0
2023-01-23-08,/home/ubuntu/klb/nuclr/nuclr/Data/Atanas_SF_unified_000776/cv5_grouped_v1/fold_2/test/train__2023-01-23-08__b1b65a53.npz,124,SMDVR,1,97,OLQVR,39,0,0,0.02564102564102564,1.0487369905831656e-07,0,0,97,0
2023-01-23-08,/home/ubuntu/klb/nuclr/nuclr/Data/Atanas_SF_unified_000776/cv5_grouped_v1/fold_2/test/train__2023-01-23-08__b1b65a53.npz,126,MCR,1,13,AINL,138,0,0,0.007246376811594203,2.3399355489524936e-28,1,0,36,0
2023-01-23-08,/home/ubuntu/klb/nuclr/nuclr/Data/Atanas_SF_unified_000776/cv5_grouped_v1/fold_2/test/train__2023-01-23-08__b1b65a53.npz,129,I1R,1,2,ADEL,129,0,0,0.007751937984496124,1.9720259220481777e-27,1,0,61,0
2023-01-23-08,/home/ubuntu/klb/nuclr/nuclr/Data/Atanas_SF_unified_000776/cv5_grouped_v1/fold_2/test/train__2023-01-23-08__b1b65a53.npz,131,IL1R,1,112,RIVR,52,0,0,0.019230769230769232,1.4262228550943057e-12,1,0,112,0
2023-01-23-08,/home/ubuntu/klb/nuclr/nuclr/Data/Atanas_SF_unified_000776/cv5_grouped_v1/fold_2/test/train__2023-01-23-08__b1b65a53.npz,134,ASGL,1,72,IL1L,67,0,0,0.014925373134328358,2.950012630009713e-12,0,0,78,0
2023-01-23-08,/home/ubuntu/klb/nuclr/nuclr/Data/Atanas_SF_unified_000776/cv5_grouped_v1/fold_2/test/train__2023-01-23-08__b1b65a53.npz,135,URYVR,1,28,ASIR,83,0,0,0.012048192771084338,8.202633709288346e-16,0,0,28,0
2023-01-23-08,/home/ubuntu/klb/nuclr/nuclr/Data/Atanas_SF_unified_000776/cv5_grouped_v1/fold_2/test/train__2023-01-23-08__b1b65a53.npz,137,OLLL,1,115,RMDL,23,0,0,0.043478260869565216,2.4004625842621863e-08,0,0,115,0
2023-01-23-08,/home/ubuntu/klb/nuclr/nuclr/Data/Atanas_SF_unified_000776/cv5_grouped_v1/fold_2/test/train__2023-01-23-08__b1b65a53.npz,138,OLQDR,1,136,SMDDR,59,0,0,0.01694915254237288,4.447734715251617e-12,0,0,136,0
2023-01-23-08,/home/ubuntu/klb/nuclr/nuclr/Data/Atanas_SF_unified_000776/cv5_grouped_v1/fold_2/test/train__2023-01-23-08__b1b65a53.npz,141,SMDVL,1,58,CEPVL,52,0,0,0.019230769230769232,1.1509539848963968e-10,0,0,58,0
2023-01-23-08,/home/ubuntu/klb/nuclr/nuclr/Data/Atanas_SF_unified_000776/cv5_grouped_v1/fold_2/test/train__2023-01-23-08__b1b65a53.npz,142,URXL,1,83,M3L,47,0,0,0.02127659574468085,1.1113802933504502e-10,0,0,83,0
2023-01-23-21,/home/ubuntu/klb/nuclr/nuclr/Data/Atanas_SF_unified_000776/cv5_grouped_v1/fold_2/test/train__2023-01-23-21__2b2ef56d.npz,0,AVEL,1,40,AVEL,1,1,1,1.0,0.9600040316581726,0,1,40,1
2023-01-23-21,/home/ubuntu/klb/nuclr/nuclr/Data/Atanas_SF_unified_000776/cv5_grouped_v1/fold_2/test/train__2023-01-23-21__2b2ef56d.npz,2,RMEL,1,120,RMEL,1,1,1,1.0,0.9610382318496704,0,1,120,1
2023-01-23-21,/home/ubuntu/klb/nuclr/nuclr/Data/Atanas_SF_unified_000776/cv5_grouped_v1/fold_2/test/train__2023-01-23-21__2b2ef56d.npz,3,AWAR,1,130,SIBDR,4,0,1,0.25,0.10709679126739502,0,0,130,0
2023-01-23-21,/home/ubuntu/klb/nuclr/nuclr/Data/Atanas_SF_unified_000776/cv5_grouped_v1/fold_2/test/train__2023-01-23-21__2b2ef56d.npz,4,URYDL,1,147,URYDL,1,1,1,1.0,0.8872846961021423,0,1,147,1
2023-01-23-21,/home/ubuntu/klb/nuclr/nuclr/Data/Atanas_SF_unified_000776/cv5_grouped_v1/fold_2/test/train__2023-01-23-21__2b2ef56d.npz,5,I2L,1,64,I2L,1,1,1,1.0,0.9043362140655518,0,1,64,1
2023-01-23-21,/home/ubuntu/klb/nuclr/nuclr/Data/Atanas_SF_unified_000776/cv5_grouped_v1/fold_2/test/train__2023-01-23-21__2b2ef56d.npz,6,SAAVL,1,128,SAAVL,1,1,1,1.0,0.9583455920219421,0,1,128,1
2023-01-23-21,/home/ubuntu/klb/nuclr/nuclr/Data/Atanas_SF_unified_000776/cv5_grouped_v1/fold_2/test/train__2023-01-23-21__2b2ef56d.npz,7,I1R,1,63,I1R,1,1,1,1.0,0.9584617018699646,0,1,63,1
2023-01-23-21,/home/ubuntu/klb/nuclr/nuclr/Data/Atanas_SF_unified_000776/cv5_grouped_v1/fold_2/test/train__2023-01-23-21__2b2ef56d.npz,8,RMDR,1,105,RIH,10,0,0,0.1,0.0016257843235507607,0,0,105,0
2023-01-23-21,/home/ubuntu/klb/nuclr/nuclr/Data/Atanas_SF_unified_000776/cv5_grouped_v1/fold_2/test/train__2023-01-23-21__2b2ef56d.npz,9,IL1DL,1,70,IL1DL,1,1,1,1.0,0.9402443170547485,0,1,70,1
2023-01-23-21,/home/ubuntu/klb/nuclr/nuclr/Data/Atanas_SF_unified_000776/cv5_grouped_v1/fold_2/test/train__2023-01-23-21__2b2ef56d.npz,10,URYDR,1,148,URYDR,1,1,1,1.0,0.7520257830619812,0,1,148,1
2023-01-23-21,/home/ubuntu/klb/nuclr/nuclr/Data/Atanas_SF_unified_000776/cv5_grouped_v1/fold_2/test/train__2023-01-23-21__2b2ef56d.npz,11,SIBVL,0,7,AIAL,,0,0,0.0,,0,0,7,0
2023-01-23-21,/home/ubuntu/klb/nuclr/nuclr/Data/Atanas_SF_unified_000776/cv5_grouped_v1/fold_2/test/train__2023-01-23-21__2b2ef56d.npz,13,RMER,1,121,RMER,1,1,1,1.0,0.9598080515861511,0,1,121,1
2023-01-23-21,/home/ubuntu/klb/nuclr/nuclr/Data/Atanas_SF_unified_000776/cv5_grouped_v1/fold_2/test/train__2023-01-23-21__2b2ef56d.npz,15,SMDVR,1,138,SMDVR,1,1,1,1.0,0.6970473527908325,0,1,138,1
2023-01-23-21,/home/ubuntu/klb/nuclr/nuclr/Data/Atanas_SF_unified_000776/cv5_grouped_v1/fold_2/test/train__2023-01-23-21__2b2ef56d.npz,16,RIAR,1,99,RIAR,1,1,1,1.0,0.6527018547058105,0,1,99,1
2023-01-23-21,/home/ubuntu/klb/nuclr/nuclr/Data/Atanas_SF_unified_000776/cv5_grouped_v1/fold_2/test/train__2023-01-23-21__2b2ef56d.npz,17,SAADL,1,98,RIAL,12,0,0,0.08333333333333333,2.6976162189384922e-05,1,0,98,0
2023-01-23-21,/home/ubuntu/klb/nuclr/nuclr/Data/Atanas_SF_unified_000776/cv5_grouped_v1/fold_2/test/train__2023-01-23-21__2b2ef56d.npz,18,M3R,1,73,IL1R,19,0,0,0.05263157894736842,2.2040039127091404e-08,0,0,73,0
2023-01-23-21,/home/ubuntu/klb/nuclr/nuclr/Data/Atanas_SF_unified_000776/cv5_grouped_v1/fold_2/test/train__2023-01-23-21__2b2ef56d.npz,19,RICR,1,61,FLPR,2,0,1,0.5,0.1452571153640747,0,0,61,0
2023-01-23-21,/home/ubuntu/klb/nuclr/nuclr/Data/Atanas_SF_unified_000776/cv5_grouped_v1/fold_2/test/train__2023-01-23-21__2b2ef56d.npz,21,ADAL,1,2,ADEL,4,0,1,0.25,0.012360692024230957,0,0,2,0
2023-01-23-21,/home/ubuntu/klb/nuclr/nuclr/Data/Atanas_SF_unified_000776/cv5_grouped_v1/fold_2/test/train__2023-01-23-21__2b2ef56d.npz,24,RMDVR,1,118,RMDVR,1,1,1,1.0,0.9591044783592224,0,1,118,1
2023-01-23-21,/home/ubuntu/klb/nuclr/nuclr/Data/Atanas_SF_unified_000776/cv5_grouped_v1/fold_2/test/train__2023-01-23-21__2b2ef56d.npz,25,AIBL,1,9,AIBL,1,1,1,1.0,0.9598150253295898,0,1,9,1
2023-01-23-21,/home/ubuntu/klb/nuclr/nuclr/Data/Atanas_SF_unified_000776/cv5_grouped_v1/fold_2/test/train__2023-01-23-21__2b2ef56d.npz,29,OLQVL,1,96,OLQVL,1,1,1,1.0,0.44043511152267456,0,1,96,1
2023-01-23-21,/home/ubuntu/klb/nuclr/nuclr/Data/Atanas_SF_unified_000776/cv5_grouped_v1/fold_2/test/train__2023-01-23-21__2b2ef56d.npz,30,RMEV,1,122,RMEV,1,1,1,1.0,0.8032681941986084,0,1,122,1
2023-01-23-21,/home/ubuntu/klb/nuclr/nuclr/Data/Atanas_SF_unified_000776/cv5_grouped_v1/fold_2/test/train__2023-01-23-21__2b2ef56d.npz,31,OLLL,1,92,OLLL,1,1,1,1.0,0.9240037202835083,0,1,92,1
2023-01-23-21,/home/ubuntu/klb/nuclr/nuclr/Data/Atanas_SF_unified_000776/cv5_grouped_v1/fold_2/test/train__2023-01-23-21__2b2ef56d.npz,32,RMDL,1,115,RMDL,1,1,1,1.0,0.8949757218360901,0,1,115,1
2023-01-23-21,/home/ubuntu/klb/nuclr/nuclr/Data/Atanas_SF_unified_000776/cv5_grouped_v1/fold_2/test/train__2023-01-23-21__2b2ef56d.npz,33,RMDDL,1,113,RMDDL,1,1,1,1.0,0.9607600569725037,0,1,113,1
2023-01-23-21,/home/ubuntu/klb/nuclr/nuclr/Data/Atanas_SF_unified_000776/cv5_grouped_v1/fold_2/test/train__2023-01-23-21__2b2ef56d.npz,34,NSMR,1,91,NSMR,1,1,1,1.0,0.8575836420059204,0,1,91,1
2023-01-23-21,/home/ubuntu/klb/nuclr/nuclr/Data/Atanas_SF_unified_000776/cv5_grouped_v1/fold_2/test/train__2023-01-23-21__2b2ef56d.npz,35,AIZL,1,17,AIZL,1,1,1,1.0,0.9556359052658081,0,1,17,1
2023-01-23-21,/home/ubuntu/klb/nuclr/nuclr/Data/Atanas_SF_unified_000776/cv5_grouped_v1/fold_2/test/train__2023-01-23-21__2b2ef56d.npz,36,AVDR,1,44,AVJR,6,0,0,0.16666666666666666,1.0506506441743113e-05,0,0,44,0
2023-01-23-21,/home/ubuntu/klb/nuclr/nuclr/Data/Atanas_SF_unified_000776/cv5_grouped_v1/fold_2/test/train__2023-01-23-21__2b2ef56d.npz,37,URXR,1,57,CEPDR,2,0,1,0.5,0.07166223973035812,0,0,57,0
2023-01-23-21,/home/ubuntu/klb/nuclr/nuclr/Data/Atanas_SF_unified_000776/cv5_grouped_v1/fold_2/test/train__2023-01-23-21__2b2ef56d.npz,39,AIZR,1,103,RICR,2,0,1,0.5,0.12052492797374725,0,0,103,0
2023-01-23-21,/home/ubuntu/klb/nuclr/nuclr/Data/Atanas_SF_unified_000776/cv5_grouped_v1/fold_2/test/train__2023-01-23-21__2b2ef56d.npz,40,AVAL,1,34,AVAL,1,1,1,1.0,0.9619781374931335,0,1,34,1
2023-01-23-21,/home/ubuntu/klb/nuclr/nuclr/Data/Atanas_SF_unified_000776/cv5_grouped_v1/fold_2/test/train__2023-01-23-21__2b2ef56d.npz,41,IL2DL,1,76,IL2DL,1,1,1,1.0,0.7895237803459167,0,1,76,1
2023-01-23-21,/home/ubuntu/klb/nuclr/nuclr/Data/Atanas_SF_unified_000776/cv5_grouped_v1/fold_2/test/train__2023-01-23-21__2b2ef56d.npz,42,RID,1,104,RID,1,1,1,1.0,0.9609841108322144,0,1,104,1
2023-01-23-21,/home/ubuntu/klb/nuclr/nuclr/Data/Atanas_SF_unified_000776/cv5_grouped_v1/fold_2/test/train__2023-01-23-21__2b2ef56d.npz,43,AQR,1,20,AQR,1,1,1,1.0,0.8448566794395447,0,1,20,1
2023-01-23-21,/home/ubuntu/klb/nuclr/nuclr/Data/Atanas_SF_unified_000776/cv5_grouped_v1/fold_2/test/train__2023-01-23-21__2b2ef56d.npz,44,CEPDL,1,145,URXL,2,0,1,0.5,0.30009353160858154,0,0,145,0
2023-01-23-21,/home/ubuntu/klb/nuclr/nuclr/Data/Atanas_SF_unified_000776/cv5_grouped_v1/fold_2/test/train__2023-01-23-21__2b2ef56d.npz,45,AVAR,1,35,AVAR,1,1,1,1.0,0.9615699648857117,0,1,35,1
2023-01-23-21,/home/ubuntu/klb/nuclr/nuclr/Data/Atanas_SF_unified_000776/cv5_grouped_v1/fold_2/test/train__2023-01-23-21__2b2ef56d.npz,47,RIBL,1,36,AVBL,2,0,1,0.5,0.12319297343492508,0,0,36,0
2023-01-23-21,/home/ubuntu/klb/nuclr/nuclr/Data/Atanas_SF_unified_000776/cv5_grouped_v1/fold_2/test/train__2023-01-23-21__2b2ef56d.npz,48,I2R,1,65,I2R,1,1,1,1.0,0.864619791507721,0,1,65,1
2023-01-23-21,/home/ubuntu/klb/nuclr/nuclr/Data/Atanas_SF_unified_000776/cv5_grouped_v1/fold_2/test/train__2023-01-23-21__2b2ef56d.npz,51,AVDL,1,43,AVJL,2,0,1,0.5,0.38168808817863464,0,0,43,0
2023-01-23-21,/home/ubuntu/klb/nuclr/nuclr/Data/Atanas_SF_unified_000776/cv5_grouped_v1/fold_2/test/train__2023-01-23-21__2b2ef56d.npz,53,AVJR,1,39,AVDR,2,0,1,0.5,0.06680139154195786,0,0,39,0
2023-01-23-21,/home/ubuntu/klb/nuclr/nuclr/Data/Atanas_SF_unified_000776/cv5_grouped_v1/fold_2/test/train__2023-01-23-21__2b2ef56d.npz,54,IL2L,1,83,M3L,4,0,1,0.25,0.018963320180773735,0,0,83,0
2023-01-23-21,/home/ubuntu/klb/nuclr/nuclr/Data/Atanas_SF_unified_000776/cv5_grouped_v1/fold_2/test/train__2023-01-23-21__2b2ef56d.npz,55,NSML,1,78,IL2L,9,0,0,0.1111111111111111,0.00012421893188729882,0,0,78,0
2023-01-23-21,/home/ubuntu/klb/nuclr/nuclr/Data/Atanas_SF_unified_000776/cv5_grouped_v1/fold_2/test/train__2023-01-23-21__2b2ef56d.npz,58,AINR,1,14,AINR,1,1,1,1.0,0.9559380412101746,0,1,14,1
2023-01-23-21,/home/ubuntu/klb/nuclr/nuclr/Data/Atanas_SF_unified_000776/cv5_grouped_v1/fold_2/test/train__2023-01-23-21__2b2ef56d.npz,60,RIMR,1,107,RIMR,1,1,1,1.0,0.9610217213630676,0,1,107,1
2023-01-23-21,/home/ubuntu/klb/nuclr/nuclr/Data/Atanas_SF_unified_000776/cv5_grouped_v1/fold_2/test/train__2023-01-23-21__2b2ef56d.npz,62,M4,1,85,M4,1,1,1,1.0,0.9321717619895935,0,1,85,1
2023-01-23-21,/home/ubuntu/klb/nuclr/nuclr/Data/Atanas_SF_unified_000776/cv5_grouped_v1/fold_2/test/train__2023-01-23-21__2b2ef56d.npz,65,AIYR,1,16,AIYR,1,1,1,1.0,0.6834912896156311,0,1,16,1
2023-01-23-21,/home/ubuntu/klb/nuclr/nuclr/Data/Atanas_SF_unified_000776/cv5_grouped_v1/fold_2/test/train__2023-01-23-21__2b2ef56d.npz,66,CEPVL,1,58,CEPVL,1,1,1,1.0,0.9313116073608398,0,1,58,1
2023-01-23-21,/home/ubuntu/klb/nuclr/nuclr/Data/Atanas_SF_unified_000776/cv5_grouped_v1/fold_2/test/train__2023-01-23-21__2b2ef56d.npz,67,IL2R,1,79,IL2R,1,1,1,1.0,0.9446997046470642,0,1,79,1
2023-01-23-21,/home/ubuntu/klb/nuclr/nuclr/Data/Atanas_SF_unified_000776/cv5_grouped_v1/fold_2/test/train__2023-01-23-21__2b2ef56d.npz,68,AWCR,1,53,AWCR,1,1,1,1.0,0.6405622959136963,0,1,53,1
2023-01-23-21,/home/ubuntu/klb/nuclr/nuclr/Data/Atanas_SF_unified_000776/cv5_grouped_v1/fold_2/test/train__2023-01-23-21__2b2ef56d.npz,69,AWBR,1,33,AUAR,7,0,0,0.14285714285714285,0.0003012045635841787,0,0,33,0
2023-01-23-21,/home/ubuntu/klb/nuclr/nuclr/Data/Atanas_SF_unified_000776/cv5_grouped_v1/fold_2/test/train__2023-01-23-21__2b2ef56d.npz,70,OLQDR,1,95,OLQDR,1,1,1,1.0,0.7294892072677612,0,1,95,1
2023-01-23-21,/home/ubuntu/klb/nuclr/nuclr/Data/Atanas_SF_unified_000776/cv5_grouped_v1/fold_2/test/train__2023-01-23-21__2b2ef56d.npz,71,IL1L,1,72,IL1L,1,1,1,1.0,0.6195740103721619,0,1,72,1
2023-01-23-21,/home/ubuntu/klb/nuclr/nuclr/Data/Atanas_SF_unified_000776/cv5_grouped_v1/fold_2/test/train__2023-01-23-21__2b2ef56d.npz,72,URYVR,1,55,BAGR,3,0,1,0.3333333333333333,0.02124485932290554,1,0,55,0
2023-01-23-21,/home/ubuntu/klb/nuclr/nuclr/Data/Atanas_SF_unified_000776/cv5_grouped_v1/fold_2/test/train__2023-01-23-21__2b2ef56d.npz,73,MCR,1,77,IL2DR,6,0,0,0.16666666666666666,0.004188478458672762,0,0,77,0
2023-01-23-21,/home/ubuntu/klb/nuclr/nuclr/Data/Atanas_SF_unified_000776/cv5_grouped_v1/fold_2/test/train__2023-01-23-21__2b2ef56d.npz,74,AUAL,1,32,AUAL,1,1,1,1.0,0.7607511281967163,0,1,32,1
2023-01-23-21,/home/ubuntu/klb/nuclr/nuclr/Data/Atanas_SF_unified_000776/cv5_grouped_v1/fold_2/test/train__2023-01-23-21__2b2ef56d.npz,75,AWAL,1,48,AWAL,1,1,1,1.0,0.9558665156364441,0,1,48,1
2023-01-23-21,/home/ubuntu/klb/nuclr/nuclr/Data/Atanas_SF_unified_000776/cv5_grouped_v1/fold_2/test/train__2023-01-23-21__2b2ef56d.npz,76,RMDVL,1,117,RMDVL,1,1,1,1.0,0.9299598932266235,0,1,117,1
2023-01-23-21,/home/ubuntu/klb/nuclr/nuclr/Data/Atanas_SF_unified_000776/cv5_grouped_v1/fold_2/test/train__2023-01-23-21__2b2ef56d.npz,77,RMGL,1,124,RMGL,1,1,1,1.0,0.45913806557655334,0,1,124,1
2023-01-23-21,/home/ubuntu/klb/nuclr/nuclr/Data/Atanas_SF_unified_000776/cv5_grouped_v1/fold_2/test/train__2023-01-23-21__2b2ef56d.npz,78,M3L,1,84,M3R,15,0,0,0.06666666666666667,5.712315243044941e-08,0,0,84,0
2023-01-23-21,/home/ubuntu/klb/nuclr/nuclr/Data/Atanas_SF_unified_000776/cv5_grouped_v1/fold_2/test/train__2023-01-23-21__2b2ef56d.npz,80,IL2VL,1,80,IL2VL,1,1,1,1.0,0.9407210350036621,0,1,80,1
2023-01-23-21,/home/ubuntu/klb/nuclr/nuclr/Data/Atanas_SF_unified_000776/cv5_grouped_v1/fold_2/test/train__2023-01-23-21__2b2ef56d.npz,81,FLPL,1,60,FLPL,1,1,1,1.0,0.784068763256073,0,1,60,1
2023-01-23-21,/home/ubuntu/klb/nuclr/nuclr/Data/Atanas_SF_unified_000776/cv5_grouped_v1/fold_2/test/train__2023-01-23-21__2b2ef56d.npz,82,AVER,1,41,AVER,1,1,1,1.0,0.9457327723503113,0,1,41,1
2023-01-23-21,/home/ubuntu/klb/nuclr/nuclr/Data/Atanas_SF_unified_000776/cv5_grouped_v1/fold_2/test/train__2023-01-23-21__2b2ef56d.npz,83,RIVR,1,112,RIVR,1,1,1,1.0,0.9573581218719482,0,1,112,1
2023-01-23-21,/home/ubuntu/klb/nuclr/nuclr/Data/Atanas_SF_unified_000776/cv5_grouped_v1/fold_2/test/train__2023-01-23-21__2b2ef56d.npz,84,I3,1,66,I3,1,1,1,1.0,0.940558135509491,0,1,66,1
2023-01-23-21,/home/ubuntu/klb/nuclr/nuclr/Data/Atanas_SF_unified_000776/cv5_grouped_v1/fold_2/test/train__2023-01-23-21__2b2ef56d.npz,85,AIBR,1,10,AIBR,1,1,1,1.0,0.8138117790222168,0,1,10,1
2023-01-23-21,/home/ubuntu/klb/nuclr/nuclr/Data/Atanas_SF_unified_000776/cv5_grouped_v1/fold_2/test/train__2023-01-23-21__2b2ef56d.npz,86,RMDDR,1,136,SMDDR,3,0,1,0.3333333333333333,0.11358250677585602,0,0,136,0
2023-01-23-21,/home/ubuntu/klb/nuclr/nuclr/Data/Atanas_SF_unified_000776/cv5_grouped_v1/fold_2/test/train__2023-01-23-21__2b2ef56d.npz,89,I1L,1,62,I1L,1,1,1,1.0,0.6746354103088379,0,1,62,1
2023-01-23-21,/home/ubuntu/klb/nuclr/nuclr/Data/Atanas_SF_unified_000776/cv5_grouped_v1/fold_2/test/train__2023-01-23-21__2b2ef56d.npz,90,URXL,1,56,CEPDL,2,0,1,0.5,0.32199421525001526,0,0,56,0
2023-01-23-21,/home/ubuntu/klb/nuclr/nuclr/Data/Atanas_SF_unified_000776/cv5_grouped_v1/fold_2/test/train__2023-01-23-21__2b2ef56d.npz,91,CEPVR,1,75,IL1VR,2,0,1,0.5,0.21459975838661194,0,0,75,0
2023-01-23-21,/home/ubuntu/klb/nuclr/nuclr/Data/Atanas_SF_unified_000776/cv5_grouped_v1/fold_2/test/train__2023-01-23-21__2b2ef56d.npz,94,IL1DR,1,71,IL1DR,1,1,1,1.0,0.9589535593986511,0,1,71,1
2023-01-23-21,/home/ubuntu/klb/nuclr/nuclr/Data/Atanas_SF_unified_000776/cv5_grouped_v1/fold_2/test/train__2023-01-23-21__2b2ef56d.npz,95,OLQDL,1,94,OLQDL,1,1,1,1.0,0.7774505019187927,0,1,94,1
2023-01-23-21,/home/ubuntu/klb/nuclr/nuclr/Data/Atanas_SF_unified_000776/cv5_grouped_v1/fold_2/test/train__2023-01-23-21__2b2ef56d.npz,96,IL2VR,1,81,IL2VR,1,1,1,1.0,0.9588776230812073,0,1,81,1
2023-01-23-21,/home/ubuntu/klb/nuclr/nuclr/Data/Atanas_SF_unified_000776/cv5_grouped_v1/fold_2/test/train__2023-01-23-21__2b2ef56d.npz,98,RMED,1,119,RMED,1,1,1,1.0,0.9589142799377441,0,1,119,1
2023-01-23-21,/home/ubuntu/klb/nuclr/nuclr/Data/Atanas_SF_unified_000776/cv5_grouped_v1/fold_2/test/train__2023-01-23-21__2b2ef56d.npz,99,URBL,1,143,URBL,1,1,1,1.0,0.8806425929069519,0,1,143,1
2023-01-23-21,/home/ubuntu/klb/nuclr/nuclr/Data/Atanas_SF_unified_000776/cv5_grouped_v1/fold_2/test/train__2023-01-23-21__2b2ef56d.npz,100,ASGL,1,23,ASGL,1,1,1,1.0,0.9568460583686829,0,1,23,1
2023-01-23-21,/home/ubuntu/klb/nuclr/nuclr/Data/Atanas_SF_unified_000776/cv5_grouped_v1/fold_2/test/train__2023-01-23-21__2b2ef56d.npz,101,ASHL,1,25,ASHL,1,1,1,1.0,0.9482465386390686,0,1,25,1
2023-01-23-21,/home/ubuntu/klb/nuclr/nuclr/Data/Atanas_SF_unified_000776/cv5_grouped_v1/fold_2/test/train__2023-01-23-21__2b2ef56d.npz,102,M5,1,86,M5,1,1,1,1.0,0.9580157399177551,0,1,86,1
2023-01-23-21,/home/ubuntu/klb/nuclr/nuclr/Data/Atanas_SF_unified_000776/cv5_grouped_v1/fold_2/test/train__2023-01-23-21__2b2ef56d.npz,104,SMDVL,1,137,SMDVL,1,1,1,1.0,0.9603574872016907,0,1,137,1
2023-01-23-21,/home/ubuntu/klb/nuclr/nuclr/Data/Atanas_SF_unified_000776/cv5_grouped_v1/fold_2/test/train__2023-01-23-21__2b2ef56d.npz,105,OLLR,1,93,OLLR,1,1,1,1.0,0.8697583675384521,0,1,93,1
2023-01-23-21,/home/ubuntu/klb/nuclr/nuclr/Data/Atanas_SF_unified_000776/cv5_grouped_v1/fold_2/test/train__2023-01-23-21__2b2ef56d.npz,106,RIVL,1,111,RIVL,1,1,1,1.0,0.9617772102355957,0,1,111,1
2023-01-23-21,/home/ubuntu/klb/nuclr/nuclr/Data/Atanas_SF_unified_000776/cv5_grouped_v1/fold_2/test/train__2023-01-23-21__2b2ef56d.npz,108,IL1R,1,97,OLQVR,2,0,1,0.5,0.4194090962409973,0,0,97,0
2023-01-23-21,/home/ubuntu/klb/nuclr/nuclr/Data/Atanas_SF_unified_000776/cv5_grouped_v1/fold_2/test/train__2023-01-23-21__2b2ef56d.npz,109,MI,1,89,MI,1,1,1,1.0,0.9026039242744446,0,1,89,1
2023-01-23-21,/home/ubuntu/klb/nuclr/nuclr/Data/Atanas_SF_unified_000776/cv5_grouped_v1/fold_2/test/train__2023-01-23-21__2b2ef56d.npz,110,ADEL,1,2,ADEL,1,1,1,1.0,0.12173903733491898,1,0,69,0
2023-01-23-21,/home/ubuntu/klb/nuclr/nuclr/Data/Atanas_SF_unified_000776/cv5_grouped_v1/fold_2/test/train__2023-01-23-21__2b2ef56d.npz,112,URYVL,1,149,URYVL,1,1,1,1.0,0.9456145763397217,0,1,149,1
2023-01-23-21,/home/ubuntu/klb/nuclr/nuclr/Data/Atanas_SF_unified_000776/cv5_grouped_v1/fold_2/test/train__2023-01-23-21__2b2ef56d.npz,113,AWCL,1,52,AWCL,1,1,1,1.0,0.9531893134117126,0,1,52,1
2023-01-23-21,/home/ubuntu/klb/nuclr/nuclr/Data/Atanas_SF_unified_000776/cv5_grouped_v1/fold_2/test/train__2023-01-23-21__2b2ef56d.npz,114,AINL,1,13,AINL,1,1,1,1.0,0.9537212252616882,0,1,13,1
2023-01-23-21,/home/ubuntu/klb/nuclr/nuclr/Data/Atanas_SF_unified_000776/cv5_grouped_v1/fold_2/test/train__2023-01-23-21__2b2ef56d.npz,115,MCL,1,87,MCL,1,1,1,1.0,0.6564507484436035,0,1,87,1
2023-01-23-21,/home/ubuntu/klb/nuclr/nuclr/Data/Atanas_SF_unified_000776/cv5_grouped_v1/fold_2/test/train__2023-01-23-21__2b2ef56d.npz,117,AIYL,1,15,AIYL,1,1,1,1.0,0.5124791264533997,0,1,15,1
2023-01-23-21,/home/ubuntu/klb/nuclr/nuclr/Data/Atanas_SF_unified_000776/cv5_grouped_v1/fold_2/test/train__2023-01-23-21__2b2ef56d.npz,119,AVHL,1,42,AVHL,1,1,1,1.0,0.8855934739112854,0,1,42,1
2023-01-23-21,/home/ubuntu/klb/nuclr/nuclr/Data/Atanas_SF_unified_000776/cv5_grouped_v1/fold_2/test/train__2023-01-23-21__2b2ef56d.npz,120,ASGR,1,24,ASGR,1,1,1,1.0,0.954928994178772,0,1,24,1
2023-01-23-21,/home/ubuntu/klb/nuclr/nuclr/Data/Atanas_SF_unified_000776/cv5_grouped_v1/fold_2/test/train__2023-01-23-21__2b2ef56d.npz,121,CEPDR,1,146,URXR,2,0,1,0.5,0.09066993743181229,0,0,146,0
2023-01-23-21,/home/ubuntu/klb/nuclr/nuclr/Data/Atanas_SF_unified_000776/cv5_grouped_v1/fold_2/test/train__2023-01-23-21__2b2ef56d.npz,122,M1,1,82,M1,1,1,1,1.0,0.9570915699005127,0,1,82,1
2023-01-23-21,/home/ubuntu/klb/nuclr/nuclr/Data/Atanas_SF_unified_000776/cv5_grouped_v1/fold_2/test/train__2023-01-23-21__2b2ef56d.npz,124,RICL,1,102,RICL,1,1,1,1.0,0.9267889857292175,0,1,102,1
2023-01-23-21,/home/ubuntu/klb/nuclr/nuclr/Data/Atanas_SF_unified_000776/cv5_grouped_v1/fold_2/test/train__2023-01-23-21__2b2ef56d.npz,125,URBR,1,144,URBR,1,1,1,1.0,0.68943852186203,0,1,144,1
2022-06-28-07,/home/ubuntu/klb/nuclr/nuclr/Data/Atanas_SF_unified_000776/cv5_grouped_v1/fold_2/test/val__2022-06-28-07__bec48d4e.npz,0,AVDL,1,102,RICL,4,0,1,0.25,0.06551526486873627,0,0,29,0
2022-06-28-07,/home/ubuntu/klb/nuclr/nuclr/Data/Atanas_SF_unified_000776/cv5_grouped_v1/fold_2/test/val__2022-06-28-07__bec48d4e.npz,1,ADLL,1,28,ASIR,10,0,0,0.1,1.7194037354784086e-05,0,0,28,0
2022-06-28-07,/home/ubuntu/klb/nuclr/nuclr/Data/Atanas_SF_unified_000776/cv5_grouped_v1/fold_2/test/val__2022-06-28-07__bec48d4e.npz,2,AVJL,1,38,AVDL,2,0,1,0.5,0.007426199037581682,0,0,38,0
2022-06-28-07,/home/ubuntu/klb/nuclr/nuclr/Data/Atanas_SF_unified_000776/cv5_grouped_v1/fold_2/test/val__2022-06-28-07__bec48d4e.npz,5,OLQDR,1,95,OLQDR,1,1,1,1.0,0.9562639594078064,0,1,95,1
2022-06-28-07,/home/ubuntu/klb/nuclr/nuclr/Data/Atanas_SF_unified_000776/cv5_grouped_v1/fold_2/test/val__2022-06-28-07__bec48d4e.npz,6,RIVL,1,111,RIVL,1,1,1,1.0,0.9271558523178101,0,1,111,1
2022-06-28-07,/home/ubuntu/klb/nuclr/nuclr/Data/Atanas_SF_unified_000776/cv5_grouped_v1/fold_2/test/val__2022-06-28-07__bec48d4e.npz,7,RID,1,104,RID,1,1,1,1.0,0.9587157964706421,0,1,104,1
2022-06-28-07,/home/ubuntu/klb/nuclr/nuclr/Data/Atanas_SF_unified_000776/cv5_grouped_v1/fold_2/test/val__2022-06-28-07__bec48d4e.npz,8,AVKR,1,127,SAADR,44,0,0,0.022727272727272728,8.613689761460819e-10,0,0,127,0
2022-06-28-07,/home/ubuntu/klb/nuclr/nuclr/Data/Atanas_SF_unified_000776/cv5_grouped_v1/fold_2/test/val__2022-06-28-07__bec48d4e.npz,9,RMDVL,1,117,RMDVL,1,1,1,1.0,0.9581984281539917,0,1,117,1
2022-06-28-07,/home/ubuntu/klb/nuclr/nuclr/Data/Atanas_SF_unified_000776/cv5_grouped_v1/fold_2/test/val__2022-06-28-07__bec48d4e.npz,11,RMGL,1,124,RMGL,1,1,1,1.0,0.9142242670059204,0,1,124,1
2022-06-28-07,/home/ubuntu/klb/nuclr/nuclr/Data/Atanas_SF_unified_000776/cv5_grouped_v1/fold_2/test/val__2022-06-28-07__bec48d4e.npz,12,SMDDR,1,47,AVL,2,0,1,0.5,0.07012198120355606,1,0,136,1
2022-06-28-07,/home/ubuntu/klb/nuclr/nuclr/Data/Atanas_SF_unified_000776/cv5_grouped_v1/fold_2/test/val__2022-06-28-07__bec48d4e.npz,15,NSMR,1,91,NSMR,1,1,1,1.0,0.6168157458305359,0,1,91,1
2022-06-28-07,/home/ubuntu/klb/nuclr/nuclr/Data/Atanas_SF_unified_000776/cv5_grouped_v1/fold_2/test/val__2022-06-28-07__bec48d4e.npz,16,RMED,1,119,RMED,1,1,1,1.0,0.9328128695487976,0,1,119,1
2022-06-28-07,/home/ubuntu/klb/nuclr/nuclr/Data/Atanas_SF_unified_000776/cv5_grouped_v1/fold_2/test/val__2022-06-28-07__bec48d4e.npz,17,I1L,1,62,I1L,1,1,1,1.0,0.955013632774353,0,1,62,1
2022-06-28-07,/home/ubuntu/klb/nuclr/nuclr/Data/Atanas_SF_unified_000776/cv5_grouped_v1/fold_2/test/val__2022-06-28-07__bec48d4e.npz,19,AIZL,1,32,AUAL,3,0,1,0.3333333333333333,0.02553502470254898,0,0,32,0
2022-06-28-07,/home/ubuntu/klb/nuclr/nuclr/Data/Atanas_SF_unified_000776/cv5_grouped_v1/fold_2/test/val__2022-06-28-07__bec48d4e.npz,22,ADEL,1,2,ADEL,1,1,1,1.0,0.8659627437591553,0,1,2,1
2022-06-28-07,/home/ubuntu/klb/nuclr/nuclr/Data/Atanas_SF_unified_000776/cv5_grouped_v1/fold_2/test/val__2022-06-28-07__bec48d4e.npz,23,IL2DR,1,77,IL2DR,1,1,1,1.0,0.5150946974754333,0,1,77,1
2022-06-28-07,/home/ubuntu/klb/nuclr/nuclr/Data/Atanas_SF_unified_000776/cv5_grouped_v1/fold_2/test/val__2022-06-28-07__bec48d4e.npz,25,RMEL,1,120,RMEL,1,1,1,1.0,0.9534828662872314,0,1,120,1
2022-06-28-07,/home/ubuntu/klb/nuclr/nuclr/Data/Atanas_SF_unified_000776/cv5_grouped_v1/fold_2/test/val__2022-06-28-07__bec48d4e.npz,26,NSML,1,90,NSML,1,1,1,1.0,0.872488260269165,0,1,90,1
2022-06-28-07,/home/ubuntu/klb/nuclr/nuclr/Data/Atanas_SF_unified_000776/cv5_grouped_v1/fold_2/test/val__2022-06-28-07__bec48d4e.npz,29,ASEL,1,21,ASEL,1,1,1,1.0,0.5390591025352478,0,1,21,1
2022-06-28-07,/home/ubuntu/klb/nuclr/nuclr/Data/Atanas_SF_unified_000776/cv5_grouped_v1/fold_2/test/val__2022-06-28-07__bec48d4e.npz,30,URXL,1,145,URXL,1,1,1,1.0,0.6544433236122131,0,1,145,1
2022-06-28-07,/home/ubuntu/klb/nuclr/nuclr/Data/Atanas_SF_unified_000776/cv5_grouped_v1/fold_2/test/val__2022-06-28-07__bec48d4e.npz,33,AIML,1,11,AIML,1,1,1,1.0,0.8037282824516296,0,1,11,1
2022-06-28-07,/home/ubuntu/klb/nuclr/nuclr/Data/Atanas_SF_unified_000776/cv5_grouped_v1/fold_2/test/val__2022-06-28-07__bec48d4e.npz,34,SMDVL,1,137,SMDVL,1,1,1,1.0,0.9519801139831543,0,1,137,1
2022-06-28-07,/home/ubuntu/klb/nuclr/nuclr/Data/Atanas_SF_unified_000776/cv5_grouped_v1/fold_2/test/val__2022-06-28-07__bec48d4e.npz,35,URXR,1,57,CEPDR,4,0,1,0.25,0.0348503552377224,0,0,57,0
2022-06-28-07,/home/ubuntu/klb/nuclr/nuclr/Data/Atanas_SF_unified_000776/cv5_grouped_v1/fold_2/test/val__2022-06-28-07__bec48d4e.npz,36,RMDR,1,116,RMDR,1,1,1,1.0,0.7781714797019958,0,1,116,1
2022-06-28-07,/home/ubuntu/klb/nuclr/nuclr/Data/Atanas_SF_unified_000776/cv5_grouped_v1/fold_2/test/val__2022-06-28-07__bec48d4e.npz,37,RMDVR,1,53,AWCR,2,0,1,0.5,0.2617890536785126,0,0,53,0
2022-06-28-07,/home/ubuntu/klb/nuclr/nuclr/Data/Atanas_SF_unified_000776/cv5_grouped_v1/fold_2/test/val__2022-06-28-07__bec48d4e.npz,38,FLPL,1,60,FLPL,1,1,1,1.0,0.6336201429367065,0,1,60,1
2022-06-28-07,/home/ubuntu/klb/nuclr/nuclr/Data/Atanas_SF_unified_000776/cv5_grouped_v1/fold_2/test/val__2022-06-28-07__bec48d4e.npz,44,RMEV,1,122,RMEV,1,1,1,1.0,0.25323978066444397,1,0,109,0
2022-06-28-07,/home/ubuntu/klb/nuclr/nuclr/Data/Atanas_SF_unified_000776/cv5_grouped_v1/fold_2/test/val__2022-06-28-07__bec48d4e.npz,46,RICL,1,102,RICL,1,1,1,1.0,0.38693177700042725,0,1,102,1
2022-06-28-07,/home/ubuntu/klb/nuclr/nuclr/Data/Atanas_SF_unified_000776/cv5_grouped_v1/fold_2/test/val__2022-06-28-07__bec48d4e.npz,47,SMDVR,1,138,SMDVR,1,1,1,1.0,0.7747194170951843,0,1,138,1
2022-06-28-07,/home/ubuntu/klb/nuclr/nuclr/Data/Atanas_SF_unified_000776/cv5_grouped_v1/fold_2/test/val__2022-06-28-07__bec48d4e.npz,48,MI,1,89,MI,1,1,1,1.0,0.7242825031280518,0,1,89,1
2022-06-28-07,/home/ubuntu/klb/nuclr/nuclr/Data/Atanas_SF_unified_000776/cv5_grouped_v1/fold_2/test/val__2022-06-28-07__bec48d4e.npz,49,RIFR,0,110,RIS,,0,0,0.0,,0,0,110,0
2022-06-28-07,/home/ubuntu/klb/nuclr/nuclr/Data/Atanas_SF_unified_000776/cv5_grouped_v1/fold_2/test/val__2022-06-28-07__bec48d4e.npz,50,CEPDL,1,56,CEPDL,1,1,1,1.0,0.9132813811302185,0,1,56,1
2022-06-28-07,/home/ubuntu/klb/nuclr/nuclr/Data/Atanas_SF_unified_000776/cv5_grouped_v1/fold_2/test/val__2022-06-28-07__bec48d4e.npz,51,IL1DR,1,71,IL1DR,1,1,1,1.0,0.9457114934921265,0,1,71,1
2022-06-28-07,/home/ubuntu/klb/nuclr/nuclr/Data/Atanas_SF_unified_000776/cv5_grouped_v1/fold_2/test/val__2022-06-28-07__bec48d4e.npz,52,ADAL,1,17,AIZL,5,0,1,0.2,0.011906050145626068,0,0,17,0
2022-06-28-07,/home/ubuntu/klb/nuclr/nuclr/Data/Atanas_SF_unified_000776/cv5_grouped_v1/fold_2/test/val__2022-06-28-07__bec48d4e.npz,53,I2L,1,64,I2L,1,1,1,1.0,0.9601971507072449,0,1,64,1
2022-06-28-07,/home/ubuntu/klb/nuclr/nuclr/Data/Atanas_SF_unified_000776/cv5_grouped_v1/fold_2/test/val__2022-06-28-07__bec48d4e.npz,57,IL1L,1,72,IL1L,1,1,1,1.0,0.5001441836357117,0,1,92,0
2022-06-28-07,/home/ubuntu/klb/nuclr/nuclr/Data/Atanas_SF_unified_000776/cv5_grouped_v1/fold_2/test/val__2022-06-28-07__bec48d4e.npz,61,MCL,1,87,MCL,1,1,1,1.0,0.9525513052940369,0,1,87,1
2022-06-28-07,/home/ubuntu/klb/nuclr/nuclr/Data/Atanas_SF_unified_000776/cv5_grouped_v1/fold_2/test/val__2022-06-28-07__bec48d4e.npz,62,SMBVL,0,126,SAADL,,0,0,0.0,,0,0,126,0
2022-06-28-07,/home/ubuntu/klb/nuclr/nuclr/Data/Atanas_SF_unified_000776/cv5_grouped_v1/fold_2/test/val__2022-06-28-07__bec48d4e.npz,65,I3,1,66,I3,1,1,1,1.0,0.9079111218452454,0,1,66,1
2022-06-28-07,/home/ubuntu/klb/nuclr/nuclr/Data/Atanas_SF_unified_000776/cv5_grouped_v1/fold_2/test/val__2022-06-28-07__bec48d4e.npz,68,AUAR,1,18,AIZR,3,0,1,0.3333333333333333,0.11295726150274277,0,0,18,0
2022-06-28-07,/home/ubuntu/klb/nuclr/nuclr/Data/Atanas_SF_unified_000776/cv5_grouped_v1/fold_2/test/val__2022-06-28-07__bec48d4e.npz,69,AVEL,1,40,AVEL,1,1,1,1.0,0.9589653611183167,0,1,40,1
2022-06-28-07,/home/ubuntu/klb/nuclr/nuclr/Data/Atanas_SF_unified_000776/cv5_grouped_v1/fold_2/test/val__2022-06-28-07__bec48d4e.npz,70,AVJR,1,39,AVDR,2,0,1,0.5,0.2329627126455307,0,0,39,0
2022-06-28-07,/home/ubuntu/klb/nuclr/nuclr/Data/Atanas_SF_unified_000776/cv5_grouped_v1/fold_2/test/val__2022-06-28-07__bec48d4e.npz,71,RMDL,1,115,RMDL,1,1,1,1.0,0.9503722190856934,0,1,115,1
2022-06-28-07,/home/ubuntu/klb/nuclr/nuclr/Data/Atanas_SF_unified_000776/cv5_grouped_v1/fold_2/test/val__2022-06-28-07__bec48d4e.npz,72,SMBVR,1,127,SAADR,19,0,0,0.05263157894736842,1.630299834687321e-06,0,0,132,0
2022-06-28-07,/home/ubuntu/klb/nuclr/nuclr/Data/Atanas_SF_unified_000776/cv5_grouped_v1/fold_2/test/val__2022-06-28-07__bec48d4e.npz,73,I1R,1,150,URYVR,6,0,0,0.16666666666666666,0.0005282831843942404,0,0,150,0
2022-06-28-07,/home/ubuntu/klb/nuclr/nuclr/Data/Atanas_SF_unified_000776/cv5_grouped_v1/fold_2/test/val__2022-06-28-07__bec48d4e.npz,74,RIAL,1,98,RIAL,1,1,1,1.0,0.8488191962242126,0,1,98,1
2022-06-28-07,/home/ubuntu/klb/nuclr/nuclr/Data/Atanas_SF_unified_000776/cv5_grouped_v1/fold_2/test/val__2022-06-28-07__bec48d4e.npz,77,RIS,1,47,AVL,13,0,0,0.07692307692307693,9.270389114135469e-07,0,0,47,0
2022-06-28-07,/home/ubuntu/klb/nuclr/nuclr/Data/Atanas_SF_unified_000776/cv5_grouped_v1/fold_2/test/val__2022-06-28-07__bec48d4e.npz,78,IL2DL,1,76,IL2DL,1,1,1,1.0,0.9366562962532043,0,1,76,1
2022-06-28-07,/home/ubuntu/klb/nuclr/nuclr/Data/Atanas_SF_unified_000776/cv5_grouped_v1/fold_2/test/val__2022-06-28-07__bec48d4e.npz,82,AVAL,1,34,AVAL,1,1,1,1.0,0.9596799612045288,0,1,34,1
2022-06-28-07,/home/ubuntu/klb/nuclr/nuclr/Data/Atanas_SF_unified_000776/cv5_grouped_v1/fold_2/test/val__2022-06-28-07__bec48d4e.npz,83,M4,1,85,M4,1,1,1,1.0,0.5138450264930725,0,1,85,1
2022-06-28-07,/home/ubuntu/klb/nuclr/nuclr/Data/Atanas_SF_unified_000776/cv5_grouped_v1/fold_2/test/val__2022-06-28-07__bec48d4e.npz,84,URBL,1,143,URBL,1,1,1,1.0,0.7362473607063293,0,1,143,1
2022-06-28-07,/home/ubuntu/klb/nuclr/nuclr/Data/Atanas_SF_unified_000776/cv5_grouped_v1/fold_2/test/val__2022-06-28-07__bec48d4e.npz,86,IL2VR,1,81,IL2VR,1,1,1,1.0,0.9599645733833313,0,1,81,1
2022-06-28-07,/home/ubuntu/klb/nuclr/nuclr/Data/Atanas_SF_unified_000776/cv5_grouped_v1/fold_2/test/val__2022-06-28-07__bec48d4e.npz,87,M3L,1,83,M3L,1,1,1,1.0,0.8058600425720215,0,1,83,1
2022-06-28-07,/home/ubuntu/klb/nuclr/nuclr/Data/Atanas_SF_unified_000776/cv5_grouped_v1/fold_2/test/val__2022-06-28-07__bec48d4e.npz,88,SAAVR,1,51,AWBR,3,0,1,0.3333333333333333,0.05960876867175102,0,0,51,0
2022-06-28-07,/home/ubuntu/klb/nuclr/nuclr/Data/Atanas_SF_unified_000776/cv5_grouped_v1/fold_2/test/val__2022-06-28-07__bec48d4e.npz,89,CEPVL,1,58,CEPVL,1,1,1,1.0,0.956719160079956,0,1,58,1
2022-06-28-07,/home/ubuntu/klb/nuclr/nuclr/Data/Atanas_SF_unified_000776/cv5_grouped_v1/fold_2/test/val__2022-06-28-07__bec48d4e.npz,91,BAGL,1,54,BAGL,1,1,1,1.0,0.9557151198387146,0,1,54,1
2022-06-28-07,/home/ubuntu/klb/nuclr/nuclr/Data/Atanas_SF_unified_000776/cv5_grouped_v1/fold_2/test/val__2022-06-28-07__bec48d4e.npz,92,RIFL,0,16,AIYR,,0,0,0.0,,0,0,16,0
2022-06-28-07,/home/ubuntu/klb/nuclr/nuclr/Data/Atanas_SF_unified_000776/cv5_grouped_v1/fold_2/test/val__2022-06-28-07__bec48d4e.npz,93,AIBR,1,10,AIBR,1,1,1,1.0,0.654500424861908,0,1,10,1
2022-06-28-07,/home/ubuntu/klb/nuclr/nuclr/Data/Atanas_SF_unified_000776/cv5_grouped_v1/fold_2/test/val__2022-06-28-07__bec48d4e.npz,94,RMER,1,121,RMER,1,1,1,1.0,0.9598300457000732,0,1,121,1
2022-06-28-07,/home/ubuntu/klb/nuclr/nuclr/Data/Atanas_SF_unified_000776/cv5_grouped_v1/fold_2/test/val__2022-06-28-07__bec48d4e.npz,98,OLQVL,1,96,OLQVL,1,1,1,1.0,0.42635416984558105,0,1,72,0
2022-06-28-07,/home/ubuntu/klb/nuclr/nuclr/Data/Atanas_SF_unified_000776/cv5_grouped_v1/fold_2/test/val__2022-06-28-07__bec48d4e.npz,99,I4,1,67,I4,1,1,1,1.0,0.46438807249069214,0,1,67,1
2022-06-28-07,/home/ubuntu/klb/nuclr/nuclr/Data/Atanas_SF_unified_000776/cv5_grouped_v1/fold_2/test/val__2022-06-28-07__bec48d4e.npz,100,RMDDL,1,113,RMDDL,1,1,1,1.0,0.9592772722244263,0,1,113,1
2022-06-28-07,/home/ubuntu/klb/nuclr/nuclr/Data/Atanas_SF_unified_000776/cv5_grouped_v1/fold_2/test/val__2022-06-28-07__bec48d4e.npz,102,ASHL,1,48,AWAL,3,0,1,0.3333333333333333,0.024461334571242332,0,0,48,0
2022-06-28-07,/home/ubuntu/klb/nuclr/nuclr/Data/Atanas_SF_unified_000776/cv5_grouped_v1/fold_2/test/val__2022-06-28-07__bec48d4e.npz,105,ASER,1,22,ASER,1,1,1,1.0,0.5913324356079102,0,1,22,1
2022-06-28-07,/home/ubuntu/klb/nuclr/nuclr/Data/Atanas_SF_unified_000776/cv5_grouped_v1/fold_2/test/val__2022-06-28-07__bec48d4e.npz,106,AUAL,1,52,AWCL,2,0,1,0.5,0.06776385754346848,0,0,52,0
2022-06-28-07,/home/ubuntu/klb/nuclr/nuclr/Data/Atanas_SF_unified_000776/cv5_grouped_v1/fold_2/test/val__2022-06-28-07__bec48d4e.npz,109,AVER,1,41,AVER,1,1,1,1.0,0.7675052881240845,0,1,41,1
2022-06-28-07,/home/ubuntu/klb/nuclr/nuclr/Data/Atanas_SF_unified_000776/cv5_grouped_v1/fold_2/test/val__2022-06-28-07__bec48d4e.npz,110,IL1R,1,73,IL1R,1,1,1,1.0,0.6363743543624878,0,1,73,1
2022-06-28-07,/home/ubuntu/klb/nuclr/nuclr/Data/Atanas_SF_unified_000776/cv5_grouped_v1/fold_2/test/val__2022-06-28-07__bec48d4e.npz,111,AIBL,1,10,AIBR,6,0,0,0.16666666666666666,0.00023167741892393678,1,0,107,0
2022-06-28-07,/home/ubuntu/klb/nuclr/nuclr/Data/Atanas_SF_unified_000776/cv5_grouped_v1/fold_2/test/val__2022-06-28-07__bec48d4e.npz,112,AINL,1,13,AINL,1,1,1,1.0,0.9505566954612732,0,1,13,1
2022-06-28-07,/home/ubuntu/klb/nuclr/nuclr/Data/Atanas_SF_unified_000776/cv5_grouped_v1/fold_2/test/val__2022-06-28-07__bec48d4e.npz,115,AVAR,1,35,AVAR,1,1,1,1.0,0.9451574683189392,0,1,35,1
2022-06-28-07,/home/ubuntu/klb/nuclr/nuclr/Data/Atanas_SF_unified_000776/cv5_grouped_v1/fold_2/test/val__2022-06-28-07__bec48d4e.npz,116,I2R,1,65,I2R,1,1,1,1.0,0.924210786819458,0,1,65,1
2022-06-28-07,/home/ubuntu/klb/nuclr/nuclr/Data/Atanas_SF_unified_000776/cv5_grouped_v1/fold_2/test/val__2022-06-28-07__bec48d4e.npz,120,SAADL,1,122,RMEV,5,0,1,0.2,0.0008479477255605161,0,0,122,0
2022-06-28-07,/home/ubuntu/klb/nuclr/nuclr/Data/Atanas_SF_unified_000776/cv5_grouped_v1/fold_2/test/val__2022-06-28-07__bec48d4e.npz,121,M3R,1,84,M3R,1,1,1,1.0,0.9559298753738403,0,1,84,1
2022-06-28-07,/home/ubuntu/klb/nuclr/nuclr/Data/Atanas_SF_unified_000776/cv5_grouped_v1/fold_2/test/val__2022-06-28-07__bec48d4e.npz,124,CEPDR,1,146,URXR,2,0,1,0.5,0.2508752942085266,0,0,146,0
2022-06-28-07,/home/ubuntu/klb/nuclr/nuclr/Data/Atanas_SF_unified_000776/cv5_grouped_v1/fold_2/test/val__2022-06-28-07__bec48d4e.npz,127,RIH,1,105,RIH,1,1,1,1.0,0.7906441688537598,0,1,105,1
2022-06-28-07,/home/ubuntu/klb/nuclr/nuclr/Data/Atanas_SF_unified_000776/cv5_grouped_v1/fold_2/test/val__2022-06-28-07__bec48d4e.npz,128,SMDDL,1,96,OLQVL,21,0,0,0.047619047619047616,1.0836259889401845e-06,0,0,96,0
2022-06-28-07,/home/ubuntu/klb/nuclr/nuclr/Data/Atanas_SF_unified_000776/cv5_grouped_v1/fold_2/test/val__2022-06-28-07__bec48d4e.npz,130,IL1VL,1,74,IL1VL,1,1,1,1.0,0.9526480436325073,0,1,74,1
2022-06-28-07,/home/ubuntu/klb/nuclr/nuclr/Data/Atanas_SF_unified_000776/cv5_grouped_v1/fold_2/test/val__2022-06-28-07__bec48d4e.npz,131,AWAR,1,49,AWAR,1,1,1,1.0,0.34768062829971313,0,1,49,1
2022-06-28-07,/home/ubuntu/klb/nuclr/nuclr/Data/Atanas_SF_unified_000776/cv5_grouped_v1/fold_2/test/val__2022-06-28-07__bec48d4e.npz,133,M5,1,124,RMGL,2,0,1,0.5,0.0536823570728302,1,0,69,0
2022-06-28-07,/home/ubuntu/klb/nuclr/nuclr/Data/Atanas_SF_unified_000776/cv5_grouped_v1/fold_2/test/val__2022-06-28-07__bec48d4e.npz,136,URYVL,1,149,URYVL,1,1,1,1.0,0.9473110437393188,0,1,149,1
2022-06-28-07,/home/ubuntu/klb/nuclr/nuclr/Data/Atanas_SF_unified_000776/cv5_grouped_v1/fold_2/test/val__2022-06-28-07__bec48d4e.npz,137,OLQDL,1,94,OLQDL,1,1,1,1.0,0.7331468462944031,0,1,94,1
2022-06-28-07,/home/ubuntu/klb/nuclr/nuclr/Data/Atanas_SF_unified_000776/cv5_grouped_v1/fold_2/test/val__2022-06-28-07__bec48d4e.npz,139,RMDDR,1,114,RMDDR,1,1,1,1.0,0.951250433921814,0,1,114,1
2022-06-28-07,/home/ubuntu/klb/nuclr/nuclr/Data/Atanas_SF_unified_000776/cv5_grouped_v1/fold_2/test/val__2022-06-28-07__bec48d4e.npz,140,I6,1,86,M5,2,0,1,0.5,0.15276333689689636,0,0,86,0
2022-06-28-07,/home/ubuntu/klb/nuclr/nuclr/Data/Atanas_SF_unified_000776/cv5_grouped_v1/fold_2/test/val__2022-06-28-07__bec48d4e.npz,141,IL1VR,1,75,IL1VR,1,1,1,1.0,0.9579288363456726,0,1,75,1
