query_worm,source_path,node_index,identity,candidate_covered,prediction_slot,prediction_identity,rank,correct,top5_correct,reciprocal_rank,target_probability,dustbin_top1,top1_with_dustbin_correct,hungarian_prediction_slot,hungarian_correct
2023-01-10-07,/home/ubuntu/klb/nuclr/nuclr/Data/Atanas_SF_unified_000776/cv5_grouped_v1/fold_4/test/test__2023-01-10-07__af4d7d2d.npz,0,ASGR,1,24,ASGR,1,1,1,1.0,0.9429044127464294,0,1,24,1
2023-01-10-07,/home/ubuntu/klb/nuclr/nuclr/Data/Atanas_SF_unified_000776/cv5_grouped_v1/fold_4/test/test__2023-01-10-07__af4d7d2d.npz,1,IL2L,1,79,IL2L,1,1,1,1.0,0.9046324491500854,0,1,79,1
2023-01-10-07,/home/ubuntu/klb/nuclr/nuclr/Data/Atanas_SF_unified_000776/cv5_grouped_v1/fold_4/test/test__2023-01-10-07__af4d7d2d.npz,2,RID,1,106,RID,1,1,1,1.0,0.960419774055481,0,1,106,1
2023-01-10-07,/home/ubuntu/klb/nuclr/nuclr/Data/Atanas_SF_unified_000776/cv5_grouped_v1/fold_4/test/test__2023-01-10-07__af4d7d2d.npz,3,FLPL,1,38,AVDL,15,0,0,0.06666666666666667,2.0023078832309693e-05,1,0,107,0
2023-01-10-07,/home/ubuntu/klb/nuclr/nuclr/Data/Atanas_SF_unified_000776/cv5_grouped_v1/fold_4/test/test__2023-01-10-07__af4d7d2d.npz,5,AVER,1,41,AVER,1,1,1,1.0,0.9533156752586365,0,1,41,1
2023-01-10-07,/home/ubuntu/klb/nuclr/nuclr/Data/Atanas_SF_unified_000776/cv5_grouped_v1/fold_4/test/test__2023-01-10-07__af4d7d2d.npz,7,OLQDR,1,96,OLQDL,3,0,1,0.3333333333333333,0.00032344096689485013,0,0,96,0
2023-01-10-07,/home/ubuntu/klb/nuclr/nuclr/Data/Atanas_SF_unified_000776/cv5_grouped_v1/fold_4/test/test__2023-01-10-07__af4d7d2d.npz,8,SMBDR,1,138,SMBVR,9,0,0,0.1111111111111111,0.0009381093550473452,0,0,138,0
2023-01-10-07,/home/ubuntu/klb/nuclr/nuclr/Data/Atanas_SF_unified_000776/cv5_grouped_v1/fold_4/test/test__2023-01-10-07__af4d7d2d.npz,9,AIBL,1,9,AIBL,1,1,1,1.0,0.9532951712608337,0,1,9,1
2023-01-10-07,/home/ubuntu/klb/nuclr/nuclr/Data/Atanas_SF_unified_000776/cv5_grouped_v1/fold_4/test/test__2023-01-10-07__af4d7d2d.npz,11,AUAR,1,33,AUAR,1,1,1,1.0,0.8339155912399292,0,1,33,1
2023-01-10-07,/home/ubuntu/klb/nuclr/nuclr/Data/Atanas_SF_unified_000776/cv5_grouped_v1/fold_4/test/test__2023-01-10-07__af4d7d2d.npz,12,M5,1,88,M5,1,1,1,1.0,0.9599609971046448,0,1,88,1
2023-01-10-07,/home/ubuntu/klb/nuclr/nuclr/Data/Atanas_SF_unified_000776/cv5_grouped_v1/fold_4/test/test__2023-01-10-07__af4d7d2d.npz,13,OLQVR,1,154,URYVR,2,0,1,0.5,0.047436319291591644,1,0,99,1
2023-01-10-07,/home/ubuntu/klb/nuclr/nuclr/Data/Atanas_SF_unified_000776/cv5_grouped_v1/fold_4/test/test__2023-01-10-07__af4d7d2d.npz,15,MCL,1,89,MCL,1,1,1,1.0,0.9105592966079712,0,1,89,1
2023-01-10-07,/home/ubuntu/klb/nuclr/nuclr/Data/Atanas_SF_unified_000776/cv5_grouped_v1/fold_4/test/test__2023-01-10-07__af4d7d2d.npz,17,NSML,1,92,NSML,1,1,1,1.0,0.960200846195221,0,1,92,1
2023-01-10-07,/home/ubuntu/klb/nuclr/nuclr/Data/Atanas_SF_unified_000776/cv5_grouped_v1/fold_4/test/test__2023-01-10-07__af4d7d2d.npz,19,IL2VL,1,81,IL2VL,1,1,1,1.0,0.9594895839691162,0,1,81,1
2023-01-10-07,/home/ubuntu/klb/nuclr/nuclr/Data/Atanas_SF_unified_000776/cv5_grouped_v1/fold_4/test/test__2023-01-10-07__af4d7d2d.npz,21,ASEL,1,21,ASEL,1,1,1,1.0,0.9464879035949707,0,1,21,1
2023-01-10-07,/home/ubuntu/klb/nuclr/nuclr/Data/Atanas_SF_unified_000776/cv5_grouped_v1/fold_4/test/test__2023-01-10-07__af4d7d2d.npz,22,OLQDL,1,97,OLQDR,3,0,1,0.3333333333333333,0.012597814202308655,0,0,97,0
2023-01-10-07,/home/ubuntu/klb/nuclr/nuclr/Data/Atanas_SF_unified_000776/cv5_grouped_v1/fold_4/test/test__2023-01-10-07__af4d7d2d.npz,23,AIBR,1,10,AIBR,1,1,1,1.0,0.9584529399871826,0,1,10,1
2023-01-10-07,/home/ubuntu/klb/nuclr/nuclr/Data/Atanas_SF_unified_000776/cv5_grouped_v1/fold_4/test/test__2023-01-10-07__af4d7d2d.npz,25,RIVL,1,114,RIVL,1,1,1,1.0,0.9592050909996033,0,1,114,1
2023-01-10-07,/home/ubuntu/klb/nuclr/nuclr/Data/Atanas_SF_unified_000776/cv5_grouped_v1/fold_4/test/test__2023-01-10-07__af4d7d2d.npz,27,RIVR,1,115,RIVR,1,1,1,1.0,0.959936261177063,0,1,115,1
2023-01-10-07,/home/ubuntu/klb/nuclr/nuclr/Data/Atanas_SF_unified_000776/cv5_grouped_v1/fold_4/test/test__2023-01-10-07__af4d7d2d.npz,28,AVDR,1,39,AVDR,1,1,1,1.0,0.9587231278419495,0,1,39,1
2023-01-10-07,/home/ubuntu/klb/nuclr/nuclr/Data/Atanas_SF_unified_000776/cv5_grouped_v1/fold_4/test/test__2023-01-10-07__af4d7d2d.npz,29,CEPDL,1,57,CEPDL,1,1,1,1.0,0.939586341381073,0,1,57,1
2023-01-10-07,/home/ubuntu/klb/nuclr/nuclr/Data/Atanas_SF_unified_000776/cv5_grouped_v1/fold_4/test/test__2023-01-10-07__af4d7d2d.npz,31,I1L,1,63,I1L,1,1,1,1.0,0.9476982355117798,0,1,63,1
2023-01-10-07,/home/ubuntu/klb/nuclr/nuclr/Data/Atanas_SF_unified_000776/cv5_grouped_v1/fold_4/test/test__2023-01-10-07__af4d7d2d.npz,32,RIML,1,110,RIML,1,1,1,1.0,0.9526435732841492,0,1,110,1
2023-01-10-07,/home/ubuntu/klb/nuclr/nuclr/Data/Atanas_SF_unified_000776/cv5_grouped_v1/fold_4/test/test__2023-01-10-07__af4d7d2d.npz,33,RMDVL,1,120,RMDVL,1,1,1,1.0,0.9445321559906006,0,1,120,1
2023-01-10-07,/home/ubuntu/klb/nuclr/nuclr/Data/Atanas_SF_unified_000776/cv5_grouped_v1/fold_4/test/test__2023-01-10-07__af4d7d2d.npz,34,VB02,1,155,VB02,1,1,1,1.0,0.9299319982528687,0,1,155,1
2023-01-10-07,/home/ubuntu/klb/nuclr/nuclr/Data/Atanas_SF_unified_000776/cv5_grouped_v1/fold_4/test/test__2023-01-10-07__af4d7d2d.npz,35,URXL,1,149,URXL,1,1,1,1.0,0.9505273103713989,0,1,149,1
2023-01-10-07,/home/ubuntu/klb/nuclr/nuclr/Data/Atanas_SF_unified_000776/cv5_grouped_v1/fold_4/test/test__2023-01-10-07__af4d7d2d.npz,36,AWAR,1,50,AWAR,1,1,1,1.0,0.9540532827377319,0,1,50,1
2023-01-10-07,/home/ubuntu/klb/nuclr/nuclr/Data/Atanas_SF_unified_000776/cv5_grouped_v1/fold_4/test/test__2023-01-10-07__af4d7d2d.npz,38,ADLR,1,5,ADLR,1,1,1,1.0,0.8358089327812195,0,1,5,1
2023-01-10-07,/home/ubuntu/klb/nuclr/nuclr/Data/Atanas_SF_unified_000776/cv5_grouped_v1/fold_4/test/test__2023-01-10-07__af4d7d2d.npz,40,URYVL,1,153,URYVL,1,1,1,1.0,0.9594671726226807,0,1,153,1
2023-01-10-07,/home/ubuntu/klb/nuclr/nuclr/Data/Atanas_SF_unified_000776/cv5_grouped_v1/fold_4/test/test__2023-01-10-07__af4d7d2d.npz,41,ADAL,1,0,ADAL,1,1,1,1.0,0.9612324833869934,0,1,0,1
2023-01-10-07,/home/ubuntu/klb/nuclr/nuclr/Data/Atanas_SF_unified_000776/cv5_grouped_v1/fold_4/test/test__2023-01-10-07__af4d7d2d.npz,42,CEPDR,1,58,CEPDR,1,1,1,1.0,0.926012396812439,0,1,58,1
2023-01-10-07,/home/ubuntu/klb/nuclr/nuclr/Data/Atanas_SF_unified_000776/cv5_grouped_v1/fold_4/test/test__2023-01-10-07__af4d7d2d.npz,43,IL2DR,1,78,IL2DR,1,1,1,1.0,0.9594877362251282,0,1,78,1
2023-01-10-07,/home/ubuntu/klb/nuclr/nuclr/Data/Atanas_SF_unified_000776/cv5_grouped_v1/fold_4/test/test__2023-01-10-07__af4d7d2d.npz,45,AVAL,1,34,AVAL,1,1,1,1.0,0.7296962141990662,0,1,34,1
2023-01-10-07,/home/ubuntu/klb/nuclr/nuclr/Data/Atanas_SF_unified_000776/cv5_grouped_v1/fold_4/test/test__2023-01-10-07__af4d7d2d.npz,48,AWAL,1,49,AWAL,1,1,1,1.0,0.7180888056755066,0,1,49,1
2023-01-10-07,/home/ubuntu/klb/nuclr/nuclr/Data/Atanas_SF_unified_000776/cv5_grouped_v1/fold_4/test/test__2023-01-10-07__af4d7d2d.npz,49,IL1R,1,74,IL1R,1,1,1,1.0,0.9387650489807129,0,1,74,1
2023-01-10-07,/home/ubuntu/klb/nuclr/nuclr/Data/Atanas_SF_unified_000776/cv5_grouped_v1/fold_4/test/test__2023-01-10-07__af4d7d2d.npz,50,AVDL,1,38,AVDL,1,1,1,1.0,0.8293607234954834,0,1,38,1
2023-01-10-07,/home/ubuntu/klb/nuclr/nuclr/Data/Atanas_SF_unified_000776/cv5_grouped_v1/fold_4/test/test__2023-01-10-07__af4d7d2d.npz,53,IL1L,1,73,IL1L,1,1,1,1.0,0.9550241231918335,0,1,73,1
2023-01-10-07,/home/ubuntu/klb/nuclr/nuclr/Data/Atanas_SF_unified_000776/cv5_grouped_v1/fold_4/test/test__2023-01-10-07__af4d7d2d.npz,55,I2L,1,65,I2L,1,1,1,1.0,0.9603015780448914,0,1,65,1
2023-01-10-07,/home/ubuntu/klb/nuclr/nuclr/Data/Atanas_SF_unified_000776/cv5_grouped_v1/fold_4/test/test__2023-01-10-07__af4d7d2d.npz,56,I2R,1,66,I2R,1,1,1,1.0,0.9602484703063965,0,1,66,1
2023-01-10-07,/home/ubuntu/klb/nuclr/nuclr/Data/Atanas_SF_unified_000776/cv5_grouped_v1/fold_4/test/test__2023-01-10-07__af4d7d2d.npz,58,NSMR,1,93,NSMR,1,1,1,1.0,0.9456713795661926,0,1,93,1
2023-01-10-07,/home/ubuntu/klb/nuclr/nuclr/Data/Atanas_SF_unified_000776/cv5_grouped_v1/fold_4/test/test__2023-01-10-07__af4d7d2d.npz,59,ASGL,1,23,ASGL,1,1,1,1.0,0.9503554701805115,0,1,23,1
2023-01-10-07,/home/ubuntu/klb/nuclr/nuclr/Data/Atanas_SF_unified_000776/cv5_grouped_v1/fold_4/test/test__2023-01-10-07__af4d7d2d.npz,62,IL2R,1,80,IL2R,1,1,1,1.0,0.37611275911331177,0,1,80,1
2023-01-10-07,/home/ubuntu/klb/nuclr/nuclr/Data/Atanas_SF_unified_000776/cv5_grouped_v1/fold_4/test/test__2023-01-10-07__af4d7d2d.npz,63,AVEL,1,40,AVEL,1,1,1,1.0,0.9008371233940125,0,1,40,1
2023-01-10-07,/home/ubuntu/klb/nuclr/nuclr/Data/Atanas_SF_unified_000776/cv5_grouped_v1/fold_4/test/test__2023-01-10-07__af4d7d2d.npz,65,SAADR,1,126,RMFL,46,0,0,0.021739130434782608,9.578180915070789e-09,0,0,128,0
2023-01-10-07,/home/ubuntu/klb/nuclr/nuclr/Data/Atanas_SF_unified_000776/cv5_grouped_v1/fold_4/test/test__2023-01-10-07__af4d7d2d.npz,72,AINL,1,14,AINR,24,0,0,0.041666666666666664,4.323209168433095e-08,0,0,14,0
2023-01-10-07,/home/ubuntu/klb/nuclr/nuclr/Data/Atanas_SF_unified_000776/cv5_grouped_v1/fold_4/test/test__2023-01-10-07__af4d7d2d.npz,74,CEPVL,1,59,CEPVL,1,1,1,1.0,0.8377648591995239,0,1,59,1
2023-01-10-07,/home/ubuntu/klb/nuclr/nuclr/Data/Atanas_SF_unified_000776/cv5_grouped_v1/fold_4/test/test__2023-01-10-07__af4d7d2d.npz,75,RMDL,1,118,RMDL,1,1,1,1.0,0.8729456663131714,0,1,118,1
2023-01-10-07,/home/ubuntu/klb/nuclr/nuclr/Data/Atanas_SF_unified_000776/cv5_grouped_v1/fold_4/test/test__2023-01-10-07__af4d7d2d.npz,76,RICL,1,104,RICL,1,1,1,1.0,0.5198274850845337,0,1,104,1
2023-01-10-07,/home/ubuntu/klb/nuclr/nuclr/Data/Atanas_SF_unified_000776/cv5_grouped_v1/fold_4/test/test__2023-01-10-07__af4d7d2d.npz,77,AVL,1,139,SMDDL,4,0,1,0.25,0.0016764677129685879,0,0,139,0
2023-01-10-07,/home/ubuntu/klb/nuclr/nuclr/Data/Atanas_SF_unified_000776/cv5_grouped_v1/fold_4/test/test__2023-01-10-07__af4d7d2d.npz,78,AVJL,1,44,AVJL,1,1,1,1.0,0.9298495054244995,0,1,44,1
2023-01-10-07,/home/ubuntu/klb/nuclr/nuclr/Data/Atanas_SF_unified_000776/cv5_grouped_v1/fold_4/test/test__2023-01-10-07__af4d7d2d.npz,82,RMEL,1,123,RMEL,1,1,1,1.0,0.9204153418540955,0,1,123,1
2023-01-10-07,/home/ubuntu/klb/nuclr/nuclr/Data/Atanas_SF_unified_000776/cv5_grouped_v1/fold_4/test/test__2023-01-10-07__af4d7d2d.npz,83,CEPVR,1,60,CEPVR,1,1,1,1.0,0.8090001940727234,0,1,60,1
2023-01-10-07,/home/ubuntu/klb/nuclr/nuclr/Data/Atanas_SF_unified_000776/cv5_grouped_v1/fold_4/test/test__2023-01-10-07__af4d7d2d.npz,84,SMDVL,1,142,SMDVR,2,0,1,0.5,0.005478311330080032,0,0,142,0
2023-01-10-07,/home/ubuntu/klb/nuclr/nuclr/Data/Atanas_SF_unified_000776/cv5_grouped_v1/fold_4/test/test__2023-01-10-07__af4d7d2d.npz,85,ADER,1,3,ADER,1,1,1,1.0,0.5975963473320007,0,1,3,1
2023-01-10-07,/home/ubuntu/klb/nuclr/nuclr/Data/Atanas_SF_unified_000776/cv5_grouped_v1/fold_4/test/test__2023-01-10-07__af4d7d2d.npz,86,ASER,1,22,ASER,1,1,1,1.0,0.9344431757926941,0,1,22,1
2023-01-10-07,/home/ubuntu/klb/nuclr/nuclr/Data/Atanas_SF_unified_000776/cv5_grouped_v1/fold_4/test/test__2023-01-10-07__af4d7d2d.npz,88,AUAL,1,32,AUAL,1,1,1,1.0,0.5861640572547913,0,1,32,1
2023-01-10-07,/home/ubuntu/klb/nuclr/nuclr/Data/Atanas_SF_unified_000776/cv5_grouped_v1/fold_4/test/test__2023-01-10-07__af4d7d2d.npz,89,IL1DR,1,72,IL1DR,1,1,1,1.0,0.9571755528450012,0,1,72,1
2023-01-10-07,/home/ubuntu/klb/nuclr/nuclr/Data/Atanas_SF_unified_000776/cv5_grouped_v1/fold_4/test/test__2023-01-10-07__af4d7d2d.npz,90,RMDDL,1,116,RMDDL,1,1,1,1.0,0.9337447881698608,0,1,116,1
2023-01-10-07,/home/ubuntu/klb/nuclr/nuclr/Data/Atanas_SF_unified_000776/cv5_grouped_v1/fold_4/test/test__2023-01-10-07__af4d7d2d.npz,91,RICR,1,105,RICR,1,1,1,1.0,0.9460565447807312,0,1,105,1
2023-01-10-07,/home/ubuntu/klb/nuclr/nuclr/Data/Atanas_SF_unified_000776/cv5_grouped_v1/fold_4/test/test__2023-01-10-07__af4d7d2d.npz,92,RMER,1,124,RMER,1,1,1,1.0,0.9556559324264526,0,1,124,1
2023-01-10-07,/home/ubuntu/klb/nuclr/nuclr/Data/Atanas_SF_unified_000776/cv5_grouped_v1/fold_4/test/test__2023-01-10-07__af4d7d2d.npz,94,RMDDR,1,117,RMDDR,1,1,1,1.0,0.9262835383415222,0,1,117,1
2023-01-10-07,/home/ubuntu/klb/nuclr/nuclr/Data/Atanas_SF_unified_000776/cv5_grouped_v1/fold_4/test/test__2023-01-10-07__af4d7d2d.npz,95,RMDVR,1,121,RMDVR,1,1,1,1.0,0.9595372080802917,0,1,121,1
2023-01-10-07,/home/ubuntu/klb/nuclr/nuclr/Data/Atanas_SF_unified_000776/cv5_grouped_v1/fold_4/test/test__2023-01-10-07__af4d7d2d.npz,96,AQR,1,20,AQR,1,1,1,1.0,0.9320698976516724,0,1,20,1
2023-01-10-07,/home/ubuntu/klb/nuclr/nuclr/Data/Atanas_SF_unified_000776/cv5_grouped_v1/fold_4/test/test__2023-01-10-07__af4d7d2d.npz,97,OLQVL,1,98,OLQVL,1,1,1,1.0,0.9371406435966492,0,1,98,1
2023-01-10-07,/home/ubuntu/klb/nuclr/nuclr/Data/Atanas_SF_unified_000776/cv5_grouped_v1/fold_4/test/test__2023-01-10-07__af4d7d2d.npz,98,AWBL,1,51,AWBL,1,1,1,1.0,0.9505535364151001,0,1,51,1
2023-01-10-07,/home/ubuntu/klb/nuclr/nuclr/Data/Atanas_SF_unified_000776/cv5_grouped_v1/fold_4/test/test__2023-01-10-07__af4d7d2d.npz,99,URBL,1,147,URBL,1,1,1,1.0,0.9053242206573486,0,1,147,1
2023-01-10-07,/home/ubuntu/klb/nuclr/nuclr/Data/Atanas_SF_unified_000776/cv5_grouped_v1/fold_4/test/test__2023-01-10-07__af4d7d2d.npz,100,URYVR,1,154,URYVR,1,1,1,1.0,0.8190326690673828,0,1,154,1
2023-01-10-07,/home/ubuntu/klb/nuclr/nuclr/Data/Atanas_SF_unified_000776/cv5_grouped_v1/fold_4/test/test__2023-01-10-07__af4d7d2d.npz,105,RIH,1,109,RIH,1,1,1,1.0,0.6364575028419495,0,1,109,1
2023-01-10-07,/home/ubuntu/klb/nuclr/nuclr/Data/Atanas_SF_unified_000776/cv5_grouped_v1/fold_4/test/test__2023-01-10-07__af4d7d2d.npz,107,RIBL,1,102,RIBL,1,1,1,1.0,0.9593427181243896,0,1,102,1
2023-01-10-07,/home/ubuntu/klb/nuclr/nuclr/Data/Atanas_SF_unified_000776/cv5_grouped_v1/fold_4/test/test__2023-01-10-07__af4d7d2d.npz,109,AVBR,1,29,ASJL,4,0,1,0.25,0.0033281203359365463,1,0,29,0
2023-01-10-07,/home/ubuntu/klb/nuclr/nuclr/Data/Atanas_SF_unified_000776/cv5_grouped_v1/fold_4/test/test__2023-01-10-07__af4d7d2d.npz,110,M3R,1,86,M3R,1,1,1,1.0,0.8175374269485474,0,1,86,1
2023-01-10-07,/home/ubuntu/klb/nuclr/nuclr/Data/Atanas_SF_unified_000776/cv5_grouped_v1/fold_4/test/test__2023-01-10-07__af4d7d2d.npz,111,AWBR,1,52,AWBR,1,1,1,1.0,0.9068130850791931,0,1,52,1
2023-01-10-07,/home/ubuntu/klb/nuclr/nuclr/Data/Atanas_SF_unified_000776/cv5_grouped_v1/fold_4/test/test__2023-01-10-07__af4d7d2d.npz,114,AVJR,1,45,AVJR,1,1,1,1.0,0.9607000350952148,0,1,45,1
2023-01-10-07,/home/ubuntu/klb/nuclr/nuclr/Data/Atanas_SF_unified_000776/cv5_grouped_v1/fold_4/test/test__2023-01-10-07__af4d7d2d.npz,116,OLLR,1,95,OLLR,1,1,1,1.0,0.9498371481895447,0,1,95,1
2023-01-10-07,/home/ubuntu/klb/nuclr/nuclr/Data/Atanas_SF_unified_000776/cv5_grouped_v1/fold_4/test/test__2023-01-10-07__af4d7d2d.npz,117,I1R,1,64,I1R,1,1,1,1.0,0.9515671133995056,0,1,64,1
2023-01-10-07,/home/ubuntu/klb/nuclr/nuclr/Data/Atanas_SF_unified_000776/cv5_grouped_v1/fold_4/test/test__2023-01-10-07__af4d7d2d.npz,118,RIR,1,15,AIYL,59,0,0,0.01694915254237288,4.341735304613792e-12,0,0,15,0
2023-01-10-07,/home/ubuntu/klb/nuclr/nuclr/Data/Atanas_SF_unified_000776/cv5_grouped_v1/fold_4/test/test__2023-01-10-07__af4d7d2d.npz,119,URYDL,1,151,URYDL,1,1,1,1.0,0.9521276950836182,0,1,151,1
2023-01-10-07,/home/ubuntu/klb/nuclr/nuclr/Data/Atanas_SF_unified_000776/cv5_grouped_v1/fold_4/test/test__2023-01-10-07__af4d7d2d.npz,121,OLLL,1,94,OLLL,1,1,1,1.0,0.9530687928199768,0,1,94,1
2023-01-10-07,/home/ubuntu/klb/nuclr/nuclr/Data/Atanas_SF_unified_000776/cv5_grouped_v1/fold_4/test/test__2023-01-10-07__af4d7d2d.npz,124,AIZL,1,17,AIZL,1,1,1,1.0,0.9595729112625122,0,1,17,1
2023-01-10-07,/home/ubuntu/klb/nuclr/nuclr/Data/Atanas_SF_unified_000776/cv5_grouped_v1/fold_4/test/test__2023-01-10-07__af4d7d2d.npz,126,M3L,1,85,M3L,1,1,1,1.0,0.9398067593574524,0,1,85,1
2023-01-10-07,/home/ubuntu/klb/nuclr/nuclr/Data/Atanas_SF_unified_000776/cv5_grouped_v1/fold_4/test/test__2023-01-10-07__af4d7d2d.npz,127,RMGL,1,127,RMGL,1,1,1,1.0,0.9499096870422363,0,1,127,1
2023-01-10-07,/home/ubuntu/klb/nuclr/nuclr/Data/Atanas_SF_unified_000776/cv5_grouped_v1/fold_4/test/test__2023-01-10-07__af4d7d2d.npz,128,IL2VR,1,82,IL2VR,1,1,1,1.0,0.9535115957260132,0,1,82,1
2023-01-10-07,/home/ubuntu/klb/nuclr/nuclr/Data/Atanas_SF_unified_000776/cv5_grouped_v1/fold_4/test/test__2023-01-10-07__af4d7d2d.npz,129,AWCR,1,54,AWCR,1,1,1,1.0,0.9522924423217773,0,1,54,1
2023-01-10-07,/home/ubuntu/klb/nuclr/nuclr/Data/Atanas_SF_unified_000776/cv5_grouped_v1/fold_4/test/test__2023-01-10-07__af4d7d2d.npz,130,SMDVR,1,141,SMDVL,16,0,0,0.0625,1.3252259734031213e-08,0,0,141,0
2023-01-10-07,/home/ubuntu/klb/nuclr/nuclr/Data/Atanas_SF_unified_000776/cv5_grouped_v1/fold_4/test/test__2023-01-10-07__af4d7d2d.npz,131,URXR,1,150,URXR,1,1,1,1.0,0.8373499512672424,0,1,150,1
2023-01-10-07,/home/ubuntu/klb/nuclr/nuclr/Data/Atanas_SF_unified_000776/cv5_grouped_v1/fold_4/test/test__2023-01-10-07__af4d7d2d.npz,132,AIZR,1,18,AIZR,1,1,1,1.0,0.9578955173492432,0,1,18,1
2023-01-10-07,/home/ubuntu/klb/nuclr/nuclr/Data/Atanas_SF_unified_000776/cv5_grouped_v1/fold_4/test/test__2023-01-10-07__af4d7d2d.npz,134,IL2DL,1,77,IL2DL,1,1,1,1.0,0.9591986536979675,0,1,77,1
2023-01-10-07,/home/ubuntu/klb/nuclr/nuclr/Data/Atanas_SF_unified_000776/cv5_grouped_v1/fold_4/test/test__2023-01-10-07__af4d7d2d.npz,135,I3,1,67,I3,1,1,1,1.0,0.9597440361976624,0,1,67,1
2023-01-10-07,/home/ubuntu/klb/nuclr/nuclr/Data/Atanas_SF_unified_000776/cv5_grouped_v1/fold_4/test/test__2023-01-10-07__af4d7d2d.npz,136,ADEL,1,2,ADEL,1,1,1,1.0,0.9451403021812439,0,1,2,1
2023-01-10-07,/home/ubuntu/klb/nuclr/nuclr/Data/Atanas_SF_unified_000776/cv5_grouped_v1/fold_4/test/test__2023-01-10-07__af4d7d2d.npz,137,IL1DL,1,71,IL1DL,1,1,1,1.0,0.9592695236206055,0,1,71,1
2023-01-10-07,/home/ubuntu/klb/nuclr/nuclr/Data/Atanas_SF_unified_000776/cv5_grouped_v1/fold_4/test/test__2023-01-10-07__af4d7d2d.npz,138,SAAVR,1,142,SMDVR,3,0,1,0.3333333333333333,0.0029812713619321585,1,0,131,1
2023-01-10-07,/home/ubuntu/klb/nuclr/nuclr/Data/Atanas_SF_unified_000776/cv5_grouped_v1/fold_4/test/test__2023-01-10-07__af4d7d2d.npz,139,AVAR,1,35,AVAR,1,1,1,1.0,0.9595673680305481,0,1,35,1
2023-01-10-07,/home/ubuntu/klb/nuclr/nuclr/Data/Atanas_SF_unified_000776/cv5_grouped_v1/fold_4/test/test__2023-01-10-07__af4d7d2d.npz,141,RIBR,1,103,RIBR,1,1,1,1.0,0.8464470505714417,0,1,103,1
2023-01-10-07,/home/ubuntu/klb/nuclr/nuclr/Data/Atanas_SF_unified_000776/cv5_grouped_v1/fold_4/test/test__2023-01-10-07__af4d7d2d.npz,142,AWCL,1,53,AWCL,1,1,1,1.0,0.4228600263595581,0,1,53,1
2023-01-10-07,/home/ubuntu/klb/nuclr/nuclr/Data/Atanas_SF_unified_000776/cv5_grouped_v1/fold_4/test/test__2023-01-10-07__af4d7d2d.npz,143,AINR,1,13,AINL,10,0,0,0.1,1.542212771710183e-06,0,0,13,0
2023-01-10-14,/home/ubuntu/klb/nuclr/nuclr/Data/Atanas_SF_unified_000776/cv5_grouped_v1/fold_4/test/test__2023-01-10-14__e4254980.npz,0,AWAR,1,24,ASGR,79,0,0,0.012658227848101266,3.6401698306045074e-14,0,0,24,0
2023-01-10-14,/home/ubuntu/klb/nuclr/nuclr/Data/Atanas_SF_unified_000776/cv5_grouped_v1/fold_4/test/test__2023-01-10-14__e4254980.npz,5,AINR,1,14,AINR,1,1,1,1.0,0.8929122686386108,0,1,14,1
2023-01-10-14,/home/ubuntu/klb/nuclr/nuclr/Data/Atanas_SF_unified_000776/cv5_grouped_v1/fold_4/test/test__2023-01-10-14__e4254980.npz,6,IL1DR,1,72,IL1DR,1,1,1,1.0,0.902860164642334,0,1,72,1
2023-01-10-14,/home/ubuntu/klb/nuclr/nuclr/Data/Atanas_SF_unified_000776/cv5_grouped_v1/fold_4/test/test__2023-01-10-14__e4254980.npz,7,M1,1,83,M1,1,1,1,1.0,0.945008397102356,0,1,83,1
2023-01-10-14,/home/ubuntu/klb/nuclr/nuclr/Data/Atanas_SF_unified_000776/cv5_grouped_v1/fold_4/test/test__2023-01-10-14__e4254980.npz,9,RIAR,1,101,RIAR,1,1,1,1.0,0.5959053039550781,0,1,101,1
2023-01-10-14,/home/ubuntu/klb/nuclr/nuclr/Data/Atanas_SF_unified_000776/cv5_grouped_v1/fold_4/test/test__2023-01-10-14__e4254980.npz,10,AIZL,1,42,AVHL,2,0,1,0.5,0.030721943825483322,0,0,42,0
2023-01-10-14,/home/ubuntu/klb/nuclr/nuclr/Data/Atanas_SF_unified_000776/cv5_grouped_v1/fold_4/test/test__2023-01-10-14__e4254980.npz,11,IL2L,1,79,IL2L,1,1,1,1.0,0.9227674007415771,0,1,79,1
2023-01-10-14,/home/ubuntu/klb/nuclr/nuclr/Data/Atanas_SF_unified_000776/cv5_grouped_v1/fold_4/test/test__2023-01-10-14__e4254980.npz,12,IL2DL,1,77,IL2DL,1,1,1,1.0,0.9056158065795898,0,1,77,1
2023-01-10-14,/home/ubuntu/klb/nuclr/nuclr/Data/Atanas_SF_unified_000776/cv5_grouped_v1/fold_4/test/test__2023-01-10-14__e4254980.npz,13,CEPDR,1,58,CEPDR,1,1,1,1.0,0.886466383934021,0,1,58,1
2023-01-10-14,/home/ubuntu/klb/nuclr/nuclr/Data/Atanas_SF_unified_000776/cv5_grouped_v1/fold_4/test/test__2023-01-10-14__e4254980.npz,14,AVEL,1,40,AVEL,1,1,1,1.0,0.9580751657485962,0,1,40,1
2023-01-10-14,/home/ubuntu/klb/nuclr/nuclr/Data/Atanas_SF_unified_000776/cv5_grouped_v1/fold_4/test/test__2023-01-10-14__e4254980.npz,15,RIH,1,109,RIH,1,1,1,1.0,0.7060012221336365,0,1,109,1
2023-01-10-14,/home/ubuntu/klb/nuclr/nuclr/Data/Atanas_SF_unified_000776/cv5_grouped_v1/fold_4/test/test__2023-01-10-14__e4254980.npz,19,ADLL,1,4,ADLL,1,1,1,1.0,0.9273743033409119,0,1,4,1
2023-01-10-14,/home/ubuntu/klb/nuclr/nuclr/Data/Atanas_SF_unified_000776/cv5_grouped_v1/fold_4/test/test__2023-01-10-14__e4254980.npz,20,URYDR,1,152,URYDR,1,1,1,1.0,0.8806678652763367,0,1,152,1
2023-01-10-14,/home/ubuntu/klb/nuclr/nuclr/Data/Atanas_SF_unified_000776/cv5_grouped_v1/fold_4/test/test__2023-01-10-14__e4254980.npz,24,OLQVL,1,98,OLQVL,1,1,1,1.0,0.9500347971916199,0,1,98,1
2023-01-10-14,/home/ubuntu/klb/nuclr/nuclr/Data/Atanas_SF_unified_000776/cv5_grouped_v1/fold_4/test/test__2023-01-10-14__e4254980.npz,27,IL1L,1,73,IL1L,1,1,1,1.0,0.85881507396698,0,1,73,1
2023-01-10-14,/home/ubuntu/klb/nuclr/nuclr/Data/Atanas_SF_unified_000776/cv5_grouped_v1/fold_4/test/test__2023-01-10-14__e4254980.npz,28,IL2VR,1,82,IL2VR,1,1,1,1.0,0.9578339457511902,0,1,82,1
2023-01-10-14,/home/ubuntu/klb/nuclr/nuclr/Data/Atanas_SF_unified_000776/cv5_grouped_v1/fold_4/test/test__2023-01-10-14__e4254980.npz,29,RMDL,1,53,AWCL,2,0,1,0.5,0.31644096970558167,0,0,53,0
2023-01-10-14,/home/ubuntu/klb/nuclr/nuclr/Data/Atanas_SF_unified_000776/cv5_grouped_v1/fold_4/test/test__2023-01-10-14__e4254980.npz,30,AIBL,1,9,AIBL,1,1,1,1.0,0.9481295943260193,0,1,9,1
2023-01-10-14,/home/ubuntu/klb/nuclr/nuclr/Data/Atanas_SF_unified_000776/cv5_grouped_v1/fold_4/test/test__2023-01-10-14__e4254980.npz,32,ADAR,1,1,ADAR,1,1,1,1.0,0.4993140697479248,0,1,1,1
2023-01-10-14,/home/ubuntu/klb/nuclr/nuclr/Data/Atanas_SF_unified_000776/cv5_grouped_v1/fold_4/test/test__2023-01-10-14__e4254980.npz,34,AVAL,1,34,AVAL,1,1,1,1.0,0.957370936870575,0,1,34,1
2023-01-10-14,/home/ubuntu/klb/nuclr/nuclr/Data/Atanas_SF_unified_000776/cv5_grouped_v1/fold_4/test/test__2023-01-10-14__e4254980.npz,36,RMDVL,1,120,RMDVL,1,1,1,1.0,0.9524087905883789,0,1,120,1
2023-01-10-14,/home/ubuntu/klb/nuclr/nuclr/Data/Atanas_SF_unified_000776/cv5_grouped_v1/fold_4/test/test__2023-01-10-14__e4254980.npz,37,IL2VL,1,81,IL2VL,1,1,1,1.0,0.956749439239502,0,1,81,1
2023-01-10-14,/home/ubuntu/klb/nuclr/nuclr/Data/Atanas_SF_unified_000776/cv5_grouped_v1/fold_4/test/test__2023-01-10-14__e4254980.npz,38,OLQDL,1,96,OLQDL,1,1,1,1.0,0.7630308866500854,0,1,96,1
2023-01-10-14,/home/ubuntu/klb/nuclr/nuclr/Data/Atanas_SF_unified_000776/cv5_grouped_v1/fold_4/test/test__2023-01-10-14__e4254980.npz,43,ASGL,1,23,ASGL,1,1,1,1.0,0.9422191381454468,0,1,23,1
2023-01-10-14,/home/ubuntu/klb/nuclr/nuclr/Data/Atanas_SF_unified_000776/cv5_grouped_v1/fold_4/test/test__2023-01-10-14__e4254980.npz,44,I2R,1,66,I2R,1,1,1,1.0,0.7829887270927429,0,1,66,1
2023-01-10-14,/home/ubuntu/klb/nuclr/nuclr/Data/Atanas_SF_unified_000776/cv5_grouped_v1/fold_4/test/test__2023-01-10-14__e4254980.npz,45,RMDVR,1,121,RMDVR,1,1,1,1.0,0.9556660652160645,0,1,121,1
2023-01-10-14,/home/ubuntu/klb/nuclr/nuclr/Data/Atanas_SF_unified_000776/cv5_grouped_v1/fold_4/test/test__2023-01-10-14__e4254980.npz,46,IL1R,1,74,IL1R,1,1,1,1.0,0.9407291412353516,0,1,74,1
2023-01-10-14,/home/ubuntu/klb/nuclr/nuclr/Data/Atanas_SF_unified_000776/cv5_grouped_v1/fold_4/test/test__2023-01-10-14__e4254980.npz,47,OLQDR,1,97,OLQDR,1,1,1,1.0,0.9017096161842346,0,1,97,1
2023-01-10-14,/home/ubuntu/klb/nuclr/nuclr/Data/Atanas_SF_unified_000776/cv5_grouped_v1/fold_4/test/test__2023-01-10-14__e4254980.npz,48,AIYR,1,117,RMDDR,4,0,1,0.25,0.027365319430828094,0,0,117,0
2023-01-10-14,/home/ubuntu/klb/nuclr/nuclr/Data/Atanas_SF_unified_000776/cv5_grouped_v1/fold_4/test/test__2023-01-10-14__e4254980.npz,49,IL2DR,1,78,IL2DR,1,1,1,1.0,0.9138643741607666,0,1,78,1
2023-01-10-14,/home/ubuntu/klb/nuclr/nuclr/Data/Atanas_SF_unified_000776/cv5_grouped_v1/fold_4/test/test__2023-01-10-14__e4254980.npz,50,URYVL,1,153,URYVL,1,1,1,1.0,0.9527440667152405,0,1,153,1
2023-01-10-14,/home/ubuntu/klb/nuclr/nuclr/Data/Atanas_SF_unified_000776/cv5_grouped_v1/fold_4/test/test__2023-01-10-14__e4254980.npz,54,AWBL,1,51,AWBL,1,1,1,1.0,0.5165885090827942,0,1,51,1
2023-01-10-14,/home/ubuntu/klb/nuclr/nuclr/Data/Atanas_SF_unified_000776/cv5_grouped_v1/fold_4/test/test__2023-01-10-14__e4254980.npz,55,M3L,1,85,M3L,1,1,1,1.0,0.701691210269928,0,1,85,1
2023-01-10-14,/home/ubuntu/klb/nuclr/nuclr/Data/Atanas_SF_unified_000776/cv5_grouped_v1/fold_4/test/test__2023-01-10-14__e4254980.npz,56,ADEL,1,2,ADEL,1,1,1,1.0,0.9492640495300293,0,1,2,1
2023-01-10-14,/home/ubuntu/klb/nuclr/nuclr/Data/Atanas_SF_unified_000776/cv5_grouped_v1/fold_4/test/test__2023-01-10-14__e4254980.npz,58,M5,1,88,M5,1,1,1,1.0,0.7172387838363647,0,1,88,1
2023-01-10-14,/home/ubuntu/klb/nuclr/nuclr/Data/Atanas_SF_unified_000776/cv5_grouped_v1/fold_4/test/test__2023-01-10-14__e4254980.npz,59,CEPVR,1,59,CEPVL,2,0,1,0.5,0.27826815843582153,0,0,59,0
2023-01-10-14,/home/ubuntu/klb/nuclr/nuclr/Data/Atanas_SF_unified_000776/cv5_grouped_v1/fold_4/test/test__2023-01-10-14__e4254980.npz,60,OLLL,1,94,OLLL,1,1,1,1.0,0.8743458986282349,0,1,94,1
2023-01-10-14,/home/ubuntu/klb/nuclr/nuclr/Data/Atanas_SF_unified_000776/cv5_grouped_v1/fold_4/test/test__2023-01-10-14__e4254980.npz,61,ASIR,1,28,ASIR,1,1,1,1.0,0.9242637753486633,0,1,28,1
2023-01-10-14,/home/ubuntu/klb/nuclr/nuclr/Data/Atanas_SF_unified_000776/cv5_grouped_v1/fold_4/test/test__2023-01-10-14__e4254980.npz,62,AVER,1,41,AVER,1,1,1,1.0,0.9581363797187805,0,1,41,1
2023-01-10-14,/home/ubuntu/klb/nuclr/nuclr/Data/Atanas_SF_unified_000776/cv5_grouped_v1/fold_4/test/test__2023-01-10-14__e4254980.npz,63,CEPVL,1,116,RMDDL,2,0,1,0.5,0.055526524782180786,1,0,145,0
2023-01-10-14,/home/ubuntu/klb/nuclr/nuclr/Data/Atanas_SF_unified_000776/cv5_grouped_v1/fold_4/test/test__2023-01-10-14__e4254980.npz,64,URADL,1,143,URADL,1,1,1,1.0,0.3669283092021942,0,1,143,1
2023-01-10-14,/home/ubuntu/klb/nuclr/nuclr/Data/Atanas_SF_unified_000776/cv5_grouped_v1/fold_4/test/test__2023-01-10-14__e4254980.npz,65,AWAL,1,49,AWAL,1,1,1,1.0,0.5390439629554749,0,1,49,1
2023-01-10-14,/home/ubuntu/klb/nuclr/nuclr/Data/Atanas_SF_unified_000776/cv5_grouped_v1/fold_4/test/test__2023-01-10-14__e4254980.npz,66,I3,1,67,I3,1,1,1,1.0,0.775498628616333,0,1,67,1
2023-01-10-14,/home/ubuntu/klb/nuclr/nuclr/Data/Atanas_SF_unified_000776/cv5_grouped_v1/fold_4/test/test__2023-01-10-14__e4254980.npz,68,BAGL,1,55,BAGL,1,1,1,1.0,0.9506732821464539,0,1,55,1
2023-01-10-14,/home/ubuntu/klb/nuclr/nuclr/Data/Atanas_SF_unified_000776/cv5_grouped_v1/fold_4/test/test__2023-01-10-14__e4254980.npz,69,M4,1,87,M4,1,1,1,1.0,0.6223645210266113,0,1,87,1
2023-01-10-14,/home/ubuntu/klb/nuclr/nuclr/Data/Atanas_SF_unified_000776/cv5_grouped_v1/fold_4/test/test__2023-01-10-14__e4254980.npz,71,IL2R,1,80,IL2R,1,1,1,1.0,0.9202101230621338,0,1,80,1
2023-01-10-14,/home/ubuntu/klb/nuclr/nuclr/Data/Atanas_SF_unified_000776/cv5_grouped_v1/fold_4/test/test__2023-01-10-14__e4254980.npz,72,ADER,1,3,ADER,1,1,1,1.0,0.4275996685028076,0,1,3,1
2023-01-10-14,/home/ubuntu/klb/nuclr/nuclr/Data/Atanas_SF_unified_000776/cv5_grouped_v1/fold_4/test/test__2023-01-10-14__e4254980.npz,75,RIBL,1,102,RIBL,1,1,1,1.0,0.9448930025100708,0,1,102,1
2023-01-10-14,/home/ubuntu/klb/nuclr/nuclr/Data/Atanas_SF_unified_000776/cv5_grouped_v1/fold_4/test/test__2023-01-10-14__e4254980.npz,78,RMDDL,1,11,AIML,7,0,0,0.14285714285714285,0.018357599154114723,0,0,113,0
2023-01-10-14,/home/ubuntu/klb/nuclr/nuclr/Data/Atanas_SF_unified_000776/cv5_grouped_v1/fold_4/test/test__2023-01-10-14__e4254980.npz,81,AVJL,1,44,AVJL,1,1,1,1.0,0.9558775424957275,0,1,44,1
2023-01-10-14,/home/ubuntu/klb/nuclr/nuclr/Data/Atanas_SF_unified_000776/cv5_grouped_v1/fold_4/test/test__2023-01-10-14__e4254980.npz,83,RMER,1,124,RMER,1,1,1,1.0,0.9481109976768494,0,1,124,1
2023-01-10-14,/home/ubuntu/klb/nuclr/nuclr/Data/Atanas_SF_unified_000776/cv5_grouped_v1/fold_4/test/test__2023-01-10-14__e4254980.npz,85,AVJR,1,78,IL2DR,122,0,0,0.00819672131147541,1.0784816571331712e-21,1,0,148,0
2023-01-10-14,/home/ubuntu/klb/nuclr/nuclr/Data/Atanas_SF_unified_000776/cv5_grouped_v1/fold_4/test/test__2023-01-10-14__e4254980.npz,86,AVAR,1,35,AVAR,1,1,1,1.0,0.9572057127952576,0,1,35,1
2023-01-10-14,/home/ubuntu/klb/nuclr/nuclr/Data/Atanas_SF_unified_000776/cv5_grouped_v1/fold_4/test/test__2023-01-10-14__e4254980.npz,88,RID,1,106,RID,1,1,1,1.0,0.6366806030273438,0,1,106,1
2023-01-10-14,/home/ubuntu/klb/nuclr/nuclr/Data/Atanas_SF_unified_000776/cv5_grouped_v1/fold_4/test/test__2023-01-10-14__e4254980.npz,89,MI,1,91,MI,1,1,1,1.0,0.940043032169342,0,1,91,1
2023-01-10-14,/home/ubuntu/klb/nuclr/nuclr/Data/Atanas_SF_unified_000776/cv5_grouped_v1/fold_4/test/test__2023-01-10-14__e4254980.npz,90,URYDL,1,151,URYDL,1,1,1,1.0,0.9128208160400391,0,1,151,1
2023-01-10-14,/home/ubuntu/klb/nuclr/nuclr/Data/Atanas_SF_unified_000776/cv5_grouped_v1/fold_4/test/test__2023-01-10-14__e4254980.npz,91,RMEL,1,123,RMEL,1,1,1,1.0,0.9181666970252991,0,1,123,1
2023-01-10-14,/home/ubuntu/klb/nuclr/nuclr/Data/Atanas_SF_unified_000776/cv5_grouped_v1/fold_4/test/test__2023-01-10-14__e4254980.npz,94,FLPL,1,61,FLPL,1,1,1,1.0,0.8425427079200745,0,1,61,1
2023-01-10-14,/home/ubuntu/klb/nuclr/nuclr/Data/Atanas_SF_unified_000776/cv5_grouped_v1/fold_4/test/test__2023-01-10-14__e4254980.npz,99,AQR,1,20,AQR,1,1,1,1.0,0.5909869074821472,0,1,20,1
2023-01-10-14,/home/ubuntu/klb/nuclr/nuclr/Data/Atanas_SF_unified_000776/cv5_grouped_v1/fold_4/test/test__2023-01-10-14__e4254980.npz,100,AIZR,1,18,AIZR,1,1,1,1.0,0.9560014605522156,0,1,18,1
2023-01-10-14,/home/ubuntu/klb/nuclr/nuclr/Data/Atanas_SF_unified_000776/cv5_grouped_v1/fold_4/test/test__2023-01-10-14__e4254980.npz,101,MCL,1,75,IL1VL,9,0,0,0.1111111111111111,0.00041881774086505175,1,0,75,0
2023-01-10-14,/home/ubuntu/klb/nuclr/nuclr/Data/Atanas_SF_unified_000776/cv5_grouped_v1/fold_4/test/test__2023-01-10-14__e4254980.npz,102,OLLR,1,95,OLLR,1,1,1,1.0,0.9016623497009277,0,1,95,1
2023-01-10-14,/home/ubuntu/klb/nuclr/nuclr/Data/Atanas_SF_unified_000776/cv5_grouped_v1/fold_4/test/test__2023-01-10-14__e4254980.npz,103,IL1DL,1,71,IL1DL,1,1,1,1.0,0.7956960201263428,0,1,71,1
2023-01-10-14,/home/ubuntu/klb/nuclr/nuclr/Data/Atanas_SF_unified_000776/cv5_grouped_v1/fold_4/test/test__2023-01-10-14__e4254980.npz,104,M3R,1,86,M3R,1,1,1,1.0,0.580677330493927,0,1,86,1
2023-01-10-14,/home/ubuntu/klb/nuclr/nuclr/Data/Atanas_SF_unified_000776/cv5_grouped_v1/fold_4/test/test__2023-01-10-14__e4254980.npz,105,NSML,1,92,NSML,1,1,1,1.0,0.9125288724899292,0,1,92,1
2023-01-10-14,/home/ubuntu/klb/nuclr/nuclr/Data/Atanas_SF_unified_000776/cv5_grouped_v1/fold_4/test/test__2023-01-10-14__e4254980.npz,108,CEPDL,1,57,CEPDL,1,1,1,1.0,0.9536999464035034,0,1,57,1
2023-01-10-14,/home/ubuntu/klb/nuclr/nuclr/Data/Atanas_SF_unified_000776/cv5_grouped_v1/fold_4/test/test__2023-01-10-14__e4254980.npz,110,AVBL,1,36,AVBL,1,1,1,1.0,0.8933811783790588,0,1,36,1
2023-01-10-14,/home/ubuntu/klb/nuclr/nuclr/Data/Atanas_SF_unified_000776/cv5_grouped_v1/fold_4/test/test__2023-01-10-14__e4254980.npz,111,AIML,1,11,AIML,1,1,1,1.0,0.6393938660621643,0,1,11,1
2023-01-10-14,/home/ubuntu/klb/nuclr/nuclr/Data/Atanas_SF_unified_000776/cv5_grouped_v1/fold_4/test/test__2023-01-10-14__e4254980.npz,113,SMDVL,1,141,SMDVL,1,1,1,1.0,0.789892852306366,0,1,141,1
2023-01-10-14,/home/ubuntu/klb/nuclr/nuclr/Data/Atanas_SF_unified_000776/cv5_grouped_v1/fold_4/test/test__2023-01-10-14__e4254980.npz,114,I1R,1,64,I1R,1,1,1,1.0,0.8919020295143127,0,1,64,1
2023-01-10-14,/home/ubuntu/klb/nuclr/nuclr/Data/Atanas_SF_unified_000776/cv5_grouped_v1/fold_4/test/test__2023-01-10-14__e4254980.npz,116,AINL,1,13,AINL,1,1,1,1.0,0.921880304813385,0,1,13,1
2023-01-10-14,/home/ubuntu/klb/nuclr/nuclr/Data/Atanas_SF_unified_000776/cv5_grouped_v1/fold_4/test/test__2023-01-10-14__e4254980.npz,117,AIMR,1,12,AIMR,1,1,1,1.0,0.8013167381286621,0,1,12,1
2023-01-10-14,/home/ubuntu/klb/nuclr/nuclr/Data/Atanas_SF_unified_000776/cv5_grouped_v1/fold_4/test/test__2023-01-10-14__e4254980.npz,118,URXL,1,149,URXL,1,1,1,1.0,0.9502051472663879,0,1,149,1
2023-01-10-14,/home/ubuntu/klb/nuclr/nuclr/Data/Atanas_SF_unified_000776/cv5_grouped_v1/fold_4/test/test__2023-01-10-14__e4254980.npz,119,RICR,1,105,RICR,1,1,1,1.0,0.9080489277839661,0,1,105,1
2023-01-10-14,/home/ubuntu/klb/nuclr/nuclr/Data/Atanas_SF_unified_000776/cv5_grouped_v1/fold_4/test/test__2023-01-10-14__e4254980.npz,120,ASER,1,22,ASER,1,1,1,1.0,0.7671131491661072,0,1,22,1
2023-01-10-14,/home/ubuntu/klb/nuclr/nuclr/Data/Atanas_SF_unified_000776/cv5_grouped_v1/fold_4/test/test__2023-01-10-14__e4254980.npz,122,AIBR,1,10,AIBR,1,1,1,1.0,0.9233888983726501,0,1,10,1
2023-01-10-14,/home/ubuntu/klb/nuclr/nuclr/Data/Atanas_SF_unified_000776/cv5_grouped_v1/fold_4/test/test__2023-01-10-14__e4254980.npz,123,RIVR,1,115,RIVR,1,1,1,1.0,0.9457932114601135,0,1,115,1
2023-01-10-14,/home/ubuntu/klb/nuclr/nuclr/Data/Atanas_SF_unified_000776/cv5_grouped_v1/fold_4/test/test__2023-01-10-14__e4254980.npz,125,RICL,1,104,RICL,1,1,1,1.0,0.878274142742157,0,1,104,1
2023-01-10-14,/home/ubuntu/klb/nuclr/nuclr/Data/Atanas_SF_unified_000776/cv5_grouped_v1/fold_4/test/test__2023-01-10-14__e4254980.npz,126,I2L,1,65,I2L,1,1,1,1.0,0.9499451518058777,0,1,65,1
2023-01-10-14,/home/ubuntu/klb/nuclr/nuclr/Data/Atanas_SF_unified_000776/cv5_grouped_v1/fold_4/test/test__2023-01-10-14__e4254980.npz,127,AWCL,1,21,ASEL,4,0,1,0.25,0.00014718298916704953,0,0,21,0
2023-01-10-14,/home/ubuntu/klb/nuclr/nuclr/Data/Atanas_SF_unified_000776/cv5_grouped_v1/fold_4/test/test__2023-01-10-14__e4254980.npz,128,URYVR,1,154,URYVR,1,1,1,1.0,0.7799112200737,0,1,154,1
2023-01-10-14,/home/ubuntu/klb/nuclr/nuclr/Data/Atanas_SF_unified_000776/cv5_grouped_v1/fold_4/test/test__2023-01-10-14__e4254980.npz,130,RIVL,1,114,RIVL,1,1,1,1.0,0.8406132459640503,0,1,114,1
2023-01-10-14,/home/ubuntu/klb/nuclr/nuclr/Data/Atanas_SF_unified_000776/cv5_grouped_v1/fold_4/test/test__2023-01-10-14__e4254980.npz,131,I1L,1,63,I1L,1,1,1,1.0,0.9067807197570801,0,1,63,1
2023-01-10-14,/home/ubuntu/klb/nuclr/nuclr/Data/Atanas_SF_unified_000776/cv5_grouped_v1/fold_4/test/test__2023-01-10-14__e4254980.npz,132,NSMR,1,93,NSMR,1,1,1,1.0,0.8300936222076416,0,1,93,1
2023-01-10-14,/home/ubuntu/klb/nuclr/nuclr/Data/Atanas_SF_unified_000776/cv5_grouped_v1/fold_4/test/test__2023-01-10-14__e4254980.npz,134,I6,1,70,I6,1,1,1,1.0,0.36915305256843567,0,1,70,1
2023-01-10-14,/home/ubuntu/klb/nuclr/nuclr/Data/Atanas_SF_unified_000776/cv5_grouped_v1/fold_4/test/test__2023-01-10-14__e4254980.npz,135,RMDDR,1,117,RMDDR,1,1,1,1.0,0.5260308384895325,0,1,116,0
2023-01-10-14,/home/ubuntu/klb/nuclr/nuclr/Data/Atanas_SF_unified_000776/cv5_grouped_v1/fold_4/test/test__2023-01-10-14__e4254980.npz,137,SMDVR,1,142,SMDVR,1,1,1,1.0,0.9431154131889343,0,1,142,1
2023-01-10-14,/home/ubuntu/klb/nuclr/nuclr/Data/Atanas_SF_unified_000776/cv5_grouped_v1/fold_4/test/test__2023-01-10-14__e4254980.npz,138,VB02,1,155,VB02,1,1,1,1.0,0.9459330439567566,0,1,155,1
2023-01-10-14,/home/ubuntu/klb/nuclr/nuclr/Data/Atanas_SF_unified_000776/cv5_grouped_v1/fold_4/test/test__2023-01-10-14__e4254980.npz,139,AWBR,1,52,AWBR,1,1,1,1.0,0.8820324540138245,0,1,52,1
2023-01-10-14,/home/ubuntu/klb/nuclr/nuclr/Data/Atanas_SF_unified_000776/cv5_grouped_v1/fold_4/test/test__2023-01-10-14__e4254980.npz,140,URXR,1,150,URXR,1,1,1,1.0,0.8951683044433594,0,1,150,1
2023-01-10-14,/home/ubuntu/klb/nuclr/nuclr/Data/Atanas_SF_unified_000776/cv5_grouped_v1/fold_4/test/test__2023-01-10-14__e4254980.npz,141,FLPR,1,62,FLPR,1,1,1,1.0,0.8756739497184753,0,1,62,1
2023-03-07-01,/home/ubuntu/klb/nuclr/nuclr/Data/Atanas_SF_unified_000776/cv5_grouped_v1/fold_4/test/test__2023-03-07-01__9fafa0d7.npz,0,RID,1,106,RID,1,1,1,1.0,0.9353126287460327,0,1,106,1
2023-03-07-01,/home/ubuntu/klb/nuclr/nuclr/Data/Atanas_SF_unified_000776/cv5_grouped_v1/fold_4/test/test__2023-03-07-01__9fafa0d7.npz,1,RIMR,1,111,RIMR,1,1,1,1.0,0.894546627998352,0,1,111,1
2023-03-07-01,/home/ubuntu/klb/nuclr/nuclr/Data/Atanas_SF_unified_000776/cv5_grouped_v1/fold_4/test/test__2023-03-07-01__9fafa0d7.npz,2,URYDR,1,152,URYDR,1,1,1,1.0,0.844679594039917,0,1,152,1
2023-03-07-01,/home/ubuntu/klb/nuclr/nuclr/Data/Atanas_SF_unified_000776/cv5_grouped_v1/fold_4/test/test__2023-03-07-01__9fafa0d7.npz,3,RIH,1,125,RMEV,4,0,1,0.25,0.007398437242954969,1,0,76,0
2023-03-07-01,/home/ubuntu/klb/nuclr/nuclr/Data/Atanas_SF_unified_000776/cv5_grouped_v1/fold_4/test/test__2023-03-07-01__9fafa0d7.npz,6,OLQVL,1,98,OLQVL,1,1,1,1.0,0.9470627307891846,0,1,98,1
2023-03-07-01,/home/ubuntu/klb/nuclr/nuclr/Data/Atanas_SF_unified_000776/cv5_grouped_v1/fold_4/test/test__2023-03-07-01__9fafa0d7.npz,7,ADLL,1,4,ADLL,1,1,1,1.0,0.8019341230392456,0,1,4,1
2023-03-07-01,/home/ubuntu/klb/nuclr/nuclr/Data/Atanas_SF_unified_000776/cv5_grouped_v1/fold_4/test/test__2023-03-07-01__9fafa0d7.npz,9,RMGL,1,127,RMGL,1,1,1,1.0,0.955967366695404,0,1,127,1
2023-03-07-01,/home/ubuntu/klb/nuclr/nuclr/Data/Atanas_SF_unified_000776/cv5_grouped_v1/fold_4/test/test__2023-03-07-01__9fafa0d7.npz,10,RIML,1,110,RIML,1,1,1,1.0,0.9513862133026123,0,1,110,1
2023-03-07-01,/home/ubuntu/klb/nuclr/nuclr/Data/Atanas_SF_unified_000776/cv5_grouped_v1/fold_4/test/test__2023-03-07-01__9fafa0d7.npz,11,IL2VR,1,82,IL2VR,1,1,1,1.0,0.955258309841156,0,1,82,1
2023-03-07-01,/home/ubuntu/klb/nuclr/nuclr/Data/Atanas_SF_unified_000776/cv5_grouped_v1/fold_4/test/test__2023-03-07-01__9fafa0d7.npz,15,I1L,1,63,I1L,1,1,1,1.0,0.946976900100708,0,1,63,1
2023-03-07-01,/home/ubuntu/klb/nuclr/nuclr/Data/Atanas_SF_unified_000776/cv5_grouped_v1/fold_4/test/test__2023-03-07-01__9fafa0d7.npz,18,ADAL,1,0,ADAL,1,1,1,1.0,0.9563730955123901,0,1,0,1
2023-03-07-01,/home/ubuntu/klb/nuclr/nuclr/Data/Atanas_SF_unified_000776/cv5_grouped_v1/fold_4/test/test__2023-03-07-01__9fafa0d7.npz,20,RMDVR,1,121,RMDVR,1,1,1,1.0,0.8039824962615967,0,1,121,1
2023-03-07-01,/home/ubuntu/klb/nuclr/nuclr/Data/Atanas_SF_unified_000776/cv5_grouped_v1/fold_4/test/test__2023-03-07-01__9fafa0d7.npz,24,OLLL,1,94,OLLL,1,1,1,1.0,0.9490242600440979,0,1,94,1
2023-03-07-01,/home/ubuntu/klb/nuclr/nuclr/Data/Atanas_SF_unified_000776/cv5_grouped_v1/fold_4/test/test__2023-03-07-01__9fafa0d7.npz,26,URBR,1,80,IL2R,2,0,1,0.5,0.12295401096343994,0,0,80,0
2023-03-07-01,/home/ubuntu/klb/nuclr/nuclr/Data/Atanas_SF_unified_000776/cv5_grouped_v1/fold_4/test/test__2023-03-07-01__9fafa0d7.npz,27,ALA,1,19,ALA,1,1,1,1.0,0.4810595214366913,0,1,19,1
2023-03-07-01,/home/ubuntu/klb/nuclr/nuclr/Data/Atanas_SF_unified_000776/cv5_grouped_v1/fold_4/test/test__2023-03-07-01__9fafa0d7.npz,30,CEPDR,1,150,URXR,2,0,1,0.5,0.0058331480249762535,0,0,150,0
2023-03-07-01,/home/ubuntu/klb/nuclr/nuclr/Data/Atanas_SF_unified_000776/cv5_grouped_v1/fold_4/test/test__2023-03-07-01__9fafa0d7.npz,32,RMDVL,1,120,RMDVL,1,1,1,1.0,0.922452449798584,0,1,120,1
2023-03-07-01,/home/ubuntu/klb/nuclr/nuclr/Data/Atanas_SF_unified_000776/cv5_grouped_v1/fold_4/test/test__2023-03-07-01__9fafa0d7.npz,33,AVAL,1,34,AVAL,1,1,1,1.0,0.9554742574691772,0,1,34,1
2023-03-07-01,/home/ubuntu/klb/nuclr/nuclr/Data/Atanas_SF_unified_000776/cv5_grouped_v1/fold_4/test/test__2023-03-07-01__9fafa0d7.npz,36,IL2VL,1,81,IL2VL,1,1,1,1.0,0.9265066981315613,0,1,81,1
2023-03-07-01,/home/ubuntu/klb/nuclr/nuclr/Data/Atanas_SF_unified_000776/cv5_grouped_v1/fold_4/test/test__2023-03-07-01__9fafa0d7.npz,41,ASHR,1,22,ASER,15,0,0,0.06666666666666667,5.700476776837604e-06,0,0,22,0
2023-03-07-01,/home/ubuntu/klb/nuclr/nuclr/Data/Atanas_SF_unified_000776/cv5_grouped_v1/fold_4/test/test__2023-03-07-01__9fafa0d7.npz,42,IL1DR,1,72,IL1DR,1,1,1,1.0,0.9539273381233215,0,1,72,1
2023-03-07-01,/home/ubuntu/klb/nuclr/nuclr/Data/Atanas_SF_unified_000776/cv5_grouped_v1/fold_4/test/test__2023-03-07-01__9fafa0d7.npz,43,URYVL,1,153,URYVL,1,1,1,1.0,0.9522099494934082,0,1,153,1
2023-03-07-01,/home/ubuntu/klb/nuclr/nuclr/Data/Atanas_SF_unified_000776/cv5_grouped_v1/fold_4/test/test__2023-03-07-01__9fafa0d7.npz,45,ASHL,1,25,ASHL,1,1,1,1.0,0.8853664398193359,0,1,25,1
2023-03-07-01,/home/ubuntu/klb/nuclr/nuclr/Data/Atanas_SF_unified_000776/cv5_grouped_v1/fold_4/test/test__2023-03-07-01__9fafa0d7.npz,47,M3R,1,85,M3L,7,0,0,0.14285714285714285,6.499116716440767e-05,0,0,85,0
2023-03-07-01,/home/ubuntu/klb/nuclr/nuclr/Data/Atanas_SF_unified_000776/cv5_grouped_v1/fold_4/test/test__2023-03-07-01__9fafa0d7.npz,48,RIVL,1,114,RIVL,1,1,1,1.0,0.9548999071121216,0,1,114,1
2023-03-07-01,/home/ubuntu/klb/nuclr/nuclr/Data/Atanas_SF_unified_000776/cv5_grouped_v1/fold_4/test/test__2023-03-07-01__9fafa0d7.npz,49,I1R,1,64,I1R,1,1,1,1.0,0.9427674412727356,0,1,64,1
2023-03-07-01,/home/ubuntu/klb/nuclr/nuclr/Data/Atanas_SF_unified_000776/cv5_grouped_v1/fold_4/test/test__2023-03-07-01__9fafa0d7.npz,50,ASEL,1,21,ASEL,1,1,1,1.0,0.8366205096244812,0,1,21,1
2023-03-07-01,/home/ubuntu/klb/nuclr/nuclr/Data/Atanas_SF_unified_000776/cv5_grouped_v1/fold_4/test/test__2023-03-07-01__9fafa0d7.npz,51,CEPVL,1,59,CEPVL,1,1,1,1.0,0.8456491827964783,0,1,59,1
2023-03-07-01,/home/ubuntu/klb/nuclr/nuclr/Data/Atanas_SF_unified_000776/cv5_grouped_v1/fold_4/test/test__2023-03-07-01__9fafa0d7.npz,52,IL1L,1,73,IL1L,1,1,1,1.0,0.9474548101425171,0,1,73,1
2023-03-07-01,/home/ubuntu/klb/nuclr/nuclr/Data/Atanas_SF_unified_000776/cv5_grouped_v1/fold_4/test/test__2023-03-07-01__9fafa0d7.npz,53,CEPVR,1,60,CEPVR,1,1,1,1.0,0.9117312431335449,0,1,60,1
2023-03-07-01,/home/ubuntu/klb/nuclr/nuclr/Data/Atanas_SF_unified_000776/cv5_grouped_v1/fold_4/test/test__2023-03-07-01__9fafa0d7.npz,54,URADL,1,143,URADL,1,1,1,1.0,0.6667197942733765,0,1,143,1
2023-03-07-01,/home/ubuntu/klb/nuclr/nuclr/Data/Atanas_SF_unified_000776/cv5_grouped_v1/fold_4/test/test__2023-03-07-01__9fafa0d7.npz,56,I2R,1,66,I2R,1,1,1,1.0,0.9556505680084229,0,1,66,1
2023-03-07-01,/home/ubuntu/klb/nuclr/nuclr/Data/Atanas_SF_unified_000776/cv5_grouped_v1/fold_4/test/test__2023-03-07-01__9fafa0d7.npz,57,AUAL,1,32,AUAL,1,1,1,1.0,0.8586480021476746,0,1,32,1
2023-03-07-01,/home/ubuntu/klb/nuclr/nuclr/Data/Atanas_SF_unified_000776/cv5_grouped_v1/fold_4/test/test__2023-03-07-01__9fafa0d7.npz,58,I2L,1,65,I2L,1,1,1,1.0,0.9320225119590759,0,1,65,1
2023-03-07-01,/home/ubuntu/klb/nuclr/nuclr/Data/Atanas_SF_unified_000776/cv5_grouped_v1/fold_4/test/test__2023-03-07-01__9fafa0d7.npz,59,RMER,1,124,RMER,1,1,1,1.0,0.9533162117004395,0,1,124,1
2023-03-07-01,/home/ubuntu/klb/nuclr/nuclr/Data/Atanas_SF_unified_000776/cv5_grouped_v1/fold_4/test/test__2023-03-07-01__9fafa0d7.npz,60,OLQDL,1,96,OLQDL,1,1,1,1.0,0.9499428272247314,0,1,96,1
2023-03-07-01,/home/ubuntu/klb/nuclr/nuclr/Data/Atanas_SF_unified_000776/cv5_grouped_v1/fold_4/test/test__2023-03-07-01__9fafa0d7.npz,61,SMDDL,1,139,SMDDL,1,1,1,1.0,0.7551838159561157,0,1,139,1
2023-03-07-01,/home/ubuntu/klb/nuclr/nuclr/Data/Atanas_SF_unified_000776/cv5_grouped_v1/fold_4/test/test__2023-03-07-01__9fafa0d7.npz,62,AVAR,1,35,AVAR,1,1,1,1.0,0.955456018447876,0,1,35,1
2023-03-07-01,/home/ubuntu/klb/nuclr/nuclr/Data/Atanas_SF_unified_000776/cv5_grouped_v1/fold_4/test/test__2023-03-07-01__9fafa0d7.npz,63,AUAR,1,33,AUAR,1,1,1,1.0,0.9462429881095886,0,1,33,1
2023-03-07-01,/home/ubuntu/klb/nuclr/nuclr/Data/Atanas_SF_unified_000776/cv5_grouped_v1/fold_4/test/test__2023-03-07-01__9fafa0d7.npz,65,URXL,1,149,URXL,1,1,1,1.0,0.49046406149864197,0,1,149,1
2023-03-07-01,/home/ubuntu/klb/nuclr/nuclr/Data/Atanas_SF_unified_000776/cv5_grouped_v1/fold_4/test/test__2023-03-07-01__9fafa0d7.npz,66,AWCR,1,54,AWCR,1,1,1,1.0,0.9165557026863098,0,1,54,1
2023-03-07-01,/home/ubuntu/klb/nuclr/nuclr/Data/Atanas_SF_unified_000776/cv5_grouped_v1/fold_4/test/test__2023-03-07-01__9fafa0d7.npz,68,BAGR,1,146,URAVR,75,0,0,0.013333333333333334,3.7420146842270796e-11,1,0,146,0
2023-03-07-01,/home/ubuntu/klb/nuclr/nuclr/Data/Atanas_SF_unified_000776/cv5_grouped_v1/fold_4/test/test__2023-03-07-01__9fafa0d7.npz,73,M3L,1,86,M3R,3,0,1,0.3333333333333333,0.0006821803981438279,0,0,86,0
2023-03-07-01,/home/ubuntu/klb/nuclr/nuclr/Data/Atanas_SF_unified_000776/cv5_grouped_v1/fold_4/test/test__2023-03-07-01__9fafa0d7.npz,77,AVHL,1,42,AVHL,1,1,1,1.0,0.9236527681350708,0,1,42,1
2023-03-07-01,/home/ubuntu/klb/nuclr/nuclr/Data/Atanas_SF_unified_000776/cv5_grouped_v1/fold_4/test/test__2023-03-07-01__9fafa0d7.npz,79,OLQDR,1,97,OLQDR,1,1,1,1.0,0.7892091870307922,0,1,97,1
2023-03-07-01,/home/ubuntu/klb/nuclr/nuclr/Data/Atanas_SF_unified_000776/cv5_grouped_v1/fold_4/test/test__2023-03-07-01__9fafa0d7.npz,86,AIBR,1,10,AIBR,1,1,1,1.0,0.6724547147750854,0,1,10,1
2023-03-07-01,/home/ubuntu/klb/nuclr/nuclr/Data/Atanas_SF_unified_000776/cv5_grouped_v1/fold_4/test/test__2023-03-07-01__9fafa0d7.npz,90,URYVR,1,154,URYVR,1,1,1,1.0,0.8882444500923157,0,1,154,1
2023-03-07-01,/home/ubuntu/klb/nuclr/nuclr/Data/Atanas_SF_unified_000776/cv5_grouped_v1/fold_4/test/test__2023-03-07-01__9fafa0d7.npz,91,OLLR,1,95,OLLR,1,1,1,1.0,0.9507132172584534,0,1,95,1
2023-03-07-01,/home/ubuntu/klb/nuclr/nuclr/Data/Atanas_SF_unified_000776/cv5_grouped_v1/fold_4/test/test__2023-03-07-01__9fafa0d7.npz,92,URXR,1,58,CEPDR,2,0,1,0.5,0.23937197029590607,0,0,58,0
2023-03-07-01,/home/ubuntu/klb/nuclr/nuclr/Data/Atanas_SF_unified_000776/cv5_grouped_v1/fold_4/test/test__2023-03-07-01__9fafa0d7.npz,94,URBL,1,147,URBL,1,1,1,1.0,0.7455494403839111,0,1,147,1
2023-03-07-01,/home/ubuntu/klb/nuclr/nuclr/Data/Atanas_SF_unified_000776/cv5_grouped_v1/fold_4/test/test__2023-03-07-01__9fafa0d7.npz,95,ASGL,1,23,ASGL,1,1,1,1.0,0.9554409980773926,0,1,23,1
2023-03-07-01,/home/ubuntu/klb/nuclr/nuclr/Data/Atanas_SF_unified_000776/cv5_grouped_v1/fold_4/test/test__2023-03-07-01__9fafa0d7.npz,98,NSML,1,92,NSML,1,1,1,1.0,0.9102377891540527,0,1,92,1
2023-03-07-01,/home/ubuntu/klb/nuclr/nuclr/Data/Atanas_SF_unified_000776/cv5_grouped_v1/fold_4/test/test__2023-03-07-01__9fafa0d7.npz,99,RMDR,1,119,RMDR,1,1,1,1.0,0.4198859930038452,0,1,119,1
2023-03-07-01,/home/ubuntu/klb/nuclr/nuclr/Data/Atanas_SF_unified_000776/cv5_grouped_v1/fold_4/test/test__2023-03-07-01__9fafa0d7.npz,102,RMDL,1,118,RMDL,1,1,1,1.0,0.9393118619918823,0,1,118,1
2023-03-07-01,/home/ubuntu/klb/nuclr/nuclr/Data/Atanas_SF_unified_000776/cv5_grouped_v1/fold_4/test/test__2023-03-07-01__9fafa0d7.npz,103,AWBL,1,51,AWBL,1,1,1,1.0,0.6743475794792175,0,1,51,1
2023-03-07-01,/home/ubuntu/klb/nuclr/nuclr/Data/Atanas_SF_unified_000776/cv5_grouped_v1/fold_4/test/test__2023-03-07-01__9fafa0d7.npz,106,AVL,1,40,AVEL,4,0,1,0.25,0.0013869523536413908,0,0,40,0
2023-03-07-01,/home/ubuntu/klb/nuclr/nuclr/Data/Atanas_SF_unified_000776/cv5_grouped_v1/fold_4/test/test__2023-03-07-01__9fafa0d7.npz,107,RICL,1,11,AIML,2,0,1,0.5,0.005374491214752197,0,0,11,0
2023-03-07-01,/home/ubuntu/klb/nuclr/nuclr/Data/Atanas_SF_unified_000776/cv5_grouped_v1/fold_4/test/test__2023-03-07-01__9fafa0d7.npz,109,AWAR,1,14,AINR,3,0,1,0.3333333333333333,0.020764753222465515,0,0,14,0
2023-03-07-01,/home/ubuntu/klb/nuclr/nuclr/Data/Atanas_SF_unified_000776/cv5_grouped_v1/fold_4/test/test__2023-03-07-01__9fafa0d7.npz,110,SMDDR,1,48,AVL,5,0,1,0.2,0.0017109336331486702,0,0,48,0
2023-03-07-01,/home/ubuntu/klb/nuclr/nuclr/Data/Atanas_SF_unified_000776/cv5_grouped_v1/fold_4/test/test__2023-03-07-01__9fafa0d7.npz,112,IL2DL,1,77,IL2DL,1,1,1,1.0,0.5476870536804199,0,1,77,1
2023-03-07-01,/home/ubuntu/klb/nuclr/nuclr/Data/Atanas_SF_unified_000776/cv5_grouped_v1/fold_4/test/test__2023-03-07-01__9fafa0d7.npz,113,VB02,1,155,VB02,1,1,1,1.0,0.38854146003723145,0,1,155,1
2023-03-07-01,/home/ubuntu/klb/nuclr/nuclr/Data/Atanas_SF_unified_000776/cv5_grouped_v1/fold_4/test/test__2023-03-07-01__9fafa0d7.npz,114,RMEL,1,123,RMEL,1,1,1,1.0,0.94554203748703,0,1,123,1
2023-03-07-01,/home/ubuntu/klb/nuclr/nuclr/Data/Atanas_SF_unified_000776/cv5_grouped_v1/fold_4/test/test__2023-03-07-01__9fafa0d7.npz,115,AVER,1,41,AVER,1,1,1,1.0,0.8622158765792847,0,1,41,1
2023-03-07-01,/home/ubuntu/klb/nuclr/nuclr/Data/Atanas_SF_unified_000776/cv5_grouped_v1/fold_4/test/test__2023-03-07-01__9fafa0d7.npz,121,CEPDL,1,57,CEPDL,1,1,1,1.0,0.5018786787986755,0,1,57,1
2023-03-07-01,/home/ubuntu/klb/nuclr/nuclr/Data/Atanas_SF_unified_000776/cv5_grouped_v1/fold_4/test/test__2023-03-07-01__9fafa0d7.npz,122,URAVL,1,145,URAVL,1,1,1,1.0,0.7173465490341187,0,1,145,1
2023-03-07-01,/home/ubuntu/klb/nuclr/nuclr/Data/Atanas_SF_unified_000776/cv5_grouped_v1/fold_4/test/test__2023-03-07-01__9fafa0d7.npz,125,OLQVR,1,99,OLQVR,1,1,1,1.0,0.8356062173843384,0,1,99,1
2023-03-07-01,/home/ubuntu/klb/nuclr/nuclr/Data/Atanas_SF_unified_000776/cv5_grouped_v1/fold_4/test/test__2023-03-07-01__9fafa0d7.npz,126,AQR,1,20,AQR,1,1,1,1.0,0.9515350461006165,0,1,20,1
2023-03-07-01,/home/ubuntu/klb/nuclr/nuclr/Data/Atanas_SF_unified_000776/cv5_grouped_v1/fold_4/test/test__2023-03-07-01__9fafa0d7.npz,127,RIAL,1,100,RIAL,1,1,1,1.0,0.8224340081214905,0,1,100,1
2023-03-07-01,/home/ubuntu/klb/nuclr/nuclr/Data/Atanas_SF_unified_000776/cv5_grouped_v1/fold_4/test/test__2023-03-07-01__9fafa0d7.npz,129,AVDL,1,38,AVDL,1,1,1,1.0,0.9542153477668762,0,1,38,1
2023-03-07-01,/home/ubuntu/klb/nuclr/nuclr/Data/Atanas_SF_unified_000776/cv5_grouped_v1/fold_4/test/test__2023-03-07-01__9fafa0d7.npz,132,IL1R,1,74,IL1R,1,1,1,1.0,0.9468645453453064,0,1,74,1
2023-03-07-01,/home/ubuntu/klb/nuclr/nuclr/Data/Atanas_SF_unified_000776/cv5_grouped_v1/fold_4/test/test__2023-03-07-01__9fafa0d7.npz,135,MI,1,91,MI,1,1,1,1.0,0.6413276195526123,0,1,91,1
2023-03-07-01,/home/ubuntu/klb/nuclr/nuclr/Data/Atanas_SF_unified_000776/cv5_grouped_v1/fold_4/test/test__2023-03-07-01__9fafa0d7.npz,136,FLPL,1,61,FLPL,1,1,1,1.0,0.6849023699760437,0,1,61,1
2023-03-07-01,/home/ubuntu/klb/nuclr/nuclr/Data/Atanas_SF_unified_000776/cv5_grouped_v1/fold_4/test/test__2023-03-07-01__9fafa0d7.npz,137,AWBR,1,52,AWBR,1,1,1,1.0,0.5282878279685974,0,1,52,1
2023-03-07-01,/home/ubuntu/klb/nuclr/nuclr/Data/Atanas_SF_unified_000776/cv5_grouped_v1/fold_4/test/test__2023-03-07-01__9fafa0d7.npz,139,SMDVL,1,141,SMDVL,1,1,1,1.0,0.9344290494918823,0,1,141,1
2023-03-07-01,/home/ubuntu/klb/nuclr/nuclr/Data/Atanas_SF_unified_000776/cv5_grouped_v1/fold_4/test/test__2023-03-07-01__9fafa0d7.npz,140,ADEL,1,61,FLPL,4,0,1,0.25,0.04922923445701599,1,0,88,0
2023-03-07-01,/home/ubuntu/klb/nuclr/nuclr/Data/Atanas_SF_unified_000776/cv5_grouped_v1/fold_4/test/test__2023-03-07-01__9fafa0d7.npz,143,I3,1,67,I3,1,1,1,1.0,0.9559049010276794,0,1,67,1
2023-03-07-01,/home/ubuntu/klb/nuclr/nuclr/Data/Atanas_SF_unified_000776/cv5_grouped_v1/fold_4/test/test__2023-03-07-01__9fafa0d7.npz,144,RMEV,1,125,RMEV,1,1,1,1.0,0.8405126929283142,0,1,125,1
2023-03-07-01,/home/ubuntu/klb/nuclr/nuclr/Data/Atanas_SF_unified_000776/cv5_grouped_v1/fold_4/test/test__2023-03-07-01__9fafa0d7.npz,146,AWCL,1,53,AWCL,1,1,1,1.0,0.9040931463241577,0,1,53,1
2023-03-07-01,/home/ubuntu/klb/nuclr/nuclr/Data/Atanas_SF_unified_000776/cv5_grouped_v1/fold_4/test/test__2023-03-07-01__9fafa0d7.npz,147,ASGR,1,24,ASGR,1,1,1,1.0,0.9458261728286743,0,1,24,1
2023-03-07-01,/home/ubuntu/klb/nuclr/nuclr/Data/Atanas_SF_unified_000776/cv5_grouped_v1/fold_4/test/test__2023-03-07-01__9fafa0d7.npz,149,M4,1,87,M4,1,1,1,1.0,0.9344156980514526,0,1,87,1
2023-03-07-01,/home/ubuntu/klb/nuclr/nuclr/Data/Atanas_SF_unified_000776/cv5_grouped_v1/fold_4/test/test__2023-03-07-01__9fafa0d7.npz,151,AINL,1,13,AINL,1,1,1,1.0,0.8300211429595947,0,1,13,1
2023-03-07-01,/home/ubuntu/klb/nuclr/nuclr/Data/Atanas_SF_unified_000776/cv5_grouped_v1/fold_4/test/test__2023-03-07-01__9fafa0d7.npz,152,AWAL,1,49,AWAL,1,1,1,1.0,0.8360820412635803,0,1,49,1
2022-06-14-13,/home/ubuntu/klb/nuclr/nuclr/Data/Atanas_SF_unified_000776/cv5_grouped_v1/fold_4/test/train__2022-06-14-13__ac0e5908.npz,1,I1L,1,63,I1L,1,1,1,1.0,0.953342616558075,0,1,63,1
2022-06-14-13,/home/ubuntu/klb/nuclr/nuclr/Data/Atanas_SF_unified_000776/cv5_grouped_v1/fold_4/test/train__2022-06-14-13__ac0e5908.npz,4,ASHL,1,25,ASHL,1,1,1,1.0,0.569678544998169,0,1,25,1
2022-06-14-13,/home/ubuntu/klb/nuclr/nuclr/Data/Atanas_SF_unified_000776/cv5_grouped_v1/fold_4/test/train__2022-06-14-13__ac0e5908.npz,5,NSML,1,92,NSML,1,1,1,1.0,0.958655595779419,0,1,92,1
2022-06-14-13,/home/ubuntu/klb/nuclr/nuclr/Data/Atanas_SF_unified_000776/cv5_grouped_v1/fold_4/test/train__2022-06-14-13__ac0e5908.npz,6,AVKL,1,47,AVKR,7,0,0,0.14285714285714285,0.000619731203187257,0,0,47,0
2022-06-14-13,/home/ubuntu/klb/nuclr/nuclr/Data/Atanas_SF_unified_000776/cv5_grouped_v1/fold_4/test/train__2022-06-14-13__ac0e5908.npz,8,RMER,1,124,RMER,1,1,1,1.0,0.9363505840301514,0,1,124,1
2022-06-14-13,/home/ubuntu/klb/nuclr/nuclr/Data/Atanas_SF_unified_000776/cv5_grouped_v1/fold_4/test/train__2022-06-14-13__ac0e5908.npz,9,IL1VL,1,76,IL1VR,2,0,1,0.5,0.10064144432544708,0,0,76,0
2022-06-14-13,/home/ubuntu/klb/nuclr/nuclr/Data/Atanas_SF_unified_000776/cv5_grouped_v1/fold_4/test/train__2022-06-14-13__ac0e5908.npz,11,RIVL,1,114,RIVL,1,1,1,1.0,0.8119165301322937,0,1,114,1
2022-06-14-13,/home/ubuntu/klb/nuclr/nuclr/Data/Atanas_SF_unified_000776/cv5_grouped_v1/fold_4/test/train__2022-06-14-13__ac0e5908.npz,12,ASGR,1,52,AWBR,8,0,0,0.125,0.001052198582328856,0,0,52,0
2022-06-14-13,/home/ubuntu/klb/nuclr/nuclr/Data/Atanas_SF_unified_000776/cv5_grouped_v1/fold_4/test/train__2022-06-14-13__ac0e5908.npz,13,AIMR,1,3,ADER,4,0,1,0.25,0.055788926780223846,0,0,3,0
2022-06-14-13,/home/ubuntu/klb/nuclr/nuclr/Data/Atanas_SF_unified_000776/cv5_grouped_v1/fold_4/test/train__2022-06-14-13__ac0e5908.npz,15,AIBL,1,114,RIVL,29,0,0,0.034482758620689655,2.788877928594502e-08,1,0,21,0
2022-06-14-13,/home/ubuntu/klb/nuclr/nuclr/Data/Atanas_SF_unified_000776/cv5_grouped_v1/fold_4/test/train__2022-06-14-13__ac0e5908.npz,16,FLPL,1,104,RICL,2,0,1,0.5,0.20342765748500824,0,0,104,0
2022-06-14-13,/home/ubuntu/klb/nuclr/nuclr/Data/Atanas_SF_unified_000776/cv5_grouped_v1/fold_4/test/train__2022-06-14-13__ac0e5908.npz,17,AIZR,1,14,AINR,2,0,1,0.5,0.21190281212329865,0,0,14,0
2022-06-14-13,/home/ubuntu/klb/nuclr/nuclr/Data/Atanas_SF_unified_000776/cv5_grouped_v1/fold_4/test/train__2022-06-14-13__ac0e5908.npz,18,MCL,1,89,MCL,1,1,1,1.0,0.8149104714393616,0,1,89,1
2022-06-14-13,/home/ubuntu/klb/nuclr/nuclr/Data/Atanas_SF_unified_000776/cv5_grouped_v1/fold_4/test/train__2022-06-14-13__ac0e5908.npz,19,AVJL,1,13,AINL,34,0,0,0.029411764705882353,3.72497949152617e-10,0,0,13,0
2022-06-14-13,/home/ubuntu/klb/nuclr/nuclr/Data/Atanas_SF_unified_000776/cv5_grouped_v1/fold_4/test/train__2022-06-14-13__ac0e5908.npz,21,URXR,1,150,URXR,1,1,1,1.0,0.9375541806221008,0,1,150,1
2022-06-14-13,/home/ubuntu/klb/nuclr/nuclr/Data/Atanas_SF_unified_000776/cv5_grouped_v1/fold_4/test/train__2022-06-14-13__ac0e5908.npz,22,CEPDR,1,58,CEPDR,1,1,1,1.0,0.9100963473320007,0,1,58,1
2022-06-14-13,/home/ubuntu/klb/nuclr/nuclr/Data/Atanas_SF_unified_000776/cv5_grouped_v1/fold_4/test/train__2022-06-14-13__ac0e5908.npz,23,ADLL,1,27,ASIL,3,0,1,0.3333333333333333,0.031081728637218475,0,0,27,0
2022-06-14-13,/home/ubuntu/klb/nuclr/nuclr/Data/Atanas_SF_unified_000776/cv5_grouped_v1/fold_4/test/train__2022-06-14-13__ac0e5908.npz,24,RICR,1,105,RICR,1,1,1,1.0,0.8177933096885681,0,1,105,1
2022-06-14-13,/home/ubuntu/klb/nuclr/nuclr/Data/Atanas_SF_unified_000776/cv5_grouped_v1/fold_4/test/train__2022-06-14-13__ac0e5908.npz,25,CEPVR,1,99,OLQVR,3,0,1,0.3333333333333333,0.02464095875620842,0,0,99,0
2022-06-14-13,/home/ubuntu/klb/nuclr/nuclr/Data/Atanas_SF_unified_000776/cv5_grouped_v1/fold_4/test/train__2022-06-14-13__ac0e5908.npz,26,M5,1,88,M5,1,1,1,1.0,0.8661458492279053,0,1,88,1
2022-06-14-13,/home/ubuntu/klb/nuclr/nuclr/Data/Atanas_SF_unified_000776/cv5_grouped_v1/fold_4/test/train__2022-06-14-13__ac0e5908.npz,27,I2L,1,65,I2L,1,1,1,1.0,0.9591068625450134,0,1,65,1
2022-06-14-13,/home/ubuntu/klb/nuclr/nuclr/Data/Atanas_SF_unified_000776/cv5_grouped_v1/fold_4/test/train__2022-06-14-13__ac0e5908.npz,29,SMDVR,1,142,SMDVR,1,1,1,1.0,0.7185612916946411,0,1,142,1
2022-06-14-13,/home/ubuntu/klb/nuclr/nuclr/Data/Atanas_SF_unified_000776/cv5_grouped_v1/fold_4/test/train__2022-06-14-13__ac0e5908.npz,32,RID,1,106,RID,1,1,1,1.0,0.9528254270553589,0,1,106,1
2022-06-14-13,/home/ubuntu/klb/nuclr/nuclr/Data/Atanas_SF_unified_000776/cv5_grouped_v1/fold_4/test/train__2022-06-14-13__ac0e5908.npz,34,AUAR,1,116,RMDDL,37,0,0,0.02702702702702703,3.0625360580849303e-10,0,0,116,0
2022-06-14-13,/home/ubuntu/klb/nuclr/nuclr/Data/Atanas_SF_unified_000776/cv5_grouped_v1/fold_4/test/train__2022-06-14-13__ac0e5908.npz,35,URYVL,1,153,URYVL,1,1,1,1.0,0.8616417646408081,0,1,153,1
2022-06-14-13,/home/ubuntu/klb/nuclr/nuclr/Data/Atanas_SF_unified_000776/cv5_grouped_v1/fold_4/test/train__2022-06-14-13__ac0e5908.npz,36,AIBR,1,10,AIBR,1,1,1,1.0,0.7797588109970093,0,1,10,1
2022-06-14-13,/home/ubuntu/klb/nuclr/nuclr/Data/Atanas_SF_unified_000776/cv5_grouped_v1/fold_4/test/train__2022-06-14-13__ac0e5908.npz,37,RMDVL,1,120,RMDVL,1,1,1,1.0,0.9568201899528503,0,1,120,1
2022-06-14-13,/home/ubuntu/klb/nuclr/nuclr/Data/Atanas_SF_unified_000776/cv5_grouped_v1/fold_4/test/train__2022-06-14-13__ac0e5908.npz,38,URYDL,1,151,URYDL,1,1,1,1.0,0.3732213079929352,1,0,151,1
2022-06-14-13,/home/ubuntu/klb/nuclr/nuclr/Data/Atanas_SF_unified_000776/cv5_grouped_v1/fold_4/test/train__2022-06-14-13__ac0e5908.npz,40,URBR,1,148,URBR,1,1,1,1.0,0.4060600697994232,0,1,148,1
2022-06-14-13,/home/ubuntu/klb/nuclr/nuclr/Data/Atanas_SF_unified_000776/cv5_grouped_v1/fold_4/test/train__2022-06-14-13__ac0e5908.npz,46,AUAL,1,137,SMBVL,6,0,0,0.16666666666666666,0.014985030516982079,0,0,137,0
2022-06-14-13,/home/ubuntu/klb/nuclr/nuclr/Data/Atanas_SF_unified_000776/cv5_grouped_v1/fold_4/test/train__2022-06-14-13__ac0e5908.npz,47,AVL,1,140,SMDDR,2,0,1,0.5,0.18248063325881958,0,0,140,0
2022-06-14-13,/home/ubuntu/klb/nuclr/nuclr/Data/Atanas_SF_unified_000776/cv5_grouped_v1/fold_4/test/train__2022-06-14-13__ac0e5908.npz,48,IL1DL,1,71,IL1DL,1,1,1,1.0,0.9535757899284363,0,1,71,1
2022-06-14-13,/home/ubuntu/klb/nuclr/nuclr/Data/Atanas_SF_unified_000776/cv5_grouped_v1/fold_4/test/train__2022-06-14-13__ac0e5908.npz,50,AWAL,1,49,AWAL,1,1,1,1.0,0.9321630001068115,0,1,49,1
2022-06-14-13,/home/ubuntu/klb/nuclr/nuclr/Data/Atanas_SF_unified_000776/cv5_grouped_v1/fold_4/test/train__2022-06-14-13__ac0e5908.npz,52,SMDDL,1,139,SMDDL,1,1,1,1.0,0.645566999912262,0,1,139,1
2022-06-14-13,/home/ubuntu/klb/nuclr/nuclr/Data/Atanas_SF_unified_000776/cv5_grouped_v1/fold_4/test/train__2022-06-14-13__ac0e5908.npz,53,SMDDR,1,117,RMDDR,11,0,0,0.09090909090909091,1.1689294296957087e-05,0,0,117,0
2022-06-14-13,/home/ubuntu/klb/nuclr/nuclr/Data/Atanas_SF_unified_000776/cv5_grouped_v1/fold_4/test/train__2022-06-14-13__ac0e5908.npz,54,CEPVL,1,60,CEPVR,2,0,1,0.5,0.303038090467453,0,0,60,0
2022-06-14-13,/home/ubuntu/klb/nuclr/nuclr/Data/Atanas_SF_unified_000776/cv5_grouped_v1/fold_4/test/train__2022-06-14-13__ac0e5908.npz,55,IL1L,1,73,IL1L,1,1,1,1.0,0.9527345895767212,0,1,73,1
2022-06-14-13,/home/ubuntu/klb/nuclr/nuclr/Data/Atanas_SF_unified_000776/cv5_grouped_v1/fold_4/test/train__2022-06-14-13__ac0e5908.npz,58,AIML,1,113,RIS,5,0,1,0.2,0.04001529887318611,0,0,113,0
2022-06-14-13,/home/ubuntu/klb/nuclr/nuclr/Data/Atanas_SF_unified_000776/cv5_grouped_v1/fold_4/test/train__2022-06-14-13__ac0e5908.npz,59,IL2VL,1,81,IL2VL,1,1,1,1.0,0.8312339782714844,0,1,81,1
2022-06-14-13,/home/ubuntu/klb/nuclr/nuclr/Data/Atanas_SF_unified_000776/cv5_grouped_v1/fold_4/test/train__2022-06-14-13__ac0e5908.npz,61,IL2L,1,79,IL2L,1,1,1,1.0,0.9205020070075989,0,1,79,1
2022-06-14-13,/home/ubuntu/klb/nuclr/nuclr/Data/Atanas_SF_unified_000776/cv5_grouped_v1/fold_4/test/train__2022-06-14-13__ac0e5908.npz,62,I3,1,67,I3,1,1,1,1.0,0.9591969847679138,0,1,67,1
2022-06-14-13,/home/ubuntu/klb/nuclr/nuclr/Data/Atanas_SF_unified_000776/cv5_grouped_v1/fold_4/test/train__2022-06-14-13__ac0e5908.npz,63,ASGL,1,23,ASGL,1,1,1,1.0,0.919737696647644,0,1,23,1
2022-06-14-13,/home/ubuntu/klb/nuclr/nuclr/Data/Atanas_SF_unified_000776/cv5_grouped_v1/fold_4/test/train__2022-06-14-13__ac0e5908.npz,64,M4,1,87,M4,1,1,1,1.0,0.9513871669769287,0,1,87,1
2022-06-14-13,/home/ubuntu/klb/nuclr/nuclr/Data/Atanas_SF_unified_000776/cv5_grouped_v1/fold_4/test/train__2022-06-14-13__ac0e5908.npz,65,IL2DL,1,77,IL2DL,1,1,1,1.0,0.9579185247421265,0,1,77,1
2022-06-14-13,/home/ubuntu/klb/nuclr/nuclr/Data/Atanas_SF_unified_000776/cv5_grouped_v1/fold_4/test/train__2022-06-14-13__ac0e5908.npz,66,RMEV,1,125,RMEV,1,1,1,1.0,0.6220770478248596,0,1,125,1
2022-06-14-13,/home/ubuntu/klb/nuclr/nuclr/Data/Atanas_SF_unified_000776/cv5_grouped_v1/fold_4/test/train__2022-06-14-13__ac0e5908.npz,67,URYVR,1,154,URYVR,1,1,1,1.0,0.9542417526245117,0,1,154,1
2022-06-14-13,/home/ubuntu/klb/nuclr/nuclr/Data/Atanas_SF_unified_000776/cv5_grouped_v1/fold_4/test/train__2022-06-14-13__ac0e5908.npz,68,OLLL,1,94,OLLL,1,1,1,1.0,0.9228154420852661,0,1,94,1
2022-06-14-13,/home/ubuntu/klb/nuclr/nuclr/Data/Atanas_SF_unified_000776/cv5_grouped_v1/fold_4/test/train__2022-06-14-13__ac0e5908.npz,69,URXL,1,149,URXL,1,1,1,1.0,0.946353554725647,0,1,149,1
2022-06-14-13,/home/ubuntu/klb/nuclr/nuclr/Data/Atanas_SF_unified_000776/cv5_grouped_v1/fold_4/test/train__2022-06-14-13__ac0e5908.npz,73,OLQVR,1,99,OLQVR,1,1,1,1.0,0.3115276098251343,1,0,146,0
2022-06-14-13,/home/ubuntu/klb/nuclr/nuclr/Data/Atanas_SF_unified_000776/cv5_grouped_v1/fold_4/test/train__2022-06-14-13__ac0e5908.npz,74,ADEL,1,2,ADEL,1,1,1,1.0,0.8875361084938049,0,1,2,1
2022-06-14-13,/home/ubuntu/klb/nuclr/nuclr/Data/Atanas_SF_unified_000776/cv5_grouped_v1/fold_4/test/train__2022-06-14-13__ac0e5908.npz,76,M3L,1,85,M3L,1,1,1,1.0,0.9454713463783264,0,1,85,1
2022-06-14-13,/home/ubuntu/klb/nuclr/nuclr/Data/Atanas_SF_unified_000776/cv5_grouped_v1/fold_4/test/train__2022-06-14-13__ac0e5908.npz,77,IL2R,1,80,IL2R,1,1,1,1.0,0.4686174988746643,0,1,80,1
2022-06-14-13,/home/ubuntu/klb/nuclr/nuclr/Data/Atanas_SF_unified_000776/cv5_grouped_v1/fold_4/test/train__2022-06-14-13__ac0e5908.npz,79,CEPDL,1,57,CEPDL,1,1,1,1.0,0.9590895175933838,0,1,57,1
2022-06-14-13,/home/ubuntu/klb/nuclr/nuclr/Data/Atanas_SF_unified_000776/cv5_grouped_v1/fold_4/test/train__2022-06-14-13__ac0e5908.npz,80,AWCL,1,53,AWCL,1,1,1,1.0,0.886660099029541,0,1,53,1
2022-06-14-13,/home/ubuntu/klb/nuclr/nuclr/Data/Atanas_SF_unified_000776/cv5_grouped_v1/fold_4/test/train__2022-06-14-13__ac0e5908.npz,81,AVJR,1,45,AVJR,1,1,1,1.0,0.5598658919334412,0,1,45,1
2022-06-14-13,/home/ubuntu/klb/nuclr/nuclr/Data/Atanas_SF_unified_000776/cv5_grouped_v1/fold_4/test/train__2022-06-14-13__ac0e5908.npz,82,RMEL,1,123,RMEL,1,1,1,1.0,0.9580774903297424,0,1,123,1
2022-06-14-13,/home/ubuntu/klb/nuclr/nuclr/Data/Atanas_SF_unified_000776/cv5_grouped_v1/fold_4/test/train__2022-06-14-13__ac0e5908.npz,84,OLQVL,1,98,OLQVL,1,1,1,1.0,0.9371384978294373,0,1,98,1
2022-06-14-13,/home/ubuntu/klb/nuclr/nuclr/Data/Atanas_SF_unified_000776/cv5_grouped_v1/fold_4/test/train__2022-06-14-13__ac0e5908.npz,85,AVHL,1,17,AIZL,2,0,1,0.5,0.40205031633377075,0,0,17,0
2022-06-14-13,/home/ubuntu/klb/nuclr/nuclr/Data/Atanas_SF_unified_000776/cv5_grouped_v1/fold_4/test/train__2022-06-14-13__ac0e5908.npz,86,IL1DR,1,72,IL1DR,1,1,1,1.0,0.9493759274482727,0,1,72,1
2022-06-14-13,/home/ubuntu/klb/nuclr/nuclr/Data/Atanas_SF_unified_000776/cv5_grouped_v1/fold_4/test/train__2022-06-14-13__ac0e5908.npz,87,RMED,1,122,RMED,1,1,1,1.0,0.9396325945854187,0,1,122,1
2022-06-14-13,/home/ubuntu/klb/nuclr/nuclr/Data/Atanas_SF_unified_000776/cv5_grouped_v1/fold_4/test/train__2022-06-14-13__ac0e5908.npz,88,AWBL,1,25,ASHL,5,0,1,0.2,0.0024054490495473146,1,0,26,0
2022-06-14-13,/home/ubuntu/klb/nuclr/nuclr/Data/Atanas_SF_unified_000776/cv5_grouped_v1/fold_4/test/train__2022-06-14-13__ac0e5908.npz,89,URBL,1,147,URBL,1,1,1,1.0,0.9329874515533447,0,1,147,1
2022-06-14-13,/home/ubuntu/klb/nuclr/nuclr/Data/Atanas_SF_unified_000776/cv5_grouped_v1/fold_4/test/train__2022-06-14-13__ac0e5908.npz,90,AVDL,1,38,AVDL,1,1,1,1.0,0.419238805770874,1,0,39,0
2022-06-14-13,/home/ubuntu/klb/nuclr/nuclr/Data/Atanas_SF_unified_000776/cv5_grouped_v1/fold_4/test/train__2022-06-14-13__ac0e5908.npz,91,OLLR,1,95,OLLR,1,1,1,1.0,0.7964633107185364,0,1,95,1
2022-06-14-13,/home/ubuntu/klb/nuclr/nuclr/Data/Atanas_SF_unified_000776/cv5_grouped_v1/fold_4/test/train__2022-06-14-13__ac0e5908.npz,92,NSMR,1,93,NSMR,1,1,1,1.0,0.9579367637634277,0,1,93,1
2022-06-14-13,/home/ubuntu/klb/nuclr/nuclr/Data/Atanas_SF_unified_000776/cv5_grouped_v1/fold_4/test/train__2022-06-14-13__ac0e5908.npz,93,I2R,1,66,I2R,1,1,1,1.0,0.9560211300849915,0,1,66,1
2022-06-14-13,/home/ubuntu/klb/nuclr/nuclr/Data/Atanas_SF_unified_000776/cv5_grouped_v1/fold_4/test/train__2022-06-14-13__ac0e5908.npz,96,RIS,1,12,AIMR,20,0,0,0.05,3.942011608160101e-05,0,0,12,0
2022-06-14-13,/home/ubuntu/klb/nuclr/nuclr/Data/Atanas_SF_unified_000776/cv5_grouped_v1/fold_4/test/train__2022-06-14-13__ac0e5908.npz,97,AQR,1,15,AIYL,6,0,0,0.16666666666666666,2.3678012439631857e-05,0,0,15,0
2022-06-14-13,/home/ubuntu/klb/nuclr/nuclr/Data/Atanas_SF_unified_000776/cv5_grouped_v1/fold_4/test/train__2022-06-14-13__ac0e5908.npz,98,AVER,1,41,AVER,1,1,1,1.0,0.9259445071220398,0,1,41,1
2022-06-14-13,/home/ubuntu/klb/nuclr/nuclr/Data/Atanas_SF_unified_000776/cv5_grouped_v1/fold_4/test/train__2022-06-14-13__ac0e5908.npz,99,AIZL,1,38,AVDL,63,0,0,0.015873015873015872,2.9058666931036647e-11,0,0,38,0
2022-06-14-13,/home/ubuntu/klb/nuclr/nuclr/Data/Atanas_SF_unified_000776/cv5_grouped_v1/fold_4/test/train__2022-06-14-13__ac0e5908.npz,100,OLQDL,1,96,OLQDL,1,1,1,1.0,0.8185365200042725,0,1,96,1
2022-06-14-13,/home/ubuntu/klb/nuclr/nuclr/Data/Atanas_SF_unified_000776/cv5_grouped_v1/fold_4/test/train__2022-06-14-13__ac0e5908.npz,101,I1R,1,64,I1R,1,1,1,1.0,0.9568265080451965,0,1,64,1
2022-06-14-13,/home/ubuntu/klb/nuclr/nuclr/Data/Atanas_SF_unified_000776/cv5_grouped_v1/fold_4/test/train__2022-06-14-13__ac0e5908.npz,102,AVDR,1,44,AVJL,22,0,0,0.045454545454545456,1.008067897600995e-06,0,0,44,0
2022-06-14-13,/home/ubuntu/klb/nuclr/nuclr/Data/Atanas_SF_unified_000776/cv5_grouped_v1/fold_4/test/train__2022-06-14-13__ac0e5908.npz,103,SMDVL,1,141,SMDVL,1,1,1,1.0,0.9527699947357178,0,1,141,1
2022-06-14-13,/home/ubuntu/klb/nuclr/nuclr/Data/Atanas_SF_unified_000776/cv5_grouped_v1/fold_4/test/train__2022-06-14-13__ac0e5908.npz,104,ASER,1,50,AWAR,3,0,1,0.3333333333333333,0.05267120525240898,0,0,50,0
2022-06-14-13,/home/ubuntu/klb/nuclr/nuclr/Data/Atanas_SF_unified_000776/cv5_grouped_v1/fold_4/test/train__2022-06-14-13__ac0e5908.npz,107,M3R,1,86,M3R,1,1,1,1.0,0.9431959986686707,0,1,86,1
2022-06-14-13,/home/ubuntu/klb/nuclr/nuclr/Data/Atanas_SF_unified_000776/cv5_grouped_v1/fold_4/test/train__2022-06-14-13__ac0e5908.npz,110,RIAL,1,100,RIAL,1,1,1,1.0,0.9544970393180847,0,1,100,1
2022-06-14-13,/home/ubuntu/klb/nuclr/nuclr/Data/Atanas_SF_unified_000776/cv5_grouped_v1/fold_4/test/train__2022-06-14-13__ac0e5908.npz,111,OLQDR,1,97,OLQDR,1,1,1,1.0,0.7669833302497864,0,1,97,1
2022-06-14-13,/home/ubuntu/klb/nuclr/nuclr/Data/Atanas_SF_unified_000776/cv5_grouped_v1/fold_4/test/train__2022-06-14-13__ac0e5908.npz,112,ADAL,1,0,ADAL,1,1,1,1.0,0.9509943723678589,0,1,0,1
2022-06-14-13,/home/ubuntu/klb/nuclr/nuclr/Data/Atanas_SF_unified_000776/cv5_grouped_v1/fold_4/test/train__2022-06-14-13__ac0e5908.npz,115,RIVR,1,115,RIVR,1,1,1,1.0,0.9525673985481262,0,1,115,1
2022-06-14-13,/home/ubuntu/klb/nuclr/nuclr/Data/Atanas_SF_unified_000776/cv5_grouped_v1/fold_4/test/train__2022-06-14-13__ac0e5908.npz,116,RMDL,1,118,RMDL,1,1,1,1.0,0.9270259737968445,0,1,118,1
2022-06-14-13,/home/ubuntu/klb/nuclr/nuclr/Data/Atanas_SF_unified_000776/cv5_grouped_v1/fold_4/test/train__2022-06-14-13__ac0e5908.npz,117,IL1R,1,74,IL1R,1,1,1,1.0,0.8472184538841248,0,1,74,1
2022-06-14-13,/home/ubuntu/klb/nuclr/nuclr/Data/Atanas_SF_unified_000776/cv5_grouped_v1/fold_4/test/train__2022-06-14-13__ac0e5908.npz,118,AVEL,1,40,AVEL,1,1,1,1.0,0.6063017249107361,0,1,40,1
2022-06-14-13,/home/ubuntu/klb/nuclr/nuclr/Data/Atanas_SF_unified_000776/cv5_grouped_v1/fold_4/test/train__2022-06-14-13__ac0e5908.npz,120,AWAR,1,5,ADLR,14,0,0,0.07142857142857142,2.6173152946284972e-05,0,0,5,0
2022-06-14-13,/home/ubuntu/klb/nuclr/nuclr/Data/Atanas_SF_unified_000776/cv5_grouped_v1/fold_4/test/train__2022-06-14-13__ac0e5908.npz,121,RIAR,1,101,RIAR,1,1,1,1.0,0.869290828704834,0,1,101,1
2022-06-14-13,/home/ubuntu/klb/nuclr/nuclr/Data/Atanas_SF_unified_000776/cv5_grouped_v1/fold_4/test/train__2022-06-14-13__ac0e5908.npz,123,RIBL,1,102,RIBL,1,1,1,1.0,0.7427142858505249,0,1,102,1
2022-06-14-13,/home/ubuntu/klb/nuclr/nuclr/Data/Atanas_SF_unified_000776/cv5_grouped_v1/fold_4/test/train__2022-06-14-13__ac0e5908.npz,124,SAAVR,1,131,SAAVR,1,1,1,1.0,0.9405525326728821,0,1,131,1
2022-06-14-13,/home/ubuntu/klb/nuclr/nuclr/Data/Atanas_SF_unified_000776/cv5_grouped_v1/fold_4/test/train__2022-06-14-13__ac0e5908.npz,125,SAAVL,1,130,SAAVL,1,1,1,1.0,0.9542894959449768,0,1,130,1
2022-06-14-13,/home/ubuntu/klb/nuclr/nuclr/Data/Atanas_SF_unified_000776/cv5_grouped_v1/fold_4/test/train__2022-06-14-13__ac0e5908.npz,126,AVAL,1,34,AVAL,1,1,1,1.0,0.9484311938285828,0,1,34,1
2022-06-14-13,/home/ubuntu/klb/nuclr/nuclr/Data/Atanas_SF_unified_000776/cv5_grouped_v1/fold_4/test/train__2022-06-14-13__ac0e5908.npz,127,ASEL,1,32,AUAL,19,0,0,0.05263157894736842,9.633629360905616e-07,0,0,32,0
2022-06-14-13,/home/ubuntu/klb/nuclr/nuclr/Data/Atanas_SF_unified_000776/cv5_grouped_v1/fold_4/test/train__2022-06-14-13__ac0e5908.npz,128,RIBR,1,138,SMBVR,9,0,0,0.1111111111111111,0.009583580307662487,0,0,132,0
2022-06-14-13,/home/ubuntu/klb/nuclr/nuclr/Data/Atanas_SF_unified_000776/cv5_grouped_v1/fold_4/test/train__2022-06-14-13__ac0e5908.npz,129,RMDVR,1,121,RMDVR,1,1,1,1.0,0.9523348212242126,0,1,121,1
2022-06-14-13,/home/ubuntu/klb/nuclr/nuclr/Data/Atanas_SF_unified_000776/cv5_grouped_v1/fold_4/test/train__2022-06-14-13__ac0e5908.npz,130,VB02,1,155,VB02,1,1,1,1.0,0.8804844617843628,0,1,155,1
2022-06-14-13,/home/ubuntu/klb/nuclr/nuclr/Data/Atanas_SF_unified_000776/cv5_grouped_v1/fold_4/test/train__2022-06-14-13__ac0e5908.npz,131,RICL,1,137,SMBVL,12,0,0,0.08333333333333333,0.0012417203979566693,1,0,138,0
2022-06-14-13,/home/ubuntu/klb/nuclr/nuclr/Data/Atanas_SF_unified_000776/cv5_grouped_v1/fold_4/test/train__2022-06-14-13__ac0e5908.npz,132,AVAR,1,35,AVAR,1,1,1,1.0,0.9581053853034973,0,1,35,1
2023-01-05-18,/home/ubuntu/klb/nuclr/nuclr/Data/Atanas_SF_unified_000776/cv5_grouped_v1/fold_4/test/train__2023-01-05-18__d7235b22.npz,0,AVAL,1,34,AVAL,1,1,1,1.0,0.9584717154502869,0,1,34,1
2023-01-05-18,/home/ubuntu/klb/nuclr/nuclr/Data/Atanas_SF_unified_000776/cv5_grouped_v1/fold_4/test/train__2023-01-05-18__d7235b22.npz,3,URAVL,1,145,URAVL,1,1,1,1.0,0.9167763590812683,0,1,145,1
2023-01-05-18,/home/ubuntu/klb/nuclr/nuclr/Data/Atanas_SF_unified_000776/cv5_grouped_v1/fold_4/test/train__2023-01-05-18__d7235b22.npz,4,AVDR,1,20,AQR,2,0,1,0.5,0.17293614149093628,0,0,20,0
2023-01-05-18,/home/ubuntu/klb/nuclr/nuclr/Data/Atanas_SF_unified_000776/cv5_grouped_v1/fold_4/test/train__2023-01-05-18__d7235b22.npz,5,IL2DR,1,78,IL2DR,1,1,1,1.0,0.9290823340415955,0,1,78,1
2023-01-05-18,/home/ubuntu/klb/nuclr/nuclr/Data/Atanas_SF_unified_000776/cv5_grouped_v1/fold_4/test/train__2023-01-05-18__d7235b22.npz,6,RMDL,1,118,RMDL,1,1,1,1.0,0.7814832329750061,0,1,118,1
2023-01-05-18,/home/ubuntu/klb/nuclr/nuclr/Data/Atanas_SF_unified_000776/cv5_grouped_v1/fold_4/test/train__2023-01-05-18__d7235b22.npz,7,OLQVL,1,98,OLQVL,1,1,1,1.0,0.9134843945503235,0,1,98,1
2023-01-05-18,/home/ubuntu/klb/nuclr/nuclr/Data/Atanas_SF_unified_000776/cv5_grouped_v1/fold_4/test/train__2023-01-05-18__d7235b22.npz,8,CEPVL,1,59,CEPVL,1,1,1,1.0,0.8949702382087708,0,1,59,1
2023-01-05-18,/home/ubuntu/klb/nuclr/nuclr/Data/Atanas_SF_unified_000776/cv5_grouped_v1/fold_4/test/train__2023-01-05-18__d7235b22.npz,10,M4,1,87,M4,1,1,1,1.0,0.9366938471794128,0,1,87,1
2023-01-05-18,/home/ubuntu/klb/nuclr/nuclr/Data/Atanas_SF_unified_000776/cv5_grouped_v1/fold_4/test/train__2023-01-05-18__d7235b22.npz,11,NSMR,1,93,NSMR,1,1,1,1.0,0.9315029978752136,0,1,93,1
2023-01-05-18,/home/ubuntu/klb/nuclr/nuclr/Data/Atanas_SF_unified_000776/cv5_grouped_v1/fold_4/test/train__2023-01-05-18__d7235b22.npz,13,M3L,1,75,IL1VL,2,0,1,0.5,0.4570193290710449,0,0,75,0
2023-01-05-18,/home/ubuntu/klb/nuclr/nuclr/Data/Atanas_SF_unified_000776/cv5_grouped_v1/fold_4/test/train__2023-01-05-18__d7235b22.npz,14,AWAL,1,49,AWAL,1,1,1,1.0,0.9443186521530151,0,1,49,1
2023-01-05-18,/home/ubuntu/klb/nuclr/nuclr/Data/Atanas_SF_unified_000776/cv5_grouped_v1/fold_4/test/train__2023-01-05-18__d7235b22.npz,16,URBL,1,147,URBL,1,1,1,1.0,0.852605938911438,0,1,147,1
2023-01-05-18,/home/ubuntu/klb/nuclr/nuclr/Data/Atanas_SF_unified_000776/cv5_grouped_v1/fold_4/test/train__2023-01-05-18__d7235b22.npz,17,URBR,1,148,URBR,1,1,1,1.0,0.5557634830474854,0,1,148,1
2023-01-05-18,/home/ubuntu/klb/nuclr/nuclr/Data/Atanas_SF_unified_000776/cv5_grouped_v1/fold_4/test/train__2023-01-05-18__d7235b22.npz,18,FLPL,1,127,RMGL,9,0,0,0.1111111111111111,2.2205597360880347e-06,0,0,127,0
2023-01-05-18,/home/ubuntu/klb/nuclr/nuclr/Data/Atanas_SF_unified_000776/cv5_grouped_v1/fold_4/test/train__2023-01-05-18__d7235b22.npz,20,I1L,1,63,I1L,1,1,1,1.0,0.9551557898521423,0,1,63,1
2023-01-05-18,/home/ubuntu/klb/nuclr/nuclr/Data/Atanas_SF_unified_000776/cv5_grouped_v1/fold_4/test/train__2023-01-05-18__d7235b22.npz,21,ADLL,1,4,ADLL,1,1,1,1.0,0.9514782428741455,0,1,4,1
2023-01-05-18,/home/ubuntu/klb/nuclr/nuclr/Data/Atanas_SF_unified_000776/cv5_grouped_v1/fold_4/test/train__2023-01-05-18__d7235b22.npz,24,RIAL,1,100,RIAL,1,1,1,1.0,0.9468219876289368,0,1,100,1
2023-01-05-18,/home/ubuntu/klb/nuclr/nuclr/Data/Atanas_SF_unified_000776/cv5_grouped_v1/fold_4/test/train__2023-01-05-18__d7235b22.npz,25,RIVL,1,114,RIVL,1,1,1,1.0,0.9589260816574097,0,1,114,1
2023-01-05-18,/home/ubuntu/klb/nuclr/nuclr/Data/Atanas_SF_unified_000776/cv5_grouped_v1/fold_4/test/train__2023-01-05-18__d7235b22.npz,26,I3,1,67,I3,1,1,1,1.0,0.9513575434684753,0,1,67,1
2023-01-05-18,/home/ubuntu/klb/nuclr/nuclr/Data/Atanas_SF_unified_000776/cv5_grouped_v1/fold_4/test/train__2023-01-05-18__d7235b22.npz,27,IL2VR,1,82,IL2VR,1,1,1,1.0,0.9583227038383484,0,1,82,1
2023-01-05-18,/home/ubuntu/klb/nuclr/nuclr/Data/Atanas_SF_unified_000776/cv5_grouped_v1/fold_4/test/train__2023-01-05-18__d7235b22.npz,29,AVAR,1,35,AVAR,1,1,1,1.0,0.957253098487854,0,1,35,1
2023-01-05-18,/home/ubuntu/klb/nuclr/nuclr/Data/Atanas_SF_unified_000776/cv5_grouped_v1/fold_4/test/train__2023-01-05-18__d7235b22.npz,30,AIZR,1,18,AIZR,1,1,1,1.0,0.7774749994277954,0,1,18,1
2023-01-05-18,/home/ubuntu/klb/nuclr/nuclr/Data/Atanas_SF_unified_000776/cv5_grouped_v1/fold_4/test/train__2023-01-05-18__d7235b22.npz,31,URADR,1,144,URADR,1,1,1,1.0,0.765204906463623,0,1,144,1
2023-01-05-18,/home/ubuntu/klb/nuclr/nuclr/Data/Atanas_SF_unified_000776/cv5_grouped_v1/fold_4/test/train__2023-01-05-18__d7235b22.npz,32,AVL,1,48,AVL,1,1,1,1.0,0.9003978371620178,0,1,48,1
2023-01-05-18,/home/ubuntu/klb/nuclr/nuclr/Data/Atanas_SF_unified_000776/cv5_grouped_v1/fold_4/test/train__2023-01-05-18__d7235b22.npz,35,M3R,1,86,M3R,1,1,1,1.0,0.9456272125244141,0,1,86,1
2023-01-05-18,/home/ubuntu/klb/nuclr/nuclr/Data/Atanas_SF_unified_000776/cv5_grouped_v1/fold_4/test/train__2023-01-05-18__d7235b22.npz,36,MCL,1,89,MCL,1,1,1,1.0,0.9193302392959595,0,1,89,1
2023-01-05-18,/home/ubuntu/klb/nuclr/nuclr/Data/Atanas_SF_unified_000776/cv5_grouped_v1/fold_4/test/train__2023-01-05-18__d7235b22.npz,37,CEPDL,1,57,CEPDL,1,1,1,1.0,0.9495510458946228,0,1,57,1
2023-01-05-18,/home/ubuntu/klb/nuclr/nuclr/Data/Atanas_SF_unified_000776/cv5_grouped_v1/fold_4/test/train__2023-01-05-18__d7235b22.npz,38,AINR,1,14,AINR,1,1,1,1.0,0.805543839931488,0,1,14,1
2023-01-05-18,/home/ubuntu/klb/nuclr/nuclr/Data/Atanas_SF_unified_000776/cv5_grouped_v1/fold_4/test/train__2023-01-05-18__d7235b22.npz,40,RMER,1,124,RMER,1,1,1,1.0,0.9584315419197083,0,1,124,1
2023-01-05-18,/home/ubuntu/klb/nuclr/nuclr/Data/Atanas_SF_unified_000776/cv5_grouped_v1/fold_4/test/train__2023-01-05-18__d7235b22.npz,42,OLLL,1,94,OLLL,1,1,1,1.0,0.9568702578544617,0,1,94,1
2023-01-05-18,/home/ubuntu/klb/nuclr/nuclr/Data/Atanas_SF_unified_000776/cv5_grouped_v1/fold_4/test/train__2023-01-05-18__d7235b22.npz,44,AVJR,1,39,AVDR,2,0,1,0.5,0.2995225489139557,0,0,39,0
2023-01-05-18,/home/ubuntu/klb/nuclr/nuclr/Data/Atanas_SF_unified_000776/cv5_grouped_v1/fold_4/test/train__2023-01-05-18__d7235b22.npz,45,OLLR,1,95,OLLR,1,1,1,1.0,0.9387932419776917,0,1,95,1
2023-01-05-18,/home/ubuntu/klb/nuclr/nuclr/Data/Atanas_SF_unified_000776/cv5_grouped_v1/fold_4/test/train__2023-01-05-18__d7235b22.npz,46,URYDL,1,151,URYDL,1,1,1,1.0,0.9552595615386963,0,1,151,1
2023-01-05-18,/home/ubuntu/klb/nuclr/nuclr/Data/Atanas_SF_unified_000776/cv5_grouped_v1/fold_4/test/train__2023-01-05-18__d7235b22.npz,47,IL2VL,1,60,CEPVR,2,0,1,0.5,0.17587313055992126,0,0,60,0
2023-01-05-18,/home/ubuntu/klb/nuclr/nuclr/Data/Atanas_SF_unified_000776/cv5_grouped_v1/fold_4/test/train__2023-01-05-18__d7235b22.npz,50,ASEL,1,21,ASEL,1,1,1,1.0,0.9159801602363586,0,1,21,1
2023-01-05-18,/home/ubuntu/klb/nuclr/nuclr/Data/Atanas_SF_unified_000776/cv5_grouped_v1/fold_4/test/train__2023-01-05-18__d7235b22.npz,52,ADER,1,3,ADER,1,1,1,1.0,0.4937289357185364,0,1,3,1
2023-01-05-18,/home/ubuntu/klb/nuclr/nuclr/Data/Atanas_SF_unified_000776/cv5_grouped_v1/fold_4/test/train__2023-01-05-18__d7235b22.npz,54,CEPDR,1,58,CEPDR,1,1,1,1.0,0.9569236636161804,0,1,58,1
2023-01-05-18,/home/ubuntu/klb/nuclr/nuclr/Data/Atanas_SF_unified_000776/cv5_grouped_v1/fold_4/test/train__2023-01-05-18__d7235b22.npz,56,IL1L,1,73,IL1L,1,1,1,1.0,0.8676247000694275,0,1,73,1
2023-01-05-18,/home/ubuntu/klb/nuclr/nuclr/Data/Atanas_SF_unified_000776/cv5_grouped_v1/fold_4/test/train__2023-01-05-18__d7235b22.npz,58,URXL,1,149,URXL,1,1,1,1.0,0.9541142582893372,0,1,149,1
2023-01-05-18,/home/ubuntu/klb/nuclr/nuclr/Data/Atanas_SF_unified_000776/cv5_grouped_v1/fold_4/test/train__2023-01-05-18__d7235b22.npz,59,OLQDL,1,96,OLQDL,1,1,1,1.0,0.9069998860359192,0,1,96,1
2023-01-05-18,/home/ubuntu/klb/nuclr/nuclr/Data/Atanas_SF_unified_000776/cv5_grouped_v1/fold_4/test/train__2023-01-05-18__d7235b22.npz,60,IL2R,1,74,IL1R,2,0,1,0.5,0.4581650495529175,0,0,74,0
2023-01-05-18,/home/ubuntu/klb/nuclr/nuclr/Data/Atanas_SF_unified_000776/cv5_grouped_v1/fold_4/test/train__2023-01-05-18__d7235b22.npz,61,AVER,1,41,AVER,1,1,1,1.0,0.9382360577583313,0,1,41,1
2023-01-05-18,/home/ubuntu/klb/nuclr/nuclr/Data/Atanas_SF_unified_000776/cv5_grouped_v1/fold_4/test/train__2023-01-05-18__d7235b22.npz,62,IL1DR,1,72,IL1DR,1,1,1,1.0,0.9547240138053894,0,1,72,1
2023-01-05-18,/home/ubuntu/klb/nuclr/nuclr/Data/Atanas_SF_unified_000776/cv5_grouped_v1/fold_4/test/train__2023-01-05-18__d7235b22.npz,63,OLQDR,1,97,OLQDR,1,1,1,1.0,0.920868456363678,0,1,97,1
2023-01-05-18,/home/ubuntu/klb/nuclr/nuclr/Data/Atanas_SF_unified_000776/cv5_grouped_v1/fold_4/test/train__2023-01-05-18__d7235b22.npz,64,AVJL,1,61,FLPL,3,0,1,0.3333333333333333,0.16995854675769806,0,0,61,0
2023-01-05-18,/home/ubuntu/klb/nuclr/nuclr/Data/Atanas_SF_unified_000776/cv5_grouped_v1/fold_4/test/train__2023-01-05-18__d7235b22.npz,66,I2L,1,65,I2L,1,1,1,1.0,0.8965066075325012,0,1,65,1
2023-01-05-18,/home/ubuntu/klb/nuclr/nuclr/Data/Atanas_SF_unified_000776/cv5_grouped_v1/fold_4/test/train__2023-01-05-18__d7235b22.npz,67,AVEL,1,40,AVEL,1,1,1,1.0,0.782223641872406,0,1,40,1
2023-01-05-18,/home/ubuntu/klb/nuclr/nuclr/Data/Atanas_SF_unified_000776/cv5_grouped_v1/fold_4/test/train__2023-01-05-18__d7235b22.npz,68,URYDR,1,152,URYDR,1,1,1,1.0,0.9094953536987305,0,1,152,1
2023-01-05-18,/home/ubuntu/klb/nuclr/nuclr/Data/Atanas_SF_unified_000776/cv5_grouped_v1/fold_4/test/train__2023-01-05-18__d7235b22.npz,69,URADL,1,143,URADL,1,1,1,1.0,0.8991437554359436,0,1,143,1
2023-01-05-18,/home/ubuntu/klb/nuclr/nuclr/Data/Atanas_SF_unified_000776/cv5_grouped_v1/fold_4/test/train__2023-01-05-18__d7235b22.npz,70,AVBL,1,102,RIBL,2,0,1,0.5,0.062212321907281876,0,0,102,0
2023-01-05-18,/home/ubuntu/klb/nuclr/nuclr/Data/Atanas_SF_unified_000776/cv5_grouped_v1/fold_4/test/train__2023-01-05-18__d7235b22.npz,71,MI,1,91,MI,1,1,1,1.0,0.9586517810821533,0,1,91,1
2023-01-05-18,/home/ubuntu/klb/nuclr/nuclr/Data/Atanas_SF_unified_000776/cv5_grouped_v1/fold_4/test/train__2023-01-05-18__d7235b22.npz,72,IL1DL,1,71,IL1DL,1,1,1,1.0,0.9298020601272583,0,1,71,1
2023-01-05-18,/home/ubuntu/klb/nuclr/nuclr/Data/Atanas_SF_unified_000776/cv5_grouped_v1/fold_4/test/train__2023-01-05-18__d7235b22.npz,73,M1,1,83,M1,1,1,1,1.0,0.9375402331352234,0,1,83,1
2023-01-05-18,/home/ubuntu/klb/nuclr/nuclr/Data/Atanas_SF_unified_000776/cv5_grouped_v1/fold_4/test/train__2023-01-05-18__d7235b22.npz,74,I2R,1,66,I2R,1,1,1,1.0,0.9133149981498718,0,1,66,1
2023-01-05-18,/home/ubuntu/klb/nuclr/nuclr/Data/Atanas_SF_unified_000776/cv5_grouped_v1/fold_4/test/train__2023-01-05-18__d7235b22.npz,75,AWCL,1,53,AWCL,1,1,1,1.0,0.9414215087890625,0,1,53,1
2023-01-05-18,/home/ubuntu/klb/nuclr/nuclr/Data/Atanas_SF_unified_000776/cv5_grouped_v1/fold_4/test/train__2023-01-05-18__d7235b22.npz,76,AIBR,1,10,AIBR,1,1,1,1.0,0.9355270862579346,0,1,10,1
2023-01-05-18,/home/ubuntu/klb/nuclr/nuclr/Data/Atanas_SF_unified_000776/cv5_grouped_v1/fold_4/test/train__2023-01-05-18__d7235b22.npz,77,IL2DL,1,77,IL2DL,1,1,1,1.0,0.8813626170158386,0,1,77,1
2023-01-05-18,/home/ubuntu/klb/nuclr/nuclr/Data/Atanas_SF_unified_000776/cv5_grouped_v1/fold_4/test/train__2023-01-05-18__d7235b22.npz,79,IL2L,1,79,IL2L,1,1,1,1.0,0.8457539677619934,0,1,79,1
2023-01-05-18,/home/ubuntu/klb/nuclr/nuclr/Data/Atanas_SF_unified_000776/cv5_grouped_v1/fold_4/test/train__2023-01-05-18__d7235b22.npz,80,RICL,1,2,ADEL,6,0,0,0.16666666666666666,7.729584467597306e-05,0,0,2,0
2023-01-05-18,/home/ubuntu/klb/nuclr/nuclr/Data/Atanas_SF_unified_000776/cv5_grouped_v1/fold_4/test/train__2023-01-05-18__d7235b22.npz,82,I1R,1,64,I1R,1,1,1,1.0,0.9563780426979065,0,1,64,1
2023-01-05-18,/home/ubuntu/klb/nuclr/nuclr/Data/Atanas_SF_unified_000776/cv5_grouped_v1/fold_4/test/train__2023-01-05-18__d7235b22.npz,83,RIAR,1,101,RIAR,1,1,1,1.0,0.5703824758529663,0,1,101,1
2023-01-05-18,/home/ubuntu/klb/nuclr/nuclr/Data/Atanas_SF_unified_000776/cv5_grouped_v1/fold_4/test/train__2023-01-05-18__d7235b22.npz,84,ASGL,1,24,ASGR,2,0,1,0.5,0.31501704454421997,0,0,24,0
2023-01-05-18,/home/ubuntu/klb/nuclr/nuclr/Data/Atanas_SF_unified_000776/cv5_grouped_v1/fold_4/test/train__2023-01-05-18__d7235b22.npz,85,ADLR,1,28,ASIR,2,0,1,0.5,0.07359360158443451,0,0,28,0
2023-01-05-18,/home/ubuntu/klb/nuclr/nuclr/Data/Atanas_SF_unified_000776/cv5_grouped_v1/fold_4/test/train__2023-01-05-18__d7235b22.npz,86,URXR,1,150,URXR,1,1,1,1.0,0.9577873349189758,0,1,150,1
2023-01-05-18,/home/ubuntu/klb/nuclr/nuclr/Data/Atanas_SF_unified_000776/cv5_grouped_v1/fold_4/test/train__2023-01-05-18__d7235b22.npz,87,SMDVL,1,141,SMDVL,1,1,1,1.0,0.958179771900177,0,1,141,1
2023-01-05-18,/home/ubuntu/klb/nuclr/nuclr/Data/Atanas_SF_unified_000776/cv5_grouped_v1/fold_4/test/train__2023-01-05-18__d7235b22.npz,88,RMDVL,1,120,RMDVL,1,1,1,1.0,0.5201366543769836,0,1,120,1
2023-01-05-18,/home/ubuntu/klb/nuclr/nuclr/Data/Atanas_SF_unified_000776/cv5_grouped_v1/fold_4/test/train__2023-01-05-18__d7235b22.npz,91,RID,1,106,RID,1,1,1,1.0,0.9587281942367554,0,1,106,1
2023-01-05-18,/home/ubuntu/klb/nuclr/nuclr/Data/Atanas_SF_unified_000776/cv5_grouped_v1/fold_4/test/train__2023-01-05-18__d7235b22.npz,95,AWBL,1,51,AWBL,1,1,1,1.0,0.9570797085762024,0,1,51,1
2023-01-05-18,/home/ubuntu/klb/nuclr/nuclr/Data/Atanas_SF_unified_000776/cv5_grouped_v1/fold_4/test/train__2023-01-05-18__d7235b22.npz,96,AUAL,1,32,AUAL,1,1,1,1.0,0.6868027448654175,0,1,32,1
2023-01-05-18,/home/ubuntu/klb/nuclr/nuclr/Data/Atanas_SF_unified_000776/cv5_grouped_v1/fold_4/test/train__2023-01-05-18__d7235b22.npz,98,I6,1,88,M5,3,0,1,0.3333333333333333,0.002685344312340021,0,0,88,0
2023-01-05-18,/home/ubuntu/klb/nuclr/nuclr/Data/Atanas_SF_unified_000776/cv5_grouped_v1/fold_4/test/train__2023-01-05-18__d7235b22.npz,100,I4,1,68,I4,1,1,1,1.0,0.5371965169906616,0,1,68,1
2023-01-05-18,/home/ubuntu/klb/nuclr/nuclr/Data/Atanas_SF_unified_000776/cv5_grouped_v1/fold_4/test/train__2023-01-05-18__d7235b22.npz,101,URYVL,1,153,URYVL,1,1,1,1.0,0.9464057683944702,0,1,153,1
2023-01-05-18,/home/ubuntu/klb/nuclr/nuclr/Data/Atanas_SF_unified_000776/cv5_grouped_v1/fold_4/test/train__2023-01-05-18__d7235b22.npz,103,SAAVL,1,130,SAAVL,1,1,1,1.0,0.9086743593215942,0,1,130,1
2023-01-05-18,/home/ubuntu/klb/nuclr/nuclr/Data/Atanas_SF_unified_000776/cv5_grouped_v1/fold_4/test/train__2023-01-05-18__d7235b22.npz,104,NSML,1,92,NSML,1,1,1,1.0,0.8935037851333618,0,1,92,1
2023-01-05-18,/home/ubuntu/klb/nuclr/nuclr/Data/Atanas_SF_unified_000776/cv5_grouped_v1/fold_4/test/train__2023-01-05-18__d7235b22.npz,105,AWBR,1,52,AWBR,1,1,1,1.0,0.9299057722091675,0,1,52,1
2023-01-05-18,/home/ubuntu/klb/nuclr/nuclr/Data/Atanas_SF_unified_000776/cv5_grouped_v1/fold_4/test/train__2023-01-05-18__d7235b22.npz,106,ASER,1,22,ASER,1,1,1,1.0,0.7626379728317261,0,1,22,1
2023-01-05-18,/home/ubuntu/klb/nuclr/nuclr/Data/Atanas_SF_unified_000776/cv5_grouped_v1/fold_4/test/train__2023-01-05-18__d7235b22.npz,108,ASIL,1,27,ASIL,1,1,1,1.0,0.9359303712844849,0,1,27,1
2023-01-05-18,/home/ubuntu/klb/nuclr/nuclr/Data/Atanas_SF_unified_000776/cv5_grouped_v1/fold_4/test/train__2023-01-05-18__d7235b22.npz,109,AVHL,1,42,AVHL,1,1,1,1.0,0.8868730664253235,0,1,42,1
2023-01-05-18,/home/ubuntu/klb/nuclr/nuclr/Data/Atanas_SF_unified_000776/cv5_grouped_v1/fold_4/test/train__2023-01-05-18__d7235b22.npz,110,AIZL,1,17,AIZL,1,1,1,1.0,0.7124333381652832,0,1,17,1
2023-01-05-18,/home/ubuntu/klb/nuclr/nuclr/Data/Atanas_SF_unified_000776/cv5_grouped_v1/fold_4/test/train__2023-01-05-18__d7235b22.npz,113,RMDDL,1,116,RMDDL,1,1,1,1.0,0.8214247226715088,0,1,116,1
2023-01-05-18,/home/ubuntu/klb/nuclr/nuclr/Data/Atanas_SF_unified_000776/cv5_grouped_v1/fold_4/test/train__2023-01-05-18__d7235b22.npz,114,RIVR,1,115,RIVR,1,1,1,1.0,0.9585795402526855,0,1,115,1
2023-01-05-18,/home/ubuntu/klb/nuclr/nuclr/Data/Atanas_SF_unified_000776/cv5_grouped_v1/fold_4/test/train__2023-01-05-18__d7235b22.npz,116,OLQVR,1,99,OLQVR,1,1,1,1.0,0.661587119102478,0,1,99,1
2023-01-05-18,/home/ubuntu/klb/nuclr/nuclr/Data/Atanas_SF_unified_000776/cv5_grouped_v1/fold_4/test/train__2023-01-05-18__d7235b22.npz,117,RMEV,1,109,RIH,3,0,1,0.3333333333333333,0.003981441725045443,0,0,109,0
2023-01-05-18,/home/ubuntu/klb/nuclr/nuclr/Data/Atanas_SF_unified_000776/cv5_grouped_v1/fold_4/test/train__2023-01-05-18__d7235b22.npz,119,FLPR,1,62,FLPR,1,1,1,1.0,0.42655226588249207,0,1,62,1
2023-01-05-18,/home/ubuntu/klb/nuclr/nuclr/Data/Atanas_SF_unified_000776/cv5_grouped_v1/fold_4/test/train__2023-01-05-18__d7235b22.npz,121,RMDVR,1,121,RMDVR,1,1,1,1.0,0.9577087759971619,0,1,121,1
2023-01-16-08,/home/ubuntu/klb/nuclr/nuclr/Data/Atanas_SF_unified_000776/cv5_grouped_v1/fold_4/test/train__2023-01-16-08__efcc90b0.npz,1,SAADR,1,126,RMFL,54,0,0,0.018518518518518517,2.536036380895723e-10,0,0,126,0
2023-01-16-08,/home/ubuntu/klb/nuclr/nuclr/Data/Atanas_SF_unified_000776/cv5_grouped_v1/fold_4/test/train__2023-01-16-08__efcc90b0.npz,2,RIAR,1,101,RIAR,1,1,1,1.0,0.47285139560699463,0,1,101,1
2023-01-16-08,/home/ubuntu/klb/nuclr/nuclr/Data/Atanas_SF_unified_000776/cv5_grouped_v1/fold_4/test/train__2023-01-16-08__efcc90b0.npz,3,MCL,1,89,MCL,1,1,1,1.0,0.9503014087677002,0,1,89,1
2023-01-16-08,/home/ubuntu/klb/nuclr/nuclr/Data/Atanas_SF_unified_000776/cv5_grouped_v1/fold_4/test/train__2023-01-16-08__efcc90b0.npz,4,RMER,1,124,RMER,1,1,1,1.0,0.9578505754470825,0,1,124,1
2023-01-16-08,/home/ubuntu/klb/nuclr/nuclr/Data/Atanas_SF_unified_000776/cv5_grouped_v1/fold_4/test/train__2023-01-16-08__efcc90b0.npz,5,CEPDR,1,58,CEPDR,1,1,1,1.0,0.9431124925613403,0,1,58,1
2023-01-16-08,/home/ubuntu/klb/nuclr/nuclr/Data/Atanas_SF_unified_000776/cv5_grouped_v1/fold_4/test/train__2023-01-16-08__efcc90b0.npz,6,AWCR,1,54,AWCR,1,1,1,1.0,0.8949171304702759,0,1,54,1
2023-01-16-08,/home/ubuntu/klb/nuclr/nuclr/Data/Atanas_SF_unified_000776/cv5_grouped_v1/fold_4/test/train__2023-01-16-08__efcc90b0.npz,7,RMGL,1,127,RMGL,1,1,1,1.0,0.9554393291473389,0,1,127,1
2023-01-16-08,/home/ubuntu/klb/nuclr/nuclr/Data/Atanas_SF_unified_000776/cv5_grouped_v1/fold_4/test/train__2023-01-16-08__efcc90b0.npz,10,AWCL,1,25,ASHL,23,0,0,0.043478260869565216,2.0491779650910757e-07,0,0,29,0
2023-01-16-08,/home/ubuntu/klb/nuclr/nuclr/Data/Atanas_SF_unified_000776/cv5_grouped_v1/fold_4/test/train__2023-01-16-08__efcc90b0.npz,11,RIS,1,139,SMDDL,3,0,1,0.3333333333333333,0.0003517290751915425,0,0,139,0
2023-01-16-08,/home/ubuntu/klb/nuclr/nuclr/Data/Atanas_SF_unified_000776/cv5_grouped_v1/fold_4/test/train__2023-01-16-08__efcc90b0.npz,12,ASGR,1,24,ASGR,1,1,1,1.0,0.8667607307434082,0,1,24,1
2023-01-16-08,/home/ubuntu/klb/nuclr/nuclr/Data/Atanas_SF_unified_000776/cv5_grouped_v1/fold_4/test/train__2023-01-16-08__efcc90b0.npz,13,M4,1,87,M4,1,1,1,1.0,0.9366485476493835,0,1,87,1
2023-01-16-08,/home/ubuntu/klb/nuclr/nuclr/Data/Atanas_SF_unified_000776/cv5_grouped_v1/fold_4/test/train__2023-01-16-08__efcc90b0.npz,14,AIBL,1,9,AIBL,1,1,1,1.0,0.953413188457489,0,1,9,1
2023-01-16-08,/home/ubuntu/klb/nuclr/nuclr/Data/Atanas_SF_unified_000776/cv5_grouped_v1/fold_4/test/train__2023-01-16-08__efcc90b0.npz,15,URYDL,1,151,URYDL,1,1,1,1.0,0.6666632294654846,0,1,151,1
2023-01-16-08,/home/ubuntu/klb/nuclr/nuclr/Data/Atanas_SF_unified_000776/cv5_grouped_v1/fold_4/test/train__2023-01-16-08__efcc90b0.npz,16,OLQVR,1,99,OLQVR,1,1,1,1.0,0.9264490008354187,0,1,99,1
2023-01-16-08,/home/ubuntu/klb/nuclr/nuclr/Data/Atanas_SF_unified_000776/cv5_grouped_v1/fold_4/test/train__2023-01-16-08__efcc90b0.npz,17,RIH,1,109,RIH,1,1,1,1.0,0.8840768933296204,0,1,109,1
2023-01-16-08,/home/ubuntu/klb/nuclr/nuclr/Data/Atanas_SF_unified_000776/cv5_grouped_v1/fold_4/test/train__2023-01-16-08__efcc90b0.npz,18,AVHL,1,42,AVHL,1,1,1,1.0,0.9105344414710999,0,1,42,1
2023-01-16-08,/home/ubuntu/klb/nuclr/nuclr/Data/Atanas_SF_unified_000776/cv5_grouped_v1/fold_4/test/train__2023-01-16-08__efcc90b0.npz,20,IL1VL,1,81,IL2VL,2,0,1,0.5,0.33017903566360474,0,0,81,0
2023-01-16-08,/home/ubuntu/klb/nuclr/nuclr/Data/Atanas_SF_unified_000776/cv5_grouped_v1/fold_4/test/train__2023-01-16-08__efcc90b0.npz,22,AVJR,1,24,ASGR,2,0,1,0.5,0.07413800805807114,1,0,45,1
2023-01-16-08,/home/ubuntu/klb/nuclr/nuclr/Data/Atanas_SF_unified_000776/cv5_grouped_v1/fold_4/test/train__2023-01-16-08__efcc90b0.npz,23,IL2R,1,80,IL2R,1,1,1,1.0,0.927629292011261,0,1,80,1
2023-01-16-08,/home/ubuntu/klb/nuclr/nuclr/Data/Atanas_SF_unified_000776/cv5_grouped_v1/fold_4/test/train__2023-01-16-08__efcc90b0.npz,24,I3,1,67,I3,1,1,1,1.0,0.9575775265693665,0,1,67,1
2023-01-16-08,/home/ubuntu/klb/nuclr/nuclr/Data/Atanas_SF_unified_000776/cv5_grouped_v1/fold_4/test/train__2023-01-16-08__efcc90b0.npz,25,SMDDL,1,75,IL1VL,19,0,0,0.05263157894736842,4.7137720571299724e-07,0,0,75,0
2023-01-16-08,/home/ubuntu/klb/nuclr/nuclr/Data/Atanas_SF_unified_000776/cv5_grouped_v1/fold_4/test/train__2023-01-16-08__efcc90b0.npz,26,M3R,1,86,M3R,1,1,1,1.0,0.9422454237937927,0,1,86,1
2023-01-16-08,/home/ubuntu/klb/nuclr/nuclr/Data/Atanas_SF_unified_000776/cv5_grouped_v1/fold_4/test/train__2023-01-16-08__efcc90b0.npz,27,SMDDR,1,60,CEPVR,42,0,0,0.023809523809523808,1.7393375628671492e-10,0,0,60,0
2023-01-16-08,/home/ubuntu/klb/nuclr/nuclr/Data/Atanas_SF_unified_000776/cv5_grouped_v1/fold_4/test/train__2023-01-16-08__efcc90b0.npz,30,I1L,1,63,I1L,1,1,1,1.0,0.9343146681785583,0,1,63,1
2023-01-16-08,/home/ubuntu/klb/nuclr/nuclr/Data/Atanas_SF_unified_000776/cv5_grouped_v1/fold_4/test/train__2023-01-16-08__efcc90b0.npz,31,I6,1,70,I6,1,1,1,1.0,0.46874159574508667,0,1,70,1
2023-01-16-08,/home/ubuntu/klb/nuclr/nuclr/Data/Atanas_SF_unified_000776/cv5_grouped_v1/fold_4/test/train__2023-01-16-08__efcc90b0.npz,32,AWAL,1,25,ASHL,19,0,0,0.05263157894736842,1.3582637166109635e-06,0,0,25,0
2023-01-16-08,/home/ubuntu/klb/nuclr/nuclr/Data/Atanas_SF_unified_000776/cv5_grouped_v1/fold_4/test/train__2023-01-16-08__efcc90b0.npz,35,BAGL,1,55,BAGL,1,1,1,1.0,0.9573948979377747,0,1,55,1
2023-01-16-08,/home/ubuntu/klb/nuclr/nuclr/Data/Atanas_SF_unified_000776/cv5_grouped_v1/fold_4/test/train__2023-01-16-08__efcc90b0.npz,36,ADLL,1,4,ADLL,1,1,1,1.0,0.9069672226905823,0,1,4,1
2023-01-16-08,/home/ubuntu/klb/nuclr/nuclr/Data/Atanas_SF_unified_000776/cv5_grouped_v1/fold_4/test/train__2023-01-16-08__efcc90b0.npz,38,ASGL,1,23,ASGL,1,1,1,1.0,0.9422732591629028,0,1,23,1
2023-01-16-08,/home/ubuntu/klb/nuclr/nuclr/Data/Atanas_SF_unified_000776/cv5_grouped_v1/fold_4/test/train__2023-01-16-08__efcc90b0.npz,39,AVEL,1,40,AVEL,1,1,1,1.0,0.94732666015625,0,1,40,1
2023-01-16-08,/home/ubuntu/klb/nuclr/nuclr/Data/Atanas_SF_unified_000776/cv5_grouped_v1/fold_4/test/train__2023-01-16-08__efcc90b0.npz,40,SAADL,1,138,SMBVR,24,0,0,0.041666666666666664,8.874261402525008e-05,1,0,138,0
2023-01-16-08,/home/ubuntu/klb/nuclr/nuclr/Data/Atanas_SF_unified_000776/cv5_grouped_v1/fold_4/test/train__2023-01-16-08__efcc90b0.npz,42,SMDVR,1,142,SMDVR,1,1,1,1.0,0.8810628652572632,0,1,142,1
2023-01-16-08,/home/ubuntu/klb/nuclr/nuclr/Data/Atanas_SF_unified_000776/cv5_grouped_v1/fold_4/test/train__2023-01-16-08__efcc90b0.npz,43,I2R,1,66,I2R,1,1,1,1.0,0.9581448435783386,0,1,66,1
2023-01-16-08,/home/ubuntu/klb/nuclr/nuclr/Data/Atanas_SF_unified_000776/cv5_grouped_v1/fold_4/test/train__2023-01-16-08__efcc90b0.npz,45,RICL,1,104,RICL,1,1,1,1.0,0.9378185868263245,0,1,104,1
2023-01-16-08,/home/ubuntu/klb/nuclr/nuclr/Data/Atanas_SF_unified_000776/cv5_grouped_v1/fold_4/test/train__2023-01-16-08__efcc90b0.npz,46,AQR,1,48,AVL,18,0,0,0.05555555555555555,5.107293077344366e-07,0,0,48,0
2023-01-16-08,/home/ubuntu/klb/nuclr/nuclr/Data/Atanas_SF_unified_000776/cv5_grouped_v1/fold_4/test/train__2023-01-16-08__efcc90b0.npz,47,SAAVL,1,130,SAAVL,1,1,1,1.0,0.9519340991973877,0,1,130,1
2023-01-16-08,/home/ubuntu/klb/nuclr/nuclr/Data/Atanas_SF_unified_000776/cv5_grouped_v1/fold_4/test/train__2023-01-16-08__efcc90b0.npz,49,AWBL,1,51,AWBL,1,1,1,1.0,0.9398362636566162,0,1,51,1
2023-01-16-08,/home/ubuntu/klb/nuclr/nuclr/Data/Atanas_SF_unified_000776/cv5_grouped_v1/fold_4/test/train__2023-01-16-08__efcc90b0.npz,51,URYVL,1,153,URYVL,1,1,1,1.0,0.9291025400161743,0,1,153,1
2023-01-16-08,/home/ubuntu/klb/nuclr/nuclr/Data/Atanas_SF_unified_000776/cv5_grouped_v1/fold_4/test/train__2023-01-16-08__efcc90b0.npz,52,AVL,1,140,SMDDR,4,0,1,0.25,0.013504831120371819,0,0,140,0
2023-01-16-08,/home/ubuntu/klb/nuclr/nuclr/Data/Atanas_SF_unified_000776/cv5_grouped_v1/fold_4/test/train__2023-01-16-08__efcc90b0.npz,53,I2L,1,65,I2L,1,1,1,1.0,0.6157747507095337,0,1,65,1
2023-01-16-08,/home/ubuntu/klb/nuclr/nuclr/Data/Atanas_SF_unified_000776/cv5_grouped_v1/fold_4/test/train__2023-01-16-08__efcc90b0.npz,55,ASEL,1,21,ASEL,1,1,1,1.0,0.893321692943573,0,1,21,1
2023-01-16-08,/home/ubuntu/klb/nuclr/nuclr/Data/Atanas_SF_unified_000776/cv5_grouped_v1/fold_4/test/train__2023-01-16-08__efcc90b0.npz,56,NSMR,1,93,NSMR,1,1,1,1.0,0.9565123915672302,0,1,93,1
2023-01-16-08,/home/ubuntu/klb/nuclr/nuclr/Data/Atanas_SF_unified_000776/cv5_grouped_v1/fold_4/test/train__2023-01-16-08__efcc90b0.npz,58,AIZR,1,18,AIZR,1,1,1,1.0,0.9544658064842224,0,1,18,1
2023-01-16-08,/home/ubuntu/klb/nuclr/nuclr/Data/Atanas_SF_unified_000776/cv5_grouped_v1/fold_4/test/train__2023-01-16-08__efcc90b0.npz,59,I1R,1,64,I1R,1,1,1,1.0,0.9363386034965515,0,1,64,1
2023-01-16-08,/home/ubuntu/klb/nuclr/nuclr/Data/Atanas_SF_unified_000776/cv5_grouped_v1/fold_4/test/train__2023-01-16-08__efcc90b0.npz,61,CEPDL,1,57,CEPDL,1,1,1,1.0,0.9557250142097473,0,1,57,1
2023-01-16-08,/home/ubuntu/klb/nuclr/nuclr/Data/Atanas_SF_unified_000776/cv5_grouped_v1/fold_4/test/train__2023-01-16-08__efcc90b0.npz,64,RMDL,1,118,RMDL,1,1,1,1.0,0.6842561364173889,0,1,118,1
2023-01-16-08,/home/ubuntu/klb/nuclr/nuclr/Data/Atanas_SF_unified_000776/cv5_grouped_v1/fold_4/test/train__2023-01-16-08__efcc90b0.npz,65,URBL,1,147,URBL,1,1,1,1.0,0.6065429449081421,0,1,147,1
2023-01-16-08,/home/ubuntu/klb/nuclr/nuclr/Data/Atanas_SF_unified_000776/cv5_grouped_v1/fold_4/test/train__2023-01-16-08__efcc90b0.npz,67,AUAL,1,32,AUAL,1,1,1,1.0,0.9544084668159485,0,1,32,1
2023-01-16-08,/home/ubuntu/klb/nuclr/nuclr/Data/Atanas_SF_unified_000776/cv5_grouped_v1/fold_4/test/train__2023-01-16-08__efcc90b0.npz,68,AVAL,1,34,AVAL,1,1,1,1.0,0.9585816860198975,0,1,34,1
2023-01-16-08,/home/ubuntu/klb/nuclr/nuclr/Data/Atanas_SF_unified_000776/cv5_grouped_v1/fold_4/test/train__2023-01-16-08__efcc90b0.npz,70,OLQVL,1,98,OLQVL,1,1,1,1.0,0.6439972519874573,0,1,98,1
2023-01-16-08,/home/ubuntu/klb/nuclr/nuclr/Data/Atanas_SF_unified_000776/cv5_grouped_v1/fold_4/test/train__2023-01-16-08__efcc90b0.npz,71,IL2DR,1,78,IL2DR,1,1,1,1.0,0.9567869901657104,0,1,78,1
2023-01-16-08,/home/ubuntu/klb/nuclr/nuclr/Data/Atanas_SF_unified_000776/cv5_grouped_v1/fold_4/test/train__2023-01-16-08__efcc90b0.npz,72,M1,1,83,M1,1,1,1,1.0,0.9282452464103699,0,1,83,1
2023-01-16-08,/home/ubuntu/klb/nuclr/nuclr/Data/Atanas_SF_unified_000776/cv5_grouped_v1/fold_4/test/train__2023-01-16-08__efcc90b0.npz,74,AVDL,1,38,AVDL,1,1,1,1.0,0.919738233089447,0,1,38,1
2023-01-16-08,/home/ubuntu/klb/nuclr/nuclr/Data/Atanas_SF_unified_000776/cv5_grouped_v1/fold_4/test/train__2023-01-16-08__efcc90b0.npz,75,OLQDR,1,97,OLQDR,1,1,1,1.0,0.9508172273635864,0,1,97,1
2023-01-16-08,/home/ubuntu/klb/nuclr/nuclr/Data/Atanas_SF_unified_000776/cv5_grouped_v1/fold_4/test/train__2023-01-16-08__efcc90b0.npz,76,FLPL,1,61,FLPL,1,1,1,1.0,0.5807414054870605,0,1,61,1
2023-01-16-08,/home/ubuntu/klb/nuclr/nuclr/Data/Atanas_SF_unified_000776/cv5_grouped_v1/fold_4/test/train__2023-01-16-08__efcc90b0.npz,80,AVER,1,41,AVER,1,1,1,1.0,0.9572232365608215,0,1,41,1
2023-01-16-08,/home/ubuntu/klb/nuclr/nuclr/Data/Atanas_SF_unified_000776/cv5_grouped_v1/fold_4/test/train__2023-01-16-08__efcc90b0.npz,81,ADEL,1,2,ADEL,1,1,1,1.0,0.9578716158866882,0,1,2,1
2023-01-16-08,/home/ubuntu/klb/nuclr/nuclr/Data/Atanas_SF_unified_000776/cv5_grouped_v1/fold_4/test/train__2023-01-16-08__efcc90b0.npz,83,I5,1,16,AIYR,60,0,0,0.016666666666666666,2.5164256789445005e-10,1,0,103,0
2023-01-16-08,/home/ubuntu/klb/nuclr/nuclr/Data/Atanas_SF_unified_000776/cv5_grouped_v1/fold_4/test/train__2023-01-16-08__efcc90b0.npz,84,RMDR,1,121,RMDVR,2,0,1,0.5,0.013353656977415085,1,0,121,0
2023-01-16-08,/home/ubuntu/klb/nuclr/nuclr/Data/Atanas_SF_unified_000776/cv5_grouped_v1/fold_4/test/train__2023-01-16-08__efcc90b0.npz,88,IL2DL,1,77,IL2DL,1,1,1,1.0,0.9035743474960327,0,1,77,1
2023-01-16-08,/home/ubuntu/klb/nuclr/nuclr/Data/Atanas_SF_unified_000776/cv5_grouped_v1/fold_4/test/train__2023-01-16-08__efcc90b0.npz,90,I4,1,68,I4,1,1,1,1.0,0.7463349103927612,0,1,68,1
2023-01-16-08,/home/ubuntu/klb/nuclr/nuclr/Data/Atanas_SF_unified_000776/cv5_grouped_v1/fold_4/test/train__2023-01-16-08__efcc90b0.npz,92,RID,1,106,RID,1,1,1,1.0,0.9579127430915833,0,1,106,1
2023-01-16-08,/home/ubuntu/klb/nuclr/nuclr/Data/Atanas_SF_unified_000776/cv5_grouped_v1/fold_4/test/train__2023-01-16-08__efcc90b0.npz,94,AIBR,1,10,AIBR,1,1,1,1.0,0.9578858017921448,0,1,10,1
2023-01-16-08,/home/ubuntu/klb/nuclr/nuclr/Data/Atanas_SF_unified_000776/cv5_grouped_v1/fold_4/test/train__2023-01-16-08__efcc90b0.npz,96,AINL,1,13,AINL,1,1,1,1.0,0.7806863784790039,0,1,13,1
2023-01-16-08,/home/ubuntu/klb/nuclr/nuclr/Data/Atanas_SF_unified_000776/cv5_grouped_v1/fold_4/test/train__2023-01-16-08__efcc90b0.npz,99,M3L,1,85,M3L,1,1,1,1.0,0.6879698038101196,0,1,85,1
2023-01-16-08,/home/ubuntu/klb/nuclr/nuclr/Data/Atanas_SF_unified_000776/cv5_grouped_v1/fold_4/test/train__2023-01-16-08__efcc90b0.npz,100,CEPVR,1,82,IL2VR,2,0,1,0.5,0.14801040291786194,0,0,82,0
2023-01-16-08,/home/ubuntu/klb/nuclr/nuclr/Data/Atanas_SF_unified_000776/cv5_grouped_v1/fold_4/test/train__2023-01-16-08__efcc90b0.npz,101,VB02,1,155,VB02,1,1,1,1.0,0.9381410479545593,0,1,155,1
2023-01-16-08,/home/ubuntu/klb/nuclr/nuclr/Data/Atanas_SF_unified_000776/cv5_grouped_v1/fold_4/test/train__2023-01-16-08__efcc90b0.npz,102,IL1L,1,73,IL1L,1,1,1,1.0,0.9263337254524231,0,1,73,1
2023-01-16-08,/home/ubuntu/klb/nuclr/nuclr/Data/Atanas_SF_unified_000776/cv5_grouped_v1/fold_4/test/train__2023-01-16-08__efcc90b0.npz,103,RIVR,1,115,RIVR,1,1,1,1.0,0.9530614018440247,0,1,115,1
2023-01-16-08,/home/ubuntu/klb/nuclr/nuclr/Data/Atanas_SF_unified_000776/cv5_grouped_v1/fold_4/test/train__2023-01-16-08__efcc90b0.npz,104,AIZL,1,17,AIZL,1,1,1,1.0,0.9062678217887878,0,1,17,1
2023-01-16-08,/home/ubuntu/klb/nuclr/nuclr/Data/Atanas_SF_unified_000776/cv5_grouped_v1/fold_4/test/train__2023-01-16-08__efcc90b0.npz,106,URXL,1,149,URXL,1,1,1,1.0,0.9473171830177307,0,1,149,1
2023-01-16-08,/home/ubuntu/klb/nuclr/nuclr/Data/Atanas_SF_unified_000776/cv5_grouped_v1/fold_4/test/train__2023-01-16-08__efcc90b0.npz,108,IL2L,1,79,IL2L,1,1,1,1.0,0.8653562068939209,0,1,79,1
2023-01-16-08,/home/ubuntu/klb/nuclr/nuclr/Data/Atanas_SF_unified_000776/cv5_grouped_v1/fold_4/test/train__2023-01-16-08__efcc90b0.npz,109,IL1DL,1,71,IL1DL,1,1,1,1.0,0.6119583249092102,0,1,71,1
2023-01-16-08,/home/ubuntu/klb/nuclr/nuclr/Data/Atanas_SF_unified_000776/cv5_grouped_v1/fold_4/test/train__2023-01-16-08__efcc90b0.npz,111,RMDDR,1,117,RMDDR,1,1,1,1.0,0.9347831010818481,0,1,117,1
2023-01-16-08,/home/ubuntu/klb/nuclr/nuclr/Data/Atanas_SF_unified_000776/cv5_grouped_v1/fold_4/test/train__2023-01-16-08__efcc90b0.npz,112,AWBR,1,101,RIAR,17,0,0,0.058823529411764705,1.6223476961840788e-07,0,0,50,0
2023-01-16-08,/home/ubuntu/klb/nuclr/nuclr/Data/Atanas_SF_unified_000776/cv5_grouped_v1/fold_4/test/train__2023-01-16-08__efcc90b0.npz,113,IL1DR,1,72,IL1DR,1,1,1,1.0,0.794079601764679,0,1,72,1
2023-01-16-08,/home/ubuntu/klb/nuclr/nuclr/Data/Atanas_SF_unified_000776/cv5_grouped_v1/fold_4/test/train__2023-01-16-08__efcc90b0.npz,114,RIVL,1,114,RIVL,1,1,1,1.0,0.7636141180992126,0,1,114,1
2023-01-16-08,/home/ubuntu/klb/nuclr/nuclr/Data/Atanas_SF_unified_000776/cv5_grouped_v1/fold_4/test/train__2023-01-16-08__efcc90b0.npz,115,URYDR,1,152,URYDR,1,1,1,1.0,0.8574003577232361,0,1,152,1
2023-01-16-08,/home/ubuntu/klb/nuclr/nuclr/Data/Atanas_SF_unified_000776/cv5_grouped_v1/fold_4/test/train__2023-01-16-08__efcc90b0.npz,116,AVJL,1,44,AVJL,1,1,1,1.0,0.905404806137085,0,1,44,1
2023-01-16-08,/home/ubuntu/klb/nuclr/nuclr/Data/Atanas_SF_unified_000776/cv5_grouped_v1/fold_4/test/train__2023-01-16-08__efcc90b0.npz,118,OLQDL,1,96,OLQDL,1,1,1,1.0,0.956333577632904,0,1,96,1
2023-01-16-08,/home/ubuntu/klb/nuclr/nuclr/Data/Atanas_SF_unified_000776/cv5_grouped_v1/fold_4/test/train__2023-01-16-08__efcc90b0.npz,121,AVBL,1,27,ASIL,11,0,0,0.09090909090909091,0.0013435801956802607,0,0,27,0
2023-01-16-08,/home/ubuntu/klb/nuclr/nuclr/Data/Atanas_SF_unified_000776/cv5_grouped_v1/fold_4/test/train__2023-01-16-08__efcc90b0.npz,122,AWAR,1,52,AWBR,17,0,0,0.058823529411764705,1.5871414689172525e-06,0,0,52,0
2023-01-16-08,/home/ubuntu/klb/nuclr/nuclr/Data/Atanas_SF_unified_000776/cv5_grouped_v1/fold_4/test/train__2023-01-16-08__efcc90b0.npz,126,MCR,1,90,MCR,1,1,1,1.0,0.8992456197738647,0,1,90,1
2023-01-16-08,/home/ubuntu/klb/nuclr/nuclr/Data/Atanas_SF_unified_000776/cv5_grouped_v1/fold_4/test/train__2023-01-16-08__efcc90b0.npz,127,NSML,1,92,NSML,1,1,1,1.0,0.9561767578125,0,1,92,1
2023-01-16-08,/home/ubuntu/klb/nuclr/nuclr/Data/Atanas_SF_unified_000776/cv5_grouped_v1/fold_4/test/train__2023-01-16-08__efcc90b0.npz,128,SMDVL,1,141,SMDVL,1,1,1,1.0,0.9577957987785339,0,1,141,1
2023-01-16-08,/home/ubuntu/klb/nuclr/nuclr/Data/Atanas_SF_unified_000776/cv5_grouped_v1/fold_4/test/train__2023-01-16-08__efcc90b0.npz,131,ADAL,1,0,ADAL,1,1,1,1.0,0.9459233283996582,0,1,0,1
2023-01-16-08,/home/ubuntu/klb/nuclr/nuclr/Data/Atanas_SF_unified_000776/cv5_grouped_v1/fold_4/test/train__2023-01-16-08__efcc90b0.npz,133,AVAR,1,35,AVAR,1,1,1,1.0,0.9583591222763062,0,1,35,1
2023-01-16-08,/home/ubuntu/klb/nuclr/nuclr/Data/Atanas_SF_unified_000776/cv5_grouped_v1/fold_4/test/train__2023-01-16-08__efcc90b0.npz,134,RMDDL,1,116,RMDDL,1,1,1,1.0,0.5889654755592346,0,1,116,1
2023-01-16-08,/home/ubuntu/klb/nuclr/nuclr/Data/Atanas_SF_unified_000776/cv5_grouped_v1/fold_4/test/train__2023-01-16-08__efcc90b0.npz,135,RIBL,1,102,RIBL,1,1,1,1.0,0.9385191202163696,0,1,102,1
2022-06-28-01,/home/ubuntu/klb/nuclr/nuclr/Data/Atanas_SF_unified_000776/cv5_grouped_v1/fold_4/test/val__2022-06-28-01__a91d8128.npz,0,I1L,1,63,I1L,1,1,1,1.0,0.9482760429382324,0,1,63,1
2022-06-28-01,/home/ubuntu/klb/nuclr/nuclr/Data/Atanas_SF_unified_000776/cv5_grouped_v1/fold_4/test/val__2022-06-28-01__a91d8128.npz,1,RMDVL,1,120,RMDVL,1,1,1,1.0,0.9463363289833069,0,1,120,1
2022-06-28-01,/home/ubuntu/klb/nuclr/nuclr/Data/Atanas_SF_unified_000776/cv5_grouped_v1/fold_4/test/val__2022-06-28-01__a91d8128.npz,3,M4,1,87,M4,1,1,1,1.0,0.9228272438049316,0,1,87,1
2022-06-28-01,/home/ubuntu/klb/nuclr/nuclr/Data/Atanas_SF_unified_000776/cv5_grouped_v1/fold_4/test/val__2022-06-28-01__a91d8128.npz,6,CEPDR,1,58,CEPDR,1,1,1,1.0,0.7339381575584412,0,1,58,1
2022-06-28-01,/home/ubuntu/klb/nuclr/nuclr/Data/Atanas_SF_unified_000776/cv5_grouped_v1/fold_4/test/val__2022-06-28-01__a91d8128.npz,7,AVJL,1,51,AWBL,7,0,0,0.14285714285714285,0.003146047005429864,0,0,4,0
2022-06-28-01,/home/ubuntu/klb/nuclr/nuclr/Data/Atanas_SF_unified_000776/cv5_grouped_v1/fold_4/test/val__2022-06-28-01__a91d8128.npz,8,MI,1,91,MI,1,1,1,1.0,0.7806434035301208,0,1,91,1
2022-06-28-01,/home/ubuntu/klb/nuclr/nuclr/Data/Atanas_SF_unified_000776/cv5_grouped_v1/fold_4/test/val__2022-06-28-01__a91d8128.npz,9,OLQDR,1,97,OLQDR,1,1,1,1.0,0.6868849396705627,0,1,97,1
2022-06-28-01,/home/ubuntu/klb/nuclr/nuclr/Data/Atanas_SF_unified_000776/cv5_grouped_v1/fold_4/test/val__2022-06-28-01__a91d8128.npz,10,IL2VR,1,82,IL2VR,1,1,1,1.0,0.9168446063995361,0,1,82,1
2022-06-28-01,/home/ubuntu/klb/nuclr/nuclr/Data/Atanas_SF_unified_000776/cv5_grouped_v1/fold_4/test/val__2022-06-28-01__a91d8128.npz,14,ADEL,1,61,FLPL,17,0,0,0.058823529411764705,5.006082938052714e-05,0,0,61,0
2022-06-28-01,/home/ubuntu/klb/nuclr/nuclr/Data/Atanas_SF_unified_000776/cv5_grouped_v1/fold_4/test/val__2022-06-28-01__a91d8128.npz,17,CEPVL,1,59,CEPVL,1,1,1,1.0,0.877750813961029,0,1,59,1
2022-06-28-01,/home/ubuntu/klb/nuclr/nuclr/Data/Atanas_SF_unified_000776/cv5_grouped_v1/fold_4/test/val__2022-06-28-01__a91d8128.npz,22,IL2VL,1,81,IL2VL,1,1,1,1.0,0.9312868118286133,0,1,81,1
2022-06-28-01,/home/ubuntu/klb/nuclr/nuclr/Data/Atanas_SF_unified_000776/cv5_grouped_v1/fold_4/test/val__2022-06-28-01__a91d8128.npz,23,AWAR,1,155,VB02,122,0,0,0.00819672131147541,3.393714999657993e-19,0,0,155,0
2022-06-28-01,/home/ubuntu/klb/nuclr/nuclr/Data/Atanas_SF_unified_000776/cv5_grouped_v1/fold_4/test/val__2022-06-28-01__a91d8128.npz,24,AIML,1,11,AIML,1,1,1,1.0,0.7095012068748474,0,1,11,1
2022-06-28-01,/home/ubuntu/klb/nuclr/nuclr/Data/Atanas_SF_unified_000776/cv5_grouped_v1/fold_4/test/val__2022-06-28-01__a91d8128.npz,25,OLQVL,1,98,OLQVL,1,1,1,1.0,0.8965878486633301,0,1,98,1
2022-06-28-01,/home/ubuntu/klb/nuclr/nuclr/Data/Atanas_SF_unified_000776/cv5_grouped_v1/fold_4/test/val__2022-06-28-01__a91d8128.npz,27,AWCL,1,53,AWCL,1,1,1,1.0,0.42196714878082275,1,0,53,1
2022-06-28-01,/home/ubuntu/klb/nuclr/nuclr/Data/Atanas_SF_unified_000776/cv5_grouped_v1/fold_4/test/val__2022-06-28-01__a91d8128.npz,30,ASEL,1,51,AWBL,3,0,1,0.3333333333333333,0.02382715418934822,0,0,51,0
2022-06-28-01,/home/ubuntu/klb/nuclr/nuclr/Data/Atanas_SF_unified_000776/cv5_grouped_v1/fold_4/test/val__2022-06-28-01__a91d8128.npz,32,ASGL,1,23,ASGL,1,1,1,1.0,0.914527416229248,0,1,23,1
2022-06-28-01,/home/ubuntu/klb/nuclr/nuclr/Data/Atanas_SF_unified_000776/cv5_grouped_v1/fold_4/test/val__2022-06-28-01__a91d8128.npz,34,URBL,1,73,IL1L,2,0,1,0.5,0.46237877011299133,0,0,73,0
2022-06-28-01,/home/ubuntu/klb/nuclr/nuclr/Data/Atanas_SF_unified_000776/cv5_grouped_v1/fold_4/test/val__2022-06-28-01__a91d8128.npz,35,BAGL,1,55,BAGL,1,1,1,1.0,0.9471064805984497,0,1,55,1
2022-06-28-01,/home/ubuntu/klb/nuclr/nuclr/Data/Atanas_SF_unified_000776/cv5_grouped_v1/fold_4/test/val__2022-06-28-01__a91d8128.npz,36,AINL,1,13,AINL,1,1,1,1.0,0.729841411113739,0,1,13,1
2022-06-28-01,/home/ubuntu/klb/nuclr/nuclr/Data/Atanas_SF_unified_000776/cv5_grouped_v1/fold_4/test/val__2022-06-28-01__a91d8128.npz,37,RMDDR,1,117,RMDDR,1,1,1,1.0,0.744857907295227,0,1,117,1
2022-06-28-01,/home/ubuntu/klb/nuclr/nuclr/Data/Atanas_SF_unified_000776/cv5_grouped_v1/fold_4/test/val__2022-06-28-01__a91d8128.npz,39,IL1VL,1,75,IL1VL,1,1,1,1.0,0.8960908055305481,0,1,75,1
2022-06-28-01,/home/ubuntu/klb/nuclr/nuclr/Data/Atanas_SF_unified_000776/cv5_grouped_v1/fold_4/test/val__2022-06-28-01__a91d8128.npz,41,RIH,1,109,RIH,1,1,1,1.0,0.48897185921669006,0,1,109,1
2022-06-28-01,/home/ubuntu/klb/nuclr/nuclr/Data/Atanas_SF_unified_000776/cv5_grouped_v1/fold_4/test/val__2022-06-28-01__a91d8128.npz,42,AVL,1,113,RIS,8,0,0,0.125,0.0008592057274654508,0,0,113,0
2022-06-28-01,/home/ubuntu/klb/nuclr/nuclr/Data/Atanas_SF_unified_000776/cv5_grouped_v1/fold_4/test/val__2022-06-28-01__a91d8128.npz,43,OLLL,1,94,OLLL,1,1,1,1.0,0.7892516851425171,0,1,94,1
2022-06-28-01,/home/ubuntu/klb/nuclr/nuclr/Data/Atanas_SF_unified_000776/cv5_grouped_v1/fold_4/test/val__2022-06-28-01__a91d8128.npz,44,NSMR,1,93,NSMR,1,1,1,1.0,0.892658531665802,0,1,93,1
2022-06-28-01,/home/ubuntu/klb/nuclr/nuclr/Data/Atanas_SF_unified_000776/cv5_grouped_v1/fold_4/test/val__2022-06-28-01__a91d8128.npz,45,IL1VR,1,76,IL1VR,1,1,1,1.0,0.9305228590965271,0,1,76,1
2022-06-28-01,/home/ubuntu/klb/nuclr/nuclr/Data/Atanas_SF_unified_000776/cv5_grouped_v1/fold_4/test/val__2022-06-28-01__a91d8128.npz,46,IL2L,1,79,IL2L,1,1,1,1.0,0.9150905013084412,0,1,79,1
2022-06-28-01,/home/ubuntu/klb/nuclr/nuclr/Data/Atanas_SF_unified_000776/cv5_grouped_v1/fold_4/test/val__2022-06-28-01__a91d8128.npz,47,AVJR,1,52,AWBR,2,0,1,0.5,0.010958447121083736,0,0,52,0
2022-06-28-01,/home/ubuntu/klb/nuclr/nuclr/Data/Atanas_SF_unified_000776/cv5_grouped_v1/fold_4/test/val__2022-06-28-01__a91d8128.npz,48,M3R,1,86,M3R,1,1,1,1.0,0.9485536813735962,0,1,86,1
2022-06-28-01,/home/ubuntu/klb/nuclr/nuclr/Data/Atanas_SF_unified_000776/cv5_grouped_v1/fold_4/test/val__2022-06-28-01__a91d8128.npz,49,AIBR,1,10,AIBR,1,1,1,1.0,0.9066864252090454,0,1,10,1
2022-06-28-01,/home/ubuntu/klb/nuclr/nuclr/Data/Atanas_SF_unified_000776/cv5_grouped_v1/fold_4/test/val__2022-06-28-01__a91d8128.npz,51,AVDR,1,39,AVDR,1,1,1,1.0,0.9431514143943787,0,1,39,1
2022-06-28-01,/home/ubuntu/klb/nuclr/nuclr/Data/Atanas_SF_unified_000776/cv5_grouped_v1/fold_4/test/val__2022-06-28-01__a91d8128.npz,52,RMDDL,1,116,RMDDL,1,1,1,1.0,0.8551948070526123,0,1,116,1
2022-06-28-01,/home/ubuntu/klb/nuclr/nuclr/Data/Atanas_SF_unified_000776/cv5_grouped_v1/fold_4/test/val__2022-06-28-01__a91d8128.npz,53,SMDVL,1,141,SMDVL,1,1,1,1.0,0.4026162326335907,1,0,141,1
2022-06-28-01,/home/ubuntu/klb/nuclr/nuclr/Data/Atanas_SF_unified_000776/cv5_grouped_v1/fold_4/test/val__2022-06-28-01__a91d8128.npz,55,AVER,1,41,AVER,1,1,1,1.0,0.8318406343460083,0,1,41,1
2022-06-28-01,/home/ubuntu/klb/nuclr/nuclr/Data/Atanas_SF_unified_000776/cv5_grouped_v1/fold_4/test/val__2022-06-28-01__a91d8128.npz,56,RIML,1,110,RIML,1,1,1,1.0,0.8614798188209534,0,1,110,1
2022-06-28-01,/home/ubuntu/klb/nuclr/nuclr/Data/Atanas_SF_unified_000776/cv5_grouped_v1/fold_4/test/val__2022-06-28-01__a91d8128.npz,57,AUAL,1,32,AUAL,1,1,1,1.0,0.7719825506210327,0,1,32,1
2022-06-28-01,/home/ubuntu/klb/nuclr/nuclr/Data/Atanas_SF_unified_000776/cv5_grouped_v1/fold_4/test/val__2022-06-28-01__a91d8128.npz,61,IL2DL,1,77,IL2DL,1,1,1,1.0,0.9327493906021118,0,1,77,1
2022-06-28-01,/home/ubuntu/klb/nuclr/nuclr/Data/Atanas_SF_unified_000776/cv5_grouped_v1/fold_4/test/val__2022-06-28-01__a91d8128.npz,62,AVDL,1,44,AVJL,2,0,1,0.5,0.22461827099323273,0,0,44,0
2022-06-28-01,/home/ubuntu/klb/nuclr/nuclr/Data/Atanas_SF_unified_000776/cv5_grouped_v1/fold_4/test/val__2022-06-28-01__a91d8128.npz,64,RMER,1,124,RMER,1,1,1,1.0,0.9295640587806702,0,1,124,1
2022-06-28-01,/home/ubuntu/klb/nuclr/nuclr/Data/Atanas_SF_unified_000776/cv5_grouped_v1/fold_4/test/val__2022-06-28-01__a91d8128.npz,72,URYDL,1,151,URYDL,1,1,1,1.0,0.9319313764572144,0,1,151,1
2022-06-28-01,/home/ubuntu/klb/nuclr/nuclr/Data/Atanas_SF_unified_000776/cv5_grouped_v1/fold_4/test/val__2022-06-28-01__a91d8128.npz,75,URBR,1,148,URBR,1,1,1,1.0,0.39652302861213684,0,1,148,1
2022-06-28-01,/home/ubuntu/klb/nuclr/nuclr/Data/Atanas_SF_unified_000776/cv5_grouped_v1/fold_4/test/val__2022-06-28-01__a91d8128.npz,76,AWBL,1,141,SMDVL,2,0,1,0.5,0.09977908432483673,1,0,130,0
2022-06-28-01,/home/ubuntu/klb/nuclr/nuclr/Data/Atanas_SF_unified_000776/cv5_grouped_v1/fold_4/test/val__2022-06-28-01__a91d8128.npz,77,URYVR,1,154,URYVR,1,1,1,1.0,0.904609739780426,0,1,154,1
2022-06-28-01,/home/ubuntu/klb/nuclr/nuclr/Data/Atanas_SF_unified_000776/cv5_grouped_v1/fold_4/test/val__2022-06-28-01__a91d8128.npz,78,AVEL,1,40,AVEL,1,1,1,1.0,0.9401071667671204,0,1,40,1
2022-06-28-01,/home/ubuntu/klb/nuclr/nuclr/Data/Atanas_SF_unified_000776/cv5_grouped_v1/fold_4/test/val__2022-06-28-01__a91d8128.npz,79,AVAR,1,35,AVAR,1,1,1,1.0,0.945178747177124,0,1,35,1
2022-06-28-01,/home/ubuntu/klb/nuclr/nuclr/Data/Atanas_SF_unified_000776/cv5_grouped_v1/fold_4/test/val__2022-06-28-01__a91d8128.npz,82,CEPDL,1,57,CEPDL,1,1,1,1.0,0.9321944713592529,0,1,57,1
2022-06-28-01,/home/ubuntu/klb/nuclr/nuclr/Data/Atanas_SF_unified_000776/cv5_grouped_v1/fold_4/test/val__2022-06-28-01__a91d8128.npz,83,NSML,1,92,NSML,1,1,1,1.0,0.9388913512229919,0,1,92,1
2022-06-28-01,/home/ubuntu/klb/nuclr/nuclr/Data/Atanas_SF_unified_000776/cv5_grouped_v1/fold_4/test/val__2022-06-28-01__a91d8128.npz,84,IL1DL,1,72,IL1DR,4,0,1,0.25,0.0018764131236821413,0,0,72,0
2022-06-28-01,/home/ubuntu/klb/nuclr/nuclr/Data/Atanas_SF_unified_000776/cv5_grouped_v1/fold_4/test/val__2022-06-28-01__a91d8128.npz,86,SMDDR,1,125,RMEV,20,0,0,0.05,1.9399510620132787e-06,0,0,125,0
2022-06-28-01,/home/ubuntu/klb/nuclr/nuclr/Data/Atanas_SF_unified_000776/cv5_grouped_v1/fold_4/test/val__2022-06-28-01__a91d8128.npz,87,URXL,1,149,URXL,1,1,1,1.0,0.9505378007888794,0,1,149,1
2022-06-28-01,/home/ubuntu/klb/nuclr/nuclr/Data/Atanas_SF_unified_000776/cv5_grouped_v1/fold_4/test/val__2022-06-28-01__a91d8128.npz,88,RMEL,1,123,RMEL,1,1,1,1.0,0.9493387937545776,0,1,123,1
2022-06-28-01,/home/ubuntu/klb/nuclr/nuclr/Data/Atanas_SF_unified_000776/cv5_grouped_v1/fold_4/test/val__2022-06-28-01__a91d8128.npz,91,RIVL,1,114,RIVL,1,1,1,1.0,0.52122962474823,0,1,114,1
2022-06-28-01,/home/ubuntu/klb/nuclr/nuclr/Data/Atanas_SF_unified_000776/cv5_grouped_v1/fold_4/test/val__2022-06-28-01__a91d8128.npz,101,MCR,1,90,MCR,1,1,1,1.0,0.8887553811073303,0,1,90,1
2022-06-28-01,/home/ubuntu/klb/nuclr/nuclr/Data/Atanas_SF_unified_000776/cv5_grouped_v1/fold_4/test/val__2022-06-28-01__a91d8128.npz,105,RMDL,1,118,RMDL,1,1,1,1.0,0.8899253606796265,0,1,118,1
2022-06-28-01,/home/ubuntu/klb/nuclr/nuclr/Data/Atanas_SF_unified_000776/cv5_grouped_v1/fold_4/test/val__2022-06-28-01__a91d8128.npz,108,RID,1,106,RID,1,1,1,1.0,0.9442124962806702,0,1,106,1
2022-06-28-01,/home/ubuntu/klb/nuclr/nuclr/Data/Atanas_SF_unified_000776/cv5_grouped_v1/fold_4/test/val__2022-06-28-01__a91d8128.npz,110,OLQVR,1,74,IL1R,2,0,1,0.5,0.4169522821903229,0,0,74,0
2022-06-28-01,/home/ubuntu/klb/nuclr/nuclr/Data/Atanas_SF_unified_000776/cv5_grouped_v1/fold_4/test/val__2022-06-28-01__a91d8128.npz,113,OLQDL,1,96,OLQDL,1,1,1,1.0,0.6304951310157776,0,1,96,1
2022-06-28-01,/home/ubuntu/klb/nuclr/nuclr/Data/Atanas_SF_unified_000776/cv5_grouped_v1/fold_4/test/val__2022-06-28-01__a91d8128.npz,115,RICL,1,21,ASEL,5,0,1,0.2,0.0025505225639790297,1,0,21,0
2022-06-28-01,/home/ubuntu/klb/nuclr/nuclr/Data/Atanas_SF_unified_000776/cv5_grouped_v1/fold_4/test/val__2022-06-28-01__a91d8128.npz,116,I3,1,67,I3,1,1,1,1.0,0.9497711658477783,0,1,67,1
2022-06-28-01,/home/ubuntu/klb/nuclr/nuclr/Data/Atanas_SF_unified_000776/cv5_grouped_v1/fold_4/test/val__2022-06-28-01__a91d8128.npz,117,RMDVR,1,121,RMDVR,1,1,1,1.0,0.9468076229095459,0,1,121,1
2022-06-28-01,/home/ubuntu/klb/nuclr/nuclr/Data/Atanas_SF_unified_000776/cv5_grouped_v1/fold_4/test/val__2022-06-28-01__a91d8128.npz,118,SMDVR,1,142,SMDVR,1,1,1,1.0,0.7979369759559631,0,1,142,1
2022-06-28-01,/home/ubuntu/klb/nuclr/nuclr/Data/Atanas_SF_unified_000776/cv5_grouped_v1/fold_4/test/val__2022-06-28-01__a91d8128.npz,119,RMDR,1,119,RMDR,1,1,1,1.0,0.8872593641281128,0,1,119,1
2022-06-28-01,/home/ubuntu/klb/nuclr/nuclr/Data/Atanas_SF_unified_000776/cv5_grouped_v1/fold_4/test/val__2022-06-28-01__a91d8128.npz,122,IL2DR,1,78,IL2DR,1,1,1,1.0,0.9457336664199829,0,1,78,1
2022-06-28-01,/home/ubuntu/klb/nuclr/nuclr/Data/Atanas_SF_unified_000776/cv5_grouped_v1/fold_4/test/val__2022-06-28-01__a91d8128.npz,124,IL1DR,1,72,IL1DR,1,1,1,1.0,0.3492310643196106,1,0,80,0
2022-06-28-01,/home/ubuntu/klb/nuclr/nuclr/Data/Atanas_SF_unified_000776/cv5_grouped_v1/fold_4/test/val__2022-06-28-01__a91d8128.npz,125,URXR,1,150,URXR,1,1,1,1.0,0.9503247737884521,0,1,150,1
2022-06-28-01,/home/ubuntu/klb/nuclr/nuclr/Data/Atanas_SF_unified_000776/cv5_grouped_v1/fold_4/test/val__2022-06-28-01__a91d8128.npz,126,CEPVR,1,60,CEPVR,1,1,1,1.0,0.8732667565345764,0,1,60,1
2022-06-28-01,/home/ubuntu/klb/nuclr/nuclr/Data/Atanas_SF_unified_000776/cv5_grouped_v1/fold_4/test/val__2022-06-28-01__a91d8128.npz,127,M3L,1,85,M3L,1,1,1,1.0,0.9419878125190735,0,1,85,1
2022-06-28-01,/home/ubuntu/klb/nuclr/nuclr/Data/Atanas_SF_unified_000776/cv5_grouped_v1/fold_4/test/val__2022-06-28-01__a91d8128.npz,129,RMGL,1,127,RMGL,1,1,1,1.0,0.6579359173774719,0,1,127,1
2022-06-28-01,/home/ubuntu/klb/nuclr/nuclr/Data/Atanas_SF_unified_000776/cv5_grouped_v1/fold_4/test/val__2022-06-28-01__a91d8128.npz,130,AIZL,1,17,AIZL,1,1,1,1.0,0.4196139872074127,0,1,17,1
2022-06-28-01,/home/ubuntu/klb/nuclr/nuclr/Data/Atanas_SF_unified_000776/cv5_grouped_v1/fold_4/test/val__2022-06-28-01__a91d8128.npz,131,ADAL,1,3,ADER,33,0,0,0.030303030303030304,1.1388814868951158e-07,0,0,3,0
2022-06-28-01,/home/ubuntu/klb/nuclr/nuclr/Data/Atanas_SF_unified_000776/cv5_grouped_v1/fold_4/test/val__2022-06-28-01__a91d8128.npz,134,SMDDL,1,48,AVL,9,0,0,0.1111111111111111,0.0003801925922743976,1,0,48,0
2022-06-28-01,/home/ubuntu/klb/nuclr/nuclr/Data/Atanas_SF_unified_000776/cv5_grouped_v1/fold_4/test/val__2022-06-28-01__a91d8128.npz,137,AVAL,1,34,AVAL,1,1,1,1.0,0.1060078963637352,1,0,34,1
2022-06-28-01,/home/ubuntu/klb/nuclr/nuclr/Data/Atanas_SF_unified_000776/cv5_grouped_v1/fold_4/test/val__2022-06-28-01__a91d8128.npz,141,AIBL,1,9,AIBL,1,1,1,1.0,0.935117244720459,0,1,9,1
