fold,seed,uid,source_path,node_index,identity,medoid_uid,medoid_candidate_present,full_rank,medoid_rank,full_top1,medoid_top1,full_top5,medoid_top5,full_rr,medoid_rr,full_hungarian_correct,medoid_hungarian_correct
2,42,2022-07-15-12,/home/ubuntu/klb/nuclr/nuclr/Data/Atanas_SF_unified_000776/cv5_grouped_v1/fold_2/test/train__2022-07-15-12__9b6ec5ed.npz,1,M3L,2023-01-05-18,1,1,1,1,1,1,1,1.0,1.0,1,1
2,42,2022-07-15-12,/home/ubuntu/klb/nuclr/nuclr/Data/Atanas_SF_unified_000776/cv5_grouped_v1/fold_2/test/train__2022-07-15-12__9b6ec5ed.npz,2,OLQDR,2023-01-05-18,1,1,1,1,1,1,1,1.0,1.0,1,1
2,42,2022-07-15-12,/home/ubuntu/klb/nuclr/nuclr/Data/Atanas_SF_unified_000776/cv5_grouped_v1/fold_2/test/train__2022-07-15-12__9b6ec5ed.npz,3,URAVR,2023-01-05-18,0,2,-1,0,0,1,0,0.5,0.0,0,0
2,42,2022-07-15-12,/home/ubuntu/klb/nuclr/nuclr/Data/Atanas_SF_unified_000776/cv5_grouped_v1/fold_2/test/train__2022-07-15-12__9b6ec5ed.npz,4,OLLR,2023-01-05-18,1,1,1,1,1,1,1,1.0,1.0,1,1
2,42,2022-07-15-12,/home/ubuntu/klb/nuclr/nuclr/Data/Atanas_SF_unified_000776/cv5_grouped_v1/fold_2/test/train__2022-07-15-12__9b6ec5ed.npz,5,MCL,2023-01-05-18,1,1,1,1,1,1,1,1.0,1.0,1,1
2,42,2022-07-15-12,/home/ubuntu/klb/nuclr/nuclr/Data/Atanas_SF_unified_000776/cv5_grouped_v1/fold_2/test/train__2022-07-15-12__9b6ec5ed.npz,6,OLQVL,2023-01-05-18,1,1,1,1,1,1,1,1.0,1.0,1,1
2,42,2022-07-15-12,/home/ubuntu/klb/nuclr/nuclr/Data/Atanas_SF_unified_000776/cv5_grouped_v1/fold_2/test/train__2022-07-15-12__9b6ec5ed.npz,7,IL1L,2023-01-05-18,1,1,1,1,1,1,1,1.0,1.0,1,1
2,42,2022-07-15-12,/home/ubuntu/klb/nuclr/nuclr/Data/Atanas_SF_unified_000776/cv5_grouped_v1/fold_2/test/train__2022-07-15-12__9b6ec5ed.npz,8,AVL,2023-01-05-18,1,3,1,0,1,1,1,0.3333333333333333,1.0,0,1
2,42,2022-07-15-12,/home/ubuntu/klb/nuclr/nuclr/Data/Atanas_SF_unified_000776/cv5_grouped_v1/fold_2/test/train__2022-07-15-12__9b6ec5ed.npz,10,BAGL,2023-01-05-18,0,1,-1,1,0,1,0,1.0,0.0,1,0
2,42,2022-07-15-12,/home/ubuntu/klb/nuclr/nuclr/Data/Atanas_SF_unified_000776/cv5_grouped_v1/fold_2/test/train__2022-07-15-12__9b6ec5ed.npz,12,M3R,2023-01-05-18,1,1,1,1,1,1,1,1.0,1.0,1,1
2,42,2022-07-15-12,/home/ubuntu/klb/nuclr/nuclr/Data/Atanas_SF_unified_000776/cv5_grouped_v1/fold_2/test/train__2022-07-15-12__9b6ec5ed.npz,13,RMDDR,2023-01-05-18,0,1,-1,1,0,1,0,1.0,0.0,1,0
2,42,2022-07-15-12,/home/ubuntu/klb/nuclr/nuclr/Data/Atanas_SF_unified_000776/cv5_grouped_v1/fold_2/test/train__2022-07-15-12__9b6ec5ed.npz,14,NSML,2023-01-05-18,1,1,1,1,1,1,1,1.0,1.0,1,1
2,42,2022-07-15-12,/home/ubuntu/klb/nuclr/nuclr/Data/Atanas_SF_unified_000776/cv5_grouped_v1/fold_2/test/train__2022-07-15-12__9b6ec5ed.npz,15,AIBR,2023-01-05-18,1,1,1,1,1,1,1,1.0,1.0,1,1
2,42,2022-07-15-12,/home/ubuntu/klb/nuclr/nuclr/Data/Atanas_SF_unified_000776/cv5_grouped_v1/fold_2/test/train__2022-07-15-12__9b6ec5ed.npz,16,AWCL,2023-01-05-18,1,1,1,1,1,1,1,1.0,1.0,1,1
2,42,2022-07-15-12,/home/ubuntu/klb/nuclr/nuclr/Data/Atanas_SF_unified_000776/cv5_grouped_v1/fold_2/test/train__2022-07-15-12__9b6ec5ed.npz,17,ASGL,2023-01-05-18,1,1,1,1,1,1,1,1.0,1.0,1,1
2,42,2022-07-15-12,/home/ubuntu/klb/nuclr/nuclr/Data/Atanas_SF_unified_000776/cv5_grouped_v1/fold_2/test/train__2022-07-15-12__9b6ec5ed.npz,19,RIS,2023-01-05-18,0,6,-1,0,0,0,0,0.16666666666666666,0.0,0,0
2,42,2022-07-15-12,/home/ubuntu/klb/nuclr/nuclr/Data/Atanas_SF_unified_000776/cv5_grouped_v1/fold_2/test/train__2022-07-15-12__9b6ec5ed.npz,22,ASJL,2023-01-05-18,0,2,-1,0,0,1,0,0.5,0.0,0,0
2,42,2022-07-15-12,/home/ubuntu/klb/nuclr/nuclr/Data/Atanas_SF_unified_000776/cv5_grouped_v1/fold_2/test/train__2022-07-15-12__9b6ec5ed.npz,24,IL2DL,2023-01-05-18,1,1,1,1,1,1,1,1.0,1.0,1,1
2,42,2022-07-15-12,/home/ubuntu/klb/nuclr/nuclr/Data/Atanas_SF_unified_000776/cv5_grouped_v1/fold_2/test/train__2022-07-15-12__9b6ec5ed.npz,25,AVER,2023-01-05-18,1,1,1,1,1,1,1,1.0,1.0,1,1
2,42,2022-07-15-12,/home/ubuntu/klb/nuclr/nuclr/Data/Atanas_SF_unified_000776/cv5_grouped_v1/fold_2/test/train__2022-07-15-12__9b6ec5ed.npz,28,AWBL,2023-01-05-18,1,1,1,1,1,1,1,1.0,1.0,1,1
2,42,2022-07-15-12,/home/ubuntu/klb/nuclr/nuclr/Data/Atanas_SF_unified_000776/cv5_grouped_v1/fold_2/test/train__2022-07-15-12__9b6ec5ed.npz,29,CEPVL,2023-01-05-18,1,2,1,0,1,1,1,0.5,1.0,0,0
2,42,2022-07-15-12,/home/ubuntu/klb/nuclr/nuclr/Data/Atanas_SF_unified_000776/cv5_grouped_v1/fold_2/test/train__2022-07-15-12__9b6ec5ed.npz,30,RMDVL,2023-01-05-18,1,1,1,1,1,1,1,1.0,1.0,1,1
2,42,2022-07-15-12,/home/ubuntu/klb/nuclr/nuclr/Data/Atanas_SF_unified_000776/cv5_grouped_v1/fold_2/test/train__2022-07-15-12__9b6ec5ed.npz,31,I2R,2023-01-05-18,1,1,1,1,1,1,1,1.0,1.0,1,1
2,42,2022-07-15-12,/home/ubuntu/klb/nuclr/nuclr/Data/Atanas_SF_unified_000776/cv5_grouped_v1/fold_2/test/train__2022-07-15-12__9b6ec5ed.npz,32,I1R,2023-01-05-18,1,1,1,1,1,1,1,1.0,1.0,1,1
2,42,2022-07-15-12,/home/ubuntu/klb/nuclr/nuclr/Data/Atanas_SF_unified_000776/cv5_grouped_v1/fold_2/test/train__2022-07-15-12__9b6ec5ed.npz,33,AIML,2023-01-05-18,0,4,-1,0,0,1,0,0.25,0.0,0,0
2,42,2022-07-15-12,/home/ubuntu/klb/nuclr/nuclr/Data/Atanas_SF_unified_000776/cv5_grouped_v1/fold_2/test/train__2022-07-15-12__9b6ec5ed.npz,34,OLQVR,2023-01-05-18,1,1,1,1,1,1,1,1.0,1.0,1,1
2,42,2022-07-15-12,/home/ubuntu/klb/nuclr/nuclr/Data/Atanas_SF_unified_000776/cv5_grouped_v1/fold_2/test/train__2022-07-15-12__9b6ec5ed.npz,35,AIZL,2023-01-05-18,1,1,1,1,1,1,1,1.0,1.0,1,1
2,42,2022-07-15-12,/home/ubuntu/klb/nuclr/nuclr/Data/Atanas_SF_unified_000776/cv5_grouped_v1/fold_2/test/train__2022-07-15-12__9b6ec5ed.npz,37,URYDR,2023-01-05-18,1,26,18,0,0,0,0,0.038461538461538464,0.05555555555555555,0,0
2,42,2022-07-15-12,/home/ubuntu/klb/nuclr/nuclr/Data/Atanas_SF_unified_000776/cv5_grouped_v1/fold_2/test/train__2022-07-15-12__9b6ec5ed.npz,38,AVAR,2023-01-05-18,1,1,1,1,1,1,1,1.0,1.0,1,1
2,42,2022-07-15-12,/home/ubuntu/klb/nuclr/nuclr/Data/Atanas_SF_unified_000776/cv5_grouped_v1/fold_2/test/train__2022-07-15-12__9b6ec5ed.npz,39,SMDVL,2023-01-05-18,1,1,1,1,1,1,1,1.0,1.0,1,1
2,42,2022-07-15-12,/home/ubuntu/klb/nuclr/nuclr/Data/Atanas_SF_unified_000776/cv5_grouped_v1/fold_2/test/train__2022-07-15-12__9b6ec5ed.npz,41,CEPDL,2023-01-05-18,1,1,1,1,1,1,1,1.0,1.0,1,1
2,42,2022-07-15-12,/home/ubuntu/klb/nuclr/nuclr/Data/Atanas_SF_unified_000776/cv5_grouped_v1/fold_2/test/train__2022-07-15-12__9b6ec5ed.npz,43,RMDR,2023-01-05-18,0,1,-1,1,0,1,0,1.0,0.0,1,0
2,42,2022-07-15-12,/home/ubuntu/klb/nuclr/nuclr/Data/Atanas_SF_unified_000776/cv5_grouped_v1/fold_2/test/train__2022-07-15-12__9b6ec5ed.npz,45,AVDL,2023-01-05-18,0,1,-1,1,0,1,0,1.0,0.0,1,0
2,42,2022-07-15-12,/home/ubuntu/klb/nuclr/nuclr/Data/Atanas_SF_unified_000776/cv5_grouped_v1/fold_2/test/train__2022-07-15-12__9b6ec5ed.npz,46,RMDDL,2023-01-05-18,1,1,1,1,1,1,1,1.0,1.0,1,1
2,42,2022-07-15-12,/home/ubuntu/klb/nuclr/nuclr/Data/Atanas_SF_unified_000776/cv5_grouped_v1/fold_2/test/train__2022-07-15-12__9b6ec5ed.npz,48,RMER,2023-01-05-18,1,1,1,1,1,1,1,1.0,1.0,1,1
2,42,2022-07-15-12,/home/ubuntu/klb/nuclr/nuclr/Data/Atanas_SF_unified_000776/cv5_grouped_v1/fold_2/test/train__2022-07-15-12__9b6ec5ed.npz,49,SAAVR,2023-01-05-18,0,3,-1,0,0,1,0,0.3333333333333333,0.0,0,0
2,42,2022-07-15-12,/home/ubuntu/klb/nuclr/nuclr/Data/Atanas_SF_unified_000776/cv5_grouped_v1/fold_2/test/train__2022-07-15-12__9b6ec5ed.npz,50,RIVL,2023-01-05-18,1,1,1,1,1,1,1,1.0,1.0,1,1
2,42,2022-07-15-12,/home/ubuntu/klb/nuclr/nuclr/Data/Atanas_SF_unified_000776/cv5_grouped_v1/fold_2/test/train__2022-07-15-12__9b6ec5ed.npz,51,RMDVR,2023-01-05-18,1,1,1,1,1,1,1,1.0,1.0,1,1
2,42,2022-07-15-12,/home/ubuntu/klb/nuclr/nuclr/Data/Atanas_SF_unified_000776/cv5_grouped_v1/fold_2/test/train__2022-07-15-12__9b6ec5ed.npz,52,AIYR,2023-01-05-18,0,2,-1,0,0,1,0,0.5,0.0,1,0
2,42,2022-07-15-12,/home/ubuntu/klb/nuclr/nuclr/Data/Atanas_SF_unified_000776/cv5_grouped_v1/fold_2/test/train__2022-07-15-12__9b6ec5ed.npz,53,RMEV,2023-01-05-18,1,1,1,1,1,1,1,1.0,1.0,1,0
2,42,2022-07-15-12,/home/ubuntu/klb/nuclr/nuclr/Data/Atanas_SF_unified_000776/cv5_grouped_v1/fold_2/test/train__2022-07-15-12__9b6ec5ed.npz,54,I1L,2023-01-05-18,1,1,1,1,1,1,1,1.0,1.0,1,1
2,42,2022-07-15-12,/home/ubuntu/klb/nuclr/nuclr/Data/Atanas_SF_unified_000776/cv5_grouped_v1/fold_2/test/train__2022-07-15-12__9b6ec5ed.npz,55,AVJL,2023-01-05-18,1,1,1,1,1,1,1,1.0,1.0,1,1
2,42,2022-07-15-12,/home/ubuntu/klb/nuclr/nuclr/Data/Atanas_SF_unified_000776/cv5_grouped_v1/fold_2/test/train__2022-07-15-12__9b6ec5ed.npz,56,SMDDR,2023-01-05-18,0,4,-1,0,0,1,0,0.25,0.0,0,0
2,42,2022-07-15-12,/home/ubuntu/klb/nuclr/nuclr/Data/Atanas_SF_unified_000776/cv5_grouped_v1/fold_2/test/train__2022-07-15-12__9b6ec5ed.npz,57,RICL,2023-01-05-18,1,1,1,1,1,1,1,1.0,1.0,1,1
2,42,2022-07-15-12,/home/ubuntu/klb/nuclr/nuclr/Data/Atanas_SF_unified_000776/cv5_grouped_v1/fold_2/test/train__2022-07-15-12__9b6ec5ed.npz,58,AVJR,2023-01-05-18,1,4,4,0,0,1,1,0.25,0.25,0,0
2,42,2022-07-15-12,/home/ubuntu/klb/nuclr/nuclr/Data/Atanas_SF_unified_000776/cv5_grouped_v1/fold_2/test/train__2022-07-15-12__9b6ec5ed.npz,59,IL2VR,2023-01-05-18,1,1,1,1,1,1,1,1.0,1.0,1,1
2,42,2022-07-15-12,/home/ubuntu/klb/nuclr/nuclr/Data/Atanas_SF_unified_000776/cv5_grouped_v1/fold_2/test/train__2022-07-15-12__9b6ec5ed.npz,62,RIH,2023-01-05-18,0,1,-1,1,0,1,0,1.0,0.0,1,0
2,42,2022-07-15-12,/home/ubuntu/klb/nuclr/nuclr/Data/Atanas_SF_unified_000776/cv5_grouped_v1/fold_2/test/train__2022-07-15-12__9b6ec5ed.npz,63,SMBVR,2023-01-05-18,0,4,-1,0,0,1,0,0.25,0.0,0,0
2,42,2022-07-15-12,/home/ubuntu/klb/nuclr/nuclr/Data/Atanas_SF_unified_000776/cv5_grouped_v1/fold_2/test/train__2022-07-15-12__9b6ec5ed.npz,66,IL1DL,2023-01-05-18,1,1,1,1,1,1,1,1.0,1.0,1,1
2,42,2022-07-15-12,/home/ubuntu/klb/nuclr/nuclr/Data/Atanas_SF_unified_000776/cv5_grouped_v1/fold_2/test/train__2022-07-15-12__9b6ec5ed.npz,67,URYVR,2023-01-05-18,0,1,-1,1,0,1,0,1.0,0.0,1,0
2,42,2022-07-15-12,/home/ubuntu/klb/nuclr/nuclr/Data/Atanas_SF_unified_000776/cv5_grouped_v1/fold_2/test/train__2022-07-15-12__9b6ec5ed.npz,69,URYVL,2023-01-05-18,1,1,1,1,1,1,1,1.0,1.0,1,1
2,42,2022-07-15-12,/home/ubuntu/klb/nuclr/nuclr/Data/Atanas_SF_unified_000776/cv5_grouped_v1/fold_2/test/train__2022-07-15-12__9b6ec5ed.npz,70,AIBL,2023-01-05-18,0,1,-1,1,0,1,0,1.0,0.0,1,0
2,42,2022-07-15-12,/home/ubuntu/klb/nuclr/nuclr/Data/Atanas_SF_unified_000776/cv5_grouped_v1/fold_2/test/train__2022-07-15-12__9b6ec5ed.npz,71,OLQDL,2023-01-05-18,1,1,1,1,1,1,1,1.0,1.0,1,1
2,42,2022-07-15-12,/home/ubuntu/klb/nuclr/nuclr/Data/Atanas_SF_unified_000776/cv5_grouped_v1/fold_2/test/train__2022-07-15-12__9b6ec5ed.npz,72,RIR,2023-01-05-18,0,1,-1,1,0,1,0,1.0,0.0,1,0
2,42,2022-07-15-12,/home/ubuntu/klb/nuclr/nuclr/Data/Atanas_SF_unified_000776/cv5_grouped_v1/fold_2/test/train__2022-07-15-12__9b6ec5ed.npz,76,CEPVR,2023-01-05-18,0,1,-1,1,0,1,0,1.0,0.0,0,0
2,42,2022-07-15-12,/home/ubuntu/klb/nuclr/nuclr/Data/Atanas_SF_unified_000776/cv5_grouped_v1/fold_2/test/train__2022-07-15-12__9b6ec5ed.npz,78,URADL,2023-01-05-18,1,1,1,1,1,1,1,1.0,1.0,1,1
2,42,2022-07-15-12,/home/ubuntu/klb/nuclr/nuclr/Data/Atanas_SF_unified_000776/cv5_grouped_v1/fold_2/test/train__2022-07-15-12__9b6ec5ed.npz,79,IL2DR,2023-01-05-18,1,1,1,1,1,1,1,1.0,1.0,1,1
2,42,2022-07-15-12,/home/ubuntu/klb/nuclr/nuclr/Data/Atanas_SF_unified_000776/cv5_grouped_v1/fold_2/test/train__2022-07-15-12__9b6ec5ed.npz,80,SMDDL,2023-01-05-18,0,1,-1,1,0,1,0,1.0,0.0,1,0
2,42,2022-07-15-12,/home/ubuntu/klb/nuclr/nuclr/Data/Atanas_SF_unified_000776/cv5_grouped_v1/fold_2/test/train__2022-07-15-12__9b6ec5ed.npz,81,ADAL,2023-01-05-18,0,1,-1,1,0,1,0,1.0,0.0,1,0
2,42,2022-07-15-12,/home/ubuntu/klb/nuclr/nuclr/Data/Atanas_SF_unified_000776/cv5_grouped_v1/fold_2/test/train__2022-07-15-12__9b6ec5ed.npz,82,RID,2023-01-05-18,1,1,1,1,1,1,1,1.0,1.0,1,1
2,42,2022-07-15-12,/home/ubuntu/klb/nuclr/nuclr/Data/Atanas_SF_unified_000776/cv5_grouped_v1/fold_2/test/train__2022-07-15-12__9b6ec5ed.npz,83,IL1DR,2023-01-05-18,1,1,1,1,1,1,1,1.0,1.0,1,1
2,42,2022-07-15-12,/home/ubuntu/klb/nuclr/nuclr/Data/Atanas_SF_unified_000776/cv5_grouped_v1/fold_2/test/train__2022-07-15-12__9b6ec5ed.npz,84,URYDL,2023-01-05-18,1,14,8,0,0,0,0,0.07142857142857142,0.125,0,0
2,42,2022-07-15-12,/home/ubuntu/klb/nuclr/nuclr/Data/Atanas_SF_unified_000776/cv5_grouped_v1/fold_2/test/train__2022-07-15-12__9b6ec5ed.npz,86,MI,2023-01-05-18,1,1,1,1,1,1,1,1.0,1.0,1,1
2,42,2022-07-15-12,/home/ubuntu/klb/nuclr/nuclr/Data/Atanas_SF_unified_000776/cv5_grouped_v1/fold_2/test/train__2022-07-15-12__9b6ec5ed.npz,87,AVBL,2023-01-05-18,1,1,1,1,1,1,1,1.0,1.0,1,1
2,42,2022-07-15-12,/home/ubuntu/klb/nuclr/nuclr/Data/Atanas_SF_unified_000776/cv5_grouped_v1/fold_2/test/train__2022-07-15-12__9b6ec5ed.npz,89,AWAR,2023-01-05-18,0,1,-1,1,0,1,0,1.0,0.0,1,0
2,42,2022-07-15-12,/home/ubuntu/klb/nuclr/nuclr/Data/Atanas_SF_unified_000776/cv5_grouped_v1/fold_2/test/train__2022-07-15-12__9b6ec5ed.npz,93,URXL,2023-01-05-18,1,2,2,0,0,1,1,0.5,0.5,0,0
2,42,2022-07-15-12,/home/ubuntu/klb/nuclr/nuclr/Data/Atanas_SF_unified_000776/cv5_grouped_v1/fold_2/test/train__2022-07-15-12__9b6ec5ed.npz,95,IL1R,2023-01-05-18,0,1,-1,1,0,1,0,1.0,0.0,1,0
2,42,2022-07-15-12,/home/ubuntu/klb/nuclr/nuclr/Data/Atanas_SF_unified_000776/cv5_grouped_v1/fold_2/test/train__2022-07-15-12__9b6ec5ed.npz,98,RMGL,2023-01-05-18,0,1,-1,1,0,1,0,1.0,0.0,1,0
2,42,2022-07-15-12,/home/ubuntu/klb/nuclr/nuclr/Data/Atanas_SF_unified_000776/cv5_grouped_v1/fold_2/test/train__2022-07-15-12__9b6ec5ed.npz,100,I3,2023-01-05-18,1,1,1,1,1,1,1,1.0,1.0,1,1
2,42,2022-07-15-12,/home/ubuntu/klb/nuclr/nuclr/Data/Atanas_SF_unified_000776/cv5_grouped_v1/fold_2/test/train__2022-07-15-12__9b6ec5ed.npz,101,IL1VL,2023-01-05-18,0,1,-1,1,0,1,0,1.0,0.0,1,0
2,42,2022-07-15-12,/home/ubuntu/klb/nuclr/nuclr/Data/Atanas_SF_unified_000776/cv5_grouped_v1/fold_2/test/train__2022-07-15-12__9b6ec5ed.npz,102,AWBR,2023-01-05-18,1,1,4,1,0,1,1,1.0,0.25,1,0
2,42,2022-07-15-12,/home/ubuntu/klb/nuclr/nuclr/Data/Atanas_SF_unified_000776/cv5_grouped_v1/fold_2/test/train__2022-07-15-12__9b6ec5ed.npz,103,ASEL,2023-01-05-18,1,1,1,1,1,1,1,1.0,1.0,1,1
2,42,2022-07-15-12,/home/ubuntu/klb/nuclr/nuclr/Data/Atanas_SF_unified_000776/cv5_grouped_v1/fold_2/test/train__2022-07-15-12__9b6ec5ed.npz,104,IL2L,2023-01-05-18,1,1,1,1,1,1,1,1.0,1.0,1,1
2,42,2022-07-15-12,/home/ubuntu/klb/nuclr/nuclr/Data/Atanas_SF_unified_000776/cv5_grouped_v1/fold_2/test/train__2022-07-15-12__9b6ec5ed.npz,106,AVEL,2023-01-05-18,1,1,1,1,1,1,1,1.0,1.0,1,1
2,42,2022-07-15-12,/home/ubuntu/klb/nuclr/nuclr/Data/Atanas_SF_unified_000776/cv5_grouped_v1/fold_2/test/train__2022-07-15-12__9b6ec5ed.npz,107,ADEL,2023-01-05-18,0,1,-1,1,0,1,0,1.0,0.0,1,0
2,42,2022-07-15-12,/home/ubuntu/klb/nuclr/nuclr/Data/Atanas_SF_unified_000776/cv5_grouped_v1/fold_2/test/train__2022-07-15-12__9b6ec5ed.npz,110,URAVL,2023-01-05-18,1,4,3,0,0,1,1,0.25,0.3333333333333333,0,0
2,42,2022-07-15-12,/home/ubuntu/klb/nuclr/nuclr/Data/Atanas_SF_unified_000776/cv5_grouped_v1/fold_2/test/train__2022-07-15-12__9b6ec5ed.npz,111,AWAL,2023-01-05-18,1,1,1,1,1,1,1,1.0,1.0,1,1
2,42,2022-07-15-12,/home/ubuntu/klb/nuclr/nuclr/Data/Atanas_SF_unified_000776/cv5_grouped_v1/fold_2/test/train__2022-07-15-12__9b6ec5ed.npz,112,AIYL,2023-01-05-18,0,1,-1,1,0,1,0,1.0,0.0,1,0
2,42,2022-07-15-12,/home/ubuntu/klb/nuclr/nuclr/Data/Atanas_SF_unified_000776/cv5_grouped_v1/fold_2/test/train__2022-07-15-12__9b6ec5ed.npz,113,IL2VL,2023-01-05-18,1,1,1,1,1,1,1,1.0,1.0,1,1
2,42,2022-07-15-12,/home/ubuntu/klb/nuclr/nuclr/Data/Atanas_SF_unified_000776/cv5_grouped_v1/fold_2/test/train__2022-07-15-12__9b6ec5ed.npz,114,FLPL,2023-01-05-18,1,1,1,1,1,1,1,1.0,1.0,1,1
2,42,2022-07-15-12,/home/ubuntu/klb/nuclr/nuclr/Data/Atanas_SF_unified_000776/cv5_grouped_v1/fold_2/test/train__2022-07-15-12__9b6ec5ed.npz,116,RIAL,2023-01-05-18,1,1,1,1,1,1,1,1.0,1.0,1,1
2,42,2022-07-15-12,/home/ubuntu/klb/nuclr/nuclr/Data/Atanas_SF_unified_000776/cv5_grouped_v1/fold_2/test/train__2022-07-15-12__9b6ec5ed.npz,117,AVAL,2023-01-05-18,1,1,1,1,1,1,1,1.0,1.0,1,1
2,42,2022-07-15-12,/home/ubuntu/klb/nuclr/nuclr/Data/Atanas_SF_unified_000776/cv5_grouped_v1/fold_2/test/train__2022-07-15-12__9b6ec5ed.npz,118,I2L,2023-01-05-18,1,1,1,1,1,1,1,1.0,1.0,1,1
2,42,2022-07-15-12,/home/ubuntu/klb/nuclr/nuclr/Data/Atanas_SF_unified_000776/cv5_grouped_v1/fold_2/test/train__2022-07-15-12__9b6ec5ed.npz,119,AIMR,2023-01-05-18,0,4,-1,0,0,1,0,0.25,0.0,0,0
2,42,2022-07-15-12,/home/ubuntu/klb/nuclr/nuclr/Data/Atanas_SF_unified_000776/cv5_grouped_v1/fold_2/test/train__2022-07-15-12__9b6ec5ed.npz,120,SAAVL,2023-01-05-18,1,1,1,1,1,1,1,1.0,1.0,1,1
2,42,2022-07-15-12,/home/ubuntu/klb/nuclr/nuclr/Data/Atanas_SF_unified_000776/cv5_grouped_v1/fold_2/test/train__2022-07-15-12__9b6ec5ed.npz,122,URBL,2023-01-05-18,1,1,1,1,1,1,1,1.0,1.0,1,1
2,42,2022-07-15-12,/home/ubuntu/klb/nuclr/nuclr/Data/Atanas_SF_unified_000776/cv5_grouped_v1/fold_2/test/train__2022-07-15-12__9b6ec5ed.npz,124,AUAL,2023-01-05-18,1,1,1,1,1,1,1,1.0,1.0,1,1
2,42,2022-07-15-12,/home/ubuntu/klb/nuclr/nuclr/Data/Atanas_SF_unified_000776/cv5_grouped_v1/fold_2/test/train__2022-07-15-12__9b6ec5ed.npz,126,NSMR,2023-01-05-18,1,2,1,0,1,1,1,0.5,1.0,0,1
2,42,2022-07-15-12,/home/ubuntu/klb/nuclr/nuclr/Data/Atanas_SF_unified_000776/cv5_grouped_v1/fold_2/test/train__2022-07-15-12__9b6ec5ed.npz,127,IL1VR,2023-01-05-18,0,1,-1,1,0,1,0,1.0,0.0,1,0
2,42,2022-07-15-12,/home/ubuntu/klb/nuclr/nuclr/Data/Atanas_SF_unified_000776/cv5_grouped_v1/fold_2/test/train__2022-07-15-12__9b6ec5ed.npz,130,AINL,2023-01-05-18,0,1,-1,1,0,1,0,1.0,0.0,1,0
2,42,2023-01-06-01,/home/ubuntu/klb/nuclr/nuclr/Data/Atanas_SF_unified_000776/cv5_grouped_v1/fold_2/test/train__2023-01-06-01__2f6875a2.npz,6,URADL,2023-01-05-18,1,1,1,1,1,1,1,1.0,1.0,1,1
2,42,2023-01-06-01,/home/ubuntu/klb/nuclr/nuclr/Data/Atanas_SF_unified_000776/cv5_grouped_v1/fold_2/test/train__2023-01-06-01__2f6875a2.npz,8,M5,2023-01-05-18,0,1,-1,1,0,1,0,1.0,0.0,1,0
2,42,2023-01-06-01,/home/ubuntu/klb/nuclr/nuclr/Data/Atanas_SF_unified_000776/cv5_grouped_v1/fold_2/test/train__2023-01-06-01__2f6875a2.npz,11,IL2L,2023-01-05-18,1,2,2,0,0,1,1,0.5,0.5,0,0
2,42,2023-01-06-01,/home/ubuntu/klb/nuclr/nuclr/Data/Atanas_SF_unified_000776/cv5_grouped_v1/fold_2/test/train__2023-01-06-01__2f6875a2.npz,12,RMED,2023-01-05-18,0,1,-1,1,0,1,0,1.0,0.0,1,0
2,42,2023-01-06-01,/home/ubuntu/klb/nuclr/nuclr/Data/Atanas_SF_unified_000776/cv5_grouped_v1/fold_2/test/train__2023-01-06-01__2f6875a2.npz,13,MI,2023-01-05-18,1,1,1,1,1,1,1,1.0,1.0,1,1
2,42,2023-01-06-01,/home/ubuntu/klb/nuclr/nuclr/Data/Atanas_SF_unified_000776/cv5_grouped_v1/fold_2/test/train__2023-01-06-01__2f6875a2.npz,14,ADEL,2023-01-05-18,0,1,-1,1,0,1,0,1.0,0.0,1,0
2,42,2023-01-06-01,/home/ubuntu/klb/nuclr/nuclr/Data/Atanas_SF_unified_000776/cv5_grouped_v1/fold_2/test/train__2023-01-06-01__2f6875a2.npz,15,URYDR,2023-01-05-18,1,1,2,1,0,1,1,1.0,0.5,1,0
2,42,2023-01-06-01,/home/ubuntu/klb/nuclr/nuclr/Data/Atanas_SF_unified_000776/cv5_grouped_v1/fold_2/test/train__2023-01-06-01__2f6875a2.npz,17,M4,2023-01-05-18,1,1,1,1,1,1,1,1.0,1.0,1,1
2,42,2023-01-06-01,/home/ubuntu/klb/nuclr/nuclr/Data/Atanas_SF_unified_000776/cv5_grouped_v1/fold_2/test/train__2023-01-06-01__2f6875a2.npz,19,OLLR,2023-01-05-18,1,1,1,1,1,1,1,1.0,1.0,1,1
2,42,2023-01-06-01,/home/ubuntu/klb/nuclr/nuclr/Data/Atanas_SF_unified_000776/cv5_grouped_v1/fold_2/test/train__2023-01-06-01__2f6875a2.npz,22,AIZL,2023-01-05-18,1,1,1,1,1,1,1,1.0,1.0,1,1
2,42,2023-01-06-01,/home/ubuntu/klb/nuclr/nuclr/Data/Atanas_SF_unified_000776/cv5_grouped_v1/fold_2/test/train__2023-01-06-01__2f6875a2.npz,26,ASKL,2023-01-05-18,0,10,-1,0,0,0,0,0.1,0.0,0,0
2,42,2023-01-06-01,/home/ubuntu/klb/nuclr/nuclr/Data/Atanas_SF_unified_000776/cv5_grouped_v1/fold_2/test/train__2023-01-06-01__2f6875a2.npz,27,I2L,2023-01-05-18,1,1,1,1,1,1,1,1.0,1.0,1,1
2,42,2023-01-06-01,/home/ubuntu/klb/nuclr/nuclr/Data/Atanas_SF_unified_000776/cv5_grouped_v1/fold_2/test/train__2023-01-06-01__2f6875a2.npz,28,URADR,2023-01-05-18,1,3,1,0,1,1,1,0.3333333333333333,1.0,0,1
2,42,2023-01-06-01,/home/ubuntu/klb/nuclr/nuclr/Data/Atanas_SF_unified_000776/cv5_grouped_v1/fold_2/test/train__2023-01-06-01__2f6875a2.npz,30,IL2DL,2023-01-05-18,1,1,1,1,1,1,1,1.0,1.0,1,1
2,42,2023-01-06-01,/home/ubuntu/klb/nuclr/nuclr/Data/Atanas_SF_unified_000776/cv5_grouped_v1/fold_2/test/train__2023-01-06-01__2f6875a2.npz,31,URBL,2023-01-05-18,1,1,1,1,1,1,1,1.0,1.0,1,1
2,42,2023-01-06-01,/home/ubuntu/klb/nuclr/nuclr/Data/Atanas_SF_unified_000776/cv5_grouped_v1/fold_2/test/train__2023-01-06-01__2f6875a2.npz,32,FLPL,2023-01-05-18,1,1,1,1,1,1,1,1.0,1.0,1,1
2,42,2023-01-06-01,/home/ubuntu/klb/nuclr/nuclr/Data/Atanas_SF_unified_000776/cv5_grouped_v1/fold_2/test/train__2023-01-06-01__2f6875a2.npz,35,CEPDR,2023-01-05-18,1,1,1,1,1,1,1,1.0,1.0,1,1
2,42,2023-01-06-01,/home/ubuntu/klb/nuclr/nuclr/Data/Atanas_SF_unified_000776/cv5_grouped_v1/fold_2/test/train__2023-01-06-01__2f6875a2.npz,36,MCL,2023-01-05-18,1,1,1,1,1,1,1,1.0,1.0,1,1
2,42,2023-01-06-01,/home/ubuntu/klb/nuclr/nuclr/Data/Atanas_SF_unified_000776/cv5_grouped_v1/fold_2/test/train__2023-01-06-01__2f6875a2.npz,37,ASKR,2023-01-05-18,0,2,-1,0,0,1,0,0.5,0.0,0,0
2,42,2023-01-06-01,/home/ubuntu/klb/nuclr/nuclr/Data/Atanas_SF_unified_000776/cv5_grouped_v1/fold_2/test/train__2023-01-06-01__2f6875a2.npz,38,IL1VR,2023-01-05-18,0,1,-1,1,0,1,0,1.0,0.0,1,0
2,42,2023-01-06-01,/home/ubuntu/klb/nuclr/nuclr/Data/Atanas_SF_unified_000776/cv5_grouped_v1/fold_2/test/train__2023-01-06-01__2f6875a2.npz,39,RIVL,2023-01-05-18,1,1,1,1,1,1,1,1.0,1.0,1,1
2,42,2023-01-06-01,/home/ubuntu/klb/nuclr/nuclr/Data/Atanas_SF_unified_000776/cv5_grouped_v1/fold_2/test/train__2023-01-06-01__2f6875a2.npz,40,M3L,2023-01-05-18,1,2,2,0,0,1,1,0.5,0.5,0,0
2,42,2023-01-06-01,/home/ubuntu/klb/nuclr/nuclr/Data/Atanas_SF_unified_000776/cv5_grouped_v1/fold_2/test/train__2023-01-06-01__2f6875a2.npz,44,AVAR,2023-01-05-18,1,1,1,1,1,1,1,1.0,1.0,1,1
2,42,2023-01-06-01,/home/ubuntu/klb/nuclr/nuclr/Data/Atanas_SF_unified_000776/cv5_grouped_v1/fold_2/test/train__2023-01-06-01__2f6875a2.npz,45,RMDL,2023-01-05-18,1,2,1,0,1,1,1,0.5,1.0,0,1
2,42,2023-01-06-01,/home/ubuntu/klb/nuclr/nuclr/Data/Atanas_SF_unified_000776/cv5_grouped_v1/fold_2/test/train__2023-01-06-01__2f6875a2.npz,47,SMDVL,2023-01-05-18,1,1,1,1,1,1,1,1.0,1.0,1,1
2,42,2023-01-06-01,/home/ubuntu/klb/nuclr/nuclr/Data/Atanas_SF_unified_000776/cv5_grouped_v1/fold_2/test/train__2023-01-06-01__2f6875a2.npz,48,SAAVL,2023-01-05-18,1,5,4,0,0,1,1,0.2,0.25,0,0
2,42,2023-01-06-01,/home/ubuntu/klb/nuclr/nuclr/Data/Atanas_SF_unified_000776/cv5_grouped_v1/fold_2/test/train__2023-01-06-01__2f6875a2.npz,49,CEPDL,2023-01-05-18,1,1,1,1,1,1,1,1.0,1.0,1,1
2,42,2023-01-06-01,/home/ubuntu/klb/nuclr/nuclr/Data/Atanas_SF_unified_000776/cv5_grouped_v1/fold_2/test/train__2023-01-06-01__2f6875a2.npz,53,RID,2023-01-05-18,1,1,1,1,1,1,1,1.0,1.0,1,1
2,42,2023-01-06-01,/home/ubuntu/klb/nuclr/nuclr/Data/Atanas_SF_unified_000776/cv5_grouped_v1/fold_2/test/train__2023-01-06-01__2f6875a2.npz,54,RIH,2023-01-05-18,0,1,-1,1,0,1,0,1.0,0.0,1,0
2,42,2023-01-06-01,/home/ubuntu/klb/nuclr/nuclr/Data/Atanas_SF_unified_000776/cv5_grouped_v1/fold_2/test/train__2023-01-06-01__2f6875a2.npz,56,AINL,2023-01-05-18,0,1,-1,1,0,1,0,1.0,0.0,1,0
2,42,2023-01-06-01,/home/ubuntu/klb/nuclr/nuclr/Data/Atanas_SF_unified_000776/cv5_grouped_v1/fold_2/test/train__2023-01-06-01__2f6875a2.npz,57,OLQDL,2023-01-05-18,1,5,4,0,0,1,1,0.2,0.25,0,0
2,42,2023-01-06-01,/home/ubuntu/klb/nuclr/nuclr/Data/Atanas_SF_unified_000776/cv5_grouped_v1/fold_2/test/train__2023-01-06-01__2f6875a2.npz,60,IL1L,2023-01-05-18,1,1,1,1,1,1,1,1.0,1.0,1,1
2,42,2023-01-06-01,/home/ubuntu/klb/nuclr/nuclr/Data/Atanas_SF_unified_000776/cv5_grouped_v1/fold_2/test/train__2023-01-06-01__2f6875a2.npz,63,RICL,2023-01-05-18,1,2,1,0,1,1,1,0.5,1.0,0,0
2,42,2023-01-06-01,/home/ubuntu/klb/nuclr/nuclr/Data/Atanas_SF_unified_000776/cv5_grouped_v1/fold_2/test/train__2023-01-06-01__2f6875a2.npz,66,AUAL,2023-01-05-18,1,1,1,1,1,1,1,1.0,1.0,1,1
2,42,2023-01-06-01,/home/ubuntu/klb/nuclr/nuclr/Data/Atanas_SF_unified_000776/cv5_grouped_v1/fold_2/test/train__2023-01-06-01__2f6875a2.npz,67,AVDL,2023-01-05-18,0,1,-1,1,0,1,0,1.0,0.0,1,0
2,42,2023-01-06-01,/home/ubuntu/klb/nuclr/nuclr/Data/Atanas_SF_unified_000776/cv5_grouped_v1/fold_2/test/train__2023-01-06-01__2f6875a2.npz,68,AIBL,2023-01-05-18,0,1,-1,1,0,1,0,1.0,0.0,1,0
2,42,2023-01-06-01,/home/ubuntu/klb/nuclr/nuclr/Data/Atanas_SF_unified_000776/cv5_grouped_v1/fold_2/test/train__2023-01-06-01__2f6875a2.npz,69,SMDVR,2023-01-05-18,0,1,-1,1,0,1,0,1.0,0.0,1,0
2,42,2023-01-06-01,/home/ubuntu/klb/nuclr/nuclr/Data/Atanas_SF_unified_000776/cv5_grouped_v1/fold_2/test/train__2023-01-06-01__2f6875a2.npz,71,IL1R,2023-01-05-18,0,2,-1,0,0,1,0,0.5,0.0,0,0
2,42,2023-01-06-01,/home/ubuntu/klb/nuclr/nuclr/Data/Atanas_SF_unified_000776/cv5_grouped_v1/fold_2/test/train__2023-01-06-01__2f6875a2.npz,72,URXR,2023-01-05-18,1,1,1,1,1,1,1,1.0,1.0,1,1
2,42,2023-01-06-01,/home/ubuntu/klb/nuclr/nuclr/Data/Atanas_SF_unified_000776/cv5_grouped_v1/fold_2/test/train__2023-01-06-01__2f6875a2.npz,73,URAVL,2023-01-05-18,1,8,3,0,0,0,1,0.125,0.3333333333333333,0,0
2,42,2023-01-06-01,/home/ubuntu/klb/nuclr/nuclr/Data/Atanas_SF_unified_000776/cv5_grouped_v1/fold_2/test/train__2023-01-06-01__2f6875a2.npz,74,ASEL,2023-01-05-18,1,1,1,1,1,1,1,1.0,1.0,1,1
2,42,2023-01-06-01,/home/ubuntu/klb/nuclr/nuclr/Data/Atanas_SF_unified_000776/cv5_grouped_v1/fold_2/test/train__2023-01-06-01__2f6875a2.npz,77,AVAL,2023-01-05-18,1,1,1,1,1,1,1,1.0,1.0,1,1
2,42,2023-01-06-01,/home/ubuntu/klb/nuclr/nuclr/Data/Atanas_SF_unified_000776/cv5_grouped_v1/fold_2/test/train__2023-01-06-01__2f6875a2.npz,78,AVER,2023-01-05-18,1,1,1,1,1,1,1,1.0,1.0,1,1
2,42,2023-01-06-01,/home/ubuntu/klb/nuclr/nuclr/Data/Atanas_SF_unified_000776/cv5_grouped_v1/fold_2/test/train__2023-01-06-01__2f6875a2.npz,79,CEPVL,2023-01-05-18,1,1,1,1,1,1,1,1.0,1.0,1,1
2,42,2023-01-06-01,/home/ubuntu/klb/nuclr/nuclr/Data/Atanas_SF_unified_000776/cv5_grouped_v1/fold_2/test/train__2023-01-06-01__2f6875a2.npz,82,RMGL,2023-01-05-18,0,1,-1,1,0,1,0,1.0,0.0,1,0
2,42,2023-01-06-01,/home/ubuntu/klb/nuclr/nuclr/Data/Atanas_SF_unified_000776/cv5_grouped_v1/fold_2/test/train__2023-01-06-01__2f6875a2.npz,84,RMDVR,2023-01-05-18,1,1,1,1,1,1,1,1.0,1.0,1,1
2,42,2023-01-06-01,/home/ubuntu/klb/nuclr/nuclr/Data/Atanas_SF_unified_000776/cv5_grouped_v1/fold_2/test/train__2023-01-06-01__2f6875a2.npz,86,I3,2023-01-05-18,1,1,1,1,1,1,1,1.0,1.0,1,1
2,42,2023-01-06-01,/home/ubuntu/klb/nuclr/nuclr/Data/Atanas_SF_unified_000776/cv5_grouped_v1/fold_2/test/train__2023-01-06-01__2f6875a2.npz,87,RMDVL,2023-01-05-18,1,2,2,0,0,1,1,0.5,0.5,0,0
2,42,2023-01-06-01,/home/ubuntu/klb/nuclr/nuclr/Data/Atanas_SF_unified_000776/cv5_grouped_v1/fold_2/test/train__2023-01-06-01__2f6875a2.npz,88,RMEL,2023-01-05-18,0,1,-1,1,0,1,0,1.0,0.0,1,0
2,42,2023-01-06-01,/home/ubuntu/klb/nuclr/nuclr/Data/Atanas_SF_unified_000776/cv5_grouped_v1/fold_2/test/train__2023-01-06-01__2f6875a2.npz,89,RMER,2023-01-05-18,1,1,1,1,1,1,1,1.0,1.0,1,1
2,42,2023-01-06-01,/home/ubuntu/klb/nuclr/nuclr/Data/Atanas_SF_unified_000776/cv5_grouped_v1/fold_2/test/train__2023-01-06-01__2f6875a2.npz,90,AVEL,2023-01-05-18,1,1,1,1,1,1,1,1.0,1.0,1,1
2,42,2023-01-06-01,/home/ubuntu/klb/nuclr/nuclr/Data/Atanas_SF_unified_000776/cv5_grouped_v1/fold_2/test/train__2023-01-06-01__2f6875a2.npz,93,RMDDR,2023-01-05-18,0,5,-1,0,0,1,0,0.2,0.0,0,0
2,42,2023-01-06-01,/home/ubuntu/klb/nuclr/nuclr/Data/Atanas_SF_unified_000776/cv5_grouped_v1/fold_2/test/train__2023-01-06-01__2f6875a2.npz,94,I1R,2023-01-05-18,1,1,1,1,1,1,1,1.0,1.0,1,1
2,42,2023-01-06-01,/home/ubuntu/klb/nuclr/nuclr/Data/Atanas_SF_unified_000776/cv5_grouped_v1/fold_2/test/train__2023-01-06-01__2f6875a2.npz,96,SMBVR,2023-01-05-18,0,11,-1,0,0,0,0,0.09090909090909091,0.0,0,0
2,42,2023-01-06-01,/home/ubuntu/klb/nuclr/nuclr/Data/Atanas_SF_unified_000776/cv5_grouped_v1/fold_2/test/train__2023-01-06-01__2f6875a2.npz,97,I1L,2023-01-05-18,1,1,1,1,1,1,1,1.0,1.0,1,1
2,42,2023-01-06-01,/home/ubuntu/klb/nuclr/nuclr/Data/Atanas_SF_unified_000776/cv5_grouped_v1/fold_2/test/train__2023-01-06-01__2f6875a2.npz,98,RMDDL,2023-01-05-18,1,28,3,0,0,0,1,0.03571428571428571,0.3333333333333333,0,0
2,42,2023-01-06-01,/home/ubuntu/klb/nuclr/nuclr/Data/Atanas_SF_unified_000776/cv5_grouped_v1/fold_2/test/train__2023-01-06-01__2f6875a2.npz,99,IL1VL,2023-01-05-18,0,2,-1,0,0,1,0,0.5,0.0,0,0
2,42,2023-01-06-01,/home/ubuntu/klb/nuclr/nuclr/Data/Atanas_SF_unified_000776/cv5_grouped_v1/fold_2/test/train__2023-01-06-01__2f6875a2.npz,101,ADAL,2023-01-05-18,0,1,-1,1,0,1,0,1.0,0.0,1,0
2,42,2023-01-06-01,/home/ubuntu/klb/nuclr/nuclr/Data/Atanas_SF_unified_000776/cv5_grouped_v1/fold_2/test/train__2023-01-06-01__2f6875a2.npz,103,NSML,2023-01-05-18,1,1,1,1,1,1,1,1.0,1.0,1,1
2,42,2023-01-06-01,/home/ubuntu/klb/nuclr/nuclr/Data/Atanas_SF_unified_000776/cv5_grouped_v1/fold_2/test/train__2023-01-06-01__2f6875a2.npz,105,IL2DR,2023-01-05-18,1,1,1,1,1,1,1,1.0,1.0,1,1
2,42,2023-01-06-01,/home/ubuntu/klb/nuclr/nuclr/Data/Atanas_SF_unified_000776/cv5_grouped_v1/fold_2/test/train__2023-01-06-01__2f6875a2.npz,106,URYVR,2023-01-05-18,0,2,-1,0,0,1,0,0.5,0.0,0,0
2,42,2023-01-06-01,/home/ubuntu/klb/nuclr/nuclr/Data/Atanas_SF_unified_000776/cv5_grouped_v1/fold_2/test/train__2023-01-06-01__2f6875a2.npz,107,AWBL,2023-01-05-18,1,2,1,0,1,1,1,0.5,1.0,0,1
2,42,2023-01-06-01,/home/ubuntu/klb/nuclr/nuclr/Data/Atanas_SF_unified_000776/cv5_grouped_v1/fold_2/test/train__2023-01-06-01__2f6875a2.npz,108,OLQDR,2023-01-05-18,1,1,1,1,1,1,1,1.0,1.0,1,1
2,42,2023-01-06-01,/home/ubuntu/klb/nuclr/nuclr/Data/Atanas_SF_unified_000776/cv5_grouped_v1/fold_2/test/train__2023-01-06-01__2f6875a2.npz,109,IL1DL,2023-01-05-18,1,1,2,1,0,1,1,1.0,0.5,1,0
2,42,2023-01-06-01,/home/ubuntu/klb/nuclr/nuclr/Data/Atanas_SF_unified_000776/cv5_grouped_v1/fold_2/test/train__2023-01-06-01__2f6875a2.npz,116,OLQVL,2023-01-05-18,1,1,1,1,1,1,1,1.0,1.0,1,1
2,42,2023-01-06-01,/home/ubuntu/klb/nuclr/nuclr/Data/Atanas_SF_unified_000776/cv5_grouped_v1/fold_2/test/train__2023-01-06-01__2f6875a2.npz,117,RMDR,2023-01-05-18,0,6,-1,0,0,0,0,0.16666666666666666,0.0,0,0
2,42,2023-01-06-01,/home/ubuntu/klb/nuclr/nuclr/Data/Atanas_SF_unified_000776/cv5_grouped_v1/fold_2/test/train__2023-01-06-01__2f6875a2.npz,120,RIAR,2023-01-05-18,1,2,1,0,1,1,1,0.5,1.0,0,1
2,42,2023-01-06-01,/home/ubuntu/klb/nuclr/nuclr/Data/Atanas_SF_unified_000776/cv5_grouped_v1/fold_2/test/train__2023-01-06-01__2f6875a2.npz,121,OLLL,2023-01-05-18,1,1,1,1,1,1,1,1.0,1.0,1,1
2,42,2023-01-06-01,/home/ubuntu/klb/nuclr/nuclr/Data/Atanas_SF_unified_000776/cv5_grouped_v1/fold_2/test/train__2023-01-06-01__2f6875a2.npz,122,IL1DR,2023-01-05-18,1,1,2,1,0,1,1,1.0,0.5,1,0
2,42,2023-01-06-01,/home/ubuntu/klb/nuclr/nuclr/Data/Atanas_SF_unified_000776/cv5_grouped_v1/fold_2/test/train__2023-01-06-01__2f6875a2.npz,123,AWCL,2023-01-05-18,1,2,2,0,0,1,1,0.5,0.5,0,0
2,42,2023-01-06-01,/home/ubuntu/klb/nuclr/nuclr/Data/Atanas_SF_unified_000776/cv5_grouped_v1/fold_2/test/train__2023-01-06-01__2f6875a2.npz,124,URXL,2023-01-05-18,1,1,1,1,1,1,1,1.0,1.0,1,1
2,42,2023-01-06-01,/home/ubuntu/klb/nuclr/nuclr/Data/Atanas_SF_unified_000776/cv5_grouped_v1/fold_2/test/train__2023-01-06-01__2f6875a2.npz,126,AVJL,2023-01-05-18,1,1,1,1,1,1,1,1.0,1.0,1,1
2,42,2023-01-06-01,/home/ubuntu/klb/nuclr/nuclr/Data/Atanas_SF_unified_000776/cv5_grouped_v1/fold_2/test/train__2023-01-06-01__2f6875a2.npz,127,AWAR,2023-01-05-18,0,40,-1,0,0,0,0,0.025,0.0,0,0
2,42,2023-01-06-01,/home/ubuntu/klb/nuclr/nuclr/Data/Atanas_SF_unified_000776/cv5_grouped_v1/fold_2/test/train__2023-01-06-01__2f6875a2.npz,128,CEPVR,2023-01-05-18,0,1,-1,1,0,1,0,1.0,0.0,1,0
2,42,2023-01-06-08,/home/ubuntu/klb/nuclr/nuclr/Data/Atanas_SF_unified_000776/cv5_grouped_v1/fold_2/test/train__2023-01-06-08__f954f0e6.npz,1,ASIL,2023-01-05-18,1,1,1,1,1,1,1,1.0,1.0,1,1
2,42,2023-01-06-08,/home/ubuntu/klb/nuclr/nuclr/Data/Atanas_SF_unified_000776/cv5_grouped_v1/fold_2/test/train__2023-01-06-08__f954f0e6.npz,4,RMER,2023-01-05-18,1,1,1,1,1,1,1,1.0,1.0,1,1
2,42,2023-01-06-08,/home/ubuntu/klb/nuclr/nuclr/Data/Atanas_SF_unified_000776/cv5_grouped_v1/fold_2/test/train__2023-01-06-08__f954f0e6.npz,5,URAVL,2023-01-05-18,1,3,2,0,0,1,1,0.3333333333333333,0.5,0,1
2,42,2023-01-06-08,/home/ubuntu/klb/nuclr/nuclr/Data/Atanas_SF_unified_000776/cv5_grouped_v1/fold_2/test/train__2023-01-06-08__f954f0e6.npz,6,IL2R,2023-01-05-18,1,1,1,1,1,1,1,1.0,1.0,1,1
2,42,2023-01-06-08,/home/ubuntu/klb/nuclr/nuclr/Data/Atanas_SF_unified_000776/cv5_grouped_v1/fold_2/test/train__2023-01-06-08__f954f0e6.npz,7,I1L,2023-01-05-18,1,1,1,1,1,1,1,1.0,1.0,1,1
2,42,2023-01-06-08,/home/ubuntu/klb/nuclr/nuclr/Data/Atanas_SF_unified_000776/cv5_grouped_v1/fold_2/test/train__2023-01-06-08__f954f0e6.npz,10,RMDDL,2023-01-05-18,1,2,1,0,1,1,1,0.5,1.0,0,1
2,42,2023-01-06-08,/home/ubuntu/klb/nuclr/nuclr/Data/Atanas_SF_unified_000776/cv5_grouped_v1/fold_2/test/train__2023-01-06-08__f954f0e6.npz,11,RIVL,2023-01-05-18,1,1,1,1,1,1,1,1.0,1.0,1,1
2,42,2023-01-06-08,/home/ubuntu/klb/nuclr/nuclr/Data/Atanas_SF_unified_000776/cv5_grouped_v1/fold_2/test/train__2023-01-06-08__f954f0e6.npz,13,URYDR,2023-01-05-18,1,1,1,1,1,1,1,1.0,1.0,1,1
2,42,2023-01-06-08,/home/ubuntu/klb/nuclr/nuclr/Data/Atanas_SF_unified_000776/cv5_grouped_v1/fold_2/test/train__2023-01-06-08__f954f0e6.npz,14,IL2VL,2023-01-05-18,1,1,1,1,1,1,1,1.0,1.0,1,0
2,42,2023-01-06-08,/home/ubuntu/klb/nuclr/nuclr/Data/Atanas_SF_unified_000776/cv5_grouped_v1/fold_2/test/train__2023-01-06-08__f954f0e6.npz,17,IL2DL,2023-01-05-18,1,1,1,1,1,1,1,1.0,1.0,1,1
2,42,2023-01-06-08,/home/ubuntu/klb/nuclr/nuclr/Data/Atanas_SF_unified_000776/cv5_grouped_v1/fold_2/test/train__2023-01-06-08__f954f0e6.npz,18,IL2VR,2023-01-05-18,1,1,1,1,1,1,1,1.0,1.0,1,1
2,42,2023-01-06-08,/home/ubuntu/klb/nuclr/nuclr/Data/Atanas_SF_unified_000776/cv5_grouped_v1/fold_2/test/train__2023-01-06-08__f954f0e6.npz,19,VB02,2023-01-05-18,0,8,-1,0,0,0,0,0.125,0.0,0,0
2,42,2023-01-06-08,/home/ubuntu/klb/nuclr/nuclr/Data/Atanas_SF_unified_000776/cv5_grouped_v1/fold_2/test/train__2023-01-06-08__f954f0e6.npz,21,ADEL,2023-01-05-18,0,2,-1,0,0,1,0,0.5,0.0,0,0
2,42,2023-01-06-08,/home/ubuntu/klb/nuclr/nuclr/Data/Atanas_SF_unified_000776/cv5_grouped_v1/fold_2/test/train__2023-01-06-08__f954f0e6.npz,23,URXL,2023-01-05-18,1,3,2,0,0,1,1,0.3333333333333333,0.5,1,1
2,42,2023-01-06-08,/home/ubuntu/klb/nuclr/nuclr/Data/Atanas_SF_unified_000776/cv5_grouped_v1/fold_2/test/train__2023-01-06-08__f954f0e6.npz,24,MCL,2023-01-05-18,1,2,2,0,0,1,1,0.5,0.5,0,0
2,42,2023-01-06-08,/home/ubuntu/klb/nuclr/nuclr/Data/Atanas_SF_unified_000776/cv5_grouped_v1/fold_2/test/train__2023-01-06-08__f954f0e6.npz,25,SMDVR,2023-01-05-18,0,1,-1,1,0,1,0,1.0,0.0,1,0
2,42,2023-01-06-08,/home/ubuntu/klb/nuclr/nuclr/Data/Atanas_SF_unified_000776/cv5_grouped_v1/fold_2/test/train__2023-01-06-08__f954f0e6.npz,26,I2R,2023-01-05-18,1,1,1,1,1,1,1,1.0,1.0,1,1
2,42,2023-01-06-08,/home/ubuntu/klb/nuclr/nuclr/Data/Atanas_SF_unified_000776/cv5_grouped_v1/fold_2/test/train__2023-01-06-08__f954f0e6.npz,29,IL2DR,2023-01-05-18,1,1,1,1,1,1,1,1.0,1.0,1,1
2,42,2023-01-06-08,/home/ubuntu/klb/nuclr/nuclr/Data/Atanas_SF_unified_000776/cv5_grouped_v1/fold_2/test/train__2023-01-06-08__f954f0e6.npz,30,URBL,2023-01-05-18,1,1,1,1,1,1,1,1.0,1.0,1,1
2,42,2023-01-06-08,/home/ubuntu/klb/nuclr/nuclr/Data/Atanas_SF_unified_000776/cv5_grouped_v1/fold_2/test/train__2023-01-06-08__f954f0e6.npz,32,M3R,2023-01-05-18,1,1,1,1,1,1,1,1.0,1.0,1,1
2,42,2023-01-06-08,/home/ubuntu/klb/nuclr/nuclr/Data/Atanas_SF_unified_000776/cv5_grouped_v1/fold_2/test/train__2023-01-06-08__f954f0e6.npz,34,AWCR,2023-01-05-18,0,1,-1,1,0,1,0,1.0,0.0,1,0
2,42,2023-01-06-08,/home/ubuntu/klb/nuclr/nuclr/Data/Atanas_SF_unified_000776/cv5_grouped_v1/fold_2/test/train__2023-01-06-08__f954f0e6.npz,35,SAAVR,2023-01-05-18,0,1,-1,1,0,1,0,1.0,0.0,1,0
2,42,2023-01-06-08,/home/ubuntu/klb/nuclr/nuclr/Data/Atanas_SF_unified_000776/cv5_grouped_v1/fold_2/test/train__2023-01-06-08__f954f0e6.npz,37,AIZL,2023-01-05-18,1,2,2,0,0,1,1,0.5,0.5,0,0
2,42,2023-01-06-08,/home/ubuntu/klb/nuclr/nuclr/Data/Atanas_SF_unified_000776/cv5_grouped_v1/fold_2/test/train__2023-01-06-08__f954f0e6.npz,38,AUAL,2023-01-05-18,1,14,9,0,0,0,0,0.07142857142857142,0.1111111111111111,0,0
2,42,2023-01-06-08,/home/ubuntu/klb/nuclr/nuclr/Data/Atanas_SF_unified_000776/cv5_grouped_v1/fold_2/test/train__2023-01-06-08__f954f0e6.npz,39,ASGR,2023-01-05-18,0,119,-1,0,0,0,0,0.008403361344537815,0.0,0,0
2,42,2023-01-06-08,/home/ubuntu/klb/nuclr/nuclr/Data/Atanas_SF_unified_000776/cv5_grouped_v1/fold_2/test/train__2023-01-06-08__f954f0e6.npz,40,URYDL,2023-01-05-18,1,1,1,1,1,1,1,1.0,1.0,1,1
2,42,2023-01-06-08,/home/ubuntu/klb/nuclr/nuclr/Data/Atanas_SF_unified_000776/cv5_grouped_v1/fold_2/test/train__2023-01-06-08__f954f0e6.npz,41,RIBL,2023-01-05-18,0,4,-1,0,0,1,0,0.25,0.0,0,0
2,42,2023-01-06-08,/home/ubuntu/klb/nuclr/nuclr/Data/Atanas_SF_unified_000776/cv5_grouped_v1/fold_2/test/train__2023-01-06-08__f954f0e6.npz,43,I2L,2023-01-05-18,1,1,1,1,1,1,1,1.0,1.0,1,1
2,42,2023-01-06-08,/home/ubuntu/klb/nuclr/nuclr/Data/Atanas_SF_unified_000776/cv5_grouped_v1/fold_2/test/train__2023-01-06-08__f954f0e6.npz,44,CEPDR,2023-01-05-18,1,4,3,0,0,1,1,0.25,0.3333333333333333,0,0
2,42,2023-01-06-08,/home/ubuntu/klb/nuclr/nuclr/Data/Atanas_SF_unified_000776/cv5_grouped_v1/fold_2/test/train__2023-01-06-08__f954f0e6.npz,45,M3L,2023-01-05-18,1,1,1,1,1,1,1,1.0,1.0,1,1
2,42,2023-01-06-08,/home/ubuntu/klb/nuclr/nuclr/Data/Atanas_SF_unified_000776/cv5_grouped_v1/fold_2/test/train__2023-01-06-08__f954f0e6.npz,46,IL2L,2023-01-05-18,1,1,1,1,1,1,1,1.0,1.0,1,1
2,42,2023-01-06-08,/home/ubuntu/klb/nuclr/nuclr/Data/Atanas_SF_unified_000776/cv5_grouped_v1/fold_2/test/train__2023-01-06-08__f954f0e6.npz,47,AIZR,2023-01-05-18,1,17,4,0,0,0,1,0.058823529411764705,0.25,0,0
2,42,2023-01-06-08,/home/ubuntu/klb/nuclr/nuclr/Data/Atanas_SF_unified_000776/cv5_grouped_v1/fold_2/test/train__2023-01-06-08__f954f0e6.npz,50,I3,2023-01-05-18,1,1,1,1,1,1,1,1.0,1.0,1,1
2,42,2023-01-06-08,/home/ubuntu/klb/nuclr/nuclr/Data/Atanas_SF_unified_000776/cv5_grouped_v1/fold_2/test/train__2023-01-06-08__f954f0e6.npz,51,IL1DL,2023-01-05-18,1,1,1,1,1,1,1,1.0,1.0,1,1
2,42,2023-01-06-08,/home/ubuntu/klb/nuclr/nuclr/Data/Atanas_SF_unified_000776/cv5_grouped_v1/fold_2/test/train__2023-01-06-08__f954f0e6.npz,52,FLPL,2023-01-05-18,1,1,1,1,1,1,1,1.0,1.0,0,0
2,42,2023-01-06-08,/home/ubuntu/klb/nuclr/nuclr/Data/Atanas_SF_unified_000776/cv5_grouped_v1/fold_2/test/train__2023-01-06-08__f954f0e6.npz,53,AIBR,2023-01-05-18,1,2,1,0,1,1,1,0.5,1.0,0,1
2,42,2023-01-06-08,/home/ubuntu/klb/nuclr/nuclr/Data/Atanas_SF_unified_000776/cv5_grouped_v1/fold_2/test/train__2023-01-06-08__f954f0e6.npz,54,I1R,2023-01-05-18,1,1,1,1,1,1,1,1.0,1.0,1,1
2,42,2023-01-06-08,/home/ubuntu/klb/nuclr/nuclr/Data/Atanas_SF_unified_000776/cv5_grouped_v1/fold_2/test/train__2023-01-06-08__f954f0e6.npz,55,AVKL,2023-01-05-18,0,3,-1,0,0,1,0,0.3333333333333333,0.0,0,0
2,42,2023-01-06-08,/home/ubuntu/klb/nuclr/nuclr/Data/Atanas_SF_unified_000776/cv5_grouped_v1/fold_2/test/train__2023-01-06-08__f954f0e6.npz,56,AVER,2023-01-05-18,1,2,1,0,1,1,1,0.5,1.0,0,1
2,42,2023-01-06-08,/home/ubuntu/klb/nuclr/nuclr/Data/Atanas_SF_unified_000776/cv5_grouped_v1/fold_2/test/train__2023-01-06-08__f954f0e6.npz,61,AVDL,2023-01-05-18,0,1,-1,1,0,1,0,1.0,0.0,1,0
2,42,2023-01-06-08,/home/ubuntu/klb/nuclr/nuclr/Data/Atanas_SF_unified_000776/cv5_grouped_v1/fold_2/test/train__2023-01-06-08__f954f0e6.npz,62,RICL,2023-01-05-18,1,2,2,0,0,1,1,0.5,0.5,0,0
2,42,2023-01-06-08,/home/ubuntu/klb/nuclr/nuclr/Data/Atanas_SF_unified_000776/cv5_grouped_v1/fold_2/test/train__2023-01-06-08__f954f0e6.npz,63,AVKR,2023-01-05-18,0,6,-1,0,0,0,0,0.16666666666666666,0.0,0,0
2,42,2023-01-06-08,/home/ubuntu/klb/nuclr/nuclr/Data/Atanas_SF_unified_000776/cv5_grouped_v1/fold_2/test/train__2023-01-06-08__f954f0e6.npz,64,CEPDL,2023-01-05-18,1,1,1,1,1,1,1,1.0,1.0,1,1
2,42,2023-01-06-08,/home/ubuntu/klb/nuclr/nuclr/Data/Atanas_SF_unified_000776/cv5_grouped_v1/fold_2/test/train__2023-01-06-08__f954f0e6.npz,66,RIVR,2023-01-05-18,1,1,1,1,1,1,1,1.0,1.0,1,1
2,42,2023-01-06-08,/home/ubuntu/klb/nuclr/nuclr/Data/Atanas_SF_unified_000776/cv5_grouped_v1/fold_2/test/train__2023-01-06-08__f954f0e6.npz,68,AWBL,2023-01-05-18,1,1,1,1,1,1,1,1.0,1.0,1,0
2,42,2023-01-06-08,/home/ubuntu/klb/nuclr/nuclr/Data/Atanas_SF_unified_000776/cv5_grouped_v1/fold_2/test/train__2023-01-06-08__f954f0e6.npz,69,AINL,2023-01-05-18,0,1,-1,1,0,1,0,1.0,0.0,1,0
2,42,2023-01-06-08,/home/ubuntu/klb/nuclr/nuclr/Data/Atanas_SF_unified_000776/cv5_grouped_v1/fold_2/test/train__2023-01-06-08__f954f0e6.npz,70,IL1R,2023-01-05-18,0,1,-1,1,0,1,0,1.0,0.0,1,0
2,42,2023-01-06-08,/home/ubuntu/klb/nuclr/nuclr/Data/Atanas_SF_unified_000776/cv5_grouped_v1/fold_2/test/train__2023-01-06-08__f954f0e6.npz,72,AIML,2023-01-05-18,0,6,-1,0,0,0,0,0.16666666666666666,0.0,0,0
2,42,2023-01-06-08,/home/ubuntu/klb/nuclr/nuclr/Data/Atanas_SF_unified_000776/cv5_grouped_v1/fold_2/test/train__2023-01-06-08__f954f0e6.npz,73,AWCL,2023-01-05-18,1,2,2,0,0,1,1,0.5,0.5,0,0
2,42,2023-01-06-08,/home/ubuntu/klb/nuclr/nuclr/Data/Atanas_SF_unified_000776/cv5_grouped_v1/fold_2/test/train__2023-01-06-08__f954f0e6.npz,74,IL1VL,2023-01-05-18,0,1,-1,1,0,1,0,1.0,0.0,1,0
2,42,2023-01-06-08,/home/ubuntu/klb/nuclr/nuclr/Data/Atanas_SF_unified_000776/cv5_grouped_v1/fold_2/test/train__2023-01-06-08__f954f0e6.npz,75,OLQDL,2023-01-05-18,1,1,1,1,1,1,1,1.0,1.0,1,1
2,42,2023-01-06-08,/home/ubuntu/klb/nuclr/nuclr/Data/Atanas_SF_unified_000776/cv5_grouped_v1/fold_2/test/train__2023-01-06-08__f954f0e6.npz,76,IL1VR,2023-01-05-18,0,1,-1,1,0,1,0,1.0,0.0,1,0
2,42,2023-01-06-08,/home/ubuntu/klb/nuclr/nuclr/Data/Atanas_SF_unified_000776/cv5_grouped_v1/fold_2/test/train__2023-01-06-08__f954f0e6.npz,78,OLLL,2023-01-05-18,1,1,1,1,1,1,1,1.0,1.0,1,1
2,42,2023-01-06-08,/home/ubuntu/klb/nuclr/nuclr/Data/Atanas_SF_unified_000776/cv5_grouped_v1/fold_2/test/train__2023-01-06-08__f954f0e6.npz,79,OLLR,2023-01-05-18,1,1,1,1,1,1,1,1.0,1.0,1,1
2,42,2023-01-06-08,/home/ubuntu/klb/nuclr/nuclr/Data/Atanas_SF_unified_000776/cv5_grouped_v1/fold_2/test/train__2023-01-06-08__f954f0e6.npz,81,ASHL,2023-01-05-18,0,1,-1,1,0,1,0,1.0,0.0,1,0
2,42,2023-01-06-08,/home/ubuntu/klb/nuclr/nuclr/Data/Atanas_SF_unified_000776/cv5_grouped_v1/fold_2/test/train__2023-01-06-08__f954f0e6.npz,83,AIBL,2023-01-05-18,0,1,-1,1,0,1,0,1.0,0.0,1,0
2,42,2023-01-06-08,/home/ubuntu/klb/nuclr/nuclr/Data/Atanas_SF_unified_000776/cv5_grouped_v1/fold_2/test/train__2023-01-06-08__f954f0e6.npz,84,ASEL,2023-01-05-18,1,1,1,1,1,1,1,1.0,1.0,1,1
2,42,2023-01-06-08,/home/ubuntu/klb/nuclr/nuclr/Data/Atanas_SF_unified_000776/cv5_grouped_v1/fold_2/test/train__2023-01-06-08__f954f0e6.npz,85,RIAL,2023-01-05-18,1,1,1,1,1,1,1,1.0,1.0,1,1
2,42,2023-01-06-08,/home/ubuntu/klb/nuclr/nuclr/Data/Atanas_SF_unified_000776/cv5_grouped_v1/fold_2/test/train__2023-01-06-08__f954f0e6.npz,86,AVAL,2023-01-05-18,1,1,1,1,1,1,1,1.0,1.0,1,1
2,42,2023-01-06-08,/home/ubuntu/klb/nuclr/nuclr/Data/Atanas_SF_unified_000776/cv5_grouped_v1/fold_2/test/train__2023-01-06-08__f954f0e6.npz,88,NSML,2023-01-05-18,1,8,5,0,0,0,1,0.125,0.2,0,0
2,42,2023-01-06-08,/home/ubuntu/klb/nuclr/nuclr/Data/Atanas_SF_unified_000776/cv5_grouped_v1/fold_2/test/train__2023-01-06-08__f954f0e6.npz,89,NSMR,2023-01-05-18,1,1,1,1,1,1,1,1.0,1.0,1,1
2,42,2023-01-06-08,/home/ubuntu/klb/nuclr/nuclr/Data/Atanas_SF_unified_000776/cv5_grouped_v1/fold_2/test/train__2023-01-06-08__f954f0e6.npz,90,IL1DR,2023-01-05-18,1,1,1,1,1,1,1,1.0,1.0,1,1
2,42,2023-01-06-08,/home/ubuntu/klb/nuclr/nuclr/Data/Atanas_SF_unified_000776/cv5_grouped_v1/fold_2/test/train__2023-01-06-08__f954f0e6.npz,91,RIML,2023-01-05-18,0,9,-1,0,0,0,0,0.1111111111111111,0.0,0,0
2,42,2023-01-06-08,/home/ubuntu/klb/nuclr/nuclr/Data/Atanas_SF_unified_000776/cv5_grouped_v1/fold_2/test/train__2023-01-06-08__f954f0e6.npz,92,AVAR,2023-01-05-18,1,1,1,1,1,1,1,1.0,1.0,1,1
2,42,2023-01-06-08,/home/ubuntu/klb/nuclr/nuclr/Data/Atanas_SF_unified_000776/cv5_grouped_v1/fold_2/test/train__2023-01-06-08__f954f0e6.npz,98,RMDL,2023-01-05-18,1,1,1,1,1,1,1,1.0,1.0,1,0
2,42,2023-01-06-08,/home/ubuntu/klb/nuclr/nuclr/Data/Atanas_SF_unified_000776/cv5_grouped_v1/fold_2/test/train__2023-01-06-08__f954f0e6.npz,99,SMDVL,2023-01-05-18,1,1,1,1,1,1,1,1.0,1.0,1,1
2,42,2023-01-06-08,/home/ubuntu/klb/nuclr/nuclr/Data/Atanas_SF_unified_000776/cv5_grouped_v1/fold_2/test/train__2023-01-06-08__f954f0e6.npz,100,RMGL,2023-01-05-18,0,4,-1,0,0,1,0,0.25,0.0,0,0
2,42,2023-01-06-08,/home/ubuntu/klb/nuclr/nuclr/Data/Atanas_SF_unified_000776/cv5_grouped_v1/fold_2/test/train__2023-01-06-08__f954f0e6.npz,102,URYVL,2023-01-05-18,1,1,1,1,1,1,1,1.0,1.0,0,1
2,42,2023-01-06-08,/home/ubuntu/klb/nuclr/nuclr/Data/Atanas_SF_unified_000776/cv5_grouped_v1/fold_2/test/train__2023-01-06-08__f954f0e6.npz,103,OLQDR,2023-01-05-18,1,1,1,1,1,1,1,1.0,1.0,1,1
2,42,2023-01-06-08,/home/ubuntu/klb/nuclr/nuclr/Data/Atanas_SF_unified_000776/cv5_grouped_v1/fold_2/test/train__2023-01-06-08__f954f0e6.npz,104,AIMR,2023-01-05-18,0,1,-1,1,0,1,0,1.0,0.0,1,0
2,42,2023-01-06-08,/home/ubuntu/klb/nuclr/nuclr/Data/Atanas_SF_unified_000776/cv5_grouped_v1/fold_2/test/train__2023-01-06-08__f954f0e6.npz,107,OLQVL,2023-01-05-18,1,2,2,0,0,1,1,0.5,0.5,0,0
2,42,2023-01-06-08,/home/ubuntu/klb/nuclr/nuclr/Data/Atanas_SF_unified_000776/cv5_grouped_v1/fold_2/test/train__2023-01-06-08__f954f0e6.npz,111,ADAL,2023-01-05-18,0,1,-1,1,0,1,0,1.0,0.0,1,0
2,42,2023-01-06-08,/home/ubuntu/klb/nuclr/nuclr/Data/Atanas_SF_unified_000776/cv5_grouped_v1/fold_2/test/train__2023-01-06-08__f954f0e6.npz,113,ADLL,2023-01-05-18,1,1,1,1,1,1,1,1.0,1.0,1,1
2,42,2023-01-06-08,/home/ubuntu/klb/nuclr/nuclr/Data/Atanas_SF_unified_000776/cv5_grouped_v1/fold_2/test/train__2023-01-06-08__f954f0e6.npz,115,AVJL,2023-01-05-18,1,1,1,1,1,1,1,1.0,1.0,1,1
2,42,2023-01-06-08,/home/ubuntu/klb/nuclr/nuclr/Data/Atanas_SF_unified_000776/cv5_grouped_v1/fold_2/test/train__2023-01-06-08__f954f0e6.npz,116,RMEV,2023-01-05-18,1,1,1,1,1,1,1,1.0,1.0,1,1
2,42,2023-01-06-08,/home/ubuntu/klb/nuclr/nuclr/Data/Atanas_SF_unified_000776/cv5_grouped_v1/fold_2/test/train__2023-01-06-08__f954f0e6.npz,117,AVL,2023-01-05-18,1,32,17,0,0,0,0,0.03125,0.058823529411764705,0,0
2,42,2023-01-06-08,/home/ubuntu/klb/nuclr/nuclr/Data/Atanas_SF_unified_000776/cv5_grouped_v1/fold_2/test/train__2023-01-06-08__f954f0e6.npz,118,RIMR,2023-01-05-18,0,1,-1,1,0,1,0,1.0,0.0,1,0
2,42,2023-01-06-08,/home/ubuntu/klb/nuclr/nuclr/Data/Atanas_SF_unified_000776/cv5_grouped_v1/fold_2/test/train__2023-01-06-08__f954f0e6.npz,120,URXR,2023-01-05-18,1,5,3,0,0,1,1,0.2,0.3333333333333333,0,0
2,42,2023-01-06-08,/home/ubuntu/klb/nuclr/nuclr/Data/Atanas_SF_unified_000776/cv5_grouped_v1/fold_2/test/train__2023-01-06-08__f954f0e6.npz,121,URYVR,2023-01-05-18,0,1,-1,1,0,1,0,1.0,0.0,1,0
2,42,2023-01-06-08,/home/ubuntu/klb/nuclr/nuclr/Data/Atanas_SF_unified_000776/cv5_grouped_v1/fold_2/test/train__2023-01-06-08__f954f0e6.npz,122,RIAR,2023-01-05-18,1,1,1,1,1,1,1,1.0,1.0,1,1
2,42,2023-01-06-08,/home/ubuntu/klb/nuclr/nuclr/Data/Atanas_SF_unified_000776/cv5_grouped_v1/fold_2/test/train__2023-01-06-08__f954f0e6.npz,123,AWAR,2023-01-05-18,0,9,-1,0,0,0,0,0.1111111111111111,0.0,0,0
2,42,2023-01-06-08,/home/ubuntu/klb/nuclr/nuclr/Data/Atanas_SF_unified_000776/cv5_grouped_v1/fold_2/test/train__2023-01-06-08__f954f0e6.npz,124,ASGL,2023-01-05-18,1,1,1,1,1,1,1,1.0,1.0,1,1
2,42,2023-01-09-08,/home/ubuntu/klb/nuclr/nuclr/Data/Atanas_SF_unified_000776/cv5_grouped_v1/fold_2/test/train__2023-01-09-08__7142827e.npz,1,IL2DR,2023-01-05-18,1,2,3,0,0,1,1,0.5,0.3333333333333333,0,0
2,42,2023-01-09-08,/home/ubuntu/klb/nuclr/nuclr/Data/Atanas_SF_unified_000776/cv5_grouped_v1/fold_2/test/train__2023-01-09-08__7142827e.npz,3,RMDVR,2023-01-05-18,1,3,2,0,0,1,1,0.3333333333333333,0.5,0,0
2,42,2023-01-09-08,/home/ubuntu/klb/nuclr/nuclr/Data/Atanas_SF_unified_000776/cv5_grouped_v1/fold_2/test/train__2023-01-09-08__7142827e.npz,9,IL1DL,2023-01-05-18,1,1,1,1,1,1,1,1.0,1.0,1,1
2,42,2023-01-09-08,/home/ubuntu/klb/nuclr/nuclr/Data/Atanas_SF_unified_000776/cv5_grouped_v1/fold_2/test/train__2023-01-09-08__7142827e.npz,11,MI,2023-01-05-18,1,3,2,0,0,1,1,0.3333333333333333,0.5,0,0
2,42,2023-01-09-08,/home/ubuntu/klb/nuclr/nuclr/Data/Atanas_SF_unified_000776/cv5_grouped_v1/fold_2/test/train__2023-01-09-08__7142827e.npz,16,SMDVL,2023-01-05-18,1,1,1,1,1,1,1,1.0,1.0,1,1
2,42,2023-01-09-08,/home/ubuntu/klb/nuclr/nuclr/Data/Atanas_SF_unified_000776/cv5_grouped_v1/fold_2/test/train__2023-01-09-08__7142827e.npz,19,RIAL,2023-01-05-18,1,1,1,1,1,1,1,1.0,1.0,1,1
2,42,2023-01-09-08,/home/ubuntu/klb/nuclr/nuclr/Data/Atanas_SF_unified_000776/cv5_grouped_v1/fold_2/test/train__2023-01-09-08__7142827e.npz,24,OLLR,2023-01-05-18,1,1,1,1,1,1,1,1.0,1.0,1,1
2,42,2023-01-09-08,/home/ubuntu/klb/nuclr/nuclr/Data/Atanas_SF_unified_000776/cv5_grouped_v1/fold_2/test/train__2023-01-09-08__7142827e.npz,25,URYVL,2023-01-05-18,1,4,4,0,0,1,1,0.25,0.25,0,0
2,42,2023-01-09-08,/home/ubuntu/klb/nuclr/nuclr/Data/Atanas_SF_unified_000776/cv5_grouped_v1/fold_2/test/train__2023-01-09-08__7142827e.npz,27,NSML,2023-01-05-18,1,3,2,0,0,1,1,0.3333333333333333,0.5,0,0
2,42,2023-01-09-08,/home/ubuntu/klb/nuclr/nuclr/Data/Atanas_SF_unified_000776/cv5_grouped_v1/fold_2/test/train__2023-01-09-08__7142827e.npz,29,M3R,2023-01-05-18,1,4,9,0,0,1,0,0.25,0.1111111111111111,1,1
2,42,2023-01-09-08,/home/ubuntu/klb/nuclr/nuclr/Data/Atanas_SF_unified_000776/cv5_grouped_v1/fold_2/test/train__2023-01-09-08__7142827e.npz,30,RIVL,2023-01-05-18,1,1,1,1,1,1,1,1.0,1.0,1,1
2,42,2023-01-09-08,/home/ubuntu/klb/nuclr/nuclr/Data/Atanas_SF_unified_000776/cv5_grouped_v1/fold_2/test/train__2023-01-09-08__7142827e.npz,31,RIBR,2023-01-05-18,0,2,-1,0,0,1,0,0.5,0.0,1,0
2,42,2023-01-09-08,/home/ubuntu/klb/nuclr/nuclr/Data/Atanas_SF_unified_000776/cv5_grouped_v1/fold_2/test/train__2023-01-09-08__7142827e.npz,32,OLQDL,2023-01-05-18,1,1,1,1,1,1,1,1.0,1.0,1,1
2,42,2023-01-09-08,/home/ubuntu/klb/nuclr/nuclr/Data/Atanas_SF_unified_000776/cv5_grouped_v1/fold_2/test/train__2023-01-09-08__7142827e.npz,35,I2L,2023-01-05-18,1,3,3,0,0,1,1,0.3333333333333333,0.3333333333333333,0,0
2,42,2023-01-09-08,/home/ubuntu/klb/nuclr/nuclr/Data/Atanas_SF_unified_000776/cv5_grouped_v1/fold_2/test/train__2023-01-09-08__7142827e.npz,38,IL2R,2023-01-05-18,1,18,10,0,0,0,0,0.05555555555555555,0.1,0,0
2,42,2023-01-09-08,/home/ubuntu/klb/nuclr/nuclr/Data/Atanas_SF_unified_000776/cv5_grouped_v1/fold_2/test/train__2023-01-09-08__7142827e.npz,41,I1L,2023-01-05-18,1,3,3,0,0,1,1,0.3333333333333333,0.3333333333333333,0,0
2,42,2023-01-09-08,/home/ubuntu/klb/nuclr/nuclr/Data/Atanas_SF_unified_000776/cv5_grouped_v1/fold_2/test/train__2023-01-09-08__7142827e.npz,42,OLQDR,2023-01-05-18,1,2,2,0,0,1,1,0.5,0.5,0,0
2,42,2023-01-09-08,/home/ubuntu/klb/nuclr/nuclr/Data/Atanas_SF_unified_000776/cv5_grouped_v1/fold_2/test/train__2023-01-09-08__7142827e.npz,43,AVDR,2023-01-05-18,1,1,1,1,1,1,1,1.0,1.0,1,1
2,42,2023-01-09-08,/home/ubuntu/klb/nuclr/nuclr/Data/Atanas_SF_unified_000776/cv5_grouped_v1/fold_2/test/train__2023-01-09-08__7142827e.npz,47,AVL,2023-01-05-18,1,28,4,0,0,0,1,0.03571428571428571,0.25,0,0
2,42,2023-01-09-08,/home/ubuntu/klb/nuclr/nuclr/Data/Atanas_SF_unified_000776/cv5_grouped_v1/fold_2/test/train__2023-01-09-08__7142827e.npz,48,URYDR,2023-01-05-18,1,1,1,1,1,1,1,1.0,1.0,1,1
2,42,2023-01-09-08,/home/ubuntu/klb/nuclr/nuclr/Data/Atanas_SF_unified_000776/cv5_grouped_v1/fold_2/test/train__2023-01-09-08__7142827e.npz,49,I1R,2023-01-05-18,1,7,4,0,0,0,1,0.14285714285714285,0.25,0,0
2,42,2023-01-09-08,/home/ubuntu/klb/nuclr/nuclr/Data/Atanas_SF_unified_000776/cv5_grouped_v1/fold_2/test/train__2023-01-09-08__7142827e.npz,53,AWBR,2023-01-05-18,1,10,4,0,0,0,1,0.1,0.25,0,1
2,42,2023-01-09-08,/home/ubuntu/klb/nuclr/nuclr/Data/Atanas_SF_unified_000776/cv5_grouped_v1/fold_2/test/train__2023-01-09-08__7142827e.npz,54,SAAVL,2023-01-05-18,1,3,2,0,0,1,1,0.3333333333333333,0.5,0,0
2,42,2023-01-09-08,/home/ubuntu/klb/nuclr/nuclr/Data/Atanas_SF_unified_000776/cv5_grouped_v1/fold_2/test/train__2023-01-09-08__7142827e.npz,59,NSMR,2023-01-05-18,1,4,4,0,0,1,1,0.25,0.25,0,0
2,42,2023-01-09-08,/home/ubuntu/klb/nuclr/nuclr/Data/Atanas_SF_unified_000776/cv5_grouped_v1/fold_2/test/train__2023-01-09-08__7142827e.npz,60,M3L,2023-01-05-18,1,3,3,0,0,1,1,0.3333333333333333,0.3333333333333333,0,0
2,42,2023-01-09-08,/home/ubuntu/klb/nuclr/nuclr/Data/Atanas_SF_unified_000776/cv5_grouped_v1/fold_2/test/train__2023-01-09-08__7142827e.npz,61,RMER,2023-01-05-18,1,1,1,1,1,1,1,1.0,1.0,1,1
2,42,2023-01-09-08,/home/ubuntu/klb/nuclr/nuclr/Data/Atanas_SF_unified_000776/cv5_grouped_v1/fold_2/test/train__2023-01-09-08__7142827e.npz,63,AWCL,2023-01-05-18,1,4,3,0,0,1,1,0.25,0.3333333333333333,0,0
2,42,2023-01-09-08,/home/ubuntu/klb/nuclr/nuclr/Data/Atanas_SF_unified_000776/cv5_grouped_v1/fold_2/test/train__2023-01-09-08__7142827e.npz,68,CEPVR,2023-01-05-18,0,1,-1,1,0,1,0,1.0,0.0,1,0
2,42,2023-01-09-08,/home/ubuntu/klb/nuclr/nuclr/Data/Atanas_SF_unified_000776/cv5_grouped_v1/fold_2/test/train__2023-01-09-08__7142827e.npz,70,AVJR,2023-01-05-18,1,1,1,1,1,1,1,1.0,1.0,1,1
2,42,2023-01-09-08,/home/ubuntu/klb/nuclr/nuclr/Data/Atanas_SF_unified_000776/cv5_grouped_v1/fold_2/test/train__2023-01-09-08__7142827e.npz,71,RIMR,2023-01-05-18,0,1,-1,1,0,1,0,1.0,0.0,1,0
2,42,2023-01-09-08,/home/ubuntu/klb/nuclr/nuclr/Data/Atanas_SF_unified_000776/cv5_grouped_v1/fold_2/test/train__2023-01-09-08__7142827e.npz,74,CEPVL,2023-01-05-18,1,2,1,0,1,1,1,0.5,1.0,0,1
2,42,2023-01-09-08,/home/ubuntu/klb/nuclr/nuclr/Data/Atanas_SF_unified_000776/cv5_grouped_v1/fold_2/test/train__2023-01-09-08__7142827e.npz,77,RMEL,2023-01-05-18,0,8,-1,0,0,0,0,0.125,0.0,0,0
2,42,2023-01-09-08,/home/ubuntu/klb/nuclr/nuclr/Data/Atanas_SF_unified_000776/cv5_grouped_v1/fold_2/test/train__2023-01-09-08__7142827e.npz,78,AVAL,2023-01-05-18,1,1,1,1,1,1,1,1.0,1.0,1,1
2,42,2023-01-09-08,/home/ubuntu/klb/nuclr/nuclr/Data/Atanas_SF_unified_000776/cv5_grouped_v1/fold_2/test/train__2023-01-09-08__7142827e.npz,81,CEPDR,2023-01-05-18,1,1,2,1,0,1,1,1.0,0.5,1,1
2,42,2023-01-09-08,/home/ubuntu/klb/nuclr/nuclr/Data/Atanas_SF_unified_000776/cv5_grouped_v1/fold_2/test/train__2023-01-09-08__7142827e.npz,82,AVJL,2023-01-05-18,1,2,1,0,1,1,1,0.5,1.0,1,1
2,42,2023-01-09-08,/home/ubuntu/klb/nuclr/nuclr/Data/Atanas_SF_unified_000776/cv5_grouped_v1/fold_2/test/train__2023-01-09-08__7142827e.npz,85,IL2DL,2023-01-05-18,1,3,1,0,1,1,1,0.3333333333333333,1.0,0,1
2,42,2023-01-09-08,/home/ubuntu/klb/nuclr/nuclr/Data/Atanas_SF_unified_000776/cv5_grouped_v1/fold_2/test/train__2023-01-09-08__7142827e.npz,89,URXL,2023-01-05-18,1,2,1,0,1,1,1,0.5,1.0,0,0
2,42,2023-01-09-08,/home/ubuntu/klb/nuclr/nuclr/Data/Atanas_SF_unified_000776/cv5_grouped_v1/fold_2/test/train__2023-01-09-08__7142827e.npz,92,URBL,2023-01-05-18,1,1,2,1,0,1,1,1.0,0.5,1,0
2,42,2023-01-09-08,/home/ubuntu/klb/nuclr/nuclr/Data/Atanas_SF_unified_000776/cv5_grouped_v1/fold_2/test/train__2023-01-09-08__7142827e.npz,94,AWBL,2023-01-05-18,1,3,4,0,0,1,1,0.3333333333333333,0.25,0,0
2,42,2023-01-09-08,/home/ubuntu/klb/nuclr/nuclr/Data/Atanas_SF_unified_000776/cv5_grouped_v1/fold_2/test/train__2023-01-09-08__7142827e.npz,103,RIH,2023-01-05-18,0,2,-1,0,0,1,0,0.5,0.0,0,0
2,42,2023-01-09-08,/home/ubuntu/klb/nuclr/nuclr/Data/Atanas_SF_unified_000776/cv5_grouped_v1/fold_2/test/train__2023-01-09-08__7142827e.npz,104,AVDL,2023-01-05-18,0,1,-1,1,0,1,0,1.0,0.0,1,0
2,42,2023-01-09-08,/home/ubuntu/klb/nuclr/nuclr/Data/Atanas_SF_unified_000776/cv5_grouped_v1/fold_2/test/train__2023-01-09-08__7142827e.npz,106,AWAR,2023-01-05-18,0,1,-1,1,0,1,0,1.0,0.0,1,0
2,42,2023-01-09-08,/home/ubuntu/klb/nuclr/nuclr/Data/Atanas_SF_unified_000776/cv5_grouped_v1/fold_2/test/train__2023-01-09-08__7142827e.npz,107,AVER,2023-01-05-18,1,1,3,1,0,1,1,1.0,0.3333333333333333,1,0
2,42,2023-01-09-08,/home/ubuntu/klb/nuclr/nuclr/Data/Atanas_SF_unified_000776/cv5_grouped_v1/fold_2/test/train__2023-01-09-08__7142827e.npz,109,CEPDL,2023-01-05-18,1,2,2,0,0,1,1,0.5,0.5,0,0
2,42,2023-01-09-08,/home/ubuntu/klb/nuclr/nuclr/Data/Atanas_SF_unified_000776/cv5_grouped_v1/fold_2/test/train__2023-01-09-08__7142827e.npz,110,I3,2023-01-05-18,1,1,1,1,1,1,1,1.0,1.0,1,1
2,42,2023-01-09-08,/home/ubuntu/klb/nuclr/nuclr/Data/Atanas_SF_unified_000776/cv5_grouped_v1/fold_2/test/train__2023-01-09-08__7142827e.npz,112,RIVR,2023-01-05-18,1,1,2,1,0,1,1,1.0,0.5,1,1
2,42,2023-01-09-08,/home/ubuntu/klb/nuclr/nuclr/Data/Atanas_SF_unified_000776/cv5_grouped_v1/fold_2/test/train__2023-01-09-08__7142827e.npz,117,IL1DR,2023-01-05-18,1,1,1,1,1,1,1,1.0,1.0,1,1
2,42,2023-01-09-08,/home/ubuntu/klb/nuclr/nuclr/Data/Atanas_SF_unified_000776/cv5_grouped_v1/fold_2/test/train__2023-01-09-08__7142827e.npz,120,AVBR,2023-01-05-18,0,1,-1,1,0,1,0,1.0,0.0,1,0
2,42,2023-01-09-08,/home/ubuntu/klb/nuclr/nuclr/Data/Atanas_SF_unified_000776/cv5_grouped_v1/fold_2/test/train__2023-01-09-08__7142827e.npz,125,IL2L,2023-01-05-18,1,7,9,0,0,0,0,0.14285714285714285,0.1111111111111111,0,0
2,42,2023-01-09-08,/home/ubuntu/klb/nuclr/nuclr/Data/Atanas_SF_unified_000776/cv5_grouped_v1/fold_2/test/train__2023-01-09-08__7142827e.npz,126,URXR,2023-01-05-18,1,22,10,0,0,0,0,0.045454545454545456,0.1,0,0
2,42,2023-01-09-08,/home/ubuntu/klb/nuclr/nuclr/Data/Atanas_SF_unified_000776/cv5_grouped_v1/fold_2/test/train__2023-01-09-08__7142827e.npz,130,OLLL,2023-01-05-18,1,1,1,1,1,1,1,1.0,1.0,1,1
2,42,2023-01-09-15,/home/ubuntu/klb/nuclr/nuclr/Data/Atanas_SF_unified_000776/cv5_grouped_v1/fold_2/test/train__2023-01-09-15__112db21c.npz,2,ASEL,2023-01-05-18,1,1,1,1,1,1,1,1.0,1.0,1,1
2,42,2023-01-09-15,/home/ubuntu/klb/nuclr/nuclr/Data/Atanas_SF_unified_000776/cv5_grouped_v1/fold_2/test/train__2023-01-09-15__112db21c.npz,3,AIBL,2023-01-05-18,0,1,-1,1,0,1,0,1.0,0.0,1,0
2,42,2023-01-09-15,/home/ubuntu/klb/nuclr/nuclr/Data/Atanas_SF_unified_000776/cv5_grouped_v1/fold_2/test/train__2023-01-09-15__112db21c.npz,4,AINL,2023-01-05-18,0,1,-1,1,0,1,0,1.0,0.0,1,0
2,42,2023-01-09-15,/home/ubuntu/klb/nuclr/nuclr/Data/Atanas_SF_unified_000776/cv5_grouped_v1/fold_2/test/train__2023-01-09-15__112db21c.npz,5,AIZR,2023-01-05-18,1,1,1,1,1,1,1,1.0,1.0,1,1
2,42,2023-01-09-15,/home/ubuntu/klb/nuclr/nuclr/Data/Atanas_SF_unified_000776/cv5_grouped_v1/fold_2/test/train__2023-01-09-15__112db21c.npz,6,NSML,2023-01-05-18,1,1,1,1,1,1,1,1.0,1.0,1,1
2,42,2023-01-09-15,/home/ubuntu/klb/nuclr/nuclr/Data/Atanas_SF_unified_000776/cv5_grouped_v1/fold_2/test/train__2023-01-09-15__112db21c.npz,7,AWBL,2023-01-05-18,1,2,2,0,0,1,1,0.5,0.5,0,0
2,42,2023-01-09-15,/home/ubuntu/klb/nuclr/nuclr/Data/Atanas_SF_unified_000776/cv5_grouped_v1/fold_2/test/train__2023-01-09-15__112db21c.npz,8,AVJR,2023-01-05-18,1,1,1,1,1,1,1,1.0,1.0,1,1
2,42,2023-01-09-15,/home/ubuntu/klb/nuclr/nuclr/Data/Atanas_SF_unified_000776/cv5_grouped_v1/fold_2/test/train__2023-01-09-15__112db21c.npz,9,RMDVL,2023-01-05-18,1,1,1,1,1,1,1,1.0,1.0,1,1
2,42,2023-01-09-15,/home/ubuntu/klb/nuclr/nuclr/Data/Atanas_SF_unified_000776/cv5_grouped_v1/fold_2/test/train__2023-01-09-15__112db21c.npz,10,URBR,2023-01-05-18,1,2,3,0,0,1,1,0.5,0.3333333333333333,0,0
2,42,2023-01-09-15,/home/ubuntu/klb/nuclr/nuclr/Data/Atanas_SF_unified_000776/cv5_grouped_v1/fold_2/test/train__2023-01-09-15__112db21c.npz,11,CEPVR,2023-01-05-18,0,1,-1,1,0,1,0,1.0,0.0,1,0
2,42,2023-01-09-15,/home/ubuntu/klb/nuclr/nuclr/Data/Atanas_SF_unified_000776/cv5_grouped_v1/fold_2/test/train__2023-01-09-15__112db21c.npz,12,RIBR,2023-01-05-18,0,1,-1,1,0,1,0,1.0,0.0,1,0
2,42,2023-01-09-15,/home/ubuntu/klb/nuclr/nuclr/Data/Atanas_SF_unified_000776/cv5_grouped_v1/fold_2/test/train__2023-01-09-15__112db21c.npz,13,OLLR,2023-01-05-18,1,1,1,1,1,1,1,1.0,1.0,1,1
2,42,2023-01-09-15,/home/ubuntu/klb/nuclr/nuclr/Data/Atanas_SF_unified_000776/cv5_grouped_v1/fold_2/test/train__2023-01-09-15__112db21c.npz,14,AWCL,2023-01-05-18,1,1,2,1,0,1,1,1.0,0.5,1,0
2,42,2023-01-09-15,/home/ubuntu/klb/nuclr/nuclr/Data/Atanas_SF_unified_000776/cv5_grouped_v1/fold_2/test/train__2023-01-09-15__112db21c.npz,16,SAAVL,2023-01-05-18,1,1,1,1,1,1,1,1.0,1.0,1,1
2,42,2023-01-09-15,/home/ubuntu/klb/nuclr/nuclr/Data/Atanas_SF_unified_000776/cv5_grouped_v1/fold_2/test/train__2023-01-09-15__112db21c.npz,17,ADEL,2023-01-05-18,0,1,-1,1,0,1,0,1.0,0.0,1,0
2,42,2023-01-09-15,/home/ubuntu/klb/nuclr/nuclr/Data/Atanas_SF_unified_000776/cv5_grouped_v1/fold_2/test/train__2023-01-09-15__112db21c.npz,19,RMDVR,2023-01-05-18,1,1,1,1,1,1,1,1.0,1.0,1,1
2,42,2023-01-09-15,/home/ubuntu/klb/nuclr/nuclr/Data/Atanas_SF_unified_000776/cv5_grouped_v1/fold_2/test/train__2023-01-09-15__112db21c.npz,21,URYVR,2023-01-05-18,0,7,-1,0,0,0,0,0.14285714285714285,0.0,0,0
2,42,2023-01-09-15,/home/ubuntu/klb/nuclr/nuclr/Data/Atanas_SF_unified_000776/cv5_grouped_v1/fold_2/test/train__2023-01-09-15__112db21c.npz,22,IL1L,2023-01-05-18,1,1,1,1,1,1,1,1.0,1.0,1,1
2,42,2023-01-09-15,/home/ubuntu/klb/nuclr/nuclr/Data/Atanas_SF_unified_000776/cv5_grouped_v1/fold_2/test/train__2023-01-09-15__112db21c.npz,24,ADAL,2023-01-05-18,0,2,-1,0,0,1,0,0.5,0.0,1,0
2,42,2023-01-09-15,/home/ubuntu/klb/nuclr/nuclr/Data/Atanas_SF_unified_000776/cv5_grouped_v1/fold_2/test/train__2023-01-09-15__112db21c.npz,25,AWAR,2023-01-05-18,0,3,-1,0,0,1,0,0.3333333333333333,0.0,0,0
2,42,2023-01-09-15,/home/ubuntu/klb/nuclr/nuclr/Data/Atanas_SF_unified_000776/cv5_grouped_v1/fold_2/test/train__2023-01-09-15__112db21c.npz,26,OLLL,2023-01-05-18,1,1,1,1,1,1,1,1.0,1.0,1,1
2,42,2023-01-09-15,/home/ubuntu/klb/nuclr/nuclr/Data/Atanas_SF_unified_000776/cv5_grouped_v1/fold_2/test/train__2023-01-09-15__112db21c.npz,27,OLQVR,2023-01-05-18,1,1,1,1,1,1,1,1.0,1.0,1,1
2,42,2023-01-09-15,/home/ubuntu/klb/nuclr/nuclr/Data/Atanas_SF_unified_000776/cv5_grouped_v1/fold_2/test/train__2023-01-09-15__112db21c.npz,28,M1,2023-01-05-18,1,1,1,1,1,1,1,1.0,1.0,1,1
2,42,2023-01-09-15,/home/ubuntu/klb/nuclr/nuclr/Data/Atanas_SF_unified_000776/cv5_grouped_v1/fold_2/test/train__2023-01-09-15__112db21c.npz,29,RIVR,2023-01-05-18,1,1,1,1,1,1,1,1.0,1.0,1,1
2,42,2023-01-09-15,/home/ubuntu/klb/nuclr/nuclr/Data/Atanas_SF_unified_000776/cv5_grouped_v1/fold_2/test/train__2023-01-09-15__112db21c.npz,30,URYVL,2023-01-05-18,1,1,1,1,1,1,1,1.0,1.0,1,1
2,42,2023-01-09-15,/home/ubuntu/klb/nuclr/nuclr/Data/Atanas_SF_unified_000776/cv5_grouped_v1/fold_2/test/train__2023-01-09-15__112db21c.npz,31,IL2DR,2023-01-05-18,1,3,4,0,0,1,1,0.3333333333333333,0.25,0,0
2,42,2023-01-09-15,/home/ubuntu/klb/nuclr/nuclr/Data/Atanas_SF_unified_000776/cv5_grouped_v1/fold_2/test/train__2023-01-09-15__112db21c.npz,32,URYDR,2023-01-05-18,1,2,2,0,0,1,1,0.5,0.5,0,0
2,42,2023-01-09-15,/home/ubuntu/klb/nuclr/nuclr/Data/Atanas_SF_unified_000776/cv5_grouped_v1/fold_2/test/train__2023-01-09-15__112db21c.npz,33,ASGR,2023-01-05-18,0,1,-1,1,0,1,0,1.0,0.0,1,0
2,42,2023-01-09-15,/home/ubuntu/klb/nuclr/nuclr/Data/Atanas_SF_unified_000776/cv5_grouped_v1/fold_2/test/train__2023-01-09-15__112db21c.npz,34,ASER,2023-01-05-18,1,9,7,0,0,0,0,0.1111111111111111,0.14285714285714285,0,0
2,42,2023-01-09-15,/home/ubuntu/klb/nuclr/nuclr/Data/Atanas_SF_unified_000776/cv5_grouped_v1/fold_2/test/train__2023-01-09-15__112db21c.npz,35,I1R,2023-01-05-18,1,1,1,1,1,1,1,1.0,1.0,1,1
2,42,2023-01-09-15,/home/ubuntu/klb/nuclr/nuclr/Data/Atanas_SF_unified_000776/cv5_grouped_v1/fold_2/test/train__2023-01-09-15__112db21c.npz,36,FLPR,2023-01-05-18,1,2,1,0,1,1,1,0.5,1.0,0,0
2,42,2023-01-09-15,/home/ubuntu/klb/nuclr/nuclr/Data/Atanas_SF_unified_000776/cv5_grouped_v1/fold_2/test/train__2023-01-09-15__112db21c.npz,37,CEPDR,2023-01-05-18,1,3,3,0,0,1,1,0.3333333333333333,0.3333333333333333,0,0
2,42,2023-01-09-15,/home/ubuntu/klb/nuclr/nuclr/Data/Atanas_SF_unified_000776/cv5_grouped_v1/fold_2/test/train__2023-01-09-15__112db21c.npz,40,VB02,2023-01-05-18,0,1,-1,1,0,1,0,1.0,0.0,1,0
2,42,2023-01-09-15,/home/ubuntu/klb/nuclr/nuclr/Data/Atanas_SF_unified_000776/cv5_grouped_v1/fold_2/test/train__2023-01-09-15__112db21c.npz,41,AWBR,2023-01-05-18,1,29,22,0,0,0,0,0.034482758620689655,0.045454545454545456,0,0
2,42,2023-01-09-15,/home/ubuntu/klb/nuclr/nuclr/Data/Atanas_SF_unified_000776/cv5_grouped_v1/fold_2/test/train__2023-01-09-15__112db21c.npz,43,AQR,2023-01-05-18,0,1,-1,1,0,1,0,1.0,0.0,1,0
2,42,2023-01-09-15,/home/ubuntu/klb/nuclr/nuclr/Data/Atanas_SF_unified_000776/cv5_grouped_v1/fold_2/test/train__2023-01-09-15__112db21c.npz,44,AVER,2023-01-05-18,1,1,1,1,1,1,1,1.0,1.0,1,1
2,42,2023-01-09-15,/home/ubuntu/klb/nuclr/nuclr/Data/Atanas_SF_unified_000776/cv5_grouped_v1/fold_2/test/train__2023-01-09-15__112db21c.npz,46,IL2VR,2023-01-05-18,1,1,1,1,1,1,1,1.0,1.0,1,1
2,42,2023-01-09-15,/home/ubuntu/klb/nuclr/nuclr/Data/Atanas_SF_unified_000776/cv5_grouped_v1/fold_2/test/train__2023-01-09-15__112db21c.npz,47,RICL,2023-01-05-18,1,1,1,1,1,1,1,1.0,1.0,1,1
2,42,2023-01-09-15,/home/ubuntu/klb/nuclr/nuclr/Data/Atanas_SF_unified_000776/cv5_grouped_v1/fold_2/test/train__2023-01-09-15__112db21c.npz,50,CEPDL,2023-01-05-18,1,1,2,1,0,1,1,1.0,0.5,1,1
2,42,2023-01-09-15,/home/ubuntu/klb/nuclr/nuclr/Data/Atanas_SF_unified_000776/cv5_grouped_v1/fold_2/test/train__2023-01-09-15__112db21c.npz,51,RMDDL,2023-01-05-18,1,1,1,1,1,1,1,1.0,1.0,1,1
2,42,2023-01-09-15,/home/ubuntu/klb/nuclr/nuclr/Data/Atanas_SF_unified_000776/cv5_grouped_v1/fold_2/test/train__2023-01-09-15__112db21c.npz,53,RMER,2023-01-05-18,1,1,1,1,1,1,1,1.0,1.0,1,1
2,42,2023-01-09-15,/home/ubuntu/klb/nuclr/nuclr/Data/Atanas_SF_unified_000776/cv5_grouped_v1/fold_2/test/train__2023-01-09-15__112db21c.npz,54,AINR,2023-01-05-18,1,14,16,0,0,0,0,0.07142857142857142,0.0625,0,0
2,42,2023-01-09-15,/home/ubuntu/klb/nuclr/nuclr/Data/Atanas_SF_unified_000776/cv5_grouped_v1/fold_2/test/train__2023-01-09-15__112db21c.npz,56,AVAR,2023-01-05-18,1,1,1,1,1,1,1,1.0,1.0,1,1
2,42,2023-01-09-15,/home/ubuntu/klb/nuclr/nuclr/Data/Atanas_SF_unified_000776/cv5_grouped_v1/fold_2/test/train__2023-01-09-15__112db21c.npz,57,RIBL,2023-01-05-18,0,1,-1,1,0,1,0,1.0,0.0,1,0
2,42,2023-01-09-15,/home/ubuntu/klb/nuclr/nuclr/Data/Atanas_SF_unified_000776/cv5_grouped_v1/fold_2/test/train__2023-01-09-15__112db21c.npz,60,OLQDR,2023-01-05-18,1,1,1,1,1,1,1,1.0,1.0,1,1
2,42,2023-01-09-15,/home/ubuntu/klb/nuclr/nuclr/Data/Atanas_SF_unified_000776/cv5_grouped_v1/fold_2/test/train__2023-01-09-15__112db21c.npz,61,AVDL,2023-01-05-18,0,1,-1,1,0,1,0,1.0,0.0,1,0
2,42,2023-01-09-15,/home/ubuntu/klb/nuclr/nuclr/Data/Atanas_SF_unified_000776/cv5_grouped_v1/fold_2/test/train__2023-01-09-15__112db21c.npz,63,ASIL,2023-01-05-18,1,1,1,1,1,1,1,1.0,1.0,1,1
2,42,2023-01-09-15,/home/ubuntu/klb/nuclr/nuclr/Data/Atanas_SF_unified_000776/cv5_grouped_v1/fold_2/test/train__2023-01-09-15__112db21c.npz,64,AWCR,2023-01-05-18,0,1,-1,1,0,1,0,1.0,0.0,1,0
2,42,2023-01-09-15,/home/ubuntu/klb/nuclr/nuclr/Data/Atanas_SF_unified_000776/cv5_grouped_v1/fold_2/test/train__2023-01-09-15__112db21c.npz,65,AUAR,2023-01-05-18,0,1,-1,1,0,1,0,1.0,0.0,1,0
2,42,2023-01-09-15,/home/ubuntu/klb/nuclr/nuclr/Data/Atanas_SF_unified_000776/cv5_grouped_v1/fold_2/test/train__2023-01-09-15__112db21c.npz,67,I3,2023-01-05-18,1,1,1,1,1,1,1,1.0,1.0,1,1
2,42,2023-01-09-15,/home/ubuntu/klb/nuclr/nuclr/Data/Atanas_SF_unified_000776/cv5_grouped_v1/fold_2/test/train__2023-01-09-15__112db21c.npz,68,CEPVL,2023-01-05-18,1,1,1,1,1,1,1,1.0,1.0,1,1
2,42,2023-01-09-15,/home/ubuntu/klb/nuclr/nuclr/Data/Atanas_SF_unified_000776/cv5_grouped_v1/fold_2/test/train__2023-01-09-15__112db21c.npz,69,SMDVL,2023-01-05-18,1,1,1,1,1,1,1,1.0,1.0,1,1
2,42,2023-01-09-15,/home/ubuntu/klb/nuclr/nuclr/Data/Atanas_SF_unified_000776/cv5_grouped_v1/fold_2/test/train__2023-01-09-15__112db21c.npz,70,AUAL,2023-01-05-18,1,1,1,1,1,1,1,1.0,1.0,1,1
2,42,2023-01-09-15,/home/ubuntu/klb/nuclr/nuclr/Data/Atanas_SF_unified_000776/cv5_grouped_v1/fold_2/test/train__2023-01-09-15__112db21c.npz,72,ASIR,2023-01-05-18,0,1,-1,1,0,1,0,1.0,0.0,1,0
2,42,2023-01-09-15,/home/ubuntu/klb/nuclr/nuclr/Data/Atanas_SF_unified_000776/cv5_grouped_v1/fold_2/test/train__2023-01-09-15__112db21c.npz,76,I1L,2023-01-05-18,1,1,1,1,1,1,1,1.0,1.0,1,1
2,42,2023-01-09-15,/home/ubuntu/klb/nuclr/nuclr/Data/Atanas_SF_unified_000776/cv5_grouped_v1/fold_2/test/train__2023-01-09-15__112db21c.npz,77,M3L,2023-01-05-18,1,1,1,1,1,1,1,1.0,1.0,1,1
2,42,2023-01-09-15,/home/ubuntu/klb/nuclr/nuclr/Data/Atanas_SF_unified_000776/cv5_grouped_v1/fold_2/test/train__2023-01-09-15__112db21c.npz,78,M3R,2023-01-05-18,1,1,1,1,1,1,1,1.0,1.0,1,1
2,42,2023-01-09-15,/home/ubuntu/klb/nuclr/nuclr/Data/Atanas_SF_unified_000776/cv5_grouped_v1/fold_2/test/train__2023-01-09-15__112db21c.npz,79,AIBR,2023-01-05-18,1,1,1,1,1,1,1,1.0,1.0,1,1
2,42,2023-01-09-15,/home/ubuntu/klb/nuclr/nuclr/Data/Atanas_SF_unified_000776/cv5_grouped_v1/fold_2/test/train__2023-01-09-15__112db21c.npz,82,OLQVL,2023-01-05-18,1,1,1,1,1,1,1,1.0,1.0,1,1
2,42,2023-01-09-15,/home/ubuntu/klb/nuclr/nuclr/Data/Atanas_SF_unified_000776/cv5_grouped_v1/fold_2/test/train__2023-01-09-15__112db21c.npz,84,MCL,2023-01-05-18,1,1,1,1,1,1,1,1.0,1.0,1,1
2,42,2023-01-09-15,/home/ubuntu/klb/nuclr/nuclr/Data/Atanas_SF_unified_000776/cv5_grouped_v1/fold_2/test/train__2023-01-09-15__112db21c.npz,85,RIVL,2023-01-05-18,1,1,1,1,1,1,1,1.0,1.0,1,1
2,42,2023-01-09-15,/home/ubuntu/klb/nuclr/nuclr/Data/Atanas_SF_unified_000776/cv5_grouped_v1/fold_2/test/train__2023-01-09-15__112db21c.npz,86,IL2DL,2023-01-05-18,1,15,17,0,0,0,0,0.06666666666666667,0.058823529411764705,0,0
2,42,2023-01-09-15,/home/ubuntu/klb/nuclr/nuclr/Data/Atanas_SF_unified_000776/cv5_grouped_v1/fold_2/test/train__2023-01-09-15__112db21c.npz,87,OLQDL,2023-01-05-18,1,1,1,1,1,1,1,1.0,1.0,1,1
2,42,2023-01-09-15,/home/ubuntu/klb/nuclr/nuclr/Data/Atanas_SF_unified_000776/cv5_grouped_v1/fold_2/test/train__2023-01-09-15__112db21c.npz,88,URBL,2023-01-05-18,1,4,3,0,0,1,1,0.25,0.3333333333333333,1,1
2,42,2023-01-09-15,/home/ubuntu/klb/nuclr/nuclr/Data/Atanas_SF_unified_000776/cv5_grouped_v1/fold_2/test/train__2023-01-09-15__112db21c.npz,89,SAAVR,2023-01-05-18,0,1,-1,1,0,1,0,1.0,0.0,1,0
2,42,2023-01-09-15,/home/ubuntu/klb/nuclr/nuclr/Data/Atanas_SF_unified_000776/cv5_grouped_v1/fold_2/test/train__2023-01-09-15__112db21c.npz,90,I2L,2023-01-05-18,1,1,1,1,1,1,1,1.0,1.0,1,1
2,42,2023-01-09-15,/home/ubuntu/klb/nuclr/nuclr/Data/Atanas_SF_unified_000776/cv5_grouped_v1/fold_2/test/train__2023-01-09-15__112db21c.npz,92,AVAL,2023-01-05-18,1,1,1,1,1,1,1,1.0,1.0,1,1
2,42,2023-01-09-15,/home/ubuntu/klb/nuclr/nuclr/Data/Atanas_SF_unified_000776/cv5_grouped_v1/fold_2/test/train__2023-01-09-15__112db21c.npz,93,IL1R,2023-01-05-18,0,1,-1,1,0,1,0,1.0,0.0,1,0
2,42,2023-01-09-15,/home/ubuntu/klb/nuclr/nuclr/Data/Atanas_SF_unified_000776/cv5_grouped_v1/fold_2/test/train__2023-01-09-15__112db21c.npz,95,AVDR,2023-01-05-18,1,1,2,1,0,1,1,1.0,0.5,0,0
2,42,2023-01-09-15,/home/ubuntu/klb/nuclr/nuclr/Data/Atanas_SF_unified_000776/cv5_grouped_v1/fold_2/test/train__2023-01-09-15__112db21c.npz,96,ASGL,2023-01-05-18,1,1,1,1,1,1,1,1.0,1.0,1,1
2,42,2023-01-09-15,/home/ubuntu/klb/nuclr/nuclr/Data/Atanas_SF_unified_000776/cv5_grouped_v1/fold_2/test/train__2023-01-09-15__112db21c.npz,101,SMDVR,2023-01-05-18,0,10,-1,0,0,0,0,0.1,0.0,0,0
2,42,2023-01-09-15,/home/ubuntu/klb/nuclr/nuclr/Data/Atanas_SF_unified_000776/cv5_grouped_v1/fold_2/test/train__2023-01-09-15__112db21c.npz,102,NSMR,2023-01-05-18,1,1,1,1,1,1,1,1.0,1.0,1,1
2,42,2023-01-09-15,/home/ubuntu/klb/nuclr/nuclr/Data/Atanas_SF_unified_000776/cv5_grouped_v1/fold_2/test/train__2023-01-09-15__112db21c.npz,103,ADLL,2023-01-05-18,1,2,1,0,1,1,1,0.5,1.0,0,1
2,42,2023-01-09-15,/home/ubuntu/klb/nuclr/nuclr/Data/Atanas_SF_unified_000776/cv5_grouped_v1/fold_2/test/train__2023-01-09-15__112db21c.npz,105,RMEL,2023-01-05-18,0,1,-1,1,0,1,0,1.0,0.0,1,0
2,42,2023-01-09-15,/home/ubuntu/klb/nuclr/nuclr/Data/Atanas_SF_unified_000776/cv5_grouped_v1/fold_2/test/train__2023-01-09-15__112db21c.npz,106,AVHL,2023-01-05-18,1,1,1,1,1,1,1,1.0,1.0,1,1
2,42,2023-01-09-15,/home/ubuntu/klb/nuclr/nuclr/Data/Atanas_SF_unified_000776/cv5_grouped_v1/fold_2/test/train__2023-01-09-15__112db21c.npz,107,RID,2023-01-05-18,1,1,1,1,1,1,1,1.0,1.0,1,1
2,42,2023-01-09-15,/home/ubuntu/klb/nuclr/nuclr/Data/Atanas_SF_unified_000776/cv5_grouped_v1/fold_2/test/train__2023-01-09-15__112db21c.npz,109,RIH,2023-01-05-18,0,1,-1,1,0,1,0,1.0,0.0,1,0
2,42,2023-01-09-15,/home/ubuntu/klb/nuclr/nuclr/Data/Atanas_SF_unified_000776/cv5_grouped_v1/fold_2/test/train__2023-01-09-15__112db21c.npz,110,RIML,2023-01-05-18,0,1,-1,1,0,1,0,1.0,0.0,1,0
2,42,2023-01-09-15,/home/ubuntu/klb/nuclr/nuclr/Data/Atanas_SF_unified_000776/cv5_grouped_v1/fold_2/test/train__2023-01-09-15__112db21c.npz,112,RMDDR,2023-01-05-18,0,1,-1,1,0,1,0,1.0,0.0,1,0
2,42,2023-01-09-15,/home/ubuntu/klb/nuclr/nuclr/Data/Atanas_SF_unified_000776/cv5_grouped_v1/fold_2/test/train__2023-01-09-15__112db21c.npz,113,URXL,2023-01-05-18,1,2,2,0,0,1,1,0.5,0.5,1,1
2,42,2023-01-09-15,/home/ubuntu/klb/nuclr/nuclr/Data/Atanas_SF_unified_000776/cv5_grouped_v1/fold_2/test/train__2023-01-09-15__112db21c.npz,114,ADER,2023-01-05-18,1,2,3,0,0,1,1,0.5,0.3333333333333333,0,0
2,42,2023-01-09-15,/home/ubuntu/klb/nuclr/nuclr/Data/Atanas_SF_unified_000776/cv5_grouped_v1/fold_2/test/train__2023-01-09-15__112db21c.npz,116,M5,2023-01-05-18,0,1,-1,1,0,1,0,1.0,0.0,1,0
2,42,2023-01-09-15,/home/ubuntu/klb/nuclr/nuclr/Data/Atanas_SF_unified_000776/cv5_grouped_v1/fold_2/test/train__2023-01-09-15__112db21c.npz,121,URYDL,2023-01-05-18,1,1,1,1,1,1,1,1.0,1.0,1,1
2,42,2023-01-09-15,/home/ubuntu/klb/nuclr/nuclr/Data/Atanas_SF_unified_000776/cv5_grouped_v1/fold_2/test/train__2023-01-09-15__112db21c.npz,123,RIAL,2023-01-05-18,1,1,1,1,1,1,1,1.0,1.0,1,1
2,42,2023-01-09-15,/home/ubuntu/klb/nuclr/nuclr/Data/Atanas_SF_unified_000776/cv5_grouped_v1/fold_2/test/train__2023-01-09-15__112db21c.npz,125,RIMR,2023-01-05-18,0,1,-1,1,0,1,0,1.0,0.0,1,0
2,42,2023-01-09-15,/home/ubuntu/klb/nuclr/nuclr/Data/Atanas_SF_unified_000776/cv5_grouped_v1/fold_2/test/train__2023-01-09-15__112db21c.npz,128,URADR,2023-01-05-18,1,1,1,1,1,1,1,1.0,1.0,1,1
2,42,2023-01-09-15,/home/ubuntu/klb/nuclr/nuclr/Data/Atanas_SF_unified_000776/cv5_grouped_v1/fold_2/test/train__2023-01-09-15__112db21c.npz,129,AVL,2023-01-05-18,1,20,6,0,0,0,0,0.05,0.16666666666666666,0,0
2,42,2023-01-09-15,/home/ubuntu/klb/nuclr/nuclr/Data/Atanas_SF_unified_000776/cv5_grouped_v1/fold_2/test/train__2023-01-09-15__112db21c.npz,130,RICR,2023-01-05-18,0,1,-1,1,0,1,0,1.0,0.0,0,0
2,42,2023-01-09-15,/home/ubuntu/klb/nuclr/nuclr/Data/Atanas_SF_unified_000776/cv5_grouped_v1/fold_2/test/train__2023-01-09-15__112db21c.npz,132,MI,2023-01-05-18,1,1,1,1,1,1,1,1.0,1.0,1,1
2,42,2023-01-09-15,/home/ubuntu/klb/nuclr/nuclr/Data/Atanas_SF_unified_000776/cv5_grouped_v1/fold_2/test/train__2023-01-09-15__112db21c.npz,133,ADLR,2023-01-05-18,1,1,1,1,1,1,1,1.0,1.0,1,1
2,42,2023-01-09-15,/home/ubuntu/klb/nuclr/nuclr/Data/Atanas_SF_unified_000776/cv5_grouped_v1/fold_2/test/train__2023-01-09-15__112db21c.npz,136,IL1DL,2023-01-05-18,1,1,1,1,1,1,1,1.0,1.0,1,0
2,42,2023-01-09-15,/home/ubuntu/klb/nuclr/nuclr/Data/Atanas_SF_unified_000776/cv5_grouped_v1/fold_2/test/train__2023-01-09-15__112db21c.npz,137,URXR,2023-01-05-18,1,2,2,0,0,1,1,0.5,0.5,0,0
2,42,2023-01-09-15,/home/ubuntu/klb/nuclr/nuclr/Data/Atanas_SF_unified_000776/cv5_grouped_v1/fold_2/test/train__2023-01-09-15__112db21c.npz,140,M4,2023-01-05-18,1,1,1,1,1,1,1,1.0,1.0,1,1
2,42,2023-01-09-15,/home/ubuntu/klb/nuclr/nuclr/Data/Atanas_SF_unified_000776/cv5_grouped_v1/fold_2/test/train__2023-01-09-15__112db21c.npz,141,RMEV,2023-01-05-18,1,2,5,0,0,1,1,0.5,0.2,0,0
2,42,2023-01-09-15,/home/ubuntu/klb/nuclr/nuclr/Data/Atanas_SF_unified_000776/cv5_grouped_v1/fold_2/test/train__2023-01-09-15__112db21c.npz,143,IL1DR,2023-01-05-18,1,9,4,0,0,0,1,0.1111111111111111,0.25,0,0
2,42,2023-01-09-15,/home/ubuntu/klb/nuclr/nuclr/Data/Atanas_SF_unified_000776/cv5_grouped_v1/fold_2/test/train__2023-01-09-15__112db21c.npz,144,FLPL,2023-01-05-18,1,1,1,1,1,1,1,1.0,1.0,1,1
2,42,2023-01-09-15,/home/ubuntu/klb/nuclr/nuclr/Data/Atanas_SF_unified_000776/cv5_grouped_v1/fold_2/test/train__2023-01-09-15__112db21c.npz,145,SMBVR,2023-01-05-18,0,7,-1,0,0,0,0,0.14285714285714285,0.0,0,0
2,42,2023-01-09-15,/home/ubuntu/klb/nuclr/nuclr/Data/Atanas_SF_unified_000776/cv5_grouped_v1/fold_2/test/train__2023-01-09-15__112db21c.npz,146,I2R,2023-01-05-18,1,1,1,1,1,1,1,1.0,1.0,1,1
2,42,2023-01-23-08,/home/ubuntu/klb/nuclr/nuclr/Data/Atanas_SF_unified_000776/cv5_grouped_v1/fold_2/test/train__2023-01-23-08__b1b65a53.npz,0,ADER,2023-01-05-18,1,141,81,0,0,0,0,0.0070921985815602835,0.012345679012345678,0,0
2,42,2023-01-23-08,/home/ubuntu/klb/nuclr/nuclr/Data/Atanas_SF_unified_000776/cv5_grouped_v1/fold_2/test/train__2023-01-23-08__b1b65a53.npz,1,AVDL,2023-01-05-18,0,92,-1,0,0,0,0,0.010869565217391304,0.0,0,0
2,42,2023-01-23-08,/home/ubuntu/klb/nuclr/nuclr/Data/Atanas_SF_unified_000776/cv5_grouped_v1/fold_2/test/train__2023-01-23-08__b1b65a53.npz,3,AVJR,2023-01-05-18,1,109,44,0,0,0,0,0.009174311926605505,0.022727272727272728,0,0
2,42,2023-01-23-08,/home/ubuntu/klb/nuclr/nuclr/Data/Atanas_SF_unified_000776/cv5_grouped_v1/fold_2/test/train__2023-01-23-08__b1b65a53.npz,4,IL1VL,2023-01-05-18,0,104,-1,0,0,0,0,0.009615384615384616,0.0,0,0
2,42,2023-01-23-08,/home/ubuntu/klb/nuclr/nuclr/Data/Atanas_SF_unified_000776/cv5_grouped_v1/fold_2/test/train__2023-01-23-08__b1b65a53.npz,5,AQR,2023-01-05-18,0,138,-1,0,0,0,0,0.007246376811594203,0.0,0,0
2,42,2023-01-23-08,/home/ubuntu/klb/nuclr/nuclr/Data/Atanas_SF_unified_000776/cv5_grouped_v1/fold_2/test/train__2023-01-23-08__b1b65a53.npz,6,SAADL,2023-01-05-18,0,86,-1,0,0,0,0,0.011627906976744186,0.0,0,0
2,42,2023-01-23-08,/home/ubuntu/klb/nuclr/nuclr/Data/Atanas_SF_unified_000776/cv5_grouped_v1/fold_2/test/train__2023-01-23-08__b1b65a53.npz,7,OLLR,2023-01-05-18,1,17,8,0,0,0,0,0.058823529411764705,0.125,0,0
2,42,2023-01-23-08,/home/ubuntu/klb/nuclr/nuclr/Data/Atanas_SF_unified_000776/cv5_grouped_v1/fold_2/test/train__2023-01-23-08__b1b65a53.npz,8,AINL,2023-01-05-18,0,143,-1,0,0,0,0,0.006993006993006993,0.0,0,0
2,42,2023-01-23-08,/home/ubuntu/klb/nuclr/nuclr/Data/Atanas_SF_unified_000776/cv5_grouped_v1/fold_2/test/train__2023-01-23-08__b1b65a53.npz,9,RMDDR,2023-01-05-18,0,66,-1,0,0,0,0,0.015151515151515152,0.0,0,0
2,42,2023-01-23-08,/home/ubuntu/klb/nuclr/nuclr/Data/Atanas_SF_unified_000776/cv5_grouped_v1/fold_2/test/train__2023-01-23-08__b1b65a53.npz,10,RIVR,2023-01-05-18,1,122,53,0,0,0,0,0.00819672131147541,0.018867924528301886,0,0
2,42,2023-01-23-08,/home/ubuntu/klb/nuclr/nuclr/Data/Atanas_SF_unified_000776/cv5_grouped_v1/fold_2/test/train__2023-01-23-08__b1b65a53.npz,11,IL2R,2023-01-05-18,1,84,42,0,0,0,0,0.011904761904761904,0.023809523809523808,0,0
2,42,2023-01-23-08,/home/ubuntu/klb/nuclr/nuclr/Data/Atanas_SF_unified_000776/cv5_grouped_v1/fold_2/test/train__2023-01-23-08__b1b65a53.npz,15,CEPVR,2023-01-05-18,0,57,-1,0,0,0,0,0.017543859649122806,0.0,0,0
2,42,2023-01-23-08,/home/ubuntu/klb/nuclr/nuclr/Data/Atanas_SF_unified_000776/cv5_grouped_v1/fold_2/test/train__2023-01-23-08__b1b65a53.npz,16,I1L,2023-01-05-18,1,134,77,0,0,0,0,0.007462686567164179,0.012987012987012988,0,0
2,42,2023-01-23-08,/home/ubuntu/klb/nuclr/nuclr/Data/Atanas_SF_unified_000776/cv5_grouped_v1/fold_2/test/train__2023-01-23-08__b1b65a53.npz,17,AWBL,2023-01-05-18,1,27,12,0,0,0,0,0.037037037037037035,0.08333333333333333,0,0
2,42,2023-01-23-08,/home/ubuntu/klb/nuclr/nuclr/Data/Atanas_SF_unified_000776/cv5_grouped_v1/fold_2/test/train__2023-01-23-08__b1b65a53.npz,19,BAGR,2023-01-05-18,0,41,-1,0,0,0,0,0.024390243902439025,0.0,0,0
2,42,2023-01-23-08,/home/ubuntu/klb/nuclr/nuclr/Data/Atanas_SF_unified_000776/cv5_grouped_v1/fold_2/test/train__2023-01-23-08__b1b65a53.npz,20,SAADR,2023-01-05-18,0,84,-1,0,0,0,0,0.011904761904761904,0.0,0,0
2,42,2023-01-23-08,/home/ubuntu/klb/nuclr/nuclr/Data/Atanas_SF_unified_000776/cv5_grouped_v1/fold_2/test/train__2023-01-23-08__b1b65a53.npz,21,RIVL,2023-01-05-18,1,136,71,0,0,0,0,0.007352941176470588,0.014084507042253521,0,0
2,42,2023-01-23-08,/home/ubuntu/klb/nuclr/nuclr/Data/Atanas_SF_unified_000776/cv5_grouped_v1/fold_2/test/train__2023-01-23-08__b1b65a53.npz,26,URAVL,2023-01-05-18,1,121,70,0,0,0,0,0.008264462809917356,0.014285714285714285,0,0
2,42,2023-01-23-08,/home/ubuntu/klb/nuclr/nuclr/Data/Atanas_SF_unified_000776/cv5_grouped_v1/fold_2/test/train__2023-01-23-08__b1b65a53.npz,29,RMDVL,2023-01-05-18,1,1,1,1,1,1,1,1.0,1.0,1,1
2,42,2023-01-23-08,/home/ubuntu/klb/nuclr/nuclr/Data/Atanas_SF_unified_000776/cv5_grouped_v1/fold_2/test/train__2023-01-23-08__b1b65a53.npz,31,IL2DR,2023-01-05-18,1,146,82,0,0,0,0,0.00684931506849315,0.012195121951219513,0,0
2,42,2023-01-23-08,/home/ubuntu/klb/nuclr/nuclr/Data/Atanas_SF_unified_000776/cv5_grouped_v1/fold_2/test/train__2023-01-23-08__b1b65a53.npz,32,IL2DL,2023-01-05-18,1,149,84,0,0,0,0,0.006711409395973154,0.011904761904761904,0,0
2,42,2023-01-23-08,/home/ubuntu/klb/nuclr/nuclr/Data/Atanas_SF_unified_000776/cv5_grouped_v1/fold_2/test/train__2023-01-23-08__b1b65a53.npz,34,FLPL,2023-01-05-18,1,140,80,0,0,0,0,0.007142857142857143,0.0125,0,0
2,42,2023-01-23-08,/home/ubuntu/klb/nuclr/nuclr/Data/Atanas_SF_unified_000776/cv5_grouped_v1/fold_2/test/train__2023-01-23-08__b1b65a53.npz,36,AIZL,2023-01-05-18,1,130,71,0,0,0,0,0.007692307692307693,0.014084507042253521,0,0
2,42,2023-01-23-08,/home/ubuntu/klb/nuclr/nuclr/Data/Atanas_SF_unified_000776/cv5_grouped_v1/fold_2/test/train__2023-01-23-08__b1b65a53.npz,37,IL1VR,2023-01-05-18,0,99,-1,0,0,0,0,0.010101010101010102,0.0,0,0
2,42,2023-01-23-08,/home/ubuntu/klb/nuclr/nuclr/Data/Atanas_SF_unified_000776/cv5_grouped_v1/fold_2/test/train__2023-01-23-08__b1b65a53.npz,38,I2R,2023-01-05-18,1,130,71,0,0,0,0,0.007692307692307693,0.014084507042253521,0,0
2,42,2023-01-23-08,/home/ubuntu/klb/nuclr/nuclr/Data/Atanas_SF_unified_000776/cv5_grouped_v1/fold_2/test/train__2023-01-23-08__b1b65a53.npz,40,URBL,2023-01-05-18,1,77,33,0,0,0,0,0.012987012987012988,0.030303030303030304,0,0
2,42,2023-01-23-08,/home/ubuntu/klb/nuclr/nuclr/Data/Atanas_SF_unified_000776/cv5_grouped_v1/fold_2/test/train__2023-01-23-08__b1b65a53.npz,41,IL1DR,2023-01-05-18,1,60,14,0,0,0,0,0.016666666666666666,0.07142857142857142,0,1
2,42,2023-01-23-08,/home/ubuntu/klb/nuclr/nuclr/Data/Atanas_SF_unified_000776/cv5_grouped_v1/fold_2/test/train__2023-01-23-08__b1b65a53.npz,42,I4,2023-01-05-18,1,126,63,0,0,0,0,0.007936507936507936,0.015873015873015872,0,0
2,42,2023-01-23-08,/home/ubuntu/klb/nuclr/nuclr/Data/Atanas_SF_unified_000776/cv5_grouped_v1/fold_2/test/train__2023-01-23-08__b1b65a53.npz,43,AVDR,2023-01-05-18,1,62,25,0,0,0,0,0.016129032258064516,0.04,0,0
2,42,2023-01-23-08,/home/ubuntu/klb/nuclr/nuclr/Data/Atanas_SF_unified_000776/cv5_grouped_v1/fold_2/test/train__2023-01-23-08__b1b65a53.npz,44,URXR,2023-01-05-18,1,66,26,0,0,0,0,0.015151515151515152,0.038461538461538464,0,0
2,42,2023-01-23-08,/home/ubuntu/klb/nuclr/nuclr/Data/Atanas_SF_unified_000776/cv5_grouped_v1/fold_2/test/train__2023-01-23-08__b1b65a53.npz,46,M3L,2023-01-05-18,1,121,57,0,0,0,0,0.008264462809917356,0.017543859649122806,0,0
2,42,2023-01-23-08,/home/ubuntu/klb/nuclr/nuclr/Data/Atanas_SF_unified_000776/cv5_grouped_v1/fold_2/test/train__2023-01-23-08__b1b65a53.npz,47,ASER,2023-01-05-18,1,54,23,0,0,0,0,0.018518518518518517,0.043478260869565216,0,0
2,42,2023-01-23-08,/home/ubuntu/klb/nuclr/nuclr/Data/Atanas_SF_unified_000776/cv5_grouped_v1/fold_2/test/train__2023-01-23-08__b1b65a53.npz,48,AVEL,2023-01-05-18,1,1,1,1,1,1,1,1.0,1.0,1,1
2,42,2023-01-23-08,/home/ubuntu/klb/nuclr/nuclr/Data/Atanas_SF_unified_000776/cv5_grouped_v1/fold_2/test/train__2023-01-23-08__b1b65a53.npz,49,IL1L,2023-01-05-18,1,100,36,0,0,0,0,0.01,0.027777777777777776,0,0
2,42,2023-01-23-08,/home/ubuntu/klb/nuclr/nuclr/Data/Atanas_SF_unified_000776/cv5_grouped_v1/fold_2/test/train__2023-01-23-08__b1b65a53.npz,50,M3R,2023-01-05-18,1,130,65,0,0,0,0,0.007692307692307693,0.015384615384615385,0,0
2,42,2023-01-23-08,/home/ubuntu/klb/nuclr/nuclr/Data/Atanas_SF_unified_000776/cv5_grouped_v1/fold_2/test/train__2023-01-23-08__b1b65a53.npz,51,ASIL,2023-01-05-18,1,120,63,0,0,0,0,0.008333333333333333,0.015873015873015872,0,0
2,42,2023-01-23-08,/home/ubuntu/klb/nuclr/nuclr/Data/Atanas_SF_unified_000776/cv5_grouped_v1/fold_2/test/train__2023-01-23-08__b1b65a53.npz,53,AINR,2023-01-05-18,1,123,71,0,0,0,0,0.008130081300813009,0.014084507042253521,0,0
2,42,2023-01-23-08,/home/ubuntu/klb/nuclr/nuclr/Data/Atanas_SF_unified_000776/cv5_grouped_v1/fold_2/test/train__2023-01-23-08__b1b65a53.npz,54,M5,2023-01-05-18,0,140,-1,0,0,0,0,0.007142857142857143,0.0,0,0
2,42,2023-01-23-08,/home/ubuntu/klb/nuclr/nuclr/Data/Atanas_SF_unified_000776/cv5_grouped_v1/fold_2/test/train__2023-01-23-08__b1b65a53.npz,55,AWCR,2023-01-05-18,0,7,-1,0,0,0,0,0.14285714285714285,0.0,0,0
2,42,2023-01-23-08,/home/ubuntu/klb/nuclr/nuclr/Data/Atanas_SF_unified_000776/cv5_grouped_v1/fold_2/test/train__2023-01-23-08__b1b65a53.npz,56,RMDDL,2023-01-05-18,1,79,60,0,0,0,0,0.012658227848101266,0.016666666666666666,0,0
2,42,2023-01-23-08,/home/ubuntu/klb/nuclr/nuclr/Data/Atanas_SF_unified_000776/cv5_grouped_v1/fold_2/test/train__2023-01-23-08__b1b65a53.npz,58,RMDVR,2023-01-05-18,1,1,1,1,1,1,1,1.0,1.0,1,1
2,42,2023-01-23-08,/home/ubuntu/klb/nuclr/nuclr/Data/Atanas_SF_unified_000776/cv5_grouped_v1/fold_2/test/train__2023-01-23-08__b1b65a53.npz,59,RIH,2023-01-05-18,0,52,-1,0,0,0,0,0.019230769230769232,0.0,0,0
2,42,2023-01-23-08,/home/ubuntu/klb/nuclr/nuclr/Data/Atanas_SF_unified_000776/cv5_grouped_v1/fold_2/test/train__2023-01-23-08__b1b65a53.npz,60,ASEL,2023-01-05-18,1,114,65,0,0,0,0,0.008771929824561403,0.015384615384615385,0,0
2,42,2023-01-23-08,/home/ubuntu/klb/nuclr/nuclr/Data/Atanas_SF_unified_000776/cv5_grouped_v1/fold_2/test/train__2023-01-23-08__b1b65a53.npz,61,MCL,2023-01-05-18,1,142,75,0,0,0,0,0.007042253521126761,0.013333333333333334,0,0
2,42,2023-01-23-08,/home/ubuntu/klb/nuclr/nuclr/Data/Atanas_SF_unified_000776/cv5_grouped_v1/fold_2/test/train__2023-01-23-08__b1b65a53.npz,64,IL1DL,2023-01-05-18,1,98,49,0,0,0,0,0.01020408163265306,0.02040816326530612,0,0
2,42,2023-01-23-08,/home/ubuntu/klb/nuclr/nuclr/Data/Atanas_SF_unified_000776/cv5_grouped_v1/fold_2/test/train__2023-01-23-08__b1b65a53.npz,66,RMER,2023-01-05-18,1,3,1,0,1,1,1,0.3333333333333333,1.0,0,0
2,42,2023-01-23-08,/home/ubuntu/klb/nuclr/nuclr/Data/Atanas_SF_unified_000776/cv5_grouped_v1/fold_2/test/train__2023-01-23-08__b1b65a53.npz,68,NSML,2023-01-05-18,1,99,49,0,0,0,0,0.010101010101010102,0.02040816326530612,0,0
2,42,2023-01-23-08,/home/ubuntu/klb/nuclr/nuclr/Data/Atanas_SF_unified_000776/cv5_grouped_v1/fold_2/test/train__2023-01-23-08__b1b65a53.npz,69,BAGL,2023-01-05-18,0,4,-1,0,0,1,0,0.25,0.0,0,0
2,42,2023-01-23-08,/home/ubuntu/klb/nuclr/nuclr/Data/Atanas_SF_unified_000776/cv5_grouped_v1/fold_2/test/train__2023-01-23-08__b1b65a53.npz,70,SMBDR,2023-01-05-18,0,128,-1,0,0,0,0,0.0078125,0.0,0,0
2,42,2023-01-23-08,/home/ubuntu/klb/nuclr/nuclr/Data/Atanas_SF_unified_000776/cv5_grouped_v1/fold_2/test/train__2023-01-23-08__b1b65a53.npz,71,I3,2023-01-05-18,1,131,62,0,0,0,0,0.007633587786259542,0.016129032258064516,0,0
2,42,2023-01-23-08,/home/ubuntu/klb/nuclr/nuclr/Data/Atanas_SF_unified_000776/cv5_grouped_v1/fold_2/test/train__2023-01-23-08__b1b65a53.npz,74,ASGR,2023-01-05-18,0,34,-1,0,0,0,0,0.029411764705882353,0.0,0,0
2,42,2023-01-23-08,/home/ubuntu/klb/nuclr/nuclr/Data/Atanas_SF_unified_000776/cv5_grouped_v1/fold_2/test/train__2023-01-23-08__b1b65a53.npz,75,NSMR,2023-01-05-18,1,146,74,0,0,0,0,0.00684931506849315,0.013513513513513514,0,0
2,42,2023-01-23-08,/home/ubuntu/klb/nuclr/nuclr/Data/Atanas_SF_unified_000776/cv5_grouped_v1/fold_2/test/train__2023-01-23-08__b1b65a53.npz,76,I6,2023-01-05-18,1,120,66,0,0,0,0,0.008333333333333333,0.015151515151515152,0,0
2,42,2023-01-23-08,/home/ubuntu/klb/nuclr/nuclr/Data/Atanas_SF_unified_000776/cv5_grouped_v1/fold_2/test/train__2023-01-23-08__b1b65a53.npz,78,CEPVL,2023-01-05-18,1,16,8,0,0,0,0,0.0625,0.125,0,0
2,42,2023-01-23-08,/home/ubuntu/klb/nuclr/nuclr/Data/Atanas_SF_unified_000776/cv5_grouped_v1/fold_2/test/train__2023-01-23-08__b1b65a53.npz,80,CEPDL,2023-01-05-18,1,45,16,0,0,0,0,0.022222222222222223,0.0625,0,0
2,42,2023-01-23-08,/home/ubuntu/klb/nuclr/nuclr/Data/Atanas_SF_unified_000776/cv5_grouped_v1/fold_2/test/train__2023-01-23-08__b1b65a53.npz,82,URBR,2023-01-05-18,1,16,6,0,0,0,0,0.0625,0.16666666666666666,0,0
2,42,2023-01-23-08,/home/ubuntu/klb/nuclr/nuclr/Data/Atanas_SF_unified_000776/cv5_grouped_v1/fold_2/test/train__2023-01-23-08__b1b65a53.npz,83,RID,2023-01-05-18,1,100,46,0,0,0,0,0.01,0.021739130434782608,0,0
2,42,2023-01-23-08,/home/ubuntu/klb/nuclr/nuclr/Data/Atanas_SF_unified_000776/cv5_grouped_v1/fold_2/test/train__2023-01-23-08__b1b65a53.npz,85,OLQVR,2023-01-05-18,1,31,18,0,0,0,0,0.03225806451612903,0.05555555555555555,0,0
2,42,2023-01-23-08,/home/ubuntu/klb/nuclr/nuclr/Data/Atanas_SF_unified_000776/cv5_grouped_v1/fold_2/test/train__2023-01-23-08__b1b65a53.npz,86,RMDL,2023-01-05-18,1,26,28,0,0,0,0,0.038461538461538464,0.03571428571428571,0,0
2,42,2023-01-23-08,/home/ubuntu/klb/nuclr/nuclr/Data/Atanas_SF_unified_000776/cv5_grouped_v1/fold_2/test/train__2023-01-23-08__b1b65a53.npz,92,AVL,2023-01-05-18,1,120,79,0,0,0,0,0.008333333333333333,0.012658227848101266,0,0
2,42,2023-01-23-08,/home/ubuntu/klb/nuclr/nuclr/Data/Atanas_SF_unified_000776/cv5_grouped_v1/fold_2/test/train__2023-01-23-08__b1b65a53.npz,93,RMDR,2023-01-05-18,0,1,-1,1,0,1,0,1.0,0.0,1,0
2,42,2023-01-23-08,/home/ubuntu/klb/nuclr/nuclr/Data/Atanas_SF_unified_000776/cv5_grouped_v1/fold_2/test/train__2023-01-23-08__b1b65a53.npz,94,SMDDL,2023-01-05-18,0,113,-1,0,0,0,0,0.008849557522123894,0.0,0,0
2,42,2023-01-23-08,/home/ubuntu/klb/nuclr/nuclr/Data/Atanas_SF_unified_000776/cv5_grouped_v1/fold_2/test/train__2023-01-23-08__b1b65a53.npz,96,IL2L,2023-01-05-18,1,94,44,0,0,0,0,0.010638297872340425,0.022727272727272728,0,0
2,42,2023-01-23-08,/home/ubuntu/klb/nuclr/nuclr/Data/Atanas_SF_unified_000776/cv5_grouped_v1/fold_2/test/train__2023-01-23-08__b1b65a53.npz,97,RICL,2023-01-05-18,1,134,78,0,0,0,0,0.007462686567164179,0.01282051282051282,0,0
2,42,2023-01-23-08,/home/ubuntu/klb/nuclr/nuclr/Data/Atanas_SF_unified_000776/cv5_grouped_v1/fold_2/test/train__2023-01-23-08__b1b65a53.npz,99,AWCL,2023-01-05-18,1,54,28,0,0,0,0,0.018518518518518517,0.03571428571428571,0,0
2,42,2023-01-23-08,/home/ubuntu/klb/nuclr/nuclr/Data/Atanas_SF_unified_000776/cv5_grouped_v1/fold_2/test/train__2023-01-23-08__b1b65a53.npz,101,AIZR,2023-01-05-18,1,80,45,0,0,0,0,0.0125,0.022222222222222223,0,0
2,42,2023-01-23-08,/home/ubuntu/klb/nuclr/nuclr/Data/Atanas_SF_unified_000776/cv5_grouped_v1/fold_2/test/train__2023-01-23-08__b1b65a53.npz,102,M4,2023-01-05-18,1,148,82,0,0,0,0,0.006756756756756757,0.012195121951219513,0,0
2,42,2023-01-23-08,/home/ubuntu/klb/nuclr/nuclr/Data/Atanas_SF_unified_000776/cv5_grouped_v1/fold_2/test/train__2023-01-23-08__b1b65a53.npz,106,M1,2023-01-05-18,1,116,62,0,0,0,0,0.008620689655172414,0.016129032258064516,0,0
2,42,2023-01-23-08,/home/ubuntu/klb/nuclr/nuclr/Data/Atanas_SF_unified_000776/cv5_grouped_v1/fold_2/test/train__2023-01-23-08__b1b65a53.npz,109,AUAL,2023-01-05-18,1,64,44,0,0,0,0,0.015625,0.022727272727272728,0,0
2,42,2023-01-23-08,/home/ubuntu/klb/nuclr/nuclr/Data/Atanas_SF_unified_000776/cv5_grouped_v1/fold_2/test/train__2023-01-23-08__b1b65a53.npz,110,AIBR,2023-01-05-18,1,20,9,0,0,0,0,0.05,0.1111111111111111,0,0
2,42,2023-01-23-08,/home/ubuntu/klb/nuclr/nuclr/Data/Atanas_SF_unified_000776/cv5_grouped_v1/fold_2/test/train__2023-01-23-08__b1b65a53.npz,115,RMEL,2023-01-05-18,0,4,-1,0,0,1,0,0.25,0.0,0,0
2,42,2023-01-23-08,/home/ubuntu/klb/nuclr/nuclr/Data/Atanas_SF_unified_000776/cv5_grouped_v1/fold_2/test/train__2023-01-23-08__b1b65a53.npz,117,CEPDR,2023-01-05-18,1,58,30,0,0,0,0,0.017241379310344827,0.03333333333333333,0,0
2,42,2023-01-23-08,/home/ubuntu/klb/nuclr/nuclr/Data/Atanas_SF_unified_000776/cv5_grouped_v1/fold_2/test/train__2023-01-23-08__b1b65a53.npz,119,AIMR,2023-01-05-18,0,126,-1,0,0,0,0,0.007936507936507936,0.0,0,0
2,42,2023-01-23-08,/home/ubuntu/klb/nuclr/nuclr/Data/Atanas_SF_unified_000776/cv5_grouped_v1/fold_2/test/train__2023-01-23-08__b1b65a53.npz,120,SMDDR,2023-01-05-18,0,115,-1,0,0,0,0,0.008695652173913044,0.0,0,0
2,42,2023-01-23-08,/home/ubuntu/klb/nuclr/nuclr/Data/Atanas_SF_unified_000776/cv5_grouped_v1/fold_2/test/train__2023-01-23-08__b1b65a53.npz,121,AVJL,2023-01-05-18,1,117,72,0,0,0,0,0.008547008547008548,0.013888888888888888,0,0
2,42,2023-01-23-08,/home/ubuntu/klb/nuclr/nuclr/Data/Atanas_SF_unified_000776/cv5_grouped_v1/fold_2/test/train__2023-01-23-08__b1b65a53.npz,122,OLQDL,2023-01-05-18,1,71,36,0,0,0,0,0.014084507042253521,0.027777777777777776,0,0
2,42,2023-01-23-08,/home/ubuntu/klb/nuclr/nuclr/Data/Atanas_SF_unified_000776/cv5_grouped_v1/fold_2/test/train__2023-01-23-08__b1b65a53.npz,123,I2L,2023-01-05-18,1,139,74,0,0,0,0,0.007194244604316547,0.013513513513513514,0,0
2,42,2023-01-23-08,/home/ubuntu/klb/nuclr/nuclr/Data/Atanas_SF_unified_000776/cv5_grouped_v1/fold_2/test/train__2023-01-23-08__b1b65a53.npz,124,SMDVR,2023-01-05-18,0,37,-1,0,0,0,0,0.02702702702702703,0.0,0,0
2,42,2023-01-23-08,/home/ubuntu/klb/nuclr/nuclr/Data/Atanas_SF_unified_000776/cv5_grouped_v1/fold_2/test/train__2023-01-23-08__b1b65a53.npz,126,MCR,2023-01-05-18,0,140,-1,0,0,0,0,0.007142857142857143,0.0,0,0
2,42,2023-01-23-08,/home/ubuntu/klb/nuclr/nuclr/Data/Atanas_SF_unified_000776/cv5_grouped_v1/fold_2/test/train__2023-01-23-08__b1b65a53.npz,129,I1R,2023-01-05-18,1,131,78,0,0,0,0,0.007633587786259542,0.01282051282051282,0,0
2,42,2023-01-23-08,/home/ubuntu/klb/nuclr/nuclr/Data/Atanas_SF_unified_000776/cv5_grouped_v1/fold_2/test/train__2023-01-23-08__b1b65a53.npz,131,IL1R,2023-01-05-18,0,53,-1,0,0,0,0,0.018867924528301886,0.0,0,0
2,42,2023-01-23-08,/home/ubuntu/klb/nuclr/nuclr/Data/Atanas_SF_unified_000776/cv5_grouped_v1/fold_2/test/train__2023-01-23-08__b1b65a53.npz,134,ASGL,2023-01-05-18,1,70,41,0,0,0,0,0.014285714285714285,0.024390243902439025,0,0
2,42,2023-01-23-08,/home/ubuntu/klb/nuclr/nuclr/Data/Atanas_SF_unified_000776/cv5_grouped_v1/fold_2/test/train__2023-01-23-08__b1b65a53.npz,135,URYVR,2023-01-05-18,0,84,-1,0,0,0,0,0.011904761904761904,0.0,0,0
2,42,2023-01-23-08,/home/ubuntu/klb/nuclr/nuclr/Data/Atanas_SF_unified_000776/cv5_grouped_v1/fold_2/test/train__2023-01-23-08__b1b65a53.npz,137,OLLL,2023-01-05-18,1,22,9,0,0,0,0,0.045454545454545456,0.1111111111111111,0,0
2,42,2023-01-23-08,/home/ubuntu/klb/nuclr/nuclr/Data/Atanas_SF_unified_000776/cv5_grouped_v1/fold_2/test/train__2023-01-23-08__b1b65a53.npz,138,OLQDR,2023-01-05-18,1,58,22,0,0,0,0,0.017241379310344827,0.045454545454545456,0,0
2,42,2023-01-23-08,/home/ubuntu/klb/nuclr/nuclr/Data/Atanas_SF_unified_000776/cv5_grouped_v1/fold_2/test/train__2023-01-23-08__b1b65a53.npz,141,SMDVL,2023-01-05-18,1,55,31,0,0,0,0,0.01818181818181818,0.03225806451612903,0,0
2,42,2023-01-23-08,/home/ubuntu/klb/nuclr/nuclr/Data/Atanas_SF_unified_000776/cv5_grouped_v1/fold_2/test/train__2023-01-23-08__b1b65a53.npz,142,URXL,2023-01-05-18,1,48,17,0,0,0,0,0.020833333333333332,0.058823529411764705,0,0
2,42,2023-01-23-21,/home/ubuntu/klb/nuclr/nuclr/Data/Atanas_SF_unified_000776/cv5_grouped_v1/fold_2/test/train__2023-01-23-21__2b2ef56d.npz,0,AVEL,2023-01-05-18,1,1,1,1,1,1,1,1.0,1.0,1,1
2,42,2023-01-23-21,/home/ubuntu/klb/nuclr/nuclr/Data/Atanas_SF_unified_000776/cv5_grouped_v1/fold_2/test/train__2023-01-23-21__2b2ef56d.npz,2,RMEL,2023-01-05-18,0,1,-1,1,0,1,0,1.0,0.0,1,0
2,42,2023-01-23-21,/home/ubuntu/klb/nuclr/nuclr/Data/Atanas_SF_unified_000776/cv5_grouped_v1/fold_2/test/train__2023-01-23-21__2b2ef56d.npz,3,AWAR,2023-01-05-18,0,2,-1,0,0,1,0,0.5,0.0,0,0
2,42,2023-01-23-21,/home/ubuntu/klb/nuclr/nuclr/Data/Atanas_SF_unified_000776/cv5_grouped_v1/fold_2/test/train__2023-01-23-21__2b2ef56d.npz,4,URYDL,2023-01-05-18,1,1,1,1,1,1,1,1.0,1.0,1,1
2,42,2023-01-23-21,/home/ubuntu/klb/nuclr/nuclr/Data/Atanas_SF_unified_000776/cv5_grouped_v1/fold_2/test/train__2023-01-23-21__2b2ef56d.npz,5,I2L,2023-01-05-18,1,1,1,1,1,1,1,1.0,1.0,1,1
2,42,2023-01-23-21,/home/ubuntu/klb/nuclr/nuclr/Data/Atanas_SF_unified_000776/cv5_grouped_v1/fold_2/test/train__2023-01-23-21__2b2ef56d.npz,6,SAAVL,2023-01-05-18,1,1,1,1,1,1,1,1.0,1.0,1,1
2,42,2023-01-23-21,/home/ubuntu/klb/nuclr/nuclr/Data/Atanas_SF_unified_000776/cv5_grouped_v1/fold_2/test/train__2023-01-23-21__2b2ef56d.npz,7,I1R,2023-01-05-18,1,1,1,1,1,1,1,1.0,1.0,1,1
2,42,2023-01-23-21,/home/ubuntu/klb/nuclr/nuclr/Data/Atanas_SF_unified_000776/cv5_grouped_v1/fold_2/test/train__2023-01-23-21__2b2ef56d.npz,8,RMDR,2023-01-05-18,0,9,-1,0,0,0,0,0.1111111111111111,0.0,0,0
2,42,2023-01-23-21,/home/ubuntu/klb/nuclr/nuclr/Data/Atanas_SF_unified_000776/cv5_grouped_v1/fold_2/test/train__2023-01-23-21__2b2ef56d.npz,9,IL1DL,2023-01-05-18,1,1,1,1,1,1,1,1.0,1.0,1,1
2,42,2023-01-23-21,/home/ubuntu/klb/nuclr/nuclr/Data/Atanas_SF_unified_000776/cv5_grouped_v1/fold_2/test/train__2023-01-23-21__2b2ef56d.npz,10,URYDR,2023-01-05-18,1,1,2,1,0,1,1,1.0,0.5,1,0
2,42,2023-01-23-21,/home/ubuntu/klb/nuclr/nuclr/Data/Atanas_SF_unified_000776/cv5_grouped_v1/fold_2/test/train__2023-01-23-21__2b2ef56d.npz,13,RMER,2023-01-05-18,1,1,1,1,1,1,1,1.0,1.0,1,1
2,42,2023-01-23-21,/home/ubuntu/klb/nuclr/nuclr/Data/Atanas_SF_unified_000776/cv5_grouped_v1/fold_2/test/train__2023-01-23-21__2b2ef56d.npz,15,SMDVR,2023-01-05-18,0,1,-1,1,0,1,0,1.0,0.0,1,0
2,42,2023-01-23-21,/home/ubuntu/klb/nuclr/nuclr/Data/Atanas_SF_unified_000776/cv5_grouped_v1/fold_2/test/train__2023-01-23-21__2b2ef56d.npz,16,RIAR,2023-01-05-18,1,1,1,1,1,1,1,1.0,1.0,1,1
2,42,2023-01-23-21,/home/ubuntu/klb/nuclr/nuclr/Data/Atanas_SF_unified_000776/cv5_grouped_v1/fold_2/test/train__2023-01-23-21__2b2ef56d.npz,17,SAADL,2023-01-05-18,0,12,-1,0,0,0,0,0.08333333333333333,0.0,0,0
2,42,2023-01-23-21,/home/ubuntu/klb/nuclr/nuclr/Data/Atanas_SF_unified_000776/cv5_grouped_v1/fold_2/test/train__2023-01-23-21__2b2ef56d.npz,18,M3R,2023-01-05-18,1,18,11,0,0,0,0,0.05555555555555555,0.09090909090909091,0,0
2,42,2023-01-23-21,/home/ubuntu/klb/nuclr/nuclr/Data/Atanas_SF_unified_000776/cv5_grouped_v1/fold_2/test/train__2023-01-23-21__2b2ef56d.npz,19,RICR,2023-01-05-18,0,2,-1,0,0,1,0,0.5,0.0,0,0
2,42,2023-01-23-21,/home/ubuntu/klb/nuclr/nuclr/Data/Atanas_SF_unified_000776/cv5_grouped_v1/fold_2/test/train__2023-01-23-21__2b2ef56d.npz,21,ADAL,2023-01-05-18,0,4,-1,0,0,1,0,0.25,0.0,0,0
2,42,2023-01-23-21,/home/ubuntu/klb/nuclr/nuclr/Data/Atanas_SF_unified_000776/cv5_grouped_v1/fold_2/test/train__2023-01-23-21__2b2ef56d.npz,24,RMDVR,2023-01-05-18,1,1,1,1,1,1,1,1.0,1.0,1,1
2,42,2023-01-23-21,/home/ubuntu/klb/nuclr/nuclr/Data/Atanas_SF_unified_000776/cv5_grouped_v1/fold_2/test/train__2023-01-23-21__2b2ef56d.npz,25,AIBL,2023-01-05-18,0,1,-1,1,0,1,0,1.0,0.0,1,0
2,42,2023-01-23-21,/home/ubuntu/klb/nuclr/nuclr/Data/Atanas_SF_unified_000776/cv5_grouped_v1/fold_2/test/train__2023-01-23-21__2b2ef56d.npz,29,OLQVL,2023-01-05-18,1,1,4,1,0,1,1,1.0,0.25,1,0
2,42,2023-01-23-21,/home/ubuntu/klb/nuclr/nuclr/Data/Atanas_SF_unified_000776/cv5_grouped_v1/fold_2/test/train__2023-01-23-21__2b2ef56d.npz,30,RMEV,2023-01-05-18,1,1,1,1,1,1,1,1.0,1.0,1,0
2,42,2023-01-23-21,/home/ubuntu/klb/nuclr/nuclr/Data/Atanas_SF_unified_000776/cv5_grouped_v1/fold_2/test/train__2023-01-23-21__2b2ef56d.npz,31,OLLL,2023-01-05-18,1,1,1,1,1,1,1,1.0,1.0,1,1
2,42,2023-01-23-21,/home/ubuntu/klb/nuclr/nuclr/Data/Atanas_SF_unified_000776/cv5_grouped_v1/fold_2/test/train__2023-01-23-21__2b2ef56d.npz,32,RMDL,2023-01-05-18,1,1,1,1,1,1,1,1.0,1.0,1,1
2,42,2023-01-23-21,/home/ubuntu/klb/nuclr/nuclr/Data/Atanas_SF_unified_000776/cv5_grouped_v1/fold_2/test/train__2023-01-23-21__2b2ef56d.npz,33,RMDDL,2023-01-05-18,1,1,1,1,1,1,1,1.0,1.0,1,1
2,42,2023-01-23-21,/home/ubuntu/klb/nuclr/nuclr/Data/Atanas_SF_unified_000776/cv5_grouped_v1/fold_2/test/train__2023-01-23-21__2b2ef56d.npz,34,NSMR,2023-01-05-18,1,1,1,1,1,1,1,1.0,1.0,1,1
2,42,2023-01-23-21,/home/ubuntu/klb/nuclr/nuclr/Data/Atanas_SF_unified_000776/cv5_grouped_v1/fold_2/test/train__2023-01-23-21__2b2ef56d.npz,35,AIZL,2023-01-05-18,1,1,1,1,1,1,1,1.0,1.0,1,1
2,42,2023-01-23-21,/home/ubuntu/klb/nuclr/nuclr/Data/Atanas_SF_unified_000776/cv5_grouped_v1/fold_2/test/train__2023-01-23-21__2b2ef56d.npz,36,AVDR,2023-01-05-18,1,6,10,0,0,0,0,0.16666666666666666,0.1,0,0
2,42,2023-01-23-21,/home/ubuntu/klb/nuclr/nuclr/Data/Atanas_SF_unified_000776/cv5_grouped_v1/fold_2/test/train__2023-01-23-21__2b2ef56d.npz,37,URXR,2023-01-05-18,1,2,2,0,0,1,1,0.5,0.5,0,0
2,42,2023-01-23-21,/home/ubuntu/klb/nuclr/nuclr/Data/Atanas_SF_unified_000776/cv5_grouped_v1/fold_2/test/train__2023-01-23-21__2b2ef56d.npz,39,AIZR,2023-01-05-18,1,2,1,0,1,1,1,0.5,1.0,0,1
2,42,2023-01-23-21,/home/ubuntu/klb/nuclr/nuclr/Data/Atanas_SF_unified_000776/cv5_grouped_v1/fold_2/test/train__2023-01-23-21__2b2ef56d.npz,40,AVAL,2023-01-05-18,1,1,1,1,1,1,1,1.0,1.0,1,1
2,42,2023-01-23-21,/home/ubuntu/klb/nuclr/nuclr/Data/Atanas_SF_unified_000776/cv5_grouped_v1/fold_2/test/train__2023-01-23-21__2b2ef56d.npz,41,IL2DL,2023-01-05-18,1,1,1,1,1,1,1,1.0,1.0,1,1
2,42,2023-01-23-21,/home/ubuntu/klb/nuclr/nuclr/Data/Atanas_SF_unified_000776/cv5_grouped_v1/fold_2/test/train__2023-01-23-21__2b2ef56d.npz,42,RID,2023-01-05-18,1,1,1,1,1,1,1,1.0,1.0,1,1
2,42,2023-01-23-21,/home/ubuntu/klb/nuclr/nuclr/Data/Atanas_SF_unified_000776/cv5_grouped_v1/fold_2/test/train__2023-01-23-21__2b2ef56d.npz,43,AQR,2023-01-05-18,0,1,-1,1,0,1,0,1.0,0.0,1,0
2,42,2023-01-23-21,/home/ubuntu/klb/nuclr/nuclr/Data/Atanas_SF_unified_000776/cv5_grouped_v1/fold_2/test/train__2023-01-23-21__2b2ef56d.npz,44,CEPDL,2023-01-05-18,1,2,2,0,0,1,1,0.5,0.5,0,0
2,42,2023-01-23-21,/home/ubuntu/klb/nuclr/nuclr/Data/Atanas_SF_unified_000776/cv5_grouped_v1/fold_2/test/train__2023-01-23-21__2b2ef56d.npz,45,AVAR,2023-01-05-18,1,1,1,1,1,1,1,1.0,1.0,1,1
2,42,2023-01-23-21,/home/ubuntu/klb/nuclr/nuclr/Data/Atanas_SF_unified_000776/cv5_grouped_v1/fold_2/test/train__2023-01-23-21__2b2ef56d.npz,47,RIBL,2023-01-05-18,0,2,-1,0,0,1,0,0.5,0.0,0,0
2,42,2023-01-23-21,/home/ubuntu/klb/nuclr/nuclr/Data/Atanas_SF_unified_000776/cv5_grouped_v1/fold_2/test/train__2023-01-23-21__2b2ef56d.npz,48,I2R,2023-01-05-18,1,1,1,1,1,1,1,1.0,1.0,1,1
2,42,2023-01-23-21,/home/ubuntu/klb/nuclr/nuclr/Data/Atanas_SF_unified_000776/cv5_grouped_v1/fold_2/test/train__2023-01-23-21__2b2ef56d.npz,51,AVDL,2023-01-05-18,0,2,-1,0,0,1,0,0.5,0.0,0,0
2,42,2023-01-23-21,/home/ubuntu/klb/nuclr/nuclr/Data/Atanas_SF_unified_000776/cv5_grouped_v1/fold_2/test/train__2023-01-23-21__2b2ef56d.npz,53,AVJR,2023-01-05-18,1,2,1,0,1,1,1,0.5,1.0,0,0
2,42,2023-01-23-21,/home/ubuntu/klb/nuclr/nuclr/Data/Atanas_SF_unified_000776/cv5_grouped_v1/fold_2/test/train__2023-01-23-21__2b2ef56d.npz,54,IL2L,2023-01-05-18,1,4,6,0,0,1,0,0.25,0.16666666666666666,0,0
2,42,2023-01-23-21,/home/ubuntu/klb/nuclr/nuclr/Data/Atanas_SF_unified_000776/cv5_grouped_v1/fold_2/test/train__2023-01-23-21__2b2ef56d.npz,55,NSML,2023-01-05-18,1,9,7,0,0,0,0,0.1111111111111111,0.14285714285714285,0,0
2,42,2023-01-23-21,/home/ubuntu/klb/nuclr/nuclr/Data/Atanas_SF_unified_000776/cv5_grouped_v1/fold_2/test/train__2023-01-23-21__2b2ef56d.npz,58,AINR,2023-01-05-18,1,1,1,1,1,1,1,1.0,1.0,1,1
2,42,2023-01-23-21,/home/ubuntu/klb/nuclr/nuclr/Data/Atanas_SF_unified_000776/cv5_grouped_v1/fold_2/test/train__2023-01-23-21__2b2ef56d.npz,60,RIMR,2023-01-05-18,0,1,-1,1,0,1,0,1.0,0.0,1,0
2,42,2023-01-23-21,/home/ubuntu/klb/nuclr/nuclr/Data/Atanas_SF_unified_000776/cv5_grouped_v1/fold_2/test/train__2023-01-23-21__2b2ef56d.npz,62,M4,2023-01-05-18,1,1,1,1,1,1,1,1.0,1.0,1,1
2,42,2023-01-23-21,/home/ubuntu/klb/nuclr/nuclr/Data/Atanas_SF_unified_000776/cv5_grouped_v1/fold_2/test/train__2023-01-23-21__2b2ef56d.npz,65,AIYR,2023-01-05-18,0,1,-1,1,0,1,0,1.0,0.0,1,0
2,42,2023-01-23-21,/home/ubuntu/klb/nuclr/nuclr/Data/Atanas_SF_unified_000776/cv5_grouped_v1/fold_2/test/train__2023-01-23-21__2b2ef56d.npz,66,CEPVL,2023-01-05-18,1,1,1,1,1,1,1,1.0,1.0,1,1
2,42,2023-01-23-21,/home/ubuntu/klb/nuclr/nuclr/Data/Atanas_SF_unified_000776/cv5_grouped_v1/fold_2/test/train__2023-01-23-21__2b2ef56d.npz,67,IL2R,2023-01-05-18,1,1,1,1,1,1,1,1.0,1.0,1,1
2,42,2023-01-23-21,/home/ubuntu/klb/nuclr/nuclr/Data/Atanas_SF_unified_000776/cv5_grouped_v1/fold_2/test/train__2023-01-23-21__2b2ef56d.npz,68,AWCR,2023-01-05-18,0,1,-1,1,0,1,0,1.0,0.0,1,0
2,42,2023-01-23-21,/home/ubuntu/klb/nuclr/nuclr/Data/Atanas_SF_unified_000776/cv5_grouped_v1/fold_2/test/train__2023-01-23-21__2b2ef56d.npz,69,AWBR,2023-01-05-18,1,7,1,0,1,0,1,0.14285714285714285,1.0,0,0
2,42,2023-01-23-21,/home/ubuntu/klb/nuclr/nuclr/Data/Atanas_SF_unified_000776/cv5_grouped_v1/fold_2/test/train__2023-01-23-21__2b2ef56d.npz,70,OLQDR,2023-01-05-18,1,1,1,1,1,1,1,1.0,1.0,1,1
2,42,2023-01-23-21,/home/ubuntu/klb/nuclr/nuclr/Data/Atanas_SF_unified_000776/cv5_grouped_v1/fold_2/test/train__2023-01-23-21__2b2ef56d.npz,71,IL1L,2023-01-05-18,1,1,2,1,0,1,1,1.0,0.5,1,0
2,42,2023-01-23-21,/home/ubuntu/klb/nuclr/nuclr/Data/Atanas_SF_unified_000776/cv5_grouped_v1/fold_2/test/train__2023-01-23-21__2b2ef56d.npz,72,URYVR,2023-01-05-18,0,3,-1,0,0,1,0,0.3333333333333333,0.0,0,0
2,42,2023-01-23-21,/home/ubuntu/klb/nuclr/nuclr/Data/Atanas_SF_unified_000776/cv5_grouped_v1/fold_2/test/train__2023-01-23-21__2b2ef56d.npz,73,MCR,2023-01-05-18,0,6,-1,0,0,0,0,0.16666666666666666,0.0,0,0
2,42,2023-01-23-21,/home/ubuntu/klb/nuclr/nuclr/Data/Atanas_SF_unified_000776/cv5_grouped_v1/fold_2/test/train__2023-01-23-21__2b2ef56d.npz,74,AUAL,2023-01-05-18,1,1,1,1,1,1,1,1.0,1.0,1,1
2,42,2023-01-23-21,/home/ubuntu/klb/nuclr/nuclr/Data/Atanas_SF_unified_000776/cv5_grouped_v1/fold_2/test/train__2023-01-23-21__2b2ef56d.npz,75,AWAL,2023-01-05-18,1,1,1,1,1,1,1,1.0,1.0,1,1
2,42,2023-01-23-21,/home/ubuntu/klb/nuclr/nuclr/Data/Atanas_SF_unified_000776/cv5_grouped_v1/fold_2/test/train__2023-01-23-21__2b2ef56d.npz,76,RMDVL,2023-01-05-18,1,1,1,1,1,1,1,1.0,1.0,1,1
2,42,2023-01-23-21,/home/ubuntu/klb/nuclr/nuclr/Data/Atanas_SF_unified_000776/cv5_grouped_v1/fold_2/test/train__2023-01-23-21__2b2ef56d.npz,77,RMGL,2023-01-05-18,0,1,-1,1,0,1,0,1.0,0.0,1,0
2,42,2023-01-23-21,/home/ubuntu/klb/nuclr/nuclr/Data/Atanas_SF_unified_000776/cv5_grouped_v1/fold_2/test/train__2023-01-23-21__2b2ef56d.npz,78,M3L,2023-01-05-18,1,15,13,0,0,0,0,0.06666666666666667,0.07692307692307693,0,0
2,42,2023-01-23-21,/home/ubuntu/klb/nuclr/nuclr/Data/Atanas_SF_unified_000776/cv5_grouped_v1/fold_2/test/train__2023-01-23-21__2b2ef56d.npz,80,IL2VL,2023-01-05-18,1,1,1,1,1,1,1,1.0,1.0,1,1
2,42,2023-01-23-21,/home/ubuntu/klb/nuclr/nuclr/Data/Atanas_SF_unified_000776/cv5_grouped_v1/fold_2/test/train__2023-01-23-21__2b2ef56d.npz,81,FLPL,2023-01-05-18,1,1,1,1,1,1,1,1.0,1.0,1,0
2,42,2023-01-23-21,/home/ubuntu/klb/nuclr/nuclr/Data/Atanas_SF_unified_000776/cv5_grouped_v1/fold_2/test/train__2023-01-23-21__2b2ef56d.npz,82,AVER,2023-01-05-18,1,1,1,1,1,1,1,1.0,1.0,1,1
2,42,2023-01-23-21,/home/ubuntu/klb/nuclr/nuclr/Data/Atanas_SF_unified_000776/cv5_grouped_v1/fold_2/test/train__2023-01-23-21__2b2ef56d.npz,83,RIVR,2023-01-05-18,1,1,1,1,1,1,1,1.0,1.0,1,1
2,42,2023-01-23-21,/home/ubuntu/klb/nuclr/nuclr/Data/Atanas_SF_unified_000776/cv5_grouped_v1/fold_2/test/train__2023-01-23-21__2b2ef56d.npz,84,I3,2023-01-05-18,1,1,1,1,1,1,1,1.0,1.0,1,1
2,42,2023-01-23-21,/home/ubuntu/klb/nuclr/nuclr/Data/Atanas_SF_unified_000776/cv5_grouped_v1/fold_2/test/train__2023-01-23-21__2b2ef56d.npz,85,AIBR,2023-01-05-18,1,1,2,1,0,1,1,1.0,0.5,1,0
2,42,2023-01-23-21,/home/ubuntu/klb/nuclr/nuclr/Data/Atanas_SF_unified_000776/cv5_grouped_v1/fold_2/test/train__2023-01-23-21__2b2ef56d.npz,86,RMDDR,2023-01-05-18,0,2,-1,0,0,1,0,0.5,0.0,0,0
2,42,2023-01-23-21,/home/ubuntu/klb/nuclr/nuclr/Data/Atanas_SF_unified_000776/cv5_grouped_v1/fold_2/test/train__2023-01-23-21__2b2ef56d.npz,89,I1L,2023-01-05-18,1,1,1,1,1,1,1,1.0,1.0,1,1
2,42,2023-01-23-21,/home/ubuntu/klb/nuclr/nuclr/Data/Atanas_SF_unified_000776/cv5_grouped_v1/fold_2/test/train__2023-01-23-21__2b2ef56d.npz,90,URXL,2023-01-05-18,1,2,2,0,0,1,1,0.5,0.5,0,0
2,42,2023-01-23-21,/home/ubuntu/klb/nuclr/nuclr/Data/Atanas_SF_unified_000776/cv5_grouped_v1/fold_2/test/train__2023-01-23-21__2b2ef56d.npz,91,CEPVR,2023-01-05-18,0,2,-1,0,0,1,0,0.5,0.0,0,0
2,42,2023-01-23-21,/home/ubuntu/klb/nuclr/nuclr/Data/Atanas_SF_unified_000776/cv5_grouped_v1/fold_2/test/train__2023-01-23-21__2b2ef56d.npz,94,IL1DR,2023-01-05-18,1,1,1,1,1,1,1,1.0,1.0,1,1
2,42,2023-01-23-21,/home/ubuntu/klb/nuclr/nuclr/Data/Atanas_SF_unified_000776/cv5_grouped_v1/fold_2/test/train__2023-01-23-21__2b2ef56d.npz,95,OLQDL,2023-01-05-18,1,1,1,1,1,1,1,1.0,1.0,1,1
2,42,2023-01-23-21,/home/ubuntu/klb/nuclr/nuclr/Data/Atanas_SF_unified_000776/cv5_grouped_v1/fold_2/test/train__2023-01-23-21__2b2ef56d.npz,96,IL2VR,2023-01-05-18,1,1,1,1,1,1,1,1.0,1.0,1,1
2,42,2023-01-23-21,/home/ubuntu/klb/nuclr/nuclr/Data/Atanas_SF_unified_000776/cv5_grouped_v1/fold_2/test/train__2023-01-23-21__2b2ef56d.npz,98,RMED,2023-01-05-18,0,1,-1,1,0,1,0,1.0,0.0,1,0
2,42,2023-01-23-21,/home/ubuntu/klb/nuclr/nuclr/Data/Atanas_SF_unified_000776/cv5_grouped_v1/fold_2/test/train__2023-01-23-21__2b2ef56d.npz,99,URBL,2023-01-05-18,1,1,1,1,1,1,1,1.0,1.0,1,1
2,42,2023-01-23-21,/home/ubuntu/klb/nuclr/nuclr/Data/Atanas_SF_unified_000776/cv5_grouped_v1/fold_2/test/train__2023-01-23-21__2b2ef56d.npz,100,ASGL,2023-01-05-18,1,1,1,1,1,1,1,1.0,1.0,1,1
2,42,2023-01-23-21,/home/ubuntu/klb/nuclr/nuclr/Data/Atanas_SF_unified_000776/cv5_grouped_v1/fold_2/test/train__2023-01-23-21__2b2ef56d.npz,101,ASHL,2023-01-05-18,0,1,-1,1,0,1,0,1.0,0.0,1,0
2,42,2023-01-23-21,/home/ubuntu/klb/nuclr/nuclr/Data/Atanas_SF_unified_000776/cv5_grouped_v1/fold_2/test/train__2023-01-23-21__2b2ef56d.npz,102,M5,2023-01-05-18,0,1,-1,1,0,1,0,1.0,0.0,1,0
2,42,2023-01-23-21,/home/ubuntu/klb/nuclr/nuclr/Data/Atanas_SF_unified_000776/cv5_grouped_v1/fold_2/test/train__2023-01-23-21__2b2ef56d.npz,104,SMDVL,2023-01-05-18,1,1,1,1,1,1,1,1.0,1.0,1,1
2,42,2023-01-23-21,/home/ubuntu/klb/nuclr/nuclr/Data/Atanas_SF_unified_000776/cv5_grouped_v1/fold_2/test/train__2023-01-23-21__2b2ef56d.npz,105,OLLR,2023-01-05-18,1,1,1,1,1,1,1,1.0,1.0,1,1
2,42,2023-01-23-21,/home/ubuntu/klb/nuclr/nuclr/Data/Atanas_SF_unified_000776/cv5_grouped_v1/fold_2/test/train__2023-01-23-21__2b2ef56d.npz,106,RIVL,2023-01-05-18,1,1,1,1,1,1,1,1.0,1.0,1,1
2,42,2023-01-23-21,/home/ubuntu/klb/nuclr/nuclr/Data/Atanas_SF_unified_000776/cv5_grouped_v1/fold_2/test/train__2023-01-23-21__2b2ef56d.npz,108,IL1R,2023-01-05-18,0,2,-1,0,0,1,0,0.5,0.0,0,0
2,42,2023-01-23-21,/home/ubuntu/klb/nuclr/nuclr/Data/Atanas_SF_unified_000776/cv5_grouped_v1/fold_2/test/train__2023-01-23-21__2b2ef56d.npz,109,MI,2023-01-05-18,1,1,1,1,1,1,1,1.0,1.0,1,1
2,42,2023-01-23-21,/home/ubuntu/klb/nuclr/nuclr/Data/Atanas_SF_unified_000776/cv5_grouped_v1/fold_2/test/train__2023-01-23-21__2b2ef56d.npz,110,ADEL,2023-01-05-18,0,1,-1,1,0,1,0,1.0,0.0,0,0
2,42,2023-01-23-21,/home/ubuntu/klb/nuclr/nuclr/Data/Atanas_SF_unified_000776/cv5_grouped_v1/fold_2/test/train__2023-01-23-21__2b2ef56d.npz,112,URYVL,2023-01-05-18,1,1,1,1,1,1,1,1.0,1.0,1,1
2,42,2023-01-23-21,/home/ubuntu/klb/nuclr/nuclr/Data/Atanas_SF_unified_000776/cv5_grouped_v1/fold_2/test/train__2023-01-23-21__2b2ef56d.npz,113,AWCL,2023-01-05-18,1,1,1,1,1,1,1,1.0,1.0,1,1
2,42,2023-01-23-21,/home/ubuntu/klb/nuclr/nuclr/Data/Atanas_SF_unified_000776/cv5_grouped_v1/fold_2/test/train__2023-01-23-21__2b2ef56d.npz,114,AINL,2023-01-05-18,0,1,-1,1,0,1,0,1.0,0.0,1,0
2,42,2023-01-23-21,/home/ubuntu/klb/nuclr/nuclr/Data/Atanas_SF_unified_000776/cv5_grouped_v1/fold_2/test/train__2023-01-23-21__2b2ef56d.npz,115,MCL,2023-01-05-18,1,1,1,1,1,1,1,1.0,1.0,1,1
2,42,2023-01-23-21,/home/ubuntu/klb/nuclr/nuclr/Data/Atanas_SF_unified_000776/cv5_grouped_v1/fold_2/test/train__2023-01-23-21__2b2ef56d.npz,117,AIYL,2023-01-05-18,0,1,-1,1,0,1,0,1.0,0.0,1,0
2,42,2023-01-23-21,/home/ubuntu/klb/nuclr/nuclr/Data/Atanas_SF_unified_000776/cv5_grouped_v1/fold_2/test/train__2023-01-23-21__2b2ef56d.npz,119,AVHL,2023-01-05-18,1,1,1,1,1,1,1,1.0,1.0,1,1
2,42,2023-01-23-21,/home/ubuntu/klb/nuclr/nuclr/Data/Atanas_SF_unified_000776/cv5_grouped_v1/fold_2/test/train__2023-01-23-21__2b2ef56d.npz,120,ASGR,2023-01-05-18,0,1,-1,1,0,1,0,1.0,0.0,1,0
2,42,2023-01-23-21,/home/ubuntu/klb/nuclr/nuclr/Data/Atanas_SF_unified_000776/cv5_grouped_v1/fold_2/test/train__2023-01-23-21__2b2ef56d.npz,121,CEPDR,2023-01-05-18,1,2,2,0,0,1,1,0.5,0.5,0,0
2,42,2023-01-23-21,/home/ubuntu/klb/nuclr/nuclr/Data/Atanas_SF_unified_000776/cv5_grouped_v1/fold_2/test/train__2023-01-23-21__2b2ef56d.npz,122,M1,2023-01-05-18,1,1,1,1,1,1,1,1.0,1.0,1,1
2,42,2023-01-23-21,/home/ubuntu/klb/nuclr/nuclr/Data/Atanas_SF_unified_000776/cv5_grouped_v1/fold_2/test/train__2023-01-23-21__2b2ef56d.npz,124,RICL,2023-01-05-18,1,1,1,1,1,1,1,1.0,1.0,1,1
2,42,2023-01-23-21,/home/ubuntu/klb/nuclr/nuclr/Data/Atanas_SF_unified_000776/cv5_grouped_v1/fold_2/test/train__2023-01-23-21__2b2ef56d.npz,125,URBR,2023-01-05-18,1,1,1,1,1,1,1,1.0,1.0,1,0
2,42,2022-06-28-07,/home/ubuntu/klb/nuclr/nuclr/Data/Atanas_SF_unified_000776/cv5_grouped_v1/fold_2/test/val__2022-06-28-07__bec48d4e.npz,0,AVDL,2023-01-05-18,0,4,-1,0,0,1,0,0.25,0.0,0,0
2,42,2022-06-28-07,/home/ubuntu/klb/nuclr/nuclr/Data/Atanas_SF_unified_000776/cv5_grouped_v1/fold_2/test/val__2022-06-28-07__bec48d4e.npz,1,ADLL,2023-01-05-18,1,10,12,0,0,0,0,0.1,0.08333333333333333,0,0
2,42,2022-06-28-07,/home/ubuntu/klb/nuclr/nuclr/Data/Atanas_SF_unified_000776/cv5_grouped_v1/fold_2/test/val__2022-06-28-07__bec48d4e.npz,2,AVJL,2023-01-05-18,1,2,1,0,1,1,1,0.5,1.0,0,1
2,42,2022-06-28-07,/home/ubuntu/klb/nuclr/nuclr/Data/Atanas_SF_unified_000776/cv5_grouped_v1/fold_2/test/val__2022-06-28-07__bec48d4e.npz,5,OLQDR,2023-01-05-18,1,1,1,1,1,1,1,1.0,1.0,1,1
2,42,2022-06-28-07,/home/ubuntu/klb/nuclr/nuclr/Data/Atanas_SF_unified_000776/cv5_grouped_v1/fold_2/test/val__2022-06-28-07__bec48d4e.npz,6,RIVL,2023-01-05-18,1,1,1,1,1,1,1,1.0,1.0,1,1
2,42,2022-06-28-07,/home/ubuntu/klb/nuclr/nuclr/Data/Atanas_SF_unified_000776/cv5_grouped_v1/fold_2/test/val__2022-06-28-07__bec48d4e.npz,7,RID,2023-01-05-18,1,1,1,1,1,1,1,1.0,1.0,1,1
2,42,2022-06-28-07,/home/ubuntu/klb/nuclr/nuclr/Data/Atanas_SF_unified_000776/cv5_grouped_v1/fold_2/test/val__2022-06-28-07__bec48d4e.npz,8,AVKR,2023-01-05-18,0,42,-1,0,0,0,0,0.023809523809523808,0.0,0,0
2,42,2022-06-28-07,/home/ubuntu/klb/nuclr/nuclr/Data/Atanas_SF_unified_000776/cv5_grouped_v1/fold_2/test/val__2022-06-28-07__bec48d4e.npz,9,RMDVL,2023-01-05-18,1,1,1,1,1,1,1,1.0,1.0,1,1
2,42,2022-06-28-07,/home/ubuntu/klb/nuclr/nuclr/Data/Atanas_SF_unified_000776/cv5_grouped_v1/fold_2/test/val__2022-06-28-07__bec48d4e.npz,11,RMGL,2023-01-05-18,0,1,-1,1,0,1,0,1.0,0.0,1,0
2,42,2022-06-28-07,/home/ubuntu/klb/nuclr/nuclr/Data/Atanas_SF_unified_000776/cv5_grouped_v1/fold_2/test/val__2022-06-28-07__bec48d4e.npz,12,SMDDR,2023-01-05-18,0,2,-1,0,0,1,0,0.5,0.0,1,0
2,42,2022-06-28-07,/home/ubuntu/klb/nuclr/nuclr/Data/Atanas_SF_unified_000776/cv5_grouped_v1/fold_2/test/val__2022-06-28-07__bec48d4e.npz,15,NSMR,2023-01-05-18,1,1,1,1,1,1,1,1.0,1.0,1,1
2,42,2022-06-28-07,/home/ubuntu/klb/nuclr/nuclr/Data/Atanas_SF_unified_000776/cv5_grouped_v1/fold_2/test/val__2022-06-28-07__bec48d4e.npz,16,RMED,2023-01-05-18,0,1,-1,1,0,1,0,1.0,0.0,1,0
2,42,2022-06-28-07,/home/ubuntu/klb/nuclr/nuclr/Data/Atanas_SF_unified_000776/cv5_grouped_v1/fold_2/test/val__2022-06-28-07__bec48d4e.npz,17,I1L,2023-01-05-18,1,1,1,1,1,1,1,1.0,1.0,1,1
2,42,2022-06-28-07,/home/ubuntu/klb/nuclr/nuclr/Data/Atanas_SF_unified_000776/cv5_grouped_v1/fold_2/test/val__2022-06-28-07__bec48d4e.npz,19,AIZL,2023-01-05-18,1,2,3,0,0,1,1,0.5,0.3333333333333333,0,0
2,42,2022-06-28-07,/home/ubuntu/klb/nuclr/nuclr/Data/Atanas_SF_unified_000776/cv5_grouped_v1/fold_2/test/val__2022-06-28-07__bec48d4e.npz,22,ADEL,2023-01-05-18,0,1,-1,1,0,1,0,1.0,0.0,1,0
2,42,2022-06-28-07,/home/ubuntu/klb/nuclr/nuclr/Data/Atanas_SF_unified_000776/cv5_grouped_v1/fold_2/test/val__2022-06-28-07__bec48d4e.npz,23,IL2DR,2023-01-05-18,1,1,2,1,0,1,1,1.0,0.5,1,0
2,42,2022-06-28-07,/home/ubuntu/klb/nuclr/nuclr/Data/Atanas_SF_unified_000776/cv5_grouped_v1/fold_2/test/val__2022-06-28-07__bec48d4e.npz,25,RMEL,2023-01-05-18,0,1,-1,1,0,1,0,1.0,0.0,1,0
2,42,2022-06-28-07,/home/ubuntu/klb/nuclr/nuclr/Data/Atanas_SF_unified_000776/cv5_grouped_v1/fold_2/test/val__2022-06-28-07__bec48d4e.npz,26,NSML,2023-01-05-18,1,1,1,1,1,1,1,1.0,1.0,1,1
2,42,2022-06-28-07,/home/ubuntu/klb/nuclr/nuclr/Data/Atanas_SF_unified_000776/cv5_grouped_v1/fold_2/test/val__2022-06-28-07__bec48d4e.npz,29,ASEL,2023-01-05-18,1,1,1,1,1,1,1,1.0,1.0,1,1
2,42,2022-06-28-07,/home/ubuntu/klb/nuclr/nuclr/Data/Atanas_SF_unified_000776/cv5_grouped_v1/fold_2/test/val__2022-06-28-07__bec48d4e.npz,30,URXL,2023-01-05-18,1,1,1,1,1,1,1,1.0,1.0,1,1
2,42,2022-06-28-07,/home/ubuntu/klb/nuclr/nuclr/Data/Atanas_SF_unified_000776/cv5_grouped_v1/fold_2/test/val__2022-06-28-07__bec48d4e.npz,33,AIML,2023-01-05-18,0,1,-1,1,0,1,0,1.0,0.0,1,0
2,42,2022-06-28-07,/home/ubuntu/klb/nuclr/nuclr/Data/Atanas_SF_unified_000776/cv5_grouped_v1/fold_2/test/val__2022-06-28-07__bec48d4e.npz,34,SMDVL,2023-01-05-18,1,1,1,1,1,1,1,1.0,1.0,1,1
2,42,2022-06-28-07,/home/ubuntu/klb/nuclr/nuclr/Data/Atanas_SF_unified_000776/cv5_grouped_v1/fold_2/test/val__2022-06-28-07__bec48d4e.npz,35,URXR,2023-01-05-18,1,4,2,0,0,1,1,0.25,0.5,0,0
2,42,2022-06-28-07,/home/ubuntu/klb/nuclr/nuclr/Data/Atanas_SF_unified_000776/cv5_grouped_v1/fold_2/test/val__2022-06-28-07__bec48d4e.npz,36,RMDR,2023-01-05-18,0,1,-1,1,0,1,0,1.0,0.0,1,0
2,42,2022-06-28-07,/home/ubuntu/klb/nuclr/nuclr/Data/Atanas_SF_unified_000776/cv5_grouped_v1/fold_2/test/val__2022-06-28-07__bec48d4e.npz,37,RMDVR,2023-01-05-18,1,2,1,0,1,1,1,0.5,1.0,0,1
2,42,2022-06-28-07,/home/ubuntu/klb/nuclr/nuclr/Data/Atanas_SF_unified_000776/cv5_grouped_v1/fold_2/test/val__2022-06-28-07__bec48d4e.npz,38,FLPL,2023-01-05-18,1,1,1,1,1,1,1,1.0,1.0,1,1
2,42,2022-06-28-07,/home/ubuntu/klb/nuclr/nuclr/Data/Atanas_SF_unified_000776/cv5_grouped_v1/fold_2/test/val__2022-06-28-07__bec48d4e.npz,44,RMEV,2023-01-05-18,1,1,1,1,1,1,1,1.0,1.0,0,1
2,42,2022-06-28-07,/home/ubuntu/klb/nuclr/nuclr/Data/Atanas_SF_unified_000776/cv5_grouped_v1/fold_2/test/val__2022-06-28-07__bec48d4e.npz,46,RICL,2023-01-05-18,1,1,1,1,1,1,1,1.0,1.0,1,1
2,42,2022-06-28-07,/home/ubuntu/klb/nuclr/nuclr/Data/Atanas_SF_unified_000776/cv5_grouped_v1/fold_2/test/val__2022-06-28-07__bec48d4e.npz,47,SMDVR,2023-01-05-18,0,1,-1,1,0,1,0,1.0,0.0,1,0
2,42,2022-06-28-07,/home/ubuntu/klb/nuclr/nuclr/Data/Atanas_SF_unified_000776/cv5_grouped_v1/fold_2/test/val__2022-06-28-07__bec48d4e.npz,48,MI,2023-01-05-18,1,1,2,1,0,1,1,1.0,0.5,1,0
2,42,2022-06-28-07,/home/ubuntu/klb/nuclr/nuclr/Data/Atanas_SF_unified_000776/cv5_grouped_v1/fold_2/test/val__2022-06-28-07__bec48d4e.npz,50,CEPDL,2023-01-05-18,1,1,1,1,1,1,1,1.0,1.0,1,1
2,42,2022-06-28-07,/home/ubuntu/klb/nuclr/nuclr/Data/Atanas_SF_unified_000776/cv5_grouped_v1/fold_2/test/val__2022-06-28-07__bec48d4e.npz,51,IL1DR,2023-01-05-18,1,1,1,1,1,1,1,1.0,1.0,1,1
2,42,2022-06-28-07,/home/ubuntu/klb/nuclr/nuclr/Data/Atanas_SF_unified_000776/cv5_grouped_v1/fold_2/test/val__2022-06-28-07__bec48d4e.npz,52,ADAL,2023-01-05-18,0,5,-1,0,0,1,0,0.2,0.0,0,0
2,42,2022-06-28-07,/home/ubuntu/klb/nuclr/nuclr/Data/Atanas_SF_unified_000776/cv5_grouped_v1/fold_2/test/val__2022-06-28-07__bec48d4e.npz,53,I2L,2023-01-05-18,1,1,1,1,1,1,1,1.0,1.0,1,1
2,42,2022-06-28-07,/home/ubuntu/klb/nuclr/nuclr/Data/Atanas_SF_unified_000776/cv5_grouped_v1/fold_2/test/val__2022-06-28-07__bec48d4e.npz,57,IL1L,2023-01-05-18,1,1,1,1,1,1,1,1.0,1.0,0,1
2,42,2022-06-28-07,/home/ubuntu/klb/nuclr/nuclr/Data/Atanas_SF_unified_000776/cv5_grouped_v1/fold_2/test/val__2022-06-28-07__bec48d4e.npz,61,MCL,2023-01-05-18,1,1,1,1,1,1,1,1.0,1.0,1,1
2,42,2022-06-28-07,/home/ubuntu/klb/nuclr/nuclr/Data/Atanas_SF_unified_000776/cv5_grouped_v1/fold_2/test/val__2022-06-28-07__bec48d4e.npz,65,I3,2023-01-05-18,1,1,1,1,1,1,1,1.0,1.0,1,1
2,42,2022-06-28-07,/home/ubuntu/klb/nuclr/nuclr/Data/Atanas_SF_unified_000776/cv5_grouped_v1/fold_2/test/val__2022-06-28-07__bec48d4e.npz,68,AUAR,2023-01-05-18,0,3,-1,0,0,1,0,0.3333333333333333,0.0,0,0
2,42,2022-06-28-07,/home/ubuntu/klb/nuclr/nuclr/Data/Atanas_SF_unified_000776/cv5_grouped_v1/fold_2/test/val__2022-06-28-07__bec48d4e.npz,69,AVEL,2023-01-05-18,1,1,1,1,1,1,1,1.0,1.0,1,1
2,42,2022-06-28-07,/home/ubuntu/klb/nuclr/nuclr/Data/Atanas_SF_unified_000776/cv5_grouped_v1/fold_2/test/val__2022-06-28-07__bec48d4e.npz,70,AVJR,2023-01-05-18,1,2,1,0,1,1,1,0.5,1.0,0,1
2,42,2022-06-28-07,/home/ubuntu/klb/nuclr/nuclr/Data/Atanas_SF_unified_000776/cv5_grouped_v1/fold_2/test/val__2022-06-28-07__bec48d4e.npz,71,RMDL,2023-01-05-18,1,1,1,1,1,1,1,1.0,1.0,1,1
2,42,2022-06-28-07,/home/ubuntu/klb/nuclr/nuclr/Data/Atanas_SF_unified_000776/cv5_grouped_v1/fold_2/test/val__2022-06-28-07__bec48d4e.npz,72,SMBVR,2023-01-05-18,0,19,-1,0,0,0,0,0.05263157894736842,0.0,0,0
2,42,2022-06-28-07,/home/ubuntu/klb/nuclr/nuclr/Data/Atanas_SF_unified_000776/cv5_grouped_v1/fold_2/test/val__2022-06-28-07__bec48d4e.npz,73,I1R,2023-01-05-18,1,6,2,0,0,0,1,0.16666666666666666,0.5,0,1
2,42,2022-06-28-07,/home/ubuntu/klb/nuclr/nuclr/Data/Atanas_SF_unified_000776/cv5_grouped_v1/fold_2/test/val__2022-06-28-07__bec48d4e.npz,74,RIAL,2023-01-05-18,1,1,1,1,1,1,1,1.0,1.0,1,1
2,42,2022-06-28-07,/home/ubuntu/klb/nuclr/nuclr/Data/Atanas_SF_unified_000776/cv5_grouped_v1/fold_2/test/val__2022-06-28-07__bec48d4e.npz,77,RIS,2023-01-05-18,0,13,-1,0,0,0,0,0.07692307692307693,0.0,0,0
2,42,2022-06-28-07,/home/ubuntu/klb/nuclr/nuclr/Data/Atanas_SF_unified_000776/cv5_grouped_v1/fold_2/test/val__2022-06-28-07__bec48d4e.npz,78,IL2DL,2023-01-05-18,1,1,1,1,1,1,1,1.0,1.0,1,1
2,42,2022-06-28-07,/home/ubuntu/klb/nuclr/nuclr/Data/Atanas_SF_unified_000776/cv5_grouped_v1/fold_2/test/val__2022-06-28-07__bec48d4e.npz,82,AVAL,2023-01-05-18,1,1,1,1,1,1,1,1.0,1.0,1,1
2,42,2022-06-28-07,/home/ubuntu/klb/nuclr/nuclr/Data/Atanas_SF_unified_000776/cv5_grouped_v1/fold_2/test/val__2022-06-28-07__bec48d4e.npz,83,M4,2023-01-05-18,1,1,2,1,0,1,1,1.0,0.5,1,0
2,42,2022-06-28-07,/home/ubuntu/klb/nuclr/nuclr/Data/Atanas_SF_unified_000776/cv5_grouped_v1/fold_2/test/val__2022-06-28-07__bec48d4e.npz,84,URBL,2023-01-05-18,1,1,1,1,1,1,1,1.0,1.0,1,1
2,42,2022-06-28-07,/home/ubuntu/klb/nuclr/nuclr/Data/Atanas_SF_unified_000776/cv5_grouped_v1/fold_2/test/val__2022-06-28-07__bec48d4e.npz,86,IL2VR,2023-01-05-18,1,1,1,1,1,1,1,1.0,1.0,1,1
2,42,2022-06-28-07,/home/ubuntu/klb/nuclr/nuclr/Data/Atanas_SF_unified_000776/cv5_grouped_v1/fold_2/test/val__2022-06-28-07__bec48d4e.npz,87,M3L,2023-01-05-18,1,1,2,1,0,1,1,1.0,0.5,1,0
2,42,2022-06-28-07,/home/ubuntu/klb/nuclr/nuclr/Data/Atanas_SF_unified_000776/cv5_grouped_v1/fold_2/test/val__2022-06-28-07__bec48d4e.npz,88,SAAVR,2023-01-05-18,0,3,-1,0,0,1,0,0.3333333333333333,0.0,0,0
2,42,2022-06-28-07,/home/ubuntu/klb/nuclr/nuclr/Data/Atanas_SF_unified_000776/cv5_grouped_v1/fold_2/test/val__2022-06-28-07__bec48d4e.npz,89,CEPVL,2023-01-05-18,1,1,1,1,1,1,1,1.0,1.0,1,1
2,42,2022-06-28-07,/home/ubuntu/klb/nuclr/nuclr/Data/Atanas_SF_unified_000776/cv5_grouped_v1/fold_2/test/val__2022-06-28-07__bec48d4e.npz,91,BAGL,2023-01-05-18,0,1,-1,1,0,1,0,1.0,0.0,1,0
2,42,2022-06-28-07,/home/ubuntu/klb/nuclr/nuclr/Data/Atanas_SF_unified_000776/cv5_grouped_v1/fold_2/test/val__2022-06-28-07__bec48d4e.npz,93,AIBR,2023-01-05-18,1,1,1,1,1,1,1,1.0,1.0,1,1
2,42,2022-06-28-07,/home/ubuntu/klb/nuclr/nuclr/Data/Atanas_SF_unified_000776/cv5_grouped_v1/fold_2/test/val__2022-06-28-07__bec48d4e.npz,94,RMER,2023-01-05-18,1,1,1,1,1,1,1,1.0,1.0,1,1
2,42,2022-06-28-07,/home/ubuntu/klb/nuclr/nuclr/Data/Atanas_SF_unified_000776/cv5_grouped_v1/fold_2/test/val__2022-06-28-07__bec48d4e.npz,98,OLQVL,2023-01-05-18,1,1,1,1,1,1,1,1.0,1.0,0,0
2,42,2022-06-28-07,/home/ubuntu/klb/nuclr/nuclr/Data/Atanas_SF_unified_000776/cv5_grouped_v1/fold_2/test/val__2022-06-28-07__bec48d4e.npz,99,I4,2023-01-05-18,1,2,1,0,1,1,1,0.5,1.0,0,1
2,42,2022-06-28-07,/home/ubuntu/klb/nuclr/nuclr/Data/Atanas_SF_unified_000776/cv5_grouped_v1/fold_2/test/val__2022-06-28-07__bec48d4e.npz,100,RMDDL,2023-01-05-18,1,1,1,1,1,1,1,1.0,1.0,1,1
2,42,2022-06-28-07,/home/ubuntu/klb/nuclr/nuclr/Data/Atanas_SF_unified_000776/cv5_grouped_v1/fold_2/test/val__2022-06-28-07__bec48d4e.npz,102,ASHL,2023-01-05-18,0,2,-1,0,0,1,0,0.5,0.0,0,0
2,42,2022-06-28-07,/home/ubuntu/klb/nuclr/nuclr/Data/Atanas_SF_unified_000776/cv5_grouped_v1/fold_2/test/val__2022-06-28-07__bec48d4e.npz,105,ASER,2023-01-05-18,1,1,1,1,1,1,1,1.0,1.0,1,0
2,42,2022-06-28-07,/home/ubuntu/klb/nuclr/nuclr/Data/Atanas_SF_unified_000776/cv5_grouped_v1/fold_2/test/val__2022-06-28-07__bec48d4e.npz,106,AUAL,2023-01-05-18,1,2,2,0,0,1,1,0.5,0.5,0,0
2,42,2022-06-28-07,/home/ubuntu/klb/nuclr/nuclr/Data/Atanas_SF_unified_000776/cv5_grouped_v1/fold_2/test/val__2022-06-28-07__bec48d4e.npz,109,AVER,2023-01-05-18,1,1,1,1,1,1,1,1.0,1.0,1,1
2,42,2022-06-28-07,/home/ubuntu/klb/nuclr/nuclr/Data/Atanas_SF_unified_000776/cv5_grouped_v1/fold_2/test/val__2022-06-28-07__bec48d4e.npz,110,IL1R,2023-01-05-18,0,1,-1,1,0,1,0,1.0,0.0,1,0
2,42,2022-06-28-07,/home/ubuntu/klb/nuclr/nuclr/Data/Atanas_SF_unified_000776/cv5_grouped_v1/fold_2/test/val__2022-06-28-07__bec48d4e.npz,111,AIBL,2023-01-05-18,0,5,-1,0,0,1,0,0.2,0.0,0,0
2,42,2022-06-28-07,/home/ubuntu/klb/nuclr/nuclr/Data/Atanas_SF_unified_000776/cv5_grouped_v1/fold_2/test/val__2022-06-28-07__bec48d4e.npz,112,AINL,2023-01-05-18,0,1,-1,1,0,1,0,1.0,0.0,1,0
2,42,2022-06-28-07,/home/ubuntu/klb/nuclr/nuclr/Data/Atanas_SF_unified_000776/cv5_grouped_v1/fold_2/test/val__2022-06-28-07__bec48d4e.npz,115,AVAR,2023-01-05-18,1,1,1,1,1,1,1,1.0,1.0,1,1
2,42,2022-06-28-07,/home/ubuntu/klb/nuclr/nuclr/Data/Atanas_SF_unified_000776/cv5_grouped_v1/fold_2/test/val__2022-06-28-07__bec48d4e.npz,116,I2R,2023-01-05-18,1,1,1,1,1,1,1,1.0,1.0,1,1
2,42,2022-06-28-07,/home/ubuntu/klb/nuclr/nuclr/Data/Atanas_SF_unified_000776/cv5_grouped_v1/fold_2/test/val__2022-06-28-07__bec48d4e.npz,120,SAADL,2023-01-05-18,0,5,-1,0,0,1,0,0.2,0.0,0,0
2,42,2022-06-28-07,/home/ubuntu/klb/nuclr/nuclr/Data/Atanas_SF_unified_000776/cv5_grouped_v1/fold_2/test/val__2022-06-28-07__bec48d4e.npz,121,M3R,2023-01-05-18,1,1,1,1,1,1,1,1.0,1.0,1,1
2,42,2022-06-28-07,/home/ubuntu/klb/nuclr/nuclr/Data/Atanas_SF_unified_000776/cv5_grouped_v1/fold_2/test/val__2022-06-28-07__bec48d4e.npz,124,CEPDR,2023-01-05-18,1,2,2,0,0,1,1,0.5,0.5,0,0
2,42,2022-06-28-07,/home/ubuntu/klb/nuclr/nuclr/Data/Atanas_SF_unified_000776/cv5_grouped_v1/fold_2/test/val__2022-06-28-07__bec48d4e.npz,127,RIH,2023-01-05-18,0,1,-1,1,0,1,0,1.0,0.0,1,0
2,42,2022-06-28-07,/home/ubuntu/klb/nuclr/nuclr/Data/Atanas_SF_unified_000776/cv5_grouped_v1/fold_2/test/val__2022-06-28-07__bec48d4e.npz,128,SMDDL,2023-01-05-18,0,20,-1,0,0,0,0,0.05,0.0,0,0
2,42,2022-06-28-07,/home/ubuntu/klb/nuclr/nuclr/Data/Atanas_SF_unified_000776/cv5_grouped_v1/fold_2/test/val__2022-06-28-07__bec48d4e.npz,130,IL1VL,2023-01-05-18,0,1,-1,1,0,1,0,1.0,0.0,1,0
2,42,2022-06-28-07,/home/ubuntu/klb/nuclr/nuclr/Data/Atanas_SF_unified_000776/cv5_grouped_v1/fold_2/test/val__2022-06-28-07__bec48d4e.npz,131,AWAR,2023-01-05-18,0,1,-1,1,0,1,0,1.0,0.0,1,0
2,42,2022-06-28-07,/home/ubuntu/klb/nuclr/nuclr/Data/Atanas_SF_unified_000776/cv5_grouped_v1/fold_2/test/val__2022-06-28-07__bec48d4e.npz,133,M5,2023-01-05-18,0,2,-1,0,0,1,0,0.5,0.0,0,0
2,42,2022-06-28-07,/home/ubuntu/klb/nuclr/nuclr/Data/Atanas_SF_unified_000776/cv5_grouped_v1/fold_2/test/val__2022-06-28-07__bec48d4e.npz,136,URYVL,2023-01-05-18,1,1,1,1,1,1,1,1.0,1.0,1,1
2,42,2022-06-28-07,/home/ubuntu/klb/nuclr/nuclr/Data/Atanas_SF_unified_000776/cv5_grouped_v1/fold_2/test/val__2022-06-28-07__bec48d4e.npz,137,OLQDL,2023-01-05-18,1,1,1,1,1,1,1,1.0,1.0,1,1
2,42,2022-06-28-07,/home/ubuntu/klb/nuclr/nuclr/Data/Atanas_SF_unified_000776/cv5_grouped_v1/fold_2/test/val__2022-06-28-07__bec48d4e.npz,139,RMDDR,2023-01-05-18,0,1,-1,1,0,1,0,1.0,0.0,1,0
2,42,2022-06-28-07,/home/ubuntu/klb/nuclr/nuclr/Data/Atanas_SF_unified_000776/cv5_grouped_v1/fold_2/test/val__2022-06-28-07__bec48d4e.npz,140,I6,2023-01-05-18,1,2,1,0,1,1,1,0.5,1.0,0,1
2,42,2022-06-28-07,/home/ubuntu/klb/nuclr/nuclr/Data/Atanas_SF_unified_000776/cv5_grouped_v1/fold_2/test/val__2022-06-28-07__bec48d4e.npz,141,IL1VR,2023-01-05-18,0,1,-1,1,0,1,0,1.0,0.0,1,0
