raw_schema_version,fold,severity,perturbation_seed,setting,recordings,false_reject_budget,known_queries,synthetic_unknown_queries,known_top1_real,reject_aware_top1,known_false_reject_rate,unknown_recall,unknown_precision,execution_device,checkpoint,corruption_root
2,0,0.0,0,neurid_original,19,0.05,270,0,0.5814814814814815,0.5074074074074074,0.35555555555555557,,,cpu,/home/ubuntu/klb/nuclr/nuclr/runs/mprt_v1_1_dynamic_residual_atlas_cv5x3_v1/rld/fold0/seed42/dynamic/low_rank_r8/best.pt,/home/ubuntu/klb/nuclr/nuclr/runs/rld_robustness_cv5_seed42_v2/corruptions/fold0/outlier_l0.00_p0
2,0,0.0,0,neurid_calibrated,19,0.05,270,0,0.5814814814814815,0.5592592592592592,0.12962962962962962,,,cpu,/home/ubuntu/klb/nuclr/nuclr/runs/mprt_v1_1_dynamic_residual_atlas_cv5x3_v1/rld/fold0/seed42/dynamic/low_rank_r8/best.pt,/home/ubuntu/klb/nuclr/nuclr/runs/rld_robustness_cv5_seed42_v2/corruptions/fold0/outlier_l0.00_p0
2,0,0.0,0,no_dustbin_confidence,19,0.05,270,0,0.4888888888888889,0.48518518518518516,0.1111111111111111,,,cpu,/home/ubuntu/klb/nuclr/nuclr/runs/mprt_v1_1_dynamic_residual_atlas_cv5x3_v1/rld/fold0/seed42/dynamic/low_rank_r8/best.pt,/home/ubuntu/klb/nuclr/nuclr/runs/rld_robustness_cv5_seed42_v2/corruptions/fold0/outlier_l0.00_p0
2,0,0.0,0,no_dustbin_forced,19,0.05,270,0,0.4888888888888889,0.4888888888888889,0.0,,,cpu,/home/ubuntu/klb/nuclr/nuclr/runs/mprt_v1_1_dynamic_residual_atlas_cv5x3_v1/rld/fold0/seed42/dynamic/low_rank_r8/best.pt,/home/ubuntu/klb/nuclr/nuclr/runs/rld_robustness_cv5_seed42_v2/corruptions/fold0/outlier_l0.00_p0
2,0,0.1,0,neurid_original,19,0.05,270,189,0.5666666666666667,0.5,0.36666666666666664,0.9047619047619048,0.6333333333333333,cpu,/home/ubuntu/klb/nuclr/nuclr/runs/mprt_v1_1_dynamic_residual_atlas_cv5x3_v1/rld/fold0/seed42/dynamic/low_rank_r8/best.pt,/home/ubuntu/klb/nuclr/nuclr/runs/rld_robustness_cv5_seed42_v2/corruptions/fold0/outlier_l0.10_p0
2,0,0.1,0,neurid_calibrated,19,0.05,270,189,0.5666666666666667,0.5518518518518518,0.15185185185185185,0.3492063492063492,0.616822429906542,cpu,/home/ubuntu/klb/nuclr/nuclr/runs/mprt_v1_1_dynamic_residual_atlas_cv5x3_v1/rld/fold0/seed42/dynamic/low_rank_r8/best.pt,/home/ubuntu/klb/nuclr/nuclr/runs/rld_robustness_cv5_seed42_v2/corruptions/fold0/outlier_l0.10_p0
2,0,0.1,0,no_dustbin_confidence,19,0.05,270,189,0.4740740740740741,0.4740740740740741,0.0962962962962963,0.544973544973545,0.7984496124031008,cpu,/home/ubuntu/klb/nuclr/nuclr/runs/mprt_v1_1_dynamic_residual_atlas_cv5x3_v1/rld/fold0/seed42/dynamic/low_rank_r8/best.pt,/home/ubuntu/klb/nuclr/nuclr/runs/rld_robustness_cv5_seed42_v2/corruptions/fold0/outlier_l0.10_p0
2,0,0.1,0,no_dustbin_forced,19,0.05,270,189,0.4740740740740741,0.4740740740740741,0.0,0.0,,cpu,/home/ubuntu/klb/nuclr/nuclr/runs/mprt_v1_1_dynamic_residual_atlas_cv5x3_v1/rld/fold0/seed42/dynamic/low_rank_r8/best.pt,/home/ubuntu/klb/nuclr/nuclr/runs/rld_robustness_cv5_seed42_v2/corruptions/fold0/outlier_l0.10_p0
2,0,0.1,1,neurid_original,19,0.05,270,189,0.5296296296296297,0.44814814814814813,0.362962962962963,0.9206349206349206,0.6397058823529411,cpu,/home/ubuntu/klb/nuclr/nuclr/runs/mprt_v1_1_dynamic_residual_atlas_cv5x3_v1/rld/fold0/seed42/dynamic/low_rank_r8/best.pt,/home/ubuntu/klb/nuclr/nuclr/runs/rld_robustness_cv5_seed42_v2/corruptions/fold0/outlier_l0.10_p1
2,0,0.1,1,neurid_calibrated,19,0.05,270,189,0.5296296296296297,0.5037037037037037,0.15925925925925927,0.2962962962962963,0.5656565656565656,cpu,/home/ubuntu/klb/nuclr/nuclr/runs/mprt_v1_1_dynamic_residual_atlas_cv5x3_v1/rld/fold0/seed42/dynamic/low_rank_r8/best.pt,/home/ubuntu/klb/nuclr/nuclr/runs/rld_robustness_cv5_seed42_v2/corruptions/fold0/outlier_l0.10_p1
2,0,0.1,1,no_dustbin_confidence,19,0.05,270,189,0.4444444444444444,0.44074074074074077,0.1037037037037037,0.5555555555555556,0.7894736842105263,cpu,/home/ubuntu/klb/nuclr/nuclr/runs/mprt_v1_1_dynamic_residual_atlas_cv5x3_v1/rld/fold0/seed42/dynamic/low_rank_r8/best.pt,/home/ubuntu/klb/nuclr/nuclr/runs/rld_robustness_cv5_seed42_v2/corruptions/fold0/outlier_l0.10_p1
2,0,0.1,1,no_dustbin_forced,19,0.05,270,189,0.4444444444444444,0.4444444444444444,0.0,0.0,,cpu,/home/ubuntu/klb/nuclr/nuclr/runs/mprt_v1_1_dynamic_residual_atlas_cv5x3_v1/rld/fold0/seed42/dynamic/low_rank_r8/best.pt,/home/ubuntu/klb/nuclr/nuclr/runs/rld_robustness_cv5_seed42_v2/corruptions/fold0/outlier_l0.10_p1
2,0,0.1,2,neurid_original,19,0.05,270,189,0.5703703703703704,0.4962962962962963,0.35555555555555557,0.8677248677248677,0.6307692307692307,cpu,/home/ubuntu/klb/nuclr/nuclr/runs/mprt_v1_1_dynamic_residual_atlas_cv5x3_v1/rld/fold0/seed42/dynamic/low_rank_r8/best.pt,/home/ubuntu/klb/nuclr/nuclr/runs/rld_robustness_cv5_seed42_v2/corruptions/fold0/outlier_l0.10_p2
2,0,0.1,2,neurid_calibrated,19,0.05,270,189,0.5703703703703704,0.5518518518518518,0.14814814814814814,0.32275132275132273,0.6039603960396039,cpu,/home/ubuntu/klb/nuclr/nuclr/runs/mprt_v1_1_dynamic_residual_atlas_cv5x3_v1/rld/fold0/seed42/dynamic/low_rank_r8/best.pt,/home/ubuntu/klb/nuclr/nuclr/runs/rld_robustness_cv5_seed42_v2/corruptions/fold0/outlier_l0.10_p2
2,0,0.1,2,no_dustbin_confidence,19,0.05,270,189,0.4777777777777778,0.4703703703703704,0.1259259259259259,0.582010582010582,0.7638888888888888,cpu,/home/ubuntu/klb/nuclr/nuclr/runs/mprt_v1_1_dynamic_residual_atlas_cv5x3_v1/rld/fold0/seed42/dynamic/low_rank_r8/best.pt,/home/ubuntu/klb/nuclr/nuclr/runs/rld_robustness_cv5_seed42_v2/corruptions/fold0/outlier_l0.10_p2
2,0,0.1,2,no_dustbin_forced,19,0.05,270,189,0.4777777777777778,0.4777777777777778,0.0,0.0,,cpu,/home/ubuntu/klb/nuclr/nuclr/runs/mprt_v1_1_dynamic_residual_atlas_cv5x3_v1/rld/fold0/seed42/dynamic/low_rank_r8/best.pt,/home/ubuntu/klb/nuclr/nuclr/runs/rld_robustness_cv5_seed42_v2/corruptions/fold0/outlier_l0.10_p2
2,0,0.2,0,neurid_original,19,0.05,270,377,0.5222222222222223,0.45925925925925926,0.37777777777777777,0.946949602122016,0.7777777777777778,cpu,/home/ubuntu/klb/nuclr/nuclr/runs/mprt_v1_1_dynamic_residual_atlas_cv5x3_v1/rld/fold0/seed42/dynamic/low_rank_r8/best.pt,/home/ubuntu/klb/nuclr/nuclr/runs/rld_robustness_cv5_seed42_v2/corruptions/fold0/outlier_l0.20_p0
2,0,0.2,0,neurid_calibrated,19,0.05,270,377,0.5222222222222223,0.5074074074074074,0.16296296296296298,0.3183023872679045,0.7317073170731707,cpu,/home/ubuntu/klb/nuclr/nuclr/runs/mprt_v1_1_dynamic_residual_atlas_cv5x3_v1/rld/fold0/seed42/dynamic/low_rank_r8/best.pt,/home/ubuntu/klb/nuclr/nuclr/runs/rld_robustness_cv5_seed42_v2/corruptions/fold0/outlier_l0.20_p0
2,0,0.2,0,no_dustbin_confidence,19,0.05,270,377,0.4444444444444444,0.43333333333333335,0.08888888888888889,0.636604774535809,0.9090909090909091,cpu,/home/ubuntu/klb/nuclr/nuclr/runs/mprt_v1_1_dynamic_residual_atlas_cv5x3_v1/rld/fold0/seed42/dynamic/low_rank_r8/best.pt,/home/ubuntu/klb/nuclr/nuclr/runs/rld_robustness_cv5_seed42_v2/corruptions/fold0/outlier_l0.20_p0
2,0,0.2,0,no_dustbin_forced,19,0.05,270,377,0.4444444444444444,0.4444444444444444,0.0,0.0,,cpu,/home/ubuntu/klb/nuclr/nuclr/runs/mprt_v1_1_dynamic_residual_atlas_cv5x3_v1/rld/fold0/seed42/dynamic/low_rank_r8/best.pt,/home/ubuntu/klb/nuclr/nuclr/runs/rld_robustness_cv5_seed42_v2/corruptions/fold0/outlier_l0.20_p0
2,0,0.2,1,neurid_original,19,0.05,270,377,0.5333333333333333,0.46296296296296297,0.4,0.9283819628647215,0.7641921397379913,cpu,/home/ubuntu/klb/nuclr/nuclr/runs/mprt_v1_1_dynamic_residual_atlas_cv5x3_v1/rld/fold0/seed42/dynamic/low_rank_r8/best.pt,/home/ubuntu/klb/nuclr/nuclr/runs/rld_robustness_cv5_seed42_v2/corruptions/fold0/outlier_l0.20_p1
2,0,0.2,1,neurid_calibrated,19,0.05,270,377,0.5333333333333333,0.5185185185185185,0.16296296296296298,0.3050397877984085,0.7232704402515723,cpu,/home/ubuntu/klb/nuclr/nuclr/runs/mprt_v1_1_dynamic_residual_atlas_cv5x3_v1/rld/fold0/seed42/dynamic/low_rank_r8/best.pt,/home/ubuntu/klb/nuclr/nuclr/runs/rld_robustness_cv5_seed42_v2/corruptions/fold0/outlier_l0.20_p1
2,0,0.2,1,no_dustbin_confidence,19,0.05,270,377,0.45555555555555555,0.44814814814814813,0.09259259259259259,0.6074270557029178,0.9015748031496063,cpu,/home/ubuntu/klb/nuclr/nuclr/runs/mprt_v1_1_dynamic_residual_atlas_cv5x3_v1/rld/fold0/seed42/dynamic/low_rank_r8/best.pt,/home/ubuntu/klb/nuclr/nuclr/runs/rld_robustness_cv5_seed42_v2/corruptions/fold0/outlier_l0.20_p1
2,0,0.2,1,no_dustbin_forced,19,0.05,270,377,0.45555555555555555,0.45555555555555555,0.0,0.0,,cpu,/home/ubuntu/klb/nuclr/nuclr/runs/mprt_v1_1_dynamic_residual_atlas_cv5x3_v1/rld/fold0/seed42/dynamic/low_rank_r8/best.pt,/home/ubuntu/klb/nuclr/nuclr/runs/rld_robustness_cv5_seed42_v2/corruptions/fold0/outlier_l0.20_p1
2,0,0.2,2,neurid_original,19,0.05,270,377,0.5370370370370371,0.45925925925925926,0.3962962962962963,0.9177718832891246,0.7637969094922737,cpu,/home/ubuntu/klb/nuclr/nuclr/runs/mprt_v1_1_dynamic_residual_atlas_cv5x3_v1/rld/fold0/seed42/dynamic/low_rank_r8/best.pt,/home/ubuntu/klb/nuclr/nuclr/runs/rld_robustness_cv5_seed42_v2/corruptions/fold0/outlier_l0.20_p2
2,0,0.2,2,neurid_calibrated,19,0.05,270,377,0.5370370370370371,0.5185185185185185,0.15925925925925927,0.3687002652519894,0.7637362637362637,cpu,/home/ubuntu/klb/nuclr/nuclr/runs/mprt_v1_1_dynamic_residual_atlas_cv5x3_v1/rld/fold0/seed42/dynamic/low_rank_r8/best.pt,/home/ubuntu/klb/nuclr/nuclr/runs/rld_robustness_cv5_seed42_v2/corruptions/fold0/outlier_l0.20_p2
2,0,0.2,2,no_dustbin_confidence,19,0.05,270,377,0.44814814814814813,0.44814814814814813,0.08148148148148149,0.5464190981432361,0.9035087719298246,cpu,/home/ubuntu/klb/nuclr/nuclr/runs/mprt_v1_1_dynamic_residual_atlas_cv5x3_v1/rld/fold0/seed42/dynamic/low_rank_r8/best.pt,/home/ubuntu/klb/nuclr/nuclr/runs/rld_robustness_cv5_seed42_v2/corruptions/fold0/outlier_l0.20_p2
2,0,0.2,2,no_dustbin_forced,19,0.05,270,377,0.44814814814814813,0.44814814814814813,0.0,0.0,,cpu,/home/ubuntu/klb/nuclr/nuclr/runs/mprt_v1_1_dynamic_residual_atlas_cv5x3_v1/rld/fold0/seed42/dynamic/low_rank_r8/best.pt,/home/ubuntu/klb/nuclr/nuclr/runs/rld_robustness_cv5_seed42_v2/corruptions/fold0/outlier_l0.20_p2
2,0,0.3,0,neurid_original,19,0.05,270,565,0.4888888888888889,0.40370370370370373,0.43333333333333335,0.9345132743362832,0.8186046511627907,cpu,/home/ubuntu/klb/nuclr/nuclr/runs/mprt_v1_1_dynamic_residual_atlas_cv5x3_v1/rld/fold0/seed42/dynamic/low_rank_r8/best.pt,/home/ubuntu/klb/nuclr/nuclr/runs/rld_robustness_cv5_seed42_v2/corruptions/fold0/outlier_l0.30_p0
2,0,0.3,0,neurid_calibrated,19,0.05,270,565,0.4888888888888889,0.4666666666666667,0.17777777777777778,0.39646017699115044,0.8235294117647058,cpu,/home/ubuntu/klb/nuclr/nuclr/runs/mprt_v1_1_dynamic_residual_atlas_cv5x3_v1/rld/fold0/seed42/dynamic/low_rank_r8/best.pt,/home/ubuntu/klb/nuclr/nuclr/runs/rld_robustness_cv5_seed42_v2/corruptions/fold0/outlier_l0.30_p0
2,0,0.3,0,no_dustbin_confidence,19,0.05,270,565,0.4074074074074074,0.4074074074074074,0.07777777777777778,0.6159292035398231,0.943089430894309,cpu,/home/ubuntu/klb/nuclr/nuclr/runs/mprt_v1_1_dynamic_residual_atlas_cv5x3_v1/rld/fold0/seed42/dynamic/low_rank_r8/best.pt,/home/ubuntu/klb/nuclr/nuclr/runs/rld_robustness_cv5_seed42_v2/corruptions/fold0/outlier_l0.30_p0
2,0,0.3,0,no_dustbin_forced,19,0.05,270,565,0.4074074074074074,0.4074074074074074,0.0,0.0,,cpu,/home/ubuntu/klb/nuclr/nuclr/runs/mprt_v1_1_dynamic_residual_atlas_cv5x3_v1/rld/fold0/seed42/dynamic/low_rank_r8/best.pt,/home/ubuntu/klb/nuclr/nuclr/runs/rld_robustness_cv5_seed42_v2/corruptions/fold0/outlier_l0.30_p0
2,0,0.3,1,neurid_original,19,0.05,270,565,0.5,0.4222222222222222,0.4148148148148148,0.9380530973451328,0.8255451713395638,cpu,/home/ubuntu/klb/nuclr/nuclr/runs/mprt_v1_1_dynamic_residual_atlas_cv5x3_v1/rld/fold0/seed42/dynamic/low_rank_r8/best.pt,/home/ubuntu/klb/nuclr/nuclr/runs/rld_robustness_cv5_seed42_v2/corruptions/fold0/outlier_l0.30_p1
2,0,0.3,1,neurid_calibrated,19,0.05,270,565,0.5,0.4740740740740741,0.18888888888888888,0.41415929203539825,0.8210526315789474,cpu,/home/ubuntu/klb/nuclr/nuclr/runs/mprt_v1_1_dynamic_residual_atlas_cv5x3_v1/rld/fold0/seed42/dynamic/low_rank_r8/best.pt,/home/ubuntu/klb/nuclr/nuclr/runs/rld_robustness_cv5_seed42_v2/corruptions/fold0/outlier_l0.30_p1
2,0,0.3,1,no_dustbin_confidence,19,0.05,270,565,0.43703703703703706,0.43333333333333335,0.07407407407407407,0.5876106194690266,0.9431818181818182,cpu,/home/ubuntu/klb/nuclr/nuclr/runs/mprt_v1_1_dynamic_residual_atlas_cv5x3_v1/rld/fold0/seed42/dynamic/low_rank_r8/best.pt,/home/ubuntu/klb/nuclr/nuclr/runs/rld_robustness_cv5_seed42_v2/corruptions/fold0/outlier_l0.30_p1
2,0,0.3,1,no_dustbin_forced,19,0.05,270,565,0.43703703703703706,0.43703703703703706,0.0,0.0,,cpu,/home/ubuntu/klb/nuclr/nuclr/runs/mprt_v1_1_dynamic_residual_atlas_cv5x3_v1/rld/fold0/seed42/dynamic/low_rank_r8/best.pt,/home/ubuntu/klb/nuclr/nuclr/runs/rld_robustness_cv5_seed42_v2/corruptions/fold0/outlier_l0.30_p1
2,0,0.3,2,neurid_original,19,0.05,270,565,0.5148148148148148,0.42592592592592593,0.4111111111111111,0.9433628318584071,0.827639751552795,cpu,/home/ubuntu/klb/nuclr/nuclr/runs/mprt_v1_1_dynamic_residual_atlas_cv5x3_v1/rld/fold0/seed42/dynamic/low_rank_r8/best.pt,/home/ubuntu/klb/nuclr/nuclr/runs/rld_robustness_cv5_seed42_v2/corruptions/fold0/outlier_l0.30_p2
2,0,0.3,2,neurid_calibrated,19,0.05,270,565,0.5148148148148148,0.4925925925925926,0.2,0.39823008849557523,0.8064516129032258,cpu,/home/ubuntu/klb/nuclr/nuclr/runs/mprt_v1_1_dynamic_residual_atlas_cv5x3_v1/rld/fold0/seed42/dynamic/low_rank_r8/best.pt,/home/ubuntu/klb/nuclr/nuclr/runs/rld_robustness_cv5_seed42_v2/corruptions/fold0/outlier_l0.30_p2
2,0,0.3,2,no_dustbin_confidence,19,0.05,270,565,0.45185185185185184,0.44814814814814813,0.08148148148148149,0.6283185840707964,0.9416445623342176,cpu,/home/ubuntu/klb/nuclr/nuclr/runs/mprt_v1_1_dynamic_residual_atlas_cv5x3_v1/rld/fold0/seed42/dynamic/low_rank_r8/best.pt,/home/ubuntu/klb/nuclr/nuclr/runs/rld_robustness_cv5_seed42_v2/corruptions/fold0/outlier_l0.30_p2
2,0,0.3,2,no_dustbin_forced,19,0.05,270,565,0.45185185185185184,0.45185185185185184,0.0,0.0,,cpu,/home/ubuntu/klb/nuclr/nuclr/runs/mprt_v1_1_dynamic_residual_atlas_cv5x3_v1/rld/fold0/seed42/dynamic/low_rank_r8/best.pt,/home/ubuntu/klb/nuclr/nuclr/runs/rld_robustness_cv5_seed42_v2/corruptions/fold0/outlier_l0.30_p2
2,0,0.4,0,neurid_original,19,0.05,270,754,0.5111111111111111,0.42962962962962964,0.44074074074074077,0.9535809018567639,0.8579952267303103,cpu,/home/ubuntu/klb/nuclr/nuclr/runs/mprt_v1_1_dynamic_residual_atlas_cv5x3_v1/rld/fold0/seed42/dynamic/low_rank_r8/best.pt,/home/ubuntu/klb/nuclr/nuclr/runs/rld_robustness_cv5_seed42_v2/corruptions/fold0/outlier_l0.40_p0
2,0,0.4,0,neurid_calibrated,19,0.05,270,754,0.5111111111111111,0.4925925925925926,0.1925925925925926,0.4336870026525199,0.862796833773087,cpu,/home/ubuntu/klb/nuclr/nuclr/runs/mprt_v1_1_dynamic_residual_atlas_cv5x3_v1/rld/fold0/seed42/dynamic/low_rank_r8/best.pt,/home/ubuntu/klb/nuclr/nuclr/runs/rld_robustness_cv5_seed42_v2/corruptions/fold0/outlier_l0.40_p0
2,0,0.4,0,no_dustbin_confidence,19,0.05,270,754,0.44074074074074077,0.44074074074074077,0.09259259259259259,0.5862068965517241,0.9464668094218416,cpu,/home/ubuntu/klb/nuclr/nuclr/runs/mprt_v1_1_dynamic_residual_atlas_cv5x3_v1/rld/fold0/seed42/dynamic/low_rank_r8/best.pt,/home/ubuntu/klb/nuclr/nuclr/runs/rld_robustness_cv5_seed42_v2/corruptions/fold0/outlier_l0.40_p0
2,0,0.4,0,no_dustbin_forced,19,0.05,270,754,0.44074074074074077,0.44074074074074077,0.0,0.0,,cpu,/home/ubuntu/klb/nuclr/nuclr/runs/mprt_v1_1_dynamic_residual_atlas_cv5x3_v1/rld/fold0/seed42/dynamic/low_rank_r8/best.pt,/home/ubuntu/klb/nuclr/nuclr/runs/rld_robustness_cv5_seed42_v2/corruptions/fold0/outlier_l0.40_p0
2,0,0.4,1,neurid_original,19,0.05,270,754,0.4925925925925926,0.4,0.4666666666666667,0.9509283819628647,0.8505338078291815,cpu,/home/ubuntu/klb/nuclr/nuclr/runs/mprt_v1_1_dynamic_residual_atlas_cv5x3_v1/rld/fold0/seed42/dynamic/low_rank_r8/best.pt,/home/ubuntu/klb/nuclr/nuclr/runs/rld_robustness_cv5_seed42_v2/corruptions/fold0/outlier_l0.40_p1
2,0,0.4,1,neurid_calibrated,19,0.05,270,754,0.4925925925925926,0.4666666666666667,0.2,0.42572944297082227,0.856,cpu,/home/ubuntu/klb/nuclr/nuclr/runs/mprt_v1_1_dynamic_residual_atlas_cv5x3_v1/rld/fold0/seed42/dynamic/low_rank_r8/best.pt,/home/ubuntu/klb/nuclr/nuclr/runs/rld_robustness_cv5_seed42_v2/corruptions/fold0/outlier_l0.40_p1
2,0,0.4,1,no_dustbin_confidence,19,0.05,270,754,0.43333333333333335,0.43333333333333335,0.09259259259259259,0.6206896551724138,0.949290060851927,cpu,/home/ubuntu/klb/nuclr/nuclr/runs/mprt_v1_1_dynamic_residual_atlas_cv5x3_v1/rld/fold0/seed42/dynamic/low_rank_r8/best.pt,/home/ubuntu/klb/nuclr/nuclr/runs/rld_robustness_cv5_seed42_v2/corruptions/fold0/outlier_l0.40_p1
2,0,0.4,1,no_dustbin_forced,19,0.05,270,754,0.43333333333333335,0.43333333333333335,0.0,0.0,,cpu,/home/ubuntu/klb/nuclr/nuclr/runs/mprt_v1_1_dynamic_residual_atlas_cv5x3_v1/rld/fold0/seed42/dynamic/low_rank_r8/best.pt,/home/ubuntu/klb/nuclr/nuclr/runs/rld_robustness_cv5_seed42_v2/corruptions/fold0/outlier_l0.40_p1
2,0,0.4,2,neurid_original,19,0.05,270,754,0.5,0.4185185185185185,0.43703703703703706,0.9429708222811671,0.8576598311218335,cpu,/home/ubuntu/klb/nuclr/nuclr/runs/mprt_v1_1_dynamic_residual_atlas_cv5x3_v1/rld/fold0/seed42/dynamic/low_rank_r8/best.pt,/home/ubuntu/klb/nuclr/nuclr/runs/rld_robustness_cv5_seed42_v2/corruptions/fold0/outlier_l0.40_p2
2,0,0.4,2,neurid_calibrated,19,0.05,270,754,0.5,0.4666666666666667,0.2037037037037037,0.4244031830238727,0.8533333333333334,cpu,/home/ubuntu/klb/nuclr/nuclr/runs/mprt_v1_1_dynamic_residual_atlas_cv5x3_v1/rld/fold0/seed42/dynamic/low_rank_r8/best.pt,/home/ubuntu/klb/nuclr/nuclr/runs/rld_robustness_cv5_seed42_v2/corruptions/fold0/outlier_l0.40_p2
2,0,0.4,2,no_dustbin_confidence,19,0.05,270,754,0.4444444444444444,0.44074074074074077,0.07777777777777778,0.6007957559681698,0.9556962025316456,cpu,/home/ubuntu/klb/nuclr/nuclr/runs/mprt_v1_1_dynamic_residual_atlas_cv5x3_v1/rld/fold0/seed42/dynamic/low_rank_r8/best.pt,/home/ubuntu/klb/nuclr/nuclr/runs/rld_robustness_cv5_seed42_v2/corruptions/fold0/outlier_l0.40_p2
2,0,0.4,2,no_dustbin_forced,19,0.05,270,754,0.4444444444444444,0.4444444444444444,0.0,0.0,,cpu,/home/ubuntu/klb/nuclr/nuclr/runs/mprt_v1_1_dynamic_residual_atlas_cv5x3_v1/rld/fold0/seed42/dynamic/low_rank_r8/best.pt,/home/ubuntu/klb/nuclr/nuclr/runs/rld_robustness_cv5_seed42_v2/corruptions/fold0/outlier_l0.40_p2
2,0,0.5,0,neurid_original,19,0.05,270,942,0.45925925925925926,0.37037037037037035,0.4777777777777778,0.945859872611465,0.8735294117647059,cpu,/home/ubuntu/klb/nuclr/nuclr/runs/mprt_v1_1_dynamic_residual_atlas_cv5x3_v1/rld/fold0/seed42/dynamic/low_rank_r8/best.pt,/home/ubuntu/klb/nuclr/nuclr/runs/rld_robustness_cv5_seed42_v2/corruptions/fold0/outlier_l0.50_p0
2,0,0.5,0,neurid_calibrated,19,0.05,270,942,0.45925925925925926,0.43703703703703706,0.21481481481481482,0.46390658174097665,0.8828282828282829,cpu,/home/ubuntu/klb/nuclr/nuclr/runs/mprt_v1_1_dynamic_residual_atlas_cv5x3_v1/rld/fold0/seed42/dynamic/low_rank_r8/best.pt,/home/ubuntu/klb/nuclr/nuclr/runs/rld_robustness_cv5_seed42_v2/corruptions/fold0/outlier_l0.50_p0
2,0,0.5,0,no_dustbin_confidence,19,0.05,270,942,0.40370370370370373,0.40370370370370373,0.0962962962962963,0.5997876857749469,0.9560067681895094,cpu,/home/ubuntu/klb/nuclr/nuclr/runs/mprt_v1_1_dynamic_residual_atlas_cv5x3_v1/rld/fold0/seed42/dynamic/low_rank_r8/best.pt,/home/ubuntu/klb/nuclr/nuclr/runs/rld_robustness_cv5_seed42_v2/corruptions/fold0/outlier_l0.50_p0
2,0,0.5,0,no_dustbin_forced,19,0.05,270,942,0.40370370370370373,0.40370370370370373,0.0,0.0,,cpu,/home/ubuntu/klb/nuclr/nuclr/runs/mprt_v1_1_dynamic_residual_atlas_cv5x3_v1/rld/fold0/seed42/dynamic/low_rank_r8/best.pt,/home/ubuntu/klb/nuclr/nuclr/runs/rld_robustness_cv5_seed42_v2/corruptions/fold0/outlier_l0.50_p0
2,0,0.5,1,neurid_original,19,0.05,270,942,0.4925925925925926,0.3925925925925926,0.48518518518518516,0.9479830148619958,0.8720703125,cpu,/home/ubuntu/klb/nuclr/nuclr/runs/mprt_v1_1_dynamic_residual_atlas_cv5x3_v1/rld/fold0/seed42/dynamic/low_rank_r8/best.pt,/home/ubuntu/klb/nuclr/nuclr/runs/rld_robustness_cv5_seed42_v2/corruptions/fold0/outlier_l0.50_p1
2,0,0.5,1,neurid_calibrated,19,0.05,270,942,0.4925925925925926,0.46296296296296297,0.22592592592592592,0.46496815286624205,0.8777555110220441,cpu,/home/ubuntu/klb/nuclr/nuclr/runs/mprt_v1_1_dynamic_residual_atlas_cv5x3_v1/rld/fold0/seed42/dynamic/low_rank_r8/best.pt,/home/ubuntu/klb/nuclr/nuclr/runs/rld_robustness_cv5_seed42_v2/corruptions/fold0/outlier_l0.50_p1
2,0,0.5,1,no_dustbin_confidence,19,0.05,270,942,0.43333333333333335,0.42962962962962964,0.08518518518518518,0.5934182590233545,0.9604810996563574,cpu,/home/ubuntu/klb/nuclr/nuclr/runs/mprt_v1_1_dynamic_residual_atlas_cv5x3_v1/rld/fold0/seed42/dynamic/low_rank_r8/best.pt,/home/ubuntu/klb/nuclr/nuclr/runs/rld_robustness_cv5_seed42_v2/corruptions/fold0/outlier_l0.50_p1
2,0,0.5,1,no_dustbin_forced,19,0.05,270,942,0.43333333333333335,0.43333333333333335,0.0,0.0,,cpu,/home/ubuntu/klb/nuclr/nuclr/runs/mprt_v1_1_dynamic_residual_atlas_cv5x3_v1/rld/fold0/seed42/dynamic/low_rank_r8/best.pt,/home/ubuntu/klb/nuclr/nuclr/runs/rld_robustness_cv5_seed42_v2/corruptions/fold0/outlier_l0.50_p1
2,0,0.5,2,neurid_original,19,0.05,270,942,0.46296296296296297,0.37037037037037035,0.4888888888888889,0.9416135881104034,0.8704612365063789,cpu,/home/ubuntu/klb/nuclr/nuclr/runs/mprt_v1_1_dynamic_residual_atlas_cv5x3_v1/rld/fold0/seed42/dynamic/low_rank_r8/best.pt,/home/ubuntu/klb/nuclr/nuclr/runs/rld_robustness_cv5_seed42_v2/corruptions/fold0/outlier_l0.50_p2
2,0,0.5,2,neurid_calibrated,19,0.05,270,942,0.46296296296296297,0.42962962962962964,0.23703703703703705,0.4607218683651805,0.8714859437751004,cpu,/home/ubuntu/klb/nuclr/nuclr/runs/mprt_v1_1_dynamic_residual_atlas_cv5x3_v1/rld/fold0/seed42/dynamic/low_rank_r8/best.pt,/home/ubuntu/klb/nuclr/nuclr/runs/rld_robustness_cv5_seed42_v2/corruptions/fold0/outlier_l0.50_p2
2,0,0.5,2,no_dustbin_confidence,19,0.05,270,942,0.4222222222222222,0.4222222222222222,0.0962962962962963,0.564755838641189,0.953405017921147,cpu,/home/ubuntu/klb/nuclr/nuclr/runs/mprt_v1_1_dynamic_residual_atlas_cv5x3_v1/rld/fold0/seed42/dynamic/low_rank_r8/best.pt,/home/ubuntu/klb/nuclr/nuclr/runs/rld_robustness_cv5_seed42_v2/corruptions/fold0/outlier_l0.50_p2
2,0,0.5,2,no_dustbin_forced,19,0.05,270,942,0.4222222222222222,0.4222222222222222,0.0,0.0,,cpu,/home/ubuntu/klb/nuclr/nuclr/runs/mprt_v1_1_dynamic_residual_atlas_cv5x3_v1/rld/fold0/seed42/dynamic/low_rank_r8/best.pt,/home/ubuntu/klb/nuclr/nuclr/runs/rld_robustness_cv5_seed42_v2/corruptions/fold0/outlier_l0.50_p2
2,1,0.0,0,neurid_original,19,0.05,298,0,0.697986577181208,0.6375838926174496,0.21476510067114093,,,cpu,/home/ubuntu/klb/nuclr/nuclr/runs/mprt_v1_1_dynamic_residual_atlas_cv5x3_v1/rld/fold1/seed42/dynamic/low_rank_r8/best.pt,/home/ubuntu/klb/nuclr/nuclr/runs/rld_robustness_cv5_seed42_v2/corruptions/fold1/outlier_l0.00_p0
2,1,0.0,0,neurid_calibrated,19,0.05,298,0,0.697986577181208,0.6912751677852349,0.040268456375838924,,,cpu,/home/ubuntu/klb/nuclr/nuclr/runs/mprt_v1_1_dynamic_residual_atlas_cv5x3_v1/rld/fold1/seed42/dynamic/low_rank_r8/best.pt,/home/ubuntu/klb/nuclr/nuclr/runs/rld_robustness_cv5_seed42_v2/corruptions/fold1/outlier_l0.00_p0
2,1,0.0,0,no_dustbin_confidence,19,0.05,298,0,0.6543624161073825,0.6476510067114094,0.08389261744966443,,,cpu,/home/ubuntu/klb/nuclr/nuclr/runs/mprt_v1_1_dynamic_residual_atlas_cv5x3_v1/rld/fold1/seed42/dynamic/low_rank_r8/best.pt,/home/ubuntu/klb/nuclr/nuclr/runs/rld_robustness_cv5_seed42_v2/corruptions/fold1/outlier_l0.00_p0
2,1,0.0,0,no_dustbin_forced,19,0.05,298,0,0.6543624161073825,0.6543624161073825,0.0,,,cpu,/home/ubuntu/klb/nuclr/nuclr/runs/mprt_v1_1_dynamic_residual_atlas_cv5x3_v1/rld/fold1/seed42/dynamic/low_rank_r8/best.pt,/home/ubuntu/klb/nuclr/nuclr/runs/rld_robustness_cv5_seed42_v2/corruptions/fold1/outlier_l0.00_p0
2,1,0.1,0,neurid_original,19,0.05,298,189,0.6711409395973155,0.5939597315436241,0.22483221476510068,0.9206349206349206,0.7219917012448133,cpu,/home/ubuntu/klb/nuclr/nuclr/runs/mprt_v1_1_dynamic_residual_atlas_cv5x3_v1/rld/fold1/seed42/dynamic/low_rank_r8/best.pt,/home/ubuntu/klb/nuclr/nuclr/runs/rld_robustness_cv5_seed42_v2/corruptions/fold1/outlier_l0.10_p0
2,1,0.1,0,neurid_calibrated,19,0.05,298,189,0.6711409395973155,0.6677852348993288,0.040268456375838924,0.4603174603174603,0.8787878787878788,cpu,/home/ubuntu/klb/nuclr/nuclr/runs/mprt_v1_1_dynamic_residual_atlas_cv5x3_v1/rld/fold1/seed42/dynamic/low_rank_r8/best.pt,/home/ubuntu/klb/nuclr/nuclr/runs/rld_robustness_cv5_seed42_v2/corruptions/fold1/outlier_l0.10_p0
2,1,0.1,0,no_dustbin_confidence,19,0.05,298,189,0.6610738255033557,0.6543624161073825,0.07718120805369127,0.7301587301587301,0.8571428571428571,cpu,/home/ubuntu/klb/nuclr/nuclr/runs/mprt_v1_1_dynamic_residual_atlas_cv5x3_v1/rld/fold1/seed42/dynamic/low_rank_r8/best.pt,/home/ubuntu/klb/nuclr/nuclr/runs/rld_robustness_cv5_seed42_v2/corruptions/fold1/outlier_l0.10_p0
2,1,0.1,0,no_dustbin_forced,19,0.05,298,189,0.6610738255033557,0.6610738255033557,0.0,0.0,,cpu,/home/ubuntu/klb/nuclr/nuclr/runs/mprt_v1_1_dynamic_residual_atlas_cv5x3_v1/rld/fold1/seed42/dynamic/low_rank_r8/best.pt,/home/ubuntu/klb/nuclr/nuclr/runs/rld_robustness_cv5_seed42_v2/corruptions/fold1/outlier_l0.10_p0
2,1,0.1,1,neurid_original,19,0.05,298,189,0.6912751677852349,0.6140939597315436,0.22483221476510068,0.9153439153439153,0.7208333333333333,cpu,/home/ubuntu/klb/nuclr/nuclr/runs/mprt_v1_1_dynamic_residual_atlas_cv5x3_v1/rld/fold1/seed42/dynamic/low_rank_r8/best.pt,/home/ubuntu/klb/nuclr/nuclr/runs/rld_robustness_cv5_seed42_v2/corruptions/fold1/outlier_l0.10_p1
2,1,0.1,1,neurid_calibrated,19,0.05,298,189,0.6912751677852349,0.6812080536912751,0.04697986577181208,0.43386243386243384,0.8541666666666666,cpu,/home/ubuntu/klb/nuclr/nuclr/runs/mprt_v1_1_dynamic_residual_atlas_cv5x3_v1/rld/fold1/seed42/dynamic/low_rank_r8/best.pt,/home/ubuntu/klb/nuclr/nuclr/runs/rld_robustness_cv5_seed42_v2/corruptions/fold1/outlier_l0.10_p1
2,1,0.1,1,no_dustbin_confidence,19,0.05,298,189,0.6577181208053692,0.6476510067114094,0.08389261744966443,0.6878306878306878,0.8387096774193549,cpu,/home/ubuntu/klb/nuclr/nuclr/runs/mprt_v1_1_dynamic_residual_atlas_cv5x3_v1/rld/fold1/seed42/dynamic/low_rank_r8/best.pt,/home/ubuntu/klb/nuclr/nuclr/runs/rld_robustness_cv5_seed42_v2/corruptions/fold1/outlier_l0.10_p1
2,1,0.1,1,no_dustbin_forced,19,0.05,298,189,0.6577181208053692,0.6577181208053692,0.0,0.0,,cpu,/home/ubuntu/klb/nuclr/nuclr/runs/mprt_v1_1_dynamic_residual_atlas_cv5x3_v1/rld/fold1/seed42/dynamic/low_rank_r8/best.pt,/home/ubuntu/klb/nuclr/nuclr/runs/rld_robustness_cv5_seed42_v2/corruptions/fold1/outlier_l0.10_p1
2,1,0.1,2,neurid_original,19,0.05,298,189,0.6610738255033557,0.6040268456375839,0.22483221476510068,0.9047619047619048,0.7184873949579832,cpu,/home/ubuntu/klb/nuclr/nuclr/runs/mprt_v1_1_dynamic_residual_atlas_cv5x3_v1/rld/fold1/seed42/dynamic/low_rank_r8/best.pt,/home/ubuntu/klb/nuclr/nuclr/runs/rld_robustness_cv5_seed42_v2/corruptions/fold1/outlier_l0.10_p2
2,1,0.1,2,neurid_calibrated,19,0.05,298,189,0.6610738255033557,0.6543624161073825,0.0436241610738255,0.37566137566137564,0.8452380952380952,cpu,/home/ubuntu/klb/nuclr/nuclr/runs/mprt_v1_1_dynamic_residual_atlas_cv5x3_v1/rld/fold1/seed42/dynamic/low_rank_r8/best.pt,/home/ubuntu/klb/nuclr/nuclr/runs/rld_robustness_cv5_seed42_v2/corruptions/fold1/outlier_l0.10_p2
2,1,0.1,2,no_dustbin_confidence,19,0.05,298,189,0.6510067114093959,0.6442953020134228,0.07718120805369127,0.6825396825396826,0.8486842105263158,cpu,/home/ubuntu/klb/nuclr/nuclr/runs/mprt_v1_1_dynamic_residual_atlas_cv5x3_v1/rld/fold1/seed42/dynamic/low_rank_r8/best.pt,/home/ubuntu/klb/nuclr/nuclr/runs/rld_robustness_cv5_seed42_v2/corruptions/fold1/outlier_l0.10_p2
2,1,0.1,2,no_dustbin_forced,19,0.05,298,189,0.6510067114093959,0.6510067114093959,0.0,0.0,,cpu,/home/ubuntu/klb/nuclr/nuclr/runs/mprt_v1_1_dynamic_residual_atlas_cv5x3_v1/rld/fold1/seed42/dynamic/low_rank_r8/best.pt,/home/ubuntu/klb/nuclr/nuclr/runs/rld_robustness_cv5_seed42_v2/corruptions/fold1/outlier_l0.10_p2
2,1,0.2,0,neurid_original,19,0.05,298,381,0.6577181208053692,0.5805369127516778,0.2348993288590604,0.9396325459317585,0.8364485981308412,cpu,/home/ubuntu/klb/nuclr/nuclr/runs/mprt_v1_1_dynamic_residual_atlas_cv5x3_v1/rld/fold1/seed42/dynamic/low_rank_r8/best.pt,/home/ubuntu/klb/nuclr/nuclr/runs/rld_robustness_cv5_seed42_v2/corruptions/fold1/outlier_l0.20_p0
2,1,0.2,0,neurid_calibrated,19,0.05,298,381,0.6577181208053692,0.6510067114093959,0.04697986577181208,0.47244094488188976,0.9278350515463918,cpu,/home/ubuntu/klb/nuclr/nuclr/runs/mprt_v1_1_dynamic_residual_atlas_cv5x3_v1/rld/fold1/seed42/dynamic/low_rank_r8/best.pt,/home/ubuntu/klb/nuclr/nuclr/runs/rld_robustness_cv5_seed42_v2/corruptions/fold1/outlier_l0.20_p0
2,1,0.2,0,no_dustbin_confidence,19,0.05,298,381,0.62751677852349,0.6241610738255033,0.07718120805369127,0.7401574803149606,0.9245901639344263,cpu,/home/ubuntu/klb/nuclr/nuclr/runs/mprt_v1_1_dynamic_residual_atlas_cv5x3_v1/rld/fold1/seed42/dynamic/low_rank_r8/best.pt,/home/ubuntu/klb/nuclr/nuclr/runs/rld_robustness_cv5_seed42_v2/corruptions/fold1/outlier_l0.20_p0
2,1,0.2,0,no_dustbin_forced,19,0.05,298,381,0.62751677852349,0.62751677852349,0.0,0.0,,cpu,/home/ubuntu/klb/nuclr/nuclr/runs/mprt_v1_1_dynamic_residual_atlas_cv5x3_v1/rld/fold1/seed42/dynamic/low_rank_r8/best.pt,/home/ubuntu/klb/nuclr/nuclr/runs/rld_robustness_cv5_seed42_v2/corruptions/fold1/outlier_l0.20_p0
2,1,0.2,1,neurid_original,19,0.05,298,381,0.6711409395973155,0.5838926174496645,0.2348993288590604,0.9291338582677166,0.8349056603773585,cpu,/home/ubuntu/klb/nuclr/nuclr/runs/mprt_v1_1_dynamic_residual_atlas_cv5x3_v1/rld/fold1/seed42/dynamic/low_rank_r8/best.pt,/home/ubuntu/klb/nuclr/nuclr/runs/rld_robustness_cv5_seed42_v2/corruptions/fold1/outlier_l0.20_p1
2,1,0.2,1,neurid_calibrated,19,0.05,298,381,0.6711409395973155,0.6644295302013423,0.06040268456375839,0.4566929133858268,0.90625,cpu,/home/ubuntu/klb/nuclr/nuclr/runs/mprt_v1_1_dynamic_residual_atlas_cv5x3_v1/rld/fold1/seed42/dynamic/low_rank_r8/best.pt,/home/ubuntu/klb/nuclr/nuclr/runs/rld_robustness_cv5_seed42_v2/corruptions/fold1/outlier_l0.20_p1
2,1,0.2,1,no_dustbin_confidence,19,0.05,298,381,0.6308724832214765,0.6208053691275168,0.08053691275167785,0.6981627296587927,0.9172413793103448,cpu,/home/ubuntu/klb/nuclr/nuclr/runs/mprt_v1_1_dynamic_residual_atlas_cv5x3_v1/rld/fold1/seed42/dynamic/low_rank_r8/best.pt,/home/ubuntu/klb/nuclr/nuclr/runs/rld_robustness_cv5_seed42_v2/corruptions/fold1/outlier_l0.20_p1
2,1,0.2,1,no_dustbin_forced,19,0.05,298,381,0.6308724832214765,0.6308724832214765,0.0,0.0,,cpu,/home/ubuntu/klb/nuclr/nuclr/runs/mprt_v1_1_dynamic_residual_atlas_cv5x3_v1/rld/fold1/seed42/dynamic/low_rank_r8/best.pt,/home/ubuntu/klb/nuclr/nuclr/runs/rld_robustness_cv5_seed42_v2/corruptions/fold1/outlier_l0.20_p1
2,1,0.2,2,neurid_original,19,0.05,298,381,0.6610738255033557,0.587248322147651,0.24161073825503357,0.9212598425196851,0.8297872340425532,cpu,/home/ubuntu/klb/nuclr/nuclr/runs/mprt_v1_1_dynamic_residual_atlas_cv5x3_v1/rld/fold1/seed42/dynamic/low_rank_r8/best.pt,/home/ubuntu/klb/nuclr/nuclr/runs/rld_robustness_cv5_seed42_v2/corruptions/fold1/outlier_l0.20_p2
2,1,0.2,2,neurid_calibrated,19,0.05,298,381,0.6610738255033557,0.6577181208053692,0.04697986577181208,0.4304461942257218,0.9213483146067416,cpu,/home/ubuntu/klb/nuclr/nuclr/runs/mprt_v1_1_dynamic_residual_atlas_cv5x3_v1/rld/fold1/seed42/dynamic/low_rank_r8/best.pt,/home/ubuntu/klb/nuclr/nuclr/runs/rld_robustness_cv5_seed42_v2/corruptions/fold1/outlier_l0.20_p2
2,1,0.2,2,no_dustbin_confidence,19,0.05,298,381,0.62751677852349,0.6241610738255033,0.07718120805369127,0.6692913385826772,0.9172661870503597,cpu,/home/ubuntu/klb/nuclr/nuclr/runs/mprt_v1_1_dynamic_residual_atlas_cv5x3_v1/rld/fold1/seed42/dynamic/low_rank_r8/best.pt,/home/ubuntu/klb/nuclr/nuclr/runs/rld_robustness_cv5_seed42_v2/corruptions/fold1/outlier_l0.20_p2
2,1,0.2,2,no_dustbin_forced,19,0.05,298,381,0.62751677852349,0.62751677852349,0.0,0.0,,cpu,/home/ubuntu/klb/nuclr/nuclr/runs/mprt_v1_1_dynamic_residual_atlas_cv5x3_v1/rld/fold1/seed42/dynamic/low_rank_r8/best.pt,/home/ubuntu/klb/nuclr/nuclr/runs/rld_robustness_cv5_seed42_v2/corruptions/fold1/outlier_l0.20_p2
2,1,0.3,0,neurid_original,19,0.05,298,566,0.6308724832214765,0.5570469798657718,0.28187919463087246,0.9293286219081273,0.8622950819672132,cpu,/home/ubuntu/klb/nuclr/nuclr/runs/mprt_v1_1_dynamic_residual_atlas_cv5x3_v1/rld/fold1/seed42/dynamic/low_rank_r8/best.pt,/home/ubuntu/klb/nuclr/nuclr/runs/rld_robustness_cv5_seed42_v2/corruptions/fold1/outlier_l0.30_p0
2,1,0.3,0,neurid_calibrated,19,0.05,298,566,0.6308724832214765,0.6241610738255033,0.06711409395973154,0.4540636042402827,0.927797833935018,cpu,/home/ubuntu/klb/nuclr/nuclr/runs/mprt_v1_1_dynamic_residual_atlas_cv5x3_v1/rld/fold1/seed42/dynamic/low_rank_r8/best.pt,/home/ubuntu/klb/nuclr/nuclr/runs/rld_robustness_cv5_seed42_v2/corruptions/fold1/outlier_l0.30_p0
2,1,0.3,0,no_dustbin_confidence,19,0.05,298,566,0.6308724832214765,0.6241610738255033,0.087248322147651,0.7014134275618374,0.9385342789598109,cpu,/home/ubuntu/klb/nuclr/nuclr/runs/mprt_v1_1_dynamic_residual_atlas_cv5x3_v1/rld/fold1/seed42/dynamic/low_rank_r8/best.pt,/home/ubuntu/klb/nuclr/nuclr/runs/rld_robustness_cv5_seed42_v2/corruptions/fold1/outlier_l0.30_p0
2,1,0.3,0,no_dustbin_forced,19,0.05,298,566,0.6308724832214765,0.6308724832214765,0.0,0.0,,cpu,/home/ubuntu/klb/nuclr/nuclr/runs/mprt_v1_1_dynamic_residual_atlas_cv5x3_v1/rld/fold1/seed42/dynamic/low_rank_r8/best.pt,/home/ubuntu/klb/nuclr/nuclr/runs/rld_robustness_cv5_seed42_v2/corruptions/fold1/outlier_l0.30_p0
2,1,0.3,1,neurid_original,19,0.05,298,566,0.6375838926174496,0.5503355704697986,0.2953020134228188,0.9452296819787986,0.8587479935794543,cpu,/home/ubuntu/klb/nuclr/nuclr/runs/mprt_v1_1_dynamic_residual_atlas_cv5x3_v1/rld/fold1/seed42/dynamic/low_rank_r8/best.pt,/home/ubuntu/klb/nuclr/nuclr/runs/rld_robustness_cv5_seed42_v2/corruptions/fold1/outlier_l0.30_p1
2,1,0.3,1,neurid_calibrated,19,0.05,298,566,0.6375838926174496,0.6208053691275168,0.06040268456375839,0.46819787985865724,0.9363957597173145,cpu,/home/ubuntu/klb/nuclr/nuclr/runs/mprt_v1_1_dynamic_residual_atlas_cv5x3_v1/rld/fold1/seed42/dynamic/low_rank_r8/best.pt,/home/ubuntu/klb/nuclr/nuclr/runs/rld_robustness_cv5_seed42_v2/corruptions/fold1/outlier_l0.30_p1
2,1,0.3,1,no_dustbin_confidence,19,0.05,298,566,0.6040268456375839,0.5973154362416108,0.06711409395973154,0.7208480565371025,0.9532710280373832,cpu,/home/ubuntu/klb/nuclr/nuclr/runs/mprt_v1_1_dynamic_residual_atlas_cv5x3_v1/rld/fold1/seed42/dynamic/low_rank_r8/best.pt,/home/ubuntu/klb/nuclr/nuclr/runs/rld_robustness_cv5_seed42_v2/corruptions/fold1/outlier_l0.30_p1
2,1,0.3,1,no_dustbin_forced,19,0.05,298,566,0.6040268456375839,0.6040268456375839,0.0,0.0,,cpu,/home/ubuntu/klb/nuclr/nuclr/runs/mprt_v1_1_dynamic_residual_atlas_cv5x3_v1/rld/fold1/seed42/dynamic/low_rank_r8/best.pt,/home/ubuntu/klb/nuclr/nuclr/runs/rld_robustness_cv5_seed42_v2/corruptions/fold1/outlier_l0.30_p1
2,1,0.3,2,neurid_original,19,0.05,298,566,0.6342281879194631,0.5469798657718121,0.28187919463087246,0.9293286219081273,0.8622950819672132,cpu,/home/ubuntu/klb/nuclr/nuclr/runs/mprt_v1_1_dynamic_residual_atlas_cv5x3_v1/rld/fold1/seed42/dynamic/low_rank_r8/best.pt,/home/ubuntu/klb/nuclr/nuclr/runs/rld_robustness_cv5_seed42_v2/corruptions/fold1/outlier_l0.30_p2
2,1,0.3,2,neurid_calibrated,19,0.05,298,566,0.6342281879194631,0.62751677852349,0.05704697986577181,0.4752650176678445,0.9405594405594405,cpu,/home/ubuntu/klb/nuclr/nuclr/runs/mprt_v1_1_dynamic_residual_atlas_cv5x3_v1/rld/fold1/seed42/dynamic/low_rank_r8/best.pt,/home/ubuntu/klb/nuclr/nuclr/runs/rld_robustness_cv5_seed42_v2/corruptions/fold1/outlier_l0.30_p2
2,1,0.3,2,no_dustbin_confidence,19,0.05,298,566,0.6208053691275168,0.6140939597315436,0.08389261744966443,0.7084805653710248,0.9413145539906104,cpu,/home/ubuntu/klb/nuclr/nuclr/runs/mprt_v1_1_dynamic_residual_atlas_cv5x3_v1/rld/fold1/seed42/dynamic/low_rank_r8/best.pt,/home/ubuntu/klb/nuclr/nuclr/runs/rld_robustness_cv5_seed42_v2/corruptions/fold1/outlier_l0.30_p2
2,1,0.3,2,no_dustbin_forced,19,0.05,298,566,0.6208053691275168,0.6208053691275168,0.0,0.0,,cpu,/home/ubuntu/klb/nuclr/nuclr/runs/mprt_v1_1_dynamic_residual_atlas_cv5x3_v1/rld/fold1/seed42/dynamic/low_rank_r8/best.pt,/home/ubuntu/klb/nuclr/nuclr/runs/rld_robustness_cv5_seed42_v2/corruptions/fold1/outlier_l0.30_p2
2,1,0.4,0,neurid_original,19,0.05,298,759,0.610738255033557,0.5167785234899329,0.3087248322147651,0.930171277997365,0.8847117794486216,cpu,/home/ubuntu/klb/nuclr/nuclr/runs/mprt_v1_1_dynamic_residual_atlas_cv5x3_v1/rld/fold1/seed42/dynamic/low_rank_r8/best.pt,/home/ubuntu/klb/nuclr/nuclr/runs/rld_robustness_cv5_seed42_v2/corruptions/fold1/outlier_l0.40_p0
2,1,0.4,0,neurid_calibrated,19,0.05,298,759,0.610738255033557,0.5906040268456376,0.07718120805369127,0.4874835309617918,0.9414758269720102,cpu,/home/ubuntu/klb/nuclr/nuclr/runs/mprt_v1_1_dynamic_residual_atlas_cv5x3_v1/rld/fold1/seed42/dynamic/low_rank_r8/best.pt,/home/ubuntu/klb/nuclr/nuclr/runs/rld_robustness_cv5_seed42_v2/corruptions/fold1/outlier_l0.40_p0
2,1,0.4,0,no_dustbin_confidence,19,0.05,298,759,0.5906040268456376,0.5805369127516778,0.08389261744966443,0.7009222661396575,0.9551166965888689,cpu,/home/ubuntu/klb/nuclr/nuclr/runs/mprt_v1_1_dynamic_residual_atlas_cv5x3_v1/rld/fold1/seed42/dynamic/low_rank_r8/best.pt,/home/ubuntu/klb/nuclr/nuclr/runs/rld_robustness_cv5_seed42_v2/corruptions/fold1/outlier_l0.40_p0
2,1,0.4,0,no_dustbin_forced,19,0.05,298,759,0.5906040268456376,0.5906040268456376,0.0,0.0,,cpu,/home/ubuntu/klb/nuclr/nuclr/runs/mprt_v1_1_dynamic_residual_atlas_cv5x3_v1/rld/fold1/seed42/dynamic/low_rank_r8/best.pt,/home/ubuntu/klb/nuclr/nuclr/runs/rld_robustness_cv5_seed42_v2/corruptions/fold1/outlier_l0.40_p0
2,1,0.4,1,neurid_original,19,0.05,298,759,0.6208053691275168,0.5335570469798657,0.3221476510067114,0.9499341238471674,0.8824969400244798,cpu,/home/ubuntu/klb/nuclr/nuclr/runs/mprt_v1_1_dynamic_residual_atlas_cv5x3_v1/rld/fold1/seed42/dynamic/low_rank_r8/best.pt,/home/ubuntu/klb/nuclr/nuclr/runs/rld_robustness_cv5_seed42_v2/corruptions/fold1/outlier_l0.40_p1
2,1,0.4,1,neurid_calibrated,19,0.05,298,759,0.6208053691275168,0.6140939597315436,0.050335570469798654,0.5243741765480896,0.9636803874092009,cpu,/home/ubuntu/klb/nuclr/nuclr/runs/mprt_v1_1_dynamic_residual_atlas_cv5x3_v1/rld/fold1/seed42/dynamic/low_rank_r8/best.pt,/home/ubuntu/klb/nuclr/nuclr/runs/rld_robustness_cv5_seed42_v2/corruptions/fold1/outlier_l0.40_p1
2,1,0.4,1,no_dustbin_confidence,19,0.05,298,759,0.6073825503355704,0.5973154362416108,0.087248322147651,0.7114624505928854,0.9540636042402827,cpu,/home/ubuntu/klb/nuclr/nuclr/runs/mprt_v1_1_dynamic_residual_atlas_cv5x3_v1/rld/fold1/seed42/dynamic/low_rank_r8/best.pt,/home/ubuntu/klb/nuclr/nuclr/runs/rld_robustness_cv5_seed42_v2/corruptions/fold1/outlier_l0.40_p1
2,1,0.4,1,no_dustbin_forced,19,0.05,298,759,0.6073825503355704,0.6073825503355704,0.0,0.0,,cpu,/home/ubuntu/klb/nuclr/nuclr/runs/mprt_v1_1_dynamic_residual_atlas_cv5x3_v1/rld/fold1/seed42/dynamic/low_rank_r8/best.pt,/home/ubuntu/klb/nuclr/nuclr/runs/rld_robustness_cv5_seed42_v2/corruptions/fold1/outlier_l0.40_p1
2,1,0.4,2,neurid_original,19,0.05,298,759,0.6174496644295302,0.5067114093959731,0.32550335570469796,0.9433465085638999,0.8806888068880688,cpu,/home/ubuntu/klb/nuclr/nuclr/runs/mprt_v1_1_dynamic_residual_atlas_cv5x3_v1/rld/fold1/seed42/dynamic/low_rank_r8/best.pt,/home/ubuntu/klb/nuclr/nuclr/runs/rld_robustness_cv5_seed42_v2/corruptions/fold1/outlier_l0.40_p2
2,1,0.4,2,neurid_calibrated,19,0.05,298,759,0.6174496644295302,0.6040268456375839,0.0738255033557047,0.4874835309617918,0.9438775510204082,cpu,/home/ubuntu/klb/nuclr/nuclr/runs/mprt_v1_1_dynamic_residual_atlas_cv5x3_v1/rld/fold1/seed42/dynamic/low_rank_r8/best.pt,/home/ubuntu/klb/nuclr/nuclr/runs/rld_robustness_cv5_seed42_v2/corruptions/fold1/outlier_l0.40_p2
2,1,0.4,2,no_dustbin_confidence,19,0.05,298,759,0.5838926174496645,0.5771812080536913,0.08053691275167785,0.7114624505928854,0.9574468085106383,cpu,/home/ubuntu/klb/nuclr/nuclr/runs/mprt_v1_1_dynamic_residual_atlas_cv5x3_v1/rld/fold1/seed42/dynamic/low_rank_r8/best.pt,/home/ubuntu/klb/nuclr/nuclr/runs/rld_robustness_cv5_seed42_v2/corruptions/fold1/outlier_l0.40_p2
2,1,0.4,2,no_dustbin_forced,19,0.05,298,759,0.5838926174496645,0.5838926174496645,0.0,0.0,,cpu,/home/ubuntu/klb/nuclr/nuclr/runs/mprt_v1_1_dynamic_residual_atlas_cv5x3_v1/rld/fold1/seed42/dynamic/low_rank_r8/best.pt,/home/ubuntu/klb/nuclr/nuclr/runs/rld_robustness_cv5_seed42_v2/corruptions/fold1/outlier_l0.40_p2
2,1,0.5,0,neurid_original,19,0.05,298,946,0.5939597315436241,0.49328859060402686,0.3187919463087248,0.9397463002114165,0.9034552845528455,cpu,/home/ubuntu/klb/nuclr/nuclr/runs/mprt_v1_1_dynamic_residual_atlas_cv5x3_v1/rld/fold1/seed42/dynamic/low_rank_r8/best.pt,/home/ubuntu/klb/nuclr/nuclr/runs/rld_robustness_cv5_seed42_v2/corruptions/fold1/outlier_l0.50_p0
2,1,0.5,0,neurid_calibrated,19,0.05,298,946,0.5939597315436241,0.5771812080536913,0.07718120805369127,0.5126849894291755,0.9547244094488189,cpu,/home/ubuntu/klb/nuclr/nuclr/runs/mprt_v1_1_dynamic_residual_atlas_cv5x3_v1/rld/fold1/seed42/dynamic/low_rank_r8/best.pt,/home/ubuntu/klb/nuclr/nuclr/runs/rld_robustness_cv5_seed42_v2/corruptions/fold1/outlier_l0.50_p0
2,1,0.5,0,no_dustbin_confidence,19,0.05,298,946,0.5704697986577181,0.5604026845637584,0.07046979865771812,0.7061310782241015,0.969521044992743,cpu,/home/ubuntu/klb/nuclr/nuclr/runs/mprt_v1_1_dynamic_residual_atlas_cv5x3_v1/rld/fold1/seed42/dynamic/low_rank_r8/best.pt,/home/ubuntu/klb/nuclr/nuclr/runs/rld_robustness_cv5_seed42_v2/corruptions/fold1/outlier_l0.50_p0
2,1,0.5,0,no_dustbin_forced,19,0.05,298,946,0.5704697986577181,0.5704697986577181,0.0,0.0,,cpu,/home/ubuntu/klb/nuclr/nuclr/runs/mprt_v1_1_dynamic_residual_atlas_cv5x3_v1/rld/fold1/seed42/dynamic/low_rank_r8/best.pt,/home/ubuntu/klb/nuclr/nuclr/runs/rld_robustness_cv5_seed42_v2/corruptions/fold1/outlier_l0.50_p0
2,1,0.5,1,neurid_original,19,0.05,298,946,0.587248322147651,0.4899328859060403,0.32550335570469796,0.9344608879492601,0.9011213047910296,cpu,/home/ubuntu/klb/nuclr/nuclr/runs/mprt_v1_1_dynamic_residual_atlas_cv5x3_v1/rld/fold1/seed42/dynamic/low_rank_r8/best.pt,/home/ubuntu/klb/nuclr/nuclr/runs/rld_robustness_cv5_seed42_v2/corruptions/fold1/outlier_l0.50_p1
2,1,0.5,1,neurid_calibrated,19,0.05,298,946,0.587248322147651,0.5671140939597316,0.09395973154362416,0.5042283298097252,0.9445544554455445,cpu,/home/ubuntu/klb/nuclr/nuclr/runs/mprt_v1_1_dynamic_residual_atlas_cv5x3_v1/rld/fold1/seed42/dynamic/low_rank_r8/best.pt,/home/ubuntu/klb/nuclr/nuclr/runs/rld_robustness_cv5_seed42_v2/corruptions/fold1/outlier_l0.50_p1
2,1,0.5,1,no_dustbin_confidence,19,0.05,298,946,0.5704697986577181,0.5671140939597316,0.06711409395973154,0.6902748414376322,0.9702823179791976,cpu,/home/ubuntu/klb/nuclr/nuclr/runs/mprt_v1_1_dynamic_residual_atlas_cv5x3_v1/rld/fold1/seed42/dynamic/low_rank_r8/best.pt,/home/ubuntu/klb/nuclr/nuclr/runs/rld_robustness_cv5_seed42_v2/corruptions/fold1/outlier_l0.50_p1
2,1,0.5,1,no_dustbin_forced,19,0.05,298,946,0.5704697986577181,0.5704697986577181,0.0,0.0,,cpu,/home/ubuntu/klb/nuclr/nuclr/runs/mprt_v1_1_dynamic_residual_atlas_cv5x3_v1/rld/fold1/seed42/dynamic/low_rank_r8/best.pt,/home/ubuntu/klb/nuclr/nuclr/runs/rld_robustness_cv5_seed42_v2/corruptions/fold1/outlier_l0.50_p1
2,1,0.5,2,neurid_original,19,0.05,298,946,0.6073825503355704,0.5100671140939598,0.33221476510067116,0.9429175475687104,0.900100908173562,cpu,/home/ubuntu/klb/nuclr/nuclr/runs/mprt_v1_1_dynamic_residual_atlas_cv5x3_v1/rld/fold1/seed42/dynamic/low_rank_r8/best.pt,/home/ubuntu/klb/nuclr/nuclr/runs/rld_robustness_cv5_seed42_v2/corruptions/fold1/outlier_l0.50_p2
2,1,0.5,2,neurid_calibrated,19,0.05,298,946,0.6073825503355704,0.5973154362416108,0.06711409395973154,0.5021141649048626,0.9595959595959596,cpu,/home/ubuntu/klb/nuclr/nuclr/runs/mprt_v1_1_dynamic_residual_atlas_cv5x3_v1/rld/fold1/seed42/dynamic/low_rank_r8/best.pt,/home/ubuntu/klb/nuclr/nuclr/runs/rld_robustness_cv5_seed42_v2/corruptions/fold1/outlier_l0.50_p2
2,1,0.5,2,no_dustbin_confidence,19,0.05,298,946,0.5771812080536913,0.5704697986577181,0.087248322147651,0.6997885835095138,0.9622093023255814,cpu,/home/ubuntu/klb/nuclr/nuclr/runs/mprt_v1_1_dynamic_residual_atlas_cv5x3_v1/rld/fold1/seed42/dynamic/low_rank_r8/best.pt,/home/ubuntu/klb/nuclr/nuclr/runs/rld_robustness_cv5_seed42_v2/corruptions/fold1/outlier_l0.50_p2
2,1,0.5,2,no_dustbin_forced,19,0.05,298,946,0.5771812080536913,0.5771812080536913,0.0,0.0,,cpu,/home/ubuntu/klb/nuclr/nuclr/runs/mprt_v1_1_dynamic_residual_atlas_cv5x3_v1/rld/fold1/seed42/dynamic/low_rank_r8/best.pt,/home/ubuntu/klb/nuclr/nuclr/runs/rld_robustness_cv5_seed42_v2/corruptions/fold1/outlier_l0.50_p2
2,2,0.0,0,neurid_original,19,0.05,299,0,0.6120401337792643,0.5284280936454849,0.30434782608695654,,,cpu,/home/ubuntu/klb/nuclr/nuclr/runs/mprt_v1_1_dynamic_residual_atlas_cv5x3_v1/rld/fold2/seed42/dynamic/low_rank_r8/best.pt,/home/ubuntu/klb/nuclr/nuclr/runs/rld_robustness_cv5_seed42_v2/corruptions/fold2/outlier_l0.00_p0
2,2,0.0,0,neurid_calibrated,19,0.05,299,0,0.6120401337792643,0.5953177257525084,0.07023411371237458,,,cpu,/home/ubuntu/klb/nuclr/nuclr/runs/mprt_v1_1_dynamic_residual_atlas_cv5x3_v1/rld/fold2/seed42/dynamic/low_rank_r8/best.pt,/home/ubuntu/klb/nuclr/nuclr/runs/rld_robustness_cv5_seed42_v2/corruptions/fold2/outlier_l0.00_p0
2,2,0.0,0,no_dustbin_confidence,19,0.05,299,0,0.5785953177257525,0.5752508361204013,0.020066889632107024,,,cpu,/home/ubuntu/klb/nuclr/nuclr/runs/mprt_v1_1_dynamic_residual_atlas_cv5x3_v1/rld/fold2/seed42/dynamic/low_rank_r8/best.pt,/home/ubuntu/klb/nuclr/nuclr/runs/rld_robustness_cv5_seed42_v2/corruptions/fold2/outlier_l0.00_p0
2,2,0.0,0,no_dustbin_forced,19,0.05,299,0,0.5785953177257525,0.5785953177257525,0.0,,,cpu,/home/ubuntu/klb/nuclr/nuclr/runs/mprt_v1_1_dynamic_residual_atlas_cv5x3_v1/rld/fold2/seed42/dynamic/low_rank_r8/best.pt,/home/ubuntu/klb/nuclr/nuclr/runs/rld_robustness_cv5_seed42_v2/corruptions/fold2/outlier_l0.00_p0
2,2,0.1,0,neurid_original,19,0.05,299,171,0.5886287625418061,0.5050167224080268,0.3612040133779264,0.8421052631578947,0.5714285714285714,cpu,/home/ubuntu/klb/nuclr/nuclr/runs/mprt_v1_1_dynamic_residual_atlas_cv5x3_v1/rld/fold2/seed42/dynamic/low_rank_r8/best.pt,/home/ubuntu/klb/nuclr/nuclr/runs/rld_robustness_cv5_seed42_v2/corruptions/fold2/outlier_l0.10_p0
2,2,0.1,0,neurid_calibrated,19,0.05,299,171,0.5886287625418061,0.5752508361204013,0.0802675585284281,0.3157894736842105,0.6923076923076923,cpu,/home/ubuntu/klb/nuclr/nuclr/runs/mprt_v1_1_dynamic_residual_atlas_cv5x3_v1/rld/fold2/seed42/dynamic/low_rank_r8/best.pt,/home/ubuntu/klb/nuclr/nuclr/runs/rld_robustness_cv5_seed42_v2/corruptions/fold2/outlier_l0.10_p0
2,2,0.1,0,no_dustbin_confidence,19,0.05,299,171,0.5551839464882943,0.5551839464882943,0.010033444816053512,0.42105263157894735,0.96,cpu,/home/ubuntu/klb/nuclr/nuclr/runs/mprt_v1_1_dynamic_residual_atlas_cv5x3_v1/rld/fold2/seed42/dynamic/low_rank_r8/best.pt,/home/ubuntu/klb/nuclr/nuclr/runs/rld_robustness_cv5_seed42_v2/corruptions/fold2/outlier_l0.10_p0
2,2,0.1,0,no_dustbin_forced,19,0.05,299,171,0.5551839464882943,0.5551839464882943,0.0,0.0,,cpu,/home/ubuntu/klb/nuclr/nuclr/runs/mprt_v1_1_dynamic_residual_atlas_cv5x3_v1/rld/fold2/seed42/dynamic/low_rank_r8/best.pt,/home/ubuntu/klb/nuclr/nuclr/runs/rld_robustness_cv5_seed42_v2/corruptions/fold2/outlier_l0.10_p0
2,2,0.1,1,neurid_original,19,0.05,299,171,0.6086956521739131,0.5384615384615384,0.31438127090301005,0.847953216374269,0.606694560669456,cpu,/home/ubuntu/klb/nuclr/nuclr/runs/mprt_v1_1_dynamic_residual_atlas_cv5x3_v1/rld/fold2/seed42/dynamic/low_rank_r8/best.pt,/home/ubuntu/klb/nuclr/nuclr/runs/rld_robustness_cv5_seed42_v2/corruptions/fold2/outlier_l0.10_p1
2,2,0.1,1,neurid_calibrated,19,0.05,299,171,0.6086956521739131,0.5953177257525084,0.0903010033444816,0.3391812865497076,0.6823529411764706,cpu,/home/ubuntu/klb/nuclr/nuclr/runs/mprt_v1_1_dynamic_residual_atlas_cv5x3_v1/rld/fold2/seed42/dynamic/low_rank_r8/best.pt,/home/ubuntu/klb/nuclr/nuclr/runs/rld_robustness_cv5_seed42_v2/corruptions/fold2/outlier_l0.10_p1
2,2,0.1,1,no_dustbin_confidence,19,0.05,299,171,0.5618729096989966,0.5585284280936454,0.016722408026755852,0.4269005847953216,0.9358974358974359,cpu,/home/ubuntu/klb/nuclr/nuclr/runs/mprt_v1_1_dynamic_residual_atlas_cv5x3_v1/rld/fold2/seed42/dynamic/low_rank_r8/best.pt,/home/ubuntu/klb/nuclr/nuclr/runs/rld_robustness_cv5_seed42_v2/corruptions/fold2/outlier_l0.10_p1
2,2,0.1,1,no_dustbin_forced,19,0.05,299,171,0.5618729096989966,0.5618729096989966,0.0,0.0,,cpu,/home/ubuntu/klb/nuclr/nuclr/runs/mprt_v1_1_dynamic_residual_atlas_cv5x3_v1/rld/fold2/seed42/dynamic/low_rank_r8/best.pt,/home/ubuntu/klb/nuclr/nuclr/runs/rld_robustness_cv5_seed42_v2/corruptions/fold2/outlier_l0.10_p1
2,2,0.1,2,neurid_original,19,0.05,299,171,0.6086956521739131,0.5183946488294314,0.34448160535117056,0.8830409356725146,0.594488188976378,cpu,/home/ubuntu/klb/nuclr/nuclr/runs/mprt_v1_1_dynamic_residual_atlas_cv5x3_v1/rld/fold2/seed42/dynamic/low_rank_r8/best.pt,/home/ubuntu/klb/nuclr/nuclr/runs/rld_robustness_cv5_seed42_v2/corruptions/fold2/outlier_l0.10_p2
2,2,0.1,2,neurid_calibrated,19,0.05,299,171,0.6086956521739131,0.5886287625418061,0.09698996655518395,0.2631578947368421,0.6081081081081081,cpu,/home/ubuntu/klb/nuclr/nuclr/runs/mprt_v1_1_dynamic_residual_atlas_cv5x3_v1/rld/fold2/seed42/dynamic/low_rank_r8/best.pt,/home/ubuntu/klb/nuclr/nuclr/runs/rld_robustness_cv5_seed42_v2/corruptions/fold2/outlier_l0.10_p2
2,2,0.1,2,no_dustbin_confidence,19,0.05,299,171,0.5752508361204013,0.5752508361204013,0.020066889632107024,0.4502923976608187,0.927710843373494,cpu,/home/ubuntu/klb/nuclr/nuclr/runs/mprt_v1_1_dynamic_residual_atlas_cv5x3_v1/rld/fold2/seed42/dynamic/low_rank_r8/best.pt,/home/ubuntu/klb/nuclr/nuclr/runs/rld_robustness_cv5_seed42_v2/corruptions/fold2/outlier_l0.10_p2
2,2,0.1,2,no_dustbin_forced,19,0.05,299,171,0.5752508361204013,0.5752508361204013,0.0,0.0,,cpu,/home/ubuntu/klb/nuclr/nuclr/runs/mprt_v1_1_dynamic_residual_atlas_cv5x3_v1/rld/fold2/seed42/dynamic/low_rank_r8/best.pt,/home/ubuntu/klb/nuclr/nuclr/runs/rld_robustness_cv5_seed42_v2/corruptions/fold2/outlier_l0.10_p2
2,2,0.2,0,neurid_original,19,0.05,299,341,0.5785953177257525,0.48494983277591974,0.3779264214046823,0.9090909090909091,0.7328605200945626,cpu,/home/ubuntu/klb/nuclr/nuclr/runs/mprt_v1_1_dynamic_residual_atlas_cv5x3_v1/rld/fold2/seed42/dynamic/low_rank_r8/best.pt,/home/ubuntu/klb/nuclr/nuclr/runs/rld_robustness_cv5_seed42_v2/corruptions/fold2/outlier_l0.20_p0
2,2,0.2,0,neurid_calibrated,19,0.05,299,341,0.5785953177257525,0.5652173913043478,0.08361204013377926,0.35777126099706746,0.8299319727891157,cpu,/home/ubuntu/klb/nuclr/nuclr/runs/mprt_v1_1_dynamic_residual_atlas_cv5x3_v1/rld/fold2/seed42/dynamic/low_rank_r8/best.pt,/home/ubuntu/klb/nuclr/nuclr/runs/rld_robustness_cv5_seed42_v2/corruptions/fold2/outlier_l0.20_p0
2,2,0.2,0,no_dustbin_confidence,19,0.05,299,341,0.5351170568561873,0.5351170568561873,0.020066889632107024,0.4398826979472141,0.9615384615384616,cpu,/home/ubuntu/klb/nuclr/nuclr/runs/mprt_v1_1_dynamic_residual_atlas_cv5x3_v1/rld/fold2/seed42/dynamic/low_rank_r8/best.pt,/home/ubuntu/klb/nuclr/nuclr/runs/rld_robustness_cv5_seed42_v2/corruptions/fold2/outlier_l0.20_p0
2,2,0.2,0,no_dustbin_forced,19,0.05,299,341,0.5351170568561873,0.5351170568561873,0.0,0.0,,cpu,/home/ubuntu/klb/nuclr/nuclr/runs/mprt_v1_1_dynamic_residual_atlas_cv5x3_v1/rld/fold2/seed42/dynamic/low_rank_r8/best.pt,/home/ubuntu/klb/nuclr/nuclr/runs/rld_robustness_cv5_seed42_v2/corruptions/fold2/outlier_l0.20_p0
2,2,0.2,1,neurid_original,19,0.05,299,341,0.6086956521739131,0.5016722408026756,0.3712374581939799,0.8797653958944281,0.7299270072992701,cpu,/home/ubuntu/klb/nuclr/nuclr/runs/mprt_v1_1_dynamic_residual_atlas_cv5x3_v1/rld/fold2/seed42/dynamic/low_rank_r8/best.pt,/home/ubuntu/klb/nuclr/nuclr/runs/rld_robustness_cv5_seed42_v2/corruptions/fold2/outlier_l0.20_p1
2,2,0.2,1,neurid_calibrated,19,0.05,299,341,0.6086956521739131,0.5886287625418061,0.0903010033444816,0.3225806451612903,0.8029197080291971,cpu,/home/ubuntu/klb/nuclr/nuclr/runs/mprt_v1_1_dynamic_residual_atlas_cv5x3_v1/rld/fold2/seed42/dynamic/low_rank_r8/best.pt,/home/ubuntu/klb/nuclr/nuclr/runs/rld_robustness_cv5_seed42_v2/corruptions/fold2/outlier_l0.20_p1
2,2,0.2,1,no_dustbin_confidence,19,0.05,299,341,0.5585284280936454,0.5585284280936454,0.013377926421404682,0.4574780058651026,0.975,cpu,/home/ubuntu/klb/nuclr/nuclr/runs/mprt_v1_1_dynamic_residual_atlas_cv5x3_v1/rld/fold2/seed42/dynamic/low_rank_r8/best.pt,/home/ubuntu/klb/nuclr/nuclr/runs/rld_robustness_cv5_seed42_v2/corruptions/fold2/outlier_l0.20_p1
2,2,0.2,1,no_dustbin_forced,19,0.05,299,341,0.5585284280936454,0.5585284280936454,0.0,0.0,,cpu,/home/ubuntu/klb/nuclr/nuclr/runs/mprt_v1_1_dynamic_residual_atlas_cv5x3_v1/rld/fold2/seed42/dynamic/low_rank_r8/best.pt,/home/ubuntu/klb/nuclr/nuclr/runs/rld_robustness_cv5_seed42_v2/corruptions/fold2/outlier_l0.20_p1
2,2,0.2,2,neurid_original,19,0.05,299,341,0.5819397993311036,0.4816053511705686,0.38461538461538464,0.9032258064516129,0.7281323877068558,cpu,/home/ubuntu/klb/nuclr/nuclr/runs/mprt_v1_1_dynamic_residual_atlas_cv5x3_v1/rld/fold2/seed42/dynamic/low_rank_r8/best.pt,/home/ubuntu/klb/nuclr/nuclr/runs/rld_robustness_cv5_seed42_v2/corruptions/fold2/outlier_l0.20_p2
2,2,0.2,2,neurid_calibrated,19,0.05,299,341,0.5819397993311036,0.568561872909699,0.10702341137123746,0.3519061583577713,0.7894736842105263,cpu,/home/ubuntu/klb/nuclr/nuclr/runs/mprt_v1_1_dynamic_residual_atlas_cv5x3_v1/rld/fold2/seed42/dynamic/low_rank_r8/best.pt,/home/ubuntu/klb/nuclr/nuclr/runs/rld_robustness_cv5_seed42_v2/corruptions/fold2/outlier_l0.20_p2
2,2,0.2,2,no_dustbin_confidence,19,0.05,299,341,0.5719063545150501,0.568561872909699,0.023411371237458192,0.45161290322580644,0.9565217391304348,cpu,/home/ubuntu/klb/nuclr/nuclr/runs/mprt_v1_1_dynamic_residual_atlas_cv5x3_v1/rld/fold2/seed42/dynamic/low_rank_r8/best.pt,/home/ubuntu/klb/nuclr/nuclr/runs/rld_robustness_cv5_seed42_v2/corruptions/fold2/outlier_l0.20_p2
2,2,0.2,2,no_dustbin_forced,19,0.05,299,341,0.5719063545150501,0.5719063545150501,0.0,0.0,,cpu,/home/ubuntu/klb/nuclr/nuclr/runs/mprt_v1_1_dynamic_residual_atlas_cv5x3_v1/rld/fold2/seed42/dynamic/low_rank_r8/best.pt,/home/ubuntu/klb/nuclr/nuclr/runs/rld_robustness_cv5_seed42_v2/corruptions/fold2/outlier_l0.20_p2
2,2,0.3,0,neurid_original,19,0.05,299,508,0.5752508361204013,0.451505016722408,0.41471571906354515,0.8858267716535433,0.7839721254355401,cpu,/home/ubuntu/klb/nuclr/nuclr/runs/mprt_v1_1_dynamic_residual_atlas_cv5x3_v1/rld/fold2/seed42/dynamic/low_rank_r8/best.pt,/home/ubuntu/klb/nuclr/nuclr/runs/rld_robustness_cv5_seed42_v2/corruptions/fold2/outlier_l0.30_p0
2,2,0.3,0,neurid_calibrated,19,0.05,299,508,0.5752508361204013,0.5518394648829431,0.10033444816053512,0.3543307086614173,0.8571428571428571,cpu,/home/ubuntu/klb/nuclr/nuclr/runs/mprt_v1_1_dynamic_residual_atlas_cv5x3_v1/rld/fold2/seed42/dynamic/low_rank_r8/best.pt,/home/ubuntu/klb/nuclr/nuclr/runs/rld_robustness_cv5_seed42_v2/corruptions/fold2/outlier_l0.30_p0
2,2,0.3,0,no_dustbin_confidence,19,0.05,299,508,0.5384615384615384,0.5351170568561873,0.023411371237458192,0.4625984251968504,0.9710743801652892,cpu,/home/ubuntu/klb/nuclr/nuclr/runs/mprt_v1_1_dynamic_residual_atlas_cv5x3_v1/rld/fold2/seed42/dynamic/low_rank_r8/best.pt,/home/ubuntu/klb/nuclr/nuclr/runs/rld_robustness_cv5_seed42_v2/corruptions/fold2/outlier_l0.30_p0
2,2,0.3,0,no_dustbin_forced,19,0.05,299,508,0.5384615384615384,0.5384615384615384,0.0,0.0,,cpu,/home/ubuntu/klb/nuclr/nuclr/runs/mprt_v1_1_dynamic_residual_atlas_cv5x3_v1/rld/fold2/seed42/dynamic/low_rank_r8/best.pt,/home/ubuntu/klb/nuclr/nuclr/runs/rld_robustness_cv5_seed42_v2/corruptions/fold2/outlier_l0.30_p0
2,2,0.3,1,neurid_original,19,0.05,299,508,0.5652173913043478,0.45819397993311034,0.4180602006688963,0.8996062992125984,0.7852233676975945,cpu,/home/ubuntu/klb/nuclr/nuclr/runs/mprt_v1_1_dynamic_residual_atlas_cv5x3_v1/rld/fold2/seed42/dynamic/low_rank_r8/best.pt,/home/ubuntu/klb/nuclr/nuclr/runs/rld_robustness_cv5_seed42_v2/corruptions/fold2/outlier_l0.30_p1
2,2,0.3,1,neurid_calibrated,19,0.05,299,508,0.5652173913043478,0.5484949832775919,0.08361204013377926,0.3346456692913386,0.8717948717948718,cpu,/home/ubuntu/klb/nuclr/nuclr/runs/mprt_v1_1_dynamic_residual_atlas_cv5x3_v1/rld/fold2/seed42/dynamic/low_rank_r8/best.pt,/home/ubuntu/klb/nuclr/nuclr/runs/rld_robustness_cv5_seed42_v2/corruptions/fold2/outlier_l0.30_p1
2,2,0.3,1,no_dustbin_confidence,19,0.05,299,508,0.5183946488294314,0.5150501672240803,0.016722408026755852,0.4921259842519685,0.9803921568627451,cpu,/home/ubuntu/klb/nuclr/nuclr/runs/mprt_v1_1_dynamic_residual_atlas_cv5x3_v1/rld/fold2/seed42/dynamic/low_rank_r8/best.pt,/home/ubuntu/klb/nuclr/nuclr/runs/rld_robustness_cv5_seed42_v2/corruptions/fold2/outlier_l0.30_p1
2,2,0.3,1,no_dustbin_forced,19,0.05,299,508,0.5183946488294314,0.5183946488294314,0.0,0.0,,cpu,/home/ubuntu/klb/nuclr/nuclr/runs/mprt_v1_1_dynamic_residual_atlas_cv5x3_v1/rld/fold2/seed42/dynamic/low_rank_r8/best.pt,/home/ubuntu/klb/nuclr/nuclr/runs/rld_robustness_cv5_seed42_v2/corruptions/fold2/outlier_l0.30_p1
2,2,0.3,2,neurid_original,19,0.05,299,508,0.5551839464882943,0.4414715719063545,0.39464882943143814,0.8877952755905512,0.7926186291739895,cpu,/home/ubuntu/klb/nuclr/nuclr/runs/mprt_v1_1_dynamic_residual_atlas_cv5x3_v1/rld/fold2/seed42/dynamic/low_rank_r8/best.pt,/home/ubuntu/klb/nuclr/nuclr/runs/rld_robustness_cv5_seed42_v2/corruptions/fold2/outlier_l0.30_p2
2,2,0.3,2,neurid_calibrated,19,0.05,299,508,0.5551839464882943,0.5317725752508361,0.10702341137123746,0.3543307086614173,0.8490566037735849,cpu,/home/ubuntu/klb/nuclr/nuclr/runs/mprt_v1_1_dynamic_residual_atlas_cv5x3_v1/rld/fold2/seed42/dynamic/low_rank_r8/best.pt,/home/ubuntu/klb/nuclr/nuclr/runs/rld_robustness_cv5_seed42_v2/corruptions/fold2/outlier_l0.30_p2
2,2,0.3,2,no_dustbin_confidence,19,0.05,299,508,0.5117056856187291,0.5117056856187291,0.016722408026755852,0.47834645669291337,0.9798387096774194,cpu,/home/ubuntu/klb/nuclr/nuclr/runs/mprt_v1_1_dynamic_residual_atlas_cv5x3_v1/rld/fold2/seed42/dynamic/low_rank_r8/best.pt,/home/ubuntu/klb/nuclr/nuclr/runs/rld_robustness_cv5_seed42_v2/corruptions/fold2/outlier_l0.30_p2
2,2,0.3,2,no_dustbin_forced,19,0.05,299,508,0.5117056856187291,0.5117056856187291,0.0,0.0,,cpu,/home/ubuntu/klb/nuclr/nuclr/runs/mprt_v1_1_dynamic_residual_atlas_cv5x3_v1/rld/fold2/seed42/dynamic/low_rank_r8/best.pt,/home/ubuntu/klb/nuclr/nuclr/runs/rld_robustness_cv5_seed42_v2/corruptions/fold2/outlier_l0.30_p2
2,2,0.4,0,neurid_original,19,0.05,299,680,0.568561872909699,0.45484949832775917,0.42474916387959866,0.9102941176470588,0.8297587131367292,cpu,/home/ubuntu/klb/nuclr/nuclr/runs/mprt_v1_1_dynamic_residual_atlas_cv5x3_v1/rld/fold2/seed42/dynamic/low_rank_r8/best.pt,/home/ubuntu/klb/nuclr/nuclr/runs/rld_robustness_cv5_seed42_v2/corruptions/fold2/outlier_l0.40_p0
2,2,0.4,0,neurid_calibrated,19,0.05,299,680,0.568561872909699,0.5484949832775919,0.11036789297658862,0.36176470588235293,0.8817204301075269,cpu,/home/ubuntu/klb/nuclr/nuclr/runs/mprt_v1_1_dynamic_residual_atlas_cv5x3_v1/rld/fold2/seed42/dynamic/low_rank_r8/best.pt,/home/ubuntu/klb/nuclr/nuclr/runs/rld_robustness_cv5_seed42_v2/corruptions/fold2/outlier_l0.40_p0
2,2,0.4,0,no_dustbin_confidence,19,0.05,299,680,0.5384615384615384,0.5384615384615384,0.016722408026755852,0.47794117647058826,0.9848484848484849,cpu,/home/ubuntu/klb/nuclr/nuclr/runs/mprt_v1_1_dynamic_residual_atlas_cv5x3_v1/rld/fold2/seed42/dynamic/low_rank_r8/best.pt,/home/ubuntu/klb/nuclr/nuclr/runs/rld_robustness_cv5_seed42_v2/corruptions/fold2/outlier_l0.40_p0
2,2,0.4,0,no_dustbin_forced,19,0.05,299,680,0.5384615384615384,0.5384615384615384,0.0,0.0,,cpu,/home/ubuntu/klb/nuclr/nuclr/runs/mprt_v1_1_dynamic_residual_atlas_cv5x3_v1/rld/fold2/seed42/dynamic/low_rank_r8/best.pt,/home/ubuntu/klb/nuclr/nuclr/runs/rld_robustness_cv5_seed42_v2/corruptions/fold2/outlier_l0.40_p0
2,2,0.4,1,neurid_original,19,0.05,299,680,0.5551839464882943,0.4414715719063545,0.4214046822742475,0.9058823529411765,0.8301886792452831,cpu,/home/ubuntu/klb/nuclr/nuclr/runs/mprt_v1_1_dynamic_residual_atlas_cv5x3_v1/rld/fold2/seed42/dynamic/low_rank_r8/best.pt,/home/ubuntu/klb/nuclr/nuclr/runs/rld_robustness_cv5_seed42_v2/corruptions/fold2/outlier_l0.40_p1
2,2,0.4,1,neurid_calibrated,19,0.05,299,680,0.5551839464882943,0.5284280936454849,0.13043478260869565,0.38676470588235295,0.8708609271523179,cpu,/home/ubuntu/klb/nuclr/nuclr/runs/mprt_v1_1_dynamic_residual_atlas_cv5x3_v1/rld/fold2/seed42/dynamic/low_rank_r8/best.pt,/home/ubuntu/klb/nuclr/nuclr/runs/rld_robustness_cv5_seed42_v2/corruptions/fold2/outlier_l0.40_p1
2,2,0.4,1,no_dustbin_confidence,19,0.05,299,680,0.5384615384615384,0.5351170568561873,0.016722408026755852,0.5014705882352941,0.9855491329479769,cpu,/home/ubuntu/klb/nuclr/nuclr/runs/mprt_v1_1_dynamic_residual_atlas_cv5x3_v1/rld/fold2/seed42/dynamic/low_rank_r8/best.pt,/home/ubuntu/klb/nuclr/nuclr/runs/rld_robustness_cv5_seed42_v2/corruptions/fold2/outlier_l0.40_p1
2,2,0.4,1,no_dustbin_forced,19,0.05,299,680,0.5384615384615384,0.5384615384615384,0.0,0.0,,cpu,/home/ubuntu/klb/nuclr/nuclr/runs/mprt_v1_1_dynamic_residual_atlas_cv5x3_v1/rld/fold2/seed42/dynamic/low_rank_r8/best.pt,/home/ubuntu/klb/nuclr/nuclr/runs/rld_robustness_cv5_seed42_v2/corruptions/fold2/outlier_l0.40_p1
2,2,0.4,2,neurid_original,19,0.05,299,680,0.5852842809364549,0.47491638795986624,0.391304347826087,0.9176470588235294,0.8421052631578947,cpu,/home/ubuntu/klb/nuclr/nuclr/runs/mprt_v1_1_dynamic_residual_atlas_cv5x3_v1/rld/fold2/seed42/dynamic/low_rank_r8/best.pt,/home/ubuntu/klb/nuclr/nuclr/runs/rld_robustness_cv5_seed42_v2/corruptions/fold2/outlier_l0.40_p2
2,2,0.4,2,neurid_calibrated,19,0.05,299,680,0.5852842809364549,0.5652173913043478,0.10702341137123746,0.3720588235294118,0.887719298245614,cpu,/home/ubuntu/klb/nuclr/nuclr/runs/mprt_v1_1_dynamic_residual_atlas_cv5x3_v1/rld/fold2/seed42/dynamic/low_rank_r8/best.pt,/home/ubuntu/klb/nuclr/nuclr/runs/rld_robustness_cv5_seed42_v2/corruptions/fold2/outlier_l0.40_p2
2,2,0.4,2,no_dustbin_confidence,19,0.05,299,680,0.5317725752508361,0.5317725752508361,0.023411371237458192,0.5014705882352941,0.9798850574712644,cpu,/home/ubuntu/klb/nuclr/nuclr/runs/mprt_v1_1_dynamic_residual_atlas_cv5x3_v1/rld/fold2/seed42/dynamic/low_rank_r8/best.pt,/home/ubuntu/klb/nuclr/nuclr/runs/rld_robustness_cv5_seed42_v2/corruptions/fold2/outlier_l0.40_p2
2,2,0.4,2,no_dustbin_forced,19,0.05,299,680,0.5317725752508361,0.5317725752508361,0.0,0.0,,cpu,/home/ubuntu/klb/nuclr/nuclr/runs/mprt_v1_1_dynamic_residual_atlas_cv5x3_v1/rld/fold2/seed42/dynamic/low_rank_r8/best.pt,/home/ubuntu/klb/nuclr/nuclr/runs/rld_robustness_cv5_seed42_v2/corruptions/fold2/outlier_l0.40_p2
2,2,0.5,0,neurid_original,19,0.05,299,856,0.5484949832775919,0.4080267558528428,0.4682274247491639,0.9205607476635514,0.8491379310344828,cpu,/home/ubuntu/klb/nuclr/nuclr/runs/mprt_v1_1_dynamic_residual_atlas_cv5x3_v1/rld/fold2/seed42/dynamic/low_rank_r8/best.pt,/home/ubuntu/klb/nuclr/nuclr/runs/rld_robustness_cv5_seed42_v2/corruptions/fold2/outlier_l0.50_p0
2,2,0.5,0,neurid_calibrated,19,0.05,299,856,0.5484949832775919,0.5250836120401338,0.12040133779264214,0.3691588785046729,0.8977272727272727,cpu,/home/ubuntu/klb/nuclr/nuclr/runs/mprt_v1_1_dynamic_residual_atlas_cv5x3_v1/rld/fold2/seed42/dynamic/low_rank_r8/best.pt,/home/ubuntu/klb/nuclr/nuclr/runs/rld_robustness_cv5_seed42_v2/corruptions/fold2/outlier_l0.50_p0
2,2,0.5,0,no_dustbin_confidence,19,0.05,299,856,0.5384615384615384,0.5351170568561873,0.020066889632107024,0.4871495327102804,0.9858156028368794,cpu,/home/ubuntu/klb/nuclr/nuclr/runs/mprt_v1_1_dynamic_residual_atlas_cv5x3_v1/rld/fold2/seed42/dynamic/low_rank_r8/best.pt,/home/ubuntu/klb/nuclr/nuclr/runs/rld_robustness_cv5_seed42_v2/corruptions/fold2/outlier_l0.50_p0
2,2,0.5,0,no_dustbin_forced,19,0.05,299,856,0.5384615384615384,0.5384615384615384,0.0,0.0,,cpu,/home/ubuntu/klb/nuclr/nuclr/runs/mprt_v1_1_dynamic_residual_atlas_cv5x3_v1/rld/fold2/seed42/dynamic/low_rank_r8/best.pt,/home/ubuntu/klb/nuclr/nuclr/runs/rld_robustness_cv5_seed42_v2/corruptions/fold2/outlier_l0.50_p0
2,2,0.5,1,neurid_original,19,0.05,299,856,0.5551839464882943,0.44481605351170567,0.43812709030100333,0.9217289719626168,0.8576086956521739,cpu,/home/ubuntu/klb/nuclr/nuclr/runs/mprt_v1_1_dynamic_residual_atlas_cv5x3_v1/rld/fold2/seed42/dynamic/low_rank_r8/best.pt,/home/ubuntu/klb/nuclr/nuclr/runs/rld_robustness_cv5_seed42_v2/corruptions/fold2/outlier_l0.50_p1
2,2,0.5,1,neurid_calibrated,19,0.05,299,856,0.5551839464882943,0.5284280936454849,0.14381270903010032,0.3574766355140187,0.8767908309455588,cpu,/home/ubuntu/klb/nuclr/nuclr/runs/mprt_v1_1_dynamic_residual_atlas_cv5x3_v1/rld/fold2/seed42/dynamic/low_rank_r8/best.pt,/home/ubuntu/klb/nuclr/nuclr/runs/rld_robustness_cv5_seed42_v2/corruptions/fold2/outlier_l0.50_p1
2,2,0.5,1,no_dustbin_confidence,19,0.05,299,856,0.49498327759197325,0.4916387959866221,0.013377926421404682,0.4871495327102804,0.9904988123515439,cpu,/home/ubuntu/klb/nuclr/nuclr/runs/mprt_v1_1_dynamic_residual_atlas_cv5x3_v1/rld/fold2/seed42/dynamic/low_rank_r8/best.pt,/home/ubuntu/klb/nuclr/nuclr/runs/rld_robustness_cv5_seed42_v2/corruptions/fold2/outlier_l0.50_p1
2,2,0.5,1,no_dustbin_forced,19,0.05,299,856,0.49498327759197325,0.49498327759197325,0.0,0.0,,cpu,/home/ubuntu/klb/nuclr/nuclr/runs/mprt_v1_1_dynamic_residual_atlas_cv5x3_v1/rld/fold2/seed42/dynamic/low_rank_r8/best.pt,/home/ubuntu/klb/nuclr/nuclr/runs/rld_robustness_cv5_seed42_v2/corruptions/fold2/outlier_l0.50_p1
2,2,0.5,2,neurid_original,19,0.05,299,856,0.5518394648829431,0.411371237458194,0.4682274247491639,0.9299065420560748,0.8504273504273504,cpu,/home/ubuntu/klb/nuclr/nuclr/runs/mprt_v1_1_dynamic_residual_atlas_cv5x3_v1/rld/fold2/seed42/dynamic/low_rank_r8/best.pt,/home/ubuntu/klb/nuclr/nuclr/runs/rld_robustness_cv5_seed42_v2/corruptions/fold2/outlier_l0.50_p2
2,2,0.5,2,neurid_calibrated,19,0.05,299,856,0.5518394648829431,0.5250836120401338,0.11371237458193979,0.3691588785046729,0.9028571428571428,cpu,/home/ubuntu/klb/nuclr/nuclr/runs/mprt_v1_1_dynamic_residual_atlas_cv5x3_v1/rld/fold2/seed42/dynamic/low_rank_r8/best.pt,/home/ubuntu/klb/nuclr/nuclr/runs/rld_robustness_cv5_seed42_v2/corruptions/fold2/outlier_l0.50_p2
2,2,0.5,2,no_dustbin_confidence,19,0.05,299,856,0.5317725752508361,0.5284280936454849,0.026755852842809364,0.48598130841121495,0.9811320754716981,cpu,/home/ubuntu/klb/nuclr/nuclr/runs/mprt_v1_1_dynamic_residual_atlas_cv5x3_v1/rld/fold2/seed42/dynamic/low_rank_r8/best.pt,/home/ubuntu/klb/nuclr/nuclr/runs/rld_robustness_cv5_seed42_v2/corruptions/fold2/outlier_l0.50_p2
2,2,0.5,2,no_dustbin_forced,19,0.05,299,856,0.5317725752508361,0.5317725752508361,0.0,0.0,,cpu,/home/ubuntu/klb/nuclr/nuclr/runs/mprt_v1_1_dynamic_residual_atlas_cv5x3_v1/rld/fold2/seed42/dynamic/low_rank_r8/best.pt,/home/ubuntu/klb/nuclr/nuclr/runs/rld_robustness_cv5_seed42_v2/corruptions/fold2/outlier_l0.50_p2
2,3,0.0,0,neurid_original,19,0.05,296,0,0.6351351351351351,0.6047297297297297,0.1891891891891892,,,cpu,/home/ubuntu/klb/nuclr/nuclr/runs/mprt_v1_1_dynamic_residual_atlas_cv5x3_v1/rld/fold3/seed42/dynamic/low_rank_r8/best.pt,/home/ubuntu/klb/nuclr/nuclr/runs/rld_robustness_cv5_seed42_v2/corruptions/fold3/outlier_l0.00_p0
2,3,0.0,0,neurid_calibrated,19,0.05,296,0,0.6351351351351351,0.6351351351351351,0.04391891891891892,,,cpu,/home/ubuntu/klb/nuclr/nuclr/runs/mprt_v1_1_dynamic_residual_atlas_cv5x3_v1/rld/fold3/seed42/dynamic/low_rank_r8/best.pt,/home/ubuntu/klb/nuclr/nuclr/runs/rld_robustness_cv5_seed42_v2/corruptions/fold3/outlier_l0.00_p0
2,3,0.0,0,no_dustbin_confidence,19,0.05,296,0,0.6148648648648649,0.6148648648648649,0.04391891891891892,,,cpu,/home/ubuntu/klb/nuclr/nuclr/runs/mprt_v1_1_dynamic_residual_atlas_cv5x3_v1/rld/fold3/seed42/dynamic/low_rank_r8/best.pt,/home/ubuntu/klb/nuclr/nuclr/runs/rld_robustness_cv5_seed42_v2/corruptions/fold3/outlier_l0.00_p0
2,3,0.0,0,no_dustbin_forced,19,0.05,296,0,0.6148648648648649,0.6148648648648649,0.0,,,cpu,/home/ubuntu/klb/nuclr/nuclr/runs/mprt_v1_1_dynamic_residual_atlas_cv5x3_v1/rld/fold3/seed42/dynamic/low_rank_r8/best.pt,/home/ubuntu/klb/nuclr/nuclr/runs/rld_robustness_cv5_seed42_v2/corruptions/fold3/outlier_l0.00_p0
2,3,0.1,0,neurid_original,19,0.05,296,177,0.6486486486486487,0.5777027027027027,0.24324324324324326,0.9322033898305084,0.6962025316455697,cpu,/home/ubuntu/klb/nuclr/nuclr/runs/mprt_v1_1_dynamic_residual_atlas_cv5x3_v1/rld/fold3/seed42/dynamic/low_rank_r8/best.pt,/home/ubuntu/klb/nuclr/nuclr/runs/rld_robustness_cv5_seed42_v2/corruptions/fold3/outlier_l0.10_p0
2,3,0.1,0,neurid_calibrated,19,0.05,296,177,0.6486486486486487,0.6452702702702703,0.037162162162162164,0.6836158192090396,0.9166666666666666,cpu,/home/ubuntu/klb/nuclr/nuclr/runs/mprt_v1_1_dynamic_residual_atlas_cv5x3_v1/rld/fold3/seed42/dynamic/low_rank_r8/best.pt,/home/ubuntu/klb/nuclr/nuclr/runs/rld_robustness_cv5_seed42_v2/corruptions/fold3/outlier_l0.10_p0
2,3,0.1,0,no_dustbin_confidence,19,0.05,296,177,0.6013513513513513,0.597972972972973,0.033783783783783786,0.5480225988700564,0.9065420560747663,cpu,/home/ubuntu/klb/nuclr/nuclr/runs/mprt_v1_1_dynamic_residual_atlas_cv5x3_v1/rld/fold3/seed42/dynamic/low_rank_r8/best.pt,/home/ubuntu/klb/nuclr/nuclr/runs/rld_robustness_cv5_seed42_v2/corruptions/fold3/outlier_l0.10_p0
2,3,0.1,0,no_dustbin_forced,19,0.05,296,177,0.6013513513513513,0.6013513513513513,0.0,0.0,,cpu,/home/ubuntu/klb/nuclr/nuclr/runs/mprt_v1_1_dynamic_residual_atlas_cv5x3_v1/rld/fold3/seed42/dynamic/low_rank_r8/best.pt,/home/ubuntu/klb/nuclr/nuclr/runs/rld_robustness_cv5_seed42_v2/corruptions/fold3/outlier_l0.10_p0
2,3,0.1,1,neurid_original,19,0.05,296,177,0.6452702702702703,0.5912162162162162,0.23648648648648649,0.9548022598870056,0.7071129707112971,cpu,/home/ubuntu/klb/nuclr/nuclr/runs/mprt_v1_1_dynamic_residual_atlas_cv5x3_v1/rld/fold3/seed42/dynamic/low_rank_r8/best.pt,/home/ubuntu/klb/nuclr/nuclr/runs/rld_robustness_cv5_seed42_v2/corruptions/fold3/outlier_l0.10_p1
2,3,0.1,1,neurid_calibrated,19,0.05,296,177,0.6452702702702703,0.6385135135135135,0.04391891891891892,0.6892655367231638,0.9037037037037037,cpu,/home/ubuntu/klb/nuclr/nuclr/runs/mprt_v1_1_dynamic_residual_atlas_cv5x3_v1/rld/fold3/seed42/dynamic/low_rank_r8/best.pt,/home/ubuntu/klb/nuclr/nuclr/runs/rld_robustness_cv5_seed42_v2/corruptions/fold3/outlier_l0.10_p1
2,3,0.1,1,no_dustbin_confidence,19,0.05,296,177,0.6081081081081081,0.6081081081081081,0.030405405405405407,0.5084745762711864,0.9090909090909091,cpu,/home/ubuntu/klb/nuclr/nuclr/runs/mprt_v1_1_dynamic_residual_atlas_cv5x3_v1/rld/fold3/seed42/dynamic/low_rank_r8/best.pt,/home/ubuntu/klb/nuclr/nuclr/runs/rld_robustness_cv5_seed42_v2/corruptions/fold3/outlier_l0.10_p1
2,3,0.1,1,no_dustbin_forced,19,0.05,296,177,0.6081081081081081,0.6081081081081081,0.0,0.0,,cpu,/home/ubuntu/klb/nuclr/nuclr/runs/mprt_v1_1_dynamic_residual_atlas_cv5x3_v1/rld/fold3/seed42/dynamic/low_rank_r8/best.pt,/home/ubuntu/klb/nuclr/nuclr/runs/rld_robustness_cv5_seed42_v2/corruptions/fold3/outlier_l0.10_p1
2,3,0.1,2,neurid_original,19,0.05,296,177,0.6385135135135135,0.5844594594594594,0.23986486486486486,0.9152542372881356,0.6952789699570815,cpu,/home/ubuntu/klb/nuclr/nuclr/runs/mprt_v1_1_dynamic_residual_atlas_cv5x3_v1/rld/fold3/seed42/dynamic/low_rank_r8/best.pt,/home/ubuntu/klb/nuclr/nuclr/runs/rld_robustness_cv5_seed42_v2/corruptions/fold3/outlier_l0.10_p2
2,3,0.1,2,neurid_calibrated,19,0.05,296,177,0.6385135135135135,0.6317567567567568,0.04054054054054054,0.6497175141242938,0.905511811023622,cpu,/home/ubuntu/klb/nuclr/nuclr/runs/mprt_v1_1_dynamic_residual_atlas_cv5x3_v1/rld/fold3/seed42/dynamic/low_rank_r8/best.pt,/home/ubuntu/klb/nuclr/nuclr/runs/rld_robustness_cv5_seed42_v2/corruptions/fold3/outlier_l0.10_p2
2,3,0.1,2,no_dustbin_confidence,19,0.05,296,177,0.6081081081081081,0.6081081081081081,0.037162162162162164,0.4971751412429379,0.8888888888888888,cpu,/home/ubuntu/klb/nuclr/nuclr/runs/mprt_v1_1_dynamic_residual_atlas_cv5x3_v1/rld/fold3/seed42/dynamic/low_rank_r8/best.pt,/home/ubuntu/klb/nuclr/nuclr/runs/rld_robustness_cv5_seed42_v2/corruptions/fold3/outlier_l0.10_p2
2,3,0.1,2,no_dustbin_forced,19,0.05,296,177,0.6081081081081081,0.6081081081081081,0.0,0.0,,cpu,/home/ubuntu/klb/nuclr/nuclr/runs/mprt_v1_1_dynamic_residual_atlas_cv5x3_v1/rld/fold3/seed42/dynamic/low_rank_r8/best.pt,/home/ubuntu/klb/nuclr/nuclr/runs/rld_robustness_cv5_seed42_v2/corruptions/fold3/outlier_l0.10_p2
2,3,0.2,0,neurid_original,19,0.05,296,356,0.6385135135135135,0.5405405405405406,0.30067567567567566,0.949438202247191,0.7915690866510539,cpu,/home/ubuntu/klb/nuclr/nuclr/runs/mprt_v1_1_dynamic_residual_atlas_cv5x3_v1/rld/fold3/seed42/dynamic/low_rank_r8/best.pt,/home/ubuntu/klb/nuclr/nuclr/runs/rld_robustness_cv5_seed42_v2/corruptions/fold3/outlier_l0.20_p0
2,3,0.2,0,neurid_calibrated,19,0.05,296,356,0.6385135135135135,0.6114864864864865,0.08445945945945946,0.6460674157303371,0.9019607843137255,cpu,/home/ubuntu/klb/nuclr/nuclr/runs/mprt_v1_1_dynamic_residual_atlas_cv5x3_v1/rld/fold3/seed42/dynamic/low_rank_r8/best.pt,/home/ubuntu/klb/nuclr/nuclr/runs/rld_robustness_cv5_seed42_v2/corruptions/fold3/outlier_l0.20_p0
2,3,0.2,0,no_dustbin_confidence,19,0.05,296,356,0.5777027027027027,0.5743243243243243,0.02702702702702703,0.5224719101123596,0.9587628865979382,cpu,/home/ubuntu/klb/nuclr/nuclr/runs/mprt_v1_1_dynamic_residual_atlas_cv5x3_v1/rld/fold3/seed42/dynamic/low_rank_r8/best.pt,/home/ubuntu/klb/nuclr/nuclr/runs/rld_robustness_cv5_seed42_v2/corruptions/fold3/outlier_l0.20_p0
2,3,0.2,0,no_dustbin_forced,19,0.05,296,356,0.5777027027027027,0.5777027027027027,0.0,0.0,,cpu,/home/ubuntu/klb/nuclr/nuclr/runs/mprt_v1_1_dynamic_residual_atlas_cv5x3_v1/rld/fold3/seed42/dynamic/low_rank_r8/best.pt,/home/ubuntu/klb/nuclr/nuclr/runs/rld_robustness_cv5_seed42_v2/corruptions/fold3/outlier_l0.20_p0
2,3,0.2,1,neurid_original,19,0.05,296,356,0.6587837837837838,0.5709459459459459,0.28040540540540543,0.9466292134831461,0.8023809523809524,cpu,/home/ubuntu/klb/nuclr/nuclr/runs/mprt_v1_1_dynamic_residual_atlas_cv5x3_v1/rld/fold3/seed42/dynamic/low_rank_r8/best.pt,/home/ubuntu/klb/nuclr/nuclr/runs/rld_robustness_cv5_seed42_v2/corruptions/fold3/outlier_l0.20_p1
2,3,0.2,1,neurid_calibrated,19,0.05,296,356,0.6587837837837838,0.6418918918918919,0.06756756756756757,0.6404494382022472,0.9193548387096774,cpu,/home/ubuntu/klb/nuclr/nuclr/runs/mprt_v1_1_dynamic_residual_atlas_cv5x3_v1/rld/fold3/seed42/dynamic/low_rank_r8/best.pt,/home/ubuntu/klb/nuclr/nuclr/runs/rld_robustness_cv5_seed42_v2/corruptions/fold3/outlier_l0.20_p1
2,3,0.2,1,no_dustbin_confidence,19,0.05,296,356,0.5945945945945946,0.5945945945945946,0.037162162162162164,0.5112359550561798,0.9430051813471503,cpu,/home/ubuntu/klb/nuclr/nuclr/runs/mprt_v1_1_dynamic_residual_atlas_cv5x3_v1/rld/fold3/seed42/dynamic/low_rank_r8/best.pt,/home/ubuntu/klb/nuclr/nuclr/runs/rld_robustness_cv5_seed42_v2/corruptions/fold3/outlier_l0.20_p1
2,3,0.2,1,no_dustbin_forced,19,0.05,296,356,0.5945945945945946,0.5945945945945946,0.0,0.0,,cpu,/home/ubuntu/klb/nuclr/nuclr/runs/mprt_v1_1_dynamic_residual_atlas_cv5x3_v1/rld/fold3/seed42/dynamic/low_rank_r8/best.pt,/home/ubuntu/klb/nuclr/nuclr/runs/rld_robustness_cv5_seed42_v2/corruptions/fold3/outlier_l0.20_p1
2,3,0.2,2,neurid_original,19,0.05,296,356,0.6554054054054054,0.5608108108108109,0.2668918918918919,0.9353932584269663,0.808252427184466,cpu,/home/ubuntu/klb/nuclr/nuclr/runs/mprt_v1_1_dynamic_residual_atlas_cv5x3_v1/rld/fold3/seed42/dynamic/low_rank_r8/best.pt,/home/ubuntu/klb/nuclr/nuclr/runs/rld_robustness_cv5_seed42_v2/corruptions/fold3/outlier_l0.20_p2
2,3,0.2,2,neurid_calibrated,19,0.05,296,356,0.6554054054054054,0.6385135135135135,0.07094594594594594,0.6376404494382022,0.9153225806451613,cpu,/home/ubuntu/klb/nuclr/nuclr/runs/mprt_v1_1_dynamic_residual_atlas_cv5x3_v1/rld/fold3/seed42/dynamic/low_rank_r8/best.pt,/home/ubuntu/klb/nuclr/nuclr/runs/rld_robustness_cv5_seed42_v2/corruptions/fold3/outlier_l0.20_p2
2,3,0.2,2,no_dustbin_confidence,19,0.05,296,356,0.5945945945945946,0.5945945945945946,0.02027027027027027,0.5337078651685393,0.9693877551020408,cpu,/home/ubuntu/klb/nuclr/nuclr/runs/mprt_v1_1_dynamic_residual_atlas_cv5x3_v1/rld/fold3/seed42/dynamic/low_rank_r8/best.pt,/home/ubuntu/klb/nuclr/nuclr/runs/rld_robustness_cv5_seed42_v2/corruptions/fold3/outlier_l0.20_p2
2,3,0.2,2,no_dustbin_forced,19,0.05,296,356,0.5945945945945946,0.5945945945945946,0.0,0.0,,cpu,/home/ubuntu/klb/nuclr/nuclr/runs/mprt_v1_1_dynamic_residual_atlas_cv5x3_v1/rld/fold3/seed42/dynamic/low_rank_r8/best.pt,/home/ubuntu/klb/nuclr/nuclr/runs/rld_robustness_cv5_seed42_v2/corruptions/fold3/outlier_l0.20_p2
2,3,0.3,0,neurid_original,19,0.05,296,534,0.6317567567567568,0.5337837837837838,0.32432432432432434,0.947565543071161,0.840531561461794,cpu,/home/ubuntu/klb/nuclr/nuclr/runs/mprt_v1_1_dynamic_residual_atlas_cv5x3_v1/rld/fold3/seed42/dynamic/low_rank_r8/best.pt,/home/ubuntu/klb/nuclr/nuclr/runs/rld_robustness_cv5_seed42_v2/corruptions/fold3/outlier_l0.30_p0
2,3,0.3,0,neurid_calibrated,19,0.05,296,534,0.6317567567567568,0.6148648648648649,0.08445945945945946,0.6367041198501873,0.9315068493150684,cpu,/home/ubuntu/klb/nuclr/nuclr/runs/mprt_v1_1_dynamic_residual_atlas_cv5x3_v1/rld/fold3/seed42/dynamic/low_rank_r8/best.pt,/home/ubuntu/klb/nuclr/nuclr/runs/rld_robustness_cv5_seed42_v2/corruptions/fold3/outlier_l0.30_p0
2,3,0.3,0,no_dustbin_confidence,19,0.05,296,534,0.5777027027027027,0.5743243243243243,0.04391891891891892,0.5374531835205992,0.9566666666666667,cpu,/home/ubuntu/klb/nuclr/nuclr/runs/mprt_v1_1_dynamic_residual_atlas_cv5x3_v1/rld/fold3/seed42/dynamic/low_rank_r8/best.pt,/home/ubuntu/klb/nuclr/nuclr/runs/rld_robustness_cv5_seed42_v2/corruptions/fold3/outlier_l0.30_p0
2,3,0.3,0,no_dustbin_forced,19,0.05,296,534,0.5777027027027027,0.5777027027027027,0.0,0.0,,cpu,/home/ubuntu/klb/nuclr/nuclr/runs/mprt_v1_1_dynamic_residual_atlas_cv5x3_v1/rld/fold3/seed42/dynamic/low_rank_r8/best.pt,/home/ubuntu/klb/nuclr/nuclr/runs/rld_robustness_cv5_seed42_v2/corruptions/fold3/outlier_l0.30_p0
2,3,0.3,1,neurid_original,19,0.05,296,534,0.597972972972973,0.48986486486486486,0.3581081081081081,0.9400749063670412,0.8256578947368421,cpu,/home/ubuntu/klb/nuclr/nuclr/runs/mprt_v1_1_dynamic_residual_atlas_cv5x3_v1/rld/fold3/seed42/dynamic/low_rank_r8/best.pt,/home/ubuntu/klb/nuclr/nuclr/runs/rld_robustness_cv5_seed42_v2/corruptions/fold3/outlier_l0.30_p1
2,3,0.3,1,neurid_calibrated,19,0.05,296,534,0.597972972972973,0.5844594594594594,0.09121621621621621,0.6161048689138576,0.9241573033707865,cpu,/home/ubuntu/klb/nuclr/nuclr/runs/mprt_v1_1_dynamic_residual_atlas_cv5x3_v1/rld/fold3/seed42/dynamic/low_rank_r8/best.pt,/home/ubuntu/klb/nuclr/nuclr/runs/rld_robustness_cv5_seed42_v2/corruptions/fold3/outlier_l0.30_p1
2,3,0.3,1,no_dustbin_confidence,19,0.05,296,534,0.5472972972972973,0.5472972972972973,0.030405405405405407,0.5449438202247191,0.97,cpu,/home/ubuntu/klb/nuclr/nuclr/runs/mprt_v1_1_dynamic_residual_atlas_cv5x3_v1/rld/fold3/seed42/dynamic/low_rank_r8/best.pt,/home/ubuntu/klb/nuclr/nuclr/runs/rld_robustness_cv5_seed42_v2/corruptions/fold3/outlier_l0.30_p1
2,3,0.3,1,no_dustbin_forced,19,0.05,296,534,0.5472972972972973,0.5472972972972973,0.0,0.0,,cpu,/home/ubuntu/klb/nuclr/nuclr/runs/mprt_v1_1_dynamic_residual_atlas_cv5x3_v1/rld/fold3/seed42/dynamic/low_rank_r8/best.pt,/home/ubuntu/klb/nuclr/nuclr/runs/rld_robustness_cv5_seed42_v2/corruptions/fold3/outlier_l0.30_p1
2,3,0.3,2,neurid_original,19,0.05,296,534,0.6385135135135135,0.5236486486486487,0.33783783783783783,0.9400749063670412,0.8338870431893688,cpu,/home/ubuntu/klb/nuclr/nuclr/runs/mprt_v1_1_dynamic_residual_atlas_cv5x3_v1/rld/fold3/seed42/dynamic/low_rank_r8/best.pt,/home/ubuntu/klb/nuclr/nuclr/runs/rld_robustness_cv5_seed42_v2/corruptions/fold3/outlier_l0.30_p2
2,3,0.3,2,neurid_calibrated,19,0.05,296,534,0.6385135135135135,0.6216216216216216,0.08445945945945946,0.653558052434457,0.9331550802139037,cpu,/home/ubuntu/klb/nuclr/nuclr/runs/mprt_v1_1_dynamic_residual_atlas_cv5x3_v1/rld/fold3/seed42/dynamic/low_rank_r8/best.pt,/home/ubuntu/klb/nuclr/nuclr/runs/rld_robustness_cv5_seed42_v2/corruptions/fold3/outlier_l0.30_p2
2,3,0.3,2,no_dustbin_confidence,19,0.05,296,534,0.5743243243243243,0.5675675675675675,0.02364864864864865,0.5355805243445693,0.9761092150170648,cpu,/home/ubuntu/klb/nuclr/nuclr/runs/mprt_v1_1_dynamic_residual_atlas_cv5x3_v1/rld/fold3/seed42/dynamic/low_rank_r8/best.pt,/home/ubuntu/klb/nuclr/nuclr/runs/rld_robustness_cv5_seed42_v2/corruptions/fold3/outlier_l0.30_p2
2,3,0.3,2,no_dustbin_forced,19,0.05,296,534,0.5743243243243243,0.5743243243243243,0.0,0.0,,cpu,/home/ubuntu/klb/nuclr/nuclr/runs/mprt_v1_1_dynamic_residual_atlas_cv5x3_v1/rld/fold3/seed42/dynamic/low_rank_r8/best.pt,/home/ubuntu/klb/nuclr/nuclr/runs/rld_robustness_cv5_seed42_v2/corruptions/fold3/outlier_l0.30_p2
2,3,0.4,0,neurid_original,19,0.05,296,710,0.6013513513513513,0.4797297297297297,0.3783783783783784,0.9577464788732394,0.8585858585858586,cpu,/home/ubuntu/klb/nuclr/nuclr/runs/mprt_v1_1_dynamic_residual_atlas_cv5x3_v1/rld/fold3/seed42/dynamic/low_rank_r8/best.pt,/home/ubuntu/klb/nuclr/nuclr/runs/rld_robustness_cv5_seed42_v2/corruptions/fold3/outlier_l0.40_p0
2,3,0.4,0,neurid_calibrated,19,0.05,296,710,0.6013513513513513,0.581081081081081,0.11486486486486487,0.671830985915493,0.9334637964774951,cpu,/home/ubuntu/klb/nuclr/nuclr/runs/mprt_v1_1_dynamic_residual_atlas_cv5x3_v1/rld/fold3/seed42/dynamic/low_rank_r8/best.pt,/home/ubuntu/klb/nuclr/nuclr/runs/rld_robustness_cv5_seed42_v2/corruptions/fold3/outlier_l0.40_p0
2,3,0.4,0,no_dustbin_confidence,19,0.05,296,710,0.5608108108108109,0.5574324324324325,0.033783783783783786,0.5577464788732395,0.9753694581280788,cpu,/home/ubuntu/klb/nuclr/nuclr/runs/mprt_v1_1_dynamic_residual_atlas_cv5x3_v1/rld/fold3/seed42/dynamic/low_rank_r8/best.pt,/home/ubuntu/klb/nuclr/nuclr/runs/rld_robustness_cv5_seed42_v2/corruptions/fold3/outlier_l0.40_p0
2,3,0.4,0,no_dustbin_forced,19,0.05,296,710,0.5608108108108109,0.5608108108108109,0.0,0.0,,cpu,/home/ubuntu/klb/nuclr/nuclr/runs/mprt_v1_1_dynamic_residual_atlas_cv5x3_v1/rld/fold3/seed42/dynamic/low_rank_r8/best.pt,/home/ubuntu/klb/nuclr/nuclr/runs/rld_robustness_cv5_seed42_v2/corruptions/fold3/outlier_l0.40_p0
2,3,0.4,1,neurid_original,19,0.05,296,710,0.6283783783783784,0.5168918918918919,0.34459459459459457,0.9591549295774648,0.8697318007662835,cpu,/home/ubuntu/klb/nuclr/nuclr/runs/mprt_v1_1_dynamic_residual_atlas_cv5x3_v1/rld/fold3/seed42/dynamic/low_rank_r8/best.pt,/home/ubuntu/klb/nuclr/nuclr/runs/rld_robustness_cv5_seed42_v2/corruptions/fold3/outlier_l0.40_p1
2,3,0.4,1,neurid_calibrated,19,0.05,296,710,0.6283783783783784,0.6081081081081081,0.09797297297297297,0.6704225352112676,0.9425742574257425,cpu,/home/ubuntu/klb/nuclr/nuclr/runs/mprt_v1_1_dynamic_residual_atlas_cv5x3_v1/rld/fold3/seed42/dynamic/low_rank_r8/best.pt,/home/ubuntu/klb/nuclr/nuclr/runs/rld_robustness_cv5_seed42_v2/corruptions/fold3/outlier_l0.40_p1
2,3,0.4,1,no_dustbin_confidence,19,0.05,296,710,0.5641891891891891,0.5608108108108109,0.030405405405405407,0.5563380281690141,0.9777227722772277,cpu,/home/ubuntu/klb/nuclr/nuclr/runs/mprt_v1_1_dynamic_residual_atlas_cv5x3_v1/rld/fold3/seed42/dynamic/low_rank_r8/best.pt,/home/ubuntu/klb/nuclr/nuclr/runs/rld_robustness_cv5_seed42_v2/corruptions/fold3/outlier_l0.40_p1
2,3,0.4,1,no_dustbin_forced,19,0.05,296,710,0.5641891891891891,0.5641891891891891,0.0,0.0,,cpu,/home/ubuntu/klb/nuclr/nuclr/runs/mprt_v1_1_dynamic_residual_atlas_cv5x3_v1/rld/fold3/seed42/dynamic/low_rank_r8/best.pt,/home/ubuntu/klb/nuclr/nuclr/runs/rld_robustness_cv5_seed42_v2/corruptions/fold3/outlier_l0.40_p1
2,3,0.4,2,neurid_original,19,0.05,296,710,0.6114864864864865,0.47635135135135137,0.39864864864864863,0.9366197183098591,0.8492975734355045,cpu,/home/ubuntu/klb/nuclr/nuclr/runs/mprt_v1_1_dynamic_residual_atlas_cv5x3_v1/rld/fold3/seed42/dynamic/low_rank_r8/best.pt,/home/ubuntu/klb/nuclr/nuclr/runs/rld_robustness_cv5_seed42_v2/corruptions/fold3/outlier_l0.40_p2
2,3,0.4,2,neurid_calibrated,19,0.05,296,710,0.6114864864864865,0.5777027027027027,0.125,0.6591549295774648,0.9267326732673268,cpu,/home/ubuntu/klb/nuclr/nuclr/runs/mprt_v1_1_dynamic_residual_atlas_cv5x3_v1/rld/fold3/seed42/dynamic/low_rank_r8/best.pt,/home/ubuntu/klb/nuclr/nuclr/runs/rld_robustness_cv5_seed42_v2/corruptions/fold3/outlier_l0.40_p2
2,3,0.4,2,no_dustbin_confidence,19,0.05,296,710,0.5608108108108109,0.5608108108108109,0.04054054054054054,0.547887323943662,0.970074812967581,cpu,/home/ubuntu/klb/nuclr/nuclr/runs/mprt_v1_1_dynamic_residual_atlas_cv5x3_v1/rld/fold3/seed42/dynamic/low_rank_r8/best.pt,/home/ubuntu/klb/nuclr/nuclr/runs/rld_robustness_cv5_seed42_v2/corruptions/fold3/outlier_l0.40_p2
2,3,0.4,2,no_dustbin_forced,19,0.05,296,710,0.5608108108108109,0.5608108108108109,0.0,0.0,,cpu,/home/ubuntu/klb/nuclr/nuclr/runs/mprt_v1_1_dynamic_residual_atlas_cv5x3_v1/rld/fold3/seed42/dynamic/low_rank_r8/best.pt,/home/ubuntu/klb/nuclr/nuclr/runs/rld_robustness_cv5_seed42_v2/corruptions/fold3/outlier_l0.40_p2
2,3,0.5,0,neurid_original,19,0.05,296,888,0.6047297297297297,0.46283783783783783,0.4222972972972973,0.9527027027027027,0.8712667353244078,cpu,/home/ubuntu/klb/nuclr/nuclr/runs/mprt_v1_1_dynamic_residual_atlas_cv5x3_v1/rld/fold3/seed42/dynamic/low_rank_r8/best.pt,/home/ubuntu/klb/nuclr/nuclr/runs/rld_robustness_cv5_seed42_v2/corruptions/fold3/outlier_l0.50_p0
2,3,0.5,0,neurid_calibrated,19,0.05,296,888,0.6047297297297297,0.5912162162162162,0.11486486486486487,0.6599099099099099,0.9451612903225807,cpu,/home/ubuntu/klb/nuclr/nuclr/runs/mprt_v1_1_dynamic_residual_atlas_cv5x3_v1/rld/fold3/seed42/dynamic/low_rank_r8/best.pt,/home/ubuntu/klb/nuclr/nuclr/runs/rld_robustness_cv5_seed42_v2/corruptions/fold3/outlier_l0.50_p0
2,3,0.5,0,no_dustbin_confidence,19,0.05,296,888,0.5506756756756757,0.5472972972972973,0.030405405405405407,0.5416666666666666,0.9816326530612245,cpu,/home/ubuntu/klb/nuclr/nuclr/runs/mprt_v1_1_dynamic_residual_atlas_cv5x3_v1/rld/fold3/seed42/dynamic/low_rank_r8/best.pt,/home/ubuntu/klb/nuclr/nuclr/runs/rld_robustness_cv5_seed42_v2/corruptions/fold3/outlier_l0.50_p0
2,3,0.5,0,no_dustbin_forced,19,0.05,296,888,0.5506756756756757,0.5506756756756757,0.0,0.0,,cpu,/home/ubuntu/klb/nuclr/nuclr/runs/mprt_v1_1_dynamic_residual_atlas_cv5x3_v1/rld/fold3/seed42/dynamic/low_rank_r8/best.pt,/home/ubuntu/klb/nuclr/nuclr/runs/rld_robustness_cv5_seed42_v2/corruptions/fold3/outlier_l0.50_p0
2,3,0.5,1,neurid_original,19,0.05,296,888,0.597972972972973,0.46283783783783783,0.39864864864864863,0.9650900900900901,0.8789743589743589,cpu,/home/ubuntu/klb/nuclr/nuclr/runs/mprt_v1_1_dynamic_residual_atlas_cv5x3_v1/rld/fold3/seed42/dynamic/low_rank_r8/best.pt,/home/ubuntu/klb/nuclr/nuclr/runs/rld_robustness_cv5_seed42_v2/corruptions/fold3/outlier_l0.50_p1
2,3,0.5,1,neurid_calibrated,19,0.05,296,888,0.597972972972973,0.581081081081081,0.11824324324324324,0.6509009009009009,0.9429037520391517,cpu,/home/ubuntu/klb/nuclr/nuclr/runs/mprt_v1_1_dynamic_residual_atlas_cv5x3_v1/rld/fold3/seed42/dynamic/low_rank_r8/best.pt,/home/ubuntu/klb/nuclr/nuclr/runs/rld_robustness_cv5_seed42_v2/corruptions/fold3/outlier_l0.50_p1
2,3,0.5,1,no_dustbin_confidence,19,0.05,296,888,0.5405405405405406,0.5405405405405406,0.02364864864864865,0.5529279279279279,0.9859437751004017,cpu,/home/ubuntu/klb/nuclr/nuclr/runs/mprt_v1_1_dynamic_residual_atlas_cv5x3_v1/rld/fold3/seed42/dynamic/low_rank_r8/best.pt,/home/ubuntu/klb/nuclr/nuclr/runs/rld_robustness_cv5_seed42_v2/corruptions/fold3/outlier_l0.50_p1
2,3,0.5,1,no_dustbin_forced,19,0.05,296,888,0.5405405405405406,0.5405405405405406,0.0,0.0,,cpu,/home/ubuntu/klb/nuclr/nuclr/runs/mprt_v1_1_dynamic_residual_atlas_cv5x3_v1/rld/fold3/seed42/dynamic/low_rank_r8/best.pt,/home/ubuntu/klb/nuclr/nuclr/runs/rld_robustness_cv5_seed42_v2/corruptions/fold3/outlier_l0.50_p1
2,3,0.5,2,neurid_original,19,0.05,296,888,0.6081081081081081,0.46621621621621623,0.40878378378378377,0.9504504504504504,0.8746113989637305,cpu,/home/ubuntu/klb/nuclr/nuclr/runs/mprt_v1_1_dynamic_residual_atlas_cv5x3_v1/rld/fold3/seed42/dynamic/low_rank_r8/best.pt,/home/ubuntu/klb/nuclr/nuclr/runs/rld_robustness_cv5_seed42_v2/corruptions/fold3/outlier_l0.50_p2
2,3,0.5,2,neurid_calibrated,19,0.05,296,888,0.6081081081081081,0.5878378378378378,0.125,0.6880630630630631,0.9429012345679012,cpu,/home/ubuntu/klb/nuclr/nuclr/runs/mprt_v1_1_dynamic_residual_atlas_cv5x3_v1/rld/fold3/seed42/dynamic/low_rank_r8/best.pt,/home/ubuntu/klb/nuclr/nuclr/runs/rld_robustness_cv5_seed42_v2/corruptions/fold3/outlier_l0.50_p2
2,3,0.5,2,no_dustbin_confidence,19,0.05,296,888,0.5405405405405406,0.5371621621621622,0.02027027027027027,0.543918918918919,0.9877300613496932,cpu,/home/ubuntu/klb/nuclr/nuclr/runs/mprt_v1_1_dynamic_residual_atlas_cv5x3_v1/rld/fold3/seed42/dynamic/low_rank_r8/best.pt,/home/ubuntu/klb/nuclr/nuclr/runs/rld_robustness_cv5_seed42_v2/corruptions/fold3/outlier_l0.50_p2
2,3,0.5,2,no_dustbin_forced,19,0.05,296,888,0.5405405405405406,0.5405405405405406,0.0,0.0,,cpu,/home/ubuntu/klb/nuclr/nuclr/runs/mprt_v1_1_dynamic_residual_atlas_cv5x3_v1/rld/fold3/seed42/dynamic/low_rank_r8/best.pt,/home/ubuntu/klb/nuclr/nuclr/runs/rld_robustness_cv5_seed42_v2/corruptions/fold3/outlier_l0.50_p2
2,4,0.0,0,neurid_original,19,0.05,294,0,0.6700680272108843,0.5952380952380952,0.2619047619047619,,,cpu,/home/ubuntu/klb/nuclr/nuclr/runs/mprt_v1_1_dynamic_residual_atlas_cv5x3_v1/rld/fold4/seed42/dynamic/low_rank_r8/best.pt,/home/ubuntu/klb/nuclr/nuclr/runs/rld_robustness_cv5_seed42_v2/corruptions/fold4/outlier_l0.00_p0
2,4,0.0,0,neurid_calibrated,19,0.05,294,0,0.6700680272108843,0.6564625850340136,0.05102040816326531,,,cpu,/home/ubuntu/klb/nuclr/nuclr/runs/mprt_v1_1_dynamic_residual_atlas_cv5x3_v1/rld/fold4/seed42/dynamic/low_rank_r8/best.pt,/home/ubuntu/klb/nuclr/nuclr/runs/rld_robustness_cv5_seed42_v2/corruptions/fold4/outlier_l0.00_p0
2,4,0.0,0,no_dustbin_confidence,19,0.05,294,0,0.6326530612244898,0.6156462585034014,0.030612244897959183,,,cpu,/home/ubuntu/klb/nuclr/nuclr/runs/mprt_v1_1_dynamic_residual_atlas_cv5x3_v1/rld/fold4/seed42/dynamic/low_rank_r8/best.pt,/home/ubuntu/klb/nuclr/nuclr/runs/rld_robustness_cv5_seed42_v2/corruptions/fold4/outlier_l0.00_p0
2,4,0.0,0,no_dustbin_forced,19,0.05,294,0,0.6326530612244898,0.6326530612244898,0.0,,,cpu,/home/ubuntu/klb/nuclr/nuclr/runs/mprt_v1_1_dynamic_residual_atlas_cv5x3_v1/rld/fold4/seed42/dynamic/low_rank_r8/best.pt,/home/ubuntu/klb/nuclr/nuclr/runs/rld_robustness_cv5_seed42_v2/corruptions/fold4/outlier_l0.00_p0
2,4,0.1,0,neurid_original,19,0.05,294,175,0.6666666666666666,0.5816326530612245,0.2891156462585034,0.92,0.6544715447154471,cpu,/home/ubuntu/klb/nuclr/nuclr/runs/mprt_v1_1_dynamic_residual_atlas_cv5x3_v1/rld/fold4/seed42/dynamic/low_rank_r8/best.pt,/home/ubuntu/klb/nuclr/nuclr/runs/rld_robustness_cv5_seed42_v2/corruptions/fold4/outlier_l0.10_p0
2,4,0.1,0,neurid_calibrated,19,0.05,294,175,0.6666666666666666,0.6564625850340136,0.06462585034013606,0.44571428571428573,0.8041237113402062,cpu,/home/ubuntu/klb/nuclr/nuclr/runs/mprt_v1_1_dynamic_residual_atlas_cv5x3_v1/rld/fold4/seed42/dynamic/low_rank_r8/best.pt,/home/ubuntu/klb/nuclr/nuclr/runs/rld_robustness_cv5_seed42_v2/corruptions/fold4/outlier_l0.10_p0
2,4,0.1,0,no_dustbin_confidence,19,0.05,294,175,0.6292517006802721,0.6258503401360545,0.027210884353741496,0.29714285714285715,0.8666666666666667,cpu,/home/ubuntu/klb/nuclr/nuclr/runs/mprt_v1_1_dynamic_residual_atlas_cv5x3_v1/rld/fold4/seed42/dynamic/low_rank_r8/best.pt,/home/ubuntu/klb/nuclr/nuclr/runs/rld_robustness_cv5_seed42_v2/corruptions/fold4/outlier_l0.10_p0
2,4,0.1,0,no_dustbin_forced,19,0.05,294,175,0.6292517006802721,0.6292517006802721,0.0,0.0,,cpu,/home/ubuntu/klb/nuclr/nuclr/runs/mprt_v1_1_dynamic_residual_atlas_cv5x3_v1/rld/fold4/seed42/dynamic/low_rank_r8/best.pt,/home/ubuntu/klb/nuclr/nuclr/runs/rld_robustness_cv5_seed42_v2/corruptions/fold4/outlier_l0.10_p0
2,4,0.1,1,neurid_original,19,0.05,294,175,0.6598639455782312,0.5748299319727891,0.29591836734693877,0.9028571428571428,0.6448979591836734,cpu,/home/ubuntu/klb/nuclr/nuclr/runs/mprt_v1_1_dynamic_residual_atlas_cv5x3_v1/rld/fold4/seed42/dynamic/low_rank_r8/best.pt,/home/ubuntu/klb/nuclr/nuclr/runs/rld_robustness_cv5_seed42_v2/corruptions/fold4/outlier_l0.10_p1
2,4,0.1,1,neurid_calibrated,19,0.05,294,175,0.6598639455782312,0.6564625850340136,0.04421768707482993,0.5028571428571429,0.8712871287128713,cpu,/home/ubuntu/klb/nuclr/nuclr/runs/mprt_v1_1_dynamic_residual_atlas_cv5x3_v1/rld/fold4/seed42/dynamic/low_rank_r8/best.pt,/home/ubuntu/klb/nuclr/nuclr/runs/rld_robustness_cv5_seed42_v2/corruptions/fold4/outlier_l0.10_p1
2,4,0.1,1,no_dustbin_confidence,19,0.05,294,175,0.6054421768707483,0.6020408163265306,0.030612244897959183,0.22285714285714286,0.8125,cpu,/home/ubuntu/klb/nuclr/nuclr/runs/mprt_v1_1_dynamic_residual_atlas_cv5x3_v1/rld/fold4/seed42/dynamic/low_rank_r8/best.pt,/home/ubuntu/klb/nuclr/nuclr/runs/rld_robustness_cv5_seed42_v2/corruptions/fold4/outlier_l0.10_p1
2,4,0.1,1,no_dustbin_forced,19,0.05,294,175,0.6054421768707483,0.6054421768707483,0.0,0.0,,cpu,/home/ubuntu/klb/nuclr/nuclr/runs/mprt_v1_1_dynamic_residual_atlas_cv5x3_v1/rld/fold4/seed42/dynamic/low_rank_r8/best.pt,/home/ubuntu/klb/nuclr/nuclr/runs/rld_robustness_cv5_seed42_v2/corruptions/fold4/outlier_l0.10_p1
2,4,0.1,2,neurid_original,19,0.05,294,175,0.6564625850340136,0.5680272108843537,0.30272108843537415,0.9028571428571428,0.6396761133603239,cpu,/home/ubuntu/klb/nuclr/nuclr/runs/mprt_v1_1_dynamic_residual_atlas_cv5x3_v1/rld/fold4/seed42/dynamic/low_rank_r8/best.pt,/home/ubuntu/klb/nuclr/nuclr/runs/rld_robustness_cv5_seed42_v2/corruptions/fold4/outlier_l0.10_p2
2,4,0.1,2,neurid_calibrated,19,0.05,294,175,0.6564625850340136,0.6462585034013606,0.05442176870748299,0.42857142857142855,0.8241758241758241,cpu,/home/ubuntu/klb/nuclr/nuclr/runs/mprt_v1_1_dynamic_residual_atlas_cv5x3_v1/rld/fold4/seed42/dynamic/low_rank_r8/best.pt,/home/ubuntu/klb/nuclr/nuclr/runs/rld_robustness_cv5_seed42_v2/corruptions/fold4/outlier_l0.10_p2
2,4,0.1,2,no_dustbin_confidence,19,0.05,294,175,0.6190476190476191,0.6156462585034014,0.03741496598639456,0.3142857142857143,0.8333333333333334,cpu,/home/ubuntu/klb/nuclr/nuclr/runs/mprt_v1_1_dynamic_residual_atlas_cv5x3_v1/rld/fold4/seed42/dynamic/low_rank_r8/best.pt,/home/ubuntu/klb/nuclr/nuclr/runs/rld_robustness_cv5_seed42_v2/corruptions/fold4/outlier_l0.10_p2
2,4,0.1,2,no_dustbin_forced,19,0.05,294,175,0.6190476190476191,0.6190476190476191,0.0,0.0,,cpu,/home/ubuntu/klb/nuclr/nuclr/runs/mprt_v1_1_dynamic_residual_atlas_cv5x3_v1/rld/fold4/seed42/dynamic/low_rank_r8/best.pt,/home/ubuntu/klb/nuclr/nuclr/runs/rld_robustness_cv5_seed42_v2/corruptions/fold4/outlier_l0.10_p2
2,4,0.2,0,neurid_original,19,0.05,294,348,0.6530612244897959,0.5578231292517006,0.3163265306122449,0.9224137931034483,0.7753623188405797,cpu,/home/ubuntu/klb/nuclr/nuclr/runs/mprt_v1_1_dynamic_residual_atlas_cv5x3_v1/rld/fold4/seed42/dynamic/low_rank_r8/best.pt,/home/ubuntu/klb/nuclr/nuclr/runs/rld_robustness_cv5_seed42_v2/corruptions/fold4/outlier_l0.20_p0
2,4,0.2,0,neurid_calibrated,19,0.05,294,348,0.6530612244897959,0.6462585034013606,0.07142857142857142,0.367816091954023,0.8590604026845637,cpu,/home/ubuntu/klb/nuclr/nuclr/runs/mprt_v1_1_dynamic_residual_atlas_cv5x3_v1/rld/fold4/seed42/dynamic/low_rank_r8/best.pt,/home/ubuntu/klb/nuclr/nuclr/runs/rld_robustness_cv5_seed42_v2/corruptions/fold4/outlier_l0.20_p0
2,4,0.2,0,no_dustbin_confidence,19,0.05,294,348,0.5816326530612245,0.5782312925170068,0.034013605442176874,0.43103448275862066,0.9375,cpu,/home/ubuntu/klb/nuclr/nuclr/runs/mprt_v1_1_dynamic_residual_atlas_cv5x3_v1/rld/fold4/seed42/dynamic/low_rank_r8/best.pt,/home/ubuntu/klb/nuclr/nuclr/runs/rld_robustness_cv5_seed42_v2/corruptions/fold4/outlier_l0.20_p0
2,4,0.2,0,no_dustbin_forced,19,0.05,294,348,0.5816326530612245,0.5816326530612245,0.0,0.0,,cpu,/home/ubuntu/klb/nuclr/nuclr/runs/mprt_v1_1_dynamic_residual_atlas_cv5x3_v1/rld/fold4/seed42/dynamic/low_rank_r8/best.pt,/home/ubuntu/klb/nuclr/nuclr/runs/rld_robustness_cv5_seed42_v2/corruptions/fold4/outlier_l0.20_p0
2,4,0.2,1,neurid_original,19,0.05,294,348,0.6394557823129252,0.5578231292517006,0.3129251700680272,0.9080459770114943,0.7745098039215687,cpu,/home/ubuntu/klb/nuclr/nuclr/runs/mprt_v1_1_dynamic_residual_atlas_cv5x3_v1/rld/fold4/seed42/dynamic/low_rank_r8/best.pt,/home/ubuntu/klb/nuclr/nuclr/runs/rld_robustness_cv5_seed42_v2/corruptions/fold4/outlier_l0.20_p1
2,4,0.2,1,neurid_calibrated,19,0.05,294,348,0.6394557823129252,0.6360544217687075,0.05102040816326531,0.3850574712643678,0.8993288590604027,cpu,/home/ubuntu/klb/nuclr/nuclr/runs/mprt_v1_1_dynamic_residual_atlas_cv5x3_v1/rld/fold4/seed42/dynamic/low_rank_r8/best.pt,/home/ubuntu/klb/nuclr/nuclr/runs/rld_robustness_cv5_seed42_v2/corruptions/fold4/outlier_l0.20_p1
2,4,0.2,1,no_dustbin_confidence,19,0.05,294,348,0.6020408163265306,0.5952380952380952,0.030612244897959183,0.3764367816091954,0.9357142857142857,cpu,/home/ubuntu/klb/nuclr/nuclr/runs/mprt_v1_1_dynamic_residual_atlas_cv5x3_v1/rld/fold4/seed42/dynamic/low_rank_r8/best.pt,/home/ubuntu/klb/nuclr/nuclr/runs/rld_robustness_cv5_seed42_v2/corruptions/fold4/outlier_l0.20_p1
2,4,0.2,1,no_dustbin_forced,19,0.05,294,348,0.6020408163265306,0.6020408163265306,0.0,0.0,,cpu,/home/ubuntu/klb/nuclr/nuclr/runs/mprt_v1_1_dynamic_residual_atlas_cv5x3_v1/rld/fold4/seed42/dynamic/low_rank_r8/best.pt,/home/ubuntu/klb/nuclr/nuclr/runs/rld_robustness_cv5_seed42_v2/corruptions/fold4/outlier_l0.20_p1
2,4,0.2,2,neurid_original,19,0.05,294,348,0.6530612244897959,0.5714285714285714,0.30952380952380953,0.9137931034482759,0.7775061124694377,cpu,/home/ubuntu/klb/nuclr/nuclr/runs/mprt_v1_1_dynamic_residual_atlas_cv5x3_v1/rld/fold4/seed42/dynamic/low_rank_r8/best.pt,/home/ubuntu/klb/nuclr/nuclr/runs/rld_robustness_cv5_seed42_v2/corruptions/fold4/outlier_l0.20_p2
2,4,0.2,2,neurid_calibrated,19,0.05,294,348,0.6530612244897959,0.6462585034013606,0.06462585034013606,0.4166666666666667,0.8841463414634146,cpu,/home/ubuntu/klb/nuclr/nuclr/runs/mprt_v1_1_dynamic_residual_atlas_cv5x3_v1/rld/fold4/seed42/dynamic/low_rank_r8/best.pt,/home/ubuntu/klb/nuclr/nuclr/runs/rld_robustness_cv5_seed42_v2/corruptions/fold4/outlier_l0.20_p2
2,4,0.2,2,no_dustbin_confidence,19,0.05,294,348,0.608843537414966,0.6054421768707483,0.027210884353741496,0.4281609195402299,0.9490445859872612,cpu,/home/ubuntu/klb/nuclr/nuclr/runs/mprt_v1_1_dynamic_residual_atlas_cv5x3_v1/rld/fold4/seed42/dynamic/low_rank_r8/best.pt,/home/ubuntu/klb/nuclr/nuclr/runs/rld_robustness_cv5_seed42_v2/corruptions/fold4/outlier_l0.20_p2
2,4,0.2,2,no_dustbin_forced,19,0.05,294,348,0.608843537414966,0.608843537414966,0.0,0.0,,cpu,/home/ubuntu/klb/nuclr/nuclr/runs/mprt_v1_1_dynamic_residual_atlas_cv5x3_v1/rld/fold4/seed42/dynamic/low_rank_r8/best.pt,/home/ubuntu/klb/nuclr/nuclr/runs/rld_robustness_cv5_seed42_v2/corruptions/fold4/outlier_l0.20_p2
2,4,0.3,0,neurid_original,19,0.05,294,522,0.6258503401360545,0.5476190476190477,0.3333333333333333,0.9195402298850575,0.8304498269896193,cpu,/home/ubuntu/klb/nuclr/nuclr/runs/mprt_v1_1_dynamic_residual_atlas_cv5x3_v1/rld/fold4/seed42/dynamic/low_rank_r8/best.pt,/home/ubuntu/klb/nuclr/nuclr/runs/rld_robustness_cv5_seed42_v2/corruptions/fold4/outlier_l0.30_p0
2,4,0.3,0,neurid_calibrated,19,0.05,294,522,0.6258503401360545,0.6122448979591837,0.07482993197278912,0.39846743295019155,0.9043478260869565,cpu,/home/ubuntu/klb/nuclr/nuclr/runs/mprt_v1_1_dynamic_residual_atlas_cv5x3_v1/rld/fold4/seed42/dynamic/low_rank_r8/best.pt,/home/ubuntu/klb/nuclr/nuclr/runs/rld_robustness_cv5_seed42_v2/corruptions/fold4/outlier_l0.30_p0
2,4,0.3,0,no_dustbin_confidence,19,0.05,294,522,0.5782312925170068,0.5714285714285714,0.03741496598639456,0.42528735632183906,0.9527896995708155,cpu,/home/ubuntu/klb/nuclr/nuclr/runs/mprt_v1_1_dynamic_residual_atlas_cv5x3_v1/rld/fold4/seed42/dynamic/low_rank_r8/best.pt,/home/ubuntu/klb/nuclr/nuclr/runs/rld_robustness_cv5_seed42_v2/corruptions/fold4/outlier_l0.30_p0
2,4,0.3,0,no_dustbin_forced,19,0.05,294,522,0.5782312925170068,0.5782312925170068,0.0,0.0,,cpu,/home/ubuntu/klb/nuclr/nuclr/runs/mprt_v1_1_dynamic_residual_atlas_cv5x3_v1/rld/fold4/seed42/dynamic/low_rank_r8/best.pt,/home/ubuntu/klb/nuclr/nuclr/runs/rld_robustness_cv5_seed42_v2/corruptions/fold4/outlier_l0.30_p0
2,4,0.3,1,neurid_original,19,0.05,294,522,0.6122448979591837,0.5340136054421769,0.3333333333333333,0.9176245210727969,0.830155979202773,cpu,/home/ubuntu/klb/nuclr/nuclr/runs/mprt_v1_1_dynamic_residual_atlas_cv5x3_v1/rld/fold4/seed42/dynamic/low_rank_r8/best.pt,/home/ubuntu/klb/nuclr/nuclr/runs/rld_robustness_cv5_seed42_v2/corruptions/fold4/outlier_l0.30_p1
2,4,0.3,1,neurid_calibrated,19,0.05,294,522,0.6122448979591837,0.5986394557823129,0.07482993197278912,0.39655172413793105,0.9039301310043668,cpu,/home/ubuntu/klb/nuclr/nuclr/runs/mprt_v1_1_dynamic_residual_atlas_cv5x3_v1/rld/fold4/seed42/dynamic/low_rank_r8/best.pt,/home/ubuntu/klb/nuclr/nuclr/runs/rld_robustness_cv5_seed42_v2/corruptions/fold4/outlier_l0.30_p1
2,4,0.3,1,no_dustbin_confidence,19,0.05,294,522,0.5884353741496599,0.5850340136054422,0.027210884353741496,0.4157088122605364,0.9644444444444444,cpu,/home/ubuntu/klb/nuclr/nuclr/runs/mprt_v1_1_dynamic_residual_atlas_cv5x3_v1/rld/fold4/seed42/dynamic/low_rank_r8/best.pt,/home/ubuntu/klb/nuclr/nuclr/runs/rld_robustness_cv5_seed42_v2/corruptions/fold4/outlier_l0.30_p1
2,4,0.3,1,no_dustbin_forced,19,0.05,294,522,0.5884353741496599,0.5884353741496599,0.0,0.0,,cpu,/home/ubuntu/klb/nuclr/nuclr/runs/mprt_v1_1_dynamic_residual_atlas_cv5x3_v1/rld/fold4/seed42/dynamic/low_rank_r8/best.pt,/home/ubuntu/klb/nuclr/nuclr/runs/rld_robustness_cv5_seed42_v2/corruptions/fold4/outlier_l0.30_p1
2,4,0.3,2,neurid_original,19,0.05,294,522,0.6360544217687075,0.5612244897959183,0.3231292517006803,0.9195402298850575,0.8347826086956521,cpu,/home/ubuntu/klb/nuclr/nuclr/runs/mprt_v1_1_dynamic_residual_atlas_cv5x3_v1/rld/fold4/seed42/dynamic/low_rank_r8/best.pt,/home/ubuntu/klb/nuclr/nuclr/runs/rld_robustness_cv5_seed42_v2/corruptions/fold4/outlier_l0.30_p2
2,4,0.3,2,neurid_calibrated,19,0.05,294,522,0.6360544217687075,0.6326530612244898,0.06462585034013606,0.38697318007662834,0.9140271493212669,cpu,/home/ubuntu/klb/nuclr/nuclr/runs/mprt_v1_1_dynamic_residual_atlas_cv5x3_v1/rld/fold4/seed42/dynamic/low_rank_r8/best.pt,/home/ubuntu/klb/nuclr/nuclr/runs/rld_robustness_cv5_seed42_v2/corruptions/fold4/outlier_l0.30_p2
2,4,0.3,2,no_dustbin_confidence,19,0.05,294,522,0.5816326530612245,0.5782312925170068,0.034013605442176874,0.43486590038314177,0.9578059071729957,cpu,/home/ubuntu/klb/nuclr/nuclr/runs/mprt_v1_1_dynamic_residual_atlas_cv5x3_v1/rld/fold4/seed42/dynamic/low_rank_r8/best.pt,/home/ubuntu/klb/nuclr/nuclr/runs/rld_robustness_cv5_seed42_v2/corruptions/fold4/outlier_l0.30_p2
2,4,0.3,2,no_dustbin_forced,19,0.05,294,522,0.5816326530612245,0.5816326530612245,0.0,0.0,,cpu,/home/ubuntu/klb/nuclr/nuclr/runs/mprt_v1_1_dynamic_residual_atlas_cv5x3_v1/rld/fold4/seed42/dynamic/low_rank_r8/best.pt,/home/ubuntu/klb/nuclr/nuclr/runs/rld_robustness_cv5_seed42_v2/corruptions/fold4/outlier_l0.30_p2
2,4,0.4,0,neurid_original,19,0.05,294,698,0.6020408163265306,0.5034013605442177,0.3741496598639456,0.9183381088825215,0.8535286284953395,cpu,/home/ubuntu/klb/nuclr/nuclr/runs/mprt_v1_1_dynamic_residual_atlas_cv5x3_v1/rld/fold4/seed42/dynamic/low_rank_r8/best.pt,/home/ubuntu/klb/nuclr/nuclr/runs/rld_robustness_cv5_seed42_v2/corruptions/fold4/outlier_l0.40_p0
2,4,0.4,0,neurid_calibrated,19,0.05,294,698,0.6020408163265306,0.5816326530612245,0.1054421768707483,0.3968481375358166,0.8993506493506493,cpu,/home/ubuntu/klb/nuclr/nuclr/runs/mprt_v1_1_dynamic_residual_atlas_cv5x3_v1/rld/fold4/seed42/dynamic/low_rank_r8/best.pt,/home/ubuntu/klb/nuclr/nuclr/runs/rld_robustness_cv5_seed42_v2/corruptions/fold4/outlier_l0.40_p0
2,4,0.4,0,no_dustbin_confidence,19,0.05,294,698,0.5544217687074829,0.5510204081632653,0.034013605442176874,0.4699140401146132,0.9704142011834319,cpu,/home/ubuntu/klb/nuclr/nuclr/runs/mprt_v1_1_dynamic_residual_atlas_cv5x3_v1/rld/fold4/seed42/dynamic/low_rank_r8/best.pt,/home/ubuntu/klb/nuclr/nuclr/runs/rld_robustness_cv5_seed42_v2/corruptions/fold4/outlier_l0.40_p0
2,4,0.4,0,no_dustbin_forced,19,0.05,294,698,0.5544217687074829,0.5544217687074829,0.0,0.0,,cpu,/home/ubuntu/klb/nuclr/nuclr/runs/mprt_v1_1_dynamic_residual_atlas_cv5x3_v1/rld/fold4/seed42/dynamic/low_rank_r8/best.pt,/home/ubuntu/klb/nuclr/nuclr/runs/rld_robustness_cv5_seed42_v2/corruptions/fold4/outlier_l0.40_p0
2,4,0.4,1,neurid_original,19,0.05,294,698,0.6224489795918368,0.5238095238095238,0.36394557823129253,0.9269340974212035,0.8580901856763926,cpu,/home/ubuntu/klb/nuclr/nuclr/runs/mprt_v1_1_dynamic_residual_atlas_cv5x3_v1/rld/fold4/seed42/dynamic/low_rank_r8/best.pt,/home/ubuntu/klb/nuclr/nuclr/runs/rld_robustness_cv5_seed42_v2/corruptions/fold4/outlier_l0.40_p1
2,4,0.4,1,neurid_calibrated,19,0.05,294,698,0.6224489795918368,0.6020408163265306,0.08163265306122448,0.37965616045845274,0.916955017301038,cpu,/home/ubuntu/klb/nuclr/nuclr/runs/mprt_v1_1_dynamic_residual_atlas_cv5x3_v1/rld/fold4/seed42/dynamic/low_rank_r8/best.pt,/home/ubuntu/klb/nuclr/nuclr/runs/rld_robustness_cv5_seed42_v2/corruptions/fold4/outlier_l0.40_p1
2,4,0.4,1,no_dustbin_confidence,19,0.05,294,698,0.5782312925170068,0.5748299319727891,0.04081632653061224,0.4455587392550143,0.9628482972136223,cpu,/home/ubuntu/klb/nuclr/nuclr/runs/mprt_v1_1_dynamic_residual_atlas_cv5x3_v1/rld/fold4/seed42/dynamic/low_rank_r8/best.pt,/home/ubuntu/klb/nuclr/nuclr/runs/rld_robustness_cv5_seed42_v2/corruptions/fold4/outlier_l0.40_p1
2,4,0.4,1,no_dustbin_forced,19,0.05,294,698,0.5782312925170068,0.5782312925170068,0.0,0.0,,cpu,/home/ubuntu/klb/nuclr/nuclr/runs/mprt_v1_1_dynamic_residual_atlas_cv5x3_v1/rld/fold4/seed42/dynamic/low_rank_r8/best.pt,/home/ubuntu/klb/nuclr/nuclr/runs/rld_robustness_cv5_seed42_v2/corruptions/fold4/outlier_l0.40_p1
2,4,0.4,2,neurid_original,19,0.05,294,698,0.6326530612244898,0.5272108843537415,0.36394557823129253,0.9297994269340975,0.8584656084656085,cpu,/home/ubuntu/klb/nuclr/nuclr/runs/mprt_v1_1_dynamic_residual_atlas_cv5x3_v1/rld/fold4/seed42/dynamic/low_rank_r8/best.pt,/home/ubuntu/klb/nuclr/nuclr/runs/rld_robustness_cv5_seed42_v2/corruptions/fold4/outlier_l0.40_p2
2,4,0.4,2,neurid_calibrated,19,0.05,294,698,0.6326530612244898,0.6156462585034014,0.06462585034013606,0.3825214899713467,0.9335664335664335,cpu,/home/ubuntu/klb/nuclr/nuclr/runs/mprt_v1_1_dynamic_residual_atlas_cv5x3_v1/rld/fold4/seed42/dynamic/low_rank_r8/best.pt,/home/ubuntu/klb/nuclr/nuclr/runs/rld_robustness_cv5_seed42_v2/corruptions/fold4/outlier_l0.40_p2
2,4,0.4,2,no_dustbin_confidence,19,0.05,294,698,0.5612244897959183,0.5612244897959183,0.017006802721088437,0.4584527220630373,0.9846153846153847,cpu,/home/ubuntu/klb/nuclr/nuclr/runs/mprt_v1_1_dynamic_residual_atlas_cv5x3_v1/rld/fold4/seed42/dynamic/low_rank_r8/best.pt,/home/ubuntu/klb/nuclr/nuclr/runs/rld_robustness_cv5_seed42_v2/corruptions/fold4/outlier_l0.40_p2
2,4,0.4,2,no_dustbin_forced,19,0.05,294,698,0.5612244897959183,0.5612244897959183,0.0,0.0,,cpu,/home/ubuntu/klb/nuclr/nuclr/runs/mprt_v1_1_dynamic_residual_atlas_cv5x3_v1/rld/fold4/seed42/dynamic/low_rank_r8/best.pt,/home/ubuntu/klb/nuclr/nuclr/runs/rld_robustness_cv5_seed42_v2/corruptions/fold4/outlier_l0.40_p2
2,4,0.5,0,neurid_original,19,0.05,294,873,0.6156462585034014,0.5034013605442177,0.37755102040816324,0.9255441008018328,0.8792165397170838,cpu,/home/ubuntu/klb/nuclr/nuclr/runs/mprt_v1_1_dynamic_residual_atlas_cv5x3_v1/rld/fold4/seed42/dynamic/low_rank_r8/best.pt,/home/ubuntu/klb/nuclr/nuclr/runs/rld_robustness_cv5_seed42_v2/corruptions/fold4/outlier_l0.50_p0
2,4,0.5,0,neurid_calibrated,19,0.05,294,873,0.6156462585034014,0.5884353741496599,0.08163265306122448,0.38717067583046966,0.9337016574585635,cpu,/home/ubuntu/klb/nuclr/nuclr/runs/mprt_v1_1_dynamic_residual_atlas_cv5x3_v1/rld/fold4/seed42/dynamic/low_rank_r8/best.pt,/home/ubuntu/klb/nuclr/nuclr/runs/rld_robustness_cv5_seed42_v2/corruptions/fold4/outlier_l0.50_p0
2,4,0.5,0,no_dustbin_confidence,19,0.05,294,873,0.5306122448979592,0.5272108843537415,0.023809523809523808,0.4650630011454754,0.9830508474576272,cpu,/home/ubuntu/klb/nuclr/nuclr/runs/mprt_v1_1_dynamic_residual_atlas_cv5x3_v1/rld/fold4/seed42/dynamic/low_rank_r8/best.pt,/home/ubuntu/klb/nuclr/nuclr/runs/rld_robustness_cv5_seed42_v2/corruptions/fold4/outlier_l0.50_p0
2,4,0.5,0,no_dustbin_forced,19,0.05,294,873,0.5306122448979592,0.5306122448979592,0.0,0.0,,cpu,/home/ubuntu/klb/nuclr/nuclr/runs/mprt_v1_1_dynamic_residual_atlas_cv5x3_v1/rld/fold4/seed42/dynamic/low_rank_r8/best.pt,/home/ubuntu/klb/nuclr/nuclr/runs/rld_robustness_cv5_seed42_v2/corruptions/fold4/outlier_l0.50_p0
2,4,0.5,1,neurid_original,19,0.05,294,873,0.608843537414966,0.5,0.3945578231292517,0.9221076746849943,0.8740499457111836,cpu,/home/ubuntu/klb/nuclr/nuclr/runs/mprt_v1_1_dynamic_residual_atlas_cv5x3_v1/rld/fold4/seed42/dynamic/low_rank_r8/best.pt,/home/ubuntu/klb/nuclr/nuclr/runs/rld_robustness_cv5_seed42_v2/corruptions/fold4/outlier_l0.50_p1
2,4,0.5,1,neurid_calibrated,19,0.05,294,873,0.608843537414966,0.5986394557823129,0.07482993197278912,0.4066437571592211,0.9416445623342176,cpu,/home/ubuntu/klb/nuclr/nuclr/runs/mprt_v1_1_dynamic_residual_atlas_cv5x3_v1/rld/fold4/seed42/dynamic/low_rank_r8/best.pt,/home/ubuntu/klb/nuclr/nuclr/runs/rld_robustness_cv5_seed42_v2/corruptions/fold4/outlier_l0.50_p1
2,4,0.5,1,no_dustbin_confidence,19,0.05,294,873,0.5306122448979592,0.5306122448979592,0.027210884353741496,0.44100801832760594,0.9796437659033079,cpu,/home/ubuntu/klb/nuclr/nuclr/runs/mprt_v1_1_dynamic_residual_atlas_cv5x3_v1/rld/fold4/seed42/dynamic/low_rank_r8/best.pt,/home/ubuntu/klb/nuclr/nuclr/runs/rld_robustness_cv5_seed42_v2/corruptions/fold4/outlier_l0.50_p1
2,4,0.5,1,no_dustbin_forced,19,0.05,294,873,0.5306122448979592,0.5306122448979592,0.0,0.0,,cpu,/home/ubuntu/klb/nuclr/nuclr/runs/mprt_v1_1_dynamic_residual_atlas_cv5x3_v1/rld/fold4/seed42/dynamic/low_rank_r8/best.pt,/home/ubuntu/klb/nuclr/nuclr/runs/rld_robustness_cv5_seed42_v2/corruptions/fold4/outlier_l0.50_p1
2,4,0.5,2,neurid_original,19,0.05,294,873,0.6122448979591837,0.5068027210884354,0.37755102040816324,0.9358533791523482,0.8803879310344828,cpu,/home/ubuntu/klb/nuclr/nuclr/runs/mprt_v1_1_dynamic_residual_atlas_cv5x3_v1/rld/fold4/seed42/dynamic/low_rank_r8/best.pt,/home/ubuntu/klb/nuclr/nuclr/runs/rld_robustness_cv5_seed42_v2/corruptions/fold4/outlier_l0.50_p2
2,4,0.5,2,neurid_calibrated,19,0.05,294,873,0.6122448979591837,0.6054421768707483,0.06462585034013606,0.41008018327605955,0.9496021220159151,cpu,/home/ubuntu/klb/nuclr/nuclr/runs/mprt_v1_1_dynamic_residual_atlas_cv5x3_v1/rld/fold4/seed42/dynamic/low_rank_r8/best.pt,/home/ubuntu/klb/nuclr/nuclr/runs/rld_robustness_cv5_seed42_v2/corruptions/fold4/outlier_l0.50_p2
2,4,0.5,2,no_dustbin_confidence,19,0.05,294,873,0.5544217687074829,0.5510204081632653,0.04081632653061224,0.47308132875143183,0.971764705882353,cpu,/home/ubuntu/klb/nuclr/nuclr/runs/mprt_v1_1_dynamic_residual_atlas_cv5x3_v1/rld/fold4/seed42/dynamic/low_rank_r8/best.pt,/home/ubuntu/klb/nuclr/nuclr/runs/rld_robustness_cv5_seed42_v2/corruptions/fold4/outlier_l0.50_p2
2,4,0.5,2,no_dustbin_forced,19,0.05,294,873,0.5544217687074829,0.5544217687074829,0.0,0.0,,cpu,/home/ubuntu/klb/nuclr/nuclr/runs/mprt_v1_1_dynamic_residual_atlas_cv5x3_v1/rld/fold4/seed42/dynamic/low_rank_r8/best.pt,/home/ubuntu/klb/nuclr/nuclr/runs/rld_robustness_cv5_seed42_v2/corruptions/fold4/outlier_l0.50_p2

