dataset,fold,seed,method,split,query_uid,query_index,identity,source_path,reference_uid,reference_covered,candidate_count,target_col,predicted_index,predicted_identity,top5_identities,hungarian_prediction_col,hungarian_prediction_identity,alpha_activity,rho,eps,rank,top1,top5,rr,hungarian_correct
atanas,4,deterministic,FUGW (G+A; official),test,2023-01-10-07,0,ASGR,/home/ubuntu/klb/nuclr/nuclr/Data/Atanas_SF_unified_000776/cv5_grouped_v1/fold_4/test/test__2023-01-10-07__af4d7d2d.npz,2023-01-09-22,1,93,32,46,ASGR,ASGR|SMDVR|ADLR|RIVR|AVAR,32,ASGR,0.25,0.1,0.01,1,1,1,1.0,1
atanas,4,deterministic,FUGW (G+A; official),test,2023-01-10-07,1,IL2L,/home/ubuntu/klb/nuclr/nuclr/Data/Atanas_SF_unified_000776/cv5_grouped_v1/fold_4/test/test__2023-01-10-07__af4d7d2d.npz,2023-01-09-22,1,93,92,145,IL2L,IL2L|URYVL|IL1L|URBL|OLQVL,79,IL1L,0.25,0.1,0.01,1,1,1,1.0,0
atanas,4,deterministic,FUGW (G+A; official),test,2023-01-10-07,2,RID,/home/ubuntu/klb/nuclr/nuclr/Data/Atanas_SF_unified_000776/cv5_grouped_v1/fold_4/test/test__2023-01-10-07__af4d7d2d.npz,2023-01-09-22,1,93,52,61,ADLL,ADLL|RID|CEPDL|ADLR|URXL,42,ADLL,0.25,0.1,0.01,2,0,1,0.5,0
atanas,4,deterministic,FUGW (G+A; official),test,2023-01-10-07,3,FLPL,/home/ubuntu/klb/nuclr/nuclr/Data/Atanas_SF_unified_000776/cv5_grouped_v1/fold_4/test/test__2023-01-10-07__af4d7d2d.npz,2023-01-09-22,1,93,30,43,FLPL,FLPL|ADAL|ADEL|AIZL|AUAL,4,AIZL,0.25,0.1,0.01,1,1,1,1.0,0
atanas,4,deterministic,FUGW (G+A; official),test,2023-01-10-07,5,AVER,/home/ubuntu/klb/nuclr/nuclr/Data/Atanas_SF_unified_000776/cv5_grouped_v1/fold_4/test/test__2023-01-10-07__af4d7d2d.npz,2023-01-09-22,1,93,40,57,AVER,AVER|RMDR|RMER|AIBR|AVAR,40,AVER,0.25,0.1,0.01,1,1,1,1.0,1
atanas,4,deterministic,FUGW (G+A; official),test,2023-01-10-07,7,OLQDR,/home/ubuntu/klb/nuclr/nuclr/Data/Atanas_SF_unified_000776/cv5_grouped_v1/fold_4/test/test__2023-01-10-07__af4d7d2d.npz,2023-01-09-22,0,93,-1,8,URYDL,URYDL|IL2DL|OLQDL|SMDVL|RIAL,78,RIAL,0.25,0.1,0.01,-1,0,0,0.0,0
atanas,4,deterministic,FUGW (G+A; official),test,2023-01-10-07,8,SMBDR,/home/ubuntu/klb/nuclr/nuclr/Data/Atanas_SF_unified_000776/cv5_grouped_v1/fold_4/test/test__2023-01-10-07__af4d7d2d.npz,2023-01-09-22,0,93,-1,2,AIYR,AIYR|AIMR|RMDDR|SMDDL|RIMR,74,RIMR,0.25,0.1,0.01,-1,0,0,0.0,0
atanas,4,deterministic,FUGW (G+A; official),test,2023-01-10-07,9,AIBL,/home/ubuntu/klb/nuclr/nuclr/Data/Atanas_SF_unified_000776/cv5_grouped_v1/fold_4/test/test__2023-01-10-07__af4d7d2d.npz,2023-01-09-22,1,93,82,129,AIBL,AIBL|RMDDL|ASJL|AUAL|AVEL,82,AIBL,0.25,0.1,0.01,1,1,1,1.0,1
atanas,4,deterministic,FUGW (G+A; official),test,2023-01-10-07,11,AUAR,/home/ubuntu/klb/nuclr/nuclr/Data/Atanas_SF_unified_000776/cv5_grouped_v1/fold_4/test/test__2023-01-10-07__af4d7d2d.npz,2023-01-09-22,1,93,15,18,AUAR,AUAR|AWCR|RMDR|RIMR|AIZR,15,AUAR,0.25,0.1,0.01,1,1,1,1.0,1
atanas,4,deterministic,FUGW (G+A; official),test,2023-01-10-07,12,M5,/home/ubuntu/klb/nuclr/nuclr/Data/Atanas_SF_unified_000776/cv5_grouped_v1/fold_4/test/test__2023-01-10-07__af4d7d2d.npz,2023-01-09-22,1,93,77,117,M5,M5|ADEL|ADAL|AINL|AVJL,77,M5,0.25,0.1,0.01,1,1,1,1.0,1
atanas,4,deterministic,FUGW (G+A; official),test,2023-01-10-07,13,OLQVR,/home/ubuntu/klb/nuclr/nuclr/Data/Atanas_SF_unified_000776/cv5_grouped_v1/fold_4/test/test__2023-01-10-07__af4d7d2d.npz,2023-01-09-22,1,93,62,36,IL1VR,IL1VR|OLQVR|CEPVR|URYVR|RIH,17,CEPVR,0.25,0.1,0.01,2,0,1,0.5,0
atanas,4,deterministic,FUGW (G+A; official),test,2023-01-10-07,15,MCL,/home/ubuntu/klb/nuclr/nuclr/Data/Atanas_SF_unified_000776/cv5_grouped_v1/fold_4/test/test__2023-01-10-07__af4d7d2d.npz,2023-01-09-22,0,93,-1,89,I1L,I1L|I2L|NSML|M3L|URYVL,84,NSML,0.25,0.1,0.01,-1,0,0,0.0,0
atanas,4,deterministic,FUGW (G+A; official),test,2023-01-10-07,17,NSML,/home/ubuntu/klb/nuclr/nuclr/Data/Atanas_SF_unified_000776/cv5_grouped_v1/fold_4/test/test__2023-01-10-07__af4d7d2d.npz,2023-01-09-22,1,93,84,37,I2L,I2L|NSML|I1L|IL2L|URYVL,92,IL2L,0.25,0.1,0.01,2,0,1,0.5,0
atanas,4,deterministic,FUGW (G+A; official),test,2023-01-10-07,19,IL2VL,/home/ubuntu/klb/nuclr/nuclr/Data/Atanas_SF_unified_000776/cv5_grouped_v1/fold_4/test/test__2023-01-10-07__af4d7d2d.npz,2023-01-09-22,1,93,50,131,NSML,NSML|I2L|M3L|IL2VL|I1L,50,IL2VL,0.25,0.1,0.01,4,0,1,0.25,1
atanas,4,deterministic,FUGW (G+A; official),test,2023-01-10-07,21,ASEL,/home/ubuntu/klb/nuclr/nuclr/Data/Atanas_SF_unified_000776/cv5_grouped_v1/fold_4/test/test__2023-01-10-07__af4d7d2d.npz,2023-01-09-22,1,93,27,39,ASEL,ASEL|AWCL|AVDL|AWBL|AVJL,58,ASHL,0.25,0.1,0.01,1,1,1,1.0,0
atanas,4,deterministic,FUGW (G+A; official),test,2023-01-10-07,22,OLQDL,/home/ubuntu/klb/nuclr/nuclr/Data/Atanas_SF_unified_000776/cv5_grouped_v1/fold_4/test/test__2023-01-10-07__af4d7d2d.npz,2023-01-09-22,1,93,3,25,IL1DR,IL1DR|RID|IL2DR|OLQDL|URYDR,3,OLQDL,0.25,0.1,0.01,4,0,1,0.25,1
atanas,4,deterministic,FUGW (G+A; official),test,2023-01-10-07,23,AIBR,/home/ubuntu/klb/nuclr/nuclr/Data/Atanas_SF_unified_000776/cv5_grouped_v1/fold_4/test/test__2023-01-10-07__af4d7d2d.npz,2023-01-09-22,1,93,75,113,AIBR,AIBR|AVER|SMDDL|RMDDR|AUAR,75,AIBR,0.25,0.1,0.01,1,1,1,1.0,1
atanas,4,deterministic,FUGW (G+A; official),test,2023-01-10-07,25,RIVL,/home/ubuntu/klb/nuclr/nuclr/Data/Atanas_SF_unified_000776/cv5_grouped_v1/fold_4/test/test__2023-01-10-07__af4d7d2d.npz,2023-01-09-22,1,93,20,111,ASGL,ASGL|ADLL|RIVL|SMDVL|ASHL,20,RIVL,0.25,0.1,0.01,3,0,1,0.3333333333333333,1
atanas,4,deterministic,FUGW (G+A; official),test,2023-01-10-07,27,RIVR,/home/ubuntu/klb/nuclr/nuclr/Data/Atanas_SF_unified_000776/cv5_grouped_v1/fold_4/test/test__2023-01-10-07__af4d7d2d.npz,2023-01-09-22,1,93,69,92,ADLR,ADLR|RIVR|ASGR|CEPDR|URXR,69,RIVR,0.25,0.1,0.01,2,0,1,0.5,1
atanas,4,deterministic,FUGW (G+A; official),test,2023-01-10-07,28,AVDR,/home/ubuntu/klb/nuclr/nuclr/Data/Atanas_SF_unified_000776/cv5_grouped_v1/fold_4/test/test__2023-01-10-07__af4d7d2d.npz,2023-01-09-22,1,93,0,0,AVDR,AVDR|AINR|AVJR|ADER|AIZR,0,AVDR,0.25,0.1,0.01,1,1,1,1.0,1
atanas,4,deterministic,FUGW (G+A; official),test,2023-01-10-07,29,CEPDL,/home/ubuntu/klb/nuclr/nuclr/Data/Atanas_SF_unified_000776/cv5_grouped_v1/fold_4/test/test__2023-01-10-07__af4d7d2d.npz,2023-01-09-22,1,93,44,64,CEPDL,CEPDL|SMDVL|RIAL|URXL|RIVL,44,CEPDL,0.25,0.1,0.01,1,1,1,1.0,1
atanas,4,deterministic,FUGW (G+A; official),test,2023-01-10-07,31,I1L,/home/ubuntu/klb/nuclr/nuclr/Data/Atanas_SF_unified_000776/cv5_grouped_v1/fold_4/test/test__2023-01-10-07__af4d7d2d.npz,2023-01-09-22,1,93,59,89,I1L,I1L|I2L|NSML|M3L|IL2L,59,I1L,0.25,0.1,0.01,1,1,1,1.0,1
atanas,4,deterministic,FUGW (G+A; official),test,2023-01-10-07,32,RIML,/home/ubuntu/klb/nuclr/nuclr/Data/Atanas_SF_unified_000776/cv5_grouped_v1/fold_4/test/test__2023-01-10-07__af4d7d2d.npz,2023-01-09-22,0,93,-1,73,ASJL,ASJL|AIBL|AUAL|RMDDL|ASHL,48,ASJL,0.25,0.1,0.01,-1,0,0,0.0,0
atanas,4,deterministic,FUGW (G+A; official),test,2023-01-10-07,33,RMDVL,/home/ubuntu/klb/nuclr/nuclr/Data/Atanas_SF_unified_000776/cv5_grouped_v1/fold_4/test/test__2023-01-10-07__af4d7d2d.npz,2023-01-09-22,1,93,13,16,RMDVL,RMDVL|AWCL|AWBL|RMEL|AVAL,13,RMDVL,0.25,0.1,0.01,1,1,1,1.0,1
atanas,4,deterministic,FUGW (G+A; official),test,2023-01-10-07,34,VB02,/home/ubuntu/klb/nuclr/nuclr/Data/Atanas_SF_unified_000776/cv5_grouped_v1/fold_4/test/test__2023-01-10-07__af4d7d2d.npz,2023-01-09-22,1,93,88,139,VB02,VB02|AVKR|AIMR|ADAL|AIYL,88,VB02,0.25,0.1,0.01,1,1,1,1.0,1
atanas,4,deterministic,FUGW (G+A; official),test,2023-01-10-07,35,URXL,/home/ubuntu/klb/nuclr/nuclr/Data/Atanas_SF_unified_000776/cv5_grouped_v1/fold_4/test/test__2023-01-10-07__af4d7d2d.npz,2023-01-09-22,1,93,56,64,CEPDL,CEPDL|URXL|RIVL|ADLL|RID,56,URXL,0.25,0.1,0.01,2,0,1,0.5,1
atanas,4,deterministic,FUGW (G+A; official),test,2023-01-10-07,36,AWAR,/home/ubuntu/klb/nuclr/nuclr/Data/Atanas_SF_unified_000776/cv5_grouped_v1/fold_4/test/test__2023-01-10-07__af4d7d2d.npz,2023-01-09-22,0,93,-1,17,SMDVR,SMDVR|ASGR|RIAR|AVJR|RIVR,14,SMDVR,0.25,0.1,0.01,-1,0,0,0.0,0
atanas,4,deterministic,FUGW (G+A; official),test,2023-01-10-07,38,ADLR,/home/ubuntu/klb/nuclr/nuclr/Data/Atanas_SF_unified_000776/cv5_grouped_v1/fold_4/test/test__2023-01-10-07__af4d7d2d.npz,2023-01-09-22,1,93,61,92,ADLR,ADLR|RIVR|ASGR|SMDVR|CEPDR,61,ADLR,0.25,0.1,0.01,1,1,1,1.0,1
atanas,4,deterministic,FUGW (G+A; official),test,2023-01-10-07,40,URYVL,/home/ubuntu/klb/nuclr/nuclr/Data/Atanas_SF_unified_000776/cv5_grouped_v1/fold_4/test/test__2023-01-10-07__af4d7d2d.npz,2023-01-09-22,1,93,1,41,OLQVL,OLQVL|IL1L|IL2VL|URYVL|IL2L,29,OLQVL,0.25,0.1,0.01,4,0,1,0.25,0
atanas,4,deterministic,FUGW (G+A; official),test,2023-01-10-07,41,ADAL,/home/ubuntu/klb/nuclr/nuclr/Data/Atanas_SF_unified_000776/cv5_grouped_v1/fold_4/test/test__2023-01-10-07__af4d7d2d.npz,2023-01-09-22,1,93,72,109,ADAL,ADAL|ADEL|FLPL|M5|AIZL,46,ADEL,0.25,0.1,0.01,1,1,1,1.0,0
atanas,4,deterministic,FUGW (G+A; official),test,2023-01-10-07,42,CEPDR,/home/ubuntu/klb/nuclr/nuclr/Data/Atanas_SF_unified_000776/cv5_grouped_v1/fold_4/test/test__2023-01-10-07__af4d7d2d.npz,2023-01-09-22,1,93,41,59,CEPDR,CEPDR|RID|URXR|ADLR|RIVR,41,CEPDR,0.25,0.1,0.01,1,1,1,1.0,1
atanas,4,deterministic,FUGW (G+A; official),test,2023-01-10-07,43,IL2DR,/home/ubuntu/klb/nuclr/nuclr/Data/Atanas_SF_unified_000776/cv5_grouped_v1/fold_4/test/test__2023-01-10-07__af4d7d2d.npz,2023-01-09-22,1,93,9,11,IL2DR,IL2DR|IL1DR|IL2R|URYDR|OLLR,9,IL2DR,0.25,0.1,0.01,1,1,1,1.0,1
atanas,4,deterministic,FUGW (G+A; official),test,2023-01-10-07,45,AVAL,/home/ubuntu/klb/nuclr/nuclr/Data/Atanas_SF_unified_000776/cv5_grouped_v1/fold_4/test/test__2023-01-10-07__af4d7d2d.npz,2023-01-09-22,1,93,18,12,BAGL,BAGL|AVAL|ASHL|RMDL|ASGL,10,BAGL,0.25,0.1,0.01,2,0,1,0.5,0
atanas,4,deterministic,FUGW (G+A; official),test,2023-01-10-07,48,AWAL,/home/ubuntu/klb/nuclr/nuclr/Data/Atanas_SF_unified_000776/cv5_grouped_v1/fold_4/test/test__2023-01-10-07__af4d7d2d.npz,2023-01-09-22,0,93,-1,129,AIBL,AIBL|ASHL|AVEL|ASEL|AVAL,-1,,0.25,0.1,0.01,-1,0,0,0.0,0
atanas,4,deterministic,FUGW (G+A; official),test,2023-01-10-07,49,IL1R,/home/ubuntu/klb/nuclr/nuclr/Data/Atanas_SF_unified_000776/cv5_grouped_v1/fold_4/test/test__2023-01-10-07__af4d7d2d.npz,2023-01-09-22,1,93,76,114,IL1R,IL1R|URYVR|OLQVR|IL2R|M3R,76,IL1R,0.25,0.1,0.01,1,1,1,1.0,1
atanas,4,deterministic,FUGW (G+A; official),test,2023-01-10-07,50,AVDL,/home/ubuntu/klb/nuclr/nuclr/Data/Atanas_SF_unified_000776/cv5_grouped_v1/fold_4/test/test__2023-01-10-07__af4d7d2d.npz,2023-01-09-22,1,93,34,75,AVJL,AVJL|AVDL|ASEL|AINL|AWBL,27,ASEL,0.25,0.1,0.01,2,0,1,0.5,0
atanas,4,deterministic,FUGW (G+A; official),test,2023-01-10-07,53,IL1L,/home/ubuntu/klb/nuclr/nuclr/Data/Atanas_SF_unified_000776/cv5_grouped_v1/fold_4/test/test__2023-01-10-07__af4d7d2d.npz,2023-01-09-22,1,93,79,121,IL1L,IL1L|URBL|OLQVL|IL2L|URYVL,63,OLLL,0.25,0.1,0.01,1,1,1,1.0,0
atanas,4,deterministic,FUGW (G+A; official),test,2023-01-10-07,55,I2L,/home/ubuntu/klb/nuclr/nuclr/Data/Atanas_SF_unified_000776/cv5_grouped_v1/fold_4/test/test__2023-01-10-07__af4d7d2d.npz,2023-01-09-22,1,93,26,37,I2L,I2L|I1L|NSML|IL2L|URYVL,26,I2L,0.25,0.1,0.01,1,1,1,1.0,1
atanas,4,deterministic,FUGW (G+A; official),test,2023-01-10-07,56,I2R,/home/ubuntu/klb/nuclr/nuclr/Data/Atanas_SF_unified_000776/cv5_grouped_v1/fold_4/test/test__2023-01-10-07__af4d7d2d.npz,2023-01-09-22,0,93,-1,15,I1R,I1R|M3R|URYVR|OLQVR|IL1R,23,M3R,0.25,0.1,0.01,-1,0,0,0.0,0
atanas,4,deterministic,FUGW (G+A; official),test,2023-01-10-07,58,NSMR,/home/ubuntu/klb/nuclr/nuclr/Data/Atanas_SF_unified_000776/cv5_grouped_v1/fold_4/test/test__2023-01-10-07__af4d7d2d.npz,2023-01-09-22,0,93,-1,15,I1R,I1R|M3R|URYVR|OLQVR|M3L,-1,,0.25,0.1,0.01,-1,0,0,0.0,0
atanas,4,deterministic,FUGW (G+A; official),test,2023-01-10-07,59,ASGL,/home/ubuntu/klb/nuclr/nuclr/Data/Atanas_SF_unified_000776/cv5_grouped_v1/fold_4/test/test__2023-01-10-07__af4d7d2d.npz,2023-01-09-22,1,93,73,61,ADLL,ADLL|ASGL|ASHL|BAGL|RIVL,73,ASGL,0.25,0.1,0.01,2,0,1,0.5,1
atanas,4,deterministic,FUGW (G+A; official),test,2023-01-10-07,62,IL2R,/home/ubuntu/klb/nuclr/nuclr/Data/Atanas_SF_unified_000776/cv5_grouped_v1/fold_4/test/test__2023-01-10-07__af4d7d2d.npz,2023-01-09-22,1,93,55,108,URYVR,URYVR|IL1R|IL2R|M3R|IL2DR,71,URYVR,0.25,0.1,0.01,3,0,1,0.3333333333333333,0
atanas,4,deterministic,FUGW (G+A; official),test,2023-01-10-07,63,AVEL,/home/ubuntu/klb/nuclr/nuclr/Data/Atanas_SF_unified_000776/cv5_grouped_v1/fold_4/test/test__2023-01-10-07__af4d7d2d.npz,2023-01-09-22,1,93,80,24,AVAL,AVAL|RMDL|AIBL|AVEL|ASHL,18,AVAL,0.25,0.1,0.01,4,0,1,0.25,0
atanas,4,deterministic,FUGW (G+A; official),test,2023-01-10-07,65,SAADR,/home/ubuntu/klb/nuclr/nuclr/Data/Atanas_SF_unified_000776/cv5_grouped_v1/fold_4/test/test__2023-01-10-07__af4d7d2d.npz,2023-01-09-22,0,93,-1,54,RIH,RIH|SMDDL|CEPVR|RMDDR|CEPVL,-1,,0.25,0.1,0.01,-1,0,0,0.0,0
atanas,4,deterministic,FUGW (G+A; official),test,2023-01-10-07,72,AINL,/home/ubuntu/klb/nuclr/nuclr/Data/Atanas_SF_unified_000776/cv5_grouped_v1/fold_4/test/test__2023-01-10-07__af4d7d2d.npz,2023-01-09-22,1,93,64,87,AINR,AINR|AVJR|ADER|AVDR|AIZR,57,AINR,0.25,0.1,0.01,56,0,0,0.017857142857142856,0
atanas,4,deterministic,FUGW (G+A; official),test,2023-01-10-07,74,CEPVL,/home/ubuntu/klb/nuclr/nuclr/Data/Atanas_SF_unified_000776/cv5_grouped_v1/fold_4/test/test__2023-01-10-07__af4d7d2d.npz,2023-01-09-22,1,93,7,44,IL1VL,IL1VL|IL2VL|CEPVL|OLQVL|M3L,31,IL1VL,0.25,0.1,0.01,3,0,1,0.3333333333333333,0
atanas,4,deterministic,FUGW (G+A; official),test,2023-01-10-07,75,RMDL,/home/ubuntu/klb/nuclr/nuclr/Data/Atanas_SF_unified_000776/cv5_grouped_v1/fold_4/test/test__2023-01-10-07__af4d7d2d.npz,2023-01-09-22,1,93,5,7,RMDL,RMDL|AVEL|AWCL|AIBL|AVAL,80,AVEL,0.25,0.1,0.01,1,1,1,1.0,0
atanas,4,deterministic,FUGW (G+A; official),test,2023-01-10-07,76,RICL,/home/ubuntu/klb/nuclr/nuclr/Data/Atanas_SF_unified_000776/cv5_grouped_v1/fold_4/test/test__2023-01-10-07__af4d7d2d.npz,2023-01-09-22,0,93,-1,43,FLPL,FLPL|AIZL|ASJL|ADEL|AUAL,-1,,0.25,0.1,0.01,-1,0,0,0.0,0
atanas,4,deterministic,FUGW (G+A; official),test,2023-01-10-07,77,AVL,/home/ubuntu/klb/nuclr/nuclr/Data/Atanas_SF_unified_000776/cv5_grouped_v1/fold_4/test/test__2023-01-10-07__af4d7d2d.npz,2023-01-09-22,0,93,-1,140,AUAL,AUAL|RMDDL|AIYL|ASJL|CEPVL,89,AUAL,0.25,0.1,0.01,-1,0,0,0.0,0
atanas,4,deterministic,FUGW (G+A; official),test,2023-01-10-07,78,AVJL,/home/ubuntu/klb/nuclr/nuclr/Data/Atanas_SF_unified_000776/cv5_grouped_v1/fold_4/test/test__2023-01-10-07__af4d7d2d.npz,2023-01-09-22,1,93,49,75,AVJL,AVJL|AINL|AVDL|ASEL|AWBL,49,AVJL,0.25,0.1,0.01,1,1,1,1.0,1
atanas,4,deterministic,FUGW (G+A; official),test,2023-01-10-07,82,RMEL,/home/ubuntu/klb/nuclr/nuclr/Data/Atanas_SF_unified_000776/cv5_grouped_v1/fold_4/test/test__2023-01-10-07__af4d7d2d.npz,2023-01-09-22,1,93,65,96,RMEL,RMEL|URBL|RMDVL|IL1L|OLLL,65,RMEL,0.25,0.1,0.01,1,1,1,1.0,1
atanas,4,deterministic,FUGW (G+A; official),test,2023-01-10-07,83,CEPVR,/home/ubuntu/klb/nuclr/nuclr/Data/Atanas_SF_unified_000776/cv5_grouped_v1/fold_4/test/test__2023-01-10-07__af4d7d2d.npz,2023-01-09-22,1,93,17,23,CEPVR,CEPVR|IL1VR|RIH|CEPVL|OLQVR,38,RIH,0.25,0.1,0.01,1,1,1,1.0,0
atanas,4,deterministic,FUGW (G+A; official),test,2023-01-10-07,84,SMDVL,/home/ubuntu/klb/nuclr/nuclr/Data/Atanas_SF_unified_000776/cv5_grouped_v1/fold_4/test/test__2023-01-10-07__af4d7d2d.npz,2023-01-09-22,1,93,47,59,CEPDR,CEPDR|SMDVR|RIAR|URXR|ASGR,67,URXR,0.25,0.1,0.01,62,0,0,0.016129032258064516,0
atanas,4,deterministic,FUGW (G+A; official),test,2023-01-10-07,85,ADER,/home/ubuntu/klb/nuclr/nuclr/Data/Atanas_SF_unified_000776/cv5_grouped_v1/fold_4/test/test__2023-01-10-07__af4d7d2d.npz,2023-01-09-22,1,93,86,106,FLPR,FLPR|ADER|AIZR|AVKR|AVDR,70,FLPR,0.25,0.1,0.01,2,0,1,0.5,0
atanas,4,deterministic,FUGW (G+A; official),test,2023-01-10-07,86,ASER,/home/ubuntu/klb/nuclr/nuclr/Data/Atanas_SF_unified_000776/cv5_grouped_v1/fold_4/test/test__2023-01-10-07__af4d7d2d.npz,2023-01-09-22,0,93,-1,125,AVAR,AVAR|SMDVR|ASGR|AINR|RMDR,81,AVAR,0.25,0.1,0.01,-1,0,0,0.0,0
atanas,4,deterministic,FUGW (G+A; official),test,2023-01-10-07,88,AUAL,/home/ubuntu/klb/nuclr/nuclr/Data/Atanas_SF_unified_000776/cv5_grouped_v1/fold_4/test/test__2023-01-10-07__af4d7d2d.npz,2023-01-09-22,1,93,89,21,AWCL,AWCL|RMDL|ASEL|AIZL|ASHL,16,AWCL,0.25,0.1,0.01,10,0,0,0.1,0
atanas,4,deterministic,FUGW (G+A; official),test,2023-01-10-07,89,IL1DR,/home/ubuntu/klb/nuclr/nuclr/Data/Atanas_SF_unified_000776/cv5_grouped_v1/fold_4/test/test__2023-01-10-07__af4d7d2d.npz,2023-01-09-22,1,93,19,11,IL2DR,IL2DR|IL1DR|OLQDL|URYDR|IL2R,19,IL1DR,0.25,0.1,0.01,2,0,1,0.5,1
atanas,4,deterministic,FUGW (G+A; official),test,2023-01-10-07,90,RMDDL,/home/ubuntu/klb/nuclr/nuclr/Data/Atanas_SF_unified_000776/cv5_grouped_v1/fold_4/test/test__2023-01-10-07__af4d7d2d.npz,2023-01-09-22,1,93,83,130,RMDDL,RMDDL|AUAL|CEPVL|AIBL|AVEL,83,RMDDL,0.25,0.1,0.01,1,1,1,1.0,1
atanas,4,deterministic,FUGW (G+A; official),test,2023-01-10-07,91,RICR,/home/ubuntu/klb/nuclr/nuclr/Data/Atanas_SF_unified_000776/cv5_grouped_v1/fold_4/test/test__2023-01-10-07__af4d7d2d.npz,2023-01-09-22,0,93,-1,2,AIYR,AIYR|AVKR|AIMR|AIZR|FLPR,60,AIZR,0.25,0.1,0.01,-1,0,0,0.0,0
atanas,4,deterministic,FUGW (G+A; official),test,2023-01-10-07,92,RMER,/home/ubuntu/klb/nuclr/nuclr/Data/Atanas_SF_unified_000776/cv5_grouped_v1/fold_4/test/test__2023-01-10-07__af4d7d2d.npz,2023-01-09-22,1,93,24,84,IL2R,IL2R|IL1R|OLLR|URYVR|URYDR,8,OLLR,0.25,0.1,0.01,6,0,0,0.16666666666666666,0
atanas,4,deterministic,FUGW (G+A; official),test,2023-01-10-07,94,RMDDR,/home/ubuntu/klb/nuclr/nuclr/Data/Atanas_SF_unified_000776/cv5_grouped_v1/fold_4/test/test__2023-01-10-07__af4d7d2d.npz,2023-01-09-22,1,93,22,50,SMDDL,SMDDL|RMDDR|AIBR|AIYR|AVER,35,SMDDL,0.25,0.1,0.01,2,0,1,0.5,0
atanas,4,deterministic,FUGW (G+A; official),test,2023-01-10-07,95,RMDVR,/home/ubuntu/klb/nuclr/nuclr/Data/Atanas_SF_unified_000776/cv5_grouped_v1/fold_4/test/test__2023-01-10-07__af4d7d2d.npz,2023-01-09-22,1,93,66,98,RMDVR,RMDVR|AWCR|RMDR|AVAR|RIAR,66,RMDVR,0.25,0.1,0.01,1,1,1,1.0,1
atanas,4,deterministic,FUGW (G+A; official),test,2023-01-10-07,96,AQR,/home/ubuntu/klb/nuclr/nuclr/Data/Atanas_SF_unified_000776/cv5_grouped_v1/fold_4/test/test__2023-01-10-07__af4d7d2d.npz,2023-01-09-22,0,93,-1,139,VB02,VB02|AIYL|AVKR|ADAL|AIMR,-1,,0.25,0.1,0.01,-1,0,0,0.0,0
atanas,4,deterministic,FUGW (G+A; official),test,2023-01-10-07,97,OLQVL,/home/ubuntu/klb/nuclr/nuclr/Data/Atanas_SF_unified_000776/cv5_grouped_v1/fold_4/test/test__2023-01-10-07__af4d7d2d.npz,2023-01-09-22,1,93,29,41,OLQVL,OLQVL|IL1L|BAGL|IL2VL|IL1VL,-1,,0.25,0.1,0.01,1,1,1,1.0,0
atanas,4,deterministic,FUGW (G+A; official),test,2023-01-10-07,98,AWBL,/home/ubuntu/klb/nuclr/nuclr/Data/Atanas_SF_unified_000776/cv5_grouped_v1/fold_4/test/test__2023-01-10-07__af4d7d2d.npz,2023-01-09-22,1,93,87,136,AWBL,AWBL|SMDVL|RMDVL|AWCL|ASGL,87,AWBL,0.25,0.1,0.01,1,1,1,1.0,1
atanas,4,deterministic,FUGW (G+A; official),test,2023-01-10-07,99,URBL,/home/ubuntu/klb/nuclr/nuclr/Data/Atanas_SF_unified_000776/cv5_grouped_v1/fold_4/test/test__2023-01-10-07__af4d7d2d.npz,2023-01-09-22,1,93,11,14,URBL,URBL|IL2L|IL1L|RMEL|URYVL,11,URBL,0.25,0.1,0.01,1,1,1,1.0,1
atanas,4,deterministic,FUGW (G+A; official),test,2023-01-10-07,100,URYVR,/home/ubuntu/klb/nuclr/nuclr/Data/Atanas_SF_unified_000776/cv5_grouped_v1/fold_4/test/test__2023-01-10-07__af4d7d2d.npz,2023-01-09-22,1,93,71,93,OLQVR,OLQVR|URYVR|IL1VR|M3R|IL1R,24,RMER,0.25,0.1,0.01,2,0,1,0.5,0
atanas,4,deterministic,FUGW (G+A; official),test,2023-01-10-07,105,RIH,/home/ubuntu/klb/nuclr/nuclr/Data/Atanas_SF_unified_000776/cv5_grouped_v1/fold_4/test/test__2023-01-10-07__af4d7d2d.npz,2023-01-09-22,1,93,38,54,RIH,RIH|CEPVL|SMDDL|CEPVR|RMDDR,7,CEPVL,0.25,0.1,0.01,1,1,1,1.0,0
atanas,4,deterministic,FUGW (G+A; official),test,2023-01-10-07,107,RIBL,/home/ubuntu/klb/nuclr/nuclr/Data/Atanas_SF_unified_000776/cv5_grouped_v1/fold_4/test/test__2023-01-10-07__af4d7d2d.npz,2023-01-09-22,1,93,43,63,RIBL,RIBL|BAGL|RMEV|ADLL|ASJL,43,RIBL,0.25,0.1,0.01,1,1,1,1.0,1
atanas,4,deterministic,FUGW (G+A; official),test,2023-01-10-07,109,AVBR,/home/ubuntu/klb/nuclr/nuclr/Data/Atanas_SF_unified_000776/cv5_grouped_v1/fold_4/test/test__2023-01-10-07__af4d7d2d.npz,2023-01-09-22,0,93,-1,63,RIBL,RIBL|RMEV|BAGL|AVAR|SMDVR,-1,,0.25,0.1,0.01,-1,0,0,0.0,0
atanas,4,deterministic,FUGW (G+A; official),test,2023-01-10-07,110,M3R,/home/ubuntu/klb/nuclr/nuclr/Data/Atanas_SF_unified_000776/cv5_grouped_v1/fold_4/test/test__2023-01-10-07__af4d7d2d.npz,2023-01-09-22,1,93,23,33,M3R,M3R|OLQVR|URYVR|I1R|IL1VR,62,OLQVR,0.25,0.1,0.01,1,1,1,1.0,0
atanas,4,deterministic,FUGW (G+A; official),test,2023-01-10-07,111,AWBR,/home/ubuntu/klb/nuclr/nuclr/Data/Atanas_SF_unified_000776/cv5_grouped_v1/fold_4/test/test__2023-01-10-07__af4d7d2d.npz,2023-01-09-22,0,93,-1,98,RMDVR,RMDVR|RIAR|AWCR|RMDR|AVJR,21,RIAR,0.25,0.1,0.01,-1,0,0,0.0,0
atanas,4,deterministic,FUGW (G+A; official),test,2023-01-10-07,114,AVJR,/home/ubuntu/klb/nuclr/nuclr/Data/Atanas_SF_unified_000776/cv5_grouped_v1/fold_4/test/test__2023-01-10-07__af4d7d2d.npz,2023-01-09-22,1,93,51,87,AINR,AINR|AVJR|AVDR|ASGR|RIVR,51,AVJR,0.25,0.1,0.01,2,0,1,0.5,1
atanas,4,deterministic,FUGW (G+A; official),test,2023-01-10-07,116,OLLR,/home/ubuntu/klb/nuclr/nuclr/Data/Atanas_SF_unified_000776/cv5_grouped_v1/fold_4/test/test__2023-01-10-07__af4d7d2d.npz,2023-01-09-22,1,93,8,11,IL2DR,IL2DR|IL2R|OLLR|IL1R|URYDR,55,IL2R,0.25,0.1,0.01,3,0,1,0.3333333333333333,0
atanas,4,deterministic,FUGW (G+A; official),test,2023-01-10-07,117,I1R,/home/ubuntu/klb/nuclr/nuclr/Data/Atanas_SF_unified_000776/cv5_grouped_v1/fold_4/test/test__2023-01-10-07__af4d7d2d.npz,2023-01-09-22,1,93,12,15,I1R,I1R|I1L|I2L|NSML|M3L,12,I1R,0.25,0.1,0.01,1,1,1,1.0,1
atanas,4,deterministic,FUGW (G+A; official),test,2023-01-10-07,118,RIR,/home/ubuntu/klb/nuclr/nuclr/Data/Atanas_SF_unified_000776/cv5_grouped_v1/fold_4/test/test__2023-01-10-07__af4d7d2d.npz,2023-01-09-22,0,93,-1,31,RMDDR,RMDDR|AIYL|SMDDL|RMDDL|AIYR,22,RMDDR,0.25,0.1,0.01,-1,0,0,0.0,0
atanas,4,deterministic,FUGW (G+A; official),test,2023-01-10-07,119,URYDL,/home/ubuntu/klb/nuclr/nuclr/Data/Atanas_SF_unified_000776/cv5_grouped_v1/fold_4/test/test__2023-01-10-07__af4d7d2d.npz,2023-01-09-22,1,93,6,53,IL2DL,IL2DL|URYDL|URBL|RMEL|OLLL,6,URYDL,0.25,0.1,0.01,2,0,1,0.5,1
atanas,4,deterministic,FUGW (G+A; official),test,2023-01-10-07,121,OLLL,/home/ubuntu/klb/nuclr/nuclr/Data/Atanas_SF_unified_000776/cv5_grouped_v1/fold_4/test/test__2023-01-10-07__af4d7d2d.npz,2023-01-09-22,1,93,63,145,IL2L,IL2L|IL1L|URBL|IL2DL|MI,45,MI,0.25,0.1,0.01,7,0,0,0.14285714285714285,0
atanas,4,deterministic,FUGW (G+A; official),test,2023-01-10-07,124,AIZL,/home/ubuntu/klb/nuclr/nuclr/Data/Atanas_SF_unified_000776/cv5_grouped_v1/fold_4/test/test__2023-01-10-07__af4d7d2d.npz,2023-01-09-22,1,93,4,68,ADEL,ADEL|AIZL|FLPL|AVDL|ASEL,34,AVDL,0.25,0.1,0.01,2,0,1,0.5,0
atanas,4,deterministic,FUGW (G+A; official),test,2023-01-10-07,126,M3L,/home/ubuntu/klb/nuclr/nuclr/Data/Atanas_SF_unified_000776/cv5_grouped_v1/fold_4/test/test__2023-01-10-07__af4d7d2d.npz,2023-01-09-22,1,93,28,1,URYVL,URYVL|I2L|NSML|IL2VL|IL2L,1,URYVL,0.25,0.1,0.01,6,0,0,0.16666666666666666,0
atanas,4,deterministic,FUGW (G+A; official),test,2023-01-10-07,127,RMGL,/home/ubuntu/klb/nuclr/nuclr/Data/Atanas_SF_unified_000776/cv5_grouped_v1/fold_4/test/test__2023-01-10-07__af4d7d2d.npz,2023-01-09-22,0,93,-1,109,ADAL,ADAL|M5|ADEL|FLPL|AIZL,72,ADAL,0.25,0.1,0.01,-1,0,0,0.0,0
atanas,4,deterministic,FUGW (G+A; official),test,2023-01-10-07,128,IL2VR,/home/ubuntu/klb/nuclr/nuclr/Data/Atanas_SF_unified_000776/cv5_grouped_v1/fold_4/test/test__2023-01-10-07__af4d7d2d.npz,2023-01-09-22,0,93,-1,93,OLQVR,OLQVR|IL1VR|M3R|I1R|M3L,25,IL1VR,0.25,0.1,0.01,-1,0,0,0.0,0
atanas,4,deterministic,FUGW (G+A; official),test,2023-01-10-07,129,AWCR,/home/ubuntu/klb/nuclr/nuclr/Data/Atanas_SF_unified_000776/cv5_grouped_v1/fold_4/test/test__2023-01-10-07__af4d7d2d.npz,2023-01-09-22,1,93,91,142,AWCR,AWCR|AUAR|RMDR|RMDVR|AIZR,91,AWCR,0.25,0.1,0.01,1,1,1,1.0,1
atanas,4,deterministic,FUGW (G+A; official),test,2023-01-10-07,130,SMDVR,/home/ubuntu/klb/nuclr/nuclr/Data/Atanas_SF_unified_000776/cv5_grouped_v1/fold_4/test/test__2023-01-10-07__af4d7d2d.npz,2023-01-09-22,1,93,14,71,SMDVL,SMDVL|CEPDL|RIAL|AWBL|ASGL,47,SMDVL,0.25,0.1,0.01,70,0,0,0.014285714285714285,0
atanas,4,deterministic,FUGW (G+A; official),test,2023-01-10-07,131,URXR,/home/ubuntu/klb/nuclr/nuclr/Data/Atanas_SF_unified_000776/cv5_grouped_v1/fold_4/test/test__2023-01-10-07__af4d7d2d.npz,2023-01-09-22,1,93,67,78,RID,RID|URXR|CEPDR|ADLR|URXL,52,RID,0.25,0.1,0.01,2,0,1,0.5,0
atanas,4,deterministic,FUGW (G+A; official),test,2023-01-10-07,132,AIZR,/home/ubuntu/klb/nuclr/nuclr/Data/Atanas_SF_unified_000776/cv5_grouped_v1/fold_4/test/test__2023-01-10-07__af4d7d2d.npz,2023-01-09-22,1,93,60,106,FLPR,FLPR|ADER|AIZR|AVKR|AVDR,86,ADER,0.25,0.1,0.01,3,0,1,0.3333333333333333,0
atanas,4,deterministic,FUGW (G+A; official),test,2023-01-10-07,134,IL2DL,/home/ubuntu/klb/nuclr/nuclr/Data/Atanas_SF_unified_000776/cv5_grouped_v1/fold_4/test/test__2023-01-10-07__af4d7d2d.npz,2023-01-09-22,1,93,37,53,IL2DL,IL2DL|MI|IL2L|I3|URBL,37,IL2DL,0.25,0.1,0.01,1,1,1,1.0,1
atanas,4,deterministic,FUGW (G+A; official),test,2023-01-10-07,135,I3,/home/ubuntu/klb/nuclr/nuclr/Data/Atanas_SF_unified_000776/cv5_grouped_v1/fold_4/test/test__2023-01-10-07__af4d7d2d.npz,2023-01-09-22,1,93,36,66,MI,MI|I3|M4|IL2DL|I1L,36,I3,0.25,0.1,0.01,2,0,1,0.5,1
atanas,4,deterministic,FUGW (G+A; official),test,2023-01-10-07,136,ADEL,/home/ubuntu/klb/nuclr/nuclr/Data/Atanas_SF_unified_000776/cv5_grouped_v1/fold_4/test/test__2023-01-10-07__af4d7d2d.npz,2023-01-09-22,1,93,46,109,ADAL,ADAL|FLPL|ADEL|AIZL|M5,30,FLPL,0.25,0.1,0.01,3,0,1,0.3333333333333333,0
atanas,4,deterministic,FUGW (G+A; official),test,2023-01-10-07,137,IL1DL,/home/ubuntu/klb/nuclr/nuclr/Data/Atanas_SF_unified_000776/cv5_grouped_v1/fold_4/test/test__2023-01-10-07__af4d7d2d.npz,2023-01-09-22,0,93,-1,53,IL2DL,IL2DL|URYDL|OLQDL|OLLL|I3,68,M4,0.25,0.1,0.01,-1,0,0,0.0,0
atanas,4,deterministic,FUGW (G+A; official),test,2023-01-10-07,138,SAAVR,/home/ubuntu/klb/nuclr/nuclr/Data/Atanas_SF_unified_000776/cv5_grouped_v1/fold_4/test/test__2023-01-10-07__af4d7d2d.npz,2023-01-09-22,0,93,-1,17,SMDVR,SMDVR|RIAR|URYDR|AVAR|RMDVR,33,URYDR,0.25,0.1,0.01,-1,0,0,0.0,0
atanas,4,deterministic,FUGW (G+A; official),test,2023-01-10-07,139,AVAR,/home/ubuntu/klb/nuclr/nuclr/Data/Atanas_SF_unified_000776/cv5_grouped_v1/fold_4/test/test__2023-01-10-07__af4d7d2d.npz,2023-01-09-22,1,93,81,125,AVAR,AVAR|RMDR|RMDVR|AWCR|AVER,54,RMDR,0.25,0.1,0.01,1,1,1,1.0,0
atanas,4,deterministic,FUGW (G+A; official),test,2023-01-10-07,141,RIBR,/home/ubuntu/klb/nuclr/nuclr/Data/Atanas_SF_unified_000776/cv5_grouped_v1/fold_4/test/test__2023-01-10-07__af4d7d2d.npz,2023-01-09-22,0,93,-1,55,RMEV,RMEV|RIBL|BAGL|AVAR|RIMR,39,RMEV,0.25,0.1,0.01,-1,0,0,0.0,0
atanas,4,deterministic,FUGW (G+A; official),test,2023-01-10-07,142,AWCL,/home/ubuntu/klb/nuclr/nuclr/Data/Atanas_SF_unified_000776/cv5_grouped_v1/fold_4/test/test__2023-01-10-07__af4d7d2d.npz,2023-01-09-22,1,93,16,21,AWCL,AWCL|RMDL|RMDVL|AVEL|AVAL,5,RMDL,0.25,0.1,0.01,1,1,1,1.0,0
atanas,4,deterministic,FUGW (G+A; official),test,2023-01-10-07,143,AINR,/home/ubuntu/klb/nuclr/nuclr/Data/Atanas_SF_unified_000776/cv5_grouped_v1/fold_4/test/test__2023-01-10-07__af4d7d2d.npz,2023-01-09-22,1,93,57,95,AINL,AINL|AVJL|AVDL|ADEL|ASEL,64,AINL,0.25,0.1,0.01,78,0,0,0.01282051282051282,0
atanas,4,deterministic,FUGW (G+A; official),test,2023-01-10-14,0,AWAR,/home/ubuntu/klb/nuclr/nuclr/Data/Atanas_SF_unified_000776/cv5_grouped_v1/fold_4/test/test__2023-01-10-14__e4254980.npz,2023-01-09-22,0,93,-1,77,AVJR,AVJR|SMDVR|ASGR|RIAR|CEPDR,57,AINR,0.25,0.1,0.01,-1,0,0,0.0,0
atanas,4,deterministic,FUGW (G+A; official),test,2023-01-10-14,5,AINR,/home/ubuntu/klb/nuclr/nuclr/Data/Atanas_SF_unified_000776/cv5_grouped_v1/fold_4/test/test__2023-01-10-14__e4254980.npz,2023-01-09-22,1,93,57,135,ADER,ADER|AVDR|AINR|AIZR|FLPR,0,AVDR,0.25,0.1,0.01,3,0,1,0.3333333333333333,0
atanas,4,deterministic,FUGW (G+A; official),test,2023-01-10-14,6,IL1DR,/home/ubuntu/klb/nuclr/nuclr/Data/Atanas_SF_unified_000776/cv5_grouped_v1/fold_4/test/test__2023-01-10-14__e4254980.npz,2023-01-09-22,1,93,19,11,IL2DR,IL2DR|IL2R|M3R|IL1DR|OLLR,19,IL1DR,0.25,0.1,0.01,4,0,1,0.25,1
atanas,4,deterministic,FUGW (G+A; official),test,2023-01-10-14,7,M1,/home/ubuntu/klb/nuclr/nuclr/Data/Atanas_SF_unified_000776/cv5_grouped_v1/fold_4/test/test__2023-01-10-14__e4254980.npz,2023-01-09-22,0,93,-1,105,RIVR,RIVR|ADLR|ASGR|AINR|AVJR,69,RIVR,0.25,0.1,0.01,-1,0,0,0.0,0
atanas,4,deterministic,FUGW (G+A; official),test,2023-01-10-14,9,RIAR,/home/ubuntu/klb/nuclr/nuclr/Data/Atanas_SF_unified_000776/cv5_grouped_v1/fold_4/test/test__2023-01-10-14__e4254980.npz,2023-01-09-22,1,93,21,28,RIAR,RIAR|RMDVR|SMDVR|AVAR|URYDR,54,RMDR,0.25,0.1,0.01,1,1,1,1.0,0
atanas,4,deterministic,FUGW (G+A; official),test,2023-01-10-14,10,AIZL,/home/ubuntu/klb/nuclr/nuclr/Data/Atanas_SF_unified_000776/cv5_grouped_v1/fold_4/test/test__2023-01-10-14__e4254980.npz,2023-01-09-22,1,93,4,75,AVJL,AVJL|AINL|AVDL|RIVL|CEPDL,49,AVJL,0.25,0.1,0.01,11,0,0,0.09090909090909091,0
atanas,4,deterministic,FUGW (G+A; official),test,2023-01-10-14,11,IL2L,/home/ubuntu/klb/nuclr/nuclr/Data/Atanas_SF_unified_000776/cv5_grouped_v1/fold_4/test/test__2023-01-10-14__e4254980.npz,2023-01-09-22,1,93,92,145,IL2L,IL2L|IL1L|URYVL|MI|URBL,11,URBL,0.25,0.1,0.01,1,1,1,1.0,0
atanas,4,deterministic,FUGW (G+A; official),test,2023-01-10-14,12,IL2DL,/home/ubuntu/klb/nuclr/nuclr/Data/Atanas_SF_unified_000776/cv5_grouped_v1/fold_4/test/test__2023-01-10-14__e4254980.npz,2023-01-09-22,1,93,37,66,MI,MI|I3|IL2DL|M4|I1L,45,MI,0.25,0.1,0.01,3,0,1,0.3333333333333333,0
atanas,4,deterministic,FUGW (G+A; official),test,2023-01-10-14,13,CEPDR,/home/ubuntu/klb/nuclr/nuclr/Data/Atanas_SF_unified_000776/cv5_grouped_v1/fold_4/test/test__2023-01-10-14__e4254980.npz,2023-01-09-22,1,93,41,59,CEPDR,CEPDR|SMDVR|ASGR|RIAR|AVJR,14,SMDVR,0.25,0.1,0.01,1,1,1,1.0,0
atanas,4,deterministic,FUGW (G+A; official),test,2023-01-10-14,14,AVEL,/home/ubuntu/klb/nuclr/nuclr/Data/Atanas_SF_unified_000776/cv5_grouped_v1/fold_4/test/test__2023-01-10-14__e4254980.npz,2023-01-09-22,1,93,80,24,AVAL,AVAL|RMDVL|AWBL|RMDL|RIAL,18,AVAL,0.25,0.1,0.01,6,0,0,0.16666666666666666,0
atanas,4,deterministic,FUGW (G+A; official),test,2023-01-10-14,15,RIH,/home/ubuntu/klb/nuclr/nuclr/Data/Atanas_SF_unified_000776/cv5_grouped_v1/fold_4/test/test__2023-01-10-14__e4254980.npz,2023-01-09-22,1,93,38,130,RMDDL,RMDDL|AUAL|CEPVL|AIBL|RMDL,7,CEPVL,0.25,0.1,0.01,11,0,0,0.09090909090909091,0
atanas,4,deterministic,FUGW (G+A; official),test,2023-01-10-14,19,ADLL,/home/ubuntu/klb/nuclr/nuclr/Data/Atanas_SF_unified_000776/cv5_grouped_v1/fold_4/test/test__2023-01-10-14__e4254980.npz,2023-01-09-22,1,93,42,61,ADLL,ADLL|RIVL|ADLR|RID|CEPDL,42,ADLL,0.25,0.1,0.01,1,1,1,1.0,1
atanas,4,deterministic,FUGW (G+A; official),test,2023-01-10-14,20,URYDR,/home/ubuntu/klb/nuclr/nuclr/Data/Atanas_SF_unified_000776/cv5_grouped_v1/fold_4/test/test__2023-01-10-14__e4254980.npz,2023-01-09-22,1,93,33,84,IL2R,IL2R|IL2DR|OLLR|IL1R|URYDR,8,OLLR,0.25,0.1,0.01,5,0,1,0.2,0
atanas,4,deterministic,FUGW (G+A; official),test,2023-01-10-14,24,OLQVL,/home/ubuntu/klb/nuclr/nuclr/Data/Atanas_SF_unified_000776/cv5_grouped_v1/fold_4/test/test__2023-01-10-14__e4254980.npz,2023-01-09-22,1,93,29,41,OLQVL,OLQVL|IL1L|URBL|URYVL|RMEL,-1,,0.25,0.1,0.01,1,1,1,1.0,0
atanas,4,deterministic,FUGW (G+A; official),test,2023-01-10-14,27,IL1L,/home/ubuntu/klb/nuclr/nuclr/Data/Atanas_SF_unified_000776/cv5_grouped_v1/fold_4/test/test__2023-01-10-14__e4254980.npz,2023-01-09-22,1,93,79,145,IL2L,IL2L|IL1L|MI|URBL|URYVL,79,IL1L,0.25,0.1,0.01,2,0,1,0.5,1
atanas,4,deterministic,FUGW (G+A; official),test,2023-01-10-14,28,IL2VR,/home/ubuntu/klb/nuclr/nuclr/Data/Atanas_SF_unified_000776/cv5_grouped_v1/fold_4/test/test__2023-01-10-14__e4254980.npz,2023-01-09-22,0,93,-1,131,NSML,NSML|I1R|I2L|I1L|M3L,84,NSML,0.25,0.1,0.01,-1,0,0,0.0,0
atanas,4,deterministic,FUGW (G+A; official),test,2023-01-10-14,29,RMDL,/home/ubuntu/klb/nuclr/nuclr/Data/Atanas_SF_unified_000776/cv5_grouped_v1/fold_4/test/test__2023-01-10-14__e4254980.npz,2023-01-09-22,1,93,5,16,RMDVL,RMDVL|AWCL|AVAL|AWBL|RMDL,16,AWCL,0.25,0.1,0.01,5,0,1,0.2,0
atanas,4,deterministic,FUGW (G+A; official),test,2023-01-10-14,30,AIBL,/home/ubuntu/klb/nuclr/nuclr/Data/Atanas_SF_unified_000776/cv5_grouped_v1/fold_4/test/test__2023-01-10-14__e4254980.npz,2023-01-09-22,1,93,82,24,AVAL,AVAL|AWCL|RMDVL|RMDL|AVEL,80,AVEL,0.25,0.1,0.01,8,0,0,0.125,0
atanas,4,deterministic,FUGW (G+A; official),test,2023-01-10-14,32,ADAR,/home/ubuntu/klb/nuclr/nuclr/Data/Atanas_SF_unified_000776/cv5_grouped_v1/fold_4/test/test__2023-01-10-14__e4254980.npz,2023-01-09-22,0,93,-1,80,AVKR,AVKR|FLPR|ADER|AIZR|AIMR,70,FLPR,0.25,0.1,0.01,-1,0,0,0.0,0
atanas,4,deterministic,FUGW (G+A; official),test,2023-01-10-14,34,AVAL,/home/ubuntu/klb/nuclr/nuclr/Data/Atanas_SF_unified_000776/cv5_grouped_v1/fold_4/test/test__2023-01-10-14__e4254980.npz,2023-01-09-22,1,93,18,24,AVAL,AVAL|ASHL|ASGL|SMDVL|ADLL,58,ASHL,0.25,0.1,0.01,1,1,1,1.0,0
atanas,4,deterministic,FUGW (G+A; official),test,2023-01-10-14,36,RMDVL,/home/ubuntu/klb/nuclr/nuclr/Data/Atanas_SF_unified_000776/cv5_grouped_v1/fold_4/test/test__2023-01-10-14__e4254980.npz,2023-01-09-22,1,93,13,16,RMDVL,RMDVL|RMEL|AWBL|URYDL|IL2DL,13,RMDVL,0.25,0.1,0.01,1,1,1,1.0,1
atanas,4,deterministic,FUGW (G+A; official),test,2023-01-10-14,37,IL2VL,/home/ubuntu/klb/nuclr/nuclr/Data/Atanas_SF_unified_000776/cv5_grouped_v1/fold_4/test/test__2023-01-10-14__e4254980.npz,2023-01-09-22,1,93,50,76,IL2VL,IL2VL|NSML|I2L|URYVL|M3L,50,IL2VL,0.25,0.1,0.01,1,1,1,1.0,1
atanas,4,deterministic,FUGW (G+A; official),test,2023-01-10-14,38,OLQDL,/home/ubuntu/klb/nuclr/nuclr/Data/Atanas_SF_unified_000776/cv5_grouped_v1/fold_4/test/test__2023-01-10-14__e4254980.npz,2023-01-09-22,1,93,3,3,OLQDL,OLQDL|M4|MI|IL1DR|I3,3,OLQDL,0.25,0.1,0.01,1,1,1,1.0,1
atanas,4,deterministic,FUGW (G+A; official),test,2023-01-10-14,43,ASGL,/home/ubuntu/klb/nuclr/nuclr/Data/Atanas_SF_unified_000776/cv5_grouped_v1/fold_4/test/test__2023-01-10-14__e4254980.npz,2023-01-09-22,1,93,73,61,ADLL,ADLL|RIVL|ASGL|CEPDL|SMDVL,73,ASGL,0.25,0.1,0.01,3,0,1,0.3333333333333333,1
atanas,4,deterministic,FUGW (G+A; official),test,2023-01-10-14,44,I2R,/home/ubuntu/klb/nuclr/nuclr/Data/Atanas_SF_unified_000776/cv5_grouped_v1/fold_4/test/test__2023-01-10-14__e4254980.npz,2023-01-09-22,0,93,-1,15,I1R,I1R|NSML|M3L|I2L|I1L,28,M3L,0.25,0.1,0.01,-1,0,0,0.0,0
atanas,4,deterministic,FUGW (G+A; official),test,2023-01-10-14,45,RMDVR,/home/ubuntu/klb/nuclr/nuclr/Data/Atanas_SF_unified_000776/cv5_grouped_v1/fold_4/test/test__2023-01-10-14__e4254980.npz,2023-01-09-22,1,93,66,98,RMDVR,RMDVR|AVAR|AWCR|RMDR|RMER,66,RMDVR,0.25,0.1,0.01,1,1,1,1.0,1
atanas,4,deterministic,FUGW (G+A; official),test,2023-01-10-14,46,IL1R,/home/ubuntu/klb/nuclr/nuclr/Data/Atanas_SF_unified_000776/cv5_grouped_v1/fold_4/test/test__2023-01-10-14__e4254980.npz,2023-01-09-22,1,93,76,114,IL1R,IL1R|URYVR|OLQVR|M3R|IL1VR,76,IL1R,0.25,0.1,0.01,1,1,1,1.0,1
atanas,4,deterministic,FUGW (G+A; official),test,2023-01-10-14,47,OLQDR,/home/ubuntu/klb/nuclr/nuclr/Data/Atanas_SF_unified_000776/cv5_grouped_v1/fold_4/test/test__2023-01-10-14__e4254980.npz,2023-01-09-22,0,93,-1,11,IL2DR,IL2DR|IL2R|URYDR|OLLR|IL1DR,33,URYDR,0.25,0.1,0.01,-1,0,0,0.0,0
atanas,4,deterministic,FUGW (G+A; official),test,2023-01-10-14,48,AIYR,/home/ubuntu/klb/nuclr/nuclr/Data/Atanas_SF_unified_000776/cv5_grouped_v1/fold_4/test/test__2023-01-10-14__e4254980.npz,2023-01-09-22,1,93,2,31,RMDDR,RMDDR|SMDDL|AIYL|AIBR|RIH,22,RMDDR,0.25,0.1,0.01,7,0,0,0.14285714285714285,0
atanas,4,deterministic,FUGW (G+A; official),test,2023-01-10-14,49,IL2DR,/home/ubuntu/klb/nuclr/nuclr/Data/Atanas_SF_unified_000776/cv5_grouped_v1/fold_4/test/test__2023-01-10-14__e4254980.npz,2023-01-09-22,1,93,9,15,I1R,I1R|M3R|I1L|URYVR|I3,12,I1R,0.25,0.1,0.01,8,0,0,0.125,0
atanas,4,deterministic,FUGW (G+A; official),test,2023-01-10-14,50,URYVL,/home/ubuntu/klb/nuclr/nuclr/Data/Atanas_SF_unified_000776/cv5_grouped_v1/fold_4/test/test__2023-01-10-14__e4254980.npz,2023-01-09-22,1,93,1,14,URBL,URBL|IL1L|IL2L|URYVL|RMEL,65,RMEL,0.25,0.1,0.01,4,0,1,0.25,0
atanas,4,deterministic,FUGW (G+A; official),test,2023-01-10-14,54,AWBL,/home/ubuntu/klb/nuclr/nuclr/Data/Atanas_SF_unified_000776/cv5_grouped_v1/fold_4/test/test__2023-01-10-14__e4254980.npz,2023-01-09-22,1,93,87,71,SMDVL,SMDVL|CEPDL|RIAL|ASGL|AWBL,47,SMDVL,0.25,0.1,0.01,5,0,1,0.2,0
atanas,4,deterministic,FUGW (G+A; official),test,2023-01-10-14,55,M3L,/home/ubuntu/klb/nuclr/nuclr/Data/Atanas_SF_unified_000776/cv5_grouped_v1/fold_4/test/test__2023-01-10-14__e4254980.npz,2023-01-09-22,1,93,28,1,URYVL,URYVL|IL2L|IL2VL|OLQVL|IL1L,29,OLQVL,0.25,0.1,0.01,8,0,0,0.125,0
atanas,4,deterministic,FUGW (G+A; official),test,2023-01-10-14,56,ADEL,/home/ubuntu/klb/nuclr/nuclr/Data/Atanas_SF_unified_000776/cv5_grouped_v1/fold_4/test/test__2023-01-10-14__e4254980.npz,2023-01-09-22,1,93,46,109,ADAL,ADAL|ADEL|FLPL|AIZL|M5,72,ADAL,0.25,0.1,0.01,2,0,1,0.5,0
atanas,4,deterministic,FUGW (G+A; official),test,2023-01-10-14,58,M5,/home/ubuntu/klb/nuclr/nuclr/Data/Atanas_SF_unified_000776/cv5_grouped_v1/fold_4/test/test__2023-01-10-14__e4254980.npz,2023-01-09-22,1,93,77,117,M5,M5|ADAL|ADEL|AINL|AVJL,77,M5,0.25,0.1,0.01,1,1,1,1.0,1
atanas,4,deterministic,FUGW (G+A; official),test,2023-01-10-14,59,CEPVR,/home/ubuntu/klb/nuclr/nuclr/Data/Atanas_SF_unified_000776/cv5_grouped_v1/fold_4/test/test__2023-01-10-14__e4254980.npz,2023-01-09-22,1,93,17,23,CEPVR,CEPVR|IL1VR|RIH|OLQVR|CEPVL,17,CEPVR,0.25,0.1,0.01,1,1,1,1.0,1
atanas,4,deterministic,FUGW (G+A; official),test,2023-01-10-14,60,OLLL,/home/ubuntu/klb/nuclr/nuclr/Data/Atanas_SF_unified_000776/cv5_grouped_v1/fold_4/test/test__2023-01-10-14__e4254980.npz,2023-01-09-22,1,93,63,53,IL2DL,IL2DL|MI|I3|OLLL|URBL,63,OLLL,0.25,0.1,0.01,4,0,1,0.25,1
atanas,4,deterministic,FUGW (G+A; official),test,2023-01-10-14,61,ASIR,/home/ubuntu/klb/nuclr/nuclr/Data/Atanas_SF_unified_000776/cv5_grouped_v1/fold_4/test/test__2023-01-10-14__e4254980.npz,2023-01-09-22,0,93,-1,92,ADLR,ADLR|RIVR|ASGR|SMDVR|CEPDR,32,ASGR,0.25,0.1,0.01,-1,0,0,0.0,0
atanas,4,deterministic,FUGW (G+A; official),test,2023-01-10-14,62,AVER,/home/ubuntu/klb/nuclr/nuclr/Data/Atanas_SF_unified_000776/cv5_grouped_v1/fold_4/test/test__2023-01-10-14__e4254980.npz,2023-01-09-22,1,93,40,57,AVER,AVER|AVAR|RMDR|AIBR|RMER,40,AVER,0.25,0.1,0.01,1,1,1,1.0,1
atanas,4,deterministic,FUGW (G+A; official),test,2023-01-10-14,63,CEPVL,/home/ubuntu/klb/nuclr/nuclr/Data/Atanas_SF_unified_000776/cv5_grouped_v1/fold_4/test/test__2023-01-10-14__e4254980.npz,2023-01-09-22,1,93,7,96,RMEL,RMEL|OLQVL|IL2VL|RMDL|IL1VL,5,RMDL,0.25,0.1,0.01,13,0,0,0.07692307692307693,0
atanas,4,deterministic,FUGW (G+A; official),test,2023-01-10-14,64,URADL,/home/ubuntu/klb/nuclr/nuclr/Data/Atanas_SF_unified_000776/cv5_grouped_v1/fold_4/test/test__2023-01-10-14__e4254980.npz,2023-01-09-22,0,93,-1,66,MI,MI|I3|IL2DL|M4|OLLL,36,I3,0.25,0.1,0.01,-1,0,0,0.0,0
atanas,4,deterministic,FUGW (G+A; official),test,2023-01-10-14,65,AWAL,/home/ubuntu/klb/nuclr/nuclr/Data/Atanas_SF_unified_000776/cv5_grouped_v1/fold_4/test/test__2023-01-10-14__e4254980.npz,2023-01-09-22,0,93,-1,61,ADLL,ADLL|CEPDL|URXL|RIVL|SMDVL,56,URXL,0.25,0.1,0.01,-1,0,0,0.0,0
atanas,4,deterministic,FUGW (G+A; official),test,2023-01-10-14,66,I3,/home/ubuntu/klb/nuclr/nuclr/Data/Atanas_SF_unified_000776/cv5_grouped_v1/fold_4/test/test__2023-01-10-14__e4254980.npz,2023-01-09-22,1,93,36,15,I1R,I1R|M3R|M3L|M4|I3,-1,,0.25,0.1,0.01,5,0,1,0.2,0
atanas,4,deterministic,FUGW (G+A; official),test,2023-01-10-14,68,BAGL,/home/ubuntu/klb/nuclr/nuclr/Data/Atanas_SF_unified_000776/cv5_grouped_v1/fold_4/test/test__2023-01-10-14__e4254980.npz,2023-01-09-22,1,93,10,12,BAGL,BAGL|RIBL|RMEV|AVAL|ASHL,10,BAGL,0.25,0.1,0.01,1,1,1,1.0,1
atanas,4,deterministic,FUGW (G+A; official),test,2023-01-10-14,69,M4,/home/ubuntu/klb/nuclr/nuclr/Data/Atanas_SF_unified_000776/cv5_grouped_v1/fold_4/test/test__2023-01-10-14__e4254980.npz,2023-01-09-22,1,93,68,103,M4,M4|M3R|I3|M3L|I1R,-1,,0.25,0.1,0.01,1,1,1,1.0,0
atanas,4,deterministic,FUGW (G+A; official),test,2023-01-10-14,71,IL2R,/home/ubuntu/klb/nuclr/nuclr/Data/Atanas_SF_unified_000776/cv5_grouped_v1/fold_4/test/test__2023-01-10-14__e4254980.npz,2023-01-09-22,1,93,55,114,IL1R,IL1R|URYVR|M3R|OLQVR|IL2R,71,URYVR,0.25,0.1,0.01,5,0,1,0.2,0
atanas,4,deterministic,FUGW (G+A; official),test,2023-01-10-14,72,ADER,/home/ubuntu/klb/nuclr/nuclr/Data/Atanas_SF_unified_000776/cv5_grouped_v1/fold_4/test/test__2023-01-10-14__e4254980.npz,2023-01-09-22,1,93,86,106,FLPR,FLPR|ADER|AVKR|AIZR|AIYR,86,ADER,0.25,0.1,0.01,2,0,1,0.5,1
atanas,4,deterministic,FUGW (G+A; official),test,2023-01-10-14,75,RIBL,/home/ubuntu/klb/nuclr/nuclr/Data/Atanas_SF_unified_000776/cv5_grouped_v1/fold_4/test/test__2023-01-10-14__e4254980.npz,2023-01-09-22,1,93,43,63,RIBL,RIBL|RMEV|BAGL|ASJL|ASHL,39,RMEV,0.25,0.1,0.01,1,1,1,1.0,0
atanas,4,deterministic,FUGW (G+A; official),test,2023-01-10-14,78,RMDDL,/home/ubuntu/klb/nuclr/nuclr/Data/Atanas_SF_unified_000776/cv5_grouped_v1/fold_4/test/test__2023-01-10-14__e4254980.npz,2023-01-09-22,1,93,83,140,AUAL,AUAL|RMDDL|ASJL|AIYL|FLPL,89,AUAL,0.25,0.1,0.01,2,0,1,0.5,0
atanas,4,deterministic,FUGW (G+A; official),test,2023-01-10-14,81,AVJL,/home/ubuntu/klb/nuclr/nuclr/Data/Atanas_SF_unified_000776/cv5_grouped_v1/fold_4/test/test__2023-01-10-14__e4254980.npz,2023-01-09-22,1,93,49,75,AVJL,AVJL|CEPDL|SMDVL|AINL|RIVL,27,ASEL,0.25,0.1,0.01,1,1,1,1.0,0
atanas,4,deterministic,FUGW (G+A; official),test,2023-01-10-14,83,RMER,/home/ubuntu/klb/nuclr/nuclr/Data/Atanas_SF_unified_000776/cv5_grouped_v1/fold_4/test/test__2023-01-10-14__e4254980.npz,2023-01-09-22,1,93,24,108,URYVR,URYVR|RMER|IL1R|OLQVR|IL1VR,24,RMER,0.25,0.1,0.01,2,0,1,0.5,1
atanas,4,deterministic,FUGW (G+A; official),test,2023-01-10-14,85,AVJR,/home/ubuntu/klb/nuclr/nuclr/Data/Atanas_SF_unified_000776/cv5_grouped_v1/fold_4/test/test__2023-01-10-14__e4254980.npz,2023-01-09-22,1,93,51,11,IL2DR,IL2DR|URYVR|IL2R|IL1R|URYDR,9,IL2DR,0.25,0.1,0.01,33,0,0,0.030303030303030304,0
atanas,4,deterministic,FUGW (G+A; official),test,2023-01-10-14,86,AVAR,/home/ubuntu/klb/nuclr/nuclr/Data/Atanas_SF_unified_000776/cv5_grouped_v1/fold_4/test/test__2023-01-10-14__e4254980.npz,2023-01-09-22,1,93,81,125,AVAR,AVAR|RMDR|RMDVR|AWCR|AVER,81,AVAR,0.25,0.1,0.01,1,1,1,1.0,1
atanas,4,deterministic,FUGW (G+A; official),test,2023-01-10-14,88,RID,/home/ubuntu/klb/nuclr/nuclr/Data/Atanas_SF_unified_000776/cv5_grouped_v1/fold_4/test/test__2023-01-10-14__e4254980.npz,2023-01-09-22,1,93,52,78,RID,RID|ADLL|ADLR|URXR|OLQDL,52,RID,0.25,0.1,0.01,1,1,1,1.0,1
atanas,4,deterministic,FUGW (G+A; official),test,2023-01-10-14,89,MI,/home/ubuntu/klb/nuclr/nuclr/Data/Atanas_SF_unified_000776/cv5_grouped_v1/fold_4/test/test__2023-01-10-14__e4254980.npz,2023-01-09-22,1,93,45,15,I1R,I1R|M3R|M4|I3|OLQVR,23,M3R,0.25,0.1,0.01,8,0,0,0.125,0
atanas,4,deterministic,FUGW (G+A; official),test,2023-01-10-14,90,URYDL,/home/ubuntu/klb/nuclr/nuclr/Data/Atanas_SF_unified_000776/cv5_grouped_v1/fold_4/test/test__2023-01-10-14__e4254980.npz,2023-01-09-22,1,93,6,53,IL2DL,IL2DL|MI|I3|URYDL|OLLL,37,IL2DL,0.25,0.1,0.01,4,0,1,0.25,0
atanas,4,deterministic,FUGW (G+A; official),test,2023-01-10-14,91,RMEL,/home/ubuntu/klb/nuclr/nuclr/Data/Atanas_SF_unified_000776/cv5_grouped_v1/fold_4/test/test__2023-01-10-14__e4254980.npz,2023-01-09-22,1,93,65,53,IL2DL,IL2DL|URYDL|OLLL|URBL|RMEL,6,URYDL,0.25,0.1,0.01,5,0,1,0.2,0
atanas,4,deterministic,FUGW (G+A; official),test,2023-01-10-14,94,FLPL,/home/ubuntu/klb/nuclr/nuclr/Data/Atanas_SF_unified_000776/cv5_grouped_v1/fold_4/test/test__2023-01-10-14__e4254980.npz,2023-01-09-22,1,93,30,68,ADEL,ADEL|FLPL|AIZL|AWCL|ADAL,46,ADEL,0.25,0.1,0.01,2,0,1,0.5,0
atanas,4,deterministic,FUGW (G+A; official),test,2023-01-10-14,99,AQR,/home/ubuntu/klb/nuclr/nuclr/Data/Atanas_SF_unified_000776/cv5_grouped_v1/fold_4/test/test__2023-01-10-14__e4254980.npz,2023-01-09-22,0,93,-1,80,AVKR,AVKR|FLPR|AIMR|AIYR|AIZR,53,AVKR,0.25,0.1,0.01,-1,0,0,0.0,0
atanas,4,deterministic,FUGW (G+A; official),test,2023-01-10-14,100,AIZR,/home/ubuntu/klb/nuclr/nuclr/Data/Atanas_SF_unified_000776/cv5_grouped_v1/fold_4/test/test__2023-01-10-14__e4254980.npz,2023-01-09-22,1,93,60,2,AIYR,AIYR|AIMR|RIMR|AUAR|AIZR,15,AUAR,0.25,0.1,0.01,5,0,1,0.2,0
atanas,4,deterministic,FUGW (G+A; official),test,2023-01-10-14,101,MCL,/home/ubuntu/klb/nuclr/nuclr/Data/Atanas_SF_unified_000776/cv5_grouped_v1/fold_4/test/test__2023-01-10-14__e4254980.npz,2023-01-09-22,0,93,-1,37,I2L,I2L|NSML|I1L|URYVL|IL2L,-1,,0.25,0.1,0.01,-1,0,0,0.0,0
atanas,4,deterministic,FUGW (G+A; official),test,2023-01-10-14,102,OLLR,/home/ubuntu/klb/nuclr/nuclr/Data/Atanas_SF_unified_000776/cv5_grouped_v1/fold_4/test/test__2023-01-10-14__e4254980.npz,2023-01-09-22,1,93,8,108,URYVR,URYVR|IL1R|M3R|OLQVR|IL2R,55,IL2R,0.25,0.1,0.01,7,0,0,0.14285714285714285,0
atanas,4,deterministic,FUGW (G+A; official),test,2023-01-10-14,103,IL1DL,/home/ubuntu/klb/nuclr/nuclr/Data/Atanas_SF_unified_000776/cv5_grouped_v1/fold_4/test/test__2023-01-10-14__e4254980.npz,2023-01-09-22,0,93,-1,51,I3,I3|M4|IL2DL|MI|OLLL,68,M4,0.25,0.1,0.01,-1,0,0,0.0,0
atanas,4,deterministic,FUGW (G+A; official),test,2023-01-10-14,104,M3R,/home/ubuntu/klb/nuclr/nuclr/Data/Atanas_SF_unified_000776/cv5_grouped_v1/fold_4/test/test__2023-01-10-14__e4254980.npz,2023-01-09-22,1,93,23,40,M3L,M3L|IL1VL|IL1VR|OLQVR|M3R,31,IL1VL,0.25,0.1,0.01,5,0,1,0.2,0
atanas,4,deterministic,FUGW (G+A; official),test,2023-01-10-14,105,NSML,/home/ubuntu/klb/nuclr/nuclr/Data/Atanas_SF_unified_000776/cv5_grouped_v1/fold_4/test/test__2023-01-10-14__e4254980.npz,2023-01-09-22,1,93,84,145,IL2L,IL2L|I2L|URYVL|NSML|I1L,1,URYVL,0.25,0.1,0.01,4,0,1,0.25,0
atanas,4,deterministic,FUGW (G+A; official),test,2023-01-10-14,108,CEPDL,/home/ubuntu/klb/nuclr/nuclr/Data/Atanas_SF_unified_000776/cv5_grouped_v1/fold_4/test/test__2023-01-10-14__e4254980.npz,2023-01-09-22,1,93,44,64,CEPDL,CEPDL|URXL|RID|OLQDL|URXR,44,CEPDL,0.25,0.1,0.01,1,1,1,1.0,1
atanas,4,deterministic,FUGW (G+A; official),test,2023-01-10-14,110,AVBL,/home/ubuntu/klb/nuclr/nuclr/Data/Atanas_SF_unified_000776/cv5_grouped_v1/fold_4/test/test__2023-01-10-14__e4254980.npz,2023-01-09-22,0,93,-1,63,RIBL,RIBL|BAGL|RMEV|ADLL|ASJL,43,RIBL,0.25,0.1,0.01,-1,0,0,0.0,0
atanas,4,deterministic,FUGW (G+A; official),test,2023-01-10-14,111,AIML,/home/ubuntu/klb/nuclr/nuclr/Data/Atanas_SF_unified_000776/cv5_grouped_v1/fold_4/test/test__2023-01-10-14__e4254980.npz,2023-01-09-22,0,93,-1,140,AUAL,AUAL|FLPL|ASJL|AIZL|RMDL,48,ASJL,0.25,0.1,0.01,-1,0,0,0.0,0
atanas,4,deterministic,FUGW (G+A; official),test,2023-01-10-14,113,SMDVL,/home/ubuntu/klb/nuclr/nuclr/Data/Atanas_SF_unified_000776/cv5_grouped_v1/fold_4/test/test__2023-01-10-14__e4254980.npz,2023-01-09-22,1,93,47,64,CEPDL,CEPDL|URXL|RIAL|SMDVL|OLQDL,78,RIAL,0.25,0.1,0.01,4,0,1,0.25,0
atanas,4,deterministic,FUGW (G+A; official),test,2023-01-10-14,114,I1R,/home/ubuntu/klb/nuclr/nuclr/Data/Atanas_SF_unified_000776/cv5_grouped_v1/fold_4/test/test__2023-01-10-14__e4254980.npz,2023-01-09-22,1,93,12,89,I1L,I1L|I1R|NSML|I2L|M3L,26,I2L,0.25,0.1,0.01,2,0,1,0.5,0
atanas,4,deterministic,FUGW (G+A; official),test,2023-01-10-14,116,AINL,/home/ubuntu/klb/nuclr/nuclr/Data/Atanas_SF_unified_000776/cv5_grouped_v1/fold_4/test/test__2023-01-10-14__e4254980.npz,2023-01-09-22,1,93,64,95,AINL,AINL|AVJL|ASGL|AVDL|SMDVL,34,AVDL,0.25,0.1,0.01,1,1,1,1.0,0
atanas,4,deterministic,FUGW (G+A; official),test,2023-01-10-14,117,AIMR,/home/ubuntu/klb/nuclr/nuclr/Data/Atanas_SF_unified_000776/cv5_grouped_v1/fold_4/test/test__2023-01-10-14__e4254980.npz,2023-01-09-22,1,93,85,139,VB02,VB02|AIYL|AIMR|AIYR|RMDDR,88,VB02,0.25,0.1,0.01,3,0,1,0.3333333333333333,0
atanas,4,deterministic,FUGW (G+A; official),test,2023-01-10-14,118,URXL,/home/ubuntu/klb/nuclr/nuclr/Data/Atanas_SF_unified_000776/cv5_grouped_v1/fold_4/test/test__2023-01-10-14__e4254980.npz,2023-01-09-22,1,93,56,78,RID,RID|URXL|OLQDL|URXR|CEPDL,67,URXR,0.25,0.1,0.01,2,0,1,0.5,0
atanas,4,deterministic,FUGW (G+A; official),test,2023-01-10-14,119,RICR,/home/ubuntu/klb/nuclr/nuclr/Data/Atanas_SF_unified_000776/cv5_grouped_v1/fold_4/test/test__2023-01-10-14__e4254980.npz,2023-01-09-22,0,93,-1,132,AIMR,AIMR|AIYR|RIMR|AVKR|AIZR,2,AIYR,0.25,0.1,0.01,-1,0,0,0.0,0
atanas,4,deterministic,FUGW (G+A; official),test,2023-01-10-14,120,ASER,/home/ubuntu/klb/nuclr/nuclr/Data/Atanas_SF_unified_000776/cv5_grouped_v1/fold_4/test/test__2023-01-10-14__e4254980.npz,2023-01-09-22,0,93,-1,142,AWCR,AWCR|AUAR|AVDR|RMDR|AINR,91,AWCR,0.25,0.1,0.01,-1,0,0,0.0,0
atanas,4,deterministic,FUGW (G+A; official),test,2023-01-10-14,122,AIBR,/home/ubuntu/klb/nuclr/nuclr/Data/Atanas_SF_unified_000776/cv5_grouped_v1/fold_4/test/test__2023-01-10-14__e4254980.npz,2023-01-09-22,1,93,75,50,SMDDL,SMDDL|AIBR|AVER|RMDDR|RIMR,75,AIBR,0.25,0.1,0.01,2,0,1,0.5,1
atanas,4,deterministic,FUGW (G+A; official),test,2023-01-10-14,123,RIVR,/home/ubuntu/klb/nuclr/nuclr/Data/Atanas_SF_unified_000776/cv5_grouped_v1/fold_4/test/test__2023-01-10-14__e4254980.npz,2023-01-09-22,1,93,69,92,ADLR,ADLR|RIVR|CEPDR|ASGR|URXR,61,ADLR,0.25,0.1,0.01,2,0,1,0.5,0
atanas,4,deterministic,FUGW (G+A; official),test,2023-01-10-14,125,RICL,/home/ubuntu/klb/nuclr/nuclr/Data/Atanas_SF_unified_000776/cv5_grouped_v1/fold_4/test/test__2023-01-10-14__e4254980.npz,2023-01-09-22,0,93,-1,43,FLPL,FLPL|AIZL|ASJL|AUAL|ADEL,4,AIZL,0.25,0.1,0.01,-1,0,0,0.0,0
atanas,4,deterministic,FUGW (G+A; official),test,2023-01-10-14,126,I2L,/home/ubuntu/klb/nuclr/nuclr/Data/Atanas_SF_unified_000776/cv5_grouped_v1/fold_4/test/test__2023-01-10-14__e4254980.npz,2023-01-09-22,1,93,26,145,IL2L,IL2L|I2L|I1L|NSML|URYVL,92,IL2L,0.25,0.1,0.01,2,0,1,0.5,0
atanas,4,deterministic,FUGW (G+A; official),test,2023-01-10-14,127,AWCL,/home/ubuntu/klb/nuclr/nuclr/Data/Atanas_SF_unified_000776/cv5_grouped_v1/fold_4/test/test__2023-01-10-14__e4254980.npz,2023-01-09-22,1,93,16,21,AWCL,AWCL|AWBL|RMDVL|ASHL|AVAL,87,AWBL,0.25,0.1,0.01,1,1,1,1.0,0
atanas,4,deterministic,FUGW (G+A; official),test,2023-01-10-14,128,URYVR,/home/ubuntu/klb/nuclr/nuclr/Data/Atanas_SF_unified_000776/cv5_grouped_v1/fold_4/test/test__2023-01-10-14__e4254980.npz,2023-01-09-22,1,93,71,108,URYVR,URYVR|OLQVR|IL1VR|M3R|IL1R,62,OLQVR,0.25,0.1,0.01,1,1,1,1.0,0
atanas,4,deterministic,FUGW (G+A; official),test,2023-01-10-14,130,RIVL,/home/ubuntu/klb/nuclr/nuclr/Data/Atanas_SF_unified_000776/cv5_grouped_v1/fold_4/test/test__2023-01-10-14__e4254980.npz,2023-01-09-22,1,93,20,61,ADLL,ADLL|RIVL|CEPDL|M5|ASGL,20,RIVL,0.25,0.1,0.01,2,0,1,0.5,1
atanas,4,deterministic,FUGW (G+A; official),test,2023-01-10-14,131,I1L,/home/ubuntu/klb/nuclr/nuclr/Data/Atanas_SF_unified_000776/cv5_grouped_v1/fold_4/test/test__2023-01-10-14__e4254980.npz,2023-01-09-22,1,93,59,89,I1L,I1L|I2L|NSML|M3L|IL2L,59,I1L,0.25,0.1,0.01,1,1,1,1.0,1
atanas,4,deterministic,FUGW (G+A; official),test,2023-01-10-14,132,NSMR,/home/ubuntu/klb/nuclr/nuclr/Data/Atanas_SF_unified_000776/cv5_grouped_v1/fold_4/test/test__2023-01-10-14__e4254980.npz,2023-01-09-22,0,93,-1,15,I1R,I1R|M3L|OLQVR|NSML|M3R,25,IL1VR,0.25,0.1,0.01,-1,0,0,0.0,0
atanas,4,deterministic,FUGW (G+A; official),test,2023-01-10-14,134,I6,/home/ubuntu/klb/nuclr/nuclr/Data/Atanas_SF_unified_000776/cv5_grouped_v1/fold_4/test/test__2023-01-10-14__e4254980.npz,2023-01-09-22,0,93,-1,117,M5,M5|AINL|ADAL|AVJL|RIVL,64,AINL,0.25,0.1,0.01,-1,0,0,0.0,0
atanas,4,deterministic,FUGW (G+A; official),test,2023-01-10-14,135,RMDDR,/home/ubuntu/klb/nuclr/nuclr/Data/Atanas_SF_unified_000776/cv5_grouped_v1/fold_4/test/test__2023-01-10-14__e4254980.npz,2023-01-09-22,1,93,22,50,SMDDL,SMDDL|RMDDL|RMDDR|AIYL|CEPVL,35,SMDDL,0.25,0.1,0.01,3,0,1,0.3333333333333333,0
atanas,4,deterministic,FUGW (G+A; official),test,2023-01-10-14,137,SMDVR,/home/ubuntu/klb/nuclr/nuclr/Data/Atanas_SF_unified_000776/cv5_grouped_v1/fold_4/test/test__2023-01-10-14__e4254980.npz,2023-01-09-22,1,93,14,59,CEPDR,CEPDR|ASGR|SMDVR|RIVR|AVJR,41,CEPDR,0.25,0.1,0.01,3,0,1,0.3333333333333333,0
atanas,4,deterministic,FUGW (G+A; official),test,2023-01-10-14,138,VB02,/home/ubuntu/klb/nuclr/nuclr/Data/Atanas_SF_unified_000776/cv5_grouped_v1/fold_4/test/test__2023-01-10-14__e4254980.npz,2023-01-09-22,1,93,88,139,VB02,VB02|ADAL|FLPL|AIYL|AUAL,30,FLPL,0.25,0.1,0.01,1,1,1,1.0,0
atanas,4,deterministic,FUGW (G+A; official),test,2023-01-10-14,139,AWBR,/home/ubuntu/klb/nuclr/nuclr/Data/Atanas_SF_unified_000776/cv5_grouped_v1/fold_4/test/test__2023-01-10-14__e4254980.npz,2023-01-09-22,0,93,-1,28,RIAR,RIAR|SMDVR|CEPDR|AVJR|ASGR,51,AVJR,0.25,0.1,0.01,-1,0,0,0.0,0
atanas,4,deterministic,FUGW (G+A; official),test,2023-01-10-14,140,URXR,/home/ubuntu/klb/nuclr/nuclr/Data/Atanas_SF_unified_000776/cv5_grouped_v1/fold_4/test/test__2023-01-10-14__e4254980.npz,2023-01-09-22,1,93,67,28,RIAR,RIAR|SMDVR|CEPDR|RMDVR|URYDR,21,RIAR,0.25,0.1,0.01,6,0,0,0.16666666666666666,0
atanas,4,deterministic,FUGW (G+A; official),test,2023-01-10-14,141,FLPR,/home/ubuntu/klb/nuclr/nuclr/Data/Atanas_SF_unified_000776/cv5_grouped_v1/fold_4/test/test__2023-01-10-14__e4254980.npz,2023-01-09-22,1,93,70,106,FLPR,FLPR|ADER|AIZR|AVKR|AIYR,60,AIZR,0.25,0.1,0.01,1,1,1,1.0,0
atanas,4,deterministic,FUGW (G+A; official),test,2023-03-07-01,0,RID,/home/ubuntu/klb/nuclr/nuclr/Data/Atanas_SF_unified_000776/cv5_grouped_v1/fold_4/test/test__2023-03-07-01__9fafa0d7.npz,2023-01-09-22,1,93,52,61,ADLL,ADLL|CEPDL|URXL|RID|RIVL,52,RID,0.25,0.1,0.01,4,0,1,0.25,1
atanas,4,deterministic,FUGW (G+A; official),test,2023-03-07-01,1,RIMR,/home/ubuntu/klb/nuclr/nuclr/Data/Atanas_SF_unified_000776/cv5_grouped_v1/fold_4/test/test__2023-03-07-01__9fafa0d7.npz,2023-01-09-22,1,93,74,80,AVKR,AVKR|FLPR|AIZR|ADER|AIMR,86,ADER,0.25,0.1,0.01,7,0,0,0.14285714285714285,0
atanas,4,deterministic,FUGW (G+A; official),test,2023-03-07-01,2,URYDR,/home/ubuntu/klb/nuclr/nuclr/Data/Atanas_SF_unified_000776/cv5_grouped_v1/fold_4/test/test__2023-03-07-01__9fafa0d7.npz,2023-01-09-22,1,93,33,48,URYDR,URYDR|IL2DR|IL2R|OLLR|RMDVR,33,URYDR,0.25,0.1,0.01,1,1,1,1.0,1
atanas,4,deterministic,FUGW (G+A; official),test,2023-03-07-01,3,RIH,/home/ubuntu/klb/nuclr/nuclr/Data/Atanas_SF_unified_000776/cv5_grouped_v1/fold_4/test/test__2023-03-07-01__9fafa0d7.npz,2023-01-09-22,1,93,38,55,RMEV,RMEV|RIBL|BAGL|AVAR|SMDDL,81,AVAR,0.25,0.1,0.01,7,0,0,0.14285714285714285,0
atanas,4,deterministic,FUGW (G+A; official),test,2023-03-07-01,6,OLQVL,/home/ubuntu/klb/nuclr/nuclr/Data/Atanas_SF_unified_000776/cv5_grouped_v1/fold_4/test/test__2023-03-07-01__9fafa0d7.npz,2023-01-09-22,1,93,29,121,IL1L,IL1L|OLQVL|URBL|RMEL|OLLL,11,URBL,0.25,0.1,0.01,2,0,1,0.5,0
atanas,4,deterministic,FUGW (G+A; official),test,2023-03-07-01,7,ADLL,/home/ubuntu/klb/nuclr/nuclr/Data/Atanas_SF_unified_000776/cv5_grouped_v1/fold_4/test/test__2023-03-07-01__9fafa0d7.npz,2023-01-09-22,1,93,42,61,ADLL,ADLL|RIVL|M5|CEPDL|ADLR,42,ADLL,0.25,0.1,0.01,1,1,1,1.0,1
atanas,4,deterministic,FUGW (G+A; official),test,2023-03-07-01,9,RMGL,/home/ubuntu/klb/nuclr/nuclr/Data/Atanas_SF_unified_000776/cv5_grouped_v1/fold_4/test/test__2023-03-07-01__9fafa0d7.npz,2023-01-09-22,0,93,-1,109,ADAL,ADAL|M5|ADEL|FLPL|AIZL,77,M5,0.25,0.1,0.01,-1,0,0,0.0,0
atanas,4,deterministic,FUGW (G+A; official),test,2023-03-07-01,10,RIML,/home/ubuntu/klb/nuclr/nuclr/Data/Atanas_SF_unified_000776/cv5_grouped_v1/fold_4/test/test__2023-03-07-01__9fafa0d7.npz,2023-01-09-22,0,93,-1,73,ASJL,ASJL|RIBL|AUAL|AIYL|AIBL,48,ASJL,0.25,0.1,0.01,-1,0,0,0.0,0
atanas,4,deterministic,FUGW (G+A; official),test,2023-03-07-01,11,IL2VR,/home/ubuntu/klb/nuclr/nuclr/Data/Atanas_SF_unified_000776/cv5_grouped_v1/fold_4/test/test__2023-03-07-01__9fafa0d7.npz,2023-01-09-22,0,93,-1,15,I1R,I1R|M3R|URYVR|OLQVR|IL1VR,23,M3R,0.25,0.1,0.01,-1,0,0,0.0,0
atanas,4,deterministic,FUGW (G+A; official),test,2023-03-07-01,15,I1L,/home/ubuntu/klb/nuclr/nuclr/Data/Atanas_SF_unified_000776/cv5_grouped_v1/fold_4/test/test__2023-03-07-01__9fafa0d7.npz,2023-01-09-22,1,93,59,89,I1L,I1L|I2L|NSML|M3L|I1R,59,I1L,0.25,0.1,0.01,1,1,1,1.0,1
atanas,4,deterministic,FUGW (G+A; official),test,2023-03-07-01,18,ADAL,/home/ubuntu/klb/nuclr/nuclr/Data/Atanas_SF_unified_000776/cv5_grouped_v1/fold_4/test/test__2023-03-07-01__9fafa0d7.npz,2023-01-09-22,1,93,72,109,ADAL,ADAL|M5|ADEL|FLPL|AIZL,72,ADAL,0.25,0.1,0.01,1,1,1,1.0,1
atanas,4,deterministic,FUGW (G+A; official),test,2023-03-07-01,20,RMDVR,/home/ubuntu/klb/nuclr/nuclr/Data/Atanas_SF_unified_000776/cv5_grouped_v1/fold_4/test/test__2023-03-07-01__9fafa0d7.npz,2023-01-09-22,1,93,66,142,AWCR,AWCR|RMDVR|AVDR|AINR|AVJR,91,AWCR,0.25,0.1,0.01,2,0,1,0.5,0
atanas,4,deterministic,FUGW (G+A; official),test,2023-03-07-01,24,OLLL,/home/ubuntu/klb/nuclr/nuclr/Data/Atanas_SF_unified_000776/cv5_grouped_v1/fold_4/test/test__2023-03-07-01__9fafa0d7.npz,2023-01-09-22,1,93,63,53,IL2DL,IL2DL|URBL|URYDL|RMEL|IL1L,63,OLLL,0.25,0.1,0.01,6,0,0,0.16666666666666666,1
atanas,4,deterministic,FUGW (G+A; official),test,2023-03-07-01,26,URBR,/home/ubuntu/klb/nuclr/nuclr/Data/Atanas_SF_unified_000776/cv5_grouped_v1/fold_4/test/test__2023-03-07-01__9fafa0d7.npz,2023-01-09-22,0,93,-1,98,RMDVR,RMDVR|IL2R|RMER|URYDR|OLLR,8,OLLR,0.25,0.1,0.01,-1,0,0,0.0,0
atanas,4,deterministic,FUGW (G+A; official),test,2023-03-07-01,27,ALA,/home/ubuntu/klb/nuclr/nuclr/Data/Atanas_SF_unified_000776/cv5_grouped_v1/fold_4/test/test__2023-03-07-01__9fafa0d7.npz,2023-01-09-22,0,93,-1,63,RIBL,RIBL|BAGL|ADLL|ADLR|RMEV,43,RIBL,0.25,0.1,0.01,-1,0,0,0.0,0
atanas,4,deterministic,FUGW (G+A; official),test,2023-03-07-01,30,CEPDR,/home/ubuntu/klb/nuclr/nuclr/Data/Atanas_SF_unified_000776/cv5_grouped_v1/fold_4/test/test__2023-03-07-01__9fafa0d7.npz,2023-01-09-22,1,93,41,59,CEPDR,CEPDR|RIVR|ASGR|ADLR|AVJR,41,CEPDR,0.25,0.1,0.01,1,1,1,1.0,1
atanas,4,deterministic,FUGW (G+A; official),test,2023-03-07-01,32,RMDVL,/home/ubuntu/klb/nuclr/nuclr/Data/Atanas_SF_unified_000776/cv5_grouped_v1/fold_4/test/test__2023-03-07-01__9fafa0d7.npz,2023-01-09-22,1,93,13,16,RMDVL,RMDVL|RMEL|AWCL|URBL|AWBL,13,RMDVL,0.25,0.1,0.01,1,1,1,1.0,1
atanas,4,deterministic,FUGW (G+A; official),test,2023-03-07-01,33,AVAL,/home/ubuntu/klb/nuclr/nuclr/Data/Atanas_SF_unified_000776/cv5_grouped_v1/fold_4/test/test__2023-03-07-01__9fafa0d7.npz,2023-01-09-22,1,93,18,12,BAGL,BAGL|AVAL|RMDL|ASHL|AIBL,18,AVAL,0.25,0.1,0.01,2,0,1,0.5,1
atanas,4,deterministic,FUGW (G+A; official),test,2023-03-07-01,36,IL2VL,/home/ubuntu/klb/nuclr/nuclr/Data/Atanas_SF_unified_000776/cv5_grouped_v1/fold_4/test/test__2023-03-07-01__9fafa0d7.npz,2023-01-09-22,1,93,50,131,NSML,NSML|I2L|I1L|M3L|IL2VL,84,NSML,0.25,0.1,0.01,5,0,1,0.2,0
atanas,4,deterministic,FUGW (G+A; official),test,2023-03-07-01,41,ASHR,/home/ubuntu/klb/nuclr/nuclr/Data/Atanas_SF_unified_000776/cv5_grouped_v1/fold_4/test/test__2023-03-07-01__9fafa0d7.npz,2023-01-09-22,0,93,-1,87,AINR,AINR|ADER|AVDR|AIZR|AVAR,51,AVJR,0.25,0.1,0.01,-1,0,0,0.0,0
atanas,4,deterministic,FUGW (G+A; official),test,2023-03-07-01,42,IL1DR,/home/ubuntu/klb/nuclr/nuclr/Data/Atanas_SF_unified_000776/cv5_grouped_v1/fold_4/test/test__2023-03-07-01__9fafa0d7.npz,2023-01-09-22,1,93,19,11,IL2DR,IL2DR|URYDR|IL1DR|OLLR|IL2R,9,IL2DR,0.25,0.1,0.01,3,0,1,0.3333333333333333,0
atanas,4,deterministic,FUGW (G+A; official),test,2023-03-07-01,43,URYVL,/home/ubuntu/klb/nuclr/nuclr/Data/Atanas_SF_unified_000776/cv5_grouped_v1/fold_4/test/test__2023-03-07-01__9fafa0d7.npz,2023-01-09-22,1,93,1,145,IL2L,IL2L|URYVL|IL1L|OLQVL|URBL,29,OLQVL,0.25,0.1,0.01,2,0,1,0.5,0
atanas,4,deterministic,FUGW (G+A; official),test,2023-03-07-01,45,ASHL,/home/ubuntu/klb/nuclr/nuclr/Data/Atanas_SF_unified_000776/cv5_grouped_v1/fold_4/test/test__2023-03-07-01__9fafa0d7.npz,2023-01-09-22,1,93,58,63,RIBL,RIBL|BAGL|ASHL|ADLL|ASGL,10,BAGL,0.25,0.1,0.01,3,0,1,0.3333333333333333,0
atanas,4,deterministic,FUGW (G+A; official),test,2023-03-07-01,47,M3R,/home/ubuntu/klb/nuclr/nuclr/Data/Atanas_SF_unified_000776/cv5_grouped_v1/fold_4/test/test__2023-03-07-01__9fafa0d7.npz,2023-01-09-22,1,93,23,76,IL2VL,IL2VL|M3L|URYVL|OLQVL|IL1L,50,IL2VL,0.25,0.1,0.01,21,0,0,0.047619047619047616,0
atanas,4,deterministic,FUGW (G+A; official),test,2023-03-07-01,48,RIVL,/home/ubuntu/klb/nuclr/nuclr/Data/Atanas_SF_unified_000776/cv5_grouped_v1/fold_4/test/test__2023-03-07-01__9fafa0d7.npz,2023-01-09-22,1,93,20,61,ADLL,ADLL|M5|RIVL|ASGL|AINL,20,RIVL,0.25,0.1,0.01,3,0,1,0.3333333333333333,1
atanas,4,deterministic,FUGW (G+A; official),test,2023-03-07-01,49,I1R,/home/ubuntu/klb/nuclr/nuclr/Data/Atanas_SF_unified_000776/cv5_grouped_v1/fold_4/test/test__2023-03-07-01__9fafa0d7.npz,2023-01-09-22,1,93,12,15,I1R,I1R|M3R|I1L|URYVR|OLQVR,12,I1R,0.25,0.1,0.01,1,1,1,1.0,1
atanas,4,deterministic,FUGW (G+A; official),test,2023-03-07-01,50,ASEL,/home/ubuntu/klb/nuclr/nuclr/Data/Atanas_SF_unified_000776/cv5_grouped_v1/fold_4/test/test__2023-03-07-01__9fafa0d7.npz,2023-01-09-22,1,93,27,5,AIZL,AIZL|AVDL|ASEL|AINL|ASJL,4,AIZL,0.25,0.1,0.01,3,0,1,0.3333333333333333,0
atanas,4,deterministic,FUGW (G+A; official),test,2023-03-07-01,51,CEPVL,/home/ubuntu/klb/nuclr/nuclr/Data/Atanas_SF_unified_000776/cv5_grouped_v1/fold_4/test/test__2023-03-07-01__9fafa0d7.npz,2023-01-09-22,1,93,7,9,CEPVL,CEPVL|IL1VL|RMDDL|IL2VL|OLQVL,31,IL1VL,0.25,0.1,0.01,1,1,1,1.0,0
atanas,4,deterministic,FUGW (G+A; official),test,2023-03-07-01,52,IL1L,/home/ubuntu/klb/nuclr/nuclr/Data/Atanas_SF_unified_000776/cv5_grouped_v1/fold_4/test/test__2023-03-07-01__9fafa0d7.npz,2023-01-09-22,1,93,79,145,IL2L,IL2L|IL1L|URBL|OLQVL|URYVL,79,IL1L,0.25,0.1,0.01,2,0,1,0.5,1
atanas,4,deterministic,FUGW (G+A; official),test,2023-03-07-01,53,CEPVR,/home/ubuntu/klb/nuclr/nuclr/Data/Atanas_SF_unified_000776/cv5_grouped_v1/fold_4/test/test__2023-03-07-01__9fafa0d7.npz,2023-01-09-22,1,93,17,23,CEPVR,CEPVR|RIH|IL1VR|OLQVR|RMER,17,CEPVR,0.25,0.1,0.01,1,1,1,1.0,1
atanas,4,deterministic,FUGW (G+A; official),test,2023-03-07-01,54,URADL,/home/ubuntu/klb/nuclr/nuclr/Data/Atanas_SF_unified_000776/cv5_grouped_v1/fold_4/test/test__2023-03-07-01__9fafa0d7.npz,2023-01-09-22,0,93,-1,53,IL2DL,IL2DL|URYDL|OLQDL|OLLL|MI,6,URYDL,0.25,0.1,0.01,-1,0,0,0.0,0
atanas,4,deterministic,FUGW (G+A; official),test,2023-03-07-01,56,I2R,/home/ubuntu/klb/nuclr/nuclr/Data/Atanas_SF_unified_000776/cv5_grouped_v1/fold_4/test/test__2023-03-07-01__9fafa0d7.npz,2023-01-09-22,0,93,-1,108,URYVR,URYVR|I1R|M3R|OLQVR|IL1R,71,URYVR,0.25,0.1,0.01,-1,0,0,0.0,0
atanas,4,deterministic,FUGW (G+A; official),test,2023-03-07-01,57,AUAL,/home/ubuntu/klb/nuclr/nuclr/Data/Atanas_SF_unified_000776/cv5_grouped_v1/fold_4/test/test__2023-03-07-01__9fafa0d7.npz,2023-01-09-22,1,93,89,140,AUAL,AUAL|AIZL|ASJL|FLPL|AIBL,82,AIBL,0.25,0.1,0.01,1,1,1,1.0,0
atanas,4,deterministic,FUGW (G+A; official),test,2023-03-07-01,58,I2L,/home/ubuntu/klb/nuclr/nuclr/Data/Atanas_SF_unified_000776/cv5_grouped_v1/fold_4/test/test__2023-03-07-01__9fafa0d7.npz,2023-01-09-22,1,93,26,37,I2L,I2L|NSML|I1L|IL2L|URYVL,1,URYVL,0.25,0.1,0.01,1,1,1,1.0,0
atanas,4,deterministic,FUGW (G+A; official),test,2023-03-07-01,59,RMER,/home/ubuntu/klb/nuclr/nuclr/Data/Atanas_SF_unified_000776/cv5_grouped_v1/fold_4/test/test__2023-03-07-01__9fafa0d7.npz,2023-01-09-22,1,93,24,98,RMDVR,RMDVR|RIAR|AWCR|RMER|RMDR,66,RMDVR,0.25,0.1,0.01,4,0,1,0.25,0
atanas,4,deterministic,FUGW (G+A; official),test,2023-03-07-01,60,OLQDL,/home/ubuntu/klb/nuclr/nuclr/Data/Atanas_SF_unified_000776/cv5_grouped_v1/fold_4/test/test__2023-03-07-01__9fafa0d7.npz,2023-01-09-22,1,93,3,3,OLQDL,OLQDL|URXL|RID|IL1DR|CEPDL,3,OLQDL,0.25,0.1,0.01,1,1,1,1.0,1
atanas,4,deterministic,FUGW (G+A; official),test,2023-03-07-01,61,SMDDL,/home/ubuntu/klb/nuclr/nuclr/Data/Atanas_SF_unified_000776/cv5_grouped_v1/fold_4/test/test__2023-03-07-01__9fafa0d7.npz,2023-01-09-22,1,93,35,139,VB02,VB02|AIYL|AUAL|RMDDR|ASJL,90,AIYL,0.25,0.1,0.01,7,0,0,0.14285714285714285,0
atanas,4,deterministic,FUGW (G+A; official),test,2023-03-07-01,62,AVAR,/home/ubuntu/klb/nuclr/nuclr/Data/Atanas_SF_unified_000776/cv5_grouped_v1/fold_4/test/test__2023-03-07-01__9fafa0d7.npz,2023-01-09-22,1,93,81,125,AVAR,AVAR|SMDVR|ASGR|RIVR|RMDR,14,SMDVR,0.25,0.1,0.01,1,1,1,1.0,0
atanas,4,deterministic,FUGW (G+A; official),test,2023-03-07-01,63,AUAR,/home/ubuntu/klb/nuclr/nuclr/Data/Atanas_SF_unified_000776/cv5_grouped_v1/fold_4/test/test__2023-03-07-01__9fafa0d7.npz,2023-01-09-22,1,93,15,91,AIZR,AIZR|FLPR|ADER|AIYR|AUAR,60,AIZR,0.25,0.1,0.01,5,0,1,0.2,0
atanas,4,deterministic,FUGW (G+A; official),test,2023-03-07-01,65,URXL,/home/ubuntu/klb/nuclr/nuclr/Data/Atanas_SF_unified_000776/cv5_grouped_v1/fold_4/test/test__2023-03-07-01__9fafa0d7.npz,2023-01-09-22,1,93,56,64,CEPDL,CEPDL|URXL|RIVL|RID|SMDVL,44,CEPDL,0.25,0.1,0.01,2,0,1,0.5,0
atanas,4,deterministic,FUGW (G+A; official),test,2023-03-07-01,66,AWCR,/home/ubuntu/klb/nuclr/nuclr/Data/Atanas_SF_unified_000776/cv5_grouped_v1/fold_4/test/test__2023-03-07-01__9fafa0d7.npz,2023-01-09-22,1,93,91,142,AWCR,AWCR|AVDR|AUAR|AIZR|RMDR,15,AUAR,0.25,0.1,0.01,1,1,1,1.0,0
atanas,4,deterministic,FUGW (G+A; official),test,2023-03-07-01,68,BAGR,/home/ubuntu/klb/nuclr/nuclr/Data/Atanas_SF_unified_000776/cv5_grouped_v1/fold_4/test/test__2023-03-07-01__9fafa0d7.npz,2023-01-09-22,0,93,-1,55,RMEV,RMEV|RIBL|AVAR|BAGL|IL1R,39,RMEV,0.25,0.1,0.01,-1,0,0,0.0,0
atanas,4,deterministic,FUGW (G+A; official),test,2023-03-07-01,73,M3L,/home/ubuntu/klb/nuclr/nuclr/Data/Atanas_SF_unified_000776/cv5_grouped_v1/fold_4/test/test__2023-03-07-01__9fafa0d7.npz,2023-01-09-22,1,93,28,33,M3R,M3R|URYVR|OLQVR|IL1VR|IL1R,62,OLQVR,0.25,0.1,0.01,15,0,0,0.06666666666666667,0
atanas,4,deterministic,FUGW (G+A; official),test,2023-03-07-01,77,AVHL,/home/ubuntu/klb/nuclr/nuclr/Data/Atanas_SF_unified_000776/cv5_grouped_v1/fold_4/test/test__2023-03-07-01__9fafa0d7.npz,2023-01-09-22,0,93,-1,75,AVJL,AVJL|AINL|RIVL|ASGL|SMDVL,47,SMDVL,0.25,0.1,0.01,-1,0,0,0.0,0
atanas,4,deterministic,FUGW (G+A; official),test,2023-03-07-01,79,OLQDR,/home/ubuntu/klb/nuclr/nuclr/Data/Atanas_SF_unified_000776/cv5_grouped_v1/fold_4/test/test__2023-03-07-01__9fafa0d7.npz,2023-01-09-22,0,93,-1,48,URYDR,URYDR|SMDVR|RID|ADLR|CEPDR,61,ADLR,0.25,0.1,0.01,-1,0,0,0.0,0
atanas,4,deterministic,FUGW (G+A; official),test,2023-03-07-01,86,AIBR,/home/ubuntu/klb/nuclr/nuclr/Data/Atanas_SF_unified_000776/cv5_grouped_v1/fold_4/test/test__2023-03-07-01__9fafa0d7.npz,2023-01-09-22,1,93,75,112,RIMR,RIMR|AUAR|AIBR|RMDDR|AWCR,74,RIMR,0.25,0.1,0.01,3,0,1,0.3333333333333333,0
atanas,4,deterministic,FUGW (G+A; official),test,2023-03-07-01,90,URYVR,/home/ubuntu/klb/nuclr/nuclr/Data/Atanas_SF_unified_000776/cv5_grouped_v1/fold_4/test/test__2023-03-07-01__9fafa0d7.npz,2023-01-09-22,1,93,71,23,CEPVR,CEPVR|IL1VR|OLQVR|RMER|URYVR,24,RMER,0.25,0.1,0.01,5,0,1,0.2,0
atanas,4,deterministic,FUGW (G+A; official),test,2023-03-07-01,91,OLLR,/home/ubuntu/klb/nuclr/nuclr/Data/Atanas_SF_unified_000776/cv5_grouped_v1/fold_4/test/test__2023-03-07-01__9fafa0d7.npz,2023-01-09-22,1,93,8,84,IL2R,IL2R|URYDR|OLLR|IL2DR|IL1R,55,IL2R,0.25,0.1,0.01,3,0,1,0.3333333333333333,0
atanas,4,deterministic,FUGW (G+A; official),test,2023-03-07-01,92,URXR,/home/ubuntu/klb/nuclr/nuclr/Data/Atanas_SF_unified_000776/cv5_grouped_v1/fold_4/test/test__2023-03-07-01__9fafa0d7.npz,2023-01-09-22,1,93,67,59,CEPDR,CEPDR|RIVR|ADLR|URXR|ASGR,69,RIVR,0.25,0.1,0.01,4,0,1,0.25,0
atanas,4,deterministic,FUGW (G+A; official),test,2023-03-07-01,94,URBL,/home/ubuntu/klb/nuclr/nuclr/Data/Atanas_SF_unified_000776/cv5_grouped_v1/fold_4/test/test__2023-03-07-01__9fafa0d7.npz,2023-01-09-22,1,93,11,145,IL2L,IL2L|URYVL|IL1L|URBL|OLQVL,92,IL2L,0.25,0.1,0.01,4,0,1,0.25,0
atanas,4,deterministic,FUGW (G+A; official),test,2023-03-07-01,95,ASGL,/home/ubuntu/klb/nuclr/nuclr/Data/Atanas_SF_unified_000776/cv5_grouped_v1/fold_4/test/test__2023-03-07-01__9fafa0d7.npz,2023-01-09-22,1,93,73,61,ADLL,ADLL|RIBL|ASGL|ASHL|RIVL,73,ASGL,0.25,0.1,0.01,3,0,1,0.3333333333333333,1
atanas,4,deterministic,FUGW (G+A; official),test,2023-03-07-01,98,NSML,/home/ubuntu/klb/nuclr/nuclr/Data/Atanas_SF_unified_000776/cv5_grouped_v1/fold_4/test/test__2023-03-07-01__9fafa0d7.npz,2023-01-09-22,1,93,84,37,I2L,I2L|NSML|I1L|M3L|URYVL,28,M3L,0.25,0.1,0.01,2,0,1,0.5,0
atanas,4,deterministic,FUGW (G+A; official),test,2023-03-07-01,99,RMDR,/home/ubuntu/klb/nuclr/nuclr/Data/Atanas_SF_unified_000776/cv5_grouped_v1/fold_4/test/test__2023-03-07-01__9fafa0d7.npz,2023-01-09-22,1,93,54,142,AWCR,AWCR|AUAR|RMDR|AIBR|AVER,54,RMDR,0.25,0.1,0.01,3,0,1,0.3333333333333333,1
atanas,4,deterministic,FUGW (G+A; official),test,2023-03-07-01,102,RMDL,/home/ubuntu/klb/nuclr/nuclr/Data/Atanas_SF_unified_000776/cv5_grouped_v1/fold_4/test/test__2023-03-07-01__9fafa0d7.npz,2023-01-09-22,1,93,5,7,RMDL,RMDL|AVEL|AWCL|AUAL|AIBL,5,RMDL,0.25,0.1,0.01,1,1,1,1.0,1
atanas,4,deterministic,FUGW (G+A; official),test,2023-03-07-01,103,AWBL,/home/ubuntu/klb/nuclr/nuclr/Data/Atanas_SF_unified_000776/cv5_grouped_v1/fold_4/test/test__2023-03-07-01__9fafa0d7.npz,2023-01-09-22,1,93,87,39,ASEL,ASEL|AVDL|AWCL|AVJL|AWBL,27,ASEL,0.25,0.1,0.01,5,0,1,0.2,0
atanas,4,deterministic,FUGW (G+A; official),test,2023-03-07-01,106,AVL,/home/ubuntu/klb/nuclr/nuclr/Data/Atanas_SF_unified_000776/cv5_grouped_v1/fold_4/test/test__2023-03-07-01__9fafa0d7.npz,2023-01-09-22,0,93,-1,141,AIYL,AIYL|AUAL|RMDDL|CEPVL|ASJL,83,RMDDL,0.25,0.1,0.01,-1,0,0,0.0,0
atanas,4,deterministic,FUGW (G+A; official),test,2023-03-07-01,107,RICL,/home/ubuntu/klb/nuclr/nuclr/Data/Atanas_SF_unified_000776/cv5_grouped_v1/fold_4/test/test__2023-03-07-01__9fafa0d7.npz,2023-01-09-22,0,93,-1,43,FLPL,FLPL|ADAL|ADEL|AIZL|AUAL,30,FLPL,0.25,0.1,0.01,-1,0,0,0.0,0
atanas,4,deterministic,FUGW (G+A; official),test,2023-03-07-01,109,AWAR,/home/ubuntu/klb/nuclr/nuclr/Data/Atanas_SF_unified_000776/cv5_grouped_v1/fold_4/test/test__2023-03-07-01__9fafa0d7.npz,2023-01-09-22,0,93,-1,87,AINR,AINR|ASGR|RIVR|AVJR|SMDVR,32,ASGR,0.25,0.1,0.01,-1,0,0,0.0,0
atanas,4,deterministic,FUGW (G+A; official),test,2023-03-07-01,110,SMDDR,/home/ubuntu/klb/nuclr/nuclr/Data/Atanas_SF_unified_000776/cv5_grouped_v1/fold_4/test/test__2023-03-07-01__9fafa0d7.npz,2023-01-09-22,0,93,-1,2,AIYR,AIYR|AIMR|AVKR|AIZR|VB02,2,AIYR,0.25,0.1,0.01,-1,0,0,0.0,0
atanas,4,deterministic,FUGW (G+A; official),test,2023-03-07-01,112,IL2DL,/home/ubuntu/klb/nuclr/nuclr/Data/Atanas_SF_unified_000776/cv5_grouped_v1/fold_4/test/test__2023-03-07-01__9fafa0d7.npz,2023-01-09-22,1,93,37,53,IL2DL,IL2DL|MI|I3|URYDL|OLLL,37,IL2DL,0.25,0.1,0.01,1,1,1,1.0,1
atanas,4,deterministic,FUGW (G+A; official),test,2023-03-07-01,113,VB02,/home/ubuntu/klb/nuclr/nuclr/Data/Atanas_SF_unified_000776/cv5_grouped_v1/fold_4/test/test__2023-03-07-01__9fafa0d7.npz,2023-01-09-22,1,93,88,139,VB02,VB02|AIMR|AIYR|AVKR|AIYL,88,VB02,0.25,0.1,0.01,1,1,1,1.0,1
atanas,4,deterministic,FUGW (G+A; official),test,2023-03-07-01,114,RMEL,/home/ubuntu/klb/nuclr/nuclr/Data/Atanas_SF_unified_000776/cv5_grouped_v1/fold_4/test/test__2023-03-07-01__9fafa0d7.npz,2023-01-09-22,1,93,65,8,URYDL,URYDL|RMEL|OLLL|URBL|RMDVL,65,RMEL,0.25,0.1,0.01,2,0,1,0.5,1
atanas,4,deterministic,FUGW (G+A; official),test,2023-03-07-01,115,AVER,/home/ubuntu/klb/nuclr/nuclr/Data/Atanas_SF_unified_000776/cv5_grouped_v1/fold_4/test/test__2023-03-07-01__9fafa0d7.npz,2023-01-09-22,1,93,40,113,AIBR,AIBR|AUAR|AWCR|RMDR|AVER,75,AIBR,0.25,0.1,0.01,5,0,1,0.2,0
atanas,4,deterministic,FUGW (G+A; official),test,2023-03-07-01,121,CEPDL,/home/ubuntu/klb/nuclr/nuclr/Data/Atanas_SF_unified_000776/cv5_grouped_v1/fold_4/test/test__2023-03-07-01__9fafa0d7.npz,2023-01-09-22,1,93,44,64,CEPDL,CEPDL|URXL|SMDVL|RIVL|RIAL,56,URXL,0.25,0.1,0.01,1,1,1,1.0,0
atanas,4,deterministic,FUGW (G+A; official),test,2023-03-07-01,122,URAVL,/home/ubuntu/klb/nuclr/nuclr/Data/Atanas_SF_unified_000776/cv5_grouped_v1/fold_4/test/test__2023-03-07-01__9fafa0d7.npz,2023-01-09-22,0,93,-1,37,I2L,I2L|I1L|NSML|IL2L|URYVL,26,I2L,0.25,0.1,0.01,-1,0,0,0.0,0
atanas,4,deterministic,FUGW (G+A; official),test,2023-03-07-01,125,OLQVR,/home/ubuntu/klb/nuclr/nuclr/Data/Atanas_SF_unified_000776/cv5_grouped_v1/fold_4/test/test__2023-03-07-01__9fafa0d7.npz,2023-01-09-22,1,93,62,23,CEPVR,CEPVR|IL1VR|RIH|OLQVR|RMER,25,IL1VR,0.25,0.1,0.01,4,0,1,0.25,0
atanas,4,deterministic,FUGW (G+A; official),test,2023-03-07-01,126,AQR,/home/ubuntu/klb/nuclr/nuclr/Data/Atanas_SF_unified_000776/cv5_grouped_v1/fold_4/test/test__2023-03-07-01__9fafa0d7.npz,2023-01-09-22,0,93,-1,106,FLPR,FLPR|ADER|AVKR|AIZR|AIYR,70,FLPR,0.25,0.1,0.01,-1,0,0,0.0,0
atanas,4,deterministic,FUGW (G+A; official),test,2023-03-07-01,127,RIAL,/home/ubuntu/klb/nuclr/nuclr/Data/Atanas_SF_unified_000776/cv5_grouped_v1/fold_4/test/test__2023-03-07-01__9fafa0d7.npz,2023-01-09-22,1,93,78,122,AVEL,AVEL|RMDL|AVAL|RMDVL|AIBL,80,AVEL,0.25,0.1,0.01,7,0,0,0.14285714285714285,0
atanas,4,deterministic,FUGW (G+A; official),test,2023-03-07-01,129,AVDL,/home/ubuntu/klb/nuclr/nuclr/Data/Atanas_SF_unified_000776/cv5_grouped_v1/fold_4/test/test__2023-03-07-01__9fafa0d7.npz,2023-01-09-22,1,93,34,75,AVJL,AVJL|AVDL|AINL|ASEL|AWBL,34,AVDL,0.25,0.1,0.01,2,0,1,0.5,1
atanas,4,deterministic,FUGW (G+A; official),test,2023-03-07-01,132,IL1R,/home/ubuntu/klb/nuclr/nuclr/Data/Atanas_SF_unified_000776/cv5_grouped_v1/fold_4/test/test__2023-03-07-01__9fafa0d7.npz,2023-01-09-22,1,93,76,114,IL1R,IL1R|URYVR|RMER|IL2R|OLLR,76,IL1R,0.25,0.1,0.01,1,1,1,1.0,1
atanas,4,deterministic,FUGW (G+A; official),test,2023-03-07-01,135,MI,/home/ubuntu/klb/nuclr/nuclr/Data/Atanas_SF_unified_000776/cv5_grouped_v1/fold_4/test/test__2023-03-07-01__9fafa0d7.npz,2023-01-09-22,1,93,45,11,IL2DR,IL2DR|I3|MI|M4|IL2DL,45,MI,0.25,0.1,0.01,3,0,1,0.3333333333333333,1
atanas,4,deterministic,FUGW (G+A; official),test,2023-03-07-01,136,FLPL,/home/ubuntu/klb/nuclr/nuclr/Data/Atanas_SF_unified_000776/cv5_grouped_v1/fold_4/test/test__2023-03-07-01__9fafa0d7.npz,2023-01-09-22,1,93,30,68,ADEL,ADEL|M5|ADAL|AINL|FLPL,64,AINL,0.25,0.1,0.01,5,0,1,0.2,0
atanas,4,deterministic,FUGW (G+A; official),test,2023-03-07-01,137,AWBR,/home/ubuntu/klb/nuclr/nuclr/Data/Atanas_SF_unified_000776/cv5_grouped_v1/fold_4/test/test__2023-03-07-01__9fafa0d7.npz,2023-01-09-22,0,93,-1,135,ADER,ADER|AINR|AVDR|AIZR|AVJR,0,AVDR,0.25,0.1,0.01,-1,0,0,0.0,0
atanas,4,deterministic,FUGW (G+A; official),test,2023-03-07-01,139,SMDVL,/home/ubuntu/klb/nuclr/nuclr/Data/Atanas_SF_unified_000776/cv5_grouped_v1/fold_4/test/test__2023-03-07-01__9fafa0d7.npz,2023-01-09-22,1,93,47,64,CEPDL,CEPDL|URXL|RIAL|RIVL|SMDVL,78,RIAL,0.25,0.1,0.01,5,0,1,0.2,0
atanas,4,deterministic,FUGW (G+A; official),test,2023-03-07-01,140,ADEL,/home/ubuntu/klb/nuclr/nuclr/Data/Atanas_SF_unified_000776/cv5_grouped_v1/fold_4/test/test__2023-03-07-01__9fafa0d7.npz,2023-01-09-22,1,93,46,109,ADAL,ADAL|ADEL|M5|FLPL|AIZL,46,ADEL,0.25,0.1,0.01,2,0,1,0.5,1
atanas,4,deterministic,FUGW (G+A; official),test,2023-03-07-01,143,I3,/home/ubuntu/klb/nuclr/nuclr/Data/Atanas_SF_unified_000776/cv5_grouped_v1/fold_4/test/test__2023-03-07-01__9fafa0d7.npz,2023-01-09-22,1,93,36,51,I3,I3|IL2DR|M4|MI|IL1DR,36,I3,0.25,0.1,0.01,1,1,1,1.0,1
atanas,4,deterministic,FUGW (G+A; official),test,2023-03-07-01,144,RMEV,/home/ubuntu/klb/nuclr/nuclr/Data/Atanas_SF_unified_000776/cv5_grouped_v1/fold_4/test/test__2023-03-07-01__9fafa0d7.npz,2023-01-09-22,1,93,39,55,RMEV,RMEV|SMDDL|RMDDR|BAGL|RIH,38,RIH,0.25,0.1,0.01,1,1,1,1.0,0
atanas,4,deterministic,FUGW (G+A; official),test,2023-03-07-01,146,AWCL,/home/ubuntu/klb/nuclr/nuclr/Data/Atanas_SF_unified_000776/cv5_grouped_v1/fold_4/test/test__2023-03-07-01__9fafa0d7.npz,2023-01-09-22,1,93,16,21,AWCL,AWCL|RMDL|AVEL|AUAL|AIBL,16,AWCL,0.25,0.1,0.01,1,1,1,1.0,1
atanas,4,deterministic,FUGW (G+A; official),test,2023-03-07-01,147,ASGR,/home/ubuntu/klb/nuclr/nuclr/Data/Atanas_SF_unified_000776/cv5_grouped_v1/fold_4/test/test__2023-03-07-01__9fafa0d7.npz,2023-01-09-22,1,93,32,87,AINR,AINR|ADER|AVJR|AVDR|ASGR,57,AINR,0.25,0.1,0.01,5,0,1,0.2,0
atanas,4,deterministic,FUGW (G+A; official),test,2023-03-07-01,149,M4,/home/ubuntu/klb/nuclr/nuclr/Data/Atanas_SF_unified_000776/cv5_grouped_v1/fold_4/test/test__2023-03-07-01__9fafa0d7.npz,2023-01-09-22,1,93,68,11,IL2DR,IL2DR|M4|IL1DR|I3|MI,68,M4,0.25,0.1,0.01,2,0,1,0.5,1
atanas,4,deterministic,FUGW (G+A; official),test,2023-03-07-01,151,AINL,/home/ubuntu/klb/nuclr/nuclr/Data/Atanas_SF_unified_000776/cv5_grouped_v1/fold_4/test/test__2023-03-07-01__9fafa0d7.npz,2023-01-09-22,1,93,64,95,AINL,AINL|AVJL|AVDL|ASGL|SMDVL,49,AVJL,0.25,0.1,0.01,1,1,1,1.0,0
atanas,4,deterministic,FUGW (G+A; official),test,2023-03-07-01,152,AWAL,/home/ubuntu/klb/nuclr/nuclr/Data/Atanas_SF_unified_000776/cv5_grouped_v1/fold_4/test/test__2023-03-07-01__9fafa0d7.npz,2023-01-09-22,0,93,-1,73,ASJL,ASJL|ASHL|AIBL|ASGL|AVAL,58,ASHL,0.25,0.1,0.01,-1,0,0,0.0,0
atanas,4,deterministic,FUGW (G+A; official),test,2022-06-14-13,1,I1L,/home/ubuntu/klb/nuclr/nuclr/Data/Atanas_SF_unified_000776/cv5_grouped_v1/fold_4/test/train__2022-06-14-13__ac0e5908.npz,2023-01-09-22,1,93,59,89,I1L,I1L|I2L|NSML|M3L|IL2L,59,I1L,0.25,0.1,0.01,1,1,1,1.0,1
atanas,4,deterministic,FUGW (G+A; official),test,2022-06-14-13,4,ASHL,/home/ubuntu/klb/nuclr/nuclr/Data/Atanas_SF_unified_000776/cv5_grouped_v1/fold_4/test/train__2022-06-14-13__ac0e5908.npz,2023-01-09-22,1,93,58,63,RIBL,RIBL|BAGL|ASHL|ASJL|AVAL,-1,,0.25,0.1,0.01,3,0,1,0.3333333333333333,0
atanas,4,deterministic,FUGW (G+A; official),test,2022-06-14-13,5,NSML,/home/ubuntu/klb/nuclr/nuclr/Data/Atanas_SF_unified_000776/cv5_grouped_v1/fold_4/test/train__2022-06-14-13__ac0e5908.npz,2023-01-09-22,1,93,84,37,I2L,I2L|NSML|I1L|M3L|IL2VL,84,NSML,0.25,0.1,0.01,2,0,1,0.5,1
atanas,4,deterministic,FUGW (G+A; official),test,2022-06-14-13,6,AVKL,/home/ubuntu/klb/nuclr/nuclr/Data/Atanas_SF_unified_000776/cv5_grouped_v1/fold_4/test/train__2022-06-14-13__ac0e5908.npz,2023-01-09-22,0,93,-1,139,VB02,VB02|M5|ADAL|AIYL|AVKR,88,VB02,0.25,0.1,0.01,-1,0,0,0.0,0
atanas,4,deterministic,FUGW (G+A; official),test,2022-06-14-13,8,RMER,/home/ubuntu/klb/nuclr/nuclr/Data/Atanas_SF_unified_000776/cv5_grouped_v1/fold_4/test/train__2022-06-14-13__ac0e5908.npz,2023-01-09-22,1,93,24,48,URYDR,URYDR|OLLR|IL2DR|IL2R|RMDVR,33,URYDR,0.25,0.1,0.01,6,0,0,0.16666666666666666,0
atanas,4,deterministic,FUGW (G+A; official),test,2022-06-14-13,9,IL1VL,/home/ubuntu/klb/nuclr/nuclr/Data/Atanas_SF_unified_000776/cv5_grouped_v1/fold_4/test/train__2022-06-14-13__ac0e5908.npz,2023-01-09-22,1,93,31,44,IL1VL,IL1VL|IL2VL|M3L|CEPVL|OLQVL,31,IL1VL,0.25,0.1,0.01,1,1,1,1.0,1
atanas,4,deterministic,FUGW (G+A; official),test,2022-06-14-13,11,RIVL,/home/ubuntu/klb/nuclr/nuclr/Data/Atanas_SF_unified_000776/cv5_grouped_v1/fold_4/test/train__2022-06-14-13__ac0e5908.npz,2023-01-09-22,1,93,20,95,AINL,AINL|ASGL|AVJL|SMDVL|ASHL,64,AINL,0.25,0.1,0.01,9,0,0,0.1111111111111111,0
atanas,4,deterministic,FUGW (G+A; official),test,2022-06-14-13,12,ASGR,/home/ubuntu/klb/nuclr/nuclr/Data/Atanas_SF_unified_000776/cv5_grouped_v1/fold_4/test/train__2022-06-14-13__ac0e5908.npz,2023-01-09-22,1,93,32,92,ADLR,ADLR|RIVR|ASGR|SMDVR|CEPDR,61,ADLR,0.25,0.1,0.01,3,0,1,0.3333333333333333,0
atanas,4,deterministic,FUGW (G+A; official),test,2022-06-14-13,13,AIMR,/home/ubuntu/klb/nuclr/nuclr/Data/Atanas_SF_unified_000776/cv5_grouped_v1/fold_4/test/train__2022-06-14-13__ac0e5908.npz,2023-01-09-22,1,93,85,80,AVKR,AVKR|FLPR|AIZR|ADER|AIMR,70,FLPR,0.25,0.1,0.01,5,0,1,0.2,0
atanas,4,deterministic,FUGW (G+A; official),test,2022-06-14-13,15,AIBL,/home/ubuntu/klb/nuclr/nuclr/Data/Atanas_SF_unified_000776/cv5_grouped_v1/fold_4/test/train__2022-06-14-13__ac0e5908.npz,2023-01-09-22,1,93,82,117,M5,M5|RIVL|CEPDL|ADLL|URXL,20,RIVL,0.25,0.1,0.01,24,0,0,0.041666666666666664,0
atanas,4,deterministic,FUGW (G+A; official),test,2022-06-14-13,16,FLPL,/home/ubuntu/klb/nuclr/nuclr/Data/Atanas_SF_unified_000776/cv5_grouped_v1/fold_4/test/train__2022-06-14-13__ac0e5908.npz,2023-01-09-22,1,93,30,109,ADAL,ADAL|ADEL|FLPL|M5|AIZL,30,FLPL,0.25,0.1,0.01,3,0,1,0.3333333333333333,1
atanas,4,deterministic,FUGW (G+A; official),test,2022-06-14-13,17,AIZR,/home/ubuntu/klb/nuclr/nuclr/Data/Atanas_SF_unified_000776/cv5_grouped_v1/fold_4/test/train__2022-06-14-13__ac0e5908.npz,2023-01-09-22,1,93,60,135,ADER,ADER|AINR|AVDR|FLPR|AIZR,0,AVDR,0.25,0.1,0.01,5,0,1,0.2,0
atanas,4,deterministic,FUGW (G+A; official),test,2022-06-14-13,18,MCL,/home/ubuntu/klb/nuclr/nuclr/Data/Atanas_SF_unified_000776/cv5_grouped_v1/fold_4/test/train__2022-06-14-13__ac0e5908.npz,2023-01-09-22,0,93,-1,37,I2L,I2L|I1L|NSML|M3L|IL2VL,28,M3L,0.25,0.1,0.01,-1,0,0,0.0,0
atanas,4,deterministic,FUGW (G+A; official),test,2022-06-14-13,19,AVJL,/home/ubuntu/klb/nuclr/nuclr/Data/Atanas_SF_unified_000776/cv5_grouped_v1/fold_4/test/train__2022-06-14-13__ac0e5908.npz,2023-01-09-22,1,93,49,95,AINL,AINL|AVJL|AVDL|ADEL|ASEL,49,AVJL,0.25,0.1,0.01,2,0,1,0.5,1
atanas,4,deterministic,FUGW (G+A; official),test,2022-06-14-13,21,URXR,/home/ubuntu/klb/nuclr/nuclr/Data/Atanas_SF_unified_000776/cv5_grouped_v1/fold_4/test/train__2022-06-14-13__ac0e5908.npz,2023-01-09-22,1,93,67,78,RID,RID|URXR|URXL|CEPDL|CEPDR,52,RID,0.25,0.1,0.01,2,0,1,0.5,0
atanas,4,deterministic,FUGW (G+A; official),test,2022-06-14-13,22,CEPDR,/home/ubuntu/klb/nuclr/nuclr/Data/Atanas_SF_unified_000776/cv5_grouped_v1/fold_4/test/train__2022-06-14-13__ac0e5908.npz,2023-01-09-22,1,93,41,59,CEPDR,CEPDR|RID|URXR|ADLR|RIVR,67,URXR,0.25,0.1,0.01,1,1,1,1.0,0
atanas,4,deterministic,FUGW (G+A; official),test,2022-06-14-13,23,ADLL,/home/ubuntu/klb/nuclr/nuclr/Data/Atanas_SF_unified_000776/cv5_grouped_v1/fold_4/test/train__2022-06-14-13__ac0e5908.npz,2023-01-09-22,1,93,42,61,ADLL,ADLL|RIBL|ASGL|ASHL|RIVL,73,ASGL,0.25,0.1,0.01,1,1,1,1.0,0
atanas,4,deterministic,FUGW (G+A; official),test,2022-06-14-13,24,RICR,/home/ubuntu/klb/nuclr/nuclr/Data/Atanas_SF_unified_000776/cv5_grouped_v1/fold_4/test/train__2022-06-14-13__ac0e5908.npz,2023-01-09-22,0,93,-1,135,ADER,ADER|FLPR|AIZR|AINR|AVDR,86,ADER,0.25,0.1,0.01,-1,0,0,0.0,0
atanas,4,deterministic,FUGW (G+A; official),test,2022-06-14-13,25,CEPVR,/home/ubuntu/klb/nuclr/nuclr/Data/Atanas_SF_unified_000776/cv5_grouped_v1/fold_4/test/train__2022-06-14-13__ac0e5908.npz,2023-01-09-22,1,93,17,23,CEPVR,CEPVR|RIH|IL1VR|RMER|OLQVR,17,CEPVR,0.25,0.1,0.01,1,1,1,1.0,1
atanas,4,deterministic,FUGW (G+A; official),test,2022-06-14-13,26,M5,/home/ubuntu/klb/nuclr/nuclr/Data/Atanas_SF_unified_000776/cv5_grouped_v1/fold_4/test/train__2022-06-14-13__ac0e5908.npz,2023-01-09-22,1,93,77,117,M5,M5|ADAL|ADEL|FLPL|AIZL,46,ADEL,0.25,0.1,0.01,1,1,1,1.0,0
atanas,4,deterministic,FUGW (G+A; official),test,2022-06-14-13,27,I2L,/home/ubuntu/klb/nuclr/nuclr/Data/Atanas_SF_unified_000776/cv5_grouped_v1/fold_4/test/train__2022-06-14-13__ac0e5908.npz,2023-01-09-22,1,93,26,37,I2L,I2L|NSML|I1L|IL2L|URYVL,26,I2L,0.25,0.1,0.01,1,1,1,1.0,1
atanas,4,deterministic,FUGW (G+A; official),test,2022-06-14-13,29,SMDVR,/home/ubuntu/klb/nuclr/nuclr/Data/Atanas_SF_unified_000776/cv5_grouped_v1/fold_4/test/train__2022-06-14-13__ac0e5908.npz,2023-01-09-22,1,93,14,59,CEPDR,CEPDR|URXR|ADLR|RID|RIVR,41,CEPDR,0.25,0.1,0.01,6,0,0,0.16666666666666666,0
atanas,4,deterministic,FUGW (G+A; official),test,2022-06-14-13,32,RID,/home/ubuntu/klb/nuclr/nuclr/Data/Atanas_SF_unified_000776/cv5_grouped_v1/fold_4/test/train__2022-06-14-13__ac0e5908.npz,2023-01-09-22,1,93,52,61,ADLL,ADLL|CEPDL|RIVL|SMDVL|URXL,42,ADLL,0.25,0.1,0.01,8,0,0,0.125,0
atanas,4,deterministic,FUGW (G+A; official),test,2022-06-14-13,34,AUAR,/home/ubuntu/klb/nuclr/nuclr/Data/Atanas_SF_unified_000776/cv5_grouped_v1/fold_4/test/train__2022-06-14-13__ac0e5908.npz,2023-01-09-22,1,93,15,141,AIYL,AIYL|RMDDR|VB02|SMDDL|RMDDL,22,RMDDR,0.25,0.1,0.01,17,0,0,0.058823529411764705,0
atanas,4,deterministic,FUGW (G+A; official),test,2022-06-14-13,35,URYVL,/home/ubuntu/klb/nuclr/nuclr/Data/Atanas_SF_unified_000776/cv5_grouped_v1/fold_4/test/train__2022-06-14-13__ac0e5908.npz,2023-01-09-22,1,93,1,44,IL1VL,IL1VL|IL2VL|OLQVL|CEPVL|IL1L,29,OLQVL,0.25,0.1,0.01,9,0,0,0.1111111111111111,0
atanas,4,deterministic,FUGW (G+A; official),test,2022-06-14-13,36,AIBR,/home/ubuntu/klb/nuclr/nuclr/Data/Atanas_SF_unified_000776/cv5_grouped_v1/fold_4/test/train__2022-06-14-13__ac0e5908.npz,2023-01-09-22,1,93,75,81,RMDR,RMDR|AIBR|AVAR|AUAR|AWCR,91,AWCR,0.25,0.1,0.01,2,0,1,0.5,0
atanas,4,deterministic,FUGW (G+A; official),test,2022-06-14-13,37,RMDVL,/home/ubuntu/klb/nuclr/nuclr/Data/Atanas_SF_unified_000776/cv5_grouped_v1/fold_4/test/train__2022-06-14-13__ac0e5908.npz,2023-01-09-22,1,93,13,21,AWCL,AWCL|RMDVL|RMDL|AWBL|AVEL,13,RMDVL,0.25,0.1,0.01,2,0,1,0.5,1
atanas,4,deterministic,FUGW (G+A; official),test,2022-06-14-13,38,URYDL,/home/ubuntu/klb/nuclr/nuclr/Data/Atanas_SF_unified_000776/cv5_grouped_v1/fold_4/test/train__2022-06-14-13__ac0e5908.npz,2023-01-09-22,1,93,6,53,IL2DL,IL2DL|URYDL|URBL|RMEL|RMDVL,6,URYDL,0.25,0.1,0.01,2,0,1,0.5,1
atanas,4,deterministic,FUGW (G+A; official),test,2022-06-14-13,40,URBR,/home/ubuntu/klb/nuclr/nuclr/Data/Atanas_SF_unified_000776/cv5_grouped_v1/fold_4/test/train__2022-06-14-13__ac0e5908.npz,2023-01-09-22,0,93,-1,11,IL2DR,IL2DR|IL2R|URYDR|OLLR|IL1DR,8,OLLR,0.25,0.1,0.01,-1,0,0,0.0,0
atanas,4,deterministic,FUGW (G+A; official),test,2022-06-14-13,46,AUAL,/home/ubuntu/klb/nuclr/nuclr/Data/Atanas_SF_unified_000776/cv5_grouped_v1/fold_4/test/train__2022-06-14-13__ac0e5908.npz,2023-01-09-22,1,93,89,43,FLPL,FLPL|AUAL|AIZL|ADEL|ASJL,89,AUAL,0.25,0.1,0.01,2,0,1,0.5,1
atanas,4,deterministic,FUGW (G+A; official),test,2022-06-14-13,47,AVL,/home/ubuntu/klb/nuclr/nuclr/Data/Atanas_SF_unified_000776/cv5_grouped_v1/fold_4/test/train__2022-06-14-13__ac0e5908.npz,2023-01-09-22,0,93,-1,55,RMEV,RMEV|RIMR|AVAR|SMDDL|AUAR,15,AUAR,0.25,0.1,0.01,-1,0,0,0.0,0
atanas,4,deterministic,FUGW (G+A; official),test,2022-06-14-13,48,IL1DL,/home/ubuntu/klb/nuclr/nuclr/Data/Atanas_SF_unified_000776/cv5_grouped_v1/fold_4/test/train__2022-06-14-13__ac0e5908.npz,2023-01-09-22,0,93,-1,53,IL2DL,IL2DL|URYDL|OLLL|URBL|MI,37,IL2DL,0.25,0.1,0.01,-1,0,0,0.0,0
atanas,4,deterministic,FUGW (G+A; official),test,2022-06-14-13,50,AWAL,/home/ubuntu/klb/nuclr/nuclr/Data/Atanas_SF_unified_000776/cv5_grouped_v1/fold_4/test/train__2022-06-14-13__ac0e5908.npz,2023-01-09-22,0,93,-1,88,ASHL,ASHL|ASGL|AVAL|ASJL|AIBL,-1,,0.25,0.1,0.01,-1,0,0,0.0,0
atanas,4,deterministic,FUGW (G+A; official),test,2022-06-14-13,52,SMDDL,/home/ubuntu/klb/nuclr/nuclr/Data/Atanas_SF_unified_000776/cv5_grouped_v1/fold_4/test/train__2022-06-14-13__ac0e5908.npz,2023-01-09-22,1,93,35,141,AIYL,AIYL|RMDDL|AUAL|RMDDR|SMDDL,83,RMDDL,0.25,0.1,0.01,5,0,1,0.2,0
atanas,4,deterministic,FUGW (G+A; official),test,2022-06-14-13,53,SMDDR,/home/ubuntu/klb/nuclr/nuclr/Data/Atanas_SF_unified_000776/cv5_grouped_v1/fold_4/test/train__2022-06-14-13__ac0e5908.npz,2023-01-09-22,0,93,-1,50,SMDDL,SMDDL|AVER|RMDDR|CEPVR|AIBR,40,AVER,0.25,0.1,0.01,-1,0,0,0.0,0
atanas,4,deterministic,FUGW (G+A; official),test,2022-06-14-13,54,CEPVL,/home/ubuntu/klb/nuclr/nuclr/Data/Atanas_SF_unified_000776/cv5_grouped_v1/fold_4/test/train__2022-06-14-13__ac0e5908.npz,2023-01-09-22,1,93,7,9,CEPVL,CEPVL|RIH|RMDDL|CEPVR|IL1VL,38,RIH,0.25,0.1,0.01,1,1,1,1.0,0
atanas,4,deterministic,FUGW (G+A; official),test,2022-06-14-13,55,IL1L,/home/ubuntu/klb/nuclr/nuclr/Data/Atanas_SF_unified_000776/cv5_grouped_v1/fold_4/test/train__2022-06-14-13__ac0e5908.npz,2023-01-09-22,1,93,79,145,IL2L,IL2L|IL1L|OLQVL|URBL|URYVL,79,IL1L,0.25,0.1,0.01,2,0,1,0.5,1
atanas,4,deterministic,FUGW (G+A; official),test,2022-06-14-13,58,AIML,/home/ubuntu/klb/nuclr/nuclr/Data/Atanas_SF_unified_000776/cv5_grouped_v1/fold_4/test/train__2022-06-14-13__ac0e5908.npz,2023-01-09-22,0,93,-1,139,VB02,VB02|AIYL|AIMR|AIYR|RMDDR,75,AIBR,0.25,0.1,0.01,-1,0,0,0.0,0
atanas,4,deterministic,FUGW (G+A; official),test,2022-06-14-13,59,IL2VL,/home/ubuntu/klb/nuclr/nuclr/Data/Atanas_SF_unified_000776/cv5_grouped_v1/fold_4/test/train__2022-06-14-13__ac0e5908.npz,2023-01-09-22,1,93,50,131,NSML,NSML|M3L|IL2VL|I2L|IL1VL,50,IL2VL,0.25,0.1,0.01,3,0,1,0.3333333333333333,1
atanas,4,deterministic,FUGW (G+A; official),test,2022-06-14-13,61,IL2L,/home/ubuntu/klb/nuclr/nuclr/Data/Atanas_SF_unified_000776/cv5_grouped_v1/fold_4/test/train__2022-06-14-13__ac0e5908.npz,2023-01-09-22,1,93,92,145,IL2L,IL2L|URBL|IL1L|URYVL|RMEL,92,IL2L,0.25,0.1,0.01,1,1,1,1.0,1
atanas,4,deterministic,FUGW (G+A; official),test,2022-06-14-13,62,I3,/home/ubuntu/klb/nuclr/nuclr/Data/Atanas_SF_unified_000776/cv5_grouped_v1/fold_4/test/train__2022-06-14-13__ac0e5908.npz,2023-01-09-22,1,93,36,66,MI,MI|I3|IL2DL|M4|OLLL,36,I3,0.25,0.1,0.01,2,0,1,0.5,1
atanas,4,deterministic,FUGW (G+A; official),test,2022-06-14-13,63,ASGL,/home/ubuntu/klb/nuclr/nuclr/Data/Atanas_SF_unified_000776/cv5_grouped_v1/fold_4/test/train__2022-06-14-13__ac0e5908.npz,2023-01-09-22,1,93,73,88,ASHL,ASHL|ASGL|BAGL|RIBL|AVAL,58,ASHL,0.25,0.1,0.01,2,0,1,0.5,0
atanas,4,deterministic,FUGW (G+A; official),test,2022-06-14-13,64,M4,/home/ubuntu/klb/nuclr/nuclr/Data/Atanas_SF_unified_000776/cv5_grouped_v1/fold_4/test/train__2022-06-14-13__ac0e5908.npz,2023-01-09-22,1,93,68,66,MI,MI|I3|M4|IL2DL|OLLL,68,M4,0.25,0.1,0.01,3,0,1,0.3333333333333333,1
atanas,4,deterministic,FUGW (G+A; official),test,2022-06-14-13,65,IL2DL,/home/ubuntu/klb/nuclr/nuclr/Data/Atanas_SF_unified_000776/cv5_grouped_v1/fold_4/test/train__2022-06-14-13__ac0e5908.npz,2023-01-09-22,1,93,37,145,IL2L,IL2L|MI|IL2DL|I3|URYVL,45,MI,0.25,0.1,0.01,3,0,1,0.3333333333333333,0
atanas,4,deterministic,FUGW (G+A; official),test,2022-06-14-13,66,RMEV,/home/ubuntu/klb/nuclr/nuclr/Data/Atanas_SF_unified_000776/cv5_grouped_v1/fold_4/test/train__2022-06-14-13__ac0e5908.npz,2023-01-09-22,1,93,39,55,RMEV,RMEV|SMDDL|RMDDR|AVAR|RIH,39,RMEV,0.25,0.1,0.01,1,1,1,1.0,1
atanas,4,deterministic,FUGW (G+A; official),test,2022-06-14-13,67,URYVR,/home/ubuntu/klb/nuclr/nuclr/Data/Atanas_SF_unified_000776/cv5_grouped_v1/fold_4/test/train__2022-06-14-13__ac0e5908.npz,2023-01-09-22,1,93,71,114,IL1R,IL1R|IL2R|OLQVR|URYVR|IL1VR,24,RMER,0.25,0.1,0.01,4,0,1,0.25,0
atanas,4,deterministic,FUGW (G+A; official),test,2022-06-14-13,68,OLLL,/home/ubuntu/klb/nuclr/nuclr/Data/Atanas_SF_unified_000776/cv5_grouped_v1/fold_4/test/train__2022-06-14-13__ac0e5908.npz,2023-01-09-22,1,93,63,145,IL2L,IL2L|IL1L|URBL|RMEL|IL2DL,63,OLLL,0.25,0.1,0.01,8,0,0,0.125,1
atanas,4,deterministic,FUGW (G+A; official),test,2022-06-14-13,69,URXL,/home/ubuntu/klb/nuclr/nuclr/Data/Atanas_SF_unified_000776/cv5_grouped_v1/fold_4/test/train__2022-06-14-13__ac0e5908.npz,2023-01-09-22,1,93,56,64,CEPDL,CEPDL|SMDVL|URXL|RIAL|RIVL,44,CEPDL,0.25,0.1,0.01,3,0,1,0.3333333333333333,0
atanas,4,deterministic,FUGW (G+A; official),test,2022-06-14-13,73,OLQVR,/home/ubuntu/klb/nuclr/nuclr/Data/Atanas_SF_unified_000776/cv5_grouped_v1/fold_4/test/train__2022-06-14-13__ac0e5908.npz,2023-01-09-22,1,93,62,114,IL1R,IL1R|RMER|IL1VR|RIH|CEPVR,76,IL1R,0.25,0.1,0.01,7,0,0,0.14285714285714285,0
atanas,4,deterministic,FUGW (G+A; official),test,2022-06-14-13,74,ADEL,/home/ubuntu/klb/nuclr/nuclr/Data/Atanas_SF_unified_000776/cv5_grouped_v1/fold_4/test/train__2022-06-14-13__ac0e5908.npz,2023-01-09-22,1,93,46,109,ADAL,ADAL|M5|ADEL|FLPL|AIZL,77,M5,0.25,0.1,0.01,3,0,1,0.3333333333333333,0
atanas,4,deterministic,FUGW (G+A; official),test,2022-06-14-13,76,M3L,/home/ubuntu/klb/nuclr/nuclr/Data/Atanas_SF_unified_000776/cv5_grouped_v1/fold_4/test/train__2022-06-14-13__ac0e5908.npz,2023-01-09-22,1,93,28,131,NSML,NSML|I2L|IL2VL|M3L|URYVL,1,URYVL,0.25,0.1,0.01,4,0,1,0.25,0
atanas,4,deterministic,FUGW (G+A; official),test,2022-06-14-13,77,IL2R,/home/ubuntu/klb/nuclr/nuclr/Data/Atanas_SF_unified_000776/cv5_grouped_v1/fold_4/test/train__2022-06-14-13__ac0e5908.npz,2023-01-09-22,1,93,55,108,URYVR,URYVR|OLQVR|IL1VR|CEPVR|IL1R,25,IL1VR,0.25,0.1,0.01,9,0,0,0.1111111111111111,0
atanas,4,deterministic,FUGW (G+A; official),test,2022-06-14-13,79,CEPDL,/home/ubuntu/klb/nuclr/nuclr/Data/Atanas_SF_unified_000776/cv5_grouped_v1/fold_4/test/train__2022-06-14-13__ac0e5908.npz,2023-01-09-22,1,93,44,71,SMDVL,SMDVL|CEPDL|AWBL|RIAL|AVJL,78,RIAL,0.25,0.1,0.01,2,0,1,0.5,0
atanas,4,deterministic,FUGW (G+A; official),test,2022-06-14-13,80,AWCL,/home/ubuntu/klb/nuclr/nuclr/Data/Atanas_SF_unified_000776/cv5_grouped_v1/fold_4/test/train__2022-06-14-13__ac0e5908.npz,2023-01-09-22,1,93,16,21,AWCL,AWCL|AUAL|AIZL|FLPL|RMDL,16,AWCL,0.25,0.1,0.01,1,1,1,1.0,1
atanas,4,deterministic,FUGW (G+A; official),test,2022-06-14-13,81,AVJR,/home/ubuntu/klb/nuclr/nuclr/Data/Atanas_SF_unified_000776/cv5_grouped_v1/fold_4/test/train__2022-06-14-13__ac0e5908.npz,2023-01-09-22,1,93,51,87,AINR,AINR|AVJR|ASGR|RIVR|AVDR,51,AVJR,0.25,0.1,0.01,2,0,1,0.5,1
atanas,4,deterministic,FUGW (G+A; official),test,2022-06-14-13,82,RMEL,/home/ubuntu/klb/nuclr/nuclr/Data/Atanas_SF_unified_000776/cv5_grouped_v1/fold_4/test/train__2022-06-14-13__ac0e5908.npz,2023-01-09-22,1,93,65,96,RMEL,RMEL|RMDVL|URBL|AWCL|RMDL,65,RMEL,0.25,0.1,0.01,1,1,1,1.0,1
atanas,4,deterministic,FUGW (G+A; official),test,2022-06-14-13,84,OLQVL,/home/ubuntu/klb/nuclr/nuclr/Data/Atanas_SF_unified_000776/cv5_grouped_v1/fold_4/test/train__2022-06-14-13__ac0e5908.npz,2023-01-09-22,1,93,29,12,BAGL,BAGL|RMEV|IL1VL|CEPVL|OLQVL,7,CEPVL,0.25,0.1,0.01,5,0,1,0.2,0
atanas,4,deterministic,FUGW (G+A; official),test,2022-06-14-13,85,AVHL,/home/ubuntu/klb/nuclr/nuclr/Data/Atanas_SF_unified_000776/cv5_grouped_v1/fold_4/test/train__2022-06-14-13__ac0e5908.npz,2023-01-09-22,0,93,-1,88,ASHL,ASHL|ASEL|AINL|AVDL|AIZL,-1,,0.25,0.1,0.01,-1,0,0,0.0,0
atanas,4,deterministic,FUGW (G+A; official),test,2022-06-14-13,86,IL1DR,/home/ubuntu/klb/nuclr/nuclr/Data/Atanas_SF_unified_000776/cv5_grouped_v1/fold_4/test/train__2022-06-14-13__ac0e5908.npz,2023-01-09-22,1,93,19,3,OLQDL,OLQDL|IL1DR|URXL|IL2DL|URYDL,19,IL1DR,0.25,0.1,0.01,2,0,1,0.5,1
atanas,4,deterministic,FUGW (G+A; official),test,2022-06-14-13,87,RMED,/home/ubuntu/klb/nuclr/nuclr/Data/Atanas_SF_unified_000776/cv5_grouped_v1/fold_4/test/train__2022-06-14-13__ac0e5908.npz,2023-01-09-22,0,93,-1,12,BAGL,BAGL|RIBL|ADLL|RMEV|RIVL,10,BAGL,0.25,0.1,0.01,-1,0,0,0.0,0
atanas,4,deterministic,FUGW (G+A; official),test,2022-06-14-13,88,AWBL,/home/ubuntu/klb/nuclr/nuclr/Data/Atanas_SF_unified_000776/cv5_grouped_v1/fold_4/test/train__2022-06-14-13__ac0e5908.npz,2023-01-09-22,1,93,87,73,ASJL,ASJL|ASHL|AIBL|RMDL|AUAL,48,ASJL,0.25,0.1,0.01,17,0,0,0.058823529411764705,0
atanas,4,deterministic,FUGW (G+A; official),test,2022-06-14-13,89,URBL,/home/ubuntu/klb/nuclr/nuclr/Data/Atanas_SF_unified_000776/cv5_grouped_v1/fold_4/test/train__2022-06-14-13__ac0e5908.npz,2023-01-09-22,1,93,11,145,IL2L,IL2L|URBL|RMEL|IL1L|RMDVL,11,URBL,0.25,0.1,0.01,2,0,1,0.5,1
atanas,4,deterministic,FUGW (G+A; official),test,2022-06-14-13,90,AVDL,/home/ubuntu/klb/nuclr/nuclr/Data/Atanas_SF_unified_000776/cv5_grouped_v1/fold_4/test/train__2022-06-14-13__ac0e5908.npz,2023-01-09-22,1,93,34,5,AIZL,AIZL|FLPL|ADEL|AVDL|ASEL,27,ASEL,0.25,0.1,0.01,4,0,1,0.25,0
atanas,4,deterministic,FUGW (G+A; official),test,2022-06-14-13,91,OLLR,/home/ubuntu/klb/nuclr/nuclr/Data/Atanas_SF_unified_000776/cv5_grouped_v1/fold_4/test/train__2022-06-14-13__ac0e5908.npz,2023-01-09-22,1,93,8,11,IL2DR,IL2DR|IL1DR|URYDR|OLLR|IL2R,9,IL2DR,0.25,0.1,0.01,4,0,1,0.25,0
atanas,4,deterministic,FUGW (G+A; official),test,2022-06-14-13,92,NSMR,/home/ubuntu/klb/nuclr/nuclr/Data/Atanas_SF_unified_000776/cv5_grouped_v1/fold_4/test/train__2022-06-14-13__ac0e5908.npz,2023-01-09-22,0,93,-1,15,I1R,I1R|URYVR|M3R|OLQVR|IL1R,23,M3R,0.25,0.1,0.01,-1,0,0,0.0,0
atanas,4,deterministic,FUGW (G+A; official),test,2022-06-14-13,93,I2R,/home/ubuntu/klb/nuclr/nuclr/Data/Atanas_SF_unified_000776/cv5_grouped_v1/fold_4/test/train__2022-06-14-13__ac0e5908.npz,2023-01-09-22,0,93,-1,15,I1R,I1R|URYVR|M3R|IL1R|OLQVR,71,URYVR,0.25,0.1,0.01,-1,0,0,0.0,0
atanas,4,deterministic,FUGW (G+A; official),test,2022-06-14-13,96,RIS,/home/ubuntu/klb/nuclr/nuclr/Data/Atanas_SF_unified_000776/cv5_grouped_v1/fold_4/test/train__2022-06-14-13__ac0e5908.npz,2023-01-09-22,0,93,-1,106,FLPR,FLPR|AVKR|AIZR|ADER|AIYR,60,AIZR,0.25,0.1,0.01,-1,0,0,0.0,0
atanas,4,deterministic,FUGW (G+A; official),test,2022-06-14-13,97,AQR,/home/ubuntu/klb/nuclr/nuclr/Data/Atanas_SF_unified_000776/cv5_grouped_v1/fold_4/test/train__2022-06-14-13__ac0e5908.npz,2023-01-09-22,0,93,-1,139,VB02,VB02|AIYL|AIMR|RMDDR|AUAL,90,AIYL,0.25,0.1,0.01,-1,0,0,0.0,0
atanas,4,deterministic,FUGW (G+A; official),test,2022-06-14-13,98,AVER,/home/ubuntu/klb/nuclr/nuclr/Data/Atanas_SF_unified_000776/cv5_grouped_v1/fold_4/test/train__2022-06-14-13__ac0e5908.npz,2023-01-09-22,1,93,40,125,AVAR,AVAR|RMDR|AVER|AIBR|RIMR,54,RMDR,0.25,0.1,0.01,3,0,1,0.3333333333333333,0
atanas,4,deterministic,FUGW (G+A; official),test,2022-06-14-13,99,AIZL,/home/ubuntu/klb/nuclr/nuclr/Data/Atanas_SF_unified_000776/cv5_grouped_v1/fold_4/test/train__2022-06-14-13__ac0e5908.npz,2023-01-09-22,1,93,4,49,AVDL,AVDL|ADEL|ASEL|AVJL|AIZL,34,AVDL,0.25,0.1,0.01,5,0,1,0.2,0
atanas,4,deterministic,FUGW (G+A; official),test,2022-06-14-13,100,OLQDL,/home/ubuntu/klb/nuclr/nuclr/Data/Atanas_SF_unified_000776/cv5_grouped_v1/fold_4/test/train__2022-06-14-13__ac0e5908.npz,2023-01-09-22,1,93,3,12,BAGL,BAGL|ADLL|SMDVL|AVAL|ASGL,-1,,0.25,0.1,0.01,7,0,0,0.14285714285714285,0
atanas,4,deterministic,FUGW (G+A; official),test,2022-06-14-13,101,I1R,/home/ubuntu/klb/nuclr/nuclr/Data/Atanas_SF_unified_000776/cv5_grouped_v1/fold_4/test/train__2022-06-14-13__ac0e5908.npz,2023-01-09-22,1,93,12,15,I1R,I1R|I1L|I2L|NSML|M3L,12,I1R,0.25,0.1,0.01,1,1,1,1.0,1
atanas,4,deterministic,FUGW (G+A; official),test,2022-06-14-13,102,AVDR,/home/ubuntu/klb/nuclr/nuclr/Data/Atanas_SF_unified_000776/cv5_grouped_v1/fold_4/test/train__2022-06-14-13__ac0e5908.npz,2023-01-09-22,1,93,0,87,AINR,AINR|AVJR|AVDR|ADER|ASGR,57,AINR,0.25,0.1,0.01,3,0,1,0.3333333333333333,0
atanas,4,deterministic,FUGW (G+A; official),test,2022-06-14-13,103,SMDVL,/home/ubuntu/klb/nuclr/nuclr/Data/Atanas_SF_unified_000776/cv5_grouped_v1/fold_4/test/train__2022-06-14-13__ac0e5908.npz,2023-01-09-22,1,93,47,71,SMDVL,SMDVL|ASGL|AWBL|AVJL|ASHL,47,SMDVL,0.25,0.1,0.01,1,1,1,1.0,1
atanas,4,deterministic,FUGW (G+A; official),test,2022-06-14-13,104,ASER,/home/ubuntu/klb/nuclr/nuclr/Data/Atanas_SF_unified_000776/cv5_grouped_v1/fold_4/test/train__2022-06-14-13__ac0e5908.npz,2023-01-09-22,0,93,-1,46,ASGR,ASGR|SMDVR|ADLR|RIVR|AVAR,32,ASGR,0.25,0.1,0.01,-1,0,0,0.0,0
atanas,4,deterministic,FUGW (G+A; official),test,2022-06-14-13,107,M3R,/home/ubuntu/klb/nuclr/nuclr/Data/Atanas_SF_unified_000776/cv5_grouped_v1/fold_4/test/train__2022-06-14-13__ac0e5908.npz,2023-01-09-22,1,93,23,33,M3R,M3R|URYVR|OLQVR|IL1R|IL2R,62,OLQVR,0.25,0.1,0.01,1,1,1,1.0,0
atanas,4,deterministic,FUGW (G+A; official),test,2022-06-14-13,110,RIAL,/home/ubuntu/klb/nuclr/nuclr/Data/Atanas_SF_unified_000776/cv5_grouped_v1/fold_4/test/train__2022-06-14-13__ac0e5908.npz,2023-01-09-22,1,93,78,136,AWBL,AWBL|SMDVL|RIAL|RMDVL|AWCL,87,AWBL,0.25,0.1,0.01,3,0,1,0.3333333333333333,0
atanas,4,deterministic,FUGW (G+A; official),test,2022-06-14-13,111,OLQDR,/home/ubuntu/klb/nuclr/nuclr/Data/Atanas_SF_unified_000776/cv5_grouped_v1/fold_4/test/train__2022-06-14-13__ac0e5908.npz,2023-01-09-22,0,93,-1,3,OLQDL,OLQDL|RID|ADLL|URXL|IL1DR,3,OLQDL,0.25,0.1,0.01,-1,0,0,0.0,0
atanas,4,deterministic,FUGW (G+A; official),test,2022-06-14-13,112,ADAL,/home/ubuntu/klb/nuclr/nuclr/Data/Atanas_SF_unified_000776/cv5_grouped_v1/fold_4/test/train__2022-06-14-13__ac0e5908.npz,2023-01-09-22,1,93,72,109,ADAL,ADAL|M5|ADEL|FLPL|AIZL,72,ADAL,0.25,0.1,0.01,1,1,1,1.0,1
atanas,4,deterministic,FUGW (G+A; official),test,2022-06-14-13,115,RIVR,/home/ubuntu/klb/nuclr/nuclr/Data/Atanas_SF_unified_000776/cv5_grouped_v1/fold_4/test/train__2022-06-14-13__ac0e5908.npz,2023-01-09-22,1,93,69,105,RIVR,RIVR|ASGR|AINR|AVJR|ADLR,69,RIVR,0.25,0.1,0.01,1,1,1,1.0,1
atanas,4,deterministic,FUGW (G+A; official),test,2022-06-14-13,116,RMDL,/home/ubuntu/klb/nuclr/nuclr/Data/Atanas_SF_unified_000776/cv5_grouped_v1/fold_4/test/train__2022-06-14-13__ac0e5908.npz,2023-01-09-22,1,93,5,140,AUAL,AUAL|RMDL|AIBL|RMDDL|AVEL,80,AVEL,0.25,0.1,0.01,2,0,1,0.5,0
atanas,4,deterministic,FUGW (G+A; official),test,2022-06-14-13,117,IL1R,/home/ubuntu/klb/nuclr/nuclr/Data/Atanas_SF_unified_000776/cv5_grouped_v1/fold_4/test/train__2022-06-14-13__ac0e5908.npz,2023-01-09-22,1,93,76,114,IL1R,IL1R|IL2R|IL2DR|OLLR|URYDR,55,IL2R,0.25,0.1,0.01,1,1,1,1.0,0
atanas,4,deterministic,FUGW (G+A; official),test,2022-06-14-13,118,AVEL,/home/ubuntu/klb/nuclr/nuclr/Data/Atanas_SF_unified_000776/cv5_grouped_v1/fold_4/test/train__2022-06-14-13__ac0e5908.npz,2023-01-09-22,1,93,80,140,AUAL,AUAL|AIBL|ASJL|RMDDL|RMDL,82,AIBL,0.25,0.1,0.01,6,0,0,0.16666666666666666,0
atanas,4,deterministic,FUGW (G+A; official),test,2022-06-14-13,120,AWAR,/home/ubuntu/klb/nuclr/nuclr/Data/Atanas_SF_unified_000776/cv5_grouped_v1/fold_4/test/train__2022-06-14-13__ac0e5908.npz,2023-01-09-22,0,93,-1,92,ADLR,ADLR|RIVR|CEPDR|ASGR|SMDVR,14,SMDVR,0.25,0.1,0.01,-1,0,0,0.0,0
atanas,4,deterministic,FUGW (G+A; official),test,2022-06-14-13,121,RIAR,/home/ubuntu/klb/nuclr/nuclr/Data/Atanas_SF_unified_000776/cv5_grouped_v1/fold_4/test/train__2022-06-14-13__ac0e5908.npz,2023-01-09-22,1,93,21,102,URXR,URXR|RID|CEPDR|ADLR|URXL,56,URXL,0.25,0.1,0.01,7,0,0,0.14285714285714285,0
atanas,4,deterministic,FUGW (G+A; official),test,2022-06-14-13,123,RIBL,/home/ubuntu/klb/nuclr/nuclr/Data/Atanas_SF_unified_000776/cv5_grouped_v1/fold_4/test/train__2022-06-14-13__ac0e5908.npz,2023-01-09-22,1,93,43,63,RIBL,RIBL|BAGL|RMEV|ASJL|ADLL,43,RIBL,0.25,0.1,0.01,1,1,1,1.0,1
atanas,4,deterministic,FUGW (G+A; official),test,2022-06-14-13,124,SAAVR,/home/ubuntu/klb/nuclr/nuclr/Data/Atanas_SF_unified_000776/cv5_grouped_v1/fold_4/test/train__2022-06-14-13__ac0e5908.npz,2023-01-09-22,0,93,-1,28,RIAR,RIAR|URXR|RID|CEPDR|SMDVR,21,RIAR,0.25,0.1,0.01,-1,0,0,0.0,0
atanas,4,deterministic,FUGW (G+A; official),test,2022-06-14-13,125,SAAVL,/home/ubuntu/klb/nuclr/nuclr/Data/Atanas_SF_unified_000776/cv5_grouped_v1/fold_4/test/train__2022-06-14-13__ac0e5908.npz,2023-01-09-22,0,93,-1,24,AVAL,AVAL|ASHL|SMDVL|AWBL|ASGL,18,AVAL,0.25,0.1,0.01,-1,0,0,0.0,0
atanas,4,deterministic,FUGW (G+A; official),test,2022-06-14-13,126,AVAL,/home/ubuntu/klb/nuclr/nuclr/Data/Atanas_SF_unified_000776/cv5_grouped_v1/fold_4/test/train__2022-06-14-13__ac0e5908.npz,2023-01-09-22,1,93,18,12,BAGL,BAGL|ASHL|AVAL|RMDL|ASJL,5,RMDL,0.25,0.1,0.01,3,0,1,0.3333333333333333,0
atanas,4,deterministic,FUGW (G+A; official),test,2022-06-14-13,127,ASEL,/home/ubuntu/klb/nuclr/nuclr/Data/Atanas_SF_unified_000776/cv5_grouped_v1/fold_4/test/train__2022-06-14-13__ac0e5908.npz,2023-01-09-22,1,93,27,5,AIZL,AIZL|FLPL|ADEL|AWCL|AUAL,-1,,0.25,0.1,0.01,6,0,0,0.16666666666666666,0
atanas,4,deterministic,FUGW (G+A; official),test,2022-06-14-13,128,RIBR,/home/ubuntu/klb/nuclr/nuclr/Data/Atanas_SF_unified_000776/cv5_grouped_v1/fold_4/test/train__2022-06-14-13__ac0e5908.npz,2023-01-09-22,0,93,-1,55,RMEV,RMEV|AIYL|RMDDR|ASJL|SMDDL,35,SMDDL,0.25,0.1,0.01,-1,0,0,0.0,0
atanas,4,deterministic,FUGW (G+A; official),test,2022-06-14-13,129,RMDVR,/home/ubuntu/klb/nuclr/nuclr/Data/Atanas_SF_unified_000776/cv5_grouped_v1/fold_4/test/train__2022-06-14-13__ac0e5908.npz,2023-01-09-22,1,93,66,98,RMDVR,RMDVR|RIAR|RMDR|AWCR|AVAR,66,RMDVR,0.25,0.1,0.01,1,1,1,1.0,1
atanas,4,deterministic,FUGW (G+A; official),test,2022-06-14-13,130,VB02,/home/ubuntu/klb/nuclr/nuclr/Data/Atanas_SF_unified_000776/cv5_grouped_v1/fold_4/test/train__2022-06-14-13__ac0e5908.npz,2023-01-09-22,1,93,88,80,AVKR,AVKR|VB02|AIMR|AIYR|FLPR,53,AVKR,0.25,0.1,0.01,2,0,1,0.5,0
atanas,4,deterministic,FUGW (G+A; official),test,2022-06-14-13,131,RICL,/home/ubuntu/klb/nuclr/nuclr/Data/Atanas_SF_unified_000776/cv5_grouped_v1/fold_4/test/train__2022-06-14-13__ac0e5908.npz,2023-01-09-22,0,93,-1,43,FLPL,FLPL|ADEL|AIZL|ASJL|ADAL,4,AIZL,0.25,0.1,0.01,-1,0,0,0.0,0
atanas,4,deterministic,FUGW (G+A; official),test,2022-06-14-13,132,AVAR,/home/ubuntu/klb/nuclr/nuclr/Data/Atanas_SF_unified_000776/cv5_grouped_v1/fold_4/test/train__2022-06-14-13__ac0e5908.npz,2023-01-09-22,1,93,81,125,AVAR,AVAR|SMDVR|RMDR|RIAR|ASGR,81,AVAR,0.25,0.1,0.01,1,1,1,1.0,1
atanas,4,deterministic,FUGW (G+A; official),test,2023-01-05-18,0,AVAL,/home/ubuntu/klb/nuclr/nuclr/Data/Atanas_SF_unified_000776/cv5_grouped_v1/fold_4/test/train__2023-01-05-18__d7235b22.npz,2023-01-09-22,1,93,18,12,BAGL,BAGL|AVAL|ASHL|ASGL|RMDL,10,BAGL,0.25,0.1,0.01,2,0,1,0.5,0
atanas,4,deterministic,FUGW (G+A; official),test,2023-01-05-18,3,URAVL,/home/ubuntu/klb/nuclr/nuclr/Data/Atanas_SF_unified_000776/cv5_grouped_v1/fold_4/test/train__2023-01-05-18__d7235b22.npz,2023-01-09-22,0,93,-1,131,NSML,NSML|IL2VL|I2L|M3L|IL1VL,50,IL2VL,0.25,0.1,0.01,-1,0,0,0.0,0
atanas,4,deterministic,FUGW (G+A; official),test,2023-01-05-18,4,AVDR,/home/ubuntu/klb/nuclr/nuclr/Data/Atanas_SF_unified_000776/cv5_grouped_v1/fold_4/test/train__2023-01-05-18__d7235b22.npz,2023-01-09-22,1,93,0,106,FLPR,FLPR|ADER|AIZR|AVKR|AIYR,60,AIZR,0.25,0.1,0.01,6,0,0,0.16666666666666666,0
atanas,4,deterministic,FUGW (G+A; official),test,2023-01-05-18,5,IL2DR,/home/ubuntu/klb/nuclr/nuclr/Data/Atanas_SF_unified_000776/cv5_grouped_v1/fold_4/test/train__2023-01-05-18__d7235b22.npz,2023-01-09-22,1,93,9,11,IL2DR,IL2DR|IL2R|URYDR|OLLR|IL1R,9,IL2DR,0.25,0.1,0.01,1,1,1,1.0,1
atanas,4,deterministic,FUGW (G+A; official),test,2023-01-05-18,6,RMDL,/home/ubuntu/klb/nuclr/nuclr/Data/Atanas_SF_unified_000776/cv5_grouped_v1/fold_4/test/train__2023-01-05-18__d7235b22.npz,2023-01-09-22,1,93,5,7,RMDL,RMDL|AWCL|AVEL|RMDVL|AUAL,5,RMDL,0.25,0.1,0.01,1,1,1,1.0,1
atanas,4,deterministic,FUGW (G+A; official),test,2023-01-05-18,7,OLQVL,/home/ubuntu/klb/nuclr/nuclr/Data/Atanas_SF_unified_000776/cv5_grouped_v1/fold_4/test/train__2023-01-05-18__d7235b22.npz,2023-01-09-22,1,93,29,12,BAGL,BAGL|OLQVL|IL1VL|RMEL|IL1L,80,AVEL,0.25,0.1,0.01,2,0,1,0.5,0
atanas,4,deterministic,FUGW (G+A; official),test,2023-01-05-18,8,CEPVL,/home/ubuntu/klb/nuclr/nuclr/Data/Atanas_SF_unified_000776/cv5_grouped_v1/fold_4/test/train__2023-01-05-18__d7235b22.npz,2023-01-09-22,1,93,7,9,CEPVL,CEPVL|IL1VL|IL2VL|RMDDL|OLQVL,7,CEPVL,0.25,0.1,0.01,1,1,1,1.0,1
atanas,4,deterministic,FUGW (G+A; official),test,2023-01-05-18,10,M4,/home/ubuntu/klb/nuclr/nuclr/Data/Atanas_SF_unified_000776/cv5_grouped_v1/fold_4/test/train__2023-01-05-18__d7235b22.npz,2023-01-09-22,1,93,68,103,M4,M4|MI|I3|IL1DR|OLQDL,3,OLQDL,0.25,0.1,0.01,1,1,1,1.0,0
atanas,4,deterministic,FUGW (G+A; official),test,2023-01-05-18,11,NSMR,/home/ubuntu/klb/nuclr/nuclr/Data/Atanas_SF_unified_000776/cv5_grouped_v1/fold_4/test/train__2023-01-05-18__d7235b22.npz,2023-01-09-22,0,93,-1,108,URYVR,URYVR|M3R|OLQVR|I1R|IL1R,23,M3R,0.25,0.1,0.01,-1,0,0,0.0,0
atanas,4,deterministic,FUGW (G+A; official),test,2023-01-05-18,13,M3L,/home/ubuntu/klb/nuclr/nuclr/Data/Atanas_SF_unified_000776/cv5_grouped_v1/fold_4/test/train__2023-01-05-18__d7235b22.npz,2023-01-09-22,1,93,28,40,M3L,M3L|IL2VL|NSML|I2L|URYVL,1,URYVL,0.25,0.1,0.01,1,1,1,1.0,0
atanas,4,deterministic,FUGW (G+A; official),test,2023-01-05-18,14,AWAL,/home/ubuntu/klb/nuclr/nuclr/Data/Atanas_SF_unified_000776/cv5_grouped_v1/fold_4/test/train__2023-01-05-18__d7235b22.npz,2023-01-09-22,0,93,-1,61,ADLL,ADLL|ASGL|RIVL|SMDVL|ASHL,58,ASHL,0.25,0.1,0.01,-1,0,0,0.0,0
atanas,4,deterministic,FUGW (G+A; official),test,2023-01-05-18,16,URBL,/home/ubuntu/klb/nuclr/nuclr/Data/Atanas_SF_unified_000776/cv5_grouped_v1/fold_4/test/train__2023-01-05-18__d7235b22.npz,2023-01-09-22,1,93,11,14,URBL,URBL|RMEL|IL1L|IL2L|URYDL,65,RMEL,0.25,0.1,0.01,1,1,1,1.0,0
atanas,4,deterministic,FUGW (G+A; official),test,2023-01-05-18,17,URBR,/home/ubuntu/klb/nuclr/nuclr/Data/Atanas_SF_unified_000776/cv5_grouped_v1/fold_4/test/train__2023-01-05-18__d7235b22.npz,2023-01-09-22,0,93,-1,34,RMER,RMER|RMDVR|IL1R|URYVR|IL2R,24,RMER,0.25,0.1,0.01,-1,0,0,0.0,0
atanas,4,deterministic,FUGW (G+A; official),test,2023-01-05-18,18,FLPL,/home/ubuntu/klb/nuclr/nuclr/Data/Atanas_SF_unified_000776/cv5_grouped_v1/fold_4/test/train__2023-01-05-18__d7235b22.npz,2023-01-09-22,1,93,30,109,ADAL,ADAL|ADEL|FLPL|M5|AIZL,72,ADAL,0.25,0.1,0.01,3,0,1,0.3333333333333333,0
atanas,4,deterministic,FUGW (G+A; official),test,2023-01-05-18,20,I1L,/home/ubuntu/klb/nuclr/nuclr/Data/Atanas_SF_unified_000776/cv5_grouped_v1/fold_4/test/train__2023-01-05-18__d7235b22.npz,2023-01-09-22,1,93,59,89,I1L,I1L|I2L|NSML|M3L|I1R,59,I1L,0.25,0.1,0.01,1,1,1,1.0,1
atanas,4,deterministic,FUGW (G+A; official),test,2023-01-05-18,21,ADLL,/home/ubuntu/klb/nuclr/nuclr/Data/Atanas_SF_unified_000776/cv5_grouped_v1/fold_4/test/train__2023-01-05-18__d7235b22.npz,2023-01-09-22,1,93,42,61,ADLL,ADLL|RIVL|M5|ASGL|CEPDL,42,ADLL,0.25,0.1,0.01,1,1,1,1.0,1
atanas,4,deterministic,FUGW (G+A; official),test,2023-01-05-18,24,RIAL,/home/ubuntu/klb/nuclr/nuclr/Data/Atanas_SF_unified_000776/cv5_grouped_v1/fold_4/test/train__2023-01-05-18__d7235b22.npz,2023-01-09-22,1,93,78,64,CEPDL,CEPDL|URXL|RIVL|RIAL|SMDVL,49,AVJL,0.25,0.1,0.01,4,0,1,0.25,0
atanas,4,deterministic,FUGW (G+A; official),test,2023-01-05-18,25,RIVL,/home/ubuntu/klb/nuclr/nuclr/Data/Atanas_SF_unified_000776/cv5_grouped_v1/fold_4/test/train__2023-01-05-18__d7235b22.npz,2023-01-09-22,1,93,20,111,ASGL,ASGL|AINL|M5|RIVL|AVJL,64,AINL,0.25,0.1,0.01,4,0,1,0.25,0
atanas,4,deterministic,FUGW (G+A; official),test,2023-01-05-18,26,I3,/home/ubuntu/klb/nuclr/nuclr/Data/Atanas_SF_unified_000776/cv5_grouped_v1/fold_4/test/train__2023-01-05-18__d7235b22.npz,2023-01-09-22,1,93,36,51,I3,I3|M4|MI|IL2DL|IL2DR,68,M4,0.25,0.1,0.01,1,1,1,1.0,0
atanas,4,deterministic,FUGW (G+A; official),test,2023-01-05-18,27,IL2VR,/home/ubuntu/klb/nuclr/nuclr/Data/Atanas_SF_unified_000776/cv5_grouped_v1/fold_4/test/train__2023-01-05-18__d7235b22.npz,2023-01-09-22,0,93,-1,15,I1R,I1R|URYVR|OLQVR|M3R|IL1VR,62,OLQVR,0.25,0.1,0.01,-1,0,0,0.0,0
atanas,4,deterministic,FUGW (G+A; official),test,2023-01-05-18,29,AVAR,/home/ubuntu/klb/nuclr/nuclr/Data/Atanas_SF_unified_000776/cv5_grouped_v1/fold_4/test/train__2023-01-05-18__d7235b22.npz,2023-01-09-22,1,93,81,125,AVAR,AVAR|RMDR|AUAR|AWCR|RIMR,81,AVAR,0.25,0.1,0.01,1,1,1,1.0,1
atanas,4,deterministic,FUGW (G+A; official),test,2023-01-05-18,30,AIZR,/home/ubuntu/klb/nuclr/nuclr/Data/Atanas_SF_unified_000776/cv5_grouped_v1/fold_4/test/train__2023-01-05-18__d7235b22.npz,2023-01-09-22,1,93,60,135,ADER,ADER|AIZR|FLPR|AVDR|AINR,0,AVDR,0.25,0.1,0.01,2,0,1,0.5,0
atanas,4,deterministic,FUGW (G+A; official),test,2023-01-05-18,31,URADR,/home/ubuntu/klb/nuclr/nuclr/Data/Atanas_SF_unified_000776/cv5_grouped_v1/fold_4/test/train__2023-01-05-18__d7235b22.npz,2023-01-09-22,0,93,-1,11,IL2DR,IL2DR|IL2R|URYDR|OLLR|IL1R,55,IL2R,0.25,0.1,0.01,-1,0,0,0.0,0
atanas,4,deterministic,FUGW (G+A; official),test,2023-01-05-18,32,AVL,/home/ubuntu/klb/nuclr/nuclr/Data/Atanas_SF_unified_000776/cv5_grouped_v1/fold_4/test/train__2023-01-05-18__d7235b22.npz,2023-01-09-22,0,93,-1,55,RMEV,RMEV|RMDDR|VB02|SMDDL|AIYL,22,RMDDR,0.25,0.1,0.01,-1,0,0,0.0,0
atanas,4,deterministic,FUGW (G+A; official),test,2023-01-05-18,35,M3R,/home/ubuntu/klb/nuclr/nuclr/Data/Atanas_SF_unified_000776/cv5_grouped_v1/fold_4/test/train__2023-01-05-18__d7235b22.npz,2023-01-09-22,1,93,23,108,URYVR,URYVR|OLQVR|M3R|IL1VR|IL1R,25,IL1VR,0.25,0.1,0.01,3,0,1,0.3333333333333333,0
atanas,4,deterministic,FUGW (G+A; official),test,2023-01-05-18,36,MCL,/home/ubuntu/klb/nuclr/nuclr/Data/Atanas_SF_unified_000776/cv5_grouped_v1/fold_4/test/train__2023-01-05-18__d7235b22.npz,2023-01-09-22,0,93,-1,89,I1L,I1L|I2L|NSML|M3L|IL2VL,28,M3L,0.25,0.1,0.01,-1,0,0,0.0,0
atanas,4,deterministic,FUGW (G+A; official),test,2023-01-05-18,37,CEPDL,/home/ubuntu/klb/nuclr/nuclr/Data/Atanas_SF_unified_000776/cv5_grouped_v1/fold_4/test/train__2023-01-05-18__d7235b22.npz,2023-01-09-22,1,93,44,64,CEPDL,CEPDL|SMDVL|RIVL|URXL|RIAL,44,CEPDL,0.25,0.1,0.01,1,1,1,1.0,1
atanas,4,deterministic,FUGW (G+A; official),test,2023-01-05-18,38,AINR,/home/ubuntu/klb/nuclr/nuclr/Data/Atanas_SF_unified_000776/cv5_grouped_v1/fold_4/test/train__2023-01-05-18__d7235b22.npz,2023-01-09-22,1,93,57,135,ADER,ADER|FLPR|AIZR|AINR|AVDR,86,ADER,0.25,0.1,0.01,4,0,1,0.25,0
atanas,4,deterministic,FUGW (G+A; official),test,2023-01-05-18,40,RMER,/home/ubuntu/klb/nuclr/nuclr/Data/Atanas_SF_unified_000776/cv5_grouped_v1/fold_4/test/train__2023-01-05-18__d7235b22.npz,2023-01-09-22,1,93,24,98,RMDVR,RMDVR|RMER|RIAR|RMDR|AVER,66,RMDVR,0.25,0.1,0.01,2,0,1,0.5,0
atanas,4,deterministic,FUGW (G+A; official),test,2023-01-05-18,42,OLLL,/home/ubuntu/klb/nuclr/nuclr/Data/Atanas_SF_unified_000776/cv5_grouped_v1/fold_4/test/train__2023-01-05-18__d7235b22.npz,2023-01-09-22,1,93,63,53,IL2DL,IL2DL|URYDL|URBL|OLLL|IL1L,11,URBL,0.25,0.1,0.01,4,0,1,0.25,0
atanas,4,deterministic,FUGW (G+A; official),test,2023-01-05-18,44,AVJR,/home/ubuntu/klb/nuclr/nuclr/Data/Atanas_SF_unified_000776/cv5_grouped_v1/fold_4/test/train__2023-01-05-18__d7235b22.npz,2023-01-09-22,1,93,51,0,AVDR,AVDR|ADER|AINR|AIZR|AWCR,57,AINR,0.25,0.1,0.01,6,0,0,0.16666666666666666,0
atanas,4,deterministic,FUGW (G+A; official),test,2023-01-05-18,45,OLLR,/home/ubuntu/klb/nuclr/nuclr/Data/Atanas_SF_unified_000776/cv5_grouped_v1/fold_4/test/train__2023-01-05-18__d7235b22.npz,2023-01-09-22,1,93,8,48,URYDR,URYDR|OLLR|IL2R|RMER|RMDVR,8,OLLR,0.25,0.1,0.01,2,0,1,0.5,1
atanas,4,deterministic,FUGW (G+A; official),test,2023-01-05-18,46,URYDL,/home/ubuntu/klb/nuclr/nuclr/Data/Atanas_SF_unified_000776/cv5_grouped_v1/fold_4/test/train__2023-01-05-18__d7235b22.npz,2023-01-09-22,1,93,6,8,URYDL,URYDL|IL2DL|OLLL|OLQDL|URBL,6,URYDL,0.25,0.1,0.01,1,1,1,1.0,1
atanas,4,deterministic,FUGW (G+A; official),test,2023-01-05-18,47,IL2VL,/home/ubuntu/klb/nuclr/nuclr/Data/Atanas_SF_unified_000776/cv5_grouped_v1/fold_4/test/train__2023-01-05-18__d7235b22.npz,2023-01-09-22,1,93,50,44,IL1VL,IL1VL|IL2VL|CEPVL|M3L|OLQVL,31,IL1VL,0.25,0.1,0.01,2,0,1,0.5,0
atanas,4,deterministic,FUGW (G+A; official),test,2023-01-05-18,50,ASEL,/home/ubuntu/klb/nuclr/nuclr/Data/Atanas_SF_unified_000776/cv5_grouped_v1/fold_4/test/train__2023-01-05-18__d7235b22.npz,2023-01-09-22,1,93,27,21,AWCL,AWCL|ASEL|AWBL|AVDL|ASHL,27,ASEL,0.25,0.1,0.01,2,0,1,0.5,1
atanas,4,deterministic,FUGW (G+A; official),test,2023-01-05-18,52,ADER,/home/ubuntu/klb/nuclr/nuclr/Data/Atanas_SF_unified_000776/cv5_grouped_v1/fold_4/test/train__2023-01-05-18__d7235b22.npz,2023-01-09-22,1,93,86,80,AVKR,AVKR|FLPR|ADER|AIMR|AIZR,53,AVKR,0.25,0.1,0.01,3,0,1,0.3333333333333333,0
atanas,4,deterministic,FUGW (G+A; official),test,2023-01-05-18,54,CEPDR,/home/ubuntu/klb/nuclr/nuclr/Data/Atanas_SF_unified_000776/cv5_grouped_v1/fold_4/test/train__2023-01-05-18__d7235b22.npz,2023-01-09-22,1,93,41,59,CEPDR,CEPDR|ASGR|RIVR|SMDVR|AVJR,41,CEPDR,0.25,0.1,0.01,1,1,1,1.0,1
atanas,4,deterministic,FUGW (G+A; official),test,2023-01-05-18,56,IL1L,/home/ubuntu/klb/nuclr/nuclr/Data/Atanas_SF_unified_000776/cv5_grouped_v1/fold_4/test/train__2023-01-05-18__d7235b22.npz,2023-01-09-22,1,93,79,121,IL1L,IL1L|IL2L|URBL|OLQVL|RMEL,79,IL1L,0.25,0.1,0.01,1,1,1,1.0,1
atanas,4,deterministic,FUGW (G+A; official),test,2023-01-05-18,58,URXL,/home/ubuntu/klb/nuclr/nuclr/Data/Atanas_SF_unified_000776/cv5_grouped_v1/fold_4/test/train__2023-01-05-18__d7235b22.npz,2023-01-09-22,1,93,56,64,CEPDL,CEPDL|URXL|RID|URXR|RIVL,56,URXL,0.25,0.1,0.01,2,0,1,0.5,1
atanas,4,deterministic,FUGW (G+A; official),test,2023-01-05-18,59,OLQDL,/home/ubuntu/klb/nuclr/nuclr/Data/Atanas_SF_unified_000776/cv5_grouped_v1/fold_4/test/train__2023-01-05-18__d7235b22.npz,2023-01-09-22,1,93,3,3,OLQDL,OLQDL|URXL|CEPDL|URYDL|RID,78,RIAL,0.25,0.1,0.01,1,1,1,1.0,0
atanas,4,deterministic,FUGW (G+A; official),test,2023-01-05-18,60,IL2R,/home/ubuntu/klb/nuclr/nuclr/Data/Atanas_SF_unified_000776/cv5_grouped_v1/fold_4/test/train__2023-01-05-18__d7235b22.npz,2023-01-09-22,1,93,55,114,IL1R,IL1R|URYVR|IL2R|RMDVR|OLLR,76,IL1R,0.25,0.1,0.01,3,0,1,0.3333333333333333,0
atanas,4,deterministic,FUGW (G+A; official),test,2023-01-05-18,61,AVER,/home/ubuntu/klb/nuclr/nuclr/Data/Atanas_SF_unified_000776/cv5_grouped_v1/fold_4/test/train__2023-01-05-18__d7235b22.npz,2023-01-09-22,1,93,40,113,AIBR,AIBR|AVER|RIMR|AVAR|SMDDL,75,AIBR,0.25,0.1,0.01,2,0,1,0.5,0
atanas,4,deterministic,FUGW (G+A; official),test,2023-01-05-18,62,IL1DR,/home/ubuntu/klb/nuclr/nuclr/Data/Atanas_SF_unified_000776/cv5_grouped_v1/fold_4/test/train__2023-01-05-18__d7235b22.npz,2023-01-09-22,1,93,19,25,IL1DR,IL1DR|IL2DR|URYDR|OLLR|RID,19,IL1DR,0.25,0.1,0.01,1,1,1,1.0,1
atanas,4,deterministic,FUGW (G+A; official),test,2023-01-05-18,63,OLQDR,/home/ubuntu/klb/nuclr/nuclr/Data/Atanas_SF_unified_000776/cv5_grouped_v1/fold_4/test/train__2023-01-05-18__d7235b22.npz,2023-01-09-22,0,93,-1,78,RID,RID|URYDR|IL1DR|URXR|OLLR,52,RID,0.25,0.1,0.01,-1,0,0,0.0,0
atanas,4,deterministic,FUGW (G+A; official),test,2023-01-05-18,64,AVJL,/home/ubuntu/klb/nuclr/nuclr/Data/Atanas_SF_unified_000776/cv5_grouped_v1/fold_4/test/train__2023-01-05-18__d7235b22.npz,2023-01-09-22,1,93,49,68,ADEL,ADEL|FLPL|AIZL|AWCL|AVDL,4,AIZL,0.25,0.1,0.01,9,0,0,0.1111111111111111,0
atanas,4,deterministic,FUGW (G+A; official),test,2023-01-05-18,66,I2L,/home/ubuntu/klb/nuclr/nuclr/Data/Atanas_SF_unified_000776/cv5_grouped_v1/fold_4/test/train__2023-01-05-18__d7235b22.npz,2023-01-09-22,1,93,26,37,I2L,I2L|I1L|NSML|IL2L|URYVL,26,I2L,0.25,0.1,0.01,1,1,1,1.0,1
atanas,4,deterministic,FUGW (G+A; official),test,2023-01-05-18,67,AVEL,/home/ubuntu/klb/nuclr/nuclr/Data/Atanas_SF_unified_000776/cv5_grouped_v1/fold_4/test/train__2023-01-05-18__d7235b22.npz,2023-01-09-22,1,93,80,130,RMDDL,RMDDL|AIBL|AUAL|AVEL|ASJL,83,RMDDL,0.25,0.1,0.01,4,0,1,0.25,0
atanas,4,deterministic,FUGW (G+A; official),test,2023-01-05-18,68,URYDR,/home/ubuntu/klb/nuclr/nuclr/Data/Atanas_SF_unified_000776/cv5_grouped_v1/fold_4/test/train__2023-01-05-18__d7235b22.npz,2023-01-09-22,1,93,33,48,URYDR,URYDR|OLLR|IL2DR|IL2R|IL1DR,33,URYDR,0.25,0.1,0.01,1,1,1,1.0,1
atanas,4,deterministic,FUGW (G+A; official),test,2023-01-05-18,69,URADL,/home/ubuntu/klb/nuclr/nuclr/Data/Atanas_SF_unified_000776/cv5_grouped_v1/fold_4/test/train__2023-01-05-18__d7235b22.npz,2023-01-09-22,0,93,-1,53,IL2DL,IL2DL|MI|I3|URYDL|M4,37,IL2DL,0.25,0.1,0.01,-1,0,0,0.0,0
atanas,4,deterministic,FUGW (G+A; official),test,2023-01-05-18,70,AVBL,/home/ubuntu/klb/nuclr/nuclr/Data/Atanas_SF_unified_000776/cv5_grouped_v1/fold_4/test/train__2023-01-05-18__d7235b22.npz,2023-01-09-22,0,93,-1,63,RIBL,RIBL|BAGL|RMEV|ASJL|ADLL,43,RIBL,0.25,0.1,0.01,-1,0,0,0.0,0
atanas,4,deterministic,FUGW (G+A; official),test,2023-01-05-18,71,MI,/home/ubuntu/klb/nuclr/nuclr/Data/Atanas_SF_unified_000776/cv5_grouped_v1/fold_4/test/train__2023-01-05-18__d7235b22.npz,2023-01-09-22,1,93,45,66,MI,MI|I3|M4|IL2DL|IL2DR,36,I3,0.25,0.1,0.01,1,1,1,1.0,0
atanas,4,deterministic,FUGW (G+A; official),test,2023-01-05-18,72,IL1DL,/home/ubuntu/klb/nuclr/nuclr/Data/Atanas_SF_unified_000776/cv5_grouped_v1/fold_4/test/train__2023-01-05-18__d7235b22.npz,2023-01-09-22,0,93,-1,53,IL2DL,IL2DL|OLQDL|URYDL|OLLL|MI,63,OLLL,0.25,0.1,0.01,-1,0,0,0.0,0
atanas,4,deterministic,FUGW (G+A; official),test,2023-01-05-18,73,M1,/home/ubuntu/klb/nuclr/nuclr/Data/Atanas_SF_unified_000776/cv5_grouped_v1/fold_4/test/train__2023-01-05-18__d7235b22.npz,2023-01-09-22,0,93,-1,92,ADLR,ADLR|RIVR|CEPDR|ASGR|URXR,69,RIVR,0.25,0.1,0.01,-1,0,0,0.0,0
atanas,4,deterministic,FUGW (G+A; official),test,2023-01-05-18,74,I2R,/home/ubuntu/klb/nuclr/nuclr/Data/Atanas_SF_unified_000776/cv5_grouped_v1/fold_4/test/train__2023-01-05-18__d7235b22.npz,2023-01-09-22,0,93,-1,108,URYVR,URYVR|I1R|M3R|OLQVR|IL1R,71,URYVR,0.25,0.1,0.01,-1,0,0,0.0,0
atanas,4,deterministic,FUGW (G+A; official),test,2023-01-05-18,75,AWCL,/home/ubuntu/klb/nuclr/nuclr/Data/Atanas_SF_unified_000776/cv5_grouped_v1/fold_4/test/train__2023-01-05-18__d7235b22.npz,2023-01-09-22,1,93,16,21,AWCL,AWCL|RMDL|AUAL|AVEL|ASEL,16,AWCL,0.25,0.1,0.01,1,1,1,1.0,1
atanas,4,deterministic,FUGW (G+A; official),test,2023-01-05-18,76,AIBR,/home/ubuntu/klb/nuclr/nuclr/Data/Atanas_SF_unified_000776/cv5_grouped_v1/fold_4/test/train__2023-01-05-18__d7235b22.npz,2023-01-09-22,1,93,75,112,RIMR,RIMR|AUAR|AIBR|AWCR|AIYR,15,AUAR,0.25,0.1,0.01,3,0,1,0.3333333333333333,0
atanas,4,deterministic,FUGW (G+A; official),test,2023-01-05-18,77,IL2DL,/home/ubuntu/klb/nuclr/nuclr/Data/Atanas_SF_unified_000776/cv5_grouped_v1/fold_4/test/train__2023-01-05-18__d7235b22.npz,2023-01-09-22,1,93,37,66,MI,MI|I3|IL2DL|M4|I1L,45,MI,0.25,0.1,0.01,3,0,1,0.3333333333333333,0
atanas,4,deterministic,FUGW (G+A; official),test,2023-01-05-18,79,IL2L,/home/ubuntu/klb/nuclr/nuclr/Data/Atanas_SF_unified_000776/cv5_grouped_v1/fold_4/test/train__2023-01-05-18__d7235b22.npz,2023-01-09-22,1,93,92,145,IL2L,IL2L|IL1L|URBL|BAGL|URYVL,92,IL2L,0.25,0.1,0.01,1,1,1,1.0,1
atanas,4,deterministic,FUGW (G+A; official),test,2023-01-05-18,80,RICL,/home/ubuntu/klb/nuclr/nuclr/Data/Atanas_SF_unified_000776/cv5_grouped_v1/fold_4/test/train__2023-01-05-18__d7235b22.npz,2023-01-09-22,0,93,-1,109,ADAL,ADAL|FLPL|ADEL|AIZL|ASJL,30,FLPL,0.25,0.1,0.01,-1,0,0,0.0,0
atanas,4,deterministic,FUGW (G+A; official),test,2023-01-05-18,82,I1R,/home/ubuntu/klb/nuclr/nuclr/Data/Atanas_SF_unified_000776/cv5_grouped_v1/fold_4/test/train__2023-01-05-18__d7235b22.npz,2023-01-09-22,1,93,12,15,I1R,I1R|I1L|M3R|NSML|I2L,12,I1R,0.25,0.1,0.01,1,1,1,1.0,1
atanas,4,deterministic,FUGW (G+A; official),test,2023-01-05-18,83,RIAR,/home/ubuntu/klb/nuclr/nuclr/Data/Atanas_SF_unified_000776/cv5_grouped_v1/fold_4/test/train__2023-01-05-18__d7235b22.npz,2023-01-09-22,1,93,21,28,RIAR,RIAR|SMDVR|RMDVR|AVJR|RMDR,21,RIAR,0.25,0.1,0.01,1,1,1,1.0,1
atanas,4,deterministic,FUGW (G+A; official),test,2023-01-05-18,84,ASGL,/home/ubuntu/klb/nuclr/nuclr/Data/Atanas_SF_unified_000776/cv5_grouped_v1/fold_4/test/train__2023-01-05-18__d7235b22.npz,2023-01-09-22,1,93,73,88,ASHL,ASHL|ASJL|ASGL|ADLL|AIBL,48,ASJL,0.25,0.1,0.01,3,0,1,0.3333333333333333,0
atanas,4,deterministic,FUGW (G+A; official),test,2023-01-05-18,85,ADLR,/home/ubuntu/klb/nuclr/nuclr/Data/Atanas_SF_unified_000776/cv5_grouped_v1/fold_4/test/train__2023-01-05-18__d7235b22.npz,2023-01-09-22,1,93,61,46,ASGR,ASGR|SMDVR|RIVR|AINR|AVJR,14,SMDVR,0.25,0.1,0.01,6,0,0,0.16666666666666666,0
atanas,4,deterministic,FUGW (G+A; official),test,2023-01-05-18,86,URXR,/home/ubuntu/klb/nuclr/nuclr/Data/Atanas_SF_unified_000776/cv5_grouped_v1/fold_4/test/train__2023-01-05-18__d7235b22.npz,2023-01-09-22,1,93,67,59,CEPDR,CEPDR|URXR|ADLR|RIVR|RID,67,URXR,0.25,0.1,0.01,2,0,1,0.5,1
atanas,4,deterministic,FUGW (G+A; official),test,2023-01-05-18,87,SMDVL,/home/ubuntu/klb/nuclr/nuclr/Data/Atanas_SF_unified_000776/cv5_grouped_v1/fold_4/test/train__2023-01-05-18__d7235b22.npz,2023-01-09-22,1,93,47,71,SMDVL,SMDVL|ASGL|AWBL|ASHL|RIAL,47,SMDVL,0.25,0.1,0.01,1,1,1,1.0,1
atanas,4,deterministic,FUGW (G+A; official),test,2023-01-05-18,88,RMDVL,/home/ubuntu/klb/nuclr/nuclr/Data/Atanas_SF_unified_000776/cv5_grouped_v1/fold_4/test/train__2023-01-05-18__d7235b22.npz,2023-01-09-22,1,93,13,16,RMDVL,RMDVL|AWCL|AWBL|RMEL|AVAL,13,RMDVL,0.25,0.1,0.01,1,1,1,1.0,1
atanas,4,deterministic,FUGW (G+A; official),test,2023-01-05-18,91,RID,/home/ubuntu/klb/nuclr/nuclr/Data/Atanas_SF_unified_000776/cv5_grouped_v1/fold_4/test/train__2023-01-05-18__d7235b22.npz,2023-01-09-22,1,93,52,92,ADLR,ADLR|RID|URXR|ADLL|RIVR,61,ADLR,0.25,0.1,0.01,2,0,1,0.5,0
atanas,4,deterministic,FUGW (G+A; official),test,2023-01-05-18,95,AWBL,/home/ubuntu/klb/nuclr/nuclr/Data/Atanas_SF_unified_000776/cv5_grouped_v1/fold_4/test/train__2023-01-05-18__d7235b22.npz,2023-01-09-22,1,93,87,136,AWBL,AWBL|AWCL|ASHL|ASEL|RMDVL,87,AWBL,0.25,0.1,0.01,1,1,1,1.0,1
atanas,4,deterministic,FUGW (G+A; official),test,2023-01-05-18,96,AUAL,/home/ubuntu/klb/nuclr/nuclr/Data/Atanas_SF_unified_000776/cv5_grouped_v1/fold_4/test/train__2023-01-05-18__d7235b22.npz,2023-01-09-22,1,93,89,140,AUAL,AUAL|RMDDL|FLPL|AIZL|ASJL,89,AUAL,0.25,0.1,0.01,1,1,1,1.0,1
atanas,4,deterministic,FUGW (G+A; official),test,2023-01-05-18,98,I6,/home/ubuntu/klb/nuclr/nuclr/Data/Atanas_SF_unified_000776/cv5_grouped_v1/fold_4/test/train__2023-01-05-18__d7235b22.npz,2023-01-09-22,0,93,-1,117,M5,M5|ADAL|ADEL|FLPL|AIZL,77,M5,0.25,0.1,0.01,-1,0,0,0.0,0
atanas,4,deterministic,FUGW (G+A; official),test,2023-01-05-18,100,I4,/home/ubuntu/klb/nuclr/nuclr/Data/Atanas_SF_unified_000776/cv5_grouped_v1/fold_4/test/train__2023-01-05-18__d7235b22.npz,2023-01-09-22,0,93,-1,117,M5,M5|RIVL|ADLR|URXR|RIVR,20,RIVL,0.25,0.1,0.01,-1,0,0,0.0,0
atanas,4,deterministic,FUGW (G+A; official),test,2023-01-05-18,101,URYVL,/home/ubuntu/klb/nuclr/nuclr/Data/Atanas_SF_unified_000776/cv5_grouped_v1/fold_4/test/train__2023-01-05-18__d7235b22.npz,2023-01-09-22,1,93,1,41,OLQVL,OLQVL|IL2VL|IL1L|URYVL|URBL,29,OLQVL,0.25,0.1,0.01,4,0,1,0.25,0
atanas,4,deterministic,FUGW (G+A; official),test,2023-01-05-18,103,SAAVL,/home/ubuntu/klb/nuclr/nuclr/Data/Atanas_SF_unified_000776/cv5_grouped_v1/fold_4/test/train__2023-01-05-18__d7235b22.npz,2023-01-09-22,0,93,-1,12,BAGL,BAGL|ADLL|ASGL|ASHL|AVAL,18,AVAL,0.25,0.1,0.01,-1,0,0,0.0,0
atanas,4,deterministic,FUGW (G+A; official),test,2023-01-05-18,104,NSML,/home/ubuntu/klb/nuclr/nuclr/Data/Atanas_SF_unified_000776/cv5_grouped_v1/fold_4/test/train__2023-01-05-18__d7235b22.npz,2023-01-09-22,1,93,84,37,I2L,I2L|NSML|I1L|URYVL|M3L,84,NSML,0.25,0.1,0.01,2,0,1,0.5,1
atanas,4,deterministic,FUGW (G+A; official),test,2023-01-05-18,105,AWBR,/home/ubuntu/klb/nuclr/nuclr/Data/Atanas_SF_unified_000776/cv5_grouped_v1/fold_4/test/train__2023-01-05-18__d7235b22.npz,2023-01-09-22,0,93,-1,77,AVJR,AVJR|AINR|ASGR|SMDVR|RIAR,51,AVJR,0.25,0.1,0.01,-1,0,0,0.0,0
atanas,4,deterministic,FUGW (G+A; official),test,2023-01-05-18,106,ASER,/home/ubuntu/klb/nuclr/nuclr/Data/Atanas_SF_unified_000776/cv5_grouped_v1/fold_4/test/train__2023-01-05-18__d7235b22.npz,2023-01-09-22,0,93,-1,125,AVAR,AVAR|RIMR|AIZR|AUAR|ADER,74,RIMR,0.25,0.1,0.01,-1,0,0,0.0,0
atanas,4,deterministic,FUGW (G+A; official),test,2023-01-05-18,108,ASIL,/home/ubuntu/klb/nuclr/nuclr/Data/Atanas_SF_unified_000776/cv5_grouped_v1/fold_4/test/train__2023-01-05-18__d7235b22.npz,2023-01-09-22,0,93,-1,61,ADLL,ADLL|RIVL|ASGL|AINL|ASHL,73,ASGL,0.25,0.1,0.01,-1,0,0,0.0,0
atanas,4,deterministic,FUGW (G+A; official),test,2023-01-05-18,109,AVHL,/home/ubuntu/klb/nuclr/nuclr/Data/Atanas_SF_unified_000776/cv5_grouped_v1/fold_4/test/train__2023-01-05-18__d7235b22.npz,2023-01-09-22,0,93,-1,95,AINL,AINL|AVDL|AVJL|ASEL|AIZL,34,AVDL,0.25,0.1,0.01,-1,0,0,0.0,0
atanas,4,deterministic,FUGW (G+A; official),test,2023-01-05-18,110,AIZL,/home/ubuntu/klb/nuclr/nuclr/Data/Atanas_SF_unified_000776/cv5_grouped_v1/fold_4/test/train__2023-01-05-18__d7235b22.npz,2023-01-09-22,1,93,4,43,FLPL,FLPL|ADEL|ADAL|AIZL|AUAL,46,ADEL,0.25,0.1,0.01,4,0,1,0.25,0
atanas,4,deterministic,FUGW (G+A; official),test,2023-01-05-18,113,RMDDL,/home/ubuntu/klb/nuclr/nuclr/Data/Atanas_SF_unified_000776/cv5_grouped_v1/fold_4/test/train__2023-01-05-18__d7235b22.npz,2023-01-09-22,1,93,83,139,VB02,VB02|AIYL|AUAL|RMDDL|RMDDR,88,VB02,0.25,0.1,0.01,4,0,1,0.25,0
atanas,4,deterministic,FUGW (G+A; official),test,2023-01-05-18,114,RIVR,/home/ubuntu/klb/nuclr/nuclr/Data/Atanas_SF_unified_000776/cv5_grouped_v1/fold_4/test/train__2023-01-05-18__d7235b22.npz,2023-01-09-22,1,93,69,46,ASGR,ASGR|AINR|AVJR|RIVR|SMDVR,32,ASGR,0.25,0.1,0.01,4,0,1,0.25,0
atanas,4,deterministic,FUGW (G+A; official),test,2023-01-05-18,116,OLQVR,/home/ubuntu/klb/nuclr/nuclr/Data/Atanas_SF_unified_000776/cv5_grouped_v1/fold_4/test/train__2023-01-05-18__d7235b22.npz,2023-01-09-22,1,93,62,36,IL1VR,IL1VR|CEPVR|OLQVR|RIH|RMER,17,CEPVR,0.25,0.1,0.01,3,0,1,0.3333333333333333,0
atanas,4,deterministic,FUGW (G+A; official),test,2023-01-05-18,117,RMEV,/home/ubuntu/klb/nuclr/nuclr/Data/Atanas_SF_unified_000776/cv5_grouped_v1/fold_4/test/train__2023-01-05-18__d7235b22.npz,2023-01-09-22,1,93,39,50,SMDDL,SMDDL|RIH|CEPVR|RMDDR|RMEV,35,SMDDL,0.25,0.1,0.01,5,0,1,0.2,0
atanas,4,deterministic,FUGW (G+A; official),test,2023-01-05-18,119,FLPR,/home/ubuntu/klb/nuclr/nuclr/Data/Atanas_SF_unified_000776/cv5_grouped_v1/fold_4/test/train__2023-01-05-18__d7235b22.npz,2023-01-09-22,1,93,70,80,AVKR,AVKR|FLPR|AIMR|AIYR|AIZR,70,FLPR,0.25,0.1,0.01,2,0,1,0.5,1
atanas,4,deterministic,FUGW (G+A; official),test,2023-01-05-18,121,RMDVR,/home/ubuntu/klb/nuclr/nuclr/Data/Atanas_SF_unified_000776/cv5_grouped_v1/fold_4/test/train__2023-01-05-18__d7235b22.npz,2023-01-09-22,1,93,66,142,AWCR,AWCR|RMDVR|RMDR|AUAR|AVAR,91,AWCR,0.25,0.1,0.01,2,0,1,0.5,0
atanas,4,deterministic,FUGW (G+A; official),test,2023-01-16-08,1,SAADR,/home/ubuntu/klb/nuclr/nuclr/Data/Atanas_SF_unified_000776/cv5_grouped_v1/fold_4/test/train__2023-01-16-08__efcc90b0.npz,2023-01-09-22,0,93,-1,31,RMDDR,RMDDR|SMDDL|RIMR|AIYR|AIBR,22,RMDDR,0.25,0.1,0.01,-1,0,0,0.0,0
atanas,4,deterministic,FUGW (G+A; official),test,2023-01-16-08,2,RIAR,/home/ubuntu/klb/nuclr/nuclr/Data/Atanas_SF_unified_000776/cv5_grouped_v1/fold_4/test/train__2023-01-16-08__efcc90b0.npz,2023-01-09-22,1,93,21,17,SMDVR,SMDVR|CEPDR|ASGR|RIVR|RIAR,21,RIAR,0.25,0.1,0.01,5,0,1,0.2,1
atanas,4,deterministic,FUGW (G+A; official),test,2023-01-16-08,3,MCL,/home/ubuntu/klb/nuclr/nuclr/Data/Atanas_SF_unified_000776/cv5_grouped_v1/fold_4/test/train__2023-01-16-08__efcc90b0.npz,2023-01-09-22,0,93,-1,37,I2L,I2L|I1L|NSML|M3L|IL2VL,28,M3L,0.25,0.1,0.01,-1,0,0,0.0,0
atanas,4,deterministic,FUGW (G+A; official),test,2023-01-16-08,4,RMER,/home/ubuntu/klb/nuclr/nuclr/Data/Atanas_SF_unified_000776/cv5_grouped_v1/fold_4/test/train__2023-01-16-08__efcc90b0.npz,2023-01-09-22,1,93,24,48,URYDR,URYDR|OLLR|IL2R|IL2DR|RMDVR,8,OLLR,0.25,0.1,0.01,6,0,0,0.16666666666666666,0
atanas,4,deterministic,FUGW (G+A; official),test,2023-01-16-08,5,CEPDR,/home/ubuntu/klb/nuclr/nuclr/Data/Atanas_SF_unified_000776/cv5_grouped_v1/fold_4/test/train__2023-01-16-08__efcc90b0.npz,2023-01-09-22,1,93,41,59,CEPDR,CEPDR|ASGR|RIVR|ADLR|SMDVR,41,CEPDR,0.25,0.1,0.01,1,1,1,1.0,1
atanas,4,deterministic,FUGW (G+A; official),test,2023-01-16-08,6,AWCR,/home/ubuntu/klb/nuclr/nuclr/Data/Atanas_SF_unified_000776/cv5_grouped_v1/fold_4/test/train__2023-01-16-08__efcc90b0.npz,2023-01-09-22,1,93,91,18,AUAR,AUAR|AWCR|AIBR|RMDR|RIMR,15,AUAR,0.25,0.1,0.01,2,0,1,0.5,0
atanas,4,deterministic,FUGW (G+A; official),test,2023-01-16-08,7,RMGL,/home/ubuntu/klb/nuclr/nuclr/Data/Atanas_SF_unified_000776/cv5_grouped_v1/fold_4/test/train__2023-01-16-08__efcc90b0.npz,2023-01-09-22,0,93,-1,109,ADAL,ADAL|M5|ADEL|FLPL|AIZL,72,ADAL,0.25,0.1,0.01,-1,0,0,0.0,0
atanas,4,deterministic,FUGW (G+A; official),test,2023-01-16-08,10,AWCL,/home/ubuntu/klb/nuclr/nuclr/Data/Atanas_SF_unified_000776/cv5_grouped_v1/fold_4/test/train__2023-01-16-08__efcc90b0.npz,2023-01-09-22,1,93,16,129,AIBL,AIBL|AVEL|RMDL|AUAL|ASJL,82,AIBL,0.25,0.1,0.01,8,0,0,0.125,0
atanas,4,deterministic,FUGW (G+A; official),test,2023-01-16-08,11,RIS,/home/ubuntu/klb/nuclr/nuclr/Data/Atanas_SF_unified_000776/cv5_grouped_v1/fold_4/test/train__2023-01-16-08__efcc90b0.npz,2023-01-09-22,0,93,-1,130,RMDDL,RMDDL|CEPVL|RIH|SMDDL|RMDDR,-1,,0.25,0.1,0.01,-1,0,0,0.0,0
atanas,4,deterministic,FUGW (G+A; official),test,2023-01-16-08,12,ASGR,/home/ubuntu/klb/nuclr/nuclr/Data/Atanas_SF_unified_000776/cv5_grouped_v1/fold_4/test/train__2023-01-16-08__efcc90b0.npz,2023-01-09-22,1,93,32,87,AINR,AINR|ASGR|AVJR|SMDVR|RIVR,32,ASGR,0.25,0.1,0.01,2,0,1,0.5,1
atanas,4,deterministic,FUGW (G+A; official),test,2023-01-16-08,13,M4,/home/ubuntu/klb/nuclr/nuclr/Data/Atanas_SF_unified_000776/cv5_grouped_v1/fold_4/test/train__2023-01-16-08__efcc90b0.npz,2023-01-09-22,1,93,68,66,MI,MI|M4|I3|IL2DR|IL1DR,68,M4,0.25,0.1,0.01,2,0,1,0.5,1
atanas,4,deterministic,FUGW (G+A; official),test,2023-01-16-08,14,AIBL,/home/ubuntu/klb/nuclr/nuclr/Data/Atanas_SF_unified_000776/cv5_grouped_v1/fold_4/test/train__2023-01-16-08__efcc90b0.npz,2023-01-09-22,1,93,82,129,AIBL,AIBL|RMDDL|RMDL|AVEL|AUAL,80,AVEL,0.25,0.1,0.01,1,1,1,1.0,0
atanas,4,deterministic,FUGW (G+A; official),test,2023-01-16-08,15,URYDL,/home/ubuntu/klb/nuclr/nuclr/Data/Atanas_SF_unified_000776/cv5_grouped_v1/fold_4/test/train__2023-01-16-08__efcc90b0.npz,2023-01-09-22,1,93,6,53,IL2DL,IL2DL|URYDL|MI|OLLL|I3,37,IL2DL,0.25,0.1,0.01,2,0,1,0.5,0
atanas,4,deterministic,FUGW (G+A; official),test,2023-01-16-08,16,OLQVR,/home/ubuntu/klb/nuclr/nuclr/Data/Atanas_SF_unified_000776/cv5_grouped_v1/fold_4/test/train__2023-01-16-08__efcc90b0.npz,2023-01-09-22,1,93,62,34,RMER,RMER|URYVR|IL1R|RMDVR|CEPVR,66,RMDVR,0.25,0.1,0.01,7,0,0,0.14285714285714285,0
atanas,4,deterministic,FUGW (G+A; official),test,2023-01-16-08,17,RIH,/home/ubuntu/klb/nuclr/nuclr/Data/Atanas_SF_unified_000776/cv5_grouped_v1/fold_4/test/train__2023-01-16-08__efcc90b0.npz,2023-01-09-22,1,93,38,9,CEPVL,CEPVL|RMEV|IL1VL|RMDDL|RIH,7,CEPVL,0.25,0.1,0.01,5,0,1,0.2,0
atanas,4,deterministic,FUGW (G+A; official),test,2023-01-16-08,18,AVHL,/home/ubuntu/klb/nuclr/nuclr/Data/Atanas_SF_unified_000776/cv5_grouped_v1/fold_4/test/train__2023-01-16-08__efcc90b0.npz,2023-01-09-22,0,93,-1,71,SMDVL,SMDVL|AWBL|ASGL|AVJL|AINL,78,RIAL,0.25,0.1,0.01,-1,0,0,0.0,0
atanas,4,deterministic,FUGW (G+A; official),test,2023-01-16-08,20,IL1VL,/home/ubuntu/klb/nuclr/nuclr/Data/Atanas_SF_unified_000776/cv5_grouped_v1/fold_4/test/train__2023-01-16-08__efcc90b0.npz,2023-01-09-22,1,93,31,131,NSML,NSML|I2L|I1L|M3L|IL2VL,84,NSML,0.25,0.1,0.01,10,0,0,0.1,0
atanas,4,deterministic,FUGW (G+A; official),test,2023-01-16-08,22,AVJR,/home/ubuntu/klb/nuclr/nuclr/Data/Atanas_SF_unified_000776/cv5_grouped_v1/fold_4/test/train__2023-01-16-08__efcc90b0.npz,2023-01-09-22,1,93,51,135,ADER,ADER|FLPR|AIZR|AINR|AVDR,86,ADER,0.25,0.1,0.01,6,0,0,0.16666666666666666,0
atanas,4,deterministic,FUGW (G+A; official),test,2023-01-16-08,23,IL2R,/home/ubuntu/klb/nuclr/nuclr/Data/Atanas_SF_unified_000776/cv5_grouped_v1/fold_4/test/train__2023-01-16-08__efcc90b0.npz,2023-01-09-22,1,93,55,114,IL1R,IL1R|URYVR|IL2R|IL2DR|OLLR,76,IL1R,0.25,0.1,0.01,3,0,1,0.3333333333333333,0
atanas,4,deterministic,FUGW (G+A; official),test,2023-01-16-08,24,I3,/home/ubuntu/klb/nuclr/nuclr/Data/Atanas_SF_unified_000776/cv5_grouped_v1/fold_4/test/train__2023-01-16-08__efcc90b0.npz,2023-01-09-22,1,93,36,51,I3,I3|M4|MI|IL2DL|IL2DR,36,I3,0.25,0.1,0.01,1,1,1,1.0,1
atanas,4,deterministic,FUGW (G+A; official),test,2023-01-16-08,25,SMDDL,/home/ubuntu/klb/nuclr/nuclr/Data/Atanas_SF_unified_000776/cv5_grouped_v1/fold_4/test/train__2023-01-16-08__efcc90b0.npz,2023-01-09-22,1,93,35,44,IL1VL,IL1VL|IL2VL|OLQVL|CEPVL|RMEL,31,IL1VL,0.25,0.1,0.01,41,0,0,0.024390243902439025,0
atanas,4,deterministic,FUGW (G+A; official),test,2023-01-16-08,26,M3R,/home/ubuntu/klb/nuclr/nuclr/Data/Atanas_SF_unified_000776/cv5_grouped_v1/fold_4/test/train__2023-01-16-08__efcc90b0.npz,2023-01-09-22,1,93,23,93,OLQVR,OLQVR|URYVR|M3R|IL1VR|IL1R,25,IL1VR,0.25,0.1,0.01,3,0,1,0.3333333333333333,0
atanas,4,deterministic,FUGW (G+A; official),test,2023-01-16-08,27,SMDDR,/home/ubuntu/klb/nuclr/nuclr/Data/Atanas_SF_unified_000776/cv5_grouped_v1/fold_4/test/train__2023-01-16-08__efcc90b0.npz,2023-01-09-22,0,93,-1,23,CEPVR,CEPVR|RIH|IL1VR|RMER|OLQVR,24,RMER,0.25,0.1,0.01,-1,0,0,0.0,0
atanas,4,deterministic,FUGW (G+A; official),test,2023-01-16-08,30,I1L,/home/ubuntu/klb/nuclr/nuclr/Data/Atanas_SF_unified_000776/cv5_grouped_v1/fold_4/test/train__2023-01-16-08__efcc90b0.npz,2023-01-09-22,1,93,59,89,I1L,I1L|I2L|NSML|M3L|I1R,59,I1L,0.25,0.1,0.01,1,1,1,1.0,1
atanas,4,deterministic,FUGW (G+A; official),test,2023-01-16-08,31,I6,/home/ubuntu/klb/nuclr/nuclr/Data/Atanas_SF_unified_000776/cv5_grouped_v1/fold_4/test/train__2023-01-16-08__efcc90b0.npz,2023-01-09-22,0,93,-1,27,RIVL,RIVL|M5|CEPDL|ADLL|AINL,67,URXR,0.25,0.1,0.01,-1,0,0,0.0,0
atanas,4,deterministic,FUGW (G+A; official),test,2023-01-16-08,32,AWAL,/home/ubuntu/klb/nuclr/nuclr/Data/Atanas_SF_unified_000776/cv5_grouped_v1/fold_4/test/train__2023-01-16-08__efcc90b0.npz,2023-01-09-22,0,93,-1,24,AVAL,AVAL|ASHL|RMDL|AWCL|RMDVL,18,AVAL,0.25,0.1,0.01,-1,0,0,0.0,0
atanas,4,deterministic,FUGW (G+A; official),test,2023-01-16-08,35,BAGL,/home/ubuntu/klb/nuclr/nuclr/Data/Atanas_SF_unified_000776/cv5_grouped_v1/fold_4/test/train__2023-01-16-08__efcc90b0.npz,2023-01-09-22,1,93,10,12,BAGL,BAGL|RIBL|AVAL|RMEV|IL2L,10,BAGL,0.25,0.1,0.01,1,1,1,1.0,1
atanas,4,deterministic,FUGW (G+A; official),test,2023-01-16-08,36,ADLL,/home/ubuntu/klb/nuclr/nuclr/Data/Atanas_SF_unified_000776/cv5_grouped_v1/fold_4/test/train__2023-01-16-08__efcc90b0.npz,2023-01-09-22,1,93,42,61,ADLL,ADLL|RIVL|CEPDL|URXL|ASGL,42,ADLL,0.25,0.1,0.01,1,1,1,1.0,1
atanas,4,deterministic,FUGW (G+A; official),test,2023-01-16-08,38,ASGL,/home/ubuntu/klb/nuclr/nuclr/Data/Atanas_SF_unified_000776/cv5_grouped_v1/fold_4/test/train__2023-01-16-08__efcc90b0.npz,2023-01-09-22,1,93,73,61,ADLL,ADLL|ASGL|ASHL|SMDVL|RIVL,58,ASHL,0.25,0.1,0.01,2,0,1,0.5,0
atanas,4,deterministic,FUGW (G+A; official),test,2023-01-16-08,39,AVEL,/home/ubuntu/klb/nuclr/nuclr/Data/Atanas_SF_unified_000776/cv5_grouped_v1/fold_4/test/train__2023-01-16-08__efcc90b0.npz,2023-01-09-22,1,93,80,7,RMDL,RMDL|AVEL|AIBL|AVAL|RMDDL,-1,,0.25,0.1,0.01,2,0,1,0.5,0
atanas,4,deterministic,FUGW (G+A; official),test,2023-01-16-08,40,SAADL,/home/ubuntu/klb/nuclr/nuclr/Data/Atanas_SF_unified_000776/cv5_grouped_v1/fold_4/test/train__2023-01-16-08__efcc90b0.npz,2023-01-09-22,0,93,-1,130,RMDDL,RMDDL|AUAL|RMEV|ASJL|AIBL,48,ASJL,0.25,0.1,0.01,-1,0,0,0.0,0
atanas,4,deterministic,FUGW (G+A; official),test,2023-01-16-08,42,SMDVR,/home/ubuntu/klb/nuclr/nuclr/Data/Atanas_SF_unified_000776/cv5_grouped_v1/fold_4/test/train__2023-01-16-08__efcc90b0.npz,2023-01-09-22,1,93,14,46,ASGR,ASGR|SMDVR|CEPDR|AVJR|RIVR,14,SMDVR,0.25,0.1,0.01,2,0,1,0.5,1
atanas,4,deterministic,FUGW (G+A; official),test,2023-01-16-08,43,I2R,/home/ubuntu/klb/nuclr/nuclr/Data/Atanas_SF_unified_000776/cv5_grouped_v1/fold_4/test/train__2023-01-16-08__efcc90b0.npz,2023-01-09-22,0,93,-1,15,I1R,I1R|M3R|URYVR|OLQVR|IL1VR,71,URYVR,0.25,0.1,0.01,-1,0,0,0.0,0
atanas,4,deterministic,FUGW (G+A; official),test,2023-01-16-08,45,RICL,/home/ubuntu/klb/nuclr/nuclr/Data/Atanas_SF_unified_000776/cv5_grouped_v1/fold_4/test/train__2023-01-16-08__efcc90b0.npz,2023-01-09-22,0,93,-1,43,FLPL,FLPL|AIZL|ADEL|ADAL|ASJL,30,FLPL,0.25,0.1,0.01,-1,0,0,0.0,0
atanas,4,deterministic,FUGW (G+A; official),test,2023-01-16-08,46,AQR,/home/ubuntu/klb/nuclr/nuclr/Data/Atanas_SF_unified_000776/cv5_grouped_v1/fold_4/test/train__2023-01-16-08__efcc90b0.npz,2023-01-09-22,0,93,-1,55,RMEV,RMEV|VB02|AIYL|ASJL|AIMR,74,RIMR,0.25,0.1,0.01,-1,0,0,0.0,0
atanas,4,deterministic,FUGW (G+A; official),test,2023-01-16-08,47,SAAVL,/home/ubuntu/klb/nuclr/nuclr/Data/Atanas_SF_unified_000776/cv5_grouped_v1/fold_4/test/train__2023-01-16-08__efcc90b0.npz,2023-01-09-22,0,93,-1,86,URXL,URXL|OLQDL|URYDL|RIAL|CEPDL,-1,,0.25,0.1,0.01,-1,0,0,0.0,0
atanas,4,deterministic,FUGW (G+A; official),test,2023-01-16-08,49,AWBL,/home/ubuntu/klb/nuclr/nuclr/Data/Atanas_SF_unified_000776/cv5_grouped_v1/fold_4/test/train__2023-01-16-08__efcc90b0.npz,2023-01-09-22,1,93,87,16,RMDVL,RMDVL|AWBL|AWCL|AVAL|SMDVL,13,RMDVL,0.25,0.1,0.01,2,0,1,0.5,0
atanas,4,deterministic,FUGW (G+A; official),test,2023-01-16-08,51,URYVL,/home/ubuntu/klb/nuclr/nuclr/Data/Atanas_SF_unified_000776/cv5_grouped_v1/fold_4/test/train__2023-01-16-08__efcc90b0.npz,2023-01-09-22,1,93,1,41,OLQVL,OLQVL|IL1L|URYVL|URBL|IL2VL,11,URBL,0.25,0.1,0.01,3,0,1,0.3333333333333333,0
atanas,4,deterministic,FUGW (G+A; official),test,2023-01-16-08,52,AVL,/home/ubuntu/klb/nuclr/nuclr/Data/Atanas_SF_unified_000776/cv5_grouped_v1/fold_4/test/train__2023-01-16-08__efcc90b0.npz,2023-01-09-22,0,93,-1,50,SMDDL,SMDDL|RIH|RMDDR|CEPVR|AVER,40,AVER,0.25,0.1,0.01,-1,0,0,0.0,0
atanas,4,deterministic,FUGW (G+A; official),test,2023-01-16-08,53,I2L,/home/ubuntu/klb/nuclr/nuclr/Data/Atanas_SF_unified_000776/cv5_grouped_v1/fold_4/test/train__2023-01-16-08__efcc90b0.npz,2023-01-09-22,1,93,26,37,I2L,I2L|NSML|IL2L|I1L|URYVL,26,I2L,0.25,0.1,0.01,1,1,1,1.0,1
atanas,4,deterministic,FUGW (G+A; official),test,2023-01-16-08,55,ASEL,/home/ubuntu/klb/nuclr/nuclr/Data/Atanas_SF_unified_000776/cv5_grouped_v1/fold_4/test/train__2023-01-16-08__efcc90b0.npz,2023-01-09-22,1,93,27,136,AWBL,AWBL|RMDVL|AWCL|SMDVL|ASEL,87,AWBL,0.25,0.1,0.01,5,0,1,0.2,0
atanas,4,deterministic,FUGW (G+A; official),test,2023-01-16-08,56,NSMR,/home/ubuntu/klb/nuclr/nuclr/Data/Atanas_SF_unified_000776/cv5_grouped_v1/fold_4/test/train__2023-01-16-08__efcc90b0.npz,2023-01-09-22,0,93,-1,15,I1R,I1R|M3R|URYVR|OLQVR|IL1VR,62,OLQVR,0.25,0.1,0.01,-1,0,0,0.0,0
atanas,4,deterministic,FUGW (G+A; official),test,2023-01-16-08,58,AIZR,/home/ubuntu/klb/nuclr/nuclr/Data/Atanas_SF_unified_000776/cv5_grouped_v1/fold_4/test/train__2023-01-16-08__efcc90b0.npz,2023-01-09-22,1,93,60,106,FLPR,FLPR|ADER|AIZR|AVDR|AINR,70,FLPR,0.25,0.1,0.01,3,0,1,0.3333333333333333,0
atanas,4,deterministic,FUGW (G+A; official),test,2023-01-16-08,59,I1R,/home/ubuntu/klb/nuclr/nuclr/Data/Atanas_SF_unified_000776/cv5_grouped_v1/fold_4/test/train__2023-01-16-08__efcc90b0.npz,2023-01-09-22,1,93,12,15,I1R,I1R|I1L|M3R|NSML|I2L,12,I1R,0.25,0.1,0.01,1,1,1,1.0,1
atanas,4,deterministic,FUGW (G+A; official),test,2023-01-16-08,61,CEPDL,/home/ubuntu/klb/nuclr/nuclr/Data/Atanas_SF_unified_000776/cv5_grouped_v1/fold_4/test/train__2023-01-16-08__efcc90b0.npz,2023-01-09-22,1,93,44,64,CEPDL,CEPDL|URXL|SMDVL|RIVL|ADLL,44,CEPDL,0.25,0.1,0.01,1,1,1,1.0,1
atanas,4,deterministic,FUGW (G+A; official),test,2023-01-16-08,64,RMDL,/home/ubuntu/klb/nuclr/nuclr/Data/Atanas_SF_unified_000776/cv5_grouped_v1/fold_4/test/train__2023-01-16-08__efcc90b0.npz,2023-01-09-22,1,93,5,7,RMDL,RMDL|AWCL|RMEL|AVEL|RMDVL,5,RMDL,0.25,0.1,0.01,1,1,1,1.0,1
atanas,4,deterministic,FUGW (G+A; official),test,2023-01-16-08,65,URBL,/home/ubuntu/klb/nuclr/nuclr/Data/Atanas_SF_unified_000776/cv5_grouped_v1/fold_4/test/train__2023-01-16-08__efcc90b0.npz,2023-01-09-22,1,93,11,53,IL2DL,IL2DL|URBL|URYDL|OLLL|MI,63,OLLL,0.25,0.1,0.01,2,0,1,0.5,0
atanas,4,deterministic,FUGW (G+A; official),test,2023-01-16-08,67,AUAL,/home/ubuntu/klb/nuclr/nuclr/Data/Atanas_SF_unified_000776/cv5_grouped_v1/fold_4/test/train__2023-01-16-08__efcc90b0.npz,2023-01-09-22,1,93,89,21,AWCL,AWCL|RMDVL|RMDL|AVEL|AWBL,16,AWCL,0.25,0.1,0.01,13,0,0,0.07692307692307693,0
atanas,4,deterministic,FUGW (G+A; official),test,2023-01-16-08,68,AVAL,/home/ubuntu/klb/nuclr/nuclr/Data/Atanas_SF_unified_000776/cv5_grouped_v1/fold_4/test/train__2023-01-16-08__efcc90b0.npz,2023-01-09-22,1,93,18,24,AVAL,AVAL|RMDVL|RIAL|SMDVL|ASHL,65,RMEL,0.25,0.1,0.01,1,1,1,1.0,0
atanas,4,deterministic,FUGW (G+A; official),test,2023-01-16-08,70,OLQVL,/home/ubuntu/klb/nuclr/nuclr/Data/Atanas_SF_unified_000776/cv5_grouped_v1/fold_4/test/train__2023-01-16-08__efcc90b0.npz,2023-01-09-22,1,93,29,41,OLQVL,OLQVL|IL2VL|IL1L|URYVL|IL2L,29,OLQVL,0.25,0.1,0.01,1,1,1,1.0,1
atanas,4,deterministic,FUGW (G+A; official),test,2023-01-16-08,71,IL2DR,/home/ubuntu/klb/nuclr/nuclr/Data/Atanas_SF_unified_000776/cv5_grouped_v1/fold_4/test/train__2023-01-16-08__efcc90b0.npz,2023-01-09-22,1,93,9,11,IL2DR,IL2DR|M3R|I1R|IL2R|URYVR,9,IL2DR,0.25,0.1,0.01,1,1,1,1.0,1
atanas,4,deterministic,FUGW (G+A; official),test,2023-01-16-08,72,M1,/home/ubuntu/klb/nuclr/nuclr/Data/Atanas_SF_unified_000776/cv5_grouped_v1/fold_4/test/train__2023-01-16-08__efcc90b0.npz,2023-01-09-22,0,93,-1,105,RIVR,RIVR|ADLR|ASGR|CEPDR|AVJR,69,RIVR,0.25,0.1,0.01,-1,0,0,0.0,0
atanas,4,deterministic,FUGW (G+A; official),test,2023-01-16-08,74,AVDL,/home/ubuntu/klb/nuclr/nuclr/Data/Atanas_SF_unified_000776/cv5_grouped_v1/fold_4/test/train__2023-01-16-08__efcc90b0.npz,2023-01-09-22,1,93,34,136,AWBL,AWBL|ASEL|AVJL|AWCL|AVDL,27,ASEL,0.25,0.1,0.01,5,0,1,0.2,0
atanas,4,deterministic,FUGW (G+A; official),test,2023-01-16-08,75,OLQDR,/home/ubuntu/klb/nuclr/nuclr/Data/Atanas_SF_unified_000776/cv5_grouped_v1/fold_4/test/train__2023-01-16-08__efcc90b0.npz,2023-01-09-22,0,93,-1,11,IL2DR,IL2DR|URYDR|IL1DR|RID|OLLR,33,URYDR,0.25,0.1,0.01,-1,0,0,0.0,0
atanas,4,deterministic,FUGW (G+A; official),test,2023-01-16-08,76,FLPL,/home/ubuntu/klb/nuclr/nuclr/Data/Atanas_SF_unified_000776/cv5_grouped_v1/fold_4/test/train__2023-01-16-08__efcc90b0.npz,2023-01-09-22,1,93,30,68,ADEL,ADEL|FLPL|AIZL|AVDL|ADAL,4,AIZL,0.25,0.1,0.01,2,0,1,0.5,0
atanas,4,deterministic,FUGW (G+A; official),test,2023-01-16-08,80,AVER,/home/ubuntu/klb/nuclr/nuclr/Data/Atanas_SF_unified_000776/cv5_grouped_v1/fold_4/test/train__2023-01-16-08__efcc90b0.npz,2023-01-09-22,1,93,40,81,RMDR,RMDR|AVAR|AWCR|RMDVR|AUAR,54,RMDR,0.25,0.1,0.01,7,0,0,0.14285714285714285,0
atanas,4,deterministic,FUGW (G+A; official),test,2023-01-16-08,81,ADEL,/home/ubuntu/klb/nuclr/nuclr/Data/Atanas_SF_unified_000776/cv5_grouped_v1/fold_4/test/train__2023-01-16-08__efcc90b0.npz,2023-01-09-22,1,93,46,117,M5,M5|ADAL|ADEL|FLPL|AIZL,46,ADEL,0.25,0.1,0.01,3,0,1,0.3333333333333333,1
atanas,4,deterministic,FUGW (G+A; official),test,2023-01-16-08,83,I5,/home/ubuntu/klb/nuclr/nuclr/Data/Atanas_SF_unified_000776/cv5_grouped_v1/fold_4/test/train__2023-01-16-08__efcc90b0.npz,2023-01-09-22,0,93,-1,63,RIBL,RIBL|RMEV|BAGL|ASJL|ADLL,43,RIBL,0.25,0.1,0.01,-1,0,0,0.0,0
atanas,4,deterministic,FUGW (G+A; official),test,2023-01-16-08,84,RMDR,/home/ubuntu/klb/nuclr/nuclr/Data/Atanas_SF_unified_000776/cv5_grouped_v1/fold_4/test/train__2023-01-16-08__efcc90b0.npz,2023-01-09-22,1,93,54,142,AWCR,AWCR|AUAR|RMDR|AVER|AIBR,91,AWCR,0.25,0.1,0.01,3,0,1,0.3333333333333333,0
atanas,4,deterministic,FUGW (G+A; official),test,2023-01-16-08,88,IL2DL,/home/ubuntu/klb/nuclr/nuclr/Data/Atanas_SF_unified_000776/cv5_grouped_v1/fold_4/test/train__2023-01-16-08__efcc90b0.npz,2023-01-09-22,1,93,37,66,MI,MI|I3|IL2DL|M4|IL2L,45,MI,0.25,0.1,0.01,3,0,1,0.3333333333333333,0
atanas,4,deterministic,FUGW (G+A; official),test,2023-01-16-08,90,I4,/home/ubuntu/klb/nuclr/nuclr/Data/Atanas_SF_unified_000776/cv5_grouped_v1/fold_4/test/train__2023-01-16-08__efcc90b0.npz,2023-01-09-22,0,93,-1,92,ADLR,ADLR|URXR|RIVR|RID|CEPDR,61,ADLR,0.25,0.1,0.01,-1,0,0,0.0,0
atanas,4,deterministic,FUGW (G+A; official),test,2023-01-16-08,92,RID,/home/ubuntu/klb/nuclr/nuclr/Data/Atanas_SF_unified_000776/cv5_grouped_v1/fold_4/test/train__2023-01-16-08__efcc90b0.npz,2023-01-09-22,1,93,52,78,RID,RID|ADLR|URXR|ADLL|URXL,52,RID,0.25,0.1,0.01,1,1,1,1.0,1
atanas,4,deterministic,FUGW (G+A; official),test,2023-01-16-08,94,AIBR,/home/ubuntu/klb/nuclr/nuclr/Data/Atanas_SF_unified_000776/cv5_grouped_v1/fold_4/test/train__2023-01-16-08__efcc90b0.npz,2023-01-09-22,1,93,75,91,AIZR,AIZR|FLPR|AUAR|AWCR|RIMR,60,AIZR,0.25,0.1,0.01,12,0,0,0.08333333333333333,0
atanas,4,deterministic,FUGW (G+A; official),test,2023-01-16-08,96,AINL,/home/ubuntu/klb/nuclr/nuclr/Data/Atanas_SF_unified_000776/cv5_grouped_v1/fold_4/test/train__2023-01-16-08__efcc90b0.npz,2023-01-09-22,1,93,64,95,AINL,AINL|AVJL|AWBL|ASHL|ASGL,64,AINL,0.25,0.1,0.01,1,1,1,1.0,1
atanas,4,deterministic,FUGW (G+A; official),test,2023-01-16-08,99,M3L,/home/ubuntu/klb/nuclr/nuclr/Data/Atanas_SF_unified_000776/cv5_grouped_v1/fold_4/test/train__2023-01-16-08__efcc90b0.npz,2023-01-09-22,1,93,28,76,IL2VL,IL2VL|M3L|URYVL|NSML|I2L,50,IL2VL,0.25,0.1,0.01,2,0,1,0.5,0
atanas,4,deterministic,FUGW (G+A; official),test,2023-01-16-08,100,CEPVR,/home/ubuntu/klb/nuclr/nuclr/Data/Atanas_SF_unified_000776/cv5_grouped_v1/fold_4/test/train__2023-01-16-08__efcc90b0.npz,2023-01-09-22,1,93,17,23,CEPVR,CEPVR|IL1VR|OLQVR|RIH|RMER,17,CEPVR,0.25,0.1,0.01,1,1,1,1.0,1
atanas,4,deterministic,FUGW (G+A; official),test,2023-01-16-08,101,VB02,/home/ubuntu/klb/nuclr/nuclr/Data/Atanas_SF_unified_000776/cv5_grouped_v1/fold_4/test/train__2023-01-16-08__efcc90b0.npz,2023-01-09-22,1,93,88,139,VB02,VB02|AIMR|AVKR|AIYR|AIYL,85,AIMR,0.25,0.1,0.01,1,1,1,1.0,0
atanas,4,deterministic,FUGW (G+A; official),test,2023-01-16-08,102,IL1L,/home/ubuntu/klb/nuclr/nuclr/Data/Atanas_SF_unified_000776/cv5_grouped_v1/fold_4/test/train__2023-01-16-08__efcc90b0.npz,2023-01-09-22,1,93,79,145,IL2L,IL2L|IL1L|URBL|URYVL|OLQVL,79,IL1L,0.25,0.1,0.01,2,0,1,0.5,1
atanas,4,deterministic,FUGW (G+A; official),test,2023-01-16-08,103,RIVR,/home/ubuntu/klb/nuclr/nuclr/Data/Atanas_SF_unified_000776/cv5_grouped_v1/fold_4/test/train__2023-01-16-08__efcc90b0.npz,2023-01-09-22,1,93,69,135,ADER,ADER|AINR|AVJR|FLPR|ASGR,57,AINR,0.25,0.1,0.01,9,0,0,0.1111111111111111,0
atanas,4,deterministic,FUGW (G+A; official),test,2023-01-16-08,104,AIZL,/home/ubuntu/klb/nuclr/nuclr/Data/Atanas_SF_unified_000776/cv5_grouped_v1/fold_4/test/train__2023-01-16-08__efcc90b0.npz,2023-01-09-22,1,93,4,68,ADEL,ADEL|AIZL|FLPL|AVDL|AINL,34,AVDL,0.25,0.1,0.01,2,0,1,0.5,0
atanas,4,deterministic,FUGW (G+A; official),test,2023-01-16-08,106,URXL,/home/ubuntu/klb/nuclr/nuclr/Data/Atanas_SF_unified_000776/cv5_grouped_v1/fold_4/test/train__2023-01-16-08__efcc90b0.npz,2023-01-09-22,1,93,56,86,URXL,URXL|CEPDL|RID|URXR|ADLL,56,URXL,0.25,0.1,0.01,1,1,1,1.0,1
atanas,4,deterministic,FUGW (G+A; official),test,2023-01-16-08,108,IL2L,/home/ubuntu/klb/nuclr/nuclr/Data/Atanas_SF_unified_000776/cv5_grouped_v1/fold_4/test/train__2023-01-16-08__efcc90b0.npz,2023-01-09-22,1,93,92,145,IL2L,IL2L|URBL|IL1L|URYVL|IL2DL,92,IL2L,0.25,0.1,0.01,1,1,1,1.0,1
atanas,4,deterministic,FUGW (G+A; official),test,2023-01-16-08,109,IL1DL,/home/ubuntu/klb/nuclr/nuclr/Data/Atanas_SF_unified_000776/cv5_grouped_v1/fold_4/test/train__2023-01-16-08__efcc90b0.npz,2023-01-09-22,0,93,-1,53,IL2DL,IL2DL|I3|OLQDL|MI|URYDL,6,URYDL,0.25,0.1,0.01,-1,0,0,0.0,0
atanas,4,deterministic,FUGW (G+A; official),test,2023-01-16-08,111,RMDDR,/home/ubuntu/klb/nuclr/nuclr/Data/Atanas_SF_unified_000776/cv5_grouped_v1/fold_4/test/train__2023-01-16-08__efcc90b0.npz,2023-01-09-22,1,93,22,31,RMDDR,RMDDR|SMDDL|AIBR|RIMR|AIYR,75,AIBR,0.25,0.1,0.01,1,1,1,1.0,0
atanas,4,deterministic,FUGW (G+A; official),test,2023-01-16-08,112,AWBR,/home/ubuntu/klb/nuclr/nuclr/Data/Atanas_SF_unified_000776/cv5_grouped_v1/fold_4/test/train__2023-01-16-08__efcc90b0.npz,2023-01-09-22,0,93,-1,87,AINR,AINR|AVDR|AVJR|ADER|RMDVR,51,AVJR,0.25,0.1,0.01,-1,0,0,0.0,0
atanas,4,deterministic,FUGW (G+A; official),test,2023-01-16-08,113,IL1DR,/home/ubuntu/klb/nuclr/nuclr/Data/Atanas_SF_unified_000776/cv5_grouped_v1/fold_4/test/train__2023-01-16-08__efcc90b0.npz,2023-01-09-22,1,93,19,11,IL2DR,IL2DR|IL1DR|URYDR|OLLR|IL2R,19,IL1DR,0.25,0.1,0.01,2,0,1,0.5,1
atanas,4,deterministic,FUGW (G+A; official),test,2023-01-16-08,114,RIVL,/home/ubuntu/klb/nuclr/nuclr/Data/Atanas_SF_unified_000776/cv5_grouped_v1/fold_4/test/train__2023-01-16-08__efcc90b0.npz,2023-01-09-22,1,93,20,61,ADLL,ADLL|RIVL|CEPDL|SMDVL|ASGL,20,RIVL,0.25,0.1,0.01,2,0,1,0.5,1
atanas,4,deterministic,FUGW (G+A; official),test,2023-01-16-08,115,URYDR,/home/ubuntu/klb/nuclr/nuclr/Data/Atanas_SF_unified_000776/cv5_grouped_v1/fold_4/test/train__2023-01-16-08__efcc90b0.npz,2023-01-09-22,1,93,33,11,IL2DR,IL2DR|URYDR|IL2R|OLLR|IL1R,55,IL2R,0.25,0.1,0.01,2,0,1,0.5,0
atanas,4,deterministic,FUGW (G+A; official),test,2023-01-16-08,116,AVJL,/home/ubuntu/klb/nuclr/nuclr/Data/Atanas_SF_unified_000776/cv5_grouped_v1/fold_4/test/train__2023-01-16-08__efcc90b0.npz,2023-01-09-22,1,93,49,136,AWBL,AWBL|AVJL|ASEL|AWCL|AVDL,49,AVJL,0.25,0.1,0.01,2,0,1,0.5,1
atanas,4,deterministic,FUGW (G+A; official),test,2023-01-16-08,118,OLQDL,/home/ubuntu/klb/nuclr/nuclr/Data/Atanas_SF_unified_000776/cv5_grouped_v1/fold_4/test/train__2023-01-16-08__efcc90b0.npz,2023-01-09-22,1,93,3,3,OLQDL,OLQDL|IL1DR|IL2DL|URYDL|M4,3,OLQDL,0.25,0.1,0.01,1,1,1,1.0,1
atanas,4,deterministic,FUGW (G+A; official),test,2023-01-16-08,121,AVBL,/home/ubuntu/klb/nuclr/nuclr/Data/Atanas_SF_unified_000776/cv5_grouped_v1/fold_4/test/train__2023-01-16-08__efcc90b0.npz,2023-01-09-22,0,93,-1,111,ASGL,ASGL|SMDVL|ADLL|ASHL|RIVL,73,ASGL,0.25,0.1,0.01,-1,0,0,0.0,0
atanas,4,deterministic,FUGW (G+A; official),test,2023-01-16-08,122,AWAR,/home/ubuntu/klb/nuclr/nuclr/Data/Atanas_SF_unified_000776/cv5_grouped_v1/fold_4/test/train__2023-01-16-08__efcc90b0.npz,2023-01-09-22,0,93,-1,135,ADER,ADER|FLPR|AIZR|AVDR|AINR,0,AVDR,0.25,0.1,0.01,-1,0,0,0.0,0
atanas,4,deterministic,FUGW (G+A; official),test,2023-01-16-08,126,MCR,/home/ubuntu/klb/nuclr/nuclr/Data/Atanas_SF_unified_000776/cv5_grouped_v1/fold_4/test/train__2023-01-16-08__efcc90b0.npz,2023-01-09-22,0,93,-1,15,I1R,I1R|M3R|M3L|I1L|NSML,23,M3R,0.25,0.1,0.01,-1,0,0,0.0,0
atanas,4,deterministic,FUGW (G+A; official),test,2023-01-16-08,127,NSML,/home/ubuntu/klb/nuclr/nuclr/Data/Atanas_SF_unified_000776/cv5_grouped_v1/fold_4/test/train__2023-01-16-08__efcc90b0.npz,2023-01-09-22,1,93,84,37,I2L,I2L|NSML|I1L|IL2L|URYVL,1,URYVL,0.25,0.1,0.01,2,0,1,0.5,0
atanas,4,deterministic,FUGW (G+A; official),test,2023-01-16-08,128,SMDVL,/home/ubuntu/klb/nuclr/nuclr/Data/Atanas_SF_unified_000776/cv5_grouped_v1/fold_4/test/train__2023-01-16-08__efcc90b0.npz,2023-01-09-22,1,93,47,71,SMDVL,SMDVL|ADLL|CEPDL|ASGL|RIVL,47,SMDVL,0.25,0.1,0.01,1,1,1,1.0,1
atanas,4,deterministic,FUGW (G+A; official),test,2023-01-16-08,131,ADAL,/home/ubuntu/klb/nuclr/nuclr/Data/Atanas_SF_unified_000776/cv5_grouped_v1/fold_4/test/train__2023-01-16-08__efcc90b0.npz,2023-01-09-22,1,93,72,109,ADAL,ADAL|M5|ADEL|FLPL|AIZL,77,M5,0.25,0.1,0.01,1,1,1,1.0,0
atanas,4,deterministic,FUGW (G+A; official),test,2023-01-16-08,133,AVAR,/home/ubuntu/klb/nuclr/nuclr/Data/Atanas_SF_unified_000776/cv5_grouped_v1/fold_4/test/train__2023-01-16-08__efcc90b0.npz,2023-01-09-22,1,93,81,125,AVAR,AVAR|RMDR|RMDVR|AWCR|AUAR,81,AVAR,0.25,0.1,0.01,1,1,1,1.0,1
atanas,4,deterministic,FUGW (G+A; official),test,2023-01-16-08,134,RMDDL,/home/ubuntu/klb/nuclr/nuclr/Data/Atanas_SF_unified_000776/cv5_grouped_v1/fold_4/test/train__2023-01-16-08__efcc90b0.npz,2023-01-09-22,1,93,83,141,AIYL,AIYL|AUAL|RMDDL|RMDDR|CEPVL,89,AUAL,0.25,0.1,0.01,3,0,1,0.3333333333333333,0
atanas,4,deterministic,FUGW (G+A; official),test,2023-01-16-08,135,RIBL,/home/ubuntu/klb/nuclr/nuclr/Data/Atanas_SF_unified_000776/cv5_grouped_v1/fold_4/test/train__2023-01-16-08__efcc90b0.npz,2023-01-09-22,1,93,43,63,RIBL,RIBL|RMEV|BAGL|ASJL|ADLL,39,RMEV,0.25,0.1,0.01,1,1,1,1.0,0
atanas,4,deterministic,FUGW (G+A; official),test,2022-06-28-01,0,I1L,/home/ubuntu/klb/nuclr/nuclr/Data/Atanas_SF_unified_000776/cv5_grouped_v1/fold_4/test/val__2022-06-28-01__a91d8128.npz,2023-01-09-22,1,93,59,89,I1L,I1L|NSML|I2L|I1R|M3L,59,I1L,0.25,0.1,0.01,1,1,1,1.0,1
atanas,4,deterministic,FUGW (G+A; official),test,2022-06-28-01,1,RMDVL,/home/ubuntu/klb/nuclr/nuclr/Data/Atanas_SF_unified_000776/cv5_grouped_v1/fold_4/test/val__2022-06-28-01__a91d8128.npz,2023-01-09-22,1,93,13,68,ADEL,ADEL|FLPL|AWCL|AIZL|AVDL,13,RMDVL,0.25,0.1,0.01,7,0,0,0.14285714285714285,1
atanas,4,deterministic,FUGW (G+A; official),test,2022-06-28-01,3,M4,/home/ubuntu/klb/nuclr/nuclr/Data/Atanas_SF_unified_000776/cv5_grouped_v1/fold_4/test/val__2022-06-28-01__a91d8128.npz,2023-01-09-22,1,93,68,15,I1R,I1R|M3R|URYVR|I1L|NSML,55,IL2R,0.25,0.1,0.01,29,0,0,0.034482758620689655,0
atanas,4,deterministic,FUGW (G+A; official),test,2022-06-28-01,6,CEPDR,/home/ubuntu/klb/nuclr/nuclr/Data/Atanas_SF_unified_000776/cv5_grouped_v1/fold_4/test/val__2022-06-28-01__a91d8128.npz,2023-01-09-22,1,93,41,135,ADER,ADER|FLPR|AINR|AIZR|AVDR,51,AVJR,0.25,0.1,0.01,13,0,0,0.07692307692307693,0
atanas,4,deterministic,FUGW (G+A; official),test,2022-06-28-01,7,AVJL,/home/ubuntu/klb/nuclr/nuclr/Data/Atanas_SF_unified_000776/cv5_grouped_v1/fold_4/test/val__2022-06-28-01__a91d8128.npz,2023-01-09-22,1,93,49,117,M5,M5|ADAL|ADEL|AINL|RIVL,20,RIVL,0.25,0.1,0.01,9,0,0,0.1111111111111111,0
atanas,4,deterministic,FUGW (G+A; official),test,2022-06-28-01,8,MI,/home/ubuntu/klb/nuclr/nuclr/Data/Atanas_SF_unified_000776/cv5_grouped_v1/fold_4/test/val__2022-06-28-01__a91d8128.npz,2023-01-09-22,1,93,45,15,I1R,I1R|I1L|I2L|NSML|URYVR,68,M4,0.25,0.1,0.01,25,0,0,0.04,0
atanas,4,deterministic,FUGW (G+A; official),test,2022-06-28-01,9,OLQDR,/home/ubuntu/klb/nuclr/nuclr/Data/Atanas_SF_unified_000776/cv5_grouped_v1/fold_4/test/val__2022-06-28-01__a91d8128.npz,2023-01-09-22,0,93,-1,125,AVAR,AVAR|SMDVR|RIMR|RMDR|IL1R,32,ASGR,0.25,0.1,0.01,-1,0,0,0.0,0
atanas,4,deterministic,FUGW (G+A; official),test,2022-06-28-01,10,IL2VR,/home/ubuntu/klb/nuclr/nuclr/Data/Atanas_SF_unified_000776/cv5_grouped_v1/fold_4/test/val__2022-06-28-01__a91d8128.npz,2023-01-09-22,0,93,-1,15,I1R,I1R|NSML|I1L|I2L|M3L,12,I1R,0.25,0.1,0.01,-1,0,0,0.0,0
atanas,4,deterministic,FUGW (G+A; official),test,2022-06-28-01,14,ADEL,/home/ubuntu/klb/nuclr/nuclr/Data/Atanas_SF_unified_000776/cv5_grouped_v1/fold_4/test/val__2022-06-28-01__a91d8128.npz,2023-01-09-22,1,93,46,109,ADAL,ADAL|ADEL|FLPL|AIZL|AVDL,46,ADEL,0.25,0.1,0.01,2,0,1,0.5,1
atanas,4,deterministic,FUGW (G+A; official),test,2022-06-28-01,17,CEPVL,/home/ubuntu/klb/nuclr/nuclr/Data/Atanas_SF_unified_000776/cv5_grouped_v1/fold_4/test/val__2022-06-28-01__a91d8128.npz,2023-01-09-22,1,93,7,131,NSML,NSML|IL2VL|I2L|M3L|IL1VL,7,CEPVL,0.25,0.1,0.01,6,0,0,0.16666666666666666,1
atanas,4,deterministic,FUGW (G+A; official),test,2022-06-28-01,22,IL2VL,/home/ubuntu/klb/nuclr/nuclr/Data/Atanas_SF_unified_000776/cv5_grouped_v1/fold_4/test/val__2022-06-28-01__a91d8128.npz,2023-01-09-22,1,93,50,131,NSML,NSML|I1L|I2L|I1R|M3L,84,NSML,0.25,0.1,0.01,6,0,0,0.16666666666666666,0
atanas,4,deterministic,FUGW (G+A; official),test,2022-06-28-01,23,AWAR,/home/ubuntu/klb/nuclr/nuclr/Data/Atanas_SF_unified_000776/cv5_grouped_v1/fold_4/test/val__2022-06-28-01__a91d8128.npz,2023-01-09-22,0,93,-1,139,VB02,VB02|AVKR|M5|ADAL|FLPR,88,VB02,0.25,0.1,0.01,-1,0,0,0.0,0
atanas,4,deterministic,FUGW (G+A; official),test,2022-06-28-01,24,AIML,/home/ubuntu/klb/nuclr/nuclr/Data/Atanas_SF_unified_000776/cv5_grouped_v1/fold_4/test/val__2022-06-28-01__a91d8128.npz,2023-01-09-22,0,93,-1,139,VB02,VB02|ADAL|FLPL|ADEL|AIYL,90,AIYL,0.25,0.1,0.01,-1,0,0,0.0,0
atanas,4,deterministic,FUGW (G+A; official),test,2022-06-28-01,25,OLQVL,/home/ubuntu/klb/nuclr/nuclr/Data/Atanas_SF_unified_000776/cv5_grouped_v1/fold_4/test/val__2022-06-28-01__a91d8128.npz,2023-01-09-22,1,93,29,73,ASJL,ASJL|RMEV|ASHL|AVAL|ADLL,18,AVAL,0.25,0.1,0.01,12,0,0,0.08333333333333333,0
atanas,4,deterministic,FUGW (G+A; official),test,2022-06-28-01,27,AWCL,/home/ubuntu/klb/nuclr/nuclr/Data/Atanas_SF_unified_000776/cv5_grouped_v1/fold_4/test/val__2022-06-28-01__a91d8128.npz,2023-01-09-22,1,93,16,68,ADEL,ADEL|FLPL|ADAL|AIZL|AVDL,16,AWCL,0.25,0.1,0.01,6,0,0,0.16666666666666666,1
atanas,4,deterministic,FUGW (G+A; official),test,2022-06-28-01,30,ASEL,/home/ubuntu/klb/nuclr/nuclr/Data/Atanas_SF_unified_000776/cv5_grouped_v1/fold_4/test/val__2022-06-28-01__a91d8128.npz,2023-01-09-22,1,93,27,109,ADAL,ADAL|M5|ADEL|FLPL|AIZL,87,AWBL,0.25,0.1,0.01,9,0,0,0.1111111111111111,0
atanas,4,deterministic,FUGW (G+A; official),test,2022-06-28-01,32,ASGL,/home/ubuntu/klb/nuclr/nuclr/Data/Atanas_SF_unified_000776/cv5_grouped_v1/fold_4/test/val__2022-06-28-01__a91d8128.npz,2023-01-09-22,1,93,73,61,ADLL,ADLL|M5|ASJL|RMEV|ASHL,61,ADLR,0.25,0.1,0.01,6,0,0,0.16666666666666666,0
atanas,4,deterministic,FUGW (G+A; official),test,2022-06-28-01,34,URBL,/home/ubuntu/klb/nuclr/nuclr/Data/Atanas_SF_unified_000776/cv5_grouped_v1/fold_4/test/val__2022-06-28-01__a91d8128.npz,2023-01-09-22,1,93,11,131,NSML,NSML|I2L|IL2VL|URYVL|I1L,79,IL1L,0.25,0.1,0.01,7,0,0,0.14285714285714285,0
atanas,4,deterministic,FUGW (G+A; official),test,2022-06-28-01,35,BAGL,/home/ubuntu/klb/nuclr/nuclr/Data/Atanas_SF_unified_000776/cv5_grouped_v1/fold_4/test/val__2022-06-28-01__a91d8128.npz,2023-01-09-22,1,93,10,63,RIBL,RIBL|BAGL|RMEV|ADLL|ASJL,43,RIBL,0.25,0.1,0.01,2,0,1,0.5,0
atanas,4,deterministic,FUGW (G+A; official),test,2022-06-28-01,36,AINL,/home/ubuntu/klb/nuclr/nuclr/Data/Atanas_SF_unified_000776/cv5_grouped_v1/fold_4/test/val__2022-06-28-01__a91d8128.npz,2023-01-09-22,1,93,64,117,M5,M5|ADAL|ADEL|FLPL|AINL,64,AINL,0.25,0.1,0.01,5,0,1,0.2,1
atanas,4,deterministic,FUGW (G+A; official),test,2022-06-28-01,37,RMDDR,/home/ubuntu/klb/nuclr/nuclr/Data/Atanas_SF_unified_000776/cv5_grouped_v1/fold_4/test/val__2022-06-28-01__a91d8128.npz,2023-01-09-22,1,93,22,2,AIYR,AIYR|AIMR|FLPR|VB02|AIZR,22,RMDDR,0.25,0.1,0.01,11,0,0,0.09090909090909091,1
atanas,4,deterministic,FUGW (G+A; official),test,2022-06-28-01,39,IL1VL,/home/ubuntu/klb/nuclr/nuclr/Data/Atanas_SF_unified_000776/cv5_grouped_v1/fold_4/test/val__2022-06-28-01__a91d8128.npz,2023-01-09-22,1,93,31,131,NSML,NSML|I2L|M3L|IL2VL|I1L,31,IL1VL,0.25,0.1,0.01,7,0,0,0.14285714285714285,1
atanas,4,deterministic,FUGW (G+A; official),test,2022-06-28-01,41,RIH,/home/ubuntu/klb/nuclr/nuclr/Data/Atanas_SF_unified_000776/cv5_grouped_v1/fold_4/test/val__2022-06-28-01__a91d8128.npz,2023-01-09-22,1,93,38,55,RMEV,RMEV|BAGL|AVAR|ADLL|ASJL,81,AVAR,0.25,0.1,0.01,30,0,0,0.03333333333333333,0
atanas,4,deterministic,FUGW (G+A; official),test,2022-06-28-01,42,AVL,/home/ubuntu/klb/nuclr/nuclr/Data/Atanas_SF_unified_000776/cv5_grouped_v1/fold_4/test/val__2022-06-28-01__a91d8128.npz,2023-01-09-22,0,93,-1,55,RMEV,RMEV|AVKR|AVAR|RIMR|VB02,74,RIMR,0.25,0.1,0.01,-1,0,0,0.0,0
atanas,4,deterministic,FUGW (G+A; official),test,2022-06-28-01,43,OLLL,/home/ubuntu/klb/nuclr/nuclr/Data/Atanas_SF_unified_000776/cv5_grouped_v1/fold_4/test/val__2022-06-28-01__a91d8128.npz,2023-01-09-22,1,93,63,37,I2L,I2L|OLQVL|NSML|IL2L|IL1L,29,OLQVL,0.25,0.1,0.01,28,0,0,0.03571428571428571,0
atanas,4,deterministic,FUGW (G+A; official),test,2022-06-28-01,44,NSMR,/home/ubuntu/klb/nuclr/nuclr/Data/Atanas_SF_unified_000776/cv5_grouped_v1/fold_4/test/val__2022-06-28-01__a91d8128.npz,2023-01-09-22,0,93,-1,15,I1R,I1R|URYVR|OLQVR|M3R|CEPVR,71,URYVR,0.25,0.1,0.01,-1,0,0,0.0,0
atanas,4,deterministic,FUGW (G+A; official),test,2022-06-28-01,45,IL1VR,/home/ubuntu/klb/nuclr/nuclr/Data/Atanas_SF_unified_000776/cv5_grouped_v1/fold_4/test/val__2022-06-28-01__a91d8128.npz,2023-01-09-22,1,93,25,108,URYVR,URYVR|CEPVR|I1R|OLQVR|AIYR,17,CEPVR,0.25,0.1,0.01,6,0,0,0.16666666666666666,0
atanas,4,deterministic,FUGW (G+A; official),test,2022-06-28-01,46,IL2L,/home/ubuntu/klb/nuclr/nuclr/Data/Atanas_SF_unified_000776/cv5_grouped_v1/fold_4/test/val__2022-06-28-01__a91d8128.npz,2023-01-09-22,1,93,92,131,NSML,NSML|I2L|I1L|URYVL|IL2VL,1,URYVL,0.25,0.1,0.01,8,0,0,0.125,0
atanas,4,deterministic,FUGW (G+A; official),test,2022-06-28-01,47,AVJR,/home/ubuntu/klb/nuclr/nuclr/Data/Atanas_SF_unified_000776/cv5_grouped_v1/fold_4/test/val__2022-06-28-01__a91d8128.npz,2023-01-09-22,1,93,51,135,ADER,ADER|FLPR|AIZR|AVKR|AVDR,0,AVDR,0.25,0.1,0.01,9,0,0,0.1111111111111111,0
atanas,4,deterministic,FUGW (G+A; official),test,2022-06-28-01,48,M3R,/home/ubuntu/klb/nuclr/nuclr/Data/Atanas_SF_unified_000776/cv5_grouped_v1/fold_4/test/val__2022-06-28-01__a91d8128.npz,2023-01-09-22,1,93,23,15,I1R,I1R|URYVR|OLQVR|CEPVR|M3R,25,IL1VR,0.25,0.1,0.01,5,0,1,0.2,0
atanas,4,deterministic,FUGW (G+A; official),test,2022-06-28-01,49,AIBR,/home/ubuntu/klb/nuclr/nuclr/Data/Atanas_SF_unified_000776/cv5_grouped_v1/fold_4/test/val__2022-06-28-01__a91d8128.npz,2023-01-09-22,1,93,75,106,FLPR,FLPR|ADER|AVKR|AIZR|AIMR,15,AUAR,0.25,0.1,0.01,16,0,0,0.0625,0
atanas,4,deterministic,FUGW (G+A; official),test,2022-06-28-01,51,AVDR,/home/ubuntu/klb/nuclr/nuclr/Data/Atanas_SF_unified_000776/cv5_grouped_v1/fold_4/test/val__2022-06-28-01__a91d8128.npz,2023-01-09-22,1,93,0,106,FLPR,FLPR|ADER|AIZR|AVKR|AIYR,70,FLPR,0.25,0.1,0.01,6,0,0,0.16666666666666666,0
atanas,4,deterministic,FUGW (G+A; official),test,2022-06-28-01,52,RMDDL,/home/ubuntu/klb/nuclr/nuclr/Data/Atanas_SF_unified_000776/cv5_grouped_v1/fold_4/test/val__2022-06-28-01__a91d8128.npz,2023-01-09-22,1,93,83,43,FLPL,FLPL|VB02|ADEL|ADAL|AIYL,89,AUAL,0.25,0.1,0.01,10,0,0,0.1,0
atanas,4,deterministic,FUGW (G+A; official),test,2022-06-28-01,53,SMDVL,/home/ubuntu/klb/nuclr/nuclr/Data/Atanas_SF_unified_000776/cv5_grouped_v1/fold_4/test/val__2022-06-28-01__a91d8128.npz,2023-01-09-22,1,93,47,117,M5,M5|ADAL|AINL|ADEL|RIVL,52,RID,0.25,0.1,0.01,17,0,0,0.058823529411764705,0
atanas,4,deterministic,FUGW (G+A; official),test,2022-06-28-01,55,AVER,/home/ubuntu/klb/nuclr/nuclr/Data/Atanas_SF_unified_000776/cv5_grouped_v1/fold_4/test/val__2022-06-28-01__a91d8128.npz,2023-01-09-22,1,93,40,106,FLPR,FLPR|AVKR|ADER|AIZR|AIMR,53,AVKR,0.25,0.1,0.01,18,0,0,0.05555555555555555,0
atanas,4,deterministic,FUGW (G+A; official),test,2022-06-28-01,56,RIML,/home/ubuntu/klb/nuclr/nuclr/Data/Atanas_SF_unified_000776/cv5_grouped_v1/fold_4/test/val__2022-06-28-01__a91d8128.npz,2023-01-09-22,0,93,-1,55,RMEV,RMEV|BAGL|ADLL|RIBL|ASJL,48,ASJL,0.25,0.1,0.01,-1,0,0,0.0,0
atanas,4,deterministic,FUGW (G+A; official),test,2022-06-28-01,57,AUAL,/home/ubuntu/klb/nuclr/nuclr/Data/Atanas_SF_unified_000776/cv5_grouped_v1/fold_4/test/val__2022-06-28-01__a91d8128.npz,2023-01-09-22,1,93,89,109,ADAL,ADAL|ADEL|FLPL|AIZL|AVDL,27,ASEL,0.25,0.1,0.01,8,0,0,0.125,0
atanas,4,deterministic,FUGW (G+A; official),test,2022-06-28-01,61,IL2DL,/home/ubuntu/klb/nuclr/nuclr/Data/Atanas_SF_unified_000776/cv5_grouped_v1/fold_4/test/val__2022-06-28-01__a91d8128.npz,2023-01-09-22,1,93,37,89,I1L,I1L|I1R|NSML|I2L|M3L,9,IL2DR,0.25,0.1,0.01,12,0,0,0.08333333333333333,0
atanas,4,deterministic,FUGW (G+A; official),test,2022-06-28-01,62,AVDL,/home/ubuntu/klb/nuclr/nuclr/Data/Atanas_SF_unified_000776/cv5_grouped_v1/fold_4/test/val__2022-06-28-01__a91d8128.npz,2023-01-09-22,1,93,34,68,ADEL,ADEL|ADAL|FLPL|AIZL|AVDL,34,AVDL,0.25,0.1,0.01,5,0,1,0.2,1
atanas,4,deterministic,FUGW (G+A; official),test,2022-06-28-01,64,RMER,/home/ubuntu/klb/nuclr/nuclr/Data/Atanas_SF_unified_000776/cv5_grouped_v1/fold_4/test/val__2022-06-28-01__a91d8128.npz,2023-01-09-22,1,93,24,135,ADER,ADER|FLPR|AIZR|AIYR|AWCR,91,AWCR,0.25,0.1,0.01,14,0,0,0.07142857142857142,0
atanas,4,deterministic,FUGW (G+A; official),test,2022-06-28-01,72,URYDL,/home/ubuntu/klb/nuclr/nuclr/Data/Atanas_SF_unified_000776/cv5_grouped_v1/fold_4/test/val__2022-06-28-01__a91d8128.npz,2023-01-09-22,1,93,6,76,IL2VL,IL2VL|NSML|M3L|I2L|IL1VL,19,IL1DR,0.25,0.1,0.01,28,0,0,0.03571428571428571,0
atanas,4,deterministic,FUGW (G+A; official),test,2022-06-28-01,75,URBR,/home/ubuntu/klb/nuclr/nuclr/Data/Atanas_SF_unified_000776/cv5_grouped_v1/fold_4/test/val__2022-06-28-01__a91d8128.npz,2023-01-09-22,0,93,-1,106,FLPR,FLPR|ADER|URYVR|AIZR|AWCR,66,RMDVR,0.25,0.1,0.01,-1,0,0,0.0,0
atanas,4,deterministic,FUGW (G+A; official),test,2022-06-28-01,76,AWBL,/home/ubuntu/klb/nuclr/nuclr/Data/Atanas_SF_unified_000776/cv5_grouped_v1/fold_4/test/val__2022-06-28-01__a91d8128.npz,2023-01-09-22,1,93,87,109,ADAL,ADAL|ADEL|M5|FLPL|AIZL,78,RIAL,0.25,0.1,0.01,11,0,0,0.09090909090909091,0
atanas,4,deterministic,FUGW (G+A; official),test,2022-06-28-01,77,URYVR,/home/ubuntu/klb/nuclr/nuclr/Data/Atanas_SF_unified_000776/cv5_grouped_v1/fold_4/test/val__2022-06-28-01__a91d8128.npz,2023-01-09-22,1,93,71,106,FLPR,FLPR|ADER|URYVR|AIYR|AIZR,24,RMER,0.25,0.1,0.01,3,0,1,0.3333333333333333,0
atanas,4,deterministic,FUGW (G+A; official),test,2022-06-28-01,78,AVEL,/home/ubuntu/klb/nuclr/nuclr/Data/Atanas_SF_unified_000776/cv5_grouped_v1/fold_4/test/val__2022-06-28-01__a91d8128.npz,2023-01-09-22,1,93,80,109,ADAL,ADAL|ADEL|FLPL|ASJL|AIZL,80,AVEL,0.25,0.1,0.01,13,0,0,0.07692307692307693,1
atanas,4,deterministic,FUGW (G+A; official),test,2022-06-28-01,79,AVAR,/home/ubuntu/klb/nuclr/nuclr/Data/Atanas_SF_unified_000776/cv5_grouped_v1/fold_4/test/val__2022-06-28-01__a91d8128.npz,2023-01-09-22,1,93,81,125,AVAR,AVAR|AVKR|FLPR|ADER|RIMR,54,RMDR,0.25,0.1,0.01,1,1,1,1.0,0
atanas,4,deterministic,FUGW (G+A; official),test,2022-06-28-01,82,CEPDL,/home/ubuntu/klb/nuclr/nuclr/Data/Atanas_SF_unified_000776/cv5_grouped_v1/fold_4/test/val__2022-06-28-01__a91d8128.npz,2023-01-09-22,1,93,44,68,ADEL,ADEL|AVDL|FLPL|CEPDR|URXR,67,URXR,0.25,0.1,0.01,8,0,0,0.125,0
atanas,4,deterministic,FUGW (G+A; official),test,2022-06-28-01,83,NSML,/home/ubuntu/klb/nuclr/nuclr/Data/Atanas_SF_unified_000776/cv5_grouped_v1/fold_4/test/val__2022-06-28-01__a91d8128.npz,2023-01-09-22,1,93,84,131,NSML,NSML|I1L|I2L|I1R|M3L,26,I2L,0.25,0.1,0.01,1,1,1,1.0,0
atanas,4,deterministic,FUGW (G+A; official),test,2022-06-28-01,84,IL1DL,/home/ubuntu/klb/nuclr/nuclr/Data/Atanas_SF_unified_000776/cv5_grouped_v1/fold_4/test/val__2022-06-28-01__a91d8128.npz,2023-01-09-22,0,93,-1,33,M3R,M3R|I1R|CEPVR|IL2R|URYVR,8,OLLR,0.25,0.1,0.01,-1,0,0,0.0,0
atanas,4,deterministic,FUGW (G+A; official),test,2022-06-28-01,86,SMDDR,/home/ubuntu/klb/nuclr/nuclr/Data/Atanas_SF_unified_000776/cv5_grouped_v1/fold_4/test/val__2022-06-28-01__a91d8128.npz,2023-01-09-22,0,93,-1,106,FLPR,FLPR|AVKR|ADER|AIMR|AIYR,75,AIBR,0.25,0.1,0.01,-1,0,0,0.0,0
atanas,4,deterministic,FUGW (G+A; official),test,2022-06-28-01,87,URXL,/home/ubuntu/klb/nuclr/nuclr/Data/Atanas_SF_unified_000776/cv5_grouped_v1/fold_4/test/val__2022-06-28-01__a91d8128.npz,2023-01-09-22,1,93,56,77,AVJR,AVJR|AVDR|CEPDR|URXR|AIYL,41,CEPDR,0.25,0.1,0.01,19,0,0,0.05263157894736842,0
atanas,4,deterministic,FUGW (G+A; official),test,2022-06-28-01,88,RMEL,/home/ubuntu/klb/nuclr/nuclr/Data/Atanas_SF_unified_000776/cv5_grouped_v1/fold_4/test/val__2022-06-28-01__a91d8128.npz,2023-01-09-22,1,93,65,76,IL2VL,IL2VL|NSML|URYVL|AWCL|M3L,11,URBL,0.25,0.1,0.01,10,0,0,0.1,0
atanas,4,deterministic,FUGW (G+A; official),test,2022-06-28-01,91,RIVL,/home/ubuntu/klb/nuclr/nuclr/Data/Atanas_SF_unified_000776/cv5_grouped_v1/fold_4/test/val__2022-06-28-01__a91d8128.npz,2023-01-09-22,1,93,20,117,M5,M5|ADLR|ADLL|ASGR|ASJL,69,RIVR,0.25,0.1,0.01,9,0,0,0.1111111111111111,0
atanas,4,deterministic,FUGW (G+A; official),test,2022-06-28-01,101,MCR,/home/ubuntu/klb/nuclr/nuclr/Data/Atanas_SF_unified_000776/cv5_grouped_v1/fold_4/test/val__2022-06-28-01__a91d8128.npz,2023-01-09-22,0,93,-1,15,I1R,I1R|NSML|URYVR|I1L|I2L,62,OLQVR,0.25,0.1,0.01,-1,0,0,0.0,0
atanas,4,deterministic,FUGW (G+A; official),test,2022-06-28-01,105,RMDL,/home/ubuntu/klb/nuclr/nuclr/Data/Atanas_SF_unified_000776/cv5_grouped_v1/fold_4/test/val__2022-06-28-01__a91d8128.npz,2023-01-09-22,1,93,5,109,ADAL,ADAL|FLPL|ADEL|AUAL|AIZL,5,RMDL,0.25,0.1,0.01,6,0,0,0.16666666666666666,1
atanas,4,deterministic,FUGW (G+A; official),test,2022-06-28-01,108,RID,/home/ubuntu/klb/nuclr/nuclr/Data/Atanas_SF_unified_000776/cv5_grouped_v1/fold_4/test/val__2022-06-28-01__a91d8128.npz,2023-01-09-22,1,93,52,55,RMEV,RMEV|AVAR|ADLL|SMDVR|ADLR,14,SMDVR,0.25,0.1,0.01,48,0,0,0.020833333333333332,0
atanas,4,deterministic,FUGW (G+A; official),test,2022-06-28-01,110,OLQVR,/home/ubuntu/klb/nuclr/nuclr/Data/Atanas_SF_unified_000776/cv5_grouped_v1/fold_4/test/val__2022-06-28-01__a91d8128.npz,2023-01-09-22,1,93,62,125,AVAR,AVAR|IL1R|RIMR|RMDR|URYVR,76,IL1R,0.25,0.1,0.01,11,0,0,0.09090909090909091,0
atanas,4,deterministic,FUGW (G+A; official),test,2022-06-28-01,113,OLQDL,/home/ubuntu/klb/nuclr/nuclr/Data/Atanas_SF_unified_000776/cv5_grouped_v1/fold_4/test/val__2022-06-28-01__a91d8128.npz,2023-01-09-22,1,93,3,125,AVAR,AVAR|IL1R|SMDVR|RMDR|RIMR,40,AVER,0.25,0.1,0.01,30,0,0,0.03333333333333333,0
atanas,4,deterministic,FUGW (G+A; official),test,2022-06-28-01,115,RICL,/home/ubuntu/klb/nuclr/nuclr/Data/Atanas_SF_unified_000776/cv5_grouped_v1/fold_4/test/val__2022-06-28-01__a91d8128.npz,2023-01-09-22,0,93,-1,109,ADAL,ADAL|ADEL|FLPL|AIZL|AVDL,4,AIZL,0.25,0.1,0.01,-1,0,0,0.0,0
atanas,4,deterministic,FUGW (G+A; official),test,2022-06-28-01,116,I3,/home/ubuntu/klb/nuclr/nuclr/Data/Atanas_SF_unified_000776/cv5_grouped_v1/fold_4/test/val__2022-06-28-01__a91d8128.npz,2023-01-09-22,1,93,36,15,I1R,I1R|I1L|M3R|URYVR|NSML,28,M3L,0.25,0.1,0.01,20,0,0,0.05,0
atanas,4,deterministic,FUGW (G+A; official),test,2022-06-28-01,117,RMDVR,/home/ubuntu/klb/nuclr/nuclr/Data/Atanas_SF_unified_000776/cv5_grouped_v1/fold_4/test/val__2022-06-28-01__a91d8128.npz,2023-01-09-22,1,93,66,106,FLPR,FLPR|ADER|AIZR|AIYR|AVKR,86,ADER,0.25,0.1,0.01,10,0,0,0.1,0
atanas,4,deterministic,FUGW (G+A; official),test,2022-06-28-01,118,SMDVR,/home/ubuntu/klb/nuclr/nuclr/Data/Atanas_SF_unified_000776/cv5_grouped_v1/fold_4/test/val__2022-06-28-01__a91d8128.npz,2023-01-09-22,1,93,14,135,ADER,ADER|FLPR|AVKR|AVAR|AINR,57,AINR,0.25,0.1,0.01,8,0,0,0.125,0
atanas,4,deterministic,FUGW (G+A; official),test,2022-06-28-01,119,RMDR,/home/ubuntu/klb/nuclr/nuclr/Data/Atanas_SF_unified_000776/cv5_grouped_v1/fold_4/test/val__2022-06-28-01__a91d8128.npz,2023-01-09-22,1,93,54,106,FLPR,FLPR|ADER|AIZR|AVKR|AIYR,60,AIZR,0.25,0.1,0.01,11,0,0,0.09090909090909091,0
atanas,4,deterministic,FUGW (G+A; official),test,2022-06-28-01,122,IL2DR,/home/ubuntu/klb/nuclr/nuclr/Data/Atanas_SF_unified_000776/cv5_grouped_v1/fold_4/test/val__2022-06-28-01__a91d8128.npz,2023-01-09-22,1,93,9,15,I1R,I1R|I1L|URYVR|M3R|NSML,23,M3R,0.25,0.1,0.01,10,0,0,0.1,0
atanas,4,deterministic,FUGW (G+A; official),test,2022-06-28-01,124,IL1DR,/home/ubuntu/klb/nuclr/nuclr/Data/Atanas_SF_unified_000776/cv5_grouped_v1/fold_4/test/val__2022-06-28-01__a91d8128.npz,2023-01-09-22,1,93,19,98,RMDVR,RMDVR|URYVR|AWCR|ADER|RMER,33,URYDR,0.25,0.1,0.01,33,0,0,0.030303030303030304,0
atanas,4,deterministic,FUGW (G+A; official),test,2022-06-28-01,125,URXR,/home/ubuntu/klb/nuclr/nuclr/Data/Atanas_SF_unified_000776/cv5_grouped_v1/fold_4/test/val__2022-06-28-01__a91d8128.npz,2023-01-09-22,1,93,67,135,ADER,ADER|FLPR|AIZR|AVDR|AVJR,21,RIAR,0.25,0.1,0.01,20,0,0,0.05,0
atanas,4,deterministic,FUGW (G+A; official),test,2022-06-28-01,126,CEPVR,/home/ubuntu/klb/nuclr/nuclr/Data/Atanas_SF_unified_000776/cv5_grouped_v1/fold_4/test/val__2022-06-28-01__a91d8128.npz,2023-01-09-22,1,93,17,2,AIYR,AIYR|FLPR|AIMR|AIZR|ADER,38,RIH,0.25,0.1,0.01,8,0,0,0.125,0
atanas,4,deterministic,FUGW (G+A; official),test,2022-06-28-01,127,M3L,/home/ubuntu/klb/nuclr/nuclr/Data/Atanas_SF_unified_000776/cv5_grouped_v1/fold_4/test/val__2022-06-28-01__a91d8128.npz,2023-01-09-22,1,93,28,131,NSML,NSML|I2L|I1L|M3L|IL2VL,50,IL2VL,0.25,0.1,0.01,4,0,1,0.25,0
atanas,4,deterministic,FUGW (G+A; official),test,2022-06-28-01,129,RMGL,/home/ubuntu/klb/nuclr/nuclr/Data/Atanas_SF_unified_000776/cv5_grouped_v1/fold_4/test/val__2022-06-28-01__a91d8128.npz,2023-01-09-22,0,93,-1,109,ADAL,ADAL|VB02|ADEL|AVKR|FLPL,30,FLPL,0.25,0.1,0.01,-1,0,0,0.0,0
atanas,4,deterministic,FUGW (G+A; official),test,2022-06-28-01,130,AIZL,/home/ubuntu/klb/nuclr/nuclr/Data/Atanas_SF_unified_000776/cv5_grouped_v1/fold_4/test/val__2022-06-28-01__a91d8128.npz,2023-01-09-22,1,93,4,109,ADAL,ADAL|ADEL|FLPL|AIZL|M5,49,AVJL,0.25,0.1,0.01,4,0,1,0.25,0
atanas,4,deterministic,FUGW (G+A; official),test,2022-06-28-01,131,ADAL,/home/ubuntu/klb/nuclr/nuclr/Data/Atanas_SF_unified_000776/cv5_grouped_v1/fold_4/test/val__2022-06-28-01__a91d8128.npz,2023-01-09-22,1,93,72,139,VB02,VB02|ADAL|AVKR|M5|ADEL,72,ADAL,0.25,0.1,0.01,2,0,1,0.5,1
atanas,4,deterministic,FUGW (G+A; official),test,2022-06-28-01,134,SMDDL,/home/ubuntu/klb/nuclr/nuclr/Data/Atanas_SF_unified_000776/cv5_grouped_v1/fold_4/test/val__2022-06-28-01__a91d8128.npz,2023-01-09-22,1,93,35,139,VB02,VB02|AIYL|AIYR|FLPL|AIMR,83,RMDDL,0.25,0.1,0.01,17,0,0,0.058823529411764705,0
atanas,4,deterministic,FUGW (G+A; official),test,2022-06-28-01,137,AVAL,/home/ubuntu/klb/nuclr/nuclr/Data/Atanas_SF_unified_000776/cv5_grouped_v1/fold_4/test/val__2022-06-28-01__a91d8128.npz,2023-01-09-22,1,93,18,68,ADEL,ADEL|FLPL|AIZL|ADAL|AVDL,65,RMEL,0.25,0.1,0.01,44,0,0,0.022727272727272728,0
atanas,4,deterministic,FUGW (G+A; official),test,2022-06-28-01,141,AIBL,/home/ubuntu/klb/nuclr/nuclr/Data/Atanas_SF_unified_000776/cv5_grouped_v1/fold_4/test/val__2022-06-28-01__a91d8128.npz,2023-01-09-22,1,93,82,73,ASJL,ASJL|M5|ADAL|ASHL|ADEL,82,AIBL,0.25,0.1,0.01,6,0,0,0.16666666666666666,1
