fold,seed,uid,source_path,node_index,identity,medoid_uid,medoid_candidate_present,full_rank,medoid_rank,full_top1,medoid_top1,full_top5,medoid_top5,full_rr,medoid_rr,full_hungarian_correct,medoid_hungarian_correct
4,42,2023-01-10-07,/home/ubuntu/klb/nuclr/nuclr/Data/Atanas_SF_unified_000776/cv5_grouped_v1/fold_4/test/test__2023-01-10-07__af4d7d2d.npz,0,ASGR,2023-01-09-22,1,1,1,1,1,1,1,1.0,1.0,1,1
4,42,2023-01-10-07,/home/ubuntu/klb/nuclr/nuclr/Data/Atanas_SF_unified_000776/cv5_grouped_v1/fold_4/test/test__2023-01-10-07__af4d7d2d.npz,1,IL2L,2023-01-09-22,1,1,1,1,1,1,1,1.0,1.0,1,1
4,42,2023-01-10-07,/home/ubuntu/klb/nuclr/nuclr/Data/Atanas_SF_unified_000776/cv5_grouped_v1/fold_4/test/test__2023-01-10-07__af4d7d2d.npz,2,RID,2023-01-09-22,1,1,1,1,1,1,1,1.0,1.0,1,1
4,42,2023-01-10-07,/home/ubuntu/klb/nuclr/nuclr/Data/Atanas_SF_unified_000776/cv5_grouped_v1/fold_4/test/test__2023-01-10-07__af4d7d2d.npz,3,FLPL,2023-01-09-22,1,15,11,0,0,0,0,0.06666666666666667,0.09090909090909091,0,0
4,42,2023-01-10-07,/home/ubuntu/klb/nuclr/nuclr/Data/Atanas_SF_unified_000776/cv5_grouped_v1/fold_4/test/test__2023-01-10-07__af4d7d2d.npz,5,AVER,2023-01-09-22,1,1,1,1,1,1,1,1.0,1.0,1,1
4,42,2023-01-10-07,/home/ubuntu/klb/nuclr/nuclr/Data/Atanas_SF_unified_000776/cv5_grouped_v1/fold_4/test/test__2023-01-10-07__af4d7d2d.npz,7,OLQDR,2023-01-09-22,0,3,-1,0,0,1,0,0.3333333333333333,0.0,0,0
4,42,2023-01-10-07,/home/ubuntu/klb/nuclr/nuclr/Data/Atanas_SF_unified_000776/cv5_grouped_v1/fold_4/test/test__2023-01-10-07__af4d7d2d.npz,8,SMBDR,2023-01-09-22,0,9,-1,0,0,0,0,0.1111111111111111,0.0,0,0
4,42,2023-01-10-07,/home/ubuntu/klb/nuclr/nuclr/Data/Atanas_SF_unified_000776/cv5_grouped_v1/fold_4/test/test__2023-01-10-07__af4d7d2d.npz,9,AIBL,2023-01-09-22,1,1,1,1,1,1,1,1.0,1.0,1,1
4,42,2023-01-10-07,/home/ubuntu/klb/nuclr/nuclr/Data/Atanas_SF_unified_000776/cv5_grouped_v1/fold_4/test/test__2023-01-10-07__af4d7d2d.npz,11,AUAR,2023-01-09-22,1,1,1,1,1,1,1,1.0,1.0,1,1
4,42,2023-01-10-07,/home/ubuntu/klb/nuclr/nuclr/Data/Atanas_SF_unified_000776/cv5_grouped_v1/fold_4/test/test__2023-01-10-07__af4d7d2d.npz,12,M5,2023-01-09-22,1,1,1,1,1,1,1,1.0,1.0,1,1
4,42,2023-01-10-07,/home/ubuntu/klb/nuclr/nuclr/Data/Atanas_SF_unified_000776/cv5_grouped_v1/fold_4/test/test__2023-01-10-07__af4d7d2d.npz,13,OLQVR,2023-01-09-22,1,2,4,0,0,1,1,0.5,0.25,1,0
4,42,2023-01-10-07,/home/ubuntu/klb/nuclr/nuclr/Data/Atanas_SF_unified_000776/cv5_grouped_v1/fold_4/test/test__2023-01-10-07__af4d7d2d.npz,15,MCL,2023-01-09-22,0,1,-1,1,0,1,0,1.0,0.0,1,0
4,42,2023-01-10-07,/home/ubuntu/klb/nuclr/nuclr/Data/Atanas_SF_unified_000776/cv5_grouped_v1/fold_4/test/test__2023-01-10-07__af4d7d2d.npz,17,NSML,2023-01-09-22,1,1,1,1,1,1,1,1.0,1.0,1,1
4,42,2023-01-10-07,/home/ubuntu/klb/nuclr/nuclr/Data/Atanas_SF_unified_000776/cv5_grouped_v1/fold_4/test/test__2023-01-10-07__af4d7d2d.npz,19,IL2VL,2023-01-09-22,1,1,1,1,1,1,1,1.0,1.0,1,1
4,42,2023-01-10-07,/home/ubuntu/klb/nuclr/nuclr/Data/Atanas_SF_unified_000776/cv5_grouped_v1/fold_4/test/test__2023-01-10-07__af4d7d2d.npz,21,ASEL,2023-01-09-22,1,1,1,1,1,1,1,1.0,1.0,1,1
4,42,2023-01-10-07,/home/ubuntu/klb/nuclr/nuclr/Data/Atanas_SF_unified_000776/cv5_grouped_v1/fold_4/test/test__2023-01-10-07__af4d7d2d.npz,22,OLQDL,2023-01-09-22,1,3,1,0,1,1,1,0.3333333333333333,1.0,0,0
4,42,2023-01-10-07,/home/ubuntu/klb/nuclr/nuclr/Data/Atanas_SF_unified_000776/cv5_grouped_v1/fold_4/test/test__2023-01-10-07__af4d7d2d.npz,23,AIBR,2023-01-09-22,1,1,1,1,1,1,1,1.0,1.0,1,1
4,42,2023-01-10-07,/home/ubuntu/klb/nuclr/nuclr/Data/Atanas_SF_unified_000776/cv5_grouped_v1/fold_4/test/test__2023-01-10-07__af4d7d2d.npz,25,RIVL,2023-01-09-22,1,1,1,1,1,1,1,1.0,1.0,1,1
4,42,2023-01-10-07,/home/ubuntu/klb/nuclr/nuclr/Data/Atanas_SF_unified_000776/cv5_grouped_v1/fold_4/test/test__2023-01-10-07__af4d7d2d.npz,27,RIVR,2023-01-09-22,1,1,1,1,1,1,1,1.0,1.0,1,1
4,42,2023-01-10-07,/home/ubuntu/klb/nuclr/nuclr/Data/Atanas_SF_unified_000776/cv5_grouped_v1/fold_4/test/test__2023-01-10-07__af4d7d2d.npz,28,AVDR,2023-01-09-22,1,1,1,1,1,1,1,1.0,1.0,1,1
4,42,2023-01-10-07,/home/ubuntu/klb/nuclr/nuclr/Data/Atanas_SF_unified_000776/cv5_grouped_v1/fold_4/test/test__2023-01-10-07__af4d7d2d.npz,29,CEPDL,2023-01-09-22,1,1,1,1,1,1,1,1.0,1.0,1,1
4,42,2023-01-10-07,/home/ubuntu/klb/nuclr/nuclr/Data/Atanas_SF_unified_000776/cv5_grouped_v1/fold_4/test/test__2023-01-10-07__af4d7d2d.npz,31,I1L,2023-01-09-22,1,1,1,1,1,1,1,1.0,1.0,1,1
4,42,2023-01-10-07,/home/ubuntu/klb/nuclr/nuclr/Data/Atanas_SF_unified_000776/cv5_grouped_v1/fold_4/test/test__2023-01-10-07__af4d7d2d.npz,32,RIML,2023-01-09-22,0,1,-1,1,0,1,0,1.0,0.0,1,0
4,42,2023-01-10-07,/home/ubuntu/klb/nuclr/nuclr/Data/Atanas_SF_unified_000776/cv5_grouped_v1/fold_4/test/test__2023-01-10-07__af4d7d2d.npz,33,RMDVL,2023-01-09-22,1,1,1,1,1,1,1,1.0,1.0,1,1
4,42,2023-01-10-07,/home/ubuntu/klb/nuclr/nuclr/Data/Atanas_SF_unified_000776/cv5_grouped_v1/fold_4/test/test__2023-01-10-07__af4d7d2d.npz,34,VB02,2023-01-09-22,1,1,1,1,1,1,1,1.0,1.0,1,1
4,42,2023-01-10-07,/home/ubuntu/klb/nuclr/nuclr/Data/Atanas_SF_unified_000776/cv5_grouped_v1/fold_4/test/test__2023-01-10-07__af4d7d2d.npz,35,URXL,2023-01-09-22,1,1,1,1,1,1,1,1.0,1.0,1,1
4,42,2023-01-10-07,/home/ubuntu/klb/nuclr/nuclr/Data/Atanas_SF_unified_000776/cv5_grouped_v1/fold_4/test/test__2023-01-10-07__af4d7d2d.npz,36,AWAR,2023-01-09-22,0,1,-1,1,0,1,0,1.0,0.0,1,0
4,42,2023-01-10-07,/home/ubuntu/klb/nuclr/nuclr/Data/Atanas_SF_unified_000776/cv5_grouped_v1/fold_4/test/test__2023-01-10-07__af4d7d2d.npz,38,ADLR,2023-01-09-22,1,1,1,1,1,1,1,1.0,1.0,1,1
4,42,2023-01-10-07,/home/ubuntu/klb/nuclr/nuclr/Data/Atanas_SF_unified_000776/cv5_grouped_v1/fold_4/test/test__2023-01-10-07__af4d7d2d.npz,40,URYVL,2023-01-09-22,1,1,1,1,1,1,1,1.0,1.0,1,1
4,42,2023-01-10-07,/home/ubuntu/klb/nuclr/nuclr/Data/Atanas_SF_unified_000776/cv5_grouped_v1/fold_4/test/test__2023-01-10-07__af4d7d2d.npz,41,ADAL,2023-01-09-22,1,1,1,1,1,1,1,1.0,1.0,1,1
4,42,2023-01-10-07,/home/ubuntu/klb/nuclr/nuclr/Data/Atanas_SF_unified_000776/cv5_grouped_v1/fold_4/test/test__2023-01-10-07__af4d7d2d.npz,42,CEPDR,2023-01-09-22,1,1,1,1,1,1,1,1.0,1.0,1,1
4,42,2023-01-10-07,/home/ubuntu/klb/nuclr/nuclr/Data/Atanas_SF_unified_000776/cv5_grouped_v1/fold_4/test/test__2023-01-10-07__af4d7d2d.npz,43,IL2DR,2023-01-09-22,1,1,1,1,1,1,1,1.0,1.0,1,1
4,42,2023-01-10-07,/home/ubuntu/klb/nuclr/nuclr/Data/Atanas_SF_unified_000776/cv5_grouped_v1/fold_4/test/test__2023-01-10-07__af4d7d2d.npz,45,AVAL,2023-01-09-22,1,1,1,1,1,1,1,1.0,1.0,1,1
4,42,2023-01-10-07,/home/ubuntu/klb/nuclr/nuclr/Data/Atanas_SF_unified_000776/cv5_grouped_v1/fold_4/test/test__2023-01-10-07__af4d7d2d.npz,48,AWAL,2023-01-09-22,0,1,-1,1,0,1,0,1.0,0.0,1,0
4,42,2023-01-10-07,/home/ubuntu/klb/nuclr/nuclr/Data/Atanas_SF_unified_000776/cv5_grouped_v1/fold_4/test/test__2023-01-10-07__af4d7d2d.npz,49,IL1R,2023-01-09-22,1,1,1,1,1,1,1,1.0,1.0,1,1
4,42,2023-01-10-07,/home/ubuntu/klb/nuclr/nuclr/Data/Atanas_SF_unified_000776/cv5_grouped_v1/fold_4/test/test__2023-01-10-07__af4d7d2d.npz,50,AVDL,2023-01-09-22,1,1,1,1,1,1,1,1.0,1.0,1,1
4,42,2023-01-10-07,/home/ubuntu/klb/nuclr/nuclr/Data/Atanas_SF_unified_000776/cv5_grouped_v1/fold_4/test/test__2023-01-10-07__af4d7d2d.npz,53,IL1L,2023-01-09-22,1,1,1,1,1,1,1,1.0,1.0,1,1
4,42,2023-01-10-07,/home/ubuntu/klb/nuclr/nuclr/Data/Atanas_SF_unified_000776/cv5_grouped_v1/fold_4/test/test__2023-01-10-07__af4d7d2d.npz,55,I2L,2023-01-09-22,1,1,1,1,1,1,1,1.0,1.0,1,1
4,42,2023-01-10-07,/home/ubuntu/klb/nuclr/nuclr/Data/Atanas_SF_unified_000776/cv5_grouped_v1/fold_4/test/test__2023-01-10-07__af4d7d2d.npz,56,I2R,2023-01-09-22,0,1,-1,1,0,1,0,1.0,0.0,1,0
4,42,2023-01-10-07,/home/ubuntu/klb/nuclr/nuclr/Data/Atanas_SF_unified_000776/cv5_grouped_v1/fold_4/test/test__2023-01-10-07__af4d7d2d.npz,58,NSMR,2023-01-09-22,0,1,-1,1,0,1,0,1.0,0.0,1,0
4,42,2023-01-10-07,/home/ubuntu/klb/nuclr/nuclr/Data/Atanas_SF_unified_000776/cv5_grouped_v1/fold_4/test/test__2023-01-10-07__af4d7d2d.npz,59,ASGL,2023-01-09-22,1,1,1,1,1,1,1,1.0,1.0,1,1
4,42,2023-01-10-07,/home/ubuntu/klb/nuclr/nuclr/Data/Atanas_SF_unified_000776/cv5_grouped_v1/fold_4/test/test__2023-01-10-07__af4d7d2d.npz,62,IL2R,2023-01-09-22,1,1,1,1,1,1,1,1.0,1.0,1,1
4,42,2023-01-10-07,/home/ubuntu/klb/nuclr/nuclr/Data/Atanas_SF_unified_000776/cv5_grouped_v1/fold_4/test/test__2023-01-10-07__af4d7d2d.npz,63,AVEL,2023-01-09-22,1,1,1,1,1,1,1,1.0,1.0,1,1
4,42,2023-01-10-07,/home/ubuntu/klb/nuclr/nuclr/Data/Atanas_SF_unified_000776/cv5_grouped_v1/fold_4/test/test__2023-01-10-07__af4d7d2d.npz,65,SAADR,2023-01-09-22,0,46,-1,0,0,0,0,0.021739130434782608,0.0,0,0
4,42,2023-01-10-07,/home/ubuntu/klb/nuclr/nuclr/Data/Atanas_SF_unified_000776/cv5_grouped_v1/fold_4/test/test__2023-01-10-07__af4d7d2d.npz,72,AINL,2023-01-09-22,1,24,5,0,0,0,1,0.041666666666666664,0.2,0,0
4,42,2023-01-10-07,/home/ubuntu/klb/nuclr/nuclr/Data/Atanas_SF_unified_000776/cv5_grouped_v1/fold_4/test/test__2023-01-10-07__af4d7d2d.npz,74,CEPVL,2023-01-09-22,1,1,2,1,0,1,1,1.0,0.5,1,0
4,42,2023-01-10-07,/home/ubuntu/klb/nuclr/nuclr/Data/Atanas_SF_unified_000776/cv5_grouped_v1/fold_4/test/test__2023-01-10-07__af4d7d2d.npz,75,RMDL,2023-01-09-22,1,1,1,1,1,1,1,1.0,1.0,1,1
4,42,2023-01-10-07,/home/ubuntu/klb/nuclr/nuclr/Data/Atanas_SF_unified_000776/cv5_grouped_v1/fold_4/test/test__2023-01-10-07__af4d7d2d.npz,76,RICL,2023-01-09-22,0,1,-1,1,0,1,0,1.0,0.0,1,0
4,42,2023-01-10-07,/home/ubuntu/klb/nuclr/nuclr/Data/Atanas_SF_unified_000776/cv5_grouped_v1/fold_4/test/test__2023-01-10-07__af4d7d2d.npz,77,AVL,2023-01-09-22,0,4,-1,0,0,1,0,0.25,0.0,0,0
4,42,2023-01-10-07,/home/ubuntu/klb/nuclr/nuclr/Data/Atanas_SF_unified_000776/cv5_grouped_v1/fold_4/test/test__2023-01-10-07__af4d7d2d.npz,78,AVJL,2023-01-09-22,1,1,1,1,1,1,1,1.0,1.0,1,1
4,42,2023-01-10-07,/home/ubuntu/klb/nuclr/nuclr/Data/Atanas_SF_unified_000776/cv5_grouped_v1/fold_4/test/test__2023-01-10-07__af4d7d2d.npz,82,RMEL,2023-01-09-22,1,1,1,1,1,1,1,1.0,1.0,1,1
4,42,2023-01-10-07,/home/ubuntu/klb/nuclr/nuclr/Data/Atanas_SF_unified_000776/cv5_grouped_v1/fold_4/test/test__2023-01-10-07__af4d7d2d.npz,83,CEPVR,2023-01-09-22,1,1,2,1,0,1,1,1.0,0.5,1,0
4,42,2023-01-10-07,/home/ubuntu/klb/nuclr/nuclr/Data/Atanas_SF_unified_000776/cv5_grouped_v1/fold_4/test/test__2023-01-10-07__af4d7d2d.npz,84,SMDVL,2023-01-09-22,1,2,3,0,0,1,1,0.5,0.3333333333333333,0,0
4,42,2023-01-10-07,/home/ubuntu/klb/nuclr/nuclr/Data/Atanas_SF_unified_000776/cv5_grouped_v1/fold_4/test/test__2023-01-10-07__af4d7d2d.npz,85,ADER,2023-01-09-22,1,1,1,1,1,1,1,1.0,1.0,1,1
4,42,2023-01-10-07,/home/ubuntu/klb/nuclr/nuclr/Data/Atanas_SF_unified_000776/cv5_grouped_v1/fold_4/test/test__2023-01-10-07__af4d7d2d.npz,86,ASER,2023-01-09-22,0,1,-1,1,0,1,0,1.0,0.0,1,0
4,42,2023-01-10-07,/home/ubuntu/klb/nuclr/nuclr/Data/Atanas_SF_unified_000776/cv5_grouped_v1/fold_4/test/test__2023-01-10-07__af4d7d2d.npz,88,AUAL,2023-01-09-22,1,1,2,1,0,1,1,1.0,0.5,1,0
4,42,2023-01-10-07,/home/ubuntu/klb/nuclr/nuclr/Data/Atanas_SF_unified_000776/cv5_grouped_v1/fold_4/test/test__2023-01-10-07__af4d7d2d.npz,89,IL1DR,2023-01-09-22,1,1,1,1,1,1,1,1.0,1.0,1,1
4,42,2023-01-10-07,/home/ubuntu/klb/nuclr/nuclr/Data/Atanas_SF_unified_000776/cv5_grouped_v1/fold_4/test/test__2023-01-10-07__af4d7d2d.npz,90,RMDDL,2023-01-09-22,1,1,1,1,1,1,1,1.0,1.0,1,1
4,42,2023-01-10-07,/home/ubuntu/klb/nuclr/nuclr/Data/Atanas_SF_unified_000776/cv5_grouped_v1/fold_4/test/test__2023-01-10-07__af4d7d2d.npz,91,RICR,2023-01-09-22,0,1,-1,1,0,1,0,1.0,0.0,1,0
4,42,2023-01-10-07,/home/ubuntu/klb/nuclr/nuclr/Data/Atanas_SF_unified_000776/cv5_grouped_v1/fold_4/test/test__2023-01-10-07__af4d7d2d.npz,92,RMER,2023-01-09-22,1,1,1,1,1,1,1,1.0,1.0,1,1
4,42,2023-01-10-07,/home/ubuntu/klb/nuclr/nuclr/Data/Atanas_SF_unified_000776/cv5_grouped_v1/fold_4/test/test__2023-01-10-07__af4d7d2d.npz,94,RMDDR,2023-01-09-22,1,1,1,1,1,1,1,1.0,1.0,1,1
4,42,2023-01-10-07,/home/ubuntu/klb/nuclr/nuclr/Data/Atanas_SF_unified_000776/cv5_grouped_v1/fold_4/test/test__2023-01-10-07__af4d7d2d.npz,95,RMDVR,2023-01-09-22,1,1,1,1,1,1,1,1.0,1.0,1,1
4,42,2023-01-10-07,/home/ubuntu/klb/nuclr/nuclr/Data/Atanas_SF_unified_000776/cv5_grouped_v1/fold_4/test/test__2023-01-10-07__af4d7d2d.npz,96,AQR,2023-01-09-22,0,1,-1,1,0,1,0,1.0,0.0,1,0
4,42,2023-01-10-07,/home/ubuntu/klb/nuclr/nuclr/Data/Atanas_SF_unified_000776/cv5_grouped_v1/fold_4/test/test__2023-01-10-07__af4d7d2d.npz,97,OLQVL,2023-01-09-22,1,1,1,1,1,1,1,1.0,1.0,1,1
4,42,2023-01-10-07,/home/ubuntu/klb/nuclr/nuclr/Data/Atanas_SF_unified_000776/cv5_grouped_v1/fold_4/test/test__2023-01-10-07__af4d7d2d.npz,98,AWBL,2023-01-09-22,1,1,1,1,1,1,1,1.0,1.0,1,1
4,42,2023-01-10-07,/home/ubuntu/klb/nuclr/nuclr/Data/Atanas_SF_unified_000776/cv5_grouped_v1/fold_4/test/test__2023-01-10-07__af4d7d2d.npz,99,URBL,2023-01-09-22,1,1,1,1,1,1,1,1.0,1.0,1,1
4,42,2023-01-10-07,/home/ubuntu/klb/nuclr/nuclr/Data/Atanas_SF_unified_000776/cv5_grouped_v1/fold_4/test/test__2023-01-10-07__af4d7d2d.npz,100,URYVR,2023-01-09-22,1,1,1,1,1,1,1,1.0,1.0,1,1
4,42,2023-01-10-07,/home/ubuntu/klb/nuclr/nuclr/Data/Atanas_SF_unified_000776/cv5_grouped_v1/fold_4/test/test__2023-01-10-07__af4d7d2d.npz,105,RIH,2023-01-09-22,1,1,1,1,1,1,1,1.0,1.0,1,1
4,42,2023-01-10-07,/home/ubuntu/klb/nuclr/nuclr/Data/Atanas_SF_unified_000776/cv5_grouped_v1/fold_4/test/test__2023-01-10-07__af4d7d2d.npz,107,RIBL,2023-01-09-22,1,1,1,1,1,1,1,1.0,1.0,1,1
4,42,2023-01-10-07,/home/ubuntu/klb/nuclr/nuclr/Data/Atanas_SF_unified_000776/cv5_grouped_v1/fold_4/test/test__2023-01-10-07__af4d7d2d.npz,109,AVBR,2023-01-09-22,0,4,-1,0,0,1,0,0.25,0.0,0,0
4,42,2023-01-10-07,/home/ubuntu/klb/nuclr/nuclr/Data/Atanas_SF_unified_000776/cv5_grouped_v1/fold_4/test/test__2023-01-10-07__af4d7d2d.npz,110,M3R,2023-01-09-22,1,1,1,1,1,1,1,1.0,1.0,1,1
4,42,2023-01-10-07,/home/ubuntu/klb/nuclr/nuclr/Data/Atanas_SF_unified_000776/cv5_grouped_v1/fold_4/test/test__2023-01-10-07__af4d7d2d.npz,111,AWBR,2023-01-09-22,0,1,-1,1,0,1,0,1.0,0.0,1,0
4,42,2023-01-10-07,/home/ubuntu/klb/nuclr/nuclr/Data/Atanas_SF_unified_000776/cv5_grouped_v1/fold_4/test/test__2023-01-10-07__af4d7d2d.npz,114,AVJR,2023-01-09-22,1,1,1,1,1,1,1,1.0,1.0,1,1
4,42,2023-01-10-07,/home/ubuntu/klb/nuclr/nuclr/Data/Atanas_SF_unified_000776/cv5_grouped_v1/fold_4/test/test__2023-01-10-07__af4d7d2d.npz,116,OLLR,2023-01-09-22,1,1,1,1,1,1,1,1.0,1.0,1,1
4,42,2023-01-10-07,/home/ubuntu/klb/nuclr/nuclr/Data/Atanas_SF_unified_000776/cv5_grouped_v1/fold_4/test/test__2023-01-10-07__af4d7d2d.npz,117,I1R,2023-01-09-22,1,1,1,1,1,1,1,1.0,1.0,1,1
4,42,2023-01-10-07,/home/ubuntu/klb/nuclr/nuclr/Data/Atanas_SF_unified_000776/cv5_grouped_v1/fold_4/test/test__2023-01-10-07__af4d7d2d.npz,118,RIR,2023-01-09-22,0,59,-1,0,0,0,0,0.01694915254237288,0.0,0,0
4,42,2023-01-10-07,/home/ubuntu/klb/nuclr/nuclr/Data/Atanas_SF_unified_000776/cv5_grouped_v1/fold_4/test/test__2023-01-10-07__af4d7d2d.npz,119,URYDL,2023-01-09-22,1,1,1,1,1,1,1,1.0,1.0,1,1
4,42,2023-01-10-07,/home/ubuntu/klb/nuclr/nuclr/Data/Atanas_SF_unified_000776/cv5_grouped_v1/fold_4/test/test__2023-01-10-07__af4d7d2d.npz,121,OLLL,2023-01-09-22,1,1,1,1,1,1,1,1.0,1.0,1,1
4,42,2023-01-10-07,/home/ubuntu/klb/nuclr/nuclr/Data/Atanas_SF_unified_000776/cv5_grouped_v1/fold_4/test/test__2023-01-10-07__af4d7d2d.npz,124,AIZL,2023-01-09-22,1,1,1,1,1,1,1,1.0,1.0,1,1
4,42,2023-01-10-07,/home/ubuntu/klb/nuclr/nuclr/Data/Atanas_SF_unified_000776/cv5_grouped_v1/fold_4/test/test__2023-01-10-07__af4d7d2d.npz,126,M3L,2023-01-09-22,1,1,1,1,1,1,1,1.0,1.0,1,1
4,42,2023-01-10-07,/home/ubuntu/klb/nuclr/nuclr/Data/Atanas_SF_unified_000776/cv5_grouped_v1/fold_4/test/test__2023-01-10-07__af4d7d2d.npz,127,RMGL,2023-01-09-22,0,1,-1,1,0,1,0,1.0,0.0,1,0
4,42,2023-01-10-07,/home/ubuntu/klb/nuclr/nuclr/Data/Atanas_SF_unified_000776/cv5_grouped_v1/fold_4/test/test__2023-01-10-07__af4d7d2d.npz,128,IL2VR,2023-01-09-22,0,1,-1,1,0,1,0,1.0,0.0,1,0
4,42,2023-01-10-07,/home/ubuntu/klb/nuclr/nuclr/Data/Atanas_SF_unified_000776/cv5_grouped_v1/fold_4/test/test__2023-01-10-07__af4d7d2d.npz,129,AWCR,2023-01-09-22,1,1,1,1,1,1,1,1.0,1.0,1,1
4,42,2023-01-10-07,/home/ubuntu/klb/nuclr/nuclr/Data/Atanas_SF_unified_000776/cv5_grouped_v1/fold_4/test/test__2023-01-10-07__af4d7d2d.npz,130,SMDVR,2023-01-09-22,1,16,13,0,0,0,0,0.0625,0.07692307692307693,0,0
4,42,2023-01-10-07,/home/ubuntu/klb/nuclr/nuclr/Data/Atanas_SF_unified_000776/cv5_grouped_v1/fold_4/test/test__2023-01-10-07__af4d7d2d.npz,131,URXR,2023-01-09-22,1,1,1,1,1,1,1,1.0,1.0,1,1
4,42,2023-01-10-07,/home/ubuntu/klb/nuclr/nuclr/Data/Atanas_SF_unified_000776/cv5_grouped_v1/fold_4/test/test__2023-01-10-07__af4d7d2d.npz,132,AIZR,2023-01-09-22,1,1,1,1,1,1,1,1.0,1.0,1,1
4,42,2023-01-10-07,/home/ubuntu/klb/nuclr/nuclr/Data/Atanas_SF_unified_000776/cv5_grouped_v1/fold_4/test/test__2023-01-10-07__af4d7d2d.npz,134,IL2DL,2023-01-09-22,1,1,1,1,1,1,1,1.0,1.0,1,1
4,42,2023-01-10-07,/home/ubuntu/klb/nuclr/nuclr/Data/Atanas_SF_unified_000776/cv5_grouped_v1/fold_4/test/test__2023-01-10-07__af4d7d2d.npz,135,I3,2023-01-09-22,1,1,1,1,1,1,1,1.0,1.0,1,1
4,42,2023-01-10-07,/home/ubuntu/klb/nuclr/nuclr/Data/Atanas_SF_unified_000776/cv5_grouped_v1/fold_4/test/test__2023-01-10-07__af4d7d2d.npz,136,ADEL,2023-01-09-22,1,1,1,1,1,1,1,1.0,1.0,1,1
4,42,2023-01-10-07,/home/ubuntu/klb/nuclr/nuclr/Data/Atanas_SF_unified_000776/cv5_grouped_v1/fold_4/test/test__2023-01-10-07__af4d7d2d.npz,137,IL1DL,2023-01-09-22,0,1,-1,1,0,1,0,1.0,0.0,1,0
4,42,2023-01-10-07,/home/ubuntu/klb/nuclr/nuclr/Data/Atanas_SF_unified_000776/cv5_grouped_v1/fold_4/test/test__2023-01-10-07__af4d7d2d.npz,138,SAAVR,2023-01-09-22,0,3,-1,0,0,1,0,0.3333333333333333,0.0,1,0
4,42,2023-01-10-07,/home/ubuntu/klb/nuclr/nuclr/Data/Atanas_SF_unified_000776/cv5_grouped_v1/fold_4/test/test__2023-01-10-07__af4d7d2d.npz,139,AVAR,2023-01-09-22,1,1,1,1,1,1,1,1.0,1.0,1,1
4,42,2023-01-10-07,/home/ubuntu/klb/nuclr/nuclr/Data/Atanas_SF_unified_000776/cv5_grouped_v1/fold_4/test/test__2023-01-10-07__af4d7d2d.npz,141,RIBR,2023-01-09-22,0,1,-1,1,0,1,0,1.0,0.0,1,0
4,42,2023-01-10-07,/home/ubuntu/klb/nuclr/nuclr/Data/Atanas_SF_unified_000776/cv5_grouped_v1/fold_4/test/test__2023-01-10-07__af4d7d2d.npz,142,AWCL,2023-01-09-22,1,1,2,1,0,1,1,1.0,0.5,1,0
4,42,2023-01-10-07,/home/ubuntu/klb/nuclr/nuclr/Data/Atanas_SF_unified_000776/cv5_grouped_v1/fold_4/test/test__2023-01-10-07__af4d7d2d.npz,143,AINR,2023-01-09-22,1,10,4,0,0,0,1,0.1,0.25,0,0
4,42,2023-01-10-14,/home/ubuntu/klb/nuclr/nuclr/Data/Atanas_SF_unified_000776/cv5_grouped_v1/fold_4/test/test__2023-01-10-14__e4254980.npz,0,AWAR,2023-01-09-22,0,79,-1,0,0,0,0,0.012658227848101266,0.0,0,0
4,42,2023-01-10-14,/home/ubuntu/klb/nuclr/nuclr/Data/Atanas_SF_unified_000776/cv5_grouped_v1/fold_4/test/test__2023-01-10-14__e4254980.npz,5,AINR,2023-01-09-22,1,1,1,1,1,1,1,1.0,1.0,1,1
4,42,2023-01-10-14,/home/ubuntu/klb/nuclr/nuclr/Data/Atanas_SF_unified_000776/cv5_grouped_v1/fold_4/test/test__2023-01-10-14__e4254980.npz,6,IL1DR,2023-01-09-22,1,1,1,1,1,1,1,1.0,1.0,1,1
4,42,2023-01-10-14,/home/ubuntu/klb/nuclr/nuclr/Data/Atanas_SF_unified_000776/cv5_grouped_v1/fold_4/test/test__2023-01-10-14__e4254980.npz,7,M1,2023-01-09-22,0,1,-1,1,0,1,0,1.0,0.0,1,0
4,42,2023-01-10-14,/home/ubuntu/klb/nuclr/nuclr/Data/Atanas_SF_unified_000776/cv5_grouped_v1/fold_4/test/test__2023-01-10-14__e4254980.npz,9,RIAR,2023-01-09-22,1,1,1,1,1,1,1,1.0,1.0,1,1
4,42,2023-01-10-14,/home/ubuntu/klb/nuclr/nuclr/Data/Atanas_SF_unified_000776/cv5_grouped_v1/fold_4/test/test__2023-01-10-14__e4254980.npz,10,AIZL,2023-01-09-22,1,2,2,0,0,1,1,0.5,0.5,0,0
4,42,2023-01-10-14,/home/ubuntu/klb/nuclr/nuclr/Data/Atanas_SF_unified_000776/cv5_grouped_v1/fold_4/test/test__2023-01-10-14__e4254980.npz,11,IL2L,2023-01-09-22,1,1,1,1,1,1,1,1.0,1.0,1,1
4,42,2023-01-10-14,/home/ubuntu/klb/nuclr/nuclr/Data/Atanas_SF_unified_000776/cv5_grouped_v1/fold_4/test/test__2023-01-10-14__e4254980.npz,12,IL2DL,2023-01-09-22,1,1,2,1,0,1,1,1.0,0.5,1,0
4,42,2023-01-10-14,/home/ubuntu/klb/nuclr/nuclr/Data/Atanas_SF_unified_000776/cv5_grouped_v1/fold_4/test/test__2023-01-10-14__e4254980.npz,13,CEPDR,2023-01-09-22,1,1,1,1,1,1,1,1.0,1.0,1,1
4,42,2023-01-10-14,/home/ubuntu/klb/nuclr/nuclr/Data/Atanas_SF_unified_000776/cv5_grouped_v1/fold_4/test/test__2023-01-10-14__e4254980.npz,14,AVEL,2023-01-09-22,1,1,1,1,1,1,1,1.0,1.0,1,1
4,42,2023-01-10-14,/home/ubuntu/klb/nuclr/nuclr/Data/Atanas_SF_unified_000776/cv5_grouped_v1/fold_4/test/test__2023-01-10-14__e4254980.npz,15,RIH,2023-01-09-22,1,1,1,1,1,1,1,1.0,1.0,1,1
4,42,2023-01-10-14,/home/ubuntu/klb/nuclr/nuclr/Data/Atanas_SF_unified_000776/cv5_grouped_v1/fold_4/test/test__2023-01-10-14__e4254980.npz,19,ADLL,2023-01-09-22,1,1,1,1,1,1,1,1.0,1.0,1,1
4,42,2023-01-10-14,/home/ubuntu/klb/nuclr/nuclr/Data/Atanas_SF_unified_000776/cv5_grouped_v1/fold_4/test/test__2023-01-10-14__e4254980.npz,20,URYDR,2023-01-09-22,1,1,1,1,1,1,1,1.0,1.0,1,1
4,42,2023-01-10-14,/home/ubuntu/klb/nuclr/nuclr/Data/Atanas_SF_unified_000776/cv5_grouped_v1/fold_4/test/test__2023-01-10-14__e4254980.npz,24,OLQVL,2023-01-09-22,1,1,1,1,1,1,1,1.0,1.0,1,1
4,42,2023-01-10-14,/home/ubuntu/klb/nuclr/nuclr/Data/Atanas_SF_unified_000776/cv5_grouped_v1/fold_4/test/test__2023-01-10-14__e4254980.npz,27,IL1L,2023-01-09-22,1,1,1,1,1,1,1,1.0,1.0,1,1
4,42,2023-01-10-14,/home/ubuntu/klb/nuclr/nuclr/Data/Atanas_SF_unified_000776/cv5_grouped_v1/fold_4/test/test__2023-01-10-14__e4254980.npz,28,IL2VR,2023-01-09-22,0,1,-1,1,0,1,0,1.0,0.0,1,0
4,42,2023-01-10-14,/home/ubuntu/klb/nuclr/nuclr/Data/Atanas_SF_unified_000776/cv5_grouped_v1/fold_4/test/test__2023-01-10-14__e4254980.npz,29,RMDL,2023-01-09-22,1,2,3,0,0,1,1,0.5,0.3333333333333333,0,0
4,42,2023-01-10-14,/home/ubuntu/klb/nuclr/nuclr/Data/Atanas_SF_unified_000776/cv5_grouped_v1/fold_4/test/test__2023-01-10-14__e4254980.npz,30,AIBL,2023-01-09-22,1,1,1,1,1,1,1,1.0,1.0,1,1
4,42,2023-01-10-14,/home/ubuntu/klb/nuclr/nuclr/Data/Atanas_SF_unified_000776/cv5_grouped_v1/fold_4/test/test__2023-01-10-14__e4254980.npz,32,ADAR,2023-01-09-22,0,1,-1,1,0,1,0,1.0,0.0,1,0
4,42,2023-01-10-14,/home/ubuntu/klb/nuclr/nuclr/Data/Atanas_SF_unified_000776/cv5_grouped_v1/fold_4/test/test__2023-01-10-14__e4254980.npz,34,AVAL,2023-01-09-22,1,1,1,1,1,1,1,1.0,1.0,1,1
4,42,2023-01-10-14,/home/ubuntu/klb/nuclr/nuclr/Data/Atanas_SF_unified_000776/cv5_grouped_v1/fold_4/test/test__2023-01-10-14__e4254980.npz,36,RMDVL,2023-01-09-22,1,1,1,1,1,1,1,1.0,1.0,1,1
4,42,2023-01-10-14,/home/ubuntu/klb/nuclr/nuclr/Data/Atanas_SF_unified_000776/cv5_grouped_v1/fold_4/test/test__2023-01-10-14__e4254980.npz,37,IL2VL,2023-01-09-22,1,1,1,1,1,1,1,1.0,1.0,1,1
4,42,2023-01-10-14,/home/ubuntu/klb/nuclr/nuclr/Data/Atanas_SF_unified_000776/cv5_grouped_v1/fold_4/test/test__2023-01-10-14__e4254980.npz,38,OLQDL,2023-01-09-22,1,1,1,1,1,1,1,1.0,1.0,1,1
4,42,2023-01-10-14,/home/ubuntu/klb/nuclr/nuclr/Data/Atanas_SF_unified_000776/cv5_grouped_v1/fold_4/test/test__2023-01-10-14__e4254980.npz,43,ASGL,2023-01-09-22,1,1,1,1,1,1,1,1.0,1.0,1,1
4,42,2023-01-10-14,/home/ubuntu/klb/nuclr/nuclr/Data/Atanas_SF_unified_000776/cv5_grouped_v1/fold_4/test/test__2023-01-10-14__e4254980.npz,44,I2R,2023-01-09-22,0,1,-1,1,0,1,0,1.0,0.0,1,0
4,42,2023-01-10-14,/home/ubuntu/klb/nuclr/nuclr/Data/Atanas_SF_unified_000776/cv5_grouped_v1/fold_4/test/test__2023-01-10-14__e4254980.npz,45,RMDVR,2023-01-09-22,1,1,1,1,1,1,1,1.0,1.0,1,1
4,42,2023-01-10-14,/home/ubuntu/klb/nuclr/nuclr/Data/Atanas_SF_unified_000776/cv5_grouped_v1/fold_4/test/test__2023-01-10-14__e4254980.npz,46,IL1R,2023-01-09-22,1,1,1,1,1,1,1,1.0,1.0,1,1
4,42,2023-01-10-14,/home/ubuntu/klb/nuclr/nuclr/Data/Atanas_SF_unified_000776/cv5_grouped_v1/fold_4/test/test__2023-01-10-14__e4254980.npz,47,OLQDR,2023-01-09-22,0,1,-1,1,0,1,0,1.0,0.0,1,0
4,42,2023-01-10-14,/home/ubuntu/klb/nuclr/nuclr/Data/Atanas_SF_unified_000776/cv5_grouped_v1/fold_4/test/test__2023-01-10-14__e4254980.npz,48,AIYR,2023-01-09-22,1,4,3,0,0,1,1,0.25,0.3333333333333333,0,0
4,42,2023-01-10-14,/home/ubuntu/klb/nuclr/nuclr/Data/Atanas_SF_unified_000776/cv5_grouped_v1/fold_4/test/test__2023-01-10-14__e4254980.npz,49,IL2DR,2023-01-09-22,1,1,1,1,1,1,1,1.0,1.0,1,1
4,42,2023-01-10-14,/home/ubuntu/klb/nuclr/nuclr/Data/Atanas_SF_unified_000776/cv5_grouped_v1/fold_4/test/test__2023-01-10-14__e4254980.npz,50,URYVL,2023-01-09-22,1,1,1,1,1,1,1,1.0,1.0,1,1
4,42,2023-01-10-14,/home/ubuntu/klb/nuclr/nuclr/Data/Atanas_SF_unified_000776/cv5_grouped_v1/fold_4/test/test__2023-01-10-14__e4254980.npz,54,AWBL,2023-01-09-22,1,1,1,1,1,1,1,1.0,1.0,1,0
4,42,2023-01-10-14,/home/ubuntu/klb/nuclr/nuclr/Data/Atanas_SF_unified_000776/cv5_grouped_v1/fold_4/test/test__2023-01-10-14__e4254980.npz,55,M3L,2023-01-09-22,1,1,1,1,1,1,1,1.0,1.0,1,0
4,42,2023-01-10-14,/home/ubuntu/klb/nuclr/nuclr/Data/Atanas_SF_unified_000776/cv5_grouped_v1/fold_4/test/test__2023-01-10-14__e4254980.npz,56,ADEL,2023-01-09-22,1,1,1,1,1,1,1,1.0,1.0,1,1
4,42,2023-01-10-14,/home/ubuntu/klb/nuclr/nuclr/Data/Atanas_SF_unified_000776/cv5_grouped_v1/fold_4/test/test__2023-01-10-14__e4254980.npz,58,M5,2023-01-09-22,1,1,1,1,1,1,1,1.0,1.0,1,1
4,42,2023-01-10-14,/home/ubuntu/klb/nuclr/nuclr/Data/Atanas_SF_unified_000776/cv5_grouped_v1/fold_4/test/test__2023-01-10-14__e4254980.npz,59,CEPVR,2023-01-09-22,1,2,2,0,0,1,1,0.5,0.5,0,0
4,42,2023-01-10-14,/home/ubuntu/klb/nuclr/nuclr/Data/Atanas_SF_unified_000776/cv5_grouped_v1/fold_4/test/test__2023-01-10-14__e4254980.npz,60,OLLL,2023-01-09-22,1,1,1,1,1,1,1,1.0,1.0,1,1
4,42,2023-01-10-14,/home/ubuntu/klb/nuclr/nuclr/Data/Atanas_SF_unified_000776/cv5_grouped_v1/fold_4/test/test__2023-01-10-14__e4254980.npz,61,ASIR,2023-01-09-22,0,1,-1,1,0,1,0,1.0,0.0,1,0
4,42,2023-01-10-14,/home/ubuntu/klb/nuclr/nuclr/Data/Atanas_SF_unified_000776/cv5_grouped_v1/fold_4/test/test__2023-01-10-14__e4254980.npz,62,AVER,2023-01-09-22,1,1,1,1,1,1,1,1.0,1.0,1,1
4,42,2023-01-10-14,/home/ubuntu/klb/nuclr/nuclr/Data/Atanas_SF_unified_000776/cv5_grouped_v1/fold_4/test/test__2023-01-10-14__e4254980.npz,63,CEPVL,2023-01-09-22,1,2,4,0,0,1,1,0.5,0.25,0,0
4,42,2023-01-10-14,/home/ubuntu/klb/nuclr/nuclr/Data/Atanas_SF_unified_000776/cv5_grouped_v1/fold_4/test/test__2023-01-10-14__e4254980.npz,64,URADL,2023-01-09-22,0,1,-1,1,0,1,0,1.0,0.0,1,0
4,42,2023-01-10-14,/home/ubuntu/klb/nuclr/nuclr/Data/Atanas_SF_unified_000776/cv5_grouped_v1/fold_4/test/test__2023-01-10-14__e4254980.npz,65,AWAL,2023-01-09-22,0,1,-1,1,0,1,0,1.0,0.0,1,0
4,42,2023-01-10-14,/home/ubuntu/klb/nuclr/nuclr/Data/Atanas_SF_unified_000776/cv5_grouped_v1/fold_4/test/test__2023-01-10-14__e4254980.npz,66,I3,2023-01-09-22,1,1,3,1,0,1,1,1.0,0.3333333333333333,1,0
4,42,2023-01-10-14,/home/ubuntu/klb/nuclr/nuclr/Data/Atanas_SF_unified_000776/cv5_grouped_v1/fold_4/test/test__2023-01-10-14__e4254980.npz,68,BAGL,2023-01-09-22,1,1,1,1,1,1,1,1.0,1.0,1,1
4,42,2023-01-10-14,/home/ubuntu/klb/nuclr/nuclr/Data/Atanas_SF_unified_000776/cv5_grouped_v1/fold_4/test/test__2023-01-10-14__e4254980.npz,69,M4,2023-01-09-22,1,1,1,1,1,1,1,1.0,1.0,1,0
4,42,2023-01-10-14,/home/ubuntu/klb/nuclr/nuclr/Data/Atanas_SF_unified_000776/cv5_grouped_v1/fold_4/test/test__2023-01-10-14__e4254980.npz,71,IL2R,2023-01-09-22,1,1,1,1,1,1,1,1.0,1.0,1,1
4,42,2023-01-10-14,/home/ubuntu/klb/nuclr/nuclr/Data/Atanas_SF_unified_000776/cv5_grouped_v1/fold_4/test/test__2023-01-10-14__e4254980.npz,72,ADER,2023-01-09-22,1,1,3,1,0,1,1,1.0,0.3333333333333333,1,0
4,42,2023-01-10-14,/home/ubuntu/klb/nuclr/nuclr/Data/Atanas_SF_unified_000776/cv5_grouped_v1/fold_4/test/test__2023-01-10-14__e4254980.npz,75,RIBL,2023-01-09-22,1,1,1,1,1,1,1,1.0,1.0,1,1
4,42,2023-01-10-14,/home/ubuntu/klb/nuclr/nuclr/Data/Atanas_SF_unified_000776/cv5_grouped_v1/fold_4/test/test__2023-01-10-14__e4254980.npz,78,RMDDL,2023-01-09-22,1,7,8,0,0,0,0,0.14285714285714285,0.125,0,0
4,42,2023-01-10-14,/home/ubuntu/klb/nuclr/nuclr/Data/Atanas_SF_unified_000776/cv5_grouped_v1/fold_4/test/test__2023-01-10-14__e4254980.npz,81,AVJL,2023-01-09-22,1,1,1,1,1,1,1,1.0,1.0,1,1
4,42,2023-01-10-14,/home/ubuntu/klb/nuclr/nuclr/Data/Atanas_SF_unified_000776/cv5_grouped_v1/fold_4/test/test__2023-01-10-14__e4254980.npz,83,RMER,2023-01-09-22,1,1,1,1,1,1,1,1.0,1.0,1,1
4,42,2023-01-10-14,/home/ubuntu/klb/nuclr/nuclr/Data/Atanas_SF_unified_000776/cv5_grouped_v1/fold_4/test/test__2023-01-10-14__e4254980.npz,85,AVJR,2023-01-09-22,1,122,81,0,0,0,0,0.00819672131147541,0.012345679012345678,0,0
4,42,2023-01-10-14,/home/ubuntu/klb/nuclr/nuclr/Data/Atanas_SF_unified_000776/cv5_grouped_v1/fold_4/test/test__2023-01-10-14__e4254980.npz,86,AVAR,2023-01-09-22,1,1,1,1,1,1,1,1.0,1.0,1,1
4,42,2023-01-10-14,/home/ubuntu/klb/nuclr/nuclr/Data/Atanas_SF_unified_000776/cv5_grouped_v1/fold_4/test/test__2023-01-10-14__e4254980.npz,88,RID,2023-01-09-22,1,1,1,1,1,1,1,1.0,1.0,1,1
4,42,2023-01-10-14,/home/ubuntu/klb/nuclr/nuclr/Data/Atanas_SF_unified_000776/cv5_grouped_v1/fold_4/test/test__2023-01-10-14__e4254980.npz,89,MI,2023-01-09-22,1,1,1,1,1,1,1,1.0,1.0,1,1
4,42,2023-01-10-14,/home/ubuntu/klb/nuclr/nuclr/Data/Atanas_SF_unified_000776/cv5_grouped_v1/fold_4/test/test__2023-01-10-14__e4254980.npz,90,URYDL,2023-01-09-22,1,1,1,1,1,1,1,1.0,1.0,1,1
4,42,2023-01-10-14,/home/ubuntu/klb/nuclr/nuclr/Data/Atanas_SF_unified_000776/cv5_grouped_v1/fold_4/test/test__2023-01-10-14__e4254980.npz,91,RMEL,2023-01-09-22,1,1,1,1,1,1,1,1.0,1.0,1,1
4,42,2023-01-10-14,/home/ubuntu/klb/nuclr/nuclr/Data/Atanas_SF_unified_000776/cv5_grouped_v1/fold_4/test/test__2023-01-10-14__e4254980.npz,94,FLPL,2023-01-09-22,1,1,1,1,1,1,1,1.0,1.0,1,1
4,42,2023-01-10-14,/home/ubuntu/klb/nuclr/nuclr/Data/Atanas_SF_unified_000776/cv5_grouped_v1/fold_4/test/test__2023-01-10-14__e4254980.npz,99,AQR,2023-01-09-22,0,1,-1,1,0,1,0,1.0,0.0,1,0
4,42,2023-01-10-14,/home/ubuntu/klb/nuclr/nuclr/Data/Atanas_SF_unified_000776/cv5_grouped_v1/fold_4/test/test__2023-01-10-14__e4254980.npz,100,AIZR,2023-01-09-22,1,1,1,1,1,1,1,1.0,1.0,1,1
4,42,2023-01-10-14,/home/ubuntu/klb/nuclr/nuclr/Data/Atanas_SF_unified_000776/cv5_grouped_v1/fold_4/test/test__2023-01-10-14__e4254980.npz,101,MCL,2023-01-09-22,0,9,-1,0,0,0,0,0.1111111111111111,0.0,0,0
4,42,2023-01-10-14,/home/ubuntu/klb/nuclr/nuclr/Data/Atanas_SF_unified_000776/cv5_grouped_v1/fold_4/test/test__2023-01-10-14__e4254980.npz,102,OLLR,2023-01-09-22,1,1,1,1,1,1,1,1.0,1.0,1,1
4,42,2023-01-10-14,/home/ubuntu/klb/nuclr/nuclr/Data/Atanas_SF_unified_000776/cv5_grouped_v1/fold_4/test/test__2023-01-10-14__e4254980.npz,103,IL1DL,2023-01-09-22,0,1,-1,1,0,1,0,1.0,0.0,1,0
4,42,2023-01-10-14,/home/ubuntu/klb/nuclr/nuclr/Data/Atanas_SF_unified_000776/cv5_grouped_v1/fold_4/test/test__2023-01-10-14__e4254980.npz,104,M3R,2023-01-09-22,1,1,3,1,0,1,1,1.0,0.3333333333333333,1,0
4,42,2023-01-10-14,/home/ubuntu/klb/nuclr/nuclr/Data/Atanas_SF_unified_000776/cv5_grouped_v1/fold_4/test/test__2023-01-10-14__e4254980.npz,105,NSML,2023-01-09-22,1,1,1,1,1,1,1,1.0,1.0,1,1
4,42,2023-01-10-14,/home/ubuntu/klb/nuclr/nuclr/Data/Atanas_SF_unified_000776/cv5_grouped_v1/fold_4/test/test__2023-01-10-14__e4254980.npz,108,CEPDL,2023-01-09-22,1,1,1,1,1,1,1,1.0,1.0,1,1
4,42,2023-01-10-14,/home/ubuntu/klb/nuclr/nuclr/Data/Atanas_SF_unified_000776/cv5_grouped_v1/fold_4/test/test__2023-01-10-14__e4254980.npz,110,AVBL,2023-01-09-22,0,1,-1,1,0,1,0,1.0,0.0,1,0
4,42,2023-01-10-14,/home/ubuntu/klb/nuclr/nuclr/Data/Atanas_SF_unified_000776/cv5_grouped_v1/fold_4/test/test__2023-01-10-14__e4254980.npz,111,AIML,2023-01-09-22,0,1,-1,1,0,1,0,1.0,0.0,1,0
4,42,2023-01-10-14,/home/ubuntu/klb/nuclr/nuclr/Data/Atanas_SF_unified_000776/cv5_grouped_v1/fold_4/test/test__2023-01-10-14__e4254980.npz,113,SMDVL,2023-01-09-22,1,1,1,1,1,1,1,1.0,1.0,1,1
4,42,2023-01-10-14,/home/ubuntu/klb/nuclr/nuclr/Data/Atanas_SF_unified_000776/cv5_grouped_v1/fold_4/test/test__2023-01-10-14__e4254980.npz,114,I1R,2023-01-09-22,1,1,1,1,1,1,1,1.0,1.0,1,1
4,42,2023-01-10-14,/home/ubuntu/klb/nuclr/nuclr/Data/Atanas_SF_unified_000776/cv5_grouped_v1/fold_4/test/test__2023-01-10-14__e4254980.npz,116,AINL,2023-01-09-22,1,1,1,1,1,1,1,1.0,1.0,1,0
4,42,2023-01-10-14,/home/ubuntu/klb/nuclr/nuclr/Data/Atanas_SF_unified_000776/cv5_grouped_v1/fold_4/test/test__2023-01-10-14__e4254980.npz,117,AIMR,2023-01-09-22,1,1,1,1,1,1,1,1.0,1.0,1,0
4,42,2023-01-10-14,/home/ubuntu/klb/nuclr/nuclr/Data/Atanas_SF_unified_000776/cv5_grouped_v1/fold_4/test/test__2023-01-10-14__e4254980.npz,118,URXL,2023-01-09-22,1,1,1,1,1,1,1,1.0,1.0,1,1
4,42,2023-01-10-14,/home/ubuntu/klb/nuclr/nuclr/Data/Atanas_SF_unified_000776/cv5_grouped_v1/fold_4/test/test__2023-01-10-14__e4254980.npz,119,RICR,2023-01-09-22,0,1,-1,1,0,1,0,1.0,0.0,1,0
4,42,2023-01-10-14,/home/ubuntu/klb/nuclr/nuclr/Data/Atanas_SF_unified_000776/cv5_grouped_v1/fold_4/test/test__2023-01-10-14__e4254980.npz,120,ASER,2023-01-09-22,0,1,-1,1,0,1,0,1.0,0.0,1,0
4,42,2023-01-10-14,/home/ubuntu/klb/nuclr/nuclr/Data/Atanas_SF_unified_000776/cv5_grouped_v1/fold_4/test/test__2023-01-10-14__e4254980.npz,122,AIBR,2023-01-09-22,1,1,1,1,1,1,1,1.0,1.0,1,1
4,42,2023-01-10-14,/home/ubuntu/klb/nuclr/nuclr/Data/Atanas_SF_unified_000776/cv5_grouped_v1/fold_4/test/test__2023-01-10-14__e4254980.npz,123,RIVR,2023-01-09-22,1,1,1,1,1,1,1,1.0,1.0,1,1
4,42,2023-01-10-14,/home/ubuntu/klb/nuclr/nuclr/Data/Atanas_SF_unified_000776/cv5_grouped_v1/fold_4/test/test__2023-01-10-14__e4254980.npz,125,RICL,2023-01-09-22,0,1,-1,1,0,1,0,1.0,0.0,1,0
4,42,2023-01-10-14,/home/ubuntu/klb/nuclr/nuclr/Data/Atanas_SF_unified_000776/cv5_grouped_v1/fold_4/test/test__2023-01-10-14__e4254980.npz,126,I2L,2023-01-09-22,1,1,1,1,1,1,1,1.0,1.0,1,1
4,42,2023-01-10-14,/home/ubuntu/klb/nuclr/nuclr/Data/Atanas_SF_unified_000776/cv5_grouped_v1/fold_4/test/test__2023-01-10-14__e4254980.npz,127,AWCL,2023-01-09-22,1,4,4,0,0,1,1,0.25,0.25,0,0
4,42,2023-01-10-14,/home/ubuntu/klb/nuclr/nuclr/Data/Atanas_SF_unified_000776/cv5_grouped_v1/fold_4/test/test__2023-01-10-14__e4254980.npz,128,URYVR,2023-01-09-22,1,1,1,1,1,1,1,1.0,1.0,1,1
4,42,2023-01-10-14,/home/ubuntu/klb/nuclr/nuclr/Data/Atanas_SF_unified_000776/cv5_grouped_v1/fold_4/test/test__2023-01-10-14__e4254980.npz,130,RIVL,2023-01-09-22,1,1,1,1,1,1,1,1.0,1.0,1,1
4,42,2023-01-10-14,/home/ubuntu/klb/nuclr/nuclr/Data/Atanas_SF_unified_000776/cv5_grouped_v1/fold_4/test/test__2023-01-10-14__e4254980.npz,131,I1L,2023-01-09-22,1,1,1,1,1,1,1,1.0,1.0,1,1
4,42,2023-01-10-14,/home/ubuntu/klb/nuclr/nuclr/Data/Atanas_SF_unified_000776/cv5_grouped_v1/fold_4/test/test__2023-01-10-14__e4254980.npz,132,NSMR,2023-01-09-22,0,1,-1,1,0,1,0,1.0,0.0,1,0
4,42,2023-01-10-14,/home/ubuntu/klb/nuclr/nuclr/Data/Atanas_SF_unified_000776/cv5_grouped_v1/fold_4/test/test__2023-01-10-14__e4254980.npz,134,I6,2023-01-09-22,0,1,-1,1,0,1,0,1.0,0.0,1,0
4,42,2023-01-10-14,/home/ubuntu/klb/nuclr/nuclr/Data/Atanas_SF_unified_000776/cv5_grouped_v1/fold_4/test/test__2023-01-10-14__e4254980.npz,135,RMDDR,2023-01-09-22,1,1,1,1,1,1,1,1.0,1.0,0,1
4,42,2023-01-10-14,/home/ubuntu/klb/nuclr/nuclr/Data/Atanas_SF_unified_000776/cv5_grouped_v1/fold_4/test/test__2023-01-10-14__e4254980.npz,137,SMDVR,2023-01-09-22,1,1,1,1,1,1,1,1.0,1.0,1,1
4,42,2023-01-10-14,/home/ubuntu/klb/nuclr/nuclr/Data/Atanas_SF_unified_000776/cv5_grouped_v1/fold_4/test/test__2023-01-10-14__e4254980.npz,138,VB02,2023-01-09-22,1,1,1,1,1,1,1,1.0,1.0,1,1
4,42,2023-01-10-14,/home/ubuntu/klb/nuclr/nuclr/Data/Atanas_SF_unified_000776/cv5_grouped_v1/fold_4/test/test__2023-01-10-14__e4254980.npz,139,AWBR,2023-01-09-22,0,1,-1,1,0,1,0,1.0,0.0,1,0
4,42,2023-01-10-14,/home/ubuntu/klb/nuclr/nuclr/Data/Atanas_SF_unified_000776/cv5_grouped_v1/fold_4/test/test__2023-01-10-14__e4254980.npz,140,URXR,2023-01-09-22,1,1,1,1,1,1,1,1.0,1.0,1,1
4,42,2023-01-10-14,/home/ubuntu/klb/nuclr/nuclr/Data/Atanas_SF_unified_000776/cv5_grouped_v1/fold_4/test/test__2023-01-10-14__e4254980.npz,141,FLPR,2023-01-09-22,1,1,1,1,1,1,1,1.0,1.0,1,1
4,42,2023-03-07-01,/home/ubuntu/klb/nuclr/nuclr/Data/Atanas_SF_unified_000776/cv5_grouped_v1/fold_4/test/test__2023-03-07-01__9fafa0d7.npz,0,RID,2023-01-09-22,1,1,1,1,1,1,1,1.0,1.0,1,1
4,42,2023-03-07-01,/home/ubuntu/klb/nuclr/nuclr/Data/Atanas_SF_unified_000776/cv5_grouped_v1/fold_4/test/test__2023-03-07-01__9fafa0d7.npz,1,RIMR,2023-01-09-22,1,1,1,1,1,1,1,1.0,1.0,1,1
4,42,2023-03-07-01,/home/ubuntu/klb/nuclr/nuclr/Data/Atanas_SF_unified_000776/cv5_grouped_v1/fold_4/test/test__2023-03-07-01__9fafa0d7.npz,2,URYDR,2023-01-09-22,1,1,1,1,1,1,1,1.0,1.0,1,1
4,42,2023-03-07-01,/home/ubuntu/klb/nuclr/nuclr/Data/Atanas_SF_unified_000776/cv5_grouped_v1/fold_4/test/test__2023-03-07-01__9fafa0d7.npz,3,RIH,2023-01-09-22,1,4,2,0,0,1,1,0.25,0.5,0,0
4,42,2023-03-07-01,/home/ubuntu/klb/nuclr/nuclr/Data/Atanas_SF_unified_000776/cv5_grouped_v1/fold_4/test/test__2023-03-07-01__9fafa0d7.npz,6,OLQVL,2023-01-09-22,1,1,1,1,1,1,1,1.0,1.0,1,1
4,42,2023-03-07-01,/home/ubuntu/klb/nuclr/nuclr/Data/Atanas_SF_unified_000776/cv5_grouped_v1/fold_4/test/test__2023-03-07-01__9fafa0d7.npz,7,ADLL,2023-01-09-22,1,1,1,1,1,1,1,1.0,1.0,1,1
4,42,2023-03-07-01,/home/ubuntu/klb/nuclr/nuclr/Data/Atanas_SF_unified_000776/cv5_grouped_v1/fold_4/test/test__2023-03-07-01__9fafa0d7.npz,9,RMGL,2023-01-09-22,0,1,-1,1,0,1,0,1.0,0.0,1,0
4,42,2023-03-07-01,/home/ubuntu/klb/nuclr/nuclr/Data/Atanas_SF_unified_000776/cv5_grouped_v1/fold_4/test/test__2023-03-07-01__9fafa0d7.npz,10,RIML,2023-01-09-22,0,1,-1,1,0,1,0,1.0,0.0,1,0
4,42,2023-03-07-01,/home/ubuntu/klb/nuclr/nuclr/Data/Atanas_SF_unified_000776/cv5_grouped_v1/fold_4/test/test__2023-03-07-01__9fafa0d7.npz,11,IL2VR,2023-01-09-22,0,1,-1,1,0,1,0,1.0,0.0,1,0
4,42,2023-03-07-01,/home/ubuntu/klb/nuclr/nuclr/Data/Atanas_SF_unified_000776/cv5_grouped_v1/fold_4/test/test__2023-03-07-01__9fafa0d7.npz,15,I1L,2023-01-09-22,1,1,1,1,1,1,1,1.0,1.0,1,1
4,42,2023-03-07-01,/home/ubuntu/klb/nuclr/nuclr/Data/Atanas_SF_unified_000776/cv5_grouped_v1/fold_4/test/test__2023-03-07-01__9fafa0d7.npz,18,ADAL,2023-01-09-22,1,1,1,1,1,1,1,1.0,1.0,1,1
4,42,2023-03-07-01,/home/ubuntu/klb/nuclr/nuclr/Data/Atanas_SF_unified_000776/cv5_grouped_v1/fold_4/test/test__2023-03-07-01__9fafa0d7.npz,20,RMDVR,2023-01-09-22,1,1,1,1,1,1,1,1.0,1.0,1,1
4,42,2023-03-07-01,/home/ubuntu/klb/nuclr/nuclr/Data/Atanas_SF_unified_000776/cv5_grouped_v1/fold_4/test/test__2023-03-07-01__9fafa0d7.npz,24,OLLL,2023-01-09-22,1,1,1,1,1,1,1,1.0,1.0,1,1
4,42,2023-03-07-01,/home/ubuntu/klb/nuclr/nuclr/Data/Atanas_SF_unified_000776/cv5_grouped_v1/fold_4/test/test__2023-03-07-01__9fafa0d7.npz,26,URBR,2023-01-09-22,0,2,-1,0,0,1,0,0.5,0.0,0,0
4,42,2023-03-07-01,/home/ubuntu/klb/nuclr/nuclr/Data/Atanas_SF_unified_000776/cv5_grouped_v1/fold_4/test/test__2023-03-07-01__9fafa0d7.npz,27,ALA,2023-01-09-22,0,1,-1,1,0,1,0,1.0,0.0,1,0
4,42,2023-03-07-01,/home/ubuntu/klb/nuclr/nuclr/Data/Atanas_SF_unified_000776/cv5_grouped_v1/fold_4/test/test__2023-03-07-01__9fafa0d7.npz,30,CEPDR,2023-01-09-22,1,2,2,0,0,1,1,0.5,0.5,0,0
4,42,2023-03-07-01,/home/ubuntu/klb/nuclr/nuclr/Data/Atanas_SF_unified_000776/cv5_grouped_v1/fold_4/test/test__2023-03-07-01__9fafa0d7.npz,32,RMDVL,2023-01-09-22,1,1,1,1,1,1,1,1.0,1.0,1,1
4,42,2023-03-07-01,/home/ubuntu/klb/nuclr/nuclr/Data/Atanas_SF_unified_000776/cv5_grouped_v1/fold_4/test/test__2023-03-07-01__9fafa0d7.npz,33,AVAL,2023-01-09-22,1,1,1,1,1,1,1,1.0,1.0,1,1
4,42,2023-03-07-01,/home/ubuntu/klb/nuclr/nuclr/Data/Atanas_SF_unified_000776/cv5_grouped_v1/fold_4/test/test__2023-03-07-01__9fafa0d7.npz,36,IL2VL,2023-01-09-22,1,1,1,1,1,1,1,1.0,1.0,1,1
4,42,2023-03-07-01,/home/ubuntu/klb/nuclr/nuclr/Data/Atanas_SF_unified_000776/cv5_grouped_v1/fold_4/test/test__2023-03-07-01__9fafa0d7.npz,41,ASHR,2023-01-09-22,0,15,-1,0,0,0,0,0.06666666666666667,0.0,0,0
4,42,2023-03-07-01,/home/ubuntu/klb/nuclr/nuclr/Data/Atanas_SF_unified_000776/cv5_grouped_v1/fold_4/test/test__2023-03-07-01__9fafa0d7.npz,42,IL1DR,2023-01-09-22,1,1,1,1,1,1,1,1.0,1.0,1,1
4,42,2023-03-07-01,/home/ubuntu/klb/nuclr/nuclr/Data/Atanas_SF_unified_000776/cv5_grouped_v1/fold_4/test/test__2023-03-07-01__9fafa0d7.npz,43,URYVL,2023-01-09-22,1,1,1,1,1,1,1,1.0,1.0,1,1
4,42,2023-03-07-01,/home/ubuntu/klb/nuclr/nuclr/Data/Atanas_SF_unified_000776/cv5_grouped_v1/fold_4/test/test__2023-03-07-01__9fafa0d7.npz,45,ASHL,2023-01-09-22,1,1,1,1,1,1,1,1.0,1.0,1,1
4,42,2023-03-07-01,/home/ubuntu/klb/nuclr/nuclr/Data/Atanas_SF_unified_000776/cv5_grouped_v1/fold_4/test/test__2023-03-07-01__9fafa0d7.npz,47,M3R,2023-01-09-22,1,7,5,0,0,0,1,0.14285714285714285,0.2,0,0
4,42,2023-03-07-01,/home/ubuntu/klb/nuclr/nuclr/Data/Atanas_SF_unified_000776/cv5_grouped_v1/fold_4/test/test__2023-03-07-01__9fafa0d7.npz,48,RIVL,2023-01-09-22,1,1,1,1,1,1,1,1.0,1.0,1,1
4,42,2023-03-07-01,/home/ubuntu/klb/nuclr/nuclr/Data/Atanas_SF_unified_000776/cv5_grouped_v1/fold_4/test/test__2023-03-07-01__9fafa0d7.npz,49,I1R,2023-01-09-22,1,1,1,1,1,1,1,1.0,1.0,1,1
4,42,2023-03-07-01,/home/ubuntu/klb/nuclr/nuclr/Data/Atanas_SF_unified_000776/cv5_grouped_v1/fold_4/test/test__2023-03-07-01__9fafa0d7.npz,50,ASEL,2023-01-09-22,1,1,1,1,1,1,1,1.0,1.0,1,1
4,42,2023-03-07-01,/home/ubuntu/klb/nuclr/nuclr/Data/Atanas_SF_unified_000776/cv5_grouped_v1/fold_4/test/test__2023-03-07-01__9fafa0d7.npz,51,CEPVL,2023-01-09-22,1,1,1,1,1,1,1,1.0,1.0,1,1
4,42,2023-03-07-01,/home/ubuntu/klb/nuclr/nuclr/Data/Atanas_SF_unified_000776/cv5_grouped_v1/fold_4/test/test__2023-03-07-01__9fafa0d7.npz,52,IL1L,2023-01-09-22,1,1,1,1,1,1,1,1.0,1.0,1,1
4,42,2023-03-07-01,/home/ubuntu/klb/nuclr/nuclr/Data/Atanas_SF_unified_000776/cv5_grouped_v1/fold_4/test/test__2023-03-07-01__9fafa0d7.npz,53,CEPVR,2023-01-09-22,1,1,1,1,1,1,1,1.0,1.0,1,1
4,42,2023-03-07-01,/home/ubuntu/klb/nuclr/nuclr/Data/Atanas_SF_unified_000776/cv5_grouped_v1/fold_4/test/test__2023-03-07-01__9fafa0d7.npz,54,URADL,2023-01-09-22,0,1,-1,1,0,1,0,1.0,0.0,1,0
4,42,2023-03-07-01,/home/ubuntu/klb/nuclr/nuclr/Data/Atanas_SF_unified_000776/cv5_grouped_v1/fold_4/test/test__2023-03-07-01__9fafa0d7.npz,56,I2R,2023-01-09-22,0,1,-1,1,0,1,0,1.0,0.0,1,0
4,42,2023-03-07-01,/home/ubuntu/klb/nuclr/nuclr/Data/Atanas_SF_unified_000776/cv5_grouped_v1/fold_4/test/test__2023-03-07-01__9fafa0d7.npz,57,AUAL,2023-01-09-22,1,1,1,1,1,1,1,1.0,1.0,1,1
4,42,2023-03-07-01,/home/ubuntu/klb/nuclr/nuclr/Data/Atanas_SF_unified_000776/cv5_grouped_v1/fold_4/test/test__2023-03-07-01__9fafa0d7.npz,58,I2L,2023-01-09-22,1,1,1,1,1,1,1,1.0,1.0,1,1
4,42,2023-03-07-01,/home/ubuntu/klb/nuclr/nuclr/Data/Atanas_SF_unified_000776/cv5_grouped_v1/fold_4/test/test__2023-03-07-01__9fafa0d7.npz,59,RMER,2023-01-09-22,1,1,1,1,1,1,1,1.0,1.0,1,1
4,42,2023-03-07-01,/home/ubuntu/klb/nuclr/nuclr/Data/Atanas_SF_unified_000776/cv5_grouped_v1/fold_4/test/test__2023-03-07-01__9fafa0d7.npz,60,OLQDL,2023-01-09-22,1,1,1,1,1,1,1,1.0,1.0,1,1
4,42,2023-03-07-01,/home/ubuntu/klb/nuclr/nuclr/Data/Atanas_SF_unified_000776/cv5_grouped_v1/fold_4/test/test__2023-03-07-01__9fafa0d7.npz,61,SMDDL,2023-01-09-22,1,1,1,1,1,1,1,1.0,1.0,1,1
4,42,2023-03-07-01,/home/ubuntu/klb/nuclr/nuclr/Data/Atanas_SF_unified_000776/cv5_grouped_v1/fold_4/test/test__2023-03-07-01__9fafa0d7.npz,62,AVAR,2023-01-09-22,1,1,1,1,1,1,1,1.0,1.0,1,1
4,42,2023-03-07-01,/home/ubuntu/klb/nuclr/nuclr/Data/Atanas_SF_unified_000776/cv5_grouped_v1/fold_4/test/test__2023-03-07-01__9fafa0d7.npz,63,AUAR,2023-01-09-22,1,1,1,1,1,1,1,1.0,1.0,1,1
4,42,2023-03-07-01,/home/ubuntu/klb/nuclr/nuclr/Data/Atanas_SF_unified_000776/cv5_grouped_v1/fold_4/test/test__2023-03-07-01__9fafa0d7.npz,65,URXL,2023-01-09-22,1,1,2,1,0,1,1,1.0,0.5,1,0
4,42,2023-03-07-01,/home/ubuntu/klb/nuclr/nuclr/Data/Atanas_SF_unified_000776/cv5_grouped_v1/fold_4/test/test__2023-03-07-01__9fafa0d7.npz,66,AWCR,2023-01-09-22,1,1,1,1,1,1,1,1.0,1.0,1,1
4,42,2023-03-07-01,/home/ubuntu/klb/nuclr/nuclr/Data/Atanas_SF_unified_000776/cv5_grouped_v1/fold_4/test/test__2023-03-07-01__9fafa0d7.npz,68,BAGR,2023-01-09-22,0,75,-1,0,0,0,0,0.013333333333333334,0.0,0,0
4,42,2023-03-07-01,/home/ubuntu/klb/nuclr/nuclr/Data/Atanas_SF_unified_000776/cv5_grouped_v1/fold_4/test/test__2023-03-07-01__9fafa0d7.npz,73,M3L,2023-01-09-22,1,3,3,0,0,1,1,0.3333333333333333,0.3333333333333333,0,0
4,42,2023-03-07-01,/home/ubuntu/klb/nuclr/nuclr/Data/Atanas_SF_unified_000776/cv5_grouped_v1/fold_4/test/test__2023-03-07-01__9fafa0d7.npz,77,AVHL,2023-01-09-22,0,1,-1,1,0,1,0,1.0,0.0,1,0
4,42,2023-03-07-01,/home/ubuntu/klb/nuclr/nuclr/Data/Atanas_SF_unified_000776/cv5_grouped_v1/fold_4/test/test__2023-03-07-01__9fafa0d7.npz,79,OLQDR,2023-01-09-22,0,1,-1,1,0,1,0,1.0,0.0,1,0
4,42,2023-03-07-01,/home/ubuntu/klb/nuclr/nuclr/Data/Atanas_SF_unified_000776/cv5_grouped_v1/fold_4/test/test__2023-03-07-01__9fafa0d7.npz,86,AIBR,2023-01-09-22,1,1,1,1,1,1,1,1.0,1.0,1,1
4,42,2023-03-07-01,/home/ubuntu/klb/nuclr/nuclr/Data/Atanas_SF_unified_000776/cv5_grouped_v1/fold_4/test/test__2023-03-07-01__9fafa0d7.npz,90,URYVR,2023-01-09-22,1,1,1,1,1,1,1,1.0,1.0,1,1
4,42,2023-03-07-01,/home/ubuntu/klb/nuclr/nuclr/Data/Atanas_SF_unified_000776/cv5_grouped_v1/fold_4/test/test__2023-03-07-01__9fafa0d7.npz,91,OLLR,2023-01-09-22,1,1,1,1,1,1,1,1.0,1.0,1,1
4,42,2023-03-07-01,/home/ubuntu/klb/nuclr/nuclr/Data/Atanas_SF_unified_000776/cv5_grouped_v1/fold_4/test/test__2023-03-07-01__9fafa0d7.npz,92,URXR,2023-01-09-22,1,2,1,0,1,1,1,0.5,1.0,0,0
4,42,2023-03-07-01,/home/ubuntu/klb/nuclr/nuclr/Data/Atanas_SF_unified_000776/cv5_grouped_v1/fold_4/test/test__2023-03-07-01__9fafa0d7.npz,94,URBL,2023-01-09-22,1,1,1,1,1,1,1,1.0,1.0,1,1
4,42,2023-03-07-01,/home/ubuntu/klb/nuclr/nuclr/Data/Atanas_SF_unified_000776/cv5_grouped_v1/fold_4/test/test__2023-03-07-01__9fafa0d7.npz,95,ASGL,2023-01-09-22,1,1,1,1,1,1,1,1.0,1.0,1,1
4,42,2023-03-07-01,/home/ubuntu/klb/nuclr/nuclr/Data/Atanas_SF_unified_000776/cv5_grouped_v1/fold_4/test/test__2023-03-07-01__9fafa0d7.npz,98,NSML,2023-01-09-22,1,1,1,1,1,1,1,1.0,1.0,1,1
4,42,2023-03-07-01,/home/ubuntu/klb/nuclr/nuclr/Data/Atanas_SF_unified_000776/cv5_grouped_v1/fold_4/test/test__2023-03-07-01__9fafa0d7.npz,99,RMDR,2023-01-09-22,1,1,3,1,0,1,1,1.0,0.3333333333333333,1,1
4,42,2023-03-07-01,/home/ubuntu/klb/nuclr/nuclr/Data/Atanas_SF_unified_000776/cv5_grouped_v1/fold_4/test/test__2023-03-07-01__9fafa0d7.npz,102,RMDL,2023-01-09-22,1,1,1,1,1,1,1,1.0,1.0,1,1
4,42,2023-03-07-01,/home/ubuntu/klb/nuclr/nuclr/Data/Atanas_SF_unified_000776/cv5_grouped_v1/fold_4/test/test__2023-03-07-01__9fafa0d7.npz,103,AWBL,2023-01-09-22,1,1,1,1,1,1,1,1.0,1.0,1,1
4,42,2023-03-07-01,/home/ubuntu/klb/nuclr/nuclr/Data/Atanas_SF_unified_000776/cv5_grouped_v1/fold_4/test/test__2023-03-07-01__9fafa0d7.npz,106,AVL,2023-01-09-22,0,4,-1,0,0,1,0,0.25,0.0,0,0
4,42,2023-03-07-01,/home/ubuntu/klb/nuclr/nuclr/Data/Atanas_SF_unified_000776/cv5_grouped_v1/fold_4/test/test__2023-03-07-01__9fafa0d7.npz,107,RICL,2023-01-09-22,0,2,-1,0,0,1,0,0.5,0.0,0,0
4,42,2023-03-07-01,/home/ubuntu/klb/nuclr/nuclr/Data/Atanas_SF_unified_000776/cv5_grouped_v1/fold_4/test/test__2023-03-07-01__9fafa0d7.npz,109,AWAR,2023-01-09-22,0,3,-1,0,0,1,0,0.3333333333333333,0.0,0,0
4,42,2023-03-07-01,/home/ubuntu/klb/nuclr/nuclr/Data/Atanas_SF_unified_000776/cv5_grouped_v1/fold_4/test/test__2023-03-07-01__9fafa0d7.npz,110,SMDDR,2023-01-09-22,0,5,-1,0,0,1,0,0.2,0.0,0,0
4,42,2023-03-07-01,/home/ubuntu/klb/nuclr/nuclr/Data/Atanas_SF_unified_000776/cv5_grouped_v1/fold_4/test/test__2023-03-07-01__9fafa0d7.npz,112,IL2DL,2023-01-09-22,1,1,1,1,1,1,1,1.0,1.0,1,1
4,42,2023-03-07-01,/home/ubuntu/klb/nuclr/nuclr/Data/Atanas_SF_unified_000776/cv5_grouped_v1/fold_4/test/test__2023-03-07-01__9fafa0d7.npz,113,VB02,2023-01-09-22,1,1,4,1,0,1,1,1.0,0.25,1,0
4,42,2023-03-07-01,/home/ubuntu/klb/nuclr/nuclr/Data/Atanas_SF_unified_000776/cv5_grouped_v1/fold_4/test/test__2023-03-07-01__9fafa0d7.npz,114,RMEL,2023-01-09-22,1,1,1,1,1,1,1,1.0,1.0,1,1
4,42,2023-03-07-01,/home/ubuntu/klb/nuclr/nuclr/Data/Atanas_SF_unified_000776/cv5_grouped_v1/fold_4/test/test__2023-03-07-01__9fafa0d7.npz,115,AVER,2023-01-09-22,1,1,1,1,1,1,1,1.0,1.0,1,1
4,42,2023-03-07-01,/home/ubuntu/klb/nuclr/nuclr/Data/Atanas_SF_unified_000776/cv5_grouped_v1/fold_4/test/test__2023-03-07-01__9fafa0d7.npz,121,CEPDL,2023-01-09-22,1,1,2,1,0,1,1,1.0,0.5,1,0
4,42,2023-03-07-01,/home/ubuntu/klb/nuclr/nuclr/Data/Atanas_SF_unified_000776/cv5_grouped_v1/fold_4/test/test__2023-03-07-01__9fafa0d7.npz,122,URAVL,2023-01-09-22,0,1,-1,1,0,1,0,1.0,0.0,1,0
4,42,2023-03-07-01,/home/ubuntu/klb/nuclr/nuclr/Data/Atanas_SF_unified_000776/cv5_grouped_v1/fold_4/test/test__2023-03-07-01__9fafa0d7.npz,125,OLQVR,2023-01-09-22,1,1,1,1,1,1,1,1.0,1.0,1,1
4,42,2023-03-07-01,/home/ubuntu/klb/nuclr/nuclr/Data/Atanas_SF_unified_000776/cv5_grouped_v1/fold_4/test/test__2023-03-07-01__9fafa0d7.npz,126,AQR,2023-01-09-22,0,1,-1,1,0,1,0,1.0,0.0,1,0
4,42,2023-03-07-01,/home/ubuntu/klb/nuclr/nuclr/Data/Atanas_SF_unified_000776/cv5_grouped_v1/fold_4/test/test__2023-03-07-01__9fafa0d7.npz,127,RIAL,2023-01-09-22,1,1,1,1,1,1,1,1.0,1.0,1,1
4,42,2023-03-07-01,/home/ubuntu/klb/nuclr/nuclr/Data/Atanas_SF_unified_000776/cv5_grouped_v1/fold_4/test/test__2023-03-07-01__9fafa0d7.npz,129,AVDL,2023-01-09-22,1,1,1,1,1,1,1,1.0,1.0,1,1
4,42,2023-03-07-01,/home/ubuntu/klb/nuclr/nuclr/Data/Atanas_SF_unified_000776/cv5_grouped_v1/fold_4/test/test__2023-03-07-01__9fafa0d7.npz,132,IL1R,2023-01-09-22,1,1,1,1,1,1,1,1.0,1.0,1,1
4,42,2023-03-07-01,/home/ubuntu/klb/nuclr/nuclr/Data/Atanas_SF_unified_000776/cv5_grouped_v1/fold_4/test/test__2023-03-07-01__9fafa0d7.npz,135,MI,2023-01-09-22,1,1,1,1,1,1,1,1.0,1.0,1,1
4,42,2023-03-07-01,/home/ubuntu/klb/nuclr/nuclr/Data/Atanas_SF_unified_000776/cv5_grouped_v1/fold_4/test/test__2023-03-07-01__9fafa0d7.npz,136,FLPL,2023-01-09-22,1,1,1,1,1,1,1,1.0,1.0,1,1
4,42,2023-03-07-01,/home/ubuntu/klb/nuclr/nuclr/Data/Atanas_SF_unified_000776/cv5_grouped_v1/fold_4/test/test__2023-03-07-01__9fafa0d7.npz,137,AWBR,2023-01-09-22,0,1,-1,1,0,1,0,1.0,0.0,1,0
4,42,2023-03-07-01,/home/ubuntu/klb/nuclr/nuclr/Data/Atanas_SF_unified_000776/cv5_grouped_v1/fold_4/test/test__2023-03-07-01__9fafa0d7.npz,139,SMDVL,2023-01-09-22,1,1,1,1,1,1,1,1.0,1.0,1,1
4,42,2023-03-07-01,/home/ubuntu/klb/nuclr/nuclr/Data/Atanas_SF_unified_000776/cv5_grouped_v1/fold_4/test/test__2023-03-07-01__9fafa0d7.npz,140,ADEL,2023-01-09-22,1,4,3,0,0,1,1,0.25,0.3333333333333333,0,0
4,42,2023-03-07-01,/home/ubuntu/klb/nuclr/nuclr/Data/Atanas_SF_unified_000776/cv5_grouped_v1/fold_4/test/test__2023-03-07-01__9fafa0d7.npz,143,I3,2023-01-09-22,1,1,1,1,1,1,1,1.0,1.0,1,1
4,42,2023-03-07-01,/home/ubuntu/klb/nuclr/nuclr/Data/Atanas_SF_unified_000776/cv5_grouped_v1/fold_4/test/test__2023-03-07-01__9fafa0d7.npz,144,RMEV,2023-01-09-22,1,1,1,1,1,1,1,1.0,1.0,1,1
4,42,2023-03-07-01,/home/ubuntu/klb/nuclr/nuclr/Data/Atanas_SF_unified_000776/cv5_grouped_v1/fold_4/test/test__2023-03-07-01__9fafa0d7.npz,146,AWCL,2023-01-09-22,1,1,1,1,1,1,1,1.0,1.0,1,1
4,42,2023-03-07-01,/home/ubuntu/klb/nuclr/nuclr/Data/Atanas_SF_unified_000776/cv5_grouped_v1/fold_4/test/test__2023-03-07-01__9fafa0d7.npz,147,ASGR,2023-01-09-22,1,1,1,1,1,1,1,1.0,1.0,1,1
4,42,2023-03-07-01,/home/ubuntu/klb/nuclr/nuclr/Data/Atanas_SF_unified_000776/cv5_grouped_v1/fold_4/test/test__2023-03-07-01__9fafa0d7.npz,149,M4,2023-01-09-22,1,1,1,1,1,1,1,1.0,1.0,1,1
4,42,2023-03-07-01,/home/ubuntu/klb/nuclr/nuclr/Data/Atanas_SF_unified_000776/cv5_grouped_v1/fold_4/test/test__2023-03-07-01__9fafa0d7.npz,151,AINL,2023-01-09-22,1,1,1,1,1,1,1,1.0,1.0,1,0
4,42,2023-03-07-01,/home/ubuntu/klb/nuclr/nuclr/Data/Atanas_SF_unified_000776/cv5_grouped_v1/fold_4/test/test__2023-03-07-01__9fafa0d7.npz,152,AWAL,2023-01-09-22,0,1,-1,1,0,1,0,1.0,0.0,1,0
4,42,2022-06-14-13,/home/ubuntu/klb/nuclr/nuclr/Data/Atanas_SF_unified_000776/cv5_grouped_v1/fold_4/test/train__2022-06-14-13__ac0e5908.npz,1,I1L,2023-01-09-22,1,1,1,1,1,1,1,1.0,1.0,1,1
4,42,2022-06-14-13,/home/ubuntu/klb/nuclr/nuclr/Data/Atanas_SF_unified_000776/cv5_grouped_v1/fold_4/test/train__2022-06-14-13__ac0e5908.npz,4,ASHL,2023-01-09-22,1,1,1,1,1,1,1,1.0,1.0,1,0
4,42,2022-06-14-13,/home/ubuntu/klb/nuclr/nuclr/Data/Atanas_SF_unified_000776/cv5_grouped_v1/fold_4/test/train__2022-06-14-13__ac0e5908.npz,5,NSML,2023-01-09-22,1,1,1,1,1,1,1,1.0,1.0,1,1
4,42,2022-06-14-13,/home/ubuntu/klb/nuclr/nuclr/Data/Atanas_SF_unified_000776/cv5_grouped_v1/fold_4/test/train__2022-06-14-13__ac0e5908.npz,6,AVKL,2023-01-09-22,0,7,-1,0,0,0,0,0.14285714285714285,0.0,0,0
4,42,2022-06-14-13,/home/ubuntu/klb/nuclr/nuclr/Data/Atanas_SF_unified_000776/cv5_grouped_v1/fold_4/test/train__2022-06-14-13__ac0e5908.npz,8,RMER,2023-01-09-22,1,1,1,1,1,1,1,1.0,1.0,1,1
4,42,2022-06-14-13,/home/ubuntu/klb/nuclr/nuclr/Data/Atanas_SF_unified_000776/cv5_grouped_v1/fold_4/test/train__2022-06-14-13__ac0e5908.npz,9,IL1VL,2023-01-09-22,1,2,2,0,0,1,1,0.5,0.5,0,0
4,42,2022-06-14-13,/home/ubuntu/klb/nuclr/nuclr/Data/Atanas_SF_unified_000776/cv5_grouped_v1/fold_4/test/train__2022-06-14-13__ac0e5908.npz,11,RIVL,2023-01-09-22,1,1,1,1,1,1,1,1.0,1.0,1,1
4,42,2022-06-14-13,/home/ubuntu/klb/nuclr/nuclr/Data/Atanas_SF_unified_000776/cv5_grouped_v1/fold_4/test/train__2022-06-14-13__ac0e5908.npz,12,ASGR,2023-01-09-22,1,8,5,0,0,0,1,0.125,0.2,0,1
4,42,2022-06-14-13,/home/ubuntu/klb/nuclr/nuclr/Data/Atanas_SF_unified_000776/cv5_grouped_v1/fold_4/test/train__2022-06-14-13__ac0e5908.npz,13,AIMR,2023-01-09-22,1,4,3,0,0,1,1,0.25,0.3333333333333333,0,0
4,42,2022-06-14-13,/home/ubuntu/klb/nuclr/nuclr/Data/Atanas_SF_unified_000776/cv5_grouped_v1/fold_4/test/train__2022-06-14-13__ac0e5908.npz,15,AIBL,2023-01-09-22,1,29,23,0,0,0,0,0.034482758620689655,0.043478260869565216,0,0
4,42,2022-06-14-13,/home/ubuntu/klb/nuclr/nuclr/Data/Atanas_SF_unified_000776/cv5_grouped_v1/fold_4/test/train__2022-06-14-13__ac0e5908.npz,16,FLPL,2023-01-09-22,1,2,1,0,1,1,1,0.5,1.0,0,1
4,42,2022-06-14-13,/home/ubuntu/klb/nuclr/nuclr/Data/Atanas_SF_unified_000776/cv5_grouped_v1/fold_4/test/train__2022-06-14-13__ac0e5908.npz,17,AIZR,2023-01-09-22,1,2,2,0,0,1,1,0.5,0.5,0,0
4,42,2022-06-14-13,/home/ubuntu/klb/nuclr/nuclr/Data/Atanas_SF_unified_000776/cv5_grouped_v1/fold_4/test/train__2022-06-14-13__ac0e5908.npz,18,MCL,2023-01-09-22,0,1,-1,1,0,1,0,1.0,0.0,1,0
4,42,2022-06-14-13,/home/ubuntu/klb/nuclr/nuclr/Data/Atanas_SF_unified_000776/cv5_grouped_v1/fold_4/test/train__2022-06-14-13__ac0e5908.npz,19,AVJL,2023-01-09-22,1,34,11,0,0,0,0,0.029411764705882353,0.09090909090909091,0,0
4,42,2022-06-14-13,/home/ubuntu/klb/nuclr/nuclr/Data/Atanas_SF_unified_000776/cv5_grouped_v1/fold_4/test/train__2022-06-14-13__ac0e5908.npz,21,URXR,2023-01-09-22,1,1,1,1,1,1,1,1.0,1.0,1,1
4,42,2022-06-14-13,/home/ubuntu/klb/nuclr/nuclr/Data/Atanas_SF_unified_000776/cv5_grouped_v1/fold_4/test/train__2022-06-14-13__ac0e5908.npz,22,CEPDR,2023-01-09-22,1,1,1,1,1,1,1,1.0,1.0,1,1
4,42,2022-06-14-13,/home/ubuntu/klb/nuclr/nuclr/Data/Atanas_SF_unified_000776/cv5_grouped_v1/fold_4/test/train__2022-06-14-13__ac0e5908.npz,23,ADLL,2023-01-09-22,1,3,1,0,1,1,1,0.3333333333333333,1.0,0,1
4,42,2022-06-14-13,/home/ubuntu/klb/nuclr/nuclr/Data/Atanas_SF_unified_000776/cv5_grouped_v1/fold_4/test/train__2022-06-14-13__ac0e5908.npz,24,RICR,2023-01-09-22,0,1,-1,1,0,1,0,1.0,0.0,1,0
4,42,2022-06-14-13,/home/ubuntu/klb/nuclr/nuclr/Data/Atanas_SF_unified_000776/cv5_grouped_v1/fold_4/test/train__2022-06-14-13__ac0e5908.npz,25,CEPVR,2023-01-09-22,1,3,2,0,0,1,1,0.3333333333333333,0.5,0,0
4,42,2022-06-14-13,/home/ubuntu/klb/nuclr/nuclr/Data/Atanas_SF_unified_000776/cv5_grouped_v1/fold_4/test/train__2022-06-14-13__ac0e5908.npz,26,M5,2023-01-09-22,1,1,1,1,1,1,1,1.0,1.0,1,1
4,42,2022-06-14-13,/home/ubuntu/klb/nuclr/nuclr/Data/Atanas_SF_unified_000776/cv5_grouped_v1/fold_4/test/train__2022-06-14-13__ac0e5908.npz,27,I2L,2023-01-09-22,1,1,1,1,1,1,1,1.0,1.0,1,1
4,42,2022-06-14-13,/home/ubuntu/klb/nuclr/nuclr/Data/Atanas_SF_unified_000776/cv5_grouped_v1/fold_4/test/train__2022-06-14-13__ac0e5908.npz,29,SMDVR,2023-01-09-22,1,1,1,1,1,1,1,1.0,1.0,1,1
4,42,2022-06-14-13,/home/ubuntu/klb/nuclr/nuclr/Data/Atanas_SF_unified_000776/cv5_grouped_v1/fold_4/test/train__2022-06-14-13__ac0e5908.npz,32,RID,2023-01-09-22,1,1,1,1,1,1,1,1.0,1.0,1,1
4,42,2022-06-14-13,/home/ubuntu/klb/nuclr/nuclr/Data/Atanas_SF_unified_000776/cv5_grouped_v1/fold_4/test/train__2022-06-14-13__ac0e5908.npz,34,AUAR,2023-01-09-22,1,37,17,0,0,0,0,0.02702702702702703,0.058823529411764705,0,0
4,42,2022-06-14-13,/home/ubuntu/klb/nuclr/nuclr/Data/Atanas_SF_unified_000776/cv5_grouped_v1/fold_4/test/train__2022-06-14-13__ac0e5908.npz,35,URYVL,2023-01-09-22,1,1,1,1,1,1,1,1.0,1.0,1,1
4,42,2022-06-14-13,/home/ubuntu/klb/nuclr/nuclr/Data/Atanas_SF_unified_000776/cv5_grouped_v1/fold_4/test/train__2022-06-14-13__ac0e5908.npz,36,AIBR,2023-01-09-22,1,1,1,1,1,1,1,1.0,1.0,1,1
4,42,2022-06-14-13,/home/ubuntu/klb/nuclr/nuclr/Data/Atanas_SF_unified_000776/cv5_grouped_v1/fold_4/test/train__2022-06-14-13__ac0e5908.npz,37,RMDVL,2023-01-09-22,1,1,1,1,1,1,1,1.0,1.0,1,1
4,42,2022-06-14-13,/home/ubuntu/klb/nuclr/nuclr/Data/Atanas_SF_unified_000776/cv5_grouped_v1/fold_4/test/train__2022-06-14-13__ac0e5908.npz,38,URYDL,2023-01-09-22,1,1,2,1,0,1,1,1.0,0.5,1,1
4,42,2022-06-14-13,/home/ubuntu/klb/nuclr/nuclr/Data/Atanas_SF_unified_000776/cv5_grouped_v1/fold_4/test/train__2022-06-14-13__ac0e5908.npz,40,URBR,2023-01-09-22,0,1,-1,1,0,1,0,1.0,0.0,1,0
4,42,2022-06-14-13,/home/ubuntu/klb/nuclr/nuclr/Data/Atanas_SF_unified_000776/cv5_grouped_v1/fold_4/test/train__2022-06-14-13__ac0e5908.npz,46,AUAL,2023-01-09-22,1,6,1,0,1,0,1,0.16666666666666666,1.0,0,0
4,42,2022-06-14-13,/home/ubuntu/klb/nuclr/nuclr/Data/Atanas_SF_unified_000776/cv5_grouped_v1/fold_4/test/train__2022-06-14-13__ac0e5908.npz,47,AVL,2023-01-09-22,0,2,-1,0,0,1,0,0.5,0.0,0,0
4,42,2022-06-14-13,/home/ubuntu/klb/nuclr/nuclr/Data/Atanas_SF_unified_000776/cv5_grouped_v1/fold_4/test/train__2022-06-14-13__ac0e5908.npz,48,IL1DL,2023-01-09-22,0,1,-1,1,0,1,0,1.0,0.0,1,0
4,42,2022-06-14-13,/home/ubuntu/klb/nuclr/nuclr/Data/Atanas_SF_unified_000776/cv5_grouped_v1/fold_4/test/train__2022-06-14-13__ac0e5908.npz,50,AWAL,2023-01-09-22,0,1,-1,1,0,1,0,1.0,0.0,1,0
4,42,2022-06-14-13,/home/ubuntu/klb/nuclr/nuclr/Data/Atanas_SF_unified_000776/cv5_grouped_v1/fold_4/test/train__2022-06-14-13__ac0e5908.npz,52,SMDDL,2023-01-09-22,1,1,1,1,1,1,1,1.0,1.0,1,1
4,42,2022-06-14-13,/home/ubuntu/klb/nuclr/nuclr/Data/Atanas_SF_unified_000776/cv5_grouped_v1/fold_4/test/train__2022-06-14-13__ac0e5908.npz,53,SMDDR,2023-01-09-22,0,11,-1,0,0,0,0,0.09090909090909091,0.0,0,0
4,42,2022-06-14-13,/home/ubuntu/klb/nuclr/nuclr/Data/Atanas_SF_unified_000776/cv5_grouped_v1/fold_4/test/train__2022-06-14-13__ac0e5908.npz,54,CEPVL,2023-01-09-22,1,2,1,0,1,1,1,0.5,1.0,0,1
4,42,2022-06-14-13,/home/ubuntu/klb/nuclr/nuclr/Data/Atanas_SF_unified_000776/cv5_grouped_v1/fold_4/test/train__2022-06-14-13__ac0e5908.npz,55,IL1L,2023-01-09-22,1,1,1,1,1,1,1,1.0,1.0,1,1
4,42,2022-06-14-13,/home/ubuntu/klb/nuclr/nuclr/Data/Atanas_SF_unified_000776/cv5_grouped_v1/fold_4/test/train__2022-06-14-13__ac0e5908.npz,58,AIML,2023-01-09-22,0,5,-1,0,0,1,0,0.2,0.0,0,0
4,42,2022-06-14-13,/home/ubuntu/klb/nuclr/nuclr/Data/Atanas_SF_unified_000776/cv5_grouped_v1/fold_4/test/train__2022-06-14-13__ac0e5908.npz,59,IL2VL,2023-01-09-22,1,1,1,1,1,1,1,1.0,1.0,1,1
4,42,2022-06-14-13,/home/ubuntu/klb/nuclr/nuclr/Data/Atanas_SF_unified_000776/cv5_grouped_v1/fold_4/test/train__2022-06-14-13__ac0e5908.npz,61,IL2L,2023-01-09-22,1,1,1,1,1,1,1,1.0,1.0,1,1
4,42,2022-06-14-13,/home/ubuntu/klb/nuclr/nuclr/Data/Atanas_SF_unified_000776/cv5_grouped_v1/fold_4/test/train__2022-06-14-13__ac0e5908.npz,62,I3,2023-01-09-22,1,1,1,1,1,1,1,1.0,1.0,1,1
4,42,2022-06-14-13,/home/ubuntu/klb/nuclr/nuclr/Data/Atanas_SF_unified_000776/cv5_grouped_v1/fold_4/test/train__2022-06-14-13__ac0e5908.npz,63,ASGL,2023-01-09-22,1,1,1,1,1,1,1,1.0,1.0,1,1
4,42,2022-06-14-13,/home/ubuntu/klb/nuclr/nuclr/Data/Atanas_SF_unified_000776/cv5_grouped_v1/fold_4/test/train__2022-06-14-13__ac0e5908.npz,64,M4,2023-01-09-22,1,1,1,1,1,1,1,1.0,1.0,1,1
4,42,2022-06-14-13,/home/ubuntu/klb/nuclr/nuclr/Data/Atanas_SF_unified_000776/cv5_grouped_v1/fold_4/test/train__2022-06-14-13__ac0e5908.npz,65,IL2DL,2023-01-09-22,1,1,1,1,1,1,1,1.0,1.0,1,1
4,42,2022-06-14-13,/home/ubuntu/klb/nuclr/nuclr/Data/Atanas_SF_unified_000776/cv5_grouped_v1/fold_4/test/train__2022-06-14-13__ac0e5908.npz,66,RMEV,2023-01-09-22,1,1,2,1,0,1,1,1.0,0.5,1,0
4,42,2022-06-14-13,/home/ubuntu/klb/nuclr/nuclr/Data/Atanas_SF_unified_000776/cv5_grouped_v1/fold_4/test/train__2022-06-14-13__ac0e5908.npz,67,URYVR,2023-01-09-22,1,1,1,1,1,1,1,1.0,1.0,1,1
4,42,2022-06-14-13,/home/ubuntu/klb/nuclr/nuclr/Data/Atanas_SF_unified_000776/cv5_grouped_v1/fold_4/test/train__2022-06-14-13__ac0e5908.npz,68,OLLL,2023-01-09-22,1,1,1,1,1,1,1,1.0,1.0,1,1
4,42,2022-06-14-13,/home/ubuntu/klb/nuclr/nuclr/Data/Atanas_SF_unified_000776/cv5_grouped_v1/fold_4/test/train__2022-06-14-13__ac0e5908.npz,69,URXL,2023-01-09-22,1,1,1,1,1,1,1,1.0,1.0,1,1
4,42,2022-06-14-13,/home/ubuntu/klb/nuclr/nuclr/Data/Atanas_SF_unified_000776/cv5_grouped_v1/fold_4/test/train__2022-06-14-13__ac0e5908.npz,73,OLQVR,2023-01-09-22,1,1,2,1,0,1,1,1.0,0.5,0,0
4,42,2022-06-14-13,/home/ubuntu/klb/nuclr/nuclr/Data/Atanas_SF_unified_000776/cv5_grouped_v1/fold_4/test/train__2022-06-14-13__ac0e5908.npz,74,ADEL,2023-01-09-22,1,1,1,1,1,1,1,1.0,1.0,1,1
4,42,2022-06-14-13,/home/ubuntu/klb/nuclr/nuclr/Data/Atanas_SF_unified_000776/cv5_grouped_v1/fold_4/test/train__2022-06-14-13__ac0e5908.npz,76,M3L,2023-01-09-22,1,1,1,1,1,1,1,1.0,1.0,1,1
4,42,2022-06-14-13,/home/ubuntu/klb/nuclr/nuclr/Data/Atanas_SF_unified_000776/cv5_grouped_v1/fold_4/test/train__2022-06-14-13__ac0e5908.npz,77,IL2R,2023-01-09-22,1,1,1,1,1,1,1,1.0,1.0,1,1
4,42,2022-06-14-13,/home/ubuntu/klb/nuclr/nuclr/Data/Atanas_SF_unified_000776/cv5_grouped_v1/fold_4/test/train__2022-06-14-13__ac0e5908.npz,79,CEPDL,2023-01-09-22,1,1,1,1,1,1,1,1.0,1.0,1,1
4,42,2022-06-14-13,/home/ubuntu/klb/nuclr/nuclr/Data/Atanas_SF_unified_000776/cv5_grouped_v1/fold_4/test/train__2022-06-14-13__ac0e5908.npz,80,AWCL,2023-01-09-22,1,1,1,1,1,1,1,1.0,1.0,1,1
4,42,2022-06-14-13,/home/ubuntu/klb/nuclr/nuclr/Data/Atanas_SF_unified_000776/cv5_grouped_v1/fold_4/test/train__2022-06-14-13__ac0e5908.npz,81,AVJR,2023-01-09-22,1,1,1,1,1,1,1,1.0,1.0,1,1
4,42,2022-06-14-13,/home/ubuntu/klb/nuclr/nuclr/Data/Atanas_SF_unified_000776/cv5_grouped_v1/fold_4/test/train__2022-06-14-13__ac0e5908.npz,82,RMEL,2023-01-09-22,1,1,1,1,1,1,1,1.0,1.0,1,1
4,42,2022-06-14-13,/home/ubuntu/klb/nuclr/nuclr/Data/Atanas_SF_unified_000776/cv5_grouped_v1/fold_4/test/train__2022-06-14-13__ac0e5908.npz,84,OLQVL,2023-01-09-22,1,1,1,1,1,1,1,1.0,1.0,1,1
4,42,2022-06-14-13,/home/ubuntu/klb/nuclr/nuclr/Data/Atanas_SF_unified_000776/cv5_grouped_v1/fold_4/test/train__2022-06-14-13__ac0e5908.npz,85,AVHL,2023-01-09-22,0,2,-1,0,0,1,0,0.5,0.0,0,0
4,42,2022-06-14-13,/home/ubuntu/klb/nuclr/nuclr/Data/Atanas_SF_unified_000776/cv5_grouped_v1/fold_4/test/train__2022-06-14-13__ac0e5908.npz,86,IL1DR,2023-01-09-22,1,1,1,1,1,1,1,1.0,1.0,1,1
4,42,2022-06-14-13,/home/ubuntu/klb/nuclr/nuclr/Data/Atanas_SF_unified_000776/cv5_grouped_v1/fold_4/test/train__2022-06-14-13__ac0e5908.npz,87,RMED,2023-01-09-22,0,1,-1,1,0,1,0,1.0,0.0,1,0
4,42,2022-06-14-13,/home/ubuntu/klb/nuclr/nuclr/Data/Atanas_SF_unified_000776/cv5_grouped_v1/fold_4/test/train__2022-06-14-13__ac0e5908.npz,88,AWBL,2023-01-09-22,1,5,3,0,0,1,1,0.2,0.3333333333333333,0,0
4,42,2022-06-14-13,/home/ubuntu/klb/nuclr/nuclr/Data/Atanas_SF_unified_000776/cv5_grouped_v1/fold_4/test/train__2022-06-14-13__ac0e5908.npz,89,URBL,2023-01-09-22,1,1,1,1,1,1,1,1.0,1.0,1,1
4,42,2022-06-14-13,/home/ubuntu/klb/nuclr/nuclr/Data/Atanas_SF_unified_000776/cv5_grouped_v1/fold_4/test/train__2022-06-14-13__ac0e5908.npz,90,AVDL,2023-01-09-22,1,1,1,1,1,1,1,1.0,1.0,0,0
4,42,2022-06-14-13,/home/ubuntu/klb/nuclr/nuclr/Data/Atanas_SF_unified_000776/cv5_grouped_v1/fold_4/test/train__2022-06-14-13__ac0e5908.npz,91,OLLR,2023-01-09-22,1,1,1,1,1,1,1,1.0,1.0,1,1
4,42,2022-06-14-13,/home/ubuntu/klb/nuclr/nuclr/Data/Atanas_SF_unified_000776/cv5_grouped_v1/fold_4/test/train__2022-06-14-13__ac0e5908.npz,92,NSMR,2023-01-09-22,0,1,-1,1,0,1,0,1.0,0.0,1,0
4,42,2022-06-14-13,/home/ubuntu/klb/nuclr/nuclr/Data/Atanas_SF_unified_000776/cv5_grouped_v1/fold_4/test/train__2022-06-14-13__ac0e5908.npz,93,I2R,2023-01-09-22,0,1,-1,1,0,1,0,1.0,0.0,1,0
4,42,2022-06-14-13,/home/ubuntu/klb/nuclr/nuclr/Data/Atanas_SF_unified_000776/cv5_grouped_v1/fold_4/test/train__2022-06-14-13__ac0e5908.npz,96,RIS,2023-01-09-22,0,20,-1,0,0,0,0,0.05,0.0,0,0
4,42,2022-06-14-13,/home/ubuntu/klb/nuclr/nuclr/Data/Atanas_SF_unified_000776/cv5_grouped_v1/fold_4/test/train__2022-06-14-13__ac0e5908.npz,97,AQR,2023-01-09-22,0,6,-1,0,0,0,0,0.16666666666666666,0.0,0,0
4,42,2022-06-14-13,/home/ubuntu/klb/nuclr/nuclr/Data/Atanas_SF_unified_000776/cv5_grouped_v1/fold_4/test/train__2022-06-14-13__ac0e5908.npz,98,AVER,2023-01-09-22,1,1,1,1,1,1,1,1.0,1.0,1,1
4,42,2022-06-14-13,/home/ubuntu/klb/nuclr/nuclr/Data/Atanas_SF_unified_000776/cv5_grouped_v1/fold_4/test/train__2022-06-14-13__ac0e5908.npz,99,AIZL,2023-01-09-22,1,63,39,0,0,0,0,0.015873015873015872,0.02564102564102564,0,0
4,42,2022-06-14-13,/home/ubuntu/klb/nuclr/nuclr/Data/Atanas_SF_unified_000776/cv5_grouped_v1/fold_4/test/train__2022-06-14-13__ac0e5908.npz,100,OLQDL,2023-01-09-22,1,1,1,1,1,1,1,1.0,1.0,1,1
4,42,2022-06-14-13,/home/ubuntu/klb/nuclr/nuclr/Data/Atanas_SF_unified_000776/cv5_grouped_v1/fold_4/test/train__2022-06-14-13__ac0e5908.npz,101,I1R,2023-01-09-22,1,1,1,1,1,1,1,1.0,1.0,1,1
4,42,2022-06-14-13,/home/ubuntu/klb/nuclr/nuclr/Data/Atanas_SF_unified_000776/cv5_grouped_v1/fold_4/test/train__2022-06-14-13__ac0e5908.npz,102,AVDR,2023-01-09-22,1,22,19,0,0,0,0,0.045454545454545456,0.05263157894736842,0,0
4,42,2022-06-14-13,/home/ubuntu/klb/nuclr/nuclr/Data/Atanas_SF_unified_000776/cv5_grouped_v1/fold_4/test/train__2022-06-14-13__ac0e5908.npz,103,SMDVL,2023-01-09-22,1,1,1,1,1,1,1,1.0,1.0,1,1
4,42,2022-06-14-13,/home/ubuntu/klb/nuclr/nuclr/Data/Atanas_SF_unified_000776/cv5_grouped_v1/fold_4/test/train__2022-06-14-13__ac0e5908.npz,104,ASER,2023-01-09-22,0,3,-1,0,0,1,0,0.3333333333333333,0.0,0,0
4,42,2022-06-14-13,/home/ubuntu/klb/nuclr/nuclr/Data/Atanas_SF_unified_000776/cv5_grouped_v1/fold_4/test/train__2022-06-14-13__ac0e5908.npz,107,M3R,2023-01-09-22,1,1,1,1,1,1,1,1.0,1.0,1,1
4,42,2022-06-14-13,/home/ubuntu/klb/nuclr/nuclr/Data/Atanas_SF_unified_000776/cv5_grouped_v1/fold_4/test/train__2022-06-14-13__ac0e5908.npz,110,RIAL,2023-01-09-22,1,1,1,1,1,1,1,1.0,1.0,1,1
4,42,2022-06-14-13,/home/ubuntu/klb/nuclr/nuclr/Data/Atanas_SF_unified_000776/cv5_grouped_v1/fold_4/test/train__2022-06-14-13__ac0e5908.npz,111,OLQDR,2023-01-09-22,0,1,-1,1,0,1,0,1.0,0.0,1,0
4,42,2022-06-14-13,/home/ubuntu/klb/nuclr/nuclr/Data/Atanas_SF_unified_000776/cv5_grouped_v1/fold_4/test/train__2022-06-14-13__ac0e5908.npz,112,ADAL,2023-01-09-22,1,1,1,1,1,1,1,1.0,1.0,1,1
4,42,2022-06-14-13,/home/ubuntu/klb/nuclr/nuclr/Data/Atanas_SF_unified_000776/cv5_grouped_v1/fold_4/test/train__2022-06-14-13__ac0e5908.npz,115,RIVR,2023-01-09-22,1,1,1,1,1,1,1,1.0,1.0,1,1
4,42,2022-06-14-13,/home/ubuntu/klb/nuclr/nuclr/Data/Atanas_SF_unified_000776/cv5_grouped_v1/fold_4/test/train__2022-06-14-13__ac0e5908.npz,116,RMDL,2023-01-09-22,1,1,1,1,1,1,1,1.0,1.0,1,1
4,42,2022-06-14-13,/home/ubuntu/klb/nuclr/nuclr/Data/Atanas_SF_unified_000776/cv5_grouped_v1/fold_4/test/train__2022-06-14-13__ac0e5908.npz,117,IL1R,2023-01-09-22,1,1,1,1,1,1,1,1.0,1.0,1,1
4,42,2022-06-14-13,/home/ubuntu/klb/nuclr/nuclr/Data/Atanas_SF_unified_000776/cv5_grouped_v1/fold_4/test/train__2022-06-14-13__ac0e5908.npz,118,AVEL,2023-01-09-22,1,1,2,1,0,1,1,1.0,0.5,1,0
4,42,2022-06-14-13,/home/ubuntu/klb/nuclr/nuclr/Data/Atanas_SF_unified_000776/cv5_grouped_v1/fold_4/test/train__2022-06-14-13__ac0e5908.npz,120,AWAR,2023-01-09-22,0,14,-1,0,0,0,0,0.07142857142857142,0.0,0,0
4,42,2022-06-14-13,/home/ubuntu/klb/nuclr/nuclr/Data/Atanas_SF_unified_000776/cv5_grouped_v1/fold_4/test/train__2022-06-14-13__ac0e5908.npz,121,RIAR,2023-01-09-22,1,1,1,1,1,1,1,1.0,1.0,1,1
4,42,2022-06-14-13,/home/ubuntu/klb/nuclr/nuclr/Data/Atanas_SF_unified_000776/cv5_grouped_v1/fold_4/test/train__2022-06-14-13__ac0e5908.npz,123,RIBL,2023-01-09-22,1,1,1,1,1,1,1,1.0,1.0,1,1
4,42,2022-06-14-13,/home/ubuntu/klb/nuclr/nuclr/Data/Atanas_SF_unified_000776/cv5_grouped_v1/fold_4/test/train__2022-06-14-13__ac0e5908.npz,124,SAAVR,2023-01-09-22,0,1,-1,1,0,1,0,1.0,0.0,1,0
4,42,2022-06-14-13,/home/ubuntu/klb/nuclr/nuclr/Data/Atanas_SF_unified_000776/cv5_grouped_v1/fold_4/test/train__2022-06-14-13__ac0e5908.npz,125,SAAVL,2023-01-09-22,0,1,-1,1,0,1,0,1.0,0.0,1,0
4,42,2022-06-14-13,/home/ubuntu/klb/nuclr/nuclr/Data/Atanas_SF_unified_000776/cv5_grouped_v1/fold_4/test/train__2022-06-14-13__ac0e5908.npz,126,AVAL,2023-01-09-22,1,1,1,1,1,1,1,1.0,1.0,1,1
4,42,2022-06-14-13,/home/ubuntu/klb/nuclr/nuclr/Data/Atanas_SF_unified_000776/cv5_grouped_v1/fold_4/test/train__2022-06-14-13__ac0e5908.npz,127,ASEL,2023-01-09-22,1,19,7,0,0,0,0,0.05263157894736842,0.14285714285714285,0,0
4,42,2022-06-14-13,/home/ubuntu/klb/nuclr/nuclr/Data/Atanas_SF_unified_000776/cv5_grouped_v1/fold_4/test/train__2022-06-14-13__ac0e5908.npz,128,RIBR,2023-01-09-22,0,9,-1,0,0,0,0,0.1111111111111111,0.0,0,0
4,42,2022-06-14-13,/home/ubuntu/klb/nuclr/nuclr/Data/Atanas_SF_unified_000776/cv5_grouped_v1/fold_4/test/train__2022-06-14-13__ac0e5908.npz,129,RMDVR,2023-01-09-22,1,1,1,1,1,1,1,1.0,1.0,1,1
4,42,2022-06-14-13,/home/ubuntu/klb/nuclr/nuclr/Data/Atanas_SF_unified_000776/cv5_grouped_v1/fold_4/test/train__2022-06-14-13__ac0e5908.npz,130,VB02,2023-01-09-22,1,1,1,1,1,1,1,1.0,1.0,1,1
4,42,2022-06-14-13,/home/ubuntu/klb/nuclr/nuclr/Data/Atanas_SF_unified_000776/cv5_grouped_v1/fold_4/test/train__2022-06-14-13__ac0e5908.npz,131,RICL,2023-01-09-22,0,12,-1,0,0,0,0,0.08333333333333333,0.0,0,0
4,42,2022-06-14-13,/home/ubuntu/klb/nuclr/nuclr/Data/Atanas_SF_unified_000776/cv5_grouped_v1/fold_4/test/train__2022-06-14-13__ac0e5908.npz,132,AVAR,2023-01-09-22,1,1,1,1,1,1,1,1.0,1.0,1,1
4,42,2023-01-05-18,/home/ubuntu/klb/nuclr/nuclr/Data/Atanas_SF_unified_000776/cv5_grouped_v1/fold_4/test/train__2023-01-05-18__d7235b22.npz,0,AVAL,2023-01-09-22,1,1,1,1,1,1,1,1.0,1.0,1,1
4,42,2023-01-05-18,/home/ubuntu/klb/nuclr/nuclr/Data/Atanas_SF_unified_000776/cv5_grouped_v1/fold_4/test/train__2023-01-05-18__d7235b22.npz,3,URAVL,2023-01-09-22,0,1,-1,1,0,1,0,1.0,0.0,1,0
4,42,2023-01-05-18,/home/ubuntu/klb/nuclr/nuclr/Data/Atanas_SF_unified_000776/cv5_grouped_v1/fold_4/test/train__2023-01-05-18__d7235b22.npz,4,AVDR,2023-01-09-22,1,2,1,0,1,1,1,0.5,1.0,0,1
4,42,2023-01-05-18,/home/ubuntu/klb/nuclr/nuclr/Data/Atanas_SF_unified_000776/cv5_grouped_v1/fold_4/test/train__2023-01-05-18__d7235b22.npz,5,IL2DR,2023-01-09-22,1,1,1,1,1,1,1,1.0,1.0,1,1
4,42,2023-01-05-18,/home/ubuntu/klb/nuclr/nuclr/Data/Atanas_SF_unified_000776/cv5_grouped_v1/fold_4/test/train__2023-01-05-18__d7235b22.npz,6,RMDL,2023-01-09-22,1,1,1,1,1,1,1,1.0,1.0,1,1
4,42,2023-01-05-18,/home/ubuntu/klb/nuclr/nuclr/Data/Atanas_SF_unified_000776/cv5_grouped_v1/fold_4/test/train__2023-01-05-18__d7235b22.npz,7,OLQVL,2023-01-09-22,1,1,1,1,1,1,1,1.0,1.0,1,1
4,42,2023-01-05-18,/home/ubuntu/klb/nuclr/nuclr/Data/Atanas_SF_unified_000776/cv5_grouped_v1/fold_4/test/train__2023-01-05-18__d7235b22.npz,8,CEPVL,2023-01-09-22,1,1,1,1,1,1,1,1.0,1.0,1,1
4,42,2023-01-05-18,/home/ubuntu/klb/nuclr/nuclr/Data/Atanas_SF_unified_000776/cv5_grouped_v1/fold_4/test/train__2023-01-05-18__d7235b22.npz,10,M4,2023-01-09-22,1,1,1,1,1,1,1,1.0,1.0,1,1
4,42,2023-01-05-18,/home/ubuntu/klb/nuclr/nuclr/Data/Atanas_SF_unified_000776/cv5_grouped_v1/fold_4/test/train__2023-01-05-18__d7235b22.npz,11,NSMR,2023-01-09-22,0,1,-1,1,0,1,0,1.0,0.0,1,0
4,42,2023-01-05-18,/home/ubuntu/klb/nuclr/nuclr/Data/Atanas_SF_unified_000776/cv5_grouped_v1/fold_4/test/train__2023-01-05-18__d7235b22.npz,13,M3L,2023-01-09-22,1,2,1,0,1,1,1,0.5,1.0,0,0
4,42,2023-01-05-18,/home/ubuntu/klb/nuclr/nuclr/Data/Atanas_SF_unified_000776/cv5_grouped_v1/fold_4/test/train__2023-01-05-18__d7235b22.npz,14,AWAL,2023-01-09-22,0,1,-1,1,0,1,0,1.0,0.0,1,0
4,42,2023-01-05-18,/home/ubuntu/klb/nuclr/nuclr/Data/Atanas_SF_unified_000776/cv5_grouped_v1/fold_4/test/train__2023-01-05-18__d7235b22.npz,16,URBL,2023-01-09-22,1,1,1,1,1,1,1,1.0,1.0,1,1
4,42,2023-01-05-18,/home/ubuntu/klb/nuclr/nuclr/Data/Atanas_SF_unified_000776/cv5_grouped_v1/fold_4/test/train__2023-01-05-18__d7235b22.npz,17,URBR,2023-01-09-22,0,1,-1,1,0,1,0,1.0,0.0,1,0
4,42,2023-01-05-18,/home/ubuntu/klb/nuclr/nuclr/Data/Atanas_SF_unified_000776/cv5_grouped_v1/fold_4/test/train__2023-01-05-18__d7235b22.npz,18,FLPL,2023-01-09-22,1,9,7,0,0,0,0,0.1111111111111111,0.14285714285714285,0,0
4,42,2023-01-05-18,/home/ubuntu/klb/nuclr/nuclr/Data/Atanas_SF_unified_000776/cv5_grouped_v1/fold_4/test/train__2023-01-05-18__d7235b22.npz,20,I1L,2023-01-09-22,1,1,1,1,1,1,1,1.0,1.0,1,1
4,42,2023-01-05-18,/home/ubuntu/klb/nuclr/nuclr/Data/Atanas_SF_unified_000776/cv5_grouped_v1/fold_4/test/train__2023-01-05-18__d7235b22.npz,21,ADLL,2023-01-09-22,1,1,1,1,1,1,1,1.0,1.0,1,1
4,42,2023-01-05-18,/home/ubuntu/klb/nuclr/nuclr/Data/Atanas_SF_unified_000776/cv5_grouped_v1/fold_4/test/train__2023-01-05-18__d7235b22.npz,24,RIAL,2023-01-09-22,1,1,1,1,1,1,1,1.0,1.0,1,1
4,42,2023-01-05-18,/home/ubuntu/klb/nuclr/nuclr/Data/Atanas_SF_unified_000776/cv5_grouped_v1/fold_4/test/train__2023-01-05-18__d7235b22.npz,25,RIVL,2023-01-09-22,1,1,1,1,1,1,1,1.0,1.0,1,1
4,42,2023-01-05-18,/home/ubuntu/klb/nuclr/nuclr/Data/Atanas_SF_unified_000776/cv5_grouped_v1/fold_4/test/train__2023-01-05-18__d7235b22.npz,26,I3,2023-01-09-22,1,1,1,1,1,1,1,1.0,1.0,1,1
4,42,2023-01-05-18,/home/ubuntu/klb/nuclr/nuclr/Data/Atanas_SF_unified_000776/cv5_grouped_v1/fold_4/test/train__2023-01-05-18__d7235b22.npz,27,IL2VR,2023-01-09-22,0,1,-1,1,0,1,0,1.0,0.0,1,0
4,42,2023-01-05-18,/home/ubuntu/klb/nuclr/nuclr/Data/Atanas_SF_unified_000776/cv5_grouped_v1/fold_4/test/train__2023-01-05-18__d7235b22.npz,29,AVAR,2023-01-09-22,1,1,1,1,1,1,1,1.0,1.0,1,1
4,42,2023-01-05-18,/home/ubuntu/klb/nuclr/nuclr/Data/Atanas_SF_unified_000776/cv5_grouped_v1/fold_4/test/train__2023-01-05-18__d7235b22.npz,30,AIZR,2023-01-09-22,1,1,1,1,1,1,1,1.0,1.0,1,1
4,42,2023-01-05-18,/home/ubuntu/klb/nuclr/nuclr/Data/Atanas_SF_unified_000776/cv5_grouped_v1/fold_4/test/train__2023-01-05-18__d7235b22.npz,31,URADR,2023-01-09-22,0,1,-1,1,0,1,0,1.0,0.0,1,0
4,42,2023-01-05-18,/home/ubuntu/klb/nuclr/nuclr/Data/Atanas_SF_unified_000776/cv5_grouped_v1/fold_4/test/train__2023-01-05-18__d7235b22.npz,32,AVL,2023-01-09-22,0,1,-1,1,0,1,0,1.0,0.0,1,0
4,42,2023-01-05-18,/home/ubuntu/klb/nuclr/nuclr/Data/Atanas_SF_unified_000776/cv5_grouped_v1/fold_4/test/train__2023-01-05-18__d7235b22.npz,35,M3R,2023-01-09-22,1,1,1,1,1,1,1,1.0,1.0,1,1
4,42,2023-01-05-18,/home/ubuntu/klb/nuclr/nuclr/Data/Atanas_SF_unified_000776/cv5_grouped_v1/fold_4/test/train__2023-01-05-18__d7235b22.npz,36,MCL,2023-01-09-22,0,1,-1,1,0,1,0,1.0,0.0,1,0
4,42,2023-01-05-18,/home/ubuntu/klb/nuclr/nuclr/Data/Atanas_SF_unified_000776/cv5_grouped_v1/fold_4/test/train__2023-01-05-18__d7235b22.npz,37,CEPDL,2023-01-09-22,1,1,1,1,1,1,1,1.0,1.0,1,1
4,42,2023-01-05-18,/home/ubuntu/klb/nuclr/nuclr/Data/Atanas_SF_unified_000776/cv5_grouped_v1/fold_4/test/train__2023-01-05-18__d7235b22.npz,38,AINR,2023-01-09-22,1,1,1,1,1,1,1,1.0,1.0,1,1
4,42,2023-01-05-18,/home/ubuntu/klb/nuclr/nuclr/Data/Atanas_SF_unified_000776/cv5_grouped_v1/fold_4/test/train__2023-01-05-18__d7235b22.npz,40,RMER,2023-01-09-22,1,1,1,1,1,1,1,1.0,1.0,1,1
4,42,2023-01-05-18,/home/ubuntu/klb/nuclr/nuclr/Data/Atanas_SF_unified_000776/cv5_grouped_v1/fold_4/test/train__2023-01-05-18__d7235b22.npz,42,OLLL,2023-01-09-22,1,1,1,1,1,1,1,1.0,1.0,1,1
4,42,2023-01-05-18,/home/ubuntu/klb/nuclr/nuclr/Data/Atanas_SF_unified_000776/cv5_grouped_v1/fold_4/test/train__2023-01-05-18__d7235b22.npz,44,AVJR,2023-01-09-22,1,2,2,0,0,1,1,0.5,0.5,0,1
4,42,2023-01-05-18,/home/ubuntu/klb/nuclr/nuclr/Data/Atanas_SF_unified_000776/cv5_grouped_v1/fold_4/test/train__2023-01-05-18__d7235b22.npz,45,OLLR,2023-01-09-22,1,1,1,1,1,1,1,1.0,1.0,1,1
4,42,2023-01-05-18,/home/ubuntu/klb/nuclr/nuclr/Data/Atanas_SF_unified_000776/cv5_grouped_v1/fold_4/test/train__2023-01-05-18__d7235b22.npz,46,URYDL,2023-01-09-22,1,1,1,1,1,1,1,1.0,1.0,1,1
4,42,2023-01-05-18,/home/ubuntu/klb/nuclr/nuclr/Data/Atanas_SF_unified_000776/cv5_grouped_v1/fold_4/test/train__2023-01-05-18__d7235b22.npz,47,IL2VL,2023-01-09-22,1,2,2,0,0,1,1,0.5,0.5,0,0
4,42,2023-01-05-18,/home/ubuntu/klb/nuclr/nuclr/Data/Atanas_SF_unified_000776/cv5_grouped_v1/fold_4/test/train__2023-01-05-18__d7235b22.npz,50,ASEL,2023-01-09-22,1,1,1,1,1,1,1,1.0,1.0,1,1
4,42,2023-01-05-18,/home/ubuntu/klb/nuclr/nuclr/Data/Atanas_SF_unified_000776/cv5_grouped_v1/fold_4/test/train__2023-01-05-18__d7235b22.npz,52,ADER,2023-01-09-22,1,1,2,1,0,1,1,1.0,0.5,1,0
4,42,2023-01-05-18,/home/ubuntu/klb/nuclr/nuclr/Data/Atanas_SF_unified_000776/cv5_grouped_v1/fold_4/test/train__2023-01-05-18__d7235b22.npz,54,CEPDR,2023-01-09-22,1,1,1,1,1,1,1,1.0,1.0,1,1
4,42,2023-01-05-18,/home/ubuntu/klb/nuclr/nuclr/Data/Atanas_SF_unified_000776/cv5_grouped_v1/fold_4/test/train__2023-01-05-18__d7235b22.npz,56,IL1L,2023-01-09-22,1,1,1,1,1,1,1,1.0,1.0,1,1
4,42,2023-01-05-18,/home/ubuntu/klb/nuclr/nuclr/Data/Atanas_SF_unified_000776/cv5_grouped_v1/fold_4/test/train__2023-01-05-18__d7235b22.npz,58,URXL,2023-01-09-22,1,1,1,1,1,1,1,1.0,1.0,1,1
4,42,2023-01-05-18,/home/ubuntu/klb/nuclr/nuclr/Data/Atanas_SF_unified_000776/cv5_grouped_v1/fold_4/test/train__2023-01-05-18__d7235b22.npz,59,OLQDL,2023-01-09-22,1,1,1,1,1,1,1,1.0,1.0,1,1
4,42,2023-01-05-18,/home/ubuntu/klb/nuclr/nuclr/Data/Atanas_SF_unified_000776/cv5_grouped_v1/fold_4/test/train__2023-01-05-18__d7235b22.npz,60,IL2R,2023-01-09-22,1,2,2,0,0,1,1,0.5,0.5,0,0
4,42,2023-01-05-18,/home/ubuntu/klb/nuclr/nuclr/Data/Atanas_SF_unified_000776/cv5_grouped_v1/fold_4/test/train__2023-01-05-18__d7235b22.npz,61,AVER,2023-01-09-22,1,1,1,1,1,1,1,1.0,1.0,1,1
4,42,2023-01-05-18,/home/ubuntu/klb/nuclr/nuclr/Data/Atanas_SF_unified_000776/cv5_grouped_v1/fold_4/test/train__2023-01-05-18__d7235b22.npz,62,IL1DR,2023-01-09-22,1,1,1,1,1,1,1,1.0,1.0,1,1
4,42,2023-01-05-18,/home/ubuntu/klb/nuclr/nuclr/Data/Atanas_SF_unified_000776/cv5_grouped_v1/fold_4/test/train__2023-01-05-18__d7235b22.npz,63,OLQDR,2023-01-09-22,0,1,-1,1,0,1,0,1.0,0.0,1,0
4,42,2023-01-05-18,/home/ubuntu/klb/nuclr/nuclr/Data/Atanas_SF_unified_000776/cv5_grouped_v1/fold_4/test/train__2023-01-05-18__d7235b22.npz,64,AVJL,2023-01-09-22,1,3,4,0,0,1,1,0.3333333333333333,0.25,0,0
4,42,2023-01-05-18,/home/ubuntu/klb/nuclr/nuclr/Data/Atanas_SF_unified_000776/cv5_grouped_v1/fold_4/test/train__2023-01-05-18__d7235b22.npz,66,I2L,2023-01-09-22,1,1,1,1,1,1,1,1.0,1.0,1,1
4,42,2023-01-05-18,/home/ubuntu/klb/nuclr/nuclr/Data/Atanas_SF_unified_000776/cv5_grouped_v1/fold_4/test/train__2023-01-05-18__d7235b22.npz,67,AVEL,2023-01-09-22,1,1,1,1,1,1,1,1.0,1.0,1,1
4,42,2023-01-05-18,/home/ubuntu/klb/nuclr/nuclr/Data/Atanas_SF_unified_000776/cv5_grouped_v1/fold_4/test/train__2023-01-05-18__d7235b22.npz,68,URYDR,2023-01-09-22,1,1,1,1,1,1,1,1.0,1.0,1,1
4,42,2023-01-05-18,/home/ubuntu/klb/nuclr/nuclr/Data/Atanas_SF_unified_000776/cv5_grouped_v1/fold_4/test/train__2023-01-05-18__d7235b22.npz,69,URADL,2023-01-09-22,0,1,-1,1,0,1,0,1.0,0.0,1,0
4,42,2023-01-05-18,/home/ubuntu/klb/nuclr/nuclr/Data/Atanas_SF_unified_000776/cv5_grouped_v1/fold_4/test/train__2023-01-05-18__d7235b22.npz,70,AVBL,2023-01-09-22,0,2,-1,0,0,1,0,0.5,0.0,0,0
4,42,2023-01-05-18,/home/ubuntu/klb/nuclr/nuclr/Data/Atanas_SF_unified_000776/cv5_grouped_v1/fold_4/test/train__2023-01-05-18__d7235b22.npz,71,MI,2023-01-09-22,1,1,1,1,1,1,1,1.0,1.0,1,1
4,42,2023-01-05-18,/home/ubuntu/klb/nuclr/nuclr/Data/Atanas_SF_unified_000776/cv5_grouped_v1/fold_4/test/train__2023-01-05-18__d7235b22.npz,72,IL1DL,2023-01-09-22,0,1,-1,1,0,1,0,1.0,0.0,1,0
4,42,2023-01-05-18,/home/ubuntu/klb/nuclr/nuclr/Data/Atanas_SF_unified_000776/cv5_grouped_v1/fold_4/test/train__2023-01-05-18__d7235b22.npz,73,M1,2023-01-09-22,0,1,-1,1,0,1,0,1.0,0.0,1,0
4,42,2023-01-05-18,/home/ubuntu/klb/nuclr/nuclr/Data/Atanas_SF_unified_000776/cv5_grouped_v1/fold_4/test/train__2023-01-05-18__d7235b22.npz,74,I2R,2023-01-09-22,0,1,-1,1,0,1,0,1.0,0.0,1,0
4,42,2023-01-05-18,/home/ubuntu/klb/nuclr/nuclr/Data/Atanas_SF_unified_000776/cv5_grouped_v1/fold_4/test/train__2023-01-05-18__d7235b22.npz,75,AWCL,2023-01-09-22,1,1,1,1,1,1,1,1.0,1.0,1,1
4,42,2023-01-05-18,/home/ubuntu/klb/nuclr/nuclr/Data/Atanas_SF_unified_000776/cv5_grouped_v1/fold_4/test/train__2023-01-05-18__d7235b22.npz,76,AIBR,2023-01-09-22,1,1,1,1,1,1,1,1.0,1.0,1,1
4,42,2023-01-05-18,/home/ubuntu/klb/nuclr/nuclr/Data/Atanas_SF_unified_000776/cv5_grouped_v1/fold_4/test/train__2023-01-05-18__d7235b22.npz,77,IL2DL,2023-01-09-22,1,1,1,1,1,1,1,1.0,1.0,1,1
4,42,2023-01-05-18,/home/ubuntu/klb/nuclr/nuclr/Data/Atanas_SF_unified_000776/cv5_grouped_v1/fold_4/test/train__2023-01-05-18__d7235b22.npz,79,IL2L,2023-01-09-22,1,1,1,1,1,1,1,1.0,1.0,1,1
4,42,2023-01-05-18,/home/ubuntu/klb/nuclr/nuclr/Data/Atanas_SF_unified_000776/cv5_grouped_v1/fold_4/test/train__2023-01-05-18__d7235b22.npz,80,RICL,2023-01-09-22,0,6,-1,0,0,0,0,0.16666666666666666,0.0,0,0
4,42,2023-01-05-18,/home/ubuntu/klb/nuclr/nuclr/Data/Atanas_SF_unified_000776/cv5_grouped_v1/fold_4/test/train__2023-01-05-18__d7235b22.npz,82,I1R,2023-01-09-22,1,1,1,1,1,1,1,1.0,1.0,1,1
4,42,2023-01-05-18,/home/ubuntu/klb/nuclr/nuclr/Data/Atanas_SF_unified_000776/cv5_grouped_v1/fold_4/test/train__2023-01-05-18__d7235b22.npz,83,RIAR,2023-01-09-22,1,1,1,1,1,1,1,1.0,1.0,1,1
4,42,2023-01-05-18,/home/ubuntu/klb/nuclr/nuclr/Data/Atanas_SF_unified_000776/cv5_grouped_v1/fold_4/test/train__2023-01-05-18__d7235b22.npz,84,ASGL,2023-01-09-22,1,2,2,0,0,1,1,0.5,0.5,0,0
4,42,2023-01-05-18,/home/ubuntu/klb/nuclr/nuclr/Data/Atanas_SF_unified_000776/cv5_grouped_v1/fold_4/test/train__2023-01-05-18__d7235b22.npz,85,ADLR,2023-01-09-22,1,2,1,0,1,1,1,0.5,1.0,0,1
4,42,2023-01-05-18,/home/ubuntu/klb/nuclr/nuclr/Data/Atanas_SF_unified_000776/cv5_grouped_v1/fold_4/test/train__2023-01-05-18__d7235b22.npz,86,URXR,2023-01-09-22,1,1,1,1,1,1,1,1.0,1.0,1,1
4,42,2023-01-05-18,/home/ubuntu/klb/nuclr/nuclr/Data/Atanas_SF_unified_000776/cv5_grouped_v1/fold_4/test/train__2023-01-05-18__d7235b22.npz,87,SMDVL,2023-01-09-22,1,1,1,1,1,1,1,1.0,1.0,1,1
4,42,2023-01-05-18,/home/ubuntu/klb/nuclr/nuclr/Data/Atanas_SF_unified_000776/cv5_grouped_v1/fold_4/test/train__2023-01-05-18__d7235b22.npz,88,RMDVL,2023-01-09-22,1,1,2,1,0,1,1,1.0,0.5,1,0
4,42,2023-01-05-18,/home/ubuntu/klb/nuclr/nuclr/Data/Atanas_SF_unified_000776/cv5_grouped_v1/fold_4/test/train__2023-01-05-18__d7235b22.npz,91,RID,2023-01-09-22,1,1,1,1,1,1,1,1.0,1.0,1,1
4,42,2023-01-05-18,/home/ubuntu/klb/nuclr/nuclr/Data/Atanas_SF_unified_000776/cv5_grouped_v1/fold_4/test/train__2023-01-05-18__d7235b22.npz,95,AWBL,2023-01-09-22,1,1,1,1,1,1,1,1.0,1.0,1,1
4,42,2023-01-05-18,/home/ubuntu/klb/nuclr/nuclr/Data/Atanas_SF_unified_000776/cv5_grouped_v1/fold_4/test/train__2023-01-05-18__d7235b22.npz,96,AUAL,2023-01-09-22,1,1,1,1,1,1,1,1.0,1.0,1,1
4,42,2023-01-05-18,/home/ubuntu/klb/nuclr/nuclr/Data/Atanas_SF_unified_000776/cv5_grouped_v1/fold_4/test/train__2023-01-05-18__d7235b22.npz,98,I6,2023-01-09-22,0,3,-1,0,0,1,0,0.3333333333333333,0.0,0,0
4,42,2023-01-05-18,/home/ubuntu/klb/nuclr/nuclr/Data/Atanas_SF_unified_000776/cv5_grouped_v1/fold_4/test/train__2023-01-05-18__d7235b22.npz,100,I4,2023-01-09-22,0,1,-1,1,0,1,0,1.0,0.0,1,0
4,42,2023-01-05-18,/home/ubuntu/klb/nuclr/nuclr/Data/Atanas_SF_unified_000776/cv5_grouped_v1/fold_4/test/train__2023-01-05-18__d7235b22.npz,101,URYVL,2023-01-09-22,1,1,1,1,1,1,1,1.0,1.0,1,1
4,42,2023-01-05-18,/home/ubuntu/klb/nuclr/nuclr/Data/Atanas_SF_unified_000776/cv5_grouped_v1/fold_4/test/train__2023-01-05-18__d7235b22.npz,103,SAAVL,2023-01-09-22,0,1,-1,1,0,1,0,1.0,0.0,1,0
4,42,2023-01-05-18,/home/ubuntu/klb/nuclr/nuclr/Data/Atanas_SF_unified_000776/cv5_grouped_v1/fold_4/test/train__2023-01-05-18__d7235b22.npz,104,NSML,2023-01-09-22,1,1,1,1,1,1,1,1.0,1.0,1,1
4,42,2023-01-05-18,/home/ubuntu/klb/nuclr/nuclr/Data/Atanas_SF_unified_000776/cv5_grouped_v1/fold_4/test/train__2023-01-05-18__d7235b22.npz,105,AWBR,2023-01-09-22,0,1,-1,1,0,1,0,1.0,0.0,1,0
4,42,2023-01-05-18,/home/ubuntu/klb/nuclr/nuclr/Data/Atanas_SF_unified_000776/cv5_grouped_v1/fold_4/test/train__2023-01-05-18__d7235b22.npz,106,ASER,2023-01-09-22,0,1,-1,1,0,1,0,1.0,0.0,1,0
4,42,2023-01-05-18,/home/ubuntu/klb/nuclr/nuclr/Data/Atanas_SF_unified_000776/cv5_grouped_v1/fold_4/test/train__2023-01-05-18__d7235b22.npz,108,ASIL,2023-01-09-22,0,1,-1,1,0,1,0,1.0,0.0,1,0
4,42,2023-01-05-18,/home/ubuntu/klb/nuclr/nuclr/Data/Atanas_SF_unified_000776/cv5_grouped_v1/fold_4/test/train__2023-01-05-18__d7235b22.npz,109,AVHL,2023-01-09-22,0,1,-1,1,0,1,0,1.0,0.0,1,0
4,42,2023-01-05-18,/home/ubuntu/klb/nuclr/nuclr/Data/Atanas_SF_unified_000776/cv5_grouped_v1/fold_4/test/train__2023-01-05-18__d7235b22.npz,110,AIZL,2023-01-09-22,1,1,2,1,0,1,1,1.0,0.5,1,0
4,42,2023-01-05-18,/home/ubuntu/klb/nuclr/nuclr/Data/Atanas_SF_unified_000776/cv5_grouped_v1/fold_4/test/train__2023-01-05-18__d7235b22.npz,113,RMDDL,2023-01-09-22,1,1,1,1,1,1,1,1.0,1.0,1,1
4,42,2023-01-05-18,/home/ubuntu/klb/nuclr/nuclr/Data/Atanas_SF_unified_000776/cv5_grouped_v1/fold_4/test/train__2023-01-05-18__d7235b22.npz,114,RIVR,2023-01-09-22,1,1,1,1,1,1,1,1.0,1.0,1,1
4,42,2023-01-05-18,/home/ubuntu/klb/nuclr/nuclr/Data/Atanas_SF_unified_000776/cv5_grouped_v1/fold_4/test/train__2023-01-05-18__d7235b22.npz,116,OLQVR,2023-01-09-22,1,1,1,1,1,1,1,1.0,1.0,1,1
4,42,2023-01-05-18,/home/ubuntu/klb/nuclr/nuclr/Data/Atanas_SF_unified_000776/cv5_grouped_v1/fold_4/test/train__2023-01-05-18__d7235b22.npz,117,RMEV,2023-01-09-22,1,3,2,0,0,1,1,0.3333333333333333,0.5,0,0
4,42,2023-01-05-18,/home/ubuntu/klb/nuclr/nuclr/Data/Atanas_SF_unified_000776/cv5_grouped_v1/fold_4/test/train__2023-01-05-18__d7235b22.npz,119,FLPR,2023-01-09-22,1,1,1,1,1,1,1,1.0,1.0,1,1
4,42,2023-01-05-18,/home/ubuntu/klb/nuclr/nuclr/Data/Atanas_SF_unified_000776/cv5_grouped_v1/fold_4/test/train__2023-01-05-18__d7235b22.npz,121,RMDVR,2023-01-09-22,1,1,1,1,1,1,1,1.0,1.0,1,1
4,42,2023-01-16-08,/home/ubuntu/klb/nuclr/nuclr/Data/Atanas_SF_unified_000776/cv5_grouped_v1/fold_4/test/train__2023-01-16-08__efcc90b0.npz,1,SAADR,2023-01-09-22,0,54,-1,0,0,0,0,0.018518518518518517,0.0,0,0
4,42,2023-01-16-08,/home/ubuntu/klb/nuclr/nuclr/Data/Atanas_SF_unified_000776/cv5_grouped_v1/fold_4/test/train__2023-01-16-08__efcc90b0.npz,2,RIAR,2023-01-09-22,1,1,1,1,1,1,1,1.0,1.0,1,1
4,42,2023-01-16-08,/home/ubuntu/klb/nuclr/nuclr/Data/Atanas_SF_unified_000776/cv5_grouped_v1/fold_4/test/train__2023-01-16-08__efcc90b0.npz,3,MCL,2023-01-09-22,0,1,-1,1,0,1,0,1.0,0.0,1,0
4,42,2023-01-16-08,/home/ubuntu/klb/nuclr/nuclr/Data/Atanas_SF_unified_000776/cv5_grouped_v1/fold_4/test/train__2023-01-16-08__efcc90b0.npz,4,RMER,2023-01-09-22,1,1,1,1,1,1,1,1.0,1.0,1,1
4,42,2023-01-16-08,/home/ubuntu/klb/nuclr/nuclr/Data/Atanas_SF_unified_000776/cv5_grouped_v1/fold_4/test/train__2023-01-16-08__efcc90b0.npz,5,CEPDR,2023-01-09-22,1,1,1,1,1,1,1,1.0,1.0,1,1
4,42,2023-01-16-08,/home/ubuntu/klb/nuclr/nuclr/Data/Atanas_SF_unified_000776/cv5_grouped_v1/fold_4/test/train__2023-01-16-08__efcc90b0.npz,6,AWCR,2023-01-09-22,1,1,1,1,1,1,1,1.0,1.0,1,1
4,42,2023-01-16-08,/home/ubuntu/klb/nuclr/nuclr/Data/Atanas_SF_unified_000776/cv5_grouped_v1/fold_4/test/train__2023-01-16-08__efcc90b0.npz,7,RMGL,2023-01-09-22,0,1,-1,1,0,1,0,1.0,0.0,1,0
4,42,2023-01-16-08,/home/ubuntu/klb/nuclr/nuclr/Data/Atanas_SF_unified_000776/cv5_grouped_v1/fold_4/test/train__2023-01-16-08__efcc90b0.npz,10,AWCL,2023-01-09-22,1,23,12,0,0,0,0,0.043478260869565216,0.08333333333333333,0,0
4,42,2023-01-16-08,/home/ubuntu/klb/nuclr/nuclr/Data/Atanas_SF_unified_000776/cv5_grouped_v1/fold_4/test/train__2023-01-16-08__efcc90b0.npz,11,RIS,2023-01-09-22,0,3,-1,0,0,1,0,0.3333333333333333,0.0,0,0
4,42,2023-01-16-08,/home/ubuntu/klb/nuclr/nuclr/Data/Atanas_SF_unified_000776/cv5_grouped_v1/fold_4/test/train__2023-01-16-08__efcc90b0.npz,12,ASGR,2023-01-09-22,1,1,1,1,1,1,1,1.0,1.0,1,1
4,42,2023-01-16-08,/home/ubuntu/klb/nuclr/nuclr/Data/Atanas_SF_unified_000776/cv5_grouped_v1/fold_4/test/train__2023-01-16-08__efcc90b0.npz,13,M4,2023-01-09-22,1,1,1,1,1,1,1,1.0,1.0,1,1
4,42,2023-01-16-08,/home/ubuntu/klb/nuclr/nuclr/Data/Atanas_SF_unified_000776/cv5_grouped_v1/fold_4/test/train__2023-01-16-08__efcc90b0.npz,14,AIBL,2023-01-09-22,1,1,1,1,1,1,1,1.0,1.0,1,1
4,42,2023-01-16-08,/home/ubuntu/klb/nuclr/nuclr/Data/Atanas_SF_unified_000776/cv5_grouped_v1/fold_4/test/train__2023-01-16-08__efcc90b0.npz,15,URYDL,2023-01-09-22,1,1,1,1,1,1,1,1.0,1.0,1,1
4,42,2023-01-16-08,/home/ubuntu/klb/nuclr/nuclr/Data/Atanas_SF_unified_000776/cv5_grouped_v1/fold_4/test/train__2023-01-16-08__efcc90b0.npz,16,OLQVR,2023-01-09-22,1,1,1,1,1,1,1,1.0,1.0,1,1
4,42,2023-01-16-08,/home/ubuntu/klb/nuclr/nuclr/Data/Atanas_SF_unified_000776/cv5_grouped_v1/fold_4/test/train__2023-01-16-08__efcc90b0.npz,17,RIH,2023-01-09-22,1,1,1,1,1,1,1,1.0,1.0,1,1
4,42,2023-01-16-08,/home/ubuntu/klb/nuclr/nuclr/Data/Atanas_SF_unified_000776/cv5_grouped_v1/fold_4/test/train__2023-01-16-08__efcc90b0.npz,18,AVHL,2023-01-09-22,0,1,-1,1,0,1,0,1.0,0.0,1,0
4,42,2023-01-16-08,/home/ubuntu/klb/nuclr/nuclr/Data/Atanas_SF_unified_000776/cv5_grouped_v1/fold_4/test/train__2023-01-16-08__efcc90b0.npz,20,IL1VL,2023-01-09-22,1,2,2,0,0,1,1,0.5,0.5,0,0
4,42,2023-01-16-08,/home/ubuntu/klb/nuclr/nuclr/Data/Atanas_SF_unified_000776/cv5_grouped_v1/fold_4/test/train__2023-01-16-08__efcc90b0.npz,22,AVJR,2023-01-09-22,1,2,2,0,0,1,1,0.5,0.5,1,1
4,42,2023-01-16-08,/home/ubuntu/klb/nuclr/nuclr/Data/Atanas_SF_unified_000776/cv5_grouped_v1/fold_4/test/train__2023-01-16-08__efcc90b0.npz,23,IL2R,2023-01-09-22,1,1,1,1,1,1,1,1.0,1.0,1,1
4,42,2023-01-16-08,/home/ubuntu/klb/nuclr/nuclr/Data/Atanas_SF_unified_000776/cv5_grouped_v1/fold_4/test/train__2023-01-16-08__efcc90b0.npz,24,I3,2023-01-09-22,1,1,1,1,1,1,1,1.0,1.0,1,1
4,42,2023-01-16-08,/home/ubuntu/klb/nuclr/nuclr/Data/Atanas_SF_unified_000776/cv5_grouped_v1/fold_4/test/train__2023-01-16-08__efcc90b0.npz,25,SMDDL,2023-01-09-22,1,19,14,0,0,0,0,0.05263157894736842,0.07142857142857142,0,0
4,42,2023-01-16-08,/home/ubuntu/klb/nuclr/nuclr/Data/Atanas_SF_unified_000776/cv5_grouped_v1/fold_4/test/train__2023-01-16-08__efcc90b0.npz,26,M3R,2023-01-09-22,1,1,1,1,1,1,1,1.0,1.0,1,1
4,42,2023-01-16-08,/home/ubuntu/klb/nuclr/nuclr/Data/Atanas_SF_unified_000776/cv5_grouped_v1/fold_4/test/train__2023-01-16-08__efcc90b0.npz,27,SMDDR,2023-01-09-22,0,42,-1,0,0,0,0,0.023809523809523808,0.0,0,0
4,42,2023-01-16-08,/home/ubuntu/klb/nuclr/nuclr/Data/Atanas_SF_unified_000776/cv5_grouped_v1/fold_4/test/train__2023-01-16-08__efcc90b0.npz,30,I1L,2023-01-09-22,1,1,1,1,1,1,1,1.0,1.0,1,1
4,42,2023-01-16-08,/home/ubuntu/klb/nuclr/nuclr/Data/Atanas_SF_unified_000776/cv5_grouped_v1/fold_4/test/train__2023-01-16-08__efcc90b0.npz,31,I6,2023-01-09-22,0,1,-1,1,0,1,0,1.0,0.0,1,0
4,42,2023-01-16-08,/home/ubuntu/klb/nuclr/nuclr/Data/Atanas_SF_unified_000776/cv5_grouped_v1/fold_4/test/train__2023-01-16-08__efcc90b0.npz,32,AWAL,2023-01-09-22,0,19,-1,0,0,0,0,0.05263157894736842,0.0,0,0
4,42,2023-01-16-08,/home/ubuntu/klb/nuclr/nuclr/Data/Atanas_SF_unified_000776/cv5_grouped_v1/fold_4/test/train__2023-01-16-08__efcc90b0.npz,35,BAGL,2023-01-09-22,1,1,1,1,1,1,1,1.0,1.0,1,1
4,42,2023-01-16-08,/home/ubuntu/klb/nuclr/nuclr/Data/Atanas_SF_unified_000776/cv5_grouped_v1/fold_4/test/train__2023-01-16-08__efcc90b0.npz,36,ADLL,2023-01-09-22,1,1,1,1,1,1,1,1.0,1.0,1,1
4,42,2023-01-16-08,/home/ubuntu/klb/nuclr/nuclr/Data/Atanas_SF_unified_000776/cv5_grouped_v1/fold_4/test/train__2023-01-16-08__efcc90b0.npz,38,ASGL,2023-01-09-22,1,1,1,1,1,1,1,1.0,1.0,1,1
4,42,2023-01-16-08,/home/ubuntu/klb/nuclr/nuclr/Data/Atanas_SF_unified_000776/cv5_grouped_v1/fold_4/test/train__2023-01-16-08__efcc90b0.npz,39,AVEL,2023-01-09-22,1,1,1,1,1,1,1,1.0,1.0,1,1
4,42,2023-01-16-08,/home/ubuntu/klb/nuclr/nuclr/Data/Atanas_SF_unified_000776/cv5_grouped_v1/fold_4/test/train__2023-01-16-08__efcc90b0.npz,40,SAADL,2023-01-09-22,0,24,-1,0,0,0,0,0.041666666666666664,0.0,0,0
4,42,2023-01-16-08,/home/ubuntu/klb/nuclr/nuclr/Data/Atanas_SF_unified_000776/cv5_grouped_v1/fold_4/test/train__2023-01-16-08__efcc90b0.npz,42,SMDVR,2023-01-09-22,1,1,1,1,1,1,1,1.0,1.0,1,1
4,42,2023-01-16-08,/home/ubuntu/klb/nuclr/nuclr/Data/Atanas_SF_unified_000776/cv5_grouped_v1/fold_4/test/train__2023-01-16-08__efcc90b0.npz,43,I2R,2023-01-09-22,0,1,-1,1,0,1,0,1.0,0.0,1,0
4,42,2023-01-16-08,/home/ubuntu/klb/nuclr/nuclr/Data/Atanas_SF_unified_000776/cv5_grouped_v1/fold_4/test/train__2023-01-16-08__efcc90b0.npz,45,RICL,2023-01-09-22,0,1,-1,1,0,1,0,1.0,0.0,1,0
4,42,2023-01-16-08,/home/ubuntu/klb/nuclr/nuclr/Data/Atanas_SF_unified_000776/cv5_grouped_v1/fold_4/test/train__2023-01-16-08__efcc90b0.npz,46,AQR,2023-01-09-22,0,18,-1,0,0,0,0,0.05555555555555555,0.0,0,0
4,42,2023-01-16-08,/home/ubuntu/klb/nuclr/nuclr/Data/Atanas_SF_unified_000776/cv5_grouped_v1/fold_4/test/train__2023-01-16-08__efcc90b0.npz,47,SAAVL,2023-01-09-22,0,1,-1,1,0,1,0,1.0,0.0,1,0
4,42,2023-01-16-08,/home/ubuntu/klb/nuclr/nuclr/Data/Atanas_SF_unified_000776/cv5_grouped_v1/fold_4/test/train__2023-01-16-08__efcc90b0.npz,49,AWBL,2023-01-09-22,1,1,1,1,1,1,1,1.0,1.0,1,1
4,42,2023-01-16-08,/home/ubuntu/klb/nuclr/nuclr/Data/Atanas_SF_unified_000776/cv5_grouped_v1/fold_4/test/train__2023-01-16-08__efcc90b0.npz,51,URYVL,2023-01-09-22,1,1,1,1,1,1,1,1.0,1.0,1,1
4,42,2023-01-16-08,/home/ubuntu/klb/nuclr/nuclr/Data/Atanas_SF_unified_000776/cv5_grouped_v1/fold_4/test/train__2023-01-16-08__efcc90b0.npz,52,AVL,2023-01-09-22,0,4,-1,0,0,1,0,0.25,0.0,0,0
4,42,2023-01-16-08,/home/ubuntu/klb/nuclr/nuclr/Data/Atanas_SF_unified_000776/cv5_grouped_v1/fold_4/test/train__2023-01-16-08__efcc90b0.npz,53,I2L,2023-01-09-22,1,1,1,1,1,1,1,1.0,1.0,1,1
4,42,2023-01-16-08,/home/ubuntu/klb/nuclr/nuclr/Data/Atanas_SF_unified_000776/cv5_grouped_v1/fold_4/test/train__2023-01-16-08__efcc90b0.npz,55,ASEL,2023-01-09-22,1,1,1,1,1,1,1,1.0,1.0,1,1
4,42,2023-01-16-08,/home/ubuntu/klb/nuclr/nuclr/Data/Atanas_SF_unified_000776/cv5_grouped_v1/fold_4/test/train__2023-01-16-08__efcc90b0.npz,56,NSMR,2023-01-09-22,0,1,-1,1,0,1,0,1.0,0.0,1,0
4,42,2023-01-16-08,/home/ubuntu/klb/nuclr/nuclr/Data/Atanas_SF_unified_000776/cv5_grouped_v1/fold_4/test/train__2023-01-16-08__efcc90b0.npz,58,AIZR,2023-01-09-22,1,1,1,1,1,1,1,1.0,1.0,1,1
4,42,2023-01-16-08,/home/ubuntu/klb/nuclr/nuclr/Data/Atanas_SF_unified_000776/cv5_grouped_v1/fold_4/test/train__2023-01-16-08__efcc90b0.npz,59,I1R,2023-01-09-22,1,1,1,1,1,1,1,1.0,1.0,1,1
4,42,2023-01-16-08,/home/ubuntu/klb/nuclr/nuclr/Data/Atanas_SF_unified_000776/cv5_grouped_v1/fold_4/test/train__2023-01-16-08__efcc90b0.npz,61,CEPDL,2023-01-09-22,1,1,1,1,1,1,1,1.0,1.0,1,1
4,42,2023-01-16-08,/home/ubuntu/klb/nuclr/nuclr/Data/Atanas_SF_unified_000776/cv5_grouped_v1/fold_4/test/train__2023-01-16-08__efcc90b0.npz,64,RMDL,2023-01-09-22,1,1,1,1,1,1,1,1.0,1.0,1,1
4,42,2023-01-16-08,/home/ubuntu/klb/nuclr/nuclr/Data/Atanas_SF_unified_000776/cv5_grouped_v1/fold_4/test/train__2023-01-16-08__efcc90b0.npz,65,URBL,2023-01-09-22,1,1,1,1,1,1,1,1.0,1.0,1,1
4,42,2023-01-16-08,/home/ubuntu/klb/nuclr/nuclr/Data/Atanas_SF_unified_000776/cv5_grouped_v1/fold_4/test/train__2023-01-16-08__efcc90b0.npz,67,AUAL,2023-01-09-22,1,1,1,1,1,1,1,1.0,1.0,1,1
4,42,2023-01-16-08,/home/ubuntu/klb/nuclr/nuclr/Data/Atanas_SF_unified_000776/cv5_grouped_v1/fold_4/test/train__2023-01-16-08__efcc90b0.npz,68,AVAL,2023-01-09-22,1,1,1,1,1,1,1,1.0,1.0,1,1
4,42,2023-01-16-08,/home/ubuntu/klb/nuclr/nuclr/Data/Atanas_SF_unified_000776/cv5_grouped_v1/fold_4/test/train__2023-01-16-08__efcc90b0.npz,70,OLQVL,2023-01-09-22,1,1,1,1,1,1,1,1.0,1.0,1,1
4,42,2023-01-16-08,/home/ubuntu/klb/nuclr/nuclr/Data/Atanas_SF_unified_000776/cv5_grouped_v1/fold_4/test/train__2023-01-16-08__efcc90b0.npz,71,IL2DR,2023-01-09-22,1,1,1,1,1,1,1,1.0,1.0,1,1
4,42,2023-01-16-08,/home/ubuntu/klb/nuclr/nuclr/Data/Atanas_SF_unified_000776/cv5_grouped_v1/fold_4/test/train__2023-01-16-08__efcc90b0.npz,72,M1,2023-01-09-22,0,1,-1,1,0,1,0,1.0,0.0,1,0
4,42,2023-01-16-08,/home/ubuntu/klb/nuclr/nuclr/Data/Atanas_SF_unified_000776/cv5_grouped_v1/fold_4/test/train__2023-01-16-08__efcc90b0.npz,74,AVDL,2023-01-09-22,1,1,1,1,1,1,1,1.0,1.0,1,1
4,42,2023-01-16-08,/home/ubuntu/klb/nuclr/nuclr/Data/Atanas_SF_unified_000776/cv5_grouped_v1/fold_4/test/train__2023-01-16-08__efcc90b0.npz,75,OLQDR,2023-01-09-22,0,1,-1,1,0,1,0,1.0,0.0,1,0
4,42,2023-01-16-08,/home/ubuntu/klb/nuclr/nuclr/Data/Atanas_SF_unified_000776/cv5_grouped_v1/fold_4/test/train__2023-01-16-08__efcc90b0.npz,76,FLPL,2023-01-09-22,1,1,1,1,1,1,1,1.0,1.0,1,1
4,42,2023-01-16-08,/home/ubuntu/klb/nuclr/nuclr/Data/Atanas_SF_unified_000776/cv5_grouped_v1/fold_4/test/train__2023-01-16-08__efcc90b0.npz,80,AVER,2023-01-09-22,1,1,1,1,1,1,1,1.0,1.0,1,1
4,42,2023-01-16-08,/home/ubuntu/klb/nuclr/nuclr/Data/Atanas_SF_unified_000776/cv5_grouped_v1/fold_4/test/train__2023-01-16-08__efcc90b0.npz,81,ADEL,2023-01-09-22,1,1,1,1,1,1,1,1.0,1.0,1,1
4,42,2023-01-16-08,/home/ubuntu/klb/nuclr/nuclr/Data/Atanas_SF_unified_000776/cv5_grouped_v1/fold_4/test/train__2023-01-16-08__efcc90b0.npz,83,I5,2023-01-09-22,0,60,-1,0,0,0,0,0.016666666666666666,0.0,0,0
4,42,2023-01-16-08,/home/ubuntu/klb/nuclr/nuclr/Data/Atanas_SF_unified_000776/cv5_grouped_v1/fold_4/test/train__2023-01-16-08__efcc90b0.npz,84,RMDR,2023-01-09-22,1,2,4,0,0,1,1,0.5,0.25,0,0
4,42,2023-01-16-08,/home/ubuntu/klb/nuclr/nuclr/Data/Atanas_SF_unified_000776/cv5_grouped_v1/fold_4/test/train__2023-01-16-08__efcc90b0.npz,88,IL2DL,2023-01-09-22,1,1,1,1,1,1,1,1.0,1.0,1,1
4,42,2023-01-16-08,/home/ubuntu/klb/nuclr/nuclr/Data/Atanas_SF_unified_000776/cv5_grouped_v1/fold_4/test/train__2023-01-16-08__efcc90b0.npz,90,I4,2023-01-09-22,0,1,-1,1,0,1,0,1.0,0.0,1,0
4,42,2023-01-16-08,/home/ubuntu/klb/nuclr/nuclr/Data/Atanas_SF_unified_000776/cv5_grouped_v1/fold_4/test/train__2023-01-16-08__efcc90b0.npz,92,RID,2023-01-09-22,1,1,1,1,1,1,1,1.0,1.0,1,1
4,42,2023-01-16-08,/home/ubuntu/klb/nuclr/nuclr/Data/Atanas_SF_unified_000776/cv5_grouped_v1/fold_4/test/train__2023-01-16-08__efcc90b0.npz,94,AIBR,2023-01-09-22,1,1,1,1,1,1,1,1.0,1.0,1,1
4,42,2023-01-16-08,/home/ubuntu/klb/nuclr/nuclr/Data/Atanas_SF_unified_000776/cv5_grouped_v1/fold_4/test/train__2023-01-16-08__efcc90b0.npz,96,AINL,2023-01-09-22,1,1,1,1,1,1,1,1.0,1.0,1,0
4,42,2023-01-16-08,/home/ubuntu/klb/nuclr/nuclr/Data/Atanas_SF_unified_000776/cv5_grouped_v1/fold_4/test/train__2023-01-16-08__efcc90b0.npz,99,M3L,2023-01-09-22,1,1,1,1,1,1,1,1.0,1.0,1,0
4,42,2023-01-16-08,/home/ubuntu/klb/nuclr/nuclr/Data/Atanas_SF_unified_000776/cv5_grouped_v1/fold_4/test/train__2023-01-16-08__efcc90b0.npz,100,CEPVR,2023-01-09-22,1,2,1,0,1,1,1,0.5,1.0,0,0
4,42,2023-01-16-08,/home/ubuntu/klb/nuclr/nuclr/Data/Atanas_SF_unified_000776/cv5_grouped_v1/fold_4/test/train__2023-01-16-08__efcc90b0.npz,101,VB02,2023-01-09-22,1,1,1,1,1,1,1,1.0,1.0,1,1
4,42,2023-01-16-08,/home/ubuntu/klb/nuclr/nuclr/Data/Atanas_SF_unified_000776/cv5_grouped_v1/fold_4/test/train__2023-01-16-08__efcc90b0.npz,102,IL1L,2023-01-09-22,1,1,1,1,1,1,1,1.0,1.0,1,1
4,42,2023-01-16-08,/home/ubuntu/klb/nuclr/nuclr/Data/Atanas_SF_unified_000776/cv5_grouped_v1/fold_4/test/train__2023-01-16-08__efcc90b0.npz,103,RIVR,2023-01-09-22,1,1,1,1,1,1,1,1.0,1.0,1,1
4,42,2023-01-16-08,/home/ubuntu/klb/nuclr/nuclr/Data/Atanas_SF_unified_000776/cv5_grouped_v1/fold_4/test/train__2023-01-16-08__efcc90b0.npz,104,AIZL,2023-01-09-22,1,1,1,1,1,1,1,1.0,1.0,1,1
4,42,2023-01-16-08,/home/ubuntu/klb/nuclr/nuclr/Data/Atanas_SF_unified_000776/cv5_grouped_v1/fold_4/test/train__2023-01-16-08__efcc90b0.npz,106,URXL,2023-01-09-22,1,1,1,1,1,1,1,1.0,1.0,1,1
4,42,2023-01-16-08,/home/ubuntu/klb/nuclr/nuclr/Data/Atanas_SF_unified_000776/cv5_grouped_v1/fold_4/test/train__2023-01-16-08__efcc90b0.npz,108,IL2L,2023-01-09-22,1,1,1,1,1,1,1,1.0,1.0,1,1
4,42,2023-01-16-08,/home/ubuntu/klb/nuclr/nuclr/Data/Atanas_SF_unified_000776/cv5_grouped_v1/fold_4/test/train__2023-01-16-08__efcc90b0.npz,109,IL1DL,2023-01-09-22,0,1,-1,1,0,1,0,1.0,0.0,1,0
4,42,2023-01-16-08,/home/ubuntu/klb/nuclr/nuclr/Data/Atanas_SF_unified_000776/cv5_grouped_v1/fold_4/test/train__2023-01-16-08__efcc90b0.npz,111,RMDDR,2023-01-09-22,1,1,1,1,1,1,1,1.0,1.0,1,1
4,42,2023-01-16-08,/home/ubuntu/klb/nuclr/nuclr/Data/Atanas_SF_unified_000776/cv5_grouped_v1/fold_4/test/train__2023-01-16-08__efcc90b0.npz,112,AWBR,2023-01-09-22,0,17,-1,0,0,0,0,0.058823529411764705,0.0,0,0
4,42,2023-01-16-08,/home/ubuntu/klb/nuclr/nuclr/Data/Atanas_SF_unified_000776/cv5_grouped_v1/fold_4/test/train__2023-01-16-08__efcc90b0.npz,113,IL1DR,2023-01-09-22,1,1,1,1,1,1,1,1.0,1.0,1,0
4,42,2023-01-16-08,/home/ubuntu/klb/nuclr/nuclr/Data/Atanas_SF_unified_000776/cv5_grouped_v1/fold_4/test/train__2023-01-16-08__efcc90b0.npz,114,RIVL,2023-01-09-22,1,1,1,1,1,1,1,1.0,1.0,1,1
4,42,2023-01-16-08,/home/ubuntu/klb/nuclr/nuclr/Data/Atanas_SF_unified_000776/cv5_grouped_v1/fold_4/test/train__2023-01-16-08__efcc90b0.npz,115,URYDR,2023-01-09-22,1,1,1,1,1,1,1,1.0,1.0,1,1
4,42,2023-01-16-08,/home/ubuntu/klb/nuclr/nuclr/Data/Atanas_SF_unified_000776/cv5_grouped_v1/fold_4/test/train__2023-01-16-08__efcc90b0.npz,116,AVJL,2023-01-09-22,1,1,1,1,1,1,1,1.0,1.0,1,1
4,42,2023-01-16-08,/home/ubuntu/klb/nuclr/nuclr/Data/Atanas_SF_unified_000776/cv5_grouped_v1/fold_4/test/train__2023-01-16-08__efcc90b0.npz,118,OLQDL,2023-01-09-22,1,1,1,1,1,1,1,1.0,1.0,1,1
4,42,2023-01-16-08,/home/ubuntu/klb/nuclr/nuclr/Data/Atanas_SF_unified_000776/cv5_grouped_v1/fold_4/test/train__2023-01-16-08__efcc90b0.npz,121,AVBL,2023-01-09-22,0,11,-1,0,0,0,0,0.09090909090909091,0.0,0,0
4,42,2023-01-16-08,/home/ubuntu/klb/nuclr/nuclr/Data/Atanas_SF_unified_000776/cv5_grouped_v1/fold_4/test/train__2023-01-16-08__efcc90b0.npz,122,AWAR,2023-01-09-22,0,17,-1,0,0,0,0,0.058823529411764705,0.0,0,0
4,42,2023-01-16-08,/home/ubuntu/klb/nuclr/nuclr/Data/Atanas_SF_unified_000776/cv5_grouped_v1/fold_4/test/train__2023-01-16-08__efcc90b0.npz,126,MCR,2023-01-09-22,0,1,-1,1,0,1,0,1.0,0.0,1,0
4,42,2023-01-16-08,/home/ubuntu/klb/nuclr/nuclr/Data/Atanas_SF_unified_000776/cv5_grouped_v1/fold_4/test/train__2023-01-16-08__efcc90b0.npz,127,NSML,2023-01-09-22,1,1,1,1,1,1,1,1.0,1.0,1,1
4,42,2023-01-16-08,/home/ubuntu/klb/nuclr/nuclr/Data/Atanas_SF_unified_000776/cv5_grouped_v1/fold_4/test/train__2023-01-16-08__efcc90b0.npz,128,SMDVL,2023-01-09-22,1,1,1,1,1,1,1,1.0,1.0,1,1
4,42,2023-01-16-08,/home/ubuntu/klb/nuclr/nuclr/Data/Atanas_SF_unified_000776/cv5_grouped_v1/fold_4/test/train__2023-01-16-08__efcc90b0.npz,131,ADAL,2023-01-09-22,1,1,1,1,1,1,1,1.0,1.0,1,1
4,42,2023-01-16-08,/home/ubuntu/klb/nuclr/nuclr/Data/Atanas_SF_unified_000776/cv5_grouped_v1/fold_4/test/train__2023-01-16-08__efcc90b0.npz,133,AVAR,2023-01-09-22,1,1,1,1,1,1,1,1.0,1.0,1,1
4,42,2023-01-16-08,/home/ubuntu/klb/nuclr/nuclr/Data/Atanas_SF_unified_000776/cv5_grouped_v1/fold_4/test/train__2023-01-16-08__efcc90b0.npz,134,RMDDL,2023-01-09-22,1,1,2,1,0,1,1,1.0,0.5,1,1
4,42,2023-01-16-08,/home/ubuntu/klb/nuclr/nuclr/Data/Atanas_SF_unified_000776/cv5_grouped_v1/fold_4/test/train__2023-01-16-08__efcc90b0.npz,135,RIBL,2023-01-09-22,1,1,1,1,1,1,1,1.0,1.0,1,1
4,42,2022-06-28-01,/home/ubuntu/klb/nuclr/nuclr/Data/Atanas_SF_unified_000776/cv5_grouped_v1/fold_4/test/val__2022-06-28-01__a91d8128.npz,0,I1L,2023-01-09-22,1,1,1,1,1,1,1,1.0,1.0,1,1
4,42,2022-06-28-01,/home/ubuntu/klb/nuclr/nuclr/Data/Atanas_SF_unified_000776/cv5_grouped_v1/fold_4/test/val__2022-06-28-01__a91d8128.npz,1,RMDVL,2023-01-09-22,1,1,1,1,1,1,1,1.0,1.0,1,1
4,42,2022-06-28-01,/home/ubuntu/klb/nuclr/nuclr/Data/Atanas_SF_unified_000776/cv5_grouped_v1/fold_4/test/val__2022-06-28-01__a91d8128.npz,3,M4,2023-01-09-22,1,1,1,1,1,1,1,1.0,1.0,1,1
4,42,2022-06-28-01,/home/ubuntu/klb/nuclr/nuclr/Data/Atanas_SF_unified_000776/cv5_grouped_v1/fold_4/test/val__2022-06-28-01__a91d8128.npz,6,CEPDR,2023-01-09-22,1,1,1,1,1,1,1,1.0,1.0,1,1
4,42,2022-06-28-01,/home/ubuntu/klb/nuclr/nuclr/Data/Atanas_SF_unified_000776/cv5_grouped_v1/fold_4/test/val__2022-06-28-01__a91d8128.npz,7,AVJL,2023-01-09-22,1,7,6,0,0,0,0,0.14285714285714285,0.16666666666666666,0,0
4,42,2022-06-28-01,/home/ubuntu/klb/nuclr/nuclr/Data/Atanas_SF_unified_000776/cv5_grouped_v1/fold_4/test/val__2022-06-28-01__a91d8128.npz,8,MI,2023-01-09-22,1,1,1,1,1,1,1,1.0,1.0,1,1
4,42,2022-06-28-01,/home/ubuntu/klb/nuclr/nuclr/Data/Atanas_SF_unified_000776/cv5_grouped_v1/fold_4/test/val__2022-06-28-01__a91d8128.npz,9,OLQDR,2023-01-09-22,0,1,-1,1,0,1,0,1.0,0.0,1,0
4,42,2022-06-28-01,/home/ubuntu/klb/nuclr/nuclr/Data/Atanas_SF_unified_000776/cv5_grouped_v1/fold_4/test/val__2022-06-28-01__a91d8128.npz,10,IL2VR,2023-01-09-22,0,1,-1,1,0,1,0,1.0,0.0,1,0
4,42,2022-06-28-01,/home/ubuntu/klb/nuclr/nuclr/Data/Atanas_SF_unified_000776/cv5_grouped_v1/fold_4/test/val__2022-06-28-01__a91d8128.npz,14,ADEL,2023-01-09-22,1,17,9,0,0,0,0,0.058823529411764705,0.1111111111111111,0,0
4,42,2022-06-28-01,/home/ubuntu/klb/nuclr/nuclr/Data/Atanas_SF_unified_000776/cv5_grouped_v1/fold_4/test/val__2022-06-28-01__a91d8128.npz,17,CEPVL,2023-01-09-22,1,1,1,1,1,1,1,1.0,1.0,1,1
4,42,2022-06-28-01,/home/ubuntu/klb/nuclr/nuclr/Data/Atanas_SF_unified_000776/cv5_grouped_v1/fold_4/test/val__2022-06-28-01__a91d8128.npz,22,IL2VL,2023-01-09-22,1,1,1,1,1,1,1,1.0,1.0,1,1
4,42,2022-06-28-01,/home/ubuntu/klb/nuclr/nuclr/Data/Atanas_SF_unified_000776/cv5_grouped_v1/fold_4/test/val__2022-06-28-01__a91d8128.npz,23,AWAR,2023-01-09-22,0,122,-1,0,0,0,0,0.00819672131147541,0.0,0,0
4,42,2022-06-28-01,/home/ubuntu/klb/nuclr/nuclr/Data/Atanas_SF_unified_000776/cv5_grouped_v1/fold_4/test/val__2022-06-28-01__a91d8128.npz,24,AIML,2023-01-09-22,0,1,-1,1,0,1,0,1.0,0.0,1,0
4,42,2022-06-28-01,/home/ubuntu/klb/nuclr/nuclr/Data/Atanas_SF_unified_000776/cv5_grouped_v1/fold_4/test/val__2022-06-28-01__a91d8128.npz,25,OLQVL,2023-01-09-22,1,1,1,1,1,1,1,1.0,1.0,1,1
4,42,2022-06-28-01,/home/ubuntu/klb/nuclr/nuclr/Data/Atanas_SF_unified_000776/cv5_grouped_v1/fold_4/test/val__2022-06-28-01__a91d8128.npz,27,AWCL,2023-01-09-22,1,1,2,1,0,1,1,1.0,0.5,1,0
4,42,2022-06-28-01,/home/ubuntu/klb/nuclr/nuclr/Data/Atanas_SF_unified_000776/cv5_grouped_v1/fold_4/test/val__2022-06-28-01__a91d8128.npz,30,ASEL,2023-01-09-22,1,3,3,0,0,1,1,0.3333333333333333,0.3333333333333333,0,0
4,42,2022-06-28-01,/home/ubuntu/klb/nuclr/nuclr/Data/Atanas_SF_unified_000776/cv5_grouped_v1/fold_4/test/val__2022-06-28-01__a91d8128.npz,32,ASGL,2023-01-09-22,1,1,1,1,1,1,1,1.0,1.0,1,1
4,42,2022-06-28-01,/home/ubuntu/klb/nuclr/nuclr/Data/Atanas_SF_unified_000776/cv5_grouped_v1/fold_4/test/val__2022-06-28-01__a91d8128.npz,34,URBL,2023-01-09-22,1,2,2,0,0,1,1,0.5,0.5,0,0
4,42,2022-06-28-01,/home/ubuntu/klb/nuclr/nuclr/Data/Atanas_SF_unified_000776/cv5_grouped_v1/fold_4/test/val__2022-06-28-01__a91d8128.npz,35,BAGL,2023-01-09-22,1,1,1,1,1,1,1,1.0,1.0,1,1
4,42,2022-06-28-01,/home/ubuntu/klb/nuclr/nuclr/Data/Atanas_SF_unified_000776/cv5_grouped_v1/fold_4/test/val__2022-06-28-01__a91d8128.npz,36,AINL,2023-01-09-22,1,1,1,1,1,1,1,1.0,1.0,1,1
4,42,2022-06-28-01,/home/ubuntu/klb/nuclr/nuclr/Data/Atanas_SF_unified_000776/cv5_grouped_v1/fold_4/test/val__2022-06-28-01__a91d8128.npz,37,RMDDR,2023-01-09-22,1,1,1,1,1,1,1,1.0,1.0,1,1
4,42,2022-06-28-01,/home/ubuntu/klb/nuclr/nuclr/Data/Atanas_SF_unified_000776/cv5_grouped_v1/fold_4/test/val__2022-06-28-01__a91d8128.npz,39,IL1VL,2023-01-09-22,1,1,2,1,0,1,1,1.0,0.5,1,0
4,42,2022-06-28-01,/home/ubuntu/klb/nuclr/nuclr/Data/Atanas_SF_unified_000776/cv5_grouped_v1/fold_4/test/val__2022-06-28-01__a91d8128.npz,41,RIH,2023-01-09-22,1,1,1,1,1,1,1,1.0,1.0,1,1
4,42,2022-06-28-01,/home/ubuntu/klb/nuclr/nuclr/Data/Atanas_SF_unified_000776/cv5_grouped_v1/fold_4/test/val__2022-06-28-01__a91d8128.npz,42,AVL,2023-01-09-22,0,8,-1,0,0,0,0,0.125,0.0,0,0
4,42,2022-06-28-01,/home/ubuntu/klb/nuclr/nuclr/Data/Atanas_SF_unified_000776/cv5_grouped_v1/fold_4/test/val__2022-06-28-01__a91d8128.npz,43,OLLL,2023-01-09-22,1,1,1,1,1,1,1,1.0,1.0,1,1
4,42,2022-06-28-01,/home/ubuntu/klb/nuclr/nuclr/Data/Atanas_SF_unified_000776/cv5_grouped_v1/fold_4/test/val__2022-06-28-01__a91d8128.npz,44,NSMR,2023-01-09-22,0,1,-1,1,0,1,0,1.0,0.0,1,0
4,42,2022-06-28-01,/home/ubuntu/klb/nuclr/nuclr/Data/Atanas_SF_unified_000776/cv5_grouped_v1/fold_4/test/val__2022-06-28-01__a91d8128.npz,45,IL1VR,2023-01-09-22,1,1,1,1,1,1,1,1.0,1.0,1,1
4,42,2022-06-28-01,/home/ubuntu/klb/nuclr/nuclr/Data/Atanas_SF_unified_000776/cv5_grouped_v1/fold_4/test/val__2022-06-28-01__a91d8128.npz,46,IL2L,2023-01-09-22,1,1,1,1,1,1,1,1.0,1.0,1,1
4,42,2022-06-28-01,/home/ubuntu/klb/nuclr/nuclr/Data/Atanas_SF_unified_000776/cv5_grouped_v1/fold_4/test/val__2022-06-28-01__a91d8128.npz,47,AVJR,2023-01-09-22,1,2,1,0,1,1,1,0.5,1.0,0,1
4,42,2022-06-28-01,/home/ubuntu/klb/nuclr/nuclr/Data/Atanas_SF_unified_000776/cv5_grouped_v1/fold_4/test/val__2022-06-28-01__a91d8128.npz,48,M3R,2023-01-09-22,1,1,1,1,1,1,1,1.0,1.0,1,1
4,42,2022-06-28-01,/home/ubuntu/klb/nuclr/nuclr/Data/Atanas_SF_unified_000776/cv5_grouped_v1/fold_4/test/val__2022-06-28-01__a91d8128.npz,49,AIBR,2023-01-09-22,1,1,1,1,1,1,1,1.0,1.0,1,1
4,42,2022-06-28-01,/home/ubuntu/klb/nuclr/nuclr/Data/Atanas_SF_unified_000776/cv5_grouped_v1/fold_4/test/val__2022-06-28-01__a91d8128.npz,51,AVDR,2023-01-09-22,1,1,1,1,1,1,1,1.0,1.0,1,1
4,42,2022-06-28-01,/home/ubuntu/klb/nuclr/nuclr/Data/Atanas_SF_unified_000776/cv5_grouped_v1/fold_4/test/val__2022-06-28-01__a91d8128.npz,52,RMDDL,2023-01-09-22,1,1,1,1,1,1,1,1.0,1.0,1,1
4,42,2022-06-28-01,/home/ubuntu/klb/nuclr/nuclr/Data/Atanas_SF_unified_000776/cv5_grouped_v1/fold_4/test/val__2022-06-28-01__a91d8128.npz,53,SMDVL,2023-01-09-22,1,1,1,1,1,1,1,1.0,1.0,1,1
4,42,2022-06-28-01,/home/ubuntu/klb/nuclr/nuclr/Data/Atanas_SF_unified_000776/cv5_grouped_v1/fold_4/test/val__2022-06-28-01__a91d8128.npz,55,AVER,2023-01-09-22,1,1,1,1,1,1,1,1.0,1.0,1,1
4,42,2022-06-28-01,/home/ubuntu/klb/nuclr/nuclr/Data/Atanas_SF_unified_000776/cv5_grouped_v1/fold_4/test/val__2022-06-28-01__a91d8128.npz,56,RIML,2023-01-09-22,0,1,-1,1,0,1,0,1.0,0.0,1,0
4,42,2022-06-28-01,/home/ubuntu/klb/nuclr/nuclr/Data/Atanas_SF_unified_000776/cv5_grouped_v1/fold_4/test/val__2022-06-28-01__a91d8128.npz,57,AUAL,2023-01-09-22,1,1,2,1,0,1,1,1.0,0.5,1,0
4,42,2022-06-28-01,/home/ubuntu/klb/nuclr/nuclr/Data/Atanas_SF_unified_000776/cv5_grouped_v1/fold_4/test/val__2022-06-28-01__a91d8128.npz,61,IL2DL,2023-01-09-22,1,1,1,1,1,1,1,1.0,1.0,1,1
4,42,2022-06-28-01,/home/ubuntu/klb/nuclr/nuclr/Data/Atanas_SF_unified_000776/cv5_grouped_v1/fold_4/test/val__2022-06-28-01__a91d8128.npz,62,AVDL,2023-01-09-22,1,2,2,0,0,1,1,0.5,0.5,0,0
4,42,2022-06-28-01,/home/ubuntu/klb/nuclr/nuclr/Data/Atanas_SF_unified_000776/cv5_grouped_v1/fold_4/test/val__2022-06-28-01__a91d8128.npz,64,RMER,2023-01-09-22,1,1,1,1,1,1,1,1.0,1.0,1,1
4,42,2022-06-28-01,/home/ubuntu/klb/nuclr/nuclr/Data/Atanas_SF_unified_000776/cv5_grouped_v1/fold_4/test/val__2022-06-28-01__a91d8128.npz,72,URYDL,2023-01-09-22,1,1,1,1,1,1,1,1.0,1.0,1,1
4,42,2022-06-28-01,/home/ubuntu/klb/nuclr/nuclr/Data/Atanas_SF_unified_000776/cv5_grouped_v1/fold_4/test/val__2022-06-28-01__a91d8128.npz,75,URBR,2023-01-09-22,0,1,-1,1,0,1,0,1.0,0.0,1,0
4,42,2022-06-28-01,/home/ubuntu/klb/nuclr/nuclr/Data/Atanas_SF_unified_000776/cv5_grouped_v1/fold_4/test/val__2022-06-28-01__a91d8128.npz,76,AWBL,2023-01-09-22,1,2,2,0,0,1,1,0.5,0.5,0,0
4,42,2022-06-28-01,/home/ubuntu/klb/nuclr/nuclr/Data/Atanas_SF_unified_000776/cv5_grouped_v1/fold_4/test/val__2022-06-28-01__a91d8128.npz,77,URYVR,2023-01-09-22,1,1,1,1,1,1,1,1.0,1.0,1,0
4,42,2022-06-28-01,/home/ubuntu/klb/nuclr/nuclr/Data/Atanas_SF_unified_000776/cv5_grouped_v1/fold_4/test/val__2022-06-28-01__a91d8128.npz,78,AVEL,2023-01-09-22,1,1,1,1,1,1,1,1.0,1.0,1,1
4,42,2022-06-28-01,/home/ubuntu/klb/nuclr/nuclr/Data/Atanas_SF_unified_000776/cv5_grouped_v1/fold_4/test/val__2022-06-28-01__a91d8128.npz,79,AVAR,2023-01-09-22,1,1,1,1,1,1,1,1.0,1.0,1,1
4,42,2022-06-28-01,/home/ubuntu/klb/nuclr/nuclr/Data/Atanas_SF_unified_000776/cv5_grouped_v1/fold_4/test/val__2022-06-28-01__a91d8128.npz,82,CEPDL,2023-01-09-22,1,1,1,1,1,1,1,1.0,1.0,1,1
4,42,2022-06-28-01,/home/ubuntu/klb/nuclr/nuclr/Data/Atanas_SF_unified_000776/cv5_grouped_v1/fold_4/test/val__2022-06-28-01__a91d8128.npz,83,NSML,2023-01-09-22,1,1,1,1,1,1,1,1.0,1.0,1,1
4,42,2022-06-28-01,/home/ubuntu/klb/nuclr/nuclr/Data/Atanas_SF_unified_000776/cv5_grouped_v1/fold_4/test/val__2022-06-28-01__a91d8128.npz,84,IL1DL,2023-01-09-22,0,4,-1,0,0,1,0,0.25,0.0,0,0
4,42,2022-06-28-01,/home/ubuntu/klb/nuclr/nuclr/Data/Atanas_SF_unified_000776/cv5_grouped_v1/fold_4/test/val__2022-06-28-01__a91d8128.npz,86,SMDDR,2023-01-09-22,0,20,-1,0,0,0,0,0.05,0.0,0,0
4,42,2022-06-28-01,/home/ubuntu/klb/nuclr/nuclr/Data/Atanas_SF_unified_000776/cv5_grouped_v1/fold_4/test/val__2022-06-28-01__a91d8128.npz,87,URXL,2023-01-09-22,1,1,1,1,1,1,1,1.0,1.0,1,1
4,42,2022-06-28-01,/home/ubuntu/klb/nuclr/nuclr/Data/Atanas_SF_unified_000776/cv5_grouped_v1/fold_4/test/val__2022-06-28-01__a91d8128.npz,88,RMEL,2023-01-09-22,1,1,1,1,1,1,1,1.0,1.0,1,1
4,42,2022-06-28-01,/home/ubuntu/klb/nuclr/nuclr/Data/Atanas_SF_unified_000776/cv5_grouped_v1/fold_4/test/val__2022-06-28-01__a91d8128.npz,91,RIVL,2023-01-09-22,1,1,2,1,0,1,1,1.0,0.5,1,0
4,42,2022-06-28-01,/home/ubuntu/klb/nuclr/nuclr/Data/Atanas_SF_unified_000776/cv5_grouped_v1/fold_4/test/val__2022-06-28-01__a91d8128.npz,101,MCR,2023-01-09-22,0,1,-1,1,0,1,0,1.0,0.0,1,0
4,42,2022-06-28-01,/home/ubuntu/klb/nuclr/nuclr/Data/Atanas_SF_unified_000776/cv5_grouped_v1/fold_4/test/val__2022-06-28-01__a91d8128.npz,105,RMDL,2023-01-09-22,1,1,1,1,1,1,1,1.0,1.0,1,1
4,42,2022-06-28-01,/home/ubuntu/klb/nuclr/nuclr/Data/Atanas_SF_unified_000776/cv5_grouped_v1/fold_4/test/val__2022-06-28-01__a91d8128.npz,108,RID,2023-01-09-22,1,1,1,1,1,1,1,1.0,1.0,1,1
4,42,2022-06-28-01,/home/ubuntu/klb/nuclr/nuclr/Data/Atanas_SF_unified_000776/cv5_grouped_v1/fold_4/test/val__2022-06-28-01__a91d8128.npz,110,OLQVR,2023-01-09-22,1,2,2,0,0,1,1,0.5,0.5,0,0
4,42,2022-06-28-01,/home/ubuntu/klb/nuclr/nuclr/Data/Atanas_SF_unified_000776/cv5_grouped_v1/fold_4/test/val__2022-06-28-01__a91d8128.npz,113,OLQDL,2023-01-09-22,1,1,1,1,1,1,1,1.0,1.0,1,1
4,42,2022-06-28-01,/home/ubuntu/klb/nuclr/nuclr/Data/Atanas_SF_unified_000776/cv5_grouped_v1/fold_4/test/val__2022-06-28-01__a91d8128.npz,115,RICL,2023-01-09-22,0,5,-1,0,0,1,0,0.2,0.0,0,0
4,42,2022-06-28-01,/home/ubuntu/klb/nuclr/nuclr/Data/Atanas_SF_unified_000776/cv5_grouped_v1/fold_4/test/val__2022-06-28-01__a91d8128.npz,116,I3,2023-01-09-22,1,1,1,1,1,1,1,1.0,1.0,1,1
4,42,2022-06-28-01,/home/ubuntu/klb/nuclr/nuclr/Data/Atanas_SF_unified_000776/cv5_grouped_v1/fold_4/test/val__2022-06-28-01__a91d8128.npz,117,RMDVR,2023-01-09-22,1,1,1,1,1,1,1,1.0,1.0,1,1
4,42,2022-06-28-01,/home/ubuntu/klb/nuclr/nuclr/Data/Atanas_SF_unified_000776/cv5_grouped_v1/fold_4/test/val__2022-06-28-01__a91d8128.npz,118,SMDVR,2023-01-09-22,1,1,2,1,0,1,1,1.0,0.5,1,0
4,42,2022-06-28-01,/home/ubuntu/klb/nuclr/nuclr/Data/Atanas_SF_unified_000776/cv5_grouped_v1/fold_4/test/val__2022-06-28-01__a91d8128.npz,119,RMDR,2023-01-09-22,1,1,1,1,1,1,1,1.0,1.0,1,1
4,42,2022-06-28-01,/home/ubuntu/klb/nuclr/nuclr/Data/Atanas_SF_unified_000776/cv5_grouped_v1/fold_4/test/val__2022-06-28-01__a91d8128.npz,122,IL2DR,2023-01-09-22,1,1,1,1,1,1,1,1.0,1.0,1,1
4,42,2022-06-28-01,/home/ubuntu/klb/nuclr/nuclr/Data/Atanas_SF_unified_000776/cv5_grouped_v1/fold_4/test/val__2022-06-28-01__a91d8128.npz,124,IL1DR,2023-01-09-22,1,1,1,1,1,1,1,1.0,1.0,0,0
4,42,2022-06-28-01,/home/ubuntu/klb/nuclr/nuclr/Data/Atanas_SF_unified_000776/cv5_grouped_v1/fold_4/test/val__2022-06-28-01__a91d8128.npz,125,URXR,2023-01-09-22,1,1,1,1,1,1,1,1.0,1.0,1,1
4,42,2022-06-28-01,/home/ubuntu/klb/nuclr/nuclr/Data/Atanas_SF_unified_000776/cv5_grouped_v1/fold_4/test/val__2022-06-28-01__a91d8128.npz,126,CEPVR,2023-01-09-22,1,1,1,1,1,1,1,1.0,1.0,1,1
4,42,2022-06-28-01,/home/ubuntu/klb/nuclr/nuclr/Data/Atanas_SF_unified_000776/cv5_grouped_v1/fold_4/test/val__2022-06-28-01__a91d8128.npz,127,M3L,2023-01-09-22,1,1,1,1,1,1,1,1.0,1.0,1,1
4,42,2022-06-28-01,/home/ubuntu/klb/nuclr/nuclr/Data/Atanas_SF_unified_000776/cv5_grouped_v1/fold_4/test/val__2022-06-28-01__a91d8128.npz,129,RMGL,2023-01-09-22,0,1,-1,1,0,1,0,1.0,0.0,1,0
4,42,2022-06-28-01,/home/ubuntu/klb/nuclr/nuclr/Data/Atanas_SF_unified_000776/cv5_grouped_v1/fold_4/test/val__2022-06-28-01__a91d8128.npz,130,AIZL,2023-01-09-22,1,1,2,1,0,1,1,1.0,0.5,1,1
4,42,2022-06-28-01,/home/ubuntu/klb/nuclr/nuclr/Data/Atanas_SF_unified_000776/cv5_grouped_v1/fold_4/test/val__2022-06-28-01__a91d8128.npz,131,ADAL,2023-01-09-22,1,33,18,0,0,0,0,0.030303030303030304,0.05555555555555555,0,0
4,42,2022-06-28-01,/home/ubuntu/klb/nuclr/nuclr/Data/Atanas_SF_unified_000776/cv5_grouped_v1/fold_4/test/val__2022-06-28-01__a91d8128.npz,134,SMDDL,2023-01-09-22,1,9,4,0,0,0,1,0.1111111111111111,0.25,0,0
4,42,2022-06-28-01,/home/ubuntu/klb/nuclr/nuclr/Data/Atanas_SF_unified_000776/cv5_grouped_v1/fold_4/test/val__2022-06-28-01__a91d8128.npz,137,AVAL,2023-01-09-22,1,1,1,1,1,1,1,1.0,1.0,1,1
4,42,2022-06-28-01,/home/ubuntu/klb/nuclr/nuclr/Data/Atanas_SF_unified_000776/cv5_grouped_v1/fold_4/test/val__2022-06-28-01__a91d8128.npz,141,AIBL,2023-01-09-22,1,1,1,1,1,1,1,1.0,1.0,1,1
