dataset,fold,split,uid,fold_filename,is_symlink,server_fold_path,server_resolved_source,source_bytes,source_sha256
atanas,0,train,2022-07-20-01,test__2022-07-20-01__4147bc9e.npz,1,/home/ubuntu/klb/nuclr/nuclr/Data/Atanas_SF_unified_000776/cv5_grouped_v1/fold_0/train/test__2022-07-20-01__4147bc9e.npz,/home/ubuntu/klb/nuclr/nuclr/Data/Atanas_SF_unified_000776/full/train/2022-07-20-01.npz,840552,c3856e4b6329aac8759777a13fe8b233e903a80c3d72f91baac5adbc4cec4771
atanas,0,train,2023-01-10-07,test__2023-01-10-07__af4d7d2d.npz,1,/home/ubuntu/klb/nuclr/nuclr/Data/Atanas_SF_unified_000776/cv5_grouped_v1/fold_0/train/test__2023-01-10-07__af4d7d2d.npz,/home/ubuntu/klb/nuclr/nuclr/Data/Atanas_SF_unified_000776/full/train/2023-01-10-07.npz,850270,6ed57076e1273f30ca26574ceed7b5b0ce3f3b59993eeafce1521510014fe4e2
atanas,0,train,2023-01-10-14,test__2023-01-10-14__e4254980.npz,1,/home/ubuntu/klb/nuclr/nuclr/Data/Atanas_SF_unified_000776/cv5_grouped_v1/fold_0/train/test__2023-01-10-14__e4254980.npz,/home/ubuntu/klb/nuclr/nuclr/Data/Atanas_SF_unified_000776/full/train/2023-01-10-14.npz,839602,123560a46b3bb0243573e061f265945ece3093ba063122acd95acb21e6fe7066
atanas,0,train,2023-03-07-01,test__2023-03-07-01__9fafa0d7.npz,1,/home/ubuntu/klb/nuclr/nuclr/Data/Atanas_SF_unified_000776/cv5_grouped_v1/fold_0/train/test__2023-03-07-01__9fafa0d7.npz,/home/ubuntu/klb/nuclr/nuclr/Data/Atanas_SF_unified_000776/full/train/2023-03-07-01.npz,893982,e5b9515a392b3e62affe2874b1df9825ecee1e94de55d7300adf10a192635676
atanas,0,train,2022-06-14-01,train__2022-06-14-01__4ddfcba0.npz,1,/home/ubuntu/klb/nuclr/nuclr/Data/Atanas_SF_unified_000776/cv5_grouped_v1/fold_0/train/train__2022-06-14-01__4ddfcba0.npz,/home/ubuntu/klb/nuclr/nuclr/Data/Atanas_SF_unified_000776/full/val/2022-06-14-01.npz,641386,7c1382c6eddc8c2f86a35efcadb2a4211645c3fc3503a6ea0297769d0e8c94d9
atanas,0,train,2022-06-14-07,train__2022-06-14-07__1c5b9cbb.npz,1,/home/ubuntu/klb/nuclr/nuclr/Data/Atanas_SF_unified_000776/cv5_grouped_v1/fold_0/train/train__2022-06-14-07__1c5b9cbb.npz,/home/ubuntu/klb/nuclr/nuclr/Data/Atanas_SF_unified_000776/full/train/2022-06-14-07.npz,762014,0b301dd2c9b5a14c2576384da91c5d7483789945cf97ecfe9991e8f12d3d0af5
atanas,0,train,2022-06-14-13,train__2022-06-14-13__ac0e5908.npz,1,/home/ubuntu/klb/nuclr/nuclr/Data/Atanas_SF_unified_000776/cv5_grouped_v1/fold_0/train/train__2022-06-14-13__ac0e5908.npz,/home/ubuntu/klb/nuclr/nuclr/Data/Atanas_SF_unified_000776/full/train/2022-06-14-13.npz,783162,afc7210b8d89a8f8e12c85c42fb0f16bd1114e25dc2dce9784b3976560971a2c
atanas,0,train,2022-07-15-12,train__2022-07-15-12__9b6ec5ed.npz,1,/home/ubuntu/klb/nuclr/nuclr/Data/Atanas_SF_unified_000776/cv5_grouped_v1/fold_0/train/train__2022-07-15-12__9b6ec5ed.npz,/home/ubuntu/klb/nuclr/nuclr/Data/Atanas_SF_unified_000776/full/train/2022-07-15-12.npz,771566,00ad7e4a4ef809a79e961413d486953b1ff2d537c63f53e732bbb688cce4cbe7
atanas,0,train,2023-01-05-18,train__2023-01-05-18__d7235b22.npz,1,/home/ubuntu/klb/nuclr/nuclr/Data/Atanas_SF_unified_000776/cv5_grouped_v1/fold_0/train/train__2023-01-05-18__d7235b22.npz,/home/ubuntu/klb/nuclr/nuclr/Data/Atanas_SF_unified_000776/full/train/2023-01-05-18.npz,722706,57b3222e835095cda41963adaa41f177fc08ea65cadd2fc101822012aa7a5d54
atanas,0,train,2023-01-06-01,train__2023-01-06-01__2f6875a2.npz,1,/home/ubuntu/klb/nuclr/nuclr/Data/Atanas_SF_unified_000776/cv5_grouped_v1/fold_0/train/train__2023-01-06-01__2f6875a2.npz,/home/ubuntu/klb/nuclr/nuclr/Data/Atanas_SF_unified_000776/full/test/2023-01-06-01.npz,768656,475ed0b4d722a2de5644c5f722bbad1b0a2f785ecc75ab0e903665df9c61fb41
atanas,0,train,2023-01-06-08,train__2023-01-06-08__f954f0e6.npz,1,/home/ubuntu/klb/nuclr/nuclr/Data/Atanas_SF_unified_000776/cv5_grouped_v1/fold_0/train/train__2023-01-06-08__f954f0e6.npz,/home/ubuntu/klb/nuclr/nuclr/Data/Atanas_SF_unified_000776/full/train/2023-01-06-08.npz,740761,2916e9600166f15e04b8d7f9bc869e2a6e55714be33c3cb3e9a3afbd605a321a
atanas,0,train,2023-01-09-08,train__2023-01-09-08__7142827e.npz,1,/home/ubuntu/klb/nuclr/nuclr/Data/Atanas_SF_unified_000776/cv5_grouped_v1/fold_0/train/train__2023-01-09-08__7142827e.npz,/home/ubuntu/klb/nuclr/nuclr/Data/Atanas_SF_unified_000776/full/train/2023-01-09-08.npz,775029,ba01d866020dbef86469413443585a88ffb5c041171c0b273a06e1d14f6d0f27
atanas,0,train,2023-01-09-15,train__2023-01-09-15__112db21c.npz,1,/home/ubuntu/klb/nuclr/nuclr/Data/Atanas_SF_unified_000776/cv5_grouped_v1/fold_0/train/train__2023-01-09-15__112db21c.npz,/home/ubuntu/klb/nuclr/nuclr/Data/Atanas_SF_unified_000776/full/test/2023-01-09-15.npz,868789,c47e0eee0ae45b368226e2e28ba1f5b7172005670a62edd443dc44138aaff7c7
atanas,0,train,2023-01-09-28,train__2023-01-09-28__5c9cf484.npz,1,/home/ubuntu/klb/nuclr/nuclr/Data/Atanas_SF_unified_000776/cv5_grouped_v1/fold_0/train/train__2023-01-09-28__5c9cf484.npz,/home/ubuntu/klb/nuclr/nuclr/Data/Atanas_SF_unified_000776/full/val/2023-01-09-28.npz,857083,ee43c5bdbca9a788a4faeb83f21c93ac2eab156e714baedd8c7e8a0331873e69
atanas,0,train,2023-01-16-01,train__2023-01-16-01__6e634151.npz,1,/home/ubuntu/klb/nuclr/nuclr/Data/Atanas_SF_unified_000776/cv5_grouped_v1/fold_0/train/train__2023-01-16-01__6e634151.npz,/home/ubuntu/klb/nuclr/nuclr/Data/Atanas_SF_unified_000776/full/test/2023-01-16-01.npz,822657,b7d952f8d3a3eaf5eef3905afb443a43152186cb4977f8c0be38203b96e6d10c
atanas,0,train,2023-01-16-08,train__2023-01-16-08__efcc90b0.npz,1,/home/ubuntu/klb/nuclr/nuclr/Data/Atanas_SF_unified_000776/cv5_grouped_v1/fold_0/train/train__2023-01-16-08__efcc90b0.npz,/home/ubuntu/klb/nuclr/nuclr/Data/Atanas_SF_unified_000776/full/train/2023-01-16-08.npz,810712,207d2c0311c85e6e2d471aea71a2f2a1032545ca632103e13fc9112fa12c83e3
atanas,0,train,2023-01-19-08,train__2023-01-19-08__9b5cf9ce.npz,1,/home/ubuntu/klb/nuclr/nuclr/Data/Atanas_SF_unified_000776/cv5_grouped_v1/fold_0/train/train__2023-01-19-08__9b5cf9ce.npz,/home/ubuntu/klb/nuclr/nuclr/Data/Atanas_SF_unified_000776/full/val/2023-01-19-08.npz,857403,ea4b001555cd81eae98326d4c342a930aea8b31b1930cab5b46308a8d8c79b23
atanas,0,train,2023-01-23-08,train__2023-01-23-08__b1b65a53.npz,1,/home/ubuntu/klb/nuclr/nuclr/Data/Atanas_SF_unified_000776/cv5_grouped_v1/fold_0/train/train__2023-01-23-08__b1b65a53.npz,/home/ubuntu/klb/nuclr/nuclr/Data/Atanas_SF_unified_000776/full/val/2023-01-23-08.npz,837603,22de5455e8013a92500efca1f68b96bf10627835d7638ec424b0fb18d26d6074
atanas,0,train,2023-01-23-15,train__2023-01-23-15__ff6df852.npz,1,/home/ubuntu/klb/nuclr/nuclr/Data/Atanas_SF_unified_000776/cv5_grouped_v1/fold_0/train/train__2023-01-23-15__ff6df852.npz,/home/ubuntu/klb/nuclr/nuclr/Data/Atanas_SF_unified_000776/full/train/2023-01-23-15.npz,860895,2615350e5c3649580a8664b5a94154826b48bbcae43aecfbba4ea1f1ed1f118d
atanas,0,train,2023-01-23-21,train__2023-01-23-21__2b2ef56d.npz,1,/home/ubuntu/klb/nuclr/nuclr/Data/Atanas_SF_unified_000776/cv5_grouped_v1/fold_0/train/train__2023-01-23-21__2b2ef56d.npz,/home/ubuntu/klb/nuclr/nuclr/Data/Atanas_SF_unified_000776/full/test/2023-01-23-21.npz,738989,e4ebbe7616ae64d89785d8efec43f93c9a95c94e76dd90545f56457a1cd6cadb
atanas,0,train,2022-06-28-01,val__2022-06-28-01__a91d8128.npz,1,/home/ubuntu/klb/nuclr/nuclr/Data/Atanas_SF_unified_000776/cv5_grouped_v1/fold_0/train/val__2022-06-28-01__a91d8128.npz,/home/ubuntu/klb/nuclr/nuclr/Data/Atanas_SF_unified_000776/full/train/2022-06-28-01.npz,828820,56282d3cd3632a0f922044b937ee919148acdf39e8ff79b11a97b9c3de8082d7
atanas,0,train,2022-06-28-07,val__2022-06-28-07__bec48d4e.npz,1,/home/ubuntu/klb/nuclr/nuclr/Data/Atanas_SF_unified_000776/cv5_grouped_v1/fold_0/train/val__2022-06-28-07__bec48d4e.npz,/home/ubuntu/klb/nuclr/nuclr/Data/Atanas_SF_unified_000776/full/train/2022-06-28-07.npz,829361,a50df00434e21ba78b538b188f08a89b425cf01a1e534466e41f1dc8833e436b
atanas,0,val,2022-12-21-06,test__2022-12-21-06__886205ba.npz,1,/home/ubuntu/klb/nuclr/nuclr/Data/Atanas_SF_unified_000776/cv5_grouped_v1/fold_0/val/test__2022-12-21-06__886205ba.npz,/home/ubuntu/klb/nuclr/nuclr/Data/Atanas_SF_unified_000776/full/train/2022-12-21-06.npz,742652,2e62a4b175c5f732b1fc3c18282e9130df04f35501fe784fc5dbddc5d1d0f26c
atanas,0,val,2022-07-15-06,train__2022-07-15-06__18a22ee5.npz,1,/home/ubuntu/klb/nuclr/nuclr/Data/Atanas_SF_unified_000776/cv5_grouped_v1/fold_0/val/train__2022-07-15-06__18a22ee5.npz,/home/ubuntu/klb/nuclr/nuclr/Data/Atanas_SF_unified_000776/full/train/2022-07-15-06.npz,748340,fd9183aa0e8d15862b64213645de47ca11c5d2478650b49241f615f28a531bb1
atanas,0,val,2023-01-09-22,train__2023-01-09-22__2f7d76c0.npz,1,/home/ubuntu/klb/nuclr/nuclr/Data/Atanas_SF_unified_000776/cv5_grouped_v1/fold_0/val/train__2023-01-09-22__2f7d76c0.npz,/home/ubuntu/klb/nuclr/nuclr/Data/Atanas_SF_unified_000776/full/train/2023-01-09-22.npz,861938,23f012c0965838cb77aa5b6814b4f85946494e28a960f1bb26499823525e4a39
atanas,0,val,2023-01-23-01,train__2023-01-23-01__6b8b0274.npz,1,/home/ubuntu/klb/nuclr/nuclr/Data/Atanas_SF_unified_000776/cv5_grouped_v1/fold_0/val/train__2023-01-23-01__6b8b0274.npz,/home/ubuntu/klb/nuclr/nuclr/Data/Atanas_SF_unified_000776/full/train/2023-01-23-01.npz,882459,c9062134ebd5819d16f5a73c5d8ee49ffbe62725c768eb527d1f00fe6fc703df
atanas,0,val,2023-01-17-01,val__2023-01-17-01__776311ba.npz,1,/home/ubuntu/klb/nuclr/nuclr/Data/Atanas_SF_unified_000776/cv5_grouped_v1/fold_0/val/val__2023-01-17-01__776311ba.npz,/home/ubuntu/klb/nuclr/nuclr/Data/Atanas_SF_unified_000776/full/train/2023-01-17-01.npz,813894,064a98fd0e6f31630552e23abdacc1172649814a513c882441e88bf56378a131
atanas,0,val,2023-01-17-07,val__2023-01-17-07__2a449a99.npz,1,/home/ubuntu/klb/nuclr/nuclr/Data/Atanas_SF_unified_000776/cv5_grouped_v1/fold_0/val/val__2023-01-17-07__2a449a99.npz,/home/ubuntu/klb/nuclr/nuclr/Data/Atanas_SF_unified_000776/full/train/2023-01-17-07.npz,850990,b046dacb3eeb3670b971e099c6d24dd3c5612b12ac6606ada8c746ee5193571f
atanas,0,val,2023-01-17-14,val__2023-01-17-14__de966b23.npz,1,/home/ubuntu/klb/nuclr/nuclr/Data/Atanas_SF_unified_000776/cv5_grouped_v1/fold_0/val/val__2023-01-17-14__de966b23.npz,/home/ubuntu/klb/nuclr/nuclr/Data/Atanas_SF_unified_000776/full/val/2023-01-17-14.npz,849690,cf4f3747cba5058fa903dc64a6fe6873e7a79d335eb4b90b436e11941f1f4201
atanas,0,val,2023-01-18-01,val__2023-01-18-01__aeaa297f.npz,1,/home/ubuntu/klb/nuclr/nuclr/Data/Atanas_SF_unified_000776/cv5_grouped_v1/fold_0/val/val__2023-01-18-01__aeaa297f.npz,/home/ubuntu/klb/nuclr/nuclr/Data/Atanas_SF_unified_000776/full/test/2023-01-18-01.npz,744863,9b18406ea9e95af81ad894bca12d6a440bbd18352ebdff2a1eb8733ab4c25205
atanas,0,test,2022-07-26-01,train__2022-07-26-01__0f9510f7.npz,1,/home/ubuntu/klb/nuclr/nuclr/Data/Atanas_SF_unified_000776/cv5_grouped_v1/fold_0/test/train__2022-07-26-01__0f9510f7.npz,/home/ubuntu/klb/nuclr/nuclr/Data/Atanas_SF_unified_000776/full/train/2022-07-26-01.npz,777444,eb1c7ba02a66f795eab4498ed28b5cef62c076fb6304ca3f47f95ba4f5a7e9f6
atanas,0,test,2022-08-02-01,train__2022-08-02-01__17852669.npz,1,/home/ubuntu/klb/nuclr/nuclr/Data/Atanas_SF_unified_000776/cv5_grouped_v1/fold_0/test/train__2022-08-02-01__17852669.npz,/home/ubuntu/klb/nuclr/nuclr/Data/Atanas_SF_unified_000776/full/train/2022-08-02-01.npz,888610,6c573d994b79f3ccd96767d9bdee770674ea503d2e6d6adfd42e177b2299e81c
atanas,0,test,2023-01-05-01,train__2023-01-05-01__356f8927.npz,1,/home/ubuntu/klb/nuclr/nuclr/Data/Atanas_SF_unified_000776/cv5_grouped_v1/fold_0/test/train__2023-01-05-01__356f8927.npz,/home/ubuntu/klb/nuclr/nuclr/Data/Atanas_SF_unified_000776/full/train/2023-01-05-01.npz,822244,e6422a6d7d6fc8ef499801061550bd9ca8cf912af8979b829adf7d8aa8bda4ea
atanas,0,test,2023-01-13-07,train__2023-01-13-07__0ba838bb.npz,1,/home/ubuntu/klb/nuclr/nuclr/Data/Atanas_SF_unified_000776/cv5_grouped_v1/fold_0/test/train__2023-01-13-07__0ba838bb.npz,/home/ubuntu/klb/nuclr/nuclr/Data/Atanas_SF_unified_000776/full/train/2023-01-13-07.npz,709937,8112ba65b351bf163f1c216411c2731f51d06af66db3ea16a6b3e3dbaf8653f9
atanas,0,test,2023-01-16-15,train__2023-01-16-15__2baa3162.npz,1,/home/ubuntu/klb/nuclr/nuclr/Data/Atanas_SF_unified_000776/cv5_grouped_v1/fold_0/test/train__2023-01-16-15__2baa3162.npz,/home/ubuntu/klb/nuclr/nuclr/Data/Atanas_SF_unified_000776/full/train/2023-01-16-15.npz,729337,8a2b6f6252cf15396042a26570205981461e7ac2c6ba2eeab1f6de3c094ffc52
atanas,0,test,2023-01-16-22,train__2023-01-16-22__f169d678.npz,1,/home/ubuntu/klb/nuclr/nuclr/Data/Atanas_SF_unified_000776/cv5_grouped_v1/fold_0/test/train__2023-01-16-22__f169d678.npz,/home/ubuntu/klb/nuclr/nuclr/Data/Atanas_SF_unified_000776/full/train/2023-01-16-22.npz,798078,de8de46bc9be10314d4fc52216521b8cf70e95ae1af9199287b3c5732a457e1b
atanas,0,test,2023-01-19-15,train__2023-01-19-15__893d43d8.npz,1,/home/ubuntu/klb/nuclr/nuclr/Data/Atanas_SF_unified_000776/cv5_grouped_v1/fold_0/test/train__2023-01-19-15__893d43d8.npz,/home/ubuntu/klb/nuclr/nuclr/Data/Atanas_SF_unified_000776/full/train/2023-01-19-15.npz,842253,f99850d059110bafb1970874bd7834f2fa9b30f38ee55483fa22323e084767ec
atanas,0,test,2023-01-19-22,train__2023-01-19-22__636432cc.npz,1,/home/ubuntu/klb/nuclr/nuclr/Data/Atanas_SF_unified_000776/cv5_grouped_v1/fold_0/test/train__2023-01-19-22__636432cc.npz,/home/ubuntu/klb/nuclr/nuclr/Data/Atanas_SF_unified_000776/full/val/2023-01-19-22.npz,893956,15e42df013a4096bb05a1f2f77cc4bf86ae7877ea08cf8c2cfc22cf6cbdbcc65
atanas,1,train,2022-07-20-01,test__2022-07-20-01__4147bc9e.npz,1,/home/ubuntu/klb/nuclr/nuclr/Data/Atanas_SF_unified_000776/cv5_grouped_v1/fold_1/train/test__2022-07-20-01__4147bc9e.npz,/home/ubuntu/klb/nuclr/nuclr/Data/Atanas_SF_unified_000776/full/train/2022-07-20-01.npz,840552,c3856e4b6329aac8759777a13fe8b233e903a80c3d72f91baac5adbc4cec4771
atanas,1,train,2023-01-10-07,test__2023-01-10-07__af4d7d2d.npz,1,/home/ubuntu/klb/nuclr/nuclr/Data/Atanas_SF_unified_000776/cv5_grouped_v1/fold_1/train/test__2023-01-10-07__af4d7d2d.npz,/home/ubuntu/klb/nuclr/nuclr/Data/Atanas_SF_unified_000776/full/train/2023-01-10-07.npz,850270,6ed57076e1273f30ca26574ceed7b5b0ce3f3b59993eeafce1521510014fe4e2
atanas,1,train,2023-01-10-14,test__2023-01-10-14__e4254980.npz,1,/home/ubuntu/klb/nuclr/nuclr/Data/Atanas_SF_unified_000776/cv5_grouped_v1/fold_1/train/test__2023-01-10-14__e4254980.npz,/home/ubuntu/klb/nuclr/nuclr/Data/Atanas_SF_unified_000776/full/train/2023-01-10-14.npz,839602,123560a46b3bb0243573e061f265945ece3093ba063122acd95acb21e6fe7066
atanas,1,train,2023-03-07-01,test__2023-03-07-01__9fafa0d7.npz,1,/home/ubuntu/klb/nuclr/nuclr/Data/Atanas_SF_unified_000776/cv5_grouped_v1/fold_1/train/test__2023-03-07-01__9fafa0d7.npz,/home/ubuntu/klb/nuclr/nuclr/Data/Atanas_SF_unified_000776/full/train/2023-03-07-01.npz,893982,e5b9515a392b3e62affe2874b1df9825ecee1e94de55d7300adf10a192635676
atanas,1,train,2022-06-14-01,train__2022-06-14-01__4ddfcba0.npz,1,/home/ubuntu/klb/nuclr/nuclr/Data/Atanas_SF_unified_000776/cv5_grouped_v1/fold_1/train/train__2022-06-14-01__4ddfcba0.npz,/home/ubuntu/klb/nuclr/nuclr/Data/Atanas_SF_unified_000776/full/val/2022-06-14-01.npz,641386,7c1382c6eddc8c2f86a35efcadb2a4211645c3fc3503a6ea0297769d0e8c94d9
atanas,1,train,2022-06-14-07,train__2022-06-14-07__1c5b9cbb.npz,1,/home/ubuntu/klb/nuclr/nuclr/Data/Atanas_SF_unified_000776/cv5_grouped_v1/fold_1/train/train__2022-06-14-07__1c5b9cbb.npz,/home/ubuntu/klb/nuclr/nuclr/Data/Atanas_SF_unified_000776/full/train/2022-06-14-07.npz,762014,0b301dd2c9b5a14c2576384da91c5d7483789945cf97ecfe9991e8f12d3d0af5
atanas,1,train,2022-06-14-13,train__2022-06-14-13__ac0e5908.npz,1,/home/ubuntu/klb/nuclr/nuclr/Data/Atanas_SF_unified_000776/cv5_grouped_v1/fold_1/train/train__2022-06-14-13__ac0e5908.npz,/home/ubuntu/klb/nuclr/nuclr/Data/Atanas_SF_unified_000776/full/train/2022-06-14-13.npz,783162,afc7210b8d89a8f8e12c85c42fb0f16bd1114e25dc2dce9784b3976560971a2c
atanas,1,train,2022-07-26-01,train__2022-07-26-01__0f9510f7.npz,1,/home/ubuntu/klb/nuclr/nuclr/Data/Atanas_SF_unified_000776/cv5_grouped_v1/fold_1/train/train__2022-07-26-01__0f9510f7.npz,/home/ubuntu/klb/nuclr/nuclr/Data/Atanas_SF_unified_000776/full/train/2022-07-26-01.npz,777444,eb1c7ba02a66f795eab4498ed28b5cef62c076fb6304ca3f47f95ba4f5a7e9f6
atanas,1,train,2022-08-02-01,train__2022-08-02-01__17852669.npz,1,/home/ubuntu/klb/nuclr/nuclr/Data/Atanas_SF_unified_000776/cv5_grouped_v1/fold_1/train/train__2022-08-02-01__17852669.npz,/home/ubuntu/klb/nuclr/nuclr/Data/Atanas_SF_unified_000776/full/train/2022-08-02-01.npz,888610,6c573d994b79f3ccd96767d9bdee770674ea503d2e6d6adfd42e177b2299e81c
atanas,1,train,2023-01-05-01,train__2023-01-05-01__356f8927.npz,1,/home/ubuntu/klb/nuclr/nuclr/Data/Atanas_SF_unified_000776/cv5_grouped_v1/fold_1/train/train__2023-01-05-01__356f8927.npz,/home/ubuntu/klb/nuclr/nuclr/Data/Atanas_SF_unified_000776/full/train/2023-01-05-01.npz,822244,e6422a6d7d6fc8ef499801061550bd9ca8cf912af8979b829adf7d8aa8bda4ea
atanas,1,train,2023-01-05-18,train__2023-01-05-18__d7235b22.npz,1,/home/ubuntu/klb/nuclr/nuclr/Data/Atanas_SF_unified_000776/cv5_grouped_v1/fold_1/train/train__2023-01-05-18__d7235b22.npz,/home/ubuntu/klb/nuclr/nuclr/Data/Atanas_SF_unified_000776/full/train/2023-01-05-18.npz,722706,57b3222e835095cda41963adaa41f177fc08ea65cadd2fc101822012aa7a5d54
atanas,1,train,2023-01-09-28,train__2023-01-09-28__5c9cf484.npz,1,/home/ubuntu/klb/nuclr/nuclr/Data/Atanas_SF_unified_000776/cv5_grouped_v1/fold_1/train/train__2023-01-09-28__5c9cf484.npz,/home/ubuntu/klb/nuclr/nuclr/Data/Atanas_SF_unified_000776/full/val/2023-01-09-28.npz,857083,ee43c5bdbca9a788a4faeb83f21c93ac2eab156e714baedd8c7e8a0331873e69
atanas,1,train,2023-01-13-07,train__2023-01-13-07__0ba838bb.npz,1,/home/ubuntu/klb/nuclr/nuclr/Data/Atanas_SF_unified_000776/cv5_grouped_v1/fold_1/train/train__2023-01-13-07__0ba838bb.npz,/home/ubuntu/klb/nuclr/nuclr/Data/Atanas_SF_unified_000776/full/train/2023-01-13-07.npz,709937,8112ba65b351bf163f1c216411c2731f51d06af66db3ea16a6b3e3dbaf8653f9
atanas,1,train,2023-01-16-01,train__2023-01-16-01__6e634151.npz,1,/home/ubuntu/klb/nuclr/nuclr/Data/Atanas_SF_unified_000776/cv5_grouped_v1/fold_1/train/train__2023-01-16-01__6e634151.npz,/home/ubuntu/klb/nuclr/nuclr/Data/Atanas_SF_unified_000776/full/test/2023-01-16-01.npz,822657,b7d952f8d3a3eaf5eef3905afb443a43152186cb4977f8c0be38203b96e6d10c
atanas,1,train,2023-01-16-08,train__2023-01-16-08__efcc90b0.npz,1,/home/ubuntu/klb/nuclr/nuclr/Data/Atanas_SF_unified_000776/cv5_grouped_v1/fold_1/train/train__2023-01-16-08__efcc90b0.npz,/home/ubuntu/klb/nuclr/nuclr/Data/Atanas_SF_unified_000776/full/train/2023-01-16-08.npz,810712,207d2c0311c85e6e2d471aea71a2f2a1032545ca632103e13fc9112fa12c83e3
atanas,1,train,2023-01-16-15,train__2023-01-16-15__2baa3162.npz,1,/home/ubuntu/klb/nuclr/nuclr/Data/Atanas_SF_unified_000776/cv5_grouped_v1/fold_1/train/train__2023-01-16-15__2baa3162.npz,/home/ubuntu/klb/nuclr/nuclr/Data/Atanas_SF_unified_000776/full/train/2023-01-16-15.npz,729337,8a2b6f6252cf15396042a26570205981461e7ac2c6ba2eeab1f6de3c094ffc52
atanas,1,train,2023-01-16-22,train__2023-01-16-22__f169d678.npz,1,/home/ubuntu/klb/nuclr/nuclr/Data/Atanas_SF_unified_000776/cv5_grouped_v1/fold_1/train/train__2023-01-16-22__f169d678.npz,/home/ubuntu/klb/nuclr/nuclr/Data/Atanas_SF_unified_000776/full/train/2023-01-16-22.npz,798078,de8de46bc9be10314d4fc52216521b8cf70e95ae1af9199287b3c5732a457e1b
atanas,1,train,2023-01-19-08,train__2023-01-19-08__9b5cf9ce.npz,1,/home/ubuntu/klb/nuclr/nuclr/Data/Atanas_SF_unified_000776/cv5_grouped_v1/fold_1/train/train__2023-01-19-08__9b5cf9ce.npz,/home/ubuntu/klb/nuclr/nuclr/Data/Atanas_SF_unified_000776/full/val/2023-01-19-08.npz,857403,ea4b001555cd81eae98326d4c342a930aea8b31b1930cab5b46308a8d8c79b23
atanas,1,train,2023-01-19-15,train__2023-01-19-15__893d43d8.npz,1,/home/ubuntu/klb/nuclr/nuclr/Data/Atanas_SF_unified_000776/cv5_grouped_v1/fold_1/train/train__2023-01-19-15__893d43d8.npz,/home/ubuntu/klb/nuclr/nuclr/Data/Atanas_SF_unified_000776/full/train/2023-01-19-15.npz,842253,f99850d059110bafb1970874bd7834f2fa9b30f38ee55483fa22323e084767ec
atanas,1,train,2023-01-19-22,train__2023-01-19-22__636432cc.npz,1,/home/ubuntu/klb/nuclr/nuclr/Data/Atanas_SF_unified_000776/cv5_grouped_v1/fold_1/train/train__2023-01-19-22__636432cc.npz,/home/ubuntu/klb/nuclr/nuclr/Data/Atanas_SF_unified_000776/full/val/2023-01-19-22.npz,893956,15e42df013a4096bb05a1f2f77cc4bf86ae7877ea08cf8c2cfc22cf6cbdbcc65
atanas,1,train,2023-01-23-15,train__2023-01-23-15__ff6df852.npz,1,/home/ubuntu/klb/nuclr/nuclr/Data/Atanas_SF_unified_000776/cv5_grouped_v1/fold_1/train/train__2023-01-23-15__ff6df852.npz,/home/ubuntu/klb/nuclr/nuclr/Data/Atanas_SF_unified_000776/full/train/2023-01-23-15.npz,860895,2615350e5c3649580a8664b5a94154826b48bbcae43aecfbba4ea1f1ed1f118d
atanas,1,train,2022-06-28-01,val__2022-06-28-01__a91d8128.npz,1,/home/ubuntu/klb/nuclr/nuclr/Data/Atanas_SF_unified_000776/cv5_grouped_v1/fold_1/train/val__2022-06-28-01__a91d8128.npz,/home/ubuntu/klb/nuclr/nuclr/Data/Atanas_SF_unified_000776/full/train/2022-06-28-01.npz,828820,56282d3cd3632a0f922044b937ee919148acdf39e8ff79b11a97b9c3de8082d7
atanas,1,val,2022-07-15-12,train__2022-07-15-12__9b6ec5ed.npz,1,/home/ubuntu/klb/nuclr/nuclr/Data/Atanas_SF_unified_000776/cv5_grouped_v1/fold_1/val/train__2022-07-15-12__9b6ec5ed.npz,/home/ubuntu/klb/nuclr/nuclr/Data/Atanas_SF_unified_000776/full/train/2022-07-15-12.npz,771566,00ad7e4a4ef809a79e961413d486953b1ff2d537c63f53e732bbb688cce4cbe7
atanas,1,val,2023-01-06-01,train__2023-01-06-01__2f6875a2.npz,1,/home/ubuntu/klb/nuclr/nuclr/Data/Atanas_SF_unified_000776/cv5_grouped_v1/fold_1/val/train__2023-01-06-01__2f6875a2.npz,/home/ubuntu/klb/nuclr/nuclr/Data/Atanas_SF_unified_000776/full/test/2023-01-06-01.npz,768656,475ed0b4d722a2de5644c5f722bbad1b0a2f785ecc75ab0e903665df9c61fb41
atanas,1,val,2023-01-06-08,train__2023-01-06-08__f954f0e6.npz,1,/home/ubuntu/klb/nuclr/nuclr/Data/Atanas_SF_unified_000776/cv5_grouped_v1/fold_1/val/train__2023-01-06-08__f954f0e6.npz,/home/ubuntu/klb/nuclr/nuclr/Data/Atanas_SF_unified_000776/full/train/2023-01-06-08.npz,740761,2916e9600166f15e04b8d7f9bc869e2a6e55714be33c3cb3e9a3afbd605a321a
atanas,1,val,2023-01-09-08,train__2023-01-09-08__7142827e.npz,1,/home/ubuntu/klb/nuclr/nuclr/Data/Atanas_SF_unified_000776/cv5_grouped_v1/fold_1/val/train__2023-01-09-08__7142827e.npz,/home/ubuntu/klb/nuclr/nuclr/Data/Atanas_SF_unified_000776/full/train/2023-01-09-08.npz,775029,ba01d866020dbef86469413443585a88ffb5c041171c0b273a06e1d14f6d0f27
atanas,1,val,2023-01-09-15,train__2023-01-09-15__112db21c.npz,1,/home/ubuntu/klb/nuclr/nuclr/Data/Atanas_SF_unified_000776/cv5_grouped_v1/fold_1/val/train__2023-01-09-15__112db21c.npz,/home/ubuntu/klb/nuclr/nuclr/Data/Atanas_SF_unified_000776/full/test/2023-01-09-15.npz,868789,c47e0eee0ae45b368226e2e28ba1f5b7172005670a62edd443dc44138aaff7c7
atanas,1,val,2023-01-23-08,train__2023-01-23-08__b1b65a53.npz,1,/home/ubuntu/klb/nuclr/nuclr/Data/Atanas_SF_unified_000776/cv5_grouped_v1/fold_1/val/train__2023-01-23-08__b1b65a53.npz,/home/ubuntu/klb/nuclr/nuclr/Data/Atanas_SF_unified_000776/full/val/2023-01-23-08.npz,837603,22de5455e8013a92500efca1f68b96bf10627835d7638ec424b0fb18d26d6074
atanas,1,val,2023-01-23-21,train__2023-01-23-21__2b2ef56d.npz,1,/home/ubuntu/klb/nuclr/nuclr/Data/Atanas_SF_unified_000776/cv5_grouped_v1/fold_1/val/train__2023-01-23-21__2b2ef56d.npz,/home/ubuntu/klb/nuclr/nuclr/Data/Atanas_SF_unified_000776/full/test/2023-01-23-21.npz,738989,e4ebbe7616ae64d89785d8efec43f93c9a95c94e76dd90545f56457a1cd6cadb
atanas,1,val,2022-06-28-07,val__2022-06-28-07__bec48d4e.npz,1,/home/ubuntu/klb/nuclr/nuclr/Data/Atanas_SF_unified_000776/cv5_grouped_v1/fold_1/val/val__2022-06-28-07__bec48d4e.npz,/home/ubuntu/klb/nuclr/nuclr/Data/Atanas_SF_unified_000776/full/train/2022-06-28-07.npz,829361,a50df00434e21ba78b538b188f08a89b425cf01a1e534466e41f1dc8833e436b
atanas,1,test,2022-12-21-06,test__2022-12-21-06__886205ba.npz,1,/home/ubuntu/klb/nuclr/nuclr/Data/Atanas_SF_unified_000776/cv5_grouped_v1/fold_1/test/test__2022-12-21-06__886205ba.npz,/home/ubuntu/klb/nuclr/nuclr/Data/Atanas_SF_unified_000776/full/train/2022-12-21-06.npz,742652,2e62a4b175c5f732b1fc3c18282e9130df04f35501fe784fc5dbddc5d1d0f26c
atanas,1,test,2022-07-15-06,train__2022-07-15-06__18a22ee5.npz,1,/home/ubuntu/klb/nuclr/nuclr/Data/Atanas_SF_unified_000776/cv5_grouped_v1/fold_1/test/train__2022-07-15-06__18a22ee5.npz,/home/ubuntu/klb/nuclr/nuclr/Data/Atanas_SF_unified_000776/full/train/2022-07-15-06.npz,748340,fd9183aa0e8d15862b64213645de47ca11c5d2478650b49241f615f28a531bb1
atanas,1,test,2023-01-09-22,train__2023-01-09-22__2f7d76c0.npz,1,/home/ubuntu/klb/nuclr/nuclr/Data/Atanas_SF_unified_000776/cv5_grouped_v1/fold_1/test/train__2023-01-09-22__2f7d76c0.npz,/home/ubuntu/klb/nuclr/nuclr/Data/Atanas_SF_unified_000776/full/train/2023-01-09-22.npz,861938,23f012c0965838cb77aa5b6814b4f85946494e28a960f1bb26499823525e4a39
atanas,1,test,2023-01-23-01,train__2023-01-23-01__6b8b0274.npz,1,/home/ubuntu/klb/nuclr/nuclr/Data/Atanas_SF_unified_000776/cv5_grouped_v1/fold_1/test/train__2023-01-23-01__6b8b0274.npz,/home/ubuntu/klb/nuclr/nuclr/Data/Atanas_SF_unified_000776/full/train/2023-01-23-01.npz,882459,c9062134ebd5819d16f5a73c5d8ee49ffbe62725c768eb527d1f00fe6fc703df
atanas,1,test,2023-01-17-01,val__2023-01-17-01__776311ba.npz,1,/home/ubuntu/klb/nuclr/nuclr/Data/Atanas_SF_unified_000776/cv5_grouped_v1/fold_1/test/val__2023-01-17-01__776311ba.npz,/home/ubuntu/klb/nuclr/nuclr/Data/Atanas_SF_unified_000776/full/train/2023-01-17-01.npz,813894,064a98fd0e6f31630552e23abdacc1172649814a513c882441e88bf56378a131
atanas,1,test,2023-01-17-07,val__2023-01-17-07__2a449a99.npz,1,/home/ubuntu/klb/nuclr/nuclr/Data/Atanas_SF_unified_000776/cv5_grouped_v1/fold_1/test/val__2023-01-17-07__2a449a99.npz,/home/ubuntu/klb/nuclr/nuclr/Data/Atanas_SF_unified_000776/full/train/2023-01-17-07.npz,850990,b046dacb3eeb3670b971e099c6d24dd3c5612b12ac6606ada8c746ee5193571f
atanas,1,test,2023-01-17-14,val__2023-01-17-14__de966b23.npz,1,/home/ubuntu/klb/nuclr/nuclr/Data/Atanas_SF_unified_000776/cv5_grouped_v1/fold_1/test/val__2023-01-17-14__de966b23.npz,/home/ubuntu/klb/nuclr/nuclr/Data/Atanas_SF_unified_000776/full/val/2023-01-17-14.npz,849690,cf4f3747cba5058fa903dc64a6fe6873e7a79d335eb4b90b436e11941f1f4201
atanas,1,test,2023-01-18-01,val__2023-01-18-01__aeaa297f.npz,1,/home/ubuntu/klb/nuclr/nuclr/Data/Atanas_SF_unified_000776/cv5_grouped_v1/fold_1/test/val__2023-01-18-01__aeaa297f.npz,/home/ubuntu/klb/nuclr/nuclr/Data/Atanas_SF_unified_000776/full/test/2023-01-18-01.npz,744863,9b18406ea9e95af81ad894bca12d6a440bbd18352ebdff2a1eb8733ab4c25205
atanas,2,train,2022-12-21-06,test__2022-12-21-06__886205ba.npz,1,/home/ubuntu/klb/nuclr/nuclr/Data/Atanas_SF_unified_000776/cv5_grouped_v1/fold_2/train/test__2022-12-21-06__886205ba.npz,/home/ubuntu/klb/nuclr/nuclr/Data/Atanas_SF_unified_000776/full/train/2022-12-21-06.npz,742652,2e62a4b175c5f732b1fc3c18282e9130df04f35501fe784fc5dbddc5d1d0f26c
atanas,2,train,2023-01-10-07,test__2023-01-10-07__af4d7d2d.npz,1,/home/ubuntu/klb/nuclr/nuclr/Data/Atanas_SF_unified_000776/cv5_grouped_v1/fold_2/train/test__2023-01-10-07__af4d7d2d.npz,/home/ubuntu/klb/nuclr/nuclr/Data/Atanas_SF_unified_000776/full/train/2023-01-10-07.npz,850270,6ed57076e1273f30ca26574ceed7b5b0ce3f3b59993eeafce1521510014fe4e2
atanas,2,train,2023-01-10-14,test__2023-01-10-14__e4254980.npz,1,/home/ubuntu/klb/nuclr/nuclr/Data/Atanas_SF_unified_000776/cv5_grouped_v1/fold_2/train/test__2023-01-10-14__e4254980.npz,/home/ubuntu/klb/nuclr/nuclr/Data/Atanas_SF_unified_000776/full/train/2023-01-10-14.npz,839602,123560a46b3bb0243573e061f265945ece3093ba063122acd95acb21e6fe7066
atanas,2,train,2023-03-07-01,test__2023-03-07-01__9fafa0d7.npz,1,/home/ubuntu/klb/nuclr/nuclr/Data/Atanas_SF_unified_000776/cv5_grouped_v1/fold_2/train/test__2023-03-07-01__9fafa0d7.npz,/home/ubuntu/klb/nuclr/nuclr/Data/Atanas_SF_unified_000776/full/train/2023-03-07-01.npz,893982,e5b9515a392b3e62affe2874b1df9825ecee1e94de55d7300adf10a192635676
atanas,2,train,2022-06-14-13,train__2022-06-14-13__ac0e5908.npz,1,/home/ubuntu/klb/nuclr/nuclr/Data/Atanas_SF_unified_000776/cv5_grouped_v1/fold_2/train/train__2022-06-14-13__ac0e5908.npz,/home/ubuntu/klb/nuclr/nuclr/Data/Atanas_SF_unified_000776/full/train/2022-06-14-13.npz,783162,afc7210b8d89a8f8e12c85c42fb0f16bd1114e25dc2dce9784b3976560971a2c
atanas,2,train,2022-07-15-06,train__2022-07-15-06__18a22ee5.npz,1,/home/ubuntu/klb/nuclr/nuclr/Data/Atanas_SF_unified_000776/cv5_grouped_v1/fold_2/train/train__2022-07-15-06__18a22ee5.npz,/home/ubuntu/klb/nuclr/nuclr/Data/Atanas_SF_unified_000776/full/train/2022-07-15-06.npz,748340,fd9183aa0e8d15862b64213645de47ca11c5d2478650b49241f615f28a531bb1
atanas,2,train,2022-07-26-01,train__2022-07-26-01__0f9510f7.npz,1,/home/ubuntu/klb/nuclr/nuclr/Data/Atanas_SF_unified_000776/cv5_grouped_v1/fold_2/train/train__2022-07-26-01__0f9510f7.npz,/home/ubuntu/klb/nuclr/nuclr/Data/Atanas_SF_unified_000776/full/train/2022-07-26-01.npz,777444,eb1c7ba02a66f795eab4498ed28b5cef62c076fb6304ca3f47f95ba4f5a7e9f6
atanas,2,train,2022-08-02-01,train__2022-08-02-01__17852669.npz,1,/home/ubuntu/klb/nuclr/nuclr/Data/Atanas_SF_unified_000776/cv5_grouped_v1/fold_2/train/train__2022-08-02-01__17852669.npz,/home/ubuntu/klb/nuclr/nuclr/Data/Atanas_SF_unified_000776/full/train/2022-08-02-01.npz,888610,6c573d994b79f3ccd96767d9bdee770674ea503d2e6d6adfd42e177b2299e81c
atanas,2,train,2023-01-05-01,train__2023-01-05-01__356f8927.npz,1,/home/ubuntu/klb/nuclr/nuclr/Data/Atanas_SF_unified_000776/cv5_grouped_v1/fold_2/train/train__2023-01-05-01__356f8927.npz,/home/ubuntu/klb/nuclr/nuclr/Data/Atanas_SF_unified_000776/full/train/2023-01-05-01.npz,822244,e6422a6d7d6fc8ef499801061550bd9ca8cf912af8979b829adf7d8aa8bda4ea
atanas,2,train,2023-01-05-18,train__2023-01-05-18__d7235b22.npz,1,/home/ubuntu/klb/nuclr/nuclr/Data/Atanas_SF_unified_000776/cv5_grouped_v1/fold_2/train/train__2023-01-05-18__d7235b22.npz,/home/ubuntu/klb/nuclr/nuclr/Data/Atanas_SF_unified_000776/full/train/2023-01-05-18.npz,722706,57b3222e835095cda41963adaa41f177fc08ea65cadd2fc101822012aa7a5d54
atanas,2,train,2023-01-09-22,train__2023-01-09-22__2f7d76c0.npz,1,/home/ubuntu/klb/nuclr/nuclr/Data/Atanas_SF_unified_000776/cv5_grouped_v1/fold_2/train/train__2023-01-09-22__2f7d76c0.npz,/home/ubuntu/klb/nuclr/nuclr/Data/Atanas_SF_unified_000776/full/train/2023-01-09-22.npz,861938,23f012c0965838cb77aa5b6814b4f85946494e28a960f1bb26499823525e4a39
atanas,2,train,2023-01-13-07,train__2023-01-13-07__0ba838bb.npz,1,/home/ubuntu/klb/nuclr/nuclr/Data/Atanas_SF_unified_000776/cv5_grouped_v1/fold_2/train/train__2023-01-13-07__0ba838bb.npz,/home/ubuntu/klb/nuclr/nuclr/Data/Atanas_SF_unified_000776/full/train/2023-01-13-07.npz,709937,8112ba65b351bf163f1c216411c2731f51d06af66db3ea16a6b3e3dbaf8653f9
atanas,2,train,2023-01-16-08,train__2023-01-16-08__efcc90b0.npz,1,/home/ubuntu/klb/nuclr/nuclr/Data/Atanas_SF_unified_000776/cv5_grouped_v1/fold_2/train/train__2023-01-16-08__efcc90b0.npz,/home/ubuntu/klb/nuclr/nuclr/Data/Atanas_SF_unified_000776/full/train/2023-01-16-08.npz,810712,207d2c0311c85e6e2d471aea71a2f2a1032545ca632103e13fc9112fa12c83e3
atanas,2,train,2023-01-16-15,train__2023-01-16-15__2baa3162.npz,1,/home/ubuntu/klb/nuclr/nuclr/Data/Atanas_SF_unified_000776/cv5_grouped_v1/fold_2/train/train__2023-01-16-15__2baa3162.npz,/home/ubuntu/klb/nuclr/nuclr/Data/Atanas_SF_unified_000776/full/train/2023-01-16-15.npz,729337,8a2b6f6252cf15396042a26570205981461e7ac2c6ba2eeab1f6de3c094ffc52
atanas,2,train,2023-01-16-22,train__2023-01-16-22__f169d678.npz,1,/home/ubuntu/klb/nuclr/nuclr/Data/Atanas_SF_unified_000776/cv5_grouped_v1/fold_2/train/train__2023-01-16-22__f169d678.npz,/home/ubuntu/klb/nuclr/nuclr/Data/Atanas_SF_unified_000776/full/train/2023-01-16-22.npz,798078,de8de46bc9be10314d4fc52216521b8cf70e95ae1af9199287b3c5732a457e1b
atanas,2,train,2023-01-19-15,train__2023-01-19-15__893d43d8.npz,1,/home/ubuntu/klb/nuclr/nuclr/Data/Atanas_SF_unified_000776/cv5_grouped_v1/fold_2/train/train__2023-01-19-15__893d43d8.npz,/home/ubuntu/klb/nuclr/nuclr/Data/Atanas_SF_unified_000776/full/train/2023-01-19-15.npz,842253,f99850d059110bafb1970874bd7834f2fa9b30f38ee55483fa22323e084767ec
atanas,2,train,2023-01-19-22,train__2023-01-19-22__636432cc.npz,1,/home/ubuntu/klb/nuclr/nuclr/Data/Atanas_SF_unified_000776/cv5_grouped_v1/fold_2/train/train__2023-01-19-22__636432cc.npz,/home/ubuntu/klb/nuclr/nuclr/Data/Atanas_SF_unified_000776/full/val/2023-01-19-22.npz,893956,15e42df013a4096bb05a1f2f77cc4bf86ae7877ea08cf8c2cfc22cf6cbdbcc65
atanas,2,train,2023-01-23-01,train__2023-01-23-01__6b8b0274.npz,1,/home/ubuntu/klb/nuclr/nuclr/Data/Atanas_SF_unified_000776/cv5_grouped_v1/fold_2/train/train__2023-01-23-01__6b8b0274.npz,/home/ubuntu/klb/nuclr/nuclr/Data/Atanas_SF_unified_000776/full/train/2023-01-23-01.npz,882459,c9062134ebd5819d16f5a73c5d8ee49ffbe62725c768eb527d1f00fe6fc703df
atanas,2,train,2022-06-28-01,val__2022-06-28-01__a91d8128.npz,1,/home/ubuntu/klb/nuclr/nuclr/Data/Atanas_SF_unified_000776/cv5_grouped_v1/fold_2/train/val__2022-06-28-01__a91d8128.npz,/home/ubuntu/klb/nuclr/nuclr/Data/Atanas_SF_unified_000776/full/train/2022-06-28-01.npz,828820,56282d3cd3632a0f922044b937ee919148acdf39e8ff79b11a97b9c3de8082d7
atanas,2,train,2023-01-17-01,val__2023-01-17-01__776311ba.npz,1,/home/ubuntu/klb/nuclr/nuclr/Data/Atanas_SF_unified_000776/cv5_grouped_v1/fold_2/train/val__2023-01-17-01__776311ba.npz,/home/ubuntu/klb/nuclr/nuclr/Data/Atanas_SF_unified_000776/full/train/2023-01-17-01.npz,813894,064a98fd0e6f31630552e23abdacc1172649814a513c882441e88bf56378a131
atanas,2,train,2023-01-17-07,val__2023-01-17-07__2a449a99.npz,1,/home/ubuntu/klb/nuclr/nuclr/Data/Atanas_SF_unified_000776/cv5_grouped_v1/fold_2/train/val__2023-01-17-07__2a449a99.npz,/home/ubuntu/klb/nuclr/nuclr/Data/Atanas_SF_unified_000776/full/train/2023-01-17-07.npz,850990,b046dacb3eeb3670b971e099c6d24dd3c5612b12ac6606ada8c746ee5193571f
atanas,2,train,2023-01-17-14,val__2023-01-17-14__de966b23.npz,1,/home/ubuntu/klb/nuclr/nuclr/Data/Atanas_SF_unified_000776/cv5_grouped_v1/fold_2/train/val__2023-01-17-14__de966b23.npz,/home/ubuntu/klb/nuclr/nuclr/Data/Atanas_SF_unified_000776/full/val/2023-01-17-14.npz,849690,cf4f3747cba5058fa903dc64a6fe6873e7a79d335eb4b90b436e11941f1f4201
atanas,2,train,2023-01-18-01,val__2023-01-18-01__aeaa297f.npz,1,/home/ubuntu/klb/nuclr/nuclr/Data/Atanas_SF_unified_000776/cv5_grouped_v1/fold_2/train/val__2023-01-18-01__aeaa297f.npz,/home/ubuntu/klb/nuclr/nuclr/Data/Atanas_SF_unified_000776/full/test/2023-01-18-01.npz,744863,9b18406ea9e95af81ad894bca12d6a440bbd18352ebdff2a1eb8733ab4c25205
atanas,2,val,2022-07-20-01,test__2022-07-20-01__4147bc9e.npz,1,/home/ubuntu/klb/nuclr/nuclr/Data/Atanas_SF_unified_000776/cv5_grouped_v1/fold_2/val/test__2022-07-20-01__4147bc9e.npz,/home/ubuntu/klb/nuclr/nuclr/Data/Atanas_SF_unified_000776/full/train/2022-07-20-01.npz,840552,c3856e4b6329aac8759777a13fe8b233e903a80c3d72f91baac5adbc4cec4771
atanas,2,val,2022-06-14-01,train__2022-06-14-01__4ddfcba0.npz,1,/home/ubuntu/klb/nuclr/nuclr/Data/Atanas_SF_unified_000776/cv5_grouped_v1/fold_2/val/train__2022-06-14-01__4ddfcba0.npz,/home/ubuntu/klb/nuclr/nuclr/Data/Atanas_SF_unified_000776/full/val/2022-06-14-01.npz,641386,7c1382c6eddc8c2f86a35efcadb2a4211645c3fc3503a6ea0297769d0e8c94d9
atanas,2,val,2022-06-14-07,train__2022-06-14-07__1c5b9cbb.npz,1,/home/ubuntu/klb/nuclr/nuclr/Data/Atanas_SF_unified_000776/cv5_grouped_v1/fold_2/val/train__2022-06-14-07__1c5b9cbb.npz,/home/ubuntu/klb/nuclr/nuclr/Data/Atanas_SF_unified_000776/full/train/2022-06-14-07.npz,762014,0b301dd2c9b5a14c2576384da91c5d7483789945cf97ecfe9991e8f12d3d0af5
atanas,2,val,2023-01-09-28,train__2023-01-09-28__5c9cf484.npz,1,/home/ubuntu/klb/nuclr/nuclr/Data/Atanas_SF_unified_000776/cv5_grouped_v1/fold_2/val/train__2023-01-09-28__5c9cf484.npz,/home/ubuntu/klb/nuclr/nuclr/Data/Atanas_SF_unified_000776/full/val/2023-01-09-28.npz,857083,ee43c5bdbca9a788a4faeb83f21c93ac2eab156e714baedd8c7e8a0331873e69
atanas,2,val,2023-01-16-01,train__2023-01-16-01__6e634151.npz,1,/home/ubuntu/klb/nuclr/nuclr/Data/Atanas_SF_unified_000776/cv5_grouped_v1/fold_2/val/train__2023-01-16-01__6e634151.npz,/home/ubuntu/klb/nuclr/nuclr/Data/Atanas_SF_unified_000776/full/test/2023-01-16-01.npz,822657,b7d952f8d3a3eaf5eef3905afb443a43152186cb4977f8c0be38203b96e6d10c
atanas,2,val,2023-01-19-08,train__2023-01-19-08__9b5cf9ce.npz,1,/home/ubuntu/klb/nuclr/nuclr/Data/Atanas_SF_unified_000776/cv5_grouped_v1/fold_2/val/train__2023-01-19-08__9b5cf9ce.npz,/home/ubuntu/klb/nuclr/nuclr/Data/Atanas_SF_unified_000776/full/val/2023-01-19-08.npz,857403,ea4b001555cd81eae98326d4c342a930aea8b31b1930cab5b46308a8d8c79b23
atanas,2,val,2023-01-23-15,train__2023-01-23-15__ff6df852.npz,1,/home/ubuntu/klb/nuclr/nuclr/Data/Atanas_SF_unified_000776/cv5_grouped_v1/fold_2/val/train__2023-01-23-15__ff6df852.npz,/home/ubuntu/klb/nuclr/nuclr/Data/Atanas_SF_unified_000776/full/train/2023-01-23-15.npz,860895,2615350e5c3649580a8664b5a94154826b48bbcae43aecfbba4ea1f1ed1f118d
atanas,2,test,2022-07-15-12,train__2022-07-15-12__9b6ec5ed.npz,1,/home/ubuntu/klb/nuclr/nuclr/Data/Atanas_SF_unified_000776/cv5_grouped_v1/fold_2/test/train__2022-07-15-12__9b6ec5ed.npz,/home/ubuntu/klb/nuclr/nuclr/Data/Atanas_SF_unified_000776/full/train/2022-07-15-12.npz,771566,00ad7e4a4ef809a79e961413d486953b1ff2d537c63f53e732bbb688cce4cbe7
atanas,2,test,2023-01-06-01,train__2023-01-06-01__2f6875a2.npz,1,/home/ubuntu/klb/nuclr/nuclr/Data/Atanas_SF_unified_000776/cv5_grouped_v1/fold_2/test/train__2023-01-06-01__2f6875a2.npz,/home/ubuntu/klb/nuclr/nuclr/Data/Atanas_SF_unified_000776/full/test/2023-01-06-01.npz,768656,475ed0b4d722a2de5644c5f722bbad1b0a2f785ecc75ab0e903665df9c61fb41
atanas,2,test,2023-01-06-08,train__2023-01-06-08__f954f0e6.npz,1,/home/ubuntu/klb/nuclr/nuclr/Data/Atanas_SF_unified_000776/cv5_grouped_v1/fold_2/test/train__2023-01-06-08__f954f0e6.npz,/home/ubuntu/klb/nuclr/nuclr/Data/Atanas_SF_unified_000776/full/train/2023-01-06-08.npz,740761,2916e9600166f15e04b8d7f9bc869e2a6e55714be33c3cb3e9a3afbd605a321a
atanas,2,test,2023-01-09-08,train__2023-01-09-08__7142827e.npz,1,/home/ubuntu/klb/nuclr/nuclr/Data/Atanas_SF_unified_000776/cv5_grouped_v1/fold_2/test/train__2023-01-09-08__7142827e.npz,/home/ubuntu/klb/nuclr/nuclr/Data/Atanas_SF_unified_000776/full/train/2023-01-09-08.npz,775029,ba01d866020dbef86469413443585a88ffb5c041171c0b273a06e1d14f6d0f27
atanas,2,test,2023-01-09-15,train__2023-01-09-15__112db21c.npz,1,/home/ubuntu/klb/nuclr/nuclr/Data/Atanas_SF_unified_000776/cv5_grouped_v1/fold_2/test/train__2023-01-09-15__112db21c.npz,/home/ubuntu/klb/nuclr/nuclr/Data/Atanas_SF_unified_000776/full/test/2023-01-09-15.npz,868789,c47e0eee0ae45b368226e2e28ba1f5b7172005670a62edd443dc44138aaff7c7
atanas,2,test,2023-01-23-08,train__2023-01-23-08__b1b65a53.npz,1,/home/ubuntu/klb/nuclr/nuclr/Data/Atanas_SF_unified_000776/cv5_grouped_v1/fold_2/test/train__2023-01-23-08__b1b65a53.npz,/home/ubuntu/klb/nuclr/nuclr/Data/Atanas_SF_unified_000776/full/val/2023-01-23-08.npz,837603,22de5455e8013a92500efca1f68b96bf10627835d7638ec424b0fb18d26d6074
atanas,2,test,2023-01-23-21,train__2023-01-23-21__2b2ef56d.npz,1,/home/ubuntu/klb/nuclr/nuclr/Data/Atanas_SF_unified_000776/cv5_grouped_v1/fold_2/test/train__2023-01-23-21__2b2ef56d.npz,/home/ubuntu/klb/nuclr/nuclr/Data/Atanas_SF_unified_000776/full/test/2023-01-23-21.npz,738989,e4ebbe7616ae64d89785d8efec43f93c9a95c94e76dd90545f56457a1cd6cadb
atanas,2,test,2022-06-28-07,val__2022-06-28-07__bec48d4e.npz,1,/home/ubuntu/klb/nuclr/nuclr/Data/Atanas_SF_unified_000776/cv5_grouped_v1/fold_2/test/val__2022-06-28-07__bec48d4e.npz,/home/ubuntu/klb/nuclr/nuclr/Data/Atanas_SF_unified_000776/full/train/2022-06-28-07.npz,829361,a50df00434e21ba78b538b188f08a89b425cf01a1e534466e41f1dc8833e436b
atanas,3,train,2022-12-21-06,test__2022-12-21-06__886205ba.npz,1,/home/ubuntu/klb/nuclr/nuclr/Data/Atanas_SF_unified_000776/cv5_grouped_v1/fold_3/train/test__2022-12-21-06__886205ba.npz,/home/ubuntu/klb/nuclr/nuclr/Data/Atanas_SF_unified_000776/full/train/2022-12-21-06.npz,742652,2e62a4b175c5f732b1fc3c18282e9130df04f35501fe784fc5dbddc5d1d0f26c
atanas,3,train,2022-07-15-06,train__2022-07-15-06__18a22ee5.npz,1,/home/ubuntu/klb/nuclr/nuclr/Data/Atanas_SF_unified_000776/cv5_grouped_v1/fold_3/train/train__2022-07-15-06__18a22ee5.npz,/home/ubuntu/klb/nuclr/nuclr/Data/Atanas_SF_unified_000776/full/train/2022-07-15-06.npz,748340,fd9183aa0e8d15862b64213645de47ca11c5d2478650b49241f615f28a531bb1
atanas,3,train,2022-07-15-12,train__2022-07-15-12__9b6ec5ed.npz,1,/home/ubuntu/klb/nuclr/nuclr/Data/Atanas_SF_unified_000776/cv5_grouped_v1/fold_3/train/train__2022-07-15-12__9b6ec5ed.npz,/home/ubuntu/klb/nuclr/nuclr/Data/Atanas_SF_unified_000776/full/train/2022-07-15-12.npz,771566,00ad7e4a4ef809a79e961413d486953b1ff2d537c63f53e732bbb688cce4cbe7
atanas,3,train,2022-07-26-01,train__2022-07-26-01__0f9510f7.npz,1,/home/ubuntu/klb/nuclr/nuclr/Data/Atanas_SF_unified_000776/cv5_grouped_v1/fold_3/train/train__2022-07-26-01__0f9510f7.npz,/home/ubuntu/klb/nuclr/nuclr/Data/Atanas_SF_unified_000776/full/train/2022-07-26-01.npz,777444,eb1c7ba02a66f795eab4498ed28b5cef62c076fb6304ca3f47f95ba4f5a7e9f6
atanas,3,train,2022-08-02-01,train__2022-08-02-01__17852669.npz,1,/home/ubuntu/klb/nuclr/nuclr/Data/Atanas_SF_unified_000776/cv5_grouped_v1/fold_3/train/train__2022-08-02-01__17852669.npz,/home/ubuntu/klb/nuclr/nuclr/Data/Atanas_SF_unified_000776/full/train/2022-08-02-01.npz,888610,6c573d994b79f3ccd96767d9bdee770674ea503d2e6d6adfd42e177b2299e81c
atanas,3,train,2023-01-05-01,train__2023-01-05-01__356f8927.npz,1,/home/ubuntu/klb/nuclr/nuclr/Data/Atanas_SF_unified_000776/cv5_grouped_v1/fold_3/train/train__2023-01-05-01__356f8927.npz,/home/ubuntu/klb/nuclr/nuclr/Data/Atanas_SF_unified_000776/full/train/2023-01-05-01.npz,822244,e6422a6d7d6fc8ef499801061550bd9ca8cf912af8979b829adf7d8aa8bda4ea
atanas,3,train,2023-01-06-01,train__2023-01-06-01__2f6875a2.npz,1,/home/ubuntu/klb/nuclr/nuclr/Data/Atanas_SF_unified_000776/cv5_grouped_v1/fold_3/train/train__2023-01-06-01__2f6875a2.npz,/home/ubuntu/klb/nuclr/nuclr/Data/Atanas_SF_unified_000776/full/test/2023-01-06-01.npz,768656,475ed0b4d722a2de5644c5f722bbad1b0a2f785ecc75ab0e903665df9c61fb41
atanas,3,train,2023-01-06-08,train__2023-01-06-08__f954f0e6.npz,1,/home/ubuntu/klb/nuclr/nuclr/Data/Atanas_SF_unified_000776/cv5_grouped_v1/fold_3/train/train__2023-01-06-08__f954f0e6.npz,/home/ubuntu/klb/nuclr/nuclr/Data/Atanas_SF_unified_000776/full/train/2023-01-06-08.npz,740761,2916e9600166f15e04b8d7f9bc869e2a6e55714be33c3cb3e9a3afbd605a321a
atanas,3,train,2023-01-09-08,train__2023-01-09-08__7142827e.npz,1,/home/ubuntu/klb/nuclr/nuclr/Data/Atanas_SF_unified_000776/cv5_grouped_v1/fold_3/train/train__2023-01-09-08__7142827e.npz,/home/ubuntu/klb/nuclr/nuclr/Data/Atanas_SF_unified_000776/full/train/2023-01-09-08.npz,775029,ba01d866020dbef86469413443585a88ffb5c041171c0b273a06e1d14f6d0f27
atanas,3,train,2023-01-09-15,train__2023-01-09-15__112db21c.npz,1,/home/ubuntu/klb/nuclr/nuclr/Data/Atanas_SF_unified_000776/cv5_grouped_v1/fold_3/train/train__2023-01-09-15__112db21c.npz,/home/ubuntu/klb/nuclr/nuclr/Data/Atanas_SF_unified_000776/full/test/2023-01-09-15.npz,868789,c47e0eee0ae45b368226e2e28ba1f5b7172005670a62edd443dc44138aaff7c7
atanas,3,train,2023-01-09-22,train__2023-01-09-22__2f7d76c0.npz,1,/home/ubuntu/klb/nuclr/nuclr/Data/Atanas_SF_unified_000776/cv5_grouped_v1/fold_3/train/train__2023-01-09-22__2f7d76c0.npz,/home/ubuntu/klb/nuclr/nuclr/Data/Atanas_SF_unified_000776/full/train/2023-01-09-22.npz,861938,23f012c0965838cb77aa5b6814b4f85946494e28a960f1bb26499823525e4a39
atanas,3,train,2023-01-13-07,train__2023-01-13-07__0ba838bb.npz,1,/home/ubuntu/klb/nuclr/nuclr/Data/Atanas_SF_unified_000776/cv5_grouped_v1/fold_3/train/train__2023-01-13-07__0ba838bb.npz,/home/ubuntu/klb/nuclr/nuclr/Data/Atanas_SF_unified_000776/full/train/2023-01-13-07.npz,709937,8112ba65b351bf163f1c216411c2731f51d06af66db3ea16a6b3e3dbaf8653f9
atanas,3,train,2023-01-16-15,train__2023-01-16-15__2baa3162.npz,1,/home/ubuntu/klb/nuclr/nuclr/Data/Atanas_SF_unified_000776/cv5_grouped_v1/fold_3/train/train__2023-01-16-15__2baa3162.npz,/home/ubuntu/klb/nuclr/nuclr/Data/Atanas_SF_unified_000776/full/train/2023-01-16-15.npz,729337,8a2b6f6252cf15396042a26570205981461e7ac2c6ba2eeab1f6de3c094ffc52
atanas,3,train,2023-01-16-22,train__2023-01-16-22__f169d678.npz,1,/home/ubuntu/klb/nuclr/nuclr/Data/Atanas_SF_unified_000776/cv5_grouped_v1/fold_3/train/train__2023-01-16-22__f169d678.npz,/home/ubuntu/klb/nuclr/nuclr/Data/Atanas_SF_unified_000776/full/train/2023-01-16-22.npz,798078,de8de46bc9be10314d4fc52216521b8cf70e95ae1af9199287b3c5732a457e1b
atanas,3,train,2023-01-19-15,train__2023-01-19-15__893d43d8.npz,1,/home/ubuntu/klb/nuclr/nuclr/Data/Atanas_SF_unified_000776/cv5_grouped_v1/fold_3/train/train__2023-01-19-15__893d43d8.npz,/home/ubuntu/klb/nuclr/nuclr/Data/Atanas_SF_unified_000776/full/train/2023-01-19-15.npz,842253,f99850d059110bafb1970874bd7834f2fa9b30f38ee55483fa22323e084767ec
atanas,3,train,2023-01-19-22,train__2023-01-19-22__636432cc.npz,1,/home/ubuntu/klb/nuclr/nuclr/Data/Atanas_SF_unified_000776/cv5_grouped_v1/fold_3/train/train__2023-01-19-22__636432cc.npz,/home/ubuntu/klb/nuclr/nuclr/Data/Atanas_SF_unified_000776/full/val/2023-01-19-22.npz,893956,15e42df013a4096bb05a1f2f77cc4bf86ae7877ea08cf8c2cfc22cf6cbdbcc65
atanas,3,train,2023-01-23-01,train__2023-01-23-01__6b8b0274.npz,1,/home/ubuntu/klb/nuclr/nuclr/Data/Atanas_SF_unified_000776/cv5_grouped_v1/fold_3/train/train__2023-01-23-01__6b8b0274.npz,/home/ubuntu/klb/nuclr/nuclr/Data/Atanas_SF_unified_000776/full/train/2023-01-23-01.npz,882459,c9062134ebd5819d16f5a73c5d8ee49ffbe62725c768eb527d1f00fe6fc703df
atanas,3,train,2023-01-23-08,train__2023-01-23-08__b1b65a53.npz,1,/home/ubuntu/klb/nuclr/nuclr/Data/Atanas_SF_unified_000776/cv5_grouped_v1/fold_3/train/train__2023-01-23-08__b1b65a53.npz,/home/ubuntu/klb/nuclr/nuclr/Data/Atanas_SF_unified_000776/full/val/2023-01-23-08.npz,837603,22de5455e8013a92500efca1f68b96bf10627835d7638ec424b0fb18d26d6074
atanas,3,train,2023-01-23-21,train__2023-01-23-21__2b2ef56d.npz,1,/home/ubuntu/klb/nuclr/nuclr/Data/Atanas_SF_unified_000776/cv5_grouped_v1/fold_3/train/train__2023-01-23-21__2b2ef56d.npz,/home/ubuntu/klb/nuclr/nuclr/Data/Atanas_SF_unified_000776/full/test/2023-01-23-21.npz,738989,e4ebbe7616ae64d89785d8efec43f93c9a95c94e76dd90545f56457a1cd6cadb
atanas,3,train,2022-06-28-07,val__2022-06-28-07__bec48d4e.npz,1,/home/ubuntu/klb/nuclr/nuclr/Data/Atanas_SF_unified_000776/cv5_grouped_v1/fold_3/train/val__2022-06-28-07__bec48d4e.npz,/home/ubuntu/klb/nuclr/nuclr/Data/Atanas_SF_unified_000776/full/train/2022-06-28-07.npz,829361,a50df00434e21ba78b538b188f08a89b425cf01a1e534466e41f1dc8833e436b
atanas,3,train,2023-01-17-01,val__2023-01-17-01__776311ba.npz,1,/home/ubuntu/klb/nuclr/nuclr/Data/Atanas_SF_unified_000776/cv5_grouped_v1/fold_3/train/val__2023-01-17-01__776311ba.npz,/home/ubuntu/klb/nuclr/nuclr/Data/Atanas_SF_unified_000776/full/train/2023-01-17-01.npz,813894,064a98fd0e6f31630552e23abdacc1172649814a513c882441e88bf56378a131
atanas,3,train,2023-01-17-07,val__2023-01-17-07__2a449a99.npz,1,/home/ubuntu/klb/nuclr/nuclr/Data/Atanas_SF_unified_000776/cv5_grouped_v1/fold_3/train/val__2023-01-17-07__2a449a99.npz,/home/ubuntu/klb/nuclr/nuclr/Data/Atanas_SF_unified_000776/full/train/2023-01-17-07.npz,850990,b046dacb3eeb3670b971e099c6d24dd3c5612b12ac6606ada8c746ee5193571f
atanas,3,train,2023-01-17-14,val__2023-01-17-14__de966b23.npz,1,/home/ubuntu/klb/nuclr/nuclr/Data/Atanas_SF_unified_000776/cv5_grouped_v1/fold_3/train/val__2023-01-17-14__de966b23.npz,/home/ubuntu/klb/nuclr/nuclr/Data/Atanas_SF_unified_000776/full/val/2023-01-17-14.npz,849690,cf4f3747cba5058fa903dc64a6fe6873e7a79d335eb4b90b436e11941f1f4201
atanas,3,train,2023-01-18-01,val__2023-01-18-01__aeaa297f.npz,1,/home/ubuntu/klb/nuclr/nuclr/Data/Atanas_SF_unified_000776/cv5_grouped_v1/fold_3/train/val__2023-01-18-01__aeaa297f.npz,/home/ubuntu/klb/nuclr/nuclr/Data/Atanas_SF_unified_000776/full/test/2023-01-18-01.npz,744863,9b18406ea9e95af81ad894bca12d6a440bbd18352ebdff2a1eb8733ab4c25205
atanas,3,val,2023-01-10-07,test__2023-01-10-07__af4d7d2d.npz,1,/home/ubuntu/klb/nuclr/nuclr/Data/Atanas_SF_unified_000776/cv5_grouped_v1/fold_3/val/test__2023-01-10-07__af4d7d2d.npz,/home/ubuntu/klb/nuclr/nuclr/Data/Atanas_SF_unified_000776/full/train/2023-01-10-07.npz,850270,6ed57076e1273f30ca26574ceed7b5b0ce3f3b59993eeafce1521510014fe4e2
atanas,3,val,2023-01-10-14,test__2023-01-10-14__e4254980.npz,1,/home/ubuntu/klb/nuclr/nuclr/Data/Atanas_SF_unified_000776/cv5_grouped_v1/fold_3/val/test__2023-01-10-14__e4254980.npz,/home/ubuntu/klb/nuclr/nuclr/Data/Atanas_SF_unified_000776/full/train/2023-01-10-14.npz,839602,123560a46b3bb0243573e061f265945ece3093ba063122acd95acb21e6fe7066
atanas,3,val,2023-03-07-01,test__2023-03-07-01__9fafa0d7.npz,1,/home/ubuntu/klb/nuclr/nuclr/Data/Atanas_SF_unified_000776/cv5_grouped_v1/fold_3/val/test__2023-03-07-01__9fafa0d7.npz,/home/ubuntu/klb/nuclr/nuclr/Data/Atanas_SF_unified_000776/full/train/2023-03-07-01.npz,893982,e5b9515a392b3e62affe2874b1df9825ecee1e94de55d7300adf10a192635676
atanas,3,val,2022-06-14-13,train__2022-06-14-13__ac0e5908.npz,1,/home/ubuntu/klb/nuclr/nuclr/Data/Atanas_SF_unified_000776/cv5_grouped_v1/fold_3/val/train__2022-06-14-13__ac0e5908.npz,/home/ubuntu/klb/nuclr/nuclr/Data/Atanas_SF_unified_000776/full/train/2022-06-14-13.npz,783162,afc7210b8d89a8f8e12c85c42fb0f16bd1114e25dc2dce9784b3976560971a2c
atanas,3,val,2023-01-05-18,train__2023-01-05-18__d7235b22.npz,1,/home/ubuntu/klb/nuclr/nuclr/Data/Atanas_SF_unified_000776/cv5_grouped_v1/fold_3/val/train__2023-01-05-18__d7235b22.npz,/home/ubuntu/klb/nuclr/nuclr/Data/Atanas_SF_unified_000776/full/train/2023-01-05-18.npz,722706,57b3222e835095cda41963adaa41f177fc08ea65cadd2fc101822012aa7a5d54
atanas,3,val,2023-01-16-08,train__2023-01-16-08__efcc90b0.npz,1,/home/ubuntu/klb/nuclr/nuclr/Data/Atanas_SF_unified_000776/cv5_grouped_v1/fold_3/val/train__2023-01-16-08__efcc90b0.npz,/home/ubuntu/klb/nuclr/nuclr/Data/Atanas_SF_unified_000776/full/train/2023-01-16-08.npz,810712,207d2c0311c85e6e2d471aea71a2f2a1032545ca632103e13fc9112fa12c83e3
atanas,3,val,2022-06-28-01,val__2022-06-28-01__a91d8128.npz,1,/home/ubuntu/klb/nuclr/nuclr/Data/Atanas_SF_unified_000776/cv5_grouped_v1/fold_3/val/val__2022-06-28-01__a91d8128.npz,/home/ubuntu/klb/nuclr/nuclr/Data/Atanas_SF_unified_000776/full/train/2022-06-28-01.npz,828820,56282d3cd3632a0f922044b937ee919148acdf39e8ff79b11a97b9c3de8082d7
atanas,3,test,2022-07-20-01,test__2022-07-20-01__4147bc9e.npz,1,/home/ubuntu/klb/nuclr/nuclr/Data/Atanas_SF_unified_000776/cv5_grouped_v1/fold_3/test/test__2022-07-20-01__4147bc9e.npz,/home/ubuntu/klb/nuclr/nuclr/Data/Atanas_SF_unified_000776/full/train/2022-07-20-01.npz,840552,c3856e4b6329aac8759777a13fe8b233e903a80c3d72f91baac5adbc4cec4771
atanas,3,test,2022-06-14-01,train__2022-06-14-01__4ddfcba0.npz,1,/home/ubuntu/klb/nuclr/nuclr/Data/Atanas_SF_unified_000776/cv5_grouped_v1/fold_3/test/train__2022-06-14-01__4ddfcba0.npz,/home/ubuntu/klb/nuclr/nuclr/Data/Atanas_SF_unified_000776/full/val/2022-06-14-01.npz,641386,7c1382c6eddc8c2f86a35efcadb2a4211645c3fc3503a6ea0297769d0e8c94d9
atanas,3,test,2022-06-14-07,train__2022-06-14-07__1c5b9cbb.npz,1,/home/ubuntu/klb/nuclr/nuclr/Data/Atanas_SF_unified_000776/cv5_grouped_v1/fold_3/test/train__2022-06-14-07__1c5b9cbb.npz,/home/ubuntu/klb/nuclr/nuclr/Data/Atanas_SF_unified_000776/full/train/2022-06-14-07.npz,762014,0b301dd2c9b5a14c2576384da91c5d7483789945cf97ecfe9991e8f12d3d0af5
atanas,3,test,2023-01-09-28,train__2023-01-09-28__5c9cf484.npz,1,/home/ubuntu/klb/nuclr/nuclr/Data/Atanas_SF_unified_000776/cv5_grouped_v1/fold_3/test/train__2023-01-09-28__5c9cf484.npz,/home/ubuntu/klb/nuclr/nuclr/Data/Atanas_SF_unified_000776/full/val/2023-01-09-28.npz,857083,ee43c5bdbca9a788a4faeb83f21c93ac2eab156e714baedd8c7e8a0331873e69
atanas,3,test,2023-01-16-01,train__2023-01-16-01__6e634151.npz,1,/home/ubuntu/klb/nuclr/nuclr/Data/Atanas_SF_unified_000776/cv5_grouped_v1/fold_3/test/train__2023-01-16-01__6e634151.npz,/home/ubuntu/klb/nuclr/nuclr/Data/Atanas_SF_unified_000776/full/test/2023-01-16-01.npz,822657,b7d952f8d3a3eaf5eef3905afb443a43152186cb4977f8c0be38203b96e6d10c
atanas,3,test,2023-01-19-08,train__2023-01-19-08__9b5cf9ce.npz,1,/home/ubuntu/klb/nuclr/nuclr/Data/Atanas_SF_unified_000776/cv5_grouped_v1/fold_3/test/train__2023-01-19-08__9b5cf9ce.npz,/home/ubuntu/klb/nuclr/nuclr/Data/Atanas_SF_unified_000776/full/val/2023-01-19-08.npz,857403,ea4b001555cd81eae98326d4c342a930aea8b31b1930cab5b46308a8d8c79b23
atanas,3,test,2023-01-23-15,train__2023-01-23-15__ff6df852.npz,1,/home/ubuntu/klb/nuclr/nuclr/Data/Atanas_SF_unified_000776/cv5_grouped_v1/fold_3/test/train__2023-01-23-15__ff6df852.npz,/home/ubuntu/klb/nuclr/nuclr/Data/Atanas_SF_unified_000776/full/train/2023-01-23-15.npz,860895,2615350e5c3649580a8664b5a94154826b48bbcae43aecfbba4ea1f1ed1f118d
atanas,4,train,2022-07-20-01,test__2022-07-20-01__4147bc9e.npz,1,/home/ubuntu/klb/nuclr/nuclr/Data/Atanas_SF_unified_000776/cv5_grouped_v1/fold_4/train/test__2022-07-20-01__4147bc9e.npz,/home/ubuntu/klb/nuclr/nuclr/Data/Atanas_SF_unified_000776/full/train/2022-07-20-01.npz,840552,c3856e4b6329aac8759777a13fe8b233e903a80c3d72f91baac5adbc4cec4771
atanas,4,train,2022-12-21-06,test__2022-12-21-06__886205ba.npz,1,/home/ubuntu/klb/nuclr/nuclr/Data/Atanas_SF_unified_000776/cv5_grouped_v1/fold_4/train/test__2022-12-21-06__886205ba.npz,/home/ubuntu/klb/nuclr/nuclr/Data/Atanas_SF_unified_000776/full/train/2022-12-21-06.npz,742652,2e62a4b175c5f732b1fc3c18282e9130df04f35501fe784fc5dbddc5d1d0f26c
atanas,4,train,2022-06-14-01,train__2022-06-14-01__4ddfcba0.npz,1,/home/ubuntu/klb/nuclr/nuclr/Data/Atanas_SF_unified_000776/cv5_grouped_v1/fold_4/train/train__2022-06-14-01__4ddfcba0.npz,/home/ubuntu/klb/nuclr/nuclr/Data/Atanas_SF_unified_000776/full/val/2022-06-14-01.npz,641386,7c1382c6eddc8c2f86a35efcadb2a4211645c3fc3503a6ea0297769d0e8c94d9
atanas,4,train,2022-06-14-07,train__2022-06-14-07__1c5b9cbb.npz,1,/home/ubuntu/klb/nuclr/nuclr/Data/Atanas_SF_unified_000776/cv5_grouped_v1/fold_4/train/train__2022-06-14-07__1c5b9cbb.npz,/home/ubuntu/klb/nuclr/nuclr/Data/Atanas_SF_unified_000776/full/train/2022-06-14-07.npz,762014,0b301dd2c9b5a14c2576384da91c5d7483789945cf97ecfe9991e8f12d3d0af5
atanas,4,train,2022-07-15-06,train__2022-07-15-06__18a22ee5.npz,1,/home/ubuntu/klb/nuclr/nuclr/Data/Atanas_SF_unified_000776/cv5_grouped_v1/fold_4/train/train__2022-07-15-06__18a22ee5.npz,/home/ubuntu/klb/nuclr/nuclr/Data/Atanas_SF_unified_000776/full/train/2022-07-15-06.npz,748340,fd9183aa0e8d15862b64213645de47ca11c5d2478650b49241f615f28a531bb1
atanas,4,train,2022-07-15-12,train__2022-07-15-12__9b6ec5ed.npz,1,/home/ubuntu/klb/nuclr/nuclr/Data/Atanas_SF_unified_000776/cv5_grouped_v1/fold_4/train/train__2022-07-15-12__9b6ec5ed.npz,/home/ubuntu/klb/nuclr/nuclr/Data/Atanas_SF_unified_000776/full/train/2022-07-15-12.npz,771566,00ad7e4a4ef809a79e961413d486953b1ff2d537c63f53e732bbb688cce4cbe7
atanas,4,train,2023-01-06-01,train__2023-01-06-01__2f6875a2.npz,1,/home/ubuntu/klb/nuclr/nuclr/Data/Atanas_SF_unified_000776/cv5_grouped_v1/fold_4/train/train__2023-01-06-01__2f6875a2.npz,/home/ubuntu/klb/nuclr/nuclr/Data/Atanas_SF_unified_000776/full/test/2023-01-06-01.npz,768656,475ed0b4d722a2de5644c5f722bbad1b0a2f785ecc75ab0e903665df9c61fb41
atanas,4,train,2023-01-06-08,train__2023-01-06-08__f954f0e6.npz,1,/home/ubuntu/klb/nuclr/nuclr/Data/Atanas_SF_unified_000776/cv5_grouped_v1/fold_4/train/train__2023-01-06-08__f954f0e6.npz,/home/ubuntu/klb/nuclr/nuclr/Data/Atanas_SF_unified_000776/full/train/2023-01-06-08.npz,740761,2916e9600166f15e04b8d7f9bc869e2a6e55714be33c3cb3e9a3afbd605a321a
atanas,4,train,2023-01-09-08,train__2023-01-09-08__7142827e.npz,1,/home/ubuntu/klb/nuclr/nuclr/Data/Atanas_SF_unified_000776/cv5_grouped_v1/fold_4/train/train__2023-01-09-08__7142827e.npz,/home/ubuntu/klb/nuclr/nuclr/Data/Atanas_SF_unified_000776/full/train/2023-01-09-08.npz,775029,ba01d866020dbef86469413443585a88ffb5c041171c0b273a06e1d14f6d0f27
atanas,4,train,2023-01-09-15,train__2023-01-09-15__112db21c.npz,1,/home/ubuntu/klb/nuclr/nuclr/Data/Atanas_SF_unified_000776/cv5_grouped_v1/fold_4/train/train__2023-01-09-15__112db21c.npz,/home/ubuntu/klb/nuclr/nuclr/Data/Atanas_SF_unified_000776/full/test/2023-01-09-15.npz,868789,c47e0eee0ae45b368226e2e28ba1f5b7172005670a62edd443dc44138aaff7c7
atanas,4,train,2023-01-09-22,train__2023-01-09-22__2f7d76c0.npz,1,/home/ubuntu/klb/nuclr/nuclr/Data/Atanas_SF_unified_000776/cv5_grouped_v1/fold_4/train/train__2023-01-09-22__2f7d76c0.npz,/home/ubuntu/klb/nuclr/nuclr/Data/Atanas_SF_unified_000776/full/train/2023-01-09-22.npz,861938,23f012c0965838cb77aa5b6814b4f85946494e28a960f1bb26499823525e4a39
atanas,4,train,2023-01-09-28,train__2023-01-09-28__5c9cf484.npz,1,/home/ubuntu/klb/nuclr/nuclr/Data/Atanas_SF_unified_000776/cv5_grouped_v1/fold_4/train/train__2023-01-09-28__5c9cf484.npz,/home/ubuntu/klb/nuclr/nuclr/Data/Atanas_SF_unified_000776/full/val/2023-01-09-28.npz,857083,ee43c5bdbca9a788a4faeb83f21c93ac2eab156e714baedd8c7e8a0331873e69
atanas,4,train,2023-01-16-01,train__2023-01-16-01__6e634151.npz,1,/home/ubuntu/klb/nuclr/nuclr/Data/Atanas_SF_unified_000776/cv5_grouped_v1/fold_4/train/train__2023-01-16-01__6e634151.npz,/home/ubuntu/klb/nuclr/nuclr/Data/Atanas_SF_unified_000776/full/test/2023-01-16-01.npz,822657,b7d952f8d3a3eaf5eef3905afb443a43152186cb4977f8c0be38203b96e6d10c
atanas,4,train,2023-01-19-08,train__2023-01-19-08__9b5cf9ce.npz,1,/home/ubuntu/klb/nuclr/nuclr/Data/Atanas_SF_unified_000776/cv5_grouped_v1/fold_4/train/train__2023-01-19-08__9b5cf9ce.npz,/home/ubuntu/klb/nuclr/nuclr/Data/Atanas_SF_unified_000776/full/val/2023-01-19-08.npz,857403,ea4b001555cd81eae98326d4c342a930aea8b31b1930cab5b46308a8d8c79b23
atanas,4,train,2023-01-23-01,train__2023-01-23-01__6b8b0274.npz,1,/home/ubuntu/klb/nuclr/nuclr/Data/Atanas_SF_unified_000776/cv5_grouped_v1/fold_4/train/train__2023-01-23-01__6b8b0274.npz,/home/ubuntu/klb/nuclr/nuclr/Data/Atanas_SF_unified_000776/full/train/2023-01-23-01.npz,882459,c9062134ebd5819d16f5a73c5d8ee49ffbe62725c768eb527d1f00fe6fc703df
atanas,4,train,2023-01-23-08,train__2023-01-23-08__b1b65a53.npz,1,/home/ubuntu/klb/nuclr/nuclr/Data/Atanas_SF_unified_000776/cv5_grouped_v1/fold_4/train/train__2023-01-23-08__b1b65a53.npz,/home/ubuntu/klb/nuclr/nuclr/Data/Atanas_SF_unified_000776/full/val/2023-01-23-08.npz,837603,22de5455e8013a92500efca1f68b96bf10627835d7638ec424b0fb18d26d6074
atanas,4,train,2023-01-23-15,train__2023-01-23-15__ff6df852.npz,1,/home/ubuntu/klb/nuclr/nuclr/Data/Atanas_SF_unified_000776/cv5_grouped_v1/fold_4/train/train__2023-01-23-15__ff6df852.npz,/home/ubuntu/klb/nuclr/nuclr/Data/Atanas_SF_unified_000776/full/train/2023-01-23-15.npz,860895,2615350e5c3649580a8664b5a94154826b48bbcae43aecfbba4ea1f1ed1f118d
atanas,4,train,2023-01-23-21,train__2023-01-23-21__2b2ef56d.npz,1,/home/ubuntu/klb/nuclr/nuclr/Data/Atanas_SF_unified_000776/cv5_grouped_v1/fold_4/train/train__2023-01-23-21__2b2ef56d.npz,/home/ubuntu/klb/nuclr/nuclr/Data/Atanas_SF_unified_000776/full/test/2023-01-23-21.npz,738989,e4ebbe7616ae64d89785d8efec43f93c9a95c94e76dd90545f56457a1cd6cadb
atanas,4,train,2022-06-28-07,val__2022-06-28-07__bec48d4e.npz,1,/home/ubuntu/klb/nuclr/nuclr/Data/Atanas_SF_unified_000776/cv5_grouped_v1/fold_4/train/val__2022-06-28-07__bec48d4e.npz,/home/ubuntu/klb/nuclr/nuclr/Data/Atanas_SF_unified_000776/full/train/2022-06-28-07.npz,829361,a50df00434e21ba78b538b188f08a89b425cf01a1e534466e41f1dc8833e436b
atanas,4,train,2023-01-17-01,val__2023-01-17-01__776311ba.npz,1,/home/ubuntu/klb/nuclr/nuclr/Data/Atanas_SF_unified_000776/cv5_grouped_v1/fold_4/train/val__2023-01-17-01__776311ba.npz,/home/ubuntu/klb/nuclr/nuclr/Data/Atanas_SF_unified_000776/full/train/2023-01-17-01.npz,813894,064a98fd0e6f31630552e23abdacc1172649814a513c882441e88bf56378a131
atanas,4,train,2023-01-17-07,val__2023-01-17-07__2a449a99.npz,1,/home/ubuntu/klb/nuclr/nuclr/Data/Atanas_SF_unified_000776/cv5_grouped_v1/fold_4/train/val__2023-01-17-07__2a449a99.npz,/home/ubuntu/klb/nuclr/nuclr/Data/Atanas_SF_unified_000776/full/train/2023-01-17-07.npz,850990,b046dacb3eeb3670b971e099c6d24dd3c5612b12ac6606ada8c746ee5193571f
atanas,4,train,2023-01-17-14,val__2023-01-17-14__de966b23.npz,1,/home/ubuntu/klb/nuclr/nuclr/Data/Atanas_SF_unified_000776/cv5_grouped_v1/fold_4/train/val__2023-01-17-14__de966b23.npz,/home/ubuntu/klb/nuclr/nuclr/Data/Atanas_SF_unified_000776/full/val/2023-01-17-14.npz,849690,cf4f3747cba5058fa903dc64a6fe6873e7a79d335eb4b90b436e11941f1f4201
atanas,4,train,2023-01-18-01,val__2023-01-18-01__aeaa297f.npz,1,/home/ubuntu/klb/nuclr/nuclr/Data/Atanas_SF_unified_000776/cv5_grouped_v1/fold_4/train/val__2023-01-18-01__aeaa297f.npz,/home/ubuntu/klb/nuclr/nuclr/Data/Atanas_SF_unified_000776/full/test/2023-01-18-01.npz,744863,9b18406ea9e95af81ad894bca12d6a440bbd18352ebdff2a1eb8733ab4c25205
atanas,4,val,2022-07-26-01,train__2022-07-26-01__0f9510f7.npz,1,/home/ubuntu/klb/nuclr/nuclr/Data/Atanas_SF_unified_000776/cv5_grouped_v1/fold_4/val/train__2022-07-26-01__0f9510f7.npz,/home/ubuntu/klb/nuclr/nuclr/Data/Atanas_SF_unified_000776/full/train/2022-07-26-01.npz,777444,eb1c7ba02a66f795eab4498ed28b5cef62c076fb6304ca3f47f95ba4f5a7e9f6
atanas,4,val,2022-08-02-01,train__2022-08-02-01__17852669.npz,1,/home/ubuntu/klb/nuclr/nuclr/Data/Atanas_SF_unified_000776/cv5_grouped_v1/fold_4/val/train__2022-08-02-01__17852669.npz,/home/ubuntu/klb/nuclr/nuclr/Data/Atanas_SF_unified_000776/full/train/2022-08-02-01.npz,888610,6c573d994b79f3ccd96767d9bdee770674ea503d2e6d6adfd42e177b2299e81c
atanas,4,val,2023-01-05-01,train__2023-01-05-01__356f8927.npz,1,/home/ubuntu/klb/nuclr/nuclr/Data/Atanas_SF_unified_000776/cv5_grouped_v1/fold_4/val/train__2023-01-05-01__356f8927.npz,/home/ubuntu/klb/nuclr/nuclr/Data/Atanas_SF_unified_000776/full/train/2023-01-05-01.npz,822244,e6422a6d7d6fc8ef499801061550bd9ca8cf912af8979b829adf7d8aa8bda4ea
atanas,4,val,2023-01-13-07,train__2023-01-13-07__0ba838bb.npz,1,/home/ubuntu/klb/nuclr/nuclr/Data/Atanas_SF_unified_000776/cv5_grouped_v1/fold_4/val/train__2023-01-13-07__0ba838bb.npz,/home/ubuntu/klb/nuclr/nuclr/Data/Atanas_SF_unified_000776/full/train/2023-01-13-07.npz,709937,8112ba65b351bf163f1c216411c2731f51d06af66db3ea16a6b3e3dbaf8653f9
atanas,4,val,2023-01-16-15,train__2023-01-16-15__2baa3162.npz,1,/home/ubuntu/klb/nuclr/nuclr/Data/Atanas_SF_unified_000776/cv5_grouped_v1/fold_4/val/train__2023-01-16-15__2baa3162.npz,/home/ubuntu/klb/nuclr/nuclr/Data/Atanas_SF_unified_000776/full/train/2023-01-16-15.npz,729337,8a2b6f6252cf15396042a26570205981461e7ac2c6ba2eeab1f6de3c094ffc52
atanas,4,val,2023-01-16-22,train__2023-01-16-22__f169d678.npz,1,/home/ubuntu/klb/nuclr/nuclr/Data/Atanas_SF_unified_000776/cv5_grouped_v1/fold_4/val/train__2023-01-16-22__f169d678.npz,/home/ubuntu/klb/nuclr/nuclr/Data/Atanas_SF_unified_000776/full/train/2023-01-16-22.npz,798078,de8de46bc9be10314d4fc52216521b8cf70e95ae1af9199287b3c5732a457e1b
atanas,4,val,2023-01-19-15,train__2023-01-19-15__893d43d8.npz,1,/home/ubuntu/klb/nuclr/nuclr/Data/Atanas_SF_unified_000776/cv5_grouped_v1/fold_4/val/train__2023-01-19-15__893d43d8.npz,/home/ubuntu/klb/nuclr/nuclr/Data/Atanas_SF_unified_000776/full/train/2023-01-19-15.npz,842253,f99850d059110bafb1970874bd7834f2fa9b30f38ee55483fa22323e084767ec
atanas,4,val,2023-01-19-22,train__2023-01-19-22__636432cc.npz,1,/home/ubuntu/klb/nuclr/nuclr/Data/Atanas_SF_unified_000776/cv5_grouped_v1/fold_4/val/train__2023-01-19-22__636432cc.npz,/home/ubuntu/klb/nuclr/nuclr/Data/Atanas_SF_unified_000776/full/val/2023-01-19-22.npz,893956,15e42df013a4096bb05a1f2f77cc4bf86ae7877ea08cf8c2cfc22cf6cbdbcc65
atanas,4,test,2023-01-10-07,test__2023-01-10-07__af4d7d2d.npz,1,/home/ubuntu/klb/nuclr/nuclr/Data/Atanas_SF_unified_000776/cv5_grouped_v1/fold_4/test/test__2023-01-10-07__af4d7d2d.npz,/home/ubuntu/klb/nuclr/nuclr/Data/Atanas_SF_unified_000776/full/train/2023-01-10-07.npz,850270,6ed57076e1273f30ca26574ceed7b5b0ce3f3b59993eeafce1521510014fe4e2
atanas,4,test,2023-01-10-14,test__2023-01-10-14__e4254980.npz,1,/home/ubuntu/klb/nuclr/nuclr/Data/Atanas_SF_unified_000776/cv5_grouped_v1/fold_4/test/test__2023-01-10-14__e4254980.npz,/home/ubuntu/klb/nuclr/nuclr/Data/Atanas_SF_unified_000776/full/train/2023-01-10-14.npz,839602,123560a46b3bb0243573e061f265945ece3093ba063122acd95acb21e6fe7066
atanas,4,test,2023-03-07-01,test__2023-03-07-01__9fafa0d7.npz,1,/home/ubuntu/klb/nuclr/nuclr/Data/Atanas_SF_unified_000776/cv5_grouped_v1/fold_4/test/test__2023-03-07-01__9fafa0d7.npz,/home/ubuntu/klb/nuclr/nuclr/Data/Atanas_SF_unified_000776/full/train/2023-03-07-01.npz,893982,e5b9515a392b3e62affe2874b1df9825ecee1e94de55d7300adf10a192635676
atanas,4,test,2022-06-14-13,train__2022-06-14-13__ac0e5908.npz,1,/home/ubuntu/klb/nuclr/nuclr/Data/Atanas_SF_unified_000776/cv5_grouped_v1/fold_4/test/train__2022-06-14-13__ac0e5908.npz,/home/ubuntu/klb/nuclr/nuclr/Data/Atanas_SF_unified_000776/full/train/2022-06-14-13.npz,783162,afc7210b8d89a8f8e12c85c42fb0f16bd1114e25dc2dce9784b3976560971a2c
atanas,4,test,2023-01-05-18,train__2023-01-05-18__d7235b22.npz,1,/home/ubuntu/klb/nuclr/nuclr/Data/Atanas_SF_unified_000776/cv5_grouped_v1/fold_4/test/train__2023-01-05-18__d7235b22.npz,/home/ubuntu/klb/nuclr/nuclr/Data/Atanas_SF_unified_000776/full/train/2023-01-05-18.npz,722706,57b3222e835095cda41963adaa41f177fc08ea65cadd2fc101822012aa7a5d54
atanas,4,test,2023-01-16-08,train__2023-01-16-08__efcc90b0.npz,1,/home/ubuntu/klb/nuclr/nuclr/Data/Atanas_SF_unified_000776/cv5_grouped_v1/fold_4/test/train__2023-01-16-08__efcc90b0.npz,/home/ubuntu/klb/nuclr/nuclr/Data/Atanas_SF_unified_000776/full/train/2023-01-16-08.npz,810712,207d2c0311c85e6e2d471aea71a2f2a1032545ca632103e13fc9112fa12c83e3
atanas,4,test,2022-06-28-01,val__2022-06-28-01__a91d8128.npz,1,/home/ubuntu/klb/nuclr/nuclr/Data/Atanas_SF_unified_000776/cv5_grouped_v1/fold_4/test/val__2022-06-28-01__a91d8128.npz,/home/ubuntu/klb/nuclr/nuclr/Data/Atanas_SF_unified_000776/full/train/2022-06-28-01.npz,828820,56282d3cd3632a0f922044b937ee919148acdf39e8ff79b11a97b9c3de8082d7
rld,0,train,20240902-15-36-41,test__20240902-15-36-41__6c56c3c3.npz,1,/home/ubuntu/klb/nuclr/nuclr/Data/Dunn_001623/cv5_grouped_v1/fold_0/train/test__20240902-15-36-41__6c56c3c3.npz,/home/ubuntu/klb/nuclr/nuclr/Data/Dunn_001623/date_disjoint_full95_v1/all/20240902-15-36-41.npz,638436,b3f6973656d46d64c7deee71bbec83bf546b837170a4757877d3cea065292a96
rld,0,train,20240902-16-12-10,test__20240902-16-12-10__7647f7b0.npz,1,/home/ubuntu/klb/nuclr/nuclr/Data/Dunn_001623/cv5_grouped_v1/fold_0/train/test__20240902-16-12-10__7647f7b0.npz,/home/ubuntu/klb/nuclr/nuclr/Data/Dunn_001623/date_disjoint_full95_v1/all/20240902-16-12-10.npz,625387,2786a20338f3b8e6acd47d7676f31ee1511b214b521ce05d717dc256aed6b1c7
rld,0,train,20240902-16-53-12,test__20240902-16-53-12__d37b2c72.npz,1,/home/ubuntu/klb/nuclr/nuclr/Data/Dunn_001623/cv5_grouped_v1/fold_0/train/test__20240902-16-53-12__d37b2c72.npz,/home/ubuntu/klb/nuclr/nuclr/Data/Dunn_001623/date_disjoint_full95_v1/all/20240902-16-53-12.npz,600117,cd9e57955bbf93f2c91080ce93a78f8247aca641fe468e96dd993760207df1d4
rld,0,train,20240902-18-51-10,test__20240902-18-51-10__65122831.npz,1,/home/ubuntu/klb/nuclr/nuclr/Data/Dunn_001623/cv5_grouped_v1/fold_0/train/test__20240902-18-51-10__65122831.npz,/home/ubuntu/klb/nuclr/nuclr/Data/Dunn_001623/date_disjoint_full95_v1/all/20240902-18-51-10.npz,603788,bd34d2cca518f06126504d92d42d40c73774f54bd0e9867f2c89715fba9db185
rld,0,train,20240902-20-11-40,test__20240902-20-11-40__8e027d87.npz,1,/home/ubuntu/klb/nuclr/nuclr/Data/Dunn_001623/cv5_grouped_v1/fold_0/train/test__20240902-20-11-40__8e027d87.npz,/home/ubuntu/klb/nuclr/nuclr/Data/Dunn_001623/date_disjoint_full95_v1/all/20240902-20-11-40.npz,602340,9ba78f905eab012c1863f0c42a5906e4fa680a85e39c9d6f6afbab50a2b66211
rld,0,train,20240904-14-55-14,test__20240904-14-55-14__9a84acb1.npz,1,/home/ubuntu/klb/nuclr/nuclr/Data/Dunn_001623/cv5_grouped_v1/fold_0/train/test__20240904-14-55-14__9a84acb1.npz,/home/ubuntu/klb/nuclr/nuclr/Data/Dunn_001623/date_disjoint_full95_v1/all/20240904-14-55-14.npz,562977,52a2ef5c820c01456b870cae68636aa24637810ac48f32aaa1de59a8e89b6594
rld,0,train,20240904-15-32-57,test__20240904-15-32-57__de09412e.npz,1,/home/ubuntu/klb/nuclr/nuclr/Data/Dunn_001623/cv5_grouped_v1/fold_0/train/test__20240904-15-32-57__de09412e.npz,/home/ubuntu/klb/nuclr/nuclr/Data/Dunn_001623/date_disjoint_full95_v1/all/20240904-15-32-57.npz,531524,038d76d4bb308e445d45a370dd8bb4befffd21a13b9fa069cc7553b6cafc0d03
rld,0,train,20240904-16-51-21,test__20240904-16-51-21__8823f6ed.npz,1,/home/ubuntu/klb/nuclr/nuclr/Data/Dunn_001623/cv5_grouped_v1/fold_0/train/test__20240904-16-51-21__8823f6ed.npz,/home/ubuntu/klb/nuclr/nuclr/Data/Dunn_001623/date_disjoint_full95_v1/all/20240904-16-51-21.npz,587442,2f690aec8cb499d313103dbd9112c8dcac84b264869d1a8c009c4ed5d1154577
rld,0,train,20240917-20-18-26,test__20240917-20-18-26__86af46bb.npz,1,/home/ubuntu/klb/nuclr/nuclr/Data/Dunn_001623/cv5_grouped_v1/fold_0/train/test__20240917-20-18-26__86af46bb.npz,/home/ubuntu/klb/nuclr/nuclr/Data/Dunn_001623/date_disjoint_full95_v1/all/20240917-20-18-26.npz,427461,4b7cc6e42c9cdfaacf14054751bc1c16396c1fba4e8a07588cff5e16cc478801
rld,0,train,20240917-20-52-20,test__20240917-20-52-20__675c5b3a.npz,1,/home/ubuntu/klb/nuclr/nuclr/Data/Dunn_001623/cv5_grouped_v1/fold_0/train/test__20240917-20-52-20__675c5b3a.npz,/home/ubuntu/klb/nuclr/nuclr/Data/Dunn_001623/date_disjoint_full95_v1/all/20240917-20-52-20.npz,428566,bb3286b75c85828cbd831e2fe98318ca2082403a7c3fc18431ea1d654b2525a7
rld,0,train,20240917-22-37-14,test__20240917-22-37-14__8e0dd17d.npz,1,/home/ubuntu/klb/nuclr/nuclr/Data/Dunn_001623/cv5_grouped_v1/fold_0/train/test__20240917-22-37-14__8e0dd17d.npz,/home/ubuntu/klb/nuclr/nuclr/Data/Dunn_001623/date_disjoint_full95_v1/all/20240917-22-37-14.npz,653808,15e28f0ece35d5824a98a1c4247bf5491ed8a412824dff3b27ad3de2ac7fbad8
rld,0,train,20220302-11-45-51,train__20220302-11-45-51__e4ddba8b.npz,1,/home/ubuntu/klb/nuclr/nuclr/Data/Dunn_001623/cv5_grouped_v1/fold_0/train/train__20220302-11-45-51__e4ddba8b.npz,/home/ubuntu/klb/nuclr/nuclr/Data/Dunn_001623/date_disjoint_full95_v1/all/20220302-11-45-51.npz,1472532,8a63df82f78d11662d971ab956cfecfd6d3e4b3c138c074581a62687506b1d67
rld,0,train,20221106-21-47-31,train__20221106-21-47-31__5317510b.npz,1,/home/ubuntu/klb/nuclr/nuclr/Data/Dunn_001623/cv5_grouped_v1/fold_0/train/train__20221106-21-47-31__5317510b.npz,/home/ubuntu/klb/nuclr/nuclr/Data/Dunn_001623/date_disjoint_full95_v1/all/20221106-21-47-31.npz,256029,16d48b63bb7df89544136b1857fb6913f27599a855de33ce92457a6b65dd5f1f
rld,0,train,20230317-12-27-51,train__20230317-12-27-51__d9cfb273.npz,1,/home/ubuntu/klb/nuclr/nuclr/Data/Dunn_001623/cv5_grouped_v1/fold_0/train/train__20230317-12-27-51__d9cfb273.npz,/home/ubuntu/klb/nuclr/nuclr/Data/Dunn_001623/date_disjoint_full95_v1/all/20230317-12-27-51.npz,490100,809c44ad6a3395dee6bb504b9289a64be52f8c8d9147c27cffd56e63502d55cf
rld,0,train,20230322-20-16-50,train__20230322-20-16-50__ca407999.npz,1,/home/ubuntu/klb/nuclr/nuclr/Data/Dunn_001623/cv5_grouped_v1/fold_0/train/train__20230322-20-16-50__ca407999.npz,/home/ubuntu/klb/nuclr/nuclr/Data/Dunn_001623/date_disjoint_full95_v1/all/20230322-20-16-50.npz,632030,5a4c69383f6c10bdfc2d9999ba75aea853a12ac4c9f09fea2bf0710ce9520213
rld,0,train,20230322-21-09-13,train__20230322-21-09-13__96dcc1e2.npz,1,/home/ubuntu/klb/nuclr/nuclr/Data/Dunn_001623/cv5_grouped_v1/fold_0/train/train__20230322-21-09-13__96dcc1e2.npz,/home/ubuntu/klb/nuclr/nuclr/Data/Dunn_001623/date_disjoint_full95_v1/all/20230322-21-09-13.npz,566535,0aca8f2cbc2b818bc81a226eada07b5fac897d3dd9831254a6a3e9040f4587af
rld,0,train,20230412-20-15-17,train__20230412-20-15-17__daaa749b.npz,1,/home/ubuntu/klb/nuclr/nuclr/Data/Dunn_001623/cv5_grouped_v1/fold_0/train/train__20230412-20-15-17__daaa749b.npz,/home/ubuntu/klb/nuclr/nuclr/Data/Dunn_001623/date_disjoint_full95_v1/all/20230412-20-15-17.npz,666496,51570b62cd95cb9665996b570aa1e659117ace4261267b70160dc297091edc78
rld,0,train,20230502-20-05-02,train__20230502-20-05-02__a258e522.npz,1,/home/ubuntu/klb/nuclr/nuclr/Data/Dunn_001623/cv5_grouped_v1/fold_0/train/train__20230502-20-05-02__a258e522.npz,/home/ubuntu/klb/nuclr/nuclr/Data/Dunn_001623/date_disjoint_full95_v1/all/20230502-20-05-02.npz,559020,378ce7ca38db3782de8ef4b580e5b17d484e33dfb7e1bf61d3933c547825b77d
rld,0,train,20230506-12-56-00,train__20230506-12-56-00__22f6ec67.npz,1,/home/ubuntu/klb/nuclr/nuclr/Data/Dunn_001623/cv5_grouped_v1/fold_0/train/train__20230506-12-56-00__22f6ec67.npz,/home/ubuntu/klb/nuclr/nuclr/Data/Dunn_001623/date_disjoint_full95_v1/all/20230506-12-56-00.npz,561548,c258b3dce13d4996412f4ed1909d675648d86df1a83411a9c5d259ea9e5f4bfe
rld,0,train,20230506-13-32-08,train__20230506-13-32-08__24b0f96a.npz,1,/home/ubuntu/klb/nuclr/nuclr/Data/Dunn_001623/cv5_grouped_v1/fold_0/train/train__20230506-13-32-08__24b0f96a.npz,/home/ubuntu/klb/nuclr/nuclr/Data/Dunn_001623/date_disjoint_full95_v1/all/20230506-13-32-08.npz,497483,0f4cff916f9712a4dfccd0f30e058bd283b3eecdafc9df91025729e2703be395
rld,0,train,20230506-14-24-57,train__20230506-14-24-57__cf346a72.npz,1,/home/ubuntu/klb/nuclr/nuclr/Data/Dunn_001623/cv5_grouped_v1/fold_0/train/train__20230506-14-24-57__cf346a72.npz,/home/ubuntu/klb/nuclr/nuclr/Data/Dunn_001623/date_disjoint_full95_v1/all/20230506-14-24-57.npz,597961,abdc87dcd17cdf1606afbe9bb930b295072ba50f5240946ab790665af3f56d61
rld,0,train,20230506-15-01-45,train__20230506-15-01-45__946fe43a.npz,1,/home/ubuntu/klb/nuclr/nuclr/Data/Dunn_001623/cv5_grouped_v1/fold_0/train/train__20230506-15-01-45__946fe43a.npz,/home/ubuntu/klb/nuclr/nuclr/Data/Dunn_001623/date_disjoint_full95_v1/all/20230506-15-01-45.npz,507277,ada241f4efbb36c9549122c067d183e520994e8404d326902d5c5c9315fdcf0b
rld,0,train,20230506-15-33-51,train__20230506-15-33-51__8ad093bc.npz,1,/home/ubuntu/klb/nuclr/nuclr/Data/Dunn_001623/cv5_grouped_v1/fold_0/train/train__20230506-15-33-51__8ad093bc.npz,/home/ubuntu/klb/nuclr/nuclr/Data/Dunn_001623/date_disjoint_full95_v1/all/20230506-15-33-51.npz,559416,9d1ec781bb30612acfa24aa8ebd3590e752d4e18f7e1cdf890255e7fdb1c58fe
rld,0,train,20230510-12-53-34,train__20230510-12-53-34__0508114e.npz,1,/home/ubuntu/klb/nuclr/nuclr/Data/Dunn_001623/cv5_grouped_v1/fold_0/train/train__20230510-12-53-34__0508114e.npz,/home/ubuntu/klb/nuclr/nuclr/Data/Dunn_001623/date_disjoint_full95_v1/all/20230510-12-53-34.npz,615955,5c4af1bce1438ebdba97f820dae84e3547a8a422d60ff177b0bae7317f83bdb3
rld,0,train,20230510-13-25-46,train__20230510-13-25-46__c855119f.npz,1,/home/ubuntu/klb/nuclr/nuclr/Data/Dunn_001623/cv5_grouped_v1/fold_0/train/train__20230510-13-25-46__c855119f.npz,/home/ubuntu/klb/nuclr/nuclr/Data/Dunn_001623/date_disjoint_full95_v1/all/20230510-13-25-46.npz,593370,026104ff57aeb61f7a25e7c8681298e3bf9e3848e01b39c4d88bec5b15a7412e
rld,0,train,20230510-15-49-47,train__20230510-15-49-47__4b9d53d9.npz,1,/home/ubuntu/klb/nuclr/nuclr/Data/Dunn_001623/cv5_grouped_v1/fold_0/train/train__20230510-15-49-47__4b9d53d9.npz,/home/ubuntu/klb/nuclr/nuclr/Data/Dunn_001623/date_disjoint_full95_v1/all/20230510-15-49-47.npz,497250,c6a68f961b3740cce90e5aaeb1ca5269fbae488ff885bf9df04d2492c7d93c95
rld,0,train,20230604-15-10-44,train__20230604-15-10-44__b2c953a0.npz,1,/home/ubuntu/klb/nuclr/nuclr/Data/Dunn_001623/cv5_grouped_v1/fold_0/train/train__20230604-15-10-44__b2c953a0.npz,/home/ubuntu/klb/nuclr/nuclr/Data/Dunn_001623/date_disjoint_full95_v1/all/20230604-15-10-44.npz,528295,797b1eba9c29e30dfd27a967b9932b810f7afa571d0d33f9243daaa70fb0fdbf
rld,0,train,20230604-15-50-12,train__20230604-15-50-12__2e46de74.npz,1,/home/ubuntu/klb/nuclr/nuclr/Data/Dunn_001623/cv5_grouped_v1/fold_0/train/train__20230604-15-50-12__2e46de74.npz,/home/ubuntu/klb/nuclr/nuclr/Data/Dunn_001623/date_disjoint_full95_v1/all/20230604-15-50-12.npz,514909,2b276d64e28c1535e1562f3473ecbb596db1984f8a31caca4c9d778f43261e4a
rld,0,train,20230604-16-22-56,train__20230604-16-22-56__21786b5b.npz,1,/home/ubuntu/klb/nuclr/nuclr/Data/Dunn_001623/cv5_grouped_v1/fold_0/train/train__20230604-16-22-56__21786b5b.npz,/home/ubuntu/klb/nuclr/nuclr/Data/Dunn_001623/date_disjoint_full95_v1/all/20230604-16-22-56.npz,473722,4a3677195d7ad4758b59da260dac9440c845d3c8d1634c0cbe1677f02fdd7b29
rld,0,train,20230903-15-10-21,train__20230903-15-10-21__530c73e1.npz,1,/home/ubuntu/klb/nuclr/nuclr/Data/Dunn_001623/cv5_grouped_v1/fold_0/train/train__20230903-15-10-21__530c73e1.npz,/home/ubuntu/klb/nuclr/nuclr/Data/Dunn_001623/date_disjoint_full95_v1/all/20230903-15-10-21.npz,598598,3988f0b91b74e77a290c5ec5504a6950ef398d28bdfa46f5dfb3e2038caa8547
rld,0,train,20230903-18-20-19,train__20230903-18-20-19__addb8863.npz,1,/home/ubuntu/klb/nuclr/nuclr/Data/Dunn_001623/cv5_grouped_v1/fold_0/train/train__20230903-18-20-19__addb8863.npz,/home/ubuntu/klb/nuclr/nuclr/Data/Dunn_001623/date_disjoint_full95_v1/all/20230903-18-20-19.npz,675580,bde41c94d7c19d6e3ad18df857e88cfb0c95b60022ae4532311f97a5df048c82
rld,0,train,20230904-15-59-40,train__20230904-15-59-40__ee901581.npz,1,/home/ubuntu/klb/nuclr/nuclr/Data/Dunn_001623/cv5_grouped_v1/fold_0/train/train__20230904-15-59-40__ee901581.npz,/home/ubuntu/klb/nuclr/nuclr/Data/Dunn_001623/date_disjoint_full95_v1/all/20230904-15-59-40.npz,617472,3ea8a636408f6954061bb519cc74ecfde91cc1a423fe2b4d2037fd4f8ee984cb
rld,0,train,20230909-14-26-56,train__20230909-14-26-56__57f9e593.npz,1,/home/ubuntu/klb/nuclr/nuclr/Data/Dunn_001623/cv5_grouped_v1/fold_0/train/train__20230909-14-26-56__57f9e593.npz,/home/ubuntu/klb/nuclr/nuclr/Data/Dunn_001623/date_disjoint_full95_v1/all/20230909-14-26-56.npz,634453,a3442d62c59dc33a5b0c53b96ae2fe0ea92632e8e75e4b0b4b7d7edbd5ac3937
rld,0,train,20230909-16-48-09,train__20230909-16-48-09__8ffb3e48.npz,1,/home/ubuntu/klb/nuclr/nuclr/Data/Dunn_001623/cv5_grouped_v1/fold_0/train/train__20230909-16-48-09__8ffb3e48.npz,/home/ubuntu/klb/nuclr/nuclr/Data/Dunn_001623/date_disjoint_full95_v1/all/20230909-16-48-09.npz,580481,464166cbf10e0aa05e86db6c575d6d410ea46bec585e42d504a1dc574ba5c49d
rld,0,train,20240426-22-49-55,train__20240426-22-49-55__1da0e1a7.npz,1,/home/ubuntu/klb/nuclr/nuclr/Data/Dunn_001623/cv5_grouped_v1/fold_0/train/train__20240426-22-49-55__1da0e1a7.npz,/home/ubuntu/klb/nuclr/nuclr/Data/Dunn_001623/date_disjoint_full95_v1/all/20240426-22-49-55.npz,559794,8a955aadb345d9295463af7ac2d59891d205094ec14151438a3cc5e3c88d260a
rld,0,train,20240427-12-43-44,train__20240427-12-43-44__3f49af46.npz,1,/home/ubuntu/klb/nuclr/nuclr/Data/Dunn_001623/cv5_grouped_v1/fold_0/train/train__20240427-12-43-44__3f49af46.npz,/home/ubuntu/klb/nuclr/nuclr/Data/Dunn_001623/date_disjoint_full95_v1/all/20240427-12-43-44.npz,621093,16b70c206af336232483edb4d0b2913b8dfeabae04f44e48ebd99eb11cc12475
rld,0,train,20240430-21-04-44,train__20240430-21-04-44__9ef731e3.npz,1,/home/ubuntu/klb/nuclr/nuclr/Data/Dunn_001623/cv5_grouped_v1/fold_0/train/train__20240430-21-04-44__9ef731e3.npz,/home/ubuntu/klb/nuclr/nuclr/Data/Dunn_001623/date_disjoint_full95_v1/all/20240430-21-04-44.npz,600253,936a06ab47f1d3bf92974f8cf8939be82ba296daf2522a117d017d38a3b4b379
rld,0,train,20240526-17-36-55,train__20240526-17-36-55__f19a90eb.npz,1,/home/ubuntu/klb/nuclr/nuclr/Data/Dunn_001623/cv5_grouped_v1/fold_0/train/train__20240526-17-36-55__f19a90eb.npz,/home/ubuntu/klb/nuclr/nuclr/Data/Dunn_001623/date_disjoint_full95_v1/all/20240526-17-36-55.npz,864825,3b1c0a2703e286c27f30bff702b3722685daad268f47c6f87171b4dadff22e94
rld,0,train,20240526-19-51-22,train__20240526-19-51-22__48ee49a1.npz,1,/home/ubuntu/klb/nuclr/nuclr/Data/Dunn_001623/cv5_grouped_v1/fold_0/train/train__20240526-19-51-22__48ee49a1.npz,/home/ubuntu/klb/nuclr/nuclr/Data/Dunn_001623/date_disjoint_full95_v1/all/20240526-19-51-22.npz,1283974,25050915ec7a88edb8fb4584db70b7d53df3c0b0cd0aad1583d0a9650a97030a
rld,0,train,20240626-12-35-05,train__20240626-12-35-05__211655c5.npz,1,/home/ubuntu/klb/nuclr/nuclr/Data/Dunn_001623/cv5_grouped_v1/fold_0/train/train__20240626-12-35-05__211655c5.npz,/home/ubuntu/klb/nuclr/nuclr/Data/Dunn_001623/date_disjoint_full95_v1/all/20240626-12-35-05.npz,860462,f4cedb7a420d7774a83278715e8500e456a17709b343160926e7b0e472c762c6
rld,0,train,20240626-13-22-25,train__20240626-13-22-25__0b6ce516.npz,1,/home/ubuntu/klb/nuclr/nuclr/Data/Dunn_001623/cv5_grouped_v1/fold_0/train/train__20240626-13-22-25__0b6ce516.npz,/home/ubuntu/klb/nuclr/nuclr/Data/Dunn_001623/date_disjoint_full95_v1/all/20240626-13-22-25.npz,1293937,2d9fca5521e033faf6fb9e786e816cb14a7f21b7be6363a72eb513809e06de22
rld,0,train,20240626-13-55-40,train__20240626-13-55-40__d0b1dbab.npz,1,/home/ubuntu/klb/nuclr/nuclr/Data/Dunn_001623/cv5_grouped_v1/fold_0/train/train__20240626-13-55-40__d0b1dbab.npz,/home/ubuntu/klb/nuclr/nuclr/Data/Dunn_001623/date_disjoint_full95_v1/all/20240626-13-55-40.npz,739990,7e3414d44de376801ac5af332e900c942b181f8ff6cab5d9c4fd84f82ab0db82
rld,0,train,20240626-15-08-33,train__20240626-15-08-33__4751906d.npz,1,/home/ubuntu/klb/nuclr/nuclr/Data/Dunn_001623/cv5_grouped_v1/fold_0/train/train__20240626-15-08-33__4751906d.npz,/home/ubuntu/klb/nuclr/nuclr/Data/Dunn_001623/date_disjoint_full95_v1/all/20240626-15-08-33.npz,941538,e3416ecbf3c88b575f51f1292b96491279220d7f1a2e96473afa19547aa9f98a
rld,0,train,20240629-14-48-32,train__20240629-14-48-32__2b74813e.npz,1,/home/ubuntu/klb/nuclr/nuclr/Data/Dunn_001623/cv5_grouped_v1/fold_0/train/train__20240629-14-48-32__2b74813e.npz,/home/ubuntu/klb/nuclr/nuclr/Data/Dunn_001623/date_disjoint_full95_v1/all/20240629-14-48-32.npz,1009255,05c3fc68f906dcfba013abfbcbc9ad84905083800cbc00be7cd684851c467841
rld,0,train,20240629-17-55-55,train__20240629-17-55-55__51d00abe.npz,1,/home/ubuntu/klb/nuclr/nuclr/Data/Dunn_001623/cv5_grouped_v1/fold_0/train/train__20240629-17-55-55__51d00abe.npz,/home/ubuntu/klb/nuclr/nuclr/Data/Dunn_001623/date_disjoint_full95_v1/all/20240629-17-55-55.npz,1148159,9a72b11f17fd8ea78794e4b61cf62f238eef979dc419e1924ae06055e12e117c
rld,0,train,20240629-20-22-10,train__20240629-20-22-10__7a7853dd.npz,1,/home/ubuntu/klb/nuclr/nuclr/Data/Dunn_001623/cv5_grouped_v1/fold_0/train/train__20240629-20-22-10__7a7853dd.npz,/home/ubuntu/klb/nuclr/nuclr/Data/Dunn_001623/date_disjoint_full95_v1/all/20240629-20-22-10.npz,1278525,3e6a76ecd5c55b097018683eaa206aa33fcb60a9594379f5ad1ec39635d7acca
rld,0,train,20240629-20-59-45,train__20240629-20-59-45__37ae4b86.npz,1,/home/ubuntu/klb/nuclr/nuclr/Data/Dunn_001623/cv5_grouped_v1/fold_0/train/train__20240629-20-59-45__37ae4b86.npz,/home/ubuntu/klb/nuclr/nuclr/Data/Dunn_001623/date_disjoint_full95_v1/all/20240629-20-59-45.npz,1088692,21170dd357664c632d06613ad89a5a78fdd662b4f63a4b62ac6c1be8555d2389
rld,0,train,20240714-15-24-26,train__20240714-15-24-26__8e813fbd.npz,1,/home/ubuntu/klb/nuclr/nuclr/Data/Dunn_001623/cv5_grouped_v1/fold_0/train/train__20240714-15-24-26__8e813fbd.npz,/home/ubuntu/klb/nuclr/nuclr/Data/Dunn_001623/date_disjoint_full95_v1/all/20240714-15-24-26.npz,991282,41268b9bd7733337cc30695107dbc88c536f793cbf5e5817568acfdec22dee76
rld,0,train,20240714-17-28-58,train__20240714-17-28-58__6d7f3bea.npz,1,/home/ubuntu/klb/nuclr/nuclr/Data/Dunn_001623/cv5_grouped_v1/fold_0/train/train__20240714-17-28-58__6d7f3bea.npz,/home/ubuntu/klb/nuclr/nuclr/Data/Dunn_001623/date_disjoint_full95_v1/all/20240714-17-28-58.npz,979700,9c9f08defdab9b830502e248dff5d37549049d5410381271ecf7300e6181c42d
rld,0,train,20240724-14-26-00,val__20240724-14-26-00__b5d23d7a.npz,1,/home/ubuntu/klb/nuclr/nuclr/Data/Dunn_001623/cv5_grouped_v1/fold_0/train/val__20240724-14-26-00__b5d23d7a.npz,/home/ubuntu/klb/nuclr/nuclr/Data/Dunn_001623/date_disjoint_full95_v1/all/20240724-14-26-00.npz,923104,9f93a331c924f2c82bac46321a2e91d8c39c14ba02e4e9dd1bd2d946d4f9b5da
rld,0,train,20240724-15-48-55,val__20240724-15-48-55__67456da3.npz,1,/home/ubuntu/klb/nuclr/nuclr/Data/Dunn_001623/cv5_grouped_v1/fold_0/train/val__20240724-15-48-55__67456da3.npz,/home/ubuntu/klb/nuclr/nuclr/Data/Dunn_001623/date_disjoint_full95_v1/all/20240724-15-48-55.npz,818425,db3d13668763394b61914a2d84cacd0fa3e503415fc0aaa32c86cd9b80cc6d38
rld,0,train,20240724-16-28-26,val__20240724-16-28-26__6d81a78c.npz,1,/home/ubuntu/klb/nuclr/nuclr/Data/Dunn_001623/cv5_grouped_v1/fold_0/train/val__20240724-16-28-26__6d81a78c.npz,/home/ubuntu/klb/nuclr/nuclr/Data/Dunn_001623/date_disjoint_full95_v1/all/20240724-16-28-26.npz,866188,668621b6de7cf485dc1aa471fc52666f12f364b0a05d331e62fe8158593e1ce4
rld,0,train,20240724-17-40-58,val__20240724-17-40-58__3876e251.npz,1,/home/ubuntu/klb/nuclr/nuclr/Data/Dunn_001623/cv5_grouped_v1/fold_0/train/val__20240724-17-40-58__3876e251.npz,/home/ubuntu/klb/nuclr/nuclr/Data/Dunn_001623/date_disjoint_full95_v1/all/20240724-17-40-58.npz,990750,2c4941978753a891294b8623a82ecb5e4bf3fb0ffc9cf3c1ab333b63ada38034
rld,0,train,20240828-14-16-29,val__20240828-14-16-29__4c7345fc.npz,1,/home/ubuntu/klb/nuclr/nuclr/Data/Dunn_001623/cv5_grouped_v1/fold_0/train/val__20240828-14-16-29__4c7345fc.npz,/home/ubuntu/klb/nuclr/nuclr/Data/Dunn_001623/date_disjoint_full95_v1/all/20240828-14-16-29.npz,688303,75783919454ba3046b2d4d669a32ca443da26cb7665691078c2f7e7d176e5c01
rld,0,train,20240828-14-57-38,val__20240828-14-57-38__d5c88191.npz,1,/home/ubuntu/klb/nuclr/nuclr/Data/Dunn_001623/cv5_grouped_v1/fold_0/train/val__20240828-14-57-38__d5c88191.npz,/home/ubuntu/klb/nuclr/nuclr/Data/Dunn_001623/date_disjoint_full95_v1/all/20240828-14-57-38.npz,637153,91244ae3bdb72d013b36a341a2c81b818e0ddb569513b5cac0f4ead8ae54f1da
rld,0,train,20240828-15-51-58,val__20240828-15-51-58__caf29ced.npz,1,/home/ubuntu/klb/nuclr/nuclr/Data/Dunn_001623/cv5_grouped_v1/fold_0/train/val__20240828-15-51-58__caf29ced.npz,/home/ubuntu/klb/nuclr/nuclr/Data/Dunn_001623/date_disjoint_full95_v1/all/20240828-15-51-58.npz,575066,a6c1279495c76f484371e948580f57e75ee64726b0c34a8ae19e2be3c5c337c6
rld,0,train,20240828-16-23-54,val__20240828-16-23-54__88c04f1d.npz,1,/home/ubuntu/klb/nuclr/nuclr/Data/Dunn_001623/cv5_grouped_v1/fold_0/train/val__20240828-16-23-54__88c04f1d.npz,/home/ubuntu/klb/nuclr/nuclr/Data/Dunn_001623/date_disjoint_full95_v1/all/20240828-16-23-54.npz,607733,d61f7b7389263aa12f73bd4b8980f92bbcf474cbbb0eb8589ce91ce1a1c77780
rld,0,val,20240902-18-09-07,test__20240902-18-09-07__95b23b60.npz,1,/home/ubuntu/klb/nuclr/nuclr/Data/Dunn_001623/cv5_grouped_v1/fold_0/val/test__20240902-18-09-07__95b23b60.npz,/home/ubuntu/klb/nuclr/nuclr/Data/Dunn_001623/date_disjoint_full95_v1/all/20240902-18-09-07.npz,669226,514436d2f29a4e5d00ae6deb487b10b4bbba4c3929d24f91f58dc94925316afa
rld,0,val,20240904-16-13-38,test__20240904-16-13-38__f1471777.npz,1,/home/ubuntu/klb/nuclr/nuclr/Data/Dunn_001623/cv5_grouped_v1/fold_0/val/test__20240904-16-13-38__f1471777.npz,/home/ubuntu/klb/nuclr/nuclr/Data/Dunn_001623/date_disjoint_full95_v1/all/20240904-16-13-38.npz,587011,d219fc3ae6bb4d95d248262b2967529d6b5592629d82c69f4bd1e9259471b25d
rld,0,val,20240904-17-29-27,test__20240904-17-29-27__89ba9935.npz,1,/home/ubuntu/klb/nuclr/nuclr/Data/Dunn_001623/cv5_grouped_v1/fold_0/val/test__20240904-17-29-27__89ba9935.npz,/home/ubuntu/klb/nuclr/nuclr/Data/Dunn_001623/date_disjoint_full95_v1/all/20240904-17-29-27.npz,565447,5d922b817011850ebafba8c2d0e5be7bbba2e4f65f74bcc295390d3996dad50b
rld,0,val,20240917-21-32-57,test__20240917-21-32-57__79d5d848.npz,1,/home/ubuntu/klb/nuclr/nuclr/Data/Dunn_001623/cv5_grouped_v1/fold_0/val/test__20240917-21-32-57__79d5d848.npz,/home/ubuntu/klb/nuclr/nuclr/Data/Dunn_001623/date_disjoint_full95_v1/all/20240917-21-32-57.npz,582384,47b06b0331b5f333fdca2898688e232a63745e7e9b6eb0d075d8fa75c1e9b9af
rld,0,val,20221106-21-00-09,train__20221106-21-00-09__09a0b8d2.npz,1,/home/ubuntu/klb/nuclr/nuclr/Data/Dunn_001623/cv5_grouped_v1/fold_0/val/train__20221106-21-00-09__09a0b8d2.npz,/home/ubuntu/klb/nuclr/nuclr/Data/Dunn_001623/date_disjoint_full95_v1/all/20221106-21-00-09.npz,302342,0d52fa6f08d786fa7ee0adc6b6ae0e2cc6c457f2d55a780eacfabaf83128b542
rld,0,val,20230322-21-41-10,train__20230322-21-41-10__68e571c7.npz,1,/home/ubuntu/klb/nuclr/nuclr/Data/Dunn_001623/cv5_grouped_v1/fold_0/val/train__20230322-21-41-10__68e571c7.npz,/home/ubuntu/klb/nuclr/nuclr/Data/Dunn_001623/date_disjoint_full95_v1/all/20230322-21-41-10.npz,639978,09727bd5232dfa40df415d5fad5103579618f43b17c648bd1eac9eb84f0bd883
rld,0,val,20230322-22-43-03,train__20230322-22-43-03__263d116b.npz,1,/home/ubuntu/klb/nuclr/nuclr/Data/Dunn_001623/cv5_grouped_v1/fold_0/val/train__20230322-22-43-03__263d116b.npz,/home/ubuntu/klb/nuclr/nuclr/Data/Dunn_001623/date_disjoint_full95_v1/all/20230322-22-43-03.npz,621015,42151d86757f7fdd643a2f5c987d1b80282de98bc9a77424caec8d6f5ffd7bad
rld,0,val,20230502-20-41-23,train__20230502-20-41-23__2165ec1f.npz,1,/home/ubuntu/klb/nuclr/nuclr/Data/Dunn_001623/cv5_grouped_v1/fold_0/val/train__20230502-20-41-23__2165ec1f.npz,/home/ubuntu/klb/nuclr/nuclr/Data/Dunn_001623/date_disjoint_full95_v1/all/20230502-20-41-23.npz,503938,eb79fbb23adc3938f27a0e299d3e9e17e0edb69206657390d4077673a745346f
rld,0,val,20230604-17-09-01,train__20230604-17-09-01__463c457e.npz,1,/home/ubuntu/klb/nuclr/nuclr/Data/Dunn_001623/cv5_grouped_v1/fold_0/val/train__20230604-17-09-01__463c457e.npz,/home/ubuntu/klb/nuclr/nuclr/Data/Dunn_001623/date_disjoint_full95_v1/all/20230604-17-09-01.npz,529967,475c8f52e519daa2c0fd76a6153db5b555bdd8bc82466362c59d0599902cc96e
rld,0,val,20230903-16-32-28,train__20230903-16-32-28__f139478f.npz,1,/home/ubuntu/klb/nuclr/nuclr/Data/Dunn_001623/cv5_grouped_v1/fold_0/val/train__20230903-16-32-28__f139478f.npz,/home/ubuntu/klb/nuclr/nuclr/Data/Dunn_001623/date_disjoint_full95_v1/all/20230903-16-32-28.npz,691456,8c8813530f0715fb9328a0c6642244311bb5165a04d2595155b571312d2ffb05
rld,0,val,20230903-19-07-30,train__20230903-19-07-30__a37ab37d.npz,1,/home/ubuntu/klb/nuclr/nuclr/Data/Dunn_001623/cv5_grouped_v1/fold_0/val/train__20230903-19-07-30__a37ab37d.npz,/home/ubuntu/klb/nuclr/nuclr/Data/Dunn_001623/date_disjoint_full95_v1/all/20230903-19-07-30.npz,611496,37ddf562291da85b4dfaa8e2c59bbfe8a58041009005730f9f19980eaa792f96
rld,0,val,20230904-15-09-05,train__20230904-15-09-05__8abbb802.npz,1,/home/ubuntu/klb/nuclr/nuclr/Data/Dunn_001623/cv5_grouped_v1/fold_0/val/train__20230904-15-09-05__8abbb802.npz,/home/ubuntu/klb/nuclr/nuclr/Data/Dunn_001623/date_disjoint_full95_v1/all/20230904-15-09-05.npz,584176,f3b0d83fbcb27f8fb4babc90291d89346ebab46aacc80ba9d3e57816bd5966a7
rld,0,val,20230909-15-40-07,train__20230909-15-40-07__b05ac7c6.npz,1,/home/ubuntu/klb/nuclr/nuclr/Data/Dunn_001623/cv5_grouped_v1/fold_0/val/train__20230909-15-40-07__b05ac7c6.npz,/home/ubuntu/klb/nuclr/nuclr/Data/Dunn_001623/date_disjoint_full95_v1/all/20230909-15-40-07.npz,561995,0be1ba33dd8a46ff03bc7bcba4826ec796d20e491b70cb76fdcea0c087a331ae
rld,0,val,20230909-16-14-25,train__20230909-16-14-25__1ce065a5.npz,1,/home/ubuntu/klb/nuclr/nuclr/Data/Dunn_001623/cv5_grouped_v1/fold_0/val/train__20230909-16-14-25__1ce065a5.npz,/home/ubuntu/klb/nuclr/nuclr/Data/Dunn_001623/date_disjoint_full95_v1/all/20230909-16-14-25.npz,524447,6f2372dcd2a244f5f321777c6858d7b8f6228d1ab33ffc1e832a768cde327486
rld,0,val,20230921-17-15-33,train__20230921-17-15-33__7e38f7b1.npz,1,/home/ubuntu/klb/nuclr/nuclr/Data/Dunn_001623/cv5_grouped_v1/fold_0/val/train__20230921-17-15-33__7e38f7b1.npz,/home/ubuntu/klb/nuclr/nuclr/Data/Dunn_001623/date_disjoint_full95_v1/all/20230921-17-15-33.npz,562857,298f265109500dfff384381bb6a464673b5ed53500eee1fbdf4d2987fb9e3bf6
rld,0,val,20240526-19-18-14,train__20240526-19-18-14__28f19b5b.npz,1,/home/ubuntu/klb/nuclr/nuclr/Data/Dunn_001623/cv5_grouped_v1/fold_0/val/train__20240526-19-18-14__28f19b5b.npz,/home/ubuntu/klb/nuclr/nuclr/Data/Dunn_001623/date_disjoint_full95_v1/all/20240526-19-18-14.npz,1144369,68fbc5c1ba5ab06d85734c17c37904e45eebc01ea70880fa83998efcc036c975
rld,0,val,20240714-16-04-26,train__20240714-16-04-26__25b86368.npz,1,/home/ubuntu/klb/nuclr/nuclr/Data/Dunn_001623/cv5_grouped_v1/fold_0/val/train__20240714-16-04-26__25b86368.npz,/home/ubuntu/klb/nuclr/nuclr/Data/Dunn_001623/date_disjoint_full95_v1/all/20240714-16-04-26.npz,785322,934853d0647d84581cfe8f9168c5e11fdd133a367a949ddf647690071e2317b8
rld,0,val,20240724-15-07-00,val__20240724-15-07-00__3bfc59cb.npz,1,/home/ubuntu/klb/nuclr/nuclr/Data/Dunn_001623/cv5_grouped_v1/fold_0/val/val__20240724-15-07-00__3bfc59cb.npz,/home/ubuntu/klb/nuclr/nuclr/Data/Dunn_001623/date_disjoint_full95_v1/all/20240724-15-07-00.npz,946934,21c17a66317a92d25b59a02616818529c4beac70a5540fe93371c0969881e95c
rld,0,val,20240829-13-39-15,val__20240829-13-39-15__269f754b.npz,1,/home/ubuntu/klb/nuclr/nuclr/Data/Dunn_001623/cv5_grouped_v1/fold_0/val/val__20240829-13-39-15__269f754b.npz,/home/ubuntu/klb/nuclr/nuclr/Data/Dunn_001623/date_disjoint_full95_v1/all/20240829-13-39-15.npz,592338,59ac7db07580ab84e10a985496b706aff00c82d3ddc6a3161babfe5466b3b8b9
rld,0,test,20240902-17-33-24,test__20240902-17-33-24__9b2f6f70.npz,1,/home/ubuntu/klb/nuclr/nuclr/Data/Dunn_001623/cv5_grouped_v1/fold_0/test/test__20240902-17-33-24__9b2f6f70.npz,/home/ubuntu/klb/nuclr/nuclr/Data/Dunn_001623/date_disjoint_full95_v1/all/20240902-17-33-24.npz,654641,697b17f6415871d4f66c6c6a43b10692d9fafb22e7ec3ba1db2f48fc6253d74b
rld,0,test,20220316-15-34-20,train__20220316-15-34-20__04bb7805.npz,1,/home/ubuntu/klb/nuclr/nuclr/Data/Dunn_001623/cv5_grouped_v1/fold_0/test/train__20220316-15-34-20__04bb7805.npz,/home/ubuntu/klb/nuclr/nuclr/Data/Dunn_001623/date_disjoint_full95_v1/all/20220316-15-34-20.npz,1319340,44bd5fab42de01c69b1114132c052d3f3731f3b960de5769c3d6c068a138fb8a
rld,0,test,20220426-11-26-14,train__20220426-11-26-14__566b98d7.npz,1,/home/ubuntu/klb/nuclr/nuclr/Data/Dunn_001623/cv5_grouped_v1/fold_0/test/train__20220426-11-26-14__566b98d7.npz,/home/ubuntu/klb/nuclr/nuclr/Data/Dunn_001623/date_disjoint_full95_v1/all/20220426-11-26-14.npz,1303057,7db5e3974a5b61cc3a23a36fe17754990505366f285c234cfcae3436715028d4
rld,0,test,20220426-11-32-18,train__20220426-11-32-18__486b09fd.npz,1,/home/ubuntu/klb/nuclr/nuclr/Data/Dunn_001623/cv5_grouped_v1/fold_0/test/train__20220426-11-32-18__486b09fd.npz,/home/ubuntu/klb/nuclr/nuclr/Data/Dunn_001623/date_disjoint_full95_v1/all/20220426-11-32-18.npz,1503533,bb8efa2399ed4ba39e27b79d0366d913ac8cf3a0474e9d10a55e1ce2ac38b944
rld,0,test,20221106-21-23-19,train__20221106-21-23-19__5c1ba7b0.npz,1,/home/ubuntu/klb/nuclr/nuclr/Data/Dunn_001623/cv5_grouped_v1/fold_0/test/train__20221106-21-23-19__5c1ba7b0.npz,/home/ubuntu/klb/nuclr/nuclr/Data/Dunn_001623/date_disjoint_full95_v1/all/20221106-21-23-19.npz,279948,e5c1c0fba317e1b6feaf689bc6f580d5b8ce52c34e60943233dd0e03fc0e6487
rld,0,test,20221215-22-02-55,train__20221215-22-02-55__13b8ecc9.npz,1,/home/ubuntu/klb/nuclr/nuclr/Data/Dunn_001623/cv5_grouped_v1/fold_0/test/train__20221215-22-02-55__13b8ecc9.npz,/home/ubuntu/klb/nuclr/nuclr/Data/Dunn_001623/date_disjoint_full95_v1/all/20221215-22-02-55.npz,383980,aa3753eb80ca4e6f2cc192ea35a0f96ac52fe02d2463cb5ed9b2d9d6a116be09
rld,0,test,20230317-12-51-42,train__20230317-12-51-42__ee7cf2ed.npz,1,/home/ubuntu/klb/nuclr/nuclr/Data/Dunn_001623/cv5_grouped_v1/fold_0/test/train__20230317-12-51-42__ee7cf2ed.npz,/home/ubuntu/klb/nuclr/nuclr/Data/Dunn_001623/date_disjoint_full95_v1/all/20230317-12-51-42.npz,448026,d0ea4ab2d7c8aea6b00cde5e3b436267d9020554f3b7409f6a87dfb1d13eb0de
rld,0,test,20230322-18-57-04,train__20230322-18-57-04__9b40dc1c.npz,1,/home/ubuntu/klb/nuclr/nuclr/Data/Dunn_001623/cv5_grouped_v1/fold_0/test/train__20230322-18-57-04__9b40dc1c.npz,/home/ubuntu/klb/nuclr/nuclr/Data/Dunn_001623/date_disjoint_full95_v1/all/20230322-18-57-04.npz,635949,ed9e131bfd00612b2de742fa7a0b25c191c5047ffb208edd8bc5ae9f34f5431c
rld,0,test,20230322-22-12-12,train__20230322-22-12-12__6383e838.npz,1,/home/ubuntu/klb/nuclr/nuclr/Data/Dunn_001623/cv5_grouped_v1/fold_0/test/train__20230322-22-12-12__6383e838.npz,/home/ubuntu/klb/nuclr/nuclr/Data/Dunn_001623/date_disjoint_full95_v1/all/20230322-22-12-12.npz,593033,0119e4e581c9353f568f135d90988dce647f85d2b096b25f77aa1fc3ed58586b
rld,0,test,20230510-16-36-46,train__20230510-16-36-46__27b2b5a4.npz,1,/home/ubuntu/klb/nuclr/nuclr/Data/Dunn_001623/cv5_grouped_v1/fold_0/test/train__20230510-16-36-46__27b2b5a4.npz,/home/ubuntu/klb/nuclr/nuclr/Data/Dunn_001623/date_disjoint_full95_v1/all/20230510-16-36-46.npz,485134,716d3ef3cce5f496c0b2ef1b479eefc70267117c8fbe8510ee7fd19a8e9fecb7
rld,0,test,20230903-17-18-45,train__20230903-17-18-45__a6adcba4.npz,1,/home/ubuntu/klb/nuclr/nuclr/Data/Dunn_001623/cv5_grouped_v1/fold_0/test/train__20230903-17-18-45__a6adcba4.npz,/home/ubuntu/klb/nuclr/nuclr/Data/Dunn_001623/date_disjoint_full95_v1/all/20230903-17-18-45.npz,620807,5187aaa2ef2caa2f33bb881239ddbe457ed99a9f68d3e175fc3583b59825fbe5
rld,0,test,20230904-14-30-52,train__20230904-14-30-52__53fee4fe.npz,1,/home/ubuntu/klb/nuclr/nuclr/Data/Dunn_001623/cv5_grouped_v1/fold_0/test/train__20230904-14-30-52__53fee4fe.npz,/home/ubuntu/klb/nuclr/nuclr/Data/Dunn_001623/date_disjoint_full95_v1/all/20230904-14-30-52.npz,621750,b9e474293397f75894eee54c9e5371da73def174e8182d57c534af853ddac512
rld,0,test,20240426-23-12-40,train__20240426-23-12-40__eca116e3.npz,1,/home/ubuntu/klb/nuclr/nuclr/Data/Dunn_001623/cv5_grouped_v1/fold_0/test/train__20240426-23-12-40__eca116e3.npz,/home/ubuntu/klb/nuclr/nuclr/Data/Dunn_001623/date_disjoint_full95_v1/all/20240426-23-12-40.npz,506220,2ad62ae570deca5c8b328e614a1151786048425dd9db75eda979fb78e9959773
rld,0,test,20240430-20-31-05,train__20240430-20-31-05__b180fb93.npz,1,/home/ubuntu/klb/nuclr/nuclr/Data/Dunn_001623/cv5_grouped_v1/fold_0/test/train__20240430-20-31-05__b180fb93.npz,/home/ubuntu/klb/nuclr/nuclr/Data/Dunn_001623/date_disjoint_full95_v1/all/20240430-20-31-05.npz,785210,0b8b25fe98667ac3e28c470f5fa5f015fe5e2afd7c76e755a0fe78cf6c54e7a0
rld,0,test,20240526-18-19-39,train__20240526-18-19-39__90a95eba.npz,1,/home/ubuntu/klb/nuclr/nuclr/Data/Dunn_001623/cv5_grouped_v1/fold_0/test/train__20240526-18-19-39__90a95eba.npz,/home/ubuntu/klb/nuclr/nuclr/Data/Dunn_001623/date_disjoint_full95_v1/all/20240526-18-19-39.npz,800264,72e8c9bca3292919a7505c800e23430bb1c5d53c171bbe9c14254eb89ad994df
rld,0,test,20240626-14-30-55,train__20240626-14-30-55__cb271409.npz,1,/home/ubuntu/klb/nuclr/nuclr/Data/Dunn_001623/cv5_grouped_v1/fold_0/test/train__20240626-14-30-55__cb271409.npz,/home/ubuntu/klb/nuclr/nuclr/Data/Dunn_001623/date_disjoint_full95_v1/all/20240626-14-30-55.npz,895547,7f665969f8ddca21232fc424235e94fef729b467802771413c7c5873d120dd71
rld,0,test,20240629-14-14-08,train__20240629-14-14-08__4e49fe0f.npz,1,/home/ubuntu/klb/nuclr/nuclr/Data/Dunn_001623/cv5_grouped_v1/fold_0/test/train__20240629-14-14-08__4e49fe0f.npz,/home/ubuntu/klb/nuclr/nuclr/Data/Dunn_001623/date_disjoint_full95_v1/all/20240629-14-14-08.npz,1364189,9d3166a38c17c92c9a9f4c9994076d4628c0be5af0965299942b85c229f1d186
rld,0,test,20240828-17-07-39,val__20240828-17-07-39__7d57ffb7.npz,1,/home/ubuntu/klb/nuclr/nuclr/Data/Dunn_001623/cv5_grouped_v1/fold_0/test/val__20240828-17-07-39__7d57ffb7.npz,/home/ubuntu/klb/nuclr/nuclr/Data/Dunn_001623/date_disjoint_full95_v1/all/20240828-17-07-39.npz,593825,75eef3e35824ab805e31c2c281d2d257f27ff929f13e19bba239bcba0b3eae89
rld,0,test,20240829-13-00-31,val__20240829-13-00-31__f5f26b28.npz,1,/home/ubuntu/klb/nuclr/nuclr/Data/Dunn_001623/cv5_grouped_v1/fold_0/test/val__20240829-13-00-31__f5f26b28.npz,/home/ubuntu/klb/nuclr/nuclr/Data/Dunn_001623/date_disjoint_full95_v1/all/20240829-13-00-31.npz,602923,85b4d435acea24184f830b75f915f643cdfbf1d9bb60e141a7042f02fe4865fc
rld,1,train,20240902-15-36-41,test__20240902-15-36-41__6c56c3c3.npz,1,/home/ubuntu/klb/nuclr/nuclr/Data/Dunn_001623/cv5_grouped_v1/fold_1/train/test__20240902-15-36-41__6c56c3c3.npz,/home/ubuntu/klb/nuclr/nuclr/Data/Dunn_001623/date_disjoint_full95_v1/all/20240902-15-36-41.npz,638436,b3f6973656d46d64c7deee71bbec83bf546b837170a4757877d3cea065292a96
rld,1,train,20240902-16-53-12,test__20240902-16-53-12__d37b2c72.npz,1,/home/ubuntu/klb/nuclr/nuclr/Data/Dunn_001623/cv5_grouped_v1/fold_1/train/test__20240902-16-53-12__d37b2c72.npz,/home/ubuntu/klb/nuclr/nuclr/Data/Dunn_001623/date_disjoint_full95_v1/all/20240902-16-53-12.npz,600117,cd9e57955bbf93f2c91080ce93a78f8247aca641fe468e96dd993760207df1d4
rld,1,train,20240902-17-33-24,test__20240902-17-33-24__9b2f6f70.npz,1,/home/ubuntu/klb/nuclr/nuclr/Data/Dunn_001623/cv5_grouped_v1/fold_1/train/test__20240902-17-33-24__9b2f6f70.npz,/home/ubuntu/klb/nuclr/nuclr/Data/Dunn_001623/date_disjoint_full95_v1/all/20240902-17-33-24.npz,654641,697b17f6415871d4f66c6c6a43b10692d9fafb22e7ec3ba1db2f48fc6253d74b
rld,1,train,20240904-14-55-14,test__20240904-14-55-14__9a84acb1.npz,1,/home/ubuntu/klb/nuclr/nuclr/Data/Dunn_001623/cv5_grouped_v1/fold_1/train/test__20240904-14-55-14__9a84acb1.npz,/home/ubuntu/klb/nuclr/nuclr/Data/Dunn_001623/date_disjoint_full95_v1/all/20240904-14-55-14.npz,562977,52a2ef5c820c01456b870cae68636aa24637810ac48f32aaa1de59a8e89b6594
rld,1,train,20240904-15-32-57,test__20240904-15-32-57__de09412e.npz,1,/home/ubuntu/klb/nuclr/nuclr/Data/Dunn_001623/cv5_grouped_v1/fold_1/train/test__20240904-15-32-57__de09412e.npz,/home/ubuntu/klb/nuclr/nuclr/Data/Dunn_001623/date_disjoint_full95_v1/all/20240904-15-32-57.npz,531524,038d76d4bb308e445d45a370dd8bb4befffd21a13b9fa069cc7553b6cafc0d03
rld,1,train,20240904-16-51-21,test__20240904-16-51-21__8823f6ed.npz,1,/home/ubuntu/klb/nuclr/nuclr/Data/Dunn_001623/cv5_grouped_v1/fold_1/train/test__20240904-16-51-21__8823f6ed.npz,/home/ubuntu/klb/nuclr/nuclr/Data/Dunn_001623/date_disjoint_full95_v1/all/20240904-16-51-21.npz,587442,2f690aec8cb499d313103dbd9112c8dcac84b264869d1a8c009c4ed5d1154577
rld,1,train,20240917-20-52-20,test__20240917-20-52-20__675c5b3a.npz,1,/home/ubuntu/klb/nuclr/nuclr/Data/Dunn_001623/cv5_grouped_v1/fold_1/train/test__20240917-20-52-20__675c5b3a.npz,/home/ubuntu/klb/nuclr/nuclr/Data/Dunn_001623/date_disjoint_full95_v1/all/20240917-20-52-20.npz,428566,bb3286b75c85828cbd831e2fe98318ca2082403a7c3fc18431ea1d654b2525a7
rld,1,train,20220302-11-45-51,train__20220302-11-45-51__e4ddba8b.npz,1,/home/ubuntu/klb/nuclr/nuclr/Data/Dunn_001623/cv5_grouped_v1/fold_1/train/train__20220302-11-45-51__e4ddba8b.npz,/home/ubuntu/klb/nuclr/nuclr/Data/Dunn_001623/date_disjoint_full95_v1/all/20220302-11-45-51.npz,1472532,8a63df82f78d11662d971ab956cfecfd6d3e4b3c138c074581a62687506b1d67
rld,1,train,20220316-15-34-20,train__20220316-15-34-20__04bb7805.npz,1,/home/ubuntu/klb/nuclr/nuclr/Data/Dunn_001623/cv5_grouped_v1/fold_1/train/train__20220316-15-34-20__04bb7805.npz,/home/ubuntu/klb/nuclr/nuclr/Data/Dunn_001623/date_disjoint_full95_v1/all/20220316-15-34-20.npz,1319340,44bd5fab42de01c69b1114132c052d3f3731f3b960de5769c3d6c068a138fb8a
rld,1,train,20220426-11-26-14,train__20220426-11-26-14__566b98d7.npz,1,/home/ubuntu/klb/nuclr/nuclr/Data/Dunn_001623/cv5_grouped_v1/fold_1/train/train__20220426-11-26-14__566b98d7.npz,/home/ubuntu/klb/nuclr/nuclr/Data/Dunn_001623/date_disjoint_full95_v1/all/20220426-11-26-14.npz,1303057,7db5e3974a5b61cc3a23a36fe17754990505366f285c234cfcae3436715028d4
rld,1,train,20220426-11-32-18,train__20220426-11-32-18__486b09fd.npz,1,/home/ubuntu/klb/nuclr/nuclr/Data/Dunn_001623/cv5_grouped_v1/fold_1/train/train__20220426-11-32-18__486b09fd.npz,/home/ubuntu/klb/nuclr/nuclr/Data/Dunn_001623/date_disjoint_full95_v1/all/20220426-11-32-18.npz,1503533,bb8efa2399ed4ba39e27b79d0366d913ac8cf3a0474e9d10a55e1ce2ac38b944
rld,1,train,20221106-21-23-19,train__20221106-21-23-19__5c1ba7b0.npz,1,/home/ubuntu/klb/nuclr/nuclr/Data/Dunn_001623/cv5_grouped_v1/fold_1/train/train__20221106-21-23-19__5c1ba7b0.npz,/home/ubuntu/klb/nuclr/nuclr/Data/Dunn_001623/date_disjoint_full95_v1/all/20221106-21-23-19.npz,279948,e5c1c0fba317e1b6feaf689bc6f580d5b8ce52c34e60943233dd0e03fc0e6487
rld,1,train,20221106-21-47-31,train__20221106-21-47-31__5317510b.npz,1,/home/ubuntu/klb/nuclr/nuclr/Data/Dunn_001623/cv5_grouped_v1/fold_1/train/train__20221106-21-47-31__5317510b.npz,/home/ubuntu/klb/nuclr/nuclr/Data/Dunn_001623/date_disjoint_full95_v1/all/20221106-21-47-31.npz,256029,16d48b63bb7df89544136b1857fb6913f27599a855de33ce92457a6b65dd5f1f
rld,1,train,20221215-22-02-55,train__20221215-22-02-55__13b8ecc9.npz,1,/home/ubuntu/klb/nuclr/nuclr/Data/Dunn_001623/cv5_grouped_v1/fold_1/train/train__20221215-22-02-55__13b8ecc9.npz,/home/ubuntu/klb/nuclr/nuclr/Data/Dunn_001623/date_disjoint_full95_v1/all/20221215-22-02-55.npz,383980,aa3753eb80ca4e6f2cc192ea35a0f96ac52fe02d2463cb5ed9b2d9d6a116be09
rld,1,train,20230317-12-51-42,train__20230317-12-51-42__ee7cf2ed.npz,1,/home/ubuntu/klb/nuclr/nuclr/Data/Dunn_001623/cv5_grouped_v1/fold_1/train/train__20230317-12-51-42__ee7cf2ed.npz,/home/ubuntu/klb/nuclr/nuclr/Data/Dunn_001623/date_disjoint_full95_v1/all/20230317-12-51-42.npz,448026,d0ea4ab2d7c8aea6b00cde5e3b436267d9020554f3b7409f6a87dfb1d13eb0de
rld,1,train,20230322-18-57-04,train__20230322-18-57-04__9b40dc1c.npz,1,/home/ubuntu/klb/nuclr/nuclr/Data/Dunn_001623/cv5_grouped_v1/fold_1/train/train__20230322-18-57-04__9b40dc1c.npz,/home/ubuntu/klb/nuclr/nuclr/Data/Dunn_001623/date_disjoint_full95_v1/all/20230322-18-57-04.npz,635949,ed9e131bfd00612b2de742fa7a0b25c191c5047ffb208edd8bc5ae9f34f5431c
rld,1,train,20230322-20-16-50,train__20230322-20-16-50__ca407999.npz,1,/home/ubuntu/klb/nuclr/nuclr/Data/Dunn_001623/cv5_grouped_v1/fold_1/train/train__20230322-20-16-50__ca407999.npz,/home/ubuntu/klb/nuclr/nuclr/Data/Dunn_001623/date_disjoint_full95_v1/all/20230322-20-16-50.npz,632030,5a4c69383f6c10bdfc2d9999ba75aea853a12ac4c9f09fea2bf0710ce9520213
rld,1,train,20230322-21-09-13,train__20230322-21-09-13__96dcc1e2.npz,1,/home/ubuntu/klb/nuclr/nuclr/Data/Dunn_001623/cv5_grouped_v1/fold_1/train/train__20230322-21-09-13__96dcc1e2.npz,/home/ubuntu/klb/nuclr/nuclr/Data/Dunn_001623/date_disjoint_full95_v1/all/20230322-21-09-13.npz,566535,0aca8f2cbc2b818bc81a226eada07b5fac897d3dd9831254a6a3e9040f4587af
rld,1,train,20230322-22-12-12,train__20230322-22-12-12__6383e838.npz,1,/home/ubuntu/klb/nuclr/nuclr/Data/Dunn_001623/cv5_grouped_v1/fold_1/train/train__20230322-22-12-12__6383e838.npz,/home/ubuntu/klb/nuclr/nuclr/Data/Dunn_001623/date_disjoint_full95_v1/all/20230322-22-12-12.npz,593033,0119e4e581c9353f568f135d90988dce647f85d2b096b25f77aa1fc3ed58586b
rld,1,train,20230412-20-15-17,train__20230412-20-15-17__daaa749b.npz,1,/home/ubuntu/klb/nuclr/nuclr/Data/Dunn_001623/cv5_grouped_v1/fold_1/train/train__20230412-20-15-17__daaa749b.npz,/home/ubuntu/klb/nuclr/nuclr/Data/Dunn_001623/date_disjoint_full95_v1/all/20230412-20-15-17.npz,666496,51570b62cd95cb9665996b570aa1e659117ace4261267b70160dc297091edc78
rld,1,train,20230502-20-05-02,train__20230502-20-05-02__a258e522.npz,1,/home/ubuntu/klb/nuclr/nuclr/Data/Dunn_001623/cv5_grouped_v1/fold_1/train/train__20230502-20-05-02__a258e522.npz,/home/ubuntu/klb/nuclr/nuclr/Data/Dunn_001623/date_disjoint_full95_v1/all/20230502-20-05-02.npz,559020,378ce7ca38db3782de8ef4b580e5b17d484e33dfb7e1bf61d3933c547825b77d
rld,1,train,20230506-13-32-08,train__20230506-13-32-08__24b0f96a.npz,1,/home/ubuntu/klb/nuclr/nuclr/Data/Dunn_001623/cv5_grouped_v1/fold_1/train/train__20230506-13-32-08__24b0f96a.npz,/home/ubuntu/klb/nuclr/nuclr/Data/Dunn_001623/date_disjoint_full95_v1/all/20230506-13-32-08.npz,497483,0f4cff916f9712a4dfccd0f30e058bd283b3eecdafc9df91025729e2703be395
rld,1,train,20230506-14-24-57,train__20230506-14-24-57__cf346a72.npz,1,/home/ubuntu/klb/nuclr/nuclr/Data/Dunn_001623/cv5_grouped_v1/fold_1/train/train__20230506-14-24-57__cf346a72.npz,/home/ubuntu/klb/nuclr/nuclr/Data/Dunn_001623/date_disjoint_full95_v1/all/20230506-14-24-57.npz,597961,abdc87dcd17cdf1606afbe9bb930b295072ba50f5240946ab790665af3f56d61
rld,1,train,20230506-15-01-45,train__20230506-15-01-45__946fe43a.npz,1,/home/ubuntu/klb/nuclr/nuclr/Data/Dunn_001623/cv5_grouped_v1/fold_1/train/train__20230506-15-01-45__946fe43a.npz,/home/ubuntu/klb/nuclr/nuclr/Data/Dunn_001623/date_disjoint_full95_v1/all/20230506-15-01-45.npz,507277,ada241f4efbb36c9549122c067d183e520994e8404d326902d5c5c9315fdcf0b
rld,1,train,20230510-13-25-46,train__20230510-13-25-46__c855119f.npz,1,/home/ubuntu/klb/nuclr/nuclr/Data/Dunn_001623/cv5_grouped_v1/fold_1/train/train__20230510-13-25-46__c855119f.npz,/home/ubuntu/klb/nuclr/nuclr/Data/Dunn_001623/date_disjoint_full95_v1/all/20230510-13-25-46.npz,593370,026104ff57aeb61f7a25e7c8681298e3bf9e3848e01b39c4d88bec5b15a7412e
rld,1,train,20230510-15-49-47,train__20230510-15-49-47__4b9d53d9.npz,1,/home/ubuntu/klb/nuclr/nuclr/Data/Dunn_001623/cv5_grouped_v1/fold_1/train/train__20230510-15-49-47__4b9d53d9.npz,/home/ubuntu/klb/nuclr/nuclr/Data/Dunn_001623/date_disjoint_full95_v1/all/20230510-15-49-47.npz,497250,c6a68f961b3740cce90e5aaeb1ca5269fbae488ff885bf9df04d2492c7d93c95
rld,1,train,20230510-16-36-46,train__20230510-16-36-46__27b2b5a4.npz,1,/home/ubuntu/klb/nuclr/nuclr/Data/Dunn_001623/cv5_grouped_v1/fold_1/train/train__20230510-16-36-46__27b2b5a4.npz,/home/ubuntu/klb/nuclr/nuclr/Data/Dunn_001623/date_disjoint_full95_v1/all/20230510-16-36-46.npz,485134,716d3ef3cce5f496c0b2ef1b479eefc70267117c8fbe8510ee7fd19a8e9fecb7
rld,1,train,20230604-15-10-44,train__20230604-15-10-44__b2c953a0.npz,1,/home/ubuntu/klb/nuclr/nuclr/Data/Dunn_001623/cv5_grouped_v1/fold_1/train/train__20230604-15-10-44__b2c953a0.npz,/home/ubuntu/klb/nuclr/nuclr/Data/Dunn_001623/date_disjoint_full95_v1/all/20230604-15-10-44.npz,528295,797b1eba9c29e30dfd27a967b9932b810f7afa571d0d33f9243daaa70fb0fdbf
rld,1,train,20230903-15-10-21,train__20230903-15-10-21__530c73e1.npz,1,/home/ubuntu/klb/nuclr/nuclr/Data/Dunn_001623/cv5_grouped_v1/fold_1/train/train__20230903-15-10-21__530c73e1.npz,/home/ubuntu/klb/nuclr/nuclr/Data/Dunn_001623/date_disjoint_full95_v1/all/20230903-15-10-21.npz,598598,3988f0b91b74e77a290c5ec5504a6950ef398d28bdfa46f5dfb3e2038caa8547
rld,1,train,20230903-17-18-45,train__20230903-17-18-45__a6adcba4.npz,1,/home/ubuntu/klb/nuclr/nuclr/Data/Dunn_001623/cv5_grouped_v1/fold_1/train/train__20230903-17-18-45__a6adcba4.npz,/home/ubuntu/klb/nuclr/nuclr/Data/Dunn_001623/date_disjoint_full95_v1/all/20230903-17-18-45.npz,620807,5187aaa2ef2caa2f33bb881239ddbe457ed99a9f68d3e175fc3583b59825fbe5
rld,1,train,20230903-18-20-19,train__20230903-18-20-19__addb8863.npz,1,/home/ubuntu/klb/nuclr/nuclr/Data/Dunn_001623/cv5_grouped_v1/fold_1/train/train__20230903-18-20-19__addb8863.npz,/home/ubuntu/klb/nuclr/nuclr/Data/Dunn_001623/date_disjoint_full95_v1/all/20230903-18-20-19.npz,675580,bde41c94d7c19d6e3ad18df857e88cfb0c95b60022ae4532311f97a5df048c82
rld,1,train,20230904-14-30-52,train__20230904-14-30-52__53fee4fe.npz,1,/home/ubuntu/klb/nuclr/nuclr/Data/Dunn_001623/cv5_grouped_v1/fold_1/train/train__20230904-14-30-52__53fee4fe.npz,/home/ubuntu/klb/nuclr/nuclr/Data/Dunn_001623/date_disjoint_full95_v1/all/20230904-14-30-52.npz,621750,b9e474293397f75894eee54c9e5371da73def174e8182d57c534af853ddac512
rld,1,train,20230904-15-59-40,train__20230904-15-59-40__ee901581.npz,1,/home/ubuntu/klb/nuclr/nuclr/Data/Dunn_001623/cv5_grouped_v1/fold_1/train/train__20230904-15-59-40__ee901581.npz,/home/ubuntu/klb/nuclr/nuclr/Data/Dunn_001623/date_disjoint_full95_v1/all/20230904-15-59-40.npz,617472,3ea8a636408f6954061bb519cc74ecfde91cc1a423fe2b4d2037fd4f8ee984cb
rld,1,train,20230909-14-26-56,train__20230909-14-26-56__57f9e593.npz,1,/home/ubuntu/klb/nuclr/nuclr/Data/Dunn_001623/cv5_grouped_v1/fold_1/train/train__20230909-14-26-56__57f9e593.npz,/home/ubuntu/klb/nuclr/nuclr/Data/Dunn_001623/date_disjoint_full95_v1/all/20230909-14-26-56.npz,634453,a3442d62c59dc33a5b0c53b96ae2fe0ea92632e8e75e4b0b4b7d7edbd5ac3937
rld,1,train,20240426-23-12-40,train__20240426-23-12-40__eca116e3.npz,1,/home/ubuntu/klb/nuclr/nuclr/Data/Dunn_001623/cv5_grouped_v1/fold_1/train/train__20240426-23-12-40__eca116e3.npz,/home/ubuntu/klb/nuclr/nuclr/Data/Dunn_001623/date_disjoint_full95_v1/all/20240426-23-12-40.npz,506220,2ad62ae570deca5c8b328e614a1151786048425dd9db75eda979fb78e9959773
rld,1,train,20240427-12-43-44,train__20240427-12-43-44__3f49af46.npz,1,/home/ubuntu/klb/nuclr/nuclr/Data/Dunn_001623/cv5_grouped_v1/fold_1/train/train__20240427-12-43-44__3f49af46.npz,/home/ubuntu/klb/nuclr/nuclr/Data/Dunn_001623/date_disjoint_full95_v1/all/20240427-12-43-44.npz,621093,16b70c206af336232483edb4d0b2913b8dfeabae04f44e48ebd99eb11cc12475
rld,1,train,20240430-20-31-05,train__20240430-20-31-05__b180fb93.npz,1,/home/ubuntu/klb/nuclr/nuclr/Data/Dunn_001623/cv5_grouped_v1/fold_1/train/train__20240430-20-31-05__b180fb93.npz,/home/ubuntu/klb/nuclr/nuclr/Data/Dunn_001623/date_disjoint_full95_v1/all/20240430-20-31-05.npz,785210,0b8b25fe98667ac3e28c470f5fa5f015fe5e2afd7c76e755a0fe78cf6c54e7a0
rld,1,train,20240526-17-36-55,train__20240526-17-36-55__f19a90eb.npz,1,/home/ubuntu/klb/nuclr/nuclr/Data/Dunn_001623/cv5_grouped_v1/fold_1/train/train__20240526-17-36-55__f19a90eb.npz,/home/ubuntu/klb/nuclr/nuclr/Data/Dunn_001623/date_disjoint_full95_v1/all/20240526-17-36-55.npz,864825,3b1c0a2703e286c27f30bff702b3722685daad268f47c6f87171b4dadff22e94
rld,1,train,20240526-18-19-39,train__20240526-18-19-39__90a95eba.npz,1,/home/ubuntu/klb/nuclr/nuclr/Data/Dunn_001623/cv5_grouped_v1/fold_1/train/train__20240526-18-19-39__90a95eba.npz,/home/ubuntu/klb/nuclr/nuclr/Data/Dunn_001623/date_disjoint_full95_v1/all/20240526-18-19-39.npz,800264,72e8c9bca3292919a7505c800e23430bb1c5d53c171bbe9c14254eb89ad994df
rld,1,train,20240526-19-51-22,train__20240526-19-51-22__48ee49a1.npz,1,/home/ubuntu/klb/nuclr/nuclr/Data/Dunn_001623/cv5_grouped_v1/fold_1/train/train__20240526-19-51-22__48ee49a1.npz,/home/ubuntu/klb/nuclr/nuclr/Data/Dunn_001623/date_disjoint_full95_v1/all/20240526-19-51-22.npz,1283974,25050915ec7a88edb8fb4584db70b7d53df3c0b0cd0aad1583d0a9650a97030a
rld,1,train,20240626-13-55-40,train__20240626-13-55-40__d0b1dbab.npz,1,/home/ubuntu/klb/nuclr/nuclr/Data/Dunn_001623/cv5_grouped_v1/fold_1/train/train__20240626-13-55-40__d0b1dbab.npz,/home/ubuntu/klb/nuclr/nuclr/Data/Dunn_001623/date_disjoint_full95_v1/all/20240626-13-55-40.npz,739990,7e3414d44de376801ac5af332e900c942b181f8ff6cab5d9c4fd84f82ab0db82
rld,1,train,20240626-14-30-55,train__20240626-14-30-55__cb271409.npz,1,/home/ubuntu/klb/nuclr/nuclr/Data/Dunn_001623/cv5_grouped_v1/fold_1/train/train__20240626-14-30-55__cb271409.npz,/home/ubuntu/klb/nuclr/nuclr/Data/Dunn_001623/date_disjoint_full95_v1/all/20240626-14-30-55.npz,895547,7f665969f8ddca21232fc424235e94fef729b467802771413c7c5873d120dd71
rld,1,train,20240626-15-08-33,train__20240626-15-08-33__4751906d.npz,1,/home/ubuntu/klb/nuclr/nuclr/Data/Dunn_001623/cv5_grouped_v1/fold_1/train/train__20240626-15-08-33__4751906d.npz,/home/ubuntu/klb/nuclr/nuclr/Data/Dunn_001623/date_disjoint_full95_v1/all/20240626-15-08-33.npz,941538,e3416ecbf3c88b575f51f1292b96491279220d7f1a2e96473afa19547aa9f98a
rld,1,train,20240629-14-14-08,train__20240629-14-14-08__4e49fe0f.npz,1,/home/ubuntu/klb/nuclr/nuclr/Data/Dunn_001623/cv5_grouped_v1/fold_1/train/train__20240629-14-14-08__4e49fe0f.npz,/home/ubuntu/klb/nuclr/nuclr/Data/Dunn_001623/date_disjoint_full95_v1/all/20240629-14-14-08.npz,1364189,9d3166a38c17c92c9a9f4c9994076d4628c0be5af0965299942b85c229f1d186
rld,1,train,20240629-14-48-32,train__20240629-14-48-32__2b74813e.npz,1,/home/ubuntu/klb/nuclr/nuclr/Data/Dunn_001623/cv5_grouped_v1/fold_1/train/train__20240629-14-48-32__2b74813e.npz,/home/ubuntu/klb/nuclr/nuclr/Data/Dunn_001623/date_disjoint_full95_v1/all/20240629-14-48-32.npz,1009255,05c3fc68f906dcfba013abfbcbc9ad84905083800cbc00be7cd684851c467841
rld,1,train,20240629-20-22-10,train__20240629-20-22-10__7a7853dd.npz,1,/home/ubuntu/klb/nuclr/nuclr/Data/Dunn_001623/cv5_grouped_v1/fold_1/train/train__20240629-20-22-10__7a7853dd.npz,/home/ubuntu/klb/nuclr/nuclr/Data/Dunn_001623/date_disjoint_full95_v1/all/20240629-20-22-10.npz,1278525,3e6a76ecd5c55b097018683eaa206aa33fcb60a9594379f5ad1ec39635d7acca
rld,1,train,20240629-20-59-45,train__20240629-20-59-45__37ae4b86.npz,1,/home/ubuntu/klb/nuclr/nuclr/Data/Dunn_001623/cv5_grouped_v1/fold_1/train/train__20240629-20-59-45__37ae4b86.npz,/home/ubuntu/klb/nuclr/nuclr/Data/Dunn_001623/date_disjoint_full95_v1/all/20240629-20-59-45.npz,1088692,21170dd357664c632d06613ad89a5a78fdd662b4f63a4b62ac6c1be8555d2389
rld,1,train,20240714-15-24-26,train__20240714-15-24-26__8e813fbd.npz,1,/home/ubuntu/klb/nuclr/nuclr/Data/Dunn_001623/cv5_grouped_v1/fold_1/train/train__20240714-15-24-26__8e813fbd.npz,/home/ubuntu/klb/nuclr/nuclr/Data/Dunn_001623/date_disjoint_full95_v1/all/20240714-15-24-26.npz,991282,41268b9bd7733337cc30695107dbc88c536f793cbf5e5817568acfdec22dee76
rld,1,train,20240714-17-28-58,train__20240714-17-28-58__6d7f3bea.npz,1,/home/ubuntu/klb/nuclr/nuclr/Data/Dunn_001623/cv5_grouped_v1/fold_1/train/train__20240714-17-28-58__6d7f3bea.npz,/home/ubuntu/klb/nuclr/nuclr/Data/Dunn_001623/date_disjoint_full95_v1/all/20240714-17-28-58.npz,979700,9c9f08defdab9b830502e248dff5d37549049d5410381271ecf7300e6181c42d
rld,1,train,20240724-14-26-00,val__20240724-14-26-00__b5d23d7a.npz,1,/home/ubuntu/klb/nuclr/nuclr/Data/Dunn_001623/cv5_grouped_v1/fold_1/train/val__20240724-14-26-00__b5d23d7a.npz,/home/ubuntu/klb/nuclr/nuclr/Data/Dunn_001623/date_disjoint_full95_v1/all/20240724-14-26-00.npz,923104,9f93a331c924f2c82bac46321a2e91d8c39c14ba02e4e9dd1bd2d946d4f9b5da
rld,1,train,20240724-15-48-55,val__20240724-15-48-55__67456da3.npz,1,/home/ubuntu/klb/nuclr/nuclr/Data/Dunn_001623/cv5_grouped_v1/fold_1/train/val__20240724-15-48-55__67456da3.npz,/home/ubuntu/klb/nuclr/nuclr/Data/Dunn_001623/date_disjoint_full95_v1/all/20240724-15-48-55.npz,818425,db3d13668763394b61914a2d84cacd0fa3e503415fc0aaa32c86cd9b80cc6d38
rld,1,train,20240828-14-16-29,val__20240828-14-16-29__4c7345fc.npz,1,/home/ubuntu/klb/nuclr/nuclr/Data/Dunn_001623/cv5_grouped_v1/fold_1/train/val__20240828-14-16-29__4c7345fc.npz,/home/ubuntu/klb/nuclr/nuclr/Data/Dunn_001623/date_disjoint_full95_v1/all/20240828-14-16-29.npz,688303,75783919454ba3046b2d4d669a32ca443da26cb7665691078c2f7e7d176e5c01
rld,1,train,20240828-14-57-38,val__20240828-14-57-38__d5c88191.npz,1,/home/ubuntu/klb/nuclr/nuclr/Data/Dunn_001623/cv5_grouped_v1/fold_1/train/val__20240828-14-57-38__d5c88191.npz,/home/ubuntu/klb/nuclr/nuclr/Data/Dunn_001623/date_disjoint_full95_v1/all/20240828-14-57-38.npz,637153,91244ae3bdb72d013b36a341a2c81b818e0ddb569513b5cac0f4ead8ae54f1da
rld,1,train,20240828-15-51-58,val__20240828-15-51-58__caf29ced.npz,1,/home/ubuntu/klb/nuclr/nuclr/Data/Dunn_001623/cv5_grouped_v1/fold_1/train/val__20240828-15-51-58__caf29ced.npz,/home/ubuntu/klb/nuclr/nuclr/Data/Dunn_001623/date_disjoint_full95_v1/all/20240828-15-51-58.npz,575066,a6c1279495c76f484371e948580f57e75ee64726b0c34a8ae19e2be3c5c337c6
rld,1,train,20240828-16-23-54,val__20240828-16-23-54__88c04f1d.npz,1,/home/ubuntu/klb/nuclr/nuclr/Data/Dunn_001623/cv5_grouped_v1/fold_1/train/val__20240828-16-23-54__88c04f1d.npz,/home/ubuntu/klb/nuclr/nuclr/Data/Dunn_001623/date_disjoint_full95_v1/all/20240828-16-23-54.npz,607733,d61f7b7389263aa12f73bd4b8980f92bbcf474cbbb0eb8589ce91ce1a1c77780
rld,1,train,20240828-17-07-39,val__20240828-17-07-39__7d57ffb7.npz,1,/home/ubuntu/klb/nuclr/nuclr/Data/Dunn_001623/cv5_grouped_v1/fold_1/train/val__20240828-17-07-39__7d57ffb7.npz,/home/ubuntu/klb/nuclr/nuclr/Data/Dunn_001623/date_disjoint_full95_v1/all/20240828-17-07-39.npz,593825,75eef3e35824ab805e31c2c281d2d257f27ff929f13e19bba239bcba0b3eae89
rld,1,train,20240829-13-00-31,val__20240829-13-00-31__f5f26b28.npz,1,/home/ubuntu/klb/nuclr/nuclr/Data/Dunn_001623/cv5_grouped_v1/fold_1/train/val__20240829-13-00-31__f5f26b28.npz,/home/ubuntu/klb/nuclr/nuclr/Data/Dunn_001623/date_disjoint_full95_v1/all/20240829-13-00-31.npz,602923,85b4d435acea24184f830b75f915f643cdfbf1d9bb60e141a7042f02fe4865fc
rld,1,val,20240902-16-12-10,test__20240902-16-12-10__7647f7b0.npz,1,/home/ubuntu/klb/nuclr/nuclr/Data/Dunn_001623/cv5_grouped_v1/fold_1/val/test__20240902-16-12-10__7647f7b0.npz,/home/ubuntu/klb/nuclr/nuclr/Data/Dunn_001623/date_disjoint_full95_v1/all/20240902-16-12-10.npz,625387,2786a20338f3b8e6acd47d7676f31ee1511b214b521ce05d717dc256aed6b1c7
rld,1,val,20240902-18-51-10,test__20240902-18-51-10__65122831.npz,1,/home/ubuntu/klb/nuclr/nuclr/Data/Dunn_001623/cv5_grouped_v1/fold_1/val/test__20240902-18-51-10__65122831.npz,/home/ubuntu/klb/nuclr/nuclr/Data/Dunn_001623/date_disjoint_full95_v1/all/20240902-18-51-10.npz,603788,bd34d2cca518f06126504d92d42d40c73774f54bd0e9867f2c89715fba9db185
rld,1,val,20240902-20-11-40,test__20240902-20-11-40__8e027d87.npz,1,/home/ubuntu/klb/nuclr/nuclr/Data/Dunn_001623/cv5_grouped_v1/fold_1/val/test__20240902-20-11-40__8e027d87.npz,/home/ubuntu/klb/nuclr/nuclr/Data/Dunn_001623/date_disjoint_full95_v1/all/20240902-20-11-40.npz,602340,9ba78f905eab012c1863f0c42a5906e4fa680a85e39c9d6f6afbab50a2b66211
rld,1,val,20240917-20-18-26,test__20240917-20-18-26__86af46bb.npz,1,/home/ubuntu/klb/nuclr/nuclr/Data/Dunn_001623/cv5_grouped_v1/fold_1/val/test__20240917-20-18-26__86af46bb.npz,/home/ubuntu/klb/nuclr/nuclr/Data/Dunn_001623/date_disjoint_full95_v1/all/20240917-20-18-26.npz,427461,4b7cc6e42c9cdfaacf14054751bc1c16396c1fba4e8a07588cff5e16cc478801
rld,1,val,20240917-22-37-14,test__20240917-22-37-14__8e0dd17d.npz,1,/home/ubuntu/klb/nuclr/nuclr/Data/Dunn_001623/cv5_grouped_v1/fold_1/val/test__20240917-22-37-14__8e0dd17d.npz,/home/ubuntu/klb/nuclr/nuclr/Data/Dunn_001623/date_disjoint_full95_v1/all/20240917-22-37-14.npz,653808,15e28f0ece35d5824a98a1c4247bf5491ed8a412824dff3b27ad3de2ac7fbad8
rld,1,val,20230317-12-27-51,train__20230317-12-27-51__d9cfb273.npz,1,/home/ubuntu/klb/nuclr/nuclr/Data/Dunn_001623/cv5_grouped_v1/fold_1/val/train__20230317-12-27-51__d9cfb273.npz,/home/ubuntu/klb/nuclr/nuclr/Data/Dunn_001623/date_disjoint_full95_v1/all/20230317-12-27-51.npz,490100,809c44ad6a3395dee6bb504b9289a64be52f8c8d9147c27cffd56e63502d55cf
rld,1,val,20230506-12-56-00,train__20230506-12-56-00__22f6ec67.npz,1,/home/ubuntu/klb/nuclr/nuclr/Data/Dunn_001623/cv5_grouped_v1/fold_1/val/train__20230506-12-56-00__22f6ec67.npz,/home/ubuntu/klb/nuclr/nuclr/Data/Dunn_001623/date_disjoint_full95_v1/all/20230506-12-56-00.npz,561548,c258b3dce13d4996412f4ed1909d675648d86df1a83411a9c5d259ea9e5f4bfe
rld,1,val,20230506-15-33-51,train__20230506-15-33-51__8ad093bc.npz,1,/home/ubuntu/klb/nuclr/nuclr/Data/Dunn_001623/cv5_grouped_v1/fold_1/val/train__20230506-15-33-51__8ad093bc.npz,/home/ubuntu/klb/nuclr/nuclr/Data/Dunn_001623/date_disjoint_full95_v1/all/20230506-15-33-51.npz,559416,9d1ec781bb30612acfa24aa8ebd3590e752d4e18f7e1cdf890255e7fdb1c58fe
rld,1,val,20230510-12-53-34,train__20230510-12-53-34__0508114e.npz,1,/home/ubuntu/klb/nuclr/nuclr/Data/Dunn_001623/cv5_grouped_v1/fold_1/val/train__20230510-12-53-34__0508114e.npz,/home/ubuntu/klb/nuclr/nuclr/Data/Dunn_001623/date_disjoint_full95_v1/all/20230510-12-53-34.npz,615955,5c4af1bce1438ebdba97f820dae84e3547a8a422d60ff177b0bae7317f83bdb3
rld,1,val,20230604-15-50-12,train__20230604-15-50-12__2e46de74.npz,1,/home/ubuntu/klb/nuclr/nuclr/Data/Dunn_001623/cv5_grouped_v1/fold_1/val/train__20230604-15-50-12__2e46de74.npz,/home/ubuntu/klb/nuclr/nuclr/Data/Dunn_001623/date_disjoint_full95_v1/all/20230604-15-50-12.npz,514909,2b276d64e28c1535e1562f3473ecbb596db1984f8a31caca4c9d778f43261e4a
rld,1,val,20230604-16-22-56,train__20230604-16-22-56__21786b5b.npz,1,/home/ubuntu/klb/nuclr/nuclr/Data/Dunn_001623/cv5_grouped_v1/fold_1/val/train__20230604-16-22-56__21786b5b.npz,/home/ubuntu/klb/nuclr/nuclr/Data/Dunn_001623/date_disjoint_full95_v1/all/20230604-16-22-56.npz,473722,4a3677195d7ad4758b59da260dac9440c845d3c8d1634c0cbe1677f02fdd7b29
rld,1,val,20230909-16-48-09,train__20230909-16-48-09__8ffb3e48.npz,1,/home/ubuntu/klb/nuclr/nuclr/Data/Dunn_001623/cv5_grouped_v1/fold_1/val/train__20230909-16-48-09__8ffb3e48.npz,/home/ubuntu/klb/nuclr/nuclr/Data/Dunn_001623/date_disjoint_full95_v1/all/20230909-16-48-09.npz,580481,464166cbf10e0aa05e86db6c575d6d410ea46bec585e42d504a1dc574ba5c49d
rld,1,val,20240426-22-49-55,train__20240426-22-49-55__1da0e1a7.npz,1,/home/ubuntu/klb/nuclr/nuclr/Data/Dunn_001623/cv5_grouped_v1/fold_1/val/train__20240426-22-49-55__1da0e1a7.npz,/home/ubuntu/klb/nuclr/nuclr/Data/Dunn_001623/date_disjoint_full95_v1/all/20240426-22-49-55.npz,559794,8a955aadb345d9295463af7ac2d59891d205094ec14151438a3cc5e3c88d260a
rld,1,val,20240430-21-04-44,train__20240430-21-04-44__9ef731e3.npz,1,/home/ubuntu/klb/nuclr/nuclr/Data/Dunn_001623/cv5_grouped_v1/fold_1/val/train__20240430-21-04-44__9ef731e3.npz,/home/ubuntu/klb/nuclr/nuclr/Data/Dunn_001623/date_disjoint_full95_v1/all/20240430-21-04-44.npz,600253,936a06ab47f1d3bf92974f8cf8939be82ba296daf2522a117d017d38a3b4b379
rld,1,val,20240626-12-35-05,train__20240626-12-35-05__211655c5.npz,1,/home/ubuntu/klb/nuclr/nuclr/Data/Dunn_001623/cv5_grouped_v1/fold_1/val/train__20240626-12-35-05__211655c5.npz,/home/ubuntu/klb/nuclr/nuclr/Data/Dunn_001623/date_disjoint_full95_v1/all/20240626-12-35-05.npz,860462,f4cedb7a420d7774a83278715e8500e456a17709b343160926e7b0e472c762c6
rld,1,val,20240626-13-22-25,train__20240626-13-22-25__0b6ce516.npz,1,/home/ubuntu/klb/nuclr/nuclr/Data/Dunn_001623/cv5_grouped_v1/fold_1/val/train__20240626-13-22-25__0b6ce516.npz,/home/ubuntu/klb/nuclr/nuclr/Data/Dunn_001623/date_disjoint_full95_v1/all/20240626-13-22-25.npz,1293937,2d9fca5521e033faf6fb9e786e816cb14a7f21b7be6363a72eb513809e06de22
rld,1,val,20240629-17-55-55,train__20240629-17-55-55__51d00abe.npz,1,/home/ubuntu/klb/nuclr/nuclr/Data/Dunn_001623/cv5_grouped_v1/fold_1/val/train__20240629-17-55-55__51d00abe.npz,/home/ubuntu/klb/nuclr/nuclr/Data/Dunn_001623/date_disjoint_full95_v1/all/20240629-17-55-55.npz,1148159,9a72b11f17fd8ea78794e4b61cf62f238eef979dc419e1924ae06055e12e117c
rld,1,val,20240724-16-28-26,val__20240724-16-28-26__6d81a78c.npz,1,/home/ubuntu/klb/nuclr/nuclr/Data/Dunn_001623/cv5_grouped_v1/fold_1/val/val__20240724-16-28-26__6d81a78c.npz,/home/ubuntu/klb/nuclr/nuclr/Data/Dunn_001623/date_disjoint_full95_v1/all/20240724-16-28-26.npz,866188,668621b6de7cf485dc1aa471fc52666f12f364b0a05d331e62fe8158593e1ce4
rld,1,val,20240724-17-40-58,val__20240724-17-40-58__3876e251.npz,1,/home/ubuntu/klb/nuclr/nuclr/Data/Dunn_001623/cv5_grouped_v1/fold_1/val/val__20240724-17-40-58__3876e251.npz,/home/ubuntu/klb/nuclr/nuclr/Data/Dunn_001623/date_disjoint_full95_v1/all/20240724-17-40-58.npz,990750,2c4941978753a891294b8623a82ecb5e4bf3fb0ffc9cf3c1ab333b63ada38034
rld,1,test,20240902-18-09-07,test__20240902-18-09-07__95b23b60.npz,1,/home/ubuntu/klb/nuclr/nuclr/Data/Dunn_001623/cv5_grouped_v1/fold_1/test/test__20240902-18-09-07__95b23b60.npz,/home/ubuntu/klb/nuclr/nuclr/Data/Dunn_001623/date_disjoint_full95_v1/all/20240902-18-09-07.npz,669226,514436d2f29a4e5d00ae6deb487b10b4bbba4c3929d24f91f58dc94925316afa
rld,1,test,20240904-16-13-38,test__20240904-16-13-38__f1471777.npz,1,/home/ubuntu/klb/nuclr/nuclr/Data/Dunn_001623/cv5_grouped_v1/fold_1/test/test__20240904-16-13-38__f1471777.npz,/home/ubuntu/klb/nuclr/nuclr/Data/Dunn_001623/date_disjoint_full95_v1/all/20240904-16-13-38.npz,587011,d219fc3ae6bb4d95d248262b2967529d6b5592629d82c69f4bd1e9259471b25d
rld,1,test,20240904-17-29-27,test__20240904-17-29-27__89ba9935.npz,1,/home/ubuntu/klb/nuclr/nuclr/Data/Dunn_001623/cv5_grouped_v1/fold_1/test/test__20240904-17-29-27__89ba9935.npz,/home/ubuntu/klb/nuclr/nuclr/Data/Dunn_001623/date_disjoint_full95_v1/all/20240904-17-29-27.npz,565447,5d922b817011850ebafba8c2d0e5be7bbba2e4f65f74bcc295390d3996dad50b
rld,1,test,20240917-21-32-57,test__20240917-21-32-57__79d5d848.npz,1,/home/ubuntu/klb/nuclr/nuclr/Data/Dunn_001623/cv5_grouped_v1/fold_1/test/test__20240917-21-32-57__79d5d848.npz,/home/ubuntu/klb/nuclr/nuclr/Data/Dunn_001623/date_disjoint_full95_v1/all/20240917-21-32-57.npz,582384,47b06b0331b5f333fdca2898688e232a63745e7e9b6eb0d075d8fa75c1e9b9af
rld,1,test,20221106-21-00-09,train__20221106-21-00-09__09a0b8d2.npz,1,/home/ubuntu/klb/nuclr/nuclr/Data/Dunn_001623/cv5_grouped_v1/fold_1/test/train__20221106-21-00-09__09a0b8d2.npz,/home/ubuntu/klb/nuclr/nuclr/Data/Dunn_001623/date_disjoint_full95_v1/all/20221106-21-00-09.npz,302342,0d52fa6f08d786fa7ee0adc6b6ae0e2cc6c457f2d55a780eacfabaf83128b542
rld,1,test,20230322-21-41-10,train__20230322-21-41-10__68e571c7.npz,1,/home/ubuntu/klb/nuclr/nuclr/Data/Dunn_001623/cv5_grouped_v1/fold_1/test/train__20230322-21-41-10__68e571c7.npz,/home/ubuntu/klb/nuclr/nuclr/Data/Dunn_001623/date_disjoint_full95_v1/all/20230322-21-41-10.npz,639978,09727bd5232dfa40df415d5fad5103579618f43b17c648bd1eac9eb84f0bd883
rld,1,test,20230322-22-43-03,train__20230322-22-43-03__263d116b.npz,1,/home/ubuntu/klb/nuclr/nuclr/Data/Dunn_001623/cv5_grouped_v1/fold_1/test/train__20230322-22-43-03__263d116b.npz,/home/ubuntu/klb/nuclr/nuclr/Data/Dunn_001623/date_disjoint_full95_v1/all/20230322-22-43-03.npz,621015,42151d86757f7fdd643a2f5c987d1b80282de98bc9a77424caec8d6f5ffd7bad
rld,1,test,20230502-20-41-23,train__20230502-20-41-23__2165ec1f.npz,1,/home/ubuntu/klb/nuclr/nuclr/Data/Dunn_001623/cv5_grouped_v1/fold_1/test/train__20230502-20-41-23__2165ec1f.npz,/home/ubuntu/klb/nuclr/nuclr/Data/Dunn_001623/date_disjoint_full95_v1/all/20230502-20-41-23.npz,503938,eb79fbb23adc3938f27a0e299d3e9e17e0edb69206657390d4077673a745346f
rld,1,test,20230604-17-09-01,train__20230604-17-09-01__463c457e.npz,1,/home/ubuntu/klb/nuclr/nuclr/Data/Dunn_001623/cv5_grouped_v1/fold_1/test/train__20230604-17-09-01__463c457e.npz,/home/ubuntu/klb/nuclr/nuclr/Data/Dunn_001623/date_disjoint_full95_v1/all/20230604-17-09-01.npz,529967,475c8f52e519daa2c0fd76a6153db5b555bdd8bc82466362c59d0599902cc96e
rld,1,test,20230903-16-32-28,train__20230903-16-32-28__f139478f.npz,1,/home/ubuntu/klb/nuclr/nuclr/Data/Dunn_001623/cv5_grouped_v1/fold_1/test/train__20230903-16-32-28__f139478f.npz,/home/ubuntu/klb/nuclr/nuclr/Data/Dunn_001623/date_disjoint_full95_v1/all/20230903-16-32-28.npz,691456,8c8813530f0715fb9328a0c6642244311bb5165a04d2595155b571312d2ffb05
rld,1,test,20230903-19-07-30,train__20230903-19-07-30__a37ab37d.npz,1,/home/ubuntu/klb/nuclr/nuclr/Data/Dunn_001623/cv5_grouped_v1/fold_1/test/train__20230903-19-07-30__a37ab37d.npz,/home/ubuntu/klb/nuclr/nuclr/Data/Dunn_001623/date_disjoint_full95_v1/all/20230903-19-07-30.npz,611496,37ddf562291da85b4dfaa8e2c59bbfe8a58041009005730f9f19980eaa792f96
rld,1,test,20230904-15-09-05,train__20230904-15-09-05__8abbb802.npz,1,/home/ubuntu/klb/nuclr/nuclr/Data/Dunn_001623/cv5_grouped_v1/fold_1/test/train__20230904-15-09-05__8abbb802.npz,/home/ubuntu/klb/nuclr/nuclr/Data/Dunn_001623/date_disjoint_full95_v1/all/20230904-15-09-05.npz,584176,f3b0d83fbcb27f8fb4babc90291d89346ebab46aacc80ba9d3e57816bd5966a7
rld,1,test,20230909-15-40-07,train__20230909-15-40-07__b05ac7c6.npz,1,/home/ubuntu/klb/nuclr/nuclr/Data/Dunn_001623/cv5_grouped_v1/fold_1/test/train__20230909-15-40-07__b05ac7c6.npz,/home/ubuntu/klb/nuclr/nuclr/Data/Dunn_001623/date_disjoint_full95_v1/all/20230909-15-40-07.npz,561995,0be1ba33dd8a46ff03bc7bcba4826ec796d20e491b70cb76fdcea0c087a331ae
rld,1,test,20230909-16-14-25,train__20230909-16-14-25__1ce065a5.npz,1,/home/ubuntu/klb/nuclr/nuclr/Data/Dunn_001623/cv5_grouped_v1/fold_1/test/train__20230909-16-14-25__1ce065a5.npz,/home/ubuntu/klb/nuclr/nuclr/Data/Dunn_001623/date_disjoint_full95_v1/all/20230909-16-14-25.npz,524447,6f2372dcd2a244f5f321777c6858d7b8f6228d1ab33ffc1e832a768cde327486
rld,1,test,20230921-17-15-33,train__20230921-17-15-33__7e38f7b1.npz,1,/home/ubuntu/klb/nuclr/nuclr/Data/Dunn_001623/cv5_grouped_v1/fold_1/test/train__20230921-17-15-33__7e38f7b1.npz,/home/ubuntu/klb/nuclr/nuclr/Data/Dunn_001623/date_disjoint_full95_v1/all/20230921-17-15-33.npz,562857,298f265109500dfff384381bb6a464673b5ed53500eee1fbdf4d2987fb9e3bf6
rld,1,test,20240526-19-18-14,train__20240526-19-18-14__28f19b5b.npz,1,/home/ubuntu/klb/nuclr/nuclr/Data/Dunn_001623/cv5_grouped_v1/fold_1/test/train__20240526-19-18-14__28f19b5b.npz,/home/ubuntu/klb/nuclr/nuclr/Data/Dunn_001623/date_disjoint_full95_v1/all/20240526-19-18-14.npz,1144369,68fbc5c1ba5ab06d85734c17c37904e45eebc01ea70880fa83998efcc036c975
rld,1,test,20240714-16-04-26,train__20240714-16-04-26__25b86368.npz,1,/home/ubuntu/klb/nuclr/nuclr/Data/Dunn_001623/cv5_grouped_v1/fold_1/test/train__20240714-16-04-26__25b86368.npz,/home/ubuntu/klb/nuclr/nuclr/Data/Dunn_001623/date_disjoint_full95_v1/all/20240714-16-04-26.npz,785322,934853d0647d84581cfe8f9168c5e11fdd133a367a949ddf647690071e2317b8
rld,1,test,20240724-15-07-00,val__20240724-15-07-00__3bfc59cb.npz,1,/home/ubuntu/klb/nuclr/nuclr/Data/Dunn_001623/cv5_grouped_v1/fold_1/test/val__20240724-15-07-00__3bfc59cb.npz,/home/ubuntu/klb/nuclr/nuclr/Data/Dunn_001623/date_disjoint_full95_v1/all/20240724-15-07-00.npz,946934,21c17a66317a92d25b59a02616818529c4beac70a5540fe93371c0969881e95c
rld,1,test,20240829-13-39-15,val__20240829-13-39-15__269f754b.npz,1,/home/ubuntu/klb/nuclr/nuclr/Data/Dunn_001623/cv5_grouped_v1/fold_1/test/val__20240829-13-39-15__269f754b.npz,/home/ubuntu/klb/nuclr/nuclr/Data/Dunn_001623/date_disjoint_full95_v1/all/20240829-13-39-15.npz,592338,59ac7db07580ab84e10a985496b706aff00c82d3ddc6a3161babfe5466b3b8b9
rld,2,train,20240902-16-53-12,test__20240902-16-53-12__d37b2c72.npz,1,/home/ubuntu/klb/nuclr/nuclr/Data/Dunn_001623/cv5_grouped_v1/fold_2/train/test__20240902-16-53-12__d37b2c72.npz,/home/ubuntu/klb/nuclr/nuclr/Data/Dunn_001623/date_disjoint_full95_v1/all/20240902-16-53-12.npz,600117,cd9e57955bbf93f2c91080ce93a78f8247aca641fe468e96dd993760207df1d4
rld,2,train,20240902-17-33-24,test__20240902-17-33-24__9b2f6f70.npz,1,/home/ubuntu/klb/nuclr/nuclr/Data/Dunn_001623/cv5_grouped_v1/fold_2/train/test__20240902-17-33-24__9b2f6f70.npz,/home/ubuntu/klb/nuclr/nuclr/Data/Dunn_001623/date_disjoint_full95_v1/all/20240902-17-33-24.npz,654641,697b17f6415871d4f66c6c6a43b10692d9fafb22e7ec3ba1db2f48fc6253d74b
rld,2,train,20240902-18-09-07,test__20240902-18-09-07__95b23b60.npz,1,/home/ubuntu/klb/nuclr/nuclr/Data/Dunn_001623/cv5_grouped_v1/fold_2/train/test__20240902-18-09-07__95b23b60.npz,/home/ubuntu/klb/nuclr/nuclr/Data/Dunn_001623/date_disjoint_full95_v1/all/20240902-18-09-07.npz,669226,514436d2f29a4e5d00ae6deb487b10b4bbba4c3929d24f91f58dc94925316afa
rld,2,train,20240904-14-55-14,test__20240904-14-55-14__9a84acb1.npz,1,/home/ubuntu/klb/nuclr/nuclr/Data/Dunn_001623/cv5_grouped_v1/fold_2/train/test__20240904-14-55-14__9a84acb1.npz,/home/ubuntu/klb/nuclr/nuclr/Data/Dunn_001623/date_disjoint_full95_v1/all/20240904-14-55-14.npz,562977,52a2ef5c820c01456b870cae68636aa24637810ac48f32aaa1de59a8e89b6594
rld,2,train,20240904-15-32-57,test__20240904-15-32-57__de09412e.npz,1,/home/ubuntu/klb/nuclr/nuclr/Data/Dunn_001623/cv5_grouped_v1/fold_2/train/test__20240904-15-32-57__de09412e.npz,/home/ubuntu/klb/nuclr/nuclr/Data/Dunn_001623/date_disjoint_full95_v1/all/20240904-15-32-57.npz,531524,038d76d4bb308e445d45a370dd8bb4befffd21a13b9fa069cc7553b6cafc0d03
rld,2,train,20240904-16-13-38,test__20240904-16-13-38__f1471777.npz,1,/home/ubuntu/klb/nuclr/nuclr/Data/Dunn_001623/cv5_grouped_v1/fold_2/train/test__20240904-16-13-38__f1471777.npz,/home/ubuntu/klb/nuclr/nuclr/Data/Dunn_001623/date_disjoint_full95_v1/all/20240904-16-13-38.npz,587011,d219fc3ae6bb4d95d248262b2967529d6b5592629d82c69f4bd1e9259471b25d
rld,2,train,20240904-16-51-21,test__20240904-16-51-21__8823f6ed.npz,1,/home/ubuntu/klb/nuclr/nuclr/Data/Dunn_001623/cv5_grouped_v1/fold_2/train/test__20240904-16-51-21__8823f6ed.npz,/home/ubuntu/klb/nuclr/nuclr/Data/Dunn_001623/date_disjoint_full95_v1/all/20240904-16-51-21.npz,587442,2f690aec8cb499d313103dbd9112c8dcac84b264869d1a8c009c4ed5d1154577
rld,2,train,20240904-17-29-27,test__20240904-17-29-27__89ba9935.npz,1,/home/ubuntu/klb/nuclr/nuclr/Data/Dunn_001623/cv5_grouped_v1/fold_2/train/test__20240904-17-29-27__89ba9935.npz,/home/ubuntu/klb/nuclr/nuclr/Data/Dunn_001623/date_disjoint_full95_v1/all/20240904-17-29-27.npz,565447,5d922b817011850ebafba8c2d0e5be7bbba2e4f65f74bcc295390d3996dad50b
rld,2,train,20240917-20-52-20,test__20240917-20-52-20__675c5b3a.npz,1,/home/ubuntu/klb/nuclr/nuclr/Data/Dunn_001623/cv5_grouped_v1/fold_2/train/test__20240917-20-52-20__675c5b3a.npz,/home/ubuntu/klb/nuclr/nuclr/Data/Dunn_001623/date_disjoint_full95_v1/all/20240917-20-52-20.npz,428566,bb3286b75c85828cbd831e2fe98318ca2082403a7c3fc18431ea1d654b2525a7
rld,2,train,20240917-21-32-57,test__20240917-21-32-57__79d5d848.npz,1,/home/ubuntu/klb/nuclr/nuclr/Data/Dunn_001623/cv5_grouped_v1/fold_2/train/test__20240917-21-32-57__79d5d848.npz,/home/ubuntu/klb/nuclr/nuclr/Data/Dunn_001623/date_disjoint_full95_v1/all/20240917-21-32-57.npz,582384,47b06b0331b5f333fdca2898688e232a63745e7e9b6eb0d075d8fa75c1e9b9af
rld,2,train,20220302-11-45-51,train__20220302-11-45-51__e4ddba8b.npz,1,/home/ubuntu/klb/nuclr/nuclr/Data/Dunn_001623/cv5_grouped_v1/fold_2/train/train__20220302-11-45-51__e4ddba8b.npz,/home/ubuntu/klb/nuclr/nuclr/Data/Dunn_001623/date_disjoint_full95_v1/all/20220302-11-45-51.npz,1472532,8a63df82f78d11662d971ab956cfecfd6d3e4b3c138c074581a62687506b1d67
rld,2,train,20220316-15-34-20,train__20220316-15-34-20__04bb7805.npz,1,/home/ubuntu/klb/nuclr/nuclr/Data/Dunn_001623/cv5_grouped_v1/fold_2/train/train__20220316-15-34-20__04bb7805.npz,/home/ubuntu/klb/nuclr/nuclr/Data/Dunn_001623/date_disjoint_full95_v1/all/20220316-15-34-20.npz,1319340,44bd5fab42de01c69b1114132c052d3f3731f3b960de5769c3d6c068a138fb8a
rld,2,train,20220426-11-26-14,train__20220426-11-26-14__566b98d7.npz,1,/home/ubuntu/klb/nuclr/nuclr/Data/Dunn_001623/cv5_grouped_v1/fold_2/train/train__20220426-11-26-14__566b98d7.npz,/home/ubuntu/klb/nuclr/nuclr/Data/Dunn_001623/date_disjoint_full95_v1/all/20220426-11-26-14.npz,1303057,7db5e3974a5b61cc3a23a36fe17754990505366f285c234cfcae3436715028d4
rld,2,train,20220426-11-32-18,train__20220426-11-32-18__486b09fd.npz,1,/home/ubuntu/klb/nuclr/nuclr/Data/Dunn_001623/cv5_grouped_v1/fold_2/train/train__20220426-11-32-18__486b09fd.npz,/home/ubuntu/klb/nuclr/nuclr/Data/Dunn_001623/date_disjoint_full95_v1/all/20220426-11-32-18.npz,1503533,bb8efa2399ed4ba39e27b79d0366d913ac8cf3a0474e9d10a55e1ce2ac38b944
rld,2,train,20221106-21-00-09,train__20221106-21-00-09__09a0b8d2.npz,1,/home/ubuntu/klb/nuclr/nuclr/Data/Dunn_001623/cv5_grouped_v1/fold_2/train/train__20221106-21-00-09__09a0b8d2.npz,/home/ubuntu/klb/nuclr/nuclr/Data/Dunn_001623/date_disjoint_full95_v1/all/20221106-21-00-09.npz,302342,0d52fa6f08d786fa7ee0adc6b6ae0e2cc6c457f2d55a780eacfabaf83128b542
rld,2,train,20221106-21-23-19,train__20221106-21-23-19__5c1ba7b0.npz,1,/home/ubuntu/klb/nuclr/nuclr/Data/Dunn_001623/cv5_grouped_v1/fold_2/train/train__20221106-21-23-19__5c1ba7b0.npz,/home/ubuntu/klb/nuclr/nuclr/Data/Dunn_001623/date_disjoint_full95_v1/all/20221106-21-23-19.npz,279948,e5c1c0fba317e1b6feaf689bc6f580d5b8ce52c34e60943233dd0e03fc0e6487
rld,2,train,20221215-22-02-55,train__20221215-22-02-55__13b8ecc9.npz,1,/home/ubuntu/klb/nuclr/nuclr/Data/Dunn_001623/cv5_grouped_v1/fold_2/train/train__20221215-22-02-55__13b8ecc9.npz,/home/ubuntu/klb/nuclr/nuclr/Data/Dunn_001623/date_disjoint_full95_v1/all/20221215-22-02-55.npz,383980,aa3753eb80ca4e6f2cc192ea35a0f96ac52fe02d2463cb5ed9b2d9d6a116be09
rld,2,train,20230317-12-51-42,train__20230317-12-51-42__ee7cf2ed.npz,1,/home/ubuntu/klb/nuclr/nuclr/Data/Dunn_001623/cv5_grouped_v1/fold_2/train/train__20230317-12-51-42__ee7cf2ed.npz,/home/ubuntu/klb/nuclr/nuclr/Data/Dunn_001623/date_disjoint_full95_v1/all/20230317-12-51-42.npz,448026,d0ea4ab2d7c8aea6b00cde5e3b436267d9020554f3b7409f6a87dfb1d13eb0de
rld,2,train,20230322-18-57-04,train__20230322-18-57-04__9b40dc1c.npz,1,/home/ubuntu/klb/nuclr/nuclr/Data/Dunn_001623/cv5_grouped_v1/fold_2/train/train__20230322-18-57-04__9b40dc1c.npz,/home/ubuntu/klb/nuclr/nuclr/Data/Dunn_001623/date_disjoint_full95_v1/all/20230322-18-57-04.npz,635949,ed9e131bfd00612b2de742fa7a0b25c191c5047ffb208edd8bc5ae9f34f5431c
rld,2,train,20230322-20-16-50,train__20230322-20-16-50__ca407999.npz,1,/home/ubuntu/klb/nuclr/nuclr/Data/Dunn_001623/cv5_grouped_v1/fold_2/train/train__20230322-20-16-50__ca407999.npz,/home/ubuntu/klb/nuclr/nuclr/Data/Dunn_001623/date_disjoint_full95_v1/all/20230322-20-16-50.npz,632030,5a4c69383f6c10bdfc2d9999ba75aea853a12ac4c9f09fea2bf0710ce9520213
rld,2,train,20230322-21-09-13,train__20230322-21-09-13__96dcc1e2.npz,1,/home/ubuntu/klb/nuclr/nuclr/Data/Dunn_001623/cv5_grouped_v1/fold_2/train/train__20230322-21-09-13__96dcc1e2.npz,/home/ubuntu/klb/nuclr/nuclr/Data/Dunn_001623/date_disjoint_full95_v1/all/20230322-21-09-13.npz,566535,0aca8f2cbc2b818bc81a226eada07b5fac897d3dd9831254a6a3e9040f4587af
rld,2,train,20230322-21-41-10,train__20230322-21-41-10__68e571c7.npz,1,/home/ubuntu/klb/nuclr/nuclr/Data/Dunn_001623/cv5_grouped_v1/fold_2/train/train__20230322-21-41-10__68e571c7.npz,/home/ubuntu/klb/nuclr/nuclr/Data/Dunn_001623/date_disjoint_full95_v1/all/20230322-21-41-10.npz,639978,09727bd5232dfa40df415d5fad5103579618f43b17c648bd1eac9eb84f0bd883
rld,2,train,20230322-22-12-12,train__20230322-22-12-12__6383e838.npz,1,/home/ubuntu/klb/nuclr/nuclr/Data/Dunn_001623/cv5_grouped_v1/fold_2/train/train__20230322-22-12-12__6383e838.npz,/home/ubuntu/klb/nuclr/nuclr/Data/Dunn_001623/date_disjoint_full95_v1/all/20230322-22-12-12.npz,593033,0119e4e581c9353f568f135d90988dce647f85d2b096b25f77aa1fc3ed58586b
rld,2,train,20230322-22-43-03,train__20230322-22-43-03__263d116b.npz,1,/home/ubuntu/klb/nuclr/nuclr/Data/Dunn_001623/cv5_grouped_v1/fold_2/train/train__20230322-22-43-03__263d116b.npz,/home/ubuntu/klb/nuclr/nuclr/Data/Dunn_001623/date_disjoint_full95_v1/all/20230322-22-43-03.npz,621015,42151d86757f7fdd643a2f5c987d1b80282de98bc9a77424caec8d6f5ffd7bad
rld,2,train,20230502-20-41-23,train__20230502-20-41-23__2165ec1f.npz,1,/home/ubuntu/klb/nuclr/nuclr/Data/Dunn_001623/cv5_grouped_v1/fold_2/train/train__20230502-20-41-23__2165ec1f.npz,/home/ubuntu/klb/nuclr/nuclr/Data/Dunn_001623/date_disjoint_full95_v1/all/20230502-20-41-23.npz,503938,eb79fbb23adc3938f27a0e299d3e9e17e0edb69206657390d4077673a745346f
rld,2,train,20230506-13-32-08,train__20230506-13-32-08__24b0f96a.npz,1,/home/ubuntu/klb/nuclr/nuclr/Data/Dunn_001623/cv5_grouped_v1/fold_2/train/train__20230506-13-32-08__24b0f96a.npz,/home/ubuntu/klb/nuclr/nuclr/Data/Dunn_001623/date_disjoint_full95_v1/all/20230506-13-32-08.npz,497483,0f4cff916f9712a4dfccd0f30e058bd283b3eecdafc9df91025729e2703be395
rld,2,train,20230506-14-24-57,train__20230506-14-24-57__cf346a72.npz,1,/home/ubuntu/klb/nuclr/nuclr/Data/Dunn_001623/cv5_grouped_v1/fold_2/train/train__20230506-14-24-57__cf346a72.npz,/home/ubuntu/klb/nuclr/nuclr/Data/Dunn_001623/date_disjoint_full95_v1/all/20230506-14-24-57.npz,597961,abdc87dcd17cdf1606afbe9bb930b295072ba50f5240946ab790665af3f56d61
rld,2,train,20230510-16-36-46,train__20230510-16-36-46__27b2b5a4.npz,1,/home/ubuntu/klb/nuclr/nuclr/Data/Dunn_001623/cv5_grouped_v1/fold_2/train/train__20230510-16-36-46__27b2b5a4.npz,/home/ubuntu/klb/nuclr/nuclr/Data/Dunn_001623/date_disjoint_full95_v1/all/20230510-16-36-46.npz,485134,716d3ef3cce5f496c0b2ef1b479eefc70267117c8fbe8510ee7fd19a8e9fecb7
rld,2,train,20230604-17-09-01,train__20230604-17-09-01__463c457e.npz,1,/home/ubuntu/klb/nuclr/nuclr/Data/Dunn_001623/cv5_grouped_v1/fold_2/train/train__20230604-17-09-01__463c457e.npz,/home/ubuntu/klb/nuclr/nuclr/Data/Dunn_001623/date_disjoint_full95_v1/all/20230604-17-09-01.npz,529967,475c8f52e519daa2c0fd76a6153db5b555bdd8bc82466362c59d0599902cc96e
rld,2,train,20230903-16-32-28,train__20230903-16-32-28__f139478f.npz,1,/home/ubuntu/klb/nuclr/nuclr/Data/Dunn_001623/cv5_grouped_v1/fold_2/train/train__20230903-16-32-28__f139478f.npz,/home/ubuntu/klb/nuclr/nuclr/Data/Dunn_001623/date_disjoint_full95_v1/all/20230903-16-32-28.npz,691456,8c8813530f0715fb9328a0c6642244311bb5165a04d2595155b571312d2ffb05
rld,2,train,20230903-17-18-45,train__20230903-17-18-45__a6adcba4.npz,1,/home/ubuntu/klb/nuclr/nuclr/Data/Dunn_001623/cv5_grouped_v1/fold_2/train/train__20230903-17-18-45__a6adcba4.npz,/home/ubuntu/klb/nuclr/nuclr/Data/Dunn_001623/date_disjoint_full95_v1/all/20230903-17-18-45.npz,620807,5187aaa2ef2caa2f33bb881239ddbe457ed99a9f68d3e175fc3583b59825fbe5
rld,2,train,20230903-19-07-30,train__20230903-19-07-30__a37ab37d.npz,1,/home/ubuntu/klb/nuclr/nuclr/Data/Dunn_001623/cv5_grouped_v1/fold_2/train/train__20230903-19-07-30__a37ab37d.npz,/home/ubuntu/klb/nuclr/nuclr/Data/Dunn_001623/date_disjoint_full95_v1/all/20230903-19-07-30.npz,611496,37ddf562291da85b4dfaa8e2c59bbfe8a58041009005730f9f19980eaa792f96
rld,2,train,20230904-14-30-52,train__20230904-14-30-52__53fee4fe.npz,1,/home/ubuntu/klb/nuclr/nuclr/Data/Dunn_001623/cv5_grouped_v1/fold_2/train/train__20230904-14-30-52__53fee4fe.npz,/home/ubuntu/klb/nuclr/nuclr/Data/Dunn_001623/date_disjoint_full95_v1/all/20230904-14-30-52.npz,621750,b9e474293397f75894eee54c9e5371da73def174e8182d57c534af853ddac512
rld,2,train,20230904-15-09-05,train__20230904-15-09-05__8abbb802.npz,1,/home/ubuntu/klb/nuclr/nuclr/Data/Dunn_001623/cv5_grouped_v1/fold_2/train/train__20230904-15-09-05__8abbb802.npz,/home/ubuntu/klb/nuclr/nuclr/Data/Dunn_001623/date_disjoint_full95_v1/all/20230904-15-09-05.npz,584176,f3b0d83fbcb27f8fb4babc90291d89346ebab46aacc80ba9d3e57816bd5966a7
rld,2,train,20230904-15-59-40,train__20230904-15-59-40__ee901581.npz,1,/home/ubuntu/klb/nuclr/nuclr/Data/Dunn_001623/cv5_grouped_v1/fold_2/train/train__20230904-15-59-40__ee901581.npz,/home/ubuntu/klb/nuclr/nuclr/Data/Dunn_001623/date_disjoint_full95_v1/all/20230904-15-59-40.npz,617472,3ea8a636408f6954061bb519cc74ecfde91cc1a423fe2b4d2037fd4f8ee984cb
rld,2,train,20230909-15-40-07,train__20230909-15-40-07__b05ac7c6.npz,1,/home/ubuntu/klb/nuclr/nuclr/Data/Dunn_001623/cv5_grouped_v1/fold_2/train/train__20230909-15-40-07__b05ac7c6.npz,/home/ubuntu/klb/nuclr/nuclr/Data/Dunn_001623/date_disjoint_full95_v1/all/20230909-15-40-07.npz,561995,0be1ba33dd8a46ff03bc7bcba4826ec796d20e491b70cb76fdcea0c087a331ae
rld,2,train,20230909-16-14-25,train__20230909-16-14-25__1ce065a5.npz,1,/home/ubuntu/klb/nuclr/nuclr/Data/Dunn_001623/cv5_grouped_v1/fold_2/train/train__20230909-16-14-25__1ce065a5.npz,/home/ubuntu/klb/nuclr/nuclr/Data/Dunn_001623/date_disjoint_full95_v1/all/20230909-16-14-25.npz,524447,6f2372dcd2a244f5f321777c6858d7b8f6228d1ab33ffc1e832a768cde327486
rld,2,train,20230921-17-15-33,train__20230921-17-15-33__7e38f7b1.npz,1,/home/ubuntu/klb/nuclr/nuclr/Data/Dunn_001623/cv5_grouped_v1/fold_2/train/train__20230921-17-15-33__7e38f7b1.npz,/home/ubuntu/klb/nuclr/nuclr/Data/Dunn_001623/date_disjoint_full95_v1/all/20230921-17-15-33.npz,562857,298f265109500dfff384381bb6a464673b5ed53500eee1fbdf4d2987fb9e3bf6
rld,2,train,20240426-23-12-40,train__20240426-23-12-40__eca116e3.npz,1,/home/ubuntu/klb/nuclr/nuclr/Data/Dunn_001623/cv5_grouped_v1/fold_2/train/train__20240426-23-12-40__eca116e3.npz,/home/ubuntu/klb/nuclr/nuclr/Data/Dunn_001623/date_disjoint_full95_v1/all/20240426-23-12-40.npz,506220,2ad62ae570deca5c8b328e614a1151786048425dd9db75eda979fb78e9959773
rld,2,train,20240430-20-31-05,train__20240430-20-31-05__b180fb93.npz,1,/home/ubuntu/klb/nuclr/nuclr/Data/Dunn_001623/cv5_grouped_v1/fold_2/train/train__20240430-20-31-05__b180fb93.npz,/home/ubuntu/klb/nuclr/nuclr/Data/Dunn_001623/date_disjoint_full95_v1/all/20240430-20-31-05.npz,785210,0b8b25fe98667ac3e28c470f5fa5f015fe5e2afd7c76e755a0fe78cf6c54e7a0
rld,2,train,20240526-18-19-39,train__20240526-18-19-39__90a95eba.npz,1,/home/ubuntu/klb/nuclr/nuclr/Data/Dunn_001623/cv5_grouped_v1/fold_2/train/train__20240526-18-19-39__90a95eba.npz,/home/ubuntu/klb/nuclr/nuclr/Data/Dunn_001623/date_disjoint_full95_v1/all/20240526-18-19-39.npz,800264,72e8c9bca3292919a7505c800e23430bb1c5d53c171bbe9c14254eb89ad994df
rld,2,train,20240526-19-18-14,train__20240526-19-18-14__28f19b5b.npz,1,/home/ubuntu/klb/nuclr/nuclr/Data/Dunn_001623/cv5_grouped_v1/fold_2/train/train__20240526-19-18-14__28f19b5b.npz,/home/ubuntu/klb/nuclr/nuclr/Data/Dunn_001623/date_disjoint_full95_v1/all/20240526-19-18-14.npz,1144369,68fbc5c1ba5ab06d85734c17c37904e45eebc01ea70880fa83998efcc036c975
rld,2,train,20240526-19-51-22,train__20240526-19-51-22__48ee49a1.npz,1,/home/ubuntu/klb/nuclr/nuclr/Data/Dunn_001623/cv5_grouped_v1/fold_2/train/train__20240526-19-51-22__48ee49a1.npz,/home/ubuntu/klb/nuclr/nuclr/Data/Dunn_001623/date_disjoint_full95_v1/all/20240526-19-51-22.npz,1283974,25050915ec7a88edb8fb4584db70b7d53df3c0b0cd0aad1583d0a9650a97030a
rld,2,train,20240626-14-30-55,train__20240626-14-30-55__cb271409.npz,1,/home/ubuntu/klb/nuclr/nuclr/Data/Dunn_001623/cv5_grouped_v1/fold_2/train/train__20240626-14-30-55__cb271409.npz,/home/ubuntu/klb/nuclr/nuclr/Data/Dunn_001623/date_disjoint_full95_v1/all/20240626-14-30-55.npz,895547,7f665969f8ddca21232fc424235e94fef729b467802771413c7c5873d120dd71
rld,2,train,20240626-15-08-33,train__20240626-15-08-33__4751906d.npz,1,/home/ubuntu/klb/nuclr/nuclr/Data/Dunn_001623/cv5_grouped_v1/fold_2/train/train__20240626-15-08-33__4751906d.npz,/home/ubuntu/klb/nuclr/nuclr/Data/Dunn_001623/date_disjoint_full95_v1/all/20240626-15-08-33.npz,941538,e3416ecbf3c88b575f51f1292b96491279220d7f1a2e96473afa19547aa9f98a
rld,2,train,20240629-14-14-08,train__20240629-14-14-08__4e49fe0f.npz,1,/home/ubuntu/klb/nuclr/nuclr/Data/Dunn_001623/cv5_grouped_v1/fold_2/train/train__20240629-14-14-08__4e49fe0f.npz,/home/ubuntu/klb/nuclr/nuclr/Data/Dunn_001623/date_disjoint_full95_v1/all/20240629-14-14-08.npz,1364189,9d3166a38c17c92c9a9f4c9994076d4628c0be5af0965299942b85c229f1d186
rld,2,train,20240629-14-48-32,train__20240629-14-48-32__2b74813e.npz,1,/home/ubuntu/klb/nuclr/nuclr/Data/Dunn_001623/cv5_grouped_v1/fold_2/train/train__20240629-14-48-32__2b74813e.npz,/home/ubuntu/klb/nuclr/nuclr/Data/Dunn_001623/date_disjoint_full95_v1/all/20240629-14-48-32.npz,1009255,05c3fc68f906dcfba013abfbcbc9ad84905083800cbc00be7cd684851c467841
rld,2,train,20240629-20-59-45,train__20240629-20-59-45__37ae4b86.npz,1,/home/ubuntu/klb/nuclr/nuclr/Data/Dunn_001623/cv5_grouped_v1/fold_2/train/train__20240629-20-59-45__37ae4b86.npz,/home/ubuntu/klb/nuclr/nuclr/Data/Dunn_001623/date_disjoint_full95_v1/all/20240629-20-59-45.npz,1088692,21170dd357664c632d06613ad89a5a78fdd662b4f63a4b62ac6c1be8555d2389
rld,2,train,20240714-15-24-26,train__20240714-15-24-26__8e813fbd.npz,1,/home/ubuntu/klb/nuclr/nuclr/Data/Dunn_001623/cv5_grouped_v1/fold_2/train/train__20240714-15-24-26__8e813fbd.npz,/home/ubuntu/klb/nuclr/nuclr/Data/Dunn_001623/date_disjoint_full95_v1/all/20240714-15-24-26.npz,991282,41268b9bd7733337cc30695107dbc88c536f793cbf5e5817568acfdec22dee76
rld,2,train,20240714-16-04-26,train__20240714-16-04-26__25b86368.npz,1,/home/ubuntu/klb/nuclr/nuclr/Data/Dunn_001623/cv5_grouped_v1/fold_2/train/train__20240714-16-04-26__25b86368.npz,/home/ubuntu/klb/nuclr/nuclr/Data/Dunn_001623/date_disjoint_full95_v1/all/20240714-16-04-26.npz,785322,934853d0647d84581cfe8f9168c5e11fdd133a367a949ddf647690071e2317b8
rld,2,train,20240714-17-28-58,train__20240714-17-28-58__6d7f3bea.npz,1,/home/ubuntu/klb/nuclr/nuclr/Data/Dunn_001623/cv5_grouped_v1/fold_2/train/train__20240714-17-28-58__6d7f3bea.npz,/home/ubuntu/klb/nuclr/nuclr/Data/Dunn_001623/date_disjoint_full95_v1/all/20240714-17-28-58.npz,979700,9c9f08defdab9b830502e248dff5d37549049d5410381271ecf7300e6181c42d
rld,2,train,20240724-14-26-00,val__20240724-14-26-00__b5d23d7a.npz,1,/home/ubuntu/klb/nuclr/nuclr/Data/Dunn_001623/cv5_grouped_v1/fold_2/train/val__20240724-14-26-00__b5d23d7a.npz,/home/ubuntu/klb/nuclr/nuclr/Data/Dunn_001623/date_disjoint_full95_v1/all/20240724-14-26-00.npz,923104,9f93a331c924f2c82bac46321a2e91d8c39c14ba02e4e9dd1bd2d946d4f9b5da
rld,2,train,20240724-15-07-00,val__20240724-15-07-00__3bfc59cb.npz,1,/home/ubuntu/klb/nuclr/nuclr/Data/Dunn_001623/cv5_grouped_v1/fold_2/train/val__20240724-15-07-00__3bfc59cb.npz,/home/ubuntu/klb/nuclr/nuclr/Data/Dunn_001623/date_disjoint_full95_v1/all/20240724-15-07-00.npz,946934,21c17a66317a92d25b59a02616818529c4beac70a5540fe93371c0969881e95c
rld,2,train,20240828-14-16-29,val__20240828-14-16-29__4c7345fc.npz,1,/home/ubuntu/klb/nuclr/nuclr/Data/Dunn_001623/cv5_grouped_v1/fold_2/train/val__20240828-14-16-29__4c7345fc.npz,/home/ubuntu/klb/nuclr/nuclr/Data/Dunn_001623/date_disjoint_full95_v1/all/20240828-14-16-29.npz,688303,75783919454ba3046b2d4d669a32ca443da26cb7665691078c2f7e7d176e5c01
rld,2,train,20240828-17-07-39,val__20240828-17-07-39__7d57ffb7.npz,1,/home/ubuntu/klb/nuclr/nuclr/Data/Dunn_001623/cv5_grouped_v1/fold_2/train/val__20240828-17-07-39__7d57ffb7.npz,/home/ubuntu/klb/nuclr/nuclr/Data/Dunn_001623/date_disjoint_full95_v1/all/20240828-17-07-39.npz,593825,75eef3e35824ab805e31c2c281d2d257f27ff929f13e19bba239bcba0b3eae89
rld,2,train,20240829-13-00-31,val__20240829-13-00-31__f5f26b28.npz,1,/home/ubuntu/klb/nuclr/nuclr/Data/Dunn_001623/cv5_grouped_v1/fold_2/train/val__20240829-13-00-31__f5f26b28.npz,/home/ubuntu/klb/nuclr/nuclr/Data/Dunn_001623/date_disjoint_full95_v1/all/20240829-13-00-31.npz,602923,85b4d435acea24184f830b75f915f643cdfbf1d9bb60e141a7042f02fe4865fc
rld,2,train,20240829-13-39-15,val__20240829-13-39-15__269f754b.npz,1,/home/ubuntu/klb/nuclr/nuclr/Data/Dunn_001623/cv5_grouped_v1/fold_2/train/val__20240829-13-39-15__269f754b.npz,/home/ubuntu/klb/nuclr/nuclr/Data/Dunn_001623/date_disjoint_full95_v1/all/20240829-13-39-15.npz,592338,59ac7db07580ab84e10a985496b706aff00c82d3ddc6a3161babfe5466b3b8b9
rld,2,val,20240902-15-36-41,test__20240902-15-36-41__6c56c3c3.npz,1,/home/ubuntu/klb/nuclr/nuclr/Data/Dunn_001623/cv5_grouped_v1/fold_2/val/test__20240902-15-36-41__6c56c3c3.npz,/home/ubuntu/klb/nuclr/nuclr/Data/Dunn_001623/date_disjoint_full95_v1/all/20240902-15-36-41.npz,638436,b3f6973656d46d64c7deee71bbec83bf546b837170a4757877d3cea065292a96
rld,2,val,20221106-21-47-31,train__20221106-21-47-31__5317510b.npz,1,/home/ubuntu/klb/nuclr/nuclr/Data/Dunn_001623/cv5_grouped_v1/fold_2/val/train__20221106-21-47-31__5317510b.npz,/home/ubuntu/klb/nuclr/nuclr/Data/Dunn_001623/date_disjoint_full95_v1/all/20221106-21-47-31.npz,256029,16d48b63bb7df89544136b1857fb6913f27599a855de33ce92457a6b65dd5f1f
rld,2,val,20230412-20-15-17,train__20230412-20-15-17__daaa749b.npz,1,/home/ubuntu/klb/nuclr/nuclr/Data/Dunn_001623/cv5_grouped_v1/fold_2/val/train__20230412-20-15-17__daaa749b.npz,/home/ubuntu/klb/nuclr/nuclr/Data/Dunn_001623/date_disjoint_full95_v1/all/20230412-20-15-17.npz,666496,51570b62cd95cb9665996b570aa1e659117ace4261267b70160dc297091edc78
rld,2,val,20230502-20-05-02,train__20230502-20-05-02__a258e522.npz,1,/home/ubuntu/klb/nuclr/nuclr/Data/Dunn_001623/cv5_grouped_v1/fold_2/val/train__20230502-20-05-02__a258e522.npz,/home/ubuntu/klb/nuclr/nuclr/Data/Dunn_001623/date_disjoint_full95_v1/all/20230502-20-05-02.npz,559020,378ce7ca38db3782de8ef4b580e5b17d484e33dfb7e1bf61d3933c547825b77d
rld,2,val,20230506-15-01-45,train__20230506-15-01-45__946fe43a.npz,1,/home/ubuntu/klb/nuclr/nuclr/Data/Dunn_001623/cv5_grouped_v1/fold_2/val/train__20230506-15-01-45__946fe43a.npz,/home/ubuntu/klb/nuclr/nuclr/Data/Dunn_001623/date_disjoint_full95_v1/all/20230506-15-01-45.npz,507277,ada241f4efbb36c9549122c067d183e520994e8404d326902d5c5c9315fdcf0b
rld,2,val,20230510-13-25-46,train__20230510-13-25-46__c855119f.npz,1,/home/ubuntu/klb/nuclr/nuclr/Data/Dunn_001623/cv5_grouped_v1/fold_2/val/train__20230510-13-25-46__c855119f.npz,/home/ubuntu/klb/nuclr/nuclr/Data/Dunn_001623/date_disjoint_full95_v1/all/20230510-13-25-46.npz,593370,026104ff57aeb61f7a25e7c8681298e3bf9e3848e01b39c4d88bec5b15a7412e
rld,2,val,20230510-15-49-47,train__20230510-15-49-47__4b9d53d9.npz,1,/home/ubuntu/klb/nuclr/nuclr/Data/Dunn_001623/cv5_grouped_v1/fold_2/val/train__20230510-15-49-47__4b9d53d9.npz,/home/ubuntu/klb/nuclr/nuclr/Data/Dunn_001623/date_disjoint_full95_v1/all/20230510-15-49-47.npz,497250,c6a68f961b3740cce90e5aaeb1ca5269fbae488ff885bf9df04d2492c7d93c95
rld,2,val,20230604-15-10-44,train__20230604-15-10-44__b2c953a0.npz,1,/home/ubuntu/klb/nuclr/nuclr/Data/Dunn_001623/cv5_grouped_v1/fold_2/val/train__20230604-15-10-44__b2c953a0.npz,/home/ubuntu/klb/nuclr/nuclr/Data/Dunn_001623/date_disjoint_full95_v1/all/20230604-15-10-44.npz,528295,797b1eba9c29e30dfd27a967b9932b810f7afa571d0d33f9243daaa70fb0fdbf
rld,2,val,20230903-15-10-21,train__20230903-15-10-21__530c73e1.npz,1,/home/ubuntu/klb/nuclr/nuclr/Data/Dunn_001623/cv5_grouped_v1/fold_2/val/train__20230903-15-10-21__530c73e1.npz,/home/ubuntu/klb/nuclr/nuclr/Data/Dunn_001623/date_disjoint_full95_v1/all/20230903-15-10-21.npz,598598,3988f0b91b74e77a290c5ec5504a6950ef398d28bdfa46f5dfb3e2038caa8547
rld,2,val,20230903-18-20-19,train__20230903-18-20-19__addb8863.npz,1,/home/ubuntu/klb/nuclr/nuclr/Data/Dunn_001623/cv5_grouped_v1/fold_2/val/train__20230903-18-20-19__addb8863.npz,/home/ubuntu/klb/nuclr/nuclr/Data/Dunn_001623/date_disjoint_full95_v1/all/20230903-18-20-19.npz,675580,bde41c94d7c19d6e3ad18df857e88cfb0c95b60022ae4532311f97a5df048c82
rld,2,val,20230909-14-26-56,train__20230909-14-26-56__57f9e593.npz,1,/home/ubuntu/klb/nuclr/nuclr/Data/Dunn_001623/cv5_grouped_v1/fold_2/val/train__20230909-14-26-56__57f9e593.npz,/home/ubuntu/klb/nuclr/nuclr/Data/Dunn_001623/date_disjoint_full95_v1/all/20230909-14-26-56.npz,634453,a3442d62c59dc33a5b0c53b96ae2fe0ea92632e8e75e4b0b4b7d7edbd5ac3937
rld,2,val,20240427-12-43-44,train__20240427-12-43-44__3f49af46.npz,1,/home/ubuntu/klb/nuclr/nuclr/Data/Dunn_001623/cv5_grouped_v1/fold_2/val/train__20240427-12-43-44__3f49af46.npz,/home/ubuntu/klb/nuclr/nuclr/Data/Dunn_001623/date_disjoint_full95_v1/all/20240427-12-43-44.npz,621093,16b70c206af336232483edb4d0b2913b8dfeabae04f44e48ebd99eb11cc12475
rld,2,val,20240526-17-36-55,train__20240526-17-36-55__f19a90eb.npz,1,/home/ubuntu/klb/nuclr/nuclr/Data/Dunn_001623/cv5_grouped_v1/fold_2/val/train__20240526-17-36-55__f19a90eb.npz,/home/ubuntu/klb/nuclr/nuclr/Data/Dunn_001623/date_disjoint_full95_v1/all/20240526-17-36-55.npz,864825,3b1c0a2703e286c27f30bff702b3722685daad268f47c6f87171b4dadff22e94
rld,2,val,20240626-13-55-40,train__20240626-13-55-40__d0b1dbab.npz,1,/home/ubuntu/klb/nuclr/nuclr/Data/Dunn_001623/cv5_grouped_v1/fold_2/val/train__20240626-13-55-40__d0b1dbab.npz,/home/ubuntu/klb/nuclr/nuclr/Data/Dunn_001623/date_disjoint_full95_v1/all/20240626-13-55-40.npz,739990,7e3414d44de376801ac5af332e900c942b181f8ff6cab5d9c4fd84f82ab0db82
rld,2,val,20240629-20-22-10,train__20240629-20-22-10__7a7853dd.npz,1,/home/ubuntu/klb/nuclr/nuclr/Data/Dunn_001623/cv5_grouped_v1/fold_2/val/train__20240629-20-22-10__7a7853dd.npz,/home/ubuntu/klb/nuclr/nuclr/Data/Dunn_001623/date_disjoint_full95_v1/all/20240629-20-22-10.npz,1278525,3e6a76ecd5c55b097018683eaa206aa33fcb60a9594379f5ad1ec39635d7acca
rld,2,val,20240724-15-48-55,val__20240724-15-48-55__67456da3.npz,1,/home/ubuntu/klb/nuclr/nuclr/Data/Dunn_001623/cv5_grouped_v1/fold_2/val/val__20240724-15-48-55__67456da3.npz,/home/ubuntu/klb/nuclr/nuclr/Data/Dunn_001623/date_disjoint_full95_v1/all/20240724-15-48-55.npz,818425,db3d13668763394b61914a2d84cacd0fa3e503415fc0aaa32c86cd9b80cc6d38
rld,2,val,20240828-14-57-38,val__20240828-14-57-38__d5c88191.npz,1,/home/ubuntu/klb/nuclr/nuclr/Data/Dunn_001623/cv5_grouped_v1/fold_2/val/val__20240828-14-57-38__d5c88191.npz,/home/ubuntu/klb/nuclr/nuclr/Data/Dunn_001623/date_disjoint_full95_v1/all/20240828-14-57-38.npz,637153,91244ae3bdb72d013b36a341a2c81b818e0ddb569513b5cac0f4ead8ae54f1da
rld,2,val,20240828-15-51-58,val__20240828-15-51-58__caf29ced.npz,1,/home/ubuntu/klb/nuclr/nuclr/Data/Dunn_001623/cv5_grouped_v1/fold_2/val/val__20240828-15-51-58__caf29ced.npz,/home/ubuntu/klb/nuclr/nuclr/Data/Dunn_001623/date_disjoint_full95_v1/all/20240828-15-51-58.npz,575066,a6c1279495c76f484371e948580f57e75ee64726b0c34a8ae19e2be3c5c337c6
rld,2,val,20240828-16-23-54,val__20240828-16-23-54__88c04f1d.npz,1,/home/ubuntu/klb/nuclr/nuclr/Data/Dunn_001623/cv5_grouped_v1/fold_2/val/val__20240828-16-23-54__88c04f1d.npz,/home/ubuntu/klb/nuclr/nuclr/Data/Dunn_001623/date_disjoint_full95_v1/all/20240828-16-23-54.npz,607733,d61f7b7389263aa12f73bd4b8980f92bbcf474cbbb0eb8589ce91ce1a1c77780
rld,2,test,20240902-16-12-10,test__20240902-16-12-10__7647f7b0.npz,1,/home/ubuntu/klb/nuclr/nuclr/Data/Dunn_001623/cv5_grouped_v1/fold_2/test/test__20240902-16-12-10__7647f7b0.npz,/home/ubuntu/klb/nuclr/nuclr/Data/Dunn_001623/date_disjoint_full95_v1/all/20240902-16-12-10.npz,625387,2786a20338f3b8e6acd47d7676f31ee1511b214b521ce05d717dc256aed6b1c7
rld,2,test,20240902-18-51-10,test__20240902-18-51-10__65122831.npz,1,/home/ubuntu/klb/nuclr/nuclr/Data/Dunn_001623/cv5_grouped_v1/fold_2/test/test__20240902-18-51-10__65122831.npz,/home/ubuntu/klb/nuclr/nuclr/Data/Dunn_001623/date_disjoint_full95_v1/all/20240902-18-51-10.npz,603788,bd34d2cca518f06126504d92d42d40c73774f54bd0e9867f2c89715fba9db185
rld,2,test,20240902-20-11-40,test__20240902-20-11-40__8e027d87.npz,1,/home/ubuntu/klb/nuclr/nuclr/Data/Dunn_001623/cv5_grouped_v1/fold_2/test/test__20240902-20-11-40__8e027d87.npz,/home/ubuntu/klb/nuclr/nuclr/Data/Dunn_001623/date_disjoint_full95_v1/all/20240902-20-11-40.npz,602340,9ba78f905eab012c1863f0c42a5906e4fa680a85e39c9d6f6afbab50a2b66211
rld,2,test,20240917-20-18-26,test__20240917-20-18-26__86af46bb.npz,1,/home/ubuntu/klb/nuclr/nuclr/Data/Dunn_001623/cv5_grouped_v1/fold_2/test/test__20240917-20-18-26__86af46bb.npz,/home/ubuntu/klb/nuclr/nuclr/Data/Dunn_001623/date_disjoint_full95_v1/all/20240917-20-18-26.npz,427461,4b7cc6e42c9cdfaacf14054751bc1c16396c1fba4e8a07588cff5e16cc478801
rld,2,test,20240917-22-37-14,test__20240917-22-37-14__8e0dd17d.npz,1,/home/ubuntu/klb/nuclr/nuclr/Data/Dunn_001623/cv5_grouped_v1/fold_2/test/test__20240917-22-37-14__8e0dd17d.npz,/home/ubuntu/klb/nuclr/nuclr/Data/Dunn_001623/date_disjoint_full95_v1/all/20240917-22-37-14.npz,653808,15e28f0ece35d5824a98a1c4247bf5491ed8a412824dff3b27ad3de2ac7fbad8
rld,2,test,20230317-12-27-51,train__20230317-12-27-51__d9cfb273.npz,1,/home/ubuntu/klb/nuclr/nuclr/Data/Dunn_001623/cv5_grouped_v1/fold_2/test/train__20230317-12-27-51__d9cfb273.npz,/home/ubuntu/klb/nuclr/nuclr/Data/Dunn_001623/date_disjoint_full95_v1/all/20230317-12-27-51.npz,490100,809c44ad6a3395dee6bb504b9289a64be52f8c8d9147c27cffd56e63502d55cf
rld,2,test,20230506-12-56-00,train__20230506-12-56-00__22f6ec67.npz,1,/home/ubuntu/klb/nuclr/nuclr/Data/Dunn_001623/cv5_grouped_v1/fold_2/test/train__20230506-12-56-00__22f6ec67.npz,/home/ubuntu/klb/nuclr/nuclr/Data/Dunn_001623/date_disjoint_full95_v1/all/20230506-12-56-00.npz,561548,c258b3dce13d4996412f4ed1909d675648d86df1a83411a9c5d259ea9e5f4bfe
rld,2,test,20230506-15-33-51,train__20230506-15-33-51__8ad093bc.npz,1,/home/ubuntu/klb/nuclr/nuclr/Data/Dunn_001623/cv5_grouped_v1/fold_2/test/train__20230506-15-33-51__8ad093bc.npz,/home/ubuntu/klb/nuclr/nuclr/Data/Dunn_001623/date_disjoint_full95_v1/all/20230506-15-33-51.npz,559416,9d1ec781bb30612acfa24aa8ebd3590e752d4e18f7e1cdf890255e7fdb1c58fe
rld,2,test,20230510-12-53-34,train__20230510-12-53-34__0508114e.npz,1,/home/ubuntu/klb/nuclr/nuclr/Data/Dunn_001623/cv5_grouped_v1/fold_2/test/train__20230510-12-53-34__0508114e.npz,/home/ubuntu/klb/nuclr/nuclr/Data/Dunn_001623/date_disjoint_full95_v1/all/20230510-12-53-34.npz,615955,5c4af1bce1438ebdba97f820dae84e3547a8a422d60ff177b0bae7317f83bdb3
rld,2,test,20230604-15-50-12,train__20230604-15-50-12__2e46de74.npz,1,/home/ubuntu/klb/nuclr/nuclr/Data/Dunn_001623/cv5_grouped_v1/fold_2/test/train__20230604-15-50-12__2e46de74.npz,/home/ubuntu/klb/nuclr/nuclr/Data/Dunn_001623/date_disjoint_full95_v1/all/20230604-15-50-12.npz,514909,2b276d64e28c1535e1562f3473ecbb596db1984f8a31caca4c9d778f43261e4a
rld,2,test,20230604-16-22-56,train__20230604-16-22-56__21786b5b.npz,1,/home/ubuntu/klb/nuclr/nuclr/Data/Dunn_001623/cv5_grouped_v1/fold_2/test/train__20230604-16-22-56__21786b5b.npz,/home/ubuntu/klb/nuclr/nuclr/Data/Dunn_001623/date_disjoint_full95_v1/all/20230604-16-22-56.npz,473722,4a3677195d7ad4758b59da260dac9440c845d3c8d1634c0cbe1677f02fdd7b29
rld,2,test,20230909-16-48-09,train__20230909-16-48-09__8ffb3e48.npz,1,/home/ubuntu/klb/nuclr/nuclr/Data/Dunn_001623/cv5_grouped_v1/fold_2/test/train__20230909-16-48-09__8ffb3e48.npz,/home/ubuntu/klb/nuclr/nuclr/Data/Dunn_001623/date_disjoint_full95_v1/all/20230909-16-48-09.npz,580481,464166cbf10e0aa05e86db6c575d6d410ea46bec585e42d504a1dc574ba5c49d
rld,2,test,20240426-22-49-55,train__20240426-22-49-55__1da0e1a7.npz,1,/home/ubuntu/klb/nuclr/nuclr/Data/Dunn_001623/cv5_grouped_v1/fold_2/test/train__20240426-22-49-55__1da0e1a7.npz,/home/ubuntu/klb/nuclr/nuclr/Data/Dunn_001623/date_disjoint_full95_v1/all/20240426-22-49-55.npz,559794,8a955aadb345d9295463af7ac2d59891d205094ec14151438a3cc5e3c88d260a
rld,2,test,20240430-21-04-44,train__20240430-21-04-44__9ef731e3.npz,1,/home/ubuntu/klb/nuclr/nuclr/Data/Dunn_001623/cv5_grouped_v1/fold_2/test/train__20240430-21-04-44__9ef731e3.npz,/home/ubuntu/klb/nuclr/nuclr/Data/Dunn_001623/date_disjoint_full95_v1/all/20240430-21-04-44.npz,600253,936a06ab47f1d3bf92974f8cf8939be82ba296daf2522a117d017d38a3b4b379
rld,2,test,20240626-12-35-05,train__20240626-12-35-05__211655c5.npz,1,/home/ubuntu/klb/nuclr/nuclr/Data/Dunn_001623/cv5_grouped_v1/fold_2/test/train__20240626-12-35-05__211655c5.npz,/home/ubuntu/klb/nuclr/nuclr/Data/Dunn_001623/date_disjoint_full95_v1/all/20240626-12-35-05.npz,860462,f4cedb7a420d7774a83278715e8500e456a17709b343160926e7b0e472c762c6
rld,2,test,20240626-13-22-25,train__20240626-13-22-25__0b6ce516.npz,1,/home/ubuntu/klb/nuclr/nuclr/Data/Dunn_001623/cv5_grouped_v1/fold_2/test/train__20240626-13-22-25__0b6ce516.npz,/home/ubuntu/klb/nuclr/nuclr/Data/Dunn_001623/date_disjoint_full95_v1/all/20240626-13-22-25.npz,1293937,2d9fca5521e033faf6fb9e786e816cb14a7f21b7be6363a72eb513809e06de22
rld,2,test,20240629-17-55-55,train__20240629-17-55-55__51d00abe.npz,1,/home/ubuntu/klb/nuclr/nuclr/Data/Dunn_001623/cv5_grouped_v1/fold_2/test/train__20240629-17-55-55__51d00abe.npz,/home/ubuntu/klb/nuclr/nuclr/Data/Dunn_001623/date_disjoint_full95_v1/all/20240629-17-55-55.npz,1148159,9a72b11f17fd8ea78794e4b61cf62f238eef979dc419e1924ae06055e12e117c
rld,2,test,20240724-16-28-26,val__20240724-16-28-26__6d81a78c.npz,1,/home/ubuntu/klb/nuclr/nuclr/Data/Dunn_001623/cv5_grouped_v1/fold_2/test/val__20240724-16-28-26__6d81a78c.npz,/home/ubuntu/klb/nuclr/nuclr/Data/Dunn_001623/date_disjoint_full95_v1/all/20240724-16-28-26.npz,866188,668621b6de7cf485dc1aa471fc52666f12f364b0a05d331e62fe8158593e1ce4
rld,2,test,20240724-17-40-58,val__20240724-17-40-58__3876e251.npz,1,/home/ubuntu/klb/nuclr/nuclr/Data/Dunn_001623/cv5_grouped_v1/fold_2/test/val__20240724-17-40-58__3876e251.npz,/home/ubuntu/klb/nuclr/nuclr/Data/Dunn_001623/date_disjoint_full95_v1/all/20240724-17-40-58.npz,990750,2c4941978753a891294b8623a82ecb5e4bf3fb0ffc9cf3c1ab333b63ada38034
rld,3,train,20240902-16-12-10,test__20240902-16-12-10__7647f7b0.npz,1,/home/ubuntu/klb/nuclr/nuclr/Data/Dunn_001623/cv5_grouped_v1/fold_3/train/test__20240902-16-12-10__7647f7b0.npz,/home/ubuntu/klb/nuclr/nuclr/Data/Dunn_001623/date_disjoint_full95_v1/all/20240902-16-12-10.npz,625387,2786a20338f3b8e6acd47d7676f31ee1511b214b521ce05d717dc256aed6b1c7
rld,3,train,20240902-17-33-24,test__20240902-17-33-24__9b2f6f70.npz,1,/home/ubuntu/klb/nuclr/nuclr/Data/Dunn_001623/cv5_grouped_v1/fold_3/train/test__20240902-17-33-24__9b2f6f70.npz,/home/ubuntu/klb/nuclr/nuclr/Data/Dunn_001623/date_disjoint_full95_v1/all/20240902-17-33-24.npz,654641,697b17f6415871d4f66c6c6a43b10692d9fafb22e7ec3ba1db2f48fc6253d74b
rld,3,train,20240902-18-09-07,test__20240902-18-09-07__95b23b60.npz,1,/home/ubuntu/klb/nuclr/nuclr/Data/Dunn_001623/cv5_grouped_v1/fold_3/train/test__20240902-18-09-07__95b23b60.npz,/home/ubuntu/klb/nuclr/nuclr/Data/Dunn_001623/date_disjoint_full95_v1/all/20240902-18-09-07.npz,669226,514436d2f29a4e5d00ae6deb487b10b4bbba4c3929d24f91f58dc94925316afa
rld,3,train,20240902-18-51-10,test__20240902-18-51-10__65122831.npz,1,/home/ubuntu/klb/nuclr/nuclr/Data/Dunn_001623/cv5_grouped_v1/fold_3/train/test__20240902-18-51-10__65122831.npz,/home/ubuntu/klb/nuclr/nuclr/Data/Dunn_001623/date_disjoint_full95_v1/all/20240902-18-51-10.npz,603788,bd34d2cca518f06126504d92d42d40c73774f54bd0e9867f2c89715fba9db185
rld,3,train,20240902-20-11-40,test__20240902-20-11-40__8e027d87.npz,1,/home/ubuntu/klb/nuclr/nuclr/Data/Dunn_001623/cv5_grouped_v1/fold_3/train/test__20240902-20-11-40__8e027d87.npz,/home/ubuntu/klb/nuclr/nuclr/Data/Dunn_001623/date_disjoint_full95_v1/all/20240902-20-11-40.npz,602340,9ba78f905eab012c1863f0c42a5906e4fa680a85e39c9d6f6afbab50a2b66211
rld,3,train,20240904-16-13-38,test__20240904-16-13-38__f1471777.npz,1,/home/ubuntu/klb/nuclr/nuclr/Data/Dunn_001623/cv5_grouped_v1/fold_3/train/test__20240904-16-13-38__f1471777.npz,/home/ubuntu/klb/nuclr/nuclr/Data/Dunn_001623/date_disjoint_full95_v1/all/20240904-16-13-38.npz,587011,d219fc3ae6bb4d95d248262b2967529d6b5592629d82c69f4bd1e9259471b25d
rld,3,train,20240904-17-29-27,test__20240904-17-29-27__89ba9935.npz,1,/home/ubuntu/klb/nuclr/nuclr/Data/Dunn_001623/cv5_grouped_v1/fold_3/train/test__20240904-17-29-27__89ba9935.npz,/home/ubuntu/klb/nuclr/nuclr/Data/Dunn_001623/date_disjoint_full95_v1/all/20240904-17-29-27.npz,565447,5d922b817011850ebafba8c2d0e5be7bbba2e4f65f74bcc295390d3996dad50b
rld,3,train,20240917-20-18-26,test__20240917-20-18-26__86af46bb.npz,1,/home/ubuntu/klb/nuclr/nuclr/Data/Dunn_001623/cv5_grouped_v1/fold_3/train/test__20240917-20-18-26__86af46bb.npz,/home/ubuntu/klb/nuclr/nuclr/Data/Dunn_001623/date_disjoint_full95_v1/all/20240917-20-18-26.npz,427461,4b7cc6e42c9cdfaacf14054751bc1c16396c1fba4e8a07588cff5e16cc478801
rld,3,train,20240917-21-32-57,test__20240917-21-32-57__79d5d848.npz,1,/home/ubuntu/klb/nuclr/nuclr/Data/Dunn_001623/cv5_grouped_v1/fold_3/train/test__20240917-21-32-57__79d5d848.npz,/home/ubuntu/klb/nuclr/nuclr/Data/Dunn_001623/date_disjoint_full95_v1/all/20240917-21-32-57.npz,582384,47b06b0331b5f333fdca2898688e232a63745e7e9b6eb0d075d8fa75c1e9b9af
rld,3,train,20240917-22-37-14,test__20240917-22-37-14__8e0dd17d.npz,1,/home/ubuntu/klb/nuclr/nuclr/Data/Dunn_001623/cv5_grouped_v1/fold_3/train/test__20240917-22-37-14__8e0dd17d.npz,/home/ubuntu/klb/nuclr/nuclr/Data/Dunn_001623/date_disjoint_full95_v1/all/20240917-22-37-14.npz,653808,15e28f0ece35d5824a98a1c4247bf5491ed8a412824dff3b27ad3de2ac7fbad8
rld,3,train,20220316-15-34-20,train__20220316-15-34-20__04bb7805.npz,1,/home/ubuntu/klb/nuclr/nuclr/Data/Dunn_001623/cv5_grouped_v1/fold_3/train/train__20220316-15-34-20__04bb7805.npz,/home/ubuntu/klb/nuclr/nuclr/Data/Dunn_001623/date_disjoint_full95_v1/all/20220316-15-34-20.npz,1319340,44bd5fab42de01c69b1114132c052d3f3731f3b960de5769c3d6c068a138fb8a
rld,3,train,20220426-11-26-14,train__20220426-11-26-14__566b98d7.npz,1,/home/ubuntu/klb/nuclr/nuclr/Data/Dunn_001623/cv5_grouped_v1/fold_3/train/train__20220426-11-26-14__566b98d7.npz,/home/ubuntu/klb/nuclr/nuclr/Data/Dunn_001623/date_disjoint_full95_v1/all/20220426-11-26-14.npz,1303057,7db5e3974a5b61cc3a23a36fe17754990505366f285c234cfcae3436715028d4
rld,3,train,20220426-11-32-18,train__20220426-11-32-18__486b09fd.npz,1,/home/ubuntu/klb/nuclr/nuclr/Data/Dunn_001623/cv5_grouped_v1/fold_3/train/train__20220426-11-32-18__486b09fd.npz,/home/ubuntu/klb/nuclr/nuclr/Data/Dunn_001623/date_disjoint_full95_v1/all/20220426-11-32-18.npz,1503533,bb8efa2399ed4ba39e27b79d0366d913ac8cf3a0474e9d10a55e1ce2ac38b944
rld,3,train,20221106-21-00-09,train__20221106-21-00-09__09a0b8d2.npz,1,/home/ubuntu/klb/nuclr/nuclr/Data/Dunn_001623/cv5_grouped_v1/fold_3/train/train__20221106-21-00-09__09a0b8d2.npz,/home/ubuntu/klb/nuclr/nuclr/Data/Dunn_001623/date_disjoint_full95_v1/all/20221106-21-00-09.npz,302342,0d52fa6f08d786fa7ee0adc6b6ae0e2cc6c457f2d55a780eacfabaf83128b542
rld,3,train,20221106-21-23-19,train__20221106-21-23-19__5c1ba7b0.npz,1,/home/ubuntu/klb/nuclr/nuclr/Data/Dunn_001623/cv5_grouped_v1/fold_3/train/train__20221106-21-23-19__5c1ba7b0.npz,/home/ubuntu/klb/nuclr/nuclr/Data/Dunn_001623/date_disjoint_full95_v1/all/20221106-21-23-19.npz,279948,e5c1c0fba317e1b6feaf689bc6f580d5b8ce52c34e60943233dd0e03fc0e6487
rld,3,train,20221215-22-02-55,train__20221215-22-02-55__13b8ecc9.npz,1,/home/ubuntu/klb/nuclr/nuclr/Data/Dunn_001623/cv5_grouped_v1/fold_3/train/train__20221215-22-02-55__13b8ecc9.npz,/home/ubuntu/klb/nuclr/nuclr/Data/Dunn_001623/date_disjoint_full95_v1/all/20221215-22-02-55.npz,383980,aa3753eb80ca4e6f2cc192ea35a0f96ac52fe02d2463cb5ed9b2d9d6a116be09
rld,3,train,20230317-12-27-51,train__20230317-12-27-51__d9cfb273.npz,1,/home/ubuntu/klb/nuclr/nuclr/Data/Dunn_001623/cv5_grouped_v1/fold_3/train/train__20230317-12-27-51__d9cfb273.npz,/home/ubuntu/klb/nuclr/nuclr/Data/Dunn_001623/date_disjoint_full95_v1/all/20230317-12-27-51.npz,490100,809c44ad6a3395dee6bb504b9289a64be52f8c8d9147c27cffd56e63502d55cf
rld,3,train,20230317-12-51-42,train__20230317-12-51-42__ee7cf2ed.npz,1,/home/ubuntu/klb/nuclr/nuclr/Data/Dunn_001623/cv5_grouped_v1/fold_3/train/train__20230317-12-51-42__ee7cf2ed.npz,/home/ubuntu/klb/nuclr/nuclr/Data/Dunn_001623/date_disjoint_full95_v1/all/20230317-12-51-42.npz,448026,d0ea4ab2d7c8aea6b00cde5e3b436267d9020554f3b7409f6a87dfb1d13eb0de
rld,3,train,20230322-18-57-04,train__20230322-18-57-04__9b40dc1c.npz,1,/home/ubuntu/klb/nuclr/nuclr/Data/Dunn_001623/cv5_grouped_v1/fold_3/train/train__20230322-18-57-04__9b40dc1c.npz,/home/ubuntu/klb/nuclr/nuclr/Data/Dunn_001623/date_disjoint_full95_v1/all/20230322-18-57-04.npz,635949,ed9e131bfd00612b2de742fa7a0b25c191c5047ffb208edd8bc5ae9f34f5431c
rld,3,train,20230322-21-41-10,train__20230322-21-41-10__68e571c7.npz,1,/home/ubuntu/klb/nuclr/nuclr/Data/Dunn_001623/cv5_grouped_v1/fold_3/train/train__20230322-21-41-10__68e571c7.npz,/home/ubuntu/klb/nuclr/nuclr/Data/Dunn_001623/date_disjoint_full95_v1/all/20230322-21-41-10.npz,639978,09727bd5232dfa40df415d5fad5103579618f43b17c648bd1eac9eb84f0bd883
rld,3,train,20230322-22-12-12,train__20230322-22-12-12__6383e838.npz,1,/home/ubuntu/klb/nuclr/nuclr/Data/Dunn_001623/cv5_grouped_v1/fold_3/train/train__20230322-22-12-12__6383e838.npz,/home/ubuntu/klb/nuclr/nuclr/Data/Dunn_001623/date_disjoint_full95_v1/all/20230322-22-12-12.npz,593033,0119e4e581c9353f568f135d90988dce647f85d2b096b25f77aa1fc3ed58586b
rld,3,train,20230322-22-43-03,train__20230322-22-43-03__263d116b.npz,1,/home/ubuntu/klb/nuclr/nuclr/Data/Dunn_001623/cv5_grouped_v1/fold_3/train/train__20230322-22-43-03__263d116b.npz,/home/ubuntu/klb/nuclr/nuclr/Data/Dunn_001623/date_disjoint_full95_v1/all/20230322-22-43-03.npz,621015,42151d86757f7fdd643a2f5c987d1b80282de98bc9a77424caec8d6f5ffd7bad
rld,3,train,20230502-20-41-23,train__20230502-20-41-23__2165ec1f.npz,1,/home/ubuntu/klb/nuclr/nuclr/Data/Dunn_001623/cv5_grouped_v1/fold_3/train/train__20230502-20-41-23__2165ec1f.npz,/home/ubuntu/klb/nuclr/nuclr/Data/Dunn_001623/date_disjoint_full95_v1/all/20230502-20-41-23.npz,503938,eb79fbb23adc3938f27a0e299d3e9e17e0edb69206657390d4077673a745346f
rld,3,train,20230506-12-56-00,train__20230506-12-56-00__22f6ec67.npz,1,/home/ubuntu/klb/nuclr/nuclr/Data/Dunn_001623/cv5_grouped_v1/fold_3/train/train__20230506-12-56-00__22f6ec67.npz,/home/ubuntu/klb/nuclr/nuclr/Data/Dunn_001623/date_disjoint_full95_v1/all/20230506-12-56-00.npz,561548,c258b3dce13d4996412f4ed1909d675648d86df1a83411a9c5d259ea9e5f4bfe
rld,3,train,20230506-15-33-51,train__20230506-15-33-51__8ad093bc.npz,1,/home/ubuntu/klb/nuclr/nuclr/Data/Dunn_001623/cv5_grouped_v1/fold_3/train/train__20230506-15-33-51__8ad093bc.npz,/home/ubuntu/klb/nuclr/nuclr/Data/Dunn_001623/date_disjoint_full95_v1/all/20230506-15-33-51.npz,559416,9d1ec781bb30612acfa24aa8ebd3590e752d4e18f7e1cdf890255e7fdb1c58fe
rld,3,train,20230510-12-53-34,train__20230510-12-53-34__0508114e.npz,1,/home/ubuntu/klb/nuclr/nuclr/Data/Dunn_001623/cv5_grouped_v1/fold_3/train/train__20230510-12-53-34__0508114e.npz,/home/ubuntu/klb/nuclr/nuclr/Data/Dunn_001623/date_disjoint_full95_v1/all/20230510-12-53-34.npz,615955,5c4af1bce1438ebdba97f820dae84e3547a8a422d60ff177b0bae7317f83bdb3
rld,3,train,20230510-16-36-46,train__20230510-16-36-46__27b2b5a4.npz,1,/home/ubuntu/klb/nuclr/nuclr/Data/Dunn_001623/cv5_grouped_v1/fold_3/train/train__20230510-16-36-46__27b2b5a4.npz,/home/ubuntu/klb/nuclr/nuclr/Data/Dunn_001623/date_disjoint_full95_v1/all/20230510-16-36-46.npz,485134,716d3ef3cce5f496c0b2ef1b479eefc70267117c8fbe8510ee7fd19a8e9fecb7
rld,3,train,20230604-15-50-12,train__20230604-15-50-12__2e46de74.npz,1,/home/ubuntu/klb/nuclr/nuclr/Data/Dunn_001623/cv5_grouped_v1/fold_3/train/train__20230604-15-50-12__2e46de74.npz,/home/ubuntu/klb/nuclr/nuclr/Data/Dunn_001623/date_disjoint_full95_v1/all/20230604-15-50-12.npz,514909,2b276d64e28c1535e1562f3473ecbb596db1984f8a31caca4c9d778f43261e4a
rld,3,train,20230604-16-22-56,train__20230604-16-22-56__21786b5b.npz,1,/home/ubuntu/klb/nuclr/nuclr/Data/Dunn_001623/cv5_grouped_v1/fold_3/train/train__20230604-16-22-56__21786b5b.npz,/home/ubuntu/klb/nuclr/nuclr/Data/Dunn_001623/date_disjoint_full95_v1/all/20230604-16-22-56.npz,473722,4a3677195d7ad4758b59da260dac9440c845d3c8d1634c0cbe1677f02fdd7b29
rld,3,train,20230604-17-09-01,train__20230604-17-09-01__463c457e.npz,1,/home/ubuntu/klb/nuclr/nuclr/Data/Dunn_001623/cv5_grouped_v1/fold_3/train/train__20230604-17-09-01__463c457e.npz,/home/ubuntu/klb/nuclr/nuclr/Data/Dunn_001623/date_disjoint_full95_v1/all/20230604-17-09-01.npz,529967,475c8f52e519daa2c0fd76a6153db5b555bdd8bc82466362c59d0599902cc96e
rld,3,train,20230903-16-32-28,train__20230903-16-32-28__f139478f.npz,1,/home/ubuntu/klb/nuclr/nuclr/Data/Dunn_001623/cv5_grouped_v1/fold_3/train/train__20230903-16-32-28__f139478f.npz,/home/ubuntu/klb/nuclr/nuclr/Data/Dunn_001623/date_disjoint_full95_v1/all/20230903-16-32-28.npz,691456,8c8813530f0715fb9328a0c6642244311bb5165a04d2595155b571312d2ffb05
rld,3,train,20230903-17-18-45,train__20230903-17-18-45__a6adcba4.npz,1,/home/ubuntu/klb/nuclr/nuclr/Data/Dunn_001623/cv5_grouped_v1/fold_3/train/train__20230903-17-18-45__a6adcba4.npz,/home/ubuntu/klb/nuclr/nuclr/Data/Dunn_001623/date_disjoint_full95_v1/all/20230903-17-18-45.npz,620807,5187aaa2ef2caa2f33bb881239ddbe457ed99a9f68d3e175fc3583b59825fbe5
rld,3,train,20230903-19-07-30,train__20230903-19-07-30__a37ab37d.npz,1,/home/ubuntu/klb/nuclr/nuclr/Data/Dunn_001623/cv5_grouped_v1/fold_3/train/train__20230903-19-07-30__a37ab37d.npz,/home/ubuntu/klb/nuclr/nuclr/Data/Dunn_001623/date_disjoint_full95_v1/all/20230903-19-07-30.npz,611496,37ddf562291da85b4dfaa8e2c59bbfe8a58041009005730f9f19980eaa792f96
rld,3,train,20230904-14-30-52,train__20230904-14-30-52__53fee4fe.npz,1,/home/ubuntu/klb/nuclr/nuclr/Data/Dunn_001623/cv5_grouped_v1/fold_3/train/train__20230904-14-30-52__53fee4fe.npz,/home/ubuntu/klb/nuclr/nuclr/Data/Dunn_001623/date_disjoint_full95_v1/all/20230904-14-30-52.npz,621750,b9e474293397f75894eee54c9e5371da73def174e8182d57c534af853ddac512
rld,3,train,20230904-15-09-05,train__20230904-15-09-05__8abbb802.npz,1,/home/ubuntu/klb/nuclr/nuclr/Data/Dunn_001623/cv5_grouped_v1/fold_3/train/train__20230904-15-09-05__8abbb802.npz,/home/ubuntu/klb/nuclr/nuclr/Data/Dunn_001623/date_disjoint_full95_v1/all/20230904-15-09-05.npz,584176,f3b0d83fbcb27f8fb4babc90291d89346ebab46aacc80ba9d3e57816bd5966a7
rld,3,train,20230909-15-40-07,train__20230909-15-40-07__b05ac7c6.npz,1,/home/ubuntu/klb/nuclr/nuclr/Data/Dunn_001623/cv5_grouped_v1/fold_3/train/train__20230909-15-40-07__b05ac7c6.npz,/home/ubuntu/klb/nuclr/nuclr/Data/Dunn_001623/date_disjoint_full95_v1/all/20230909-15-40-07.npz,561995,0be1ba33dd8a46ff03bc7bcba4826ec796d20e491b70cb76fdcea0c087a331ae
rld,3,train,20230909-16-14-25,train__20230909-16-14-25__1ce065a5.npz,1,/home/ubuntu/klb/nuclr/nuclr/Data/Dunn_001623/cv5_grouped_v1/fold_3/train/train__20230909-16-14-25__1ce065a5.npz,/home/ubuntu/klb/nuclr/nuclr/Data/Dunn_001623/date_disjoint_full95_v1/all/20230909-16-14-25.npz,524447,6f2372dcd2a244f5f321777c6858d7b8f6228d1ab33ffc1e832a768cde327486
rld,3,train,20230909-16-48-09,train__20230909-16-48-09__8ffb3e48.npz,1,/home/ubuntu/klb/nuclr/nuclr/Data/Dunn_001623/cv5_grouped_v1/fold_3/train/train__20230909-16-48-09__8ffb3e48.npz,/home/ubuntu/klb/nuclr/nuclr/Data/Dunn_001623/date_disjoint_full95_v1/all/20230909-16-48-09.npz,580481,464166cbf10e0aa05e86db6c575d6d410ea46bec585e42d504a1dc574ba5c49d
rld,3,train,20230921-17-15-33,train__20230921-17-15-33__7e38f7b1.npz,1,/home/ubuntu/klb/nuclr/nuclr/Data/Dunn_001623/cv5_grouped_v1/fold_3/train/train__20230921-17-15-33__7e38f7b1.npz,/home/ubuntu/klb/nuclr/nuclr/Data/Dunn_001623/date_disjoint_full95_v1/all/20230921-17-15-33.npz,562857,298f265109500dfff384381bb6a464673b5ed53500eee1fbdf4d2987fb9e3bf6
rld,3,train,20240426-22-49-55,train__20240426-22-49-55__1da0e1a7.npz,1,/home/ubuntu/klb/nuclr/nuclr/Data/Dunn_001623/cv5_grouped_v1/fold_3/train/train__20240426-22-49-55__1da0e1a7.npz,/home/ubuntu/klb/nuclr/nuclr/Data/Dunn_001623/date_disjoint_full95_v1/all/20240426-22-49-55.npz,559794,8a955aadb345d9295463af7ac2d59891d205094ec14151438a3cc5e3c88d260a
rld,3,train,20240426-23-12-40,train__20240426-23-12-40__eca116e3.npz,1,/home/ubuntu/klb/nuclr/nuclr/Data/Dunn_001623/cv5_grouped_v1/fold_3/train/train__20240426-23-12-40__eca116e3.npz,/home/ubuntu/klb/nuclr/nuclr/Data/Dunn_001623/date_disjoint_full95_v1/all/20240426-23-12-40.npz,506220,2ad62ae570deca5c8b328e614a1151786048425dd9db75eda979fb78e9959773
rld,3,train,20240430-20-31-05,train__20240430-20-31-05__b180fb93.npz,1,/home/ubuntu/klb/nuclr/nuclr/Data/Dunn_001623/cv5_grouped_v1/fold_3/train/train__20240430-20-31-05__b180fb93.npz,/home/ubuntu/klb/nuclr/nuclr/Data/Dunn_001623/date_disjoint_full95_v1/all/20240430-20-31-05.npz,785210,0b8b25fe98667ac3e28c470f5fa5f015fe5e2afd7c76e755a0fe78cf6c54e7a0
rld,3,train,20240430-21-04-44,train__20240430-21-04-44__9ef731e3.npz,1,/home/ubuntu/klb/nuclr/nuclr/Data/Dunn_001623/cv5_grouped_v1/fold_3/train/train__20240430-21-04-44__9ef731e3.npz,/home/ubuntu/klb/nuclr/nuclr/Data/Dunn_001623/date_disjoint_full95_v1/all/20240430-21-04-44.npz,600253,936a06ab47f1d3bf92974f8cf8939be82ba296daf2522a117d017d38a3b4b379
rld,3,train,20240526-18-19-39,train__20240526-18-19-39__90a95eba.npz,1,/home/ubuntu/klb/nuclr/nuclr/Data/Dunn_001623/cv5_grouped_v1/fold_3/train/train__20240526-18-19-39__90a95eba.npz,/home/ubuntu/klb/nuclr/nuclr/Data/Dunn_001623/date_disjoint_full95_v1/all/20240526-18-19-39.npz,800264,72e8c9bca3292919a7505c800e23430bb1c5d53c171bbe9c14254eb89ad994df
rld,3,train,20240526-19-18-14,train__20240526-19-18-14__28f19b5b.npz,1,/home/ubuntu/klb/nuclr/nuclr/Data/Dunn_001623/cv5_grouped_v1/fold_3/train/train__20240526-19-18-14__28f19b5b.npz,/home/ubuntu/klb/nuclr/nuclr/Data/Dunn_001623/date_disjoint_full95_v1/all/20240526-19-18-14.npz,1144369,68fbc5c1ba5ab06d85734c17c37904e45eebc01ea70880fa83998efcc036c975
rld,3,train,20240626-12-35-05,train__20240626-12-35-05__211655c5.npz,1,/home/ubuntu/klb/nuclr/nuclr/Data/Dunn_001623/cv5_grouped_v1/fold_3/train/train__20240626-12-35-05__211655c5.npz,/home/ubuntu/klb/nuclr/nuclr/Data/Dunn_001623/date_disjoint_full95_v1/all/20240626-12-35-05.npz,860462,f4cedb7a420d7774a83278715e8500e456a17709b343160926e7b0e472c762c6
rld,3,train,20240626-13-22-25,train__20240626-13-22-25__0b6ce516.npz,1,/home/ubuntu/klb/nuclr/nuclr/Data/Dunn_001623/cv5_grouped_v1/fold_3/train/train__20240626-13-22-25__0b6ce516.npz,/home/ubuntu/klb/nuclr/nuclr/Data/Dunn_001623/date_disjoint_full95_v1/all/20240626-13-22-25.npz,1293937,2d9fca5521e033faf6fb9e786e816cb14a7f21b7be6363a72eb513809e06de22
rld,3,train,20240626-14-30-55,train__20240626-14-30-55__cb271409.npz,1,/home/ubuntu/klb/nuclr/nuclr/Data/Dunn_001623/cv5_grouped_v1/fold_3/train/train__20240626-14-30-55__cb271409.npz,/home/ubuntu/klb/nuclr/nuclr/Data/Dunn_001623/date_disjoint_full95_v1/all/20240626-14-30-55.npz,895547,7f665969f8ddca21232fc424235e94fef729b467802771413c7c5873d120dd71
rld,3,train,20240629-14-14-08,train__20240629-14-14-08__4e49fe0f.npz,1,/home/ubuntu/klb/nuclr/nuclr/Data/Dunn_001623/cv5_grouped_v1/fold_3/train/train__20240629-14-14-08__4e49fe0f.npz,/home/ubuntu/klb/nuclr/nuclr/Data/Dunn_001623/date_disjoint_full95_v1/all/20240629-14-14-08.npz,1364189,9d3166a38c17c92c9a9f4c9994076d4628c0be5af0965299942b85c229f1d186
rld,3,train,20240629-17-55-55,train__20240629-17-55-55__51d00abe.npz,1,/home/ubuntu/klb/nuclr/nuclr/Data/Dunn_001623/cv5_grouped_v1/fold_3/train/train__20240629-17-55-55__51d00abe.npz,/home/ubuntu/klb/nuclr/nuclr/Data/Dunn_001623/date_disjoint_full95_v1/all/20240629-17-55-55.npz,1148159,9a72b11f17fd8ea78794e4b61cf62f238eef979dc419e1924ae06055e12e117c
rld,3,train,20240714-16-04-26,train__20240714-16-04-26__25b86368.npz,1,/home/ubuntu/klb/nuclr/nuclr/Data/Dunn_001623/cv5_grouped_v1/fold_3/train/train__20240714-16-04-26__25b86368.npz,/home/ubuntu/klb/nuclr/nuclr/Data/Dunn_001623/date_disjoint_full95_v1/all/20240714-16-04-26.npz,785322,934853d0647d84581cfe8f9168c5e11fdd133a367a949ddf647690071e2317b8
rld,3,train,20240724-15-07-00,val__20240724-15-07-00__3bfc59cb.npz,1,/home/ubuntu/klb/nuclr/nuclr/Data/Dunn_001623/cv5_grouped_v1/fold_3/train/val__20240724-15-07-00__3bfc59cb.npz,/home/ubuntu/klb/nuclr/nuclr/Data/Dunn_001623/date_disjoint_full95_v1/all/20240724-15-07-00.npz,946934,21c17a66317a92d25b59a02616818529c4beac70a5540fe93371c0969881e95c
rld,3,train,20240724-16-28-26,val__20240724-16-28-26__6d81a78c.npz,1,/home/ubuntu/klb/nuclr/nuclr/Data/Dunn_001623/cv5_grouped_v1/fold_3/train/val__20240724-16-28-26__6d81a78c.npz,/home/ubuntu/klb/nuclr/nuclr/Data/Dunn_001623/date_disjoint_full95_v1/all/20240724-16-28-26.npz,866188,668621b6de7cf485dc1aa471fc52666f12f364b0a05d331e62fe8158593e1ce4
rld,3,train,20240724-17-40-58,val__20240724-17-40-58__3876e251.npz,1,/home/ubuntu/klb/nuclr/nuclr/Data/Dunn_001623/cv5_grouped_v1/fold_3/train/val__20240724-17-40-58__3876e251.npz,/home/ubuntu/klb/nuclr/nuclr/Data/Dunn_001623/date_disjoint_full95_v1/all/20240724-17-40-58.npz,990750,2c4941978753a891294b8623a82ecb5e4bf3fb0ffc9cf3c1ab333b63ada38034
rld,3,train,20240828-17-07-39,val__20240828-17-07-39__7d57ffb7.npz,1,/home/ubuntu/klb/nuclr/nuclr/Data/Dunn_001623/cv5_grouped_v1/fold_3/train/val__20240828-17-07-39__7d57ffb7.npz,/home/ubuntu/klb/nuclr/nuclr/Data/Dunn_001623/date_disjoint_full95_v1/all/20240828-17-07-39.npz,593825,75eef3e35824ab805e31c2c281d2d257f27ff929f13e19bba239bcba0b3eae89
rld,3,train,20240829-13-00-31,val__20240829-13-00-31__f5f26b28.npz,1,/home/ubuntu/klb/nuclr/nuclr/Data/Dunn_001623/cv5_grouped_v1/fold_3/train/val__20240829-13-00-31__f5f26b28.npz,/home/ubuntu/klb/nuclr/nuclr/Data/Dunn_001623/date_disjoint_full95_v1/all/20240829-13-00-31.npz,602923,85b4d435acea24184f830b75f915f643cdfbf1d9bb60e141a7042f02fe4865fc
rld,3,train,20240829-13-39-15,val__20240829-13-39-15__269f754b.npz,1,/home/ubuntu/klb/nuclr/nuclr/Data/Dunn_001623/cv5_grouped_v1/fold_3/train/val__20240829-13-39-15__269f754b.npz,/home/ubuntu/klb/nuclr/nuclr/Data/Dunn_001623/date_disjoint_full95_v1/all/20240829-13-39-15.npz,592338,59ac7db07580ab84e10a985496b706aff00c82d3ddc6a3161babfe5466b3b8b9
rld,3,val,20240902-16-53-12,test__20240902-16-53-12__d37b2c72.npz,1,/home/ubuntu/klb/nuclr/nuclr/Data/Dunn_001623/cv5_grouped_v1/fold_3/val/test__20240902-16-53-12__d37b2c72.npz,/home/ubuntu/klb/nuclr/nuclr/Data/Dunn_001623/date_disjoint_full95_v1/all/20240902-16-53-12.npz,600117,cd9e57955bbf93f2c91080ce93a78f8247aca641fe468e96dd993760207df1d4
rld,3,val,20240904-14-55-14,test__20240904-14-55-14__9a84acb1.npz,1,/home/ubuntu/klb/nuclr/nuclr/Data/Dunn_001623/cv5_grouped_v1/fold_3/val/test__20240904-14-55-14__9a84acb1.npz,/home/ubuntu/klb/nuclr/nuclr/Data/Dunn_001623/date_disjoint_full95_v1/all/20240904-14-55-14.npz,562977,52a2ef5c820c01456b870cae68636aa24637810ac48f32aaa1de59a8e89b6594
rld,3,val,20240904-15-32-57,test__20240904-15-32-57__de09412e.npz,1,/home/ubuntu/klb/nuclr/nuclr/Data/Dunn_001623/cv5_grouped_v1/fold_3/val/test__20240904-15-32-57__de09412e.npz,/home/ubuntu/klb/nuclr/nuclr/Data/Dunn_001623/date_disjoint_full95_v1/all/20240904-15-32-57.npz,531524,038d76d4bb308e445d45a370dd8bb4befffd21a13b9fa069cc7553b6cafc0d03
rld,3,val,20240904-16-51-21,test__20240904-16-51-21__8823f6ed.npz,1,/home/ubuntu/klb/nuclr/nuclr/Data/Dunn_001623/cv5_grouped_v1/fold_3/val/test__20240904-16-51-21__8823f6ed.npz,/home/ubuntu/klb/nuclr/nuclr/Data/Dunn_001623/date_disjoint_full95_v1/all/20240904-16-51-21.npz,587442,2f690aec8cb499d313103dbd9112c8dcac84b264869d1a8c009c4ed5d1154577
rld,3,val,20240917-20-52-20,test__20240917-20-52-20__675c5b3a.npz,1,/home/ubuntu/klb/nuclr/nuclr/Data/Dunn_001623/cv5_grouped_v1/fold_3/val/test__20240917-20-52-20__675c5b3a.npz,/home/ubuntu/klb/nuclr/nuclr/Data/Dunn_001623/date_disjoint_full95_v1/all/20240917-20-52-20.npz,428566,bb3286b75c85828cbd831e2fe98318ca2082403a7c3fc18431ea1d654b2525a7
rld,3,val,20220302-11-45-51,train__20220302-11-45-51__e4ddba8b.npz,1,/home/ubuntu/klb/nuclr/nuclr/Data/Dunn_001623/cv5_grouped_v1/fold_3/val/train__20220302-11-45-51__e4ddba8b.npz,/home/ubuntu/klb/nuclr/nuclr/Data/Dunn_001623/date_disjoint_full95_v1/all/20220302-11-45-51.npz,1472532,8a63df82f78d11662d971ab956cfecfd6d3e4b3c138c074581a62687506b1d67
rld,3,val,20230322-20-16-50,train__20230322-20-16-50__ca407999.npz,1,/home/ubuntu/klb/nuclr/nuclr/Data/Dunn_001623/cv5_grouped_v1/fold_3/val/train__20230322-20-16-50__ca407999.npz,/home/ubuntu/klb/nuclr/nuclr/Data/Dunn_001623/date_disjoint_full95_v1/all/20230322-20-16-50.npz,632030,5a4c69383f6c10bdfc2d9999ba75aea853a12ac4c9f09fea2bf0710ce9520213
rld,3,val,20230322-21-09-13,train__20230322-21-09-13__96dcc1e2.npz,1,/home/ubuntu/klb/nuclr/nuclr/Data/Dunn_001623/cv5_grouped_v1/fold_3/val/train__20230322-21-09-13__96dcc1e2.npz,/home/ubuntu/klb/nuclr/nuclr/Data/Dunn_001623/date_disjoint_full95_v1/all/20230322-21-09-13.npz,566535,0aca8f2cbc2b818bc81a226eada07b5fac897d3dd9831254a6a3e9040f4587af
rld,3,val,20230506-13-32-08,train__20230506-13-32-08__24b0f96a.npz,1,/home/ubuntu/klb/nuclr/nuclr/Data/Dunn_001623/cv5_grouped_v1/fold_3/val/train__20230506-13-32-08__24b0f96a.npz,/home/ubuntu/klb/nuclr/nuclr/Data/Dunn_001623/date_disjoint_full95_v1/all/20230506-13-32-08.npz,497483,0f4cff916f9712a4dfccd0f30e058bd283b3eecdafc9df91025729e2703be395
rld,3,val,20230506-14-24-57,train__20230506-14-24-57__cf346a72.npz,1,/home/ubuntu/klb/nuclr/nuclr/Data/Dunn_001623/cv5_grouped_v1/fold_3/val/train__20230506-14-24-57__cf346a72.npz,/home/ubuntu/klb/nuclr/nuclr/Data/Dunn_001623/date_disjoint_full95_v1/all/20230506-14-24-57.npz,597961,abdc87dcd17cdf1606afbe9bb930b295072ba50f5240946ab790665af3f56d61
rld,3,val,20230904-15-59-40,train__20230904-15-59-40__ee901581.npz,1,/home/ubuntu/klb/nuclr/nuclr/Data/Dunn_001623/cv5_grouped_v1/fold_3/val/train__20230904-15-59-40__ee901581.npz,/home/ubuntu/klb/nuclr/nuclr/Data/Dunn_001623/date_disjoint_full95_v1/all/20230904-15-59-40.npz,617472,3ea8a636408f6954061bb519cc74ecfde91cc1a423fe2b4d2037fd4f8ee984cb
rld,3,val,20240526-19-51-22,train__20240526-19-51-22__48ee49a1.npz,1,/home/ubuntu/klb/nuclr/nuclr/Data/Dunn_001623/cv5_grouped_v1/fold_3/val/train__20240526-19-51-22__48ee49a1.npz,/home/ubuntu/klb/nuclr/nuclr/Data/Dunn_001623/date_disjoint_full95_v1/all/20240526-19-51-22.npz,1283974,25050915ec7a88edb8fb4584db70b7d53df3c0b0cd0aad1583d0a9650a97030a
rld,3,val,20240626-15-08-33,train__20240626-15-08-33__4751906d.npz,1,/home/ubuntu/klb/nuclr/nuclr/Data/Dunn_001623/cv5_grouped_v1/fold_3/val/train__20240626-15-08-33__4751906d.npz,/home/ubuntu/klb/nuclr/nuclr/Data/Dunn_001623/date_disjoint_full95_v1/all/20240626-15-08-33.npz,941538,e3416ecbf3c88b575f51f1292b96491279220d7f1a2e96473afa19547aa9f98a
rld,3,val,20240629-14-48-32,train__20240629-14-48-32__2b74813e.npz,1,/home/ubuntu/klb/nuclr/nuclr/Data/Dunn_001623/cv5_grouped_v1/fold_3/val/train__20240629-14-48-32__2b74813e.npz,/home/ubuntu/klb/nuclr/nuclr/Data/Dunn_001623/date_disjoint_full95_v1/all/20240629-14-48-32.npz,1009255,05c3fc68f906dcfba013abfbcbc9ad84905083800cbc00be7cd684851c467841
rld,3,val,20240629-20-59-45,train__20240629-20-59-45__37ae4b86.npz,1,/home/ubuntu/klb/nuclr/nuclr/Data/Dunn_001623/cv5_grouped_v1/fold_3/val/train__20240629-20-59-45__37ae4b86.npz,/home/ubuntu/klb/nuclr/nuclr/Data/Dunn_001623/date_disjoint_full95_v1/all/20240629-20-59-45.npz,1088692,21170dd357664c632d06613ad89a5a78fdd662b4f63a4b62ac6c1be8555d2389
rld,3,val,20240714-15-24-26,train__20240714-15-24-26__8e813fbd.npz,1,/home/ubuntu/klb/nuclr/nuclr/Data/Dunn_001623/cv5_grouped_v1/fold_3/val/train__20240714-15-24-26__8e813fbd.npz,/home/ubuntu/klb/nuclr/nuclr/Data/Dunn_001623/date_disjoint_full95_v1/all/20240714-15-24-26.npz,991282,41268b9bd7733337cc30695107dbc88c536f793cbf5e5817568acfdec22dee76
rld,3,val,20240714-17-28-58,train__20240714-17-28-58__6d7f3bea.npz,1,/home/ubuntu/klb/nuclr/nuclr/Data/Dunn_001623/cv5_grouped_v1/fold_3/val/train__20240714-17-28-58__6d7f3bea.npz,/home/ubuntu/klb/nuclr/nuclr/Data/Dunn_001623/date_disjoint_full95_v1/all/20240714-17-28-58.npz,979700,9c9f08defdab9b830502e248dff5d37549049d5410381271ecf7300e6181c42d
rld,3,val,20240724-14-26-00,val__20240724-14-26-00__b5d23d7a.npz,1,/home/ubuntu/klb/nuclr/nuclr/Data/Dunn_001623/cv5_grouped_v1/fold_3/val/val__20240724-14-26-00__b5d23d7a.npz,/home/ubuntu/klb/nuclr/nuclr/Data/Dunn_001623/date_disjoint_full95_v1/all/20240724-14-26-00.npz,923104,9f93a331c924f2c82bac46321a2e91d8c39c14ba02e4e9dd1bd2d946d4f9b5da
rld,3,val,20240828-14-16-29,val__20240828-14-16-29__4c7345fc.npz,1,/home/ubuntu/klb/nuclr/nuclr/Data/Dunn_001623/cv5_grouped_v1/fold_3/val/val__20240828-14-16-29__4c7345fc.npz,/home/ubuntu/klb/nuclr/nuclr/Data/Dunn_001623/date_disjoint_full95_v1/all/20240828-14-16-29.npz,688303,75783919454ba3046b2d4d669a32ca443da26cb7665691078c2f7e7d176e5c01
rld,3,test,20240902-15-36-41,test__20240902-15-36-41__6c56c3c3.npz,1,/home/ubuntu/klb/nuclr/nuclr/Data/Dunn_001623/cv5_grouped_v1/fold_3/test/test__20240902-15-36-41__6c56c3c3.npz,/home/ubuntu/klb/nuclr/nuclr/Data/Dunn_001623/date_disjoint_full95_v1/all/20240902-15-36-41.npz,638436,b3f6973656d46d64c7deee71bbec83bf546b837170a4757877d3cea065292a96
rld,3,test,20221106-21-47-31,train__20221106-21-47-31__5317510b.npz,1,/home/ubuntu/klb/nuclr/nuclr/Data/Dunn_001623/cv5_grouped_v1/fold_3/test/train__20221106-21-47-31__5317510b.npz,/home/ubuntu/klb/nuclr/nuclr/Data/Dunn_001623/date_disjoint_full95_v1/all/20221106-21-47-31.npz,256029,16d48b63bb7df89544136b1857fb6913f27599a855de33ce92457a6b65dd5f1f
rld,3,test,20230412-20-15-17,train__20230412-20-15-17__daaa749b.npz,1,/home/ubuntu/klb/nuclr/nuclr/Data/Dunn_001623/cv5_grouped_v1/fold_3/test/train__20230412-20-15-17__daaa749b.npz,/home/ubuntu/klb/nuclr/nuclr/Data/Dunn_001623/date_disjoint_full95_v1/all/20230412-20-15-17.npz,666496,51570b62cd95cb9665996b570aa1e659117ace4261267b70160dc297091edc78
rld,3,test,20230502-20-05-02,train__20230502-20-05-02__a258e522.npz,1,/home/ubuntu/klb/nuclr/nuclr/Data/Dunn_001623/cv5_grouped_v1/fold_3/test/train__20230502-20-05-02__a258e522.npz,/home/ubuntu/klb/nuclr/nuclr/Data/Dunn_001623/date_disjoint_full95_v1/all/20230502-20-05-02.npz,559020,378ce7ca38db3782de8ef4b580e5b17d484e33dfb7e1bf61d3933c547825b77d
rld,3,test,20230506-15-01-45,train__20230506-15-01-45__946fe43a.npz,1,/home/ubuntu/klb/nuclr/nuclr/Data/Dunn_001623/cv5_grouped_v1/fold_3/test/train__20230506-15-01-45__946fe43a.npz,/home/ubuntu/klb/nuclr/nuclr/Data/Dunn_001623/date_disjoint_full95_v1/all/20230506-15-01-45.npz,507277,ada241f4efbb36c9549122c067d183e520994e8404d326902d5c5c9315fdcf0b
rld,3,test,20230510-13-25-46,train__20230510-13-25-46__c855119f.npz,1,/home/ubuntu/klb/nuclr/nuclr/Data/Dunn_001623/cv5_grouped_v1/fold_3/test/train__20230510-13-25-46__c855119f.npz,/home/ubuntu/klb/nuclr/nuclr/Data/Dunn_001623/date_disjoint_full95_v1/all/20230510-13-25-46.npz,593370,026104ff57aeb61f7a25e7c8681298e3bf9e3848e01b39c4d88bec5b15a7412e
rld,3,test,20230510-15-49-47,train__20230510-15-49-47__4b9d53d9.npz,1,/home/ubuntu/klb/nuclr/nuclr/Data/Dunn_001623/cv5_grouped_v1/fold_3/test/train__20230510-15-49-47__4b9d53d9.npz,/home/ubuntu/klb/nuclr/nuclr/Data/Dunn_001623/date_disjoint_full95_v1/all/20230510-15-49-47.npz,497250,c6a68f961b3740cce90e5aaeb1ca5269fbae488ff885bf9df04d2492c7d93c95
rld,3,test,20230604-15-10-44,train__20230604-15-10-44__b2c953a0.npz,1,/home/ubuntu/klb/nuclr/nuclr/Data/Dunn_001623/cv5_grouped_v1/fold_3/test/train__20230604-15-10-44__b2c953a0.npz,/home/ubuntu/klb/nuclr/nuclr/Data/Dunn_001623/date_disjoint_full95_v1/all/20230604-15-10-44.npz,528295,797b1eba9c29e30dfd27a967b9932b810f7afa571d0d33f9243daaa70fb0fdbf
rld,3,test,20230903-15-10-21,train__20230903-15-10-21__530c73e1.npz,1,/home/ubuntu/klb/nuclr/nuclr/Data/Dunn_001623/cv5_grouped_v1/fold_3/test/train__20230903-15-10-21__530c73e1.npz,/home/ubuntu/klb/nuclr/nuclr/Data/Dunn_001623/date_disjoint_full95_v1/all/20230903-15-10-21.npz,598598,3988f0b91b74e77a290c5ec5504a6950ef398d28bdfa46f5dfb3e2038caa8547
rld,3,test,20230903-18-20-19,train__20230903-18-20-19__addb8863.npz,1,/home/ubuntu/klb/nuclr/nuclr/Data/Dunn_001623/cv5_grouped_v1/fold_3/test/train__20230903-18-20-19__addb8863.npz,/home/ubuntu/klb/nuclr/nuclr/Data/Dunn_001623/date_disjoint_full95_v1/all/20230903-18-20-19.npz,675580,bde41c94d7c19d6e3ad18df857e88cfb0c95b60022ae4532311f97a5df048c82
rld,3,test,20230909-14-26-56,train__20230909-14-26-56__57f9e593.npz,1,/home/ubuntu/klb/nuclr/nuclr/Data/Dunn_001623/cv5_grouped_v1/fold_3/test/train__20230909-14-26-56__57f9e593.npz,/home/ubuntu/klb/nuclr/nuclr/Data/Dunn_001623/date_disjoint_full95_v1/all/20230909-14-26-56.npz,634453,a3442d62c59dc33a5b0c53b96ae2fe0ea92632e8e75e4b0b4b7d7edbd5ac3937
rld,3,test,20240427-12-43-44,train__20240427-12-43-44__3f49af46.npz,1,/home/ubuntu/klb/nuclr/nuclr/Data/Dunn_001623/cv5_grouped_v1/fold_3/test/train__20240427-12-43-44__3f49af46.npz,/home/ubuntu/klb/nuclr/nuclr/Data/Dunn_001623/date_disjoint_full95_v1/all/20240427-12-43-44.npz,621093,16b70c206af336232483edb4d0b2913b8dfeabae04f44e48ebd99eb11cc12475
rld,3,test,20240526-17-36-55,train__20240526-17-36-55__f19a90eb.npz,1,/home/ubuntu/klb/nuclr/nuclr/Data/Dunn_001623/cv5_grouped_v1/fold_3/test/train__20240526-17-36-55__f19a90eb.npz,/home/ubuntu/klb/nuclr/nuclr/Data/Dunn_001623/date_disjoint_full95_v1/all/20240526-17-36-55.npz,864825,3b1c0a2703e286c27f30bff702b3722685daad268f47c6f87171b4dadff22e94
rld,3,test,20240626-13-55-40,train__20240626-13-55-40__d0b1dbab.npz,1,/home/ubuntu/klb/nuclr/nuclr/Data/Dunn_001623/cv5_grouped_v1/fold_3/test/train__20240626-13-55-40__d0b1dbab.npz,/home/ubuntu/klb/nuclr/nuclr/Data/Dunn_001623/date_disjoint_full95_v1/all/20240626-13-55-40.npz,739990,7e3414d44de376801ac5af332e900c942b181f8ff6cab5d9c4fd84f82ab0db82
rld,3,test,20240629-20-22-10,train__20240629-20-22-10__7a7853dd.npz,1,/home/ubuntu/klb/nuclr/nuclr/Data/Dunn_001623/cv5_grouped_v1/fold_3/test/train__20240629-20-22-10__7a7853dd.npz,/home/ubuntu/klb/nuclr/nuclr/Data/Dunn_001623/date_disjoint_full95_v1/all/20240629-20-22-10.npz,1278525,3e6a76ecd5c55b097018683eaa206aa33fcb60a9594379f5ad1ec39635d7acca
rld,3,test,20240724-15-48-55,val__20240724-15-48-55__67456da3.npz,1,/home/ubuntu/klb/nuclr/nuclr/Data/Dunn_001623/cv5_grouped_v1/fold_3/test/val__20240724-15-48-55__67456da3.npz,/home/ubuntu/klb/nuclr/nuclr/Data/Dunn_001623/date_disjoint_full95_v1/all/20240724-15-48-55.npz,818425,db3d13668763394b61914a2d84cacd0fa3e503415fc0aaa32c86cd9b80cc6d38
rld,3,test,20240828-14-57-38,val__20240828-14-57-38__d5c88191.npz,1,/home/ubuntu/klb/nuclr/nuclr/Data/Dunn_001623/cv5_grouped_v1/fold_3/test/val__20240828-14-57-38__d5c88191.npz,/home/ubuntu/klb/nuclr/nuclr/Data/Dunn_001623/date_disjoint_full95_v1/all/20240828-14-57-38.npz,637153,91244ae3bdb72d013b36a341a2c81b818e0ddb569513b5cac0f4ead8ae54f1da
rld,3,test,20240828-15-51-58,val__20240828-15-51-58__caf29ced.npz,1,/home/ubuntu/klb/nuclr/nuclr/Data/Dunn_001623/cv5_grouped_v1/fold_3/test/val__20240828-15-51-58__caf29ced.npz,/home/ubuntu/klb/nuclr/nuclr/Data/Dunn_001623/date_disjoint_full95_v1/all/20240828-15-51-58.npz,575066,a6c1279495c76f484371e948580f57e75ee64726b0c34a8ae19e2be3c5c337c6
rld,3,test,20240828-16-23-54,val__20240828-16-23-54__88c04f1d.npz,1,/home/ubuntu/klb/nuclr/nuclr/Data/Dunn_001623/cv5_grouped_v1/fold_3/test/val__20240828-16-23-54__88c04f1d.npz,/home/ubuntu/klb/nuclr/nuclr/Data/Dunn_001623/date_disjoint_full95_v1/all/20240828-16-23-54.npz,607733,d61f7b7389263aa12f73bd4b8980f92bbcf474cbbb0eb8589ce91ce1a1c77780
rld,4,train,20240902-15-36-41,test__20240902-15-36-41__6c56c3c3.npz,1,/home/ubuntu/klb/nuclr/nuclr/Data/Dunn_001623/cv5_grouped_v1/fold_4/train/test__20240902-15-36-41__6c56c3c3.npz,/home/ubuntu/klb/nuclr/nuclr/Data/Dunn_001623/date_disjoint_full95_v1/all/20240902-15-36-41.npz,638436,b3f6973656d46d64c7deee71bbec83bf546b837170a4757877d3cea065292a96
rld,4,train,20240902-16-12-10,test__20240902-16-12-10__7647f7b0.npz,1,/home/ubuntu/klb/nuclr/nuclr/Data/Dunn_001623/cv5_grouped_v1/fold_4/train/test__20240902-16-12-10__7647f7b0.npz,/home/ubuntu/klb/nuclr/nuclr/Data/Dunn_001623/date_disjoint_full95_v1/all/20240902-16-12-10.npz,625387,2786a20338f3b8e6acd47d7676f31ee1511b214b521ce05d717dc256aed6b1c7
rld,4,train,20240902-18-09-07,test__20240902-18-09-07__95b23b60.npz,1,/home/ubuntu/klb/nuclr/nuclr/Data/Dunn_001623/cv5_grouped_v1/fold_4/train/test__20240902-18-09-07__95b23b60.npz,/home/ubuntu/klb/nuclr/nuclr/Data/Dunn_001623/date_disjoint_full95_v1/all/20240902-18-09-07.npz,669226,514436d2f29a4e5d00ae6deb487b10b4bbba4c3929d24f91f58dc94925316afa
rld,4,train,20240902-18-51-10,test__20240902-18-51-10__65122831.npz,1,/home/ubuntu/klb/nuclr/nuclr/Data/Dunn_001623/cv5_grouped_v1/fold_4/train/test__20240902-18-51-10__65122831.npz,/home/ubuntu/klb/nuclr/nuclr/Data/Dunn_001623/date_disjoint_full95_v1/all/20240902-18-51-10.npz,603788,bd34d2cca518f06126504d92d42d40c73774f54bd0e9867f2c89715fba9db185
rld,4,train,20240902-20-11-40,test__20240902-20-11-40__8e027d87.npz,1,/home/ubuntu/klb/nuclr/nuclr/Data/Dunn_001623/cv5_grouped_v1/fold_4/train/test__20240902-20-11-40__8e027d87.npz,/home/ubuntu/klb/nuclr/nuclr/Data/Dunn_001623/date_disjoint_full95_v1/all/20240902-20-11-40.npz,602340,9ba78f905eab012c1863f0c42a5906e4fa680a85e39c9d6f6afbab50a2b66211
rld,4,train,20240904-16-13-38,test__20240904-16-13-38__f1471777.npz,1,/home/ubuntu/klb/nuclr/nuclr/Data/Dunn_001623/cv5_grouped_v1/fold_4/train/test__20240904-16-13-38__f1471777.npz,/home/ubuntu/klb/nuclr/nuclr/Data/Dunn_001623/date_disjoint_full95_v1/all/20240904-16-13-38.npz,587011,d219fc3ae6bb4d95d248262b2967529d6b5592629d82c69f4bd1e9259471b25d
rld,4,train,20240904-17-29-27,test__20240904-17-29-27__89ba9935.npz,1,/home/ubuntu/klb/nuclr/nuclr/Data/Dunn_001623/cv5_grouped_v1/fold_4/train/test__20240904-17-29-27__89ba9935.npz,/home/ubuntu/klb/nuclr/nuclr/Data/Dunn_001623/date_disjoint_full95_v1/all/20240904-17-29-27.npz,565447,5d922b817011850ebafba8c2d0e5be7bbba2e4f65f74bcc295390d3996dad50b
rld,4,train,20240917-20-18-26,test__20240917-20-18-26__86af46bb.npz,1,/home/ubuntu/klb/nuclr/nuclr/Data/Dunn_001623/cv5_grouped_v1/fold_4/train/test__20240917-20-18-26__86af46bb.npz,/home/ubuntu/klb/nuclr/nuclr/Data/Dunn_001623/date_disjoint_full95_v1/all/20240917-20-18-26.npz,427461,4b7cc6e42c9cdfaacf14054751bc1c16396c1fba4e8a07588cff5e16cc478801
rld,4,train,20240917-21-32-57,test__20240917-21-32-57__79d5d848.npz,1,/home/ubuntu/klb/nuclr/nuclr/Data/Dunn_001623/cv5_grouped_v1/fold_4/train/test__20240917-21-32-57__79d5d848.npz,/home/ubuntu/klb/nuclr/nuclr/Data/Dunn_001623/date_disjoint_full95_v1/all/20240917-21-32-57.npz,582384,47b06b0331b5f333fdca2898688e232a63745e7e9b6eb0d075d8fa75c1e9b9af
rld,4,train,20240917-22-37-14,test__20240917-22-37-14__8e0dd17d.npz,1,/home/ubuntu/klb/nuclr/nuclr/Data/Dunn_001623/cv5_grouped_v1/fold_4/train/test__20240917-22-37-14__8e0dd17d.npz,/home/ubuntu/klb/nuclr/nuclr/Data/Dunn_001623/date_disjoint_full95_v1/all/20240917-22-37-14.npz,653808,15e28f0ece35d5824a98a1c4247bf5491ed8a412824dff3b27ad3de2ac7fbad8
rld,4,train,20221106-21-00-09,train__20221106-21-00-09__09a0b8d2.npz,1,/home/ubuntu/klb/nuclr/nuclr/Data/Dunn_001623/cv5_grouped_v1/fold_4/train/train__20221106-21-00-09__09a0b8d2.npz,/home/ubuntu/klb/nuclr/nuclr/Data/Dunn_001623/date_disjoint_full95_v1/all/20221106-21-00-09.npz,302342,0d52fa6f08d786fa7ee0adc6b6ae0e2cc6c457f2d55a780eacfabaf83128b542
rld,4,train,20221106-21-47-31,train__20221106-21-47-31__5317510b.npz,1,/home/ubuntu/klb/nuclr/nuclr/Data/Dunn_001623/cv5_grouped_v1/fold_4/train/train__20221106-21-47-31__5317510b.npz,/home/ubuntu/klb/nuclr/nuclr/Data/Dunn_001623/date_disjoint_full95_v1/all/20221106-21-47-31.npz,256029,16d48b63bb7df89544136b1857fb6913f27599a855de33ce92457a6b65dd5f1f
rld,4,train,20230317-12-27-51,train__20230317-12-27-51__d9cfb273.npz,1,/home/ubuntu/klb/nuclr/nuclr/Data/Dunn_001623/cv5_grouped_v1/fold_4/train/train__20230317-12-27-51__d9cfb273.npz,/home/ubuntu/klb/nuclr/nuclr/Data/Dunn_001623/date_disjoint_full95_v1/all/20230317-12-27-51.npz,490100,809c44ad6a3395dee6bb504b9289a64be52f8c8d9147c27cffd56e63502d55cf
rld,4,train,20230322-21-41-10,train__20230322-21-41-10__68e571c7.npz,1,/home/ubuntu/klb/nuclr/nuclr/Data/Dunn_001623/cv5_grouped_v1/fold_4/train/train__20230322-21-41-10__68e571c7.npz,/home/ubuntu/klb/nuclr/nuclr/Data/Dunn_001623/date_disjoint_full95_v1/all/20230322-21-41-10.npz,639978,09727bd5232dfa40df415d5fad5103579618f43b17c648bd1eac9eb84f0bd883
rld,4,train,20230322-22-43-03,train__20230322-22-43-03__263d116b.npz,1,/home/ubuntu/klb/nuclr/nuclr/Data/Dunn_001623/cv5_grouped_v1/fold_4/train/train__20230322-22-43-03__263d116b.npz,/home/ubuntu/klb/nuclr/nuclr/Data/Dunn_001623/date_disjoint_full95_v1/all/20230322-22-43-03.npz,621015,42151d86757f7fdd643a2f5c987d1b80282de98bc9a77424caec8d6f5ffd7bad
rld,4,train,20230412-20-15-17,train__20230412-20-15-17__daaa749b.npz,1,/home/ubuntu/klb/nuclr/nuclr/Data/Dunn_001623/cv5_grouped_v1/fold_4/train/train__20230412-20-15-17__daaa749b.npz,/home/ubuntu/klb/nuclr/nuclr/Data/Dunn_001623/date_disjoint_full95_v1/all/20230412-20-15-17.npz,666496,51570b62cd95cb9665996b570aa1e659117ace4261267b70160dc297091edc78
rld,4,train,20230502-20-05-02,train__20230502-20-05-02__a258e522.npz,1,/home/ubuntu/klb/nuclr/nuclr/Data/Dunn_001623/cv5_grouped_v1/fold_4/train/train__20230502-20-05-02__a258e522.npz,/home/ubuntu/klb/nuclr/nuclr/Data/Dunn_001623/date_disjoint_full95_v1/all/20230502-20-05-02.npz,559020,378ce7ca38db3782de8ef4b580e5b17d484e33dfb7e1bf61d3933c547825b77d
rld,4,train,20230502-20-41-23,train__20230502-20-41-23__2165ec1f.npz,1,/home/ubuntu/klb/nuclr/nuclr/Data/Dunn_001623/cv5_grouped_v1/fold_4/train/train__20230502-20-41-23__2165ec1f.npz,/home/ubuntu/klb/nuclr/nuclr/Data/Dunn_001623/date_disjoint_full95_v1/all/20230502-20-41-23.npz,503938,eb79fbb23adc3938f27a0e299d3e9e17e0edb69206657390d4077673a745346f
rld,4,train,20230506-12-56-00,train__20230506-12-56-00__22f6ec67.npz,1,/home/ubuntu/klb/nuclr/nuclr/Data/Dunn_001623/cv5_grouped_v1/fold_4/train/train__20230506-12-56-00__22f6ec67.npz,/home/ubuntu/klb/nuclr/nuclr/Data/Dunn_001623/date_disjoint_full95_v1/all/20230506-12-56-00.npz,561548,c258b3dce13d4996412f4ed1909d675648d86df1a83411a9c5d259ea9e5f4bfe
rld,4,train,20230506-15-01-45,train__20230506-15-01-45__946fe43a.npz,1,/home/ubuntu/klb/nuclr/nuclr/Data/Dunn_001623/cv5_grouped_v1/fold_4/train/train__20230506-15-01-45__946fe43a.npz,/home/ubuntu/klb/nuclr/nuclr/Data/Dunn_001623/date_disjoint_full95_v1/all/20230506-15-01-45.npz,507277,ada241f4efbb36c9549122c067d183e520994e8404d326902d5c5c9315fdcf0b
rld,4,train,20230506-15-33-51,train__20230506-15-33-51__8ad093bc.npz,1,/home/ubuntu/klb/nuclr/nuclr/Data/Dunn_001623/cv5_grouped_v1/fold_4/train/train__20230506-15-33-51__8ad093bc.npz,/home/ubuntu/klb/nuclr/nuclr/Data/Dunn_001623/date_disjoint_full95_v1/all/20230506-15-33-51.npz,559416,9d1ec781bb30612acfa24aa8ebd3590e752d4e18f7e1cdf890255e7fdb1c58fe
rld,4,train,20230510-12-53-34,train__20230510-12-53-34__0508114e.npz,1,/home/ubuntu/klb/nuclr/nuclr/Data/Dunn_001623/cv5_grouped_v1/fold_4/train/train__20230510-12-53-34__0508114e.npz,/home/ubuntu/klb/nuclr/nuclr/Data/Dunn_001623/date_disjoint_full95_v1/all/20230510-12-53-34.npz,615955,5c4af1bce1438ebdba97f820dae84e3547a8a422d60ff177b0bae7317f83bdb3
rld,4,train,20230510-13-25-46,train__20230510-13-25-46__c855119f.npz,1,/home/ubuntu/klb/nuclr/nuclr/Data/Dunn_001623/cv5_grouped_v1/fold_4/train/train__20230510-13-25-46__c855119f.npz,/home/ubuntu/klb/nuclr/nuclr/Data/Dunn_001623/date_disjoint_full95_v1/all/20230510-13-25-46.npz,593370,026104ff57aeb61f7a25e7c8681298e3bf9e3848e01b39c4d88bec5b15a7412e
rld,4,train,20230510-15-49-47,train__20230510-15-49-47__4b9d53d9.npz,1,/home/ubuntu/klb/nuclr/nuclr/Data/Dunn_001623/cv5_grouped_v1/fold_4/train/train__20230510-15-49-47__4b9d53d9.npz,/home/ubuntu/klb/nuclr/nuclr/Data/Dunn_001623/date_disjoint_full95_v1/all/20230510-15-49-47.npz,497250,c6a68f961b3740cce90e5aaeb1ca5269fbae488ff885bf9df04d2492c7d93c95
rld,4,train,20230604-15-10-44,train__20230604-15-10-44__b2c953a0.npz,1,/home/ubuntu/klb/nuclr/nuclr/Data/Dunn_001623/cv5_grouped_v1/fold_4/train/train__20230604-15-10-44__b2c953a0.npz,/home/ubuntu/klb/nuclr/nuclr/Data/Dunn_001623/date_disjoint_full95_v1/all/20230604-15-10-44.npz,528295,797b1eba9c29e30dfd27a967b9932b810f7afa571d0d33f9243daaa70fb0fdbf
rld,4,train,20230604-15-50-12,train__20230604-15-50-12__2e46de74.npz,1,/home/ubuntu/klb/nuclr/nuclr/Data/Dunn_001623/cv5_grouped_v1/fold_4/train/train__20230604-15-50-12__2e46de74.npz,/home/ubuntu/klb/nuclr/nuclr/Data/Dunn_001623/date_disjoint_full95_v1/all/20230604-15-50-12.npz,514909,2b276d64e28c1535e1562f3473ecbb596db1984f8a31caca4c9d778f43261e4a
rld,4,train,20230604-16-22-56,train__20230604-16-22-56__21786b5b.npz,1,/home/ubuntu/klb/nuclr/nuclr/Data/Dunn_001623/cv5_grouped_v1/fold_4/train/train__20230604-16-22-56__21786b5b.npz,/home/ubuntu/klb/nuclr/nuclr/Data/Dunn_001623/date_disjoint_full95_v1/all/20230604-16-22-56.npz,473722,4a3677195d7ad4758b59da260dac9440c845d3c8d1634c0cbe1677f02fdd7b29
rld,4,train,20230604-17-09-01,train__20230604-17-09-01__463c457e.npz,1,/home/ubuntu/klb/nuclr/nuclr/Data/Dunn_001623/cv5_grouped_v1/fold_4/train/train__20230604-17-09-01__463c457e.npz,/home/ubuntu/klb/nuclr/nuclr/Data/Dunn_001623/date_disjoint_full95_v1/all/20230604-17-09-01.npz,529967,475c8f52e519daa2c0fd76a6153db5b555bdd8bc82466362c59d0599902cc96e
rld,4,train,20230903-15-10-21,train__20230903-15-10-21__530c73e1.npz,1,/home/ubuntu/klb/nuclr/nuclr/Data/Dunn_001623/cv5_grouped_v1/fold_4/train/train__20230903-15-10-21__530c73e1.npz,/home/ubuntu/klb/nuclr/nuclr/Data/Dunn_001623/date_disjoint_full95_v1/all/20230903-15-10-21.npz,598598,3988f0b91b74e77a290c5ec5504a6950ef398d28bdfa46f5dfb3e2038caa8547
rld,4,train,20230903-16-32-28,train__20230903-16-32-28__f139478f.npz,1,/home/ubuntu/klb/nuclr/nuclr/Data/Dunn_001623/cv5_grouped_v1/fold_4/train/train__20230903-16-32-28__f139478f.npz,/home/ubuntu/klb/nuclr/nuclr/Data/Dunn_001623/date_disjoint_full95_v1/all/20230903-16-32-28.npz,691456,8c8813530f0715fb9328a0c6642244311bb5165a04d2595155b571312d2ffb05
rld,4,train,20230903-18-20-19,train__20230903-18-20-19__addb8863.npz,1,/home/ubuntu/klb/nuclr/nuclr/Data/Dunn_001623/cv5_grouped_v1/fold_4/train/train__20230903-18-20-19__addb8863.npz,/home/ubuntu/klb/nuclr/nuclr/Data/Dunn_001623/date_disjoint_full95_v1/all/20230903-18-20-19.npz,675580,bde41c94d7c19d6e3ad18df857e88cfb0c95b60022ae4532311f97a5df048c82
rld,4,train,20230903-19-07-30,train__20230903-19-07-30__a37ab37d.npz,1,/home/ubuntu/klb/nuclr/nuclr/Data/Dunn_001623/cv5_grouped_v1/fold_4/train/train__20230903-19-07-30__a37ab37d.npz,/home/ubuntu/klb/nuclr/nuclr/Data/Dunn_001623/date_disjoint_full95_v1/all/20230903-19-07-30.npz,611496,37ddf562291da85b4dfaa8e2c59bbfe8a58041009005730f9f19980eaa792f96
rld,4,train,20230904-15-09-05,train__20230904-15-09-05__8abbb802.npz,1,/home/ubuntu/klb/nuclr/nuclr/Data/Dunn_001623/cv5_grouped_v1/fold_4/train/train__20230904-15-09-05__8abbb802.npz,/home/ubuntu/klb/nuclr/nuclr/Data/Dunn_001623/date_disjoint_full95_v1/all/20230904-15-09-05.npz,584176,f3b0d83fbcb27f8fb4babc90291d89346ebab46aacc80ba9d3e57816bd5966a7
rld,4,train,20230909-14-26-56,train__20230909-14-26-56__57f9e593.npz,1,/home/ubuntu/klb/nuclr/nuclr/Data/Dunn_001623/cv5_grouped_v1/fold_4/train/train__20230909-14-26-56__57f9e593.npz,/home/ubuntu/klb/nuclr/nuclr/Data/Dunn_001623/date_disjoint_full95_v1/all/20230909-14-26-56.npz,634453,a3442d62c59dc33a5b0c53b96ae2fe0ea92632e8e75e4b0b4b7d7edbd5ac3937
rld,4,train,20230909-15-40-07,train__20230909-15-40-07__b05ac7c6.npz,1,/home/ubuntu/klb/nuclr/nuclr/Data/Dunn_001623/cv5_grouped_v1/fold_4/train/train__20230909-15-40-07__b05ac7c6.npz,/home/ubuntu/klb/nuclr/nuclr/Data/Dunn_001623/date_disjoint_full95_v1/all/20230909-15-40-07.npz,561995,0be1ba33dd8a46ff03bc7bcba4826ec796d20e491b70cb76fdcea0c087a331ae
rld,4,train,20230909-16-14-25,train__20230909-16-14-25__1ce065a5.npz,1,/home/ubuntu/klb/nuclr/nuclr/Data/Dunn_001623/cv5_grouped_v1/fold_4/train/train__20230909-16-14-25__1ce065a5.npz,/home/ubuntu/klb/nuclr/nuclr/Data/Dunn_001623/date_disjoint_full95_v1/all/20230909-16-14-25.npz,524447,6f2372dcd2a244f5f321777c6858d7b8f6228d1ab33ffc1e832a768cde327486
rld,4,train,20230909-16-48-09,train__20230909-16-48-09__8ffb3e48.npz,1,/home/ubuntu/klb/nuclr/nuclr/Data/Dunn_001623/cv5_grouped_v1/fold_4/train/train__20230909-16-48-09__8ffb3e48.npz,/home/ubuntu/klb/nuclr/nuclr/Data/Dunn_001623/date_disjoint_full95_v1/all/20230909-16-48-09.npz,580481,464166cbf10e0aa05e86db6c575d6d410ea46bec585e42d504a1dc574ba5c49d
rld,4,train,20230921-17-15-33,train__20230921-17-15-33__7e38f7b1.npz,1,/home/ubuntu/klb/nuclr/nuclr/Data/Dunn_001623/cv5_grouped_v1/fold_4/train/train__20230921-17-15-33__7e38f7b1.npz,/home/ubuntu/klb/nuclr/nuclr/Data/Dunn_001623/date_disjoint_full95_v1/all/20230921-17-15-33.npz,562857,298f265109500dfff384381bb6a464673b5ed53500eee1fbdf4d2987fb9e3bf6
rld,4,train,20240426-22-49-55,train__20240426-22-49-55__1da0e1a7.npz,1,/home/ubuntu/klb/nuclr/nuclr/Data/Dunn_001623/cv5_grouped_v1/fold_4/train/train__20240426-22-49-55__1da0e1a7.npz,/home/ubuntu/klb/nuclr/nuclr/Data/Dunn_001623/date_disjoint_full95_v1/all/20240426-22-49-55.npz,559794,8a955aadb345d9295463af7ac2d59891d205094ec14151438a3cc5e3c88d260a
rld,4,train,20240427-12-43-44,train__20240427-12-43-44__3f49af46.npz,1,/home/ubuntu/klb/nuclr/nuclr/Data/Dunn_001623/cv5_grouped_v1/fold_4/train/train__20240427-12-43-44__3f49af46.npz,/home/ubuntu/klb/nuclr/nuclr/Data/Dunn_001623/date_disjoint_full95_v1/all/20240427-12-43-44.npz,621093,16b70c206af336232483edb4d0b2913b8dfeabae04f44e48ebd99eb11cc12475
rld,4,train,20240430-21-04-44,train__20240430-21-04-44__9ef731e3.npz,1,/home/ubuntu/klb/nuclr/nuclr/Data/Dunn_001623/cv5_grouped_v1/fold_4/train/train__20240430-21-04-44__9ef731e3.npz,/home/ubuntu/klb/nuclr/nuclr/Data/Dunn_001623/date_disjoint_full95_v1/all/20240430-21-04-44.npz,600253,936a06ab47f1d3bf92974f8cf8939be82ba296daf2522a117d017d38a3b4b379
rld,4,train,20240526-17-36-55,train__20240526-17-36-55__f19a90eb.npz,1,/home/ubuntu/klb/nuclr/nuclr/Data/Dunn_001623/cv5_grouped_v1/fold_4/train/train__20240526-17-36-55__f19a90eb.npz,/home/ubuntu/klb/nuclr/nuclr/Data/Dunn_001623/date_disjoint_full95_v1/all/20240526-17-36-55.npz,864825,3b1c0a2703e286c27f30bff702b3722685daad268f47c6f87171b4dadff22e94
rld,4,train,20240526-19-18-14,train__20240526-19-18-14__28f19b5b.npz,1,/home/ubuntu/klb/nuclr/nuclr/Data/Dunn_001623/cv5_grouped_v1/fold_4/train/train__20240526-19-18-14__28f19b5b.npz,/home/ubuntu/klb/nuclr/nuclr/Data/Dunn_001623/date_disjoint_full95_v1/all/20240526-19-18-14.npz,1144369,68fbc5c1ba5ab06d85734c17c37904e45eebc01ea70880fa83998efcc036c975
rld,4,train,20240626-12-35-05,train__20240626-12-35-05__211655c5.npz,1,/home/ubuntu/klb/nuclr/nuclr/Data/Dunn_001623/cv5_grouped_v1/fold_4/train/train__20240626-12-35-05__211655c5.npz,/home/ubuntu/klb/nuclr/nuclr/Data/Dunn_001623/date_disjoint_full95_v1/all/20240626-12-35-05.npz,860462,f4cedb7a420d7774a83278715e8500e456a17709b343160926e7b0e472c762c6
rld,4,train,20240626-13-22-25,train__20240626-13-22-25__0b6ce516.npz,1,/home/ubuntu/klb/nuclr/nuclr/Data/Dunn_001623/cv5_grouped_v1/fold_4/train/train__20240626-13-22-25__0b6ce516.npz,/home/ubuntu/klb/nuclr/nuclr/Data/Dunn_001623/date_disjoint_full95_v1/all/20240626-13-22-25.npz,1293937,2d9fca5521e033faf6fb9e786e816cb14a7f21b7be6363a72eb513809e06de22
rld,4,train,20240626-13-55-40,train__20240626-13-55-40__d0b1dbab.npz,1,/home/ubuntu/klb/nuclr/nuclr/Data/Dunn_001623/cv5_grouped_v1/fold_4/train/train__20240626-13-55-40__d0b1dbab.npz,/home/ubuntu/klb/nuclr/nuclr/Data/Dunn_001623/date_disjoint_full95_v1/all/20240626-13-55-40.npz,739990,7e3414d44de376801ac5af332e900c942b181f8ff6cab5d9c4fd84f82ab0db82
rld,4,train,20240629-17-55-55,train__20240629-17-55-55__51d00abe.npz,1,/home/ubuntu/klb/nuclr/nuclr/Data/Dunn_001623/cv5_grouped_v1/fold_4/train/train__20240629-17-55-55__51d00abe.npz,/home/ubuntu/klb/nuclr/nuclr/Data/Dunn_001623/date_disjoint_full95_v1/all/20240629-17-55-55.npz,1148159,9a72b11f17fd8ea78794e4b61cf62f238eef979dc419e1924ae06055e12e117c
rld,4,train,20240629-20-22-10,train__20240629-20-22-10__7a7853dd.npz,1,/home/ubuntu/klb/nuclr/nuclr/Data/Dunn_001623/cv5_grouped_v1/fold_4/train/train__20240629-20-22-10__7a7853dd.npz,/home/ubuntu/klb/nuclr/nuclr/Data/Dunn_001623/date_disjoint_full95_v1/all/20240629-20-22-10.npz,1278525,3e6a76ecd5c55b097018683eaa206aa33fcb60a9594379f5ad1ec39635d7acca
rld,4,train,20240714-16-04-26,train__20240714-16-04-26__25b86368.npz,1,/home/ubuntu/klb/nuclr/nuclr/Data/Dunn_001623/cv5_grouped_v1/fold_4/train/train__20240714-16-04-26__25b86368.npz,/home/ubuntu/klb/nuclr/nuclr/Data/Dunn_001623/date_disjoint_full95_v1/all/20240714-16-04-26.npz,785322,934853d0647d84581cfe8f9168c5e11fdd133a367a949ddf647690071e2317b8
rld,4,train,20240724-15-07-00,val__20240724-15-07-00__3bfc59cb.npz,1,/home/ubuntu/klb/nuclr/nuclr/Data/Dunn_001623/cv5_grouped_v1/fold_4/train/val__20240724-15-07-00__3bfc59cb.npz,/home/ubuntu/klb/nuclr/nuclr/Data/Dunn_001623/date_disjoint_full95_v1/all/20240724-15-07-00.npz,946934,21c17a66317a92d25b59a02616818529c4beac70a5540fe93371c0969881e95c
rld,4,train,20240724-15-48-55,val__20240724-15-48-55__67456da3.npz,1,/home/ubuntu/klb/nuclr/nuclr/Data/Dunn_001623/cv5_grouped_v1/fold_4/train/val__20240724-15-48-55__67456da3.npz,/home/ubuntu/klb/nuclr/nuclr/Data/Dunn_001623/date_disjoint_full95_v1/all/20240724-15-48-55.npz,818425,db3d13668763394b61914a2d84cacd0fa3e503415fc0aaa32c86cd9b80cc6d38
rld,4,train,20240724-16-28-26,val__20240724-16-28-26__6d81a78c.npz,1,/home/ubuntu/klb/nuclr/nuclr/Data/Dunn_001623/cv5_grouped_v1/fold_4/train/val__20240724-16-28-26__6d81a78c.npz,/home/ubuntu/klb/nuclr/nuclr/Data/Dunn_001623/date_disjoint_full95_v1/all/20240724-16-28-26.npz,866188,668621b6de7cf485dc1aa471fc52666f12f364b0a05d331e62fe8158593e1ce4
rld,4,train,20240724-17-40-58,val__20240724-17-40-58__3876e251.npz,1,/home/ubuntu/klb/nuclr/nuclr/Data/Dunn_001623/cv5_grouped_v1/fold_4/train/val__20240724-17-40-58__3876e251.npz,/home/ubuntu/klb/nuclr/nuclr/Data/Dunn_001623/date_disjoint_full95_v1/all/20240724-17-40-58.npz,990750,2c4941978753a891294b8623a82ecb5e4bf3fb0ffc9cf3c1ab333b63ada38034
rld,4,train,20240828-14-57-38,val__20240828-14-57-38__d5c88191.npz,1,/home/ubuntu/klb/nuclr/nuclr/Data/Dunn_001623/cv5_grouped_v1/fold_4/train/val__20240828-14-57-38__d5c88191.npz,/home/ubuntu/klb/nuclr/nuclr/Data/Dunn_001623/date_disjoint_full95_v1/all/20240828-14-57-38.npz,637153,91244ae3bdb72d013b36a341a2c81b818e0ddb569513b5cac0f4ead8ae54f1da
rld,4,train,20240828-15-51-58,val__20240828-15-51-58__caf29ced.npz,1,/home/ubuntu/klb/nuclr/nuclr/Data/Dunn_001623/cv5_grouped_v1/fold_4/train/val__20240828-15-51-58__caf29ced.npz,/home/ubuntu/klb/nuclr/nuclr/Data/Dunn_001623/date_disjoint_full95_v1/all/20240828-15-51-58.npz,575066,a6c1279495c76f484371e948580f57e75ee64726b0c34a8ae19e2be3c5c337c6
rld,4,train,20240828-16-23-54,val__20240828-16-23-54__88c04f1d.npz,1,/home/ubuntu/klb/nuclr/nuclr/Data/Dunn_001623/cv5_grouped_v1/fold_4/train/val__20240828-16-23-54__88c04f1d.npz,/home/ubuntu/klb/nuclr/nuclr/Data/Dunn_001623/date_disjoint_full95_v1/all/20240828-16-23-54.npz,607733,d61f7b7389263aa12f73bd4b8980f92bbcf474cbbb0eb8589ce91ce1a1c77780
rld,4,train,20240829-13-39-15,val__20240829-13-39-15__269f754b.npz,1,/home/ubuntu/klb/nuclr/nuclr/Data/Dunn_001623/cv5_grouped_v1/fold_4/train/val__20240829-13-39-15__269f754b.npz,/home/ubuntu/klb/nuclr/nuclr/Data/Dunn_001623/date_disjoint_full95_v1/all/20240829-13-39-15.npz,592338,59ac7db07580ab84e10a985496b706aff00c82d3ddc6a3161babfe5466b3b8b9
rld,4,val,20240902-17-33-24,test__20240902-17-33-24__9b2f6f70.npz,1,/home/ubuntu/klb/nuclr/nuclr/Data/Dunn_001623/cv5_grouped_v1/fold_4/val/test__20240902-17-33-24__9b2f6f70.npz,/home/ubuntu/klb/nuclr/nuclr/Data/Dunn_001623/date_disjoint_full95_v1/all/20240902-17-33-24.npz,654641,697b17f6415871d4f66c6c6a43b10692d9fafb22e7ec3ba1db2f48fc6253d74b
rld,4,val,20220316-15-34-20,train__20220316-15-34-20__04bb7805.npz,1,/home/ubuntu/klb/nuclr/nuclr/Data/Dunn_001623/cv5_grouped_v1/fold_4/val/train__20220316-15-34-20__04bb7805.npz,/home/ubuntu/klb/nuclr/nuclr/Data/Dunn_001623/date_disjoint_full95_v1/all/20220316-15-34-20.npz,1319340,44bd5fab42de01c69b1114132c052d3f3731f3b960de5769c3d6c068a138fb8a
rld,4,val,20220426-11-26-14,train__20220426-11-26-14__566b98d7.npz,1,/home/ubuntu/klb/nuclr/nuclr/Data/Dunn_001623/cv5_grouped_v1/fold_4/val/train__20220426-11-26-14__566b98d7.npz,/home/ubuntu/klb/nuclr/nuclr/Data/Dunn_001623/date_disjoint_full95_v1/all/20220426-11-26-14.npz,1303057,7db5e3974a5b61cc3a23a36fe17754990505366f285c234cfcae3436715028d4
rld,4,val,20220426-11-32-18,train__20220426-11-32-18__486b09fd.npz,1,/home/ubuntu/klb/nuclr/nuclr/Data/Dunn_001623/cv5_grouped_v1/fold_4/val/train__20220426-11-32-18__486b09fd.npz,/home/ubuntu/klb/nuclr/nuclr/Data/Dunn_001623/date_disjoint_full95_v1/all/20220426-11-32-18.npz,1503533,bb8efa2399ed4ba39e27b79d0366d913ac8cf3a0474e9d10a55e1ce2ac38b944
rld,4,val,20221106-21-23-19,train__20221106-21-23-19__5c1ba7b0.npz,1,/home/ubuntu/klb/nuclr/nuclr/Data/Dunn_001623/cv5_grouped_v1/fold_4/val/train__20221106-21-23-19__5c1ba7b0.npz,/home/ubuntu/klb/nuclr/nuclr/Data/Dunn_001623/date_disjoint_full95_v1/all/20221106-21-23-19.npz,279948,e5c1c0fba317e1b6feaf689bc6f580d5b8ce52c34e60943233dd0e03fc0e6487
rld,4,val,20221215-22-02-55,train__20221215-22-02-55__13b8ecc9.npz,1,/home/ubuntu/klb/nuclr/nuclr/Data/Dunn_001623/cv5_grouped_v1/fold_4/val/train__20221215-22-02-55__13b8ecc9.npz,/home/ubuntu/klb/nuclr/nuclr/Data/Dunn_001623/date_disjoint_full95_v1/all/20221215-22-02-55.npz,383980,aa3753eb80ca4e6f2cc192ea35a0f96ac52fe02d2463cb5ed9b2d9d6a116be09
rld,4,val,20230317-12-51-42,train__20230317-12-51-42__ee7cf2ed.npz,1,/home/ubuntu/klb/nuclr/nuclr/Data/Dunn_001623/cv5_grouped_v1/fold_4/val/train__20230317-12-51-42__ee7cf2ed.npz,/home/ubuntu/klb/nuclr/nuclr/Data/Dunn_001623/date_disjoint_full95_v1/all/20230317-12-51-42.npz,448026,d0ea4ab2d7c8aea6b00cde5e3b436267d9020554f3b7409f6a87dfb1d13eb0de
rld,4,val,20230322-18-57-04,train__20230322-18-57-04__9b40dc1c.npz,1,/home/ubuntu/klb/nuclr/nuclr/Data/Dunn_001623/cv5_grouped_v1/fold_4/val/train__20230322-18-57-04__9b40dc1c.npz,/home/ubuntu/klb/nuclr/nuclr/Data/Dunn_001623/date_disjoint_full95_v1/all/20230322-18-57-04.npz,635949,ed9e131bfd00612b2de742fa7a0b25c191c5047ffb208edd8bc5ae9f34f5431c
rld,4,val,20230322-22-12-12,train__20230322-22-12-12__6383e838.npz,1,/home/ubuntu/klb/nuclr/nuclr/Data/Dunn_001623/cv5_grouped_v1/fold_4/val/train__20230322-22-12-12__6383e838.npz,/home/ubuntu/klb/nuclr/nuclr/Data/Dunn_001623/date_disjoint_full95_v1/all/20230322-22-12-12.npz,593033,0119e4e581c9353f568f135d90988dce647f85d2b096b25f77aa1fc3ed58586b
rld,4,val,20230510-16-36-46,train__20230510-16-36-46__27b2b5a4.npz,1,/home/ubuntu/klb/nuclr/nuclr/Data/Dunn_001623/cv5_grouped_v1/fold_4/val/train__20230510-16-36-46__27b2b5a4.npz,/home/ubuntu/klb/nuclr/nuclr/Data/Dunn_001623/date_disjoint_full95_v1/all/20230510-16-36-46.npz,485134,716d3ef3cce5f496c0b2ef1b479eefc70267117c8fbe8510ee7fd19a8e9fecb7
rld,4,val,20230903-17-18-45,train__20230903-17-18-45__a6adcba4.npz,1,/home/ubuntu/klb/nuclr/nuclr/Data/Dunn_001623/cv5_grouped_v1/fold_4/val/train__20230903-17-18-45__a6adcba4.npz,/home/ubuntu/klb/nuclr/nuclr/Data/Dunn_001623/date_disjoint_full95_v1/all/20230903-17-18-45.npz,620807,5187aaa2ef2caa2f33bb881239ddbe457ed99a9f68d3e175fc3583b59825fbe5
rld,4,val,20230904-14-30-52,train__20230904-14-30-52__53fee4fe.npz,1,/home/ubuntu/klb/nuclr/nuclr/Data/Dunn_001623/cv5_grouped_v1/fold_4/val/train__20230904-14-30-52__53fee4fe.npz,/home/ubuntu/klb/nuclr/nuclr/Data/Dunn_001623/date_disjoint_full95_v1/all/20230904-14-30-52.npz,621750,b9e474293397f75894eee54c9e5371da73def174e8182d57c534af853ddac512
rld,4,val,20240426-23-12-40,train__20240426-23-12-40__eca116e3.npz,1,/home/ubuntu/klb/nuclr/nuclr/Data/Dunn_001623/cv5_grouped_v1/fold_4/val/train__20240426-23-12-40__eca116e3.npz,/home/ubuntu/klb/nuclr/nuclr/Data/Dunn_001623/date_disjoint_full95_v1/all/20240426-23-12-40.npz,506220,2ad62ae570deca5c8b328e614a1151786048425dd9db75eda979fb78e9959773
rld,4,val,20240430-20-31-05,train__20240430-20-31-05__b180fb93.npz,1,/home/ubuntu/klb/nuclr/nuclr/Data/Dunn_001623/cv5_grouped_v1/fold_4/val/train__20240430-20-31-05__b180fb93.npz,/home/ubuntu/klb/nuclr/nuclr/Data/Dunn_001623/date_disjoint_full95_v1/all/20240430-20-31-05.npz,785210,0b8b25fe98667ac3e28c470f5fa5f015fe5e2afd7c76e755a0fe78cf6c54e7a0
rld,4,val,20240526-18-19-39,train__20240526-18-19-39__90a95eba.npz,1,/home/ubuntu/klb/nuclr/nuclr/Data/Dunn_001623/cv5_grouped_v1/fold_4/val/train__20240526-18-19-39__90a95eba.npz,/home/ubuntu/klb/nuclr/nuclr/Data/Dunn_001623/date_disjoint_full95_v1/all/20240526-18-19-39.npz,800264,72e8c9bca3292919a7505c800e23430bb1c5d53c171bbe9c14254eb89ad994df
rld,4,val,20240626-14-30-55,train__20240626-14-30-55__cb271409.npz,1,/home/ubuntu/klb/nuclr/nuclr/Data/Dunn_001623/cv5_grouped_v1/fold_4/val/train__20240626-14-30-55__cb271409.npz,/home/ubuntu/klb/nuclr/nuclr/Data/Dunn_001623/date_disjoint_full95_v1/all/20240626-14-30-55.npz,895547,7f665969f8ddca21232fc424235e94fef729b467802771413c7c5873d120dd71
rld,4,val,20240629-14-14-08,train__20240629-14-14-08__4e49fe0f.npz,1,/home/ubuntu/klb/nuclr/nuclr/Data/Dunn_001623/cv5_grouped_v1/fold_4/val/train__20240629-14-14-08__4e49fe0f.npz,/home/ubuntu/klb/nuclr/nuclr/Data/Dunn_001623/date_disjoint_full95_v1/all/20240629-14-14-08.npz,1364189,9d3166a38c17c92c9a9f4c9994076d4628c0be5af0965299942b85c229f1d186
rld,4,val,20240828-17-07-39,val__20240828-17-07-39__7d57ffb7.npz,1,/home/ubuntu/klb/nuclr/nuclr/Data/Dunn_001623/cv5_grouped_v1/fold_4/val/val__20240828-17-07-39__7d57ffb7.npz,/home/ubuntu/klb/nuclr/nuclr/Data/Dunn_001623/date_disjoint_full95_v1/all/20240828-17-07-39.npz,593825,75eef3e35824ab805e31c2c281d2d257f27ff929f13e19bba239bcba0b3eae89
rld,4,val,20240829-13-00-31,val__20240829-13-00-31__f5f26b28.npz,1,/home/ubuntu/klb/nuclr/nuclr/Data/Dunn_001623/cv5_grouped_v1/fold_4/val/val__20240829-13-00-31__f5f26b28.npz,/home/ubuntu/klb/nuclr/nuclr/Data/Dunn_001623/date_disjoint_full95_v1/all/20240829-13-00-31.npz,602923,85b4d435acea24184f830b75f915f643cdfbf1d9bb60e141a7042f02fe4865fc
rld,4,test,20240902-16-53-12,test__20240902-16-53-12__d37b2c72.npz,1,/home/ubuntu/klb/nuclr/nuclr/Data/Dunn_001623/cv5_grouped_v1/fold_4/test/test__20240902-16-53-12__d37b2c72.npz,/home/ubuntu/klb/nuclr/nuclr/Data/Dunn_001623/date_disjoint_full95_v1/all/20240902-16-53-12.npz,600117,cd9e57955bbf93f2c91080ce93a78f8247aca641fe468e96dd993760207df1d4
rld,4,test,20240904-14-55-14,test__20240904-14-55-14__9a84acb1.npz,1,/home/ubuntu/klb/nuclr/nuclr/Data/Dunn_001623/cv5_grouped_v1/fold_4/test/test__20240904-14-55-14__9a84acb1.npz,/home/ubuntu/klb/nuclr/nuclr/Data/Dunn_001623/date_disjoint_full95_v1/all/20240904-14-55-14.npz,562977,52a2ef5c820c01456b870cae68636aa24637810ac48f32aaa1de59a8e89b6594
rld,4,test,20240904-15-32-57,test__20240904-15-32-57__de09412e.npz,1,/home/ubuntu/klb/nuclr/nuclr/Data/Dunn_001623/cv5_grouped_v1/fold_4/test/test__20240904-15-32-57__de09412e.npz,/home/ubuntu/klb/nuclr/nuclr/Data/Dunn_001623/date_disjoint_full95_v1/all/20240904-15-32-57.npz,531524,038d76d4bb308e445d45a370dd8bb4befffd21a13b9fa069cc7553b6cafc0d03
rld,4,test,20240904-16-51-21,test__20240904-16-51-21__8823f6ed.npz,1,/home/ubuntu/klb/nuclr/nuclr/Data/Dunn_001623/cv5_grouped_v1/fold_4/test/test__20240904-16-51-21__8823f6ed.npz,/home/ubuntu/klb/nuclr/nuclr/Data/Dunn_001623/date_disjoint_full95_v1/all/20240904-16-51-21.npz,587442,2f690aec8cb499d313103dbd9112c8dcac84b264869d1a8c009c4ed5d1154577
rld,4,test,20240917-20-52-20,test__20240917-20-52-20__675c5b3a.npz,1,/home/ubuntu/klb/nuclr/nuclr/Data/Dunn_001623/cv5_grouped_v1/fold_4/test/test__20240917-20-52-20__675c5b3a.npz,/home/ubuntu/klb/nuclr/nuclr/Data/Dunn_001623/date_disjoint_full95_v1/all/20240917-20-52-20.npz,428566,bb3286b75c85828cbd831e2fe98318ca2082403a7c3fc18431ea1d654b2525a7
rld,4,test,20220302-11-45-51,train__20220302-11-45-51__e4ddba8b.npz,1,/home/ubuntu/klb/nuclr/nuclr/Data/Dunn_001623/cv5_grouped_v1/fold_4/test/train__20220302-11-45-51__e4ddba8b.npz,/home/ubuntu/klb/nuclr/nuclr/Data/Dunn_001623/date_disjoint_full95_v1/all/20220302-11-45-51.npz,1472532,8a63df82f78d11662d971ab956cfecfd6d3e4b3c138c074581a62687506b1d67
rld,4,test,20230322-20-16-50,train__20230322-20-16-50__ca407999.npz,1,/home/ubuntu/klb/nuclr/nuclr/Data/Dunn_001623/cv5_grouped_v1/fold_4/test/train__20230322-20-16-50__ca407999.npz,/home/ubuntu/klb/nuclr/nuclr/Data/Dunn_001623/date_disjoint_full95_v1/all/20230322-20-16-50.npz,632030,5a4c69383f6c10bdfc2d9999ba75aea853a12ac4c9f09fea2bf0710ce9520213
rld,4,test,20230322-21-09-13,train__20230322-21-09-13__96dcc1e2.npz,1,/home/ubuntu/klb/nuclr/nuclr/Data/Dunn_001623/cv5_grouped_v1/fold_4/test/train__20230322-21-09-13__96dcc1e2.npz,/home/ubuntu/klb/nuclr/nuclr/Data/Dunn_001623/date_disjoint_full95_v1/all/20230322-21-09-13.npz,566535,0aca8f2cbc2b818bc81a226eada07b5fac897d3dd9831254a6a3e9040f4587af
rld,4,test,20230506-13-32-08,train__20230506-13-32-08__24b0f96a.npz,1,/home/ubuntu/klb/nuclr/nuclr/Data/Dunn_001623/cv5_grouped_v1/fold_4/test/train__20230506-13-32-08__24b0f96a.npz,/home/ubuntu/klb/nuclr/nuclr/Data/Dunn_001623/date_disjoint_full95_v1/all/20230506-13-32-08.npz,497483,0f4cff916f9712a4dfccd0f30e058bd283b3eecdafc9df91025729e2703be395
rld,4,test,20230506-14-24-57,train__20230506-14-24-57__cf346a72.npz,1,/home/ubuntu/klb/nuclr/nuclr/Data/Dunn_001623/cv5_grouped_v1/fold_4/test/train__20230506-14-24-57__cf346a72.npz,/home/ubuntu/klb/nuclr/nuclr/Data/Dunn_001623/date_disjoint_full95_v1/all/20230506-14-24-57.npz,597961,abdc87dcd17cdf1606afbe9bb930b295072ba50f5240946ab790665af3f56d61
rld,4,test,20230904-15-59-40,train__20230904-15-59-40__ee901581.npz,1,/home/ubuntu/klb/nuclr/nuclr/Data/Dunn_001623/cv5_grouped_v1/fold_4/test/train__20230904-15-59-40__ee901581.npz,/home/ubuntu/klb/nuclr/nuclr/Data/Dunn_001623/date_disjoint_full95_v1/all/20230904-15-59-40.npz,617472,3ea8a636408f6954061bb519cc74ecfde91cc1a423fe2b4d2037fd4f8ee984cb
rld,4,test,20240526-19-51-22,train__20240526-19-51-22__48ee49a1.npz,1,/home/ubuntu/klb/nuclr/nuclr/Data/Dunn_001623/cv5_grouped_v1/fold_4/test/train__20240526-19-51-22__48ee49a1.npz,/home/ubuntu/klb/nuclr/nuclr/Data/Dunn_001623/date_disjoint_full95_v1/all/20240526-19-51-22.npz,1283974,25050915ec7a88edb8fb4584db70b7d53df3c0b0cd0aad1583d0a9650a97030a
rld,4,test,20240626-15-08-33,train__20240626-15-08-33__4751906d.npz,1,/home/ubuntu/klb/nuclr/nuclr/Data/Dunn_001623/cv5_grouped_v1/fold_4/test/train__20240626-15-08-33__4751906d.npz,/home/ubuntu/klb/nuclr/nuclr/Data/Dunn_001623/date_disjoint_full95_v1/all/20240626-15-08-33.npz,941538,e3416ecbf3c88b575f51f1292b96491279220d7f1a2e96473afa19547aa9f98a
rld,4,test,20240629-14-48-32,train__20240629-14-48-32__2b74813e.npz,1,/home/ubuntu/klb/nuclr/nuclr/Data/Dunn_001623/cv5_grouped_v1/fold_4/test/train__20240629-14-48-32__2b74813e.npz,/home/ubuntu/klb/nuclr/nuclr/Data/Dunn_001623/date_disjoint_full95_v1/all/20240629-14-48-32.npz,1009255,05c3fc68f906dcfba013abfbcbc9ad84905083800cbc00be7cd684851c467841
rld,4,test,20240629-20-59-45,train__20240629-20-59-45__37ae4b86.npz,1,/home/ubuntu/klb/nuclr/nuclr/Data/Dunn_001623/cv5_grouped_v1/fold_4/test/train__20240629-20-59-45__37ae4b86.npz,/home/ubuntu/klb/nuclr/nuclr/Data/Dunn_001623/date_disjoint_full95_v1/all/20240629-20-59-45.npz,1088692,21170dd357664c632d06613ad89a5a78fdd662b4f63a4b62ac6c1be8555d2389
rld,4,test,20240714-15-24-26,train__20240714-15-24-26__8e813fbd.npz,1,/home/ubuntu/klb/nuclr/nuclr/Data/Dunn_001623/cv5_grouped_v1/fold_4/test/train__20240714-15-24-26__8e813fbd.npz,/home/ubuntu/klb/nuclr/nuclr/Data/Dunn_001623/date_disjoint_full95_v1/all/20240714-15-24-26.npz,991282,41268b9bd7733337cc30695107dbc88c536f793cbf5e5817568acfdec22dee76
rld,4,test,20240714-17-28-58,train__20240714-17-28-58__6d7f3bea.npz,1,/home/ubuntu/klb/nuclr/nuclr/Data/Dunn_001623/cv5_grouped_v1/fold_4/test/train__20240714-17-28-58__6d7f3bea.npz,/home/ubuntu/klb/nuclr/nuclr/Data/Dunn_001623/date_disjoint_full95_v1/all/20240714-17-28-58.npz,979700,9c9f08defdab9b830502e248dff5d37549049d5410381271ecf7300e6181c42d
rld,4,test,20240724-14-26-00,val__20240724-14-26-00__b5d23d7a.npz,1,/home/ubuntu/klb/nuclr/nuclr/Data/Dunn_001623/cv5_grouped_v1/fold_4/test/val__20240724-14-26-00__b5d23d7a.npz,/home/ubuntu/klb/nuclr/nuclr/Data/Dunn_001623/date_disjoint_full95_v1/all/20240724-14-26-00.npz,923104,9f93a331c924f2c82bac46321a2e91d8c39c14ba02e4e9dd1bd2d946d4f9b5da
rld,4,test,20240828-14-16-29,val__20240828-14-16-29__4c7345fc.npz,1,/home/ubuntu/klb/nuclr/nuclr/Data/Dunn_001623/cv5_grouped_v1/fold_4/test/val__20240828-14-16-29__4c7345fc.npz,/home/ubuntu/klb/nuclr/nuclr/Data/Dunn_001623/date_disjoint_full95_v1/all/20240828-14-16-29.npz,688303,75783919454ba3046b2d4d669a32ca443da26cb7665691078c2f7e7d176e5c01
