candidate_identity,mode,n_common_anchors,query_identity,query_record,reference_record,similarity
I1R,Geometry,83,I1R,2022-08-02-01,2022-06-14-13,0.3446126585131124
IL2DL,Geometry,82,I1R,2022-08-02-01,2022-06-14-13,0.3579707234056835
I2R,Geometry,82,I1R,2022-08-02-01,2022-06-14-13,0.34403595348574295
I3,Geometry,82,I1R,2022-08-02-01,2022-06-14-13,0.3550620973418164
NSMR,Geometry,82,I1R,2022-08-02-01,2022-06-14-13,0.3462233482345913
I2L,Geometry,82,I1R,2022-08-02-01,2022-06-14-13,0.3412463189876489
MCL,Geometry,82,I1R,2022-08-02-01,2022-06-14-13,0.3443476531905056
NSML,Geometry,82,I1R,2022-08-02-01,2022-06-14-13,0.3431937433128424
M4,Geometry,82,I1R,2022-08-02-01,2022-06-14-13,0.35877446201309493
M3R,Geometry,82,I1R,2022-08-02-01,2022-06-14-13,0.35218020450844667
M3L,Geometry,82,I1R,2022-08-02-01,2022-06-14-13,0.3483899665320623
IL2VL,Geometry,82,I1R,2022-08-02-01,2022-06-14-13,0.3435455285502814
IL1R,Geometry,82,I1R,2022-08-02-01,2022-06-14-13,0.3506059173412433
OLLL,Geometry,82,I1R,2022-08-02-01,2022-06-14-13,0.34859414983429365
IL2L,Geometry,82,I1R,2022-08-02-01,2022-06-14-13,0.3462309682788948
URBR,Geometry,82,I1R,2022-08-02-01,2022-06-14-13,0.3455255973963599
OLLR,Geometry,82,I1R,2022-08-02-01,2022-06-14-13,0.3456328364917982
IL1DL,Geometry,82,I1R,2022-08-02-01,2022-06-14-13,0.3467567134480427
IL1DR,Geometry,82,I1R,2022-08-02-01,2022-06-14-13,0.34345112410926987
URYVR,Geometry,82,I1R,2022-08-02-01,2022-06-14-13,0.3380038817311824
IL2R,Geometry,82,I1R,2022-08-02-01,2022-06-14-13,0.3330674105433864
URYDL,Geometry,82,I1R,2022-08-02-01,2022-06-14-13,0.34134275992351254
IL1L,Geometry,82,I1R,2022-08-02-01,2022-06-14-13,0.3375561090851293
URBL,Geometry,82,I1R,2022-08-02-01,2022-06-14-13,0.33035343686777885
OLQDR,Geometry,82,I1R,2022-08-02-01,2022-06-14-13,0.32247234792554696
OLQDL,Geometry,82,I1R,2022-08-02-01,2022-06-14-13,0.3242790271637576
RMER,Geometry,82,I1R,2022-08-02-01,2022-06-14-13,0.3184131397472058
OLQVR,Geometry,82,I1R,2022-08-02-01,2022-06-14-13,0.3154033906176438
URYVL,Geometry,82,I1R,2022-08-02-01,2022-06-14-13,0.31818833670417024
RMED,Geometry,82,I1R,2022-08-02-01,2022-06-14-13,0.2880661287649516
RMEL,Geometry,82,I1R,2022-08-02-01,2022-06-14-13,0.28887990286510284
CEPVR,Geometry,82,I1R,2022-08-02-01,2022-06-14-13,0.27914409571259585
OLQVL,Geometry,82,I1R,2022-08-02-01,2022-06-14-13,0.27993827857599857
CEPVL,Geometry,82,I1R,2022-08-02-01,2022-06-14-13,0.22834857818022092
SAAVR,Geometry,82,I1R,2022-08-02-01,2022-06-14-13,0.2124839849987029
RID,Geometry,82,I1R,2022-08-02-01,2022-06-14-13,0.206521050826342
SMDVR,Geometry,82,I1R,2022-08-02-01,2022-06-14-13,0.17385996082313773
URXR,Geometry,82,I1R,2022-08-02-01,2022-06-14-13,0.1691144104125747
RIAR,Geometry,82,I1R,2022-08-02-01,2022-06-14-13,0.1708832234213426
AVAR,Geometry,82,I1R,2022-08-02-01,2022-06-14-13,0.16704678881883422
SAAVL,Geometry,82,I1R,2022-08-02-01,2022-06-14-13,0.18288322698758716
CEPDR,Geometry,82,I1R,2022-08-02-01,2022-06-14-13,0.15605816725060703
URXL,Geometry,82,I1R,2022-08-02-01,2022-06-14-13,0.15974386624663708
CEPDL,Geometry,82,I1R,2022-08-02-01,2022-06-14-13,0.1430621645851412
SMDDR,Geometry,82,I1R,2022-08-02-01,2022-06-14-13,0.12542706124238406
RMEV,Geometry,82,I1R,2022-08-02-01,2022-06-14-13,0.12593564874022034
RIAL,Geometry,82,I1R,2022-08-02-01,2022-06-14-13,0.13341744701849106
AVER,Geometry,82,I1R,2022-08-02-01,2022-06-14-13,0.10873922914993087
AWAR,Geometry,82,I1R,2022-08-02-01,2022-06-14-13,0.0734657644459498
SMDVL,Geometry,82,I1R,2022-08-02-01,2022-06-14-13,0.08679162865333447
AVAL,Geometry,82,I1R,2022-08-02-01,2022-06-14-13,0.07551959902041357
RMDL,Geometry,82,I1R,2022-08-02-01,2022-06-14-13,0.037906202380901664
AIBR,Geometry,82,I1R,2022-08-02-01,2022-06-14-13,0.02605898962489093
ASGR,Geometry,82,I1R,2022-08-02-01,2022-06-14-13,0.006644269298228987
AVL,Geometry,82,I1R,2022-08-02-01,2022-06-14-13,-0.03603712547539743
AVEL,Geometry,82,I1R,2022-08-02-01,2022-06-14-13,-0.013420339955414062
ASGL,Geometry,82,I1R,2022-08-02-01,2022-06-14-13,-0.036831507926190624
ASHL,Geometry,82,I1R,2022-08-02-01,2022-06-14-13,-0.062468147891557975
AIBL,Geometry,82,I1R,2022-08-02-01,2022-06-14-13,-0.06964816343915863
AVHL,Geometry,82,I1R,2022-08-02-01,2022-06-14-13,-0.0920254793749152
AWBL,Geometry,82,I1R,2022-08-02-01,2022-06-14-13,-0.10288196226816758
RIVL,Geometry,82,I1R,2022-08-02-01,2022-06-14-13,-0.08574313057208338
AWCL,Geometry,82,I1R,2022-08-02-01,2022-06-14-13,-0.11712529520067493
SMDDL,Geometry,82,I1R,2022-08-02-01,2022-06-14-13,-0.15395010536161757
AVJR,Geometry,82,I1R,2022-08-02-01,2022-06-14-13,-0.11936971940274273
AIZL,Geometry,82,I1R,2022-08-02-01,2022-06-14-13,-0.12374730680538189
RIBL,Geometry,82,I1R,2022-08-02-01,2022-06-14-13,-0.15280244522855574
ASEL,Geometry,82,I1R,2022-08-02-01,2022-06-14-13,-0.15005471046258517
AVDR,Geometry,82,I1R,2022-08-02-01,2022-06-14-13,-0.13910328647980996
AVDL,Geometry,82,I1R,2022-08-02-01,2022-06-14-13,-0.15834241447217084
AVJL,Geometry,82,I1R,2022-08-02-01,2022-06-14-13,-0.14115657153613723
RIVR,Geometry,82,I1R,2022-08-02-01,2022-06-14-13,-0.164602735287143
AIZR,Geometry,82,I1R,2022-08-02-01,2022-06-14-13,-0.18807908610592358
AUAR,Geometry,82,I1R,2022-08-02-01,2022-06-14-13,-0.2574915370424941
AUAL,Geometry,82,I1R,2022-08-02-01,2022-06-14-13,-0.23871991353220687
RICR,Geometry,82,I1R,2022-08-02-01,2022-06-14-13,-0.23053995939717803
RICL,Geometry,82,I1R,2022-08-02-01,2022-06-14-13,-0.28926538684242187
M5,Geometry,82,I1R,2022-08-02-01,2022-06-14-13,-0.31076153309288346
AIML,Geometry,82,I1R,2022-08-02-01,2022-06-14-13,-0.9337351148041548
AIMR,Geometry,82,I1R,2022-08-02-01,2022-06-14-13,-0.36564935352400885
FLPL,Geometry,82,I1R,2022-08-02-01,2022-06-14-13,-0.3579553285204476
ADEL,Geometry,82,I1R,2022-08-02-01,2022-06-14-13,-0.35253945572149886
VB02,Geometry,82,I1R,2022-08-02-01,2022-06-14-13,-0.3870969498326315
ADAL,Geometry,82,I1R,2022-08-02-01,2022-06-14-13,-0.35487337828395477
I1R,Geometry,82,IL2DL,2022-08-02-01,2022-06-14-13,0.30801719231874963
IL2DL,Geometry,83,IL2DL,2022-08-02-01,2022-06-14-13,0.3297791068699091
I2R,Geometry,82,IL2DL,2022-08-02-01,2022-06-14-13,0.3102677855093167
I3,Geometry,82,IL2DL,2022-08-02-01,2022-06-14-13,0.327499180637258
NSMR,Geometry,82,IL2DL,2022-08-02-01,2022-06-14-13,0.31335817666264176
I2L,Geometry,82,IL2DL,2022-08-02-01,2022-06-14-13,0.3096016538111777
MCL,Geometry,82,IL2DL,2022-08-02-01,2022-06-14-13,0.3126180072987345
NSML,Geometry,82,IL2DL,2022-08-02-01,2022-06-14-13,0.31229790159292836
M4,Geometry,82,IL2DL,2022-08-02-01,2022-06-14-13,0.3323780121130613
M3R,Geometry,82,IL2DL,2022-08-02-01,2022-06-14-13,0.3245429743656333
M3L,Geometry,82,IL2DL,2022-08-02-01,2022-06-14-13,0.3222149870159144
IL2VL,Geometry,82,IL2DL,2022-08-02-01,2022-06-14-13,0.31953049196719285
IL1R,Geometry,82,IL2DL,2022-08-02-01,2022-06-14-13,0.3346633527414236
OLLL,Geometry,82,IL2DL,2022-08-02-01,2022-06-14-13,0.3385741038310381
IL2L,Geometry,82,IL2DL,2022-08-02-01,2022-06-14-13,0.3347753300047399
URBR,Geometry,82,IL2DL,2022-08-02-01,2022-06-14-13,0.33439486612282643
OLLR,Geometry,82,IL2DL,2022-08-02-01,2022-06-14-13,0.33719318960344663
IL1DL,Geometry,82,IL2DL,2022-08-02-01,2022-06-14-13,0.3414535480309883
IL1DR,Geometry,82,IL2DL,2022-08-02-01,2022-06-14-13,0.33873962473144853
URYVR,Geometry,82,IL2DL,2022-08-02-01,2022-06-14-13,0.3272624886062955
IL2R,Geometry,82,IL2DL,2022-08-02-01,2022-06-14-13,0.32117563863119253
URYDL,Geometry,82,IL2DL,2022-08-02-01,2022-06-14-13,0.33813590516030967
IL1L,Geometry,82,IL2DL,2022-08-02-01,2022-06-14-13,0.32967853080111337
URBL,Geometry,82,IL2DL,2022-08-02-01,2022-06-14-13,0.3282496860633895
OLQDR,Geometry,82,IL2DL,2022-08-02-01,2022-06-14-13,0.32580499027741433
OLQDL,Geometry,82,IL2DL,2022-08-02-01,2022-06-14-13,0.3287763605055142
RMER,Geometry,82,IL2DL,2022-08-02-01,2022-06-14-13,0.3184050816947191
OLQVR,Geometry,82,IL2DL,2022-08-02-01,2022-06-14-13,0.3129425023055544
URYVL,Geometry,82,IL2DL,2022-08-02-01,2022-06-14-13,0.31626600919245756
RMED,Geometry,82,IL2DL,2022-08-02-01,2022-06-14-13,0.3006097383461993
RMEL,Geometry,82,IL2DL,2022-08-02-01,2022-06-14-13,0.2984007522405269
CEPVR,Geometry,82,IL2DL,2022-08-02-01,2022-06-14-13,0.2839934928114014
OLQVL,Geometry,82,IL2DL,2022-08-02-01,2022-06-14-13,0.2876451058082154
CEPVL,Geometry,82,IL2DL,2022-08-02-01,2022-06-14-13,0.24310167300903981
SAAVR,Geometry,82,IL2DL,2022-08-02-01,2022-06-14-13,0.23322535607277897
RID,Geometry,82,IL2DL,2022-08-02-01,2022-06-14-13,0.23267871694348002
SMDVR,Geometry,82,IL2DL,2022-08-02-01,2022-06-14-13,0.2001090822030736
URXR,Geometry,82,IL2DL,2022-08-02-01,2022-06-14-13,0.19780601196841402
RIAR,Geometry,82,IL2DL,2022-08-02-01,2022-06-14-13,0.1985928075648708
AVAR,Geometry,82,IL2DL,2022-08-02-01,2022-06-14-13,0.19215932377061484
SAAVL,Geometry,82,IL2DL,2022-08-02-01,2022-06-14-13,0.21218044841737865
CEPDR,Geometry,82,IL2DL,2022-08-02-01,2022-06-14-13,0.18530415752079962
URXL,Geometry,82,IL2DL,2022-08-02-01,2022-06-14-13,0.19221401593697485
CEPDL,Geometry,82,IL2DL,2022-08-02-01,2022-06-14-13,0.17794052931866924
SMDDR,Geometry,82,IL2DL,2022-08-02-01,2022-06-14-13,0.1504355814648686
RMEV,Geometry,82,IL2DL,2022-08-02-01,2022-06-14-13,0.15211284611884504
RIAL,Geometry,82,IL2DL,2022-08-02-01,2022-06-14-13,0.1685154005641773
AVER,Geometry,82,IL2DL,2022-08-02-01,2022-06-14-13,0.13957927011776244
AWAR,Geometry,82,IL2DL,2022-08-02-01,2022-06-14-13,0.10975218922935422
SMDVL,Geometry,82,IL2DL,2022-08-02-01,2022-06-14-13,0.12739359975619344
AVAL,Geometry,82,IL2DL,2022-08-02-01,2022-06-14-13,0.11357298583688655
RMDL,Geometry,82,IL2DL,2022-08-02-01,2022-06-14-13,0.07752895299901773
AIBR,Geometry,82,IL2DL,2022-08-02-01,2022-06-14-13,0.06437285683605308
ASGR,Geometry,82,IL2DL,2022-08-02-01,2022-06-14-13,0.048083613372282015
AVL,Geometry,82,IL2DL,2022-08-02-01,2022-06-14-13,0.0004884841597479509
AVEL,Geometry,82,IL2DL,2022-08-02-01,2022-06-14-13,0.030104833712322254
ASGL,Geometry,82,IL2DL,2022-08-02-01,2022-06-14-13,0.01052316080912668
ASHL,Geometry,82,IL2DL,2022-08-02-01,2022-06-14-13,-0.015267173639832321
AIBL,Geometry,82,IL2DL,2022-08-02-01,2022-06-14-13,-0.020200652441419786
AVHL,Geometry,82,IL2DL,2022-08-02-01,2022-06-14-13,-0.04339565408250445
AWBL,Geometry,82,IL2DL,2022-08-02-01,2022-06-14-13,-0.05540154190934238
RIVL,Geometry,82,IL2DL,2022-08-02-01,2022-06-14-13,-0.03536661414383563
AWCL,Geometry,82,IL2DL,2022-08-02-01,2022-06-14-13,-0.06958197610707377
SMDDL,Geometry,82,IL2DL,2022-08-02-01,2022-06-14-13,-0.10743237854080574
AVJR,Geometry,82,IL2DL,2022-08-02-01,2022-06-14-13,-0.07428812428282333
AIZL,Geometry,82,IL2DL,2022-08-02-01,2022-06-14-13,-0.07335253353395647
RIBL,Geometry,82,IL2DL,2022-08-02-01,2022-06-14-13,-0.10475189274733514
ASEL,Geometry,82,IL2DL,2022-08-02-01,2022-06-14-13,-0.10134730020225935
AVDR,Geometry,82,IL2DL,2022-08-02-01,2022-06-14-13,-0.09429810258957999
AVDL,Geometry,82,IL2DL,2022-08-02-01,2022-06-14-13,-0.10881347737554367
AVJL,Geometry,82,IL2DL,2022-08-02-01,2022-06-14-13,-0.08909799217068791
RIVR,Geometry,82,IL2DL,2022-08-02-01,2022-06-14-13,-0.11807628405588966
AIZR,Geometry,82,IL2DL,2022-08-02-01,2022-06-14-13,-0.14295918499705296
AUAR,Geometry,82,IL2DL,2022-08-02-01,2022-06-14-13,-0.20989941196704093
AUAL,Geometry,82,IL2DL,2022-08-02-01,2022-06-14-13,-0.1899800688921126
RICR,Geometry,82,IL2DL,2022-08-02-01,2022-06-14-13,-0.18534670966401642
RICL,Geometry,82,IL2DL,2022-08-02-01,2022-06-14-13,-0.24034908645568467
M5,Geometry,82,IL2DL,2022-08-02-01,2022-06-14-13,-0.2624076258239495
AIML,Geometry,82,IL2DL,2022-08-02-01,2022-06-14-13,-0.8366513024522046
AIMR,Geometry,82,IL2DL,2022-08-02-01,2022-06-14-13,-0.32292164651211336
FLPL,Geometry,82,IL2DL,2022-08-02-01,2022-06-14-13,-0.31289505746077223
ADEL,Geometry,82,IL2DL,2022-08-02-01,2022-06-14-13,-0.3089553020377427
VB02,Geometry,82,IL2DL,2022-08-02-01,2022-06-14-13,-0.34630564308889034
ADAL,Geometry,82,IL2DL,2022-08-02-01,2022-06-14-13,-0.3126361395386483
I1R,Geometry,82,I2R,2022-08-02-01,2022-06-14-13,0.3341312827677716
IL2DL,Geometry,82,I2R,2022-08-02-01,2022-06-14-13,0.3496149912922462
I2R,Geometry,83,I2R,2022-08-02-01,2022-06-14-13,0.3391600741764166
I3,Geometry,82,I2R,2022-08-02-01,2022-06-14-13,0.3473917912324429
NSMR,Geometry,82,I2R,2022-08-02-01,2022-06-14-13,0.3385167829357305
I2L,Geometry,82,I2R,2022-08-02-01,2022-06-14-13,0.33323011553606136
MCL,Geometry,82,I2R,2022-08-02-01,2022-06-14-13,0.3360506608216971
NSML,Geometry,82,I2R,2022-08-02-01,2022-06-14-13,0.33511403332736267
M4,Geometry,82,I2R,2022-08-02-01,2022-06-14-13,0.35149723771874675
M3R,Geometry,82,I2R,2022-08-02-01,2022-06-14-13,0.3448210040755253
M3L,Geometry,82,I2R,2022-08-02-01,2022-06-14-13,0.34065971818624685
IL2VL,Geometry,82,I2R,2022-08-02-01,2022-06-14-13,0.33619454648581903
IL1R,Geometry,82,I2R,2022-08-02-01,2022-06-14-13,0.3447435062875403
OLLL,Geometry,82,I2R,2022-08-02-01,2022-06-14-13,0.34218643527329085
IL2L,Geometry,82,I2R,2022-08-02-01,2022-06-14-13,0.3396602640844309
URBR,Geometry,82,I2R,2022-08-02-01,2022-06-14-13,0.34010705367501354
OLLR,Geometry,82,I2R,2022-08-02-01,2022-06-14-13,0.34032459113553964
IL1DL,Geometry,82,I2R,2022-08-02-01,2022-06-14-13,0.34087734359026095
IL1DR,Geometry,82,I2R,2022-08-02-01,2022-06-14-13,0.33818929056450486
URYVR,Geometry,82,I2R,2022-08-02-01,2022-06-14-13,0.3325096683260181
IL2R,Geometry,82,I2R,2022-08-02-01,2022-06-14-13,0.32771061200651247
URYDL,Geometry,82,I2R,2022-08-02-01,2022-06-14-13,0.33550286792989514
IL1L,Geometry,82,I2R,2022-08-02-01,2022-06-14-13,0.3312601881563702
URBL,Geometry,82,I2R,2022-08-02-01,2022-06-14-13,0.324459593818078
OLQDR,Geometry,82,I2R,2022-08-02-01,2022-06-14-13,0.31799983244372887
OLQDL,Geometry,82,I2R,2022-08-02-01,2022-06-14-13,0.31934801945977453
RMER,Geometry,82,I2R,2022-08-02-01,2022-06-14-13,0.31401266915231124
OLQVR,Geometry,82,I2R,2022-08-02-01,2022-06-14-13,0.31070082535156823
URYVL,Geometry,82,I2R,2022-08-02-01,2022-06-14-13,0.3125997657762357
RMED,Geometry,82,I2R,2022-08-02-01,2022-06-14-13,0.2845918040433382
RMEL,Geometry,82,I2R,2022-08-02-01,2022-06-14-13,0.2842000586780073
CEPVR,Geometry,82,I2R,2022-08-02-01,2022-06-14-13,0.2750840907105588
OLQVL,Geometry,82,I2R,2022-08-02-01,2022-06-14-13,0.27546159342229515
CEPVL,Geometry,82,I2R,2022-08-02-01,2022-06-14-13,0.22539705948861502
SAAVR,Geometry,82,I2R,2022-08-02-01,2022-06-14-13,0.21149719775826703
RID,Geometry,82,I2R,2022-08-02-01,2022-06-14-13,0.20559615528121034
SMDVR,Geometry,82,I2R,2022-08-02-01,2022-06-14-13,0.17439671573568244
URXR,Geometry,82,I2R,2022-08-02-01,2022-06-14-13,0.16976420233654343
RIAR,Geometry,82,I2R,2022-08-02-01,2022-06-14-13,0.17137584135899633
AVAR,Geometry,82,I2R,2022-08-02-01,2022-06-14-13,0.1675445737580031
SAAVL,Geometry,82,I2R,2022-08-02-01,2022-06-14-13,0.18195373644097815
CEPDR,Geometry,82,I2R,2022-08-02-01,2022-06-14-13,0.15724701576589184
URXL,Geometry,82,I2R,2022-08-02-01,2022-06-14-13,0.1602538611701092
CEPDL,Geometry,82,I2R,2022-08-02-01,2022-06-14-13,0.14395294418974752
SMDDR,Geometry,82,I2R,2022-08-02-01,2022-06-14-13,0.12636567610690044
RMEV,Geometry,82,I2R,2022-08-02-01,2022-06-14-13,0.1266980924277082
RIAL,Geometry,82,I2R,2022-08-02-01,2022-06-14-13,0.13437790744726644
AVER,Geometry,82,I2R,2022-08-02-01,2022-06-14-13,0.11127699260125766
AWAR,Geometry,82,I2R,2022-08-02-01,2022-06-14-13,0.0777033602136214
SMDVL,Geometry,82,I2R,2022-08-02-01,2022-06-14-13,0.08949429374098099
AVAL,Geometry,82,I2R,2022-08-02-01,2022-06-14-13,0.07814841278441176
RMDL,Geometry,82,I2R,2022-08-02-01,2022-06-14-13,0.041827644426515286
AIBR,Geometry,82,I2R,2022-08-02-01,2022-06-14-13,0.031908053289296044
ASGR,Geometry,82,I2R,2022-08-02-01,2022-06-14-13,0.01336884629200413
AVL,Geometry,82,I2R,2022-08-02-01,2022-06-14-13,-0.02894503937938837
AVEL,Geometry,82,I2R,2022-08-02-01,2022-06-14-13,-0.007461915685109532
ASGL,Geometry,82,I2R,2022-08-02-01,2022-06-14-13,-0.030161746076093943
ASHL,Geometry,82,I2R,2022-08-02-01,2022-06-14-13,-0.05545341272919429
AIBL,Geometry,82,I2R,2022-08-02-01,2022-06-14-13,-0.06089686867065088
AVHL,Geometry,82,I2R,2022-08-02-01,2022-06-14-13,-0.08374022289417288
AWBL,Geometry,82,I2R,2022-08-02-01,2022-06-14-13,-0.094459617486938
RIVL,Geometry,82,I2R,2022-08-02-01,2022-06-14-13,-0.07739088362870634
AWCL,Geometry,82,I2R,2022-08-02-01,2022-06-14-13,-0.10862828858974348
SMDDL,Geometry,82,I2R,2022-08-02-01,2022-06-14-13,-0.14356882732235646
AVJR,Geometry,82,I2R,2022-08-02-01,2022-06-14-13,-0.10872842376810737
AIZL,Geometry,82,I2R,2022-08-02-01,2022-06-14-13,-0.11475027693622188
RIBL,Geometry,82,I2R,2022-08-02-01,2022-06-14-13,-0.14279179963751748
ASEL,Geometry,82,I2R,2022-08-02-01,2022-06-14-13,-0.1405699866895238
AVDR,Geometry,82,I2R,2022-08-02-01,2022-06-14-13,-0.1279402040764714
AVDL,Geometry,82,I2R,2022-08-02-01,2022-06-14-13,-0.14857272221863477
AVJL,Geometry,82,I2R,2022-08-02-01,2022-06-14-13,-0.13143755422018374
RIVR,Geometry,82,I2R,2022-08-02-01,2022-06-14-13,-0.15296219026388075
AIZR,Geometry,82,I2R,2022-08-02-01,2022-06-14-13,-0.17585700127459375
AUAR,Geometry,82,I2R,2022-08-02-01,2022-06-14-13,-0.24495070113998962
AUAL,Geometry,82,I2R,2022-08-02-01,2022-06-14-13,-0.2273782555898437
RICR,Geometry,82,I2R,2022-08-02-01,2022-06-14-13,-0.21750433326271354
RICL,Geometry,82,I2R,2022-08-02-01,2022-06-14-13,-0.27710029717222784
M5,Geometry,82,I2R,2022-08-02-01,2022-06-14-13,-0.29851764126327013
AIML,Geometry,82,I2R,2022-08-02-01,2022-06-14-13,-0.917217670960673
AIMR,Geometry,82,I2R,2022-08-02-01,2022-06-14-13,-0.3518729209849197
FLPL,Geometry,82,I2R,2022-08-02-01,2022-06-14-13,-0.34593782915872634
ADEL,Geometry,82,I2R,2022-08-02-01,2022-06-14-13,-0.34093012724878646
VB02,Geometry,82,I2R,2022-08-02-01,2022-06-14-13,-0.3747073949794763
ADAL,Geometry,82,I2R,2022-08-02-01,2022-06-14-13,-0.34352554280492303
I1R,Geometry,82,I3,2022-08-02-01,2022-06-14-13,0.33093447952653127
IL2DL,Geometry,82,I3,2022-08-02-01,2022-06-14-13,0.3498512946570827
I2R,Geometry,82,I3,2022-08-02-01,2022-06-14-13,0.3332288790999767
I3,Geometry,83,I3,2022-08-02-01,2022-06-14-13,0.3490359049656048
NSMR,Geometry,82,I3,2022-08-02-01,2022-06-14-13,0.3358272727475848
I2L,Geometry,82,I3,2022-08-02-01,2022-06-14-13,0.3311551106871644
MCL,Geometry,82,I3,2022-08-02-01,2022-06-14-13,0.334081199515864
NSML,Geometry,82,I3,2022-08-02-01,2022-06-14-13,0.3333285156178185
M4,Geometry,82,I3,2022-08-02-01,2022-06-14-13,0.3512367700304518
M3R,Geometry,82,I3,2022-08-02-01,2022-06-14-13,0.34390805944288977
M3L,Geometry,82,I3,2022-08-02-01,2022-06-14-13,0.34018694235088803
IL2VL,Geometry,82,I3,2022-08-02-01,2022-06-14-13,0.3359038565304549
IL1R,Geometry,82,I3,2022-08-02-01,2022-06-14-13,0.3461770429318569
OLLL,Geometry,82,I3,2022-08-02-01,2022-06-14-13,0.34583149687115544
IL2L,Geometry,82,I3,2022-08-02-01,2022-06-14-13,0.34285169190569775
URBR,Geometry,82,I3,2022-08-02-01,2022-06-14-13,0.34255764064015337
OLLR,Geometry,82,I3,2022-08-02-01,2022-06-14-13,0.34361492303835345
IL1DL,Geometry,82,I3,2022-08-02-01,2022-06-14-13,0.34552316352092294
IL1DR,Geometry,82,I3,2022-08-02-01,2022-06-14-13,0.3424566608296256
URYVR,Geometry,82,I3,2022-08-02-01,2022-06-14-13,0.33462506968268935
IL2R,Geometry,82,I3,2022-08-02-01,2022-06-14-13,0.32883040919668394
URYDL,Geometry,82,I3,2022-08-02-01,2022-06-14-13,0.34047339641407076
IL1L,Geometry,82,I3,2022-08-02-01,2022-06-14-13,0.3347633151515068
URBL,Geometry,82,I3,2022-08-02-01,2022-06-14-13,0.32920701764560034
OLQDR,Geometry,82,I3,2022-08-02-01,2022-06-14-13,0.3233876348228469
OLQDL,Geometry,82,I3,2022-08-02-01,2022-06-14-13,0.32529127545223224
RMER,Geometry,82,I3,2022-08-02-01,2022-06-14-13,0.3180564614984499
OLQVR,Geometry,82,I3,2022-08-02-01,2022-06-14-13,0.3139344977974221
URYVL,Geometry,82,I3,2022-08-02-01,2022-06-14-13,0.31650205945452065
RMED,Geometry,82,I3,2022-08-02-01,2022-06-14-13,0.29117342627916
RMEL,Geometry,82,I3,2022-08-02-01,2022-06-14-13,0.2898694075583627
CEPVR,Geometry,82,I3,2022-08-02-01,2022-06-14-13,0.27888457385148563
OLQVL,Geometry,82,I3,2022-08-02-01,2022-06-14-13,0.2802697819168172
CEPVL,Geometry,82,I3,2022-08-02-01,2022-06-14-13,0.23034784669262515
SAAVR,Geometry,82,I3,2022-08-02-01,2022-06-14-13,0.21760613854603753
RID,Geometry,82,I3,2022-08-02-01,2022-06-14-13,0.21368899004874567
SMDVR,Geometry,82,I3,2022-08-02-01,2022-06-14-13,0.18131778399682624
URXR,Geometry,82,I3,2022-08-02-01,2022-06-14-13,0.1774451196981547
RIAR,Geometry,82,I3,2022-08-02-01,2022-06-14-13,0.17863472403485414
AVAR,Geometry,82,I3,2022-08-02-01,2022-06-14-13,0.17364829638879214
SAAVL,Geometry,82,I3,2022-08-02-01,2022-06-14-13,0.1902671437038041
CEPDR,Geometry,82,I3,2022-08-02-01,2022-06-14-13,0.16470467111159595
URXL,Geometry,82,I3,2022-08-02-01,2022-06-14-13,0.16907655624505746
CEPDL,Geometry,82,I3,2022-08-02-01,2022-06-14-13,0.15319589987809756
SMDDR,Geometry,82,I3,2022-08-02-01,2022-06-14-13,0.13123276177024842
RMEV,Geometry,82,I3,2022-08-02-01,2022-06-14-13,0.13201114128330915
RIAL,Geometry,82,I3,2022-08-02-01,2022-06-14-13,0.14330085928249198
AVER,Geometry,82,I3,2022-08-02-01,2022-06-14-13,0.11741140751558296
AWAR,Geometry,82,I3,2022-08-02-01,2022-06-14-13,0.08518321395219587
SMDVL,Geometry,82,I3,2022-08-02-01,2022-06-14-13,0.09942309084219388
AVAL,Geometry,82,I3,2022-08-02-01,2022-06-14-13,0.08657933867600089
RMDL,Geometry,82,I3,2022-08-02-01,2022-06-14-13,0.04990699031472695
AIBR,Geometry,82,I3,2022-08-02-01,2022-06-14-13,0.03860663776051208
ASGR,Geometry,82,I3,2022-08-02-01,2022-06-14-13,0.020988769371863402
AVL,Geometry,82,I3,2022-08-02-01,2022-06-14-13,-0.02418694192784163
AVEL,Geometry,82,I3,2022-08-02-01,2022-06-14-13,0.0008752707689849246
ASGL,Geometry,82,I3,2022-08-02-01,2022-06-14-13,-0.0204121523808475
ASHL,Geometry,82,I3,2022-08-02-01,2022-06-14-13,-0.0460373620423597
AIBL,Geometry,82,I3,2022-08-02-01,2022-06-14-13,-0.050911217576911326
AVHL,Geometry,82,I3,2022-08-02-01,2022-06-14-13,-0.07452786384174509
AWBL,Geometry,82,I3,2022-08-02-01,2022-06-14-13,-0.08594566937435912
RIVL,Geometry,82,I3,2022-08-02-01,2022-06-14-13,-0.06720428694452718
AWCL,Geometry,82,I3,2022-08-02-01,2022-06-14-13,-0.10004918310311135
SMDDL,Geometry,82,I3,2022-08-02-01,2022-06-14-13,-0.13669027036461928
AVJR,Geometry,82,I3,2022-08-02-01,2022-06-14-13,-0.10191547515893606
AIZL,Geometry,82,I3,2022-08-02-01,2022-06-14-13,-0.1050104074312135
RIBL,Geometry,82,I3,2022-08-02-01,2022-06-14-13,-0.13500687353235044
ASEL,Geometry,82,I3,2022-08-02-01,2022-06-14-13,-0.13208318664876878
AVDR,Geometry,82,I3,2022-08-02-01,2022-06-14-13,-0.12160692044231283
AVDL,Geometry,82,I3,2022-08-02-01,2022-06-14-13,-0.13985346141012467
AVJL,Geometry,82,I3,2022-08-02-01,2022-06-14-13,-0.12124296157831624
RIVR,Geometry,82,I3,2022-08-02-01,2022-06-14-13,-0.14615305855730712
AIZR,Geometry,82,I3,2022-08-02-01,2022-06-14-13,-0.16998952621813493
AUAR,Geometry,82,I3,2022-08-02-01,2022-06-14-13,-0.23873419347117786
AUAL,Geometry,82,I3,2022-08-02-01,2022-06-14-13,-0.21984846335413447
RICR,Geometry,82,I3,2022-08-02-01,2022-06-14-13,-0.2121972775569494
RICL,Geometry,82,I3,2022-08-02-01,2022-06-14-13,-0.2698184101861478
M5,Geometry,82,I3,2022-08-02-01,2022-06-14-13,-0.2914201105820069
AIML,Geometry,82,I3,2022-08-02-01,2022-06-14-13,-0.9081979750066049
AIMR,Geometry,82,I3,2022-08-02-01,2022-06-14-13,-0.3481209730750776
FLPL,Geometry,82,I3,2022-08-02-01,2022-06-14-13,-0.3400578175153919
ADEL,Geometry,82,I3,2022-08-02-01,2022-06-14-13,-0.3354819410424633
VB02,Geometry,82,I3,2022-08-02-01,2022-06-14-13,-0.37104128429234223
ADAL,Geometry,82,I3,2022-08-02-01,2022-06-14-13,-0.3385599768435707
I1R,Geometry,82,NSMR,2022-08-02-01,2022-06-14-13,0.3297098575358553
IL2DL,Geometry,82,NSMR,2022-08-02-01,2022-06-14-13,0.3452945555843102
I2R,Geometry,82,NSMR,2022-08-02-01,2022-06-14-13,0.33227762042572523
I3,Geometry,82,NSMR,2022-08-02-01,2022-06-14-13,0.343431339481939
NSMR,Geometry,83,NSMR,2022-08-02-01,2022-06-14-13,0.3369414529109219
I2L,Geometry,82,NSMR,2022-08-02-01,2022-06-14-13,0.32888842703388516
MCL,Geometry,82,NSMR,2022-08-02-01,2022-06-14-13,0.3317703314402988
NSML,Geometry,82,NSMR,2022-08-02-01,2022-06-14-13,0.33087798330203766
M4,Geometry,82,NSMR,2022-08-02-01,2022-06-14-13,0.3478354046746577
M3R,Geometry,82,NSMR,2022-08-02-01,2022-06-14-13,0.3412626569764288
M3L,Geometry,82,NSMR,2022-08-02-01,2022-06-14-13,0.3368958131468494
IL2VL,Geometry,82,NSMR,2022-08-02-01,2022-06-14-13,0.3327623143235204
IL1R,Geometry,82,NSMR,2022-08-02-01,2022-06-14-13,0.3426682677732292
OLLL,Geometry,82,NSMR,2022-08-02-01,2022-06-14-13,0.33972312003936483
IL2L,Geometry,82,NSMR,2022-08-02-01,2022-06-14-13,0.33701534907766906
URBR,Geometry,82,NSMR,2022-08-02-01,2022-06-14-13,0.338521623216465
OLLR,Geometry,82,NSMR,2022-08-02-01,2022-06-14-13,0.33886716937675415
IL1DL,Geometry,82,NSMR,2022-08-02-01,2022-06-14-13,0.3389193759599318
IL1DR,Geometry,82,NSMR,2022-08-02-01,2022-06-14-13,0.33678860442142566
URYVR,Geometry,82,NSMR,2022-08-02-01,2022-06-14-13,0.3309304547885294
IL2R,Geometry,82,NSMR,2022-08-02-01,2022-06-14-13,0.3261833656796151
URYDL,Geometry,82,NSMR,2022-08-02-01,2022-06-14-13,0.33360659045133406
IL1L,Geometry,82,NSMR,2022-08-02-01,2022-06-14-13,0.32898828179999984
URBL,Geometry,82,NSMR,2022-08-02-01,2022-06-14-13,0.3225805796276164
OLQDR,Geometry,82,NSMR,2022-08-02-01,2022-06-14-13,0.31741467091078207
OLQDL,Geometry,82,NSMR,2022-08-02-01,2022-06-14-13,0.31833040654417194
RMER,Geometry,82,NSMR,2022-08-02-01,2022-06-14-13,0.3136130350439551
OLQVR,Geometry,82,NSMR,2022-08-02-01,2022-06-14-13,0.31008932243258835
URYVL,Geometry,82,NSMR,2022-08-02-01,2022-06-14-13,0.3111289757122101
RMED,Geometry,82,NSMR,2022-08-02-01,2022-06-14-13,0.28479290034465204
RMEL,Geometry,82,NSMR,2022-08-02-01,2022-06-14-13,0.2834693633065301
CEPVR,Geometry,82,NSMR,2022-08-02-01,2022-06-14-13,0.27516147621765463
OLQVL,Geometry,82,NSMR,2022-08-02-01,2022-06-14-13,0.2750338479605861
CEPVL,Geometry,82,NSMR,2022-08-02-01,2022-06-14-13,0.22609984692340096
SAAVR,Geometry,82,NSMR,2022-08-02-01,2022-06-14-13,0.21336347532005392
RID,Geometry,82,NSMR,2022-08-02-01,2022-06-14-13,0.20724417598610903
SMDVR,Geometry,82,NSMR,2022-08-02-01,2022-06-14-13,0.17694057075640277
URXR,Geometry,82,NSMR,2022-08-02-01,2022-06-14-13,0.17226687262868134
RIAR,Geometry,82,NSMR,2022-08-02-01,2022-06-14-13,0.17386553862120308
AVAR,Geometry,82,NSMR,2022-08-02-01,2022-06-14-13,0.17015284807909334
SAAVL,Geometry,82,NSMR,2022-08-02-01,2022-06-14-13,0.1834817941205923
CEPDR,Geometry,82,NSMR,2022-08-02-01,2022-06-14-13,0.16003255380683007
URXL,Geometry,82,NSMR,2022-08-02-01,2022-06-14-13,0.16254511615400072
CEPDL,Geometry,82,NSMR,2022-08-02-01,2022-06-14-13,0.1463089745948711
SMDDR,Geometry,82,NSMR,2022-08-02-01,2022-06-14-13,0.12908414804472879
RMEV,Geometry,82,NSMR,2022-08-02-01,2022-06-14-13,0.129232210943133
RIAL,Geometry,82,NSMR,2022-08-02-01,2022-06-14-13,0.13676329361823097
AVER,Geometry,82,NSMR,2022-08-02-01,2022-06-14-13,0.11466570733158625
AWAR,Geometry,82,NSMR,2022-08-02-01,2022-06-14-13,0.08171534027332553
SMDVL,Geometry,82,NSMR,2022-08-02-01,2022-06-14-13,0.09255585850665486
AVAL,Geometry,82,NSMR,2022-08-02-01,2022-06-14-13,0.08112567369587019
RMDL,Geometry,82,NSMR,2022-08-02-01,2022-06-14-13,0.04530332279155166
AIBR,Geometry,82,NSMR,2022-08-02-01,2022-06-14-13,0.03646543572053028
ASGR,Geometry,82,NSMR,2022-08-02-01,2022-06-14-13,0.018215819746072223
AVL,Geometry,82,NSMR,2022-08-02-01,2022-06-14-13,-0.02419905324167604
AVEL,Geometry,82,NSMR,2022-08-02-01,2022-06-14-13,-0.0032378504759606485
ASGL,Geometry,82,NSMR,2022-08-02-01,2022-06-14-13,-0.025693053484418357
ASHL,Geometry,82,NSMR,2022-08-02-01,2022-06-14-13,-0.050958236903355436
AIBL,Geometry,82,NSMR,2022-08-02-01,2022-06-14-13,-0.055461611203878554
AVHL,Geometry,82,NSMR,2022-08-02-01,2022-06-14-13,-0.0787495411283513
AWBL,Geometry,82,NSMR,2022-08-02-01,2022-06-14-13,-0.08948266324195152
RIVL,Geometry,82,NSMR,2022-08-02-01,2022-06-14-13,-0.0722872010415791
AWCL,Geometry,82,NSMR,2022-08-02-01,2022-06-14-13,-0.10368210156075937
SMDDL,Geometry,82,NSMR,2022-08-02-01,2022-06-14-13,-0.1379622362335138
AVJR,Geometry,82,NSMR,2022-08-02-01,2022-06-14-13,-0.10273153162680598
AIZL,Geometry,82,NSMR,2022-08-02-01,2022-06-14-13,-0.10951633198536057
RIBL,Geometry,82,NSMR,2022-08-02-01,2022-06-14-13,-0.137284396415223
ASEL,Geometry,82,NSMR,2022-08-02-01,2022-06-14-13,-0.13526826575655754
AVDR,Geometry,82,NSMR,2022-08-02-01,2022-06-14-13,-0.12182082114005348
AVDL,Geometry,82,NSMR,2022-08-02-01,2022-06-14-13,-0.14314911652471304
AVJL,Geometry,82,NSMR,2022-08-02-01,2022-06-14-13,-0.12589286431980157
RIVR,Geometry,82,NSMR,2022-08-02-01,2022-06-14-13,-0.1467170348185386
AIZR,Geometry,82,NSMR,2022-08-02-01,2022-06-14-13,-0.1695007811846554
AUAR,Geometry,82,NSMR,2022-08-02-01,2022-06-14-13,-0.23879118432562116
AUAL,Geometry,82,NSMR,2022-08-02-01,2022-06-14-13,-0.22156943689901057
RICR,Geometry,82,NSMR,2022-08-02-01,2022-06-14-13,-0.21099843400573515
RICL,Geometry,82,NSMR,2022-08-02-01,2022-06-14-13,-0.2710408504346864
M5,Geometry,82,NSMR,2022-08-02-01,2022-06-14-13,-0.29240822638257424
AIML,Geometry,82,NSMR,2022-08-02-01,2022-06-14-13,-0.9078165177744961
AIMR,Geometry,82,NSMR,2022-08-02-01,2022-06-14-13,-0.34552222271718186
FLPL,Geometry,82,NSMR,2022-08-02-01,2022-06-14-13,-0.3400695850357605
ADEL,Geometry,82,NSMR,2022-08-02-01,2022-06-14-13,-0.3352203804416202
VB02,Geometry,82,NSMR,2022-08-02-01,2022-06-14-13,-0.3688973930892218
ADAL,Geometry,82,NSMR,2022-08-02-01,2022-06-14-13,-0.33794337718812356
I1R,Geometry,82,I2L,2022-08-02-01,2022-06-14-13,0.3325948004005033
IL2DL,Geometry,82,I2L,2022-08-02-01,2022-06-14-13,0.348906884353918
I2R,Geometry,82,I2L,2022-08-02-01,2022-06-14-13,0.3342428715589729
I3,Geometry,82,I2L,2022-08-02-01,2022-06-14-13,0.3464741579001713
NSMR,Geometry,82,I2L,2022-08-02-01,2022-06-14-13,0.33655207809670956
I2L,Geometry,83,I2L,2022-08-02-01,2022-06-14-13,0.3357075245022569
MCL,Geometry,82,I2L,2022-08-02-01,2022-06-14-13,0.33572631956653665
NSML,Geometry,82,I2L,2022-08-02-01,2022-06-14-13,0.3346655084073015
M4,Geometry,82,I2L,2022-08-02-01,2022-06-14-13,0.35057806646126605
M3R,Geometry,82,I2L,2022-08-02-01,2022-06-14-13,0.3427959139605971
M3L,Geometry,82,I2L,2022-08-02-01,2022-06-14-13,0.3402737156363926
IL2VL,Geometry,82,I2L,2022-08-02-01,2022-06-14-13,0.3356003227526578
IL1R,Geometry,82,I2L,2022-08-02-01,2022-06-14-13,0.3417076078569229
OLLL,Geometry,82,I2L,2022-08-02-01,2022-06-14-13,0.3417597831352663
IL2L,Geometry,82,I2L,2022-08-02-01,2022-06-14-13,0.3395224008043409
URBR,Geometry,82,I2L,2022-08-02-01,2022-06-14-13,0.3368370133507018
OLLR,Geometry,82,I2L,2022-08-02-01,2022-06-14-13,0.33729333698341096
IL1DL,Geometry,82,I2L,2022-08-02-01,2022-06-14-13,0.3400001873738102
IL1DR,Geometry,82,I2L,2022-08-02-01,2022-06-14-13,0.3358980811125651
URYVR,Geometry,82,I2L,2022-08-02-01,2022-06-14-13,0.32961898436655623
IL2R,Geometry,82,I2L,2022-08-02-01,2022-06-14-13,0.32491100094832565
URYDL,Geometry,82,I2L,2022-08-02-01,2022-06-14-13,0.3349580071964689
IL1L,Geometry,82,I2L,2022-08-02-01,2022-06-14-13,0.33103508750452143
URBL,Geometry,82,I2L,2022-08-02-01,2022-06-14-13,0.32432219348590563
OLQDR,Geometry,82,I2L,2022-08-02-01,2022-06-14-13,0.3155844807331659
OLQDL,Geometry,82,I2L,2022-08-02-01,2022-06-14-13,0.3181747869840984
RMER,Geometry,82,I2L,2022-08-02-01,2022-06-14-13,0.31052528655106215
OLQVR,Geometry,82,I2L,2022-08-02-01,2022-06-14-13,0.3072125199573567
URYVL,Geometry,82,I2L,2022-08-02-01,2022-06-14-13,0.3115749683529639
RMED,Geometry,82,I2L,2022-08-02-01,2022-06-14-13,0.28251295092048273
RMEL,Geometry,82,I2L,2022-08-02-01,2022-06-14-13,0.28397972589185455
CEPVR,Geometry,82,I2L,2022-08-02-01,2022-06-14-13,0.2720919257108308
OLQVL,Geometry,82,I2L,2022-08-02-01,2022-06-14-13,0.27412755772424774
CEPVL,Geometry,82,I2L,2022-08-02-01,2022-06-14-13,0.22350489139780574
SAAVR,Geometry,82,I2L,2022-08-02-01,2022-06-14-13,0.20815630708899296
RID,Geometry,82,I2L,2022-08-02-01,2022-06-14-13,0.2041570206602946
SMDVR,Geometry,82,I2L,2022-08-02-01,2022-06-14-13,0.17123029743400753
URXR,Geometry,82,I2L,2022-08-02-01,2022-06-14-13,0.16736353387302824
RIAR,Geometry,82,I2L,2022-08-02-01,2022-06-14-13,0.1687571497319276
AVAR,Geometry,82,I2L,2022-08-02-01,2022-06-14-13,0.1641144311983796
SAAVL,Geometry,82,I2L,2022-08-02-01,2022-06-14-13,0.18226012680105125
CEPDR,Geometry,82,I2L,2022-08-02-01,2022-06-14-13,0.15458153511131034
URXL,Geometry,82,I2L,2022-08-02-01,2022-06-14-13,0.15968806023705812
CEPDL,Geometry,82,I2L,2022-08-02-01,2022-06-14-13,0.1442903594696289
SMDDR,Geometry,82,I2L,2022-08-02-01,2022-06-14-13,0.12370235449409282
RMEV,Geometry,82,I2L,2022-08-02-01,2022-06-14-13,0.12480077012520435
RIAL,Geometry,82,I2L,2022-08-02-01,2022-06-14-13,0.135146352166045
AVER,Geometry,82,I2L,2022-08-02-01,2022-06-14-13,0.10834802342058082
AWAR,Geometry,82,I2L,2022-08-02-01,2022-06-14-13,0.07495988754296996
SMDVL,Geometry,82,I2L,2022-08-02-01,2022-06-14-13,0.09098367626607555
AVAL,Geometry,82,I2L,2022-08-02-01,2022-06-14-13,0.07980537241752231
RMDL,Geometry,82,I2L,2022-08-02-01,2022-06-14-13,0.043570894575665396
AIBR,Geometry,82,I2L,2022-08-02-01,2022-06-14-13,0.029349971240927922
ASGR,Geometry,82,I2L,2022-08-02-01,2022-06-14-13,0.011192300772658552
AVL,Geometry,82,I2L,2022-08-02-01,2022-06-14-13,-0.03103157723998217
AVEL,Geometry,82,I2L,2022-08-02-01,2022-06-14-13,-0.0052906097319530745
ASGL,Geometry,82,I2L,2022-08-02-01,2022-06-14-13,-0.026907846197090652
ASHL,Geometry,82,I2L,2022-08-02-01,2022-06-14-13,-0.05145540048307452
AIBL,Geometry,82,I2L,2022-08-02-01,2022-06-14-13,-0.06063732297852569
AVHL,Geometry,82,I2L,2022-08-02-01,2022-06-14-13,-0.08019102540726636
AWBL,Geometry,82,I2L,2022-08-02-01,2022-06-14-13,-0.09084405878580722
RIVL,Geometry,82,I2L,2022-08-02-01,2022-06-14-13,-0.07418158831064287
AWCL,Geometry,82,I2L,2022-08-02-01,2022-06-14-13,-0.10453120508004744
SMDDL,Geometry,82,I2L,2022-08-02-01,2022-06-14-13,-0.14146055091093063
AVJR,Geometry,82,I2L,2022-08-02-01,2022-06-14-13,-0.11119024077048363
AIZL,Geometry,82,I2L,2022-08-02-01,2022-06-14-13,-0.11076264585692629
RIBL,Geometry,82,I2L,2022-08-02-01,2022-06-14-13,-0.13974141248649397
ASEL,Geometry,82,I2L,2022-08-02-01,2022-06-14-13,-0.13651635519347466
AVDR,Geometry,82,I2L,2022-08-02-01,2022-06-14-13,-0.13053498640628397
AVDL,Geometry,82,I2L,2022-08-02-01,2022-06-14-13,-0.14453364672997868
AVJL,Geometry,82,I2L,2022-08-02-01,2022-06-14-13,-0.12782070642106097
RIVR,Geometry,82,I2L,2022-08-02-01,2022-06-14-13,-0.15489008683896674
AIZR,Geometry,82,I2L,2022-08-02-01,2022-06-14-13,-0.17837121048490837
AUAR,Geometry,82,I2L,2022-08-02-01,2022-06-14-13,-0.24229979068216106
AUAL,Geometry,82,I2L,2022-08-02-01,2022-06-14-13,-0.22324723392730542
RICR,Geometry,82,I2L,2022-08-02-01,2022-06-14-13,-0.21959960241917756
RICL,Geometry,82,I2L,2022-08-02-01,2022-06-14-13,-0.27317062464555375
M5,Geometry,82,I2L,2022-08-02-01,2022-06-14-13,-0.2953044464051218
AIML,Geometry,82,I2L,2022-08-02-01,2022-06-14-13,-0.9134130026462675
AIMR,Geometry,82,I2L,2022-08-02-01,2022-06-14-13,-0.3518826353406399
FLPL,Geometry,82,I2L,2022-08-02-01,2022-06-14-13,-0.3426718606976892
ADEL,Geometry,82,I2L,2022-08-02-01,2022-06-14-13,-0.33805533179700814
VB02,Geometry,82,I2L,2022-08-02-01,2022-06-14-13,-0.37312852261936863
ADAL,Geometry,82,I2L,2022-08-02-01,2022-06-14-13,-0.34075578824311603
I1R,Geometry,82,MCL,2022-08-02-01,2022-06-14-13,0.3341923070052289
IL2DL,Geometry,82,MCL,2022-08-02-01,2022-06-14-13,0.35037497174097
I2R,Geometry,82,MCL,2022-08-02-01,2022-06-14-13,0.3358115795456952
I3,Geometry,82,MCL,2022-08-02-01,2022-06-14-13,0.3479870284524193
NSMR,Geometry,82,MCL,2022-08-02-01,2022-06-14-13,0.3381451747976142
I2L,Geometry,82,MCL,2022-08-02-01,2022-06-14-13,0.3343621479154871
MCL,Geometry,83,MCL,2022-08-02-01,2022-06-14-13,0.3393569289193998
NSML,Geometry,82,MCL,2022-08-02-01,2022-06-14-13,0.3361646712261037
M4,Geometry,82,MCL,2022-08-02-01,2022-06-14-13,0.35224226831429556
M3R,Geometry,82,MCL,2022-08-02-01,2022-06-14-13,0.34456600916036706
M3L,Geometry,82,MCL,2022-08-02-01,2022-06-14-13,0.34160347075644554
IL2VL,Geometry,82,MCL,2022-08-02-01,2022-06-14-13,0.3370454755511859
IL1R,Geometry,82,MCL,2022-08-02-01,2022-06-14-13,0.3438936404383484
OLLL,Geometry,82,MCL,2022-08-02-01,2022-06-14-13,0.3432079221828602
IL2L,Geometry,82,MCL,2022-08-02-01,2022-06-14-13,0.340874844527396
URBR,Geometry,82,MCL,2022-08-02-01,2022-06-14-13,0.33907675054683584
OLLR,Geometry,82,MCL,2022-08-02-01,2022-06-14-13,0.33948277781684294
IL1DL,Geometry,82,MCL,2022-08-02-01,2022-06-14-13,0.3415597281503916
IL1DR,Geometry,82,MCL,2022-08-02-01,2022-06-14-13,0.3378348353887816
URYVR,Geometry,82,MCL,2022-08-02-01,2022-06-14-13,0.3316568767121437
IL2R,Geometry,82,MCL,2022-08-02-01,2022-06-14-13,0.32684457318609894
URYDL,Geometry,82,MCL,2022-08-02-01,2022-06-14-13,0.33636580696419627
IL1L,Geometry,82,MCL,2022-08-02-01,2022-06-14-13,0.3323025408141894
URBL,Geometry,82,MCL,2022-08-02-01,2022-06-14-13,0.325475578187658
OLQDR,Geometry,82,MCL,2022-08-02-01,2022-06-14-13,0.3173544014643173
OLQDL,Geometry,82,MCL,2022-08-02-01,2022-06-14-13,0.3195546553045528
RMER,Geometry,82,MCL,2022-08-02-01,2022-06-14-13,0.3125844055537133
OLQVR,Geometry,82,MCL,2022-08-02-01,2022-06-14-13,0.3092242035489885
URYVL,Geometry,82,MCL,2022-08-02-01,2022-06-14-13,0.3128442708477281
RMED,Geometry,82,MCL,2022-08-02-01,2022-06-14-13,0.28388872085902017
RMEL,Geometry,82,MCL,2022-08-02-01,2022-06-14-13,0.2846724493289745
CEPVR,Geometry,82,MCL,2022-08-02-01,2022-06-14-13,0.2736374065915895
OLQVL,Geometry,82,MCL,2022-08-02-01,2022-06-14-13,0.27512659526398386
CEPVL,Geometry,82,MCL,2022-08-02-01,2022-06-14-13,0.22437867156687358
SAAVR,Geometry,82,MCL,2022-08-02-01,2022-06-14-13,0.2095761406003373
RID,Geometry,82,MCL,2022-08-02-01,2022-06-14-13,0.20500184917753705
SMDVR,Geometry,82,MCL,2022-08-02-01,2022-06-14-13,0.17258419379215176
URXR,Geometry,82,MCL,2022-08-02-01,2022-06-14-13,0.1684778196402293
RIAR,Geometry,82,MCL,2022-08-02-01,2022-06-14-13,0.16990663172797907
AVAR,Geometry,82,MCL,2022-08-02-01,2022-06-14-13,0.16545667485873775
SAAVL,Geometry,82,MCL,2022-08-02-01,2022-06-14-13,0.18238756546349794
CEPDR,Geometry,82,MCL,2022-08-02-01,2022-06-14-13,0.1557599662061478
URXL,Geometry,82,MCL,2022-08-02-01,2022-06-14-13,0.16017420932822515
CEPDL,Geometry,82,MCL,2022-08-02-01,2022-06-14-13,0.14445572032091222
SMDDR,Geometry,82,MCL,2022-08-02-01,2022-06-14-13,0.12461065021120839
RMEV,Geometry,82,MCL,2022-08-02-01,2022-06-14-13,0.12543255942013373
RIAL,Geometry,82,MCL,2022-08-02-01,2022-06-14-13,0.13510465337346853
AVER,Geometry,82,MCL,2022-08-02-01,2022-06-14-13,0.1094082309016203
AWAR,Geometry,82,MCL,2022-08-02-01,2022-06-14-13,0.07611392656914717
SMDVL,Geometry,82,MCL,2022-08-02-01,2022-06-14-13,0.09078098215702302
AVAL,Geometry,82,MCL,2022-08-02-01,2022-06-14-13,0.07939191353605825
RMDL,Geometry,82,MCL,2022-08-02-01,2022-06-14-13,0.043128534610478456
AIBR,Geometry,82,MCL,2022-08-02-01,2022-06-14-13,0.030361779964958722
ASGR,Geometry,82,MCL,2022-08-02-01,2022-06-14-13,0.012181816787830133
AVL,Geometry,82,MCL,2022-08-02-01,2022-06-14-13,-0.03029767782166776
AVEL,Geometry,82,MCL,2022-08-02-01,2022-06-14-13,-0.00581455873650991
ASGL,Geometry,82,MCL,2022-08-02-01,2022-06-14-13,-0.02764797191308833
ASHL,Geometry,82,MCL,2022-08-02-01,2022-06-14-13,-0.05245158253334458
AIBL,Geometry,82,MCL,2022-08-02-01,2022-06-14-13,-0.06018677172433403
AVHL,Geometry,82,MCL,2022-08-02-01,2022-06-14-13,-0.08103149576266344
AWBL,Geometry,82,MCL,2022-08-02-01,2022-06-14-13,-0.09176772429613744
RIVL,Geometry,82,MCL,2022-08-02-01,2022-06-14-13,-0.07478478681006577
AWCL,Geometry,82,MCL,2022-08-02-01,2022-06-14-13,-0.10557114479890381
SMDDL,Geometry,82,MCL,2022-08-02-01,2022-06-14-13,-0.141874139433466
AVJR,Geometry,82,MCL,2022-08-02-01,2022-06-14-13,-0.11004486749704694
AIZL,Geometry,82,MCL,2022-08-02-01,2022-06-14-13,-0.11164589746054743
RIBL,Geometry,82,MCL,2022-08-02-01,2022-06-14-13,-0.14047417358761666
ASEL,Geometry,82,MCL,2022-08-02-01,2022-06-14-13,-0.13754104686362784
AVDR,Geometry,82,MCL,2022-08-02-01,2022-06-14-13,-0.1293699260024793
AVDL,Geometry,82,MCL,2022-08-02-01,2022-06-14-13,-0.14552380721129468
AVJL,Geometry,82,MCL,2022-08-02-01,2022-06-14-13,-0.12849120443459472
RIVR,Geometry,82,MCL,2022-08-02-01,2022-06-14-13,-0.15391100542850597
AIZR,Geometry,82,MCL,2022-08-02-01,2022-06-14-13,-0.17723851237704796
AUAR,Geometry,82,MCL,2022-08-02-01,2022-06-14-13,-0.2428705778123759
AUAL,Geometry,82,MCL,2022-08-02-01,2022-06-14-13,-0.22425701719975885
RICR,Geometry,82,MCL,2022-08-02-01,2022-06-14-13,-0.2186425464736896
RICL,Geometry,82,MCL,2022-08-02-01,2022-06-14-13,-0.27410358170154897
M5,Geometry,82,MCL,2022-08-02-01,2022-06-14-13,-0.2960877059457811
AIML,Geometry,82,MCL,2022-08-02-01,2022-06-14-13,-0.9144263624999839
AIMR,Geometry,82,MCL,2022-08-02-01,2022-06-14-13,-0.3518004164860855
FLPL,Geometry,82,MCL,2022-08-02-01,2022-06-14-13,-0.34361569331278957
ADEL,Geometry,82,MCL,2022-08-02-01,2022-06-14-13,-0.3389791027580322
VB02,Geometry,82,MCL,2022-08-02-01,2022-06-14-13,-0.37376154121187033
ADAL,Geometry,82,MCL,2022-08-02-01,2022-06-14-13,-0.34172439743652677
I1R,Geometry,82,NSML,2022-08-02-01,2022-06-14-13,0.3286179134186382
IL2DL,Geometry,82,NSML,2022-08-02-01,2022-06-14-13,0.34497591839827907
I2R,Geometry,82,NSML,2022-08-02-01,2022-06-14-13,0.33025095659979914
I3,Geometry,82,NSML,2022-08-02-01,2022-06-14-13,0.34290995527736035
NSMR,Geometry,82,NSML,2022-08-02-01,2022-06-14-13,0.33263006008254203
I2L,Geometry,82,NSML,2022-08-02-01,2022-06-14-13,0.3291764616360187
MCL,Geometry,82,NSML,2022-08-02-01,2022-06-14-13,0.33195017184284625
NSML,Geometry,83,NSML,2022-08-02-01,2022-06-14-13,0.33365396187427887
M4,Geometry,82,NSML,2022-08-02-01,2022-06-14-13,0.3473739885655832
M3R,Geometry,82,NSML,2022-08-02-01,2022-06-14-13,0.3393862234823436
M3L,Geometry,82,NSML,2022-08-02-01,2022-06-14-13,0.3371094395106142
IL2VL,Geometry,82,NSML,2022-08-02-01,2022-06-14-13,0.3327865421636669
IL1R,Geometry,82,NSML,2022-08-02-01,2022-06-14-13,0.33933343577699326
OLLL,Geometry,82,NSML,2022-08-02-01,2022-06-14-13,0.3399053590094149
IL2L,Geometry,82,NSML,2022-08-02-01,2022-06-14-13,0.33762975139816553
URBR,Geometry,82,NSML,2022-08-02-01,2022-06-14-13,0.33482825339796407
OLLR,Geometry,82,NSML,2022-08-02-01,2022-06-14-13,0.33545422575105277
IL1DL,Geometry,82,NSML,2022-08-02-01,2022-06-14-13,0.3384388166200682
IL1DR,Geometry,82,NSML,2022-08-02-01,2022-06-14-13,0.3343442799558359
URYVR,Geometry,82,NSML,2022-08-02-01,2022-06-14-13,0.3277333352564372
IL2R,Geometry,82,NSML,2022-08-02-01,2022-06-14-13,0.3230740958497955
URYDL,Geometry,82,NSML,2022-08-02-01,2022-06-14-13,0.3336026385359853
IL1L,Geometry,82,NSML,2022-08-02-01,2022-06-14-13,0.3294694080060506
URBL,Geometry,82,NSML,2022-08-02-01,2022-06-14-13,0.3231489543021066
OLQDR,Geometry,82,NSML,2022-08-02-01,2022-06-14-13,0.3146518702587681
OLQDL,Geometry,82,NSML,2022-08-02-01,2022-06-14-13,0.3173888038838106
RMER,Geometry,82,NSML,2022-08-02-01,2022-06-14-13,0.3093873766510865
OLQVR,Geometry,82,NSML,2022-08-02-01,2022-06-14-13,0.3059706202041527
URYVL,Geometry,82,NSML,2022-08-02-01,2022-06-14-13,0.3104883361886082
RMED,Geometry,82,NSML,2022-08-02-01,2022-06-14-13,0.28236098213979677
RMEL,Geometry,82,NSML,2022-08-02-01,2022-06-14-13,0.2838308045838839
CEPVR,Geometry,82,NSML,2022-08-02-01,2022-06-14-13,0.2715218710825674
OLQVL,Geometry,82,NSML,2022-08-02-01,2022-06-14-13,0.2738379033177408
CEPVL,Geometry,82,NSML,2022-08-02-01,2022-06-14-13,0.2239045554185867
SAAVR,Geometry,82,NSML,2022-08-02-01,2022-06-14-13,0.20900428193822193
RID,Geometry,82,NSML,2022-08-02-01,2022-06-14-13,0.2053762604428939
SMDVR,Geometry,82,NSML,2022-08-02-01,2022-06-14-13,0.1726974899267973
URXR,Geometry,82,NSML,2022-08-02-01,2022-06-14-13,0.16903012894702568
RIAR,Geometry,82,NSML,2022-08-02-01,2022-06-14-13,0.17035711108154275
AVAR,Geometry,82,NSML,2022-08-02-01,2022-06-14-13,0.16557318358468437
SAAVL,Geometry,82,NSML,2022-08-02-01,2022-06-14-13,0.18388977744154195
CEPDR,Geometry,82,NSML,2022-08-02-01,2022-06-14-13,0.1563690388675541
URXL,Geometry,82,NSML,2022-08-02-01,2022-06-14-13,0.16165789656269192
CEPDL,Geometry,82,NSML,2022-08-02-01,2022-06-14-13,0.14654653329430872
SMDDR,Geometry,82,NSML,2022-08-02-01,2022-06-14-13,0.12547751703575438
RMEV,Geometry,82,NSML,2022-08-02-01,2022-06-14-13,0.1266424261899862
RIAL,Geometry,82,NSML,2022-08-02-01,2022-06-14-13,0.13749914542532993
AVER,Geometry,82,NSML,2022-08-02-01,2022-06-14-13,0.11069463455777072
AWAR,Geometry,82,NSML,2022-08-02-01,2022-06-14-13,0.07793293212059496
SMDVL,Geometry,82,NSML,2022-08-02-01,2022-06-14-13,0.09401696023941955
AVAL,Geometry,82,NSML,2022-08-02-01,2022-06-14-13,0.08279726306537867
RMDL,Geometry,82,NSML,2022-08-02-01,2022-06-14-13,0.04695338206467786
AIBR,Geometry,82,NSML,2022-08-02-01,2022-06-14-13,0.032911828710108386
ASGR,Geometry,82,NSML,2022-08-02-01,2022-06-14-13,0.015099998066441574
AVL,Geometry,82,NSML,2022-08-02-01,2022-06-14-13,-0.02713326681708783
AVEL,Geometry,82,NSML,2022-08-02-01,2022-06-14-13,-0.0012383295709031976
ASGL,Geometry,82,NSML,2022-08-02-01,2022-06-14-13,-0.02251080141101855
ASHL,Geometry,82,NSML,2022-08-02-01,2022-06-14-13,-0.046941255338693144
AIBL,Geometry,82,NSML,2022-08-02-01,2022-06-14-13,-0.05579227440587344
AVHL,Geometry,82,NSML,2022-08-02-01,2022-06-14-13,-0.07531754977311686
AWBL,Geometry,82,NSML,2022-08-02-01,2022-06-14-13,-0.08596803599893767
RIVL,Geometry,82,NSML,2022-08-02-01,2022-06-14-13,-0.06925424042928226
AWCL,Geometry,82,NSML,2022-08-02-01,2022-06-14-13,-0.09962483117115632
SMDDL,Geometry,82,NSML,2022-08-02-01,2022-06-14-13,-0.13615082434443737
AVJR,Geometry,82,NSML,2022-08-02-01,2022-06-14-13,-0.10608332264734706
AIZL,Geometry,82,NSML,2022-08-02-01,2022-06-14-13,-0.10563554510580926
RIBL,Geometry,82,NSML,2022-08-02-01,2022-06-14-13,-0.13445230114188653
ASEL,Geometry,82,NSML,2022-08-02-01,2022-06-14-13,-0.1313146003455297
AVDR,Geometry,82,NSML,2022-08-02-01,2022-06-14-13,-0.12529052271304406
AVDL,Geometry,82,NSML,2022-08-02-01,2022-06-14-13,-0.13922982777380033
AVJL,Geometry,82,NSML,2022-08-02-01,2022-06-14-13,-0.12246917616618622
RIVR,Geometry,82,NSML,2022-08-02-01,2022-06-14-13,-0.1494295264690885
AIZR,Geometry,82,NSML,2022-08-02-01,2022-06-14-13,-0.17281342900557808
AUAR,Geometry,82,NSML,2022-08-02-01,2022-06-14-13,-0.2363833050119519
AUAL,Geometry,82,NSML,2022-08-02-01,2022-06-14-13,-0.21757739448517727
RICR,Geometry,82,NSML,2022-08-02-01,2022-06-14-13,-0.21378677941691815
RICL,Geometry,82,NSML,2022-08-02-01,2022-06-14-13,-0.26728951628602915
M5,Geometry,82,NSML,2022-08-02-01,2022-06-14-13,-0.2894566506158425
AIML,Geometry,82,NSML,2022-08-02-01,2022-06-14-13,-0.9042497965462024
AIMR,Geometry,82,NSML,2022-08-02-01,2022-06-14-13,-0.3459074138179333
FLPL,Geometry,82,NSML,2022-08-02-01,2022-06-14-13,-0.33703340906551055
ADEL,Geometry,82,NSML,2022-08-02-01,2022-06-14-13,-0.3326000065860928
VB02,Geometry,82,NSML,2022-08-02-01,2022-06-14-13,-0.3675973763146896
ADAL,Geometry,82,NSML,2022-08-02-01,2022-06-14-13,-0.33542873011189306
I1R,Geometry,82,M4,2022-08-02-01,2022-06-14-13,0.3044702512366742
IL2DL,Geometry,82,M4,2022-08-02-01,2022-06-14-13,0.3259267018198273
I2R,Geometry,82,M4,2022-08-02-01,2022-06-14-13,0.3077380481225811
I3,Geometry,82,M4,2022-08-02-01,2022-06-14-13,0.3249437909961073
NSMR,Geometry,82,M4,2022-08-02-01,2022-06-14-13,0.31094938759520163
I2L,Geometry,82,M4,2022-08-02-01,2022-06-14-13,0.3057728866441597
MCL,Geometry,82,M4,2022-08-02-01,2022-06-14-13,0.30921003995251417
NSML,Geometry,82,M4,2022-08-02-01,2022-06-14-13,0.308677373722525
M4,Geometry,83,M4,2022-08-02-01,2022-06-14-13,0.3313720843075917
M3R,Geometry,82,M4,2022-08-02-01,2022-06-14-13,0.3227600505112908
M3L,Geometry,82,M4,2022-08-02-01,2022-06-14-13,0.31887036246181305
IL2VL,Geometry,82,M4,2022-08-02-01,2022-06-14-13,0.31533363060870223
IL1R,Geometry,82,M4,2022-08-02-01,2022-06-14-13,0.3337585435946616
OLLL,Geometry,82,M4,2022-08-02-01,2022-06-14-13,0.3358116394074879
IL2L,Geometry,82,M4,2022-08-02-01,2022-06-14-13,0.33122400826882575
URBR,Geometry,82,M4,2022-08-02-01,2022-06-14-13,0.3339759070560988
OLLR,Geometry,82,M4,2022-08-02-01,2022-06-14-13,0.3372982874554318
IL1DL,Geometry,82,M4,2022-08-02-01,2022-06-14-13,0.33979541319482104
IL1DR,Geometry,82,M4,2022-08-02-01,2022-06-14-13,0.33871384689444173
URYVR,Geometry,82,M4,2022-08-02-01,2022-06-14-13,0.32527207139873987
IL2R,Geometry,82,M4,2022-08-02-01,2022-06-14-13,0.31793271275736945
URYDL,Geometry,82,M4,2022-08-02-01,2022-06-14-13,0.33572780214657916
IL1L,Geometry,82,M4,2022-08-02-01,2022-06-14-13,0.3249897676079144
URBL,Geometry,82,M4,2022-08-02-01,2022-06-14-13,0.32399149463272026
OLQDR,Geometry,82,M4,2022-08-02-01,2022-06-14-13,0.3262634693645945
OLQDL,Geometry,82,M4,2022-08-02-01,2022-06-14-13,0.3274903904598447
RMER,Geometry,82,M4,2022-08-02-01,2022-06-14-13,0.31804020977196734
OLQVR,Geometry,82,M4,2022-08-02-01,2022-06-14-13,0.3107041040562367
URYVL,Geometry,82,M4,2022-08-02-01,2022-06-14-13,0.3109742368420857
RMED,Geometry,82,M4,2022-08-02-01,2022-06-14-13,0.3014402691882323
RMEL,Geometry,82,M4,2022-08-02-01,2022-06-14-13,0.2927047344107057
CEPVR,Geometry,82,M4,2022-08-02-01,2022-06-14-13,0.2798245542821842
OLQVL,Geometry,82,M4,2022-08-02-01,2022-06-14-13,0.2817353542588886
CEPVL,Geometry,82,M4,2022-08-02-01,2022-06-14-13,0.23708497900501327
SAAVR,Geometry,82,M4,2022-08-02-01,2022-06-14-13,0.23364488112271617
RID,Geometry,82,M4,2022-08-02-01,2022-06-14-13,0.2342722336845315
SMDVR,Geometry,82,M4,2022-08-02-01,2022-06-14-13,0.20244822626074863
URXR,Geometry,82,M4,2022-08-02-01,2022-06-14-13,0.20009441978728548
RIAR,Geometry,82,M4,2022-08-02-01,2022-06-14-13,0.19970118269965279
AVAR,Geometry,82,M4,2022-08-02-01,2022-06-14-13,0.19248354598495707
SAAVL,Geometry,82,M4,2022-08-02-01,2022-06-14-13,0.20906458735170225
CEPDR,Geometry,82,M4,2022-08-02-01,2022-06-14-13,0.18849869934210745
URXL,Geometry,82,M4,2022-08-02-01,2022-06-14-13,0.19262389625894796
CEPDL,Geometry,82,M4,2022-08-02-01,2022-06-14-13,0.17779305907692047
SMDDR,Geometry,82,M4,2022-08-02-01,2022-06-14-13,0.14645845644802133
RMEV,Geometry,82,M4,2022-08-02-01,2022-06-14-13,0.14748542425687428
RIAL,Geometry,82,M4,2022-08-02-01,2022-06-14-13,0.16629891818259745
AVER,Geometry,82,M4,2022-08-02-01,2022-06-14-13,0.1393164517086506
AWAR,Geometry,82,M4,2022-08-02-01,2022-06-14-13,0.11262393663952809
SMDVL,Geometry,82,M4,2022-08-02-01,2022-06-14-13,0.12697765170557704
AVAL,Geometry,82,M4,2022-08-02-01,2022-06-14-13,0.10976847125561474
RMDL,Geometry,82,M4,2022-08-02-01,2022-06-14-13,0.07385460840500249
AIBR,Geometry,82,M4,2022-08-02-01,2022-06-14-13,0.06608691494303238
ASGR,Geometry,82,M4,2022-08-02-01,2022-06-14-13,0.05148830316551396
AVL,Geometry,82,M4,2022-08-02-01,2022-06-14-13,-0.0003025060075680332
AVEL,Geometry,82,M4,2022-08-02-01,2022-06-14-13,0.028044786434644323
ASGL,Geometry,82,M4,2022-08-02-01,2022-06-14-13,0.009877660824532635
ASHL,Geometry,82,M4,2022-08-02-01,2022-06-14-13,-0.01678301741274505
AIBL,Geometry,82,M4,2022-08-02-01,2022-06-14-13,-0.01563499315027329
AVHL,Geometry,82,M4,2022-08-02-01,2022-06-14-13,-0.043393537910875274
AWBL,Geometry,82,M4,2022-08-02-01,2022-06-14-13,-0.056039544845722905
RIVL,Geometry,82,M4,2022-08-02-01,2022-06-14-13,-0.034046995254011156
AWCL,Geometry,82,M4,2022-08-02-01,2022-06-14-13,-0.07060929862554947
SMDDL,Geometry,82,M4,2022-08-02-01,2022-06-14-13,-0.10679779865009127
AVJR,Geometry,82,M4,2022-08-02-01,2022-06-14-13,-0.06833755063926607
AIZL,Geometry,82,M4,2022-08-02-01,2022-06-14-13,-0.0725499703429446
RIBL,Geometry,82,M4,2022-08-02-01,2022-06-14-13,-0.10403921702795439
ASEL,Geometry,82,M4,2022-08-02-01,2022-06-14-13,-0.10119215439194806
AVDR,Geometry,82,M4,2022-08-02-01,2022-06-14-13,-0.08827885124612798
AVDL,Geometry,82,M4,2022-08-02-01,2022-06-14-13,-0.10813747219473856
AVJL,Geometry,82,M4,2022-08-02-01,2022-06-14-13,-0.08697279597712142
RIVR,Geometry,82,M4,2022-08-02-01,2022-06-14-13,-0.1118230934757483
AIZR,Geometry,82,M4,2022-08-02-01,2022-06-14-13,-0.13644903864836952
AUAR,Geometry,82,M4,2022-08-02-01,2022-06-14-13,-0.20742232867611576
AUAL,Geometry,82,M4,2022-08-02-01,2022-06-14-13,-0.1886101538910004
RICR,Geometry,82,M4,2022-08-02-01,2022-06-14-13,-0.1789154777786825
RICL,Geometry,82,M4,2022-08-02-01,2022-06-14-13,-0.2378100233552671
M5,Geometry,82,M4,2022-08-02-01,2022-06-14-13,-0.25888703376204636
AIML,Geometry,82,M4,2022-08-02-01,2022-06-14-13,-0.832913293927091
AIMR,Geometry,82,M4,2022-08-02-01,2022-06-14-13,-0.31723067129068533
FLPL,Geometry,82,M4,2022-08-02-01,2022-06-14-13,-0.3095027962107464
ADEL,Geometry,82,M4,2022-08-02-01,2022-06-14-13,-0.30556682374881206
VB02,Geometry,82,M4,2022-08-02-01,2022-06-14-13,-0.34206490773708814
ADAL,Geometry,82,M4,2022-08-02-01,2022-06-14-13,-0.3094471559005148
I1R,Geometry,82,M3R,2022-08-02-01,2022-06-14-13,0.319442353071431
IL2DL,Geometry,82,M3R,2022-08-02-01,2022-06-14-13,0.3361404126728118
I2R,Geometry,82,M3R,2022-08-02-01,2022-06-14-13,0.32234425590267696
I3,Geometry,82,M3R,2022-08-02-01,2022-06-14-13,0.33502295753966904
NSMR,Geometry,82,M3R,2022-08-02-01,2022-06-14-13,0.3248412746561396
I2L,Geometry,82,M3R,2022-08-02-01,2022-06-14-13,0.31948536050674425
MCL,Geometry,82,M3R,2022-08-02-01,2022-06-14-13,0.322407350744817
NSML,Geometry,82,M3R,2022-08-02-01,2022-06-14-13,0.3218743469417106
M4,Geometry,82,M3R,2022-08-02-01,2022-06-14-13,0.3405832366885558
M3R,Geometry,83,M3R,2022-08-02-01,2022-06-14-13,0.33582580919495086
M3L,Geometry,82,M3R,2022-08-02-01,2022-06-14-13,0.3295848018045888
IL2VL,Geometry,82,M3R,2022-08-02-01,2022-06-14-13,0.32629287122179595
IL1R,Geometry,82,M3R,2022-08-02-01,2022-06-14-13,0.33879971662043457
OLLL,Geometry,82,M3R,2022-08-02-01,2022-06-14-13,0.3366150394173439
IL2L,Geometry,82,M3R,2022-08-02-01,2022-06-14-13,0.3335886010084765
URBR,Geometry,82,M3R,2022-08-02-01,2022-06-14-13,0.33580030656401294
OLLR,Geometry,82,M3R,2022-08-02-01,2022-06-14-13,0.33664295725599297
IL1DL,Geometry,82,M3R,2022-08-02-01,2022-06-14-13,0.3369031573494481
IL1DR,Geometry,82,M3R,2022-08-02-01,2022-06-14-13,0.33519901653128525
URYVR,Geometry,82,M3R,2022-08-02-01,2022-06-14-13,0.3283381333597677
IL2R,Geometry,82,M3R,2022-08-02-01,2022-06-14-13,0.32370610279729456
URYDL,Geometry,82,M3R,2022-08-02-01,2022-06-14-13,0.33203614943098797
IL1L,Geometry,82,M3R,2022-08-02-01,2022-06-14-13,0.3265224478245327
URBL,Geometry,82,M3R,2022-08-02-01,2022-06-14-13,0.32130860228454755
OLQDR,Geometry,82,M3R,2022-08-02-01,2022-06-14-13,0.3176606282087426
OLQDL,Geometry,82,M3R,2022-08-02-01,2022-06-14-13,0.31857915681750537
RMER,Geometry,82,M3R,2022-08-02-01,2022-06-14-13,0.31352908836206544
OLQVR,Geometry,82,M3R,2022-08-02-01,2022-06-14-13,0.3095552038421391
URYVL,Geometry,82,M3R,2022-08-02-01,2022-06-14-13,0.3102410982917241
RMED,Geometry,82,M3R,2022-08-02-01,2022-06-14-13,0.28700452277828
RMEL,Geometry,82,M3R,2022-08-02-01,2022-06-14-13,0.28500072423044265
CEPVR,Geometry,82,M3R,2022-08-02-01,2022-06-14-13,0.2763311015030341
OLQVL,Geometry,82,M3R,2022-08-02-01,2022-06-14-13,0.2764089990977341
CEPVL,Geometry,82,M3R,2022-08-02-01,2022-06-14-13,0.22933841581249143
SAAVR,Geometry,82,M3R,2022-08-02-01,2022-06-14-13,0.21799837120451784
RID,Geometry,82,M3R,2022-08-02-01,2022-06-14-13,0.212649281763002
SMDVR,Geometry,82,M3R,2022-08-02-01,2022-06-14-13,0.18292429806894636
URXR,Geometry,82,M3R,2022-08-02-01,2022-06-14-13,0.1786591664106612
RIAR,Geometry,82,M3R,2022-08-02-01,2022-06-14-13,0.18010563011758304
AVAR,Geometry,82,M3R,2022-08-02-01,2022-06-14-13,0.17608779218144988
SAAVL,Geometry,82,M3R,2022-08-02-01,2022-06-14-13,0.1896294162869972
CEPDR,Geometry,82,M3R,2022-08-02-01,2022-06-14-13,0.16672088602357543
URXL,Geometry,82,M3R,2022-08-02-01,2022-06-14-13,0.16957845580005643
CEPDL,Geometry,82,M3R,2022-08-02-01,2022-06-14-13,0.1539278231479259
SMDDR,Geometry,82,M3R,2022-08-02-01,2022-06-14-13,0.13552197065876626
RMEV,Geometry,82,M3R,2022-08-02-01,2022-06-14-13,0.13573581004628746
RIAL,Geometry,82,M3R,2022-08-02-01,2022-06-14-13,0.14456924269530858
AVER,Geometry,82,M3R,2022-08-02-01,2022-06-14-13,0.1223265130100211
AWAR,Geometry,82,M3R,2022-08-02-01,2022-06-14-13,0.09069219834902613
SMDVL,Geometry,82,M3R,2022-08-02-01,2022-06-14-13,0.10187722841992403
AVAL,Geometry,82,M3R,2022-08-02-01,2022-06-14-13,0.090211767321692
RMDL,Geometry,82,M3R,2022-08-02-01,2022-06-14-13,0.055182074267718394
AIBR,Geometry,82,M3R,2022-08-02-01,2022-06-14-13,0.046499592273409815
ASGR,Geometry,82,M3R,2022-08-02-01,2022-06-14-13,0.028990283116199892
AVL,Geometry,82,M3R,2022-08-02-01,2022-06-14-13,-0.013812884122498672
AVEL,Geometry,82,M3R,2022-08-02-01,2022-06-14-13,0.008044999668149052
ASGL,Geometry,82,M3R,2022-08-02-01,2022-06-14-13,-0.013541241136753899
ASHL,Geometry,82,M3R,2022-08-02-01,2022-06-14-13,-0.03859505599693488
AIBL,Geometry,82,M3R,2022-08-02-01,2022-06-14-13,-0.042576879079458806
AVHL,Geometry,82,M3R,2022-08-02-01,2022-06-14-13,-0.06571545218636445
AWBL,Geometry,82,M3R,2022-08-02-01,2022-06-14-13,-0.07652731029900568
RIVL,Geometry,82,M3R,2022-08-02-01,2022-06-14-13,-0.05904575668201849
AWCL,Geometry,82,M3R,2022-08-02-01,2022-06-14-13,-0.09064065745584679
SMDDL,Geometry,82,M3R,2022-08-02-01,2022-06-14-13,-0.12443346771921547
AVJR,Geometry,82,M3R,2022-08-02-01,2022-06-14-13,-0.0900156490431424
AIZL,Geometry,82,M3R,2022-08-02-01,2022-06-14-13,-0.09591240420439863
RIBL,Geometry,82,M3R,2022-08-02-01,2022-06-14-13,-0.1236515422516213
ASEL,Geometry,82,M3R,2022-08-02-01,2022-06-14-13,-0.12167263449601418
AVDR,Geometry,82,M3R,2022-08-02-01,2022-06-14-13,-0.10894095861218439
AVDL,Geometry,82,M3R,2022-08-02-01,2022-06-14-13,-0.12932885439243866
AVJL,Geometry,82,M3R,2022-08-02-01,2022-06-14-13,-0.1118157810858604
RIVR,Geometry,82,M3R,2022-08-02-01,2022-06-14-13,-0.1333640394117079
AIZR,Geometry,82,M3R,2022-08-02-01,2022-06-14-13,-0.15616768208604906
AUAR,Geometry,82,M3R,2022-08-02-01,2022-06-14-13,-0.22423276057668107
AUAL,Geometry,82,M3R,2022-08-02-01,2022-06-14-13,-0.20720198436434678
RICR,Geometry,82,M3R,2022-08-02-01,2022-06-14-13,-0.19726091996516842
RICL,Geometry,82,M3R,2022-08-02-01,2022-06-14-13,-0.2563572427217262
M5,Geometry,82,M3R,2022-08-02-01,2022-06-14-13,-0.27795396735246675
AIML,Geometry,82,M3R,2022-08-02-01,2022-06-14-13,-0.8808865573157685
AIMR,Geometry,82,M3R,2022-08-02-01,2022-06-14-13,-0.33166114455999846
FLPL,Geometry,82,M3R,2022-08-02-01,2022-06-14-13,-0.3262637079330524
ADEL,Geometry,82,M3R,2022-08-02-01,2022-06-14-13,-0.3219110325218744
VB02,Geometry,82,M3R,2022-08-02-01,2022-06-14-13,-0.3558277247371015
ADAL,Geometry,82,M3R,2022-08-02-01,2022-06-14-13,-0.3249849111492273
I1R,Geometry,82,M3L,2022-08-02-01,2022-06-14-13,0.31699779219841207
IL2DL,Geometry,82,M3L,2022-08-02-01,2022-06-14-13,0.3344843530379859
I2R,Geometry,82,M3L,2022-08-02-01,2022-06-14-13,0.31916137892967034
I3,Geometry,82,M3L,2022-08-02-01,2022-06-14-13,0.3333764262893817
NSMR,Geometry,82,M3L,2022-08-02-01,2022-06-14-13,0.32188212720637177
I2L,Geometry,82,M3L,2022-08-02-01,2022-06-14-13,0.3183451446144732
MCL,Geometry,82,M3L,2022-08-02-01,2022-06-14-13,0.321027763496
NSML,Geometry,82,M3L,2022-08-02-01,2022-06-14-13,0.3207212766719131
M4,Geometry,82,M3L,2022-08-02-01,2022-06-14-13,0.33909739704203984
M3R,Geometry,82,M3L,2022-08-02-01,2022-06-14-13,0.33091817317037897
M3L,Geometry,83,M3L,2022-08-02-01,2022-06-14-13,0.33080723964315284
IL2VL,Geometry,82,M3L,2022-08-02-01,2022-06-14-13,0.32567590669339064
IL1R,Geometry,82,M3L,2022-08-02-01,2022-06-14-13,0.33559811986224924
OLLL,Geometry,82,M3L,2022-08-02-01,2022-06-14-13,0.33736431713127407
IL2L,Geometry,82,M3L,2022-08-02-01,2022-06-14-13,0.3345985951281476
URBR,Geometry,82,M3L,2022-08-02-01,2022-06-14-13,0.3327693359688463
OLLR,Geometry,82,M3L,2022-08-02-01,2022-06-14-13,0.3341630416319336
IL1DL,Geometry,82,M3L,2022-08-02-01,2022-06-14-13,0.3374854176894538
IL1DR,Geometry,82,M3L,2022-08-02-01,2022-06-14-13,0.3340032088854093
URYVR,Geometry,82,M3L,2022-08-02-01,2022-06-14-13,0.32580711881235724
IL2R,Geometry,82,M3L,2022-08-02-01,2022-06-14-13,0.32093296238143204
URYDL,Geometry,82,M3L,2022-08-02-01,2022-06-14-13,0.33324776989562793
IL1L,Geometry,82,M3L,2022-08-02-01,2022-06-14-13,0.32772570634136244
URBL,Geometry,82,M3L,2022-08-02-01,2022-06-14-13,0.3230409651766306
OLQDR,Geometry,82,M3L,2022-08-02-01,2022-06-14-13,0.31689252286250436
OLQDL,Geometry,82,M3L,2022-08-02-01,2022-06-14-13,0.31960296328778315
RMER,Geometry,82,M3L,2022-08-02-01,2022-06-14-13,0.311001139499188
OLQVR,Geometry,82,M3L,2022-08-02-01,2022-06-14-13,0.3068328982746085
URYVL,Geometry,82,M3L,2022-08-02-01,2022-06-14-13,0.31078279037818946
RMED,Geometry,82,M3L,2022-08-02-01,2022-06-14-13,0.2872951076903197
RMEL,Geometry,82,M3L,2022-08-02-01,2022-06-14-13,0.2873747917024743
CEPVR,Geometry,82,M3L,2022-08-02-01,2022-06-14-13,0.27449804317483095
OLQVL,Geometry,82,M3L,2022-08-02-01,2022-06-14-13,0.27708079952963266
CEPVL,Geometry,82,M3L,2022-08-02-01,2022-06-14-13,0.229409188319561
SAAVR,Geometry,82,M3L,2022-08-02-01,2022-06-14-13,0.2168676713540811
RID,Geometry,82,M3L,2022-08-02-01,2022-06-14-13,0.21420546456692247
SMDVR,Geometry,82,M3L,2022-08-02-01,2022-06-14-13,0.18223350618446693
URXR,Geometry,82,M3L,2022-08-02-01,2022-06-14-13,0.17900622181632164
RIAR,Geometry,82,M3L,2022-08-02-01,2022-06-14-13,0.1800722746886473
AVAR,Geometry,82,M3L,2022-08-02-01,2022-06-14-13,0.17486223603744747
SAAVL,Geometry,82,M3L,2022-08-02-01,2022-06-14-13,0.1929836896602061
CEPDR,Geometry,82,M3L,2022-08-02-01,2022-06-14-13,0.1667287853036131
URXL,Geometry,82,M3L,2022-08-02-01,2022-06-14-13,0.17206533526277717
CEPDL,Geometry,82,M3L,2022-08-02-01,2022-06-14-13,0.15742239814893133
SMDDR,Geometry,82,M3L,2022-08-02-01,2022-06-14-13,0.134646693901341
RMEV,Geometry,82,M3L,2022-08-02-01,2022-06-14-13,0.13580799815935676
RIAL,Geometry,82,M3L,2022-08-02-01,2022-06-14-13,0.14827896646846986
AVER,Geometry,82,M3L,2022-08-02-01,2022-06-14-13,0.12170253289953621
AWAR,Geometry,82,M3L,2022-08-02-01,2022-06-14-13,0.0905854296485327
SMDVL,Geometry,82,M3L,2022-08-02-01,2022-06-14-13,0.1063591318098582
AVAL,Geometry,82,M3L,2022-08-02-01,2022-06-14-13,0.09437295983779116
RMDL,Geometry,82,M3L,2022-08-02-01,2022-06-14-13,0.05916213413173331
AIBR,Geometry,82,M3L,2022-08-02-01,2022-06-14-13,0.04637142956436107
ASGR,Geometry,82,M3L,2022-08-02-01,2022-06-14-13,0.02941421305857522
AVL,Geometry,82,M3L,2022-08-02-01,2022-06-14-13,-0.014006286129095338
AVEL,Geometry,82,M3L,2022-08-02-01,2022-06-14-13,0.01228865170126416
ASGL,Geometry,82,M3L,2022-08-02-01,2022-06-14-13,-0.008164422383471242
ASHL,Geometry,82,M3L,2022-08-02-01,2022-06-14-13,-0.032758547483083204
AIBL,Geometry,82,M3L,2022-08-02-01,2022-06-14-13,-0.03975246309208446
AVHL,Geometry,82,M3L,2022-08-02-01,2022-06-14-13,-0.06035603872619873
AWBL,Geometry,82,M3L,2022-08-02-01,2022-06-14-13,-0.07126838692282102
RIVL,Geometry,82,M3L,2022-08-02-01,2022-06-14-13,-0.05377566728550045
AWCL,Geometry,82,M3L,2022-08-02-01,2022-06-14-13,-0.085033614186732
SMDDL,Geometry,82,M3L,2022-08-02-01,2022-06-14-13,-0.12077022010237659
AVJR,Geometry,82,M3L,2022-08-02-01,2022-06-14-13,-0.0900298918633067
AIZL,Geometry,82,M3L,2022-08-02-01,2022-06-14-13,-0.09019817845850847
RIBL,Geometry,82,M3L,2022-08-02-01,2022-06-14-13,-0.11907614183620613
ASEL,Geometry,82,M3L,2022-08-02-01,2022-06-14-13,-0.11617160677683075
AVDR,Geometry,82,M3L,2022-08-02-01,2022-06-14-13,-0.10915315537563673
AVDL,Geometry,82,M3L,2022-08-02-01,2022-06-14-13,-0.12381604245507222
AVJL,Geometry,82,M3L,2022-08-02-01,2022-06-14-13,-0.1063846849735544
RIVR,Geometry,82,M3L,2022-08-02-01,2022-06-14-13,-0.13295303884183035
AIZR,Geometry,82,M3L,2022-08-02-01,2022-06-14-13,-0.15640029582622653
AUAR,Geometry,82,M3L,2022-08-02-01,2022-06-14-13,-0.22032574092034454
AUAL,Geometry,82,M3L,2022-08-02-01,2022-06-14-13,-0.20196914808905336
RICR,Geometry,82,M3L,2022-08-02-01,2022-06-14-13,-0.19723325391764163
RICL,Geometry,82,M3L,2022-08-02-01,2022-06-14-13,-0.25138609008950247
M5,Geometry,82,M3L,2022-08-02-01,2022-06-14-13,-0.2736171331496033
AIML,Geometry,82,M3L,2022-08-02-01,2022-06-14-13,-0.872089226063735
AIMR,Geometry,82,M3L,2022-08-02-01,2022-06-14-13,-0.33022663059276175
FLPL,Geometry,82,M3L,2022-08-02-01,2022-06-14-13,-0.32210187230622256
ADEL,Geometry,82,M3L,2022-08-02-01,2022-06-14-13,-0.31810871060766527
VB02,Geometry,82,M3L,2022-08-02-01,2022-06-14-13,-0.3532251905385152
ADAL,Geometry,82,M3L,2022-08-02-01,2022-06-14-13,-0.32133047681865856
I1R,Geometry,82,IL2VL,2022-08-02-01,2022-06-14-13,0.2850271135022369
IL2DL,Geometry,82,IL2VL,2022-08-02-01,2022-06-14-13,0.30376132119182214
I2R,Geometry,82,IL2VL,2022-08-02-01,2022-06-14-13,0.2881909015405543
I3,Geometry,82,IL2VL,2022-08-02-01,2022-06-14-13,0.30349822448780095
NSMR,Geometry,82,IL2VL,2022-08-02-01,2022-06-14-13,0.2912874148879935
I2L,Geometry,82,IL2VL,2022-08-02-01,2022-06-14-13,0.2873982619889263
MCL,Geometry,82,IL2VL,2022-08-02-01,2022-06-14-13,0.29022507508434686
NSML,Geometry,82,IL2VL,2022-08-02-01,2022-06-14-13,0.29049245023711995
M4,Geometry,82,IL2VL,2022-08-02-01,2022-06-14-13,0.31084399795454326
M3R,Geometry,82,IL2VL,2022-08-02-01,2022-06-14-13,0.30316625427959176
M3L,Geometry,82,IL2VL,2022-08-02-01,2022-06-14-13,0.3016804699174809
IL2VL,Geometry,83,IL2VL,2022-08-02-01,2022-06-14-13,0.3016165412672796
IL1R,Geometry,82,IL2VL,2022-08-02-01,2022-06-14-13,0.31611471181002365
OLLL,Geometry,82,IL2VL,2022-08-02-01,2022-06-14-13,0.3193230544989482
IL2L,Geometry,82,IL2VL,2022-08-02-01,2022-06-14-13,0.31587393140467757
URBR,Geometry,82,IL2VL,2022-08-02-01,2022-06-14-13,0.31664800453367764
OLLR,Geometry,82,IL2VL,2022-08-02-01,2022-06-14-13,0.319258317942484
IL1DL,Geometry,82,IL2VL,2022-08-02-01,2022-06-14-13,0.32255828799946334
IL1DR,Geometry,82,IL2VL,2022-08-02-01,2022-06-14-13,0.32099993082428
URYVR,Geometry,82,IL2VL,2022-08-02-01,2022-06-14-13,0.3110196688839387
IL2R,Geometry,82,IL2VL,2022-08-02-01,2022-06-14-13,0.3066984785519087
URYDL,Geometry,82,IL2VL,2022-08-02-01,2022-06-14-13,0.31977419161198667
IL1L,Geometry,82,IL2VL,2022-08-02-01,2022-06-14-13,0.3121399926434225
URBL,Geometry,82,IL2VL,2022-08-02-01,2022-06-14-13,0.3111975167650891
OLQDR,Geometry,82,IL2VL,2022-08-02-01,2022-06-14-13,0.3105665639938366
OLQDL,Geometry,82,IL2VL,2022-08-02-01,2022-06-14-13,0.3127965680961917
RMER,Geometry,82,IL2VL,2022-08-02-01,2022-06-14-13,0.3042907292157478
OLQVR,Geometry,82,IL2VL,2022-08-02-01,2022-06-14-13,0.29911130833022
URYVL,Geometry,82,IL2VL,2022-08-02-01,2022-06-14-13,0.3013133800400795
RMED,Geometry,82,IL2VL,2022-08-02-01,2022-06-14-13,0.2885341866853209
RMEL,Geometry,82,IL2VL,2022-08-02-01,2022-06-14-13,0.28650944159813724
CEPVR,Geometry,82,IL2VL,2022-08-02-01,2022-06-14-13,0.273905877682845
OLQVL,Geometry,82,IL2VL,2022-08-02-01,2022-06-14-13,0.27653530410509364
CEPVL,Geometry,82,IL2VL,2022-08-02-01,2022-06-14-13,0.23656199835454783
SAAVR,Geometry,82,IL2VL,2022-08-02-01,2022-06-14-13,0.22851841399261727
RID,Geometry,82,IL2VL,2022-08-02-01,2022-06-14-13,0.22694494276042976
SMDVR,Geometry,82,IL2VL,2022-08-02-01,2022-06-14-13,0.19804654381988646
URXR,Geometry,82,IL2VL,2022-08-02-01,2022-06-14-13,0.19560317294354934
RIAR,Geometry,82,IL2VL,2022-08-02-01,2022-06-14-13,0.196560964758672
AVAR,Geometry,82,IL2VL,2022-08-02-01,2022-06-14-13,0.19122993371658423
SAAVL,Geometry,82,IL2VL,2022-08-02-01,2022-06-14-13,0.20805908274289414
CEPDR,Geometry,82,IL2VL,2022-08-02-01,2022-06-14-13,0.18448487311239348
URXL,Geometry,82,IL2VL,2022-08-02-01,2022-06-14-13,0.189851975569266
CEPDL,Geometry,82,IL2VL,2022-08-02-01,2022-06-14-13,0.1766525623395337
SMDDR,Geometry,82,IL2VL,2022-08-02-01,2022-06-14-13,0.15320859267526987
RMEV,Geometry,82,IL2VL,2022-08-02-01,2022-06-14-13,0.15431025723013037
RIAL,Geometry,82,IL2VL,2022-08-02-01,2022-06-14-13,0.1682972069475754
AVER,Geometry,82,IL2VL,2022-08-02-01,2022-06-14-13,0.14364277185157182
AWAR,Geometry,82,IL2VL,2022-08-02-01,2022-06-14-13,0.11547944069178567
SMDVL,Geometry,82,IL2VL,2022-08-02-01,2022-06-14-13,0.1301000810395823
AVAL,Geometry,82,IL2VL,2022-08-02-01,2022-06-14-13,0.11821993426996003
RMDL,Geometry,82,IL2VL,2022-08-02-01,2022-06-14-13,0.08527574453394303
AIBR,Geometry,82,IL2VL,2022-08-02-01,2022-06-14-13,0.07458374040842787
ASGR,Geometry,82,IL2VL,2022-08-02-01,2022-06-14-13,0.05904056187350876
AVL,Geometry,82,IL2VL,2022-08-02-01,2022-06-14-13,0.015313052225149925
AVEL,Geometry,82,IL2VL,2022-08-02-01,2022-06-14-13,0.041933492681199294
ASGL,Geometry,82,IL2VL,2022-08-02-01,2022-06-14-13,0.022813679008632595
ASHL,Geometry,82,IL2VL,2022-08-02-01,2022-06-14-13,-0.0014535169056952215
AIBL,Geometry,82,IL2VL,2022-08-02-01,2022-06-14-13,-0.006707344524619683
AVHL,Geometry,82,IL2VL,2022-08-02-01,2022-06-14-13,-0.027054975598697205
AWBL,Geometry,82,IL2VL,2022-08-02-01,2022-06-14-13,-0.03794913190721462
RIVL,Geometry,82,IL2VL,2022-08-02-01,2022-06-14-13,-0.02041566880966505
AWCL,Geometry,82,IL2VL,2022-08-02-01,2022-06-14-13,-0.05193087214663865
SMDDL,Geometry,82,IL2VL,2022-08-02-01,2022-06-14-13,-0.0856184404951132
AVJR,Geometry,82,IL2VL,2022-08-02-01,2022-06-14-13,-0.0554983433359193
AIZL,Geometry,82,IL2VL,2022-08-02-01,2022-06-14-13,-0.05602829616942768
RIBL,Geometry,82,IL2VL,2022-08-02-01,2022-06-14-13,-0.08385753847665384
ASEL,Geometry,82,IL2VL,2022-08-02-01,2022-06-14-13,-0.08154330796529571
AVDR,Geometry,82,IL2VL,2022-08-02-01,2022-06-14-13,-0.07408234644577741
AVDL,Geometry,82,IL2VL,2022-08-02-01,2022-06-14-13,-0.08871530732428966
AVJL,Geometry,82,IL2VL,2022-08-02-01,2022-06-14-13,-0.07131334905429196
RIVR,Geometry,82,IL2VL,2022-08-02-01,2022-06-14-13,-0.09709355738921785
AIZR,Geometry,82,IL2VL,2022-08-02-01,2022-06-14-13,-0.12030037790199079
AUAR,Geometry,82,IL2VL,2022-08-02-01,2022-06-14-13,-0.1830202573442818
AUAL,Geometry,82,IL2VL,2022-08-02-01,2022-06-14-13,-0.16573540831860586
RICR,Geometry,82,IL2VL,2022-08-02-01,2022-06-14-13,-0.16019412655320983
RICL,Geometry,82,IL2VL,2022-08-02-01,2022-06-14-13,-0.21438129625158583
M5,Geometry,82,IL2VL,2022-08-02-01,2022-06-14-13,-0.23662307073759709
AIML,Geometry,82,IL2VL,2022-08-02-01,2022-06-14-13,-0.7644106522002247
AIMR,Geometry,82,IL2VL,2022-08-02-01,2022-06-14-13,-0.2931494989071998
FLPL,Geometry,82,IL2VL,2022-08-02-01,2022-06-14-13,-0.28625410792060924
ADEL,Geometry,82,IL2VL,2022-08-02-01,2022-06-14-13,-0.2828965988988241
VB02,Geometry,82,IL2VL,2022-08-02-01,2022-06-14-13,-0.31780771804224955
ADAL,Geometry,82,IL2VL,2022-08-02-01,2022-06-14-13,-0.2866034490478827
I1R,Geometry,82,IL1R,2022-08-02-01,2022-06-14-13,0.2877056807724086
IL2DL,Geometry,82,IL1R,2022-08-02-01,2022-06-14-13,0.30812110197615505
I2R,Geometry,82,IL1R,2022-08-02-01,2022-06-14-13,0.29217784928712387
I3,Geometry,82,IL1R,2022-08-02-01,2022-06-14-13,0.30814560089870313
NSMR,Geometry,82,IL1R,2022-08-02-01,2022-06-14-13,0.2955639780444585
I2L,Geometry,82,IL1R,2022-08-02-01,2022-06-14-13,0.288856287855849
MCL,Geometry,82,IL1R,2022-08-02-01,2022-06-14-13,0.292377827686683
NSML,Geometry,82,IL1R,2022-08-02-01,2022-06-14-13,0.292279546244605
M4,Geometry,82,IL1R,2022-08-02-01,2022-06-14-13,0.31554619407728357
M3R,Geometry,82,IL1R,2022-08-02-01,2022-06-14-13,0.3095576527530371
M3L,Geometry,82,IL1R,2022-08-02-01,2022-06-14-13,0.3044949922748796
IL2VL,Geometry,82,IL1R,2022-08-02-01,2022-06-14-13,0.303168244179574
IL1R,Geometry,83,IL1R,2022-08-02-01,2022-06-14-13,0.3291047675232883
OLLL,Geometry,82,IL1R,2022-08-02-01,2022-06-14-13,0.3263259391049519
IL2L,Geometry,82,IL1R,2022-08-02-01,2022-06-14-13,0.32126142263981033
URBR,Geometry,82,IL1R,2022-08-02-01,2022-06-14-13,0.3301002838247136
OLLR,Geometry,82,IL1R,2022-08-02-01,2022-06-14-13,0.3332953200143215
IL1DL,Geometry,82,IL1R,2022-08-02-01,2022-06-14-13,0.33207555636447916
IL1DR,Geometry,82,IL1R,2022-08-02-01,2022-06-14-13,0.3340859405448738
URYVR,Geometry,82,IL1R,2022-08-02-01,2022-06-14-13,0.3224737331858212
IL2R,Geometry,82,IL1R,2022-08-02-01,2022-06-14-13,0.3163973924537506
URYDL,Geometry,82,IL1R,2022-08-02-01,2022-06-14-13,0.328311740595775
IL1L,Geometry,82,IL1R,2022-08-02-01,2022-06-14-13,0.317289582260371
URBL,Geometry,82,IL1R,2022-08-02-01,2022-06-14-13,0.3173976748575269
OLQDR,Geometry,82,IL1R,2022-08-02-01,2022-06-14-13,0.3246516890384145
OLQDL,Geometry,82,IL1R,2022-08-02-01,2022-06-14-13,0.3237037276117606
RMER,Geometry,82,IL1R,2022-08-02-01,2022-06-14-13,0.31916125735903056
OLQVR,Geometry,82,IL1R,2022-08-02-01,2022-06-14-13,0.3119157249555492
URYVL,Geometry,82,IL1R,2022-08-02-01,2022-06-14-13,0.307696996664125
RMED,Geometry,82,IL1R,2022-08-02-01,2022-06-14-13,0.3021090273659349
RMEL,Geometry,82,IL1R,2022-08-02-01,2022-06-14-13,0.2917823424356515
CEPVR,Geometry,82,IL1R,2022-08-02-01,2022-06-14-13,0.28421560754191255
OLQVL,Geometry,82,IL1R,2022-08-02-01,2022-06-14-13,0.2831379718639948
CEPVL,Geometry,82,IL1R,2022-08-02-01,2022-06-14-13,0.24339221768024175
SAAVR,Geometry,82,IL1R,2022-08-02-01,2022-06-14-13,0.2418382581092607
RID,Geometry,82,IL1R,2022-08-02-01,2022-06-14-13,0.23882209984593078
SMDVR,Geometry,82,IL1R,2022-08-02-01,2022-06-14-13,0.211658741008945
URXR,Geometry,82,IL1R,2022-08-02-01,2022-06-14-13,0.20825218977922283
RIAR,Geometry,82,IL1R,2022-08-02-01,2022-06-14-13,0.208666948705854
AVAR,Geometry,82,IL1R,2022-08-02-01,2022-06-14-13,0.20349742835654294
SAAVL,Geometry,82,IL1R,2022-08-02-01,2022-06-14-13,0.21407564915098895
CEPDR,Geometry,82,IL1R,2022-08-02-01,2022-06-14-13,0.19767913558068867
URXL,Geometry,82,IL1R,2022-08-02-01,2022-06-14-13,0.19908582405143313
CEPDL,Geometry,82,IL1R,2022-08-02-01,2022-06-14-13,0.18407879110899864
SMDDR,Geometry,82,IL1R,2022-08-02-01,2022-06-14-13,0.1603236304720092
RMEV,Geometry,82,IL1R,2022-08-02-01,2022-06-14-13,0.1600869287819623
RIAL,Geometry,82,IL1R,2022-08-02-01,2022-06-14-13,0.1735665851805563
AVER,Geometry,82,IL1R,2022-08-02-01,2022-06-14-13,0.15316385861454554
AWAR,Geometry,82,IL1R,2022-08-02-01,2022-06-14-13,0.12636078503868484
SMDVL,Geometry,82,IL1R,2022-08-02-01,2022-06-14-13,0.13506818500069254
AVAL,Geometry,82,IL1R,2022-08-02-01,2022-06-14-13,0.11996191965935839
RMDL,Geometry,82,IL1R,2022-08-02-01,2022-06-14-13,0.0861483582510581
AIBR,Geometry,82,IL1R,2022-08-02-01,2022-06-14-13,0.08291609841084165
ASGR,Geometry,82,IL1R,2022-08-02-01,2022-06-14-13,0.06783629077295347
AVL,Geometry,82,IL1R,2022-08-02-01,2022-06-14-13,0.019541519646864406
AVEL,Geometry,82,IL1R,2022-08-02-01,2022-06-14-13,0.04222672165225532
ASGL,Geometry,82,IL1R,2022-08-02-01,2022-06-14-13,0.0229563451168363
ASHL,Geometry,82,IL1R,2022-08-02-01,2022-06-14-13,-0.0032481228379699165
AIBL,Geometry,82,IL1R,2022-08-02-01,2022-06-14-13,-0.00023697808542208455
AVHL,Geometry,82,IL1R,2022-08-02-01,2022-06-14-13,-0.028205114196059262
AWBL,Geometry,82,IL1R,2022-08-02-01,2022-06-14-13,-0.040123861501504765
RIVL,Geometry,82,IL1R,2022-08-02-01,2022-06-14-13,-0.019610637453870764
AWCL,Geometry,82,IL1R,2022-08-02-01,2022-06-14-13,-0.05487194055175342
SMDDL,Geometry,82,IL1R,2022-08-02-01,2022-06-14-13,-0.08700363475411971
AVJR,Geometry,82,IL1R,2022-08-02-01,2022-06-14-13,-0.04810687818166623
AIZL,Geometry,82,IL1R,2022-08-02-01,2022-06-14-13,-0.057299358815212434
RIBL,Geometry,82,IL1R,2022-08-02-01,2022-06-14-13,-0.08581442254444016
ASEL,Geometry,82,IL1R,2022-08-02-01,2022-06-14-13,-0.084441373628539
AVDR,Geometry,82,IL1R,2022-08-02-01,2022-06-14-13,-0.06715548982890654
AVDL,Geometry,82,IL1R,2022-08-02-01,2022-06-14-13,-0.09128732961993516
AVJL,Geometry,82,IL1R,2022-08-02-01,2022-06-14-13,-0.07128343439434416
RIVR,Geometry,82,IL1R,2022-08-02-01,2022-06-14-13,-0.09092346281891193
AIZR,Geometry,82,IL1R,2022-08-02-01,2022-06-14-13,-0.11425388377314341
AUAR,Geometry,82,IL1R,2022-08-02-01,2022-06-14-13,-0.1858167028317183
AUAL,Geometry,82,IL1R,2022-08-02-01,2022-06-14-13,-0.1695507008526042
RICR,Geometry,82,IL1R,2022-08-02-01,2022-06-14-13,-0.15568496002168947
RICL,Geometry,82,IL1R,2022-08-02-01,2022-06-14-13,-0.2179490720040424
M5,Geometry,82,IL1R,2022-08-02-01,2022-06-14-13,-0.2390300442514815
AIML,Geometry,82,IL1R,2022-08-02-01,2022-06-14-13,-0.7496051992204259
AIMR,Geometry,82,IL1R,2022-08-02-01,2022-06-14-13,-0.2935930040894229
FLPL,Geometry,82,IL1R,2022-08-02-01,2022-06-14-13,-0.2897424183375395
ADEL,Geometry,82,IL1R,2022-08-02-01,2022-06-14-13,-0.2861363990889893
VB02,Geometry,82,IL1R,2022-08-02-01,2022-06-14-13,-0.3206748251460748
ADAL,Geometry,82,IL1R,2022-08-02-01,2022-06-14-13,-0.2901165740972373
I1R,Geometry,82,OLLL,2022-08-02-01,2022-06-14-13,0.2868212162922968
IL2DL,Geometry,82,OLLL,2022-08-02-01,2022-06-14-13,0.30820656289947473
I2R,Geometry,82,OLLL,2022-08-02-01,2022-06-14-13,0.29009400397629026
I3,Geometry,82,OLLL,2022-08-02-01,2022-06-14-13,0.30825032329964025
NSMR,Geometry,82,OLLL,2022-08-02-01,2022-06-14-13,0.293572949153267
I2L,Geometry,82,OLLL,2022-08-02-01,2022-06-14-13,0.2896189565471737
MCL,Geometry,82,OLLL,2022-08-02-01,2022-06-14-13,0.292688666736842
NSML,Geometry,82,OLLL,2022-08-02-01,2022-06-14-13,0.29298497333103624
M4,Geometry,82,OLLL,2022-08-02-01,2022-06-14-13,0.3156210522455418
M3R,Geometry,82,OLLL,2022-08-02-01,2022-06-14-13,0.3072964652565121
M3L,Geometry,82,OLLL,2022-08-02-01,2022-06-14-13,0.3056085482982973
IL2VL,Geometry,82,OLLL,2022-08-02-01,2022-06-14-13,0.3038657407929158
IL1R,Geometry,82,OLLL,2022-08-02-01,2022-06-14-13,0.32352745803020244
OLLL,Geometry,83,OLLL,2022-08-02-01,2022-06-14-13,0.33120092440341287
IL2L,Geometry,82,OLLL,2022-08-02-01,2022-06-14-13,0.32555880151880884
URBR,Geometry,82,OLLL,2022-08-02-01,2022-06-14-13,0.32539345087413046
OLLR,Geometry,82,OLLL,2022-08-02-01,2022-06-14-13,0.32930201308767626
IL1DL,Geometry,82,OLLL,2022-08-02-01,2022-06-14-13,0.3348410384558489
IL1DR,Geometry,82,OLLL,2022-08-02-01,2022-06-14-13,0.3325202469852462
URYVR,Geometry,82,OLLL,2022-08-02-01,2022-06-14-13,0.31851985411759215
IL2R,Geometry,82,OLLL,2022-08-02-01,2022-06-14-13,0.31227095320077064
URYDL,Geometry,82,OLLL,2022-08-02-01,2022-06-14-13,0.3323855490078006
IL1L,Geometry,82,OLLL,2022-08-02-01,2022-06-14-13,0.3215581090305783
URBL,Geometry,82,OLLL,2022-08-02-01,2022-06-14-13,0.3225454918128842
OLQDR,Geometry,82,OLLL,2022-08-02-01,2022-06-14-13,0.3228452313946265
OLQDL,Geometry,82,OLLL,2022-08-02-01,2022-06-14-13,0.3260709960408147
RMER,Geometry,82,OLLL,2022-08-02-01,2022-06-14-13,0.31405268352573423
OLQVR,Geometry,82,OLLL,2022-08-02-01,2022-06-14-13,0.30724822017245795
URYVL,Geometry,82,OLLL,2022-08-02-01,2022-06-14-13,0.31030126841479194
RMED,Geometry,82,OLLL,2022-08-02-01,2022-06-14-13,0.301200139441092
RMEL,Geometry,82,OLLL,2022-08-02-01,2022-06-14-13,0.2969816053490054
CEPVR,Geometry,82,OLLL,2022-08-02-01,2022-06-14-13,0.28091378350322
OLQVL,Geometry,82,OLLL,2022-08-02-01,2022-06-14-13,0.2851485460368316
CEPVL,Geometry,82,OLLL,2022-08-02-01,2022-06-14-13,0.24343225943009722
SAAVR,Geometry,82,OLLL,2022-08-02-01,2022-06-14-13,0.23742229703008036
RID,Geometry,82,OLLL,2022-08-02-01,2022-06-14-13,0.23870020107909232
SMDVR,Geometry,82,OLLL,2022-08-02-01,2022-06-14-13,0.20723376828700685
URXR,Geometry,82,OLLL,2022-08-02-01,2022-06-14-13,0.20557481757053284
RIAR,Geometry,82,OLLL,2022-08-02-01,2022-06-14-13,0.20569509149151113
AVAR,Geometry,82,OLLL,2022-08-02-01,2022-06-14-13,0.19866457810739666
SAAVL,Geometry,82,OLLL,2022-08-02-01,2022-06-14-13,0.21816008941390094
CEPDR,Geometry,82,OLLL,2022-08-02-01,2022-06-14-13,0.19403093650288245
URXL,Geometry,82,OLLL,2022-08-02-01,2022-06-14-13,0.20043822075890608
CEPDL,Geometry,82,OLLL,2022-08-02-01,2022-06-14-13,0.1871269589017488
SMDDR,Geometry,82,OLLL,2022-08-02-01,2022-06-14-13,0.15712007643185755
RMEV,Geometry,82,OLLL,2022-08-02-01,2022-06-14-13,0.15874102184854041
RIAL,Geometry,82,OLLL,2022-08-02-01,2022-06-14-13,0.17743387200580052
AVER,Geometry,82,OLLL,2022-08-02-01,2022-06-14-13,0.1493179569677863
AWAR,Geometry,82,OLLL,2022-08-02-01,2022-06-14-13,0.12254747995095006
SMDVL,Geometry,82,OLLL,2022-08-02-01,2022-06-14-13,0.1393754307145024
AVAL,Geometry,82,OLLL,2022-08-02-01,2022-06-14-13,0.12464462850685593
RMDL,Geometry,82,OLLL,2022-08-02-01,2022-06-14-13,0.09037136080236133
AIBR,Geometry,82,OLLL,2022-08-02-01,2022-06-14-13,0.079334563355757
ASGR,Geometry,82,OLLL,2022-08-02-01,2022-06-14-13,0.0647145473333809
AVL,Geometry,82,OLLL,2022-08-02-01,2022-06-14-13,0.016729366095473902
AVEL,Geometry,82,OLLL,2022-08-02-01,2022-06-14-13,0.046228411346167377
ASGL,Geometry,82,OLLL,2022-08-02-01,2022-06-14-13,0.028236837198226703
ASHL,Geometry,82,OLLL,2022-08-02-01,2022-06-14-13,0.0029634679182188426
AIBL,Geometry,82,OLLL,2022-08-02-01,2022-06-14-13,9.634714360519278e-05
AVHL,Geometry,82,OLLL,2022-08-02-01,2022-06-14-13,-0.023174876371449767
AWBL,Geometry,82,OLLL,2022-08-02-01,2022-06-14-13,-0.03507855924755042
RIVL,Geometry,82,OLLL,2022-08-02-01,2022-06-14-13,-0.015015101749189982
AWCL,Geometry,82,OLLL,2022-08-02-01,2022-06-14-13,-0.04915471337706611
SMDDL,Geometry,82,OLLL,2022-08-02-01,2022-06-14-13,-0.0845092896558616
AVJR,Geometry,82,OLLL,2022-08-02-01,2022-06-14-13,-0.05201428078136503
AIZL,Geometry,82,OLLL,2022-08-02-01,2022-06-14-13,-0.051887579288897874
RIBL,Geometry,82,OLLL,2022-08-02-01,2022-06-14-13,-0.08206791228595302
ASEL,Geometry,82,OLLL,2022-08-02-01,2022-06-14-13,-0.07921740844343506
AVDR,Geometry,82,OLLL,2022-08-02-01,2022-06-14-13,-0.07129264868019984
AVDL,Geometry,82,OLLL,2022-08-02-01,2022-06-14-13,-0.0861860510203147
AVJL,Geometry,82,OLLL,2022-08-02-01,2022-06-14-13,-0.06663663848940271
RIVR,Geometry,82,OLLL,2022-08-02-01,2022-06-14-13,-0.09416583238726636
AIZR,Geometry,82,OLLL,2022-08-02-01,2022-06-14-13,-0.11833181512021236
AUAR,Geometry,82,OLLL,2022-08-02-01,2022-06-14-13,-0.18326702021209298
AUAL,Geometry,82,OLLL,2022-08-02-01,2022-06-14-13,-0.16492939860690106
RICR,Geometry,82,OLLL,2022-08-02-01,2022-06-14-13,-0.15928445153457974
RICL,Geometry,82,OLLL,2022-08-02-01,2022-06-14-13,-0.21390979307338928
M5,Geometry,82,OLLL,2022-08-02-01,2022-06-14-13,-0.23605308338658396
AIML,Geometry,82,OLLL,2022-08-02-01,2022-06-14-13,-0.7353573377383312
AIMR,Geometry,82,OLLL,2022-08-02-01,2022-06-14-13,-0.29482169476401815
FLPL,Geometry,82,OLLL,2022-08-02-01,2022-06-14-13,-0.2868544823443842
ADEL,Geometry,82,OLLL,2022-08-02-01,2022-06-14-13,-0.2837178974914309
VB02,Geometry,82,OLLL,2022-08-02-01,2022-06-14-13,-0.32000777526018365
ADAL,Geometry,82,OLLL,2022-08-02-01,2022-06-14-13,-0.2878504705334202
I1R,Geometry,82,IL2L,2022-08-02-01,2022-06-14-13,0.28887819984589325
IL2DL,Geometry,82,IL2L,2022-08-02-01,2022-06-14-13,0.30954130500663346
I2R,Geometry,82,IL2L,2022-08-02-01,2022-06-14-13,0.2918592462507452
I3,Geometry,82,IL2L,2022-08-02-01,2022-06-14-13,0.3094978159621977
NSMR,Geometry,82,IL2L,2022-08-02-01,2022-06-14-13,0.29521989447620356
I2L,Geometry,82,IL2L,2022-08-02-01,2022-06-14-13,0.29170620744983494
MCL,Geometry,82,IL2L,2022-08-02-01,2022-06-14-13,0.29465129247885197
NSML,Geometry,82,IL2L,2022-08-02-01,2022-06-14-13,0.2949233743634672
M4,Geometry,82,IL2L,2022-08-02-01,2022-06-14-13,0.31670532687218006
M3R,Geometry,82,IL2L,2022-08-02-01,2022-06-14-13,0.308197571525411
M3L,Geometry,82,IL2L,2022-08-02-01,2022-06-14-13,0.3069598862996048
IL2VL,Geometry,82,IL2L,2022-08-02-01,2022-06-14-13,0.3050671834968041
IL1R,Geometry,82,IL2L,2022-08-02-01,2022-06-14-13,0.32252070773080443
OLLL,Geometry,82,IL2L,2022-08-02-01,2022-06-14-13,0.32909964336190933
IL2L,Geometry,83,IL2L,2022-08-02-01,2022-06-14-13,0.3266064639292207
URBR,Geometry,82,IL2L,2022-08-02-01,2022-06-14-13,0.3236338268322335
OLLR,Geometry,82,IL2L,2022-08-02-01,2022-06-14-13,0.32712100982290804
IL1DL,Geometry,82,IL2L,2022-08-02-01,2022-06-14-13,0.33294348761356224
IL1DR,Geometry,82,IL2L,2022-08-02-01,2022-06-14-13,0.33003051245519877
URYVR,Geometry,82,IL2L,2022-08-02-01,2022-06-14-13,0.3170847752023885
IL2R,Geometry,82,IL2L,2022-08-02-01,2022-06-14-13,0.3112672899194083
URYDL,Geometry,82,IL2L,2022-08-02-01,2022-06-14-13,0.330473606414658
IL1L,Geometry,82,IL2L,2022-08-02-01,2022-06-14-13,0.32126542982674644
URBL,Geometry,82,IL2L,2022-08-02-01,2022-06-14-13,0.32125429858243854
OLQDR,Geometry,82,IL2L,2022-08-02-01,2022-06-14-13,0.3194165305567179
OLQDL,Geometry,82,IL2L,2022-08-02-01,2022-06-14-13,0.32303962919618634
RMER,Geometry,82,IL2L,2022-08-02-01,2022-06-14-13,0.31094862945155954
OLQVR,Geometry,82,IL2L,2022-08-02-01,2022-06-14-13,0.3048285472753298
URYVL,Geometry,82,IL2L,2022-08-02-01,2022-06-14-13,0.30906339758843515
RMED,Geometry,82,IL2L,2022-08-02-01,2022-06-14-13,0.29706670417264763
RMEL,Geometry,82,IL2L,2022-08-02-01,2022-06-14-13,0.29483796016149316
CEPVR,Geometry,82,IL2L,2022-08-02-01,2022-06-14-13,0.27825870553622856
OLQVL,Geometry,82,IL2L,2022-08-02-01,2022-06-14-13,0.28292702264948544
CEPVL,Geometry,82,IL2L,2022-08-02-01,2022-06-14-13,0.24055626777081335
SAAVR,Geometry,82,IL2L,2022-08-02-01,2022-06-14-13,0.23278368347562847
RID,Geometry,82,IL2L,2022-08-02-01,2022-06-14-13,0.2338851322522168
SMDVR,Geometry,82,IL2L,2022-08-02-01,2022-06-14-13,0.2021546531423022
URXR,Geometry,82,IL2L,2022-08-02-01,2022-06-14-13,0.20050396214782423
RIAR,Geometry,82,IL2L,2022-08-02-01,2022-06-14-13,0.20079452584875312
AVAR,Geometry,82,IL2L,2022-08-02-01,2022-06-14-13,0.1939204905013818
SAAVL,Geometry,82,IL2L,2022-08-02-01,2022-06-14-13,0.21428085753623705
CEPDR,Geometry,82,IL2L,2022-08-02-01,2022-06-14-13,0.18882367150187332
URXL,Geometry,82,IL2L,2022-08-02-01,2022-06-14-13,0.19575910211314437
CEPDL,Geometry,82,IL2L,2022-08-02-01,2022-06-14-13,0.18264471725419976
SMDDR,Geometry,82,IL2L,2022-08-02-01,2022-06-14-13,0.1533795192612693
RMEV,Geometry,82,IL2L,2022-08-02-01,2022-06-14-13,0.1551801673103856
RIAL,Geometry,82,IL2L,2022-08-02-01,2022-06-14-13,0.1733691646390338
AVER,Geometry,82,IL2L,2022-08-02-01,2022-06-14-13,0.1447106083387713
AWAR,Geometry,82,IL2L,2022-08-02-01,2022-06-14-13,0.11738767200948816
SMDVL,Geometry,82,IL2L,2022-08-02-01,2022-06-14-13,0.13508857621520282
AVAL,Geometry,82,IL2L,2022-08-02-01,2022-06-14-13,0.12112259378907513
RMDL,Geometry,82,IL2L,2022-08-02-01,2022-06-14-13,0.08695666522648224
AIBR,Geometry,82,IL2L,2022-08-02-01,2022-06-14-13,0.07454652801017692
ASGR,Geometry,82,IL2L,2022-08-02-01,2022-06-14-13,0.05970058736818662
AVL,Geometry,82,IL2L,2022-08-02-01,2022-06-14-13,0.012870683206286874
AVEL,Geometry,82,IL2L,2022-08-02-01,2022-06-14-13,0.04276097037032543
ASGL,Geometry,82,IL2L,2022-08-02-01,2022-06-14-13,0.024660316209166026
ASHL,Geometry,82,IL2L,2022-08-02-01,2022-06-14-13,-0.00020506094998372641
AIBL,Geometry,82,IL2L,2022-08-02-01,2022-06-14-13,-0.0047473540796474445
AVHL,Geometry,82,IL2L,2022-08-02-01,2022-06-14-13,-0.026505438348210196
AWBL,Geometry,82,IL2L,2022-08-02-01,2022-06-14-13,-0.038156131060788454
RIVL,Geometry,82,IL2L,2022-08-02-01,2022-06-14-13,-0.018802169452548357
AWCL,Geometry,82,IL2L,2022-08-02-01,2022-06-14-13,-0.05207394154671213
SMDDL,Geometry,82,IL2L,2022-08-02-01,2022-06-14-13,-0.08768341917239111
AVJR,Geometry,82,IL2L,2022-08-02-01,2022-06-14-13,-0.05680603553994978
AIZL,Geometry,82,IL2L,2022-08-02-01,2022-06-14-13,-0.05522879472906502
RIBL,Geometry,82,IL2L,2022-08-02-01,2022-06-14-13,-0.08517167633577671
ASEL,Geometry,82,IL2L,2022-08-02-01,2022-06-14-13,-0.08215380412711866
AVDR,Geometry,82,IL2L,2022-08-02-01,2022-06-14-13,-0.07597107000502044
AVDL,Geometry,82,IL2L,2022-08-02-01,2022-06-14-13,-0.08920977620179021
AVJL,Geometry,82,IL2L,2022-08-02-01,2022-06-14-13,-0.07027957669577196
RIVR,Geometry,82,IL2L,2022-08-02-01,2022-06-14-13,-0.09873124473200441
AIZR,Geometry,82,IL2L,2022-08-02-01,2022-06-14-13,-0.122800167292234
AUAR,Geometry,82,IL2L,2022-08-02-01,2022-06-14-13,-0.1860960018218767
AUAL,Geometry,82,IL2L,2022-08-02-01,2022-06-14-13,-0.1676095549855457
RICR,Geometry,82,IL2L,2022-08-02-01,2022-06-14-13,-0.1634279467989564
RICL,Geometry,82,IL2L,2022-08-02-01,2022-06-14-13,-0.21657976119338201
M5,Geometry,82,IL2L,2022-08-02-01,2022-06-14-13,-0.2388592851603042
AIML,Geometry,82,IL2L,2022-08-02-01,2022-06-14-13,-0.7528066876377822
AIMR,Geometry,82,IL2L,2022-08-02-01,2022-06-14-13,-0.29773954813266973
FLPL,Geometry,82,IL2L,2022-08-02-01,2022-06-14-13,-0.28924052125505473
ADEL,Geometry,82,IL2L,2022-08-02-01,2022-06-14-13,-0.28606997044832205
VB02,Geometry,82,IL2L,2022-08-02-01,2022-06-14-13,-0.3222942520718798
ADAL,Geometry,82,IL2L,2022-08-02-01,2022-06-14-13,-0.2900847711612039
I1R,Geometry,82,URBR,2022-08-02-01,2022-06-14-13,0.2721449481913554
IL2DL,Geometry,82,URBR,2022-08-02-01,2022-06-14-13,0.29385697941223476
I2R,Geometry,82,URBR,2022-08-02-01,2022-06-14-13,0.2769442335017183
I3,Geometry,82,URBR,2022-08-02-01,2022-06-14-13,0.2941457788377367
NSMR,Geometry,82,URBR,2022-08-02-01,2022-06-14-13,0.28059686680785056
I2L,Geometry,82,URBR,2022-08-02-01,2022-06-14-13,0.27380966021151937
MCL,Geometry,82,URBR,2022-08-02-01,2022-06-14-13,0.27742728675870987
NSML,Geometry,82,URBR,2022-08-02-01,2022-06-14-13,0.2775419553398428
M4,Geometry,82,URBR,2022-08-02-01,2022-06-14-13,0.30223847097500844
M3R,Geometry,82,URBR,2022-08-02-01,2022-06-14-13,0.29603780731967133
M3L,Geometry,82,URBR,2022-08-02-01,2022-06-14-13,0.2912455326754991
IL2VL,Geometry,82,URBR,2022-08-02-01,2022-06-14-13,0.2906526649341362
IL1R,Geometry,82,URBR,2022-08-02-01,2022-06-14-13,0.3189069211832588
OLLL,Geometry,82,URBR,2022-08-02-01,2022-06-14-13,0.31876109657872864
IL2L,Geometry,82,URBR,2022-08-02-01,2022-06-14-13,0.31306331649075964
URBR,Geometry,83,URBR,2022-08-02-01,2022-06-14-13,0.32428153216158934
OLLR,Geometry,82,URBR,2022-08-02-01,2022-06-14-13,0.3275113377226424
IL1DL,Geometry,82,URBR,2022-08-02-01,2022-06-14-13,0.3266171013663527
IL1DR,Geometry,82,URBR,2022-08-02-01,2022-06-14-13,0.32987108486238476
URYVR,Geometry,82,URBR,2022-08-02-01,2022-06-14-13,0.31604527979958214
IL2R,Geometry,82,URBR,2022-08-02-01,2022-06-14-13,0.30948578146124134
URYDL,Geometry,82,URBR,2022-08-02-01,2022-06-14-13,0.3235424921833485
IL1L,Geometry,82,URBR,2022-08-02-01,2022-06-14-13,0.3104457610068923
URBL,Geometry,82,URBR,2022-08-02-01,2022-06-14-13,0.3130239119176805
OLQDR,Geometry,82,URBR,2022-08-02-01,2022-06-14-13,0.32408809652692483
OLQDL,Geometry,82,URBR,2022-08-02-01,2022-06-14-13,0.3228283977336938
RMER,Geometry,82,URBR,2022-08-02-01,2022-06-14-13,0.31763629865529824
OLQVR,Geometry,82,URBR,2022-08-02-01,2022-06-14-13,0.30893059638215975
URYVL,Geometry,82,URBR,2022-08-02-01,2022-06-14-13,0.30381238640988406
RMED,Geometry,82,URBR,2022-08-02-01,2022-06-14-13,0.3056836674037031
RMEL,Geometry,82,URBR,2022-08-02-01,2022-06-14-13,0.2927808067871798
CEPVR,Geometry,82,URBR,2022-08-02-01,2022-06-14-13,0.28455881226991303
OLQVL,Geometry,82,URBR,2022-08-02-01,2022-06-14-13,0.2838340211378855
CEPVL,Geometry,82,URBR,2022-08-02-01,2022-06-14-13,0.24769877669565976
SAAVR,Geometry,82,URBR,2022-08-02-01,2022-06-14-13,0.24971625904756722
RID,Geometry,82,URBR,2022-08-02-01,2022-06-14-13,0.2482051946108796
SMDVR,Geometry,82,URBR,2022-08-02-01,2022-06-14-13,0.22192199264724816
URXR,Geometry,82,URBR,2022-08-02-01,2022-06-14-13,0.21914536981497143
RIAR,Geometry,82,URBR,2022-08-02-01,2022-06-14-13,0.2191489608538974
AVAR,Geometry,82,URBR,2022-08-02-01,2022-06-14-13,0.21333862825517372
SAAVL,Geometry,82,URBR,2022-08-02-01,2022-06-14-13,0.22379407472993407
CEPDR,Geometry,82,URBR,2022-08-02-01,2022-06-14-13,0.2091010650502503
URXL,Geometry,82,URBR,2022-08-02-01,2022-06-14-13,0.21063826497269722
CEPDL,Geometry,82,URBR,2022-08-02-01,2022-06-14-13,0.19631041744019004
SMDDR,Geometry,82,URBR,2022-08-02-01,2022-06-14-13,0.1698746855100667
RMEV,Geometry,82,URBR,2022-08-02-01,2022-06-14-13,0.16971021466041888
RIAL,Geometry,82,URBR,2022-08-02-01,2022-06-14-13,0.1856615461551657
AVER,Geometry,82,URBR,2022-08-02-01,2022-06-14-13,0.16519801575649096
AWAR,Geometry,82,URBR,2022-08-02-01,2022-06-14-13,0.14051278650369156
SMDVL,Geometry,82,URBR,2022-08-02-01,2022-06-14-13,0.14924951483517576
AVAL,Geometry,82,URBR,2022-08-02-01,2022-06-14-13,0.13311847863680745
RMDL,Geometry,82,URBR,2022-08-02-01,2022-06-14-13,0.10004896480412477
AIBR,Geometry,82,URBR,2022-08-02-01,2022-06-14-13,0.09788282568351435
ASGR,Geometry,82,URBR,2022-08-02-01,2022-06-14-13,0.08390264705031632
AVL,Geometry,82,URBR,2022-08-02-01,2022-06-14-13,0.03378397440854833
AVEL,Geometry,82,URBR,2022-08-02-01,2022-06-14-13,0.057769362260118584
ASGL,Geometry,82,URBR,2022-08-02-01,2022-06-14-13,0.03966802443350897
ASHL,Geometry,82,URBR,2022-08-02-01,2022-06-14-13,0.013299167943932199
AIBL,Geometry,82,URBR,2022-08-02-01,2022-06-14-13,0.017969098291082466
AVHL,Geometry,82,URBR,2022-08-02-01,2022-06-14-13,-0.010762464765682449
AWBL,Geometry,82,URBR,2022-08-02-01,2022-06-14-13,-0.023026579289910167
RIVL,Geometry,82,URBR,2022-08-02-01,2022-06-14-13,-0.0016399863350208758
AWCL,Geometry,82,URBR,2022-08-02-01,2022-06-14-13,-0.037927144529622134
SMDDL,Geometry,82,URBR,2022-08-02-01,2022-06-14-13,-0.06967611871621278
AVJR,Geometry,82,URBR,2022-08-02-01,2022-06-14-13,-0.030309611387074085
AIZL,Geometry,82,URBR,2022-08-02-01,2022-06-14-13,-0.03929641474451519
RIBL,Geometry,82,URBR,2022-08-02-01,2022-06-14-13,-0.06811873975105737
ASEL,Geometry,82,URBR,2022-08-02-01,2022-06-14-13,-0.0668096863502372
AVDR,Geometry,82,URBR,2022-08-02-01,2022-06-14-13,-0.049320443560484886
AVDL,Geometry,82,URBR,2022-08-02-01,2022-06-14-13,-0.07332943799606391
AVJL,Geometry,82,URBR,2022-08-02-01,2022-06-14-13,-0.0526537452764027
RIVR,Geometry,82,URBR,2022-08-02-01,2022-06-14-13,-0.07262780184436478
AIZR,Geometry,82,URBR,2022-08-02-01,2022-06-14-13,-0.09617282071375553
AUAR,Geometry,82,URBR,2022-08-02-01,2022-06-14-13,-0.16779111464328822
AUAL,Geometry,82,URBR,2022-08-02-01,2022-06-14-13,-0.1515993051165315
RICR,Geometry,82,URBR,2022-08-02-01,2022-06-14-13,-0.1374721486066225
RICL,Geometry,82,URBR,2022-08-02-01,2022-06-14-13,-0.1996768532403931
M5,Geometry,82,URBR,2022-08-02-01,2022-06-14-13,-0.22065644635479656
AIML,Geometry,82,URBR,2022-08-02-01,2022-06-14-13,-0.6621644499737844
AIMR,Geometry,82,URBR,2022-08-02-01,2022-06-14-13,-0.2760574902115887
FLPL,Geometry,82,URBR,2022-08-02-01,2022-06-14-13,-0.2722627418844158
ADEL,Geometry,82,URBR,2022-08-02-01,2022-06-14-13,-0.26900257990361315
VB02,Geometry,82,URBR,2022-08-02-01,2022-06-14-13,-0.3039439348736853
ADAL,Geometry,82,URBR,2022-08-02-01,2022-06-14-13,-0.2733321839780203
I1R,Geometry,82,OLLR,2022-08-02-01,2022-06-14-13,0.2609328695931621
IL2DL,Geometry,82,OLLR,2022-08-02-01,2022-06-14-13,0.28369044380259273
I2R,Geometry,82,OLLR,2022-08-02-01,2022-06-14-13,0.2658908257510957
I3,Geometry,82,OLLR,2022-08-02-01,2022-06-14-13,0.284047623268658
NSMR,Geometry,82,OLLR,2022-08-02-01,2022-06-14-13,0.269715248369225
I2L,Geometry,82,OLLR,2022-08-02-01,2022-06-14-13,0.26296900109854515
MCL,Geometry,82,OLLR,2022-08-02-01,2022-06-14-13,0.26663540509279693
NSML,Geometry,82,OLLR,2022-08-02-01,2022-06-14-13,0.2668890577261767
M4,Geometry,82,OLLR,2022-08-02-01,2022-06-14-13,0.2924896355170694
M3R,Geometry,82,OLLR,2022-08-02-01,2022-06-14-13,0.2860651971992606
M3L,Geometry,82,OLLR,2022-08-02-01,2022-06-14-13,0.28153890839987605
IL2VL,Geometry,82,OLLR,2022-08-02-01,2022-06-14-13,0.28141288594624386
IL1R,Geometry,82,OLLR,2022-08-02-01,2022-06-14-13,0.31179517675004453
OLLL,Geometry,82,OLLR,2022-08-02-01,2022-06-14-13,0.31306498471100624
IL2L,Geometry,82,OLLR,2022-08-02-01,2022-06-14-13,0.30689024821669786
URBR,Geometry,82,OLLR,2022-08-02-01,2022-06-14-13,0.31754081281593377
OLLR,Geometry,83,OLLR,2022-08-02-01,2022-06-14-13,0.3236790186513666
IL1DL,Geometry,82,OLLR,2022-08-02-01,2022-06-14-13,0.32250616546801947
IL1DR,Geometry,82,OLLR,2022-08-02-01,2022-06-14-13,0.32670282758107455
URYVR,Geometry,82,OLLR,2022-08-02-01,2022-06-14-13,0.31025918478910336
IL2R,Geometry,82,OLLR,2022-08-02-01,2022-06-14-13,0.30337864250349306
URYDL,Geometry,82,OLLR,2022-08-02-01,2022-06-14-13,0.31991213632389137
IL1L,Geometry,82,OLLR,2022-08-02-01,2022-06-14-13,0.305140686749473
URBL,Geometry,82,OLLR,2022-08-02-01,2022-06-14-13,0.3096185361140064
OLQDR,Geometry,82,OLLR,2022-08-02-01,2022-06-14-13,0.323440626721064
OLQDL,Geometry,82,OLLR,2022-08-02-01,2022-06-14-13,0.32208145872209787
RMER,Geometry,82,OLLR,2022-08-02-01,2022-06-14-13,0.31570127791533176
OLQVR,Geometry,82,OLLR,2022-08-02-01,2022-06-14-13,0.305848211596358
URYVL,Geometry,82,OLLR,2022-08-02-01,2022-06-14-13,0.3005100651598964
RMED,Geometry,82,OLLR,2022-08-02-01,2022-06-14-13,0.3082531745060719
RMEL,Geometry,82,OLLR,2022-08-02-01,2022-06-14-13,0.2931956315401069
CEPVR,Geometry,82,OLLR,2022-08-02-01,2022-06-14-13,0.2840052228446504
OLQVL,Geometry,82,OLLR,2022-08-02-01,2022-06-14-13,0.2838548512914295
CEPVL,Geometry,82,OLLR,2022-08-02-01,2022-06-14-13,0.2503188240076006
SAAVR,Geometry,82,OLLR,2022-08-02-01,2022-06-14-13,0.2551936608870222
RID,Geometry,82,OLLR,2022-08-02-01,2022-06-14-13,0.25527109220473915
SMDVR,Geometry,82,OLLR,2022-08-02-01,2022-06-14-13,0.2293569578434354
URXR,Geometry,82,OLLR,2022-08-02-01,2022-06-14-13,0.22718698133964743
RIAR,Geometry,82,OLLR,2022-08-02-01,2022-06-14-13,0.22678439810942916
AVAR,Geometry,82,OLLR,2022-08-02-01,2022-06-14-13,0.22026097867633332
SAAVL,Geometry,82,OLLR,2022-08-02-01,2022-06-14-13,0.23101400882316747
CEPDR,Geometry,82,OLLR,2022-08-02-01,2022-06-14-13,0.21749108358206615
URXL,Geometry,82,OLLR,2022-08-02-01,2022-06-14-13,0.21932464812846564
CEPDL,Geometry,82,OLLR,2022-08-02-01,2022-06-14-13,0.20554007448350423
SMDDR,Geometry,82,OLLR,2022-08-02-01,2022-06-14-13,0.17627747047188458
RMEV,Geometry,82,OLLR,2022-08-02-01,2022-06-14-13,0.17629519953472958
RIAL,Geometry,82,OLLR,2022-08-02-01,2022-06-14-13,0.19468085514651196
AVER,Geometry,82,OLLR,2022-08-02-01,2022-06-14-13,0.17372585079473932
AWAR,Geometry,82,OLLR,2022-08-02-01,2022-06-14-13,0.1508349776341654
SMDVL,Geometry,82,OLLR,2022-08-02-01,2022-06-14-13,0.1599165454832826
AVAL,Geometry,82,OLLR,2022-08-02-01,2022-06-14-13,0.1427631220658317
RMDL,Geometry,82,OLLR,2022-08-02-01,2022-06-14-13,0.11015967469809633
AIBR,Geometry,82,OLLR,2022-08-02-01,2022-06-14-13,0.1086309042819322
ASGR,Geometry,82,OLLR,2022-08-02-01,2022-06-14-13,0.09558052931618662
AVL,Geometry,82,OLLR,2022-08-02-01,2022-06-14-13,0.04371783438460338
AVEL,Geometry,82,OLLR,2022-08-02-01,2022-06-14-13,0.0690831370982349
ASGL,Geometry,82,OLLR,2022-08-02-01,2022-06-14-13,0.052008021196147024
ASHL,Geometry,82,OLLR,2022-08-02-01,2022-06-14-13,0.02545638565569773
AIBL,Geometry,82,OLLR,2022-08-02-01,2022-06-14-13,0.03142672573215198
AVHL,Geometry,82,OLLR,2022-08-02-01,2022-06-14-13,0.002004657797530389
AWBL,Geometry,82,OLLR,2022-08-02-01,2022-06-14-13,-0.010608270476815816
RIVL,Geometry,82,OLLR,2022-08-02-01,2022-06-14-13,0.011627744003388197
AWCL,Geometry,82,OLLR,2022-08-02-01,2022-06-14-13,-0.02562249025065415
SMDDL,Geometry,82,OLLR,2022-08-02-01,2022-06-14-13,-0.05734682957650184
AVJR,Geometry,82,OLLR,2022-08-02-01,2022-06-14-13,-0.017509747910767516
AIZL,Geometry,82,OLLR,2022-08-02-01,2022-06-14-13,-0.026074492702504403
RIBL,Geometry,82,OLLR,2022-08-02-01,2022-06-14-13,-0.05538010236586201
ASEL,Geometry,82,OLLR,2022-08-02-01,2022-06-14-13,-0.054026685403409935
AVDR,Geometry,82,OLLR,2022-08-02-01,2022-06-14-13,-0.036547648213436534
AVDL,Geometry,82,OLLR,2022-08-02-01,2022-06-14-13,-0.06028740259203863
AVJL,Geometry,82,OLLR,2022-08-02-01,2022-06-14-13,-0.038958290818467786
RIVR,Geometry,82,OLLR,2022-08-02-01,2022-06-14-13,-0.05950931677169286
AIZR,Geometry,82,OLLR,2022-08-02-01,2022-06-14-13,-0.0832752893629314
AUAR,Geometry,82,OLLR,2022-08-02-01,2022-06-14-13,-0.15505108676162388
AUAL,Geometry,82,OLLR,2022-08-02-01,2022-06-14-13,-0.13875311423917958
RICR,Geometry,82,OLLR,2022-08-02-01,2022-06-14-13,-0.12456976105361138
RICL,Geometry,82,OLLR,2022-08-02-01,2022-06-14-13,-0.18663337602382735
M5,Geometry,82,OLLR,2022-08-02-01,2022-06-14-13,-0.20750906494710306
AIML,Geometry,82,OLLR,2022-08-02-01,2022-06-14-13,-0.5870571299969874
AIMR,Geometry,82,OLLR,2022-08-02-01,2022-06-14-13,-0.26382080058898966
FLPL,Geometry,82,OLLR,2022-08-02-01,2022-06-14-13,-0.259833064507316
ADEL,Geometry,82,OLLR,2022-08-02-01,2022-06-14-13,-0.25681299987427075
VB02,Geometry,82,OLLR,2022-08-02-01,2022-06-14-13,-0.29221293766486195
ADAL,Geometry,82,OLLR,2022-08-02-01,2022-06-14-13,-0.26141705584411123
I1R,Geometry,82,IL1DL,2022-08-02-01,2022-06-14-13,0.27264631481452956
IL2DL,Geometry,82,IL1DL,2022-08-02-01,2022-06-14-13,0.29563662376021765
I2R,Geometry,82,IL1DL,2022-08-02-01,2022-06-14-13,0.27666352090385204
I3,Geometry,82,IL1DL,2022-08-02-01,2022-06-14-13,0.29575006509949553
NSMR,Geometry,82,IL1DL,2022-08-02-01,2022-06-14-13,0.28040863244642544
I2L,Geometry,82,IL1DL,2022-08-02-01,2022-06-14-13,0.27539612812583397
MCL,Geometry,82,IL1DL,2022-08-02-01,2022-06-14-13,0.27876579938125645
NSML,Geometry,82,IL1DL,2022-08-02-01,2022-06-14-13,0.2791087895838187
M4,Geometry,82,IL1DL,2022-08-02-01,2022-06-14-13,0.30356881171661726
M3R,Geometry,82,IL1DL,2022-08-02-01,2022-06-14-13,0.2958251340719366
M3L,Geometry,82,IL1DL,2022-08-02-01,2022-06-14-13,0.29317242870402005
IL2VL,Geometry,82,IL1DL,2022-08-02-01,2022-06-14-13,0.2921511444885486
IL1R,Geometry,82,IL1DL,2022-08-02-01,2022-06-14-13,0.3173655241305157
OLLL,Geometry,82,IL1DL,2022-08-02-01,2022-06-14-13,0.3232526949226838
IL2L,Geometry,82,IL1DL,2022-08-02-01,2022-06-14-13,0.3176300907441205
URBR,Geometry,82,IL1DL,2022-08-02-01,2022-06-14-13,0.32155273504783516
OLLR,Geometry,82,IL1DL,2022-08-02-01,2022-06-14-13,0.326635053897771
IL1DL,Geometry,83,IL1DL,2022-08-02-01,2022-06-14-13,0.33207767141182426
IL1DR,Geometry,82,IL1DL,2022-08-02-01,2022-06-14-13,0.3311389314857437
URYVR,Geometry,82,IL1DL,2022-08-02-01,2022-06-14-13,0.31424861758422257
IL2R,Geometry,82,IL1DL,2022-08-02-01,2022-06-14-13,0.3072677994745261
URYDL,Geometry,82,IL1DL,2022-08-02-01,2022-06-14-13,0.328918727520424
IL1L,Geometry,82,IL1DL,2022-08-02-01,2022-06-14-13,0.31461884284563185
URBL,Geometry,82,IL1DL,2022-08-02-01,2022-06-14-13,0.3184804656939183
OLQDR,Geometry,82,IL1DL,2022-08-02-01,2022-06-14-13,0.3254476435647268
OLQDL,Geometry,82,IL1DL,2022-08-02-01,2022-06-14-13,0.3273710203902981
RMER,Geometry,82,IL1DL,2022-08-02-01,2022-06-14-13,0.31567810520733164
OLQVR,Geometry,82,IL1DL,2022-08-02-01,2022-06-14-13,0.30693051502136925
URYVL,Geometry,82,IL1DL,2022-08-02-01,2022-06-14-13,0.30680446862089633
RMED,Geometry,82,IL1DL,2022-08-02-01,2022-06-14-13,0.3077600054202465
RMEL,Geometry,82,IL1DL,2022-08-02-01,2022-06-14-13,0.2977545928235107
CEPVR,Geometry,82,IL1DL,2022-08-02-01,2022-06-14-13,0.28314023049178355
OLQVL,Geometry,82,IL1DL,2022-08-02-01,2022-06-14-13,0.28628226191065786
CEPVL,Geometry,82,IL1DL,2022-08-02-01,2022-06-14-13,0.24840005683217026
SAAVR,Geometry,82,IL1DL,2022-08-02-01,2022-06-14-13,0.24824544138658217
RID,Geometry,82,IL1DL,2022-08-02-01,2022-06-14-13,0.25061088037920465
SMDVR,Geometry,82,IL1DL,2022-08-02-01,2022-06-14-13,0.22062347549128963
URXR,Geometry,82,IL1DL,2022-08-02-01,2022-06-14-13,0.21925620442416582
RIAR,Geometry,82,IL1DL,2022-08-02-01,2022-06-14-13,0.21879282576708747
AVAR,Geometry,82,IL1DL,2022-08-02-01,2022-06-14-13,0.21120256365413959
SAAVL,Geometry,82,IL1DL,2022-08-02-01,2022-06-14-13,0.22830054766332272
CEPDR,Geometry,82,IL1DL,2022-08-02-01,2022-06-14-13,0.20846893575469444
URXL,Geometry,82,IL1DL,2022-08-02-01,2022-06-14-13,0.21359165815026476
CEPDL,Geometry,82,IL1DL,2022-08-02-01,2022-06-14-13,0.20032843252521565
SMDDR,Geometry,82,IL1DL,2022-08-02-01,2022-06-14-13,0.16770706715385955
RMEV,Geometry,82,IL1DL,2022-08-02-01,2022-06-14-13,0.1689470123252218
RIAL,Geometry,82,IL1DL,2022-08-02-01,2022-06-14-13,0.1897618246086049
AVER,Geometry,82,IL1DL,2022-08-02-01,2022-06-14-13,0.16323842032543648
AWAR,Geometry,82,IL1DL,2022-08-02-01,2022-06-14-13,0.13900418587955427
SMDVL,Geometry,82,IL1DL,2022-08-02-01,2022-06-14-13,0.15368205187002362
AVAL,Geometry,82,IL1DL,2022-08-02-01,2022-06-14-13,0.13691392317855275
RMDL,Geometry,82,IL1DL,2022-08-02-01,2022-06-14-13,0.10316250106035582
AIBR,Geometry,82,IL1DL,2022-08-02-01,2022-06-14-13,0.09582922619276753
ASGR,Geometry,82,IL1DL,2022-08-02-01,2022-06-14-13,0.08241293532236822
AVL,Geometry,82,IL1DL,2022-08-02-01,2022-06-14-13,0.03125733375509504
AVEL,Geometry,82,IL1DL,2022-08-02-01,2022-06-14-13,0.06052506993181723
ASGL,Geometry,82,IL1DL,2022-08-02-01,2022-06-14-13,0.043572363456401836
ASHL,Geometry,82,IL1DL,2022-08-02-01,2022-06-14-13,0.017531102333871545
AIBL,Geometry,82,IL1DL,2022-08-02-01,2022-06-14-13,0.01895278108692904
AVHL,Geometry,82,IL1DL,2022-08-02-01,2022-06-14-13,-0.007463061921217309
AWBL,Geometry,82,IL1DL,2022-08-02-01,2022-06-14-13,-0.019990017140613697
RIVL,Geometry,82,IL1DL,2022-08-02-01,2022-06-14-13,0.0017594552090924413
AWCL,Geometry,82,IL1DL,2022-08-02-01,2022-06-14-13,-0.03449073230757099
SMDDL,Geometry,82,IL1DL,2022-08-02-01,2022-06-14-13,-0.0688787052448042
AVJR,Geometry,82,IL1DL,2022-08-02-01,2022-06-14-13,-0.032954302976868785
AIZL,Geometry,82,IL1DL,2022-08-02-01,2022-06-14-13,-0.035697210431798604
RIBL,Geometry,82,IL1DL,2022-08-02-01,2022-06-14-13,-0.06625392575040474
ASEL,Geometry,82,IL1DL,2022-08-02-01,2022-06-14-13,-0.0638143661459652
AVDR,Geometry,82,IL1DL,2022-08-02-01,2022-06-14-13,-0.05231341447272995
AVDL,Geometry,82,IL1DL,2022-08-02-01,2022-06-14-13,-0.07036966448134974
AVJL,Geometry,82,IL1DL,2022-08-02-01,2022-06-14-13,-0.04946339819651481
RIVR,Geometry,82,IL1DL,2022-08-02-01,2022-06-14-13,-0.07503219055505807
AIZR,Geometry,82,IL1DL,2022-08-02-01,2022-06-14-13,-0.09938118258737523
AUAR,Geometry,82,IL1DL,2022-08-02-01,2022-06-14-13,-0.16731429397352518
AUAL,Geometry,82,IL1DL,2022-08-02-01,2022-06-14-13,-0.14946039328180397
RICR,Geometry,82,IL1DL,2022-08-02-01,2022-06-14-13,-0.14067968223874472
RICL,Geometry,82,IL1DL,2022-08-02-01,2022-06-14-13,-0.19801868377140092
M5,Geometry,82,IL1DL,2022-08-02-01,2022-06-14-13,-0.21963380128334023
AIML,Geometry,82,IL1DL,2022-08-02-01,2022-06-14-13,-0.654210198661676
AIMR,Geometry,82,IL1DL,2022-08-02-01,2022-06-14-13,-0.2783894758671099
FLPL,Geometry,82,IL1DL,2022-08-02-01,2022-06-14-13,-0.27152695498978335
ADEL,Geometry,82,IL1DL,2022-08-02-01,2022-06-14-13,-0.26857659397541983
VB02,Geometry,82,IL1DL,2022-08-02-01,2022-06-14-13,-0.30502861551578003
ADAL,Geometry,82,IL1DL,2022-08-02-01,2022-06-14-13,-0.27308211159421564
I1R,Geometry,82,IL1DR,2022-08-02-01,2022-06-14-13,0.2797981786606944
IL2DL,Geometry,82,IL1DR,2022-08-02-01,2022-06-14-13,0.3020031172556805
I2R,Geometry,82,IL1DR,2022-08-02-01,2022-06-14-13,0.2840700868574893
I3,Geometry,82,IL1DR,2022-08-02-01,2022-06-14-13,0.3021054701702405
NSMR,Geometry,82,IL1DR,2022-08-02-01,2022-06-14-13,0.28771525654160923
I2L,Geometry,82,IL1DR,2022-08-02-01,2022-06-14-13,0.2818302032274295
MCL,Geometry,82,IL1DR,2022-08-02-01,2022-06-14-13,0.28532535037295903
NSML,Geometry,82,IL1DR,2022-08-02-01,2022-06-14-13,0.28545097457562274
M4,Geometry,82,IL1DR,2022-08-02-01,2022-06-14-13,0.3096109423232234
M3R,Geometry,82,IL1DR,2022-08-02-01,2022-06-14-13,0.3027282450573146
M3L,Geometry,82,IL1DR,2022-08-02-01,2022-06-14-13,0.29884701214162973
IL2VL,Geometry,82,IL1DR,2022-08-02-01,2022-06-14-13,0.29765634541181213
IL1R,Geometry,82,IL1DR,2022-08-02-01,2022-06-14-13,0.32338740826015067
OLLL,Geometry,82,IL1DR,2022-08-02-01,2022-06-14-13,0.3259273000854723
IL2L,Geometry,82,IL1DR,2022-08-02-01,2022-06-14-13,0.3203542602620929
URBR,Geometry,82,IL1DR,2022-08-02-01,2022-06-14-13,0.32715399904322995
OLLR,Geometry,82,IL1DR,2022-08-02-01,2022-06-14-13,0.33204057018378585
IL1DL,Geometry,82,IL1DR,2022-08-02-01,2022-06-14-13,0.33335787868813904
IL1DR,Geometry,83,IL1DR,2022-08-02-01,2022-06-14-13,0.3361927958166648
URYVR,Geometry,82,IL1DR,2022-08-02-01,2022-06-14-13,0.3193963424167909
IL2R,Geometry,82,IL1DR,2022-08-02-01,2022-06-14-13,0.3123600604278887
URYDL,Geometry,82,IL1DR,2022-08-02-01,2022-06-14-13,0.3303206989065109
IL1L,Geometry,82,IL1DR,2022-08-02-01,2022-06-14-13,0.31693709403591136
URBL,Geometry,82,IL1DR,2022-08-02-01,2022-06-14-13,0.3193334134567697
OLQDR,Geometry,82,IL1DR,2022-08-02-01,2022-06-14-13,0.3280970952237962
OLQDL,Geometry,82,IL1DR,2022-08-02-01,2022-06-14-13,0.32811094732756957
RMER,Geometry,82,IL1DR,2022-08-02-01,2022-06-14-13,0.31960962830991985
OLQVR,Geometry,82,IL1DR,2022-08-02-01,2022-06-14-13,0.3107994520335384
URYVL,Geometry,82,IL1DR,2022-08-02-01,2022-06-14-13,0.30839924903921956
RMED,Geometry,82,IL1DR,2022-08-02-01,2022-06-14-13,0.3079600509579879
RMEL,Geometry,82,IL1DR,2022-08-02-01,2022-06-14-13,0.29640465722233156
CEPVR,Geometry,82,IL1DR,2022-08-02-01,2022-06-14-13,0.28494446027404413
OLQVL,Geometry,82,IL1DR,2022-08-02-01,2022-06-14-13,0.2861047358427509
CEPVL,Geometry,82,IL1DR,2022-08-02-01,2022-06-14-13,0.24719466511741228
SAAVR,Geometry,82,IL1DR,2022-08-02-01,2022-06-14-13,0.24714928596130062
RID,Geometry,82,IL1DR,2022-08-02-01,2022-06-14-13,0.24738088279346673
SMDVR,Geometry,82,IL1DR,2022-08-02-01,2022-06-14-13,0.21833625198882065
URXR,Geometry,82,IL1DR,2022-08-02-01,2022-06-14-13,0.21606102765077634
RIAR,Geometry,82,IL1DR,2022-08-02-01,2022-06-14-13,0.21583926726763555
AVAR,Geometry,82,IL1DR,2022-08-02-01,2022-06-14-13,0.2091493762018919
SAAVL,Geometry,82,IL1DR,2022-08-02-01,2022-06-14-13,0.22322932004095572
CEPDR,Geometry,82,IL1DR,2022-08-02-01,2022-06-14-13,0.2053392287216665
URXL,Geometry,82,IL1DR,2022-08-02-01,2022-06-14-13,0.2086269162532355
CEPDL,Geometry,82,IL1DR,2022-08-02-01,2022-06-14-13,0.19442688151285184
SMDDR,Geometry,82,IL1DR,2022-08-02-01,2022-06-14-13,0.16504461341143478
RMEV,Geometry,82,IL1DR,2022-08-02-01,2022-06-14-13,0.1656060113783907
RIAL,Geometry,82,IL1DR,2022-08-02-01,2022-06-14-13,0.18358840165177703
AVER,Geometry,82,IL1DR,2022-08-02-01,2022-06-14-13,0.15963549531003196
AWAR,Geometry,82,IL1DR,2022-08-02-01,2022-06-14-13,0.13440418142534996
SMDVL,Geometry,82,IL1DR,2022-08-02-01,2022-06-14-13,0.1463721370119754
AVAL,Geometry,82,IL1DR,2022-08-02-01,2022-06-14-13,0.12989846681799794
RMDL,Geometry,82,IL1DR,2022-08-02-01,2022-06-14-13,0.0959070529975769
AIBR,Geometry,82,IL1DR,2022-08-02-01,2022-06-14-13,0.0906885623724517
ASGR,Geometry,82,IL1DR,2022-08-02-01,2022-06-14-13,0.07660273813588822
AVL,Geometry,82,IL1DR,2022-08-02-01,2022-06-14-13,0.02612719967681705
AVEL,Geometry,82,IL1DR,2022-08-02-01,2022-06-14-13,0.05254870564991857
ASGL,Geometry,82,IL1DR,2022-08-02-01,2022-06-14-13,0.03466683803496289
ASHL,Geometry,82,IL1DR,2022-08-02-01,2022-06-14-13,0.008372726808046373
AIBL,Geometry,82,IL1DR,2022-08-02-01,2022-06-14-13,0.011070688951275763
AVHL,Geometry,82,IL1DR,2022-08-02-01,2022-06-14-13,-0.0166453182880205
AWBL,Geometry,82,IL1DR,2022-08-02-01,2022-06-14-13,-0.02904662771678996
RIVL,Geometry,82,IL1DR,2022-08-02-01,2022-06-14-13,-0.007461290436538107
AWCL,Geometry,82,IL1DR,2022-08-02-01,2022-06-14-13,-0.04369321075677378
SMDDL,Geometry,82,IL1DR,2022-08-02-01,2022-06-14-13,-0.07719344683289182
AVJR,Geometry,82,IL1DR,2022-08-02-01,2022-06-14-13,-0.03933512929915833
AIZL,Geometry,82,IL1DR,2022-08-02-01,2022-06-14-13,-0.04522963178522758
RIBL,Geometry,82,IL1DR,2022-08-02-01,2022-06-14-13,-0.0751574053558793
ASEL,Geometry,82,IL1DR,2022-08-02-01,2022-06-14-13,-0.07316945631091029
AVDR,Geometry,82,IL1DR,2022-08-02-01,2022-06-14-13,-0.05862406183161594
AVDL,Geometry,82,IL1DR,2022-08-02-01,2022-06-14-13,-0.07981385446171074
AVJL,Geometry,82,IL1DR,2022-08-02-01,2022-06-14-13,-0.05897075210442803
RIVR,Geometry,82,IL1DR,2022-08-02-01,2022-06-14-13,-0.08185152401412883
AIZR,Geometry,82,IL1DR,2022-08-02-01,2022-06-14-13,-0.1057860939394299
AUAR,Geometry,82,IL1DR,2022-08-02-01,2022-06-14-13,-0.17595902769242272
AUAL,Geometry,82,IL1DR,2022-08-02-01,2022-06-14-13,-0.15874681931884482
RICR,Geometry,82,IL1DR,2022-08-02-01,2022-06-14-13,-0.14728822067950265
RICL,Geometry,82,IL1DR,2022-08-02-01,2022-06-14-13,-0.20722026921690131
M5,Geometry,82,IL1DR,2022-08-02-01,2022-06-14-13,-0.2284926945467889
AIML,Geometry,82,IL1DR,2022-08-02-01,2022-06-14-13,-0.6976993823014255
AIMR,Geometry,82,IL1DR,2022-08-02-01,2022-06-14-13,-0.28549204672626377
FLPL,Geometry,82,IL1DR,2022-08-02-01,2022-06-14-13,-0.2800094597067128
ADEL,Geometry,82,IL1DR,2022-08-02-01,2022-06-14-13,-0.2767739642403419
VB02,Geometry,82,IL1DR,2022-08-02-01,2022-06-14-13,-0.31249076884307375
ADAL,Geometry,82,IL1DR,2022-08-02-01,2022-06-14-13,-0.28110307769464316
I1R,Geometry,82,URYVR,2022-08-02-01,2022-06-14-13,0.3019694439962972
IL2DL,Geometry,82,URYVR,2022-08-02-01,2022-06-14-13,0.32091352952161556
I2R,Geometry,82,URYVR,2022-08-02-01,2022-06-14-13,0.3058362398573854
I3,Geometry,82,URYVR,2022-08-02-01,2022-06-14-13,0.3204266676881903
NSMR,Geometry,82,URYVR,2022-08-02-01,2022-06-14-13,0.3088253455802662
I2L,Geometry,82,URYVR,2022-08-02-01,2022-06-14-13,0.3026282705043481
MCL,Geometry,82,URYVR,2022-08-02-01,2022-06-14-13,0.30593325330879156
NSML,Geometry,82,URYVR,2022-08-02-01,2022-06-14-13,0.3056359995685172
M4,Geometry,82,URYVR,2022-08-02-01,2022-06-14-13,0.3270199253044871
M3R,Geometry,82,URYVR,2022-08-02-01,2022-06-14-13,0.32076893963592357
M3L,Geometry,82,URYVR,2022-08-02-01,2022-06-14-13,0.31602432091559524
IL2VL,Geometry,82,URYVR,2022-08-02-01,2022-06-14-13,0.31392854942244264
IL1R,Geometry,82,URYVR,2022-08-02-01,2022-06-14-13,0.33407016311685256
OLLL,Geometry,82,URYVR,2022-08-02-01,2022-06-14-13,0.33164597310862604
IL2L,Geometry,82,URYVR,2022-08-02-01,2022-06-14-13,0.32733092130968205
URBR,Geometry,82,URYVR,2022-08-02-01,2022-06-14-13,0.3344400462005076
OLLR,Geometry,82,URYVR,2022-08-02-01,2022-06-14-13,0.33644993361074543
IL1DL,Geometry,82,URYVR,2022-08-02-01,2022-06-14-13,0.33513130095633603
IL1DR,Geometry,82,URYVR,2022-08-02-01,2022-06-14-13,0.33592421276605194
URYVR,Geometry,83,URYVR,2022-08-02-01,2022-06-14-13,0.32854288239023055
IL2R,Geometry,82,URYVR,2022-08-02-01,2022-06-14-13,0.3213073505689674
URYDL,Geometry,82,URYVR,2022-08-02-01,2022-06-14-13,0.33066170864455663
IL1L,Geometry,82,URYVR,2022-08-02-01,2022-06-14-13,0.32192506420496086
URBL,Geometry,82,URYVR,2022-08-02-01,2022-06-14-13,0.3194634003143757
OLQDR,Geometry,82,URYVR,2022-08-02-01,2022-06-14-13,0.322653265180268
OLQDL,Geometry,82,URYVR,2022-08-02-01,2022-06-14-13,0.3219892325183036
RMER,Geometry,82,URYVR,2022-08-02-01,2022-06-14-13,0.3182483258710079
OLQVR,Geometry,82,URYVR,2022-08-02-01,2022-06-14-13,0.3126126609442042
URYVL,Geometry,82,URYVR,2022-08-02-01,2022-06-14-13,0.3092670258301877
RMED,Geometry,82,URYVR,2022-08-02-01,2022-06-14-13,0.29580916608711055
RMEL,Geometry,82,URYVR,2022-08-02-01,2022-06-14-13,0.28816968391560793
CEPVR,Geometry,82,URYVR,2022-08-02-01,2022-06-14-13,0.28137071979533246
OLQVL,Geometry,82,URYVR,2022-08-02-01,2022-06-14-13,0.27982611497730436
CEPVL,Geometry,82,URYVR,2022-08-02-01,2022-06-14-13,0.2362160543019006
SAAVR,Geometry,82,URYVR,2022-08-02-01,2022-06-14-13,0.23094079895764766
RID,Geometry,82,URYVR,2022-08-02-01,2022-06-14-13,0.22658435028350538
SMDVR,Geometry,82,URYVR,2022-08-02-01,2022-06-14-13,0.1984766742990943
URXR,Geometry,82,URYVR,2022-08-02-01,2022-06-14-13,0.19446248160800184
RIAR,Geometry,82,URYVR,2022-08-02-01,2022-06-14-13,0.19516435850428013
AVAR,Geometry,82,URYVR,2022-08-02-01,2022-06-14-13,0.1906052987746494
SAAVL,Geometry,82,URYVR,2022-08-02-01,2022-06-14-13,0.20143163331063862
CEPDR,Geometry,82,URYVR,2022-08-02-01,2022-06-14-13,0.18347776392865028
URXL,Geometry,82,URYVR,2022-08-02-01,2022-06-14-13,0.18466471636451365
CEPDL,Geometry,82,URYVR,2022-08-02-01,2022-06-14-13,0.16911328571594064
SMDDR,Geometry,82,URYVR,2022-08-02-01,2022-06-14-13,0.14778655719257636
RMEV,Geometry,82,URYVR,2022-08-02-01,2022-06-14-13,0.14746779545647032
RIAL,Geometry,82,URYVR,2022-08-02-01,2022-06-14-13,0.1586918011495248
AVER,Geometry,82,URYVR,2022-08-02-01,2022-06-14-13,0.13813270047004078
AWAR,Geometry,82,URYVR,2022-08-02-01,2022-06-14-13,0.10949594627399022
SMDVL,Geometry,82,URYVR,2022-08-02-01,2022-06-14-13,0.11843235814438423
AVAL,Geometry,82,URYVR,2022-08-02-01,2022-06-14-13,0.10430642287641595
RMDL,Geometry,82,URYVR,2022-08-02-01,2022-06-14-13,0.06992979160657664
AIBR,Geometry,82,URYVR,2022-08-02-01,2022-06-14-13,0.06536809002271937
ASGR,Geometry,82,URYVR,2022-08-02-01,2022-06-14-13,0.049478648022018255
AVL,Geometry,82,URYVR,2022-08-02-01,2022-06-14-13,0.002873701094268474
AVEL,Geometry,82,URYVR,2022-08-02-01,2022-06-14-13,0.02480540938878813
ASGL,Geometry,82,URYVR,2022-08-02-01,2022-06-14-13,0.004760416942329878
ASHL,Geometry,82,URYVR,2022-08-02-01,2022-06-14-13,-0.021031975800101285
AIBL,Geometry,82,URYVR,2022-08-02-01,2022-06-14-13,-0.019968091472659148
AVHL,Geometry,82,URYVR,2022-08-02-01,2022-06-14-13,-0.04660570549181933
AWBL,Geometry,82,URYVR,2022-08-02-01,2022-06-14-13,-0.05811909906643127
RIVL,Geometry,82,URYVR,2022-08-02-01,2022-06-14-13,-0.03864892291871382
AWCL,Geometry,82,URYVR,2022-08-02-01,2022-06-14-13,-0.07262495023797073
SMDDL,Geometry,82,URYVR,2022-08-02-01,2022-06-14-13,-0.10513621778741027
AVJR,Geometry,82,URYVR,2022-08-02-01,2022-06-14-13,-0.06717292482860339
AIZL,Geometry,82,URYVR,2022-08-02-01,2022-06-14-13,-0.07595555895928523
RIBL,Geometry,82,URYVR,2022-08-02-01,2022-06-14-13,-0.10407851043126569
ASEL,Geometry,82,URYVR,2022-08-02-01,2022-06-14-13,-0.10252137041160657
AVDR,Geometry,82,URYVR,2022-08-02-01,2022-06-14-13,-0.08612909511264787
AVDL,Geometry,82,URYVR,2022-08-02-01,2022-06-14-13,-0.10959954772992343
AVJL,Geometry,82,URYVR,2022-08-02-01,2022-06-14-13,-0.09049296018126966
RIVR,Geometry,82,URYVR,2022-08-02-01,2022-06-14-13,-0.11003621863890391
AIZR,Geometry,82,URYVR,2022-08-02-01,2022-06-14-13,-0.13309608502365103
AUAR,Geometry,82,URYVR,2022-08-02-01,2022-06-14-13,-0.20374758973459522
AUAL,Geometry,82,URYVR,2022-08-02-01,2022-06-14-13,-0.18730676557968007
RICR,Geometry,82,URYVR,2022-08-02-01,2022-06-14-13,-0.17429638283660417
RICL,Geometry,82,URYVR,2022-08-02-01,2022-06-14-13,-0.23561075878442747
M5,Geometry,82,URYVR,2022-08-02-01,2022-06-14-13,-0.25660327061182253
AIML,Geometry,82,URYVR,2022-08-02-01,2022-06-14-13,-0.8202782347332698
AIMR,Geometry,82,URYVR,2022-08-02-01,2022-06-14-13,-0.31037974668827384
FLPL,Geometry,82,URYVR,2022-08-02-01,2022-06-14-13,-0.3061390774915187
ADEL,Geometry,82,URYVR,2022-08-02-01,2022-06-14-13,-0.3022132717283859
VB02,Geometry,82,URYVR,2022-08-02-01,2022-06-14-13,-0.3363288925018052
ADAL,Geometry,82,URYVR,2022-08-02-01,2022-06-14-13,-0.30581010224740296
I1R,Geometry,82,IL2R,2022-08-02-01,2022-06-14-13,0.30824508868965783
IL2DL,Geometry,82,IL2R,2022-08-02-01,2022-06-14-13,0.32742724364788983
I2R,Geometry,82,IL2R,2022-08-02-01,2022-06-14-13,0.3119602709941327
I3,Geometry,82,IL2R,2022-08-02-01,2022-06-14-13,0.3264481975111213
NSMR,Geometry,82,IL2R,2022-08-02-01,2022-06-14-13,0.3148758783761326
I2L,Geometry,82,IL2R,2022-08-02-01,2022-06-14-13,0.3086926311734263
MCL,Geometry,82,IL2R,2022-08-02-01,2022-06-14-13,0.3120174186509998
NSML,Geometry,82,IL2R,2022-08-02-01,2022-06-14-13,0.31154963049870105
M4,Geometry,82,IL2R,2022-08-02-01,2022-06-14-13,0.332386490381484
M3R,Geometry,82,IL2R,2022-08-02-01,2022-06-14-13,0.3263243038614664
M3L,Geometry,82,IL2R,2022-08-02-01,2022-06-14-13,0.3212750810430318
IL2VL,Geometry,82,IL2R,2022-08-02-01,2022-06-14-13,0.31862412341342755
IL1R,Geometry,82,IL2R,2022-08-02-01,2022-06-14-13,0.3377005263874084
OLLL,Geometry,82,IL2R,2022-08-02-01,2022-06-14-13,0.33514693315948274
IL2L,Geometry,82,IL2R,2022-08-02-01,2022-06-14-13,0.3308086988057378
URBR,Geometry,82,IL2R,2022-08-02-01,2022-06-14-13,0.33733450490863087
OLLR,Geometry,82,IL2R,2022-08-02-01,2022-06-14-13,0.3393396922480931
IL1DL,Geometry,82,IL2R,2022-08-02-01,2022-06-14-13,0.33827284669281144
IL1DR,Geometry,82,IL2R,2022-08-02-01,2022-06-14-13,0.3386834284884101
URYVR,Geometry,82,IL2R,2022-08-02-01,2022-06-14-13,0.3291750131439742
IL2R,Geometry,83,IL2R,2022-08-02-01,2022-06-14-13,0.3251993374626737
URYDL,Geometry,82,IL2R,2022-08-02-01,2022-06-14-13,0.3334405763871083
IL1L,Geometry,82,IL2R,2022-08-02-01,2022-06-14-13,0.3245213970650737
URBL,Geometry,82,IL2R,2022-08-02-01,2022-06-14-13,0.32151157877249503
OLQDR,Geometry,82,IL2R,2022-08-02-01,2022-06-14-13,0.32431820136078715
OLQDL,Geometry,82,IL2R,2022-08-02-01,2022-06-14-13,0.32372605219101513
RMER,Geometry,82,IL2R,2022-08-02-01,2022-06-14-13,0.31930874480737426
OLQVR,Geometry,82,IL2R,2022-08-02-01,2022-06-14-13,0.31351086424128377
URYVL,Geometry,82,IL2R,2022-08-02-01,2022-06-14-13,0.3103635313978669
RMED,Geometry,82,IL2R,2022-08-02-01,2022-06-14-13,0.2963672195163745
RMEL,Geometry,82,IL2R,2022-08-02-01,2022-06-14-13,0.2877637622686468
CEPVR,Geometry,82,IL2R,2022-08-02-01,2022-06-14-13,0.280487263074714
OLQVL,Geometry,82,IL2R,2022-08-02-01,2022-06-14-13,0.27891401069123367
CEPVL,Geometry,82,IL2R,2022-08-02-01,2022-06-14-13,0.2334165281578886
SAAVR,Geometry,82,IL2R,2022-08-02-01,2022-06-14-13,0.2287472364887467
RID,Geometry,82,IL2R,2022-08-02-01,2022-06-14-13,0.22520743971066334
SMDVR,Geometry,82,IL2R,2022-08-02-01,2022-06-14-13,0.19596821853019705
URXR,Geometry,82,IL2R,2022-08-02-01,2022-06-14-13,0.19203511492576178
RIAR,Geometry,82,IL2R,2022-08-02-01,2022-06-14-13,0.19228936291427673
AVAR,Geometry,82,IL2R,2022-08-02-01,2022-06-14-13,0.18718011307040394
SAAVL,Geometry,82,IL2R,2022-08-02-01,2022-06-14-13,0.19847776714013612
CEPDR,Geometry,82,IL2R,2022-08-02-01,2022-06-14-13,0.18094878289319496
URXL,Geometry,82,IL2R,2022-08-02-01,2022-06-14-13,0.18190376352533097
CEPDL,Geometry,82,IL2R,2022-08-02-01,2022-06-14-13,0.16605591682623913
SMDDR,Geometry,82,IL2R,2022-08-02-01,2022-06-14-13,0.14238139316743162
RMEV,Geometry,82,IL2R,2022-08-02-01,2022-06-14-13,0.14214171691399127
RIAL,Geometry,82,IL2R,2022-08-02-01,2022-06-14-13,0.15479723596980832
AVER,Geometry,82,IL2R,2022-08-02-01,2022-06-14-13,0.13320919190300612
AWAR,Geometry,82,IL2R,2022-08-02-01,2022-06-14-13,0.10489333086171422
SMDVL,Geometry,82,IL2R,2022-08-02-01,2022-06-14-13,0.11425082943597836
AVAL,Geometry,82,IL2R,2022-08-02-01,2022-06-14-13,0.0988350418153595
RMDL,Geometry,82,IL2R,2022-08-02-01,2022-06-14-13,0.06368330021338253
AIBR,Geometry,82,IL2R,2022-08-02-01,2022-06-14-13,0.059355055394016816
ASGR,Geometry,82,IL2R,2022-08-02-01,2022-06-14-13,0.043772939995358535
AVL,Geometry,82,IL2R,2022-08-02-01,2022-06-14-13,-0.004794944630551051
AVEL,Geometry,82,IL2R,2022-08-02-01,2022-06-14-13,0.018026633057507045
ASGL,Geometry,82,IL2R,2022-08-02-01,2022-06-14-13,-0.0016995271200125634
ASHL,Geometry,82,IL2R,2022-08-02-01,2022-06-14-13,-0.027916749660927744
AIBL,Geometry,82,IL2R,2022-08-02-01,2022-06-14-13,-0.02590642815952707
AVHL,Geometry,82,IL2R,2022-08-02-01,2022-06-14-13,-0.05370001605741791
AWBL,Geometry,82,IL2R,2022-08-02-01,2022-06-14-13,-0.06552407994503737
RIVL,Geometry,82,IL2R,2022-08-02-01,2022-06-14-13,-0.04528972604819183
AWCL,Geometry,82,IL2R,2022-08-02-01,2022-06-14-13,-0.08013165567823038
SMDDL,Geometry,82,IL2R,2022-08-02-01,2022-06-14-13,-0.11330087332413825
AVJR,Geometry,82,IL2R,2022-08-02-01,2022-06-14-13,-0.07385039303177243
AIZL,Geometry,82,IL2R,2022-08-02-01,2022-06-14-13,-0.08307935236497732
RIBL,Geometry,82,IL2R,2022-08-02-01,2022-06-14-13,-0.11190324795976792
ASEL,Geometry,82,IL2R,2022-08-02-01,2022-06-14-13,-0.11014372838823157
AVDR,Geometry,82,IL2R,2022-08-02-01,2022-06-14-13,-0.0930700602563864
AVDL,Geometry,82,IL2R,2022-08-02-01,2022-06-14-13,-0.11717724827758559
AVJL,Geometry,82,IL2R,2022-08-02-01,2022-06-14-13,-0.097503599303915
RIVR,Geometry,82,IL2R,2022-08-02-01,2022-06-14-13,-0.11696718131740005
AIZR,Geometry,82,IL2R,2022-08-02-01,2022-06-14-13,-0.14034173853369558
AUAR,Geometry,82,IL2R,2022-08-02-01,2022-06-14-13,-0.21218632197624848
AUAL,Geometry,82,IL2R,2022-08-02-01,2022-06-14-13,-0.19537170942901316
RICR,Geometry,82,IL2R,2022-08-02-01,2022-06-14-13,-0.18192024452502611
RICL,Geometry,82,IL2R,2022-08-02-01,2022-06-14-13,-0.243639089372366
M5,Geometry,82,IL2R,2022-08-02-01,2022-06-14-13,-0.2643329892837978
AIML,Geometry,82,IL2R,2022-08-02-01,2022-06-14-13,-0.8454981507651566
AIMR,Geometry,82,IL2R,2022-08-02-01,2022-06-14-13,-0.3183214067868543
FLPL,Geometry,82,IL2R,2022-08-02-01,2022-06-14-13,-0.3137444133904694
ADEL,Geometry,82,IL2R,2022-08-02-01,2022-06-14-13,-0.30964257689317554
VB02,Geometry,82,IL2R,2022-08-02-01,2022-06-14-13,-0.34395281837555935
ADAL,Geometry,82,IL2R,2022-08-02-01,2022-06-14-13,-0.3131728803457547
I1R,Geometry,82,URYDL,2022-08-02-01,2022-06-14-13,0.26280365361126984
IL2DL,Geometry,82,URYDL,2022-08-02-01,2022-06-14-13,0.28613757878503454
I2R,Geometry,82,URYDL,2022-08-02-01,2022-06-14-13,0.2667335871326397
I3,Geometry,82,URYDL,2022-08-02-01,2022-06-14-13,0.28623835609824605
NSMR,Geometry,82,URYDL,2022-08-02-01,2022-06-14-13,0.27053999406167034
I2L,Geometry,82,URYDL,2022-08-02-01,2022-06-14-13,0.2661163620390411
MCL,Geometry,82,URYDL,2022-08-02-01,2022-06-14-13,0.2693568830942063
NSML,Geometry,82,URYDL,2022-08-02-01,2022-06-14-13,0.2699206187384195
M4,Geometry,82,URYDL,2022-08-02-01,2022-06-14-13,0.294449021059401
M3R,Geometry,82,URYDL,2022-08-02-01,2022-06-14-13,0.2863208101488968
M3L,Geometry,82,URYDL,2022-08-02-01,2022-06-14-13,0.28455291728860177
IL2VL,Geometry,82,URYDL,2022-08-02-01,2022-06-14-13,0.28397932367483536
IL1R,Geometry,82,URYDL,2022-08-02-01,2022-06-14-13,0.3091204184928192
OLLL,Geometry,82,URYDL,2022-08-02-01,2022-06-14-13,0.31697011368353284
IL2L,Geometry,82,URYDL,2022-08-02-01,2022-06-14-13,0.3114518286114112
URBR,Geometry,82,URYDL,2022-08-02-01,2022-06-14-13,0.3139753439836799
OLLR,Geometry,82,URYDL,2022-08-02-01,2022-06-14-13,0.3193420246762563
IL1DL,Geometry,82,URYDL,2022-08-02-01,2022-06-14-13,0.32530180347689114
IL1DR,Geometry,82,URYDL,2022-08-02-01,2022-06-14-13,0.32480208946059463
URYVR,Geometry,82,URYDL,2022-08-02-01,2022-06-14-13,0.3072286078202881
IL2R,Geometry,82,URYDL,2022-08-02-01,2022-06-14-13,0.30049374374346005
URYDL,Geometry,83,URYDL,2022-08-02-01,2022-06-14-13,0.3245507878939934
IL1L,Geometry,82,URYDL,2022-08-02-01,2022-06-14-13,0.3091714329439116
URBL,Geometry,82,URYDL,2022-08-02-01,2022-06-14-13,0.31448885203461896
OLQDR,Geometry,82,URYDL,2022-08-02-01,2022-06-14-13,0.32094213910085395
OLQDL,Geometry,82,URYDL,2022-08-02-01,2022-06-14-13,0.32362285241372146
RMER,Geometry,82,URYDL,2022-08-02-01,2022-06-14-13,0.3104495894847104
OLQVR,Geometry,82,URYDL,2022-08-02-01,2022-06-14-13,0.301738955379924
URYVL,Geometry,82,URYDL,2022-08-02-01,2022-06-14-13,0.302889809041325
RMED,Geometry,82,URYDL,2022-08-02-01,2022-06-14-13,0.3058321071184903
RMEL,Geometry,82,URYDL,2022-08-02-01,2022-06-14-13,0.29690582907617047
CEPVR,Geometry,82,URYDL,2022-08-02-01,2022-06-14-13,0.2804074528318481
OLQVL,Geometry,82,URYDL,2022-08-02-01,2022-06-14-13,0.28486727008475726
CEPVL,Geometry,82,URYDL,2022-08-02-01,2022-06-14-13,0.2489099789311325
SAAVR,Geometry,82,URYDL,2022-08-02-01,2022-06-14-13,0.248838656256902
RID,Geometry,82,URYDL,2022-08-02-01,2022-06-14-13,0.2526449786441951
SMDVR,Geometry,82,URYDL,2022-08-02-01,2022-06-14-13,0.22257151557572502
URXR,Geometry,82,URYDL,2022-08-02-01,2022-06-14-13,0.22192067375000868
RIAR,Geometry,82,URYDL,2022-08-02-01,2022-06-14-13,0.22134519420467294
AVAR,Geometry,82,URYDL,2022-08-02-01,2022-06-14-13,0.21322432099297384
SAAVL,Geometry,82,URYDL,2022-08-02-01,2022-06-14-13,0.23231273147220458
CEPDR,Geometry,82,URYDL,2022-08-02-01,2022-06-14-13,0.2112478279172113
URXL,Geometry,82,URYDL,2022-08-02-01,2022-06-14-13,0.21774123489182629
CEPDL,Geometry,82,URYDL,2022-08-02-01,2022-06-14-13,0.20542907680106276
SMDDR,Geometry,82,URYDL,2022-08-02-01,2022-06-14-13,0.17091135156896434
RMEV,Geometry,82,URYDL,2022-08-02-01,2022-06-14-13,0.17265224477828142
RIAL,Geometry,82,URYDL,2022-08-02-01,2022-06-14-13,0.19534840423594824
AVER,Geometry,82,URYDL,2022-08-02-01,2022-06-14-13,0.16732012259699378
AWAR,Geometry,82,URYDL,2022-08-02-01,2022-06-14-13,0.14410119000497904
SMDVL,Geometry,82,URYDL,2022-08-02-01,2022-06-14-13,0.16062744408610297
AVAL,Geometry,82,URYDL,2022-08-02-01,2022-06-14-13,0.1439827488329742
RMDL,Geometry,82,URYDL,2022-08-02-01,2022-06-14-13,0.11087510728214064
AIBR,Geometry,82,URYDL,2022-08-02-01,2022-06-14-13,0.10204605022363736
ASGR,Geometry,82,URYDL,2022-08-02-01,2022-06-14-13,0.0892588019335738
AVL,Geometry,82,URYDL,2022-08-02-01,2022-06-14-13,0.03810719268195328
AVEL,Geometry,82,URYDL,2022-08-02-01,2022-06-14-13,0.06935432116264247
ASGL,Geometry,82,URYDL,2022-08-02-01,2022-06-14-13,0.053234399022441974
ASHL,Geometry,82,URYDL,2022-08-02-01,2022-06-14-13,0.02759688602318246
AIBL,Geometry,82,URYDL,2022-08-02-01,2022-06-14-13,0.027944833567645436
AVHL,Geometry,82,URYDL,2022-08-02-01,2022-06-14-13,0.002949352436402876
AWBL,Geometry,82,URYDL,2022-08-02-01,2022-06-14-13,-0.009564784732451315
RIVL,Geometry,82,URYDL,2022-08-02-01,2022-06-14-13,0.012044419530340057
AWCL,Geometry,82,URYDL,2022-08-02-01,2022-06-14-13,-0.02392752244602673
SMDDL,Geometry,82,URYDL,2022-08-02-01,2022-06-14-13,-0.05856112857814468
AVJR,Geometry,82,URYDL,2022-08-02-01,2022-06-14-13,-0.024554230048433837
AIZL,Geometry,82,URYDL,2022-08-02-01,2022-06-14-13,-0.02484531259477058
RIBL,Geometry,82,URYDL,2022-08-02-01,2022-06-14-13,-0.05552675178660907
ASEL,Geometry,82,URYDL,2022-08-02-01,2022-06-14-13,-0.05284790624633279
AVDR,Geometry,82,URYDL,2022-08-02-01,2022-06-14-13,-0.043774552730847675
AVDL,Geometry,82,URYDL,2022-08-02-01,2022-06-14-13,-0.059278618924129556
AVJL,Geometry,82,URYDL,2022-08-02-01,2022-06-14-13,-0.038565397952528516
RIVR,Geometry,82,URYDL,2022-08-02-01,2022-06-14-13,-0.06596297764923915
AIZR,Geometry,82,URYDL,2022-08-02-01,2022-06-14-13,-0.09040041582118089
AUAR,Geometry,82,URYDL,2022-08-02-01,2022-06-14-13,-0.1561623952613145
AUAL,Geometry,82,URYDL,2022-08-02-01,2022-06-14-13,-0.13806104088195056
RICR,Geometry,82,URYDL,2022-08-02-01,2022-06-14-13,-0.13122158476723791
RICL,Geometry,82,URYDL,2022-08-02-01,2022-06-14-13,-0.18646061502587166
M5,Geometry,82,URYDL,2022-08-02-01,2022-06-14-13,-0.20828844070917557
AIML,Geometry,82,URYDL,2022-08-02-01,2022-06-14-13,-0.5947483819791093
AIMR,Geometry,82,URYDL,2022-08-02-01,2022-06-14-13,-0.268007159723691
FLPL,Geometry,82,URYDL,2022-08-02-01,2022-06-14-13,-0.26041828101671666
ADEL,Geometry,82,URYDL,2022-08-02-01,2022-06-14-13,-0.2577348874608417
VB02,Geometry,82,URYDL,2022-08-02-01,2022-06-14-13,-0.29451561918866276
ADAL,Geometry,82,URYDL,2022-08-02-01,2022-06-14-13,-0.26239162094453716
I1R,Geometry,82,IL1L,2022-08-02-01,2022-06-14-13,0.26149896594435734
IL2DL,Geometry,82,IL1L,2022-08-02-01,2022-06-14-13,0.283904432082427
I2R,Geometry,82,IL1L,2022-08-02-01,2022-06-14-13,0.2652403604943277
I3,Geometry,82,IL1L,2022-08-02-01,2022-06-14-13,0.28400082906234375
NSMR,Geometry,82,IL1L,2022-08-02-01,2022-06-14-13,0.2689511490541659
I2L,Geometry,82,IL1L,2022-08-02-01,2022-06-14-13,0.2651148505235813
MCL,Geometry,82,IL1L,2022-08-02-01,2022-06-14-13,0.2681407736468429
NSML,Geometry,82,IL1L,2022-08-02-01,2022-06-14-13,0.26887129321148595
M4,Geometry,82,IL1L,2022-08-02-01,2022-06-14-13,0.2925013063130463
M3R,Geometry,82,IL1L,2022-08-02-01,2022-06-14-13,0.28426206852386754
M3L,Geometry,82,IL1L,2022-08-02-01,2022-06-14-13,0.2833298235613606
IL2VL,Geometry,82,IL1L,2022-08-02-01,2022-06-14-13,0.2830239443546066
IL1R,Geometry,82,IL1L,2022-08-02-01,2022-06-14-13,0.3057822408779339
OLLL,Geometry,82,IL1L,2022-08-02-01,2022-06-14-13,0.3138186093119149
IL2L,Geometry,82,IL1L,2022-08-02-01,2022-06-14-13,0.30942932943152823
URBR,Geometry,82,IL1L,2022-08-02-01,2022-06-14-13,0.3099996196850477
OLLR,Geometry,82,IL1L,2022-08-02-01,2022-06-14-13,0.3147444222945804
IL1DL,Geometry,82,IL1L,2022-08-02-01,2022-06-14-13,0.32060152319426855
IL1DR,Geometry,82,IL1L,2022-08-02-01,2022-06-14-13,0.31966931807206783
URYVR,Geometry,82,IL1L,2022-08-02-01,2022-06-14-13,0.30429190329497163
IL2R,Geometry,82,IL1L,2022-08-02-01,2022-06-14-13,0.2984808910951906
URYDL,Geometry,82,IL1L,2022-08-02-01,2022-06-14-13,0.3192476624654839
IL1L,Geometry,83,IL1L,2022-08-02-01,2022-06-14-13,0.3087744951760083
URBL,Geometry,82,IL1L,2022-08-02-01,2022-06-14-13,0.311813586599766
OLQDR,Geometry,82,IL1L,2022-08-02-01,2022-06-14-13,0.31531638606889584
OLQDL,Geometry,82,IL1L,2022-08-02-01,2022-06-14-13,0.3183700664193551
RMER,Geometry,82,IL1L,2022-08-02-01,2022-06-14-13,0.3059105765023696
OLQVR,Geometry,82,IL1L,2022-08-02-01,2022-06-14-13,0.29848007956236455
URYVL,Geometry,82,IL1L,2022-08-02-01,2022-06-14-13,0.3012338901033987
RMED,Geometry,82,IL1L,2022-08-02-01,2022-06-14-13,0.30010529805404274
RMEL,Geometry,82,IL1L,2022-08-02-01,2022-06-14-13,0.29504935705246527
CEPVR,Geometry,82,IL1L,2022-08-02-01,2022-06-14-13,0.2780951656531131
OLQVL,Geometry,82,IL1L,2022-08-02-01,2022-06-14-13,0.28305336464796255
CEPVL,Geometry,82,IL1L,2022-08-02-01,2022-06-14-13,0.24735916538361336
SAAVR,Geometry,82,IL1L,2022-08-02-01,2022-06-14-13,0.24448548544621232
RID,Geometry,82,IL1L,2022-08-02-01,2022-06-14-13,0.24744982127203433
SMDVR,Geometry,82,IL1L,2022-08-02-01,2022-06-14-13,0.2178694047234603
URXR,Geometry,82,IL1L,2022-08-02-01,2022-06-14-13,0.21716802911555552
RIAR,Geometry,82,IL1L,2022-08-02-01,2022-06-14-13,0.21705473750322707
AVAR,Geometry,82,IL1L,2022-08-02-01,2022-06-14-13,0.2095088013924189
SAAVL,Geometry,82,IL1L,2022-08-02-01,2022-06-14-13,0.22932447020510552
CEPDR,Geometry,82,IL1L,2022-08-02-01,2022-06-14-13,0.20645427627661278
URXL,Geometry,82,IL1L,2022-08-02-01,2022-06-14-13,0.2136100500334719
CEPDL,Geometry,82,IL1L,2022-08-02-01,2022-06-14-13,0.20176039050229638
SMDDR,Geometry,82,IL1L,2022-08-02-01,2022-06-14-13,0.16969336100721166
RMEV,Geometry,82,IL1L,2022-08-02-01,2022-06-14-13,0.17157814220550455
RIAL,Geometry,82,IL1L,2022-08-02-01,2022-06-14-13,0.19271145096595674
AVER,Geometry,82,IL1L,2022-08-02-01,2022-06-14-13,0.1647304812596469
AWAR,Geometry,82,IL1L,2022-08-02-01,2022-06-14-13,0.14063735393222176
SMDVL,Geometry,82,IL1L,2022-08-02-01,2022-06-14-13,0.15790526442202876
AVAL,Geometry,82,IL1L,2022-08-02-01,2022-06-14-13,0.14297299947122638
RMDL,Geometry,82,IL1L,2022-08-02-01,2022-06-14-13,0.1104233766332871
AIBR,Geometry,82,IL1L,2022-08-02-01,2022-06-14-13,0.09990905344624161
ASGR,Geometry,82,IL1L,2022-08-02-01,2022-06-14-13,0.08669032220901819
AVL,Geometry,82,IL1L,2022-08-02-01,2022-06-14-13,0.037957361064353115
AVEL,Geometry,82,IL1L,2022-08-02-01,2022-06-14-13,0.06916375823016667
ASGL,Geometry,82,IL1L,2022-08-02-01,2022-06-14-13,0.05269276524549267
ASHL,Geometry,82,IL1L,2022-08-02-01,2022-06-14-13,0.027762227448187824
AIBL,Geometry,82,IL1L,2022-08-02-01,2022-06-14-13,0.025572109905970686
AVHL,Geometry,82,IL1L,2022-08-02-01,2022-06-14-13,0.003099411103308865
AWBL,Geometry,82,IL1L,2022-08-02-01,2022-06-14-13,-0.00890441957197799
RIVL,Geometry,82,IL1L,2022-08-02-01,2022-06-14-13,0.011340711132142777
AWCL,Geometry,82,IL1L,2022-08-02-01,2022-06-14-13,-0.023076763186422312
SMDDL,Geometry,82,IL1L,2022-08-02-01,2022-06-14-13,-0.0574584576603264
AVJR,Geometry,82,IL1L,2022-08-02-01,2022-06-14-13,-0.026213959237095855
AIZL,Geometry,82,IL1L,2022-08-02-01,2022-06-14-13,-0.024761404590785904
RIBL,Geometry,82,IL1L,2022-08-02-01,2022-06-14-13,-0.054616128127441384
ASEL,Geometry,82,IL1L,2022-08-02-01,2022-06-14-13,-0.05190963135748248
AVDR,Geometry,82,IL1L,2022-08-02-01,2022-06-14-13,-0.0451312371813199
AVDL,Geometry,82,IL1L,2022-08-02-01,2022-06-14-13,-0.05847349370252203
AVJL,Geometry,82,IL1L,2022-08-02-01,2022-06-14-13,-0.03890982902260329
RIVR,Geometry,82,IL1L,2022-08-02-01,2022-06-14-13,-0.06718968838336832
AIZR,Geometry,82,IL1L,2022-08-02-01,2022-06-14-13,-0.09132245113334414
AUAR,Geometry,82,IL1L,2022-08-02-01,2022-06-14-13,-0.1544235219189005
AUAL,Geometry,82,IL1L,2022-08-02-01,2022-06-14-13,-0.13649804901729307
RICR,Geometry,82,IL1L,2022-08-02-01,2022-06-14-13,-0.1314857738569186
RICL,Geometry,82,IL1L,2022-08-02-01,2022-06-14-13,-0.1848750235145684
M5,Geometry,82,IL1L,2022-08-02-01,2022-06-14-13,-0.20709417928883353
AIML,Geometry,82,IL1L,2022-08-02-01,2022-06-14-13,-0.5922449525590969
AIMR,Geometry,82,IL1L,2022-08-02-01,2022-06-14-13,-0.26650047127746196
FLPL,Geometry,82,IL1L,2022-08-02-01,2022-06-14-13,-0.25874848860964694
ADEL,Geometry,82,IL1L,2022-08-02-01,2022-06-14-13,-0.25613564263240135
VB02,Geometry,82,IL1L,2022-08-02-01,2022-06-14-13,-0.29254894422086786
ADAL,Geometry,82,IL1L,2022-08-02-01,2022-06-14-13,-0.2606564664539973
I1R,Geometry,82,URBL,2022-08-02-01,2022-06-14-13,0.2746914455255748
IL2DL,Geometry,82,URBL,2022-08-02-01,2022-06-14-13,0.29623928845990594
I2R,Geometry,82,URBL,2022-08-02-01,2022-06-14-13,0.2781621492406746
I3,Geometry,82,URBL,2022-08-02-01,2022-06-14-13,0.29631734349746447
NSMR,Geometry,82,URBL,2022-08-02-01,2022-06-14-13,0.2817196039421898
I2L,Geometry,82,URBL,2022-08-02-01,2022-06-14-13,0.2779162975710736
MCL,Geometry,82,URBL,2022-08-02-01,2022-06-14-13,0.2809247616178625
NSML,Geometry,82,URBL,2022-08-02-01,2022-06-14-13,0.28144878887683106
M4,Geometry,82,URBL,2022-08-02-01,2022-06-14-13,0.3042926131086849
M3R,Geometry,82,URBL,2022-08-02-01,2022-06-14-13,0.29603703449471924
M3L,Geometry,82,URBL,2022-08-02-01,2022-06-14-13,0.29483800338028765
IL2VL,Geometry,82,URBL,2022-08-02-01,2022-06-14-13,0.2937896500815084
IL1R,Geometry,82,URBL,2022-08-02-01,2022-06-14-13,0.3144608705413412
OLLL,Geometry,82,URBL,2022-08-02-01,2022-06-14-13,0.3216275940796036
IL2L,Geometry,82,URBL,2022-08-02-01,2022-06-14-13,0.3173441144892697
URBR,Geometry,82,URBL,2022-08-02-01,2022-06-14-13,0.3172801751436768
OLLR,Geometry,82,URBL,2022-08-02-01,2022-06-14-13,0.32142193664371344
IL1DL,Geometry,82,URBL,2022-08-02-01,2022-06-14-13,0.3272551038101817
IL1DR,Geometry,82,URBL,2022-08-02-01,2022-06-14-13,0.32538579722897054
URYVR,Geometry,82,URBL,2022-08-02-01,2022-06-14-13,0.3112512527449207
IL2R,Geometry,82,URBL,2022-08-02-01,2022-06-14-13,0.3054742874691248
URYDL,Geometry,82,URBL,2022-08-02-01,2022-06-14-13,0.3255264677526469
IL1L,Geometry,82,URBL,2022-08-02-01,2022-06-14-13,0.31469933460377264
URBL,Geometry,83,URBL,2022-08-02-01,2022-06-14-13,0.3185139760790556
OLQDR,Geometry,82,URBL,2022-08-02-01,2022-06-14-13,0.31802549239001937
OLQDL,Geometry,82,URBL,2022-08-02-01,2022-06-14-13,0.3215112044913312
RMER,Geometry,82,URBL,2022-08-02-01,2022-06-14-13,0.30918828043522184
OLQVR,Geometry,82,URBL,2022-08-02-01,2022-06-14-13,0.30244975554858866
URYVL,Geometry,82,URBL,2022-08-02-01,2022-06-14-13,0.3058878329473672
RMED,Geometry,82,URBL,2022-08-02-01,2022-06-14-13,0.29918631962167863
RMEL,Geometry,82,URBL,2022-08-02-01,2022-06-14-13,0.29611150072528347
CEPVR,Geometry,82,URBL,2022-08-02-01,2022-06-14-13,0.27910119142956996
OLQVL,Geometry,82,URBL,2022-08-02-01,2022-06-14-13,0.28395831586745335
CEPVL,Geometry,82,URBL,2022-08-02-01,2022-06-14-13,0.24485421347783107
SAAVR,Geometry,82,URBL,2022-08-02-01,2022-06-14-13,0.2392531732060315
RID,Geometry,82,URBL,2022-08-02-01,2022-06-14-13,0.24095325211318935
SMDVR,Geometry,82,URBL,2022-08-02-01,2022-06-14-13,0.21045907975183903
URXR,Geometry,82,URBL,2022-08-02-01,2022-06-14-13,0.20915719810746713
RIAR,Geometry,82,URBL,2022-08-02-01,2022-06-14-13,0.2093511807474066
AVAR,Geometry,82,URBL,2022-08-02-01,2022-06-14-13,0.20233783323329096
SAAVL,Geometry,82,URBL,2022-08-02-01,2022-06-14-13,0.22214964508351556
CEPDR,Geometry,82,URBL,2022-08-02-01,2022-06-14-13,0.19795995451884782
URXL,Geometry,82,URBL,2022-08-02-01,2022-06-14-13,0.20485561119363407
CEPDL,Geometry,82,URBL,2022-08-02-01,2022-06-14-13,0.19228915115914758
SMDDR,Geometry,82,URBL,2022-08-02-01,2022-06-14-13,0.16240038539756352
RMEV,Geometry,82,URBL,2022-08-02-01,2022-06-14-13,0.164147032049153
RIAL,Geometry,82,URBL,2022-08-02-01,2022-06-14-13,0.1831966268292825
AVER,Geometry,82,URBL,2022-08-02-01,2022-06-14-13,0.15531750136429784
AWAR,Geometry,82,URBL,2022-08-02-01,2022-06-14-13,0.1294023825097445
SMDVL,Geometry,82,URBL,2022-08-02-01,2022-06-14-13,0.14646495190706327
AVAL,Geometry,82,URBL,2022-08-02-01,2022-06-14-13,0.13224274363012412
RMDL,Geometry,82,URBL,2022-08-02-01,2022-06-14-13,0.09894999667443329
AIBR,Geometry,82,URBL,2022-08-02-01,2022-06-14-13,0.08776956767813353
ASGR,Geometry,82,URBL,2022-08-02-01,2022-06-14-13,0.07360369820977102
AVL,Geometry,82,URBL,2022-08-02-01,2022-06-14-13,0.02624726605888269
AVEL,Geometry,82,URBL,2022-08-02-01,2022-06-14-13,0.05619048784469526
ASGL,Geometry,82,URBL,2022-08-02-01,2022-06-14-13,0.03872470163189292
ASHL,Geometry,82,URBL,2022-08-02-01,2022-06-14-13,0.013872428035009213
AIBL,Geometry,82,URBL,2022-08-02-01,2022-06-14-13,0.010620790079306261
AVHL,Geometry,82,URBL,2022-08-02-01,2022-06-14-13,-0.011537421901666935
AWBL,Geometry,82,URBL,2022-08-02-01,2022-06-14-13,-0.023293622348472914
RIVL,Geometry,82,URBL,2022-08-02-01,2022-06-14-13,-0.003634504717216729
AWCL,Geometry,82,URBL,2022-08-02-01,2022-06-14-13,-0.037333524068137496
SMDDL,Geometry,82,URBL,2022-08-02-01,2022-06-14-13,-0.07200424646370966
AVJR,Geometry,82,URBL,2022-08-02-01,2022-06-14-13,-0.04088218252357581
AIZL,Geometry,82,URBL,2022-08-02-01,2022-06-14-13,-0.03982228229944409
RIBL,Geometry,82,URBL,2022-08-02-01,2022-06-14-13,-0.06948527222812072
ASEL,Geometry,82,URBL,2022-08-02-01,2022-06-14-13,-0.06673675086269613
AVDR,Geometry,82,URBL,2022-08-02-01,2022-06-14-13,-0.05984549912603088
AVDL,Geometry,82,URBL,2022-08-02-01,2022-06-14-13,-0.07354792658474997
AVJL,Geometry,82,URBL,2022-08-02-01,2022-06-14-13,-0.054405373218847614
RIVR,Geometry,82,URBL,2022-08-02-01,2022-06-14-13,-0.08229393457623259
AIZR,Geometry,82,URBL,2022-08-02-01,2022-06-14-13,-0.10625429337578471
AUAR,Geometry,82,URBL,2022-08-02-01,2022-06-14-13,-0.16953845243716892
AUAL,Geometry,82,URBL,2022-08-02-01,2022-06-14-13,-0.15154907473178444
RICR,Geometry,82,URBL,2022-08-02-01,2022-06-14-13,-0.14656095193537758
RICL,Geometry,82,URBL,2022-08-02-01,2022-06-14-13,-0.20012046725861257
M5,Geometry,82,URBL,2022-08-02-01,2022-06-14-13,-0.22232821415240636
AIML,Geometry,82,URBL,2022-08-02-01,2022-06-14-13,-0.6747285091517355
AIMR,Geometry,82,URBL,2022-08-02-01,2022-06-14-13,-0.2811169698105508
FLPL,Geometry,82,URBL,2022-08-02-01,2022-06-14-13,-0.2732904792527367
ADEL,Geometry,82,URBL,2022-08-02-01,2022-06-14-13,-0.2704136654341233
VB02,Geometry,82,URBL,2022-08-02-01,2022-06-14-13,-0.3065631482419285
ADAL,Geometry,82,URBL,2022-08-02-01,2022-06-14-13,-0.2746863894486148
I1R,Geometry,82,OLQDR,2022-08-02-01,2022-06-14-13,0.25765548983072606
IL2DL,Geometry,82,OLQDR,2022-08-02-01,2022-06-14-13,0.28101290788751654
I2R,Geometry,82,OLQDR,2022-08-02-01,2022-06-14-13,0.2625117713655514
I3,Geometry,82,OLQDR,2022-08-02-01,2022-06-14-13,0.28126721375703023
NSMR,Geometry,82,OLQDR,2022-08-02-01,2022-06-14-13,0.266381698313775
I2L,Geometry,82,OLQDR,2022-08-02-01,2022-06-14-13,0.259870146114798
MCL,Geometry,82,OLQDR,2022-08-02-01,2022-06-14-13,0.2635367554182634
NSML,Geometry,82,OLQDR,2022-08-02-01,2022-06-14-13,0.26380689811088603
M4,Geometry,82,OLQDR,2022-08-02-01,2022-06-14-13,0.2894636368800646
M3R,Geometry,82,OLQDR,2022-08-02-01,2022-06-14-13,0.2828791673559909
M3L,Geometry,82,OLQDR,2022-08-02-01,2022-06-14-13,0.2786491202595216
IL2VL,Geometry,82,OLQDR,2022-08-02-01,2022-06-14-13,0.2784754727195039
IL1R,Geometry,82,OLQDR,2022-08-02-01,2022-06-14-13,0.308916948715898
OLLL,Geometry,82,OLQDR,2022-08-02-01,2022-06-14-13,0.3116888571780206
IL2L,Geometry,82,OLQDR,2022-08-02-01,2022-06-14-13,0.3052826186666866
URBR,Geometry,82,OLQDR,2022-08-02-01,2022-06-14-13,0.31509997878220364
OLLR,Geometry,82,OLQDR,2022-08-02-01,2022-06-14-13,0.32075579183197117
IL1DL,Geometry,82,OLQDR,2022-08-02-01,2022-06-14-13,0.3218421702254043
IL1DR,Geometry,82,OLQDR,2022-08-02-01,2022-06-14-13,0.32590913897259965
URYVR,Geometry,82,OLQDR,2022-08-02-01,2022-06-14-13,0.30765103962093326
IL2R,Geometry,82,OLQDR,2022-08-02-01,2022-06-14-13,0.30041979272626584
URYDL,Geometry,82,OLQDR,2022-08-02-01,2022-06-14-13,0.31948901139686503
IL1L,Geometry,82,OLQDR,2022-08-02-01,2022-06-14-13,0.3036143668580942
URBL,Geometry,82,OLQDR,2022-08-02-01,2022-06-14-13,0.3089875431926022
OLQDR,Geometry,83,OLQDR,2022-08-02-01,2022-06-14-13,0.32531164542798696
OLQDL,Geometry,82,OLQDR,2022-08-02-01,2022-06-14-13,0.32298881802405716
RMER,Geometry,82,OLQDR,2022-08-02-01,2022-06-14-13,0.31478346495769466
OLQVR,Geometry,82,OLQDR,2022-08-02-01,2022-06-14-13,0.30420989404180276
URYVL,Geometry,82,OLQDR,2022-08-02-01,2022-06-14-13,0.29926083616223154
RMED,Geometry,82,OLQDR,2022-08-02-01,2022-06-14-13,0.3105396451281802
RMEL,Geometry,82,OLQDR,2022-08-02-01,2022-06-14-13,0.2933398430308048
CEPVR,Geometry,82,OLQDR,2022-08-02-01,2022-06-14-13,0.2828635461744291
OLQVL,Geometry,82,OLQDR,2022-08-02-01,2022-06-14-13,0.28336002189848897
CEPVL,Geometry,82,OLQDR,2022-08-02-01,2022-06-14-13,0.2500818611656499
SAAVR,Geometry,82,OLQDR,2022-08-02-01,2022-06-14-13,0.25664854835494055
RID,Geometry,82,OLQDR,2022-08-02-01,2022-06-14-13,0.2584736807789483
SMDVR,Geometry,82,OLQDR,2022-08-02-01,2022-06-14-13,0.2316532539374005
URXR,Geometry,82,OLQDR,2022-08-02-01,2022-06-14-13,0.2299436888782359
RIAR,Geometry,82,OLQDR,2022-08-02-01,2022-06-14-13,0.22902430115677624
AVAR,Geometry,82,OLQDR,2022-08-02-01,2022-06-14-13,0.22168066124521113
SAAVL,Geometry,82,OLQDR,2022-08-02-01,2022-06-14-13,0.2333513233521765
CEPDR,Geometry,82,OLQDR,2022-08-02-01,2022-06-14-13,0.22032022666267254
URXL,Geometry,82,OLQDR,2022-08-02-01,2022-06-14-13,0.22242051972223226
CEPDL,Geometry,82,OLQDR,2022-08-02-01,2022-06-14-13,0.20880229921010524
SMDDR,Geometry,82,OLQDR,2022-08-02-01,2022-06-14-13,0.17641433334639572
RMEV,Geometry,82,OLQDR,2022-08-02-01,2022-06-14-13,0.17670653709913173
RIAL,Geometry,82,OLQDR,2022-08-02-01,2022-06-14-13,0.19736507371915357
AVER,Geometry,82,OLQDR,2022-08-02-01,2022-06-14-13,0.17514835405796744
AWAR,Geometry,82,OLQDR,2022-08-02-01,2022-06-14-13,0.15336292115104838
SMDVL,Geometry,82,OLQDR,2022-08-02-01,2022-06-14-13,0.1633266451043139
AVAL,Geometry,82,OLQDR,2022-08-02-01,2022-06-14-13,0.14498713602844188
RMDL,Geometry,82,OLQDR,2022-08-02-01,2022-06-14-13,0.11225337769374596
AIBR,Geometry,82,OLQDR,2022-08-02-01,2022-06-14-13,0.11065887792803823
ASGR,Geometry,82,OLQDR,2022-08-02-01,2022-06-14-13,0.09826678496160562
AVL,Geometry,82,OLQDR,2022-08-02-01,2022-06-14-13,0.04475312890282472
AVEL,Geometry,82,OLQDR,2022-08-02-01,2022-06-14-13,0.07156878645723698
ASGL,Geometry,82,OLQDR,2022-08-02-01,2022-06-14-13,0.055321912979394414
ASHL,Geometry,82,OLQDR,2022-08-02-01,2022-06-14-13,0.028619797962692633
AIBL,Geometry,82,OLQDR,2022-08-02-01,2022-06-14-13,0.035336184419554585
AVHL,Geometry,82,OLQDR,2022-08-02-01,2022-06-14-13,0.005340894505786416
AWBL,Geometry,82,OLQDR,2022-08-02-01,2022-06-14-13,-0.00758215056437147
RIVL,Geometry,82,OLQDR,2022-08-02-01,2022-06-14-13,0.01540818818332277
AWCL,Geometry,82,OLQDR,2022-08-02-01,2022-06-14-13,-0.02258729236655064
SMDDL,Geometry,82,OLQDR,2022-08-02-01,2022-06-14-13,-0.05482368833721852
AVJR,Geometry,82,OLQDR,2022-08-02-01,2022-06-14-13,-0.014519013318701764
AIZL,Geometry,82,OLQDR,2022-08-02-01,2022-06-14-13,-0.02235412606888448
RIBL,Geometry,82,OLQDR,2022-08-02-01,2022-06-14-13,-0.05235409621148708
ASEL,Geometry,82,OLQDR,2022-08-02-01,2022-06-14-13,-0.050753303109581906
AVDR,Geometry,82,OLQDR,2022-08-02-01,2022-06-14-13,-0.033658744244108314
AVDL,Geometry,82,OLQDR,2022-08-02-01,2022-06-14-13,-0.05684131550759329
AVJL,Geometry,82,OLQDR,2022-08-02-01,2022-06-14-13,-0.034961509626377264
RIVR,Geometry,82,OLQDR,2022-08-02-01,2022-06-14-13,-0.056347397379974164
AIZR,Geometry,82,OLQDR,2022-08-02-01,2022-06-14-13,-0.08031464122827016
AUAR,Geometry,82,OLQDR,2022-08-02-01,2022-06-14-13,-0.15215271088261767
AUAL,Geometry,82,OLQDR,2022-08-02-01,2022-06-14-13,-0.13546318448828426
RICR,Geometry,82,OLQDR,2022-08-02-01,2022-06-14-13,-0.12166365658876661
RICL,Geometry,82,OLQDR,2022-08-02-01,2022-06-14-13,-0.183115273979946
M5,Geometry,82,OLQDR,2022-08-02-01,2022-06-14-13,-0.20377701436190168
AIML,Geometry,82,OLQDR,2022-08-02-01,2022-06-14-13,-0.5655369274603461
AIMR,Geometry,82,OLQDR,2022-08-02-01,2022-06-14-13,-0.2609254896574514
FLPL,Geometry,82,OLQDR,2022-08-02-01,2022-06-14-13,-0.25629539688396247
ADEL,Geometry,82,OLQDR,2022-08-02-01,2022-06-14-13,-0.2533539332191163
VB02,Geometry,82,OLQDR,2022-08-02-01,2022-06-14-13,-0.28920306777436006
ADAL,Geometry,82,OLQDR,2022-08-02-01,2022-06-14-13,-0.2580845672315199
I1R,Geometry,82,OLQDL,2022-08-02-01,2022-06-14-13,0.24592867980941976
IL2DL,Geometry,82,OLQDL,2022-08-02-01,2022-06-14-13,0.27022989685145526
I2R,Geometry,82,OLQDL,2022-08-02-01,2022-06-14-13,0.2502870862333927
I3,Geometry,82,OLQDL,2022-08-02-01,2022-06-14-13,0.27032560213662754
NSMR,Geometry,82,OLQDL,2022-08-02-01,2022-06-14-13,0.25424343737179916
I2L,Geometry,82,OLQDL,2022-08-02-01,2022-06-14-13,0.24920174574859189
MCL,Geometry,82,OLQDL,2022-08-02-01,2022-06-14-13,0.25259584754762565
NSML,Geometry,82,OLQDL,2022-08-02-01,2022-06-14-13,0.2531984628279072
M4,Geometry,82,OLQDL,2022-08-02-01,2022-06-14-13,0.27878579499307826
M3R,Geometry,82,OLQDL,2022-08-02-01,2022-06-14-13,0.2710477862661082
M3L,Geometry,82,OLQDL,2022-08-02-01,2022-06-14-13,0.2687140762491755
IL2VL,Geometry,82,OLQDL,2022-08-02-01,2022-06-14-13,0.2688084407484531
IL1R,Geometry,82,OLQDL,2022-08-02-01,2022-06-14-13,0.29786453354727555
OLLL,Geometry,82,OLQDL,2022-08-02-01,2022-06-14-13,0.30524605214627915
IL2L,Geometry,82,OLQDL,2022-08-02-01,2022-06-14-13,0.29900950658425846
URBR,Geometry,82,OLQDL,2022-08-02-01,2022-06-14-13,0.3047173648615001
OLLR,Geometry,82,OLQDL,2022-08-02-01,2022-06-14-13,0.3110617608509975
IL1DL,Geometry,82,OLQDL,2022-08-02-01,2022-06-14-13,0.3160069742529267
IL1DR,Geometry,82,OLQDL,2022-08-02-01,2022-06-14-13,0.3178197172916558
URYVR,Geometry,82,OLQDL,2022-08-02-01,2022-06-14-13,0.297716985699901
IL2R,Geometry,82,OLQDL,2022-08-02-01,2022-06-14-13,0.29058315977168925
URYDL,Geometry,82,OLQDL,2022-08-02-01,2022-06-14-13,0.3147253098984637
IL1L,Geometry,82,OLQDL,2022-08-02-01,2022-06-14-13,0.29807731282039035
URBL,Geometry,82,OLQDL,2022-08-02-01,2022-06-14-13,0.30564838177898657
OLQDR,Geometry,82,OLQDL,2022-08-02-01,2022-06-14-13,0.31834007333396364
OLQDL,Geometry,83,OLQDL,2022-08-02-01,2022-06-14-13,0.32062486278939556
RMER,Geometry,82,OLQDL,2022-08-02-01,2022-06-14-13,0.30654508997027713
OLQVR,Geometry,82,OLQDL,2022-08-02-01,2022-06-14-13,0.29616628696879416
URYVL,Geometry,82,OLQDL,2022-08-02-01,2022-06-14-13,0.29496967111634614
RMED,Geometry,82,OLQDL,2022-08-02-01,2022-06-14-13,0.30793948411364436
RMEL,Geometry,82,OLQDL,2022-08-02-01,2022-06-14-13,0.29351123777992444
CEPVR,Geometry,82,OLQDL,2022-08-02-01,2022-06-14-13,0.27790782986533763
OLQVL,Geometry,82,OLQDL,2022-08-02-01,2022-06-14-13,0.28185786060871765
CEPVL,Geometry,82,OLQDL,2022-08-02-01,2022-06-14-13,0.25007614379901966
SAAVR,Geometry,82,OLQDL,2022-08-02-01,2022-06-14-13,0.25569578351036615
RID,Geometry,82,OLQDL,2022-08-02-01,2022-06-14-13,0.2614247987274977
SMDVR,Geometry,82,OLQDL,2022-08-02-01,2022-06-14-13,0.23259834365789475
URXR,Geometry,82,OLQDL,2022-08-02-01,2022-06-14-13,0.23256392544627502
RIAR,Geometry,82,OLQDL,2022-08-02-01,2022-06-14-13,0.23124966514205886
AVAR,Geometry,82,OLQDL,2022-08-02-01,2022-06-14-13,0.22226481185044317
SAAVL,Geometry,82,OLQDL,2022-08-02-01,2022-06-14-13,0.23991189141568756
CEPDR,Geometry,82,OLQDL,2022-08-02-01,2022-06-14-13,0.22272355291060633
URXL,Geometry,82,OLQDL,2022-08-02-01,2022-06-14-13,0.22847771019680024
CEPDL,Geometry,82,OLQDL,2022-08-02-01,2022-06-14-13,0.21665418349016777
SMDDR,Geometry,82,OLQDL,2022-08-02-01,2022-06-14-13,0.17839071594922595
RMEV,Geometry,82,OLQDL,2022-08-02-01,2022-06-14-13,0.1800150894180828
RIAL,Geometry,82,OLQDL,2022-08-02-01,2022-06-14-13,0.205776156957112
AVER,Geometry,82,OLQDL,2022-08-02-01,2022-06-14-13,0.1784869155339785
AWAR,Geometry,82,OLQDL,2022-08-02-01,2022-06-14-13,0.1583845136587069
SMDVL,Geometry,82,OLQDL,2022-08-02-01,2022-06-14-13,0.17374509910239463
AVAL,Geometry,82,OLQDL,2022-08-02-01,2022-06-14-13,0.15501938433006346
RMDL,Geometry,82,OLQDL,2022-08-02-01,2022-06-14-13,0.12272372755554317
AIBR,Geometry,82,OLQDL,2022-08-02-01,2022-06-14-13,0.1167546155265027
ASGR,Geometry,82,OLQDL,2022-08-02-01,2022-06-14-13,0.1055757593339581
AVL,Geometry,82,OLQDL,2022-08-02-01,2022-06-14-13,0.05122892707478814
AVEL,Geometry,82,OLQDL,2022-08-02-01,2022-06-14-13,0.08331842996202936
ASGL,Geometry,82,OLQDL,2022-08-02-01,2022-06-14-13,0.06879599187318268
ASHL,Geometry,82,OLQDL,2022-08-02-01,2022-06-14-13,0.04270622075978559
AIBL,Geometry,82,OLQDL,2022-08-02-01,2022-06-14-13,0.0466772824488008
AVHL,Geometry,82,OLQDL,2022-08-02-01,2022-06-14-13,0.019426835641976947
AWBL,Geometry,82,OLQDL,2022-08-02-01,2022-06-14-13,0.006336660105598173
RIVL,Geometry,82,OLQDL,2022-08-02-01,2022-06-14-13,0.029456455406045884
AWCL,Geometry,82,OLQDL,2022-08-02-01,2022-06-14-13,-0.00832084341222953
SMDDL,Geometry,82,OLQDL,2022-08-02-01,2022-06-14-13,-0.04223401725862322
AVJR,Geometry,82,OLQDL,2022-08-02-01,2022-06-14-13,-0.005724194034486632
AIZL,Geometry,82,OLQDL,2022-08-02-01,2022-06-14-13,-0.00754923914918335
RIBL,Geometry,82,OLQDL,2022-08-02-01,2022-06-14-13,-0.038651454087060166
ASEL,Geometry,82,OLQDL,2022-08-02-01,2022-06-14-13,-0.03617712915370319
AVDR,Geometry,82,OLQDL,2022-08-02-01,2022-06-14-13,-0.024890276476571396
AVDL,Geometry,82,OLQDL,2022-08-02-01,2022-06-14-13,-0.042111786631748686
AVJL,Geometry,82,OLQDL,2022-08-02-01,2022-06-14-13,-0.020280290872391124
RIVR,Geometry,82,OLQDL,2022-08-02-01,2022-06-14-13,-0.0465741542045708
AIZR,Geometry,82,OLQDL,2022-08-02-01,2022-06-14-13,-0.07112406148368268
AUAR,Geometry,82,OLQDL,2022-08-02-01,2022-06-14-13,-0.1386728288624399
AUAL,Geometry,82,OLQDL,2022-08-02-01,2022-06-14-13,-0.12082975037561448
RICR,Geometry,82,OLQDL,2022-08-02-01,2022-06-14-13,-0.1119100145520364
RICL,Geometry,82,OLQDL,2022-08-02-01,2022-06-14-13,-0.1685186844524114
M5,Geometry,82,OLQDL,2022-08-02-01,2022-06-14-13,-0.18970088539068788
AIML,Geometry,82,OLQDL,2022-08-02-01,2022-06-14-13,-0.4788335569989515
AIMR,Geometry,82,OLQDL,2022-08-02-01,2022-06-14-13,-0.2496702115953998
FLPL,Geometry,82,OLQDL,2022-08-02-01,2022-06-14-13,-0.24265948113269611
ADEL,Geometry,82,OLQDL,2022-08-02-01,2022-06-14-13,-0.24016178471606844
VB02,Geometry,82,OLQDL,2022-08-02-01,2022-06-14-13,-0.2771526163785357
ADAL,Geometry,82,OLQDL,2022-08-02-01,2022-06-14-13,-0.24515542004650442
I1R,Geometry,82,RMER,2022-08-02-01,2022-06-14-13,0.2226531777286361
IL2DL,Geometry,82,RMER,2022-08-02-01,2022-06-14-13,0.2455977519269646
I2R,Geometry,82,RMER,2022-08-02-01,2022-06-14-13,0.22833835297944308
I3,Geometry,82,RMER,2022-08-02-01,2022-06-14-13,0.24618502274376655
NSMR,Geometry,82,RMER,2022-08-02-01,2022-06-14-13,0.23227303337807426
I2L,Geometry,82,RMER,2022-08-02-01,2022-06-14-13,0.22451609261219005
MCL,Geometry,82,RMER,2022-08-02-01,2022-06-14-13,0.22831423911155913
NSML,Geometry,82,RMER,2022-08-02-01,2022-06-14-13,0.22870071069930994
M4,Geometry,82,RMER,2022-08-02-01,2022-06-14-13,0.25533636161128376
M3R,Geometry,82,RMER,2022-08-02-01,2022-06-14-13,0.24981994659616197
M3L,Geometry,82,RMER,2022-08-02-01,2022-06-14-13,0.24458409944342882
IL2VL,Geometry,82,RMER,2022-08-02-01,2022-06-14-13,0.246120048948421
IL1R,Geometry,82,RMER,2022-08-02-01,2022-06-14-13,0.28189367039130436
OLLL,Geometry,82,RMER,2022-08-02-01,2022-06-14-13,0.2822008516760648
IL2L,Geometry,82,RMER,2022-08-02-01,2022-06-14-13,0.2752477690442166
URBR,Geometry,82,RMER,2022-08-02-01,2022-06-14-13,0.2909426501061398
OLLR,Geometry,82,RMER,2022-08-02-01,2022-06-14-13,0.29708578649220535
IL1DL,Geometry,82,RMER,2022-08-02-01,2022-06-14-13,0.295027363805997
IL1DR,Geometry,82,RMER,2022-08-02-01,2022-06-14-13,0.30234219089014197
URYVR,Geometry,82,RMER,2022-08-02-01,2022-06-14-13,0.284651812957651
IL2R,Geometry,82,RMER,2022-08-02-01,2022-06-14-13,0.278387506987974
URYDL,Geometry,82,RMER,2022-08-02-01,2022-06-14-13,0.29344062309057267
IL1L,Geometry,82,RMER,2022-08-02-01,2022-06-14-13,0.276353165460479
URBL,Geometry,82,RMER,2022-08-02-01,2022-06-14-13,0.28428261140984845
OLQDR,Geometry,82,RMER,2022-08-02-01,2022-06-14-13,0.30755384257288065
OLQDL,Geometry,82,RMER,2022-08-02-01,2022-06-14-13,0.3034015186682473
RMER,Geometry,83,RMER,2022-08-02-01,2022-06-14-13,0.30072054058185227
OLQVR,Geometry,82,RMER,2022-08-02-01,2022-06-14-13,0.28832266532569434
URYVL,Geometry,82,RMER,2022-08-02-01,2022-06-14-13,0.27827997370953866
RMED,Geometry,82,RMER,2022-08-02-01,2022-06-14-13,0.30147211741922414
RMEL,Geometry,82,RMER,2022-08-02-01,2022-06-14-13,0.2793694909339801
CEPVR,Geometry,82,RMER,2022-08-02-01,2022-06-14-13,0.2740899048868226
OLQVL,Geometry,82,RMER,2022-08-02-01,2022-06-14-13,0.27177121508979335
CEPVL,Geometry,82,RMER,2022-08-02-01,2022-06-14-13,0.2484071577772732
SAAVR,Geometry,82,RMER,2022-08-02-01,2022-06-14-13,0.26288177182926226
RID,Geometry,82,RMER,2022-08-02-01,2022-06-14-13,0.26301256679430096
SMDVR,Geometry,82,RMER,2022-08-02-01,2022-06-14-13,0.2433166252290955
URXR,Geometry,82,RMER,2022-08-02-01,2022-06-14-13,0.24136663709691453
RIAR,Geometry,82,RMER,2022-08-02-01,2022-06-14-13,0.24035025214339906
AVAR,Geometry,82,RMER,2022-08-02-01,2022-06-14-13,0.23414166554795116
SAAVL,Geometry,82,RMER,2022-08-02-01,2022-06-14-13,0.238183914306446
CEPDR,Geometry,82,RMER,2022-08-02-01,2022-06-14-13,0.2339228628565896
URXL,Geometry,82,RMER,2022-08-02-01,2022-06-14-13,0.2325267312288457
CEPDL,Geometry,82,RMER,2022-08-02-01,2022-06-14-13,0.2196987318212271
SMDDR,Geometry,82,RMER,2022-08-02-01,2022-06-14-13,0.19029734332044776
RMEV,Geometry,82,RMER,2022-08-02-01,2022-06-14-13,0.18929729696788947
RIAL,Geometry,82,RMER,2022-08-02-01,2022-06-14-13,0.2086405697795688
AVER,Geometry,82,RMER,2022-08-02-01,2022-06-14-13,0.19369363885253243
AWAR,Geometry,82,RMER,2022-08-02-01,2022-06-14-13,0.17613421895911227
SMDVL,Geometry,82,RMER,2022-08-02-01,2022-06-14-13,0.17933830797668862
AVAL,Geometry,82,RMER,2022-08-02-01,2022-06-14-13,0.16069571935499397
RMDL,Geometry,82,RMER,2022-08-02-01,2022-06-14-13,0.1311571493024452
AIBR,Geometry,82,RMER,2022-08-02-01,2022-06-14-13,0.13706560904476095
ASGR,Geometry,82,RMER,2022-08-02-01,2022-06-14-13,0.12659218255710464
AVL,Geometry,82,RMER,2022-08-02-01,2022-06-14-13,0.07173136975678637
AVEL,Geometry,82,RMER,2022-08-02-01,2022-06-14-13,0.09535479747042018
ASGL,Geometry,82,RMER,2022-08-02-01,2022-06-14-13,0.08060984819446285
ASHL,Geometry,82,RMER,2022-08-02-01,2022-06-14-13,0.05394752691265343
AIBL,Geometry,82,RMER,2022-08-02-01,2022-06-14-13,0.06659958015460397
AVHL,Geometry,82,RMER,2022-08-02-01,2022-06-14-13,0.03413745351430284
AWBL,Geometry,82,RMER,2022-08-02-01,2022-06-14-13,0.021160118889517097
RIVL,Geometry,82,RMER,2022-08-02-01,2022-06-14-13,0.04457254387941309
AWCL,Geometry,82,RMER,2022-08-02-01,2022-06-14-13,0.005600347389834585
SMDDL,Geometry,82,RMER,2022-08-02-01,2022-06-14-13,-0.022734159055701326
AVJR,Geometry,82,RMER,2022-08-02-01,2022-06-14-13,0.021178155485686682
AIZL,Geometry,82,RMER,2022-08-02-01,2022-06-14-13,0.007714412824043457
RIBL,Geometry,82,RMER,2022-08-02-01,2022-06-14-13,-0.020320689123671333
ASEL,Geometry,82,RMER,2022-08-02-01,2022-06-14-13,-0.020009079714560733
AVDR,Geometry,82,RMER,2022-08-02-01,2022-06-14-13,0.0028632495598969
AVDL,Geometry,82,RMER,2022-08-02-01,2022-06-14-13,-0.02530391556968407
AVJL,Geometry,82,RMER,2022-08-02-01,2022-06-14-13,-0.003209205488398636
RIVR,Geometry,82,RMER,2022-08-02-01,2022-06-14-13,-0.01905448436908004
AIZR,Geometry,82,RMER,2022-08-02-01,2022-06-14-13,-0.04226526256483681
AUAR,Geometry,82,RMER,2022-08-02-01,2022-06-14-13,-0.11677921893301997
AUAL,Geometry,82,RMER,2022-08-02-01,2022-06-14-13,-0.10189345648100909
RICR,Geometry,82,RMER,2022-08-02-01,2022-06-14-13,-0.08269229951747123
RICL,Geometry,82,RMER,2022-08-02-01,2022-06-14-13,-0.1477638000484906
M5,Geometry,82,RMER,2022-08-02-01,2022-06-14-13,-0.1671372521968417
AIML,Geometry,82,RMER,2022-08-02-01,2022-06-14-13,-0.2954818370321812
AIMR,Geometry,82,RMER,2022-08-02-01,2022-06-14-13,-0.22220621343082536
FLPL,Geometry,82,RMER,2022-08-02-01,2022-06-14-13,-0.22034174624996336
ADEL,Geometry,82,RMER,2022-08-02-01,2022-06-14-13,-0.21757889387536256
VB02,Geometry,82,RMER,2022-08-02-01,2022-06-14-13,-0.2524588744743514
ADAL,Geometry,82,RMER,2022-08-02-01,2022-06-14-13,-0.2225906546281427
I1R,Geometry,82,OLQVR,2022-08-02-01,2022-06-14-13,0.21961994659690282
IL2DL,Geometry,82,OLQVR,2022-08-02-01,2022-06-14-13,0.24154409061283916
I2R,Geometry,82,OLQVR,2022-08-02-01,2022-06-14-13,0.2250942406570851
I3,Geometry,82,OLQVR,2022-08-02-01,2022-06-14-13,0.242202652423526
NSMR,Geometry,82,OLQVR,2022-08-02-01,2022-06-14-13,0.22893255497744705
I2L,Geometry,82,OLQVR,2022-08-02-01,2022-06-14-13,0.2218736469292459
MCL,Geometry,82,OLQVR,2022-08-02-01,2022-06-14-13,0.22541184450505822
NSML,Geometry,82,OLQVR,2022-08-02-01,2022-06-14-13,0.22601476377736132
M4,Geometry,82,OLQVR,2022-08-02-01,2022-06-14-13,0.2516397857933441
M3R,Geometry,82,OLQVR,2022-08-02-01,2022-06-14-13,0.24604956425525504
M3L,Geometry,82,OLQVR,2022-08-02-01,2022-06-14-13,0.24174520068372404
IL2VL,Geometry,82,OLQVR,2022-08-02-01,2022-06-14-13,0.2436874887061837
IL1R,Geometry,82,OLQVR,2022-08-02-01,2022-06-14-13,0.2770077326763289
OLLL,Geometry,82,OLQVR,2022-08-02-01,2022-06-14-13,0.2780387635530376
IL2L,Geometry,82,OLQVR,2022-08-02-01,2022-06-14-13,0.27183371209525653
URBR,Geometry,82,OLQVR,2022-08-02-01,2022-06-14-13,0.2853663983639187
OLLR,Geometry,82,OLQVR,2022-08-02-01,2022-06-14-13,0.290811809971375
IL1DL,Geometry,82,OLQVR,2022-08-02-01,2022-06-14-13,0.2896940409469659
IL1DR,Geometry,82,OLQVR,2022-08-02-01,2022-06-14-13,0.2957518347096677
URYVR,Geometry,82,OLQVR,2022-08-02-01,2022-06-14-13,0.28071336116752293
IL2R,Geometry,82,OLQVR,2022-08-02-01,2022-06-14-13,0.27575043651991094
URYDL,Geometry,82,OLQVR,2022-08-02-01,2022-06-14-13,0.2885818167205598
IL1L,Geometry,82,OLQVR,2022-08-02-01,2022-06-14-13,0.2734757283504128
URBL,Geometry,82,OLQVR,2022-08-02-01,2022-06-14-13,0.2809353302604848
OLQDR,Geometry,82,OLQVR,2022-08-02-01,2022-06-14-13,0.3003808602325412
OLQDL,Geometry,82,OLQVR,2022-08-02-01,2022-06-14-13,0.29753385971283275
RMER,Geometry,82,OLQVR,2022-08-02-01,2022-06-14-13,0.2937670211296267
OLQVR,Geometry,83,OLQVR,2022-08-02-01,2022-06-14-13,0.28540760386634273
URYVL,Geometry,82,OLQVR,2022-08-02-01,2022-06-14-13,0.2760646974744657
RMED,Geometry,82,OLQVR,2022-08-02-01,2022-06-14-13,0.29426822619456294
RMEL,Geometry,82,OLQVR,2022-08-02-01,2022-06-14-13,0.2772255599522285
CEPVR,Geometry,82,OLQVR,2022-08-02-01,2022-06-14-13,0.27185484897861256
OLQVL,Geometry,82,OLQVR,2022-08-02-01,2022-06-14-13,0.2702549630190656
CEPVL,Geometry,82,OLQVR,2022-08-02-01,2022-06-14-13,0.2476148584508114
SAAVR,Geometry,82,OLQVR,2022-08-02-01,2022-06-14-13,0.257599014522992
RID,Geometry,82,OLQVR,2022-08-02-01,2022-06-14-13,0.2566203654223212
SMDVR,Geometry,82,OLQVR,2022-08-02-01,2022-06-14-13,0.23732929819237533
URXR,Geometry,82,OLQVR,2022-08-02-01,2022-06-14-13,0.2353754556938378
RIAR,Geometry,82,OLQVR,2022-08-02-01,2022-06-14-13,0.23524144281106882
AVAR,Geometry,82,OLQVR,2022-08-02-01,2022-06-14-13,0.22987900386103804
SAAVL,Geometry,82,OLQVR,2022-08-02-01,2022-06-14-13,0.2355242360367916
CEPDR,Geometry,82,OLQVR,2022-08-02-01,2022-06-14-13,0.22774122186772405
URXL,Geometry,82,OLQVR,2022-08-02-01,2022-06-14-13,0.22787465323820608
CEPDL,Geometry,82,OLQVR,2022-08-02-01,2022-06-14-13,0.21582968095322386
SMDDR,Geometry,82,OLQVR,2022-08-02-01,2022-06-14-13,0.19056835741384873
RMEV,Geometry,82,OLQVR,2022-08-02-01,2022-06-14-13,0.18956312121948857
RIAL,Geometry,82,OLQVR,2022-08-02-01,2022-06-14-13,0.20648701159581795
AVER,Geometry,82,OLQVR,2022-08-02-01,2022-06-14-13,0.19138112809371
AWAR,Geometry,82,OLQVR,2022-08-02-01,2022-06-14-13,0.17223821986518065
SMDVL,Geometry,82,OLQVR,2022-08-02-01,2022-06-14-13,0.1769481544441646
AVAL,Geometry,82,OLQVR,2022-08-02-01,2022-06-14-13,0.16117923883646135
RMDL,Geometry,82,OLQVR,2022-08-02-01,2022-06-14-13,0.13252664543685364
AIBR,Geometry,82,OLQVR,2022-08-02-01,2022-06-14-13,0.1354404435789081
ASGR,Geometry,82,OLQVR,2022-08-02-01,2022-06-14-13,0.12423416603793593
AVL,Geometry,82,OLQVR,2022-08-02-01,2022-06-14-13,0.07335830691242526
AVEL,Geometry,82,OLQVR,2022-08-02-01,2022-06-14-13,0.0970786561547775
ASGL,Geometry,82,OLQVR,2022-08-02-01,2022-06-14-13,0.08168029209909972
ASHL,Geometry,82,OLQVR,2022-08-02-01,2022-06-14-13,0.056185602927569564
AIBL,Geometry,82,OLQVR,2022-08-02-01,2022-06-14-13,0.06454097723075916
AVHL,Geometry,82,OLQVR,2022-08-02-01,2022-06-14-13,0.03623547273646605
AWBL,Geometry,82,OLQVR,2022-08-02-01,2022-06-14-13,0.024085973142763253
RIVL,Geometry,82,OLQVR,2022-08-02-01,2022-06-14-13,0.04528737951932151
AWCL,Geometry,82,OLQVR,2022-08-02-01,2022-06-14-13,0.008876495808765305
SMDDL,Geometry,82,OLQVR,2022-08-02-01,2022-06-14-13,-0.019143835893329214
AVJR,Geometry,82,OLQVR,2022-08-02-01,2022-06-14-13,0.02020692348174119
AIZL,Geometry,82,OLQVR,2022-08-02-01,2022-06-14-13,0.009706270213926999
RIBL,Geometry,82,OLQVR,2022-08-02-01,2022-06-14-13,-0.017089563833317754
ASEL,Geometry,82,OLQVR,2022-08-02-01,2022-06-14-13,-0.016715976564064036
AVDR,Geometry,82,OLQVR,2022-08-02-01,2022-06-14-13,0.0023489677871229883
AVDL,Geometry,82,OLQVR,2022-08-02-01,2022-06-14-13,-0.02225432867678265
AVJL,Geometry,82,OLQVR,2022-08-02-01,2022-06-14-13,-0.001969907935862212
RIVR,Geometry,82,OLQVR,2022-08-02-01,2022-06-14-13,-0.019335973996842854
AIZR,Geometry,82,OLQVR,2022-08-02-01,2022-06-14-13,-0.04217673188057322
AUAR,Geometry,82,OLQVR,2022-08-02-01,2022-06-14-13,-0.11250788187014914
AUAL,Geometry,82,OLQVR,2022-08-02-01,2022-06-14-13,-0.09775666592285057
RICR,Geometry,82,OLQVR,2022-08-02-01,2022-06-14-13,-0.08158459044588857
RICL,Geometry,82,OLQVR,2022-08-02-01,2022-06-14-13,-0.1437191721853544
M5,Geometry,82,OLQVR,2022-08-02-01,2022-06-14-13,-0.16382632560421612
AIML,Geometry,82,OLQVR,2022-08-02-01,2022-06-14-13,-0.26245108662329397
AIMR,Geometry,82,OLQVR,2022-08-02-01,2022-06-14-13,-0.21868271772455394
FLPL,Geometry,82,OLQVR,2022-08-02-01,2022-06-14-13,-0.21646712129745682
ADEL,Geometry,82,OLQVR,2022-08-02-01,2022-06-14-13,-0.21388033302147869
VB02,Geometry,82,OLQVR,2022-08-02-01,2022-06-14-13,-0.24838985625509266
ADAL,Geometry,82,OLQVR,2022-08-02-01,2022-06-14-13,-0.21874922188700738
I1R,Geometry,82,URYVL,2022-08-02-01,2022-06-14-13,0.2556585915030758
IL2DL,Geometry,82,URYVL,2022-08-02-01,2022-06-14-13,0.2775367568421592
I2R,Geometry,82,URYVL,2022-08-02-01,2022-06-14-13,0.25954616371783207
I3,Geometry,82,URYVL,2022-08-02-01,2022-06-14-13,0.2776762470221234
NSMR,Geometry,82,URYVL,2022-08-02-01,2022-06-14-13,0.2632152562117158
I2L,Geometry,82,URYVL,2022-08-02-01,2022-06-14-13,0.2591508986096341
MCL,Geometry,82,URYVL,2022-08-02-01,2022-06-14-13,0.2621586729475507
NSML,Geometry,82,URYVL,2022-08-02-01,2022-06-14-13,0.26291330220430387
M4,Geometry,82,URYVL,2022-08-02-01,2022-06-14-13,0.286360601291799
M3R,Geometry,82,URYVL,2022-08-02-01,2022-06-14-13,0.2784903571247268
M3L,Geometry,82,URYVL,2022-08-02-01,2022-06-14-13,0.27732910735475
IL2VL,Geometry,82,URYVL,2022-08-02-01,2022-06-14-13,0.27732698542015427
IL1R,Geometry,82,URYVL,2022-08-02-01,2022-06-14-13,0.30065209738262066
OLLL,Geometry,82,URYVL,2022-08-02-01,2022-06-14-13,0.3076024514709134
IL2L,Geometry,82,URYVL,2022-08-02-01,2022-06-14-13,0.3030935792774664
URBR,Geometry,82,URYVL,2022-08-02-01,2022-06-14-13,0.3051149047073176
OLLR,Geometry,82,URYVL,2022-08-02-01,2022-06-14-13,0.3096891735008884
IL1DL,Geometry,82,URYVL,2022-08-02-01,2022-06-14-13,0.31469072946627097
IL1DR,Geometry,82,URYVL,2022-08-02-01,2022-06-14-13,0.31443795263006097
URYVR,Geometry,82,URYVL,2022-08-02-01,2022-06-14-13,0.30001702700956345
IL2R,Geometry,82,URYVL,2022-08-02-01,2022-06-14-13,0.29478720590689894
URYDL,Geometry,82,URYVL,2022-08-02-01,2022-06-14-13,0.31349138747724237
IL1L,Geometry,82,URYVL,2022-08-02-01,2022-06-14-13,0.302011831338443
URBL,Geometry,82,URYVL,2022-08-02-01,2022-06-14-13,0.3064591896131841
OLQDR,Geometry,82,URYVL,2022-08-02-01,2022-06-14-13,0.31092892618367546
OLQDL,Geometry,82,URYVL,2022-08-02-01,2022-06-14-13,0.3135378968458356
RMER,Geometry,82,URYVL,2022-08-02-01,2022-06-14-13,0.30232251077141076
OLQVR,Geometry,82,URYVL,2022-08-02-01,2022-06-14-13,0.2952874884716445
URYVL,Geometry,83,URYVL,2022-08-02-01,2022-06-14-13,0.2987311542079637
RMED,Geometry,82,URYVL,2022-08-02-01,2022-06-14-13,0.2966491181444146
RMEL,Geometry,82,URYVL,2022-08-02-01,2022-06-14-13,0.29210353846555875
CEPVR,Geometry,82,URYVL,2022-08-02-01,2022-06-14-13,0.2764439610870128
OLQVL,Geometry,82,URYVL,2022-08-02-01,2022-06-14-13,0.28096050170076475
CEPVL,Geometry,82,URYVL,2022-08-02-01,2022-06-14-13,0.24676555031588024
SAAVR,Geometry,82,URYVL,2022-08-02-01,2022-06-14-13,0.24363994197583724
RID,Geometry,82,URYVL,2022-08-02-01,2022-06-14-13,0.24574176143594745
SMDVR,Geometry,82,URYVL,2022-08-02-01,2022-06-14-13,0.21747750393941592
URXR,Geometry,82,URYVL,2022-08-02-01,2022-06-14-13,0.2165979072886072
RIAR,Geometry,82,URYVL,2022-08-02-01,2022-06-14-13,0.21673458485198482
AVAR,Geometry,82,URYVL,2022-08-02-01,2022-06-14-13,0.20975298232642328
SAAVL,Geometry,82,URYVL,2022-08-02-01,2022-06-14-13,0.22837762735059244
CEPDR,Geometry,82,URYVL,2022-08-02-01,2022-06-14-13,0.20618137533696998
URXL,Geometry,82,URYVL,2022-08-02-01,2022-06-14-13,0.21290745214265935
CEPDL,Geometry,82,URYVL,2022-08-02-01,2022-06-14-13,0.2012569241421752
SMDDR,Geometry,82,URYVL,2022-08-02-01,2022-06-14-13,0.17136955193229975
RMEV,Geometry,82,URYVL,2022-08-02-01,2022-06-14-13,0.172988307135526
RIAL,Geometry,82,URYVL,2022-08-02-01,2022-06-14-13,0.1926881060745434
AVER,Geometry,82,URYVL,2022-08-02-01,2022-06-14-13,0.1662072042162488
AWAR,Geometry,82,URYVL,2022-08-02-01,2022-06-14-13,0.14218663113910085
SMDVL,Geometry,82,URYVL,2022-08-02-01,2022-06-14-13,0.15838419920247052
AVAL,Geometry,82,URYVL,2022-08-02-01,2022-06-14-13,0.1442552652786321
RMDL,Geometry,82,URYVL,2022-08-02-01,2022-06-14-13,0.11241692931415584
AIBR,Geometry,82,URYVL,2022-08-02-01,2022-06-14-13,0.10261246689256301
ASGR,Geometry,82,URYVL,2022-08-02-01,2022-06-14-13,0.0894112477696489
AVL,Geometry,82,URYVL,2022-08-02-01,2022-06-14-13,0.041672379841540916
AVEL,Geometry,82,URYVL,2022-08-02-01,2022-06-14-13,0.07195299384847852
ASGL,Geometry,82,URYVL,2022-08-02-01,2022-06-14-13,0.05545431631768681
ASHL,Geometry,82,URYVL,2022-08-02-01,2022-06-14-13,0.03084253868567098
AIBL,Geometry,82,URYVL,2022-08-02-01,2022-06-14-13,0.028631260165431032
AVHL,Geometry,82,URYVL,2022-08-02-01,2022-06-14-13,0.006771114885352391
AWBL,Geometry,82,URYVL,2022-08-02-01,2022-06-14-13,-0.0049900418744221655
RIVL,Geometry,82,URYVL,2022-08-02-01,2022-06-14-13,0.014669530174779094
AWCL,Geometry,82,URYVL,2022-08-02-01,2022-06-14-13,-0.0191916227061175
SMDDL,Geometry,82,URYVL,2022-08-02-01,2022-06-14-13,-0.052645056518636484
AVJR,Geometry,82,URYVL,2022-08-02-01,2022-06-14-13,-0.021722776613877337
AIZL,Geometry,82,URYVL,2022-08-02-01,2022-06-14-13,-0.02090933362997682
RIBL,Geometry,82,URYVL,2022-08-02-01,2022-06-14-13,-0.04997137567730046
ASEL,Geometry,82,URYVL,2022-08-02-01,2022-06-14-13,-0.047522755340478284
AVDR,Geometry,82,URYVL,2022-08-02-01,2022-06-14-13,-0.040308294808732326
AVDL,Geometry,82,URYVL,2022-08-02-01,2022-06-14-13,-0.05400590198594056
AVJL,Geometry,82,URYVL,2022-08-02-01,2022-06-14-13,-0.03495388972114757
RIVR,Geometry,82,URYVL,2022-08-02-01,2022-06-14-13,-0.06220888988851294
AIZR,Geometry,82,URYVL,2022-08-02-01,2022-06-14-13,-0.08596696670486297
AUAR,Geometry,82,URYVL,2022-08-02-01,2022-06-14-13,-0.14867896365817726
AUAL,Geometry,82,URYVL,2022-08-02-01,2022-06-14-13,-0.13126823447266078
RICR,Geometry,82,URYVL,2022-08-02-01,2022-06-14-13,-0.125619239498298
RICL,Geometry,82,URYVL,2022-08-02-01,2022-06-14-13,-0.17921390021387296
M5,Geometry,82,URYVL,2022-08-02-01,2022-06-14-13,-0.20125300670989346
AIML,Geometry,82,URYVL,2022-08-02-01,2022-06-14-13,-0.5622465900337331
AIMR,Geometry,82,URYVL,2022-08-02-01,2022-06-14-13,-0.25982448565826405
FLPL,Geometry,82,URYVL,2022-08-02-01,2022-06-14-13,-0.25274659475283784
ADEL,Geometry,82,URYVL,2022-08-02-01,2022-06-14-13,-0.2501581626484981
VB02,Geometry,82,URYVL,2022-08-02-01,2022-06-14-13,-0.28610499239352455
ADAL,Geometry,82,URYVL,2022-08-02-01,2022-06-14-13,-0.2546539018507317
I1R,Geometry,82,RMED,2022-08-02-01,2022-06-14-13,0.2396285601890275
IL2DL,Geometry,82,RMED,2022-08-02-01,2022-06-14-13,0.2639530197246982
I2R,Geometry,82,RMED,2022-08-02-01,2022-06-14-13,0.2444764452153997
I3,Geometry,82,RMED,2022-08-02-01,2022-06-14-13,0.2641613945512018
NSMR,Geometry,82,RMED,2022-08-02-01,2022-06-14-13,0.24848164386326255
I2L,Geometry,82,RMED,2022-08-02-01,2022-06-14-13,0.2424562892203331
MCL,Geometry,82,RMED,2022-08-02-01,2022-06-14-13,0.24603928275537185
NSML,Geometry,82,RMED,2022-08-02-01,2022-06-14-13,0.24655083324093205
M4,Geometry,82,RMED,2022-08-02-01,2022-06-14-13,0.2727391513262802
M3R,Geometry,82,RMED,2022-08-02-01,2022-06-14-13,0.2657574559147937
M3L,Geometry,82,RMED,2022-08-02-01,2022-06-14-13,0.2623305059481677
IL2VL,Geometry,82,RMED,2022-08-02-01,2022-06-14-13,0.26281272060693966
IL1R,Geometry,82,RMED,2022-08-02-01,2022-06-14-13,0.2946786998698722
OLLL,Geometry,82,RMED,2022-08-02-01,2022-06-14-13,0.29979878281058353
IL2L,Geometry,82,RMED,2022-08-02-01,2022-06-14-13,0.2931324574060247
URBR,Geometry,82,RMED,2022-08-02-01,2022-06-14-13,0.30244500521558376
OLLR,Geometry,82,RMED,2022-08-02-01,2022-06-14-13,0.3089736305707257
IL1DL,Geometry,82,RMED,2022-08-02-01,2022-06-14-13,0.31153913405003947
IL1DR,Geometry,82,RMED,2022-08-02-01,2022-06-14-13,0.31561143959615534
URYVR,Geometry,82,RMED,2022-08-02-01,2022-06-14-13,0.29528590932254234
IL2R,Geometry,82,RMED,2022-08-02-01,2022-06-14-13,0.28803880794230274
URYDL,Geometry,82,RMED,2022-08-02-01,2022-06-14-13,0.3101230831503999
IL1L,Geometry,82,RMED,2022-08-02-01,2022-06-14-13,0.2927759304092014
URBL,Geometry,82,RMED,2022-08-02-01,2022-06-14-13,0.30065995620705444
OLQDR,Geometry,82,RMED,2022-08-02-01,2022-06-14-13,0.3182866654087706
OLQDL,Geometry,82,RMED,2022-08-02-01,2022-06-14-13,0.31727121623129356
RMER,Geometry,82,RMED,2022-08-02-01,2022-06-14-13,0.30685060728579777
OLQVR,Geometry,82,RMED,2022-08-02-01,2022-06-14-13,0.2955402557069394
URYVL,Geometry,82,RMED,2022-08-02-01,2022-06-14-13,0.291209073724661
RMED,Geometry,83,RMED,2022-08-02-01,2022-06-14-13,0.31094012184684566
RMEL,Geometry,82,RMED,2022-08-02-01,2022-06-14-13,0.2908072112033108
CEPVR,Geometry,82,RMED,2022-08-02-01,2022-06-14-13,0.2782389771039762
OLQVL,Geometry,82,RMED,2022-08-02-01,2022-06-14-13,0.2801982580744563
CEPVL,Geometry,82,RMED,2022-08-02-01,2022-06-14-13,0.25081043063420705
SAAVR,Geometry,82,RMED,2022-08-02-01,2022-06-14-13,0.2606499458405779
RID,Geometry,82,RMED,2022-08-02-01,2022-06-14-13,0.26591113273535627
SMDVR,Geometry,82,RMED,2022-08-02-01,2022-06-14-13,0.23891827818174194
URXR,Geometry,82,RMED,2022-08-02-01,2022-06-14-13,0.2384944829966781
RIAR,Geometry,82,RMED,2022-08-02-01,2022-06-14-13,0.23685212342261694
AVAR,Geometry,82,RMED,2022-08-02-01,2022-06-14-13,0.22813538672327316
SAAVL,Geometry,82,RMED,2022-08-02-01,2022-06-14-13,0.24167594604842596
CEPDR,Geometry,82,RMED,2022-08-02-01,2022-06-14-13,0.22935421222247174
URXL,Geometry,82,RMED,2022-08-02-01,2022-06-14-13,0.23270693353819877
CEPDL,Geometry,82,RMED,2022-08-02-01,2022-06-14-13,0.2203252353692689
SMDDR,Geometry,82,RMED,2022-08-02-01,2022-06-14-13,0.18280290395174972
RMEV,Geometry,82,RMED,2022-08-02-01,2022-06-14-13,0.18369584769123254
RIAL,Geometry,82,RMED,2022-08-02-01,2022-06-14-13,0.20870790141022547
AVER,Geometry,82,RMED,2022-08-02-01,2022-06-14-13,0.18462662538524477
AWAR,Geometry,82,RMED,2022-08-02-01,2022-06-14-13,0.16572466393353522
SMDVL,Geometry,82,RMED,2022-08-02-01,2022-06-14-13,0.17753052979435838
AVAL,Geometry,82,RMED,2022-08-02-01,2022-06-14-13,0.1578570236516821
RMDL,Geometry,82,RMED,2022-08-02-01,2022-06-14-13,0.1260176074791985
AIBR,Geometry,82,RMED,2022-08-02-01,2022-06-14-13,0.12403642499991256
ASGR,Geometry,82,RMED,2022-08-02-01,2022-06-14-13,0.11323613977593536
AVL,Geometry,82,RMED,2022-08-02-01,2022-06-14-13,0.05756249462579012
AVEL,Geometry,82,RMED,2022-08-02-01,2022-06-14-13,0.08747010919474414
ASGL,Geometry,82,RMED,2022-08-02-01,2022-06-14-13,0.07307401679915926
ASHL,Geometry,82,RMED,2022-08-02-01,2022-06-14-13,0.04649680718262408
AIBL,Geometry,82,RMED,2022-08-02-01,2022-06-14-13,0.053914863068119684
AVHL,Geometry,82,RMED,2022-08-02-01,2022-06-14-13,0.024144282647002024
AWBL,Geometry,82,RMED,2022-08-02-01,2022-06-14-13,0.010846127461454297
RIVL,Geometry,82,RMED,2022-08-02-01,2022-06-14-13,0.034674689566125634
AWCL,Geometry,82,RMED,2022-08-02-01,2022-06-14-13,-0.004137284614468738
SMDDL,Geometry,82,RMED,2022-08-02-01,2022-06-14-13,-0.03664914630297249
AVJR,Geometry,82,RMED,2022-08-02-01,2022-06-14-13,0.002971978361899773
AIZL,Geometry,82,RMED,2022-08-02-01,2022-06-14-13,-0.0026454701183903535
RIBL,Geometry,82,RMED,2022-08-02-01,2022-06-14-13,-0.033310953704148494
ASEL,Geometry,82,RMED,2022-08-02-01,2022-06-14-13,-0.03142617802051125
AVDR,Geometry,82,RMED,2022-08-02-01,2022-06-14-13,-0.016075922164082383
AVDL,Geometry,82,RMED,2022-08-02-01,2022-06-14-13,-0.03712701800960731
AVJL,Geometry,82,RMED,2022-08-02-01,2022-06-14-13,-0.014717967701267601
RIVR,Geometry,82,RMED,2022-08-02-01,2022-06-14-13,-0.0379693643790764
AIZR,Geometry,82,RMED,2022-08-02-01,2022-06-14-13,-0.06216853157938553
AUAR,Geometry,82,RMED,2022-08-02-01,2022-06-14-13,-0.13265803782743033
AUAL,Geometry,82,RMED,2022-08-02-01,2022-06-14-13,-0.11558489380821609
RICR,Geometry,82,RMED,2022-08-02-01,2022-06-14-13,-0.10310913344771153
RICL,Geometry,82,RMED,2022-08-02-01,2022-06-14-13,-0.16277026232861574
M5,Geometry,82,RMED,2022-08-02-01,2022-06-14-13,-0.18333932969495373
AIML,Geometry,82,RMED,2022-08-02-01,2022-06-14-13,-0.43083987795613765
AIMR,Geometry,82,RMED,2022-08-02-01,2022-06-14-13,-0.24199714421209467
FLPL,Geometry,82,RMED,2022-08-02-01,2022-06-14-13,-0.2365432379904603
ADEL,Geometry,82,RMED,2022-08-02-01,2022-06-14-13,-0.23397192329708963
VB02,Geometry,82,RMED,2022-08-02-01,2022-06-14-13,-0.27047979504034636
ADAL,Geometry,82,RMED,2022-08-02-01,2022-06-14-13,-0.23904239032332958
I1R,Geometry,82,RMEL,2022-08-02-01,2022-06-14-13,0.2256909793059898
IL2DL,Geometry,82,RMEL,2022-08-02-01,2022-06-14-13,0.25044360933709714
I2R,Geometry,82,RMEL,2022-08-02-01,2022-06-14-13,0.22995156727256771
I3,Geometry,82,RMEL,2022-08-02-01,2022-06-14-13,0.2504310014948345
NSMR,Geometry,82,RMEL,2022-08-02-01,2022-06-14-13,0.2339536614665468
I2L,Geometry,82,RMEL,2022-08-02-01,2022-06-14-13,0.22941424071533392
MCL,Geometry,82,RMEL,2022-08-02-01,2022-06-14-13,0.23268120028319167
NSML,Geometry,82,RMEL,2022-08-02-01,2022-06-14-13,0.23348410053206414
M4,Geometry,82,RMEL,2022-08-02-01,2022-06-14-13,0.2592819709929395
M3R,Geometry,82,RMEL,2022-08-02-01,2022-06-14-13,0.2511500726538539
M3L,Geometry,82,RMEL,2022-08-02-01,2022-06-14-13,0.24960395542549102
IL2VL,Geometry,82,RMEL,2022-08-02-01,2022-06-14-13,0.250332496529787
IL1R,Geometry,82,RMEL,2022-08-02-01,2022-06-14-13,0.280161673370386
OLLL,Geometry,82,RMEL,2022-08-02-01,2022-06-14-13,0.28930427948610654
IL2L,Geometry,82,RMEL,2022-08-02-01,2022-06-14-13,0.28317818037188935
URBR,Geometry,82,RMEL,2022-08-02-01,2022-06-14-13,0.28828403342717945
OLLR,Geometry,82,RMEL,2022-08-02-01,2022-06-14-13,0.29517107894621303
IL1DL,Geometry,82,RMEL,2022-08-02-01,2022-06-14-13,0.30093375733625977
IL1DR,Geometry,82,RMEL,2022-08-02-01,2022-06-14-13,0.30286283311741113
URYVR,Geometry,82,RMEL,2022-08-02-01,2022-06-14-13,0.2818870467701818
IL2R,Geometry,82,RMEL,2022-08-02-01,2022-06-14-13,0.27506257438517073
URYDL,Geometry,82,RMEL,2022-08-02-01,2022-06-14-13,0.30066836577164924
IL1L,Geometry,82,RMEL,2022-08-02-01,2022-06-14-13,0.2838004624801978
URBL,Geometry,82,RMEL,2022-08-02-01,2022-06-14-13,0.29358008763764665
OLQDR,Geometry,82,RMEL,2022-08-02-01,2022-06-14-13,0.30693238884819013
OLQDL,Geometry,82,RMEL,2022-08-02-01,2022-06-14-13,0.3085191617247168
RMER,Geometry,82,RMEL,2022-08-02-01,2022-06-14-13,0.2945953550204836
OLQVR,Geometry,82,RMEL,2022-08-02-01,2022-06-14-13,0.2839081105401789
URYVL,Geometry,82,RMEL,2022-08-02-01,2022-06-14-13,0.2837858733157443
RMED,Geometry,82,RMEL,2022-08-02-01,2022-06-14-13,0.3017189517509647
RMEL,Geometry,83,RMEL,2022-08-02-01,2022-06-14-13,0.2893036326387136
CEPVR,Geometry,82,RMEL,2022-08-02-01,2022-06-14-13,0.26999564861008685
OLQVL,Geometry,82,RMEL,2022-08-02-01,2022-06-14-13,0.2758031563310616
CEPVL,Geometry,82,RMEL,2022-08-02-01,2022-06-14-13,0.24790881522976746
SAAVR,Geometry,82,RMEL,2022-08-02-01,2022-06-14-13,0.2556215055911001
RID,Geometry,82,RMEL,2022-08-02-01,2022-06-14-13,0.2637455385297892
SMDVR,Geometry,82,RMEL,2022-08-02-01,2022-06-14-13,0.2358656544827961
URXR,Geometry,82,RMEL,2022-08-02-01,2022-06-14-13,0.23701219487659544
RIAR,Geometry,82,RMEL,2022-08-02-01,2022-06-14-13,0.23519711513296981
AVAR,Geometry,82,RMEL,2022-08-02-01,2022-06-14-13,0.22520984569395167
SAAVL,Geometry,82,RMEL,2022-08-02-01,2022-06-14-13,0.24487059559149
CEPDR,Geometry,82,RMEL,2022-08-02-01,2022-06-14-13,0.2279050639628961
URXL,Geometry,82,RMEL,2022-08-02-01,2022-06-14-13,0.23493884921989042
CEPDL,Geometry,82,RMEL,2022-08-02-01,2022-06-14-13,0.22479056591126206
SMDDR,Geometry,82,RMEL,2022-08-02-01,2022-06-14-13,0.1823448303829678
RMEV,Geometry,82,RMEL,2022-08-02-01,2022-06-14-13,0.1845915343379641
RIAL,Geometry,82,RMEL,2022-08-02-01,2022-06-14-13,0.21432303972230562
AVER,Geometry,82,RMEL,2022-08-02-01,2022-06-14-13,0.18529500796973766
AWAR,Geometry,82,RMEL,2022-08-02-01,2022-06-14-13,0.16817298718857734
SMDVL,Geometry,82,RMEL,2022-08-02-01,2022-06-14-13,0.18563223089208328
AVAL,Geometry,82,RMEL,2022-08-02-01,2022-06-14-13,0.16596966022042509
RMDL,Geometry,82,RMEL,2022-08-02-01,2022-06-14-13,0.1349336874952673
AIBR,Geometry,82,RMEL,2022-08-02-01,2022-06-14-13,0.1282774270303437
ASGR,Geometry,82,RMEL,2022-08-02-01,2022-06-14-13,0.1189623346130137
AVL,Geometry,82,RMEL,2022-08-02-01,2022-06-14-13,0.06278131287873345
AVEL,Geometry,82,RMEL,2022-08-02-01,2022-06-14-13,0.09824907598841737
ASGL,Geometry,82,RMEL,2022-08-02-01,2022-06-14-13,0.08597632330011586
ASHL,Geometry,82,RMEL,2022-08-02-01,2022-06-14-13,0.060217124657643666
AIBL,Geometry,82,RMEL,2022-08-02-01,2022-06-14-13,0.06452328742575487
AVHL,Geometry,82,RMEL,2022-08-02-01,2022-06-14-13,0.03830101734781442
AWBL,Geometry,82,RMEL,2022-08-02-01,2022-06-14-13,0.024880115815584285
RIVL,Geometry,82,RMEL,2022-08-02-01,2022-06-14-13,0.04863134826857788
AWCL,Geometry,82,RMEL,2022-08-02-01,2022-06-14-13,0.010188287317694554
SMDDL,Geometry,82,RMEL,2022-08-02-01,2022-06-14-13,-0.023789282932698042
AVJR,Geometry,82,RMEL,2022-08-02-01,2022-06-14-13,0.011571250155177761
AIZL,Geometry,82,RMEL,2022-08-02-01,2022-06-14-13,0.012460997745406384
RIBL,Geometry,82,RMEL,2022-08-02-01,2022-06-14-13,-0.019116277185512738
ASEL,Geometry,82,RMEL,2022-08-02-01,2022-06-14-13,-0.01630604121460832
AVDR,Geometry,82,RMEL,2022-08-02-01,2022-06-14-13,-0.007372318551500027
AVDL,Geometry,82,RMEL,2022-08-02-01,2022-06-14-13,-0.021740678140179624
AVJL,Geometry,82,RMEL,2022-08-02-01,2022-06-14-13,0.00033918842360998355
RIVR,Geometry,82,RMEL,2022-08-02-01,2022-06-14-13,-0.02782059856062454
AIZR,Geometry,82,RMEL,2022-08-02-01,2022-06-14-13,-0.05270554701342254
AUAR,Geometry,82,RMEL,2022-08-02-01,2022-06-14-13,-0.11801118912327342
AUAL,Geometry,82,RMEL,2022-08-02-01,2022-06-14-13,-0.09993289271348324
RICR,Geometry,82,RMEL,2022-08-02-01,2022-06-14-13,-0.09267452656533876
RICL,Geometry,82,RMEL,2022-08-02-01,2022-06-14-13,-0.14676513422575346
M5,Geometry,82,RMEL,2022-08-02-01,2022-06-14-13,-0.16758071136488276
AIML,Geometry,82,RMEL,2022-08-02-01,2022-06-14-13,-0.3166010613821619
AIMR,Geometry,82,RMEL,2022-08-02-01,2022-06-14-13,-0.2289669651495282
FLPL,Geometry,82,RMEL,2022-08-02-01,2022-06-14-13,-0.22102997164643165
ADEL,Geometry,82,RMEL,2022-08-02-01,2022-06-14-13,-0.21885173299674932
VB02,Geometry,82,RMEL,2022-08-02-01,2022-06-14-13,-0.25631990710912655
ADAL,Geometry,82,RMEL,2022-08-02-01,2022-06-14-13,-0.22412368661501425
I1R,Geometry,82,CEPVR,2022-08-02-01,2022-06-14-13,0.19836554344213456
IL2DL,Geometry,82,CEPVR,2022-08-02-01,2022-06-14-13,0.2201164486709044
I2R,Geometry,82,CEPVR,2022-08-02-01,2022-06-14-13,0.2040665523963724
I3,Geometry,82,CEPVR,2022-08-02-01,2022-06-14-13,0.22086217135723527
NSMR,Geometry,82,CEPVR,2022-08-02-01,2022-06-14-13,0.20789146310170334
I2L,Geometry,82,CEPVR,2022-08-02-01,2022-06-14-13,0.20036469744464727
MCL,Geometry,82,CEPVR,2022-08-02-01,2022-06-14-13,0.2039534750477691
NSML,Geometry,82,CEPVR,2022-08-02-01,2022-06-14-13,0.20454587765695145
M4,Geometry,82,CEPVR,2022-08-02-01,2022-06-14-13,0.23041036036579285
M3R,Geometry,82,CEPVR,2022-08-02-01,2022-06-14-13,0.2252383516905202
M3L,Geometry,82,CEPVR,2022-08-02-01,2022-06-14-13,0.2205327594933995
IL2VL,Geometry,82,CEPVR,2022-08-02-01,2022-06-14-13,0.22311670853629412
IL1R,Geometry,82,CEPVR,2022-08-02-01,2022-06-14-13,0.2584931421476933
OLLL,Geometry,82,CEPVR,2022-08-02-01,2022-06-14-13,0.25906407185601316
IL2L,Geometry,82,CEPVR,2022-08-02-01,2022-06-14-13,0.25252258541312994
URBR,Geometry,82,CEPVR,2022-08-02-01,2022-06-14-13,0.26820018479847807
OLLR,Geometry,82,CEPVR,2022-08-02-01,2022-06-14-13,0.27419348787885983
IL1DL,Geometry,82,CEPVR,2022-08-02-01,2022-06-14-13,0.27220731124487824
IL1DR,Geometry,82,CEPVR,2022-08-02-01,2022-06-14-13,0.27964794317570807
URYVR,Geometry,82,CEPVR,2022-08-02-01,2022-06-14-13,0.2636614816860494
IL2R,Geometry,82,CEPVR,2022-08-02-01,2022-06-14-13,0.25902211081206195
URYDL,Geometry,82,CEPVR,2022-08-02-01,2022-06-14-13,0.2715428751162993
IL1L,Geometry,82,CEPVR,2022-08-02-01,2022-06-14-13,0.25540435555681573
URBL,Geometry,82,CEPVR,2022-08-02-01,2022-06-14-13,0.26435505448611885
OLQDR,Geometry,82,CEPVR,2022-08-02-01,2022-06-14-13,0.2880014850164711
OLQDL,Geometry,82,CEPVR,2022-08-02-01,2022-06-14-13,0.28403733478763243
RMER,Geometry,82,CEPVR,2022-08-02-01,2022-06-14-13,0.28125060336270663
OLQVR,Geometry,82,CEPVR,2022-08-02-01,2022-06-14-13,0.2709916427268266
URYVL,Geometry,82,CEPVR,2022-08-02-01,2022-06-14-13,0.26097997716069504
RMED,Geometry,82,CEPVR,2022-08-02-01,2022-06-14-13,0.2865013533587068
RMEL,Geometry,82,CEPVR,2022-08-02-01,2022-06-14-13,0.2662027564464969
CEPVR,Geometry,83,CEPVR,2022-08-02-01,2022-06-14-13,0.26434369613676895
OLQVL,Geometry,82,CEPVR,2022-08-02-01,2022-06-14-13,0.2602916110043016
CEPVL,Geometry,82,CEPVR,2022-08-02-01,2022-06-14-13,0.24328192437666316
SAAVR,Geometry,82,CEPVR,2022-08-02-01,2022-06-14-13,0.25757559396042395
RID,Geometry,82,CEPVR,2022-08-02-01,2022-06-14-13,0.25667429102775174
SMDVR,Geometry,82,CEPVR,2022-08-02-01,2022-06-14-13,0.240767899972591
URXR,Geometry,82,CEPVR,2022-08-02-01,2022-06-14-13,0.23893127053884602
RIAR,Geometry,82,CEPVR,2022-08-02-01,2022-06-14-13,0.23846789583127428
AVAR,Geometry,82,CEPVR,2022-08-02-01,2022-06-14-13,0.2332809986359502
SAAVL,Geometry,82,CEPVR,2022-08-02-01,2022-06-14-13,0.2354407474759206
CEPDR,Geometry,82,CEPVR,2022-08-02-01,2022-06-14-13,0.23266104739945473
URXL,Geometry,82,CEPVR,2022-08-02-01,2022-06-14-13,0.23096152575042847
CEPDL,Geometry,82,CEPVR,2022-08-02-01,2022-06-14-13,0.21956199091860443
SMDDR,Geometry,82,CEPVR,2022-08-02-01,2022-06-14-13,0.19474589808503007
RMEV,Geometry,82,CEPVR,2022-08-02-01,2022-06-14-13,0.19312298193472827
RIAL,Geometry,82,CEPVR,2022-08-02-01,2022-06-14-13,0.2101988958459276
AVER,Geometry,82,CEPVR,2022-08-02-01,2022-06-14-13,0.1985061343586272
AWAR,Geometry,82,CEPVR,2022-08-02-01,2022-06-14-13,0.1823253553764589
SMDVL,Geometry,82,CEPVR,2022-08-02-01,2022-06-14-13,0.18383971964668197
AVAL,Geometry,82,CEPVR,2022-08-02-01,2022-06-14-13,0.16747386574745513
RMDL,Geometry,82,CEPVR,2022-08-02-01,2022-06-14-13,0.14062416482042853
AIBR,Geometry,82,CEPVR,2022-08-02-01,2022-06-14-13,0.14752348862277706
ASGR,Geometry,82,CEPVR,2022-08-02-01,2022-06-14-13,0.13793416192025806
AVL,Geometry,82,CEPVR,2022-08-02-01,2022-06-14-13,0.08569841598091152
AVEL,Geometry,82,CEPVR,2022-08-02-01,2022-06-14-13,0.1083310385733851
ASGL,Geometry,82,CEPVR,2022-08-02-01,2022-06-14-13,0.09440999096332556
ASHL,Geometry,82,CEPVR,2022-08-02-01,2022-06-14-13,0.0690234501856647
AIBL,Geometry,82,CEPVR,2022-08-02-01,2022-06-14-13,0.0809754678878294
AVHL,Geometry,82,CEPVR,2022-08-02-01,2022-06-14-13,0.05133245298263911
AWBL,Geometry,82,CEPVR,2022-08-02-01,2022-06-14-13,0.03906607943060713
RIVL,Geometry,82,CEPVR,2022-08-02-01,2022-06-14-13,0.06072153909189696
AWCL,Geometry,82,CEPVR,2022-08-02-01,2022-06-14-13,0.023575238688411056
SMDDL,Geometry,82,CEPVR,2022-08-02-01,2022-06-14-13,-0.0026071425926892547
AVJR,Geometry,82,CEPVR,2022-08-02-01,2022-06-14-13,0.039204939699168335
AIZL,Geometry,82,CEPVR,2022-08-02-01,2022-06-14-13,0.025891437830949073
RIBL,Geometry,82,CEPVR,2022-08-02-01,2022-06-14-13,-3.321049875795085e-05
ASEL,Geometry,82,CEPVR,2022-08-02-01,2022-06-14-13,-0.00018073325291461127
AVDR,Geometry,82,CEPVR,2022-08-02-01,2022-06-14-13,0.021835428069079888
AVDL,Geometry,82,CEPVR,2022-08-02-01,2022-06-14-13,-0.0051067592145918345
AVJL,Geometry,82,CEPVR,2022-08-02-01,2022-06-14-13,0.015423926602458064
RIVR,Geometry,82,CEPVR,2022-08-02-01,2022-06-14-13,0.0010633739648723836
AIZR,Geometry,82,CEPVR,2022-08-02-01,2022-06-14-13,-0.021542311387602448
AUAR,Geometry,82,CEPVR,2022-08-02-01,2022-06-14-13,-0.09334390669983395
AUAL,Geometry,82,CEPVR,2022-08-02-01,2022-06-14-13,-0.07918879245464663
RICR,Geometry,82,CEPVR,2022-08-02-01,2022-06-14-13,-0.060215256917798624
RICL,Geometry,82,CEPVR,2022-08-02-01,2022-06-14-13,-0.12367127139419619
M5,Geometry,82,CEPVR,2022-08-02-01,2022-06-14-13,-0.14249639764419197
AIML,Geometry,82,CEPVR,2022-08-02-01,2022-06-14-13,-0.04726883984567514
AIMR,Geometry,82,CEPVR,2022-08-02-01,2022-06-14-13,-0.19665978310559742
FLPL,Geometry,82,CEPVR,2022-08-02-01,2022-06-14-13,-0.19530012894077012
ADEL,Geometry,82,CEPVR,2022-08-02-01,2022-06-14-13,-0.19270062575738758
VB02,Geometry,82,CEPVR,2022-08-02-01,2022-06-14-13,-0.22694989953789724
ADAL,Geometry,82,CEPVR,2022-08-02-01,2022-06-14-13,-0.19768288029645567
I1R,Geometry,82,OLQVL,2022-08-02-01,2022-06-14-13,0.23522772039300804
IL2DL,Geometry,82,OLQVL,2022-08-02-01,2022-06-14-13,0.2577187054325501
I2R,Geometry,82,OLQVL,2022-08-02-01,2022-06-14-13,0.23934950167505722
I3,Geometry,82,OLQVL,2022-08-02-01,2022-06-14-13,0.2578742967125625
NSMR,Geometry,82,OLQVL,2022-08-02-01,2022-06-14-13,0.24312806684502866
I2L,Geometry,82,OLQVL,2022-08-02-01,2022-06-14-13,0.23898696759906657
MCL,Geometry,82,OLQVL,2022-08-02-01,2022-06-14-13,0.24199207796545089
NSML,Geometry,82,OLQVL,2022-08-02-01,2022-06-14-13,0.2429115850267475
M4,Geometry,82,OLQVL,2022-08-02-01,2022-06-14-13,0.26695986880662886
M3R,Geometry,82,OLQVL,2022-08-02-01,2022-06-14-13,0.25922875073636004
M3L,Geometry,82,OLQVL,2022-08-02-01,2022-06-14-13,0.25816724780029776
IL2VL,Geometry,82,OLQVL,2022-08-02-01,2022-06-14-13,0.2590100903910654
IL1R,Geometry,82,OLQVL,2022-08-02-01,2022-06-14-13,0.28486147867423184
OLLL,Geometry,82,OLQVL,2022-08-02-01,2022-06-14-13,0.29248549899797477
IL2L,Geometry,82,OLQVL,2022-08-02-01,2022-06-14-13,0.2875325374106764
URBR,Geometry,82,OLQVL,2022-08-02-01,2022-06-14-13,0.29110344749197564
OLLR,Geometry,82,OLQVL,2022-08-02-01,2022-06-14-13,0.2964282924394897
IL1DL,Geometry,82,OLQVL,2022-08-02-01,2022-06-14-13,0.301444210659568
IL1DR,Geometry,82,OLQVL,2022-08-02-01,2022-06-14-13,0.3023379907249392
URYVR,Geometry,82,OLQVL,2022-08-02-01,2022-06-14-13,0.2863746996136611
IL2R,Geometry,82,OLQVL,2022-08-02-01,2022-06-14-13,0.2812168978689788
URYDL,Geometry,82,OLQVL,2022-08-02-01,2022-06-14-13,0.3009762089175775
IL1L,Geometry,82,OLQVL,2022-08-02-01,2022-06-14-13,0.2878729012502253
URBL,Geometry,82,OLQVL,2022-08-02-01,2022-06-14-13,0.29478104545420125
OLQDR,Geometry,82,OLQVL,2022-08-02-01,2022-06-14-13,0.30297497096329873
OLQDL,Geometry,82,OLQVL,2022-08-02-01,2022-06-14-13,0.30519151166600905
RMER,Geometry,82,OLQVL,2022-08-02-01,2022-06-14-13,0.2937357799029259
OLQVR,Geometry,82,OLQVL,2022-08-02-01,2022-06-14-13,0.28589703220054186
URYVL,Geometry,82,OLQVL,2022-08-02-01,2022-06-14-13,0.2868836298732209
RMED,Geometry,82,OLQVL,2022-08-02-01,2022-06-14-13,0.29378455947523013
RMEL,Geometry,82,OLQVL,2022-08-02-01,2022-06-14-13,0.2872299687741496
CEPVR,Geometry,82,OLQVL,2022-08-02-01,2022-06-14-13,0.2716349649349774
OLQVL,Geometry,83,OLQVL,2022-08-02-01,2022-06-14-13,0.277755608064706
CEPVL,Geometry,82,OLQVL,2022-08-02-01,2022-06-14-13,0.2473422847558757
SAAVR,Geometry,82,OLQVL,2022-08-02-01,2022-06-14-13,0.24719764482904835
RID,Geometry,82,OLQVL,2022-08-02-01,2022-06-14-13,0.2507816474672182
SMDVR,Geometry,82,OLQVL,2022-08-02-01,2022-06-14-13,0.22410588745365725
URXR,Geometry,82,OLQVL,2022-08-02-01,2022-06-14-13,0.22398681768110237
RIAR,Geometry,82,OLQVL,2022-08-02-01,2022-06-14-13,0.22382269654954975
AVAR,Geometry,82,OLQVL,2022-08-02-01,2022-06-14-13,0.21636734729785087
SAAVL,Geometry,82,OLQVL,2022-08-02-01,2022-06-14-13,0.23489134412861784
CEPDR,Geometry,82,OLQVL,2022-08-02-01,2022-06-14-13,0.2143187360026197
URXL,Geometry,82,OLQVL,2022-08-02-01,2022-06-14-13,0.22140878191100322
CEPDL,Geometry,82,OLQVL,2022-08-02-01,2022-06-14-13,0.21091468175353034
SMDDR,Geometry,82,OLQVL,2022-08-02-01,2022-06-14-13,0.1790390268696764
RMEV,Geometry,82,OLQVL,2022-08-02-01,2022-06-14-13,0.1808170828050753
RIAL,Geometry,82,OLQVL,2022-08-02-01,2022-06-14-13,0.20266514095695706
AVER,Geometry,82,OLQVL,2022-08-02-01,2022-06-14-13,0.176399253792767
AWAR,Geometry,82,OLQVL,2022-08-02-01,2022-06-14-13,0.15488875958673176
SMDVL,Geometry,82,OLQVL,2022-08-02-01,2022-06-14-13,0.17123824001238852
AVAL,Geometry,82,OLQVL,2022-08-02-01,2022-06-14-13,0.15657439179724425
RMDL,Geometry,82,OLQVL,2022-08-02-01,2022-06-14-13,0.12611806209597604
AIBR,Geometry,82,OLQVL,2022-08-02-01,2022-06-14-13,0.11713031118488691
ASGR,Geometry,82,OLQVL,2022-08-02-01,2022-06-14-13,0.10532915172214434
AVL,Geometry,82,OLQVL,2022-08-02-01,2022-06-14-13,0.056312836153352724
AVEL,Geometry,82,OLQVL,2022-08-02-01,2022-06-14-13,0.0881624855993825
ASGL,Geometry,82,OLQVL,2022-08-02-01,2022-06-14-13,0.07325053618460133
ASHL,Geometry,82,OLQVL,2022-08-02-01,2022-06-14-13,0.04886036763927254
AIBL,Geometry,82,OLQVL,2022-08-02-01,2022-06-14-13,0.047797353133479104
AVHL,Geometry,82,OLQVL,2022-08-02-01,2022-06-14-13,0.02618055594199829
AWBL,Geometry,82,OLQVL,2022-08-02-01,2022-06-14-13,0.01420008302094201
RIVL,Geometry,82,OLQVL,2022-08-02-01,2022-06-14-13,0.034322255652610906
AWCL,Geometry,82,OLQVL,2022-08-02-01,2022-06-14-13,-0.0001216512179359031
SMDDL,Geometry,82,OLQVL,2022-08-02-01,2022-06-14-13,-0.032937438872332976
AVJR,Geometry,82,OLQVL,2022-08-02-01,2022-06-14-13,-0.002177739000369863
AIZL,Geometry,82,OLQVL,2022-08-02-01,2022-06-14-13,-0.000594342843644022
RIBL,Geometry,82,OLQVL,2022-08-02-01,2022-06-14-13,-0.029664127129361135
ASEL,Geometry,82,OLQVL,2022-08-02-01,2022-06-14-13,-0.027232075940958778
AVDR,Geometry,82,OLQVL,2022-08-02-01,2022-06-14-13,-0.02046781501313027
AVDL,Geometry,82,OLQVL,2022-08-02-01,2022-06-14-13,-0.03327254144000766
AVJL,Geometry,82,OLQVL,2022-08-02-01,2022-06-14-13,-0.013983748348216465
RIVR,Geometry,82,OLQVL,2022-08-02-01,2022-06-14-13,-0.041528279224851396
AIZR,Geometry,82,OLQVL,2022-08-02-01,2022-06-14-13,-0.06530587766774991
AUAR,Geometry,82,OLQVL,2022-08-02-01,2022-06-14-13,-0.12724372811602713
AUAL,Geometry,82,OLQVL,2022-08-02-01,2022-06-14-13,-0.10998871799068236
RICR,Geometry,82,OLQVL,2022-08-02-01,2022-06-14-13,-0.1043238496252008
RICL,Geometry,82,OLQVL,2022-08-02-01,2022-06-14-13,-0.15716093466290518
M5,Geometry,82,OLQVL,2022-08-02-01,2022-06-14-13,-0.1788136417209171
AIML,Geometry,82,OLQVL,2022-08-02-01,2022-06-14-13,-0.40362671105747244
AIMR,Geometry,82,OLQVL,2022-08-02-01,2022-06-14-13,-0.2380312265766289
FLPL,Geometry,82,OLQVL,2022-08-02-01,2022-06-14-13,-0.23093396949291561
ADEL,Geometry,82,OLQVL,2022-08-02-01,2022-06-14-13,-0.22863795450142144
VB02,Geometry,82,OLQVL,2022-08-02-01,2022-06-14-13,-0.2648205787626131
ADAL,Geometry,82,OLQVL,2022-08-02-01,2022-06-14-13,-0.23342842466377492
I1R,Geometry,82,CEPVL,2022-08-02-01,2022-06-14-13,0.20025140827157584
IL2DL,Geometry,82,CEPVL,2022-08-02-01,2022-06-14-13,0.2224823172785874
I2R,Geometry,82,CEPVL,2022-08-02-01,2022-06-14-13,0.20494535733117558
I3,Geometry,82,CEPVL,2022-08-02-01,2022-06-14-13,0.22280406963650928
NSMR,Geometry,82,CEPVL,2022-08-02-01,2022-06-14-13,0.20875968262600528
I2L,Geometry,82,CEPVL,2022-08-02-01,2022-06-14-13,0.20381712014614903
MCL,Geometry,82,CEPVL,2022-08-02-01,2022-06-14-13,0.20684994714757757
NSML,Geometry,82,CEPVL,2022-08-02-01,2022-06-14-13,0.20790520941059604
M4,Geometry,82,CEPVL,2022-08-02-01,2022-06-14-13,0.23242040660337338
M3R,Geometry,82,CEPVL,2022-08-02-01,2022-06-14-13,0.2256515797544991
M3L,Geometry,82,CEPVL,2022-08-02-01,2022-06-14-13,0.2239209405929463
IL2VL,Geometry,82,CEPVL,2022-08-02-01,2022-06-14-13,0.2262546511719759
IL1R,Geometry,82,CEPVL,2022-08-02-01,2022-06-14-13,0.25622157900061643
OLLL,Geometry,82,CEPVL,2022-08-02-01,2022-06-14-13,0.26245267645397613
IL2L,Geometry,82,CEPVL,2022-08-02-01,2022-06-14-13,0.2569581130920676
URBR,Geometry,82,CEPVL,2022-08-02-01,2022-06-14-13,0.26497481973366094
OLLR,Geometry,82,CEPVL,2022-08-02-01,2022-06-14-13,0.27099264464736916
IL1DL,Geometry,82,CEPVL,2022-08-02-01,2022-06-14-13,0.2740086509100296
IL1DR,Geometry,82,CEPVL,2022-08-02-01,2022-06-14-13,0.27765429951872217
URYVR,Geometry,82,CEPVL,2022-08-02-01,2022-06-14-13,0.26108778233662405
IL2R,Geometry,82,CEPVL,2022-08-02-01,2022-06-14-13,0.2566301580165642
URYDL,Geometry,82,CEPVL,2022-08-02-01,2022-06-14-13,0.274425483943832
IL1L,Geometry,82,CEPVL,2022-08-02-01,2022-06-14-13,0.2598137408047162
URBL,Geometry,82,CEPVL,2022-08-02-01,2022-06-14-13,0.2692150876157998
OLQDR,Geometry,82,CEPVL,2022-08-02-01,2022-06-14-13,0.2846431181215628
OLQDL,Geometry,82,CEPVL,2022-08-02-01,2022-06-14-13,0.28492142926171565
RMER,Geometry,82,CEPVL,2022-08-02-01,2022-06-14-13,0.27608968086421765
OLQVR,Geometry,82,CEPVL,2022-08-02-01,2022-06-14-13,0.26722611757184783
URYVL,Geometry,82,CEPVL,2022-08-02-01,2022-06-14-13,0.26436346666837546
RMED,Geometry,82,CEPVL,2022-08-02-01,2022-06-14-13,0.28311269872480643
RMEL,Geometry,82,CEPVL,2022-08-02-01,2022-06-14-13,0.27169459861814804
CEPVR,Geometry,82,CEPVL,2022-08-02-01,2022-06-14-13,0.2603538554218606
OLQVL,Geometry,82,CEPVL,2022-08-02-01,2022-06-14-13,0.26318288410756885
CEPVL,Geometry,83,CEPVL,2022-08-02-01,2022-06-14-13,0.24519874730165656
SAAVR,Geometry,82,CEPVL,2022-08-02-01,2022-06-14-13,0.24989133986841122
RID,Geometry,82,CEPVL,2022-08-02-01,2022-06-14-13,0.253131876262674
SMDVR,Geometry,82,CEPVL,2022-08-02-01,2022-06-14-13,0.2319559194942119
URXR,Geometry,82,CEPVL,2022-08-02-01,2022-06-14-13,0.23205641594992749
RIAR,Geometry,82,CEPVL,2022-08-02-01,2022-06-14-13,0.23185524651200964
AVAR,Geometry,82,CEPVL,2022-08-02-01,2022-06-14-13,0.22513270632843377
SAAVL,Geometry,82,CEPVL,2022-08-02-01,2022-06-14-13,0.23858934092336195
CEPDR,Geometry,82,CEPVL,2022-08-02-01,2022-06-14-13,0.22426709482868273
URXL,Geometry,82,CEPVL,2022-08-02-01,2022-06-14-13,0.22943809248424527
CEPDL,Geometry,82,CEPVL,2022-08-02-01,2022-06-14-13,0.22027931659316546
SMDDR,Geometry,82,CEPVL,2022-08-02-01,2022-06-14-13,0.19077087108335813
RMEV,Geometry,82,CEPVL,2022-08-02-01,2022-06-14-13,0.1916289498390643
RIAL,Geometry,82,CEPVL,2022-08-02-01,2022-06-14-13,0.21281041183846844
AVER,Geometry,82,CEPVL,2022-08-02-01,2022-06-14-13,0.1917420054970367
AWAR,Geometry,82,CEPVL,2022-08-02-01,2022-06-14-13,0.17392298400557868
SMDVL,Geometry,82,CEPVL,2022-08-02-01,2022-06-14-13,0.18617236742674317
AVAL,Geometry,82,CEPVL,2022-08-02-01,2022-06-14-13,0.17189836798734237
RMDL,Geometry,82,CEPVL,2022-08-02-01,2022-06-14-13,0.14458422305825788
AIBR,Geometry,82,CEPVL,2022-08-02-01,2022-06-14-13,0.1402821651654203
ASGR,Geometry,82,CEPVL,2022-08-02-01,2022-06-14-13,0.1303334329572129
AVL,Geometry,82,CEPVL,2022-08-02-01,2022-06-14-13,0.08081246451191829
AVEL,Geometry,82,CEPVL,2022-08-02-01,2022-06-14-13,0.11154865872559733
ASGL,Geometry,82,CEPVL,2022-08-02-01,2022-06-14-13,0.09842456995127828
ASHL,Geometry,82,CEPVL,2022-08-02-01,2022-06-14-13,0.07460529746024322
AIBL,Geometry,82,CEPVL,2022-08-02-01,2022-06-14-13,0.07670762458537471
AVHL,Geometry,82,CEPVL,2022-08-02-01,2022-06-14-13,0.05506008289457471
AWBL,Geometry,82,CEPVL,2022-08-02-01,2022-06-14-13,0.04320913448884686
RIVL,Geometry,82,CEPVL,2022-08-02-01,2022-06-14-13,0.06308616768977783
AWCL,Geometry,82,CEPVL,2022-08-02-01,2022-06-14-13,0.02852230151784772
SMDDL,Geometry,82,CEPVL,2022-08-02-01,2022-06-14-13,-0.0013191969586446343
AVJR,Geometry,82,CEPVL,2022-08-02-01,2022-06-14-13,0.030514525773132413
AIZL,Geometry,82,CEPVL,2022-08-02-01,2022-06-14-13,0.029662849810284476
RIBL,Geometry,82,CEPVL,2022-08-02-01,2022-06-14-13,0.002247231943381369
ASEL,Geometry,82,CEPVL,2022-08-02-01,2022-06-14-13,0.003911615709891949
AVDR,Geometry,82,CEPVL,2022-08-02-01,2022-06-14-13,0.013108864086700778
AVDL,Geometry,82,CEPVL,2022-08-02-01,2022-06-14-13,-0.001398609435541715
AVJL,Geometry,82,CEPVL,2022-08-02-01,2022-06-14-13,0.01753649706126717
RIVR,Geometry,82,CEPVL,2022-08-02-01,2022-06-14-13,-0.006840529373645442
AIZR,Geometry,82,CEPVL,2022-08-02-01,2022-06-14-13,-0.030000423791924347
AUAR,Geometry,82,CEPVL,2022-08-02-01,2022-06-14-13,-0.09212516613973767
AUAL,Geometry,82,CEPVL,2022-08-02-01,2022-06-14-13,-0.07610248763428293
RICR,Geometry,82,CEPVL,2022-08-02-01,2022-06-14-13,-0.06768171536919095
RICL,Geometry,82,CEPVL,2022-08-02-01,2022-06-14-13,-0.12154831097626884
M5,Geometry,82,CEPVL,2022-08-02-01,2022-06-14-13,-0.14215512367609448
AIML,Geometry,82,CEPVL,2022-08-02-01,2022-06-14-13,-0.04757863137208039
AIMR,Geometry,82,CEPVL,2022-08-02-01,2022-06-14-13,-0.20036244825494107
FLPL,Geometry,82,CEPVL,2022-08-02-01,2022-06-14-13,-0.1947971381454757
ADEL,Geometry,82,CEPVL,2022-08-02-01,2022-06-14-13,-0.19275043746767498
VB02,Geometry,82,CEPVL,2022-08-02-01,2022-06-14-13,-0.22839512690984495
ADAL,Geometry,82,CEPVL,2022-08-02-01,2022-06-14-13,-0.19781083132364896
I1R,Geometry,82,SAAVR,2022-08-02-01,2022-06-14-13,0.1804020002551371
IL2DL,Geometry,82,SAAVR,2022-08-02-01,2022-06-14-13,0.20479145827169068
I2R,Geometry,82,SAAVR,2022-08-02-01,2022-06-14-13,0.18618453500295234
I3,Geometry,82,SAAVR,2022-08-02-01,2022-06-14-13,0.2052425152737193
NSMR,Geometry,82,SAAVR,2022-08-02-01,2022-06-14-13,0.19028576821221937
I2L,Geometry,82,SAAVR,2022-08-02-01,2022-06-14-13,0.18268124621053258
MCL,Geometry,82,SAAVR,2022-08-02-01,2022-06-14-13,0.1864493663344465
NSML,Geometry,82,SAAVR,2022-08-02-01,2022-06-14-13,0.18705929064527094
M4,Geometry,82,SAAVR,2022-08-02-01,2022-06-14-13,0.2148516376443436
M3R,Geometry,82,SAAVR,2022-08-02-01,2022-06-14-13,0.20897338300224746
M3L,Geometry,82,SAAVR,2022-08-02-01,2022-06-14-13,0.2042456527411811
IL2VL,Geometry,82,SAAVR,2022-08-02-01,2022-06-14-13,0.20688878593058302
IL1R,Geometry,82,SAAVR,2022-08-02-01,2022-06-14-13,0.24670884741757668
OLLL,Geometry,82,SAAVR,2022-08-02-01,2022-06-14-13,0.24968010403716845
IL2L,Geometry,82,SAAVR,2022-08-02-01,2022-06-14-13,0.24191375002195534
URBR,Geometry,82,SAAVR,2022-08-02-01,2022-06-14-13,0.2590181506129359
OLLR,Geometry,82,SAAVR,2022-08-02-01,2022-06-14-13,0.2670651685476647
IL1DL,Geometry,82,SAAVR,2022-08-02-01,2022-06-14-13,0.2662134942446238
IL1DR,Geometry,82,SAAVR,2022-08-02-01,2022-06-14-13,0.2749860224876869
URYVR,Geometry,82,SAAVR,2022-08-02-01,2022-06-14-13,0.2527723996341067
IL2R,Geometry,82,SAAVR,2022-08-02-01,2022-06-14-13,0.24635126317581835
URYDL,Geometry,82,SAAVR,2022-08-02-01,2022-06-14-13,0.26616654838725573
IL1L,Geometry,82,SAAVR,2022-08-02-01,2022-06-14-13,0.2455716886005186
URBL,Geometry,82,SAAVR,2022-08-02-01,2022-06-14-13,0.2580861686284989
OLQDR,Geometry,82,SAAVR,2022-08-02-01,2022-06-14-13,0.2890681934386466
OLQDL,Geometry,82,SAAVR,2022-08-02-01,2022-06-14-13,0.2843940641363361
RMER,Geometry,82,SAAVR,2022-08-02-01,2022-06-14-13,0.27836963156748223
OLQVR,Geometry,82,SAAVR,2022-08-02-01,2022-06-14-13,0.26463982196045344
URYVL,Geometry,82,SAAVR,2022-08-02-01,2022-06-14-13,0.25319033561327126
RMED,Geometry,82,SAAVR,2022-08-02-01,2022-06-14-13,0.29468071623131326
RMEL,Geometry,82,SAAVR,2022-08-02-01,2022-06-14-13,0.26559173656289337
CEPVR,Geometry,82,SAAVR,2022-08-02-01,2022-06-14-13,0.25875774327395085
OLQVL,Geometry,82,SAAVR,2022-08-02-01,2022-06-14-13,0.25722255736320687
CEPVL,Geometry,82,SAAVR,2022-08-02-01,2022-06-14-13,0.24355303522437807
SAAVR,Geometry,83,SAAVR,2022-08-02-01,2022-06-14-13,0.2704055717469344
RID,Geometry,82,SAAVR,2022-08-02-01,2022-06-14-13,0.27374648657707706
SMDVR,Geometry,82,SAAVR,2022-08-02-01,2022-06-14-13,0.2573996332338093
URXR,Geometry,82,SAAVR,2022-08-02-01,2022-06-14-13,0.25719732229175907
RIAR,Geometry,82,SAAVR,2022-08-02-01,2022-06-14-13,0.2545802609545101
AVAR,Geometry,82,SAAVR,2022-08-02-01,2022-06-14-13,0.24671778210569265
SAAVL,Geometry,82,SAAVR,2022-08-02-01,2022-06-14-13,0.24901321948278032
CEPDR,Geometry,82,SAAVR,2022-08-02-01,2022-06-14-13,0.25184252154911535
URXL,Geometry,82,SAAVR,2022-08-02-01,2022-06-14-13,0.2496893867640613
CEPDL,Geometry,82,SAAVR,2022-08-02-01,2022-06-14-13,0.2390130945962567
SMDDR,Geometry,82,SAAVR,2022-08-02-01,2022-06-14-13,0.20065196524707601
RMEV,Geometry,82,SAAVR,2022-08-02-01,2022-06-14-13,0.2001144652512833
RIAL,Geometry,82,SAAVR,2022-08-02-01,2022-06-14-13,0.22703937159699986
AVER,Geometry,82,SAAVR,2022-08-02-01,2022-06-14-13,0.21255344528396752
AWAR,Geometry,82,SAAVR,2022-08-02-01,2022-06-14-13,0.2024717814241476
SMDVL,Geometry,82,SAAVR,2022-08-02-01,2022-06-14-13,0.2049081492214753
AVAL,Geometry,82,SAAVR,2022-08-02-01,2022-06-14-13,0.18266593562061914
RMDL,Geometry,82,SAAVR,2022-08-02-01,2022-06-14-13,0.15560627167799798
AIBR,Geometry,82,SAAVR,2022-08-02-01,2022-06-14-13,0.16549034190295003
ASGR,Geometry,82,SAAVR,2022-08-02-01,2022-06-14-13,0.15905868942217002
AVL,Geometry,82,SAAVR,2022-08-02-01,2022-06-14-13,0.09799877211148604
AVEL,Geometry,82,SAAVR,2022-08-02-01,2022-06-14-13,0.12556607359628516
ASGL,Geometry,82,SAAVR,2022-08-02-01,2022-06-14-13,0.1152820064548059
ASHL,Geometry,82,SAAVR,2022-08-02-01,2022-06-14-13,0.08849298022663202
AIBL,Geometry,82,SAAVR,2022-08-02-01,2022-06-14-13,0.10685067061990872
AVHL,Geometry,82,SAAVR,2022-08-02-01,2022-06-14-13,0.07205892257868815
AWBL,Geometry,82,SAAVR,2022-08-02-01,2022-06-14-13,0.058069670229934686
RIVL,Geometry,82,SAAVR,2022-08-02-01,2022-06-14-13,0.0840251965104558
AWCL,Geometry,82,SAAVR,2022-08-02-01,2022-06-14-13,0.042202720989311604
SMDDL,Geometry,82,SAAVR,2022-08-02-01,2022-06-14-13,0.014653216483069186
AVJR,Geometry,82,SAAVR,2022-08-02-01,2022-06-14-13,0.06131026022968087
AIZL,Geometry,82,SAAVR,2022-08-02-01,2022-06-14-13,0.04801460001691445
RIBL,Geometry,82,SAAVR,2022-08-02-01,2022-06-14-13,0.019044679567670517
ASEL,Geometry,82,SAAVR,2022-08-02-01,2022-06-14-13,0.019474395241303892
AVDR,Geometry,82,SAAVR,2022-08-02-01,2022-06-14-13,0.043380288748582525
AVDL,Geometry,82,SAAVR,2022-08-02-01,2022-06-14-13,0.01539455370447582
AVJL,Geometry,82,SAAVR,2022-08-02-01,2022-06-14-13,0.03920216844041654
RIVR,Geometry,82,SAAVR,2022-08-02-01,2022-06-14-13,0.02330990218283958
AIZR,Geometry,82,SAAVR,2022-08-02-01,2022-06-14-13,-0.0001697261372829106
AUAR,Geometry,82,SAAVR,2022-08-02-01,2022-06-14-13,-0.07528570776181656
AUAL,Geometry,82,SAAVR,2022-08-02-01,2022-06-14-13,-0.06017608210029036
RICR,Geometry,82,SAAVR,2022-08-02-01,2022-06-14-13,-0.03976982186256401
RICL,Geometry,82,SAAVR,2022-08-02-01,2022-06-14-13,-0.1040221789001365
M5,Geometry,82,SAAVR,2022-08-02-01,2022-06-14-13,-0.12182072330233942
AIML,Geometry,82,SAAVR,2022-08-02-01,2022-06-14-13,0.11776125809921724
AIMR,Geometry,82,SAAVR,2022-08-02-01,2022-06-14-13,-0.1787950088107933
FLPL,Geometry,82,SAAVR,2022-08-02-01,2022-06-14-13,-0.17629015715546473
ADEL,Geometry,82,SAAVR,2022-08-02-01,2022-06-14-13,-0.1739519906378659
VB02,Geometry,82,SAAVR,2022-08-02-01,2022-06-14-13,-0.20974485749967078
ADAL,Geometry,82,SAAVR,2022-08-02-01,2022-06-14-13,-0.17957384047307734
I1R,Geometry,82,RID,2022-08-02-01,2022-06-14-13,0.17968157199246912
IL2DL,Geometry,82,RID,2022-08-02-01,2022-06-14-13,0.20522534971201262
I2R,Geometry,82,RID,2022-08-02-01,2022-06-14-13,0.18478281832015933
I3,Geometry,82,RID,2022-08-02-01,2022-06-14-13,0.20525764767829774
NSMR,Geometry,82,RID,2022-08-02-01,2022-06-14-13,0.18894115724542454
I2L,Geometry,82,RID,2022-08-02-01,2022-06-14-13,0.18310674967430704
MCL,Geometry,82,RID,2022-08-02-01,2022-06-14-13,0.18654608804388503
NSML,Geometry,82,RID,2022-08-02-01,2022-06-14-13,0.1874528828827625
M4,Geometry,82,RID,2022-08-02-01,2022-06-14-13,0.21470578333220278
M3R,Geometry,82,RID,2022-08-02-01,2022-06-14-13,0.20763679535780416
M3L,Geometry,82,RID,2022-08-02-01,2022-06-14-13,0.2048595848648191
IL2VL,Geometry,82,RID,2022-08-02-01,2022-06-14-13,0.20727628352307678
IL1R,Geometry,82,RID,2022-08-02-01,2022-06-14-13,0.24432560617465934
OLLL,Geometry,82,RID,2022-08-02-01,2022-06-14-13,0.2518302919372607
IL2L,Geometry,82,RID,2022-08-02-01,2022-06-14-13,0.24438970393440088
URBR,Geometry,82,RID,2022-08-02-01,2022-06-14-13,0.25646969213779097
OLLR,Geometry,82,RID,2022-08-02-01,2022-06-14-13,0.26505203112127906
IL1DL,Geometry,82,RID,2022-08-02-01,2022-06-14-13,0.26815774977140044
IL1DR,Geometry,82,RID,2022-08-02-01,2022-06-14-13,0.27446470192280265
URYVR,Geometry,82,RID,2022-08-02-01,2022-06-14-13,0.2500924579779791
IL2R,Geometry,82,RID,2022-08-02-01,2022-06-14-13,0.24322240520412983
URYDL,Geometry,82,RID,2022-08-02-01,2022-06-14-13,0.2689074274864635
IL1L,Geometry,82,RID,2022-08-02-01,2022-06-14-13,0.24796993340338602
URBL,Geometry,82,RID,2022-08-02-01,2022-06-14-13,0.26160536737472234
OLQDR,Geometry,82,RID,2022-08-02-01,2022-06-14-13,0.2885668005144992
OLQDL,Geometry,82,RID,2022-08-02-01,2022-06-14-13,0.28700612539252895
RMER,Geometry,82,RID,2022-08-02-01,2022-06-14-13,0.2750629978779087
OLQVR,Geometry,82,RID,2022-08-02-01,2022-06-14-13,0.26148908519439473
URYVL,Geometry,82,RID,2022-08-02-01,2022-06-14-13,0.2548783098559383
RMED,Geometry,82,RID,2022-08-02-01,2022-06-14-13,0.295973541043321
RMEL,Geometry,82,RID,2022-08-02-01,2022-06-14-13,0.269680228666025
CEPVR,Geometry,82,RID,2022-08-02-01,2022-06-14-13,0.2559051595938771
OLQVL,Geometry,82,RID,2022-08-02-01,2022-06-14-13,0.258814750584849
CEPVL,Geometry,82,RID,2022-08-02-01,2022-06-14-13,0.24341691350307226
SAAVR,Geometry,82,RID,2022-08-02-01,2022-06-14-13,0.26509418581861505
RID,Geometry,83,RID,2022-08-02-01,2022-06-14-13,0.2779494162248348
SMDVR,Geometry,82,RID,2022-08-02-01,2022-06-14-13,0.2542087298318385
URXR,Geometry,82,RID,2022-08-02-01,2022-06-14-13,0.25648019227332985
RIAR,Geometry,82,RID,2022-08-02-01,2022-06-14-13,0.253116455663141
AVAR,Geometry,82,RID,2022-08-02-01,2022-06-14-13,0.24193085001716141
SAAVL,Geometry,82,RID,2022-08-02-01,2022-06-14-13,0.25477115714382426
CEPDR,Geometry,82,RID,2022-08-02-01,2022-06-14-13,0.2501862694532084
URXL,Geometry,82,RID,2022-08-02-01,2022-06-14-13,0.25385019344123466
CEPDL,Geometry,82,RID,2022-08-02-01,2022-06-14-13,0.245055780531789
SMDDR,Geometry,82,RID,2022-08-02-01,2022-06-14-13,0.19706915457599236
RMEV,Geometry,82,RID,2022-08-02-01,2022-06-14-13,0.19876129805177423
RIAL,Geometry,82,RID,2022-08-02-01,2022-06-14-13,0.23293246444482882
AVER,Geometry,82,RID,2022-08-02-01,2022-06-14-13,0.20907936760829368
AWAR,Geometry,82,RID,2022-08-02-01,2022-06-14-13,0.19990356658787875
SMDVL,Geometry,82,RID,2022-08-02-01,2022-06-14-13,0.21192340949548027
AVAL,Geometry,82,RID,2022-08-02-01,2022-06-14-13,0.18866237345244866
RMDL,Geometry,82,RID,2022-08-02-01,2022-06-14-13,0.16093813622398367
AIBR,Geometry,82,RID,2022-08-02-01,2022-06-14-13,0.1626741695137374
ASGR,Geometry,82,RID,2022-08-02-01,2022-06-14-13,0.15715470759215985
AVL,Geometry,82,RID,2022-08-02-01,2022-06-14-13,0.09553889221570705
AVEL,Geometry,82,RID,2022-08-02-01,2022-06-14-13,0.13071955738365088
ASGL,Geometry,82,RID,2022-08-02-01,2022-06-14-13,0.12207772483370866
ASHL,Geometry,82,RID,2022-08-02-01,2022-06-14-13,0.09597358303757704
AIBL,Geometry,82,RID,2022-08-02-01,2022-06-14-13,0.10902378688767182
AVHL,Geometry,82,RID,2022-08-02-01,2022-06-14-13,0.0781514449263442
AWBL,Geometry,82,RID,2022-08-02-01,2022-06-14-13,0.0638937850677173
RIVL,Geometry,82,RID,2022-08-02-01,2022-06-14-13,0.0900705922273846
AWCL,Geometry,82,RID,2022-08-02-01,2022-06-14-13,0.04872831371252506
SMDDL,Geometry,82,RID,2022-08-02-01,2022-06-14-13,0.017609923505999187
AVJR,Geometry,82,RID,2022-08-02-01,2022-06-14-13,0.05855732890459415
AIZL,Geometry,82,RID,2022-08-02-01,2022-06-14-13,0.05462470016297121
RIBL,Geometry,82,RID,2022-08-02-01,2022-06-14-13,0.023408196212192037
ASEL,Geometry,82,RID,2022-08-02-01,2022-06-14-13,0.02535407802454002
AVDR,Geometry,82,RID,2022-08-02-01,2022-06-14-13,0.040305951496960896
AVDL,Geometry,82,RID,2022-08-02-01,2022-06-14-13,0.02114796380643082
AVJL,Geometry,82,RID,2022-08-02-01,2022-06-14-13,0.0449358816641669
RIVR,Geometry,82,RID,2022-08-02-01,2022-06-14-13,0.020979226262225852
AIZR,Geometry,82,RID,2022-08-02-01,2022-06-14-13,-0.0031777942766452226
AUAR,Geometry,82,RID,2022-08-02-01,2022-06-14-13,-0.07243218175115398
AUAL,Geometry,82,RID,2022-08-02-01,2022-06-14-13,-0.05536405671259145
RICR,Geometry,82,RID,2022-08-02-01,2022-06-14-13,-0.042453447977089755
RICL,Geometry,82,RID,2022-08-02-01,2022-06-14-13,-0.09997197378661772
M5,Geometry,82,RID,2022-08-02-01,2022-06-14-13,-0.11895595620352101
AIML,Geometry,82,RID,2022-08-02-01,2022-06-14-13,0.12899800540680717
AIMR,Geometry,82,RID,2022-08-02-01,2022-06-14-13,-0.17965300096699308
FLPL,Geometry,82,RID,2022-08-02-01,2022-06-14-13,-0.17360818653540805
ADEL,Geometry,82,RID,2022-08-02-01,2022-06-14-13,-0.17171662546451705
VB02,Geometry,82,RID,2022-08-02-01,2022-06-14-13,-0.20907848506638688
ADAL,Geometry,82,RID,2022-08-02-01,2022-06-14-13,-0.177582311879947
I1R,Geometry,82,SMDVR,2022-08-02-01,2022-06-14-13,0.16293059619246086
IL2DL,Geometry,82,SMDVR,2022-08-02-01,2022-06-14-13,0.18759492377385728
I2R,Geometry,82,SMDVR,2022-08-02-01,2022-06-14-13,0.16868092845768623
I3,Geometry,82,SMDVR,2022-08-02-01,2022-06-14-13,0.18795360582490084
NSMR,Geometry,82,SMDVR,2022-08-02-01,2022-06-14-13,0.17278062183925452
I2L,Geometry,82,SMDVR,2022-08-02-01,2022-06-14-13,0.1652168248953626
MCL,Geometry,82,SMDVR,2022-08-02-01,2022-06-14-13,0.16895895771732167
NSML,Geometry,82,SMDVR,2022-08-02-01,2022-06-14-13,0.1695909480021343
M4,Geometry,82,SMDVR,2022-08-02-01,2022-06-14-13,0.19748394112424097
M3R,Geometry,82,SMDVR,2022-08-02-01,2022-06-14-13,0.1916128147920805
M3L,Geometry,82,SMDVR,2022-08-02-01,2022-06-14-13,0.18693805350598758
IL2VL,Geometry,82,SMDVR,2022-08-02-01,2022-06-14-13,0.18982923081695316
IL1R,Geometry,82,SMDVR,2022-08-02-01,2022-06-14-13,0.23085666757374612
OLLL,Geometry,82,SMDVR,2022-08-02-01,2022-06-14-13,0.23444560703524506
IL2L,Geometry,82,SMDVR,2022-08-02-01,2022-06-14-13,0.2264078459509396
URBR,Geometry,82,SMDVR,2022-08-02-01,2022-06-14-13,0.24419742883661172
OLLR,Geometry,82,SMDVR,2022-08-02-01,2022-06-14-13,0.25287680623763825
IL1DL,Geometry,82,SMDVR,2022-08-02-01,2022-06-14-13,0.2521778115611757
IL1DR,Geometry,82,SMDVR,2022-08-02-01,2022-06-14-13,0.26153522839666904
URYVR,Geometry,82,SMDVR,2022-08-02-01,2022-06-14-13,0.23778605067088524
IL2R,Geometry,82,SMDVR,2022-08-02-01,2022-06-14-13,0.23120781896745599
URYDL,Geometry,82,SMDVR,2022-08-02-01,2022-06-14-13,0.25258259358335466
IL1L,Geometry,82,SMDVR,2022-08-02-01,2022-06-14-13,0.2308087990660298
URBL,Geometry,82,SMDVR,2022-08-02-01,2022-06-14-13,0.2447175592129592
OLQDR,Geometry,82,SMDVR,2022-08-02-01,2022-06-14-13,0.2784964500188913
OLQDL,Geometry,82,SMDVR,2022-08-02-01,2022-06-14-13,0.2735369143532932
RMER,Geometry,82,SMDVR,2022-08-02-01,2022-06-14-13,0.2668831744943781
OLQVR,Geometry,82,SMDVR,2022-08-02-01,2022-06-14-13,0.2522528442551713
URYVL,Geometry,82,SMDVR,2022-08-02-01,2022-06-14-13,0.24012437758166627
RMED,Geometry,82,SMDVR,2022-08-02-01,2022-06-14-13,0.2882509280914444
RMEL,Geometry,82,SMDVR,2022-08-02-01,2022-06-14-13,0.2562752028268507
CEPVR,Geometry,82,SMDVR,2022-08-02-01,2022-06-14-13,0.24889711615906795
OLQVL,Geometry,82,SMDVR,2022-08-02-01,2022-06-14-13,0.2475936433158432
CEPVL,Geometry,82,SMDVR,2022-08-02-01,2022-06-14-13,0.23741230478361205
SAAVR,Geometry,82,SMDVR,2022-08-02-01,2022-06-14-13,0.26700184059816934
RID,Geometry,82,SMDVR,2022-08-02-01,2022-06-14-13,0.2744149943169001
SMDVR,Geometry,83,SMDVR,2022-08-02-01,2022-06-14-13,0.2608280199736745
URXR,Geometry,82,SMDVR,2022-08-02-01,2022-06-14-13,0.2599198792095665
RIAR,Geometry,82,SMDVR,2022-08-02-01,2022-06-14-13,0.25635833039333294
AVAR,Geometry,82,SMDVR,2022-08-02-01,2022-06-14-13,0.24710417288252612
SAAVL,Geometry,82,SMDVR,2022-08-02-01,2022-06-14-13,0.2490921294517298
CEPDR,Geometry,82,SMDVR,2022-08-02-01,2022-06-14-13,0.25573409780814144
URXL,Geometry,82,SMDVR,2022-08-02-01,2022-06-14-13,0.2526523567489671
CEPDL,Geometry,82,SMDVR,2022-08-02-01,2022-06-14-13,0.2428653647275549
SMDDR,Geometry,82,SMDVR,2022-08-02-01,2022-06-14-13,0.2002958587514737
RMEV,Geometry,82,SMDVR,2022-08-02-01,2022-06-14-13,0.20027267627622616
RIAL,Geometry,82,SMDVR,2022-08-02-01,2022-06-14-13,0.23033491618222848
AVER,Geometry,82,SMDVR,2022-08-02-01,2022-06-14-13,0.216086693170547
AWAR,Geometry,82,SMDVR,2022-08-02-01,2022-06-14-13,0.20975114959540392
SMDVL,Geometry,82,SMDVR,2022-08-02-01,2022-06-14-13,0.2115101715039199
AVAL,Geometry,82,SMDVR,2022-08-02-01,2022-06-14-13,0.18766615820892485
RMDL,Geometry,82,SMDVR,2022-08-02-01,2022-06-14-13,0.1617908747477066
AIBR,Geometry,82,SMDVR,2022-08-02-01,2022-06-14-13,0.1736350003832887
ASGR,Geometry,82,SMDVR,2022-08-02-01,2022-06-14-13,0.1690823825028296
AVL,Geometry,82,SMDVR,2022-08-02-01,2022-06-14-13,0.10561019774191398
AVEL,Geometry,82,SMDVR,2022-08-02-01,2022-06-14-13,0.1344651870664104
ASGL,Geometry,82,SMDVR,2022-08-02-01,2022-06-14-13,0.1262497337111656
ASHL,Geometry,82,SMDVR,2022-08-02-01,2022-06-14-13,0.0995303946765776
AIBL,Geometry,82,SMDVR,2022-08-02-01,2022-06-14-13,0.12100407752756986
AVHL,Geometry,82,SMDVR,2022-08-02-01,2022-06-14-13,0.08474081841350821
AWBL,Geometry,82,SMDVR,2022-08-02-01,2022-06-14-13,0.07037414867667384
RIVL,Geometry,82,SMDVR,2022-08-02-01,2022-06-14-13,0.09742111774838322
AWCL,Geometry,82,SMDVR,2022-08-02-01,2022-06-14-13,0.05446424838771072
SMDDL,Geometry,82,SMDVR,2022-08-02-01,2022-06-14-13,0.02729994713238602
AVJR,Geometry,82,SMDVR,2022-08-02-01,2022-06-14-13,0.07581996110702978
AIZL,Geometry,82,SMDVR,2022-08-02-01,2022-06-14-13,0.06196223554814146
RIBL,Geometry,82,SMDVR,2022-08-02-01,2022-06-14-13,0.03275905870956631
ASEL,Geometry,82,SMDVR,2022-08-02-01,2022-06-14-13,0.033186833336561236
AVDR,Geometry,82,SMDVR,2022-08-02-01,2022-06-14-13,0.058197758960509244
AVDL,Geometry,82,SMDVR,2022-08-02-01,2022-06-14-13,0.02969839130104138
AVJL,Geometry,82,SMDVR,2022-08-02-01,2022-06-14-13,0.05428827080964098
RIVR,Geometry,82,SMDVR,2022-08-02-01,2022-06-14-13,0.038936334284099976
AIZR,Geometry,82,SMDVR,2022-08-02-01,2022-06-14-13,0.015747487584632604
AUAR,Geometry,82,SMDVR,2022-08-02-01,2022-06-14-13,-0.06018385632336158
AUAL,Geometry,82,SMDVR,2022-08-02-01,2022-06-14-13,-0.04498429809923909
RICR,Geometry,82,SMDVR,2022-08-02-01,2022-06-14-13,-0.023417452426915022
RICL,Geometry,82,SMDVR,2022-08-02-01,2022-06-14-13,-0.08763341077246492
M5,Geometry,82,SMDVR,2022-08-02-01,2022-06-14-13,-0.10429706717809804
AIML,Geometry,82,SMDVR,2022-08-02-01,2022-06-14-13,0.270061810605489
AIMR,Geometry,82,SMDVR,2022-08-02-01,2022-06-14-13,-0.16167927715512753
FLPL,Geometry,82,SMDVR,2022-08-02-01,2022-06-14-13,-0.15888044949743804
ADEL,Geometry,82,SMDVR,2022-08-02-01,2022-06-14-13,-0.15652464081395775
VB02,Geometry,82,SMDVR,2022-08-02-01,2022-06-14-13,-0.1925987740886193
ADAL,Geometry,82,SMDVR,2022-08-02-01,2022-06-14-13,-0.1623056872250814
I1R,Geometry,82,URXR,2022-08-02-01,2022-06-14-13,0.1644474728709408
IL2DL,Geometry,82,URXR,2022-08-02-01,2022-06-14-13,0.1897907640679703
I2R,Geometry,82,URXR,2022-08-02-01,2022-06-14-13,0.1698901330171213
I3,Geometry,82,URXR,2022-08-02-01,2022-06-14-13,0.1899339335664297
NSMR,Geometry,82,URXR,2022-08-02-01,2022-06-14-13,0.17403113740952394
I2L,Geometry,82,URXR,2022-08-02-01,2022-06-14-13,0.16724886272258097
MCL,Geometry,82,URXR,2022-08-02-01,2022-06-14-13,0.17085970139254086
NSML,Geometry,82,URXR,2022-08-02-01,2022-06-14-13,0.17161792610771257
M4,Geometry,82,URXR,2022-08-02-01,2022-06-14-13,0.19943738328077668
M3R,Geometry,82,URXR,2022-08-02-01,2022-06-14-13,0.19292969794362141
M3L,Geometry,82,URXR,2022-08-02-01,2022-06-14-13,0.189115139709215
IL2VL,Geometry,82,URXR,2022-08-02-01,2022-06-14-13,0.19184296960180236
IL1R,Geometry,82,URXR,2022-08-02-01,2022-06-14-13,0.2317870381918816
OLLL,Geometry,82,URXR,2022-08-02-01,2022-06-14-13,0.23741945905796646
IL2L,Geometry,82,URXR,2022-08-02-01,2022-06-14-13,0.2294917619608219
URBR,Geometry,82,URXR,2022-08-02-01,2022-06-14-13,0.24505562923211435
OLLR,Geometry,82,URXR,2022-08-02-01,2022-06-14-13,0.2539946463261112
IL1DL,Geometry,82,URXR,2022-08-02-01,2022-06-14-13,0.2550847126245939
IL1DR,Geometry,82,URXR,2022-08-02-01,2022-06-14-13,0.2633468239291361
URYVR,Geometry,82,URXR,2022-08-02-01,2022-06-14-13,0.23852638664797424
IL2R,Geometry,82,URXR,2022-08-02-01,2022-06-14-13,0.23168952206003932
URYDL,Geometry,82,URXR,2022-08-02-01,2022-06-14-13,0.2558108873590849
IL1L,Geometry,82,URXR,2022-08-02-01,2022-06-14-13,0.23379007076119576
URBL,Geometry,82,URXR,2022-08-02-01,2022-06-14-13,0.2481889617498761
OLQDR,Geometry,82,URXR,2022-08-02-01,2022-06-14-13,0.28019832605547784
OLQDL,Geometry,82,URXR,2022-08-02-01,2022-06-14-13,0.2766315921237151
RMER,Geometry,82,URXR,2022-08-02-01,2022-06-14-13,0.267271708075402
OLQVR,Geometry,82,URXR,2022-08-02-01,2022-06-14-13,0.25262300342631827
URYVL,Geometry,82,URXR,2022-08-02-01,2022-06-14-13,0.24265823485340288
RMED,Geometry,82,URXR,2022-08-02-01,2022-06-14-13,0.29048965616225303
RMEL,Geometry,82,URXR,2022-08-02-01,2022-06-14-13,0.2597925044978334
CEPVR,Geometry,82,URXR,2022-08-02-01,2022-06-14-13,0.24915879695028775
OLQVL,Geometry,82,URXR,2022-08-02-01,2022-06-14-13,0.2498586077834179
CEPVL,Geometry,82,URXR,2022-08-02-01,2022-06-14-13,0.23852039717595813
SAAVR,Geometry,82,URXR,2022-08-02-01,2022-06-14-13,0.2664164210556966
RID,Geometry,82,URXR,2022-08-02-01,2022-06-14-13,0.2769161174367187
SMDVR,Geometry,82,URXR,2022-08-02-01,2022-06-14-13,0.2587044396028455
URXR,Geometry,83,URXR,2022-08-02-01,2022-06-14-13,0.2619204058354453
RIAR,Geometry,82,URXR,2022-08-02-01,2022-06-14-13,0.2566319700333353
AVAR,Geometry,82,URXR,2022-08-02-01,2022-06-14-13,0.24581619405824584
SAAVL,Geometry,82,URXR,2022-08-02-01,2022-06-14-13,0.25270265078114024
CEPDR,Geometry,82,URXR,2022-08-02-01,2022-06-14-13,0.2556844854239125
URXL,Geometry,82,URXR,2022-08-02-01,2022-06-14-13,0.25536232222104843
CEPDL,Geometry,82,URXR,2022-08-02-01,2022-06-14-13,0.24632904644563014
SMDDR,Geometry,82,URXR,2022-08-02-01,2022-06-14-13,0.19918913378448286
RMEV,Geometry,82,URXR,2022-08-02-01,2022-06-14-13,0.2000838409574208
RIAL,Geometry,82,URXR,2022-08-02-01,2022-06-14-13,0.2336542126119555
AVER,Geometry,82,URXR,2022-08-02-01,2022-06-14-13,0.2148035503604569
AWAR,Geometry,82,URXR,2022-08-02-01,2022-06-14-13,0.2086810286245303
SMDVL,Geometry,82,URXR,2022-08-02-01,2022-06-14-13,0.21505841934941888
AVAL,Geometry,82,URXR,2022-08-02-01,2022-06-14-13,0.1906009814341367
RMDL,Geometry,82,URXR,2022-08-02-01,2022-06-14-13,0.1641420986296635
AIBR,Geometry,82,URXR,2022-08-02-01,2022-06-14-13,0.17204012291911022
ASGR,Geometry,82,URXR,2022-08-02-01,2022-06-14-13,0.16788587272782873
AVL,Geometry,82,URXR,2022-08-02-01,2022-06-14-13,0.10379283224698134
AVEL,Geometry,82,URXR,2022-08-02-01,2022-06-14-13,0.13641337699840006
ASGL,Geometry,82,URXR,2022-08-02-01,2022-06-14-13,0.1288905721786347
ASHL,Geometry,82,URXR,2022-08-02-01,2022-06-14-13,0.10237130215690907
AIBL,Geometry,82,URXR,2022-08-02-01,2022-06-14-13,0.12125072409082027
AVHL,Geometry,82,URXR,2022-08-02-01,2022-06-14-13,0.08673801210358399
AWBL,Geometry,82,URXR,2022-08-02-01,2022-06-14-13,0.07218530231116471
RIVL,Geometry,82,URXR,2022-08-02-01,2022-06-14-13,0.09946627556032564
AWCL,Geometry,82,URXR,2022-08-02-01,2022-06-14-13,0.05656942660038358
SMDDL,Geometry,82,URXR,2022-08-02-01,2022-06-14-13,0.02754714968535251
AVJR,Geometry,82,URXR,2022-08-02-01,2022-06-14-13,0.07343396312469064
AIZL,Geometry,82,URXR,2022-08-02-01,2022-06-14-13,0.06408006868677876
RIBL,Geometry,82,URXR,2022-08-02-01,2022-06-14-13,0.033609181977685164
ASEL,Geometry,82,URXR,2022-08-02-01,2022-06-14-13,0.03481587874218369
AVDR,Geometry,82,URXR,2022-08-02-01,2022-06-14-13,0.05552871188635646
AVDL,Geometry,82,URXR,2022-08-02-01,2022-06-14-13,0.031225208709469605
AVJL,Geometry,82,URXR,2022-08-02-01,2022-06-14-13,0.05590552847064026
RIVR,Geometry,82,URXR,2022-08-02-01,2022-06-14-13,0.03654672059981106
AIZR,Geometry,82,URXR,2022-08-02-01,2022-06-14-13,0.012835804360732922
AUAR,Geometry,82,URXR,2022-08-02-01,2022-06-14-13,-0.06035127180024937
AUAL,Geometry,82,URXR,2022-08-02-01,2022-06-14-13,-0.04418302213017091
RICR,Geometry,82,URXR,2022-08-02-01,2022-06-14-13,-0.02629747010475989
RICL,Geometry,82,URXR,2022-08-02-01,2022-06-14-13,-0.0873586985699458
M5,Geometry,82,URXR,2022-08-02-01,2022-06-14-13,-0.10471411970179803
AIML,Geometry,82,URXR,2022-08-02-01,2022-06-14-13,0.25827392132877747
AIMR,Geometry,82,URXR,2022-08-02-01,2022-06-14-13,-0.1639752198376965
FLPL,Geometry,82,URXR,2022-08-02-01,2022-06-14-13,-0.1594858233939004
ADEL,Geometry,82,URXR,2022-08-02-01,2022-06-14-13,-0.15735887041497004
VB02,Geometry,82,URXR,2022-08-02-01,2022-06-14-13,-0.19421364033952881
ADAL,Geometry,82,URXR,2022-08-02-01,2022-06-14-13,-0.16326180530136286
I1R,Geometry,82,RIAR,2022-08-02-01,2022-06-14-13,0.16884574948251033
IL2DL,Geometry,82,RIAR,2022-08-02-01,2022-06-14-13,0.19282616873781275
I2R,Geometry,82,RIAR,2022-08-02-01,2022-06-14-13,0.17474787433656236
I3,Geometry,82,RIAR,2022-08-02-01,2022-06-14-13,0.1933898740256069
NSMR,Geometry,82,RIAR,2022-08-02-01,2022-06-14-13,0.17882686282437082
I2L,Geometry,82,RIAR,2022-08-02-01,2022-06-14-13,0.17101816428827943
MCL,Geometry,82,RIAR,2022-08-02-01,2022-06-14-13,0.1747717873717576
NSML,Geometry,82,RIAR,2022-08-02-01,2022-06-14-13,0.17541389816514733
M4,Geometry,82,RIAR,2022-08-02-01,2022-06-14-13,0.2030992238933303
M3R,Geometry,82,RIAR,2022-08-02-01,2022-06-14-13,0.19755830962129592
M3L,Geometry,82,RIAR,2022-08-02-01,2022-06-14-13,0.19269100813153872
IL2VL,Geometry,82,RIAR,2022-08-02-01,2022-06-14-13,0.1957820053628266
IL1R,Geometry,82,RIAR,2022-08-02-01,2022-06-14-13,0.23628987807669735
OLLL,Geometry,82,RIAR,2022-08-02-01,2022-06-14-13,0.23891539634971493
IL2L,Geometry,82,RIAR,2022-08-02-01,2022-06-14-13,0.23110679900926384
URBR,Geometry,82,RIAR,2022-08-02-01,2022-06-14-13,0.24915601271764493
OLLR,Geometry,82,RIAR,2022-08-02-01,2022-06-14-13,0.257319915301078
IL1DL,Geometry,82,RIAR,2022-08-02-01,2022-06-14-13,0.2559868052667694
IL1DR,Geometry,82,RIAR,2022-08-02-01,2022-06-14-13,0.2653493787299536
URYVR,Geometry,82,RIAR,2022-08-02-01,2022-06-14-13,0.24325373275430942
IL2R,Geometry,82,RIAR,2022-08-02-01,2022-06-14-13,0.23715448806379655
URYDL,Geometry,82,RIAR,2022-08-02-01,2022-06-14-13,0.2562174542613612
IL1L,Geometry,82,RIAR,2022-08-02-01,2022-06-14-13,0.23547929455143016
URBL,Geometry,82,RIAR,2022-08-02-01,2022-06-14-13,0.24860007547669605
OLQDR,Geometry,82,RIAR,2022-08-02-01,2022-06-14-13,0.2811728092491466
OLQDL,Geometry,82,RIAR,2022-08-02-01,2022-06-14-13,0.2760673098354058
RMER,Geometry,82,RIAR,2022-08-02-01,2022-06-14-13,0.2707575104148394
OLQVR,Geometry,82,RIAR,2022-08-02-01,2022-06-14-13,0.2569468491324708
URYVL,Geometry,82,RIAR,2022-08-02-01,2022-06-14-13,0.24465297466465608
RMED,Geometry,82,RIAR,2022-08-02-01,2022-06-14-13,0.28916266830584175
RMEL,Geometry,82,RIAR,2022-08-02-01,2022-06-14-13,0.25906258006264044
CEPVR,Geometry,82,RIAR,2022-08-02-01,2022-06-14-13,0.2532241029715205
OLQVL,Geometry,82,RIAR,2022-08-02-01,2022-06-14-13,0.2512588404278617
CEPVL,Geometry,82,RIAR,2022-08-02-01,2022-06-14-13,0.24054324964415838
SAAVR,Geometry,82,RIAR,2022-08-02-01,2022-06-14-13,0.2677228423428713
RID,Geometry,82,RIAR,2022-08-02-01,2022-06-14-13,0.27268278496551196
SMDVR,Geometry,82,RIAR,2022-08-02-01,2022-06-14-13,0.2582040222055128
URXR,Geometry,82,RIAR,2022-08-02-01,2022-06-14-13,0.258217358451689
RIAR,Geometry,83,RIAR,2022-08-02-01,2022-06-14-13,0.2570794896853936
AVAR,Geometry,82,RIAR,2022-08-02-01,2022-06-14-13,0.24736712893523335
SAAVL,Geometry,82,RIAR,2022-08-02-01,2022-06-14-13,0.24818872718144688
CEPDR,Geometry,82,RIAR,2022-08-02-01,2022-06-14-13,0.2535227701979378
URXL,Geometry,82,RIAR,2022-08-02-01,2022-06-14-13,0.25039155242521066
CEPDL,Geometry,82,RIAR,2022-08-02-01,2022-06-14-13,0.24007174957155952
SMDDR,Geometry,82,RIAR,2022-08-02-01,2022-06-14-13,0.20247177216459838
RMEV,Geometry,82,RIAR,2022-08-02-01,2022-06-14-13,0.20179022132774932
RIAL,Geometry,82,RIAR,2022-08-02-01,2022-06-14-13,0.2283189281855029
AVER,Geometry,82,RIAR,2022-08-02-01,2022-06-14-13,0.21574498148175061
AWAR,Geometry,82,RIAR,2022-08-02-01,2022-06-14-13,0.20708592223066846
SMDVL,Geometry,82,RIAR,2022-08-02-01,2022-06-14-13,0.20778446093272246
AVAL,Geometry,82,RIAR,2022-08-02-01,2022-06-14-13,0.18576733719954266
RMDL,Geometry,82,RIAR,2022-08-02-01,2022-06-14-13,0.15989217661972585
AIBR,Geometry,82,RIAR,2022-08-02-01,2022-06-14-13,0.1715946671289347
ASGR,Geometry,82,RIAR,2022-08-02-01,2022-06-14-13,0.16576560169995233
AVL,Geometry,82,RIAR,2022-08-02-01,2022-06-14-13,0.10504255023530673
AVEL,Geometry,82,RIAR,2022-08-02-01,2022-06-14-13,0.13156076926574448
ASGL,Geometry,82,RIAR,2022-08-02-01,2022-06-14-13,0.12180359483878041
ASHL,Geometry,82,RIAR,2022-08-02-01,2022-06-14-13,0.09533219987230344
AIBL,Geometry,82,RIAR,2022-08-02-01,2022-06-14-13,0.11493884340603619
AVHL,Geometry,82,RIAR,2022-08-02-01,2022-06-14-13,0.08003262350223231
AWBL,Geometry,82,RIAR,2022-08-02-01,2022-06-14-13,0.06618024064225532
RIVL,Geometry,82,RIAR,2022-08-02-01,2022-06-14-13,0.09188759864006318
AWCL,Geometry,82,RIAR,2022-08-02-01,2022-06-14-13,0.050289291392602666
SMDDL,Geometry,82,RIAR,2022-08-02-01,2022-06-14-13,0.023903313830577647
AVJR,Geometry,82,RIAR,2022-08-02-01,2022-06-14-13,0.07106506399892511
AIZL,Geometry,82,RIAR,2022-08-02-01,2022-06-14-13,0.05655092533975253
RIBL,Geometry,82,RIAR,2022-08-02-01,2022-06-14-13,0.028363907543820056
ASEL,Geometry,82,RIAR,2022-08-02-01,2022-06-14-13,0.028472813373535497
AVDR,Geometry,82,RIAR,2022-08-02-01,2022-06-14-13,0.05355316501272051
AVDL,Geometry,82,RIAR,2022-08-02-01,2022-06-14-13,0.024642082261596577
AVJL,Geometry,82,RIAR,2022-08-02-01,2022-06-14-13,0.048193578942783755
RIVR,Geometry,82,RIAR,2022-08-02-01,2022-06-14-13,0.033820380363751325
AIZR,Geometry,82,RIAR,2022-08-02-01,2022-06-14-13,0.01079419094398232
AUAR,Geometry,82,RIAR,2022-08-02-01,2022-06-14-13,-0.06452333596188196
AUAL,Geometry,82,RIAR,2022-08-02-01,2022-06-14-13,-0.04988521866409312
RICR,Geometry,82,RIAR,2022-08-02-01,2022-06-14-13,-0.028265918051188815
RICL,Geometry,82,RIAR,2022-08-02-01,2022-06-14-13,-0.0930098652915082
M5,Geometry,82,RIAR,2022-08-02-01,2022-06-14-13,-0.11031314793656963
AIML,Geometry,82,RIAR,2022-08-02-01,2022-06-14-13,0.2296323225915101
AIMR,Geometry,82,RIAR,2022-08-02-01,2022-06-14-13,-0.1665918671509547
FLPL,Geometry,82,RIAR,2022-08-02-01,2022-06-14-13,-0.1646725795159002
ADEL,Geometry,82,RIAR,2022-08-02-01,2022-06-14-13,-0.16233970064963069
VB02,Geometry,82,RIAR,2022-08-02-01,2022-06-14-13,-0.19779525825857153
ADAL,Geometry,82,RIAR,2022-08-02-01,2022-06-14-13,-0.16798950528356152
I1R,Geometry,82,AVAR,2022-08-02-01,2022-06-14-13,0.15997560822728557
IL2DL,Geometry,82,AVAR,2022-08-02-01,2022-06-14-13,0.18278610458521158
I2R,Geometry,82,AVAR,2022-08-02-01,2022-06-14-13,0.16594243946843573
I3,Geometry,82,AVAR,2022-08-02-01,2022-06-14-13,0.18350116597518412
NSMR,Geometry,82,AVAR,2022-08-02-01,2022-06-14-13,0.16989364864795606
I2L,Geometry,82,AVAR,2022-08-02-01,2022-06-14-13,0.16189908134225017
MCL,Geometry,82,AVAR,2022-08-02-01,2022-06-14-13,0.16558232934046585
NSML,Geometry,82,AVAR,2022-08-02-01,2022-06-14-13,0.1662247660705556
M4,Geometry,82,AVAR,2022-08-02-01,2022-06-14-13,0.1932116584837616
M3R,Geometry,82,AVAR,2022-08-02-01,2022-06-14-13,0.18822023100785987
M3L,Geometry,82,AVAR,2022-08-02-01,2022-06-14-13,0.1831455880794466
IL2VL,Geometry,82,AVAR,2022-08-02-01,2022-06-14-13,0.18658767952112978
IL1R,Geometry,82,AVAR,2022-08-02-01,2022-06-14-13,0.22671962656554784
OLLL,Geometry,82,AVAR,2022-08-02-01,2022-06-14-13,0.22812809333563364
IL2L,Geometry,82,AVAR,2022-08-02-01,2022-06-14-13,0.2205812045463675
URBR,Geometry,82,AVAR,2022-08-02-01,2022-06-14-13,0.23950129049886817
OLLR,Geometry,82,AVAR,2022-08-02-01,2022-06-14-13,0.2472281816577711
IL1DL,Geometry,82,AVAR,2022-08-02-01,2022-06-14-13,0.24483995800275885
IL1DR,Geometry,82,AVAR,2022-08-02-01,2022-06-14-13,0.2546117907613099
URYVR,Geometry,82,AVAR,2022-08-02-01,2022-06-14-13,0.23430644296472017
IL2R,Geometry,82,AVAR,2022-08-02-01,2022-06-14-13,0.22894588385436526
URYDL,Geometry,82,AVAR,2022-08-02-01,2022-06-14-13,0.2451364139203177
IL1L,Geometry,82,AVAR,2022-08-02-01,2022-06-14-13,0.2254097547332384
URBL,Geometry,82,AVAR,2022-08-02-01,2022-06-14-13,0.23813713170978903
OLQDR,Geometry,82,AVAR,2022-08-02-01,2022-06-14-13,0.2706542403457297
OLQDL,Geometry,82,AVAR,2022-08-02-01,2022-06-14-13,0.2650478989014606
RMER,Geometry,82,AVAR,2022-08-02-01,2022-06-14-13,0.26189750786285876
OLQVR,Geometry,82,AVAR,2022-08-02-01,2022-06-14-13,0.2488167654638325
URYVL,Geometry,82,AVAR,2022-08-02-01,2022-06-14-13,0.23557534462307717
RMED,Geometry,82,AVAR,2022-08-02-01,2022-06-14-13,0.27884964324077194
RMEL,Geometry,82,AVAR,2022-08-02-01,2022-06-14-13,0.2500256798535562
CEPVR,Geometry,82,AVAR,2022-08-02-01,2022-06-14-13,0.2466387431603621
OLQVL,Geometry,82,AVAR,2022-08-02-01,2022-06-14-13,0.24361133061236842
CEPVL,Geometry,82,AVAR,2022-08-02-01,2022-06-14-13,0.23540354127350033
SAAVR,Geometry,82,AVAR,2022-08-02-01,2022-06-14-13,0.26230386838018255
RID,Geometry,82,AVAR,2022-08-02-01,2022-06-14-13,0.2643094373239685
SMDVR,Geometry,82,AVAR,2022-08-02-01,2022-06-14-13,0.25283714199039864
URXR,Geometry,82,AVAR,2022-08-02-01,2022-06-14-13,0.2519747171676053
RIAR,Geometry,82,AVAR,2022-08-02-01,2022-06-14-13,0.24996584673893688
AVAR,Geometry,83,AVAR,2022-08-02-01,2022-06-14-13,0.24536910642367457
SAAVL,Geometry,82,AVAR,2022-08-02-01,2022-06-14-13,0.2413743868397572
CEPDR,Geometry,82,AVAR,2022-08-02-01,2022-06-14-13,0.248069185559682
URXL,Geometry,82,AVAR,2022-08-02-01,2022-06-14-13,0.2437003080430457
CEPDL,Geometry,82,AVAR,2022-08-02-01,2022-06-14-13,0.23367959536002542
SMDDR,Geometry,82,AVAR,2022-08-02-01,2022-06-14-13,0.20156653833284308
RMEV,Geometry,82,AVAR,2022-08-02-01,2022-06-14-13,0.2002670711270621
RIAL,Geometry,82,AVAR,2022-08-02-01,2022-06-14-13,0.22305737442635273
AVER,Geometry,82,AVAR,2022-08-02-01,2022-06-14-13,0.2142511158070344
AWAR,Geometry,82,AVAR,2022-08-02-01,2022-06-14-13,0.2052849443382104
SMDVL,Geometry,82,AVAR,2022-08-02-01,2022-06-14-13,0.20331265635292586
AVAL,Geometry,82,AVAR,2022-08-02-01,2022-06-14-13,0.18328381832106128
RMDL,Geometry,82,AVAR,2022-08-02-01,2022-06-14-13,0.1589052396594656
AIBR,Geometry,82,AVAR,2022-08-02-01,2022-06-14-13,0.17223069314152847
ASGR,Geometry,82,AVAR,2022-08-02-01,2022-06-14-13,0.1664743738498134
AVL,Geometry,82,AVAR,2022-08-02-01,2022-06-14-13,0.10848755578082521
AVEL,Geometry,82,AVAR,2022-08-02-01,2022-06-14-13,0.13209622561506892
ASGL,Geometry,82,AVAR,2022-08-02-01,2022-06-14-13,0.12209860700751987
ASHL,Geometry,82,AVAR,2022-08-02-01,2022-06-14-13,0.09632401141231188
AIBL,Geometry,82,AVAR,2022-08-02-01,2022-06-14-13,0.11622170684636662
AVHL,Geometry,82,AVAR,2022-08-02-01,2022-06-14-13,0.08226249724493882
AWBL,Geometry,82,AVAR,2022-08-02-01,2022-06-14-13,0.06901802758542372
RIVL,Geometry,82,AVAR,2022-08-02-01,2022-06-14-13,0.09339508905844032
AWCL,Geometry,82,AVAR,2022-08-02-01,2022-06-14-13,0.05314386070040047
SMDDL,Geometry,82,AVAR,2022-08-02-01,2022-06-14-13,0.028576215486268004
AVJR,Geometry,82,AVAR,2022-08-02-01,2022-06-14-13,0.07570902540878373
AIZL,Geometry,82,AVAR,2022-08-02-01,2022-06-14-13,0.05913492680756505
RIBL,Geometry,82,AVAR,2022-08-02-01,2022-06-14-13,0.03280572800921559
ASEL,Geometry,82,AVAR,2022-08-02-01,2022-06-14-13,0.032319103666271214
AVDR,Geometry,82,AVAR,2022-08-02-01,2022-06-14-13,0.05879186345457326
AVDL,Geometry,82,AVAR,2022-08-02-01,2022-06-14-13,0.028646108307534324
AVJL,Geometry,82,AVAR,2022-08-02-01,2022-06-14-13,0.05117040855512803
RIVR,Geometry,82,AVAR,2022-08-02-01,2022-06-14-13,0.03970479637506179
AIZR,Geometry,82,AVAR,2022-08-02-01,2022-06-14-13,0.017165345789564974
AUAR,Geometry,82,AVAR,2022-08-02-01,2022-06-14-13,-0.05810125982628363
AUAL,Geometry,82,AVAR,2022-08-02-01,2022-06-14-13,-0.04405459199404385
RICR,Geometry,82,AVAR,2022-08-02-01,2022-06-14-13,-0.020952281752203553
RICL,Geometry,82,AVAR,2022-08-02-01,2022-06-14-13,-0.08623112429288807
M5,Geometry,82,AVAR,2022-08-02-01,2022-06-14-13,-0.10279080917289878
AIML,Geometry,82,AVAR,2022-08-02-01,2022-06-14-13,0.32278868058363863
AIMR,Geometry,82,AVAR,2022-08-02-01,2022-06-14-13,-0.15750658809840715
FLPL,Geometry,82,AVAR,2022-08-02-01,2022-06-14-13,-0.1565195003500243
ADEL,Geometry,82,AVAR,2022-08-02-01,2022-06-14-13,-0.15400866603184757
VB02,Geometry,82,AVAR,2022-08-02-01,2022-06-14-13,-0.18874102804119647
ADAL,Geometry,82,AVAR,2022-08-02-01,2022-06-14-13,-0.1594485649435819
I1R,Geometry,82,SAAVL,2022-08-02-01,2022-06-14-13,0.16678356643571207
IL2DL,Geometry,82,SAAVL,2022-08-02-01,2022-06-14-13,0.19204865476413263
I2R,Geometry,82,SAAVL,2022-08-02-01,2022-06-14-13,0.17143566918456177
I3,Geometry,82,SAAVL,2022-08-02-01,2022-06-14-13,0.1918979007492009
NSMR,Geometry,82,SAAVL,2022-08-02-01,2022-06-14-13,0.1755211659334102
I2L,Geometry,82,SAAVL,2022-08-02-01,2022-06-14-13,0.1708887160430903
MCL,Geometry,82,SAAVL,2022-08-02-01,2022-06-14-13,0.17397966555334743
NSML,Geometry,82,SAAVL,2022-08-02-01,2022-06-14-13,0.17516890091920298
M4,Geometry,82,SAAVL,2022-08-02-01,2022-06-14-13,0.20158926051101098
M3R,Geometry,82,SAAVL,2022-08-02-01,2022-06-14-13,0.19393674600235028
M3L,Geometry,82,SAAVL,2022-08-02-01,2022-06-14-13,0.19258695287922561
IL2VL,Geometry,82,SAAVL,2022-08-02-01,2022-06-14-13,0.19539112907355563
IL1R,Geometry,82,SAAVL,2022-08-02-01,2022-06-14-13,0.23031149168073758
OLLL,Geometry,82,SAAVL,2022-08-02-01,2022-06-14-13,0.24019075806200882
IL2L,Geometry,82,SAAVL,2022-08-02-01,2022-06-14-13,0.23333615134880736
URBR,Geometry,82,SAAVL,2022-08-02-01,2022-06-14-13,0.2425302166240158
OLLR,Geometry,82,SAAVL,2022-08-02-01,2022-06-14-13,0.25107498580180326
IL1DL,Geometry,82,SAAVL,2022-08-02-01,2022-06-14-13,0.2561377136490049
IL1DR,Geometry,82,SAAVL,2022-08-02-01,2022-06-14-13,0.2610273456729452
URYVR,Geometry,82,SAAVL,2022-08-02-01,2022-06-14-13,0.237139706067664
IL2R,Geometry,82,SAAVL,2022-08-02-01,2022-06-14-13,0.23094897105020262
URYDL,Geometry,82,SAAVL,2022-08-02-01,2022-06-14-13,0.25785096381959177
IL1L,Geometry,82,SAAVL,2022-08-02-01,2022-06-14-13,0.23779002758454953
URBL,Geometry,82,SAAVL,2022-08-02-01,2022-06-14-13,0.252339339047076
OLQDR,Geometry,82,SAAVL,2022-08-02-01,2022-06-14-13,0.27596525016733764
OLQDL,Geometry,82,SAAVL,2022-08-02-01,2022-06-14-13,0.2765240287349749
RMER,Geometry,82,SAAVL,2022-08-02-01,2022-06-14-13,0.2624978209218551
OLQVR,Geometry,82,SAAVL,2022-08-02-01,2022-06-14-13,0.24991575963257526
URYVL,Geometry,82,SAAVL,2022-08-02-01,2022-06-14-13,0.24610895254198845
RMED,Geometry,82,SAAVL,2022-08-02-01,2022-06-14-13,0.2851857304946183
RMEL,Geometry,82,SAAVL,2022-08-02-01,2022-06-14-13,0.2647268909562033
CEPVR,Geometry,82,SAAVL,2022-08-02-01,2022-06-14-13,0.24749147486226708
OLQVL,Geometry,82,SAAVL,2022-08-02-01,2022-06-14-13,0.252945308702369
CEPVL,Geometry,82,SAAVL,2022-08-02-01,2022-06-14-13,0.23977342519881656
SAAVR,Geometry,82,SAAVL,2022-08-02-01,2022-06-14-13,0.25787615453298607
RID,Geometry,82,SAAVL,2022-08-02-01,2022-06-14-13,0.270456944927864
SMDVR,Geometry,82,SAAVL,2022-08-02-01,2022-06-14-13,0.2476975958668592
URXR,Geometry,82,SAAVL,2022-08-02-01,2022-06-14-13,0.25095847129600984
RIAR,Geometry,82,SAAVL,2022-08-02-01,2022-06-14-13,0.24812473373871813
AVAR,Geometry,82,SAAVL,2022-08-02-01,2022-06-14-13,0.23682192585817285
SAAVL,Geometry,83,SAAVL,2022-08-02-01,2022-06-14-13,0.2567792490975128
CEPDR,Geometry,82,SAAVL,2022-08-02-01,2022-06-14-13,0.24441563872910624
URXL,Geometry,82,SAAVL,2022-08-02-01,2022-06-14-13,0.2518451221935543
CEPDL,Geometry,82,SAAVL,2022-08-02-01,2022-06-14-13,0.24537475931815692
SMDDR,Geometry,82,SAAVL,2022-08-02-01,2022-06-14-13,0.19651666388934266
RMEV,Geometry,82,SAAVL,2022-08-02-01,2022-06-14-13,0.19927570144123455
RIAL,Geometry,82,SAAVL,2022-08-02-01,2022-06-14-13,0.23552763583825764
AVER,Geometry,82,SAAVL,2022-08-02-01,2022-06-14-13,0.20790498877878041
AWAR,Geometry,82,SAAVL,2022-08-02-01,2022-06-14-13,0.1988135395511834
SMDVL,Geometry,82,SAAVL,2022-08-02-01,2022-06-14-13,0.2160011269495211
AVAL,Geometry,82,SAAVL,2022-08-02-01,2022-06-14-13,0.1946715978563977
RMDL,Geometry,82,SAAVL,2022-08-02-01,2022-06-14-13,0.16830295214295882
AIBR,Geometry,82,SAAVL,2022-08-02-01,2022-06-14-13,0.164663155387625
ASGR,Geometry,82,SAAVL,2022-08-02-01,2022-06-14-13,0.15969364808252118
AVL,Geometry,82,SAAVL,2022-08-02-01,2022-06-14-13,0.10075143982658329
AVEL,Geometry,82,SAAVL,2022-08-02-01,2022-06-14-13,0.1396789886136929
ASGL,Geometry,82,SAAVL,2022-08-02-01,2022-06-14-13,0.13216895744585364
ASHL,Geometry,82,SAAVL,2022-08-02-01,2022-06-14-13,0.1075011493164778
AIBL,Geometry,82,SAAVL,2022-08-02-01,2022-06-14-13,0.11538342912721557
AVHL,Geometry,82,SAAVL,2022-08-02-01,2022-06-14-13,0.08998560209454386
AWBL,Geometry,82,SAAVL,2022-08-02-01,2022-06-14-13,0.07609569786250088
RIVL,Geometry,82,SAAVL,2022-08-02-01,2022-06-14-13,0.10083742966356532
AWCL,Geometry,82,SAAVL,2022-08-02-01,2022-06-14-13,0.06143214595227166
SMDDL,Geometry,82,SAAVL,2022-08-02-01,2022-06-14-13,0.029589950033358972
AVJR,Geometry,82,SAAVL,2022-08-02-01,2022-06-14-13,0.06459057489053395
AIZL,Geometry,82,SAAVL,2022-08-02-01,2022-06-14-13,0.0671818139964705
RIBL,Geometry,82,SAAVL,2022-08-02-01,2022-06-14-13,0.03601107621125571
ASEL,Geometry,82,SAAVL,2022-08-02-01,2022-06-14-13,0.038700217911647634
AVDR,Geometry,82,SAAVL,2022-08-02-01,2022-06-14-13,0.04676876730342086
AVDL,Geometry,82,SAAVL,2022-08-02-01,2022-06-14-13,0.03457479493937999
AVJL,Geometry,82,SAAVL,2022-08-02-01,2022-06-14-13,0.0569299078175284
RIVR,Geometry,82,SAAVL,2022-08-02-01,2022-06-14-13,0.028812796521686557
AIZR,Geometry,82,SAAVL,2022-08-02-01,2022-06-14-13,0.004403388241965895
AUAR,Geometry,82,SAAVL,2022-08-02-01,2022-06-14-13,-0.05863713225110518
AUAL,Geometry,82,SAAVL,2022-08-02-01,2022-06-14-13,-0.04104936915871378
RICR,Geometry,82,SAAVL,2022-08-02-01,2022-06-14-13,-0.03344093782836636
RICL,Geometry,82,SAAVL,2022-08-02-01,2022-06-14-13,-0.08534852261723831
M5,Geometry,82,SAAVL,2022-08-02-01,2022-06-14-13,-0.10480161288429704
AIML,Geometry,82,SAAVL,2022-08-02-01,2022-06-14-13,0.2718074913736738
AIMR,Geometry,82,SAAVL,2022-08-02-01,2022-06-14-13,-0.16717005868670387
FLPL,Geometry,82,SAAVL,2022-08-02-01,2022-06-14-13,-0.1593364094410179
ADEL,Geometry,82,SAAVL,2022-08-02-01,2022-06-14-13,-0.15779760745133367
VB02,Geometry,82,SAAVL,2022-08-02-01,2022-06-14-13,-0.19556127663367162
ADAL,Geometry,82,SAAVL,2022-08-02-01,2022-06-14-13,-0.16371381577010402
I1R,Geometry,82,CEPDR,2022-08-02-01,2022-06-14-13,0.16381675243100016
IL2DL,Geometry,82,CEPDR,2022-08-02-01,2022-06-14-13,0.18890583281877515
I2R,Geometry,82,CEPDR,2022-08-02-01,2022-06-14-13,0.16936754164422893
I3,Geometry,82,CEPDR,2022-08-02-01,2022-06-14-13,0.18910615321875807
NSMR,Geometry,82,CEPDR,2022-08-02-01,2022-06-14-13,0.1734780401379955
I2L,Geometry,82,CEPDR,2022-08-02-01,2022-06-14-13,0.16633981787452637
MCL,Geometry,82,CEPDR,2022-08-02-01,2022-06-14-13,0.1700222536188365
NSML,Geometry,82,CEPDR,2022-08-02-01,2022-06-14-13,0.17068116152162155
M4,Geometry,82,CEPDR,2022-08-02-01,2022-06-14-13,0.1984028672387669
M3R,Geometry,82,CEPDR,2022-08-02-01,2022-06-14-13,0.19226673411699322
M3L,Geometry,82,CEPDR,2022-08-02-01,2022-06-14-13,0.18798238804715844
IL2VL,Geometry,82,CEPDR,2022-08-02-01,2022-06-14-13,0.19063351369093853
IL1R,Geometry,82,CEPDR,2022-08-02-01,2022-06-14-13,0.2309898581076124
OLLL,Geometry,82,CEPDR,2022-08-02-01,2022-06-14-13,0.23567777025200481
IL2L,Geometry,82,CEPDR,2022-08-02-01,2022-06-14-13,0.2276552484649252
URBR,Geometry,82,CEPDR,2022-08-02-01,2022-06-14-13,0.24420919799088622
OLLR,Geometry,82,CEPDR,2022-08-02-01,2022-06-14-13,0.2530583697975221
IL1DL,Geometry,82,CEPDR,2022-08-02-01,2022-06-14-13,0.25333874668313344
IL1DR,Geometry,82,CEPDR,2022-08-02-01,2022-06-14-13,0.26206293988423324
URYVR,Geometry,82,CEPDR,2022-08-02-01,2022-06-14-13,0.23750665508327762
IL2R,Geometry,82,CEPDR,2022-08-02-01,2022-06-14-13,0.23058018771350294
URYDL,Geometry,82,CEPDR,2022-08-02-01,2022-06-14-13,0.2538343042039704
IL1L,Geometry,82,CEPDR,2022-08-02-01,2022-06-14-13,0.23180486793231808
URBL,Geometry,82,CEPDR,2022-08-02-01,2022-06-14-13,0.24588372589875032
OLQDR,Geometry,82,CEPDR,2022-08-02-01,2022-06-14-13,0.27870220796229317
OLQDL,Geometry,82,CEPDR,2022-08-02-01,2022-06-14-13,0.27449395571237334
RMER,Geometry,82,CEPDR,2022-08-02-01,2022-06-14-13,0.26618460628850726
OLQVR,Geometry,82,CEPDR,2022-08-02-01,2022-06-14-13,0.2514764300484361
URYVL,Geometry,82,CEPDR,2022-08-02-01,2022-06-14-13,0.24051125149602567
RMED,Geometry,82,CEPDR,2022-08-02-01,2022-06-14-13,0.2885372477152497
RMEL,Geometry,82,CEPDR,2022-08-02-01,2022-06-14-13,0.25686158872861825
CEPVR,Geometry,82,CEPDR,2022-08-02-01,2022-06-14-13,0.2475556093190674
OLQVL,Geometry,82,CEPDR,2022-08-02-01,2022-06-14-13,0.24738344480374178
CEPVL,Geometry,82,CEPDR,2022-08-02-01,2022-06-14-13,0.23620534250226066
SAAVR,Geometry,82,CEPDR,2022-08-02-01,2022-06-14-13,0.2651009847887831
RID,Geometry,82,CEPDR,2022-08-02-01,2022-06-14-13,0.27481162110422486
SMDVR,Geometry,82,CEPDR,2022-08-02-01,2022-06-14-13,0.25758786821666535
URXR,Geometry,82,CEPDR,2022-08-02-01,2022-06-14-13,0.25895438901708884
RIAR,Geometry,82,CEPDR,2022-08-02-01,2022-06-14-13,0.2550348206269911
AVAR,Geometry,82,CEPDR,2022-08-02-01,2022-06-14-13,0.24467482751571326
SAAVL,Geometry,82,CEPDR,2022-08-02-01,2022-06-14-13,0.2495236406943256
CEPDR,Geometry,83,CEPDR,2022-08-02-01,2022-06-14-13,0.25629731838053826
URXL,Geometry,82,CEPDR,2022-08-02-01,2022-06-14-13,0.25288887336755606
CEPDL,Geometry,82,CEPDR,2022-08-02-01,2022-06-14-13,0.24344493305197878
SMDDR,Geometry,82,CEPDR,2022-08-02-01,2022-06-14-13,0.19736218513671486
RMEV,Geometry,82,CEPDR,2022-08-02-01,2022-06-14-13,0.19805817482991597
RIAL,Geometry,82,CEPDR,2022-08-02-01,2022-06-14-13,0.23060055473622243
AVER,Geometry,82,CEPDR,2022-08-02-01,2022-06-14-13,0.21358528024524712
AWAR,Geometry,82,CEPDR,2022-08-02-01,2022-06-14-13,0.20792889555171348
SMDVL,Geometry,82,CEPDR,2022-08-02-01,2022-06-14-13,0.2121145006722046
AVAL,Geometry,82,CEPDR,2022-08-02-01,2022-06-14-13,0.1874649308771116
RMDL,Geometry,82,CEPDR,2022-08-02-01,2022-06-14-13,0.1611838361606115
AIBR,Geometry,82,CEPDR,2022-08-02-01,2022-06-14-13,0.17119023315931503
ASGR,Geometry,82,CEPDR,2022-08-02-01,2022-06-14-13,0.16712271377119925
AVL,Geometry,82,CEPDR,2022-08-02-01,2022-06-14-13,0.10266360220062762
AVEL,Geometry,82,CEPDR,2022-08-02-01,2022-06-14-13,0.13376310203911304
ASGL,Geometry,82,CEPDR,2022-08-02-01,2022-06-14-13,0.12623723169896664
ASHL,Geometry,82,CEPDR,2022-08-02-01,2022-06-14-13,0.09954222607930985
AIBL,Geometry,82,CEPDR,2022-08-02-01,2022-06-14-13,0.12046490618076354
AVHL,Geometry,82,CEPDR,2022-08-02-01,2022-06-14-13,0.0843879900838406
AWBL,Geometry,82,CEPDR,2022-08-02-01,2022-06-14-13,0.06981154015421835
RIVL,Geometry,82,CEPDR,2022-08-02-01,2022-06-14-13,0.09735462303834715
AWCL,Geometry,82,CEPDR,2022-08-02-01,2022-06-14-13,0.05408071395026054
SMDDL,Geometry,82,CEPDR,2022-08-02-01,2022-06-14-13,0.025705192816438557
AVJR,Geometry,82,CEPDR,2022-08-02-01,2022-06-14-13,0.073637094847335
AIZL,Geometry,82,CEPDR,2022-08-02-01,2022-06-14-13,0.06188926349533671
RIBL,Geometry,82,CEPDR,2022-08-02-01,2022-06-14-13,0.0318019721103025
ASEL,Geometry,82,CEPDR,2022-08-02-01,2022-06-14-13,0.03268321029297342
AVDR,Geometry,82,CEPDR,2022-08-02-01,2022-06-14-13,0.055851864634358046
AVDL,Geometry,82,CEPDR,2022-08-02-01,2022-06-14-13,0.029227811490272083
AVJL,Geometry,82,CEPDR,2022-08-02-01,2022-06-14-13,0.0542077546733065
RIVR,Geometry,82,CEPDR,2022-08-02-01,2022-06-14-13,0.036720195913733225
AIZR,Geometry,82,CEPDR,2022-08-02-01,2022-06-14-13,0.013470562294011926
AUAR,Geometry,82,CEPDR,2022-08-02-01,2022-06-14-13,-0.06162396030459783
AUAL,Geometry,82,CEPDR,2022-08-02-01,2022-06-14-13,-0.04575438483560421
RICR,Geometry,82,CEPDR,2022-08-02-01,2022-06-14-13,-0.025761042299906226
RICL,Geometry,82,CEPDR,2022-08-02-01,2022-06-14-13,-0.08846410364091684
M5,Geometry,82,CEPDR,2022-08-02-01,2022-06-14-13,-0.10516966907804084
AIML,Geometry,82,CEPDR,2022-08-02-01,2022-06-14-13,0.259204375913723
AIMR,Geometry,82,CEPDR,2022-08-02-01,2022-06-14-13,-0.1635686735776796
FLPL,Geometry,82,CEPDR,2022-08-02-01,2022-06-14-13,-0.15964034293214766
ADEL,Geometry,82,CEPDR,2022-08-02-01,2022-06-14-13,-0.15729799329457436
VB02,Geometry,82,CEPDR,2022-08-02-01,2022-06-14-13,-0.1938867068350918
ADAL,Geometry,82,CEPDR,2022-08-02-01,2022-06-14-13,-0.16313472021118175
I1R,Geometry,82,URXL,2022-08-02-01,2022-06-14-13,0.15866191363366977
IL2DL,Geometry,82,URXL,2022-08-02-01,2022-06-14-13,0.18427285821743264
I2R,Geometry,82,URXL,2022-08-02-01,2022-06-14-13,0.16360051660323513
I3,Geometry,82,URXL,2022-08-02-01,2022-06-14-13,0.18415869700713533
NSMR,Geometry,82,URXL,2022-08-02-01,2022-06-14-13,0.16773189325403318
I2L,Geometry,82,URXL,2022-08-02-01,2022-06-14-13,0.1623889342846281
MCL,Geometry,82,URXL,2022-08-02-01,2022-06-14-13,0.16564774801990956
NSML,Geometry,82,URXL,2022-08-02-01,2022-06-14-13,0.1667261749286238
M4,Geometry,82,URXL,2022-08-02-01,2022-06-14-13,0.19382439321158085
M3R,Geometry,82,URXL,2022-08-02-01,2022-06-14-13,0.1865229868397854
M3L,Geometry,82,URXL,2022-08-02-01,2022-06-14-13,0.18436767476637478
IL2VL,Geometry,82,URXL,2022-08-02-01,2022-06-14-13,0.18731248087946434
IL1R,Geometry,82,URXL,2022-08-02-01,2022-06-14-13,0.22475868577648778
OLLL,Geometry,82,URXL,2022-08-02-01,2022-06-14-13,0.2335407121894707
IL2L,Geometry,82,URXL,2022-08-02-01,2022-06-14-13,0.22613266218255051
URBR,Geometry,82,URXL,2022-08-02-01,2022-06-14-13,0.2379324055158739
OLLR,Geometry,82,URXL,2022-08-02-01,2022-06-14-13,0.24697175664946364
IL1DL,Geometry,82,URXL,2022-08-02-01,2022-06-14-13,0.25079347836810845
IL1DR,Geometry,82,URXL,2022-08-02-01,2022-06-14-13,0.25718401023144727
URYVR,Geometry,82,URXL,2022-08-02-01,2022-06-14-13,0.23205392276242498
IL2R,Geometry,82,URXL,2022-08-02-01,2022-06-14-13,0.22551674688044338
URYDL,Geometry,82,URXL,2022-08-02-01,2022-06-14-13,0.25239590017621916
IL1L,Geometry,82,URXL,2022-08-02-01,2022-06-14-13,0.23091593017221715
URBL,Geometry,82,URXL,2022-08-02-01,2022-06-14-13,0.24616160339015358
OLQDR,Geometry,82,URXL,2022-08-02-01,2022-06-14-13,0.27429983368458144
OLQDL,Geometry,82,URXL,2022-08-02-01,2022-06-14-13,0.273337611289163
RMER,Geometry,82,URXL,2022-08-02-01,2022-06-14-13,0.2604053981693913
OLQVR,Geometry,82,URXL,2022-08-02-01,2022-06-14-13,0.24659961950801715
URYVL,Geometry,82,URXL,2022-08-02-01,2022-06-14-13,0.24027748500057775
RMED,Geometry,82,URXL,2022-08-02-01,2022-06-14-13,0.2860793050907695
RMEL,Geometry,82,URXL,2022-08-02-01,2022-06-14-13,0.26017601629292497
CEPVR,Geometry,82,URXL,2022-08-02-01,2022-06-14-13,0.2449693412029947
OLQVL,Geometry,82,URXL,2022-08-02-01,2022-06-14-13,0.24889709750041278
CEPVL,Geometry,82,URXL,2022-08-02-01,2022-06-14-13,0.23793875733298356
SAAVR,Geometry,82,URXL,2022-08-02-01,2022-06-14-13,0.2614768568236954
RID,Geometry,82,URXL,2022-08-02-01,2022-06-14-13,0.2752495689344563
SMDVR,Geometry,82,URXL,2022-08-02-01,2022-06-14-13,0.2536392987933584
URXR,Geometry,82,URXL,2022-08-02-01,2022-06-14-13,0.25697807919369026
RIAR,Geometry,82,URXL,2022-08-02-01,2022-06-14-13,0.25335304309900186
AVAR,Geometry,82,URXL,2022-08-02-01,2022-06-14-13,0.24151234561747398
SAAVL,Geometry,82,URXL,2022-08-02-01,2022-06-14-13,0.25612707953229286
CEPDR,Geometry,82,URXL,2022-08-02-01,2022-06-14-13,0.25135279849615727
URXL,Geometry,83,URXL,2022-08-02-01,2022-06-14-13,0.25816553471165465
CEPDL,Geometry,82,URXL,2022-08-02-01,2022-06-14-13,0.249790234131295
SMDDR,Geometry,82,URXL,2022-08-02-01,2022-06-14-13,0.19847854176776922
RMEV,Geometry,82,URXL,2022-08-02-01,2022-06-14-13,0.20079232217255258
RIAL,Geometry,82,URXL,2022-08-02-01,2022-06-14-13,0.2380055516806231
AVER,Geometry,82,URXL,2022-08-02-01,2022-06-14-13,0.21302706882878922
AWAR,Geometry,82,URXL,2022-08-02-01,2022-06-14-13,0.20652537986653763
SMDVL,Geometry,82,URXL,2022-08-02-01,2022-06-14-13,0.2205576937978562
AVAL,Geometry,82,URXL,2022-08-02-01,2022-06-14-13,0.19702629449864673
RMDL,Geometry,82,URXL,2022-08-02-01,2022-06-14-13,0.17091456266288607
AIBR,Geometry,82,URXL,2022-08-02-01,2022-06-14-13,0.17174358118311595
ASGR,Geometry,82,URXL,2022-08-02-01,2022-06-14-13,0.16794051849369673
AVL,Geometry,82,URXL,2022-08-02-01,2022-06-14-13,0.10591510173781259
AVEL,Geometry,82,URXL,2022-08-02-01,2022-06-14-13,0.143694775323029
ASGL,Geometry,82,URXL,2022-08-02-01,2022-06-14-13,0.13712666559098421
ASHL,Geometry,82,URXL,2022-08-02-01,2022-06-14-13,0.11180676764183561
AIBL,Geometry,82,URXL,2022-08-02-01,2022-06-14-13,0.12458969525597674
AVHL,Geometry,82,URXL,2022-08-02-01,2022-06-14-13,0.09544124233256941
AWBL,Geometry,82,URXL,2022-08-02-01,2022-06-14-13,0.0811144546225463
RIVL,Geometry,82,URXL,2022-08-02-01,2022-06-14-13,0.10733614447339415
AWCL,Geometry,82,URXL,2022-08-02-01,2022-06-14-13,0.06616790136542008
SMDDL,Geometry,82,URXL,2022-08-02-01,2022-06-14-13,0.03516088770813412
AVJR,Geometry,82,URXL,2022-08-02-01,2022-06-14-13,0.07443588649213588
AIZL,Geometry,82,URXL,2022-08-02-01,2022-06-14-13,0.07321835979487616
RIBL,Geometry,82,URXL,2022-08-02-01,2022-06-14-13,0.04194047570252519
ASEL,Geometry,82,URXL,2022-08-02-01,2022-06-14-13,0.044201779685352424
AVDR,Geometry,82,URXL,2022-08-02-01,2022-06-14-13,0.05662056647360067
AVDL,Geometry,82,URXL,2022-08-02-01,2022-06-14-13,0.040462930367899705
AVJL,Geometry,82,URXL,2022-08-02-01,2022-06-14-13,0.0640391844489806
RIVR,Geometry,82,URXL,2022-08-02-01,2022-06-14-13,0.03865085126929128
AIZR,Geometry,82,URXL,2022-08-02-01,2022-06-14-13,0.014446846403459205
AUAR,Geometry,82,URXL,2022-08-02-01,2022-06-14-13,-0.0522012753188453
AUAL,Geometry,82,URXL,2022-08-02-01,2022-06-14-13,-0.03488668364354733
RICR,Geometry,82,URXL,2022-08-02-01,2022-06-14-13,-0.023720758819225203
RICL,Geometry,82,URXL,2022-08-02-01,2022-06-14-13,-0.07850742192047164
M5,Geometry,82,URXL,2022-08-02-01,2022-06-14-13,-0.09701465028571125
AIML,Geometry,82,URXL,2022-08-02-01,2022-06-14-13,0.32660289063162773
AIMR,Geometry,82,URXL,2022-08-02-01,2022-06-14-13,-0.1586989635265396
FLPL,Geometry,82,URXL,2022-08-02-01,2022-06-14-13,-0.1517911207093956
ADEL,Geometry,82,URXL,2022-08-02-01,2022-06-14-13,-0.15011995610121762
VB02,Geometry,82,URXL,2022-08-02-01,2022-06-14-13,-0.18779330687701887
ADAL,Geometry,82,URXL,2022-08-02-01,2022-06-14-13,-0.15614117847831147
I1R,Geometry,82,CEPDL,2022-08-02-01,2022-06-14-13,0.15441641866060557
IL2DL,Geometry,82,CEPDL,2022-08-02-01,2022-06-14-13,0.18015136176829746
I2R,Geometry,82,CEPDL,2022-08-02-01,2022-06-14-13,0.15906850793144664
I3,Geometry,82,CEPDL,2022-08-02-01,2022-06-14-13,0.17989349374794802
NSMR,Geometry,82,CEPDL,2022-08-02-01,2022-06-14-13,0.1631672208461732
I2L,Geometry,82,CEPDL,2022-08-02-01,2022-06-14-13,0.15837762373584144
MCL,Geometry,82,CEPDL,2022-08-02-01,2022-06-14-13,0.1615235877569878
NSML,Geometry,82,CEPDL,2022-08-02-01,2022-06-14-13,0.1626449555732326
M4,Geometry,82,CEPDL,2022-08-02-01,2022-06-14-13,0.18934685255179373
M3R,Geometry,82,CEPDL,2022-08-02-01,2022-06-14-13,0.1817457325991832
M3L,Geometry,82,CEPDL,2022-08-02-01,2022-06-14-13,0.18013585180203395
IL2VL,Geometry,82,CEPDL,2022-08-02-01,2022-06-14-13,0.18292215457441416
IL1R,Geometry,82,CEPDL,2022-08-02-01,2022-06-14-13,0.21941495327323526
OLLL,Geometry,82,CEPDL,2022-08-02-01,2022-06-14-13,0.229402760479976
IL2L,Geometry,82,CEPDL,2022-08-02-01,2022-06-14-13,0.22211675820500168
URBR,Geometry,82,CEPDL,2022-08-02-01,2022-06-14-13,0.2325184503748906
OLLR,Geometry,82,CEPDL,2022-08-02-01,2022-06-14-13,0.24168196590562263
IL1DL,Geometry,82,CEPDL,2022-08-02-01,2022-06-14-13,0.2465413582564165
IL1DR,Geometry,82,CEPDL,2022-08-02-01,2022-06-14-13,0.252226201129178
URYVR,Geometry,82,CEPDL,2022-08-02-01,2022-06-14-13,0.2265981747674447
IL2R,Geometry,82,CEPDL,2022-08-02-01,2022-06-14-13,0.2199498851957152
URYDL,Geometry,82,CEPDL,2022-08-02-01,2022-06-14-13,0.24839000457633054
IL1L,Geometry,82,CEPDL,2022-08-02-01,2022-06-14-13,0.2268769606424193
URBL,Geometry,82,CEPDL,2022-08-02-01,2022-06-14-13,0.2424199414945783
OLQDR,Geometry,82,CEPDL,2022-08-02-01,2022-06-14-13,0.2693833038535141
OLQDL,Geometry,82,CEPDL,2022-08-02-01,2022-06-14-13,0.2692960430413399
RMER,Geometry,82,CEPDL,2022-08-02-01,2022-06-14-13,0.2548781213084579
OLQVR,Geometry,82,CEPDL,2022-08-02-01,2022-06-14-13,0.24115173199889262
URYVL,Geometry,82,CEPDL,2022-08-02-01,2022-06-14-13,0.23606950441304586
RMED,Geometry,82,CEPDL,2022-08-02-01,2022-06-14-13,0.28174497092061523
RMEL,Geometry,82,CEPDL,2022-08-02-01,2022-06-14-13,0.2569483589465287
CEPVR,Geometry,82,CEPDL,2022-08-02-01,2022-06-14-13,0.23985937176789945
OLQVL,Geometry,82,CEPDL,2022-08-02-01,2022-06-14-13,0.24497376611086488
CEPVL,Geometry,82,CEPDL,2022-08-02-01,2022-06-14-13,0.23411354635662465
SAAVR,Geometry,82,CEPDL,2022-08-02-01,2022-06-14-13,0.2569437589324642
RID,Geometry,82,CEPDL,2022-08-02-01,2022-06-14-13,0.2724147401735477
SMDVR,Geometry,82,CEPDL,2022-08-02-01,2022-06-14-13,0.24969243525301993
URXR,Geometry,82,CEPDL,2022-08-02-01,2022-06-14-13,0.2537120375909381
RIAR,Geometry,82,CEPDL,2022-08-02-01,2022-06-14-13,0.2498259877913228
AVAR,Geometry,82,CEPDL,2022-08-02-01,2022-06-14-13,0.23732634582508869
SAAVL,Geometry,82,CEPDL,2022-08-02-01,2022-06-14-13,0.25483429349212466
CEPDR,Geometry,82,CEPDL,2022-08-02-01,2022-06-14-13,0.24797474565386815
URXL,Geometry,82,CEPDL,2022-08-02-01,2022-06-14-13,0.255039485367928
CEPDL,Geometry,83,CEPDL,2022-08-02-01,2022-06-14-13,0.250751380847779
SMDDR,Geometry,82,CEPDL,2022-08-02-01,2022-06-14-13,0.1947725843689323
RMEV,Geometry,82,CEPDL,2022-08-02-01,2022-06-14-13,0.19783356870048144
RIAL,Geometry,82,CEPDL,2022-08-02-01,2022-06-14-13,0.23755600290018838
AVER,Geometry,82,CEPDL,2022-08-02-01,2022-06-14-13,0.20989607790050555
AWAR,Geometry,82,CEPDL,2022-08-02-01,2022-06-14-13,0.20424807508989232
SMDVL,Geometry,82,CEPDL,2022-08-02-01,2022-06-14-13,0.22111897858453436
AVAL,Geometry,82,CEPDL,2022-08-02-01,2022-06-14-13,0.19728306396321493
RMDL,Geometry,82,CEPDL,2022-08-02-01,2022-06-14-13,0.17135028216077947
AIBR,Geometry,82,CEPDL,2022-08-02-01,2022-06-14-13,0.16994101271881612
ASGR,Geometry,82,CEPDL,2022-08-02-01,2022-06-14-13,0.16685804476135133
AVL,Geometry,82,CEPDL,2022-08-02-01,2022-06-14-13,0.10452886140335073
AVEL,Geometry,82,CEPDL,2022-08-02-01,2022-06-14-13,0.14491166037388842
ASGL,Geometry,82,CEPDL,2022-08-02-01,2022-06-14-13,0.13938743423261157
ASHL,Geometry,82,CEPDL,2022-08-02-01,2022-06-14-13,0.11453193286169511
AIBL,Geometry,82,CEPDL,2022-08-02-01,2022-06-14-13,0.12615608199117218
AVHL,Geometry,82,CEPDL,2022-08-02-01,2022-06-14-13,0.09818268196691018
AWBL,Geometry,82,CEPDL,2022-08-02-01,2022-06-14-13,0.08382207072381972
RIVL,Geometry,82,CEPDL,2022-08-02-01,2022-06-14-13,0.11012416989722004
AWCL,Geometry,82,CEPDL,2022-08-02-01,2022-06-14-13,0.06917498965545155
SMDDL,Geometry,82,CEPDL,2022-08-02-01,2022-06-14-13,0.03710733438647076
AVJR,Geometry,82,CEPDL,2022-08-02-01,2022-06-14-13,0.07490728703775765
AIZL,Geometry,82,CEPDL,2022-08-02-01,2022-06-14-13,0.07663278698883898
RIBL,Geometry,82,CEPDL,2022-08-02-01,2022-06-14-13,0.044792733479544364
ASEL,Geometry,82,CEPDL,2022-08-02-01,2022-06-14-13,0.04752572543511098
AVDR,Geometry,82,CEPDL,2022-08-02-01,2022-06-14-13,0.05713055439239957
AVDL,Geometry,82,CEPDL,2022-08-02-01,2022-06-14-13,0.04389573741378341
AVJL,Geometry,82,CEPDL,2022-08-02-01,2022-06-14-13,0.06747007128448962
RIVR,Geometry,82,CEPDL,2022-08-02-01,2022-06-14-13,0.039900649872153575
AIZR,Geometry,82,CEPDL,2022-08-02-01,2022-06-14-13,0.015494122324055417
AUAR,Geometry,82,CEPDL,2022-08-02-01,2022-06-14-13,-0.049138192756358244
AUAL,Geometry,82,CEPDL,2022-08-02-01,2022-06-14-13,-0.031163868469241348
RICR,Geometry,82,CEPDL,2022-08-02-01,2022-06-14-13,-0.02225733977263572
RICL,Geometry,82,CEPDL,2022-08-02-01,2022-06-14-13,-0.07452861441966842
M5,Geometry,82,CEPDL,2022-08-02-01,2022-06-14-13,-0.0928868135567194
AIML,Geometry,82,CEPDL,2022-08-02-01,2022-06-14-13,0.36325252449129386
AIMR,Geometry,82,CEPDL,2022-08-02-01,2022-06-14-13,-0.1557209246079614
FLPL,Geometry,82,CEPDL,2022-08-02-01,2022-06-14-13,-0.147419916426179
ADEL,Geometry,82,CEPDL,2022-08-02-01,2022-06-14-13,-0.14577514072841616
VB02,Geometry,82,CEPDL,2022-08-02-01,2022-06-14-13,-0.18390823586417004
ADAL,Geometry,82,CEPDL,2022-08-02-01,2022-06-14-13,-0.15185321939752847
I1R,Geometry,82,SMDDR,2022-08-02-01,2022-06-14-13,0.05732394592215317
IL2DL,Geometry,82,SMDDR,2022-08-02-01,2022-06-14-13,0.07641442006215754
I2R,Geometry,82,SMDDR,2022-08-02-01,2022-06-14-13,0.061722749409979474
I3,Geometry,82,SMDDR,2022-08-02-01,2022-06-14-13,0.07692878284264035
NSMR,Geometry,82,SMDDR,2022-08-02-01,2022-06-14-13,0.06493127301752057
I2L,Geometry,82,SMDDR,2022-08-02-01,2022-06-14-13,0.05901429537844798
MCL,Geometry,82,SMDDR,2022-08-02-01,2022-06-14-13,0.06180930201396824
NSML,Geometry,82,SMDDR,2022-08-02-01,2022-06-14-13,0.06259213036119268
M4,Geometry,82,SMDDR,2022-08-02-01,2022-06-14-13,0.08556847818303684
M3R,Geometry,82,SMDDR,2022-08-02-01,2022-06-14-13,0.0806888283459593
M3L,Geometry,82,SMDDR,2022-08-02-01,2022-06-14-13,0.0774895251979609
IL2VL,Geometry,82,SMDDR,2022-08-02-01,2022-06-14-13,0.08143618493883316
IL1R,Geometry,82,SMDDR,2022-08-02-01,2022-06-14-13,0.11879465146036394
OLLL,Geometry,82,SMDDR,2022-08-02-01,2022-06-14-13,0.12284064839685527
IL2L,Geometry,82,SMDDR,2022-08-02-01,2022-06-14-13,0.11606449600704927
URBR,Geometry,82,SMDDR,2022-08-02-01,2022-06-14-13,0.13317939867401898
OLLR,Geometry,82,SMDDR,2022-08-02-01,2022-06-14-13,0.14138981040828164
IL1DL,Geometry,82,SMDDR,2022-08-02-01,2022-06-14-13,0.14051044841347238
IL1DR,Geometry,82,SMDDR,2022-08-02-01,2022-06-14-13,0.15015841984434655
URYVR,Geometry,82,SMDDR,2022-08-02-01,2022-06-14-13,0.12976287348577475
IL2R,Geometry,82,SMDDR,2022-08-02-01,2022-06-14-13,0.1258892203503607
URYDL,Geometry,82,SMDDR,2022-08-02-01,2022-06-14-13,0.14300012652494382
IL1L,Geometry,82,SMDDR,2022-08-02-01,2022-06-14-13,0.12365690273605827
URBL,Geometry,82,SMDDR,2022-08-02-01,2022-06-14-13,0.1395084358208216
OLQDR,Geometry,82,SMDDR,2022-08-02-01,2022-06-14-13,0.17384621865821906
OLQDL,Geometry,82,SMDDR,2022-08-02-01,2022-06-14-13,0.1693533586680077
RMER,Geometry,82,SMDDR,2022-08-02-01,2022-06-14-13,0.16494481566460312
OLQVR,Geometry,82,SMDDR,2022-08-02-01,2022-06-14-13,0.1522636884548651
URYVL,Geometry,82,SMDDR,2022-08-02-01,2022-06-14-13,0.13987180258698256
RMED,Geometry,82,SMDDR,2022-08-02-01,2022-06-14-13,0.19534168056037374
RMEL,Geometry,82,SMDDR,2022-08-02-01,2022-06-14-13,0.16744500625483744
CEPVR,Geometry,82,SMDDR,2022-08-02-01,2022-06-14-13,0.1629517852552902
OLQVL,Geometry,82,SMDDR,2022-08-02-01,2022-06-14-13,0.16161276792553725
CEPVL,Geometry,82,SMDDR,2022-08-02-01,2022-06-14-13,0.17026321142567635
SAAVR,Geometry,82,SMDDR,2022-08-02-01,2022-06-14-13,0.2016975319999939
RID,Geometry,82,SMDDR,2022-08-02-01,2022-06-14-13,0.2105533410635617
SMDVR,Geometry,82,SMDDR,2022-08-02-01,2022-06-14-13,0.20606765678438674
URXR,Geometry,82,SMDDR,2022-08-02-01,2022-06-14-13,0.2082935308732205
RIAR,Geometry,82,SMDDR,2022-08-02-01,2022-06-14-13,0.20468460953341308
AVAR,Geometry,82,SMDDR,2022-08-02-01,2022-06-14-13,0.19781106406281493
SAAVL,Geometry,82,SMDDR,2022-08-02-01,2022-06-14-13,0.19661063915406513
CEPDR,Geometry,82,SMDDR,2022-08-02-01,2022-06-14-13,0.20928869952228946
URXL,Geometry,82,SMDDR,2022-08-02-01,2022-06-14-13,0.20587900371613793
CEPDL,Geometry,82,SMDDR,2022-08-02-01,2022-06-14-13,0.20300618920406294
SMDDR,Geometry,83,SMDDR,2022-08-02-01,2022-06-14-13,0.16850324713141307
RMEV,Geometry,82,SMDDR,2022-08-02-01,2022-06-14-13,0.16806256097207645
RIAL,Geometry,82,SMDDR,2022-08-02-01,2022-06-14-13,0.19496571565606954
AVER,Geometry,82,SMDDR,2022-08-02-01,2022-06-14-13,0.1887518227320815
AWAR,Geometry,82,SMDDR,2022-08-02-01,2022-06-14-13,0.19213035046696236
SMDVL,Geometry,82,SMDDR,2022-08-02-01,2022-06-14-13,0.1918123841258977
AVAL,Geometry,82,SMDDR,2022-08-02-01,2022-06-14-13,0.17313833967125422
RMDL,Geometry,82,SMDDR,2022-08-02-01,2022-06-14-13,0.15869194345306464
AIBR,Geometry,82,SMDDR,2022-08-02-01,2022-06-14-13,0.1726981893638382
ASGR,Geometry,82,SMDDR,2022-08-02-01,2022-06-14-13,0.17539009634651112
AVL,Geometry,82,SMDDR,2022-08-02-01,2022-06-14-13,0.12180307693795668
AVEL,Geometry,82,SMDDR,2022-08-02-01,2022-06-14-13,0.14822232614781972
ASGL,Geometry,82,SMDDR,2022-08-02-01,2022-06-14-13,0.1480817989058525
ASHL,Geometry,82,SMDDR,2022-08-02-01,2022-06-14-13,0.12748598399244326
AIBL,Geometry,82,SMDDR,2022-08-02-01,2022-06-14-13,0.15040287509423908
AVHL,Geometry,82,SMDDR,2022-08-02-01,2022-06-14-13,0.12368792996851281
AWBL,Geometry,82,SMDDR,2022-08-02-01,2022-06-14-13,0.111918988169029
RIVL,Geometry,82,SMDDR,2022-08-02-01,2022-06-14-13,0.13362252798083712
AWCL,Geometry,82,SMDDR,2022-08-02-01,2022-06-14-13,0.09740585305336066
SMDDL,Geometry,82,SMDDR,2022-08-02-01,2022-06-14-13,0.07513577506559638
AVJR,Geometry,82,SMDDR,2022-08-02-01,2022-06-14-13,0.12274554136637379
AIZL,Geometry,82,SMDDR,2022-08-02-01,2022-06-14-13,0.1077868092237166
RIBL,Geometry,82,SMDDR,2022-08-02-01,2022-06-14-13,0.08702444008088667
ASEL,Geometry,82,SMDDR,2022-08-02-01,2022-06-14-13,0.0867062505777817
AVDR,Geometry,82,SMDDR,2022-08-02-01,2022-06-14-13,0.1094625662287832
AVDL,Geometry,82,SMDDR,2022-08-02-01,2022-06-14-13,0.08614670219701476
AVJL,Geometry,82,SMDDR,2022-08-02-01,2022-06-14-13,0.10599041500389744
RIVR,Geometry,82,SMDDR,2022-08-02-01,2022-06-14-13,0.10010592534011581
AIZR,Geometry,82,SMDDR,2022-08-02-01,2022-06-14-13,0.07741982886144191
AUAR,Geometry,82,SMDDR,2022-08-02-01,2022-06-14-13,0.012443134952262246
AUAL,Geometry,82,SMDDR,2022-08-02-01,2022-06-14-13,0.02646613906881992
RICR,Geometry,82,SMDDR,2022-08-02-01,2022-06-14-13,0.047100722552445885
RICL,Geometry,82,SMDDR,2022-08-02-01,2022-06-14-13,-0.005700810747320663
M5,Geometry,82,SMDDR,2022-08-02-01,2022-06-14-13,-0.012163061516321058
AIML,Geometry,82,SMDDR,2022-08-02-01,2022-06-14-13,0.927226303083635
AIMR,Geometry,82,SMDDR,2022-08-02-01,2022-06-14-13,-0.06718187065483808
FLPL,Geometry,82,SMDDR,2022-08-02-01,2022-06-14-13,-0.061165116541998764
ADEL,Geometry,82,SMDDR,2022-08-02-01,2022-06-14-13,-0.056940036830812904
VB02,Geometry,82,SMDDR,2022-08-02-01,2022-06-14-13,-0.09186814025804427
ADAL,Geometry,82,SMDDR,2022-08-02-01,2022-06-14-13,-0.061139889903678295
I1R,Geometry,82,RMEV,2022-08-02-01,2022-06-14-13,0.1513893368478543
IL2DL,Geometry,82,RMEV,2022-08-02-01,2022-06-14-13,0.17290892742367223
I2R,Geometry,82,RMEV,2022-08-02-01,2022-06-14-13,0.15667092848926173
I3,Geometry,82,RMEV,2022-08-02-01,2022-06-14-13,0.17348682140830388
NSMR,Geometry,82,RMEV,2022-08-02-01,2022-06-14-13,0.16042960704636125
I2L,Geometry,82,RMEV,2022-08-02-01,2022-06-14-13,0.15418265618581503
MCL,Geometry,82,RMEV,2022-08-02-01,2022-06-14-13,0.15732838347530687
NSML,Geometry,82,RMEV,2022-08-02-01,2022-06-14-13,0.1583332774801383
M4,Geometry,82,RMEV,2022-08-02-01,2022-06-14-13,0.18327762876395315
M3R,Geometry,82,RMEV,2022-08-02-01,2022-06-14-13,0.17781927008761
M3L,Geometry,82,RMEV,2022-08-02-01,2022-06-14-13,0.1747414304983405
IL2VL,Geometry,82,RMEV,2022-08-02-01,2022-06-14-13,0.1785128492132598
IL1R,Geometry,82,RMEV,2022-08-02-01,2022-06-14-13,0.213759049117154
OLLL,Geometry,82,RMEV,2022-08-02-01,2022-06-14-13,0.21766917817893358
IL2L,Geometry,82,RMEV,2022-08-02-01,2022-06-14-13,0.21133031308336062
URBR,Geometry,82,RMEV,2022-08-02-01,2022-06-14-13,0.22551018257791075
OLLR,Geometry,82,RMEV,2022-08-02-01,2022-06-14-13,0.23250731077181774
IL1DL,Geometry,82,RMEV,2022-08-02-01,2022-06-14-13,0.23253160853686985
IL1DR,Geometry,82,RMEV,2022-08-02-01,2022-06-14-13,0.23986744171314855
URYVR,Geometry,82,RMEV,2022-08-02-01,2022-06-14-13,0.22197194095120532
IL2R,Geometry,82,RMEV,2022-08-02-01,2022-06-14-13,0.21794564330263855
URYDL,Geometry,82,RMEV,2022-08-02-01,2022-06-14-13,0.23371971992530396
IL1L,Geometry,82,RMEV,2022-08-02-01,2022-06-14-13,0.2167406670591213
URBL,Geometry,82,RMEV,2022-08-02-01,2022-06-14-13,0.22906332276100438
OLQDR,Geometry,82,RMEV,2022-08-02-01,2022-06-14-13,0.2546959554042499
OLQDL,Geometry,82,RMEV,2022-08-02-01,2022-06-14-13,0.25190829391203307
RMER,Geometry,82,RMEV,2022-08-02-01,2022-06-14-13,0.2467692132206903
OLQVR,Geometry,82,RMEV,2022-08-02-01,2022-06-14-13,0.2361026861383415
URYVL,Geometry,82,RMEV,2022-08-02-01,2022-06-14-13,0.22738016916934767
RMED,Geometry,82,RMEV,2022-08-02-01,2022-06-14-13,0.2627753459740514
RMEL,Geometry,82,RMEV,2022-08-02-01,2022-06-14-13,0.242996675372799
CEPVR,Geometry,82,RMEV,2022-08-02-01,2022-06-14-13,0.23683206739661344
OLQVL,Geometry,82,RMEV,2022-08-02-01,2022-06-14-13,0.23668838761815675
CEPVL,Geometry,82,RMEV,2022-08-02-01,2022-06-14-13,0.22982070921883
SAAVR,Geometry,82,RMEV,2022-08-02-01,2022-06-14-13,0.24703681192563917
RID,Geometry,82,RMEV,2022-08-02-01,2022-06-14-13,0.2500684621251157
SMDVR,Geometry,82,RMEV,2022-08-02-01,2022-06-14-13,0.23700317943039817
URXR,Geometry,82,RMEV,2022-08-02-01,2022-06-14-13,0.237143054019165
RIAR,Geometry,82,RMEV,2022-08-02-01,2022-06-14-13,0.2362764430582753
AVAR,Geometry,82,RMEV,2022-08-02-01,2022-06-14-13,0.23035092104296467
SAAVL,Geometry,82,RMEV,2022-08-02-01,2022-06-14-13,0.23489976349550082
CEPDR,Geometry,82,RMEV,2022-08-02-01,2022-06-14-13,0.23261313869819178
URXL,Geometry,82,RMEV,2022-08-02-01,2022-06-14-13,0.23316700921482636
CEPDL,Geometry,82,RMEV,2022-08-02-01,2022-06-14-13,0.22545030592375453
SMDDR,Geometry,82,RMEV,2022-08-02-01,2022-06-14-13,0.19767863499026633
RMEV,Geometry,83,RMEV,2022-08-02-01,2022-06-14-13,0.1993723141373647
RIAL,Geometry,82,RMEV,2022-08-02-01,2022-06-14-13,0.21796454599121584
AVER,Geometry,82,RMEV,2022-08-02-01,2022-06-14-13,0.2056507430039775
AWAR,Geometry,82,RMEV,2022-08-02-01,2022-06-14-13,0.19442468090338214
SMDVL,Geometry,82,RMEV,2022-08-02-01,2022-06-14-13,0.19877627118814264
AVAL,Geometry,82,RMEV,2022-08-02-01,2022-06-14-13,0.1836852539944512
RMDL,Geometry,82,RMEV,2022-08-02-01,2022-06-14-13,0.160677094989946
AIBR,Geometry,82,RMEV,2022-08-02-01,2022-06-14-13,0.16567142602100082
ASGR,Geometry,82,RMEV,2022-08-02-01,2022-06-14-13,0.15945297533346006
AVL,Geometry,82,RMEV,2022-08-02-01,2022-06-14-13,0.10806162317756747
AVEL,Geometry,82,RMEV,2022-08-02-01,2022-06-14-13,0.13510097821746433
ASGL,Geometry,82,RMEV,2022-08-02-01,2022-06-14-13,0.1252270984398776
ASHL,Geometry,82,RMEV,2022-08-02-01,2022-06-14-13,0.10182914265389169
AIBL,Geometry,82,RMEV,2022-08-02-01,2022-06-14-13,0.11214077251171933
AVHL,Geometry,82,RMEV,2022-08-02-01,2022-06-14-13,0.08768230278377101
AWBL,Geometry,82,RMEV,2022-08-02-01,2022-06-14-13,0.07580454791075496
RIVL,Geometry,82,RMEV,2022-08-02-01,2022-06-14-13,0.09628412731590867
AWCL,Geometry,82,RMEV,2022-08-02-01,2022-06-14-13,0.06054544686582989
SMDDL,Geometry,82,RMEV,2022-08-02-01,2022-06-14-13,0.03513449494214387
AVJR,Geometry,82,RMEV,2022-08-02-01,2022-06-14-13,0.0727660580299192
AIZL,Geometry,82,RMEV,2022-08-02-01,2022-06-14-13,0.06480287295317799
RIBL,Geometry,82,RMEV,2022-08-02-01,2022-06-14-13,0.03986139436603168
ASEL,Geometry,82,RMEV,2022-08-02-01,2022-06-14-13,0.040212993584083874
AVDR,Geometry,82,RMEV,2022-08-02-01,2022-06-14-13,0.056613494986402675
AVDL,Geometry,82,RMEV,2022-08-02-01,2022-06-14-13,0.03630386211049021
AVJL,Geometry,82,RMEV,2022-08-02-01,2022-06-14-13,0.05555690967163171
RIVR,Geometry,82,RMEV,2022-08-02-01,2022-06-14-13,0.03886028318641289
AIZR,Geometry,82,RMEV,2022-08-02-01,2022-06-14-13,0.01631346337862176
AUAR,Geometry,82,RMEV,2022-08-02-01,2022-06-14-13,-0.049349473186517924
AUAL,Geometry,82,RMEV,2022-08-02-01,2022-06-14-13,-0.0346781082588637
RICR,Geometry,82,RMEV,2022-08-02-01,2022-06-14-13,-0.019426185108089602
RICL,Geometry,82,RMEV,2022-08-02-01,2022-06-14-13,-0.07661726743669318
M5,Geometry,82,RMEV,2022-08-02-01,2022-06-14-13,-0.09401315993513797
AIML,Geometry,82,RMEV,2022-08-02-01,2022-06-14-13,0.46540824742041326
AIMR,Geometry,82,RMEV,2022-08-02-01,2022-06-14-13,-0.15011548300775748
FLPL,Geometry,82,RMEV,2022-08-02-01,2022-06-14-13,-0.146758081575022
ADEL,Geometry,82,RMEV,2022-08-02-01,2022-06-14-13,-0.14451094822149602
VB02,Geometry,82,RMEV,2022-08-02-01,2022-06-14-13,-0.1793750659712918
ADAL,Geometry,82,RMEV,2022-08-02-01,2022-06-14-13,-0.14970408445818442
I1R,Geometry,82,RIAL,2022-08-02-01,2022-06-14-13,0.15356279977007362
IL2DL,Geometry,82,RIAL,2022-08-02-01,2022-06-14-13,0.17897486648494143
I2R,Geometry,82,RIAL,2022-08-02-01,2022-06-14-13,0.15829786746725713
I3,Geometry,82,RIAL,2022-08-02-01,2022-06-14-13,0.17878829870693988
NSMR,Geometry,82,RIAL,2022-08-02-01,2022-06-14-13,0.16238842590111904
I2L,Geometry,82,RIAL,2022-08-02-01,2022-06-14-13,0.15757515570816455
MCL,Geometry,82,RIAL,2022-08-02-01,2022-06-14-13,0.1606781976231654
NSML,Geometry,82,RIAL,2022-08-02-01,2022-06-14-13,0.1618738341393338
M4,Geometry,82,RIAL,2022-08-02-01,2022-06-14-13,0.1885332268095942
M3R,Geometry,82,RIAL,2022-08-02-01,2022-06-14-13,0.18100448674684833
M3L,Geometry,82,RIAL,2022-08-02-01,2022-06-14-13,0.17946509373436476
IL2VL,Geometry,82,RIAL,2022-08-02-01,2022-06-14-13,0.18255645193975148
IL1R,Geometry,82,RIAL,2022-08-02-01,2022-06-14-13,0.21891644170730837
OLLL,Geometry,82,RIAL,2022-08-02-01,2022-06-14-13,0.22865004327114619
IL2L,Geometry,82,RIAL,2022-08-02-01,2022-06-14-13,0.22153407219892643
URBR,Geometry,82,RIAL,2022-08-02-01,2022-06-14-13,0.23202461363099605
OLLR,Geometry,82,RIAL,2022-08-02-01,2022-06-14-13,0.24098156613961086
IL1DL,Geometry,82,RIAL,2022-08-02-01,2022-06-14-13,0.2456089518336609
IL1DR,Geometry,82,RIAL,2022-08-02-01,2022-06-14-13,0.2513426282433155
URYVR,Geometry,82,RIAL,2022-08-02-01,2022-06-14-13,0.22659754705977053
IL2R,Geometry,82,RIAL,2022-08-02-01,2022-06-14-13,0.22038148260285764
URYDL,Geometry,82,RIAL,2022-08-02-01,2022-06-14-13,0.24759575209048937
IL1L,Geometry,82,RIAL,2022-08-02-01,2022-06-14-13,0.2266487502413066
URBL,Geometry,82,RIAL,2022-08-02-01,2022-06-14-13,0.24215364657614807
OLQDR,Geometry,82,RIAL,2022-08-02-01,2022-06-14-13,0.26856930791077066
OLQDL,Geometry,82,RIAL,2022-08-02-01,2022-06-14-13,0.2685195817459236
RMER,Geometry,82,RIAL,2022-08-02-01,2022-06-14-13,0.2548156151795572
OLQVR,Geometry,82,RIAL,2022-08-02-01,2022-06-14-13,0.24155820017513063
URYVL,Geometry,82,RIAL,2022-08-02-01,2022-06-14-13,0.23651499098572795
RMED,Geometry,82,RIAL,2022-08-02-01,2022-06-14-13,0.28079177154798707
RMEL,Geometry,82,RIAL,2022-08-02-01,2022-06-14-13,0.2578225581354374
CEPVR,Geometry,82,RIAL,2022-08-02-01,2022-06-14-13,0.24119264566922105
OLQVL,Geometry,82,RIAL,2022-08-02-01,2022-06-14-13,0.24623230658156728
CEPVL,Geometry,82,RIAL,2022-08-02-01,2022-06-14-13,0.2361569742352631
SAAVR,Geometry,82,RIAL,2022-08-02-01,2022-06-14-13,0.2576111224742999
RID,Geometry,82,RIAL,2022-08-02-01,2022-06-14-13,0.27131918946847894
SMDVR,Geometry,82,RIAL,2022-08-02-01,2022-06-14-13,0.24988039336027007
URXR,Geometry,82,RIAL,2022-08-02-01,2022-06-14-13,0.25353673846278274
RIAR,Geometry,82,RIAL,2022-08-02-01,2022-06-14-13,0.25024928389765894
AVAR,Geometry,82,RIAL,2022-08-02-01,2022-06-14-13,0.23856477278156296
SAAVL,Geometry,82,RIAL,2022-08-02-01,2022-06-14-13,0.2558556285001167
CEPDR,Geometry,82,RIAL,2022-08-02-01,2022-06-14-13,0.2478026615550645
URXL,Geometry,82,RIAL,2022-08-02-01,2022-06-14-13,0.2545684448133575
CEPDL,Geometry,82,RIAL,2022-08-02-01,2022-06-14-13,0.24882184598342189
SMDDR,Geometry,82,RIAL,2022-08-02-01,2022-06-14-13,0.1978591471275484
RMEV,Geometry,82,RIAL,2022-08-02-01,2022-06-14-13,0.20066031991529745
RIAL,Geometry,83,RIAL,2022-08-02-01,2022-06-14-13,0.24046309357501316
AVER,Geometry,82,RIAL,2022-08-02-01,2022-06-14-13,0.21184180617165632
AWAR,Geometry,82,RIAL,2022-08-02-01,2022-06-14-13,0.20511081797781855
SMDVL,Geometry,82,RIAL,2022-08-02-01,2022-06-14-13,0.22148995373358715
AVAL,Geometry,82,RIAL,2022-08-02-01,2022-06-14-13,0.19924036819459032
RMDL,Geometry,82,RIAL,2022-08-02-01,2022-06-14-13,0.17368109961733674
AIBR,Geometry,82,RIAL,2022-08-02-01,2022-06-14-13,0.17184836002706536
ASGR,Geometry,82,RIAL,2022-08-02-01,2022-06-14-13,0.16818250262368797
AVL,Geometry,82,RIAL,2022-08-02-01,2022-06-14-13,0.10768571494600605
AVEL,Geometry,82,RIAL,2022-08-02-01,2022-06-14-13,0.14704273060075312
ASGL,Geometry,82,RIAL,2022-08-02-01,2022-06-14-13,0.14087071102329968
ASHL,Geometry,82,RIAL,2022-08-02-01,2022-06-14-13,0.11624993103286772
AIBL,Geometry,82,RIAL,2022-08-02-01,2022-06-14-13,0.1263960130387359
AVHL,Geometry,82,RIAL,2022-08-02-01,2022-06-14-13,0.09998068499086045
AWBL,Geometry,82,RIAL,2022-08-02-01,2022-06-14-13,0.08582862677370191
RIVL,Geometry,82,RIAL,2022-08-02-01,2022-06-14-13,0.1113227056538096
AWCL,Geometry,82,RIAL,2022-08-02-01,2022-06-14-13,0.07113060312847029
SMDDL,Geometry,82,RIAL,2022-08-02-01,2022-06-14-13,0.03981194164729284
AVJR,Geometry,82,RIAL,2022-08-02-01,2022-06-14-13,0.07625666802310194
AIZL,Geometry,82,RIAL,2022-08-02-01,2022-06-14-13,0.07805472259928531
RIBL,Geometry,82,RIAL,2022-08-02-01,2022-06-14-13,0.04681149742799011
ASEL,Geometry,82,RIAL,2022-08-02-01,2022-06-14-13,0.04942338149371238
AVDR,Geometry,82,RIAL,2022-08-02-01,2022-06-14-13,0.058647340452064774
AVDL,Geometry,82,RIAL,2022-08-02-01,2022-06-14-13,0.04571019437131454
AVJL,Geometry,82,RIAL,2022-08-02-01,2022-06-14-13,0.06855821457877208
RIVR,Geometry,82,RIAL,2022-08-02-01,2022-06-14-13,0.04131966081538479
AIZR,Geometry,82,RIAL,2022-08-02-01,2022-06-14-13,0.016981825600261735
AUAR,Geometry,82,RIAL,2022-08-02-01,2022-06-14-13,-0.04676749809510341
AUAL,Geometry,82,RIAL,2022-08-02-01,2022-06-14-13,-0.029264377181877615
RICR,Geometry,82,RIAL,2022-08-02-01,2022-06-14-13,-0.020504593954688302
RICL,Geometry,82,RIAL,2022-08-02-01,2022-06-14-13,-0.07274428802069091
M5,Geometry,82,RIAL,2022-08-02-01,2022-06-14-13,-0.09143243740607626
AIML,Geometry,82,RIAL,2022-08-02-01,2022-06-14-13,0.3827554841851093
AIMR,Geometry,82,RIAL,2022-08-02-01,2022-06-14-13,-0.15383413827190837
FLPL,Geometry,82,RIAL,2022-08-02-01,2022-06-14-13,-0.14613093744518177
ADEL,Geometry,82,RIAL,2022-08-02-01,2022-06-14-13,-0.14459331260056738
VB02,Geometry,82,RIAL,2022-08-02-01,2022-06-14-13,-0.18241746835817574
ADAL,Geometry,82,RIAL,2022-08-02-01,2022-06-14-13,-0.15061888415382432
I1R,Geometry,82,AVER,2022-08-02-01,2022-06-14-13,0.15757487251712626
IL2DL,Geometry,82,AVER,2022-08-02-01,2022-06-14-13,0.18056786162094937
I2R,Geometry,82,AVER,2022-08-02-01,2022-06-14-13,0.16340642312434092
I3,Geometry,82,AVER,2022-08-02-01,2022-06-14-13,0.18121282693501647
NSMR,Geometry,82,AVER,2022-08-02-01,2022-06-14-13,0.16738074486527826
I2L,Geometry,82,AVER,2022-08-02-01,2022-06-14-13,0.15986194018809996
MCL,Geometry,82,AVER,2022-08-02-01,2022-06-14-13,0.16343193950153406
NSML,Geometry,82,AVER,2022-08-02-01,2022-06-14-13,0.16420883458074156
M4,Geometry,82,AVER,2022-08-02-01,2022-06-14-13,0.1910821870300643
M3R,Geometry,82,AVER,2022-08-02-01,2022-06-14-13,0.18578871791339688
M3L,Geometry,82,AVER,2022-08-02-01,2022-06-14-13,0.18131497895399698
IL2VL,Geometry,82,AVER,2022-08-02-01,2022-06-14-13,0.18491664504347768
IL1R,Geometry,82,AVER,2022-08-02-01,2022-06-14-13,0.2243885881112909
OLLL,Geometry,82,AVER,2022-08-02-01,2022-06-14-13,0.22695064626138184
IL2L,Geometry,82,AVER,2022-08-02-01,2022-06-14-13,0.21956981862582467
URBR,Geometry,82,AVER,2022-08-02-01,2022-06-14-13,0.2372399093847554
OLLR,Geometry,82,AVER,2022-08-02-01,2022-06-14-13,0.24503028807752458
IL1DL,Geometry,82,AVER,2022-08-02-01,2022-06-14-13,0.243604394932996
IL1DR,Geometry,82,AVER,2022-08-02-01,2022-06-14-13,0.2527784176037932
URYVR,Geometry,82,AVER,2022-08-02-01,2022-06-14-13,0.2323540096302054
IL2R,Geometry,82,AVER,2022-08-02-01,2022-06-14-13,0.2271481211763623
URYDL,Geometry,82,AVER,2022-08-02-01,2022-06-14-13,0.24425278902926492
IL1L,Geometry,82,AVER,2022-08-02-01,2022-06-14-13,0.2246907449265046
URBL,Geometry,82,AVER,2022-08-02-01,2022-06-14-13,0.23781835938223578
OLQDR,Geometry,82,AVER,2022-08-02-01,2022-06-14-13,0.2691014023818557
OLQDL,Geometry,82,AVER,2022-08-02-01,2022-06-14-13,0.2643612025811936
RMER,Geometry,82,AVER,2022-08-02-01,2022-06-14-13,0.26005031498537834
OLQVR,Geometry,82,AVER,2022-08-02-01,2022-06-14-13,0.2472429250747907
URYVL,Geometry,82,AVER,2022-08-02-01,2022-06-14-13,0.2352735665517007
RMED,Geometry,82,AVER,2022-08-02-01,2022-06-14-13,0.2779735055942982
RMEL,Geometry,82,AVER,2022-08-02-01,2022-06-14-13,0.25093054490681904
CEPVR,Geometry,82,AVER,2022-08-02-01,2022-06-14-13,0.2461014207510859
OLQVL,Geometry,82,AVER,2022-08-02-01,2022-06-14-13,0.24415946349025575
CEPVL,Geometry,82,AVER,2022-08-02-01,2022-06-14-13,0.23642641187268518
SAAVR,Geometry,82,AVER,2022-08-02-01,2022-06-14-13,0.26151217461525395
RID,Geometry,82,AVER,2022-08-02-01,2022-06-14-13,0.2645964849562454
SMDVR,Geometry,82,AVER,2022-08-02-01,2022-06-14-13,0.2522893356547905
URXR,Geometry,82,AVER,2022-08-02-01,2022-06-14-13,0.251950909074449
RIAR,Geometry,82,AVER,2022-08-02-01,2022-06-14-13,0.2500933882867195
AVAR,Geometry,82,AVER,2022-08-02-01,2022-06-14-13,0.24341448123780293
SAAVL,Geometry,82,AVER,2022-08-02-01,2022-06-14-13,0.24359715649044605
CEPDR,Geometry,82,AVER,2022-08-02-01,2022-06-14-13,0.24782912065633075
URXL,Geometry,82,AVER,2022-08-02-01,2022-06-14-13,0.24510022569099343
CEPDL,Geometry,82,AVER,2022-08-02-01,2022-06-14-13,0.23577628081393895
SMDDR,Geometry,82,AVER,2022-08-02-01,2022-06-14-13,0.20328305070128627
RMEV,Geometry,82,AVER,2022-08-02-01,2022-06-14-13,0.20212241949433105
RIAL,Geometry,82,AVER,2022-08-02-01,2022-06-14-13,0.2257324766863196
AVER,Geometry,83,AVER,2022-08-02-01,2022-06-14-13,0.2176017738546488
AWAR,Geometry,82,AVER,2022-08-02-01,2022-06-14-13,0.20601729845683625
SMDVL,Geometry,82,AVER,2022-08-02-01,2022-06-14-13,0.20627411540121715
AVAL,Geometry,82,AVER,2022-08-02-01,2022-06-14-13,0.1868874917263123
RMDL,Geometry,82,AVER,2022-08-02-01,2022-06-14-13,0.16260398454699693
AIBR,Geometry,82,AVER,2022-08-02-01,2022-06-14-13,0.17364091668739312
ASGR,Geometry,82,AVER,2022-08-02-01,2022-06-14-13,0.16796275225619497
AVL,Geometry,82,AVER,2022-08-02-01,2022-06-14-13,0.11060156006276349
AVEL,Geometry,82,AVER,2022-08-02-01,2022-06-14-13,0.13592850813146817
ASGL,Geometry,82,AVER,2022-08-02-01,2022-06-14-13,0.1262027326107676
ASHL,Geometry,82,AVER,2022-08-02-01,2022-06-14-13,0.10079094862974396
AIBL,Geometry,82,AVER,2022-08-02-01,2022-06-14-13,0.11841858359936
AVHL,Geometry,82,AVER,2022-08-02-01,2022-06-14-13,0.08650068459730487
AWBL,Geometry,82,AVER,2022-08-02-01,2022-06-14-13,0.07334719841941555
RIVL,Geometry,82,AVER,2022-08-02-01,2022-06-14-13,0.09727853552748045
AWCL,Geometry,82,AVER,2022-08-02-01,2022-06-14-13,0.05760792112263003
SMDDL,Geometry,82,AVER,2022-08-02-01,2022-06-14-13,0.03234352852877622
AVJR,Geometry,82,AVER,2022-08-02-01,2022-06-14-13,0.07715762272519225
AIZL,Geometry,82,AVER,2022-08-02-01,2022-06-14-13,0.06340578985543165
RIBL,Geometry,82,AVER,2022-08-02-01,2022-06-14-13,0.03675896992389527
ASEL,Geometry,82,AVER,2022-08-02-01,2022-06-14-13,0.03667937153398095
AVDR,Geometry,82,AVER,2022-08-02-01,2022-06-14-13,0.060232129011266275
AVDL,Geometry,82,AVER,2022-08-02-01,2022-06-14-13,0.032949277721889
AVJL,Geometry,82,AVER,2022-08-02-01,2022-06-14-13,0.055054852552197706
RIVR,Geometry,82,AVER,2022-08-02-01,2022-06-14-13,0.041373436171780416
AIZR,Geometry,82,AVER,2022-08-02-01,2022-06-14-13,0.018553574300376244
AUAR,Geometry,82,AVER,2022-08-02-01,2022-06-14-13,-0.05442149692320854
AUAL,Geometry,82,AVER,2022-08-02-01,2022-06-14-13,-0.03991577143774789
RICR,Geometry,82,AVER,2022-08-02-01,2022-06-14-13,-0.019267157456690477
RICL,Geometry,82,AVER,2022-08-02-01,2022-06-14-13,-0.08232420063767903
M5,Geometry,82,AVER,2022-08-02-01,2022-06-14-13,-0.09937001333114966
AIML,Geometry,82,AVER,2022-08-02-01,2022-06-14-13,0.3558533208791547
AIMR,Geometry,82,AVER,2022-08-02-01,2022-06-14-13,-0.1551211286169115
FLPL,Geometry,82,AVER,2022-08-02-01,2022-06-14-13,-0.1532394014219049
ADEL,Geometry,82,AVER,2022-08-02-01,2022-06-14-13,-0.15092428775029024
VB02,Geometry,82,AVER,2022-08-02-01,2022-06-14-13,-0.18600371052493772
ADAL,Geometry,82,AVER,2022-08-02-01,2022-06-14-13,-0.15642309306204055
I1R,Geometry,82,AWAR,2022-08-02-01,2022-06-14-13,0.13606714560463729
IL2DL,Geometry,82,AWAR,2022-08-02-01,2022-06-14-13,0.15952395727334165
I2R,Geometry,82,AWAR,2022-08-02-01,2022-06-14-13,0.14182816247911556
I3,Geometry,82,AWAR,2022-08-02-01,2022-06-14-13,0.1600510934113412
NSMR,Geometry,82,AWAR,2022-08-02-01,2022-06-14-13,0.14581594147958665
I2L,Geometry,82,AWAR,2022-08-02-01,2022-06-14-13,0.13838775067536058
MCL,Geometry,82,AWAR,2022-08-02-01,2022-06-14-13,0.14192454901357543
NSML,Geometry,82,AWAR,2022-08-02-01,2022-06-14-13,0.14273486548049044
M4,Geometry,82,AWAR,2022-08-02-01,2022-06-14-13,0.1698372315337839
M3R,Geometry,82,AWAR,2022-08-02-01,2022-06-14-13,0.16446328478126915
M3L,Geometry,82,AWAR,2022-08-02-01,2022-06-14-13,0.16009207099268655
IL2VL,Geometry,82,AWAR,2022-08-02-01,2022-06-14-13,0.16396668584314075
IL1R,Geometry,82,AWAR,2022-08-02-01,2022-06-14-13,0.20503455623684858
OLLL,Geometry,82,AWAR,2022-08-02-01,2022-06-14-13,0.20855984716679427
IL2L,Geometry,82,AWAR,2022-08-02-01,2022-06-14-13,0.2008002108904929
URBR,Geometry,82,AWAR,2022-08-02-01,2022-06-14-13,0.21921158609760155
OLLR,Geometry,82,AWAR,2022-08-02-01,2022-06-14-13,0.22784702042676314
IL1DL,Geometry,82,AWAR,2022-08-02-01,2022-06-14-13,0.22676535118979502
IL1DR,Geometry,82,AWAR,2022-08-02-01,2022-06-14-13,0.2366353799942976
URYVR,Geometry,82,AWAR,2022-08-02-01,2022-06-14-13,0.21402454777861477
IL2R,Geometry,82,AWAR,2022-08-02-01,2022-06-14-13,0.20848404145252863
URYDL,Geometry,82,AWAR,2022-08-02-01,2022-06-14-13,0.22798024815010318
IL1L,Geometry,82,AWAR,2022-08-02-01,2022-06-14-13,0.20678400834381183
URBL,Geometry,82,AWAR,2022-08-02-01,2022-06-14-13,0.22174539216898972
OLQDR,Geometry,82,AWAR,2022-08-02-01,2022-06-14-13,0.25650987842193956
OLQDL,Geometry,82,AWAR,2022-08-02-01,2022-06-14-13,0.25148567543921785
RMER,Geometry,82,AWAR,2022-08-02-01,2022-06-14-13,0.2461377366028772
OLQVR,Geometry,82,AWAR,2022-08-02-01,2022-06-14-13,0.23210988162873558
URYVL,Geometry,82,AWAR,2022-08-02-01,2022-06-14-13,0.21934864876908214
RMED,Geometry,82,AWAR,2022-08-02-01,2022-06-14-13,0.27038568223578285
RMEL,Geometry,82,AWAR,2022-08-02-01,2022-06-14-13,0.23972346807994552
CEPVR,Geometry,82,AWAR,2022-08-02-01,2022-06-14-13,0.23391386729154323
OLQVL,Geometry,82,AWAR,2022-08-02-01,2022-06-14-13,0.23231225888579107
CEPVL,Geometry,82,AWAR,2022-08-02-01,2022-06-14-13,0.22853543490881686
SAAVR,Geometry,82,AWAR,2022-08-02-01,2022-06-14-13,0.25900525434246624
RID,Geometry,82,AWAR,2022-08-02-01,2022-06-14-13,0.2655707047726906
SMDVR,Geometry,82,AWAR,2022-08-02-01,2022-06-14-13,0.25452665415789955
URXR,Geometry,82,AWAR,2022-08-02-01,2022-06-14-13,0.2552927893805985
RIAR,Geometry,82,AWAR,2022-08-02-01,2022-06-14-13,0.2521370764853746
AVAR,Geometry,82,AWAR,2022-08-02-01,2022-06-14-13,0.24386907545506828
SAAVL,Geometry,82,AWAR,2022-08-02-01,2022-06-14-13,0.2439298999741804
CEPDR,Geometry,82,AWAR,2022-08-02-01,2022-06-14-13,0.25267382285891216
URXL,Geometry,82,AWAR,2022-08-02-01,2022-06-14-13,0.24898517439344514
CEPDL,Geometry,82,AWAR,2022-08-02-01,2022-06-14-13,0.24086854127640145
SMDDR,Geometry,82,AWAR,2022-08-02-01,2022-06-14-13,0.20175479022821163
RMEV,Geometry,82,AWAR,2022-08-02-01,2022-06-14-13,0.20172515771133456
RIAL,Geometry,82,AWAR,2022-08-02-01,2022-06-14-13,0.22997786662152436
AVER,Geometry,82,AWAR,2022-08-02-01,2022-06-14-13,0.21923852625025209
AWAR,Geometry,83,AWAR,2022-08-02-01,2022-06-14-13,0.21720983330197785
SMDVL,Geometry,82,AWAR,2022-08-02-01,2022-06-14-13,0.2147538327283727
AVAL,Geometry,82,AWAR,2022-08-02-01,2022-06-14-13,0.1930519085691227
RMDL,Geometry,82,AWAR,2022-08-02-01,2022-06-14-13,0.17019239996805163
AIBR,Geometry,82,AWAR,2022-08-02-01,2022-06-14-13,0.1833711124148907
ASGR,Geometry,82,AWAR,2022-08-02-01,2022-06-14-13,0.18011848521859042
AVL,Geometry,82,AWAR,2022-08-02-01,2022-06-14-13,0.11958579053928901
AVEL,Geometry,82,AWAR,2022-08-02-01,2022-06-14-13,0.14689436618860013
ASGL,Geometry,82,AWAR,2022-08-02-01,2022-06-14-13,0.1398995821598949
ASHL,Geometry,82,AWAR,2022-08-02-01,2022-06-14-13,0.11457665384549007
AIBL,Geometry,82,AWAR,2022-08-02-01,2022-06-14-13,0.13610435699257867
AVHL,Geometry,82,AWAR,2022-08-02-01,2022-06-14-13,0.10230046544468378
AWBL,Geometry,82,AWAR,2022-08-02-01,2022-06-14-13,0.08862987164877287
RIVL,Geometry,82,AWAR,2022-08-02-01,2022-06-14-13,0.11402614709539119
AWCL,Geometry,82,AWAR,2022-08-02-01,2022-06-14-13,0.07290561951318782
SMDDL,Geometry,82,AWAR,2022-08-02-01,2022-06-14-13,0.047964459853577536
AVJR,Geometry,82,AWAR,2022-08-02-01,2022-06-14-13,0.09487742344677162
AIZL,Geometry,82,AWAR,2022-08-02-01,2022-06-14-13,0.08083187101904785
RIBL,Geometry,82,AWAR,2022-08-02-01,2022-06-14-13,0.05374536368585881
ASEL,Geometry,82,AWAR,2022-08-02-01,2022-06-14-13,0.053733122393922306
AVDR,Geometry,82,AWAR,2022-08-02-01,2022-06-14-13,0.07837460230682237
AVDL,Geometry,82,AWAR,2022-08-02-01,2022-06-14-13,0.05074308008056579
AVJL,Geometry,82,AWAR,2022-08-02-01,2022-06-14-13,0.07387682416420517
RIVR,Geometry,82,AWAR,2022-08-02-01,2022-06-14-13,0.0605847566716621
AIZR,Geometry,82,AWAR,2022-08-02-01,2022-06-14-13,0.03811721179887318
AUAR,Geometry,82,AWAR,2022-08-02-01,2022-06-14-13,-0.03566735593407158
AUAL,Geometry,82,AWAR,2022-08-02-01,2022-06-14-13,-0.02102891910173747
RICR,Geometry,82,AWAR,2022-08-02-01,2022-06-14-13,0.000815809869291
RICL,Geometry,82,AWAR,2022-08-02-01,2022-06-14-13,-0.062015978664437796
M5,Geometry,82,AWAR,2022-08-02-01,2022-06-14-13,-0.07773461635471195
AIML,Geometry,82,AWAR,2022-08-02-01,2022-06-14-13,0.5122580014044953
AIMR,Geometry,82,AWAR,2022-08-02-01,2022-06-14-13,-0.1340592391317497
FLPL,Geometry,82,AWAR,2022-08-02-01,2022-06-14-13,-0.13175976355185295
ADEL,Geometry,82,AWAR,2022-08-02-01,2022-06-14-13,-0.1294418497032746
VB02,Geometry,82,AWAR,2022-08-02-01,2022-06-14-13,-0.164891589808602
ADAL,Geometry,82,AWAR,2022-08-02-01,2022-06-14-13,-0.13514625733872543
I1R,Geometry,82,SMDVL,2022-08-02-01,2022-06-14-13,0.13697611714190147
IL2DL,Geometry,82,SMDVL,2022-08-02-01,2022-06-14-13,0.16242046978686786
I2R,Geometry,82,SMDVL,2022-08-02-01,2022-06-14-13,0.141553103399001
I3,Geometry,82,SMDVL,2022-08-02-01,2022-06-14-13,0.16213280824139809
NSMR,Geometry,82,SMDVL,2022-08-02-01,2022-06-14-13,0.1456040163879037
I2L,Geometry,82,SMDVL,2022-08-02-01,2022-06-14-13,0.14104038679768904
MCL,Geometry,82,SMDVL,2022-08-02-01,2022-06-14-13,0.14405955482126268
NSML,Geometry,82,SMDVL,2022-08-02-01,2022-06-14-13,0.1452819332523901
M4,Geometry,82,SMDVL,2022-08-02-01,2022-06-14-13,0.1716700653541703
M3R,Geometry,82,SMDVL,2022-08-02-01,2022-06-14-13,0.1641505071230872
M3L,Geometry,82,SMDVL,2022-08-02-01,2022-06-14-13,0.1628161229619354
IL2VL,Geometry,82,SMDVL,2022-08-02-01,2022-06-14-13,0.16604157356287547
IL1R,Geometry,82,SMDVL,2022-08-02-01,2022-06-14-13,0.2028393772334012
OLLL,Geometry,82,SMDVL,2022-08-02-01,2022-06-14-13,0.21321782657795113
IL2L,Geometry,82,SMDVL,2022-08-02-01,2022-06-14-13,0.20597949930035114
URBR,Geometry,82,SMDVL,2022-08-02-01,2022-06-14-13,0.21664364715601325
OLLR,Geometry,82,SMDVL,2022-08-02-01,2022-06-14-13,0.226022525833977
IL1DL,Geometry,82,SMDVL,2022-08-02-01,2022-06-14-13,0.23092448665826196
IL1DR,Geometry,82,SMDVL,2022-08-02-01,2022-06-14-13,0.23692959331201421
URYVR,Geometry,82,SMDVL,2022-08-02-01,2022-06-14-13,0.2111547261815309
IL2R,Geometry,82,SMDVL,2022-08-02-01,2022-06-14-13,0.204827820838834
URYDL,Geometry,82,SMDVL,2022-08-02-01,2022-06-14-13,0.23330343363821027
IL1L,Geometry,82,SMDVL,2022-08-02-01,2022-06-14-13,0.21162989290616877
URBL,Geometry,82,SMDVL,2022-08-02-01,2022-06-14-13,0.2281088713936119
OLQDR,Geometry,82,SMDVL,2022-08-02-01,2022-06-14-13,0.256198801720762
OLQDL,Geometry,82,SMDVL,2022-08-02-01,2022-06-14-13,0.2561243338972505
RMER,Geometry,82,SMDVL,2022-08-02-01,2022-06-14-13,0.2418010249661913
OLQVR,Geometry,82,SMDVL,2022-08-02-01,2022-06-14-13,0.22803345699073813
URYVL,Geometry,82,SMDVL,2022-08-02-01,2022-06-14-13,0.22267958841778973
RMED,Geometry,82,SMDVL,2022-08-02-01,2022-06-14-13,0.2715625314913776
RMEL,Geometry,82,SMDVL,2022-08-02-01,2022-06-14-13,0.24682134887429996
CEPVR,Geometry,82,SMDVL,2022-08-02-01,2022-06-14-13,0.2297031921754491
OLQVL,Geometry,82,SMDVL,2022-08-02-01,2022-06-14-13,0.23504030243475682
CEPVL,Geometry,82,SMDVL,2022-08-02-01,2022-06-14-13,0.22790518027093398
SAAVR,Geometry,82,SMDVL,2022-08-02-01,2022-06-14-13,0.2521068443935851
RID,Geometry,82,SMDVL,2022-08-02-01,2022-06-14-13,0.26829027922248017
SMDVR,Geometry,82,SMDVL,2022-08-02-01,2022-06-14-13,0.24729803526279423
URXR,Geometry,82,SMDVL,2022-08-02-01,2022-06-14-13,0.25181732334773993
RIAR,Geometry,82,SMDVL,2022-08-02-01,2022-06-14-13,0.2477853395331259
AVAR,Geometry,82,SMDVL,2022-08-02-01,2022-06-14-13,0.23529724602802743
SAAVL,Geometry,82,SMDVL,2022-08-02-01,2022-06-14-13,0.2528251652320871
CEPDR,Geometry,82,SMDVL,2022-08-02-01,2022-06-14-13,0.24687893553858273
URXL,Geometry,82,SMDVL,2022-08-02-01,2022-06-14-13,0.2541123398177774
CEPDL,Geometry,82,SMDVL,2022-08-02-01,2022-06-14-13,0.24949848465470292
SMDDR,Geometry,82,SMDVL,2022-08-02-01,2022-06-14-13,0.19450545161181193
RMEV,Geometry,82,SMDVL,2022-08-02-01,2022-06-14-13,0.19795652535546324
RIAL,Geometry,82,SMDVL,2022-08-02-01,2022-06-14-13,0.23877069397795284
AVER,Geometry,82,SMDVL,2022-08-02-01,2022-06-14-13,0.21150273973916472
AWAR,Geometry,82,SMDVL,2022-08-02-01,2022-06-14-13,0.20791005526209236
SMDVL,Geometry,83,SMDVL,2022-08-02-01,2022-06-14-13,0.2274453464081348
AVAL,Geometry,82,SMDVL,2022-08-02-01,2022-06-14-13,0.20174520359036274
RMDL,Geometry,82,SMDVL,2022-08-02-01,2022-06-14-13,0.17742756326433048
AIBR,Geometry,82,SMDVL,2022-08-02-01,2022-06-14-13,0.1759684195258923
ASGR,Geometry,82,SMDVL,2022-08-02-01,2022-06-14-13,0.17415559426385174
AVL,Geometry,82,SMDVL,2022-08-02-01,2022-06-14-13,0.1122132663859447
AVEL,Geometry,82,SMDVL,2022-08-02-01,2022-06-14-13,0.15370353083657312
ASGL,Geometry,82,SMDVL,2022-08-02-01,2022-06-14-13,0.14960513299616912
ASHL,Geometry,82,SMDVL,2022-08-02-01,2022-06-14-13,0.12565295583024852
AIBL,Geometry,82,SMDVL,2022-08-02-01,2022-06-14-13,0.13731092286582655
AVHL,Geometry,82,SMDVL,2022-08-02-01,2022-06-14-13,0.11066780674752748
AWBL,Geometry,82,SMDVL,2022-08-02-01,2022-06-14-13,0.0964589223247984
RIVL,Geometry,82,SMDVL,2022-08-02-01,2022-06-14-13,0.12241899181424049
AWCL,Geometry,82,SMDVL,2022-08-02-01,2022-06-14-13,0.08206791802861511
SMDDL,Geometry,82,SMDVL,2022-08-02-01,2022-06-14-13,0.0504624944241364
AVJR,Geometry,82,SMDVL,2022-08-02-01,2022-06-14-13,0.0871880877284189
AIZL,Geometry,82,SMDVL,2022-08-02-01,2022-06-14-13,0.09033634503439958
RIBL,Geometry,82,SMDVL,2022-08-02-01,2022-06-14-13,0.058927037501054845
ASEL,Geometry,82,SMDVL,2022-08-02-01,2022-06-14-13,0.061716426591965835
AVDR,Geometry,82,SMDVL,2022-08-02-01,2022-06-14-13,0.06991792213481268
AVDL,Geometry,82,SMDVL,2022-08-02-01,2022-06-14-13,0.05846105853301982
AVJL,Geometry,82,SMDVL,2022-08-02-01,2022-06-14-13,0.08160651077323691
RIVR,Geometry,82,SMDVL,2022-08-02-01,2022-06-14-13,0.053789297390217296
AIZR,Geometry,82,SMDVL,2022-08-02-01,2022-06-14-13,0.0296295761791897
AUAR,Geometry,82,SMDVL,2022-08-02-01,2022-06-14-13,-0.03309956972886706
AUAL,Geometry,82,SMDVL,2022-08-02-01,2022-06-14-13,-0.015175024876686989
RICR,Geometry,82,SMDVL,2022-08-02-01,2022-06-14-13,-0.007068256879430936
RICL,Geometry,82,SMDVL,2022-08-02-01,2022-06-14-13,-0.05754731253819804
M5,Geometry,82,SMDVL,2022-08-02-01,2022-06-14-13,-0.07529838130562426
AIML,Geometry,82,SMDVL,2022-08-02-01,2022-06-14-13,0.5086014774077274
AIMR,Geometry,82,SMDVL,2022-08-02-01,2022-06-14-13,-0.13833118699635957
FLPL,Geometry,82,SMDVL,2022-08-02-01,2022-06-14-13,-0.12962058046327732
ADEL,Geometry,82,SMDVL,2022-08-02-01,2022-06-14-13,-0.12804161968166697
VB02,Geometry,82,SMDVL,2022-08-02-01,2022-06-14-13,-0.1661512111767867
ADAL,Geometry,82,SMDVL,2022-08-02-01,2022-06-14-13,-0.1341904294187306
I1R,Geometry,82,AVAL,2022-08-02-01,2022-06-14-13,0.15802711323059093
IL2DL,Geometry,82,AVAL,2022-08-02-01,2022-06-14-13,0.18237469613562274
I2R,Geometry,82,AVAL,2022-08-02-01,2022-06-14-13,0.16263170292429174
I3,Geometry,82,AVAL,2022-08-02-01,2022-06-14-13,0.18230945583651012
NSMR,Geometry,82,AVAL,2022-08-02-01,2022-06-14-13,0.16663084404122014
I2L,Geometry,82,AVAL,2022-08-02-01,2022-06-14-13,0.16225083287740116
MCL,Geometry,82,AVAL,2022-08-02-01,2022-06-14-13,0.1651806676730208
NSML,Geometry,82,AVAL,2022-08-02-01,2022-06-14-13,0.16649238607664618
M4,Geometry,82,AVAL,2022-08-02-01,2022-06-14-13,0.19215437608436975
M3R,Geometry,82,AVAL,2022-08-02-01,2022-06-14-13,0.18475764587960095
M3L,Geometry,82,AVAL,2022-08-02-01,2022-06-14-13,0.18375154861396206
IL2VL,Geometry,82,AVAL,2022-08-02-01,2022-06-14-13,0.1870069272926579
IL1R,Geometry,82,AVAL,2022-08-02-01,2022-06-14-13,0.2209013170121178
OLLL,Geometry,82,AVAL,2022-08-02-01,2022-06-14-13,0.23058511754089214
IL2L,Geometry,82,AVAL,2022-08-02-01,2022-06-14-13,0.22414653047098987
URBR,Geometry,82,AVAL,2022-08-02-01,2022-06-14-13,0.23303842363244587
OLLR,Geometry,82,AVAL,2022-08-02-01,2022-06-14-13,0.2412130835443236
IL1DL,Geometry,82,AVAL,2022-08-02-01,2022-06-14-13,0.2460365189820592
IL1DR,Geometry,82,AVAL,2022-08-02-01,2022-06-14-13,0.2508349991258935
URYVR,Geometry,82,AVAL,2022-08-02-01,2022-06-14-13,0.22852887159090615
IL2R,Geometry,82,AVAL,2022-08-02-01,2022-06-14-13,0.22310476558692502
URYDL,Geometry,82,AVAL,2022-08-02-01,2022-06-14-13,0.24804969623253717
IL1L,Geometry,82,AVAL,2022-08-02-01,2022-06-14-13,0.22921981177765116
URBL,Geometry,82,AVAL,2022-08-02-01,2022-06-14-13,0.24357190166223772
OLQDR,Geometry,82,AVAL,2022-08-02-01,2022-06-14-13,0.26607735270167543
OLQDL,Geometry,82,AVAL,2022-08-02-01,2022-06-14-13,0.26670940477332516
RMER,Geometry,82,AVAL,2022-08-02-01,2022-06-14-13,0.2538305720409259
OLQVR,Geometry,82,AVAL,2022-08-02-01,2022-06-14-13,0.24218875963017542
URYVL,Geometry,82,AVAL,2022-08-02-01,2022-06-14-13,0.23865814778387673
RMED,Geometry,82,AVAL,2022-08-02-01,2022-06-14-13,0.2758600491336163
RMEL,Geometry,82,AVAL,2022-08-02-01,2022-06-14-13,0.25805437219479105
CEPVR,Geometry,82,AVAL,2022-08-02-01,2022-06-14-13,0.241876975475961
OLQVL,Geometry,82,AVAL,2022-08-02-01,2022-06-14-13,0.2472579582661538
CEPVL,Geometry,82,AVAL,2022-08-02-01,2022-06-14-13,0.23645285294872267
SAAVR,Geometry,82,AVAL,2022-08-02-01,2022-06-14-13,0.2525261809535948
RID,Geometry,82,AVAL,2022-08-02-01,2022-06-14-13,0.26361336100005806
SMDVR,Geometry,82,AVAL,2022-08-02-01,2022-06-14-13,0.24276980631136713
URXR,Geometry,82,AVAL,2022-08-02-01,2022-06-14-13,0.24582706978663613
RIAR,Geometry,82,AVAL,2022-08-02-01,2022-06-14-13,0.2436048418712759
AVAR,Geometry,82,AVAL,2022-08-02-01,2022-06-14-13,0.23343800183279048
SAAVL,Geometry,82,AVAL,2022-08-02-01,2022-06-14-13,0.2510085787788143
CEPDR,Geometry,82,AVAL,2022-08-02-01,2022-06-14-13,0.23963514313550557
URXL,Geometry,82,AVAL,2022-08-02-01,2022-06-14-13,0.2471418792939373
CEPDL,Geometry,82,AVAL,2022-08-02-01,2022-06-14-13,0.24135803375461154
SMDDR,Geometry,82,AVAL,2022-08-02-01,2022-06-14-13,0.19695128715891802
RMEV,Geometry,82,AVAL,2022-08-02-01,2022-06-14-13,0.19970964030611793
RIAL,Geometry,82,AVAL,2022-08-02-01,2022-06-14-13,0.23316734402836237
AVER,Geometry,82,AVAL,2022-08-02-01,2022-06-14-13,0.20724845119740976
AWAR,Geometry,82,AVAL,2022-08-02-01,2022-06-14-13,0.19761832307443708
SMDVL,Geometry,82,AVAL,2022-08-02-01,2022-06-14-13,0.21441839362986767
AVAL,Geometry,83,AVAL,2022-08-02-01,2022-06-14-13,0.19836379656618622
RMDL,Geometry,82,AVAL,2022-08-02-01,2022-06-14-13,0.1709148986549637
AIBR,Geometry,82,AVAL,2022-08-02-01,2022-06-14-13,0.1661293766506551
ASGR,Geometry,82,AVAL,2022-08-02-01,2022-06-14-13,0.16093435295280545
AVL,Geometry,82,AVAL,2022-08-02-01,2022-06-14-13,0.10526883413199209
AVEL,Geometry,82,AVAL,2022-08-02-01,2022-06-14-13,0.14340394863753417
ASGL,Geometry,82,AVAL,2022-08-02-01,2022-06-14-13,0.13587091853965566
ASHL,Geometry,82,AVAL,2022-08-02-01,2022-06-14-13,0.11216560939392763
AIBL,Geometry,82,AVAL,2022-08-02-01,2022-06-14-13,0.11750497876349385
AVHL,Geometry,82,AVAL,2022-08-02-01,2022-06-14-13,0.09540390440908267
AWBL,Geometry,82,AVAL,2022-08-02-01,2022-06-14-13,0.08208418633060667
RIVL,Geometry,82,AVAL,2022-08-02-01,2022-06-14-13,0.10512392279551316
AWCL,Geometry,82,AVAL,2022-08-02-01,2022-06-14-13,0.06745901060618924
SMDDL,Geometry,82,AVAL,2022-08-02-01,2022-06-14-13,0.036659352359371566
AVJR,Geometry,82,AVAL,2022-08-02-01,2022-06-14-13,0.06890333445086481
AIZL,Geometry,82,AVAL,2022-08-02-01,2022-06-14-13,0.07280504085272445
RIBL,Geometry,82,AVAL,2022-08-02-01,2022-06-14-13,0.04280785727758648
ASEL,Geometry,82,AVAL,2022-08-02-01,2022-06-14-13,0.04547066838245894
AVDR,Geometry,82,AVAL,2022-08-02-01,2022-06-14-13,0.05165863136314553
AVDL,Geometry,82,AVAL,2022-08-02-01,2022-06-14-13,0.041417902903187136
AVJL,Geometry,82,AVAL,2022-08-02-01,2022-06-14-13,0.0623258425074143
RIVR,Geometry,82,AVAL,2022-08-02-01,2022-06-14-13,0.03421671397994359
AIZR,Geometry,82,AVAL,2022-08-02-01,2022-06-14-13,0.010245602722066606
AUAR,Geometry,82,AVAL,2022-08-02-01,2022-06-14-13,-0.05014405095562332
AUAL,Geometry,82,AVAL,2022-08-02-01,2022-06-14-13,-0.033095699334409645
RICR,Geometry,82,AVAL,2022-08-02-01,2022-06-14-13,-0.02650670920535278
RICL,Geometry,82,AVAL,2022-08-02-01,2022-06-14-13,-0.0768222556412358
M5,Geometry,82,AVAL,2022-08-02-01,2022-06-14-13,-0.09616523737316054
AIML,Geometry,82,AVAL,2022-08-02-01,2022-06-14-13,0.37841620391189895
AIMR,Geometry,82,AVAL,2022-08-02-01,2022-06-14-13,-0.15801657398100108
FLPL,Geometry,82,AVAL,2022-08-02-01,2022-06-14-13,-0.15030751218365876
ADEL,Geometry,82,AVAL,2022-08-02-01,2022-06-14-13,-0.14879418769866956
VB02,Geometry,82,AVAL,2022-08-02-01,2022-06-14-13,-0.1861079868724586
ADAL,Geometry,82,AVAL,2022-08-02-01,2022-06-14-13,-0.15459719420848092
I1R,Geometry,82,RMDL,2022-08-02-01,2022-06-14-13,0.13982754842547634
IL2DL,Geometry,82,RMDL,2022-08-02-01,2022-06-14-13,0.16273185731422576
I2R,Geometry,82,RMDL,2022-08-02-01,2022-06-14-13,0.14462962415390215
I3,Geometry,82,RMDL,2022-08-02-01,2022-06-14-13,0.16290787096358186
NSMR,Geometry,82,RMDL,2022-08-02-01,2022-06-14-13,0.1484967934193733
I2L,Geometry,82,RMDL,2022-08-02-01,2022-06-14-13,0.14367323480987146
MCL,Geometry,82,RMDL,2022-08-02-01,2022-06-14-13,0.14653945766204562
NSML,Geometry,82,RMDL,2022-08-02-01,2022-06-14-13,0.1478659331418722
M4,Geometry,82,RMDL,2022-08-02-01,2022-06-14-13,0.17282362786222152
M3R,Geometry,82,RMDL,2022-08-02-01,2022-06-14-13,0.16631419817280066
M3L,Geometry,82,RMDL,2022-08-02-01,2022-06-14-13,0.16486606375313873
IL2VL,Geometry,82,RMDL,2022-08-02-01,2022-06-14-13,0.1688313727968726
IL1R,Geometry,82,RMDL,2022-08-02-01,2022-06-14-13,0.20324707657559368
OLLL,Geometry,82,RMDL,2022-08-02-01,2022-06-14-13,0.21120146276635118
IL2L,Geometry,82,RMDL,2022-08-02-01,2022-06-14-13,0.20491350182667625
URBR,Geometry,82,RMDL,2022-08-02-01,2022-06-14-13,0.21584505614031702
OLLR,Geometry,82,RMDL,2022-08-02-01,2022-06-14-13,0.22373398315417406
IL1DL,Geometry,82,RMDL,2022-08-02-01,2022-06-14-13,0.2268732765599891
IL1DR,Geometry,82,RMDL,2022-08-02-01,2022-06-14-13,0.2328443571086695
URYVR,Geometry,82,RMDL,2022-08-02-01,2022-06-14-13,0.2122114708803143
IL2R,Geometry,82,RMDL,2022-08-02-01,2022-06-14-13,0.20768504807991192
URYDL,Geometry,82,RMDL,2022-08-02-01,2022-06-14-13,0.22911681158359157
IL1L,Geometry,82,RMDL,2022-08-02-01,2022-06-14-13,0.21101180359235105
URBL,Geometry,82,RMDL,2022-08-02-01,2022-06-14-13,0.22543386619875175
OLQDR,Geometry,82,RMDL,2022-08-02-01,2022-06-14-13,0.2498840908131598
OLQDL,Geometry,82,RMDL,2022-08-02-01,2022-06-14-13,0.24933129177488447
RMER,Geometry,82,RMDL,2022-08-02-01,2022-06-14-13,0.23939711672237335
OLQVR,Geometry,82,RMDL,2022-08-02-01,2022-06-14-13,0.22823211510866273
URYVL,Geometry,82,RMDL,2022-08-02-01,2022-06-14-13,0.22270196146488921
RMED,Geometry,82,RMDL,2022-08-02-01,2022-06-14-13,0.26185463204096115
RMEL,Geometry,82,RMDL,2022-08-02-01,2022-06-14-13,0.24366839765355014
CEPVR,Geometry,82,RMDL,2022-08-02-01,2022-06-14-13,0.2312007004399246
OLQVL,Geometry,82,RMDL,2022-08-02-01,2022-06-14-13,0.2348476175554222
CEPVL,Geometry,82,RMDL,2022-08-02-01,2022-06-14-13,0.22894838445915497
SAAVR,Geometry,82,RMDL,2022-08-02-01,2022-06-14-13,0.24623583006974803
RID,Geometry,82,RMDL,2022-08-02-01,2022-06-14-13,0.25495706412352026
SMDVR,Geometry,82,RMDL,2022-08-02-01,2022-06-14-13,0.23851117108037395
URXR,Geometry,82,RMDL,2022-08-02-01,2022-06-14-13,0.24092509943446672
RIAR,Geometry,82,RMDL,2022-08-02-01,2022-06-14-13,0.23919250644405643
AVAR,Geometry,82,RMDL,2022-08-02-01,2022-06-14-13,0.23072500432628806
SAAVL,Geometry,82,RMDL,2022-08-02-01,2022-06-14-13,0.243583439233673
CEPDR,Geometry,82,RMDL,2022-08-02-01,2022-06-14-13,0.23601425997610306
URXL,Geometry,82,RMDL,2022-08-02-01,2022-06-14-13,0.24130544002100454
CEPDL,Geometry,82,RMDL,2022-08-02-01,2022-06-14-13,0.2359539460397722
SMDDR,Geometry,82,RMDL,2022-08-02-01,2022-06-14-13,0.19768062359050267
RMEV,Geometry,82,RMDL,2022-08-02-01,2022-06-14-13,0.1996223272624115
RIAL,Geometry,82,RMDL,2022-08-02-01,2022-06-14-13,0.22893756432351817
AVER,Geometry,82,RMDL,2022-08-02-01,2022-06-14-13,0.2086043533650166
AWAR,Geometry,82,RMDL,2022-08-02-01,2022-06-14-13,0.19986748405073781
SMDVL,Geometry,82,RMDL,2022-08-02-01,2022-06-14-13,0.21233595423304227
AVAL,Geometry,82,RMDL,2022-08-02-01,2022-06-14-13,0.19645791977306126
RMDL,Geometry,83,RMDL,2022-08-02-01,2022-06-14-13,0.17624294063791018
AIBR,Geometry,82,RMDL,2022-08-02-01,2022-06-14-13,0.17187785117030624
ASGR,Geometry,82,RMDL,2022-08-02-01,2022-06-14-13,0.16717529004809237
AVL,Geometry,82,RMDL,2022-08-02-01,2022-06-14-13,0.1143827776771763
AVEL,Geometry,82,RMDL,2022-08-02-01,2022-06-14-13,0.1487668623100621
ASGL,Geometry,82,RMDL,2022-08-02-01,2022-06-14-13,0.14180207892906896
ASHL,Geometry,82,RMDL,2022-08-02-01,2022-06-14-13,0.11894526674497824
AIBL,Geometry,82,RMDL,2022-08-02-01,2022-06-14-13,0.1250645983018361
AVHL,Geometry,82,RMDL,2022-08-02-01,2022-06-14-13,0.10456531915649704
AWBL,Geometry,82,RMDL,2022-08-02-01,2022-06-14-13,0.09206411396332036
RIVL,Geometry,82,RMDL,2022-08-02-01,2022-06-14-13,0.11327751486962619
AWCL,Geometry,82,RMDL,2022-08-02-01,2022-06-14-13,0.07704685412199332
SMDDL,Geometry,82,RMDL,2022-08-02-01,2022-06-14-13,0.04906132481342503
AVJR,Geometry,82,RMDL,2022-08-02-01,2022-06-14-13,0.08148012200088349
AIZL,Geometry,82,RMDL,2022-08-02-01,2022-06-14-13,0.08260846815964723
RIBL,Geometry,82,RMDL,2022-08-02-01,2022-06-14-13,0.0550286862447124
ASEL,Geometry,82,RMDL,2022-08-02-01,2022-06-14-13,0.05700899560362068
AVDR,Geometry,82,RMDL,2022-08-02-01,2022-06-14-13,0.0651742026318379
AVDL,Geometry,82,RMDL,2022-08-02-01,2022-06-14-13,0.05335825170971648
AVJL,Geometry,82,RMDL,2022-08-02-01,2022-06-14-13,0.07285247823222421
RIVR,Geometry,82,RMDL,2022-08-02-01,2022-06-14-13,0.04850872016370068
AIZR,Geometry,82,RMDL,2022-08-02-01,2022-06-14-13,0.02535494575996292
AUAR,Geometry,82,RMDL,2022-08-02-01,2022-06-14-13,-0.03461939907801605
AUAL,Geometry,82,RMDL,2022-08-02-01,2022-06-14-13,-0.018809645765861437
RICR,Geometry,82,RMDL,2022-08-02-01,2022-06-14-13,-0.00993740209744602
RICL,Geometry,82,RMDL,2022-08-02-01,2022-06-14-13,-0.060954579970828655
M5,Geometry,82,RMDL,2022-08-02-01,2022-06-14-13,-0.07917645425137582
AIML,Geometry,82,RMDL,2022-08-02-01,2022-06-14-13,0.5530539189798509
AIMR,Geometry,82,RMDL,2022-08-02-01,2022-06-14-13,-0.13907509461136813
FLPL,Geometry,82,RMDL,2022-08-02-01,2022-06-14-13,-0.1327200088986909
ADEL,Geometry,82,RMDL,2022-08-02-01,2022-06-14-13,-0.13104359345414218
VB02,Geometry,82,RMDL,2022-08-02-01,2022-06-14-13,-0.16736565656146332
ADAL,Geometry,82,RMDL,2022-08-02-01,2022-06-14-13,-0.1366699313980703
I1R,Geometry,82,AIBR,2022-08-02-01,2022-06-14-13,0.13084655347941063
IL2DL,Geometry,82,AIBR,2022-08-02-01,2022-06-14-13,0.15334246416268446
I2R,Geometry,82,AIBR,2022-08-02-01,2022-06-14-13,0.1364597955527628
I3,Geometry,82,AIBR,2022-08-02-01,2022-06-14-13,0.15392313851327893
NSMR,Geometry,82,AIBR,2022-08-02-01,2022-06-14-13,0.14033637138518626
I2L,Geometry,82,AIBR,2022-08-02-01,2022-06-14-13,0.13330043380216638
MCL,Geometry,82,AIBR,2022-08-02-01,2022-06-14-13,0.13664960632652262
NSML,Geometry,82,AIBR,2022-08-02-01,2022-06-14-13,0.13757146567663842
M4,Geometry,82,AIBR,2022-08-02-01,2022-06-14-13,0.16375980661238004
M3R,Geometry,82,AIBR,2022-08-02-01,2022-06-14-13,0.1585442370613626
M3L,Geometry,82,AIBR,2022-08-02-01,2022-06-14-13,0.15462457690419049
IL2VL,Geometry,82,AIBR,2022-08-02-01,2022-06-14-13,0.15877801627451374
IL1R,Geometry,82,AIBR,2022-08-02-01,2022-06-14-13,0.19821146076774748
OLLL,Geometry,82,AIBR,2022-08-02-01,2022-06-14-13,0.20178427786260206
IL2L,Geometry,82,AIBR,2022-08-02-01,2022-06-14-13,0.19450939349274338
URBR,Geometry,82,AIBR,2022-08-02-01,2022-06-14-13,0.21198105601102266
OLLR,Geometry,82,AIBR,2022-08-02-01,2022-06-14-13,0.22013976923700698
IL1DL,Geometry,82,AIBR,2022-08-02-01,2022-06-14-13,0.21920390245176774
IL1DR,Geometry,82,AIBR,2022-08-02-01,2022-06-14-13,0.22855955112477735
URYVR,Geometry,82,AIBR,2022-08-02-01,2022-06-14-13,0.20763093277689668
IL2R,Geometry,82,AIBR,2022-08-02-01,2022-06-14-13,0.2028226238894273
URYDL,Geometry,82,AIBR,2022-08-02-01,2022-06-14-13,0.2206623884606144
IL1L,Geometry,82,AIBR,2022-08-02-01,2022-06-14-13,0.2008228917190457
URBL,Geometry,82,AIBR,2022-08-02-01,2022-06-14-13,0.21536859531797684
OLQDR,Geometry,82,AIBR,2022-08-02-01,2022-06-14-13,0.24794219345961044
OLQDL,Geometry,82,AIBR,2022-08-02-01,2022-06-14-13,0.24349022438936654
RMER,Geometry,82,AIBR,2022-08-02-01,2022-06-14-13,0.23866326843822194
OLQVR,Geometry,82,AIBR,2022-08-02-01,2022-06-14-13,0.22576942617527615
URYVL,Geometry,82,AIBR,2022-08-02-01,2022-06-14-13,0.21387053498029823
RMED,Geometry,82,AIBR,2022-08-02-01,2022-06-14-13,0.26148320063614633
RMEL,Geometry,82,AIBR,2022-08-02-01,2022-06-14-13,0.23424302994486057
CEPVR,Geometry,82,AIBR,2022-08-02-01,2022-06-14-13,0.2288776393489705
OLQVL,Geometry,82,AIBR,2022-08-02-01,2022-06-14-13,0.22757235024009154
CEPVL,Geometry,82,AIBR,2022-08-02-01,2022-06-14-13,0.22506943959061468
SAAVR,Geometry,82,AIBR,2022-08-02-01,2022-06-14-13,0.25217016202851683
RID,Geometry,82,AIBR,2022-08-02-01,2022-06-14-13,0.257284033698224
SMDVR,Geometry,82,AIBR,2022-08-02-01,2022-06-14-13,0.24704316991063294
URXR,Geometry,82,AIBR,2022-08-02-01,2022-06-14-13,0.24761136119106697
RIAR,Geometry,82,AIBR,2022-08-02-01,2022-06-14-13,0.24538721294867127
AVAR,Geometry,82,AIBR,2022-08-02-01,2022-06-14-13,0.23830218974809367
SAAVL,Geometry,82,AIBR,2022-08-02-01,2022-06-14-13,0.23880850827491337
CEPDR,Geometry,82,AIBR,2022-08-02-01,2022-06-14-13,0.2448385021655504
URXL,Geometry,82,AIBR,2022-08-02-01,2022-06-14-13,0.24238205773987961
CEPDL,Geometry,82,AIBR,2022-08-02-01,2022-06-14-13,0.23496393167126753
SMDDR,Geometry,82,AIBR,2022-08-02-01,2022-06-14-13,0.20028091107402135
RMEV,Geometry,82,AIBR,2022-08-02-01,2022-06-14-13,0.20009608207458127
RIAL,Geometry,82,AIBR,2022-08-02-01,2022-06-14-13,0.2256633493102689
AVER,Geometry,82,AIBR,2022-08-02-01,2022-06-14-13,0.2159463741379933
AWAR,Geometry,82,AIBR,2022-08-02-01,2022-06-14-13,0.20999445150833707
SMDVL,Geometry,82,AIBR,2022-08-02-01,2022-06-14-13,0.21056088768656026
AVAL,Geometry,82,AIBR,2022-08-02-01,2022-06-14-13,0.19156820459607352
RMDL,Geometry,82,AIBR,2022-08-02-01,2022-06-14-13,0.16974062890069
AIBR,Geometry,83,AIBR,2022-08-02-01,2022-06-14-13,0.18385258994218445
ASGR,Geometry,82,AIBR,2022-08-02-01,2022-06-14-13,0.1775621692905974
AVL,Geometry,82,AIBR,2022-08-02-01,2022-06-14-13,0.12083962523576042
AVEL,Geometry,82,AIBR,2022-08-02-01,2022-06-14-13,0.14719802488168482
ASGL,Geometry,82,AIBR,2022-08-02-01,2022-06-14-13,0.13984841876537749
ASHL,Geometry,82,AIBR,2022-08-02-01,2022-06-14-13,0.11555732796996195
AIBL,Geometry,82,AIBR,2022-08-02-01,2022-06-14-13,0.13381644115306215
AVHL,Geometry,82,AIBR,2022-08-02-01,2022-06-14-13,0.10369604344315791
AWBL,Geometry,82,AIBR,2022-08-02-01,2022-06-14-13,0.0908047240545226
RIVL,Geometry,82,AIBR,2022-08-02-01,2022-06-14-13,0.11419121253366898
AWCL,Geometry,82,AIBR,2022-08-02-01,2022-06-14-13,0.07528873792929434
SMDDL,Geometry,82,AIBR,2022-08-02-01,2022-06-14-13,0.050898277369001724
AVJR,Geometry,82,AIBR,2022-08-02-01,2022-06-14-13,0.09482541604889164
AIZL,Geometry,82,AIBR,2022-08-02-01,2022-06-14-13,0.08229098208077455
RIBL,Geometry,82,AIBR,2022-08-02-01,2022-06-14-13,0.05656994854269731
ASEL,Geometry,82,AIBR,2022-08-02-01,2022-06-14-13,0.056550439905945056
AVDR,Geometry,82,AIBR,2022-08-02-01,2022-06-14-13,0.07862841805011958
AVDL,Geometry,82,AIBR,2022-08-02-01,2022-06-14-13,0.053496774404312324
AVJL,Geometry,82,AIBR,2022-08-02-01,2022-06-14-13,0.07502162594566618
RIVR,Geometry,82,AIBR,2022-08-02-01,2022-06-14-13,0.061745489741792094
AIZR,Geometry,82,AIBR,2022-08-02-01,2022-06-14-13,0.039044871126272675
AUAR,Geometry,82,AIBR,2022-08-02-01,2022-06-14-13,-0.03176508645357729
AUAL,Geometry,82,AIBR,2022-08-02-01,2022-06-14-13,-0.016938976723632215
RICR,Geometry,82,AIBR,2022-08-02-01,2022-06-14-13,0.002947017739409547
RICL,Geometry,82,AIBR,2022-08-02-01,2022-06-14-13,-0.05754674706363136
M5,Geometry,82,AIBR,2022-08-02-01,2022-06-14-13,-0.07322607978317207
AIML,Geometry,82,AIBR,2022-08-02-01,2022-06-14-13,0.581377010495859
AIMR,Geometry,82,AIBR,2022-08-02-01,2022-06-14-13,-0.12930548239239228
FLPL,Geometry,82,AIBR,2022-08-02-01,2022-06-14-13,-0.12665517326014192
ADEL,Geometry,82,AIBR,2022-08-02-01,2022-06-14-13,-0.1243054842350333
VB02,Geometry,82,AIBR,2022-08-02-01,2022-06-14-13,-0.15950096486354973
ADAL,Geometry,82,AIBR,2022-08-02-01,2022-06-14-13,-0.12978287773416766
I1R,Geometry,82,ASGR,2022-08-02-01,2022-06-14-13,0.12654542989026926
IL2DL,Geometry,82,ASGR,2022-08-02-01,2022-06-14-13,0.1502942843785214
I2R,Geometry,82,ASGR,2022-08-02-01,2022-06-14-13,0.13220869712648944
I3,Geometry,82,ASGR,2022-08-02-01,2022-06-14-13,0.15071461046658893
NSMR,Geometry,82,ASGR,2022-08-02-01,2022-06-14-13,0.13618047619109183
I2L,Geometry,82,ASGR,2022-08-02-01,2022-06-14-13,0.12873658015909092
MCL,Geometry,82,ASGR,2022-08-02-01,2022-06-14-13,0.1322956729472318
NSML,Geometry,82,ASGR,2022-08-02-01,2022-06-14-13,0.13304194107095715
M4,Geometry,82,ASGR,2022-08-02-01,2022-06-14-13,0.1603349841309956
M3R,Geometry,82,ASGR,2022-08-02-01,2022-06-14-13,0.1548214871944812
M3L,Geometry,82,ASGR,2022-08-02-01,2022-06-14-13,0.1503690680468877
IL2VL,Geometry,82,ASGR,2022-08-02-01,2022-06-14-13,0.15409920820400055
IL1R,Geometry,82,ASGR,2022-08-02-01,2022-06-14-13,0.1960030451573983
OLLL,Geometry,82,ASGR,2022-08-02-01,2022-06-14-13,0.19985481253196485
IL2L,Geometry,82,ASGR,2022-08-02-01,2022-06-14-13,0.19185028108900176
URBR,Geometry,82,ASGR,2022-08-02-01,2022-06-14-13,0.2106652702017322
OLLR,Geometry,82,ASGR,2022-08-02-01,2022-06-14-13,0.21969227294477905
IL1DL,Geometry,82,ASGR,2022-08-02-01,2022-06-14-13,0.218741382679675
IL1DR,Geometry,82,ASGR,2022-08-02-01,2022-06-14-13,0.2289004005420028
URYVR,Geometry,82,ASGR,2022-08-02-01,2022-06-14-13,0.2051239712710196
IL2R,Geometry,82,ASGR,2022-08-02-01,2022-06-14-13,0.19928213537783102
URYDL,Geometry,82,ASGR,2022-08-02-01,2022-06-14-13,0.2200766632427392
IL1L,Geometry,82,ASGR,2022-08-02-01,2022-06-14-13,0.19796579194551142
URBL,Geometry,82,ASGR,2022-08-02-01,2022-06-14-13,0.21362948821968258
OLQDR,Geometry,82,ASGR,2022-08-02-01,2022-06-14-13,0.24999549106840563
OLQDL,Geometry,82,ASGR,2022-08-02-01,2022-06-14-13,0.24483960115640252
RMER,Geometry,82,ASGR,2022-08-02-01,2022-06-14-13,0.23889301047172526
OLQVR,Geometry,82,ASGR,2022-08-02-01,2022-06-14-13,0.22419113340183985
URYVL,Geometry,82,ASGR,2022-08-02-01,2022-06-14-13,0.21098766142516331
RMED,Geometry,82,ASGR,2022-08-02-01,2022-06-14-13,0.2656722781750415
RMEL,Geometry,82,ASGR,2022-08-02-01,2022-06-14-13,0.23312132608196826
CEPVR,Geometry,82,ASGR,2022-08-02-01,2022-06-14-13,0.22677059338730035
OLQVL,Geometry,82,ASGR,2022-08-02-01,2022-06-14-13,0.2252531349699071
CEPVL,Geometry,82,ASGR,2022-08-02-01,2022-06-14-13,0.22281541834441948
SAAVR,Geometry,82,ASGR,2022-08-02-01,2022-06-14-13,0.2557575244082553
RID,Geometry,82,ASGR,2022-08-02-01,2022-06-14-13,0.26416046869908216
SMDVR,Geometry,82,ASGR,2022-08-02-01,2022-06-14-13,0.2530937648214391
URXR,Geometry,82,ASGR,2022-08-02-01,2022-06-14-13,0.25450503051403994
RIAR,Geometry,82,ASGR,2022-08-02-01,2022-06-14-13,0.25073534258261765
AVAR,Geometry,82,ASGR,2022-08-02-01,2022-06-14-13,0.24177733914582392
SAAVL,Geometry,82,ASGR,2022-08-02-01,2022-06-14-13,0.24195200698836955
CEPDR,Geometry,82,ASGR,2022-08-02-01,2022-06-14-13,0.25245083738914637
URXL,Geometry,82,ASGR,2022-08-02-01,2022-06-14-13,0.2486900039624762
CEPDL,Geometry,82,ASGR,2022-08-02-01,2022-06-14-13,0.2411555660955917
SMDDR,Geometry,82,ASGR,2022-08-02-01,2022-06-14-13,0.1984571162137496
RMEV,Geometry,82,ASGR,2022-08-02-01,2022-06-14-13,0.19893576110388236
RIAL,Geometry,82,ASGR,2022-08-02-01,2022-06-14-13,0.22964719013205068
AVER,Geometry,82,ASGR,2022-08-02-01,2022-06-14-13,0.2185878828024497
AWAR,Geometry,82,ASGR,2022-08-02-01,2022-06-14-13,0.21656572065788704
SMDVL,Geometry,82,ASGR,2022-08-02-01,2022-06-14-13,0.21652780150863274
AVAL,Geometry,82,ASGR,2022-08-02-01,2022-06-14-13,0.19323555012277158
RMDL,Geometry,82,ASGR,2022-08-02-01,2022-06-14-13,0.1708656946622129
AIBR,Geometry,82,ASGR,2022-08-02-01,2022-06-14-13,0.18542584928153652
ASGR,Geometry,83,ASGR,2022-08-02-01,2022-06-14-13,0.18660733730835616
AVL,Geometry,82,ASGR,2022-08-02-01,2022-06-14-13,0.12064287077080608
AVEL,Geometry,82,ASGR,2022-08-02-01,2022-06-14-13,0.14916473889350396
ASGL,Geometry,82,ASGR,2022-08-02-01,2022-06-14-13,0.14378405697180757
ASHL,Geometry,82,ASGR,2022-08-02-01,2022-06-14-13,0.11836290103156663
AIBL,Geometry,82,ASGR,2022-08-02-01,2022-06-14-13,0.14266012682886428
AVHL,Geometry,82,ASGR,2022-08-02-01,2022-06-14-13,0.10713062098434901
AWBL,Geometry,82,ASGR,2022-08-02-01,2022-06-14-13,0.09306974816655049
RIVL,Geometry,82,ASGR,2022-08-02-01,2022-06-14-13,0.11961820375434128
AWCL,Geometry,82,ASGR,2022-08-02-01,2022-06-14-13,0.07731887579803731
SMDDL,Geometry,82,ASGR,2022-08-02-01,2022-06-14-13,0.05219166199207646
AVJR,Geometry,82,ASGR,2022-08-02-01,2022-06-14-13,0.10131810605339278
AIZL,Geometry,82,ASGR,2022-08-02-01,2022-06-14-13,0.08659552969369426
RIBL,Geometry,82,ASGR,2022-08-02-01,2022-06-14-13,0.05899909912474512
ASEL,Geometry,82,ASGR,2022-08-02-01,2022-06-14-13,0.05912777242134274
AVDR,Geometry,82,ASGR,2022-08-02-01,2022-06-14-13,0.08497618939815851
AVDL,Geometry,82,ASGR,2022-08-02-01,2022-06-14-13,0.056594427548683865
AVJL,Geometry,82,ASGR,2022-08-02-01,2022-06-14-13,0.08063629801587707
RIVR,Geometry,82,ASGR,2022-08-02-01,2022-06-14-13,0.06781475032443725
AIZR,Geometry,82,ASGR,2022-08-02-01,2022-06-14-13,0.04547144667556555
AUAR,Geometry,82,ASGR,2022-08-02-01,2022-06-14-13,-0.029611934913689797
AUAL,Geometry,82,ASGR,2022-08-02-01,2022-06-14-13,-0.0146665732157796
RICR,Geometry,82,ASGR,2022-08-02-01,2022-06-14-13,0.008254614954050462
RICL,Geometry,82,ASGR,2022-08-02-01,2022-06-14-13,-0.05471001822626113
M5,Geometry,82,ASGR,2022-08-02-01,2022-06-14-13,-0.06922951168225096
AIML,Geometry,82,ASGR,2022-08-02-01,2022-06-14-13,0.5686457461434151
AIMR,Geometry,82,ASGR,2022-08-02-01,2022-06-14-13,-0.1260694133625814
FLPL,Geometry,82,ASGR,2022-08-02-01,2022-06-14-13,-0.12316784973833499
ADEL,Geometry,82,ASGR,2022-08-02-01,2022-06-14-13,-0.12065214184374799
VB02,Geometry,82,ASGR,2022-08-02-01,2022-06-14-13,-0.15646217691131473
ADAL,Geometry,82,ASGR,2022-08-02-01,2022-06-14-13,-0.1263789066592065
I1R,Geometry,82,AVL,2022-08-02-01,2022-06-14-13,0.16562380752109349
IL2DL,Geometry,82,AVL,2022-08-02-01,2022-06-14-13,0.18775307924013
I2R,Geometry,82,AVL,2022-08-02-01,2022-06-14-13,0.17052908057266916
I3,Geometry,82,AVL,2022-08-02-01,2022-06-14-13,0.18805353958094656
NSMR,Geometry,82,AVL,2022-08-02-01,2022-06-14-13,0.17432043947573458
I2L,Geometry,82,AVL,2022-08-02-01,2022-06-14-13,0.1691314356392151
MCL,Geometry,82,AVL,2022-08-02-01,2022-06-14-13,0.1721115125035704
NSML,Geometry,82,AVL,2022-08-02-01,2022-06-14-13,0.17326513491121082
M4,Geometry,82,AVL,2022-08-02-01,2022-06-14-13,0.19789742974663765
M3R,Geometry,82,AVL,2022-08-02-01,2022-06-14-13,0.19157944722328005
M3L,Geometry,82,AVL,2022-08-02-01,2022-06-14-13,0.18965102804732187
IL2VL,Geometry,82,AVL,2022-08-02-01,2022-06-14-13,0.1929475678778284
IL1R,Geometry,82,AVL,2022-08-02-01,2022-06-14-13,0.22559025386144296
OLLL,Geometry,82,AVL,2022-08-02-01,2022-06-14-13,0.231564253646372
IL2L,Geometry,82,AVL,2022-08-02-01,2022-06-14-13,0.22566712726104157
URBR,Geometry,82,AVL,2022-08-02-01,2022-06-14-13,0.23636304152731924
OLLR,Geometry,82,AVL,2022-08-02-01,2022-06-14-13,0.243134921734633
IL1DL,Geometry,82,AVL,2022-08-02-01,2022-06-14-13,0.24522789284553997
IL1DR,Geometry,82,AVL,2022-08-02-01,2022-06-14-13,0.25065027186896305
URYVR,Geometry,82,AVL,2022-08-02-01,2022-06-14-13,0.23283766482757953
IL2R,Geometry,82,AVL,2022-08-02-01,2022-06-14-13,0.22866041004837978
URYDL,Geometry,82,AVL,2022-08-02-01,2022-06-14-13,0.24648088030601106
IL1L,Geometry,82,AVL,2022-08-02-01,2022-06-14-13,0.23036573286861986
URBL,Geometry,82,AVL,2022-08-02-01,2022-06-14-13,0.24201536439535554
OLQDR,Geometry,82,AVL,2022-08-02-01,2022-06-14-13,0.2630100415413833
OLQDL,Geometry,82,AVL,2022-08-02-01,2022-06-14-13,0.2621720149618669
RMER,Geometry,82,AVL,2022-08-02-01,2022-06-14-13,0.25430207950832456
OLQVR,Geometry,82,AVL,2022-08-02-01,2022-06-14-13,0.24437578801073884
URYVL,Geometry,82,AVL,2022-08-02-01,2022-06-14-13,0.23896390775637624
RMED,Geometry,82,AVL,2022-08-02-01,2022-06-14-13,0.2684921017865336
RMEL,Geometry,82,AVL,2022-08-02-01,2022-06-14-13,0.2528710097095025
CEPVR,Geometry,82,AVL,2022-08-02-01,2022-06-14-13,0.2429217788774332
OLQVL,Geometry,82,AVL,2022-08-02-01,2022-06-14-13,0.24504835305285022
CEPVL,Geometry,82,AVL,2022-08-02-01,2022-06-14-13,0.23369932934494692
SAAVR,Geometry,82,AVL,2022-08-02-01,2022-06-14-13,0.2466364805784154
RID,Geometry,82,AVL,2022-08-02-01,2022-06-14-13,0.2509533159986618
SMDVR,Geometry,82,AVL,2022-08-02-01,2022-06-14-13,0.2341163947138818
URXR,Geometry,82,AVL,2022-08-02-01,2022-06-14-13,0.23480864621380873
RIAR,Geometry,82,AVL,2022-08-02-01,2022-06-14-13,0.23414383144259404
AVAR,Geometry,82,AVL,2022-08-02-01,2022-06-14-13,0.22752779588416486
SAAVL,Geometry,82,AVL,2022-08-02-01,2022-06-14-13,0.23759003480860016
CEPDR,Geometry,82,AVL,2022-08-02-01,2022-06-14-13,0.22890045144932283
URXL,Geometry,82,AVL,2022-08-02-01,2022-06-14-13,0.23265856728048817
CEPDL,Geometry,82,AVL,2022-08-02-01,2022-06-14-13,0.22515433085620573
SMDDR,Geometry,82,AVL,2022-08-02-01,2022-06-14-13,0.1953367593648747
RMEV,Geometry,82,AVL,2022-08-02-01,2022-06-14-13,0.19531311027605724
RIAL,Geometry,82,AVL,2022-08-02-01,2022-06-14-13,0.2181270987096923
AVER,Geometry,82,AVL,2022-08-02-01,2022-06-14-13,0.20084065375466648
AWAR,Geometry,82,AVL,2022-08-02-01,2022-06-14-13,0.1873162529794445
SMDVL,Geometry,82,AVL,2022-08-02-01,2022-06-14-13,0.1968270443814706
AVAL,Geometry,82,AVL,2022-08-02-01,2022-06-14-13,0.1825499066683469
RMDL,Geometry,82,AVL,2022-08-02-01,2022-06-14-13,0.15811844598295155
AIBR,Geometry,82,AVL,2022-08-02-01,2022-06-14-13,0.15754717842331808
ASGR,Geometry,82,AVL,2022-08-02-01,2022-06-14-13,0.15006715381583793
AVL,Geometry,83,AVL,2022-08-02-01,2022-06-14-13,0.10437576088680812
AVEL,Geometry,82,AVL,2022-08-02-01,2022-06-14-13,0.13034224085853593
ASGL,Geometry,82,AVL,2022-08-02-01,2022-06-14-13,0.11972263734252564
ASHL,Geometry,82,AVL,2022-08-02-01,2022-06-14-13,0.09659016346437822
AIBL,Geometry,82,AVL,2022-08-02-01,2022-06-14-13,0.10172931178219004
AVHL,Geometry,82,AVL,2022-08-02-01,2022-06-14-13,0.08037811069119404
AWBL,Geometry,82,AVL,2022-08-02-01,2022-06-14-13,0.06861711662978139
RIVL,Geometry,82,AVL,2022-08-02-01,2022-06-14-13,0.08840781194799789
AWCL,Geometry,82,AVL,2022-08-02-01,2022-06-14-13,0.05363701241573258
SMDDL,Geometry,82,AVL,2022-08-02-01,2022-06-14-13,0.025482846074021466
AVJR,Geometry,82,AVL,2022-08-02-01,2022-06-14-13,0.05903911035790073
AIZL,Geometry,82,AVL,2022-08-02-01,2022-06-14-13,0.05666956733287327
RIBL,Geometry,82,AVL,2022-08-02-01,2022-06-14-13,0.030466623960851376
ASEL,Geometry,82,AVL,2022-08-02-01,2022-06-14-13,0.03179834896861293
AVDR,Geometry,82,AVL,2022-08-02-01,2022-06-14-13,0.042412980633879
AVDL,Geometry,82,AVL,2022-08-02-01,2022-06-14-13,0.027387497800091386
AVJL,Geometry,82,AVL,2022-08-02-01,2022-06-14-13,0.046153720055679755
RIVR,Geometry,82,AVL,2022-08-02-01,2022-06-14-13,0.024340967127400834
AIZR,Geometry,82,AVL,2022-08-02-01,2022-06-14-13,0.0011791405120264791
AUAR,Geometry,82,AVL,2022-08-02-01,2022-06-14-13,-0.06133772091478847
AUAL,Geometry,82,AVL,2022-08-02-01,2022-06-14-13,-0.04519096193170337
RICR,Geometry,82,AVL,2022-08-02-01,2022-06-14-13,-0.03509387213173159
RICL,Geometry,82,AVL,2022-08-02-01,2022-06-14-13,-0.08844705395189853
M5,Geometry,82,AVL,2022-08-02-01,2022-06-14-13,-0.10708866493558071
AIML,Geometry,82,AVL,2022-08-02-01,2022-06-14-13,0.3461602847685848
AIMR,Geometry,82,AVL,2022-08-02-01,2022-06-14-13,-0.16585774424265173
FLPL,Geometry,82,AVL,2022-08-02-01,2022-06-14-13,-0.15996797811214133
ADEL,Geometry,82,AVL,2022-08-02-01,2022-06-14-13,-0.1578974013622129
VB02,Geometry,82,AVL,2022-08-02-01,2022-06-14-13,-0.19387957874825557
ADAL,Geometry,82,AVL,2022-08-02-01,2022-06-14-13,-0.16308545936200028
I1R,Geometry,82,AVEL,2022-08-02-01,2022-06-14-13,0.1284304064744923
IL2DL,Geometry,82,AVEL,2022-08-02-01,2022-06-14-13,0.15180202640838594
I2R,Geometry,82,AVEL,2022-08-02-01,2022-06-14-13,0.13317050087550358
I3,Geometry,82,AVEL,2022-08-02-01,2022-06-14-13,0.1518450458136787
NSMR,Geometry,82,AVEL,2022-08-02-01,2022-06-14-13,0.13705852870008187
I2L,Geometry,82,AVEL,2022-08-02-01,2022-06-14-13,0.13238310691129085
MCL,Geometry,82,AVEL,2022-08-02-01,2022-06-14-13,0.13521241122708275
NSML,Geometry,82,AVEL,2022-08-02-01,2022-06-14-13,0.13658362515216715
M4,Geometry,82,AVEL,2022-08-02-01,2022-06-14-13,0.1617624560362873
M3R,Geometry,82,AVEL,2022-08-02-01,2022-06-14-13,0.1550887014613152
M3L,Geometry,82,AVEL,2022-08-02-01,2022-06-14-13,0.15378215698830627
IL2VL,Geometry,82,AVEL,2022-08-02-01,2022-06-14-13,0.15789264758811836
IL1R,Geometry,82,AVEL,2022-08-02-01,2022-06-14-13,0.1932489428998449
OLLL,Geometry,82,AVEL,2022-08-02-01,2022-06-14-13,0.20190662625477143
IL2L,Geometry,82,AVEL,2022-08-02-01,2022-06-14-13,0.19539124575129485
URBR,Geometry,82,AVEL,2022-08-02-01,2022-06-14-13,0.20663427400707252
OLLR,Geometry,82,AVEL,2022-08-02-01,2022-06-14-13,0.21502996196624394
IL1DL,Geometry,82,AVEL,2022-08-02-01,2022-06-14-13,0.21849208418366767
IL1DR,Geometry,82,AVEL,2022-08-02-01,2022-06-14-13,0.2247959752016092
URYVR,Geometry,82,AVEL,2022-08-02-01,2022-06-14-13,0.20281553933820878
IL2R,Geometry,82,AVEL,2022-08-02-01,2022-06-14-13,0.19805524533902716
URYDL,Geometry,82,AVEL,2022-08-02-01,2022-06-14-13,0.22107917747985092
IL1L,Geometry,82,AVEL,2022-08-02-01,2022-06-14-13,0.20196315137277304
URBL,Geometry,82,AVEL,2022-08-02-01,2022-06-14-13,0.21747377365713355
OLQDR,Geometry,82,AVEL,2022-08-02-01,2022-06-14-13,0.24378280026890436
OLQDL,Geometry,82,AVEL,2022-08-02-01,2022-06-14-13,0.24321427361646933
RMER,Geometry,82,AVEL,2022-08-02-01,2022-06-14-13,0.23245173374664338
OLQVR,Geometry,82,AVEL,2022-08-02-01,2022-06-14-13,0.2205922518614076
URYVL,Geometry,82,AVEL,2022-08-02-01,2022-06-14-13,0.21473664486098726
RMED,Geometry,82,AVEL,2022-08-02-01,2022-06-14-13,0.2584753309790783
RMEL,Geometry,82,AVEL,2022-08-02-01,2022-06-14-13,0.23842469730300175
CEPVR,Geometry,82,AVEL,2022-08-02-01,2022-06-14-13,0.22511978037155478
OLQVL,Geometry,82,AVEL,2022-08-02-01,2022-06-14-13,0.2291564167591007
CEPVL,Geometry,82,AVEL,2022-08-02-01,2022-06-14-13,0.22544763813672217
SAAVR,Geometry,82,AVEL,2022-08-02-01,2022-06-14-13,0.24542843412498025
RID,Geometry,82,AVEL,2022-08-02-01,2022-06-14-13,0.25611444132210437
SMDVR,Geometry,82,AVEL,2022-08-02-01,2022-06-14-13,0.23992784459329597
URXR,Geometry,82,AVEL,2022-08-02-01,2022-06-14-13,0.2430505065726875
RIAR,Geometry,82,AVEL,2022-08-02-01,2022-06-14-13,0.24069710709903974
AVAR,Geometry,82,AVEL,2022-08-02-01,2022-06-14-13,0.2313958612270701
SAAVL,Geometry,82,AVEL,2022-08-02-01,2022-06-14-13,0.2447765460516865
CEPDR,Geometry,82,AVEL,2022-08-02-01,2022-06-14-13,0.2386946746592368
URXL,Geometry,82,AVEL,2022-08-02-01,2022-06-14-13,0.24420334084851353
CEPDL,Geometry,82,AVEL,2022-08-02-01,2022-06-14-13,0.23969503456745522
SMDDR,Geometry,82,AVEL,2022-08-02-01,2022-06-14-13,0.19754555370083174
RMEV,Geometry,82,AVEL,2022-08-02-01,2022-06-14-13,0.20006647785626192
RIAL,Geometry,82,AVEL,2022-08-02-01,2022-06-14-13,0.23227422638712328
AVER,Geometry,82,AVEL,2022-08-02-01,2022-06-14-13,0.21113422734244466
AWAR,Geometry,82,AVEL,2022-08-02-01,2022-06-14-13,0.20477623484482338
SMDVL,Geometry,82,AVEL,2022-08-02-01,2022-06-14-13,0.2180446400578275
AVAL,Geometry,82,AVEL,2022-08-02-01,2022-06-14-13,0.20088671615321899
RMDL,Geometry,82,AVEL,2022-08-02-01,2022-06-14-13,0.17845786972893643
AIBR,Geometry,82,AVEL,2022-08-02-01,2022-06-14-13,0.17732433740882553
ASGR,Geometry,82,AVEL,2022-08-02-01,2022-06-14-13,0.17405386578764687
AVL,Geometry,82,AVEL,2022-08-02-01,2022-06-14-13,0.11954546554401545
AVEL,Geometry,83,AVEL,2022-08-02-01,2022-06-14-13,0.1589833721631334
ASGL,Geometry,82,AVEL,2022-08-02-01,2022-06-14-13,0.15028682132007196
ASHL,Geometry,82,AVEL,2022-08-02-01,2022-06-14-13,0.1274685984340847
AIBL,Geometry,82,AVEL,2022-08-02-01,2022-06-14-13,0.1348755909730467
AVHL,Geometry,82,AVEL,2022-08-02-01,2022-06-14-13,0.1140380113646322
AWBL,Geometry,82,AVEL,2022-08-02-01,2022-06-14-13,0.10110521155588319
RIVL,Geometry,82,AVEL,2022-08-02-01,2022-06-14-13,0.12328866992209725
AWCL,Geometry,82,AVEL,2022-08-02-01,2022-06-14-13,0.08621109746874253
SMDDL,Geometry,82,AVEL,2022-08-02-01,2022-06-14-13,0.0578749983787382
AVJR,Geometry,82,AVEL,2022-08-02-01,2022-06-14-13,0.09098884847236154
AIZL,Geometry,82,AVEL,2022-08-02-01,2022-06-14-13,0.09297819489351021
RIBL,Geometry,82,AVEL,2022-08-02-01,2022-06-14-13,0.06454923786811492
ASEL,Geometry,82,AVEL,2022-08-02-01,2022-06-14-13,0.06691911628343011
AVDR,Geometry,82,AVEL,2022-08-02-01,2022-06-14-13,0.07474198723185574
AVDL,Geometry,82,AVEL,2022-08-02-01,2022-06-14-13,0.06368768139399207
AVJL,Geometry,82,AVEL,2022-08-02-01,2022-06-14-13,0.08381417468401399
RIVR,Geometry,82,AVEL,2022-08-02-01,2022-06-14-13,0.058880027166238406
AIZR,Geometry,82,AVEL,2022-08-02-01,2022-06-14-13,0.03549859250283183
AUAR,Geometry,82,AVEL,2022-08-02-01,2022-06-14-13,-0.024452228789880442
AUAL,Geometry,82,AVEL,2022-08-02-01,2022-06-14-13,-0.008218119468313315
RICR,Geometry,82,AVEL,2022-08-02-01,2022-06-14-13,0.00047499014991040815
RICL,Geometry,82,AVEL,2022-08-02-01,2022-06-14-13,-0.04975803383654716
M5,Geometry,82,AVEL,2022-08-02-01,2022-06-14-13,-0.06736887364625765
AIML,Geometry,82,AVEL,2022-08-02-01,2022-06-14-13,0.6218510047723275
AIMR,Geometry,82,AVEL,2022-08-02-01,2022-06-14-13,-0.128163500419017
FLPL,Geometry,82,AVEL,2022-08-02-01,2022-06-14-13,-0.12117351159725395
ADEL,Geometry,82,AVEL,2022-08-02-01,2022-06-14-13,-0.11953792272953363
VB02,Geometry,82,AVEL,2022-08-02-01,2022-06-14-13,-0.15632106631773404
ADAL,Geometry,82,AVEL,2022-08-02-01,2022-06-14-13,-0.12529524859966432
I1R,Geometry,82,ASGL,2022-08-02-01,2022-06-14-13,0.10302275660046778
IL2DL,Geometry,82,ASGL,2022-08-02-01,2022-06-14-13,0.12753455888271198
I2R,Geometry,82,ASGL,2022-08-02-01,2022-06-14-13,0.10722443947502013
I3,Geometry,82,ASGL,2022-08-02-01,2022-06-14-13,0.1271081474770047
NSMR,Geometry,82,ASGL,2022-08-02-01,2022-06-14-13,0.11109700912434291
I2L,Geometry,82,ASGL,2022-08-02-01,2022-06-14-13,0.10732626988912362
MCL,Geometry,82,ASGL,2022-08-02-01,2022-06-14-13,0.10998811618457896
NSML,Geometry,82,ASGL,2022-08-02-01,2022-06-14-13,0.11141489858087605
M4,Geometry,82,ASGL,2022-08-02-01,2022-06-14-13,0.13664697134480178
M3R,Geometry,82,ASGL,2022-08-02-01,2022-06-14-13,0.1291758086869753
M3L,Geometry,82,ASGL,2022-08-02-01,2022-06-14-13,0.1286603164797026
IL2VL,Geometry,82,ASGL,2022-08-02-01,2022-06-14-13,0.13253843197681783
IL1R,Geometry,82,ASGL,2022-08-02-01,2022-06-14-13,0.1686967001546392
OLLL,Geometry,82,ASGL,2022-08-02-01,2022-06-14-13,0.18002141682875916
IL2L,Geometry,82,ASGL,2022-08-02-01,2022-06-14-13,0.17312118346566513
URBR,Geometry,82,ASGL,2022-08-02-01,2022-06-14-13,0.18338775435252874
OLLR,Geometry,82,ASGL,2022-08-02-01,2022-06-14-13,0.1929462560374514
IL1DL,Geometry,82,ASGL,2022-08-02-01,2022-06-14-13,0.19821732735328546
IL1DR,Geometry,82,ASGL,2022-08-02-01,2022-06-14-13,0.20436612903656776
URYVR,Geometry,82,ASGL,2022-08-02-01,2022-06-14-13,0.17886343682030217
IL2R,Geometry,82,ASGL,2022-08-02-01,2022-06-14-13,0.17328374667446447
URYDL,Geometry,82,ASGL,2022-08-02-01,2022-06-14-13,0.20157274987746554
IL1L,Geometry,82,ASGL,2022-08-02-01,2022-06-14-13,0.18022422379032674
URBL,Geometry,82,ASGL,2022-08-02-01,2022-06-14-13,0.19801262096207348
OLQDR,Geometry,82,ASGL,2022-08-02-01,2022-06-14-13,0.22682122165423094
OLQDL,Geometry,82,ASGL,2022-08-02-01,2022-06-14-13,0.2270972800498
RMER,Geometry,82,ASGL,2022-08-02-01,2022-06-14-13,0.21278525357738606
OLQVR,Geometry,82,ASGL,2022-08-02-01,2022-06-14-13,0.19937573598460756
URYVL,Geometry,82,ASGL,2022-08-02-01,2022-06-14-13,0.1942495777198071
RMED,Geometry,82,ASGL,2022-08-02-01,2022-06-14-13,0.24711120224953884
RMEL,Geometry,82,ASGL,2022-08-02-01,2022-06-14-13,0.22377477495985476
CEPVR,Geometry,82,ASGL,2022-08-02-01,2022-06-14-13,0.2063710846354969
OLQVL,Geometry,82,ASGL,2022-08-02-01,2022-06-14-13,0.2124758658526589
CEPVL,Geometry,82,ASGL,2022-08-02-01,2022-06-14-13,0.2120344095281037
SAAVR,Geometry,82,ASGL,2022-08-02-01,2022-06-14-13,0.23724860615593824
RID,Geometry,82,ASGL,2022-08-02-01,2022-06-14-13,0.254480357117501
SMDVR,Geometry,82,ASGL,2022-08-02-01,2022-06-14-13,0.236773190160614
URXR,Geometry,82,ASGL,2022-08-02-01,2022-06-14-13,0.24218451045161565
RIAR,Geometry,82,ASGL,2022-08-02-01,2022-06-14-13,0.23793761739882524
AVAR,Geometry,82,ASGL,2022-08-02-01,2022-06-14-13,0.22577536222807618
SAAVL,Geometry,82,ASGL,2022-08-02-01,2022-06-14-13,0.2435927895944602
CEPDR,Geometry,82,ASGL,2022-08-02-01,2022-06-14-13,0.238760363051375
URXL,Geometry,82,ASGL,2022-08-02-01,2022-06-14-13,0.24645474987780028
CEPDL,Geometry,82,ASGL,2022-08-02-01,2022-06-14-13,0.24439220701514308
SMDDR,Geometry,82,ASGL,2022-08-02-01,2022-06-14-13,0.18946231089176838
RMEV,Geometry,82,ASGL,2022-08-02-01,2022-06-14-13,0.19394211873242284
RIAL,Geometry,82,ASGL,2022-08-02-01,2022-06-14-13,0.2356967266387756
AVER,Geometry,82,ASGL,2022-08-02-01,2022-06-14-13,0.2092791411555857
AWAR,Geometry,82,ASGL,2022-08-02-01,2022-06-14-13,0.20915898186831525
SMDVL,Geometry,82,ASGL,2022-08-02-01,2022-06-14-13,0.2275005373322134
AVAL,Geometry,82,ASGL,2022-08-02-01,2022-06-14-13,0.20617475665124138
RMDL,Geometry,82,ASGL,2022-08-02-01,2022-06-14-13,0.18526558805691856
AIBR,Geometry,82,ASGL,2022-08-02-01,2022-06-14-13,0.18241892688751515
ASGR,Geometry,82,ASGL,2022-08-02-01,2022-06-14-13,0.18298092089563078
AVL,Geometry,82,ASGL,2022-08-02-01,2022-06-14-13,0.12330362759691639
AVEL,Geometry,82,ASGL,2022-08-02-01,2022-06-14-13,0.16700335095811056
ASGL,Geometry,83,ASGL,2022-08-02-01,2022-06-14-13,0.1692192170258016
ASHL,Geometry,82,ASGL,2022-08-02-01,2022-06-14-13,0.1438483919771879
AIBL,Geometry,82,ASGL,2022-08-02-01,2022-06-14-13,0.1540469301037193
AVHL,Geometry,82,ASGL,2022-08-02-01,2022-06-14-13,0.13168925868179812
AWBL,Geometry,82,ASGL,2022-08-02-01,2022-06-14-13,0.11810093200000142
RIVL,Geometry,82,ASGL,2022-08-02-01,2022-06-14-13,0.14274409984062908
AWCL,Geometry,82,ASGL,2022-08-02-01,2022-06-14-13,0.10439081723879849
SMDDL,Geometry,82,ASGL,2022-08-02-01,2022-06-14-13,0.07344384729154728
AVJR,Geometry,82,ASGL,2022-08-02-01,2022-06-14-13,0.10687833896265526
AIZL,Geometry,82,ASGL,2022-08-02-01,2022-06-14-13,0.11396314243510666
RIBL,Geometry,82,ASGL,2022-08-02-01,2022-06-14-13,0.08365589783267054
ASEL,Geometry,82,ASGL,2022-08-02-01,2022-06-14-13,0.08660383600236547
AVDR,Geometry,82,ASGL,2022-08-02-01,2022-06-14-13,0.09074206966757745
AVDL,Geometry,82,ASGL,2022-08-02-01,2022-06-14-13,0.08416057665258893
AVJL,Geometry,82,ASGL,2022-08-02-01,2022-06-14-13,0.10608686571494857
RIVR,Geometry,82,ASGL,2022-08-02-01,2022-06-14-13,0.07738770781873075
AIZR,Geometry,82,ASGL,2022-08-02-01,2022-06-14-13,0.053476413170031566
AUAR,Geometry,82,ASGL,2022-08-02-01,2022-06-14-13,-0.004081620353979086
AUAL,Geometry,82,ASGL,2022-08-02-01,2022-06-14-13,0.013866452097149809
RICR,Geometry,82,ASGL,2022-08-02-01,2022-06-14-13,0.01935156984903775
RICL,Geometry,82,ASGL,2022-08-02-01,2022-06-14-13,-0.02624508294305986
M5,Geometry,82,ASGL,2022-08-02-01,2022-06-14-13,-0.042215788950121944
AIML,Geometry,82,ASGL,2022-08-02-01,2022-06-14-13,0.7319465129472488
AIMR,Geometry,82,ASGL,2022-08-02-01,2022-06-14-13,-0.10601504672902967
FLPL,Geometry,82,ASGL,2022-08-02-01,2022-06-14-13,-0.09582976070303917
ADEL,Geometry,82,ASGL,2022-08-02-01,2022-06-14-13,-0.09418766756934319
VB02,Geometry,82,ASGL,2022-08-02-01,2022-06-14-13,-0.13236276208349831
ADAL,Geometry,82,ASGL,2022-08-02-01,2022-06-14-13,-0.10027415848386538
I1R,Geometry,82,ASHL,2022-08-02-01,2022-06-14-13,0.0872320988289579
IL2DL,Geometry,82,ASHL,2022-08-02-01,2022-06-14-13,0.10997950881598637
I2R,Geometry,82,ASHL,2022-08-02-01,2022-06-14-13,0.09137067408437873
I3,Geometry,82,ASHL,2022-08-02-01,2022-06-14-13,0.10977664183768805
NSMR,Geometry,82,ASHL,2022-08-02-01,2022-06-14-13,0.0950537873665134
I2L,Geometry,82,ASHL,2022-08-02-01,2022-06-14-13,0.09131619006547856
MCL,Geometry,82,ASHL,2022-08-02-01,2022-06-14-13,0.09380761650062162
NSML,Geometry,82,ASHL,2022-08-02-01,2022-06-14-13,0.09527735526827853
M4,Geometry,82,ASHL,2022-08-02-01,2022-06-14-13,0.11927675143930226
M3R,Geometry,82,ASHL,2022-08-02-01,2022-06-14-13,0.11245408122741996
M3L,Geometry,82,ASHL,2022-08-02-01,2022-06-14-13,0.11197592727153899
IL2VL,Geometry,82,ASHL,2022-08-02-01,2022-06-14-13,0.1163317352429278
IL1R,Geometry,82,ASHL,2022-08-02-01,2022-06-14-13,0.15138683157512525
OLLL,Geometry,82,ASHL,2022-08-02-01,2022-06-14-13,0.16168056840304393
IL2L,Geometry,82,ASHL,2022-08-02-01,2022-06-14-13,0.15523010314351443
URBR,Geometry,82,ASHL,2022-08-02-01,2022-06-14-13,0.165923543909293
OLLR,Geometry,82,ASHL,2022-08-02-01,2022-06-14-13,0.1749395493974581
IL1DL,Geometry,82,ASHL,2022-08-02-01,2022-06-14-13,0.1793094909393384
IL1DR,Geometry,82,ASHL,2022-08-02-01,2022-06-14-13,0.18574448624233716
URYVR,Geometry,82,ASHL,2022-08-02-01,2022-06-14-13,0.16242418120322058
IL2R,Geometry,82,ASHL,2022-08-02-01,2022-06-14-13,0.1578202467543677
URYDL,Geometry,82,ASHL,2022-08-02-01,2022-06-14-13,0.182890269327376
IL1L,Geometry,82,ASHL,2022-08-02-01,2022-06-14-13,0.16299973622838795
URBL,Geometry,82,ASHL,2022-08-02-01,2022-06-14-13,0.18039412723645715
OLQDR,Geometry,82,ASHL,2022-08-02-01,2022-06-14-13,0.20870661840786175
OLQDL,Geometry,82,ASHL,2022-08-02-01,2022-06-14-13,0.20858172498527044
RMER,Geometry,82,ASHL,2022-08-02-01,2022-06-14-13,0.19642162578366346
OLQVR,Geometry,82,ASHL,2022-08-02-01,2022-06-14-13,0.18406915556563266
URYVL,Geometry,82,ASHL,2022-08-02-01,2022-06-14-13,0.1783745041434356
RMED,Geometry,82,ASHL,2022-08-02-01,2022-06-14-13,0.22985714450366893
RMEL,Geometry,82,ASHL,2022-08-02-01,2022-06-14-13,0.20847363519198905
CEPVR,Geometry,82,ASHL,2022-08-02-01,2022-06-14-13,0.1936080979701261
OLQVL,Geometry,82,ASHL,2022-08-02-01,2022-06-14-13,0.19875925039575587
CEPVL,Geometry,82,ASHL,2022-08-02-01,2022-06-14-13,0.20182212573222733
SAAVR,Geometry,82,ASHL,2022-08-02-01,2022-06-14-13,0.22575862203224503
RID,Geometry,82,ASHL,2022-08-02-01,2022-06-14-13,0.24071020033317372
SMDVR,Geometry,82,ASHL,2022-08-02-01,2022-06-14-13,0.2264347693231824
URXR,Geometry,82,ASHL,2022-08-02-01,2022-06-14-13,0.23130928360729142
RIAR,Geometry,82,ASHL,2022-08-02-01,2022-06-14-13,0.22769596248958043
AVAR,Geometry,82,ASHL,2022-08-02-01,2022-06-14-13,0.2172593687556671
SAAVL,Geometry,82,ASHL,2022-08-02-01,2022-06-14-13,0.23221635912009822
CEPDR,Geometry,82,ASHL,2022-08-02-01,2022-06-14-13,0.2288149562460604
URXL,Geometry,82,ASHL,2022-08-02-01,2022-06-14-13,0.2352912697002567
CEPDL,Geometry,82,ASHL,2022-08-02-01,2022-06-14-13,0.23392634741055443
SMDDR,Geometry,82,ASHL,2022-08-02-01,2022-06-14-13,0.18504547598304444
RMEV,Geometry,82,ASHL,2022-08-02-01,2022-06-14-13,0.18959576374063475
RIAL,Geometry,82,ASHL,2022-08-02-01,2022-06-14-13,0.2268469018530766
AVER,Geometry,82,ASHL,2022-08-02-01,2022-06-14-13,0.20455245391670385
AWAR,Geometry,82,ASHL,2022-08-02-01,2022-06-14-13,0.2044968861842797
SMDVL,Geometry,82,ASHL,2022-08-02-01,2022-06-14-13,0.22035608405975668
AVAL,Geometry,82,ASHL,2022-08-02-01,2022-06-14-13,0.20208505418870765
RMDL,Geometry,82,ASHL,2022-08-02-01,2022-06-14-13,0.183555520925503
AIBR,Geometry,82,ASHL,2022-08-02-01,2022-06-14-13,0.18153962584285274
ASGR,Geometry,82,ASHL,2022-08-02-01,2022-06-14-13,0.1822764570149136
AVL,Geometry,82,ASHL,2022-08-02-01,2022-06-14-13,0.12732036712123046
AVEL,Geometry,82,ASHL,2022-08-02-01,2022-06-14-13,0.1678751459371566
ASGL,Geometry,82,ASHL,2022-08-02-01,2022-06-14-13,0.16715167766865516
ASHL,Geometry,83,ASHL,2022-08-02-01,2022-06-14-13,0.14966939839538376
AIBL,Geometry,82,ASHL,2022-08-02-01,2022-06-14-13,0.15471366013976048
AVHL,Geometry,82,ASHL,2022-08-02-01,2022-06-14-13,0.1366474319582935
AWBL,Geometry,82,ASHL,2022-08-02-01,2022-06-14-13,0.12395927671585459
RIVL,Geometry,82,ASHL,2022-08-02-01,2022-06-14-13,0.14588309885102227
AWCL,Geometry,82,ASHL,2022-08-02-01,2022-06-14-13,0.1094534871007862
SMDDL,Geometry,82,ASHL,2022-08-02-01,2022-06-14-13,0.08113275577965058
AVJR,Geometry,82,ASHL,2022-08-02-01,2022-06-14-13,0.11292069372675963
AIZL,Geometry,82,ASHL,2022-08-02-01,2022-06-14-13,0.11882918748199559
RIBL,Geometry,82,ASHL,2022-08-02-01,2022-06-14-13,0.09145654826486585
ASEL,Geometry,82,ASHL,2022-08-02-01,2022-06-14-13,0.09374407139649397
AVDR,Geometry,82,ASHL,2022-08-02-01,2022-06-14-13,0.09782903914363865
AVDL,Geometry,82,ASHL,2022-08-02-01,2022-06-14-13,0.09205459374963958
AVJL,Geometry,82,ASHL,2022-08-02-01,2022-06-14-13,0.11175122032310139
RIVR,Geometry,82,ASHL,2022-08-02-01,2022-06-14-13,0.08576548534894735
AIZR,Geometry,82,ASHL,2022-08-02-01,2022-06-14-13,0.06241882291388586
AUAR,Geometry,82,ASHL,2022-08-02-01,2022-06-14-13,0.007785538295734601
AUAL,Geometry,82,ASHL,2022-08-02-01,2022-06-14-13,0.023941640176679952
RICR,Geometry,82,ASHL,2022-08-02-01,2022-06-14-13,0.03027923507162972
RICL,Geometry,82,ASHL,2022-08-02-01,2022-06-14-13,-0.014099565561480166
M5,Geometry,82,ASHL,2022-08-02-01,2022-06-14-13,-0.02844572084729275
AIML,Geometry,82,ASHL,2022-08-02-01,2022-06-14-13,0.8307238834688505
AIMR,Geometry,82,ASHL,2022-08-02-01,2022-06-14-13,-0.09076116973110003
FLPL,Geometry,82,ASHL,2022-08-02-01,2022-06-14-13,-0.08111311434039488
ADEL,Geometry,82,ASHL,2022-08-02-01,2022-06-14-13,-0.07913662113152596
VB02,Geometry,82,ASHL,2022-08-02-01,2022-06-14-13,-0.11631093142459252
ADAL,Geometry,82,ASHL,2022-08-02-01,2022-06-14-13,-0.08485718852054308
I1R,Geometry,82,AIBL,2022-08-02-01,2022-06-14-13,0.10348297881052951
IL2DL,Geometry,82,AIBL,2022-08-02-01,2022-06-14-13,0.12584439099340247
I2R,Geometry,82,AIBL,2022-08-02-01,2022-06-14-13,0.10798849852776848
I3,Geometry,82,AIBL,2022-08-02-01,2022-06-14-13,0.12588403554556704
NSMR,Geometry,82,AIBL,2022-08-02-01,2022-06-14-13,0.1117582166290245
I2L,Geometry,82,AIBL,2022-08-02-01,2022-06-14-13,0.10791798419893366
MCL,Geometry,82,AIBL,2022-08-02-01,2022-06-14-13,0.11036465378747334
NSML,Geometry,82,AIBL,2022-08-02-01,2022-06-14-13,0.11204135219267261
M4,Geometry,82,AIBL,2022-08-02-01,2022-06-14-13,0.13577040634736642
M3R,Geometry,82,AIBL,2022-08-02-01,2022-06-14-13,0.12952524202025106
M3L,Geometry,82,AIBL,2022-08-02-01,2022-06-14-13,0.12912423983917748
IL2VL,Geometry,82,AIBL,2022-08-02-01,2022-06-14-13,0.1341596874582145
IL1R,Geometry,82,AIBL,2022-08-02-01,2022-06-14-13,0.16813204749019187
OLLL,Geometry,82,AIBL,2022-08-02-01,2022-06-14-13,0.17782636399393018
IL2L,Geometry,82,AIBL,2022-08-02-01,2022-06-14-13,0.17178128493890715
URBR,Geometry,82,AIBL,2022-08-02-01,2022-06-14-13,0.1820861175160462
OLLR,Geometry,82,AIBL,2022-08-02-01,2022-06-14-13,0.1904521623675963
IL1DL,Geometry,82,AIBL,2022-08-02-01,2022-06-14-13,0.1944541063910888
IL1DR,Geometry,82,AIBL,2022-08-02-01,2022-06-14-13,0.20056362669027894
URYVR,Geometry,82,AIBL,2022-08-02-01,2022-06-14-13,0.17932906371639695
IL2R,Geometry,82,AIBL,2022-08-02-01,2022-06-14-13,0.1752702098848519
URYDL,Geometry,82,AIBL,2022-08-02-01,2022-06-14-13,0.19795590104658686
IL1L,Geometry,82,AIBL,2022-08-02-01,2022-06-14-13,0.17966430857183333
URBL,Geometry,82,AIBL,2022-08-02-01,2022-06-14-13,0.19606002087503271
OLQDR,Geometry,82,AIBL,2022-08-02-01,2022-06-14-13,0.22175780432188116
OLQDL,Geometry,82,AIBL,2022-08-02-01,2022-06-14-13,0.22182509006059287
RMER,Geometry,82,AIBL,2022-08-02-01,2022-06-14-13,0.2109246209990743
OLQVR,Geometry,82,AIBL,2022-08-02-01,2022-06-14-13,0.19995608865783646
URYVL,Geometry,82,AIBL,2022-08-02-01,2022-06-14-13,0.19485193224116015
RMED,Geometry,82,AIBL,2022-08-02-01,2022-06-14-13,0.2400793040420201
RMEL,Geometry,82,AIBL,2022-08-02-01,2022-06-14-13,0.2220407115148505
CEPVR,Geometry,82,AIBL,2022-08-02-01,2022-06-14-13,0.20859835838649393
OLQVL,Geometry,82,AIBL,2022-08-02-01,2022-06-14-13,0.21350999844089544
CEPVL,Geometry,82,AIBL,2022-08-02-01,2022-06-14-13,0.214606776463811
SAAVR,Geometry,82,AIBL,2022-08-02-01,2022-06-14-13,0.2339720630892614
RID,Geometry,82,AIBL,2022-08-02-01,2022-06-14-13,0.245620419123235
SMDVR,Geometry,82,AIBL,2022-08-02-01,2022-06-14-13,0.23140888126131892
URXR,Geometry,82,AIBL,2022-08-02-01,2022-06-14-13,0.23531083029850494
RIAR,Geometry,82,AIBL,2022-08-02-01,2022-06-14-13,0.2329962300120282
AVAR,Geometry,82,AIBL,2022-08-02-01,2022-06-14-13,0.22388296897843693
SAAVL,Geometry,82,AIBL,2022-08-02-01,2022-06-14-13,0.237906582353723
CEPDR,Geometry,82,AIBL,2022-08-02-01,2022-06-14-13,0.23183085865426162
URXL,Geometry,82,AIBL,2022-08-02-01,2022-06-14-13,0.23836260378848603
CEPDL,Geometry,82,AIBL,2022-08-02-01,2022-06-14-13,0.23570420210057022
SMDDR,Geometry,82,AIBL,2022-08-02-01,2022-06-14-13,0.19361838944307153
RMEV,Geometry,82,AIBL,2022-08-02-01,2022-06-14-13,0.19747735785002696
RIAL,Geometry,82,AIBL,2022-08-02-01,2022-06-14-13,0.22962115989849335
AVER,Geometry,82,AIBL,2022-08-02-01,2022-06-14-13,0.20906600310993695
AWAR,Geometry,82,AIBL,2022-08-02-01,2022-06-14-13,0.2049901910090119
SMDVL,Geometry,82,AIBL,2022-08-02-01,2022-06-14-13,0.21922927771020698
AVAL,Geometry,82,AIBL,2022-08-02-01,2022-06-14-13,0.20378981236468108
RMDL,Geometry,82,AIBL,2022-08-02-01,2022-06-14-13,0.18446976337403362
AIBR,Geometry,82,AIBL,2022-08-02-01,2022-06-14-13,0.1816023588423627
ASGR,Geometry,82,AIBL,2022-08-02-01,2022-06-14-13,0.17964113131240617
AVL,Geometry,82,AIBL,2022-08-02-01,2022-06-14-13,0.1288280190045471
AVEL,Geometry,82,AIBL,2022-08-02-01,2022-06-14-13,0.16587812804462132
ASGL,Geometry,82,AIBL,2022-08-02-01,2022-06-14-13,0.16195519850806392
ASHL,Geometry,82,AIBL,2022-08-02-01,2022-06-14-13,0.1409095271746072
AIBL,Geometry,83,AIBL,2022-08-02-01,2022-06-14-13,0.14985491309226
AVHL,Geometry,82,AIBL,2022-08-02-01,2022-06-14-13,0.1298132935177534
AWBL,Geometry,82,AIBL,2022-08-02-01,2022-06-14-13,0.11807497974547998
RIVL,Geometry,82,AIBL,2022-08-02-01,2022-06-14-13,0.1375359533414111
AWCL,Geometry,82,AIBL,2022-08-02-01,2022-06-14-13,0.10374332298810808
SMDDL,Geometry,82,AIBL,2022-08-02-01,2022-06-14-13,0.07614226249569607
AVJR,Geometry,82,AIBL,2022-08-02-01,2022-06-14-13,0.10428924097290283
AIZL,Geometry,82,AIBL,2022-08-02-01,2022-06-14-13,0.11019205750454619
RIBL,Geometry,82,AIBL,2022-08-02-01,2022-06-14-13,0.0840118788237837
ASEL,Geometry,82,AIBL,2022-08-02-01,2022-06-14-13,0.08632909680867472
AVDR,Geometry,82,AIBL,2022-08-02-01,2022-06-14-13,0.08908294672473684
AVDL,Geometry,82,AIBL,2022-08-02-01,2022-06-14-13,0.08343913483632855
AVJL,Geometry,82,AIBL,2022-08-02-01,2022-06-14-13,0.10113309076192396
RIVR,Geometry,82,AIBL,2022-08-02-01,2022-06-14-13,0.07464281675623032
AIZR,Geometry,82,AIBL,2022-08-02-01,2022-06-14-13,0.05232131977013376
AUAR,Geometry,82,AIBL,2022-08-02-01,2022-06-14-13,-0.0010859720599666858
AUAL,Geometry,82,AIBL,2022-08-02-01,2022-06-14-13,0.015008069944333765
RICR,Geometry,82,AIBL,2022-08-02-01,2022-06-14-13,0.01950221557567668
RICL,Geometry,82,AIBL,2022-08-02-01,2022-06-14-13,-0.02523692767459732
M5,Geometry,82,AIBL,2022-08-02-01,2022-06-14-13,-0.043005501541028224
AIML,Geometry,82,AIBL,2022-08-02-01,2022-06-14-13,0.7789804776960332
AIMR,Geometry,82,AIBL,2022-08-02-01,2022-06-14-13,-0.10336031479985663
FLPL,Geometry,82,AIBL,2022-08-02-01,2022-06-14-13,-0.09534440362142486
ADEL,Geometry,82,AIBL,2022-08-02-01,2022-06-14-13,-0.09390575069394536
VB02,Geometry,82,AIBL,2022-08-02-01,2022-06-14-13,-0.13021962781712204
ADAL,Geometry,82,AIBL,2022-08-02-01,2022-06-14-13,-0.09953214233905662
I1R,Geometry,82,AVHL,2022-08-02-01,2022-06-14-13,0.09330580955273374
IL2DL,Geometry,82,AVHL,2022-08-02-01,2022-06-14-13,0.1178794091794008
I2R,Geometry,82,AVHL,2022-08-02-01,2022-06-14-13,0.09717408198048055
I3,Geometry,82,AVHL,2022-08-02-01,2022-06-14-13,0.11726948704581588
NSMR,Geometry,82,AVHL,2022-08-02-01,2022-06-14-13,0.10098191374849846
I2L,Geometry,82,AVHL,2022-08-02-01,2022-06-14-13,0.09773811868009305
MCL,Geometry,82,AVHL,2022-08-02-01,2022-06-14-13,0.1002790970788547
NSML,Geometry,82,AVHL,2022-08-02-01,2022-06-14-13,0.1017229356475395
M4,Geometry,82,AVHL,2022-08-02-01,2022-06-14-13,0.1265906461312027
M3R,Geometry,82,AVHL,2022-08-02-01,2022-06-14-13,0.11878866607739574
M3L,Geometry,82,AVHL,2022-08-02-01,2022-06-14-13,0.11873906063369066
IL2VL,Geometry,82,AVHL,2022-08-02-01,2022-06-14-13,0.12241503050462588
IL1R,Geometry,82,AVHL,2022-08-02-01,2022-06-14-13,0.15801592814344606
OLLL,Geometry,82,AVHL,2022-08-02-01,2022-06-14-13,0.17034765907972804
IL2L,Geometry,82,AVHL,2022-08-02-01,2022-06-14-13,0.16349788624844944
URBR,Geometry,82,AVHL,2022-08-02-01,2022-06-14-13,0.172832115627013
OLLR,Geometry,82,AVHL,2022-08-02-01,2022-06-14-13,0.18259387635695717
IL1DL,Geometry,82,AVHL,2022-08-02-01,2022-06-14-13,0.18864886434024844
IL1DR,Geometry,82,AVHL,2022-08-02-01,2022-06-14-13,0.19440925512766047
URYVR,Geometry,82,AVHL,2022-08-02-01,2022-06-14-13,0.1682346341449387
IL2R,Geometry,82,AVHL,2022-08-02-01,2022-06-14-13,0.16252433740878136
URYDL,Geometry,82,AVHL,2022-08-02-01,2022-06-14-13,0.1922528045372571
IL1L,Geometry,82,AVHL,2022-08-02-01,2022-06-14-13,0.170657621110311
URBL,Geometry,82,AVHL,2022-08-02-01,2022-06-14-13,0.18887142533452855
OLQDR,Geometry,82,AVHL,2022-08-02-01,2022-06-14-13,0.21744151189550393
OLQDL,Geometry,82,AVHL,2022-08-02-01,2022-06-14-13,0.21824311194536813
RMER,Geometry,82,AVHL,2022-08-02-01,2022-06-14-13,0.2027305761859585
OLQVR,Geometry,82,AVHL,2022-08-02-01,2022-06-14-13,0.18915745364729286
URYVL,Geometry,82,AVHL,2022-08-02-01,2022-06-14-13,0.18478472785852795
RMED,Geometry,82,AVHL,2022-08-02-01,2022-06-14-13,0.23901942764744422
RMEL,Geometry,82,AVHL,2022-08-02-01,2022-06-14-13,0.21575364343701797
CEPVR,Geometry,82,AVHL,2022-08-02-01,2022-06-14-13,0.19688265244657713
OLQVL,Geometry,82,AVHL,2022-08-02-01,2022-06-14-13,0.20387424108792312
CEPVL,Geometry,82,AVHL,2022-08-02-01,2022-06-14-13,0.20431759506434125
SAAVR,Geometry,82,AVHL,2022-08-02-01,2022-06-14-13,0.23012642788430449
RID,Geometry,82,AVHL,2022-08-02-01,2022-06-14-13,0.24915755512800938
SMDVR,Geometry,82,AVHL,2022-08-02-01,2022-06-14-13,0.23107804457868444
URXR,Geometry,82,AVHL,2022-08-02-01,2022-06-14-13,0.23718952751622593
RIAR,Geometry,82,AVHL,2022-08-02-01,2022-06-14-13,0.2324299848576159
AVAR,Geometry,82,AVHL,2022-08-02-01,2022-06-14-13,0.21958887849600248
SAAVL,Geometry,82,AVHL,2022-08-02-01,2022-06-14-13,0.23903341824432486
CEPDR,Geometry,82,AVHL,2022-08-02-01,2022-06-14-13,0.234067024484552
URXL,Geometry,82,AVHL,2022-08-02-01,2022-06-14-13,0.2425870125997078
CEPDL,Geometry,82,AVHL,2022-08-02-01,2022-06-14-13,0.24141517133681178
SMDDR,Geometry,82,AVHL,2022-08-02-01,2022-06-14-13,0.18343582117977966
RMEV,Geometry,82,AVHL,2022-08-02-01,2022-06-14-13,0.1886232738616093
RIAL,Geometry,82,AVHL,2022-08-02-01,2022-06-14-13,0.2327042234836758
AVER,Geometry,82,AVHL,2022-08-02-01,2022-06-14-13,0.2047039761574974
AWAR,Geometry,82,AVHL,2022-08-02-01,2022-06-14-13,0.206353645318351
SMDVL,Geometry,82,AVHL,2022-08-02-01,2022-06-14-13,0.22655686555212362
AVAL,Geometry,82,AVHL,2022-08-02-01,2022-06-14-13,0.20456863516603216
RMDL,Geometry,82,AVHL,2022-08-02-01,2022-06-14-13,0.18433392734188783
AIBR,Geometry,82,AVHL,2022-08-02-01,2022-06-14-13,0.18038497239235118
ASGR,Geometry,82,AVHL,2022-08-02-01,2022-06-14-13,0.18223075757843352
AVL,Geometry,82,AVHL,2022-08-02-01,2022-06-14-13,0.1217212737381931
AVEL,Geometry,82,AVHL,2022-08-02-01,2022-06-14-13,0.1677981615217755
ASGL,Geometry,82,AVHL,2022-08-02-01,2022-06-14-13,0.16836914751343557
ASHL,Geometry,82,AVHL,2022-08-02-01,2022-06-14-13,0.14689606019618048
AIBL,Geometry,82,AVHL,2022-08-02-01,2022-06-14-13,0.15733117812396955
AVHL,Geometry,83,AVHL,2022-08-02-01,2022-06-14-13,0.13969825712220713
AWBL,Geometry,82,AVHL,2022-08-02-01,2022-06-14-13,0.12194342207953483
RIVL,Geometry,82,AVHL,2022-08-02-01,2022-06-14-13,0.14658007373613027
AWCL,Geometry,82,AVHL,2022-08-02-01,2022-06-14-13,0.10830236551040519
SMDDL,Geometry,82,AVHL,2022-08-02-01,2022-06-14-13,0.07641945666160459
AVJR,Geometry,82,AVHL,2022-08-02-01,2022-06-14-13,0.10961618962832341
AIZL,Geometry,82,AVHL,2022-08-02-01,2022-06-14-13,0.11869826867333669
RIBL,Geometry,82,AVHL,2022-08-02-01,2022-06-14-13,0.08814296201053452
ASEL,Geometry,82,AVHL,2022-08-02-01,2022-06-14-13,0.09137368331837721
AVDR,Geometry,82,AVHL,2022-08-02-01,2022-06-14-13,0.09365934026967199
AVDL,Geometry,82,AVHL,2022-08-02-01,2022-06-14-13,0.08904746350361015
AVJL,Geometry,82,AVHL,2022-08-02-01,2022-06-14-13,0.11154178368318887
RIVR,Geometry,82,AVHL,2022-08-02-01,2022-06-14-13,0.08166985095297163
AIZR,Geometry,82,AVHL,2022-08-02-01,2022-06-14-13,0.05743970204608338
AUAR,Geometry,82,AVHL,2022-08-02-01,2022-06-14-13,0.0013592643767019283
AUAL,Geometry,82,AVHL,2022-08-02-01,2022-06-14-13,0.0199427116326799
RICR,Geometry,82,AVHL,2022-08-02-01,2022-06-14-13,0.024032015120322922
RICL,Geometry,82,AVHL,2022-08-02-01,2022-06-14-13,-0.019316534227762697
M5,Geometry,82,AVHL,2022-08-02-01,2022-06-14-13,-0.0339643311772459
AIML,Geometry,82,AVHL,2022-08-02-01,2022-06-14-13,0.7732193848582213
AIMR,Geometry,82,AVHL,2022-08-02-01,2022-06-14-13,-0.09891669302321883
FLPL,Geometry,82,AVHL,2022-08-02-01,2022-06-14-13,-0.0870539170092319
ADEL,Geometry,82,AVHL,2022-08-02-01,2022-06-14-13,-0.08516151614589473
VB02,Geometry,82,AVHL,2022-08-02-01,2022-06-14-13,-0.12380108108562576
ADAL,Geometry,82,AVHL,2022-08-02-01,2022-06-14-13,-0.0912192705893178
I1R,Geometry,82,AWBL,2022-08-02-01,2022-06-14-13,0.11026848715941244
IL2DL,Geometry,82,AWBL,2022-08-02-01,2022-06-14-13,0.13481871914570248
I2R,Geometry,82,AWBL,2022-08-02-01,2022-06-14-13,0.11442001467604025
I3,Geometry,82,AWBL,2022-08-02-01,2022-06-14-13,0.13435715722658814
NSMR,Geometry,82,AWBL,2022-08-02-01,2022-06-14-13,0.11830315282734692
I2L,Geometry,82,AWBL,2022-08-02-01,2022-06-14-13,0.11477763240670162
MCL,Geometry,82,AWBL,2022-08-02-01,2022-06-14-13,0.11739794387337742
NSML,Geometry,82,AWBL,2022-08-02-01,2022-06-14-13,0.11887857196596203
M4,Geometry,82,AWBL,2022-08-02-01,2022-06-14-13,0.14401391469896613
M3R,Geometry,82,AWBL,2022-08-02-01,2022-06-14-13,0.13634024264964525
M3L,Geometry,82,AWBL,2022-08-02-01,2022-06-14-13,0.13613422045919296
IL2VL,Geometry,82,AWBL,2022-08-02-01,2022-06-14-13,0.1399556105066637
IL1R,Geometry,82,AWBL,2022-08-02-01,2022-06-14-13,0.17515840315006473
OLLL,Geometry,82,AWBL,2022-08-02-01,2022-06-14-13,0.18683229383855615
IL2L,Geometry,82,AWBL,2022-08-02-01,2022-06-14-13,0.18014518504530955
URBR,Geometry,82,AWBL,2022-08-02-01,2022-06-14-13,0.1894090780270274
OLLR,Geometry,82,AWBL,2022-08-02-01,2022-06-14-13,0.1987445502245084
IL1DL,Geometry,82,AWBL,2022-08-02-01,2022-06-14-13,0.20445219030947412
IL1DR,Geometry,82,AWBL,2022-08-02-01,2022-06-14-13,0.21001009572035426
URYVR,Geometry,82,AWBL,2022-08-02-01,2022-06-14-13,0.1850556253864839
IL2R,Geometry,82,AWBL,2022-08-02-01,2022-06-14-13,0.17961491249569747
URYDL,Geometry,82,AWBL,2022-08-02-01,2022-06-14-13,0.20777282710704167
IL1L,Geometry,82,AWBL,2022-08-02-01,2022-06-14-13,0.1870471123384288
URBL,Geometry,82,AWBL,2022-08-02-01,2022-06-14-13,0.2043748314512673
OLQDR,Geometry,82,AWBL,2022-08-02-01,2022-06-14-13,0.23133552988413314
OLQDL,Geometry,82,AWBL,2022-08-02-01,2022-06-14-13,0.2321430575309907
RMER,Geometry,82,AWBL,2022-08-02-01,2022-06-14-13,0.21748156015299647
OLQVR,Geometry,82,AWBL,2022-08-02-01,2022-06-14-13,0.20457941677018818
URYVL,Geometry,82,AWBL,2022-08-02-01,2022-06-14-13,0.20045077093859184
RMED,Geometry,82,AWBL,2022-08-02-01,2022-06-14-13,0.2501522429854653
RMEL,Geometry,82,AWBL,2022-08-02-01,2022-06-14-13,0.22885834075265457
CEPVR,Geometry,82,AWBL,2022-08-02-01,2022-06-14-13,0.21084602631572782
OLQVL,Geometry,82,AWBL,2022-08-02-01,2022-06-14-13,0.21746543528858886
CEPVL,Geometry,82,AWBL,2022-08-02-01,2022-06-14-13,0.21559085768115777
SAAVR,Geometry,82,AWBL,2022-08-02-01,2022-06-14-13,0.23829932150724484
RID,Geometry,82,AWBL,2022-08-02-01,2022-06-14-13,0.2548247832175932
SMDVR,Geometry,82,AWBL,2022-08-02-01,2022-06-14-13,0.23633188732190166
URXR,Geometry,82,AWBL,2022-08-02-01,2022-06-14-13,0.24159025386810268
RIAR,Geometry,82,AWBL,2022-08-02-01,2022-06-14-13,0.237741495486288
AVAR,Geometry,82,AWBL,2022-08-02-01,2022-06-14-13,0.22584640713193066
SAAVL,Geometry,82,AWBL,2022-08-02-01,2022-06-14-13,0.2447761824816808
CEPDR,Geometry,82,AWBL,2022-08-02-01,2022-06-14-13,0.23761885188876683
URXL,Geometry,82,AWBL,2022-08-02-01,2022-06-14-13,0.24603693600207077
CEPDL,Geometry,82,AWBL,2022-08-02-01,2022-06-14-13,0.24372731281185162
SMDDR,Geometry,82,AWBL,2022-08-02-01,2022-06-14-13,0.19054131342461691
RMEV,Geometry,82,AWBL,2022-08-02-01,2022-06-14-13,0.1950499502121145
RIAL,Geometry,82,AWBL,2022-08-02-01,2022-06-14-13,0.2355989725529552
AVER,Geometry,82,AWBL,2022-08-02-01,2022-06-14-13,0.2085016734964644
AWAR,Geometry,82,AWBL,2022-08-02-01,2022-06-14-13,0.20666516467592613
SMDVL,Geometry,82,AWBL,2022-08-02-01,2022-06-14-13,0.22589571919135673
AVAL,Geometry,82,AWBL,2022-08-02-01,2022-06-14-13,0.20590324969056914
RMDL,Geometry,82,AWBL,2022-08-02-01,2022-06-14-13,0.18462342410880672
AIBR,Geometry,82,AWBL,2022-08-02-01,2022-06-14-13,0.1797852352334095
ASGR,Geometry,82,AWBL,2022-08-02-01,2022-06-14-13,0.17944131566327426
AVL,Geometry,82,AWBL,2022-08-02-01,2022-06-14-13,0.12119355820820114
AVEL,Geometry,82,AWBL,2022-08-02-01,2022-06-14-13,0.16511073537470994
ASGL,Geometry,82,AWBL,2022-08-02-01,2022-06-14-13,0.1630259630477459
ASHL,Geometry,82,AWBL,2022-08-02-01,2022-06-14-13,0.14108804591918944
AIBL,Geometry,82,AWBL,2022-08-02-01,2022-06-14-13,0.1486328828912558
AVHL,Geometry,82,AWBL,2022-08-02-01,2022-06-14-13,0.12842624576721276
AWBL,Geometry,83,AWBL,2022-08-02-01,2022-06-14-13,0.11880494450306359
RIVL,Geometry,82,AWBL,2022-08-02-01,2022-06-14-13,0.1388381144318932
AWCL,Geometry,82,AWBL,2022-08-02-01,2022-06-14-13,0.10058413231156386
SMDDL,Geometry,82,AWBL,2022-08-02-01,2022-06-14-13,0.0693987694062137
AVJR,Geometry,82,AWBL,2022-08-02-01,2022-06-14-13,0.10112928639013101
AIZL,Geometry,82,AWBL,2022-08-02-01,2022-06-14-13,0.10975289032191293
RIBL,Geometry,82,AWBL,2022-08-02-01,2022-06-14-13,0.07883572760434322
ASEL,Geometry,82,AWBL,2022-08-02-01,2022-06-14-13,0.0820813459887755
AVDR,Geometry,82,AWBL,2022-08-02-01,2022-06-14-13,0.0848545395787751
AVDL,Geometry,82,AWBL,2022-08-02-01,2022-06-14-13,0.07965998342268533
AVJL,Geometry,82,AWBL,2022-08-02-01,2022-06-14-13,0.1012401688371089
RIVR,Geometry,82,AWBL,2022-08-02-01,2022-06-14-13,0.07117383839958866
AIZR,Geometry,82,AWBL,2022-08-02-01,2022-06-14-13,0.046994835039810307
AUAR,Geometry,82,AWBL,2022-08-02-01,2022-06-14-13,-0.00973966180159757
AUAL,Geometry,82,AWBL,2022-08-02-01,2022-06-14-13,0.008112874769656187
RICR,Geometry,82,AWBL,2022-08-02-01,2022-06-14-13,0.012704218778868905
RICL,Geometry,82,AWBL,2022-08-02-01,2022-06-14-13,-0.03245378559356754
M5,Geometry,82,AWBL,2022-08-02-01,2022-06-14-13,-0.048816312833054785
AIML,Geometry,82,AWBL,2022-08-02-01,2022-06-14-13,0.7057457161051084
AIMR,Geometry,82,AWBL,2022-08-02-01,2022-06-14-13,-0.1131893409972332
FLPL,Geometry,82,AWBL,2022-08-02-01,2022-06-14-13,-0.10278656479727748
ADEL,Geometry,82,AWBL,2022-08-02-01,2022-06-14-13,-0.10118825906021683
VB02,Geometry,82,AWBL,2022-08-02-01,2022-06-14-13,-0.13954124269168028
ADAL,Geometry,82,AWBL,2022-08-02-01,2022-06-14-13,-0.10722681778489339
I1R,Geometry,82,RIVL,2022-08-02-01,2022-06-14-13,0.0747241365828423
IL2DL,Geometry,82,RIVL,2022-08-02-01,2022-06-14-13,0.09839057414379435
I2R,Geometry,82,RIVL,2022-08-02-01,2022-06-14-13,0.07839371999261426
I3,Geometry,82,RIVL,2022-08-02-01,2022-06-14-13,0.09784132321370226
NSMR,Geometry,82,RIVL,2022-08-02-01,2022-06-14-13,0.08207111091982218
I2L,Geometry,82,RIVL,2022-08-02-01,2022-06-14-13,0.07905469924136337
MCL,Geometry,82,RIVL,2022-08-02-01,2022-06-14-13,0.08144573501974602
NSML,Geometry,82,RIVL,2022-08-02-01,2022-06-14-13,0.08291732336761592
M4,Geometry,82,RIVL,2022-08-02-01,2022-06-14-13,0.10693058447641181
M3R,Geometry,82,RIVL,2022-08-02-01,2022-06-14-13,0.09945348969704476
M3L,Geometry,82,RIVL,2022-08-02-01,2022-06-14-13,0.09956175277799663
IL2VL,Geometry,82,RIVL,2022-08-02-01,2022-06-14-13,0.10346085637058942
IL1R,Geometry,82,RIVL,2022-08-02-01,2022-06-14-13,0.13868988738409985
OLLL,Geometry,82,RIVL,2022-08-02-01,2022-06-14-13,0.150991530370156
IL2L,Geometry,82,RIVL,2022-08-02-01,2022-06-14-13,0.14428450665758136
URBR,Geometry,82,RIVL,2022-08-02-01,2022-06-14-13,0.15379117037584408
OLLR,Geometry,82,RIVL,2022-08-02-01,2022-06-14-13,0.16352846074395114
IL1DL,Geometry,82,RIVL,2022-08-02-01,2022-06-14-13,0.16939166838060113
IL1DR,Geometry,82,RIVL,2022-08-02-01,2022-06-14-13,0.17538736803646227
URYVR,Geometry,82,RIVL,2022-08-02-01,2022-06-14-13,0.14960325402040192
IL2R,Geometry,82,RIVL,2022-08-02-01,2022-06-14-13,0.14419217435770998
URYDL,Geometry,82,RIVL,2022-08-02-01,2022-06-14-13,0.17331026138446134
IL1L,Geometry,82,RIVL,2022-08-02-01,2022-06-14-13,0.15197436655675892
URBL,Geometry,82,RIVL,2022-08-02-01,2022-06-14-13,0.1705533614436576
OLQDR,Geometry,82,RIVL,2022-08-02-01,2022-06-14-13,0.19969273532187565
OLQDL,Geometry,82,RIVL,2022-08-02-01,2022-06-14-13,0.20033411514403618
RMER,Geometry,82,RIVL,2022-08-02-01,2022-06-14-13,0.18535734927262287
OLQVR,Geometry,82,RIVL,2022-08-02-01,2022-06-14-13,0.17198349485552267
URYVL,Geometry,82,RIVL,2022-08-02-01,2022-06-14-13,0.16726969212468254
RMED,Geometry,82,RIVL,2022-08-02-01,2022-06-14-13,0.22335046112704054
RMEL,Geometry,82,RIVL,2022-08-02-01,2022-06-14-13,0.19999377966818754
CEPVR,Geometry,82,RIVL,2022-08-02-01,2022-06-14-13,0.18187779850933816
OLQVL,Geometry,82,RIVL,2022-08-02-01,2022-06-14-13,0.18868230536677982
CEPVL,Geometry,82,RIVL,2022-08-02-01,2022-06-14-13,0.19221518229383783
SAAVR,Geometry,82,RIVL,2022-08-02-01,2022-06-14-13,0.21909602970822722
RID,Geometry,82,RIVL,2022-08-02-01,2022-06-14-13,0.2384888333625349
SMDVR,Geometry,82,RIVL,2022-08-02-01,2022-06-14-13,0.22231617276096302
URXR,Geometry,82,RIVL,2022-08-02-01,2022-06-14-13,0.22869268575354823
RIAR,Geometry,82,RIVL,2022-08-02-01,2022-06-14-13,0.22375835579541223
AVAR,Geometry,82,RIVL,2022-08-02-01,2022-06-14-13,0.2111853114449407
SAAVL,Geometry,82,RIVL,2022-08-02-01,2022-06-14-13,0.22952227968282435
CEPDR,Geometry,82,RIVL,2022-08-02-01,2022-06-14-13,0.22645768858063667
URXL,Geometry,82,RIVL,2022-08-02-01,2022-06-14-13,0.23457304793475178
CEPDL,Geometry,82,RIVL,2022-08-02-01,2022-06-14-13,0.2344482386441126
SMDDR,Geometry,82,RIVL,2022-08-02-01,2022-06-14-13,0.17662021024644223
RMEV,Geometry,82,RIVL,2022-08-02-01,2022-06-14-13,0.1822624599140976
RIAL,Geometry,82,RIVL,2022-08-02-01,2022-06-14-13,0.22609140966351737
AVER,Geometry,82,RIVL,2022-08-02-01,2022-06-14-13,0.19960510915505145
AWAR,Geometry,82,RIVL,2022-08-02-01,2022-06-14-13,0.20336251555092116
SMDVL,Geometry,82,RIVL,2022-08-02-01,2022-06-14-13,0.22299108243179744
AVAL,Geometry,82,RIVL,2022-08-02-01,2022-06-14-13,0.2011135078178888
RMDL,Geometry,82,RIVL,2022-08-02-01,2022-06-14-13,0.1828295849145689
AIBR,Geometry,82,RIVL,2022-08-02-01,2022-06-14-13,0.1798407127774903
ASGR,Geometry,82,RIVL,2022-08-02-01,2022-06-14-13,0.1829845302873417
AVL,Geometry,82,RIVL,2022-08-02-01,2022-06-14-13,0.12369381053548818
AVEL,Geometry,82,RIVL,2022-08-02-01,2022-06-14-13,0.1693474752679062
ASGL,Geometry,82,RIVL,2022-08-02-01,2022-06-14-13,0.17183938581867483
ASHL,Geometry,82,RIVL,2022-08-02-01,2022-06-14-13,0.15117388573693472
AIBL,Geometry,82,RIVL,2022-08-02-01,2022-06-14-13,0.1626802370681102
AVHL,Geometry,82,RIVL,2022-08-02-01,2022-06-14-13,0.1417696337531243
AWBL,Geometry,82,RIVL,2022-08-02-01,2022-06-14-13,0.1289719393927117
RIVL,Geometry,83,RIVL,2022-08-02-01,2022-06-14-13,0.15663682151196331
AWCL,Geometry,82,RIVL,2022-08-02-01,2022-06-14-13,0.11547063187987426
SMDDL,Geometry,82,RIVL,2022-08-02-01,2022-06-14-13,0.0843308398238034
AVJR,Geometry,82,RIVL,2022-08-02-01,2022-06-14-13,0.11723861984353715
AIZL,Geometry,82,RIVL,2022-08-02-01,2022-06-14-13,0.12593714618986906
RIBL,Geometry,82,RIVL,2022-08-02-01,2022-06-14-13,0.09744605387774327
ASEL,Geometry,82,RIVL,2022-08-02-01,2022-06-14-13,0.10060474038584213
AVDR,Geometry,82,RIVL,2022-08-02-01,2022-06-14-13,0.10206684715088725
AVDL,Geometry,82,RIVL,2022-08-02-01,2022-06-14-13,0.0987150268452115
AVJL,Geometry,82,RIVL,2022-08-02-01,2022-06-14-13,0.11972812840816548
RIVR,Geometry,82,RIVL,2022-08-02-01,2022-06-14-13,0.09166185959079493
AIZR,Geometry,82,RIVL,2022-08-02-01,2022-06-14-13,0.06801065213162226
AUAR,Geometry,82,RIVL,2022-08-02-01,2022-06-14-13,0.014148202685473977
AUAL,Geometry,82,RIVL,2022-08-02-01,2022-06-14-13,0.032595721342793135
RICR,Geometry,82,RIVL,2022-08-02-01,2022-06-14-13,0.03616416387902356
RICL,Geometry,82,RIVL,2022-08-02-01,2022-06-14-13,-0.005158925358947428
M5,Geometry,82,RIVL,2022-08-02-01,2022-06-14-13,-0.018312677992826404
AIML,Geometry,82,RIVL,2022-08-02-01,2022-06-14-13,0.8474660598438554
AIMR,Geometry,82,RIVL,2022-08-02-01,2022-06-14-13,-0.08232649936516498
FLPL,Geometry,82,RIVL,2022-08-02-01,2022-06-14-13,-0.06976524064701002
ADEL,Geometry,82,RIVL,2022-08-02-01,2022-06-14-13,-0.06751007591686961
VB02,Geometry,82,RIVL,2022-08-02-01,2022-06-14-13,-0.1055778579733353
ADAL,Geometry,82,RIVL,2022-08-02-01,2022-06-14-13,-0.07339373105509649
I1R,Geometry,82,AWCL,2022-08-02-01,2022-06-14-13,0.10508857552962339
IL2DL,Geometry,82,AWCL,2022-08-02-01,2022-06-14-13,0.12781129664378502
I2R,Geometry,82,AWCL,2022-08-02-01,2022-06-14-13,0.1092388104374114
I3,Geometry,82,AWCL,2022-08-02-01,2022-06-14-13,0.12763735149730426
NSMR,Geometry,82,AWCL,2022-08-02-01,2022-06-14-13,0.11295110279828828
I2L,Geometry,82,AWCL,2022-08-02-01,2022-06-14-13,0.10936081150612958
MCL,Geometry,82,AWCL,2022-08-02-01,2022-06-14-13,0.11186251399959643
NSML,Geometry,82,AWCL,2022-08-02-01,2022-06-14-13,0.11335502863051435
M4,Geometry,82,AWCL,2022-08-02-01,2022-06-14-13,0.1372610449735487
M3R,Geometry,82,AWCL,2022-08-02-01,2022-06-14-13,0.1302718656011978
M3L,Geometry,82,AWCL,2022-08-02-01,2022-06-14-13,0.13002614651775857
IL2VL,Geometry,82,AWCL,2022-08-02-01,2022-06-14-13,0.13418023182880195
IL1R,Geometry,82,AWCL,2022-08-02-01,2022-06-14-13,0.1677225232456201
OLLL,Geometry,82,AWCL,2022-08-02-01,2022-06-14-13,0.17806799634239343
IL2L,Geometry,82,AWCL,2022-08-02-01,2022-06-14-13,0.17193279928986308
URBR,Geometry,82,AWCL,2022-08-02-01,2022-06-14-13,0.18128912587689547
OLLR,Geometry,82,AWCL,2022-08-02-01,2022-06-14-13,0.1898098164375319
IL1DL,Geometry,82,AWCL,2022-08-02-01,2022-06-14-13,0.19455777044692862
IL1DR,Geometry,82,AWCL,2022-08-02-01,2022-06-14-13,0.20010271428305645
URYVR,Geometry,82,AWCL,2022-08-02-01,2022-06-14-13,0.1779476796708782
IL2R,Geometry,82,AWCL,2022-08-02-01,2022-06-14-13,0.17350877702484752
URYDL,Geometry,82,AWCL,2022-08-02-01,2022-06-14-13,0.19784453151990433
IL1L,Geometry,82,AWCL,2022-08-02-01,2022-06-14-13,0.1790905284519872
URBL,Geometry,82,AWCL,2022-08-02-01,2022-06-14-13,0.1953155156700712
OLQDR,Geometry,82,AWCL,2022-08-02-01,2022-06-14-13,0.2205250838919956
OLQDL,Geometry,82,AWCL,2022-08-02-01,2022-06-14-13,0.22102495279883067
RMER,Geometry,82,AWCL,2022-08-02-01,2022-06-14-13,0.20873411725138583
OLQVR,Geometry,82,AWCL,2022-08-02-01,2022-06-14-13,0.19723853394493396
URYVL,Geometry,82,AWCL,2022-08-02-01,2022-06-14-13,0.192877198660123
RMED,Geometry,82,AWCL,2022-08-02-01,2022-06-14-13,0.23822965945256608
RMEL,Geometry,82,AWCL,2022-08-02-01,2022-06-14-13,0.2198383116555801
CEPVR,Geometry,82,AWCL,2022-08-02-01,2022-06-14-13,0.2045677346100633
OLQVL,Geometry,82,AWCL,2022-08-02-01,2022-06-14-13,0.21009373226693592
CEPVL,Geometry,82,AWCL,2022-08-02-01,2022-06-14-13,0.209638127823621
SAAVR,Geometry,82,AWCL,2022-08-02-01,2022-06-14-13,0.22944208964180707
RID,Geometry,82,AWCL,2022-08-02-01,2022-06-14-13,0.24276000789453867
SMDVR,Geometry,82,AWCL,2022-08-02-01,2022-06-14-13,0.22689787916837642
URXR,Geometry,82,AWCL,2022-08-02-01,2022-06-14-13,0.23123826408766301
RIAR,Geometry,82,AWCL,2022-08-02-01,2022-06-14-13,0.22837179096974072
AVAR,Geometry,82,AWCL,2022-08-02-01,2022-06-14-13,0.21846678869737127
SAAVL,Geometry,82,AWCL,2022-08-02-01,2022-06-14-13,0.2346854735160096
CEPDR,Geometry,82,AWCL,2022-08-02-01,2022-06-14-13,0.22763160175681488
URXL,Geometry,82,AWCL,2022-08-02-01,2022-06-14-13,0.23498460754024397
CEPDL,Geometry,82,AWCL,2022-08-02-01,2022-06-14-13,0.23269400566596785
SMDDR,Geometry,82,AWCL,2022-08-02-01,2022-06-14-13,0.1871012716227131
RMEV,Geometry,82,AWCL,2022-08-02-01,2022-06-14-13,0.19129376855765864
RIAL,Geometry,82,AWCL,2022-08-02-01,2022-06-14-13,0.22617368448153533
AVER,Geometry,82,AWCL,2022-08-02-01,2022-06-14-13,0.20301850649575678
AWAR,Geometry,82,AWCL,2022-08-02-01,2022-06-14-13,0.19956103053274699
SMDVL,Geometry,82,AWCL,2022-08-02-01,2022-06-14-13,0.2162537874005258
AVAL,Geometry,82,AWCL,2022-08-02-01,2022-06-14-13,0.19961926861203538
RMDL,Geometry,82,AWCL,2022-08-02-01,2022-06-14-13,0.1797450700604605
AIBR,Geometry,82,AWCL,2022-08-02-01,2022-06-14-13,0.1754632949656775
ASGR,Geometry,82,AWCL,2022-08-02-01,2022-06-14-13,0.17421844019266658
AVL,Geometry,82,AWCL,2022-08-02-01,2022-06-14-13,0.12127167903704192
AVEL,Geometry,82,AWCL,2022-08-02-01,2022-06-14-13,0.16122497550276627
ASGL,Geometry,82,AWCL,2022-08-02-01,2022-06-14-13,0.15849480202337074
ASHL,Geometry,82,AWCL,2022-08-02-01,2022-06-14-13,0.13694454344495605
AIBL,Geometry,82,AWCL,2022-08-02-01,2022-06-14-13,0.14233984335120806
AVHL,Geometry,82,AWCL,2022-08-02-01,2022-06-14-13,0.12596280685384303
AWBL,Geometry,82,AWCL,2022-08-02-01,2022-06-14-13,0.11338793518946103
RIVL,Geometry,82,AWCL,2022-08-02-01,2022-06-14-13,0.1344726950204103
AWCL,Geometry,83,AWCL,2022-08-02-01,2022-06-14-13,0.10323970263593128
SMDDL,Geometry,82,AWCL,2022-08-02-01,2022-06-14-13,0.069856664491155
AVJR,Geometry,82,AWCL,2022-08-02-01,2022-06-14-13,0.09958095115015739
AIZL,Geometry,82,AWCL,2022-08-02-01,2022-06-14-13,0.10662050814287155
RIBL,Geometry,82,AWCL,2022-08-02-01,2022-06-14-13,0.07889779652884718
ASEL,Geometry,82,AWCL,2022-08-02-01,2022-06-14-13,0.08152811537445183
AVDR,Geometry,82,AWCL,2022-08-02-01,2022-06-14-13,0.08415741456644371
AVDL,Geometry,82,AWCL,2022-08-02-01,2022-06-14-13,0.07920221977384392
AVJL,Geometry,82,AWCL,2022-08-02-01,2022-06-14-13,0.09832538294123888
RIVR,Geometry,82,AWCL,2022-08-02-01,2022-06-14-13,0.07088221933723435
AIZR,Geometry,82,AWCL,2022-08-02-01,2022-06-14-13,0.04743873370526135
AUAR,Geometry,82,AWCL,2022-08-02-01,2022-06-14-13,-0.006828731710281627
AUAL,Geometry,82,AWCL,2022-08-02-01,2022-06-14-13,0.008975939819830516
RICR,Geometry,82,AWCL,2022-08-02-01,2022-06-14-13,0.014611951906726655
RICL,Geometry,82,AWCL,2022-08-02-01,2022-06-14-13,-0.030103506301926267
M5,Geometry,82,AWCL,2022-08-02-01,2022-06-14-13,-0.045645213744422194
AIML,Geometry,82,AWCL,2022-08-02-01,2022-06-14-13,0.7725041133641094
AIMR,Geometry,82,AWCL,2022-08-02-01,2022-06-14-13,-0.10808657563690896
FLPL,Geometry,82,AWCL,2022-08-02-01,2022-06-14-13,-0.09861805448372411
ADEL,Geometry,82,AWCL,2022-08-02-01,2022-06-14-13,-0.0967179030742306
VB02,Geometry,82,AWCL,2022-08-02-01,2022-06-14-13,-0.13385611187678295
ADAL,Geometry,82,AWCL,2022-08-02-01,2022-06-14-13,-0.10237080824534799
I1R,Geometry,82,SMDDL,2022-08-02-01,2022-06-14-13,0.04242034912110665
IL2DL,Geometry,82,SMDDL,2022-08-02-01,2022-06-14-13,0.061692436824696384
I2R,Geometry,82,SMDDL,2022-08-02-01,2022-06-14-13,0.046157133417335745
I3,Geometry,82,SMDDL,2022-08-02-01,2022-06-14-13,0.06188751716855346
NSMR,Geometry,82,SMDDL,2022-08-02-01,2022-06-14-13,0.04932015803577557
I2L,Geometry,82,SMDDL,2022-08-02-01,2022-06-14-13,0.044950580330602334
MCL,Geometry,82,SMDDL,2022-08-02-01,2022-06-14-13,0.047373467503517376
NSML,Geometry,82,SMDDL,2022-08-02-01,2022-06-14-13,0.048424854645527475
M4,Geometry,82,SMDDL,2022-08-02-01,2022-06-14-13,0.07046161278314539
M3R,Geometry,82,SMDDL,2022-08-02-01,2022-06-14-13,0.0648121594926678
M3L,Geometry,82,SMDDL,2022-08-02-01,2022-06-14-13,0.06326610095724979
IL2VL,Geometry,82,SMDDL,2022-08-02-01,2022-06-14-13,0.06727187869255744
IL1R,Geometry,82,SMDDL,2022-08-02-01,2022-06-14-13,0.10232098567247425
OLLL,Geometry,82,SMDDL,2022-08-02-01,2022-06-14-13,0.10949655792601407
IL2L,Geometry,82,SMDDL,2022-08-02-01,2022-06-14-13,0.10314890208163484
URBR,Geometry,82,SMDDL,2022-08-02-01,2022-06-14-13,0.11679424936909179
OLLR,Geometry,82,SMDDL,2022-08-02-01,2022-06-14-13,0.12524612899692686
IL1DL,Geometry,82,SMDDL,2022-08-02-01,2022-06-14-13,0.1269401260855944
IL1DR,Geometry,82,SMDDL,2022-08-02-01,2022-06-14-13,0.13499309371748652
URYVR,Geometry,82,SMDDL,2022-08-02-01,2022-06-14-13,0.11384997003230564
IL2R,Geometry,82,SMDDL,2022-08-02-01,2022-06-14-13,0.1100326887773472
URYDL,Geometry,82,SMDDL,2022-08-02-01,2022-06-14-13,0.1302837689320265
IL1L,Geometry,82,SMDDL,2022-08-02-01,2022-06-14-13,0.11119965589907237
URBL,Geometry,82,SMDDL,2022-08-02-01,2022-06-14-13,0.12797560671471359
OLQDR,Geometry,82,SMDDL,2022-08-02-01,2022-06-14-13,0.159456765131465
OLQDL,Geometry,82,SMDDL,2022-08-02-01,2022-06-14-13,0.15710043566841173
RMER,Geometry,82,SMDDL,2022-08-02-01,2022-06-14-13,0.14926574541392437
OLQVR,Geometry,82,SMDDL,2022-08-02-01,2022-06-14-13,0.13708695951038652
URYVL,Geometry,82,SMDDL,2022-08-02-01,2022-06-14-13,0.1278876471563938
RMED,Geometry,82,SMDDL,2022-08-02-01,2022-06-14-13,0.18314903773707059
RMEL,Geometry,82,SMDDL,2022-08-02-01,2022-06-14-13,0.15857779680495032
CEPVR,Geometry,82,SMDDL,2022-08-02-01,2022-06-14-13,0.14963367342838074
OLQVL,Geometry,82,SMDDL,2022-08-02-01,2022-06-14-13,0.15132949431244613
CEPVL,Geometry,82,SMDDL,2022-08-02-01,2022-06-14-13,0.16089584798034093
SAAVR,Geometry,82,SMDDL,2022-08-02-01,2022-06-14-13,0.18996741363268188
RID,Geometry,82,SMDDL,2022-08-02-01,2022-06-14-13,0.20268740043441652
SMDVR,Geometry,82,SMDDL,2022-08-02-01,2022-06-14-13,0.19575106778651796
URXR,Geometry,82,SMDDL,2022-08-02-01,2022-06-14-13,0.19974590147675866
RIAR,Geometry,82,SMDDL,2022-08-02-01,2022-06-14-13,0.1957299860942617
AVAR,Geometry,82,SMDDL,2022-08-02-01,2022-06-14-13,0.18734482438077427
SAAVL,Geometry,82,SMDDL,2022-08-02-01,2022-06-14-13,0.19298805891642112
CEPDR,Geometry,82,SMDDL,2022-08-02-01,2022-06-14-13,0.20036838752432293
URXL,Geometry,82,SMDDL,2022-08-02-01,2022-06-14-13,0.201257971245841
CEPDL,Geometry,82,SMDDL,2022-08-02-01,2022-06-14-13,0.20068433182843526
SMDDR,Geometry,82,SMDDL,2022-08-02-01,2022-06-14-13,0.15581817800061043
RMEV,Geometry,82,SMDDL,2022-08-02-01,2022-06-14-13,0.16170260334135592
RIAL,Geometry,82,SMDDL,2022-08-02-01,2022-06-14-13,0.1935901626789469
AVER,Geometry,82,SMDDL,2022-08-02-01,2022-06-14-13,0.1812403535585613
AWAR,Geometry,82,SMDDL,2022-08-02-01,2022-06-14-13,0.18614741998503992
SMDVL,Geometry,82,SMDDL,2022-08-02-01,2022-06-14-13,0.19317542006149985
AVAL,Geometry,82,SMDDL,2022-08-02-01,2022-06-14-13,0.17486750288268263
RMDL,Geometry,82,SMDDL,2022-08-02-01,2022-06-14-13,0.16126001731006057
AIBR,Geometry,82,SMDDL,2022-08-02-01,2022-06-14-13,0.16859944200595856
ASGR,Geometry,82,SMDDL,2022-08-02-01,2022-06-14-13,0.17254182439451035
AVL,Geometry,82,SMDDL,2022-08-02-01,2022-06-14-13,0.11992213660937576
AVEL,Geometry,82,SMDDL,2022-08-02-01,2022-06-14-13,0.1527859099934773
ASGL,Geometry,82,SMDDL,2022-08-02-01,2022-06-14-13,0.15537671087615654
ASHL,Geometry,82,SMDDL,2022-08-02-01,2022-06-14-13,0.13598420866711508
AIBL,Geometry,82,SMDDL,2022-08-02-01,2022-06-14-13,0.1539770242417501
AVHL,Geometry,82,SMDDL,2022-08-02-01,2022-06-14-13,0.13270327100190504
AWBL,Geometry,82,SMDDL,2022-08-02-01,2022-06-14-13,0.12087447604844652
RIVL,Geometry,82,SMDDL,2022-08-02-01,2022-06-14-13,0.14213958553079956
AWCL,Geometry,82,SMDDL,2022-08-02-01,2022-06-14-13,0.1068417540860979
SMDDL,Geometry,83,SMDDL,2022-08-02-01,2022-06-14-13,0.08729287425486545
AVJR,Geometry,82,SMDDL,2022-08-02-01,2022-06-14-13,0.1235096852497103
AIZL,Geometry,82,SMDDL,2022-08-02-01,2022-06-14-13,0.11760822100988076
RIBL,Geometry,82,SMDDL,2022-08-02-01,2022-06-14-13,0.09568298451068143
ASEL,Geometry,82,SMDDL,2022-08-02-01,2022-06-14-13,0.09710835296525804
AVDR,Geometry,82,SMDDL,2022-08-02-01,2022-06-14-13,0.1106868998214434
AVDL,Geometry,82,SMDDL,2022-08-02-01,2022-06-14-13,0.0970613099931369
AVJL,Geometry,82,SMDDL,2022-08-02-01,2022-06-14-13,0.11643908324918081
RIVR,Geometry,82,SMDDL,2022-08-02-01,2022-06-14-13,0.1033424863489483
AIZR,Geometry,82,SMDDL,2022-08-02-01,2022-06-14-13,0.0806896768155184
AUAR,Geometry,82,SMDDL,2022-08-02-01,2022-06-14-13,0.02216929571708151
AUAL,Geometry,82,SMDDL,2022-08-02-01,2022-06-14-13,0.037614629232671566
RICR,Geometry,82,SMDDL,2022-08-02-01,2022-06-14-13,0.05211141163586537
RICL,Geometry,82,SMDDL,2022-08-02-01,2022-06-14-13,0.006233426659609709
M5,Geometry,82,SMDDL,2022-08-02-01,2022-06-14-13,0.0017137296975183478
AIML,Geometry,82,SMDDL,2022-08-02-01,2022-06-14-13,0.9620376185662737
AIMR,Geometry,82,SMDDL,2022-08-02-01,2022-06-14-13,-0.05770916754404228
FLPL,Geometry,82,SMDDL,2022-08-02-01,2022-06-14-13,-0.04707514820483661
ADEL,Geometry,82,SMDDL,2022-08-02-01,2022-06-14-13,-0.0424297114720231
VB02,Geometry,82,SMDDL,2022-08-02-01,2022-06-14-13,-0.07813344985602551
ADAL,Geometry,82,SMDDL,2022-08-02-01,2022-06-14-13,-0.04650639885929492
I1R,Geometry,82,AVJR,2022-08-02-01,2022-06-14-13,0.11121499812772653
IL2DL,Geometry,82,AVJR,2022-08-02-01,2022-06-14-13,0.1341830981398886
I2R,Geometry,82,AVJR,2022-08-02-01,2022-06-14-13,0.11687360538416677
I3,Geometry,82,AVJR,2022-08-02-01,2022-06-14-13,0.13468723398798485
NSMR,Geometry,82,AVJR,2022-08-02-01,2022-06-14-13,0.12075624412668982
I2L,Geometry,82,AVJR,2022-08-02-01,2022-06-14-13,0.11334803765181417
MCL,Geometry,82,AVJR,2022-08-02-01,2022-06-14-13,0.11679579288143906
NSML,Geometry,82,AVJR,2022-08-02-01,2022-06-14-13,0.11760351185169379
M4,Geometry,82,AVJR,2022-08-02-01,2022-06-14-13,0.14427986523505157
M3R,Geometry,82,AVJR,2022-08-02-01,2022-06-14-13,0.13919741937239083
M3L,Geometry,82,AVJR,2022-08-02-01,2022-06-14-13,0.13477912429707078
IL2VL,Geometry,82,AVJR,2022-08-02-01,2022-06-14-13,0.13895818404389057
IL1R,Geometry,82,AVJR,2022-08-02-01,2022-06-14-13,0.18076211526677566
OLLL,Geometry,82,AVJR,2022-08-02-01,2022-06-14-13,0.18433699542089374
IL2L,Geometry,82,AVJR,2022-08-02-01,2022-06-14-13,0.1764781711402457
URBR,Geometry,82,AVJR,2022-08-02-01,2022-06-14-13,0.19574294322007074
OLLR,Geometry,82,AVJR,2022-08-02-01,2022-06-14-13,0.20467035734737604
IL1DL,Geometry,82,AVJR,2022-08-02-01,2022-06-14-13,0.2033432216958467
IL1DR,Geometry,82,AVJR,2022-08-02-01,2022-06-14-13,0.2137984121732208
URYVR,Geometry,82,AVJR,2022-08-02-01,2022-06-14-13,0.1907405933382977
IL2R,Geometry,82,AVJR,2022-08-02-01,2022-06-14-13,0.18533502997789814
URYDL,Geometry,82,AVJR,2022-08-02-01,2022-06-14-13,0.20501210151768304
IL1L,Geometry,82,AVJR,2022-08-02-01,2022-06-14-13,0.18328660407377184
URBL,Geometry,82,AVJR,2022-08-02-01,2022-06-14-13,0.19928947691013763
OLQDR,Geometry,82,AVJR,2022-08-02-01,2022-06-14-13,0.23600248677928984
OLQDL,Geometry,82,AVJR,2022-08-02-01,2022-06-14-13,0.23075097290979912
RMER,Geometry,82,AVJR,2022-08-02-01,2022-06-14-13,0.22561937272424262
OLQVR,Geometry,82,AVJR,2022-08-02-01,2022-06-14-13,0.2113823886233478
URYVL,Geometry,82,AVJR,2022-08-02-01,2022-06-14-13,0.19774155776201222
RMED,Geometry,82,AVJR,2022-08-02-01,2022-06-14-13,0.2532668436622559
RMEL,Geometry,82,AVJR,2022-08-02-01,2022-06-14-13,0.22146447263842398
CEPVR,Geometry,82,AVJR,2022-08-02-01,2022-06-14-13,0.21612946688490334
OLQVL,Geometry,82,AVJR,2022-08-02-01,2022-06-14-13,0.21437833191310326
CEPVL,Geometry,82,AVJR,2022-08-02-01,2022-06-14-13,0.21490540556068735
SAAVR,Geometry,82,AVJR,2022-08-02-01,2022-06-14-13,0.24775566215798006
RID,Geometry,82,AVJR,2022-08-02-01,2022-06-14-13,0.2555984022545353
SMDVR,Geometry,82,AVJR,2022-08-02-01,2022-06-14-13,0.24655764051300755
URXR,Geometry,82,AVJR,2022-08-02-01,2022-06-14-13,0.2479914796804653
RIAR,Geometry,82,AVJR,2022-08-02-01,2022-06-14-13,0.24446781278751886
AVAR,Geometry,82,AVJR,2022-08-02-01,2022-06-14-13,0.23606908182919734
SAAVL,Geometry,82,AVJR,2022-08-02-01,2022-06-14-13,0.23523853488612675
CEPDR,Geometry,82,AVJR,2022-08-02-01,2022-06-14-13,0.24656388960281736
URXL,Geometry,82,AVJR,2022-08-02-01,2022-06-14-13,0.24262009130038106
CEPDL,Geometry,82,AVJR,2022-08-02-01,2022-06-14-13,0.2358473476978346
SMDDR,Geometry,82,AVJR,2022-08-02-01,2022-06-14-13,0.19485982800978746
RMEV,Geometry,82,AVJR,2022-08-02-01,2022-06-14-13,0.19602391131257352
RIAL,Geometry,82,AVJR,2022-08-02-01,2022-06-14-13,0.2252715700119056
AVER,Geometry,82,AVJR,2022-08-02-01,2022-06-14-13,0.21621299158664292
AWAR,Geometry,82,AVJR,2022-08-02-01,2022-06-14-13,0.21534617106979967
SMDVL,Geometry,82,AVJR,2022-08-02-01,2022-06-14-13,0.21405213324077887
AVAL,Geometry,82,AVJR,2022-08-02-01,2022-06-14-13,0.1920206358916986
RMDL,Geometry,82,AVJR,2022-08-02-01,2022-06-14-13,0.17144399173624
AIBR,Geometry,82,AVJR,2022-08-02-01,2022-06-14-13,0.18694620354676544
ASGR,Geometry,82,AVJR,2022-08-02-01,2022-06-14-13,0.18590929989975793
AVL,Geometry,82,AVJR,2022-08-02-01,2022-06-14-13,0.1252029812538921
AVEL,Geometry,82,AVJR,2022-08-02-01,2022-06-14-13,0.15216746912520795
ASGL,Geometry,82,AVJR,2022-08-02-01,2022-06-14-13,0.14754943432637865
ASHL,Geometry,82,AVJR,2022-08-02-01,2022-06-14-13,0.12297977211066913
AIBL,Geometry,82,AVJR,2022-08-02-01,2022-06-14-13,0.1482072931094153
AVHL,Geometry,82,AVJR,2022-08-02-01,2022-06-14-13,0.11346268807857866
AWBL,Geometry,82,AVJR,2022-08-02-01,2022-06-14-13,0.09989605405562679
RIVL,Geometry,82,AVJR,2022-08-02-01,2022-06-14-13,0.12546073261333487
AWCL,Geometry,82,AVJR,2022-08-02-01,2022-06-14-13,0.0843230596817426
SMDDL,Geometry,82,AVJR,2022-08-02-01,2022-06-14-13,0.060600121133611844
AVJR,Geometry,83,AVJR,2022-08-02-01,2022-06-14-13,0.11473203654418292
AIZL,Geometry,82,AVJR,2022-08-02-01,2022-06-14-13,0.09383207085349894
RIBL,Geometry,82,AVJR,2022-08-02-01,2022-06-14-13,0.06798413430788311
ASEL,Geometry,82,AVJR,2022-08-02-01,2022-06-14-13,0.0676476511114322
AVDR,Geometry,82,AVJR,2022-08-02-01,2022-06-14-13,0.0932970669289544
AVDL,Geometry,82,AVJR,2022-08-02-01,2022-06-14-13,0.06549965212352937
AVJL,Geometry,82,AVJR,2022-08-02-01,2022-06-14-13,0.08877427339989084
RIVR,Geometry,82,AVJR,2022-08-02-01,2022-06-14-13,0.07759012625814284
AIZR,Geometry,82,AVJR,2022-08-02-01,2022-06-14-13,0.055771197861062195
AUAR,Geometry,82,AVJR,2022-08-02-01,2022-06-14-13,-0.018024285704321377
AUAL,Geometry,82,AVJR,2022-08-02-01,2022-06-14-13,-0.003329467301199843
RICR,Geometry,82,AVJR,2022-08-02-01,2022-06-14-13,0.01966885618734952
RICL,Geometry,82,AVJR,2022-08-02-01,2022-06-14-13,-0.04197981763334663
M5,Geometry,82,AVJR,2022-08-02-01,2022-06-14-13,-0.055492687177950174
AIML,Geometry,82,AVJR,2022-08-02-01,2022-06-14-13,0.6792975187250144
AIMR,Geometry,82,AVJR,2022-08-02-01,2022-06-14-13,-0.11155757044010461
FLPL,Geometry,82,AVJR,2022-08-02-01,2022-06-14-13,-0.10843909684559526
ADEL,Geometry,82,AVJR,2022-08-02-01,2022-06-14-13,-0.10574132712952981
VB02,Geometry,82,AVJR,2022-08-02-01,2022-06-14-13,-0.14130347485094172
ADAL,Geometry,82,AVJR,2022-08-02-01,2022-06-14-13,-0.11126222305798009
I1R,Geometry,82,AIZL,2022-08-02-01,2022-06-14-13,0.037972373838133046
IL2DL,Geometry,82,AIZL,2022-08-02-01,2022-06-14-13,0.0591962131494823
I2R,Geometry,82,AIZL,2022-08-02-01,2022-06-14-13,0.0410756671291495
I3,Geometry,82,AIZL,2022-08-02-01,2022-06-14-13,0.0588076812633629
NSMR,Geometry,82,AIZL,2022-08-02-01,2022-06-14-13,0.04437380529853419
I2L,Geometry,82,AIZL,2022-08-02-01,2022-06-14-13,0.04169619005352544
MCL,Geometry,82,AIZL,2022-08-02-01,2022-06-14-13,0.043832091298875664
NSML,Geometry,82,AIZL,2022-08-02-01,2022-06-14-13,0.04518603694503229
M4,Geometry,82,AIZL,2022-08-02-01,2022-06-14-13,0.06730040296765714
M3R,Geometry,82,AIZL,2022-08-02-01,2022-06-14-13,0.06032280359461221
M3L,Geometry,82,AIZL,2022-08-02-01,2022-06-14-13,0.0605447631389544
IL2VL,Geometry,82,AIZL,2022-08-02-01,2022-06-14-13,0.06436604685674333
IL1R,Geometry,82,AIZL,2022-08-02-01,2022-06-14-13,0.0982777496293911
OLLL,Geometry,82,AIZL,2022-08-02-01,2022-06-14-13,0.10984695333205118
IL2L,Geometry,82,AIZL,2022-08-02-01,2022-06-14-13,0.10350587519911714
URBR,Geometry,82,AIZL,2022-08-02-01,2022-06-14-13,0.11334441543704649
OLLR,Geometry,82,AIZL,2022-08-02-01,2022-06-14-13,0.12272396991983722
IL1DL,Geometry,82,AIZL,2022-08-02-01,2022-06-14-13,0.12788243617990913
IL1DR,Geometry,82,AIZL,2022-08-02-01,2022-06-14-13,0.13423009143025585
URYVR,Geometry,82,AIZL,2022-08-02-01,2022-06-14-13,0.1099379002777066
IL2R,Geometry,82,AIZL,2022-08-02-01,2022-06-14-13,0.10525326538862635
URYDL,Geometry,82,AIZL,2022-08-02-01,2022-06-14-13,0.13207960554664996
IL1L,Geometry,82,AIZL,2022-08-02-01,2022-06-14-13,0.1117147315951218
URBL,Geometry,82,AIZL,2022-08-02-01,2022-06-14-13,0.13023286999786515
OLQDR,Geometry,82,AIZL,2022-08-02-01,2022-06-14-13,0.15989509758573317
OLQDL,Geometry,82,AIZL,2022-08-02-01,2022-06-14-13,0.16000229060121834
RMER,Geometry,82,AIZL,2022-08-02-01,2022-06-14-13,0.14668946922103557
OLQVR,Geometry,82,AIZL,2022-08-02-01,2022-06-14-13,0.13385956506306895
URYVL,Geometry,82,AIZL,2022-08-02-01,2022-06-14-13,0.12834810306437602
RMED,Geometry,82,AIZL,2022-08-02-01,2022-06-14-13,0.18622233304516053
RMEL,Geometry,82,AIZL,2022-08-02-01,2022-06-14-13,0.1629888660291976
CEPVR,Geometry,82,AIZL,2022-08-02-01,2022-06-14-13,0.14706151857696562
OLQVL,Geometry,82,AIZL,2022-08-02-01,2022-06-14-13,0.1529419680752046
CEPVL,Geometry,82,AIZL,2022-08-02-01,2022-06-14-13,0.16172401367496736
SAAVR,Geometry,82,AIZL,2022-08-02-01,2022-06-14-13,0.1902896316869703
RID,Geometry,82,AIZL,2022-08-02-01,2022-06-14-13,0.20924633566669165
SMDVR,Geometry,82,AIZL,2022-08-02-01,2022-06-14-13,0.19744500303332913
URXR,Geometry,82,AIZL,2022-08-02-01,2022-06-14-13,0.20386018191376726
RIAR,Geometry,82,AIZL,2022-08-02-01,2022-06-14-13,0.19871331609676127
AVAR,Geometry,82,AIZL,2022-08-02-01,2022-06-14-13,0.18722636558081795
SAAVL,Geometry,82,AIZL,2022-08-02-01,2022-06-14-13,0.202162852580956
CEPDR,Geometry,82,AIZL,2022-08-02-01,2022-06-14-13,0.20356063235172903
URXL,Geometry,82,AIZL,2022-08-02-01,2022-06-14-13,0.2097912318458524
CEPDL,Geometry,82,AIZL,2022-08-02-01,2022-06-14-13,0.21130024364927272
SMDDR,Geometry,82,AIZL,2022-08-02-01,2022-06-14-13,0.15596713632631698
RMEV,Geometry,82,AIZL,2022-08-02-01,2022-06-14-13,0.16237581267410447
RIAL,Geometry,82,AIZL,2022-08-02-01,2022-06-14-13,0.20388216965902908
AVER,Geometry,82,AIZL,2022-08-02-01,2022-06-14-13,0.18180557723517438
AWAR,Geometry,82,AIZL,2022-08-02-01,2022-06-14-13,0.1891124818060873
SMDVL,Geometry,82,AIZL,2022-08-02-01,2022-06-14-13,0.2058704255141776
AVAL,Geometry,82,AIZL,2022-08-02-01,2022-06-14-13,0.1852191850048615
RMDL,Geometry,82,AIZL,2022-08-02-01,2022-06-14-13,0.1708821365858912
AIBR,Geometry,82,AIZL,2022-08-02-01,2022-06-14-13,0.1706300882150871
ASGR,Geometry,82,AIZL,2022-08-02-01,2022-06-14-13,0.17621099451271227
AVL,Geometry,82,AIZL,2022-08-02-01,2022-06-14-13,0.12009285994013841
AVEL,Geometry,82,AIZL,2022-08-02-01,2022-06-14-13,0.16310045777990415
ASGL,Geometry,82,AIZL,2022-08-02-01,2022-06-14-13,0.1686260675218451
ASHL,Geometry,82,AIZL,2022-08-02-01,2022-06-14-13,0.1497085694202983
AIBL,Geometry,82,AIZL,2022-08-02-01,2022-06-14-13,0.16393971133889157
AVHL,Geometry,82,AIZL,2022-08-02-01,2022-06-14-13,0.14503483746560888
AWBL,Geometry,82,AIZL,2022-08-02-01,2022-06-14-13,0.13282492856803285
RIVL,Geometry,82,AIZL,2022-08-02-01,2022-06-14-13,0.15492936025307918
AWCL,Geometry,82,AIZL,2022-08-02-01,2022-06-14-13,0.1197162708966145
SMDDL,Geometry,82,AIZL,2022-08-02-01,2022-06-14-13,0.0908640899138753
AVJR,Geometry,82,AIZL,2022-08-02-01,2022-06-14-13,0.12566161421414768
AIZL,Geometry,83,AIZL,2022-08-02-01,2022-06-14-13,0.13578581724175406
RIBL,Geometry,82,AIZL,2022-08-02-01,2022-06-14-13,0.10641864746253261
ASEL,Geometry,82,AIZL,2022-08-02-01,2022-06-14-13,0.10922365089312366
AVDR,Geometry,82,AIZL,2022-08-02-01,2022-06-14-13,0.11231112636375638
AVDL,Geometry,82,AIZL,2022-08-02-01,2022-06-14-13,0.10889760661309046
AVJL,Geometry,82,AIZL,2022-08-02-01,2022-06-14-13,0.12909368356411696
RIVR,Geometry,82,AIZL,2022-08-02-01,2022-06-14-13,0.10590655790504708
AIZR,Geometry,82,AIZL,2022-08-02-01,2022-06-14-13,0.08288822846932971
AUAR,Geometry,82,AIZL,2022-08-02-01,2022-06-14-13,0.03189267345225872
AUAL,Geometry,82,AIZL,2022-08-02-01,2022-06-14-13,0.049013853457131586
RICR,Geometry,82,AIZL,2022-08-02-01,2022-06-14-13,0.05466160364452276
RICL,Geometry,82,AIZL,2022-08-02-01,2022-06-14-13,0.015273078441609094
M5,Geometry,82,AIZL,2022-08-02-01,2022-06-14-13,0.009027607252250753
AIML,Geometry,82,AIZL,2022-08-02-01,2022-06-14-13,0.9470211722912815
AIMR,Geometry,82,AIZL,2022-08-02-01,2022-06-14-13,-0.053484304186944276
FLPL,Geometry,82,AIZL,2022-08-02-01,2022-06-14-13,-0.039479394178846404
ADEL,Geometry,82,AIZL,2022-08-02-01,2022-06-14-13,-0.035388801104140034
VB02,Geometry,82,AIZL,2022-08-02-01,2022-06-14-13,-0.0718480666623638
ADAL,Geometry,82,AIZL,2022-08-02-01,2022-06-14-13,-0.04038866815721414
I1R,Geometry,82,RIBL,2022-08-02-01,2022-06-14-13,0.10947158816954815
IL2DL,Geometry,82,RIBL,2022-08-02-01,2022-06-14-13,0.13337606597017976
I2R,Geometry,82,RIBL,2022-08-02-01,2022-06-14-13,0.11382521690142153
I3,Geometry,82,RIBL,2022-08-02-01,2022-06-14-13,0.13309040812658532
NSMR,Geometry,82,RIBL,2022-08-02-01,2022-06-14-13,0.11768117992877773
I2L,Geometry,82,RIBL,2022-08-02-01,2022-06-14-13,0.1138190574591244
MCL,Geometry,82,RIBL,2022-08-02-01,2022-06-14-13,0.1164498920064795
NSML,Geometry,82,RIBL,2022-08-02-01,2022-06-14-13,0.11794483235379831
M4,Geometry,82,RIBL,2022-08-02-01,2022-06-14-13,0.14289880905717203
M3R,Geometry,82,RIBL,2022-08-02-01,2022-06-14-13,0.1356855184740122
M3L,Geometry,82,RIBL,2022-08-02-01,2022-06-14-13,0.1351798882340623
IL2VL,Geometry,82,RIBL,2022-08-02-01,2022-06-14-13,0.13934156131609793
IL1R,Geometry,82,RIBL,2022-08-02-01,2022-06-14-13,0.17465085357445845
OLLL,Geometry,82,RIBL,2022-08-02-01,2022-06-14-13,0.185243433398041
IL2L,Geometry,82,RIBL,2022-08-02-01,2022-06-14-13,0.17867266228458514
URBR,Geometry,82,RIBL,2022-08-02-01,2022-06-14-13,0.18884117480201473
OLLR,Geometry,82,RIBL,2022-08-02-01,2022-06-14-13,0.19786432086378292
IL1DL,Geometry,82,RIBL,2022-08-02-01,2022-06-14-13,0.20265394758384758
IL1DR,Geometry,82,RIBL,2022-08-02-01,2022-06-14-13,0.2086557199789418
URYVR,Geometry,82,RIBL,2022-08-02-01,2022-06-14-13,0.1849273876660211
IL2R,Geometry,82,RIBL,2022-08-02-01,2022-06-14-13,0.17993568255689252
URYDL,Geometry,82,RIBL,2022-08-02-01,2022-06-14-13,0.20591051972471103
IL1L,Geometry,82,RIBL,2022-08-02-01,2022-06-14-13,0.1858419117816217
URBL,Geometry,82,RIBL,2022-08-02-01,2022-06-14-13,0.20278136123155827
OLQDR,Geometry,82,RIBL,2022-08-02-01,2022-06-14-13,0.22992095285477276
OLQDL,Geometry,82,RIBL,2022-08-02-01,2022-06-14-13,0.2301634471245575
RMER,Geometry,82,RIBL,2022-08-02-01,2022-06-14-13,0.2171841178523305
OLQVR,Geometry,82,RIBL,2022-08-02-01,2022-06-14-13,0.20475029727330551
URYVL,Geometry,82,RIBL,2022-08-02-01,2022-06-14-13,0.19979432442210127
RMED,Geometry,82,RIBL,2022-08-02-01,2022-06-14-13,0.2483266579035153
RMEL,Geometry,82,RIBL,2022-08-02-01,2022-06-14-13,0.22753555446579055
CEPVR,Geometry,82,RIBL,2022-08-02-01,2022-06-14-13,0.211590206027596
OLQVL,Geometry,82,RIBL,2022-08-02-01,2022-06-14-13,0.21719882332621784
CEPVL,Geometry,82,RIBL,2022-08-02-01,2022-06-14-13,0.2162228402530563
SAAVR,Geometry,82,RIBL,2022-08-02-01,2022-06-14-13,0.2383318891742044
RID,Geometry,82,RIBL,2022-08-02-01,2022-06-14-13,0.2526866288834191
SMDVR,Geometry,82,RIBL,2022-08-02-01,2022-06-14-13,0.23598942270138382
URXR,Geometry,82,RIBL,2022-08-02-01,2022-06-14-13,0.2405465702235461
RIAR,Geometry,82,RIBL,2022-08-02-01,2022-06-14-13,0.23724799245410036
AVAR,Geometry,82,RIBL,2022-08-02-01,2022-06-14-13,0.22650869631204368
SAAVL,Geometry,82,RIBL,2022-08-02-01,2022-06-14-13,0.24282844456801955
CEPDR,Geometry,82,RIBL,2022-08-02-01,2022-06-14-13,0.2368172336311251
URXL,Geometry,82,RIBL,2022-08-02-01,2022-06-14-13,0.24395394501819898
CEPDL,Geometry,82,RIBL,2022-08-02-01,2022-06-14-13,0.24126500895211417
SMDDR,Geometry,82,RIBL,2022-08-02-01,2022-06-14-13,0.19262535087623983
RMEV,Geometry,82,RIBL,2022-08-02-01,2022-06-14-13,0.19660314455486416
RIAL,Geometry,82,RIBL,2022-08-02-01,2022-06-14-13,0.23370911731232513
AVER,Geometry,82,RIBL,2022-08-02-01,2022-06-14-13,0.20968760880998544
AWAR,Geometry,82,RIBL,2022-08-02-01,2022-06-14-13,0.2068669513034801
SMDVL,Geometry,82,RIBL,2022-08-02-01,2022-06-14-13,0.22348210431112076
AVAL,Geometry,82,RIBL,2022-08-02-01,2022-06-14-13,0.20499565308474915
RMDL,Geometry,82,RIBL,2022-08-02-01,2022-06-14-13,0.1842076982756787
AIBR,Geometry,82,RIBL,2022-08-02-01,2022-06-14-13,0.18097570967864662
ASGR,Geometry,82,RIBL,2022-08-02-01,2022-06-14-13,0.17999268122835696
AVL,Geometry,82,RIBL,2022-08-02-01,2022-06-14-13,0.12389690677414457
AVEL,Geometry,82,RIBL,2022-08-02-01,2022-06-14-13,0.16473014914677517
ASGL,Geometry,82,RIBL,2022-08-02-01,2022-06-14-13,0.16204372200679557
ASHL,Geometry,82,RIBL,2022-08-02-01,2022-06-14-13,0.1399197119695742
AIBL,Geometry,82,RIBL,2022-08-02-01,2022-06-14-13,0.14712687796406754
AVHL,Geometry,82,RIBL,2022-08-02-01,2022-06-14-13,0.12808376494976434
AWBL,Geometry,82,RIBL,2022-08-02-01,2022-06-14-13,0.11470458927007694
RIVL,Geometry,82,RIBL,2022-08-02-01,2022-06-14-13,0.1376124185042504
AWCL,Geometry,82,RIBL,2022-08-02-01,2022-06-14-13,0.10021037111848238
SMDDL,Geometry,82,RIBL,2022-08-02-01,2022-06-14-13,0.07028752960880578
AVJR,Geometry,82,RIBL,2022-08-02-01,2022-06-14-13,0.10232434798209522
AIZL,Geometry,82,RIBL,2022-08-02-01,2022-06-14-13,0.10867540299324989
RIBL,Geometry,83,RIBL,2022-08-02-01,2022-06-14-13,0.08364147484100719
ASEL,Geometry,82,RIBL,2022-08-02-01,2022-06-14-13,0.08201408559104872
AVDR,Geometry,82,RIBL,2022-08-02-01,2022-06-14-13,0.08630429494385555
AVDL,Geometry,82,RIBL,2022-08-02-01,2022-06-14-13,0.07955680984775684
AVJL,Geometry,82,RIBL,2022-08-02-01,2022-06-14-13,0.1001928409274052
RIVR,Geometry,82,RIBL,2022-08-02-01,2022-06-14-13,0.07234352353536098
AIZR,Geometry,82,RIBL,2022-08-02-01,2022-06-14-13,0.04846324051607561
AUAR,Geometry,82,RIBL,2022-08-02-01,2022-06-14-13,-0.009166967867046445
AUAL,Geometry,82,RIBL,2022-08-02-01,2022-06-14-13,0.008058734808290757
RICR,Geometry,82,RIBL,2022-08-02-01,2022-06-14-13,0.014370411254854939
RICL,Geometry,82,RIBL,2022-08-02-01,2022-06-14-13,-0.03230888166920247
M5,Geometry,82,RIBL,2022-08-02-01,2022-06-14-13,-0.048503152358565824
AIML,Geometry,82,RIBL,2022-08-02-01,2022-06-14-13,0.7258364099404634
AIMR,Geometry,82,RIBL,2022-08-02-01,2022-06-14-13,-0.11173764268943817
FLPL,Geometry,82,RIBL,2022-08-02-01,2022-06-14-13,-0.10239470326090915
ADEL,Geometry,82,RIBL,2022-08-02-01,2022-06-14-13,-0.10067950539959224
VB02,Geometry,82,RIBL,2022-08-02-01,2022-06-14-13,-0.13853314342652367
ADAL,Geometry,82,RIBL,2022-08-02-01,2022-06-14-13,-0.10653635822747842
I1R,Geometry,82,ASEL,2022-08-02-01,2022-06-14-13,0.08946430889779992
IL2DL,Geometry,82,ASEL,2022-08-02-01,2022-06-14-13,0.11321030674826864
I2R,Geometry,82,ASEL,2022-08-02-01,2022-06-14-13,0.09338646236100019
I3,Geometry,82,ASEL,2022-08-02-01,2022-06-14-13,0.11272871434794655
NSMR,Geometry,82,ASEL,2022-08-02-01,2022-06-14-13,0.09713289123314726
I2L,Geometry,82,ASEL,2022-08-02-01,2022-06-14-13,0.09393751463336104
MCL,Geometry,82,ASEL,2022-08-02-01,2022-06-14-13,0.0963787563060541
NSML,Geometry,82,ASEL,2022-08-02-01,2022-06-14-13,0.09791133817863679
M4,Geometry,82,ASEL,2022-08-02-01,2022-06-14-13,0.12222362721067413
M3R,Geometry,82,ASEL,2022-08-02-01,2022-06-14-13,0.11474066278982442
M3L,Geometry,82,ASEL,2022-08-02-01,2022-06-14-13,0.11481647818932034
IL2VL,Geometry,82,ASEL,2022-08-02-01,2022-06-14-13,0.11890320811301672
IL1R,Geometry,82,ASEL,2022-08-02-01,2022-06-14-13,0.1537460186710526
OLLL,Geometry,82,ASEL,2022-08-02-01,2022-06-14-13,0.1655980611095648
IL2L,Geometry,82,ASEL,2022-08-02-01,2022-06-14-13,0.1590679941425306
URBR,Geometry,82,ASEL,2022-08-02-01,2022-06-14-13,0.1684076631824151
OLLR,Geometry,82,ASEL,2022-08-02-01,2022-06-14-13,0.1777948889350839
IL1DL,Geometry,82,ASEL,2022-08-02-01,2022-06-14-13,0.1834497604814043
IL1DR,Geometry,82,ASEL,2022-08-02-01,2022-06-14-13,0.18922674197662528
URYVR,Geometry,82,ASEL,2022-08-02-01,2022-06-14-13,0.1645125203532082
IL2R,Geometry,82,ASEL,2022-08-02-01,2022-06-14-13,0.15944483881098503
URYDL,Geometry,82,ASEL,2022-08-02-01,2022-06-14-13,0.18720343752691068
IL1L,Geometry,82,ASEL,2022-08-02-01,2022-06-14-13,0.16665048507362
URBL,Geometry,82,ASEL,2022-08-02-01,2022-06-14-13,0.1845411461898392
OLQDR,Geometry,82,ASEL,2022-08-02-01,2022-06-14-13,0.2122296427404642
OLQDL,Geometry,82,ASEL,2022-08-02-01,2022-06-14-13,0.21299150384168655
RMER,Geometry,82,ASEL,2022-08-02-01,2022-06-14-13,0.19864284457739345
OLQVR,Geometry,82,ASEL,2022-08-02-01,2022-06-14-13,0.1858855493284802
URYVL,Geometry,82,ASEL,2022-08-02-01,2022-06-14-13,0.18150628013253556
RMED,Geometry,82,ASEL,2022-08-02-01,2022-06-14-13,0.2337192731276823
RMEL,Geometry,82,ASEL,2022-08-02-01,2022-06-14-13,0.2124294311084043
CEPVR,Geometry,82,ASEL,2022-08-02-01,2022-06-14-13,0.19483911115890423
OLQVL,Geometry,82,ASEL,2022-08-02-01,2022-06-14-13,0.20146621997043865
CEPVL,Geometry,82,ASEL,2022-08-02-01,2022-06-14-13,0.20327187567213642
SAAVR,Geometry,82,ASEL,2022-08-02-01,2022-06-14-13,0.22718886356828744
RID,Geometry,82,ASEL,2022-08-02-01,2022-06-14-13,0.2444101535444032
SMDVR,Geometry,82,ASEL,2022-08-02-01,2022-06-14-13,0.2278840959448274
URXR,Geometry,82,ASEL,2022-08-02-01,2022-06-14-13,0.2335631406289126
RIAR,Geometry,82,ASEL,2022-08-02-01,2022-06-14-13,0.22945836970879632
AVAR,Geometry,82,ASEL,2022-08-02-01,2022-06-14-13,0.2177630937550496
SAAVL,Geometry,82,ASEL,2022-08-02-01,2022-06-14-13,0.23604054480713108
CEPDR,Geometry,82,ASEL,2022-08-02-01,2022-06-14-13,0.23060576676747008
URXL,Geometry,82,ASEL,2022-08-02-01,2022-06-14-13,0.23882599448659636
CEPDL,Geometry,82,ASEL,2022-08-02-01,2022-06-14-13,0.2378505502211505
SMDDR,Geometry,82,ASEL,2022-08-02-01,2022-06-14-13,0.18436784183624258
RMEV,Geometry,82,ASEL,2022-08-02-01,2022-06-14-13,0.18950136344204369
RIAL,Geometry,82,ASEL,2022-08-02-01,2022-06-14-13,0.23033123826210491
AVER,Geometry,82,ASEL,2022-08-02-01,2022-06-14-13,0.2044038915622568
AWAR,Geometry,82,ASEL,2022-08-02-01,2022-06-14-13,0.20495384817071483
SMDVL,Geometry,82,ASEL,2022-08-02-01,2022-06-14-13,0.2240859142815117
AVAL,Geometry,82,ASEL,2022-08-02-01,2022-06-14-13,0.20455382121218973
RMDL,Geometry,82,ASEL,2022-08-02-01,2022-06-14-13,0.18537696722700822
AIBR,Geometry,82,ASEL,2022-08-02-01,2022-06-14-13,0.18094058262254248
ASGR,Geometry,82,ASEL,2022-08-02-01,2022-06-14-13,0.18215901018503283
AVL,Geometry,82,ASEL,2022-08-02-01,2022-06-14-13,0.12514449146161397
AVEL,Geometry,82,ASEL,2022-08-02-01,2022-06-14-13,0.16945362643814857
ASGL,Geometry,82,ASEL,2022-08-02-01,2022-06-14-13,0.16952570715415932
ASHL,Geometry,82,ASEL,2022-08-02-01,2022-06-14-13,0.14818877949288786
AIBL,Geometry,82,ASEL,2022-08-02-01,2022-06-14-13,0.15635519404733458
AVHL,Geometry,82,ASEL,2022-08-02-01,2022-06-14-13,0.13810895469418658
AWBL,Geometry,82,ASEL,2022-08-02-01,2022-06-14-13,0.12489394110153455
RIVL,Geometry,82,ASEL,2022-08-02-01,2022-06-14-13,0.14788303493120325
AWCL,Geometry,82,ASEL,2022-08-02-01,2022-06-14-13,0.11086136566712068
SMDDL,Geometry,82,ASEL,2022-08-02-01,2022-06-14-13,0.08026964421360422
AVJR,Geometry,82,ASEL,2022-08-02-01,2022-06-14-13,0.11126203735413771
AIZL,Geometry,82,ASEL,2022-08-02-01,2022-06-14-13,0.12065791638074995
RIBL,Geometry,82,ASEL,2022-08-02-01,2022-06-14-13,0.09130714533669411
ASEL,Geometry,83,ASEL,2022-08-02-01,2022-06-14-13,0.09917266625470995
AVDR,Geometry,82,ASEL,2022-08-02-01,2022-06-14-13,0.09577043848423285
AVDL,Geometry,82,ASEL,2022-08-02-01,2022-06-14-13,0.09220335729293719
AVJL,Geometry,82,ASEL,2022-08-02-01,2022-06-14-13,0.1131670677775696
RIVR,Geometry,82,ASEL,2022-08-02-01,2022-06-14-13,0.08393597021404169
AIZR,Geometry,82,ASEL,2022-08-02-01,2022-06-14-13,0.06001462268230977
AUAR,Geometry,82,ASEL,2022-08-02-01,2022-06-14-13,0.005801014817190943
AUAL,Geometry,82,ASEL,2022-08-02-01,2022-06-14-13,0.023106398627957506
RICR,Geometry,82,ASEL,2022-08-02-01,2022-06-14-13,0.027403075177551237
RICL,Geometry,82,ASEL,2022-08-02-01,2022-06-14-13,-0.015623365493182838
M5,Geometry,82,ASEL,2022-08-02-01,2022-06-14-13,-0.02996692627597825
AIML,Geometry,82,ASEL,2022-08-02-01,2022-06-14-13,0.8086116860851866
AIMR,Geometry,82,ASEL,2022-08-02-01,2022-06-14-13,-0.09431581963092839
FLPL,Geometry,82,ASEL,2022-08-02-01,2022-06-14-13,-0.0830935327487848
ADEL,Geometry,82,ASEL,2022-08-02-01,2022-06-14-13,-0.0811641738036951
VB02,Geometry,82,ASEL,2022-08-02-01,2022-06-14-13,-0.11932042838550827
ADAL,Geometry,82,ASEL,2022-08-02-01,2022-06-14-13,-0.08704684494085915
I1R,Geometry,82,AVDR,2022-08-02-01,2022-06-14-13,0.0959402729078091
IL2DL,Geometry,82,AVDR,2022-08-02-01,2022-06-14-13,0.11790304530303353
I2R,Geometry,82,AVDR,2022-08-02-01,2022-06-14-13,0.10142639610275106
I3,Geometry,82,AVDR,2022-08-02-01,2022-06-14-13,0.11846357033168041
NSMR,Geometry,82,AVDR,2022-08-02-01,2022-06-14-13,0.10515926076921968
I2L,Geometry,82,AVDR,2022-08-02-01,2022-06-14-13,0.0979065942607874
MCL,Geometry,82,AVDR,2022-08-02-01,2022-06-14-13,0.10121875774381653
NSML,Geometry,82,AVDR,2022-08-02-01,2022-06-14-13,0.10203245138602382
M4,Geometry,82,AVDR,2022-08-02-01,2022-06-14-13,0.1278854564483313
M3R,Geometry,82,AVDR,2022-08-02-01,2022-06-14-13,0.12308713504871063
M3L,Geometry,82,AVDR,2022-08-02-01,2022-06-14-13,0.11876621105171634
IL2VL,Geometry,82,AVDR,2022-08-02-01,2022-06-14-13,0.12311184218067009
IL1R,Geometry,82,AVDR,2022-08-02-01,2022-06-14-13,0.16433968743008898
OLLL,Geometry,82,AVDR,2022-08-02-01,2022-06-14-13,0.1676520241945988
IL2L,Geometry,82,AVDR,2022-08-02-01,2022-06-14-13,0.159993396244478
URBR,Geometry,82,AVDR,2022-08-02-01,2022-06-14-13,0.17938942468429894
OLLR,Geometry,82,AVDR,2022-08-02-01,2022-06-14-13,0.18815773448664347
IL1DL,Geometry,82,AVDR,2022-08-02-01,2022-06-14-13,0.18655470099900004
IL1DR,Geometry,82,AVDR,2022-08-02-01,2022-06-14-13,0.19715239868434695
URYVR,Geometry,82,AVDR,2022-08-02-01,2022-06-14-13,0.17485795768860127
IL2R,Geometry,82,AVDR,2022-08-02-01,2022-06-14-13,0.16989253035494117
URYDL,Geometry,82,AVDR,2022-08-02-01,2022-06-14-13,0.1884536750368462
IL1L,Geometry,82,AVDR,2022-08-02-01,2022-06-14-13,0.16722144844985573
URBL,Geometry,82,AVDR,2022-08-02-01,2022-06-14-13,0.1833283342579635
OLQDR,Geometry,82,AVDR,2022-08-02-01,2022-06-14-13,0.22015169300990728
OLQDL,Geometry,82,AVDR,2022-08-02-01,2022-06-14-13,0.21480502772726273
RMER,Geometry,82,AVDR,2022-08-02-01,2022-06-14-13,0.2103756264709754
OLQVR,Geometry,82,AVDR,2022-08-02-01,2022-06-14-13,0.19652570737577618
URYVL,Geometry,82,AVDR,2022-08-02-01,2022-06-14-13,0.18261875979286893
RMED,Geometry,82,AVDR,2022-08-02-01,2022-06-14-13,0.23883372610488965
RMEL,Geometry,82,AVDR,2022-08-02-01,2022-06-14-13,0.20757272280800132
CEPVR,Geometry,82,AVDR,2022-08-02-01,2022-06-14-13,0.20315254792347032
OLQVL,Geometry,82,AVDR,2022-08-02-01,2022-06-14-13,0.20112746175951252
CEPVL,Geometry,82,AVDR,2022-08-02-01,2022-06-14-13,0.20435634876538816
SAAVR,Geometry,82,AVDR,2022-08-02-01,2022-06-14-13,0.2373270585045984
RID,Geometry,82,AVDR,2022-08-02-01,2022-06-14-13,0.2449569610593199
SMDVR,Geometry,82,AVDR,2022-08-02-01,2022-06-14-13,0.23774874884993819
URXR,Geometry,82,AVDR,2022-08-02-01,2022-06-14-13,0.23921560972170272
RIAR,Geometry,82,AVDR,2022-08-02-01,2022-06-14-13,0.23576162132204276
AVAR,Geometry,82,AVDR,2022-08-02-01,2022-06-14-13,0.22793598950436467
SAAVL,Geometry,82,AVDR,2022-08-02-01,2022-06-14-13,0.2260906409313913
CEPDR,Geometry,82,AVDR,2022-08-02-01,2022-06-14-13,0.23854394519920494
URXL,Geometry,82,AVDR,2022-08-02-01,2022-06-14-13,0.23426218266954932
CEPDL,Geometry,82,AVDR,2022-08-02-01,2022-06-14-13,0.22836294347489022
SMDDR,Geometry,82,AVDR,2022-08-02-01,2022-06-14-13,0.18855272450165225
RMEV,Geometry,82,AVDR,2022-08-02-01,2022-06-14-13,0.19043944460520562
RIAL,Geometry,82,AVDR,2022-08-02-01,2022-06-14-13,0.21848156263553095
AVER,Geometry,82,AVDR,2022-08-02-01,2022-06-14-13,0.21115605850084457
AWAR,Geometry,82,AVDR,2022-08-02-01,2022-06-14-13,0.21152555338850343
SMDVL,Geometry,82,AVDR,2022-08-02-01,2022-06-14-13,0.20938236240912597
AVAL,Geometry,82,AVDR,2022-08-02-01,2022-06-14-13,0.18832787704528137
RMDL,Geometry,82,AVDR,2022-08-02-01,2022-06-14-13,0.16952363203586557
AIBR,Geometry,82,AVDR,2022-08-02-01,2022-06-14-13,0.1855807076212133
ASGR,Geometry,82,AVDR,2022-08-02-01,2022-06-14-13,0.18564868370944296
AVL,Geometry,82,AVDR,2022-08-02-01,2022-06-14-13,0.12685968545677184
AVEL,Geometry,82,AVDR,2022-08-02-01,2022-06-14-13,0.15267203385159145
ASGL,Geometry,82,AVDR,2022-08-02-01,2022-06-14-13,0.149022135479503
ASHL,Geometry,82,AVDR,2022-08-02-01,2022-06-14-13,0.12541745871468488
AIBL,Geometry,82,AVDR,2022-08-02-01,2022-06-14-13,0.1509224104388618
AVHL,Geometry,82,AVDR,2022-08-02-01,2022-06-14-13,0.11756152733732918
AWBL,Geometry,82,AVDR,2022-08-02-01,2022-06-14-13,0.10449863761198176
RIVL,Geometry,82,AVDR,2022-08-02-01,2022-06-14-13,0.12906111694033354
AWCL,Geometry,82,AVDR,2022-08-02-01,2022-06-14-13,0.08917915452900729
SMDDL,Geometry,82,AVDR,2022-08-02-01,2022-06-14-13,0.06650276233515968
AVJR,Geometry,82,AVDR,2022-08-02-01,2022-06-14-13,0.1154101085164416
AIZL,Geometry,82,AVDR,2022-08-02-01,2022-06-14-13,0.09891697698982951
RIBL,Geometry,82,AVDR,2022-08-02-01,2022-06-14-13,0.07465145254271277
ASEL,Geometry,82,AVDR,2022-08-02-01,2022-06-14-13,0.07408211742890494
AVDR,Geometry,83,AVDR,2022-08-02-01,2022-06-14-13,0.10548672554565301
AVDL,Geometry,82,AVDR,2022-08-02-01,2022-06-14-13,0.07234988214635092
AVJL,Geometry,82,AVDR,2022-08-02-01,2022-06-14-13,0.09481131217038165
RIVR,Geometry,82,AVDR,2022-08-02-01,2022-06-14-13,0.08610066211855491
AIZR,Geometry,82,AVDR,2022-08-02-01,2022-06-14-13,0.06352379001066868
AUAR,Geometry,82,AVDR,2022-08-02-01,2022-06-14-13,-0.008623042007050696
AUAL,Geometry,82,AVDR,2022-08-02-01,2022-06-14-13,0.0060688396416706085
RICR,Geometry,82,AVDR,2022-08-02-01,2022-06-14-13,0.028910506610391847
RICL,Geometry,82,AVDR,2022-08-02-01,2022-06-14-13,-0.0309440851442336
M5,Geometry,82,AVDR,2022-08-02-01,2022-06-14-13,-0.04281916295505308
AIML,Geometry,82,AVDR,2022-08-02-01,2022-06-14-13,0.7702015810884485
AIMR,Geometry,82,AVDR,2022-08-02-01,2022-06-14-13,-0.09835005989763632
FLPL,Geometry,82,AVDR,2022-08-02-01,2022-06-14-13,-0.09472888665798516
ADEL,Geometry,82,AVDR,2022-08-02-01,2022-06-14-13,-0.09167060932804924
VB02,Geometry,82,AVDR,2022-08-02-01,2022-06-14-13,-0.12705799980511642
ADAL,Geometry,82,AVDR,2022-08-02-01,2022-06-14-13,-0.09688089990331951
I1R,Geometry,82,AVDL,2022-08-02-01,2022-06-14-13,0.08410685715914834
IL2DL,Geometry,82,AVDL,2022-08-02-01,2022-06-14-13,0.10820573101689031
I2R,Geometry,82,AVDL,2022-08-02-01,2022-06-14-13,0.08786695884776599
I3,Geometry,82,AVDL,2022-08-02-01,2022-06-14-13,0.10759680326321841
NSMR,Geometry,82,AVDL,2022-08-02-01,2022-06-14-13,0.09160840576347669
I2L,Geometry,82,AVDL,2022-08-02-01,2022-06-14-13,0.08860374653049506
MCL,Geometry,82,AVDL,2022-08-02-01,2022-06-14-13,0.09103029746961297
NSML,Geometry,82,AVDL,2022-08-02-01,2022-06-14-13,0.09253708316949796
M4,Geometry,82,AVDL,2022-08-02-01,2022-06-14-13,0.11692797880872757
M3R,Geometry,82,AVDL,2022-08-02-01,2022-06-14-13,0.10920291044678457
M3L,Geometry,82,AVDL,2022-08-02-01,2022-06-14-13,0.10940797480312273
IL2VL,Geometry,82,AVDL,2022-08-02-01,2022-06-14-13,0.11329285905522882
IL1R,Geometry,82,AVDL,2022-08-02-01,2022-06-14-13,0.1484137838048989
OLLL,Geometry,82,AVDL,2022-08-02-01,2022-06-14-13,0.1608917949863875
IL2L,Geometry,82,AVDL,2022-08-02-01,2022-06-14-13,0.15421587558064412
URBR,Geometry,82,AVDL,2022-08-02-01,2022-06-14-13,0.16333785250087426
OLLR,Geometry,82,AVDL,2022-08-02-01,2022-06-14-13,0.17302833620670713
IL1DL,Geometry,82,AVDL,2022-08-02-01,2022-06-14-13,0.17912865896804214
IL1DR,Geometry,82,AVDL,2022-08-02-01,2022-06-14-13,0.18485671678959548
URYVR,Geometry,82,AVDL,2022-08-02-01,2022-06-14-13,0.15913112996103243
IL2R,Geometry,82,AVDL,2022-08-02-01,2022-06-14-13,0.15374131814592742
URYDL,Geometry,82,AVDL,2022-08-02-01,2022-06-14-13,0.18298172555788822
IL1L,Geometry,82,AVDL,2022-08-02-01,2022-06-14-13,0.16176436196573807
URBL,Geometry,82,AVDL,2022-08-02-01,2022-06-14-13,0.18013744415072314
OLQDR,Geometry,82,AVDL,2022-08-02-01,2022-06-14-13,0.208492724441346
OLQDL,Geometry,82,AVDL,2022-08-02-01,2022-06-14-13,0.20941637991549827
RMER,Geometry,82,AVDL,2022-08-02-01,2022-06-14-13,0.19412142131341995
OLQVR,Geometry,82,AVDL,2022-08-02-01,2022-06-14-13,0.18086765520941628
URYVL,Geometry,82,AVDL,2022-08-02-01,2022-06-14-13,0.17663045848362077
RMED,Geometry,82,AVDL,2022-08-02-01,2022-06-14-13,0.23105855326172287
RMEL,Geometry,82,AVDL,2022-08-02-01,2022-06-14-13,0.20863917822818295
CEPVR,Geometry,82,AVDL,2022-08-02-01,2022-06-14-13,0.18998714513720644
OLQVL,Geometry,82,AVDL,2022-08-02-01,2022-06-14-13,0.19707946491099848
CEPVL,Geometry,82,AVDL,2022-08-02-01,2022-06-14-13,0.1992137980262813
SAAVR,Geometry,82,AVDL,2022-08-02-01,2022-06-14-13,0.22468191005038593
RID,Geometry,82,AVDL,2022-08-02-01,2022-06-14-13,0.2435954434776229
SMDVR,Geometry,82,AVDL,2022-08-02-01,2022-06-14-13,0.22651217430509485
URXR,Geometry,82,AVDL,2022-08-02-01,2022-06-14-13,0.2327380163631558
RIAR,Geometry,82,AVDL,2022-08-02-01,2022-06-14-13,0.22806902095548018
AVAR,Geometry,82,AVDL,2022-08-02-01,2022-06-14-13,0.21556336947608207
SAAVL,Geometry,82,AVDL,2022-08-02-01,2022-06-14-13,0.23483213585222645
CEPDR,Geometry,82,AVDL,2022-08-02-01,2022-06-14-13,0.2299831678218381
URXL,Geometry,82,AVDL,2022-08-02-01,2022-06-14-13,0.2385945565863491
CEPDL,Geometry,82,AVDL,2022-08-02-01,2022-06-14-13,0.23807241503121904
SMDDR,Geometry,82,AVDL,2022-08-02-01,2022-06-14-13,0.18104543881495536
RMEV,Geometry,82,AVDL,2022-08-02-01,2022-06-14-13,0.18655193809078188
RIAL,Geometry,82,AVDL,2022-08-02-01,2022-06-14-13,0.2299882635185921
AVER,Geometry,82,AVDL,2022-08-02-01,2022-06-14-13,0.20267600724342374
AWAR,Geometry,82,AVDL,2022-08-02-01,2022-06-14-13,0.20487838255712504
SMDVL,Geometry,82,AVDL,2022-08-02-01,2022-06-14-13,0.22517297725312002
AVAL,Geometry,82,AVDL,2022-08-02-01,2022-06-14-13,0.2040925660288821
RMDL,Geometry,82,AVDL,2022-08-02-01,2022-06-14-13,0.18499099606936875
AIBR,Geometry,82,AVDL,2022-08-02-01,2022-06-14-13,0.18061528098477295
ASGR,Geometry,82,AVDL,2022-08-02-01,2022-06-14-13,0.1828995300190282
AVL,Geometry,82,AVDL,2022-08-02-01,2022-06-14-13,0.12390238225876023
AVEL,Geometry,82,AVDL,2022-08-02-01,2022-06-14-13,0.1700242383753248
ASGL,Geometry,82,AVDL,2022-08-02-01,2022-06-14-13,0.1714785594981478
ASHL,Geometry,82,AVDL,2022-08-02-01,2022-06-14-13,0.1503742060956
AIBL,Geometry,82,AVDL,2022-08-02-01,2022-06-14-13,0.15996251311942233
AVHL,Geometry,82,AVDL,2022-08-02-01,2022-06-14-13,0.1401050362376831
AWBL,Geometry,82,AVDL,2022-08-02-01,2022-06-14-13,0.12697599716964428
RIVL,Geometry,82,AVDL,2022-08-02-01,2022-06-14-13,0.15058347118271986
AWCL,Geometry,82,AVDL,2022-08-02-01,2022-06-14-13,0.11321528026876983
SMDDL,Geometry,82,AVDL,2022-08-02-01,2022-06-14-13,0.08165661670008442
AVJR,Geometry,82,AVDL,2022-08-02-01,2022-06-14-13,0.11363088015482467
AIZL,Geometry,82,AVDL,2022-08-02-01,2022-06-14-13,0.12362062691404996
RIBL,Geometry,82,AVDL,2022-08-02-01,2022-06-14-13,0.09390688472159013
ASEL,Geometry,82,AVDL,2022-08-02-01,2022-06-14-13,0.09681936727538923
AVDR,Geometry,82,AVDL,2022-08-02-01,2022-06-14-13,0.09809654247645798
AVDL,Geometry,83,AVDL,2022-08-02-01,2022-06-14-13,0.10016336295614552
AVJL,Geometry,82,AVDL,2022-08-02-01,2022-06-14-13,0.11660938569543344
RIVR,Geometry,82,AVDL,2022-08-02-01,2022-06-14-13,0.0869764045484883
AIZR,Geometry,82,AVDL,2022-08-02-01,2022-06-14-13,0.062838319866174
AUAR,Geometry,82,AVDL,2022-08-02-01,2022-06-14-13,0.008529540214044389
AUAL,Geometry,82,AVDL,2022-08-02-01,2022-06-14-13,0.026633427186912847
RICR,Geometry,82,AVDL,2022-08-02-01,2022-06-14-13,0.03032805688193971
RICL,Geometry,82,AVDL,2022-08-02-01,2022-06-14-13,-0.012013830847784023
M5,Geometry,82,AVDL,2022-08-02-01,2022-06-14-13,-0.025603740867153033
AIML,Geometry,82,AVDL,2022-08-02-01,2022-06-14-13,0.8172136426861063
AIMR,Geometry,82,AVDL,2022-08-02-01,2022-06-14-13,-0.090562029182138
FLPL,Geometry,82,AVDL,2022-08-02-01,2022-06-14-13,-0.07839141055910306
ADEL,Geometry,82,AVDL,2022-08-02-01,2022-06-14-13,-0.07629900553763942
VB02,Geometry,82,AVDL,2022-08-02-01,2022-06-14-13,-0.11478575046996177
ADAL,Geometry,82,AVDL,2022-08-02-01,2022-06-14-13,-0.08223511682381866
I1R,Geometry,82,AVJL,2022-08-02-01,2022-06-14-13,0.07329019056507918
IL2DL,Geometry,82,AVJL,2022-08-02-01,2022-06-14-13,0.09657647454468762
I2R,Geometry,82,AVJL,2022-08-02-01,2022-06-14-13,0.0769648547063568
I3,Geometry,82,AVJL,2022-08-02-01,2022-06-14-13,0.09608355165846053
NSMR,Geometry,82,AVJL,2022-08-02-01,2022-06-14-13,0.08062349034766426
I2L,Geometry,82,AVJL,2022-08-02-01,2022-06-14-13,0.07778053087295503
MCL,Geometry,82,AVJL,2022-08-02-01,2022-06-14-13,0.08008243669921988
NSML,Geometry,82,AVJL,2022-08-02-01,2022-06-14-13,0.08165126169096616
M4,Geometry,82,AVJL,2022-08-02-01,2022-06-14-13,0.10529990120819505
M3R,Geometry,82,AVJL,2022-08-02-01,2022-06-14-13,0.09795149017695469
M3L,Geometry,82,AVJL,2022-08-02-01,2022-06-14-13,0.09830662638150826
IL2VL,Geometry,82,AVJL,2022-08-02-01,2022-06-14-13,0.10250627295575308
IL1R,Geometry,82,AVJL,2022-08-02-01,2022-06-14-13,0.1370551857875113
OLLL,Geometry,82,AVJL,2022-08-02-01,2022-06-14-13,0.1494228790199141
IL2L,Geometry,82,AVJL,2022-08-02-01,2022-06-14-13,0.14294822167852403
URBR,Geometry,82,AVJL,2022-08-02-01,2022-06-14-13,0.15206133844957234
OLLR,Geometry,82,AVJL,2022-08-02-01,2022-06-14-13,0.16159543900676387
IL1DL,Geometry,82,AVJL,2022-08-02-01,2022-06-14-13,0.16750768541857367
IL1DR,Geometry,82,AVJL,2022-08-02-01,2022-06-14-13,0.17331467097367462
URYVR,Geometry,82,AVJL,2022-08-02-01,2022-06-14-13,0.14832534589702412
IL2R,Geometry,82,AVJL,2022-08-02-01,2022-06-14-13,0.14328291081879405
URYDL,Geometry,82,AVJL,2022-08-02-01,2022-06-14-13,0.17159120108585094
IL1L,Geometry,82,AVJL,2022-08-02-01,2022-06-14-13,0.15092696129447414
URBL,Geometry,82,AVJL,2022-08-02-01,2022-06-14-13,0.16937891047183865
OLQDR,Geometry,82,AVJL,2022-08-02-01,2022-06-14-13,0.19753642670920496
OLQDL,Geometry,82,AVJL,2022-08-02-01,2022-06-14-13,0.19840955448324912
RMER,Geometry,82,AVJL,2022-08-02-01,2022-06-14-13,0.18376534885497425
OLQVR,Geometry,82,AVJL,2022-08-02-01,2022-06-14-13,0.17097438904842363
URYVL,Geometry,82,AVJL,2022-08-02-01,2022-06-14-13,0.1666472727375407
RMED,Geometry,82,AVJL,2022-08-02-01,2022-06-14-13,0.22107760806396068
RMEL,Geometry,82,AVJL,2022-08-02-01,2022-06-14-13,0.19941543760030386
CEPVR,Geometry,82,AVJL,2022-08-02-01,2022-06-14-13,0.1816075401569939
OLQVL,Geometry,82,AVJL,2022-08-02-01,2022-06-14-13,0.18853066094502846
CEPVL,Geometry,82,AVJL,2022-08-02-01,2022-06-14-13,0.1926421997894802
SAAVR,Geometry,82,AVJL,2022-08-02-01,2022-06-14-13,0.21780586190125953
RID,Geometry,82,AVJL,2022-08-02-01,2022-06-14-13,0.23626588348163666
SMDVR,Geometry,82,AVJL,2022-08-02-01,2022-06-14-13,0.22062148646084387
URXR,Geometry,82,AVJL,2022-08-02-01,2022-06-14-13,0.22684891630486428
RIAR,Geometry,82,AVJL,2022-08-02-01,2022-06-14-13,0.222399072893198
AVAR,Geometry,82,AVJL,2022-08-02-01,2022-06-14-13,0.2103803826906672
SAAVL,Geometry,82,AVJL,2022-08-02-01,2022-06-14-13,0.2288116674927303
CEPDR,Geometry,82,AVJL,2022-08-02-01,2022-06-14-13,0.22447264672937836
URXL,Geometry,82,AVJL,2022-08-02-01,2022-06-14-13,0.2330200218383365
CEPDL,Geometry,82,AVJL,2022-08-02-01,2022-06-14-13,0.2330452327476246
SMDDR,Geometry,82,AVJL,2022-08-02-01,2022-06-14-13,0.1775875051181232
RMEV,Geometry,82,AVJL,2022-08-02-01,2022-06-14-13,0.18337319421868092
RIAL,Geometry,82,AVJL,2022-08-02-01,2022-06-14-13,0.22558068512600768
AVER,Geometry,82,AVJL,2022-08-02-01,2022-06-14-13,0.19960155439862967
AWAR,Geometry,82,AVJL,2022-08-02-01,2022-06-14-13,0.2024820621318395
SMDVL,Geometry,82,AVJL,2022-08-02-01,2022-06-14-13,0.22217375269533937
AVAL,Geometry,82,AVJL,2022-08-02-01,2022-06-14-13,0.20194436811239036
RMDL,Geometry,82,AVJL,2022-08-02-01,2022-06-14-13,0.1841976855171221
AIBR,Geometry,82,AVJL,2022-08-02-01,2022-06-14-13,0.1800897935119305
ASGR,Geometry,82,AVJL,2022-08-02-01,2022-06-14-13,0.18271696190262737
AVL,Geometry,82,AVJL,2022-08-02-01,2022-06-14-13,0.12573961424859523
AVEL,Geometry,82,AVJL,2022-08-02-01,2022-06-14-13,0.17092524346322427
ASGL,Geometry,82,AVJL,2022-08-02-01,2022-06-14-13,0.1730150407193984
ASHL,Geometry,82,AVJL,2022-08-02-01,2022-06-14-13,0.15274320062280614
AIBL,Geometry,82,AVJL,2022-08-02-01,2022-06-14-13,0.16209712702512172
AVHL,Geometry,82,AVJL,2022-08-02-01,2022-06-14-13,0.14367414770871875
AWBL,Geometry,82,AVJL,2022-08-02-01,2022-06-14-13,0.13117664232777787
RIVL,Geometry,82,AVJL,2022-08-02-01,2022-06-14-13,0.15293015402018084
AWCL,Geometry,82,AVJL,2022-08-02-01,2022-06-14-13,0.11771637978110139
SMDDL,Geometry,82,AVJL,2022-08-02-01,2022-06-14-13,0.08685317821315558
AVJR,Geometry,82,AVJL,2022-08-02-01,2022-06-14-13,0.11747729843429759
AIZL,Geometry,82,AVJL,2022-08-02-01,2022-06-14-13,0.12735099537865915
RIBL,Geometry,82,AVJL,2022-08-02-01,2022-06-14-13,0.09981192918931876
ASEL,Geometry,82,AVJL,2022-08-02-01,2022-06-14-13,0.10277881769276712
AVDR,Geometry,82,AVJL,2022-08-02-01,2022-06-14-13,0.10256178275745804
AVDL,Geometry,82,AVJL,2022-08-02-01,2022-06-14-13,0.10074821956049111
AVJL,Geometry,83,AVJL,2022-08-02-01,2022-06-14-13,0.12595558747132526
RIVR,Geometry,82,AVJL,2022-08-02-01,2022-06-14-13,0.09213374330638242
AIZR,Geometry,82,AVJL,2022-08-02-01,2022-06-14-13,0.06874455657411888
AUAR,Geometry,82,AVJL,2022-08-02-01,2022-06-14-13,0.01701923419745389
AUAL,Geometry,82,AVJL,2022-08-02-01,2022-06-14-13,0.03501849497630827
RICR,Geometry,82,AVJL,2022-08-02-01,2022-06-14-13,0.03735674876562169
RICL,Geometry,82,AVJL,2022-08-02-01,2022-06-14-13,-0.00309839147348666
M5,Geometry,82,AVJL,2022-08-02-01,2022-06-14-13,-0.016682270601707502
AIML,Geometry,82,AVJL,2022-08-02-01,2022-06-14-13,0.8598096754940918
AIMR,Geometry,82,AVJL,2022-08-02-01,2022-06-14-13,-0.0802106467986493
FLPL,Geometry,82,AVJL,2022-08-02-01,2022-06-14-13,-0.06799935256955485
ADEL,Geometry,82,AVJL,2022-08-02-01,2022-06-14-13,-0.06579771827895291
VB02,Geometry,82,AVJL,2022-08-02-01,2022-06-14-13,-0.10343417077901047
ADAL,Geometry,82,AVJL,2022-08-02-01,2022-06-14-13,-0.07158870638872761
I1R,Geometry,82,RIVR,2022-08-02-01,2022-06-14-13,0.11066080819443998
IL2DL,Geometry,82,RIVR,2022-08-02-01,2022-06-14-13,0.13465615975710998
I2R,Geometry,82,RIVR,2022-08-02-01,2022-06-14-13,0.11615848827426173
I3,Geometry,82,RIVR,2022-08-02-01,2022-06-14-13,0.13492482330315125
NSMR,Geometry,82,RIVR,2022-08-02-01,2022-06-14-13,0.12013135334620141
I2L,Geometry,82,RIVR,2022-08-02-01,2022-06-14-13,0.11324561389528799
MCL,Geometry,82,RIVR,2022-08-02-01,2022-06-14-13,0.11663146074243122
NSML,Geometry,82,RIVR,2022-08-02-01,2022-06-14-13,0.11754658573706221
M4,Geometry,82,RIVR,2022-08-02-01,2022-06-14-13,0.14454930005695762
M3R,Geometry,82,RIVR,2022-08-02-01,2022-06-14-13,0.138934808989613
M3L,Geometry,82,RIVR,2022-08-02-01,2022-06-14-13,0.13508680150402574
IL2VL,Geometry,82,RIVR,2022-08-02-01,2022-06-14-13,0.1392111089281303
IL1R,Geometry,82,RIVR,2022-08-02-01,2022-06-14-13,0.1810903266219952
OLLL,Geometry,82,RIVR,2022-08-02-01,2022-06-14-13,0.1863738970048278
IL2L,Geometry,82,RIVR,2022-08-02-01,2022-06-14-13,0.1784038301964272
URBR,Geometry,82,RIVR,2022-08-02-01,2022-06-14-13,0.19644921375120777
OLLR,Geometry,82,RIVR,2022-08-02-01,2022-06-14-13,0.2058443721916075
IL1DL,Geometry,82,RIVR,2022-08-02-01,2022-06-14-13,0.20584388840682183
IL1DR,Geometry,82,RIVR,2022-08-02-01,2022-06-14-13,0.21575370043085082
URYVR,Geometry,82,RIVR,2022-08-02-01,2022-06-14-13,0.19113772723904118
IL2R,Geometry,82,RIVR,2022-08-02-01,2022-06-14-13,0.18528996507650525
URYDL,Geometry,82,RIVR,2022-08-02-01,2022-06-14-13,0.2078403143595009
IL1L,Geometry,82,RIVR,2022-08-02-01,2022-06-14-13,0.18530443106412703
URBL,Geometry,82,RIVR,2022-08-02-01,2022-06-14-13,0.20215716262662242
OLQDR,Geometry,82,RIVR,2022-08-02-01,2022-06-14-13,0.2385740119584152
OLQDL,Geometry,82,RIVR,2022-08-02-01,2022-06-14-13,0.2342460903393995
RMER,Geometry,82,RIVR,2022-08-02-01,2022-06-14-13,0.22686397703975567
OLQVR,Geometry,82,RIVR,2022-08-02-01,2022-06-14-13,0.212209117691382
URYVL,Geometry,82,RIVR,2022-08-02-01,2022-06-14-13,0.1998182118763367
RMED,Geometry,82,RIVR,2022-08-02-01,2022-06-14-13,0.25687363280119857
RMEL,Geometry,82,RIVR,2022-08-02-01,2022-06-14-13,0.22521015944118192
CEPVR,Geometry,82,RIVR,2022-08-02-01,2022-06-14-13,0.21710655958104855
OLQVL,Geometry,82,RIVR,2022-08-02-01,2022-06-14-13,0.21692214804130908
CEPVL,Geometry,82,RIVR,2022-08-02-01,2022-06-14-13,0.21690418802306288
SAAVR,Geometry,82,RIVR,2022-08-02-01,2022-06-14-13,0.24970268674284746
RID,Geometry,82,RIVR,2022-08-02-01,2022-06-14-13,0.26001505476396397
SMDVR,Geometry,82,RIVR,2022-08-02-01,2022-06-14-13,0.24873778118671788
URXR,Geometry,82,RIVR,2022-08-02-01,2022-06-14-13,0.2511199265418951
RIAR,Geometry,82,RIVR,2022-08-02-01,2022-06-14-13,0.24728519238735056
AVAR,Geometry,82,RIVR,2022-08-02-01,2022-06-14-13,0.23760590206584142
SAAVL,Geometry,82,RIVR,2022-08-02-01,2022-06-14-13,0.24038804545354514
CEPDR,Geometry,82,RIVR,2022-08-02-01,2022-06-14-13,0.24905398618447983
URXL,Geometry,82,RIVR,2022-08-02-01,2022-06-14-13,0.24744721684857668
CEPDL,Geometry,82,RIVR,2022-08-02-01,2022-06-14-13,0.24124507318635524
SMDDR,Geometry,82,RIVR,2022-08-02-01,2022-06-14-13,0.1954207417784656
RMEV,Geometry,82,RIVR,2022-08-02-01,2022-06-14-13,0.1973663314477264
RIAL,Geometry,82,RIVR,2022-08-02-01,2022-06-14-13,0.23043308419265915
AVER,Geometry,82,RIVR,2022-08-02-01,2022-06-14-13,0.21754767287480886
AWAR,Geometry,82,RIVR,2022-08-02-01,2022-06-14-13,0.2174967955410809
SMDVL,Geometry,82,RIVR,2022-08-02-01,2022-06-14-13,0.21966963722763053
AVAL,Geometry,82,RIVR,2022-08-02-01,2022-06-14-13,0.19658437691041633
RMDL,Geometry,82,RIVR,2022-08-02-01,2022-06-14-13,0.17539204661193838
AIBR,Geometry,82,RIVR,2022-08-02-01,2022-06-14-13,0.18842124505819105
ASGR,Geometry,82,RIVR,2022-08-02-01,2022-06-14-13,0.18780237230812696
AVL,Geometry,82,RIVR,2022-08-02-01,2022-06-14-13,0.12533177064850318
AVEL,Geometry,82,RIVR,2022-08-02-01,2022-06-14-13,0.1560218445110744
ASGL,Geometry,82,RIVR,2022-08-02-01,2022-06-14-13,0.1524184275321321
ASHL,Geometry,82,RIVR,2022-08-02-01,2022-06-14-13,0.12777289278869283
AIBL,Geometry,82,RIVR,2022-08-02-01,2022-06-14-13,0.1521235237024687
AVHL,Geometry,82,RIVR,2022-08-02-01,2022-06-14-13,0.11775235055569547
AWBL,Geometry,82,RIVR,2022-08-02-01,2022-06-14-13,0.10378409401411903
RIVL,Geometry,82,RIVR,2022-08-02-01,2022-06-14-13,0.1301773791314058
AWCL,Geometry,82,RIVR,2022-08-02-01,2022-06-14-13,0.08837199445998575
SMDDL,Geometry,82,RIVR,2022-08-02-01,2022-06-14-13,0.06289371906449819
AVJR,Geometry,82,RIVR,2022-08-02-01,2022-06-14-13,0.11073468814162961
AIZL,Geometry,82,RIVR,2022-08-02-01,2022-06-14-13,0.09843492421326591
RIBL,Geometry,82,RIVR,2022-08-02-01,2022-06-14-13,0.0711436627878206
ASEL,Geometry,82,RIVR,2022-08-02-01,2022-06-14-13,0.07146076175598268
AVDR,Geometry,82,RIVR,2022-08-02-01,2022-06-14-13,0.09466077197214019
AVDL,Geometry,82,RIVR,2022-08-02-01,2022-06-14-13,0.0693585540645981
AVJL,Geometry,82,RIVR,2022-08-02-01,2022-06-14-13,0.09326629275344583
RIVR,Geometry,83,RIVR,2022-08-02-01,2022-06-14-13,0.08420284202346573
AIZR,Geometry,82,RIVR,2022-08-02-01,2022-06-14-13,0.0565376723822209
AUAR,Geometry,82,RIVR,2022-08-02-01,2022-06-14-13,-0.01568335323665334
AUAL,Geometry,82,RIVR,2022-08-02-01,2022-06-14-13,-0.0002641923483209459
RICR,Geometry,82,RIVR,2022-08-02-01,2022-06-14-13,0.02002249494911668
RICL,Geometry,82,RIVR,2022-08-02-01,2022-06-14-13,-0.03929138192784598
M5,Geometry,82,RIVR,2022-08-02-01,2022-06-14-13,-0.05355172949234529
AIML,Geometry,82,RIVR,2022-08-02-01,2022-06-14-13,0.683101447568776
AIMR,Geometry,82,RIVR,2022-08-02-01,2022-06-14-13,-0.11136531276990287
FLPL,Geometry,82,RIVR,2022-08-02-01,2022-06-14-13,-0.10666090972860313
ADEL,Geometry,82,RIVR,2022-08-02-01,2022-06-14-13,-0.1042598959805997
VB02,Geometry,82,RIVR,2022-08-02-01,2022-06-14-13,-0.14061759564500748
ADAL,Geometry,82,RIVR,2022-08-02-01,2022-06-14-13,-0.11002075168471302
I1R,Geometry,82,AIZR,2022-08-02-01,2022-06-14-13,0.07529605465873848
IL2DL,Geometry,82,AIZR,2022-08-02-01,2022-06-14-13,0.09559951597216709
I2R,Geometry,82,AIZR,2022-08-02-01,2022-06-14-13,0.08029583653581866
I3,Geometry,82,AIZR,2022-08-02-01,2022-06-14-13,0.09617600342470013
NSMR,Geometry,82,AIZR,2022-08-02-01,2022-06-14-13,0.08380327579137263
I2L,Geometry,82,AIZR,2022-08-02-01,2022-06-14-13,0.07764147821939835
MCL,Geometry,82,AIZR,2022-08-02-01,2022-06-14-13,0.08051581471252
NSML,Geometry,82,AIZR,2022-08-02-01,2022-06-14-13,0.08157491915618419
M4,Geometry,82,AIZR,2022-08-02-01,2022-06-14-13,0.1055118848964337
M3R,Geometry,82,AIZR,2022-08-02-01,2022-06-14-13,0.10087042843628809
M3L,Geometry,82,AIZR,2022-08-02-01,2022-06-14-13,0.09771380196279085
IL2VL,Geometry,82,AIZR,2022-08-02-01,2022-06-14-13,0.10258650164102968
IL1R,Geometry,82,AIZR,2022-08-02-01,2022-06-14-13,0.14083146625187726
OLLL,Geometry,82,AIZR,2022-08-02-01,2022-06-14-13,0.14521870661273312
IL2L,Geometry,82,AIZR,2022-08-02-01,2022-06-14-13,0.13836370417414873
URBR,Geometry,82,AIZR,2022-08-02-01,2022-06-14-13,0.1555883471065323
OLLR,Geometry,82,AIZR,2022-08-02-01,2022-06-14-13,0.16387306623053713
IL1DL,Geometry,82,AIZR,2022-08-02-01,2022-06-14-13,0.16318940885037353
IL1DR,Geometry,82,AIZR,2022-08-02-01,2022-06-14-13,0.1728129267875857
URYVR,Geometry,82,AIZR,2022-08-02-01,2022-06-14-13,0.15241260258737493
IL2R,Geometry,82,AIZR,2022-08-02-01,2022-06-14-13,0.1485107959022735
URYDL,Geometry,82,AIZR,2022-08-02-01,2022-06-14-13,0.16584351367061415
IL1L,Geometry,82,AIZR,2022-08-02-01,2022-06-14-13,0.14644472429022481
URBL,Geometry,82,AIZR,2022-08-02-01,2022-06-14-13,0.16259117888164876
OLQDR,Geometry,82,AIZR,2022-08-02-01,2022-06-14-13,0.19630119564923343
OLQDL,Geometry,82,AIZR,2022-08-02-01,2022-06-14-13,0.19220116332565296
RMER,Geometry,82,AIZR,2022-08-02-01,2022-06-14-13,0.18751042831911616
OLQVR,Geometry,82,AIZR,2022-08-02-01,2022-06-14-13,0.17526868309362906
URYVL,Geometry,82,AIZR,2022-08-02-01,2022-06-14-13,0.16324706312371115
RMED,Geometry,82,AIZR,2022-08-02-01,2022-06-14-13,0.21660735951246976
RMEL,Geometry,82,AIZR,2022-08-02-01,2022-06-14-13,0.19020100949542398
CEPVR,Geometry,82,AIZR,2022-08-02-01,2022-06-14-13,0.1853126764294211
OLQVL,Geometry,82,AIZR,2022-08-02-01,2022-06-14-13,0.18448163498416625
CEPVL,Geometry,82,AIZR,2022-08-02-01,2022-06-14-13,0.1912054231818784
SAAVR,Geometry,82,AIZR,2022-08-02-01,2022-06-14-13,0.21997819156089585
RID,Geometry,82,AIZR,2022-08-02-01,2022-06-14-13,0.22752223532024482
SMDVR,Geometry,82,AIZR,2022-08-02-01,2022-06-14-13,0.22153130336677843
URXR,Geometry,82,AIZR,2022-08-02-01,2022-06-14-13,0.22347223961718252
RIAR,Geometry,82,AIZR,2022-08-02-01,2022-06-14-13,0.22074891994558823
AVAR,Geometry,82,AIZR,2022-08-02-01,2022-06-14-13,0.2138620212297198
SAAVL,Geometry,82,AIZR,2022-08-02-01,2022-06-14-13,0.21412743129986225
CEPDR,Geometry,82,AIZR,2022-08-02-01,2022-06-14-13,0.22303328246193777
URXL,Geometry,82,AIZR,2022-08-02-01,2022-06-14-13,0.2210446609375957
CEPDL,Geometry,82,AIZR,2022-08-02-01,2022-06-14-13,0.21709711149354116
SMDDR,Geometry,82,AIZR,2022-08-02-01,2022-06-14-13,0.17947732479027328
RMEV,Geometry,82,AIZR,2022-08-02-01,2022-06-14-13,0.18368903510099607
RIAL,Geometry,82,AIZR,2022-08-02-01,2022-06-14-13,0.2095587414462856
AVER,Geometry,82,AIZR,2022-08-02-01,2022-06-14-13,0.20215105667222089
AWAR,Geometry,82,AIZR,2022-08-02-01,2022-06-14-13,0.20241504558700793
SMDVL,Geometry,82,AIZR,2022-08-02-01,2022-06-14-13,0.2027577638552682
AVAL,Geometry,82,AIZR,2022-08-02-01,2022-06-14-13,0.18534486789220733
RMDL,Geometry,82,AIZR,2022-08-02-01,2022-06-14-13,0.16921990999849246
AIBR,Geometry,82,AIZR,2022-08-02-01,2022-06-14-13,0.18128010160177532
ASGR,Geometry,82,AIZR,2022-08-02-01,2022-06-14-13,0.18172193682421783
AVL,Geometry,82,AIZR,2022-08-02-01,2022-06-14-13,0.12949770565211463
AVEL,Geometry,82,AIZR,2022-08-02-01,2022-06-14-13,0.1553714545572184
ASGL,Geometry,82,AIZR,2022-08-02-01,2022-06-14-13,0.15253894040883043
ASHL,Geometry,82,AIZR,2022-08-02-01,2022-06-14-13,0.1312476502110917
AIBL,Geometry,82,AIZR,2022-08-02-01,2022-06-14-13,0.15144791476899272
AVHL,Geometry,82,AIZR,2022-08-02-01,2022-06-14-13,0.1249379176719016
AWBL,Geometry,82,AIZR,2022-08-02-01,2022-06-14-13,0.11324015305942062
RIVL,Geometry,82,AIZR,2022-08-02-01,2022-06-14-13,0.13446668454522095
AWCL,Geometry,82,AIZR,2022-08-02-01,2022-06-14-13,0.0986867943047809
SMDDL,Geometry,82,AIZR,2022-08-02-01,2022-06-14-13,0.07628154570082638
AVJR,Geometry,82,AIZR,2022-08-02-01,2022-06-14-13,0.12000756052814915
AIZL,Geometry,82,AIZR,2022-08-02-01,2022-06-14-13,0.107295047534739
RIBL,Geometry,82,AIZR,2022-08-02-01,2022-06-14-13,0.08576885303362902
ASEL,Geometry,82,AIZR,2022-08-02-01,2022-06-14-13,0.08530068682635518
AVDR,Geometry,82,AIZR,2022-08-02-01,2022-06-14-13,0.10534589243240765
AVDL,Geometry,82,AIZR,2022-08-02-01,2022-06-14-13,0.08379654316474074
AVJL,Geometry,82,AIZR,2022-08-02-01,2022-06-14-13,0.10345196367076243
RIVR,Geometry,82,AIZR,2022-08-02-01,2022-06-14-13,0.09376594753133392
AIZR,Geometry,83,AIZR,2022-08-02-01,2022-06-14-13,0.07740265869759216
AUAR,Geometry,82,AIZR,2022-08-02-01,2022-06-14-13,0.006442227683431619
AUAL,Geometry,82,AIZR,2022-08-02-01,2022-06-14-13,0.021357566952936235
RICR,Geometry,82,AIZR,2022-08-02-01,2022-06-14-13,0.03817460159030749
RICL,Geometry,82,AIZR,2022-08-02-01,2022-06-14-13,-0.014035347993853345
M5,Geometry,82,AIZR,2022-08-02-01,2022-06-14-13,-0.024743907150140455
AIML,Geometry,82,AIZR,2022-08-02-01,2022-06-14-13,0.8783711550711883
AIMR,Geometry,82,AIZR,2022-08-02-01,2022-06-14-13,-0.08078630304854865
FLPL,Geometry,82,AIZR,2022-08-02-01,2022-06-14-13,-0.07500326919260045
ADEL,Geometry,82,AIZR,2022-08-02-01,2022-06-14-13,-0.07170967083859577
VB02,Geometry,82,AIZR,2022-08-02-01,2022-06-14-13,-0.10711642336901339
ADAL,Geometry,82,AIZR,2022-08-02-01,2022-06-14-13,-0.07638865980991365
I1R,Geometry,82,AUAR,2022-08-02-01,2022-06-14-13,0.09688008351087393
IL2DL,Geometry,82,AUAR,2022-08-02-01,2022-06-14-13,0.11784327558024436
I2R,Geometry,82,AUAR,2022-08-02-01,2022-06-14-13,0.10234531661257441
I3,Geometry,82,AUAR,2022-08-02-01,2022-06-14-13,0.11857930015751968
NSMR,Geometry,82,AUAR,2022-08-02-01,2022-06-14-13,0.10597945137394264
I2L,Geometry,82,AUAR,2022-08-02-01,2022-06-14-13,0.09861608584292918
MCL,Geometry,82,AUAR,2022-08-02-01,2022-06-14-13,0.10192162202067535
NSML,Geometry,82,AUAR,2022-08-02-01,2022-06-14-13,0.10267659737040209
M4,Geometry,82,AUAR,2022-08-02-01,2022-06-14-13,0.12805827009218015
M3R,Geometry,82,AUAR,2022-08-02-01,2022-06-14-13,0.12340027011103283
M3L,Geometry,82,AUAR,2022-08-02-01,2022-06-14-13,0.11902163654764181
IL2VL,Geometry,82,AUAR,2022-08-02-01,2022-06-14-13,0.12332864616475207
IL1R,Geometry,82,AUAR,2022-08-02-01,2022-06-14-13,0.16357125972364536
OLLL,Geometry,82,AUAR,2022-08-02-01,2022-06-14-13,0.16602167511149749
IL2L,Geometry,82,AUAR,2022-08-02-01,2022-06-14-13,0.15866433697607976
URBR,Geometry,82,AUAR,2022-08-02-01,2022-06-14-13,0.17801840389365495
OLLR,Geometry,82,AUAR,2022-08-02-01,2022-06-14-13,0.1862834220837696
IL1DL,Geometry,82,AUAR,2022-08-02-01,2022-06-14-13,0.18416563895621868
IL1DR,Geometry,82,AUAR,2022-08-02-01,2022-06-14-13,0.19464153171373988
URYVR,Geometry,82,AUAR,2022-08-02-01,2022-06-14-13,0.17398645104106986
IL2R,Geometry,82,AUAR,2022-08-02-01,2022-06-14-13,0.16966084582056307
URYDL,Geometry,82,AUAR,2022-08-02-01,2022-06-14-13,0.18589778493477177
IL1L,Geometry,82,AUAR,2022-08-02-01,2022-06-14-13,0.1658148298846812
URBL,Geometry,82,AUAR,2022-08-02-01,2022-06-14-13,0.1810624823722421
OLQDR,Geometry,82,AUAR,2022-08-02-01,2022-06-14-13,0.21668454333799264
OLQDL,Geometry,82,AUAR,2022-08-02-01,2022-06-14-13,0.2111788762086381
RMER,Geometry,82,AUAR,2022-08-02-01,2022-06-14-13,0.20808080730229098
OLQVR,Geometry,82,AUAR,2022-08-02-01,2022-06-14-13,0.19492505449058545
URYVL,Geometry,82,AUAR,2022-08-02-01,2022-06-14-13,0.18097276994255973
RMED,Geometry,82,AUAR,2022-08-02-01,2022-06-14-13,0.23407577333120047
RMEL,Geometry,82,AUAR,2022-08-02-01,2022-06-14-13,0.20455969104809318
CEPVR,Geometry,82,AUAR,2022-08-02-01,2022-06-14-13,0.20166540956355775
OLQVL,Geometry,82,AUAR,2022-08-02-01,2022-06-14-13,0.1989097559886697
CEPVL,Geometry,82,AUAR,2022-08-02-01,2022-06-14-13,0.20229850024224555
SAAVR,Geometry,82,AUAR,2022-08-02-01,2022-06-14-13,0.23296806438049983
RID,Geometry,82,AUAR,2022-08-02-01,2022-06-14-13,0.23882983242244096
SMDVR,Geometry,82,AUAR,2022-08-02-01,2022-06-14-13,0.23234696081277262
URXR,Geometry,82,AUAR,2022-08-02-01,2022-06-14-13,0.23324512966384647
RIAR,Geometry,82,AUAR,2022-08-02-01,2022-06-14-13,0.2304438535294401
AVAR,Geometry,82,AUAR,2022-08-02-01,2022-06-14-13,0.22380958234686416
SAAVL,Geometry,82,AUAR,2022-08-02-01,2022-06-14-13,0.22108461579385044
CEPDR,Geometry,82,AUAR,2022-08-02-01,2022-06-14-13,0.2326001830503232
URXL,Geometry,82,AUAR,2022-08-02-01,2022-06-14-13,0.22818209172074697
CEPDL,Geometry,82,AUAR,2022-08-02-01,2022-06-14-13,0.2223167074732691
SMDDR,Geometry,82,AUAR,2022-08-02-01,2022-06-14-13,0.18666420790577365
RMEV,Geometry,82,AUAR,2022-08-02-01,2022-06-14-13,0.18850802319310775
RIAL,Geometry,82,AUAR,2022-08-02-01,2022-06-14-13,0.21337815819850947
AVER,Geometry,82,AUAR,2022-08-02-01,2022-06-14-13,0.20757580388311136
AWAR,Geometry,82,AUAR,2022-08-02-01,2022-06-14-13,0.20608485729939158
SMDVL,Geometry,82,AUAR,2022-08-02-01,2022-06-14-13,0.2036418289591554
AVAL,Geometry,82,AUAR,2022-08-02-01,2022-06-14-13,0.18467022917376133
RMDL,Geometry,82,AUAR,2022-08-02-01,2022-06-14-13,0.1664281593553048
AIBR,Geometry,82,AUAR,2022-08-02-01,2022-06-14-13,0.18149261907497644
ASGR,Geometry,82,AUAR,2022-08-02-01,2022-06-14-13,0.18097667615290894
AVL,Geometry,82,AUAR,2022-08-02-01,2022-06-14-13,0.125492297554779
AVEL,Geometry,82,AUAR,2022-08-02-01,2022-06-14-13,0.14963067288563253
ASGL,Geometry,82,AUAR,2022-08-02-01,2022-06-14-13,0.1451458994533011
ASHL,Geometry,82,AUAR,2022-08-02-01,2022-06-14-13,0.12197023585531586
AIBL,Geometry,82,AUAR,2022-08-02-01,2022-06-14-13,0.14470481210091474
AVHL,Geometry,82,AUAR,2022-08-02-01,2022-06-14-13,0.11435657584878327
AWBL,Geometry,82,AUAR,2022-08-02-01,2022-06-14-13,0.10179178128014645
RIVL,Geometry,82,AUAR,2022-08-02-01,2022-06-14-13,0.12482642361811694
AWCL,Geometry,82,AUAR,2022-08-02-01,2022-06-14-13,0.0861618411448967
SMDDL,Geometry,82,AUAR,2022-08-02-01,2022-06-14-13,0.06348675315204852
AVJR,Geometry,82,AUAR,2022-08-02-01,2022-06-14-13,0.11263074200483557
AIZL,Geometry,82,AUAR,2022-08-02-01,2022-06-14-13,0.09522042931307766
RIBL,Geometry,82,AUAR,2022-08-02-01,2022-06-14-13,0.0718015426734492
ASEL,Geometry,82,AUAR,2022-08-02-01,2022-06-14-13,0.07117929032257374
AVDR,Geometry,82,AUAR,2022-08-02-01,2022-06-14-13,0.09748651971609693
AVDL,Geometry,82,AUAR,2022-08-02-01,2022-06-14-13,0.06938814946574243
AVJL,Geometry,82,AUAR,2022-08-02-01,2022-06-14-13,0.09072229108130925
RIVR,Geometry,82,AUAR,2022-08-02-01,2022-06-14-13,0.08399865986224367
AIZR,Geometry,82,AUAR,2022-08-02-01,2022-06-14-13,0.060749076530868085
AUAR,Geometry,83,AUAR,2022-08-02-01,2022-06-14-13,-0.005297586957771021
AUAL,Geometry,82,AUAR,2022-08-02-01,2022-06-14-13,0.0023012595286885477
RICR,Geometry,82,AUAR,2022-08-02-01,2022-06-14-13,0.027385914672929314
RICL,Geometry,82,AUAR,2022-08-02-01,2022-06-14-13,-0.03460426874866125
M5,Geometry,82,AUAR,2022-08-02-01,2022-06-14-13,-0.04495584508263127
AIML,Geometry,82,AUAR,2022-08-02-01,2022-06-14-13,0.7970499238120238
AIMR,Geometry,82,AUAR,2022-08-02-01,2022-06-14-13,-0.10029322548880808
FLPL,Geometry,82,AUAR,2022-08-02-01,2022-06-14-13,-0.09730965654303346
ADEL,Geometry,82,AUAR,2022-08-02-01,2022-06-14-13,-0.09371757976532263
VB02,Geometry,82,AUAR,2022-08-02-01,2022-06-14-13,-0.12897464520470914
ADAL,Geometry,82,AUAR,2022-08-02-01,2022-06-14-13,-0.09867138520168972
I1R,Geometry,82,AUAL,2022-08-02-01,2022-06-14-13,0.08852364902839967
IL2DL,Geometry,82,AUAL,2022-08-02-01,2022-06-14-13,0.11123771802898821
I2R,Geometry,82,AUAL,2022-08-02-01,2022-06-14-13,0.09238828838521038
I3,Geometry,82,AUAL,2022-08-02-01,2022-06-14-13,0.1108990804580308
NSMR,Geometry,82,AUAL,2022-08-02-01,2022-06-14-13,0.09603204958804358
I2L,Geometry,82,AUAL,2022-08-02-01,2022-06-14-13,0.0929058399318101
MCL,Geometry,82,AUAL,2022-08-02-01,2022-06-14-13,0.09527532578606453
NSML,Geometry,82,AUAL,2022-08-02-01,2022-06-14-13,0.09680931639723203
M4,Geometry,82,AUAL,2022-08-02-01,2022-06-14-13,0.12038264425091294
M3R,Geometry,82,AUAL,2022-08-02-01,2022-06-14-13,0.1131614198852552
M3L,Geometry,82,AUAL,2022-08-02-01,2022-06-14-13,0.11333751382118913
IL2VL,Geometry,82,AUAL,2022-08-02-01,2022-06-14-13,0.11750678299422272
IL1R,Geometry,82,AUAL,2022-08-02-01,2022-06-14-13,0.15102275900147882
OLLL,Geometry,82,AUAL,2022-08-02-01,2022-06-14-13,0.1622983763878561
IL2L,Geometry,82,AUAL,2022-08-02-01,2022-06-14-13,0.1561427494627967
URBR,Geometry,82,AUAL,2022-08-02-01,2022-06-14-13,0.16510536340617174
OLLR,Geometry,82,AUAL,2022-08-02-01,2022-06-14-13,0.173966034940843
IL1DL,Geometry,82,AUAL,2022-08-02-01,2022-06-14-13,0.17929455945097442
IL1DR,Geometry,82,AUAL,2022-08-02-01,2022-06-14-13,0.18480929661827306
URYVR,Geometry,82,AUAL,2022-08-02-01,2022-06-14-13,0.16178895176425004
IL2R,Geometry,82,AUAL,2022-08-02-01,2022-06-14-13,0.15729956728522418
URYDL,Geometry,82,AUAL,2022-08-02-01,2022-06-14-13,0.1829915729461042
IL1L,Geometry,82,AUAL,2022-08-02-01,2022-06-14-13,0.16373249598090658
URBL,Geometry,82,AUAL,2022-08-02-01,2022-06-14-13,0.18080046320702098
OLQDR,Geometry,82,AUAL,2022-08-02-01,2022-06-14-13,0.20683270938383527
OLQDL,Geometry,82,AUAL,2022-08-02-01,2022-06-14-13,0.20763022917857013
RMER,Geometry,82,AUAL,2022-08-02-01,2022-06-14-13,0.19438640201830645
OLQVR,Geometry,82,AUAL,2022-08-02-01,2022-06-14-13,0.18255896407346145
URYVL,Geometry,82,AUAL,2022-08-02-01,2022-06-14-13,0.17843053907264042
RMED,Geometry,82,AUAL,2022-08-02-01,2022-06-14-13,0.2270935949081763
RMEL,Geometry,82,AUAL,2022-08-02-01,2022-06-14-13,0.2079977825710324
CEPVR,Geometry,82,AUAL,2022-08-02-01,2022-06-14-13,0.19167210120836273
OLQVL,Geometry,82,AUAL,2022-08-02-01,2022-06-14-13,0.1978506804540992
CEPVL,Geometry,82,AUAL,2022-08-02-01,2022-06-14-13,0.19971905828224468
SAAVR,Geometry,82,AUAL,2022-08-02-01,2022-06-14-13,0.22125017910928213
RID,Geometry,82,AUAL,2022-08-02-01,2022-06-14-13,0.2365322564926334
SMDVR,Geometry,82,AUAL,2022-08-02-01,2022-06-14-13,0.22106466655285809
URXR,Geometry,82,AUAL,2022-08-02-01,2022-06-14-13,0.22618222666489166
RIAR,Geometry,82,AUAL,2022-08-02-01,2022-06-14-13,0.22272584339196708
AVAR,Geometry,82,AUAL,2022-08-02-01,2022-06-14-13,0.21217664037861597
SAAVL,Geometry,82,AUAL,2022-08-02-01,2022-06-14-13,0.22931124677396553
CEPDR,Geometry,82,AUAL,2022-08-02-01,2022-06-14-13,0.22323789661757001
URXL,Geometry,82,AUAL,2022-08-02-01,2022-06-14-13,0.2310749711145118
CEPDL,Geometry,82,AUAL,2022-08-02-01,2022-06-14-13,0.22996206764034963
SMDDR,Geometry,82,AUAL,2022-08-02-01,2022-06-14-13,0.18092803721489986
RMEV,Geometry,82,AUAL,2022-08-02-01,2022-06-14-13,0.1860912092892658
RIAL,Geometry,82,AUAL,2022-08-02-01,2022-06-14-13,0.22341072786029617
AVER,Geometry,82,AUAL,2022-08-02-01,2022-06-14-13,0.19944905434282148
AWAR,Geometry,82,AUAL,2022-08-02-01,2022-06-14-13,0.1985634013432152
SMDVL,Geometry,82,AUAL,2022-08-02-01,2022-06-14-13,0.21648804685872355
AVAL,Geometry,82,AUAL,2022-08-02-01,2022-06-14-13,0.19909320949694778
RMDL,Geometry,82,AUAL,2022-08-02-01,2022-06-14-13,0.18062601258095753
AIBR,Geometry,82,AUAL,2022-08-02-01,2022-06-14-13,0.17599323728357558
ASGR,Geometry,82,AUAL,2022-08-02-01,2022-06-14-13,0.17644896870620927
AVL,Geometry,82,AUAL,2022-08-02-01,2022-06-14-13,0.12286155173637042
AVEL,Geometry,82,AUAL,2022-08-02-01,2022-06-14-13,0.16496565633536167
ASGL,Geometry,82,AUAL,2022-08-02-01,2022-06-14-13,0.1643883536407383
ASHL,Geometry,82,AUAL,2022-08-02-01,2022-06-14-13,0.14350928432147292
AIBL,Geometry,82,AUAL,2022-08-02-01,2022-06-14-13,0.1497624099566175
AVHL,Geometry,82,AUAL,2022-08-02-01,2022-06-14-13,0.13420434742463574
AWBL,Geometry,82,AUAL,2022-08-02-01,2022-06-14-13,0.12188574022011828
RIVL,Geometry,82,AUAL,2022-08-02-01,2022-06-14-13,0.14267234964065575
AWCL,Geometry,82,AUAL,2022-08-02-01,2022-06-14-13,0.10716080773969543
SMDDL,Geometry,82,AUAL,2022-08-02-01,2022-06-14-13,0.077579959599714
AVJR,Geometry,82,AUAL,2022-08-02-01,2022-06-14-13,0.10733831220000159
AIZL,Geometry,82,AUAL,2022-08-02-01,2022-06-14-13,0.11595466175571206
RIBL,Geometry,82,AUAL,2022-08-02-01,2022-06-14-13,0.0888690379703143
ASEL,Geometry,82,AUAL,2022-08-02-01,2022-06-14-13,0.09159579991789699
AVDR,Geometry,82,AUAL,2022-08-02-01,2022-06-14-13,0.09233990724267604
AVDL,Geometry,82,AUAL,2022-08-02-01,2022-06-14-13,0.08973388164255529
AVJL,Geometry,82,AUAL,2022-08-02-01,2022-06-14-13,0.10878174388572998
RIVR,Geometry,82,AUAL,2022-08-02-01,2022-06-14-13,0.08080186810841447
AIZR,Geometry,82,AUAL,2022-08-02-01,2022-06-14-13,0.05717011006534437
AUAR,Geometry,82,AUAL,2022-08-02-01,2022-06-14-13,0.004192247772905978
AUAL,Geometry,83,AUAL,2022-08-02-01,2022-06-14-13,0.02711924891751102
RICR,Geometry,82,AUAL,2022-08-02-01,2022-06-14-13,0.02539978500718635
RICL,Geometry,82,AUAL,2022-08-02-01,2022-06-14-13,-0.018068415839643106
M5,Geometry,82,AUAL,2022-08-02-01,2022-06-14-13,-0.030900158131944192
AIML,Geometry,82,AUAL,2022-08-02-01,2022-06-14-13,0.8443653047913146
AIMR,Geometry,82,AUAL,2022-08-02-01,2022-06-14-13,-0.09459266173871005
FLPL,Geometry,82,AUAL,2022-08-02-01,2022-06-14-13,-0.08365567443386043
ADEL,Geometry,82,AUAL,2022-08-02-01,2022-06-14-13,-0.0812472646782202
VB02,Geometry,82,AUAL,2022-08-02-01,2022-06-14-13,-0.11885511724068984
ADAL,Geometry,82,AUAL,2022-08-02-01,2022-06-14-13,-0.0868089328008088
I1R,Geometry,82,RICR,2022-08-02-01,2022-06-14-13,0.05016369421051627
IL2DL,Geometry,82,RICR,2022-08-02-01,2022-06-14-13,0.06951780463051901
I2R,Geometry,82,RICR,2022-08-02-01,2022-06-14-13,0.054734389109343876
I3,Geometry,82,RICR,2022-08-02-01,2022-06-14-13,0.07005922409059676
NSMR,Geometry,82,RICR,2022-08-02-01,2022-06-14-13,0.05802923812659212
I2L,Geometry,82,RICR,2022-08-02-01,2022-06-14-13,0.052141925381140666
MCL,Geometry,82,RICR,2022-08-02-01,2022-06-14-13,0.054881842756864106
NSML,Geometry,82,RICR,2022-08-02-01,2022-06-14-13,0.05583384483127568
M4,Geometry,82,RICR,2022-08-02-01,2022-06-14-13,0.07891348928918737
M3R,Geometry,82,RICR,2022-08-02-01,2022-06-14-13,0.07433990029557622
M3L,Geometry,82,RICR,2022-08-02-01,2022-06-14-13,0.07124620328267643
IL2VL,Geometry,82,RICR,2022-08-02-01,2022-06-14-13,0.07586010961908635
IL1R,Geometry,82,RICR,2022-08-02-01,2022-06-14-13,0.11394902705562462
OLLL,Geometry,82,RICR,2022-08-02-01,2022-06-14-13,0.11840556959764657
IL2L,Geometry,82,RICR,2022-08-02-01,2022-06-14-13,0.11153976872558492
URBR,Geometry,82,RICR,2022-08-02-01,2022-06-14-13,0.1290050747412928
OLLR,Geometry,82,RICR,2022-08-02-01,2022-06-14-13,0.13743116104370967
IL1DL,Geometry,82,RICR,2022-08-02-01,2022-06-14-13,0.1366827673209475
IL1DR,Geometry,82,RICR,2022-08-02-01,2022-06-14-13,0.1465791083689099
URYVR,Geometry,82,RICR,2022-08-02-01,2022-06-14-13,0.12586220832412018
IL2R,Geometry,82,RICR,2022-08-02-01,2022-06-14-13,0.12198221775365137
URYDL,Geometry,82,RICR,2022-08-02-01,2022-06-14-13,0.13955759225440947
IL1L,Geometry,82,RICR,2022-08-02-01,2022-06-14-13,0.11986309501222343
URBL,Geometry,82,RICR,2022-08-02-01,2022-06-14-13,0.136523280054939
OLQDR,Geometry,82,RICR,2022-08-02-01,2022-06-14-13,0.17152136355962508
OLQDL,Geometry,82,RICR,2022-08-02-01,2022-06-14-13,0.16721620424174033
RMER,Geometry,82,RICR,2022-08-02-01,2022-06-14-13,0.16250753491099676
OLQVR,Geometry,82,RICR,2022-08-02-01,2022-06-14-13,0.14998396602874972
URYVL,Geometry,82,RICR,2022-08-02-01,2022-06-14-13,0.13745962621750915
RMED,Geometry,82,RICR,2022-08-02-01,2022-06-14-13,0.19441407941227437
RMEL,Geometry,82,RICR,2022-08-02-01,2022-06-14-13,0.16664107877456383
CEPVR,Geometry,82,RICR,2022-08-02-01,2022-06-14-13,0.1619417862605484
OLQVL,Geometry,82,RICR,2022-08-02-01,2022-06-14-13,0.16097783601759572
CEPVL,Geometry,82,RICR,2022-08-02-01,2022-06-14-13,0.1708809637787731
SAAVR,Geometry,82,RICR,2022-08-02-01,2022-06-14-13,0.20220585208509187
RID,Geometry,82,RICR,2022-08-02-01,2022-06-14-13,0.21136553549861217
SMDVR,Geometry,82,RICR,2022-08-02-01,2022-06-14-13,0.2069225382445127
URXR,Geometry,82,RICR,2022-08-02-01,2022-06-14-13,0.20949006793841313
RIAR,Geometry,82,RICR,2022-08-02-01,2022-06-14-13,0.20608495609372607
AVAR,Geometry,82,RICR,2022-08-02-01,2022-06-14-13,0.19890990441424417
SAAVL,Geometry,82,RICR,2022-08-02-01,2022-06-14-13,0.19850384666622348
CEPDR,Geometry,82,RICR,2022-08-02-01,2022-06-14-13,0.21018132508335513
URXL,Geometry,82,RICR,2022-08-02-01,2022-06-14-13,0.20776513519942472
CEPDL,Geometry,82,RICR,2022-08-02-01,2022-06-14-13,0.20514434748152152
SMDDR,Geometry,82,RICR,2022-08-02-01,2022-06-14-13,0.164587486637757
RMEV,Geometry,82,RICR,2022-08-02-01,2022-06-14-13,0.17021960344898934
RIAL,Geometry,82,RICR,2022-08-02-01,2022-06-14-13,0.1974876154289858
AVER,Geometry,82,RICR,2022-08-02-01,2022-06-14-13,0.19086054480942585
AWAR,Geometry,82,RICR,2022-08-02-01,2022-06-14-13,0.19457164542220617
SMDVL,Geometry,82,RICR,2022-08-02-01,2022-06-14-13,0.19471389787027787
AVAL,Geometry,82,RICR,2022-08-02-01,2022-06-14-13,0.176394971132156
RMDL,Geometry,82,RICR,2022-08-02-01,2022-06-14-13,0.16239627624700412
AIBR,Geometry,82,RICR,2022-08-02-01,2022-06-14-13,0.17587806962585778
ASGR,Geometry,82,RICR,2022-08-02-01,2022-06-14-13,0.17850690579578526
AVL,Geometry,82,RICR,2022-08-02-01,2022-06-14-13,0.1260419288056914
AVEL,Geometry,82,RICR,2022-08-02-01,2022-06-14-13,0.15239442369390208
ASGL,Geometry,82,RICR,2022-08-02-01,2022-06-14-13,0.15236146995575045
ASHL,Geometry,82,RICR,2022-08-02-01,2022-06-14-13,0.13213302575835154
AIBL,Geometry,82,RICR,2022-08-02-01,2022-06-14-13,0.15500449826024143
AVHL,Geometry,82,RICR,2022-08-02-01,2022-06-14-13,0.1283870615434706
AWBL,Geometry,82,RICR,2022-08-02-01,2022-06-14-13,0.1167705207649725
RIVL,Geometry,82,RICR,2022-08-02-01,2022-06-14-13,0.13826287126877854
AWCL,Geometry,82,RICR,2022-08-02-01,2022-06-14-13,0.10266669001812609
SMDDL,Geometry,82,RICR,2022-08-02-01,2022-06-14-13,0.08048438931340444
AVJR,Geometry,82,RICR,2022-08-02-01,2022-06-14-13,0.12663625562065625
AIZL,Geometry,82,RICR,2022-08-02-01,2022-06-14-13,0.11273891665219661
RIBL,Geometry,82,RICR,2022-08-02-01,2022-06-14-13,0.09233166587439584
ASEL,Geometry,82,RICR,2022-08-02-01,2022-06-14-13,0.09200710500945923
AVDR,Geometry,82,RICR,2022-08-02-01,2022-06-14-13,0.11310495088285993
AVDL,Geometry,82,RICR,2022-08-02-01,2022-06-14-13,0.09146578069212771
AVJL,Geometry,82,RICR,2022-08-02-01,2022-06-14-13,0.11131610621468524
RIVR,Geometry,82,RICR,2022-08-02-01,2022-06-14-13,0.104163796784137
AIZR,Geometry,82,RICR,2022-08-02-01,2022-06-14-13,0.08104884355258682
AUAR,Geometry,82,RICR,2022-08-02-01,2022-06-14-13,0.01838461001063203
AUAL,Geometry,82,RICR,2022-08-02-01,2022-06-14-13,0.032773904855586664
RICR,Geometry,83,RICR,2022-08-02-01,2022-06-14-13,0.05852078384647745
RICL,Geometry,82,RICR,2022-08-02-01,2022-06-14-13,0.0006513271151228517
M5,Geometry,82,RICR,2022-08-02-01,2022-06-14-13,-0.0059332979326435714
AIML,Geometry,82,RICR,2022-08-02-01,2022-06-14-13,0.9276478784203762
AIMR,Geometry,82,RICR,2022-08-02-01,2022-06-14-13,-0.06305918797781644
FLPL,Geometry,82,RICR,2022-08-02-01,2022-06-14-13,-0.05423511614861053
ADEL,Geometry,82,RICR,2022-08-02-01,2022-06-14-13,-0.050002825789919776
VB02,Geometry,82,RICR,2022-08-02-01,2022-06-14-13,-0.08619033595148615
ADAL,Geometry,82,RICR,2022-08-02-01,2022-06-14-13,-0.054062040456507074
I1R,Geometry,82,RICL,2022-08-02-01,2022-06-14-13,0.049920446384298704
IL2DL,Geometry,82,RICL,2022-08-02-01,2022-06-14-13,0.07198983611821458
I2R,Geometry,82,RICL,2022-08-02-01,2022-06-14-13,0.05326506553870308
I3,Geometry,82,RICL,2022-08-02-01,2022-06-14-13,0.07152457556199772
NSMR,Geometry,82,RICL,2022-08-02-01,2022-06-14-13,0.05670024478547978
I2L,Geometry,82,RICL,2022-08-02-01,2022-06-14-13,0.05393373109666201
MCL,Geometry,82,RICL,2022-08-02-01,2022-06-14-13,0.056144894523520325
NSML,Geometry,82,RICL,2022-08-02-01,2022-06-14-13,0.05758144239180763
M4,Geometry,82,RICL,2022-08-02-01,2022-06-14-13,0.0804369494418332
M3R,Geometry,82,RICL,2022-08-02-01,2022-06-14-13,0.07320584942347257
M3L,Geometry,82,RICL,2022-08-02-01,2022-06-14-13,0.07349468637823946
IL2VL,Geometry,82,RICL,2022-08-02-01,2022-06-14-13,0.07750251224420918
IL1R,Geometry,82,RICL,2022-08-02-01,2022-06-14-13,0.11189654672306974
OLLL,Geometry,82,RICL,2022-08-02-01,2022-06-14-13,0.1237442073970255
IL2L,Geometry,82,RICL,2022-08-02-01,2022-06-14-13,0.11733463915118744
URBR,Geometry,82,RICL,2022-08-02-01,2022-06-14-13,0.12706840643478579
OLLR,Geometry,82,RICL,2022-08-02-01,2022-06-14-13,0.13655277002995964
IL1DL,Geometry,82,RICL,2022-08-02-01,2022-06-14-13,0.14194761344979445
IL1DR,Geometry,82,RICL,2022-08-02-01,2022-06-14-13,0.14818643986973049
URYVR,Geometry,82,RICL,2022-08-02-01,2022-06-14-13,0.12360583976029436
IL2R,Geometry,82,RICL,2022-08-02-01,2022-06-14-13,0.11890016207236719
URYDL,Geometry,82,RICL,2022-08-02-01,2022-06-14-13,0.1461617937479719
IL1L,Geometry,82,RICL,2022-08-02-01,2022-06-14-13,0.12561133535323094
URBL,Geometry,82,RICL,2022-08-02-01,2022-06-14-13,0.14421480356524036
OLQDR,Geometry,82,RICL,2022-08-02-01,2022-06-14-13,0.17362729058977958
OLQDL,Geometry,82,RICL,2022-08-02-01,2022-06-14-13,0.17399178364243767
RMER,Geometry,82,RICL,2022-08-02-01,2022-06-14-13,0.16026140966741698
OLQVR,Geometry,82,RICL,2022-08-02-01,2022-06-14-13,0.14739664118657222
URYVL,Geometry,82,RICL,2022-08-02-01,2022-06-14-13,0.14217844362965862
RMED,Geometry,82,RICL,2022-08-02-01,2022-06-14-13,0.19916689486604067
RMEL,Geometry,82,RICL,2022-08-02-01,2022-06-14-13,0.17651636574063595
CEPVR,Geometry,82,RICL,2022-08-02-01,2022-06-14-13,0.1599860847798988
OLQVL,Geometry,82,RICL,2022-08-02-01,2022-06-14-13,0.1661537694481864
CEPVL,Geometry,82,RICL,2022-08-02-01,2022-06-14-13,0.17349422334606726
SAAVR,Geometry,82,RICL,2022-08-02-01,2022-06-14-13,0.20085563800759615
RID,Geometry,82,RICL,2022-08-02-01,2022-06-14-13,0.21937602637230064
SMDVR,Geometry,82,RICL,2022-08-02-01,2022-06-14-13,0.2063452177186636
URXR,Geometry,82,RICL,2022-08-02-01,2022-06-14-13,0.21260941846234413
RIAR,Geometry,82,RICL,2022-08-02-01,2022-06-14-13,0.20776907706558828
AVAR,Geometry,82,RICL,2022-08-02-01,2022-06-14-13,0.1962599634556073
SAAVL,Geometry,82,RICL,2022-08-02-01,2022-06-14-13,0.21221648439294227
CEPDR,Geometry,82,RICL,2022-08-02-01,2022-06-14-13,0.21163357397329696
URXL,Geometry,82,RICL,2022-08-02-01,2022-06-14-13,0.21849209760029295
CEPDL,Geometry,82,RICL,2022-08-02-01,2022-06-14-13,0.21940185169605725
SMDDR,Geometry,82,RICL,2022-08-02-01,2022-06-14-13,0.16439063958082328
RMEV,Geometry,82,RICL,2022-08-02-01,2022-06-14-13,0.17078609954877824
RIAL,Geometry,82,RICL,2022-08-02-01,2022-06-14-13,0.21213399216034393
AVER,Geometry,82,RICL,2022-08-02-01,2022-06-14-13,0.18906803183239826
AWAR,Geometry,82,RICL,2022-08-02-01,2022-06-14-13,0.19450612644611567
SMDVL,Geometry,82,RICL,2022-08-02-01,2022-06-14-13,0.21197289638231107
AVAL,Geometry,82,RICL,2022-08-02-01,2022-06-14-13,0.19188378906972772
RMDL,Geometry,82,RICL,2022-08-02-01,2022-06-14-13,0.17637506210779505
AIBR,Geometry,82,RICL,2022-08-02-01,2022-06-14-13,0.17485301589752478
ASGR,Geometry,82,RICL,2022-08-02-01,2022-06-14-13,0.17932023660772978
AVL,Geometry,82,RICL,2022-08-02-01,2022-06-14-13,0.12310855314643208
AVEL,Geometry,82,RICL,2022-08-02-01,2022-06-14-13,0.16678614574006087
ASGL,Geometry,82,RICL,2022-08-02-01,2022-06-14-13,0.1711761253369379
ASHL,Geometry,82,RICL,2022-08-02-01,2022-06-14-13,0.15155224194479602
AIBL,Geometry,82,RICL,2022-08-02-01,2022-06-14-13,0.16362522909007243
AVHL,Geometry,82,RICL,2022-08-02-01,2022-06-14-13,0.14605206071606164
AWBL,Geometry,82,RICL,2022-08-02-01,2022-06-14-13,0.13350604815776496
RIVL,Geometry,82,RICL,2022-08-02-01,2022-06-14-13,0.15551472068841687
AWCL,Geometry,82,RICL,2022-08-02-01,2022-06-14-13,0.11979150421013038
SMDDL,Geometry,82,RICL,2022-08-02-01,2022-06-14-13,0.08991625136204624
AVJR,Geometry,82,RICL,2022-08-02-01,2022-06-14-13,0.12376021193625217
AIZL,Geometry,82,RICL,2022-08-02-01,2022-06-14-13,0.12983703786287193
RIBL,Geometry,82,RICL,2022-08-02-01,2022-06-14-13,0.10514675331493552
ASEL,Geometry,82,RICL,2022-08-02-01,2022-06-14-13,0.10806964026898783
AVDR,Geometry,82,RICL,2022-08-02-01,2022-06-14-13,0.10985745470689116
AVDL,Geometry,82,RICL,2022-08-02-01,2022-06-14-13,0.10750193680660537
AVJL,Geometry,82,RICL,2022-08-02-01,2022-06-14-13,0.12742846231075405
RIVR,Geometry,82,RICL,2022-08-02-01,2022-06-14-13,0.10221772948870513
AIZR,Geometry,82,RICL,2022-08-02-01,2022-06-14-13,0.0786737909302364
AUAR,Geometry,82,RICL,2022-08-02-01,2022-06-14-13,0.026637446695887752
AUAL,Geometry,82,RICL,2022-08-02-01,2022-06-14-13,0.04359053655686325
RICR,Geometry,82,RICL,2022-08-02-01,2022-06-14-13,0.0492723498433166
RICL,Geometry,83,RICL,2022-08-02-01,2022-06-14-13,0.015875458182569767
M5,Geometry,82,RICL,2022-08-02-01,2022-06-14-13,0.00029867602062197705
AIML,Geometry,82,RICL,2022-08-02-01,2022-06-14-13,0.933647918174266
AIMR,Geometry,82,RICL,2022-08-02-01,2022-06-14-13,-0.06342588193871124
FLPL,Geometry,82,RICL,2022-08-02-01,2022-06-14-13,-0.05045363764845486
ADEL,Geometry,82,RICL,2022-08-02-01,2022-06-14-13,-0.04649063130300885
VB02,Geometry,82,RICL,2022-08-02-01,2022-06-14-13,-0.08377780412364491
ADAL,Geometry,82,RICL,2022-08-02-01,2022-06-14-13,-0.0516098855708259
I1R,Geometry,82,M5,2022-08-02-01,2022-06-14-13,0.031080191477316672
IL2DL,Geometry,82,M5,2022-08-02-01,2022-06-14-13,0.053181333067255504
I2R,Geometry,82,M5,2022-08-02-01,2022-06-14-13,0.03452513574661617
I3,Geometry,82,M5,2022-08-02-01,2022-06-14-13,0.052858737515643496
NSMR,Geometry,82,M5,2022-08-02-01,2022-06-14-13,0.03795369372593275
I2L,Geometry,82,M5,2022-08-02-01,2022-06-14-13,0.03447986720634817
MCL,Geometry,82,M5,2022-08-02-01,2022-06-14-13,0.03684706723220124
NSML,Geometry,82,M5,2022-08-02-01,2022-06-14-13,0.038109691750852895
M4,Geometry,82,M5,2022-08-02-01,2022-06-14-13,0.061491288313525745
M3R,Geometry,82,M5,2022-08-02-01,2022-06-14-13,0.054709925638284536
M3L,Geometry,82,M5,2022-08-02-01,2022-06-14-13,0.05410477024476421
IL2VL,Geometry,82,M5,2022-08-02-01,2022-06-14-13,0.05812695974067172
IL1R,Geometry,82,M5,2022-08-02-01,2022-06-14-13,0.09553123912112021
OLLL,Geometry,82,M5,2022-08-02-01,2022-06-14-13,0.10649129063734084
IL2L,Geometry,82,M5,2022-08-02-01,2022-06-14-13,0.0994051415928543
URBR,Geometry,82,M5,2022-08-02-01,2022-06-14-13,0.11192669446268126
OLLR,Geometry,82,M5,2022-08-02-01,2022-06-14-13,0.12205150531478759
IL1DL,Geometry,82,M5,2022-08-02-01,2022-06-14-13,0.12627336039284476
IL1DR,Geometry,82,M5,2022-08-02-01,2022-06-14-13,0.13409967553041455
URYVR,Geometry,82,M5,2022-08-02-01,2022-06-14-13,0.10789461106072896
IL2R,Geometry,82,M5,2022-08-02-01,2022-06-14-13,0.10266011871152621
URYDL,Geometry,82,M5,2022-08-02-01,2022-06-14-13,0.13047955113126417
IL1L,Geometry,82,M5,2022-08-02-01,2022-06-14-13,0.10812241545789217
URBL,Geometry,82,M5,2022-08-02-01,2022-06-14-13,0.12793494516622933
OLQDR,Geometry,82,M5,2022-08-02-01,2022-06-14-13,0.16218249639096866
OLQDL,Geometry,82,M5,2022-08-02-01,2022-06-14-13,0.16105675802845004
RMER,Geometry,82,M5,2022-08-02-01,2022-06-14-13,0.14839300509115236
OLQVR,Geometry,82,M5,2022-08-02-01,2022-06-14-13,0.13411963358627838
URYVL,Geometry,82,M5,2022-08-02-01,2022-06-14-13,0.12618802287183328
RMED,Geometry,82,M5,2022-08-02-01,2022-06-14-13,0.19067115540921847
RMEL,Geometry,82,M5,2022-08-02-01,2022-06-14-13,0.1629012830007407
CEPVR,Geometry,82,M5,2022-08-02-01,2022-06-14-13,0.14822089528565693
OLQVL,Geometry,82,M5,2022-08-02-01,2022-06-14-13,0.1528976447980496
CEPVL,Geometry,82,M5,2022-08-02-01,2022-06-14-13,0.16334355569291223
SAAVR,Geometry,82,M5,2022-08-02-01,2022-06-14-13,0.19667348216807976
RID,Geometry,82,M5,2022-08-02-01,2022-06-14-13,0.21566109931171112
SMDVR,Geometry,82,M5,2022-08-02-01,2022-06-14-13,0.20506820297988423
URXR,Geometry,82,M5,2022-08-02-01,2022-06-14-13,0.21130232402809895
RIAR,Geometry,82,M5,2022-08-02-01,2022-06-14-13,0.20582082712662653
AVAR,Geometry,82,M5,2022-08-02-01,2022-06-14-13,0.19401220020941834
SAAVL,Geometry,82,M5,2022-08-02-01,2022-06-14-13,0.20603265102349802
CEPDR,Geometry,82,M5,2022-08-02-01,2022-06-14-13,0.211424608703825
URXL,Geometry,82,M5,2022-08-02-01,2022-06-14-13,0.21590004345933012
CEPDL,Geometry,82,M5,2022-08-02-01,2022-06-14-13,0.2166217080412391
SMDDR,Geometry,82,M5,2022-08-02-01,2022-06-14-13,0.15945613607983847
RMEV,Geometry,82,M5,2022-08-02-01,2022-06-14-13,0.1657666060165175
RIAL,Geometry,82,M5,2022-08-02-01,2022-06-14-13,0.208276905012261
AVER,Geometry,82,M5,2022-08-02-01,2022-06-14-13,0.18827317571085364
AWAR,Geometry,82,M5,2022-08-02-01,2022-06-14-13,0.19720950376908863
SMDVL,Geometry,82,M5,2022-08-02-01,2022-06-14-13,0.21060620702233254
AVAL,Geometry,82,M5,2022-08-02-01,2022-06-14-13,0.18814812545970733
RMDL,Geometry,82,M5,2022-08-02-01,2022-06-14-13,0.17368881657306404
AIBR,Geometry,82,M5,2022-08-02-01,2022-06-14-13,0.17782249108038067
ASGR,Geometry,82,M5,2022-08-02-01,2022-06-14-13,0.18411759805001637
AVL,Geometry,82,M5,2022-08-02-01,2022-06-14-13,0.12469813779597104
AVEL,Geometry,82,M5,2022-08-02-01,2022-06-14-13,0.1665161906909161
ASGL,Geometry,82,M5,2022-08-02-01,2022-06-14-13,0.17268267236441345
ASHL,Geometry,82,M5,2022-08-02-01,2022-06-14-13,0.15305802435867907
AIBL,Geometry,82,M5,2022-08-02-01,2022-06-14-13,0.17211232763347603
AVHL,Geometry,82,M5,2022-08-02-01,2022-06-14-13,0.14934046564819575
AWBL,Geometry,82,M5,2022-08-02-01,2022-06-14-13,0.13641670243246665
RIVL,Geometry,82,M5,2022-08-02-01,2022-06-14-13,0.16012677693301605
AWCL,Geometry,82,M5,2022-08-02-01,2022-06-14-13,0.12301978623923068
SMDDL,Geometry,82,M5,2022-08-02-01,2022-06-14-13,0.09490724221292532
AVJR,Geometry,82,M5,2022-08-02-01,2022-06-14-13,0.1345762377056806
AIZL,Geometry,82,M5,2022-08-02-01,2022-06-14-13,0.1350901652434222
RIBL,Geometry,82,M5,2022-08-02-01,2022-06-14-13,0.11081497488532226
ASEL,Geometry,82,M5,2022-08-02-01,2022-06-14-13,0.11337978196102955
AVDR,Geometry,82,M5,2022-08-02-01,2022-06-14-13,0.12110275883080242
AVDL,Geometry,82,M5,2022-08-02-01,2022-06-14-13,0.11354308962360077
AVJL,Geometry,82,M5,2022-08-02-01,2022-06-14-13,0.13497884318862766
RIVR,Geometry,82,M5,2022-08-02-01,2022-06-14-13,0.11460269322629517
AIZR,Geometry,82,M5,2022-08-02-01,2022-06-14-13,0.09195080382393153
AUAR,Geometry,82,M5,2022-08-02-01,2022-06-14-13,0.03640182746044156
AUAL,Geometry,82,M5,2022-08-02-01,2022-06-14-13,0.0536175090653246
RICR,Geometry,82,M5,2022-08-02-01,2022-06-14-13,0.06288791400454204
RICL,Geometry,82,M5,2022-08-02-01,2022-06-14-13,0.020697385402198093
M5,Geometry,83,M5,2022-08-02-01,2022-06-14-13,0.02165762911376533
AIML,Geometry,82,M5,2022-08-02-01,2022-06-14-13,0.9483764681271917
AIMR,Geometry,82,M5,2022-08-02-01,2022-06-14-13,-0.04772112187274316
FLPL,Geometry,82,M5,2022-08-02-01,2022-06-14-13,-0.036213915222812205
ADEL,Geometry,82,M5,2022-08-02-01,2022-06-14-13,-0.03171216381744639
VB02,Geometry,82,M5,2022-08-02-01,2022-06-14-13,-0.06688242473159565
ADAL,Geometry,82,M5,2022-08-02-01,2022-06-14-13,-0.03653572050938034
I1R,Geometry,82,AIML,2022-08-02-01,2022-06-14-13,-0.9698666167721819
IL2DL,Geometry,82,AIML,2022-08-02-01,2022-06-14-13,-0.9590104521882878
I2R,Geometry,82,AIML,2022-08-02-01,2022-06-14-13,-0.9628490185130387
I3,Geometry,82,AIML,2022-08-02-01,2022-06-14-13,-0.9569980090656899
NSMR,Geometry,82,AIML,2022-08-02-01,2022-06-14-13,-0.959760305466343
I2L,Geometry,82,AIML,2022-08-02-01,2022-06-14-13,-0.9568585473938567
MCL,Geometry,82,AIML,2022-08-02-01,2022-06-14-13,-0.95932644503541
NSML,Geometry,82,AIML,2022-08-02-01,2022-06-14-13,-0.9518949929840794
M4,Geometry,82,AIML,2022-08-02-01,2022-06-14-13,-0.9398677865612102
M3R,Geometry,82,AIML,2022-08-02-01,2022-06-14-13,-0.9359633567642337
M3L,Geometry,82,AIML,2022-08-02-01,2022-06-14-13,-0.9269850523919658
IL2VL,Geometry,82,AIML,2022-08-02-01,2022-06-14-13,-0.8977870997988823
IL1R,Geometry,82,AIML,2022-08-02-01,2022-06-14-13,-0.8272495304439952
OLLL,Geometry,82,AIML,2022-08-02-01,2022-06-14-13,-0.8014291734592662
IL2L,Geometry,82,AIML,2022-08-02-01,2022-06-14-13,-0.811408988223652
URBR,Geometry,82,AIML,2022-08-02-01,2022-06-14-13,-0.7702092208345005
OLLR,Geometry,82,AIML,2022-08-02-01,2022-06-14-13,-0.747216979024955
IL1DL,Geometry,82,AIML,2022-08-02-01,2022-06-14-13,-0.7474234320888876
IL1DR,Geometry,82,AIML,2022-08-02-01,2022-06-14-13,-0.7154870924322971
URYVR,Geometry,82,AIML,2022-08-02-01,2022-06-14-13,-0.7574768876115604
IL2R,Geometry,82,AIML,2022-08-02-01,2022-06-14-13,-0.7541538542966534
URYDL,Geometry,82,AIML,2022-08-02-01,2022-06-14-13,-0.7198325656671939
IL1L,Geometry,82,AIML,2022-08-02-01,2022-06-14-13,-0.7589286939058285
URBL,Geometry,82,AIML,2022-08-02-01,2022-06-14-13,-0.6914714118997242
OLQDR,Geometry,82,AIML,2022-08-02-01,2022-06-14-13,-0.5786181597520834
OLQDL,Geometry,82,AIML,2022-08-02-01,2022-06-14-13,-0.5899339612240403
RMER,Geometry,82,AIML,2022-08-02-01,2022-06-14-13,-0.5915826210822073
OLQVR,Geometry,82,AIML,2022-08-02-01,2022-06-14-13,-0.6149317987054295
URYVL,Geometry,82,AIML,2022-08-02-01,2022-06-14-13,-0.6510460469924835
RMED,Geometry,82,AIML,2022-08-02-01,2022-06-14-13,-0.4010047480191018
RMEL,Geometry,82,AIML,2022-08-02-01,2022-06-14-13,-0.47097076565459284
CEPVR,Geometry,82,AIML,2022-08-02-01,2022-06-14-13,-0.46508378976397313
OLQVL,Geometry,82,AIML,2022-08-02-01,2022-06-14-13,-0.4634458593136621
CEPVL,Geometry,82,AIML,2022-08-02-01,2022-06-14-13,-0.27495640497575474
SAAVR,Geometry,82,AIML,2022-08-02-01,2022-06-14-13,-0.143244507936641
RID,Geometry,82,AIML,2022-08-02-01,2022-06-14-13,-0.08856005740516942
SMDVR,Geometry,82,AIML,2022-08-02-01,2022-06-14-13,-0.008251470902566994
URXR,Geometry,82,AIML,2022-08-02-01,2022-06-14-13,0.01751623874183235
RIAR,Geometry,82,AIML,2022-08-02-01,2022-06-14-13,0.00013006061194322346
AVAR,Geometry,82,AIML,2022-08-02-01,2022-06-14-13,-0.011736729755155047
SAAVL,Geometry,82,AIML,2022-08-02-01,2022-06-14-13,-0.044703294723408026
CEPDR,Geometry,82,AIML,2022-08-02-01,2022-06-14-13,0.0598639763104019
URXL,Geometry,82,AIML,2022-08-02-01,2022-06-14-13,0.04967873567650051
CEPDL,Geometry,82,AIML,2022-08-02-01,2022-06-14-13,0.09864209402893631
SMDDR,Geometry,82,AIML,2022-08-02-01,2022-06-14-13,0.0238774870612178
RMEV,Geometry,82,AIML,2022-08-02-01,2022-06-14-13,0.03852491377954797
RIAL,Geometry,82,AIML,2022-08-02-01,2022-06-14-13,0.1060698899364008
AVER,Geometry,82,AIML,2022-08-02-01,2022-06-14-13,0.14594822858860054
AWAR,Geometry,82,AIML,2022-08-02-01,2022-06-14-13,0.26652184776225124
SMDVL,Geometry,82,AIML,2022-08-02-01,2022-06-14-13,0.24578091362704638
AVAL,Geometry,82,AIML,2022-08-02-01,2022-06-14-13,0.22411280663679553
RMDL,Geometry,82,AIML,2022-08-02-01,2022-06-14-13,0.2968367869981534
AIBR,Geometry,82,AIML,2022-08-02-01,2022-06-14-13,0.35598570145575353
ASGR,Geometry,82,AIML,2022-08-02-01,2022-06-14-13,0.4258872143453575
AVL,Geometry,82,AIML,2022-08-02-01,2022-06-14-13,0.39897789567274944
AVEL,Geometry,82,AIML,2022-08-02-01,2022-06-14-13,0.42460405280452246
ASGL,Geometry,82,AIML,2022-08-02-01,2022-06-14-13,0.5034793013568934
ASHL,Geometry,82,AIML,2022-08-02-01,2022-06-14-13,0.5256358249620176
AIBL,Geometry,82,AIML,2022-08-02-01,2022-06-14-13,0.6052282069098419
AVHL,Geometry,82,AIML,2022-08-02-01,2022-06-14-13,0.604037879762223
AWBL,Geometry,82,AIML,2022-08-02-01,2022-06-14-13,0.6018910774236491
RIVL,Geometry,82,AIML,2022-08-02-01,2022-06-14-13,0.6152319434749137
AWCL,Geometry,82,AIML,2022-08-02-01,2022-06-14-13,0.6058813539087435
SMDDL,Geometry,82,AIML,2022-08-02-01,2022-06-14-13,0.6475182832208669
AVJR,Geometry,82,AIML,2022-08-02-01,2022-06-14-13,0.669049680370645
AIZL,Geometry,82,AIML,2022-08-02-01,2022-06-14-13,0.6616243258746305
RIBL,Geometry,82,AIML,2022-08-02-01,2022-06-14-13,0.6818450103877949
ASEL,Geometry,82,AIML,2022-08-02-01,2022-06-14-13,0.6792131752147581
AVDR,Geometry,82,AIML,2022-08-02-01,2022-06-14-13,0.6926489449849862
AVDL,Geometry,82,AIML,2022-08-02-01,2022-06-14-13,0.7049783484001817
AVJL,Geometry,82,AIML,2022-08-02-01,2022-06-14-13,0.7123427280094935
RIVR,Geometry,82,AIML,2022-08-02-01,2022-06-14-13,0.7525754133808283
AIZR,Geometry,82,AIML,2022-08-02-01,2022-06-14-13,0.7615384158491262
AUAR,Geometry,82,AIML,2022-08-02-01,2022-06-14-13,0.7954344509078606
AUAL,Geometry,82,AIML,2022-08-02-01,2022-06-14-13,0.7840625467164838
RICR,Geometry,82,AIML,2022-08-02-01,2022-06-14-13,0.8128291326474155
RICL,Geometry,82,AIML,2022-08-02-01,2022-06-14-13,0.8595009225258794
M5,Geometry,82,AIML,2022-08-02-01,2022-06-14-13,0.933586219631545
AIML,Geometry,83,AIML,2022-08-02-01,2022-06-14-13,0.9432265796388899
AIMR,Geometry,82,AIML,2022-08-02-01,2022-06-14-13,0.9411180468458409
FLPL,Geometry,82,AIML,2022-08-02-01,2022-06-14-13,0.9601795306884847
ADEL,Geometry,82,AIML,2022-08-02-01,2022-06-14-13,0.9693911930032546
VB02,Geometry,82,AIML,2022-08-02-01,2022-06-14-13,0.9728729661709066
ADAL,Geometry,82,AIML,2022-08-02-01,2022-06-14-13,0.9707612131862827
I1R,Geometry,82,AIMR,2022-08-02-01,2022-06-14-13,0.006379845239768563
IL2DL,Geometry,82,AIMR,2022-08-02-01,2022-06-14-13,0.024621070656724045
I2R,Geometry,82,AIMR,2022-08-02-01,2022-06-14-13,0.009711033609161472
I3,Geometry,82,AIMR,2022-08-02-01,2022-06-14-13,0.024826861021596404
NSMR,Geometry,82,AIMR,2022-08-02-01,2022-06-14-13,0.012648407550511406
I2L,Geometry,82,AIMR,2022-08-02-01,2022-06-14-13,0.008416789768897448
MCL,Geometry,82,AIMR,2022-08-02-01,2022-06-14-13,0.010709841249129473
NSML,Geometry,82,AIMR,2022-08-02-01,2022-06-14-13,0.01165088084476893
M4,Geometry,82,AIMR,2022-08-02-01,2022-06-14-13,0.032981196999258854
M3R,Geometry,82,AIMR,2022-08-02-01,2022-06-14-13,0.027564918960447115
M3L,Geometry,82,AIMR,2022-08-02-01,2022-06-14-13,0.025878272614718915
IL2VL,Geometry,82,AIMR,2022-08-02-01,2022-06-14-13,0.029822544540816835
IL1R,Geometry,82,AIMR,2022-08-02-01,2022-06-14-13,0.06595214322999204
OLLL,Geometry,82,AIMR,2022-08-02-01,2022-06-14-13,0.07296896443070561
IL2L,Geometry,82,AIMR,2022-08-02-01,2022-06-14-13,0.06639105353465967
URBR,Geometry,82,AIMR,2022-08-02-01,2022-06-14-13,0.08139618502768714
OLLR,Geometry,82,AIMR,2022-08-02-01,2022-06-14-13,0.09024420859325236
IL1DL,Geometry,82,AIMR,2022-08-02-01,2022-06-14-13,0.09145891235243786
IL1DR,Geometry,82,AIMR,2022-08-02-01,2022-06-14-13,0.10046201086505122
URYVR,Geometry,82,AIMR,2022-08-02-01,2022-06-14-13,0.07848827806833036
IL2R,Geometry,82,AIMR,2022-08-02-01,2022-06-14-13,0.07459947217841106
URYDL,Geometry,82,AIMR,2022-08-02-01,2022-06-14-13,0.09520702903256571
IL1L,Geometry,82,AIMR,2022-08-02-01,2022-06-14-13,0.07518122500133387
URBL,Geometry,82,AIMR,2022-08-02-01,2022-06-14-13,0.09315989962293127
OLQDR,Geometry,82,AIMR,2022-08-02-01,2022-06-14-13,0.12784078899137644
OLQDL,Geometry,82,AIMR,2022-08-02-01,2022-06-14-13,0.12487719278018634
RMER,Geometry,82,AIMR,2022-08-02-01,2022-06-14-13,0.11729461307369875
OLQVR,Geometry,82,AIMR,2022-08-02-01,2022-06-14-13,0.1044435162176428
URYVL,Geometry,82,AIMR,2022-08-02-01,2022-06-14-13,0.09381736609201063
RMED,Geometry,82,AIMR,2022-08-02-01,2022-06-14-13,0.15575839145581527
RMEL,Geometry,82,AIMR,2022-08-02-01,2022-06-14-13,0.12833447104934517
CEPVR,Geometry,82,AIMR,2022-08-02-01,2022-06-14-13,0.11991337526277847
OLQVL,Geometry,82,AIMR,2022-08-02-01,2022-06-14-13,0.12130022980834416
CEPVL,Geometry,82,AIMR,2022-08-02-01,2022-06-14-13,0.13551564663802626
SAAVR,Geometry,82,AIMR,2022-08-02-01,2022-06-14-13,0.16907915549434535
RID,Geometry,82,AIMR,2022-08-02-01,2022-06-14-13,0.18352235622957241
SMDVR,Geometry,82,AIMR,2022-08-02-01,2022-06-14-13,0.17894559126614312
URXR,Geometry,82,AIMR,2022-08-02-01,2022-06-14-13,0.18364036497036798
RIAR,Geometry,82,AIMR,2022-08-02-01,2022-06-14-13,0.178793899145017
AVAR,Geometry,82,AIMR,2022-08-02-01,2022-06-14-13,0.16992312237324594
SAAVL,Geometry,82,AIMR,2022-08-02-01,2022-06-14-13,0.17385826001828736
CEPDR,Geometry,82,AIMR,2022-08-02-01,2022-06-14-13,0.18564936990953895
URXL,Geometry,82,AIMR,2022-08-02-01,2022-06-14-13,0.18551355286243798
CEPDL,Geometry,82,AIMR,2022-08-02-01,2022-06-14-13,0.18625907256600285
SMDDR,Geometry,82,AIMR,2022-08-02-01,2022-06-14-13,0.13807010103429937
RMEV,Geometry,82,AIMR,2022-08-02-01,2022-06-14-13,0.14494467523974214
RIAL,Geometry,82,AIMR,2022-08-02-01,2022-06-14-13,0.1787539124737487
AVER,Geometry,82,AIMR,2022-08-02-01,2022-06-14-13,0.16821439171029862
AWAR,Geometry,82,AIMR,2022-08-02-01,2022-06-14-13,0.17768269608435402
SMDVL,Geometry,82,AIMR,2022-08-02-01,2022-06-14-13,0.18313613323316882
AVAL,Geometry,82,AIMR,2022-08-02-01,2022-06-14-13,0.16329834084432704
RMDL,Geometry,82,AIMR,2022-08-02-01,2022-06-14-13,0.15228073363246217
AIBR,Geometry,82,AIMR,2022-08-02-01,2022-06-14-13,0.1628282623509068
ASGR,Geometry,82,AIMR,2022-08-02-01,2022-06-14-13,0.16961374213274152
AVL,Geometry,82,AIMR,2022-08-02-01,2022-06-14-13,0.11597824564968458
AVEL,Geometry,82,AIMR,2022-08-02-01,2022-06-14-13,0.14863021502735776
ASGL,Geometry,82,AIMR,2022-08-02-01,2022-06-14-13,0.15439995206581505
ASHL,Geometry,82,AIMR,2022-08-02-01,2022-06-14-13,0.13641925736580077
AIBL,Geometry,82,AIMR,2022-08-02-01,2022-06-14-13,0.15942916777650418
AVHL,Geometry,82,AIMR,2022-08-02-01,2022-06-14-13,0.13641087706222577
AWBL,Geometry,82,AIMR,2022-08-02-01,2022-06-14-13,0.12485646983374916
RIVL,Geometry,82,AIMR,2022-08-02-01,2022-06-14-13,0.14655321002413943
AWCL,Geometry,82,AIMR,2022-08-02-01,2022-06-14-13,0.11171170459035984
SMDDL,Geometry,82,AIMR,2022-08-02-01,2022-06-14-13,0.08812060307319532
AVJR,Geometry,82,AIMR,2022-08-02-01,2022-06-14-13,0.13299939168971064
AIZL,Geometry,82,AIMR,2022-08-02-01,2022-06-14-13,0.12414498360623435
RIBL,Geometry,82,AIMR,2022-08-02-01,2022-06-14-13,0.10453977977873102
ASEL,Geometry,82,AIMR,2022-08-02-01,2022-06-14-13,0.10560298518783821
AVDR,Geometry,82,AIMR,2022-08-02-01,2022-06-14-13,0.12140988799824354
AVDL,Geometry,82,AIMR,2022-08-02-01,2022-06-14-13,0.10671956054910058
AVJL,Geometry,82,AIMR,2022-08-02-01,2022-06-14-13,0.12653447958457537
RIVR,Geometry,82,AIMR,2022-08-02-01,2022-06-14-13,0.11778313198997212
AIZR,Geometry,82,AIMR,2022-08-02-01,2022-06-14-13,0.09584729767756513
AUAR,Geometry,82,AIMR,2022-08-02-01,2022-06-14-13,0.038772060770703304
AUAL,Geometry,82,AIMR,2022-08-02-01,2022-06-14-13,0.0538741994361089
RICR,Geometry,82,AIMR,2022-08-02-01,2022-06-14-13,0.06891410946947468
RICL,Geometry,82,AIMR,2022-08-02-01,2022-06-14-13,0.027247291510121167
M5,Geometry,82,AIMR,2022-08-02-01,2022-06-14-13,0.028098937121605435
AIML,Geometry,82,AIMR,2022-08-02-01,2022-06-14-13,0.9544280256399063
AIMR,Geometry,83,AIMR,2022-08-02-01,2022-06-14-13,-0.023085017358297336
FLPL,Geometry,82,AIMR,2022-08-02-01,2022-06-14-13,-0.017826213414826195
ADEL,Geometry,82,AIMR,2022-08-02-01,2022-06-14-13,-0.012947880329983376
VB02,Geometry,82,AIMR,2022-08-02-01,2022-06-14-13,-0.05125182481599554
ADAL,Geometry,82,AIMR,2022-08-02-01,2022-06-14-13,-0.01678356599006627
I1R,Geometry,82,FLPL,2022-08-02-01,2022-06-14-13,0.01279721011756322
IL2DL,Geometry,82,FLPL,2022-08-02-01,2022-06-14-13,0.03286051097103332
I2R,Geometry,82,FLPL,2022-08-02-01,2022-06-14-13,0.015989151445044158
I3,Geometry,82,FLPL,2022-08-02-01,2022-06-14-13,0.032757760450748206
NSMR,Geometry,82,FLPL,2022-08-02-01,2022-06-14-13,0.019155323301855383
I2L,Geometry,82,FLPL,2022-08-02-01,2022-06-14-13,0.01579499410951719
MCL,Geometry,82,FLPL,2022-08-02-01,2022-06-14-13,0.01799433424290865
NSML,Geometry,82,FLPL,2022-08-02-01,2022-06-14-13,0.01920722938493939
M4,Geometry,82,FLPL,2022-08-02-01,2022-06-14-13,0.04121253928346795
M3R,Geometry,82,FLPL,2022-08-02-01,2022-06-14-13,0.03490269228334335
M3L,Geometry,82,FLPL,2022-08-02-01,2022-06-14-13,0.03434636729644449
IL2VL,Geometry,82,FLPL,2022-08-02-01,2022-06-14-13,0.03850859351014531
IL1R,Geometry,82,FLPL,2022-08-02-01,2022-06-14-13,0.07456264369467805
OLLL,Geometry,82,FLPL,2022-08-02-01,2022-06-14-13,0.08454488242653971
IL2L,Geometry,82,FLPL,2022-08-02-01,2022-06-14-13,0.07788881769113587
URBR,Geometry,82,FLPL,2022-08-02-01,2022-06-14-13,0.09064538743035999
OLLR,Geometry,82,FLPL,2022-08-02-01,2022-06-14-13,0.10022632772819402
IL1DL,Geometry,82,FLPL,2022-08-02-01,2022-06-14-13,0.10367854866307166
IL1DR,Geometry,82,FLPL,2022-08-02-01,2022-06-14-13,0.11168937903037558
URYVR,Geometry,82,FLPL,2022-08-02-01,2022-06-14-13,0.08750565507315762
IL2R,Geometry,82,FLPL,2022-08-02-01,2022-06-14-13,0.08316071547499179
URYDL,Geometry,82,FLPL,2022-08-02-01,2022-06-14-13,0.10802488318712795
IL1L,Geometry,82,FLPL,2022-08-02-01,2022-06-14-13,0.08702643428948062
URBL,Geometry,82,FLPL,2022-08-02-01,2022-06-14-13,0.1063384417504511
OLQDR,Geometry,82,FLPL,2022-08-02-01,2022-06-14-13,0.14012017704071306
OLQDL,Geometry,82,FLPL,2022-08-02-01,2022-06-14-13,0.13863034517003162
RMER,Geometry,82,FLPL,2022-08-02-01,2022-06-14-13,0.12781449888076044
OLQVR,Geometry,82,FLPL,2022-08-02-01,2022-06-14-13,0.11444254393995093
URYVL,Geometry,82,FLPL,2022-08-02-01,2022-06-14-13,0.10600347889342733
RMED,Geometry,82,FLPL,2022-08-02-01,2022-06-14-13,0.16944116139897944
RMEL,Geometry,82,FLPL,2022-08-02-01,2022-06-14-13,0.1430599729138637
CEPVR,Geometry,82,FLPL,2022-08-02-01,2022-06-14-13,0.13066967755085399
OLQVL,Geometry,82,FLPL,2022-08-02-01,2022-06-14-13,0.13437607128762688
CEPVL,Geometry,82,FLPL,2022-08-02-01,2022-06-14-13,0.14784716566224884
SAAVR,Geometry,82,FLPL,2022-08-02-01,2022-06-14-13,0.18042940474449765
RID,Geometry,82,FLPL,2022-08-02-01,2022-06-14-13,0.19770937325791152
SMDVR,Geometry,82,FLPL,2022-08-02-01,2022-06-14-13,0.19005648292630162
URXR,Geometry,82,FLPL,2022-08-02-01,2022-06-14-13,0.19582845961422457
RIAR,Geometry,82,FLPL,2022-08-02-01,2022-06-14-13,0.19075764820754543
AVAR,Geometry,82,FLPL,2022-08-02-01,2022-06-14-13,0.18044406374788274
SAAVL,Geometry,82,FLPL,2022-08-02-01,2022-06-14-13,0.1897474341094954
CEPDR,Geometry,82,FLPL,2022-08-02-01,2022-06-14-13,0.19698653618245843
URXL,Geometry,82,FLPL,2022-08-02-01,2022-06-14-13,0.20011061786640158
CEPDL,Geometry,82,FLPL,2022-08-02-01,2022-06-14-13,0.20149957386023112
SMDDR,Geometry,82,FLPL,2022-08-02-01,2022-06-14-13,0.14893049041689627
RMEV,Geometry,82,FLPL,2022-08-02-01,2022-06-14-13,0.15569528303398433
RIAL,Geometry,82,FLPL,2022-08-02-01,2022-06-14-13,0.1942435188523058
AVER,Geometry,82,FLPL,2022-08-02-01,2022-06-14-13,0.17805557296149865
AWAR,Geometry,82,FLPL,2022-08-02-01,2022-06-14-13,0.18730736477484702
SMDVL,Geometry,82,FLPL,2022-08-02-01,2022-06-14-13,0.198266654613582
AVAL,Geometry,82,FLPL,2022-08-02-01,2022-06-14-13,0.17796361677296793
RMDL,Geometry,82,FLPL,2022-08-02-01,2022-06-14-13,0.16583400076156443
AIBR,Geometry,82,FLPL,2022-08-02-01,2022-06-14-13,0.1713344267864677
ASGR,Geometry,82,FLPL,2022-08-02-01,2022-06-14-13,0.17796971333668865
AVL,Geometry,82,FLPL,2022-08-02-01,2022-06-14-13,0.12278813650870894
AVEL,Geometry,82,FLPL,2022-08-02-01,2022-06-14-13,0.16123114151043527
ASGL,Geometry,82,FLPL,2022-08-02-01,2022-06-14-13,0.16767403807945883
ASHL,Geometry,82,FLPL,2022-08-02-01,2022-06-14-13,0.14940874629099185
AIBL,Geometry,82,FLPL,2022-08-02-01,2022-06-14-13,0.16825619254308088
AVHL,Geometry,82,FLPL,2022-08-02-01,2022-06-14-13,0.14795713082538106
AWBL,Geometry,82,FLPL,2022-08-02-01,2022-06-14-13,0.13593927202532316
RIVL,Geometry,82,FLPL,2022-08-02-01,2022-06-14-13,0.15782151087309004
AWCL,Geometry,82,FLPL,2022-08-02-01,2022-06-14-13,0.12277919310081409
SMDDL,Geometry,82,FLPL,2022-08-02-01,2022-06-14-13,0.09645797309545964
AVJR,Geometry,82,FLPL,2022-08-02-01,2022-06-14-13,0.13625234292671629
AIZL,Geometry,82,FLPL,2022-08-02-01,2022-06-14-13,0.13446351600382533
RIBL,Geometry,82,FLPL,2022-08-02-01,2022-06-14-13,0.11334143321200973
ASEL,Geometry,82,FLPL,2022-08-02-01,2022-06-14-13,0.11536195455552742
AVDR,Geometry,82,FLPL,2022-08-02-01,2022-06-14-13,0.12407044438327795
AVDL,Geometry,82,FLPL,2022-08-02-01,2022-06-14-13,0.11611164849081547
AVJL,Geometry,82,FLPL,2022-08-02-01,2022-06-14-13,0.13587078022264923
RIVR,Geometry,82,FLPL,2022-08-02-01,2022-06-14-13,0.11953589148922861
AIZR,Geometry,82,FLPL,2022-08-02-01,2022-06-14-13,0.0974426815374383
AUAR,Geometry,82,FLPL,2022-08-02-01,2022-06-14-13,0.044389174286169474
AUAL,Geometry,82,FLPL,2022-08-02-01,2022-06-14-13,0.06014767941581549
RICR,Geometry,82,FLPL,2022-08-02-01,2022-06-14-13,0.07072404182407498
RICL,Geometry,82,FLPL,2022-08-02-01,2022-06-14-13,0.03016133258242819
M5,Geometry,82,FLPL,2022-08-02-01,2022-06-14-13,0.026175861879394694
AIML,Geometry,82,FLPL,2022-08-02-01,2022-06-14-13,0.965694887835938
AIMR,Geometry,82,FLPL,2022-08-02-01,2022-06-14-13,-0.03450693769510937
FLPL,Geometry,83,FLPL,2022-08-02-01,2022-06-14-13,-0.01042751333083529
ADEL,Geometry,82,FLPL,2022-08-02-01,2022-06-14-13,-0.01864089188185147
VB02,Geometry,82,FLPL,2022-08-02-01,2022-06-14-13,-0.05142931036037869
ADAL,Geometry,82,FLPL,2022-08-02-01,2022-06-14-13,-0.02205102973224269
I1R,Geometry,82,ADEL,2022-08-02-01,2022-06-14-13,0.0002958084951021814
IL2DL,Geometry,82,ADEL,2022-08-02-01,2022-06-14-13,0.01962170175583897
I2R,Geometry,82,ADEL,2022-08-02-01,2022-06-14-13,0.0033948466938517542
I3,Geometry,82,ADEL,2022-08-02-01,2022-06-14-13,0.019651696790920027
NSMR,Geometry,82,ADEL,2022-08-02-01,2022-06-14-13,0.006466413941130448
I2L,Geometry,82,ADEL,2022-08-02-01,2022-06-14-13,0.0030083253727059144
MCL,Geometry,82,ADEL,2022-08-02-01,2022-06-14-13,0.005171031505595298
NSML,Geometry,82,ADEL,2022-08-02-01,2022-06-14-13,0.00633994000251159
M4,Geometry,82,ADEL,2022-08-02-01,2022-06-14-13,0.0279892648733686
M3R,Geometry,82,ADEL,2022-08-02-01,2022-06-14-13,0.021971784128861346
M3L,Geometry,82,ADEL,2022-08-02-01,2022-06-14-13,0.021250299738106788
IL2VL,Geometry,82,ADEL,2022-08-02-01,2022-06-14-13,0.025532957222200666
IL1R,Geometry,82,ADEL,2022-08-02-01,2022-06-14-13,0.062043568849090076
OLLL,Geometry,82,ADEL,2022-08-02-01,2022-06-14-13,0.07159743439836491
IL2L,Geometry,82,ADEL,2022-08-02-01,2022-06-14-13,0.06490098653883014
URBR,Geometry,82,ADEL,2022-08-02-01,2022-06-14-13,0.07849115653375709
OLLR,Geometry,82,ADEL,2022-08-02-01,2022-06-14-13,0.08811365021587735
IL1DL,Geometry,82,ADEL,2022-08-02-01,2022-06-14-13,0.09105658881132607
IL1DR,Geometry,82,ADEL,2022-08-02-01,2022-06-14-13,0.09959057773662183
URYVR,Geometry,82,ADEL,2022-08-02-01,2022-06-14-13,0.07557534473781151
IL2R,Geometry,82,ADEL,2022-08-02-01,2022-06-14-13,0.07142505879332907
URYDL,Geometry,82,ADEL,2022-08-02-01,2022-06-14-13,0.0955547391661076
IL1L,Geometry,82,ADEL,2022-08-02-01,2022-06-14-13,0.07446458420985706
URBL,Geometry,82,ADEL,2022-08-02-01,2022-06-14-13,0.09414869457067675
OLQDR,Geometry,82,ADEL,2022-08-02-01,2022-06-14-13,0.12920773603009755
OLQDL,Geometry,82,ADEL,2022-08-02-01,2022-06-14-13,0.12725742434756018
RMER,Geometry,82,ADEL,2022-08-02-01,2022-06-14-13,0.11728587127756011
OLQVR,Geometry,82,ADEL,2022-08-02-01,2022-06-14-13,0.10384744726095861
URYVL,Geometry,82,ADEL,2022-08-02-01,2022-06-14-13,0.0945133935900733
RMED,Geometry,82,ADEL,2022-08-02-01,2022-06-14-13,0.16003199356196376
RMEL,Geometry,82,ADEL,2022-08-02-01,2022-06-14-13,0.13291651880234273
CEPVR,Geometry,82,ADEL,2022-08-02-01,2022-06-14-13,0.12171813561153488
OLQVL,Geometry,82,ADEL,2022-08-02-01,2022-06-14-13,0.12479634602360286
CEPVL,Geometry,82,ADEL,2022-08-02-01,2022-06-14-13,0.14062160351549483
SAAVR,Geometry,82,ADEL,2022-08-02-01,2022-06-14-13,0.1743634329430983
RID,Geometry,82,ADEL,2022-08-02-01,2022-06-14-13,0.19113101703852403
SMDVR,Geometry,82,ADEL,2022-08-02-01,2022-06-14-13,0.1851582027545041
URXR,Geometry,82,ADEL,2022-08-02-01,2022-06-14-13,0.19077798018984857
RIAR,Geometry,82,ADEL,2022-08-02-01,2022-06-14-13,0.1858010016677151
AVAR,Geometry,82,ADEL,2022-08-02-01,2022-06-14-13,0.17599605977334995
SAAVL,Geometry,82,ADEL,2022-08-02-01,2022-06-14-13,0.18351344610451686
CEPDR,Geometry,82,ADEL,2022-08-02-01,2022-06-14-13,0.19249398983272198
URXL,Geometry,82,ADEL,2022-08-02-01,2022-06-14-13,0.19480002809480562
CEPDL,Geometry,82,ADEL,2022-08-02-01,2022-06-14-13,0.19640955259343845
SMDDR,Geometry,82,ADEL,2022-08-02-01,2022-06-14-13,0.14520130856848357
RMEV,Geometry,82,ADEL,2022-08-02-01,2022-06-14-13,0.15210512330055703
RIAL,Geometry,82,ADEL,2022-08-02-01,2022-06-14-13,0.18943226537249036
AVER,Geometry,82,ADEL,2022-08-02-01,2022-06-14-13,0.17532875643788204
AWAR,Geometry,82,ADEL,2022-08-02-01,2022-06-14-13,0.18537367567380242
SMDVL,Geometry,82,ADEL,2022-08-02-01,2022-06-14-13,0.19455339596389076
AVAL,Geometry,82,ADEL,2022-08-02-01,2022-06-14-13,0.1746423477763513
RMDL,Geometry,82,ADEL,2022-08-02-01,2022-06-14-13,0.16359602085588054
AIBR,Geometry,82,ADEL,2022-08-02-01,2022-06-14-13,0.17082713783539072
ASGR,Geometry,82,ADEL,2022-08-02-01,2022-06-14-13,0.17783916564757754
AVL,Geometry,82,ADEL,2022-08-02-01,2022-06-14-13,0.12376748490250614
AVEL,Geometry,82,ADEL,2022-08-02-01,2022-06-14-13,0.16036316513169796
ASGL,Geometry,82,ADEL,2022-08-02-01,2022-06-14-13,0.16717671045512356
ASHL,Geometry,82,ADEL,2022-08-02-01,2022-06-14-13,0.14945936664425916
AIBL,Geometry,82,ADEL,2022-08-02-01,2022-06-14-13,0.16971372004326168
AVHL,Geometry,82,ADEL,2022-08-02-01,2022-06-14-13,0.1490727063369098
AWBL,Geometry,82,ADEL,2022-08-02-01,2022-06-14-13,0.13733584265452628
RIVL,Geometry,82,ADEL,2022-08-02-01,2022-06-14-13,0.15890452996512602
AWCL,Geometry,82,ADEL,2022-08-02-01,2022-06-14-13,0.12443262860299094
SMDDL,Geometry,82,ADEL,2022-08-02-01,2022-06-14-13,0.09949612865102844
AVJR,Geometry,82,ADEL,2022-08-02-01,2022-06-14-13,0.14021003908140833
AIZL,Geometry,82,ADEL,2022-08-02-01,2022-06-14-13,0.13657863096727532
RIBL,Geometry,82,ADEL,2022-08-02-01,2022-06-14-13,0.11649163587828013
ASEL,Geometry,82,ADEL,2022-08-02-01,2022-06-14-13,0.11820949851195216
AVDR,Geometry,82,ADEL,2022-08-02-01,2022-06-14-13,0.12866715357491484
AVDL,Geometry,82,ADEL,2022-08-02-01,2022-06-14-13,0.11930662963125485
AVJL,Geometry,82,ADEL,2022-08-02-01,2022-06-14-13,0.1388071874456295
RIVR,Geometry,82,ADEL,2022-08-02-01,2022-06-14-13,0.12499276265943746
AIZR,Geometry,82,ADEL,2022-08-02-01,2022-06-14-13,0.10366346060677883
AUAR,Geometry,82,ADEL,2022-08-02-01,2022-06-14-13,0.050856232812121774
AUAL,Geometry,82,ADEL,2022-08-02-01,2022-06-14-13,0.06598475159389545
RICR,Geometry,82,ADEL,2022-08-02-01,2022-06-14-13,0.07801438833812958
RICL,Geometry,82,ADEL,2022-08-02-01,2022-06-14-13,0.03841404835489899
M5,Geometry,82,ADEL,2022-08-02-01,2022-06-14-13,0.03644382902606089
AIML,Geometry,82,ADEL,2022-08-02-01,2022-06-14-13,0.9603207944419501
AIMR,Geometry,82,ADEL,2022-08-02-01,2022-06-14-13,-0.02440979626937316
FLPL,Geometry,82,ADEL,2022-08-02-01,2022-06-14-13,-0.012012113057725529
ADEL,Geometry,83,ADEL,2022-08-02-01,2022-06-14-13,0.006792310565833399
VB02,Geometry,82,ADEL,2022-08-02-01,2022-06-14-13,-0.039707148949425744
ADAL,Geometry,82,ADEL,2022-08-02-01,2022-06-14-13,-0.014322101416555714
I1R,Geometry,82,VB02,2022-08-02-01,2022-06-14-13,0.028331772758277723
IL2DL,Geometry,82,VB02,2022-08-02-01,2022-06-14-13,0.047707045465369
I2R,Geometry,82,VB02,2022-08-02-01,2022-06-14-13,0.032676995983541
I3,Geometry,82,VB02,2022-08-02-01,2022-06-14-13,0.04817292546163049
NSMR,Geometry,82,VB02,2022-08-02-01,2022-06-14-13,0.035928356780427974
I2L,Geometry,82,VB02,2022-08-02-01,2022-06-14-13,0.030308746438760456
MCL,Geometry,82,VB02,2022-08-02-01,2022-06-14-13,0.03297532451541564
NSML,Geometry,82,VB02,2022-08-02-01,2022-06-14-13,0.03395300790305174
M4,Geometry,82,VB02,2022-08-02-01,2022-06-14-13,0.05714430590731888
M3R,Geometry,82,VB02,2022-08-02-01,2022-06-14-13,0.0522706917804324
M3L,Geometry,82,VB02,2022-08-02-01,2022-06-14-13,0.049484596277792184
IL2VL,Geometry,82,VB02,2022-08-02-01,2022-06-14-13,0.054323976332380446
IL1R,Geometry,82,VB02,2022-08-02-01,2022-06-14-13,0.09373169758798537
OLLL,Geometry,82,VB02,2022-08-02-01,2022-06-14-13,0.0991486726711222
IL2L,Geometry,82,VB02,2022-08-02-01,2022-06-14-13,0.09204161426294001
URBR,Geometry,82,VB02,2022-08-02-01,2022-06-14-13,0.1100308886909593
OLLR,Geometry,82,VB02,2022-08-02-01,2022-06-14-13,0.11917200932754285
IL1DL,Geometry,82,VB02,2022-08-02-01,2022-06-14-13,0.11884224208362322
IL1DR,Geometry,82,VB02,2022-08-02-01,2022-06-14-13,0.12929137427290965
URYVR,Geometry,82,VB02,2022-08-02-01,2022-06-14-13,0.10698134695965526
IL2R,Geometry,82,VB02,2022-08-02-01,2022-06-14-13,0.1031948378046881
URYDL,Geometry,82,VB02,2022-08-02-01,2022-06-14-13,0.12239345446621959
IL1L,Geometry,82,VB02,2022-08-02-01,2022-06-14-13,0.1014227067127185
URBL,Geometry,82,VB02,2022-08-02-01,2022-06-14-13,0.11985214425857907
OLQDR,Geometry,82,VB02,2022-08-02-01,2022-06-14-13,0.15771989686921548
OLQDL,Geometry,82,VB02,2022-08-02-01,2022-06-14-13,0.1534552018305451
RMER,Geometry,82,VB02,2022-08-02-01,2022-06-14-13,0.14786426085097884
OLQVR,Geometry,82,VB02,2022-08-02-01,2022-06-14-13,0.13443989705502776
URYVL,Geometry,82,VB02,2022-08-02-01,2022-06-14-13,0.12133425417395254
RMED,Geometry,82,VB02,2022-08-02-01,2022-06-14-13,0.18513448326492088
RMEL,Geometry,82,VB02,2022-08-02-01,2022-06-14-13,0.15551374982994637
CEPVR,Geometry,82,VB02,2022-08-02-01,2022-06-14-13,0.14989821678718881
OLQVL,Geometry,82,VB02,2022-08-02-01,2022-06-14-13,0.1492651465308973
CEPVL,Geometry,82,VB02,2022-08-02-01,2022-06-14-13,0.16300732288393385
SAAVR,Geometry,82,VB02,2022-08-02-01,2022-06-14-13,0.19707074745946432
RID,Geometry,82,VB02,2022-08-02-01,2022-06-14-13,0.20868950245020518
SMDVR,Geometry,82,VB02,2022-08-02-01,2022-06-14-13,0.2043344594347645
URXR,Geometry,82,VB02,2022-08-02-01,2022-06-14-13,0.20771798458169036
RIAR,Geometry,82,VB02,2022-08-02-01,2022-06-14-13,0.20367569570891414
AVAR,Geometry,82,VB02,2022-08-02-01,2022-06-14-13,0.19599692381128375
SAAVL,Geometry,82,VB02,2022-08-02-01,2022-06-14-13,0.19657060526487252
CEPDR,Geometry,82,VB02,2022-08-02-01,2022-06-14-13,0.20930954157563444
URXL,Geometry,82,VB02,2022-08-02-01,2022-06-14-13,0.20733478233293853
CEPDL,Geometry,82,VB02,2022-08-02-01,2022-06-14-13,0.20602636678244002
SMDDR,Geometry,82,VB02,2022-08-02-01,2022-06-14-13,0.16188699415426658
RMEV,Geometry,82,VB02,2022-08-02-01,2022-06-14-13,0.1681635962884706
RIAL,Geometry,82,VB02,2022-08-02-01,2022-06-14-13,0.19819998913476725
AVER,Geometry,82,VB02,2022-08-02-01,2022-06-14-13,0.19073038453846672
AWAR,Geometry,82,VB02,2022-08-02-01,2022-06-14-13,0.19662273606127695
SMDVL,Geometry,82,VB02,2022-08-02-01,2022-06-14-13,0.19833590624557704
AVAL,Geometry,82,VB02,2022-08-02-01,2022-06-14-13,0.17893929993406782
RMDL,Geometry,82,VB02,2022-08-02-01,2022-06-14-13,0.1660232111954856
AIBR,Geometry,82,VB02,2022-08-02-01,2022-06-14-13,0.1795725291635917
ASGR,Geometry,82,VB02,2022-08-02-01,2022-06-14-13,0.18369675670955257
AVL,Geometry,82,VB02,2022-08-02-01,2022-06-14-13,0.13036425267801124
AVEL,Geometry,82,VB02,2022-08-02-01,2022-06-14-13,0.15863163891680207
ASGL,Geometry,82,VB02,2022-08-02-01,2022-06-14-13,0.16075708813004363
ASHL,Geometry,82,VB02,2022-08-02-01,2022-06-14-13,0.14099570428938296
AIBL,Geometry,82,VB02,2022-08-02-01,2022-06-14-13,0.16490881940957963
AVHL,Geometry,82,VB02,2022-08-02-01,2022-06-14-13,0.13915034259747808
AWBL,Geometry,82,VB02,2022-08-02-01,2022-06-14-13,0.127480061579685
RIVL,Geometry,82,VB02,2022-08-02-01,2022-06-14-13,0.14919681351586636
AWCL,Geometry,82,VB02,2022-08-02-01,2022-06-14-13,0.11345512036420655
SMDDL,Geometry,82,VB02,2022-08-02-01,2022-06-14-13,0.09104539907806847
AVJR,Geometry,82,VB02,2022-08-02-01,2022-06-14-13,0.13798620850837157
AIZL,Geometry,82,VB02,2022-08-02-01,2022-06-14-13,0.12453677570199391
RIBL,Geometry,82,VB02,2022-08-02-01,2022-06-14-13,0.1051828970339947
ASEL,Geometry,82,VB02,2022-08-02-01,2022-06-14-13,0.10496408379438056
AVDR,Geometry,82,VB02,2022-08-02-01,2022-06-14-13,0.12561028628798812
AVDL,Geometry,82,VB02,2022-08-02-01,2022-06-14-13,0.10520601997709575
AVJL,Geometry,82,VB02,2022-08-02-01,2022-06-14-13,0.12504241072019734
RIVR,Geometry,82,VB02,2022-08-02-01,2022-06-14-13,0.11857041231122302
AIZR,Geometry,82,VB02,2022-08-02-01,2022-06-14-13,0.09709965806264671
AUAR,Geometry,82,VB02,2022-08-02-01,2022-06-14-13,0.03565673520353308
AUAL,Geometry,82,VB02,2022-08-02-01,2022-06-14-13,0.04904112257779681
RICR,Geometry,82,VB02,2022-08-02-01,2022-06-14-13,0.0678452388460011
RICL,Geometry,82,VB02,2022-08-02-01,2022-06-14-13,0.019386474184393307
M5,Geometry,82,VB02,2022-08-02-01,2022-06-14-13,0.015718098194747877
AIML,Geometry,82,VB02,2022-08-02-01,2022-06-14-13,0.9548132108039104
AIMR,Geometry,82,VB02,2022-08-02-01,2022-06-14-13,-0.045455875464229856
FLPL,Geometry,82,VB02,2022-08-02-01,2022-06-14-13,-0.033382485086515985
ADEL,Geometry,82,VB02,2022-08-02-01,2022-06-14-13,-0.0299920650480313
VB02,Geometry,83,VB02,2022-08-02-01,2022-06-14-13,-0.05325510214624533
ADAL,Geometry,82,VB02,2022-08-02-01,2022-06-14-13,-0.035249324446746305
I1R,Geometry,82,ADAL,2022-08-02-01,2022-06-14-13,-0.0030125801528924933
IL2DL,Geometry,82,ADAL,2022-08-02-01,2022-06-14-13,0.016718098630888592
I2R,Geometry,82,ADAL,2022-08-02-01,2022-06-14-13,0.00010550486930856495
I3,Geometry,82,ADAL,2022-08-02-01,2022-06-14-13,0.016734101256574187
NSMR,Geometry,82,ADAL,2022-08-02-01,2022-06-14-13,0.0032407426354909615
I2L,Geometry,82,ADAL,2022-08-02-01,2022-06-14-13,-0.00012797702271560586
MCL,Geometry,82,ADAL,2022-08-02-01,2022-06-14-13,0.0020307204651448625
NSML,Geometry,82,ADAL,2022-08-02-01,2022-06-14-13,0.0032784713368490576
M4,Geometry,82,ADAL,2022-08-02-01,2022-06-14-13,0.025305843450833868
M3R,Geometry,82,ADAL,2022-08-02-01,2022-06-14-13,0.019130555858118164
M3L,Geometry,82,ADAL,2022-08-02-01,2022-06-14-13,0.018605522032828295
IL2VL,Geometry,82,ADAL,2022-08-02-01,2022-06-14-13,0.0231972103277371
IL1R,Geometry,82,ADAL,2022-08-02-01,2022-06-14-13,0.060662848927873575
OLLL,Geometry,82,ADAL,2022-08-02-01,2022-06-14-13,0.07090875600591005
IL2L,Geometry,82,ADAL,2022-08-02-01,2022-06-14-13,0.06405482856532743
URBR,Geometry,82,ADAL,2022-08-02-01,2022-06-14-13,0.07787971766194196
OLLR,Geometry,82,ADAL,2022-08-02-01,2022-06-14-13,0.08793557080405193
IL1DL,Geometry,82,ADAL,2022-08-02-01,2022-06-14-13,0.09120801867292133
IL1DR,Geometry,82,ADAL,2022-08-02-01,2022-06-14-13,0.10001178566009024
URYVR,Geometry,82,ADAL,2022-08-02-01,2022-06-14-13,0.0750472016750165
IL2R,Geometry,82,ADAL,2022-08-02-01,2022-06-14-13,0.0709295977122656
URYDL,Geometry,82,ADAL,2022-08-02-01,2022-06-14-13,0.09611176796729491
IL1L,Geometry,82,ADAL,2022-08-02-01,2022-06-14-13,0.07428741201906434
URBL,Geometry,82,ADAL,2022-08-02-01,2022-06-14-13,0.09503266591755168
OLQDR,Geometry,82,ADAL,2022-08-02-01,2022-06-14-13,0.13148815886696572
OLQDL,Geometry,82,ADAL,2022-08-02-01,2022-06-14-13,0.12965361913841683
RMER,Geometry,82,ADAL,2022-08-02-01,2022-06-14-13,0.11912735817627025
OLQVR,Geometry,82,ADAL,2022-08-02-01,2022-06-14-13,0.10526344341999563
URYVL,Geometry,82,ADAL,2022-08-02-01,2022-06-14-13,0.09573986741009743
RMED,Geometry,82,ADAL,2022-08-02-01,2022-06-14-13,0.1644799041639675
RMEL,Geometry,82,ADAL,2022-08-02-01,2022-06-14-13,0.136787207194574
CEPVR,Geometry,82,ADAL,2022-08-02-01,2022-06-14-13,0.12504202095560535
OLQVL,Geometry,82,ADAL,2022-08-02-01,2022-06-14-13,0.12840326415523562
CEPVL,Geometry,82,ADAL,2022-08-02-01,2022-06-14-13,0.1459719190738384
SAAVR,Geometry,82,ADAL,2022-08-02-01,2022-06-14-13,0.18036802811812033
RID,Geometry,82,ADAL,2022-08-02-01,2022-06-14-13,0.19785891860345212
SMDVR,Geometry,82,ADAL,2022-08-02-01,2022-06-14-13,0.1916409202376315
URXR,Geometry,82,ADAL,2022-08-02-01,2022-06-14-13,0.19747479277436902
RIAR,Geometry,82,ADAL,2022-08-02-01,2022-06-14-13,0.19246525356434108
AVAR,Geometry,82,ADAL,2022-08-02-01,2022-06-14-13,0.18260445932195618
SAAVL,Geometry,82,ADAL,2022-08-02-01,2022-06-14-13,0.19074409233593403
CEPDR,Geometry,82,ADAL,2022-08-02-01,2022-06-14-13,0.19932787760222817
URXL,Geometry,82,ADAL,2022-08-02-01,2022-06-14-13,0.20204275693331808
CEPDL,Geometry,82,ADAL,2022-08-02-01,2022-06-14-13,0.20390315970572712
SMDDR,Geometry,82,ADAL,2022-08-02-01,2022-06-14-13,0.1518851522746906
RMEV,Geometry,82,ADAL,2022-08-02-01,2022-06-14-13,0.15905017434161042
RIAL,Geometry,82,ADAL,2022-08-02-01,2022-06-14-13,0.196999726349638
AVER,Geometry,82,ADAL,2022-08-02-01,2022-06-14-13,0.18246788714376205
AWAR,Geometry,82,ADAL,2022-08-02-01,2022-06-14-13,0.19239792567046474
SMDVL,Geometry,82,ADAL,2022-08-02-01,2022-06-14-13,0.20224155534501498
AVAL,Geometry,82,ADAL,2022-08-02-01,2022-06-14-13,0.18220559445853957
RMDL,Geometry,82,ADAL,2022-08-02-01,2022-06-14-13,0.171017139039284
AIBR,Geometry,82,ADAL,2022-08-02-01,2022-06-14-13,0.17799928638630946
ASGR,Geometry,82,ADAL,2022-08-02-01,2022-06-14-13,0.18485280452298847
AVL,Geometry,82,ADAL,2022-08-02-01,2022-06-14-13,0.13073321239947663
AVEL,Geometry,82,ADAL,2022-08-02-01,2022-06-14-13,0.16763326219470215
ASGL,Geometry,82,ADAL,2022-08-02-01,2022-06-14-13,0.174409993215146
ASHL,Geometry,82,ADAL,2022-08-02-01,2022-06-14-13,0.15651106953850183
AIBL,Geometry,82,ADAL,2022-08-02-01,2022-06-14-13,0.17671911375853402
AVHL,Geometry,82,ADAL,2022-08-02-01,2022-06-14-13,0.15603315846900273
AWBL,Geometry,82,ADAL,2022-08-02-01,2022-06-14-13,0.14421078560301834
RIVL,Geometry,82,ADAL,2022-08-02-01,2022-06-14-13,0.16595798263264944
AWCL,Geometry,82,ADAL,2022-08-02-01,2022-06-14-13,0.1312556510772322
SMDDL,Geometry,82,ADAL,2022-08-02-01,2022-06-14-13,0.1062115615160497
AVJR,Geometry,82,ADAL,2022-08-02-01,2022-06-14-13,0.14653609876547677
AIZL,Geometry,82,ADAL,2022-08-02-01,2022-06-14-13,0.14343632737220677
RIBL,Geometry,82,ADAL,2022-08-02-01,2022-06-14-13,0.12333492339877077
ASEL,Geometry,82,ADAL,2022-08-02-01,2022-06-14-13,0.12503192843377556
AVDR,Geometry,82,ADAL,2022-08-02-01,2022-06-14-13,0.1349489178147044
AVDL,Geometry,82,ADAL,2022-08-02-01,2022-06-14-13,0.12617113244208916
AVJL,Geometry,82,ADAL,2022-08-02-01,2022-06-14-13,0.14580224526503918
RIVR,Geometry,82,ADAL,2022-08-02-01,2022-06-14-13,0.13126887901373957
AIZR,Geometry,82,ADAL,2022-08-02-01,2022-06-14-13,0.10998521024603863
AUAR,Geometry,82,ADAL,2022-08-02-01,2022-06-14-13,0.057819296487608654
AUAL,Geometry,82,ADAL,2022-08-02-01,2022-06-14-13,0.07291249236676157
RICR,Geometry,82,ADAL,2022-08-02-01,2022-06-14-13,0.08445575706354569
RICL,Geometry,82,ADAL,2022-08-02-01,2022-06-14-13,0.0457320010324595
M5,Geometry,82,ADAL,2022-08-02-01,2022-06-14-13,0.04421494198128573
AIML,Geometry,82,ADAL,2022-08-02-01,2022-06-14-13,0.9615134703420024
AIMR,Geometry,82,ADAL,2022-08-02-01,2022-06-14-13,-0.017750483371598576
FLPL,Geometry,82,ADAL,2022-08-02-01,2022-06-14-13,-0.0031785692127978536
ADEL,Geometry,82,ADAL,2022-08-02-01,2022-06-14-13,-0.0026572308007459856
VB02,Geometry,82,ADAL,2022-08-02-01,2022-06-14-13,-0.03331085028039434
ADAL,Geometry,83,ADAL,2022-08-02-01,2022-06-14-13,0.00832097468123637
I1R,Activity,83,I1R,2022-08-02-01,2022-06-14-13,0.6641593017996322
IL2DL,Activity,82,I1R,2022-08-02-01,2022-06-14-13,0.6272385490161335
I2R,Activity,82,I1R,2022-08-02-01,2022-06-14-13,0.08950631132379315
I3,Activity,82,I1R,2022-08-02-01,2022-06-14-13,-0.5666205279146109
NSMR,Activity,82,I1R,2022-08-02-01,2022-06-14-13,0.6171904803429505
I2L,Activity,82,I1R,2022-08-02-01,2022-06-14-13,0.531077419914764
MCL,Activity,82,I1R,2022-08-02-01,2022-06-14-13,0.6285009476878617
NSML,Activity,82,I1R,2022-08-02-01,2022-06-14-13,0.5970294467828346
M4,Activity,82,I1R,2022-08-02-01,2022-06-14-13,0.4547489531131699
M3R,Activity,82,I1R,2022-08-02-01,2022-06-14-13,0.18919519586010153
M3L,Activity,82,I1R,2022-08-02-01,2022-06-14-13,0.5931916848232873
IL2VL,Activity,82,I1R,2022-08-02-01,2022-06-14-13,0.6351153889437036
IL1R,Activity,82,I1R,2022-08-02-01,2022-06-14-13,-0.16327959252874455
OLLL,Activity,82,I1R,2022-08-02-01,2022-06-14-13,-0.34810838005977845
IL2L,Activity,82,I1R,2022-08-02-01,2022-06-14-13,0.4629311185485213
URBR,Activity,82,I1R,2022-08-02-01,2022-06-14-13,-0.46376045049124326
OLLR,Activity,82,I1R,2022-08-02-01,2022-06-14-13,-0.40161508406835517
IL1DL,Activity,82,I1R,2022-08-02-01,2022-06-14-13,-0.4368484196673265
IL1DR,Activity,82,I1R,2022-08-02-01,2022-06-14-13,-0.4175587108113537
URYVR,Activity,82,I1R,2022-08-02-01,2022-06-14-13,-0.42537781607797587
IL2R,Activity,82,I1R,2022-08-02-01,2022-06-14-13,-0.4208453697500728
URYDL,Activity,82,I1R,2022-08-02-01,2022-06-14-13,-0.4359228770175235
IL1L,Activity,82,I1R,2022-08-02-01,2022-06-14-13,0.07324047387357945
URBL,Activity,82,I1R,2022-08-02-01,2022-06-14-13,-0.05444996949280962
OLQDR,Activity,82,I1R,2022-08-02-01,2022-06-14-13,-0.4575492308564357
OLQDL,Activity,82,I1R,2022-08-02-01,2022-06-14-13,-0.23837714094363338
RMER,Activity,82,I1R,2022-08-02-01,2022-06-14-13,0.20467722449270478
OLQVR,Activity,82,I1R,2022-08-02-01,2022-06-14-13,-0.43282428863569516
URYVL,Activity,82,I1R,2022-08-02-01,2022-06-14-13,-0.5386000984818601
RMED,Activity,82,I1R,2022-08-02-01,2022-06-14-13,0.2067200572163299
RMEL,Activity,82,I1R,2022-08-02-01,2022-06-14-13,0.19914171924251445
CEPVR,Activity,82,I1R,2022-08-02-01,2022-06-14-13,-0.3402468011187542
OLQVL,Activity,82,I1R,2022-08-02-01,2022-06-14-13,-0.41853334937251163
CEPVL,Activity,82,I1R,2022-08-02-01,2022-06-14-13,-0.1924535159976488
SAAVR,Activity,82,I1R,2022-08-02-01,2022-06-14-13,0.04708371202931756
RID,Activity,82,I1R,2022-08-02-01,2022-06-14-13,0.3713439797507218
SMDVR,Activity,82,I1R,2022-08-02-01,2022-06-14-13,-0.014612692443925856
URXR,Activity,82,I1R,2022-08-02-01,2022-06-14-13,0.5051269250411793
RIAR,Activity,82,I1R,2022-08-02-01,2022-06-14-13,-0.46510711209887884
AVAR,Activity,82,I1R,2022-08-02-01,2022-06-14-13,-0.33598733517534324
SAAVL,Activity,82,I1R,2022-08-02-01,2022-06-14-13,0.16972774469699334
CEPDR,Activity,82,I1R,2022-08-02-01,2022-06-14-13,-0.1582143545659531
URXL,Activity,82,I1R,2022-08-02-01,2022-06-14-13,0.4113568571961769
CEPDL,Activity,82,I1R,2022-08-02-01,2022-06-14-13,0.13752068820224178
SMDDR,Activity,82,I1R,2022-08-02-01,2022-06-14-13,-0.39352074245500274
RMEV,Activity,82,I1R,2022-08-02-01,2022-06-14-13,0.3914823192952475
RIAL,Activity,82,I1R,2022-08-02-01,2022-06-14-13,0.5126613780081051
AVER,Activity,82,I1R,2022-08-02-01,2022-06-14-13,-0.2818688436087321
AWAR,Activity,82,I1R,2022-08-02-01,2022-06-14-13,-0.2924715204224347
SMDVL,Activity,82,I1R,2022-08-02-01,2022-06-14-13,-0.3543641325166305
AVAL,Activity,82,I1R,2022-08-02-01,2022-06-14-13,-0.3520384914613036
RMDL,Activity,82,I1R,2022-08-02-01,2022-06-14-13,-0.468638167847748
AIBR,Activity,82,I1R,2022-08-02-01,2022-06-14-13,-0.2984528405169305
ASGR,Activity,82,I1R,2022-08-02-01,2022-06-14-13,-0.2239306072016238
AVL,Activity,82,I1R,2022-08-02-01,2022-06-14-13,-0.28314116858668337
AVEL,Activity,82,I1R,2022-08-02-01,2022-06-14-13,-0.3235282290446532
ASGL,Activity,82,I1R,2022-08-02-01,2022-06-14-13,-0.17549583741039165
ASHL,Activity,82,I1R,2022-08-02-01,2022-06-14-13,-0.4497537769671681
AIBL,Activity,82,I1R,2022-08-02-01,2022-06-14-13,-0.32536763190491436
AVHL,Activity,82,I1R,2022-08-02-01,2022-06-14-13,0.5537544169494336
AWBL,Activity,82,I1R,2022-08-02-01,2022-06-14-13,-0.5278752479478449
RIVL,Activity,82,I1R,2022-08-02-01,2022-06-14-13,-0.3528546913600182
AWCL,Activity,82,I1R,2022-08-02-01,2022-06-14-13,0.4628587518383939
SMDDL,Activity,82,I1R,2022-08-02-01,2022-06-14-13,-0.07153831661129773
AVJR,Activity,82,I1R,2022-08-02-01,2022-06-14-13,0.339721575394153
AIZL,Activity,82,I1R,2022-08-02-01,2022-06-14-13,0.5914204477868872
RIBL,Activity,82,I1R,2022-08-02-01,2022-06-14-13,0.1169345303775726
ASEL,Activity,82,I1R,2022-08-02-01,2022-06-14-13,0.48338653811461985
AVDR,Activity,82,I1R,2022-08-02-01,2022-06-14-13,0.6038219124089895
AVDL,Activity,82,I1R,2022-08-02-01,2022-06-14-13,0.5979348351084651
AVJL,Activity,82,I1R,2022-08-02-01,2022-06-14-13,-0.4899439410238712
RIVR,Activity,82,I1R,2022-08-02-01,2022-06-14-13,-0.29449602546380005
AIZR,Activity,82,I1R,2022-08-02-01,2022-06-14-13,-0.41067559421635474
AUAR,Activity,82,I1R,2022-08-02-01,2022-06-14-13,-0.31018816548052297
AUAL,Activity,82,I1R,2022-08-02-01,2022-06-14-13,0.4358195683850461
RICR,Activity,82,I1R,2022-08-02-01,2022-06-14-13,0.5885675800716464
RICL,Activity,82,I1R,2022-08-02-01,2022-06-14-13,0.4537865013894968
M5,Activity,82,I1R,2022-08-02-01,2022-06-14-13,-0.05032902821399923
AIML,Activity,82,I1R,2022-08-02-01,2022-06-14-13,0.08154690153949919
AIMR,Activity,82,I1R,2022-08-02-01,2022-06-14-13,0.09192024719536905
FLPL,Activity,82,I1R,2022-08-02-01,2022-06-14-13,0.40839335295488133
ADEL,Activity,82,I1R,2022-08-02-01,2022-06-14-13,0.3145813433216931
VB02,Activity,82,I1R,2022-08-02-01,2022-06-14-13,0.2484388026762247
ADAL,Activity,82,I1R,2022-08-02-01,2022-06-14-13,-0.5652131952967059
I1R,Activity,82,IL2DL,2022-08-02-01,2022-06-14-13,0.6941095608844613
IL2DL,Activity,83,IL2DL,2022-08-02-01,2022-06-14-13,0.7416544690928186
I2R,Activity,82,IL2DL,2022-08-02-01,2022-06-14-13,0.11337319873491236
I3,Activity,82,IL2DL,2022-08-02-01,2022-06-14-13,-0.7038948905122379
NSMR,Activity,82,IL2DL,2022-08-02-01,2022-06-14-13,0.7213712607213716
I2L,Activity,82,IL2DL,2022-08-02-01,2022-06-14-13,0.7027401887703235
MCL,Activity,82,IL2DL,2022-08-02-01,2022-06-14-13,0.7111751705416985
NSML,Activity,82,IL2DL,2022-08-02-01,2022-06-14-13,0.7162540810515574
M4,Activity,82,IL2DL,2022-08-02-01,2022-06-14-13,0.6347948214022138
M3R,Activity,82,IL2DL,2022-08-02-01,2022-06-14-13,0.16438125263047337
M3L,Activity,82,IL2DL,2022-08-02-01,2022-06-14-13,0.6877526911335226
IL2VL,Activity,82,IL2DL,2022-08-02-01,2022-06-14-13,0.7465978959160288
IL1R,Activity,82,IL2DL,2022-08-02-01,2022-06-14-13,-0.10796861125341606
OLLL,Activity,82,IL2DL,2022-08-02-01,2022-06-14-13,-0.32407616484598517
IL2L,Activity,82,IL2DL,2022-08-02-01,2022-06-14-13,0.6370637465348304
URBR,Activity,82,IL2DL,2022-08-02-01,2022-06-14-13,-0.4938505413147678
OLLR,Activity,82,IL2DL,2022-08-02-01,2022-06-14-13,-0.40272441035172896
IL1DL,Activity,82,IL2DL,2022-08-02-01,2022-06-14-13,-0.38385394959259744
IL1DR,Activity,82,IL2DL,2022-08-02-01,2022-06-14-13,-0.4224595427961585
URYVR,Activity,82,IL2DL,2022-08-02-01,2022-06-14-13,-0.6120703356821239
IL2R,Activity,82,IL2DL,2022-08-02-01,2022-06-14-13,-0.47801696513279657
URYDL,Activity,82,IL2DL,2022-08-02-01,2022-06-14-13,-0.6570406760577486
IL1L,Activity,82,IL2DL,2022-08-02-01,2022-06-14-13,0.2616129511793126
URBL,Activity,82,IL2DL,2022-08-02-01,2022-06-14-13,0.13313581232179245
OLQDR,Activity,82,IL2DL,2022-08-02-01,2022-06-14-13,-0.49190547215670366
OLQDL,Activity,82,IL2DL,2022-08-02-01,2022-06-14-13,-0.08383436615068031
RMER,Activity,82,IL2DL,2022-08-02-01,2022-06-14-13,0.4424839817770581
OLQVR,Activity,82,IL2DL,2022-08-02-01,2022-06-14-13,-0.4788546865636782
URYVL,Activity,82,IL2DL,2022-08-02-01,2022-06-14-13,-0.6752420699729099
RMED,Activity,82,IL2DL,2022-08-02-01,2022-06-14-13,0.46464614208422705
RMEL,Activity,82,IL2DL,2022-08-02-01,2022-06-14-13,0.39553889814433646
CEPVR,Activity,82,IL2DL,2022-08-02-01,2022-06-14-13,-0.36722426589722096
OLQVL,Activity,82,IL2DL,2022-08-02-01,2022-06-14-13,-0.35573297668364445
CEPVL,Activity,82,IL2DL,2022-08-02-01,2022-06-14-13,-0.11614263110986638
SAAVR,Activity,82,IL2DL,2022-08-02-01,2022-06-14-13,-0.19285846035015336
RID,Activity,82,IL2DL,2022-08-02-01,2022-06-14-13,0.5890909131200698
SMDVR,Activity,82,IL2DL,2022-08-02-01,2022-06-14-13,0.06161492538552926
URXR,Activity,82,IL2DL,2022-08-02-01,2022-06-14-13,0.6757020475197821
RIAR,Activity,82,IL2DL,2022-08-02-01,2022-06-14-13,-0.35309511488632067
AVAR,Activity,82,IL2DL,2022-08-02-01,2022-06-14-13,-0.5797053456003857
SAAVL,Activity,82,IL2DL,2022-08-02-01,2022-06-14-13,-0.04234642917545767
CEPDR,Activity,82,IL2DL,2022-08-02-01,2022-06-14-13,-0.026979784801019292
URXL,Activity,82,IL2DL,2022-08-02-01,2022-06-14-13,0.5766644964579963
CEPDL,Activity,82,IL2DL,2022-08-02-01,2022-06-14-13,0.3358860381065461
SMDDR,Activity,82,IL2DL,2022-08-02-01,2022-06-14-13,-0.417111671868579
RMEV,Activity,82,IL2DL,2022-08-02-01,2022-06-14-13,0.638431218962535
RIAL,Activity,82,IL2DL,2022-08-02-01,2022-06-14-13,0.6371476997836317
AVER,Activity,82,IL2DL,2022-08-02-01,2022-06-14-13,-0.5182373300691964
AWAR,Activity,82,IL2DL,2022-08-02-01,2022-06-14-13,-0.5088597468933085
SMDVL,Activity,82,IL2DL,2022-08-02-01,2022-06-14-13,-0.4002236721071047
AVAL,Activity,82,IL2DL,2022-08-02-01,2022-06-14-13,-0.5904002677389338
RMDL,Activity,82,IL2DL,2022-08-02-01,2022-06-14-13,-0.636963778635713
AIBR,Activity,82,IL2DL,2022-08-02-01,2022-06-14-13,-0.5295377716503716
ASGR,Activity,82,IL2DL,2022-08-02-01,2022-06-14-13,-0.4559192909827145
AVL,Activity,82,IL2DL,2022-08-02-01,2022-06-14-13,-0.5322806695243151
AVEL,Activity,82,IL2DL,2022-08-02-01,2022-06-14-13,-0.5632896700258035
ASGL,Activity,82,IL2DL,2022-08-02-01,2022-06-14-13,-0.42148150419626884
ASHL,Activity,82,IL2DL,2022-08-02-01,2022-06-14-13,-0.6495901654770109
AIBL,Activity,82,IL2DL,2022-08-02-01,2022-06-14-13,-0.5508212096364298
AVHL,Activity,82,IL2DL,2022-08-02-01,2022-06-14-13,0.6889428908874993
AWBL,Activity,82,IL2DL,2022-08-02-01,2022-06-14-13,-0.6342713851787485
RIVL,Activity,82,IL2DL,2022-08-02-01,2022-06-14-13,-0.4129766024185866
AWCL,Activity,82,IL2DL,2022-08-02-01,2022-06-14-13,0.5297105799785581
SMDDL,Activity,82,IL2DL,2022-08-02-01,2022-06-14-13,-0.09372208823060349
AVJR,Activity,82,IL2DL,2022-08-02-01,2022-06-14-13,0.4914239772833108
AIZL,Activity,82,IL2DL,2022-08-02-01,2022-06-14-13,0.7339172572212845
RIBL,Activity,82,IL2DL,2022-08-02-01,2022-06-14-13,0.35510527446882495
ASEL,Activity,82,IL2DL,2022-08-02-01,2022-06-14-13,0.6889496726692512
AVDR,Activity,82,IL2DL,2022-08-02-01,2022-06-14-13,0.6746900110246413
AVDL,Activity,82,IL2DL,2022-08-02-01,2022-06-14-13,0.7159870657493863
AVJL,Activity,82,IL2DL,2022-08-02-01,2022-06-14-13,-0.4739179932076554
RIVR,Activity,82,IL2DL,2022-08-02-01,2022-06-14-13,-0.3117459142781659
AIZR,Activity,82,IL2DL,2022-08-02-01,2022-06-14-13,-0.47304490853708914
AUAR,Activity,82,IL2DL,2022-08-02-01,2022-06-14-13,-0.2508380973177283
AUAL,Activity,82,IL2DL,2022-08-02-01,2022-06-14-13,0.602758388389988
RICR,Activity,82,IL2DL,2022-08-02-01,2022-06-14-13,0.7301544123526772
RICL,Activity,82,IL2DL,2022-08-02-01,2022-06-14-13,0.6110965837229659
M5,Activity,82,IL2DL,2022-08-02-01,2022-06-14-13,0.06044701480416245
AIML,Activity,82,IL2DL,2022-08-02-01,2022-06-14-13,0.3424773235240034
AIMR,Activity,82,IL2DL,2022-08-02-01,2022-06-14-13,0.2349933752014059
FLPL,Activity,82,IL2DL,2022-08-02-01,2022-06-14-13,0.6183534942165504
ADEL,Activity,82,IL2DL,2022-08-02-01,2022-06-14-13,0.5330349314927766
VB02,Activity,82,IL2DL,2022-08-02-01,2022-06-14-13,0.5043104580922247
ADAL,Activity,82,IL2DL,2022-08-02-01,2022-06-14-13,-0.7318966727711667
I1R,Activity,82,I2R,2022-08-02-01,2022-06-14-13,0.4744593053099149
IL2DL,Activity,82,I2R,2022-08-02-01,2022-06-14-13,0.3067340063472141
I2R,Activity,83,I2R,2022-08-02-01,2022-06-14-13,0.18095592995738405
I3,Activity,82,I2R,2022-08-02-01,2022-06-14-13,-0.21103148322246526
NSMR,Activity,82,I2R,2022-08-02-01,2022-06-14-13,0.34282119720349596
I2L,Activity,82,I2R,2022-08-02-01,2022-06-14-13,0.11907356167667325
MCL,Activity,82,I2R,2022-08-02-01,2022-06-14-13,0.38121243953688305
NSML,Activity,82,I2R,2022-08-02-01,2022-06-14-13,0.2923702721449346
M4,Activity,82,I2R,2022-08-02-01,2022-06-14-13,0.2267211772984232
M3R,Activity,82,I2R,2022-08-02-01,2022-06-14-13,0.40169831683131035
M3L,Activity,82,I2R,2022-08-02-01,2022-06-14-13,0.36607916728153184
IL2VL,Activity,82,I2R,2022-08-02-01,2022-06-14-13,0.353872681946902
IL1R,Activity,82,I2R,2022-08-02-01,2022-06-14-13,-0.2971703149427856
OLLL,Activity,82,I2R,2022-08-02-01,2022-06-14-13,-0.14344010323063594
IL2L,Activity,82,I2R,2022-08-02-01,2022-06-14-13,0.20443664303231837
URBR,Activity,82,I2R,2022-08-02-01,2022-06-14-13,-0.1593634168852571
OLLR,Activity,82,I2R,2022-08-02-01,2022-06-14-13,-0.1409016292269873
IL1DL,Activity,82,I2R,2022-08-02-01,2022-06-14-13,-0.19684099691830786
IL1DR,Activity,82,I2R,2022-08-02-01,2022-06-14-13,-0.26261055467122246
URYVR,Activity,82,I2R,2022-08-02-01,2022-06-14-13,-0.03356119695307694
IL2R,Activity,82,I2R,2022-08-02-01,2022-06-14-13,-0.10254709291349978
URYDL,Activity,82,I2R,2022-08-02-01,2022-06-14-13,-0.005447867770544762
IL1L,Activity,82,I2R,2022-08-02-01,2022-06-14-13,-0.057703094534575464
URBL,Activity,82,I2R,2022-08-02-01,2022-06-14-13,-0.18515395208827065
OLQDR,Activity,82,I2R,2022-08-02-01,2022-06-14-13,-0.13759519781188265
OLQDL,Activity,82,I2R,2022-08-02-01,2022-06-14-13,-0.2457791027490998
RMER,Activity,82,I2R,2022-08-02-01,2022-06-14-13,-0.15230430607681328
OLQVR,Activity,82,I2R,2022-08-02-01,2022-06-14-13,-0.08063477951929349
URYVL,Activity,82,I2R,2022-08-02-01,2022-06-14-13,-0.15816157053540564
RMED,Activity,82,I2R,2022-08-02-01,2022-06-14-13,-0.1948350847189743
RMEL,Activity,82,I2R,2022-08-02-01,2022-06-14-13,0.015856977264689924
CEPVR,Activity,82,I2R,2022-08-02-01,2022-06-14-13,-0.03943981849656766
OLQVL,Activity,82,I2R,2022-08-02-01,2022-06-14-13,-0.25659932782264944
CEPVL,Activity,82,I2R,2022-08-02-01,2022-06-14-13,-0.017483204847354716
SAAVR,Activity,82,I2R,2022-08-02-01,2022-06-14-13,0.3707911679764452
RID,Activity,82,I2R,2022-08-02-01,2022-06-14-13,-0.08074850342070464
SMDVR,Activity,82,I2R,2022-08-02-01,2022-06-14-13,-0.10622147091473172
URXR,Activity,82,I2R,2022-08-02-01,2022-06-14-13,0.10173673317897293
RIAR,Activity,82,I2R,2022-08-02-01,2022-06-14-13,-0.46226239102818467
AVAR,Activity,82,I2R,2022-08-02-01,2022-06-14-13,0.09193687105922592
SAAVL,Activity,82,I2R,2022-08-02-01,2022-06-14-13,0.45917057046498294
CEPDR,Activity,82,I2R,2022-08-02-01,2022-06-14-13,-0.061484301180823764
URXL,Activity,82,I2R,2022-08-02-01,2022-06-14-13,0.09858673331768814
CEPDL,Activity,82,I2R,2022-08-02-01,2022-06-14-13,-0.08685918146697491
SMDDR,Activity,82,I2R,2022-08-02-01,2022-06-14-13,-0.18674196285445277
RMEV,Activity,82,I2R,2022-08-02-01,2022-06-14-13,-0.06197784184373772
RIAL,Activity,82,I2R,2022-08-02-01,2022-06-14-13,0.12087073408812588
AVER,Activity,82,I2R,2022-08-02-01,2022-06-14-13,0.14436186738158374
AWAR,Activity,82,I2R,2022-08-02-01,2022-06-14-13,0.00489378803810329
SMDVL,Activity,82,I2R,2022-08-02-01,2022-06-14-13,-0.2047911864234581
AVAL,Activity,82,I2R,2022-08-02-01,2022-06-14-13,0.07110941290172773
RMDL,Activity,82,I2R,2022-08-02-01,2022-06-14-13,-0.044344031715219535
AIBR,Activity,82,I2R,2022-08-02-01,2022-06-14-13,0.14791794132021008
ASGR,Activity,82,I2R,2022-08-02-01,2022-06-14-13,0.1125929252626297
AVL,Activity,82,I2R,2022-08-02-01,2022-06-14-13,0.1375255857613131
AVEL,Activity,82,I2R,2022-08-02-01,2022-06-14-13,0.1119705427990494
ASGL,Activity,82,I2R,2022-08-02-01,2022-06-14-13,0.17520602889511144
ASHL,Activity,82,I2R,2022-08-02-01,2022-06-14-13,-0.09340752925001969
AIBL,Activity,82,I2R,2022-08-02-01,2022-06-14-13,0.12486333993008708
AVHL,Activity,82,I2R,2022-08-02-01,2022-06-14-13,0.2430654351162073
AWBL,Activity,82,I2R,2022-08-02-01,2022-06-14-13,-0.17830150449302742
RIVL,Activity,82,I2R,2022-08-02-01,2022-06-14-13,-0.14346343380996007
AWCL,Activity,82,I2R,2022-08-02-01,2022-06-14-13,0.11529307847257819
SMDDL,Activity,82,I2R,2022-08-02-01,2022-06-14-13,0.04833364728054338
AVJR,Activity,82,I2R,2022-08-02-01,2022-06-14-13,0.018616363983474948
AIZL,Activity,82,I2R,2022-08-02-01,2022-06-14-13,0.17038307624294813
RIBL,Activity,82,I2R,2022-08-02-01,2022-06-14-13,-0.2548701374107941
ASEL,Activity,82,I2R,2022-08-02-01,2022-06-14-13,0.04813068270901411
AVDR,Activity,82,I2R,2022-08-02-01,2022-06-14-13,0.29389246143549413
AVDL,Activity,82,I2R,2022-08-02-01,2022-06-14-13,0.24268746730162946
AVJL,Activity,82,I2R,2022-08-02-01,2022-06-14-13,-0.5357536966241198
RIVR,Activity,82,I2R,2022-08-02-01,2022-06-14-13,-0.1584462959639401
AIZR,Activity,82,I2R,2022-08-02-01,2022-06-14-13,-0.16804210506010026
AUAR,Activity,82,I2R,2022-08-02-01,2022-06-14-13,-0.1538371279266261
AUAL,Activity,82,I2R,2022-08-02-01,2022-06-14-13,-0.059726379630636796
RICR,Activity,82,I2R,2022-08-02-01,2022-06-14-13,0.1707022480630891
RICL,Activity,82,I2R,2022-08-02-01,2022-06-14-13,-0.013329096142517923
M5,Activity,82,I2R,2022-08-02-01,2022-06-14-13,-0.20445364141072528
AIML,Activity,82,I2R,2022-08-02-01,2022-06-14-13,-0.21642626448997304
AIMR,Activity,82,I2R,2022-08-02-01,2022-06-14-13,-0.310624014453831
FLPL,Activity,82,I2R,2022-08-02-01,2022-06-14-13,0.07132658783991495
ADEL,Activity,82,I2R,2022-08-02-01,2022-06-14-13,0.056877048395362874
VB02,Activity,82,I2R,2022-08-02-01,2022-06-14-13,-0.11030993502667694
ADAL,Activity,82,I2R,2022-08-02-01,2022-06-14-13,-0.2313450961631313
I1R,Activity,82,I3,2022-08-02-01,2022-06-14-13,-0.650810488752109
IL2DL,Activity,82,I3,2022-08-02-01,2022-06-14-13,-0.7243073366283096
I2R,Activity,82,I3,2022-08-02-01,2022-06-14-13,-0.03359166148102729
I3,Activity,83,I3,2022-08-02-01,2022-06-14-13,0.7615624310581165
NSMR,Activity,82,I3,2022-08-02-01,2022-06-14-13,-0.7135788354108467
I2L,Activity,82,I3,2022-08-02-01,2022-06-14-13,-0.651104493611569
MCL,Activity,82,I3,2022-08-02-01,2022-06-14-13,-0.6764618000651482
NSML,Activity,82,I3,2022-08-02-01,2022-06-14-13,-0.720679136678994
M4,Activity,82,I3,2022-08-02-01,2022-06-14-13,-0.5580325720046286
M3R,Activity,82,I3,2022-08-02-01,2022-06-14-13,0.015679615861100497
M3L,Activity,82,I3,2022-08-02-01,2022-06-14-13,-0.5847543784343864
IL2VL,Activity,82,I3,2022-08-02-01,2022-06-14-13,-0.6783490746517872
IL1R,Activity,82,I3,2022-08-02-01,2022-06-14-13,0.056976440934149664
OLLL,Activity,82,I3,2022-08-02-01,2022-06-14-13,0.4548431644746715
IL2L,Activity,82,I3,2022-08-02-01,2022-06-14-13,-0.5516542159620472
URBR,Activity,82,I3,2022-08-02-01,2022-06-14-13,0.5977286654155651
OLLR,Activity,82,I3,2022-08-02-01,2022-06-14-13,0.537799628945588
IL1DL,Activity,82,I3,2022-08-02-01,2022-06-14-13,0.5325004132910116
IL1DR,Activity,82,I3,2022-08-02-01,2022-06-14-13,0.47214732034666473
URYVR,Activity,82,I3,2022-08-02-01,2022-06-14-13,0.6271987334835009
IL2R,Activity,82,I3,2022-08-02-01,2022-06-14-13,0.592787648393945
URYDL,Activity,82,I3,2022-08-02-01,2022-06-14-13,0.6670828946105007
IL1L,Activity,82,I3,2022-08-02-01,2022-06-14-13,-0.14657134275094127
URBL,Activity,82,I3,2022-08-02-01,2022-06-14-13,-0.02901188578429282
OLQDR,Activity,82,I3,2022-08-02-01,2022-06-14-13,0.6087497554817108
OLQDL,Activity,82,I3,2022-08-02-01,2022-06-14-13,0.20337066858403888
RMER,Activity,82,I3,2022-08-02-01,2022-06-14-13,-0.41173976649664834
OLQVR,Activity,82,I3,2022-08-02-01,2022-06-14-13,0.6024457980498221
URYVL,Activity,82,I3,2022-08-02-01,2022-06-14-13,0.7356437972071675
RMED,Activity,82,I3,2022-08-02-01,2022-06-14-13,-0.447966405498113
RMEL,Activity,82,I3,2022-08-02-01,2022-06-14-13,-0.3149533355841368
CEPVR,Activity,82,I3,2022-08-02-01,2022-06-14-13,0.5121653342020195
OLQVL,Activity,82,I3,2022-08-02-01,2022-06-14-13,0.47292428150982185
CEPVL,Activity,82,I3,2022-08-02-01,2022-06-14-13,0.2756521287075528
SAAVR,Activity,82,I3,2022-08-02-01,2022-06-14-13,0.1509815279231216
RID,Activity,82,I3,2022-08-02-01,2022-06-14-13,-0.6252142226783799
SMDVR,Activity,82,I3,2022-08-02-01,2022-06-14-13,-0.03665914532455168
URXR,Activity,82,I3,2022-08-02-01,2022-06-14-13,-0.7053285471535433
RIAR,Activity,82,I3,2022-08-02-01,2022-06-14-13,0.3447694954351455
AVAR,Activity,82,I3,2022-08-02-01,2022-06-14-13,0.5681519545058255
SAAVL,Activity,82,I3,2022-08-02-01,2022-06-14-13,0.013652759125350302
CEPDR,Activity,82,I3,2022-08-02-01,2022-06-14-13,0.20756396683575
URXL,Activity,82,I3,2022-08-02-01,2022-06-14-13,-0.5690401531493073
CEPDL,Activity,82,I3,2022-08-02-01,2022-06-14-13,-0.24264207376110347
SMDDR,Activity,82,I3,2022-08-02-01,2022-06-14-13,0.5049801599552046
RMEV,Activity,82,I3,2022-08-02-01,2022-06-14-13,-0.6283419428144543
RIAL,Activity,82,I3,2022-08-02-01,2022-06-14-13,-0.6967942803303304
AVER,Activity,82,I3,2022-08-02-01,2022-06-14-13,0.5200938116502261
AWAR,Activity,82,I3,2022-08-02-01,2022-06-14-13,0.4472282052953137
SMDVL,Activity,82,I3,2022-08-02-01,2022-06-14-13,0.38070764850476746
AVAL,Activity,82,I3,2022-08-02-01,2022-06-14-13,0.5821314309640913
RMDL,Activity,82,I3,2022-08-02-01,2022-06-14-13,0.6850250716042573
AIBR,Activity,82,I3,2022-08-02-01,2022-06-14-13,0.5243725954111838
ASGR,Activity,82,I3,2022-08-02-01,2022-06-14-13,0.4495472338873478
AVL,Activity,82,I3,2022-08-02-01,2022-06-14-13,0.5126509253400326
AVEL,Activity,82,I3,2022-08-02-01,2022-06-14-13,0.5494689613862739
ASGL,Activity,82,I3,2022-08-02-01,2022-06-14-13,0.407346377196613
ASHL,Activity,82,I3,2022-08-02-01,2022-06-14-13,0.6096453721013705
AIBL,Activity,82,I3,2022-08-02-01,2022-06-14-13,0.5415570046716118
AVHL,Activity,82,I3,2022-08-02-01,2022-06-14-13,-0.6907193241723824
AWBL,Activity,82,I3,2022-08-02-01,2022-06-14-13,0.6657485276159135
RIVL,Activity,82,I3,2022-08-02-01,2022-06-14-13,0.4799218718829768
AWCL,Activity,82,I3,2022-08-02-01,2022-06-14-13,-0.6411942813158095
SMDDL,Activity,82,I3,2022-08-02-01,2022-06-14-13,0.1430105781329512
AVJR,Activity,82,I3,2022-08-02-01,2022-06-14-13,-0.5314926083403066
AIZL,Activity,82,I3,2022-08-02-01,2022-06-14-13,-0.7352499527327365
RIBL,Activity,82,I3,2022-08-02-01,2022-06-14-13,-0.3452157729886011
ASEL,Activity,82,I3,2022-08-02-01,2022-06-14-13,-0.6664767585574866
AVDR,Activity,82,I3,2022-08-02-01,2022-06-14-13,-0.6835741731669953
AVDL,Activity,82,I3,2022-08-02-01,2022-06-14-13,-0.7174506742703642
AVJL,Activity,82,I3,2022-08-02-01,2022-06-14-13,0.32332491781600153
RIVR,Activity,82,I3,2022-08-02-01,2022-06-14-13,0.37781457230636856
AIZR,Activity,82,I3,2022-08-02-01,2022-06-14-13,0.3798903857135596
AUAR,Activity,82,I3,2022-08-02-01,2022-06-14-13,0.36661442448893045
AUAL,Activity,82,I3,2022-08-02-01,2022-06-14-13,-0.6650932712801325
RICR,Activity,82,I3,2022-08-02-01,2022-06-14-13,-0.7774972367716885
RICL,Activity,82,I3,2022-08-02-01,2022-06-14-13,-0.7128084976801824
M5,Activity,82,I3,2022-08-02-01,2022-06-14-13,0.02325773916352512
AIML,Activity,82,I3,2022-08-02-01,2022-06-14-13,-0.3156599241048586
AIMR,Activity,82,I3,2022-08-02-01,2022-06-14-13,-0.248293537657062
FLPL,Activity,82,I3,2022-08-02-01,2022-06-14-13,-0.5613355858384368
ADEL,Activity,82,I3,2022-08-02-01,2022-06-14-13,-0.497394289230825
VB02,Activity,82,I3,2022-08-02-01,2022-06-14-13,-0.4218440119639054
ADAL,Activity,82,I3,2022-08-02-01,2022-06-14-13,0.7105291554419451
I1R,Activity,82,NSMR,2022-08-02-01,2022-06-14-13,0.7163423563487986
IL2DL,Activity,82,NSMR,2022-08-02-01,2022-06-14-13,0.7417367939967358
I2R,Activity,82,NSMR,2022-08-02-01,2022-06-14-13,0.03233951155650932
I3,Activity,82,NSMR,2022-08-02-01,2022-06-14-13,-0.7171420902498656
NSMR,Activity,83,NSMR,2022-08-02-01,2022-06-14-13,0.7511653307632932
I2L,Activity,82,NSMR,2022-08-02-01,2022-06-14-13,0.6625440357778797
MCL,Activity,82,NSMR,2022-08-02-01,2022-06-14-13,0.7154734878590377
NSML,Activity,82,NSMR,2022-08-02-01,2022-06-14-13,0.7257541533076853
M4,Activity,82,NSMR,2022-08-02-01,2022-06-14-13,0.601283949844974
M3R,Activity,82,NSMR,2022-08-02-01,2022-06-14-13,0.18306766467163388
M3L,Activity,82,NSMR,2022-08-02-01,2022-06-14-13,0.686363737603142
IL2VL,Activity,82,NSMR,2022-08-02-01,2022-06-14-13,0.747438427874967
IL1R,Activity,82,NSMR,2022-08-02-01,2022-06-14-13,-0.17954694181176298
OLLL,Activity,82,NSMR,2022-08-02-01,2022-06-14-13,-0.31636394934017004
IL2L,Activity,82,NSMR,2022-08-02-01,2022-06-14-13,0.635607511384533
URBR,Activity,82,NSMR,2022-08-02-01,2022-06-14-13,-0.493590945489662
OLLR,Activity,82,NSMR,2022-08-02-01,2022-06-14-13,-0.40692254593313026
IL1DL,Activity,82,NSMR,2022-08-02-01,2022-06-14-13,-0.40197783180765256
IL1DR,Activity,82,NSMR,2022-08-02-01,2022-06-14-13,-0.4897703220986723
URYVR,Activity,82,NSMR,2022-08-02-01,2022-06-14-13,-0.6106214636351514
IL2R,Activity,82,NSMR,2022-08-02-01,2022-06-14-13,-0.49875942609820806
URYDL,Activity,82,NSMR,2022-08-02-01,2022-06-14-13,-0.6199211871373304
IL1L,Activity,82,NSMR,2022-08-02-01,2022-06-14-13,0.2632289143107903
URBL,Activity,82,NSMR,2022-08-02-01,2022-06-14-13,0.12216060727628619
OLQDR,Activity,82,NSMR,2022-08-02-01,2022-06-14-13,-0.49911307641291236
OLQDL,Activity,82,NSMR,2022-08-02-01,2022-06-14-13,-0.08995492234028211
RMER,Activity,82,NSMR,2022-08-02-01,2022-06-14-13,0.3544375395506086
OLQVR,Activity,82,NSMR,2022-08-02-01,2022-06-14-13,-0.4824898705762072
URYVL,Activity,82,NSMR,2022-08-02-01,2022-06-14-13,-0.661222219286475
RMED,Activity,82,NSMR,2022-08-02-01,2022-06-14-13,0.4188020894077905
RMEL,Activity,82,NSMR,2022-08-02-01,2022-06-14-13,0.41026928756413844
CEPVR,Activity,82,NSMR,2022-08-02-01,2022-06-14-13,-0.3760710127205444
OLQVL,Activity,82,NSMR,2022-08-02-01,2022-06-14-13,-0.355883764151102
CEPVL,Activity,82,NSMR,2022-08-02-01,2022-06-14-13,-0.10142780538171633
SAAVR,Activity,82,NSMR,2022-08-02-01,2022-06-14-13,-0.12493630547032729
RID,Activity,82,NSMR,2022-08-02-01,2022-06-14-13,0.563148828025955
SMDVR,Activity,82,NSMR,2022-08-02-01,2022-06-14-13,0.029328022911333258
URXR,Activity,82,NSMR,2022-08-02-01,2022-06-14-13,0.6676753525667595
RIAR,Activity,82,NSMR,2022-08-02-01,2022-06-14-13,-0.36640917398965384
AVAR,Activity,82,NSMR,2022-08-02-01,2022-06-14-13,-0.5490653928234267
SAAVL,Activity,82,NSMR,2022-08-02-01,2022-06-14-13,0.025991391354141233
CEPDR,Activity,82,NSMR,2022-08-02-01,2022-06-14-13,-0.052508232965364776
URXL,Activity,82,NSMR,2022-08-02-01,2022-06-14-13,0.5564047092001425
CEPDL,Activity,82,NSMR,2022-08-02-01,2022-06-14-13,0.32136494209814337
SMDDR,Activity,82,NSMR,2022-08-02-01,2022-06-14-13,-0.3923147198896497
RMEV,Activity,82,NSMR,2022-08-02-01,2022-06-14-13,0.5920334430305978
RIAL,Activity,82,NSMR,2022-08-02-01,2022-06-14-13,0.6288836819838062
AVER,Activity,82,NSMR,2022-08-02-01,2022-06-14-13,-0.4873304973277146
AWAR,Activity,82,NSMR,2022-08-02-01,2022-06-14-13,-0.4898212013085133
SMDVL,Activity,82,NSMR,2022-08-02-01,2022-06-14-13,-0.3902230112973626
AVAL,Activity,82,NSMR,2022-08-02-01,2022-06-14-13,-0.5623196148995101
RMDL,Activity,82,NSMR,2022-08-02-01,2022-06-14-13,-0.6268091079492366
AIBR,Activity,82,NSMR,2022-08-02-01,2022-06-14-13,-0.48508446451334203
ASGR,Activity,82,NSMR,2022-08-02-01,2022-06-14-13,-0.4301063493139358
AVL,Activity,82,NSMR,2022-08-02-01,2022-06-14-13,-0.49415015728625566
AVEL,Activity,82,NSMR,2022-08-02-01,2022-06-14-13,-0.5229655804899862
ASGL,Activity,82,NSMR,2022-08-02-01,2022-06-14-13,-0.38793360191810855
ASHL,Activity,82,NSMR,2022-08-02-01,2022-06-14-13,-0.6411934416960969
AIBL,Activity,82,NSMR,2022-08-02-01,2022-06-14-13,-0.509255707786261
AVHL,Activity,82,NSMR,2022-08-02-01,2022-06-14-13,0.673781215251189
AWBL,Activity,82,NSMR,2022-08-02-01,2022-06-14-13,-0.598049494639885
RIVL,Activity,82,NSMR,2022-08-02-01,2022-06-14-13,-0.3811081896610758
AWCL,Activity,82,NSMR,2022-08-02-01,2022-06-14-13,0.5356955123989828
SMDDL,Activity,82,NSMR,2022-08-02-01,2022-06-14-13,-0.12301316838203426
AVJR,Activity,82,NSMR,2022-08-02-01,2022-06-14-13,0.4710739653648594
AIZL,Activity,82,NSMR,2022-08-02-01,2022-06-14-13,0.726935751773051
RIBL,Activity,82,NSMR,2022-08-02-01,2022-06-14-13,0.3029544979875937
ASEL,Activity,82,NSMR,2022-08-02-01,2022-06-14-13,0.6757745468976933
AVDR,Activity,82,NSMR,2022-08-02-01,2022-06-14-13,0.6840338155244079
AVDL,Activity,82,NSMR,2022-08-02-01,2022-06-14-13,0.7327854625933095
AVJL,Activity,82,NSMR,2022-08-02-01,2022-06-14-13,-0.4454316448738855
RIVR,Activity,82,NSMR,2022-08-02-01,2022-06-14-13,-0.28547643243600646
AIZR,Activity,82,NSMR,2022-08-02-01,2022-06-14-13,-0.43648675711257034
AUAR,Activity,82,NSMR,2022-08-02-01,2022-06-14-13,-0.2848233380642501
AUAL,Activity,82,NSMR,2022-08-02-01,2022-06-14-13,0.5635048909828071
RICR,Activity,82,NSMR,2022-08-02-01,2022-06-14-13,0.720174882488368
RICL,Activity,82,NSMR,2022-08-02-01,2022-06-14-13,0.5844140328327377
M5,Activity,82,NSMR,2022-08-02-01,2022-06-14-13,-0.030930914184387447
AIML,Activity,82,NSMR,2022-08-02-01,2022-06-14-13,0.26968836167386806
AIMR,Activity,82,NSMR,2022-08-02-01,2022-06-14-13,0.15545465305173675
FLPL,Activity,82,NSMR,2022-08-02-01,2022-06-14-13,0.5929554192794307
ADEL,Activity,82,NSMR,2022-08-02-01,2022-06-14-13,0.49982995964435833
VB02,Activity,82,NSMR,2022-08-02-01,2022-06-14-13,0.43222357587894916
ADAL,Activity,82,NSMR,2022-08-02-01,2022-06-14-13,-0.7281208154755681
I1R,Activity,82,I2L,2022-08-02-01,2022-06-14-13,0.07522451953780562
IL2DL,Activity,82,I2L,2022-08-02-01,2022-06-14-13,-0.07289404993040635
I2R,Activity,82,I2L,2022-08-02-01,2022-06-14-13,-0.0017778121382555033
I3,Activity,82,I2L,2022-08-02-01,2022-06-14-13,0.1835016686084144
NSMR,Activity,82,I2L,2022-08-02-01,2022-06-14-13,-0.002922065301059629
I2L,Activity,83,I2L,2022-08-02-01,2022-06-14-13,-0.07147820782168905
MCL,Activity,82,I2L,2022-08-02-01,2022-06-14-13,0.05028880039234891
NSML,Activity,82,I2L,2022-08-02-01,2022-06-14-13,-0.09788245337241692
M4,Activity,82,I2L,2022-08-02-01,2022-06-14-13,-0.0358036370305955
M3R,Activity,82,I2L,2022-08-02-01,2022-06-14-13,0.34085087620812776
M3L,Activity,82,I2L,2022-08-02-01,2022-06-14-13,0.03495879362000864
IL2VL,Activity,82,I2L,2022-08-02-01,2022-06-14-13,-0.030556586891082
IL1R,Activity,82,I2L,2022-08-02-01,2022-06-14-13,-0.14475337630217822
OLLL,Activity,82,I2L,2022-08-02-01,2022-06-14-13,0.07666842401643603
IL2L,Activity,82,I2L,2022-08-02-01,2022-06-14-13,-0.09532137517444751
URBR,Activity,82,I2L,2022-08-02-01,2022-06-14-13,0.12830959846286033
OLLR,Activity,82,I2L,2022-08-02-01,2022-06-14-13,0.1326654628250732
IL1DL,Activity,82,I2L,2022-08-02-01,2022-06-14-13,0.12671218889149705
IL1DR,Activity,82,I2L,2022-08-02-01,2022-06-14-13,0.059847813236966925
URYVR,Activity,82,I2L,2022-08-02-01,2022-06-14-13,0.272212203459899
IL2R,Activity,82,I2L,2022-08-02-01,2022-06-14-13,0.18235489373439775
URYDL,Activity,82,I2L,2022-08-02-01,2022-06-14-13,0.2555994338120163
IL1L,Activity,82,I2L,2022-08-02-01,2022-06-14-13,-0.1293444936196779
URBL,Activity,82,I2L,2022-08-02-01,2022-06-14-13,-0.18306113366265386
OLQDR,Activity,82,I2L,2022-08-02-01,2022-06-14-13,0.16933903478354007
OLQDL,Activity,82,I2L,2022-08-02-01,2022-06-14-13,-0.09040913610319996
RMER,Activity,82,I2L,2022-08-02-01,2022-06-14-13,-0.22668443425082965
OLQVR,Activity,82,I2L,2022-08-02-01,2022-06-14-13,0.21325363219510335
URYVL,Activity,82,I2L,2022-08-02-01,2022-06-14-13,0.1830313906748663
RMED,Activity,82,I2L,2022-08-02-01,2022-06-14-13,-0.3268029060917991
RMEL,Activity,82,I2L,2022-08-02-01,2022-06-14-13,-0.15015623400591663
CEPVR,Activity,82,I2L,2022-08-02-01,2022-06-14-13,0.22800123508431314
OLQVL,Activity,82,I2L,2022-08-02-01,2022-06-14-13,-0.0015636466881283775
CEPVL,Activity,82,I2L,2022-08-02-01,2022-06-14-13,0.07192365149312112
SAAVR,Activity,82,I2L,2022-08-02-01,2022-06-14-13,0.3295390798879014
RID,Activity,82,I2L,2022-08-02-01,2022-06-14-13,-0.31759694915866366
SMDVR,Activity,82,I2L,2022-08-02-01,2022-06-14-13,-0.024502261444418773
URXR,Activity,82,I2L,2022-08-02-01,2022-06-14-13,-0.24311248450753573
RIAR,Activity,82,I2L,2022-08-02-01,2022-06-14-13,-0.20938323909843676
AVAR,Activity,82,I2L,2022-08-02-01,2022-06-14-13,0.32211386782444973
SAAVL,Activity,82,I2L,2022-08-02-01,2022-06-14-13,0.33474140248300605
CEPDR,Activity,82,I2L,2022-08-02-01,2022-06-14-13,0.06779942141417408
URXL,Activity,82,I2L,2022-08-02-01,2022-06-14-13,-0.14500258534483296
CEPDL,Activity,82,I2L,2022-08-02-01,2022-06-14-13,-0.16284694996583018
SMDDR,Activity,82,I2L,2022-08-02-01,2022-06-14-13,0.05915346908566982
RMEV,Activity,82,I2L,2022-08-02-01,2022-06-14-13,-0.3117708398367122
RIAL,Activity,82,I2L,2022-08-02-01,2022-06-14-13,-0.19942635695254557
AVER,Activity,82,I2L,2022-08-02-01,2022-06-14-13,0.35354998416572875
AWAR,Activity,82,I2L,2022-08-02-01,2022-06-14-13,0.22959414107419818
SMDVL,Activity,82,I2L,2022-08-02-01,2022-06-14-13,0.003115115534807804
AVAL,Activity,82,I2L,2022-08-02-01,2022-06-14-13,0.3116804262952541
RMDL,Activity,82,I2L,2022-08-02-01,2022-06-14-13,0.28544108334248697
AIBR,Activity,82,I2L,2022-08-02-01,2022-06-14-13,0.33114992031976664
ASGR,Activity,82,I2L,2022-08-02-01,2022-06-14-13,0.25970063098887536
AVL,Activity,82,I2L,2022-08-02-01,2022-06-14-13,0.3269419968183095
AVEL,Activity,82,I2L,2022-08-02-01,2022-06-14-13,0.31290496592292855
ASGL,Activity,82,I2L,2022-08-02-01,2022-06-14-13,0.2897704221340016
ASHL,Activity,82,I2L,2022-08-02-01,2022-06-14-13,0.189529965310474
AIBL,Activity,82,I2L,2022-08-02-01,2022-06-14-13,0.3086925282359085
AVHL,Activity,82,I2L,2022-08-02-01,2022-06-14-13,-0.09633779709257187
AWBL,Activity,82,I2L,2022-08-02-01,2022-06-14-13,0.1510754961583476
RIVL,Activity,82,I2L,2022-08-02-01,2022-06-14-13,0.09043914058135887
AWCL,Activity,82,I2L,2022-08-02-01,2022-06-14-13,-0.22918386127204807
SMDDL,Activity,82,I2L,2022-08-02-01,2022-06-14-13,0.1664244341104977
AVJR,Activity,82,I2L,2022-08-02-01,2022-06-14-13,-0.27056425897549247
AIZL,Activity,82,I2L,2022-08-02-01,2022-06-14-13,-0.18038394819563955
RIBL,Activity,82,I2L,2022-08-02-01,2022-06-14-13,-0.3310374248544906
ASEL,Activity,82,I2L,2022-08-02-01,2022-06-14-13,-0.2448529398788351
AVDR,Activity,82,I2L,2022-08-02-01,2022-06-14-13,-0.060766577573089856
AVDL,Activity,82,I2L,2022-08-02-01,2022-06-14-13,-0.15823802787900643
AVJL,Activity,82,I2L,2022-08-02-01,2022-06-14-13,-0.44765099275136205
RIVR,Activity,82,I2L,2022-08-02-01,2022-06-14-13,0.02506778395545601
AIZR,Activity,82,I2L,2022-08-02-01,2022-06-14-13,-0.0074156987158658615
AUAR,Activity,82,I2L,2022-08-02-01,2022-06-14-13,0.07532379559838245
AUAL,Activity,82,I2L,2022-08-02-01,2022-06-14-13,-0.30948496985102913
RICR,Activity,82,I2L,2022-08-02-01,2022-06-14-13,-0.19535073016621496
RICL,Activity,82,I2L,2022-08-02-01,2022-06-14-13,-0.31645723529398107
M5,Activity,82,I2L,2022-08-02-01,2022-06-14-13,-0.08247039574281151
AIML,Activity,82,I2L,2022-08-02-01,2022-06-14-13,-0.22196274250639542
AIMR,Activity,82,I2L,2022-08-02-01,2022-06-14-13,-0.26248073648009307
FLPL,Activity,82,I2L,2022-08-02-01,2022-06-14-13,-0.2067850995408433
ADEL,Activity,82,I2L,2022-08-02-01,2022-06-14-13,-0.16557575868357788
VB02,Activity,82,I2L,2022-08-02-01,2022-06-14-13,-0.17437280931778756
ADAL,Activity,82,I2L,2022-08-02-01,2022-06-14-13,0.1114102954743844
I1R,Activity,82,MCL,2022-08-02-01,2022-06-14-13,0.7226790665775923
IL2DL,Activity,82,MCL,2022-08-02-01,2022-06-14-13,0.672995641301926
I2R,Activity,82,MCL,2022-08-02-01,2022-06-14-13,0.11889809077909275
I3,Activity,82,MCL,2022-08-02-01,2022-06-14-13,-0.6268476005905546
NSMR,Activity,82,MCL,2022-08-02-01,2022-06-14-13,0.6819892441300582
I2L,Activity,82,MCL,2022-08-02-01,2022-06-14-13,0.6418254876328099
MCL,Activity,83,MCL,2022-08-02-01,2022-06-14-13,0.7275816693877255
NSML,Activity,82,MCL,2022-08-02-01,2022-06-14-13,0.6623431264059474
M4,Activity,82,MCL,2022-08-02-01,2022-06-14-13,0.6107309731266783
M3R,Activity,82,MCL,2022-08-02-01,2022-06-14-13,0.26873141466154765
M3L,Activity,82,MCL,2022-08-02-01,2022-06-14-13,0.7001809796792196
IL2VL,Activity,82,MCL,2022-08-02-01,2022-06-14-13,0.723153850171959
IL1R,Activity,82,MCL,2022-08-02-01,2022-06-14-13,-0.20091480925446376
OLLL,Activity,82,MCL,2022-08-02-01,2022-06-14-13,-0.3063113368075462
IL2L,Activity,82,MCL,2022-08-02-01,2022-06-14-13,0.5852006547447769
URBR,Activity,82,MCL,2022-08-02-01,2022-06-14-13,-0.4520570635920534
OLLR,Activity,82,MCL,2022-08-02-01,2022-06-14-13,-0.37197327517016787
IL1DL,Activity,82,MCL,2022-08-02-01,2022-06-14-13,-0.37553235710422944
IL1DR,Activity,82,MCL,2022-08-02-01,2022-06-14-13,-0.44400472449356787
URYVR,Activity,82,MCL,2022-08-02-01,2022-06-14-13,-0.5095823800188313
IL2R,Activity,82,MCL,2022-08-02-01,2022-06-14-13,-0.4188934095480619
URYDL,Activity,82,MCL,2022-08-02-01,2022-06-14-13,-0.5236613405986068
IL1L,Activity,82,MCL,2022-08-02-01,2022-06-14-13,0.21199586098720072
URBL,Activity,82,MCL,2022-08-02-01,2022-06-14-13,0.071878411853946
OLQDR,Activity,82,MCL,2022-08-02-01,2022-06-14-13,-0.45015664445733905
OLQDL,Activity,82,MCL,2022-08-02-01,2022-06-14-13,-0.12335415217221797
RMER,Activity,82,MCL,2022-08-02-01,2022-06-14-13,0.29790929915390557
OLQVR,Activity,82,MCL,2022-08-02-01,2022-06-14-13,-0.4250795031120264
URYVL,Activity,82,MCL,2022-08-02-01,2022-06-14-13,-0.5706003710913359
RMED,Activity,82,MCL,2022-08-02-01,2022-06-14-13,0.3219445908296032
RMEL,Activity,82,MCL,2022-08-02-01,2022-06-14-13,0.3499778139883981
CEPVR,Activity,82,MCL,2022-08-02-01,2022-06-14-13,-0.3258270416862527
OLQVL,Activity,82,MCL,2022-08-02-01,2022-06-14-13,-0.3662385614947067
CEPVL,Activity,82,MCL,2022-08-02-01,2022-06-14-13,-0.08213557357571069
SAAVR,Activity,82,MCL,2022-08-02-01,2022-06-14-13,-0.053121452169827735
RID,Activity,82,MCL,2022-08-02-01,2022-06-14-13,0.4498302043740071
SMDVR,Activity,82,MCL,2022-08-02-01,2022-06-14-13,-0.00930474613915269
URXR,Activity,82,MCL,2022-08-02-01,2022-06-14-13,0.5722188880673097
RIAR,Activity,82,MCL,2022-08-02-01,2022-06-14-13,-0.4231288283082183
AVAR,Activity,82,MCL,2022-08-02-01,2022-06-14-13,-0.449556636176693
SAAVL,Activity,82,MCL,2022-08-02-01,2022-06-14-13,0.07714762389718234
CEPDR,Activity,82,MCL,2022-08-02-01,2022-06-14-13,-0.07149348212273994
URXL,Activity,82,MCL,2022-08-02-01,2022-06-14-13,0.49009896081975657
CEPDL,Activity,82,MCL,2022-08-02-01,2022-06-14-13,0.260639892969141
SMDDR,Activity,82,MCL,2022-08-02-01,2022-06-14-13,-0.3998013047830902
RMEV,Activity,82,MCL,2022-08-02-01,2022-06-14-13,0.5024971614108975
RIAL,Activity,82,MCL,2022-08-02-01,2022-06-14-13,0.5440981083736379
AVER,Activity,82,MCL,2022-08-02-01,2022-06-14-13,-0.3837186623199049
AWAR,Activity,82,MCL,2022-08-02-01,2022-06-14-13,-0.41981870903879054
SMDVL,Activity,82,MCL,2022-08-02-01,2022-06-14-13,-0.42952301318881875
AVAL,Activity,82,MCL,2022-08-02-01,2022-06-14-13,-0.46558178897299685
RMDL,Activity,82,MCL,2022-08-02-01,2022-06-14-13,-0.5313241167002417
AIBR,Activity,82,MCL,2022-08-02-01,2022-06-14-13,-0.3960688320927695
ASGR,Activity,82,MCL,2022-08-02-01,2022-06-14-13,-0.3138264097554673
AVL,Activity,82,MCL,2022-08-02-01,2022-06-14-13,-0.3994550070187523
AVEL,Activity,82,MCL,2022-08-02-01,2022-06-14-13,-0.43076778595042614
ASGL,Activity,82,MCL,2022-08-02-01,2022-06-14-13,-0.277843367541351
ASHL,Activity,82,MCL,2022-08-02-01,2022-06-14-13,-0.5749785547305148
AIBL,Activity,82,MCL,2022-08-02-01,2022-06-14-13,-0.42333707409310234
AVHL,Activity,82,MCL,2022-08-02-01,2022-06-14-13,0.629303479061848
AWBL,Activity,82,MCL,2022-08-02-01,2022-06-14-13,-0.5739337521568973
RIVL,Activity,82,MCL,2022-08-02-01,2022-06-14-13,-0.3855796445214793
AWCL,Activity,82,MCL,2022-08-02-01,2022-06-14-13,0.48442762151756613
SMDDL,Activity,82,MCL,2022-08-02-01,2022-06-14-13,-0.06958269449764765
AVJR,Activity,82,MCL,2022-08-02-01,2022-06-14-13,0.4137401169251278
AIZL,Activity,82,MCL,2022-08-02-01,2022-06-14-13,0.6390532368639459
RIBL,Activity,82,MCL,2022-08-02-01,2022-06-14-13,0.20727947103697825
ASEL,Activity,82,MCL,2022-08-02-01,2022-06-14-13,0.5855862058444787
AVDR,Activity,82,MCL,2022-08-02-01,2022-06-14-13,0.6408233231300037
AVDL,Activity,82,MCL,2022-08-02-01,2022-06-14-13,0.6562275525330069
AVJL,Activity,82,MCL,2022-08-02-01,2022-06-14-13,-0.5239867717811312
RIVR,Activity,82,MCL,2022-08-02-01,2022-06-14-13,-0.31207259034141893
AIZR,Activity,82,MCL,2022-08-02-01,2022-06-14-13,-0.4293067730068559
AUAR,Activity,82,MCL,2022-08-02-01,2022-06-14-13,-0.23627061753497436
AUAL,Activity,82,MCL,2022-08-02-01,2022-06-14-13,0.4666921354075939
RICR,Activity,82,MCL,2022-08-02-01,2022-06-14-13,0.6379189720153972
RICL,Activity,82,MCL,2022-08-02-01,2022-06-14-13,0.4862772892136912
M5,Activity,82,MCL,2022-08-02-01,2022-06-14-13,-0.004594182918536051
AIML,Activity,82,MCL,2022-08-02-01,2022-06-14-13,0.22385405174717352
AIMR,Activity,82,MCL,2022-08-02-01,2022-06-14-13,0.11153138634674606
FLPL,Activity,82,MCL,2022-08-02-01,2022-06-14-13,0.5665883695725517
ADEL,Activity,82,MCL,2022-08-02-01,2022-06-14-13,0.4539822603071241
VB02,Activity,82,MCL,2022-08-02-01,2022-06-14-13,0.37086904455307207
ADAL,Activity,82,MCL,2022-08-02-01,2022-06-14-13,-0.6615084354142413
I1R,Activity,82,NSML,2022-08-02-01,2022-06-14-13,0.692866858036707
IL2DL,Activity,82,NSML,2022-08-02-01,2022-06-14-13,0.7470319441946948
I2R,Activity,82,NSML,2022-08-02-01,2022-06-14-13,0.03832183428588572
I3,Activity,82,NSML,2022-08-02-01,2022-06-14-13,-0.7325589203596338
NSMR,Activity,82,NSML,2022-08-02-01,2022-06-14-13,0.73159614601828
I2L,Activity,82,NSML,2022-08-02-01,2022-06-14-13,0.6505405006126601
MCL,Activity,82,NSML,2022-08-02-01,2022-06-14-13,0.7087373834310289
NSML,Activity,83,NSML,2022-08-02-01,2022-06-14-13,0.7508413043846511
M4,Activity,82,NSML,2022-08-02-01,2022-06-14-13,0.5786053114345759
M3R,Activity,82,NSML,2022-08-02-01,2022-06-14-13,0.12472568671980087
M3L,Activity,82,NSML,2022-08-02-01,2022-06-14-13,0.652010980411309
IL2VL,Activity,82,NSML,2022-08-02-01,2022-06-14-13,0.7288013034934171
IL1R,Activity,82,NSML,2022-08-02-01,2022-06-14-13,-0.1225376082886814
OLLL,Activity,82,NSML,2022-08-02-01,2022-06-14-13,-0.36009210525026625
IL2L,Activity,82,NSML,2022-08-02-01,2022-06-14-13,0.6105787899351998
URBR,Activity,82,NSML,2022-08-02-01,2022-06-14-13,-0.521296875199102
OLLR,Activity,82,NSML,2022-08-02-01,2022-06-14-13,-0.4459211582166802
IL1DL,Activity,82,NSML,2022-08-02-01,2022-06-14-13,-0.435972316360631
IL1DR,Activity,82,NSML,2022-08-02-01,2022-06-14-13,-0.4739890593193512
URYVR,Activity,82,NSML,2022-08-02-01,2022-06-14-13,-0.6157088162209121
IL2R,Activity,82,NSML,2022-08-02-01,2022-06-14-13,-0.521484309083062
URYDL,Activity,82,NSML,2022-08-02-01,2022-06-14-13,-0.6447685296816441
IL1L,Activity,82,NSML,2022-08-02-01,2022-06-14-13,0.22584981977957558
URBL,Activity,82,NSML,2022-08-02-01,2022-06-14-13,0.08852856967755969
OLQDR,Activity,82,NSML,2022-08-02-01,2022-06-14-13,-0.5289269580439475
OLQDL,Activity,82,NSML,2022-08-02-01,2022-06-14-13,-0.1232800367603464
RMER,Activity,82,NSML,2022-08-02-01,2022-06-14-13,0.38593112262335255
OLQVR,Activity,82,NSML,2022-08-02-01,2022-06-14-13,-0.5159072725037122
URYVL,Activity,82,NSML,2022-08-02-01,2022-06-14-13,-0.6943020117810509
RMED,Activity,82,NSML,2022-08-02-01,2022-06-14-13,0.43370312000324285
RMEL,Activity,82,NSML,2022-08-02-01,2022-06-14-13,0.3729569567855331
CEPVR,Activity,82,NSML,2022-08-02-01,2022-06-14-13,-0.41091624118338943
OLQVL,Activity,82,NSML,2022-08-02-01,2022-06-14-13,-0.3897547397832897
CEPVL,Activity,82,NSML,2022-08-02-01,2022-06-14-13,-0.155521347216219
SAAVR,Activity,82,NSML,2022-08-02-01,2022-06-14-13,-0.13409965740616836
RID,Activity,82,NSML,2022-08-02-01,2022-06-14-13,0.5858881712881024
SMDVR,Activity,82,NSML,2022-08-02-01,2022-06-14-13,0.05134409611899508
URXR,Activity,82,NSML,2022-08-02-01,2022-06-14-13,0.6829476253555281
RIAR,Activity,82,NSML,2022-08-02-01,2022-06-14-13,-0.3582339050020988
AVAR,Activity,82,NSML,2022-08-02-01,2022-06-14-13,-0.5565443309257243
SAAVL,Activity,82,NSML,2022-08-02-01,2022-06-14-13,0.01973011839956686
CEPDR,Activity,82,NSML,2022-08-02-01,2022-06-14-13,-0.0929782259314244
URXL,Activity,82,NSML,2022-08-02-01,2022-06-14-13,0.5677491479945377
CEPDL,Activity,82,NSML,2022-08-02-01,2022-06-14-13,0.3000197317943393
SMDDR,Activity,82,NSML,2022-08-02-01,2022-06-14-13,-0.409007112542685
RMEV,Activity,82,NSML,2022-08-02-01,2022-06-14-13,0.6083390834820751
RIAL,Activity,82,NSML,2022-08-02-01,2022-06-14-13,0.6516152068158169
AVER,Activity,82,NSML,2022-08-02-01,2022-06-14-13,-0.49991867285844255
AWAR,Activity,82,NSML,2022-08-02-01,2022-06-14-13,-0.47040789166354424
SMDVL,Activity,82,NSML,2022-08-02-01,2022-06-14-13,-0.37031334760617457
AVAL,Activity,82,NSML,2022-08-02-01,2022-06-14-13,-0.5700735982711265
RMDL,Activity,82,NSML,2022-08-02-01,2022-06-14-13,-0.6455450628381347
AIBR,Activity,82,NSML,2022-08-02-01,2022-06-14-13,-0.5002910821324137
ASGR,Activity,82,NSML,2022-08-02-01,2022-06-14-13,-0.4465854321299229
AVL,Activity,82,NSML,2022-08-02-01,2022-06-14-13,-0.5009682556563352
AVEL,Activity,82,NSML,2022-08-02-01,2022-06-14-13,-0.5346912713167572
ASGL,Activity,82,NSML,2022-08-02-01,2022-06-14-13,-0.4047459728242753
ASHL,Activity,82,NSML,2022-08-02-01,2022-06-14-13,-0.6316004994146329
AIBL,Activity,82,NSML,2022-08-02-01,2022-06-14-13,-0.5214635567374308
AVHL,Activity,82,NSML,2022-08-02-01,2022-06-14-13,0.685279320156727
AWBL,Activity,82,NSML,2022-08-02-01,2022-06-14-13,-0.6170286015681762
RIVL,Activity,82,NSML,2022-08-02-01,2022-06-14-13,-0.40702634572885765
AWCL,Activity,82,NSML,2022-08-02-01,2022-06-14-13,0.5595689522964442
SMDDL,Activity,82,NSML,2022-08-02-01,2022-06-14-13,-0.12690447479448788
AVJR,Activity,82,NSML,2022-08-02-01,2022-06-14-13,0.48258163811904475
AIZL,Activity,82,NSML,2022-08-02-01,2022-06-14-13,0.735173187962819
RIBL,Activity,82,NSML,2022-08-02-01,2022-06-14-13,0.3234361044502991
ASEL,Activity,82,NSML,2022-08-02-01,2022-06-14-13,0.6776285356123564
AVDR,Activity,82,NSML,2022-08-02-01,2022-06-14-13,0.683762595181881
AVDL,Activity,82,NSML,2022-08-02-01,2022-06-14-13,0.7321808604440119
AVJL,Activity,82,NSML,2022-08-02-01,2022-06-14-13,-0.4198705318560755
RIVR,Activity,82,NSML,2022-08-02-01,2022-06-14-13,-0.30830044200219187
AIZR,Activity,82,NSML,2022-08-02-01,2022-06-14-13,-0.41943049381526903
AUAR,Activity,82,NSML,2022-08-02-01,2022-06-14-13,-0.3060412255959158
AUAL,Activity,82,NSML,2022-08-02-01,2022-06-14-13,0.6004440732342678
RICR,Activity,82,NSML,2022-08-02-01,2022-06-14-13,0.7458108187963999
RICL,Activity,82,NSML,2022-08-02-01,2022-06-14-13,0.629478813778393
M5,Activity,82,NSML,2022-08-02-01,2022-06-14-13,-0.026449705914712292
AIML,Activity,82,NSML,2022-08-02-01,2022-06-14-13,0.27971162994442594
AIMR,Activity,82,NSML,2022-08-02-01,2022-06-14-13,0.18700869836258172
FLPL,Activity,82,NSML,2022-08-02-01,2022-06-14-13,0.5760093528329182
ADEL,Activity,82,NSML,2022-08-02-01,2022-06-14-13,0.501877413989383
VB02,Activity,82,NSML,2022-08-02-01,2022-06-14-13,0.43570489869413476
ADAL,Activity,82,NSML,2022-08-02-01,2022-06-14-13,-0.7285653051324245
I1R,Activity,82,M4,2022-08-02-01,2022-06-14-13,0.6607399150774282
IL2DL,Activity,82,M4,2022-08-02-01,2022-06-14-13,0.680693994427794
I2R,Activity,82,M4,2022-08-02-01,2022-06-14-13,0.029813929967172335
I3,Activity,82,M4,2022-08-02-01,2022-06-14-13,-0.6389773478603982
NSMR,Activity,82,M4,2022-08-02-01,2022-06-14-13,0.6728448890571717
I2L,Activity,82,M4,2022-08-02-01,2022-06-14-13,0.5590271059189615
MCL,Activity,82,M4,2022-08-02-01,2022-06-14-13,0.6798349020737579
NSML,Activity,82,M4,2022-08-02-01,2022-06-14-13,0.6517950443730427
M4,Activity,83,M4,2022-08-02-01,2022-06-14-13,0.5517535709657428
M3R,Activity,82,M4,2022-08-02-01,2022-06-14-13,0.30000043964858264
M3L,Activity,82,M4,2022-08-02-01,2022-06-14-13,0.6558765308544432
IL2VL,Activity,82,M4,2022-08-02-01,2022-06-14-13,0.7030467638604257
IL1R,Activity,82,M4,2022-08-02-01,2022-06-14-13,-0.24534280480571963
OLLL,Activity,82,M4,2022-08-02-01,2022-06-14-13,-0.2540844236019978
IL2L,Activity,82,M4,2022-08-02-01,2022-06-14-13,0.5869808454047488
URBR,Activity,82,M4,2022-08-02-01,2022-06-14-13,-0.4056705169223794
OLLR,Activity,82,M4,2022-08-02-01,2022-06-14-13,-0.32251787072741994
IL1DL,Activity,82,M4,2022-08-02-01,2022-06-14-13,-0.33253988302557586
IL1DR,Activity,82,M4,2022-08-02-01,2022-06-14-13,-0.45298220087575425
URYVR,Activity,82,M4,2022-08-02-01,2022-06-14-13,-0.49273858848584534
IL2R,Activity,82,M4,2022-08-02-01,2022-06-14-13,-0.39757162276128993
URYDL,Activity,82,M4,2022-08-02-01,2022-06-14-13,-0.495659554170342
IL1L,Activity,82,M4,2022-08-02-01,2022-06-14-13,0.22446910265553602
URBL,Activity,82,M4,2022-08-02-01,2022-06-14-13,0.06372659836236226
OLQDR,Activity,82,M4,2022-08-02-01,2022-06-14-13,-0.3956286409684331
OLQDL,Activity,82,M4,2022-08-02-01,2022-06-14-13,-0.12365294199297644
RMER,Activity,82,M4,2022-08-02-01,2022-06-14-13,0.2345821557273092
OLQVR,Activity,82,M4,2022-08-02-01,2022-06-14-13,-0.3710790648410332
URYVL,Activity,82,M4,2022-08-02-01,2022-06-14-13,-0.5497324338797396
RMED,Activity,82,M4,2022-08-02-01,2022-06-14-13,0.2741288352661056
RMEL,Activity,82,M4,2022-08-02-01,2022-06-14-13,0.32617476149344293
CEPVR,Activity,82,M4,2022-08-02-01,2022-06-14-13,-0.2726361469017548
OLQVL,Activity,82,M4,2022-08-02-01,2022-06-14-13,-0.31795919797515737
CEPVL,Activity,82,M4,2022-08-02-01,2022-06-14-13,-0.04909378919668712
SAAVR,Activity,82,M4,2022-08-02-01,2022-06-14-13,0.005999566407486991
RID,Activity,82,M4,2022-08-02-01,2022-06-14-13,0.41994106014385973
SMDVR,Activity,82,M4,2022-08-02-01,2022-06-14-13,-0.008006011142816538
URXR,Activity,82,M4,2022-08-02-01,2022-06-14-13,0.5485977372767197
RIAR,Activity,82,M4,2022-08-02-01,2022-06-14-13,-0.4110595280015106
AVAR,Activity,82,M4,2022-08-02-01,2022-06-14-13,-0.41047750345619144
SAAVL,Activity,82,M4,2022-08-02-01,2022-06-14-13,0.15718383462403154
CEPDR,Activity,82,M4,2022-08-02-01,2022-06-14-13,-0.007911100400925688
URXL,Activity,82,M4,2022-08-02-01,2022-06-14-13,0.4799713359220982
CEPDL,Activity,82,M4,2022-08-02-01,2022-06-14-13,0.2639737692025549
SMDDR,Activity,82,M4,2022-08-02-01,2022-06-14-13,-0.3091648997365732
RMEV,Activity,82,M4,2022-08-02-01,2022-06-14-13,0.44697326181050845
RIAL,Activity,82,M4,2022-08-02-01,2022-06-14-13,0.5323823745298185
AVER,Activity,82,M4,2022-08-02-01,2022-06-14-13,-0.3382138995934587
AWAR,Activity,82,M4,2022-08-02-01,2022-06-14-13,-0.4299435803875177
SMDVL,Activity,82,M4,2022-08-02-01,2022-06-14-13,-0.36539849213128744
AVAL,Activity,82,M4,2022-08-02-01,2022-06-14-13,-0.4221964965660433
RMDL,Activity,82,M4,2022-08-02-01,2022-06-14-13,-0.49412031055663824
AIBR,Activity,82,M4,2022-08-02-01,2022-06-14-13,-0.3386588373565434
ASGR,Activity,82,M4,2022-08-02-01,2022-06-14-13,-0.32356881515546176
AVL,Activity,82,M4,2022-08-02-01,2022-06-14-13,-0.3472964297522504
AVEL,Activity,82,M4,2022-08-02-01,2022-06-14-13,-0.38139706699815795
ASGL,Activity,82,M4,2022-08-02-01,2022-06-14-13,-0.27094037643504143
ASHL,Activity,82,M4,2022-08-02-01,2022-06-14-13,-0.5439364491133807
AIBL,Activity,82,M4,2022-08-02-01,2022-06-14-13,-0.3678530472695375
AVHL,Activity,82,M4,2022-08-02-01,2022-06-14-13,0.5788125024234468
AWBL,Activity,82,M4,2022-08-02-01,2022-06-14-13,-0.5110355311029869
RIVL,Activity,82,M4,2022-08-02-01,2022-06-14-13,-0.3154615245801967
AWCL,Activity,82,M4,2022-08-02-01,2022-06-14-13,0.40473476799347485
SMDDL,Activity,82,M4,2022-08-02-01,2022-06-14-13,-0.07200557936224615
AVJR,Activity,82,M4,2022-08-02-01,2022-06-14-13,0.3172752841491884
AIZL,Activity,82,M4,2022-08-02-01,2022-06-14-13,0.6535710825309844
RIBL,Activity,82,M4,2022-08-02-01,2022-06-14-13,0.1568950871452438
ASEL,Activity,82,M4,2022-08-02-01,2022-06-14-13,0.5616794845786431
AVDR,Activity,82,M4,2022-08-02-01,2022-06-14-13,0.6240085373916858
AVDL,Activity,82,M4,2022-08-02-01,2022-06-14-13,0.6525107212387935
AVJL,Activity,82,M4,2022-08-02-01,2022-06-14-13,-0.5394679806762473
RIVR,Activity,82,M4,2022-08-02-01,2022-06-14-13,-0.24339161042859458
AIZR,Activity,82,M4,2022-08-02-01,2022-06-14-13,-0.41328247972264287
AUAR,Activity,82,M4,2022-08-02-01,2022-06-14-13,-0.24822712892238755
AUAL,Activity,82,M4,2022-08-02-01,2022-06-14-13,0.40633030415748117
RICR,Activity,82,M4,2022-08-02-01,2022-06-14-13,0.6118431963185893
RICL,Activity,82,M4,2022-08-02-01,2022-06-14-13,0.4318192393081045
M5,Activity,82,M4,2022-08-02-01,2022-06-14-13,-0.17214472715255724
AIML,Activity,82,M4,2022-08-02-01,2022-06-14-13,0.10514885670473123
AIMR,Activity,82,M4,2022-08-02-01,2022-06-14-13,0.041739242285899425
FLPL,Activity,82,M4,2022-08-02-01,2022-06-14-13,0.47886637628246304
ADEL,Activity,82,M4,2022-08-02-01,2022-06-14-13,0.3752859078580072
VB02,Activity,82,M4,2022-08-02-01,2022-06-14-13,0.3045170347173667
ADAL,Activity,82,M4,2022-08-02-01,2022-06-14-13,-0.65080476641854
I1R,Activity,82,M3R,2022-08-02-01,2022-06-14-13,0.5379405088660305
IL2DL,Activity,82,M3R,2022-08-02-01,2022-06-14-13,0.3568598370210777
I2R,Activity,82,M3R,2022-08-02-01,2022-06-14-13,0.20966739684804386
I3,Activity,82,M3R,2022-08-02-01,2022-06-14-13,-0.3047022451008178
NSMR,Activity,82,M3R,2022-08-02-01,2022-06-14-13,0.3942020356758264
I2L,Activity,82,M3R,2022-08-02-01,2022-06-14-13,0.3538852516756873
MCL,Activity,82,M3R,2022-08-02-01,2022-06-14-13,0.45041355019212176
NSML,Activity,82,M3R,2022-08-02-01,2022-06-14-13,0.3566732595242505
M4,Activity,82,M3R,2022-08-02-01,2022-06-14-13,0.3685595322879176
M3R,Activity,83,M3R,2022-08-02-01,2022-06-14-13,0.46513893940011264
M3L,Activity,82,M3R,2022-08-02-01,2022-06-14-13,0.44496767650981933
IL2VL,Activity,82,M3R,2022-08-02-01,2022-06-14-13,0.44383355974601746
IL1R,Activity,82,M3R,2022-08-02-01,2022-06-14-13,-0.2459203733547839
OLLL,Activity,82,M3R,2022-08-02-01,2022-06-14-13,-0.20259445356622802
IL2L,Activity,82,M3R,2022-08-02-01,2022-06-14-13,0.2965241871789483
URBR,Activity,82,M3R,2022-08-02-01,2022-06-14-13,-0.262603648981309
OLLR,Activity,82,M3R,2022-08-02-01,2022-06-14-13,-0.20568122577530143
IL1DL,Activity,82,M3R,2022-08-02-01,2022-06-14-13,-0.23865250192766002
IL1DR,Activity,82,M3R,2022-08-02-01,2022-06-14-13,-0.2851847366568492
URYVR,Activity,82,M3R,2022-08-02-01,2022-06-14-13,-0.16713057300688341
IL2R,Activity,82,M3R,2022-08-02-01,2022-06-14-13,-0.19620335782607182
URYDL,Activity,82,M3R,2022-08-02-01,2022-06-14-13,-0.14817626697698702
IL1L,Activity,82,M3R,2022-08-02-01,2022-06-14-13,0.017190267229551453
URBL,Activity,82,M3R,2022-08-02-01,2022-06-14-13,-0.0776938163111833
OLQDR,Activity,82,M3R,2022-08-02-01,2022-06-14-13,-0.2310010371210545
OLQDL,Activity,82,M3R,2022-08-02-01,2022-06-14-13,-0.19519439492000426
RMER,Activity,82,M3R,2022-08-02-01,2022-06-14-13,0.0424589209919377
OLQVR,Activity,82,M3R,2022-08-02-01,2022-06-14-13,-0.19371484476235326
URYVL,Activity,82,M3R,2022-08-02-01,2022-06-14-13,-0.24740690310492391
RMED,Activity,82,M3R,2022-08-02-01,2022-06-14-13,-0.015471085087025166
RMEL,Activity,82,M3R,2022-08-02-01,2022-06-14-13,0.11531284490344734
CEPVR,Activity,82,M3R,2022-08-02-01,2022-06-14-13,-0.14864444828568024
OLQVL,Activity,82,M3R,2022-08-02-01,2022-06-14-13,-0.28955800812707305
CEPVL,Activity,82,M3R,2022-08-02-01,2022-06-14-13,-0.04746044316595181
SAAVR,Activity,82,M3R,2022-08-02-01,2022-06-14-13,0.16049910699839973
RID,Activity,82,M3R,2022-08-02-01,2022-06-14-13,0.07195300268259334
SMDVR,Activity,82,M3R,2022-08-02-01,2022-06-14-13,-0.07702780061545778
URXR,Activity,82,M3R,2022-08-02-01,2022-06-14-13,0.2062182380369597
RIAR,Activity,82,M3R,2022-08-02-01,2022-06-14-13,-0.4297516817933191
AVAR,Activity,82,M3R,2022-08-02-01,2022-06-14-13,-0.08555712152880336
SAAVL,Activity,82,M3R,2022-08-02-01,2022-06-14-13,0.24596125572161331
CEPDR,Activity,82,M3R,2022-08-02-01,2022-06-14-13,-0.07137280746626504
URXL,Activity,82,M3R,2022-08-02-01,2022-06-14-13,0.2035583811229902
CEPDL,Activity,82,M3R,2022-08-02-01,2022-06-14-13,0.004539127047760075
SMDDR,Activity,82,M3R,2022-08-02-01,2022-06-14-13,-0.298399347105088
RMEV,Activity,82,M3R,2022-08-02-01,2022-06-14-13,0.13478734407370555
RIAL,Activity,82,M3R,2022-08-02-01,2022-06-14-13,0.23268973623302255
AVER,Activity,82,M3R,2022-08-02-01,2022-06-14-13,-0.02641437728160405
AWAR,Activity,82,M3R,2022-08-02-01,2022-06-14-13,-0.1331024118728412
SMDVL,Activity,82,M3R,2022-08-02-01,2022-06-14-13,-0.35308273055861766
AVAL,Activity,82,M3R,2022-08-02-01,2022-06-14-13,-0.09940613879083383
RMDL,Activity,82,M3R,2022-08-02-01,2022-06-14-13,-0.19333753474646237
AIBR,Activity,82,M3R,2022-08-02-01,2022-06-14-13,-0.045410708174619084
ASGR,Activity,82,M3R,2022-08-02-01,2022-06-14-13,-0.0030043966654230763
AVL,Activity,82,M3R,2022-08-02-01,2022-06-14-13,-0.05135581125829712
AVEL,Activity,82,M3R,2022-08-02-01,2022-06-14-13,-0.07945173770658176
ASGL,Activity,82,M3R,2022-08-02-01,2022-06-14-13,0.02959724643954366
ASHL,Activity,82,M3R,2022-08-02-01,2022-06-14-13,-0.2394911560129044
AIBL,Activity,82,M3R,2022-08-02-01,2022-06-14-13,-0.07349628856903634
AVHL,Activity,82,M3R,2022-08-02-01,2022-06-14-13,0.3325578124436888
AWBL,Activity,82,M3R,2022-08-02-01,2022-06-14-13,-0.30833981781285735
RIVL,Activity,82,M3R,2022-08-02-01,2022-06-14-13,-0.2412238005757354
AWCL,Activity,82,M3R,2022-08-02-01,2022-06-14-13,0.2389396762903579
SMDDL,Activity,82,M3R,2022-08-02-01,2022-06-14-13,0.07891839865645896
AVJR,Activity,82,M3R,2022-08-02-01,2022-06-14-13,0.1227507740690699
AIZL,Activity,82,M3R,2022-08-02-01,2022-06-14-13,0.28669967702387367
RIBL,Activity,82,M3R,2022-08-02-01,2022-06-14-13,-0.08579415402008404
ASEL,Activity,82,M3R,2022-08-02-01,2022-06-14-13,0.1982035596258546
AVDR,Activity,82,M3R,2022-08-02-01,2022-06-14-13,0.38448914137259654
AVDL,Activity,82,M3R,2022-08-02-01,2022-06-14-13,0.33789228014048517
AVJL,Activity,82,M3R,2022-08-02-01,2022-06-14-13,-0.47740441590261146
RIVR,Activity,82,M3R,2022-08-02-01,2022-06-14-13,-0.23250566890602545
AIZR,Activity,82,M3R,2022-08-02-01,2022-06-14-13,-0.2574597331073623
AUAR,Activity,82,M3R,2022-08-02-01,2022-06-14-13,-0.12174177911099321
AUAL,Activity,82,M3R,2022-08-02-01,2022-06-14-13,0.11583565430120717
RICR,Activity,82,M3R,2022-08-02-01,2022-06-14-13,0.29487527954598675
RICL,Activity,82,M3R,2022-08-02-01,2022-06-14-13,0.1312366124431739
M5,Activity,82,M3R,2022-08-02-01,2022-06-14-13,-0.08878650421203783
AIML,Activity,82,M3R,2022-08-02-01,2022-06-14-13,0.017100700330746735
AIMR,Activity,82,M3R,2022-08-02-01,2022-06-14-13,-0.07926014533504279
FLPL,Activity,82,M3R,2022-08-02-01,2022-06-14-13,0.2845596028423319
ADEL,Activity,82,M3R,2022-08-02-01,2022-06-14-13,0.17496098742450047
VB02,Activity,82,M3R,2022-08-02-01,2022-06-14-13,0.09062883086918636
ADAL,Activity,82,M3R,2022-08-02-01,2022-06-14-13,-0.3310739920914613
I1R,Activity,82,M3L,2022-08-02-01,2022-06-14-13,0.6592369705180674
IL2DL,Activity,82,M3L,2022-08-02-01,2022-06-14-13,0.5611245744870168
I2R,Activity,82,M3L,2022-08-02-01,2022-06-14-13,0.13367678449701056
I3,Activity,82,M3L,2022-08-02-01,2022-06-14-13,-0.5179978397976355
NSMR,Activity,82,M3L,2022-08-02-01,2022-06-14-13,0.5860449375717338
I2L,Activity,82,M3L,2022-08-02-01,2022-06-14-13,0.49916883583142413
MCL,Activity,82,M3L,2022-08-02-01,2022-06-14-13,0.6151121738016945
NSML,Activity,82,M3L,2022-08-02-01,2022-06-14-13,0.5470157279727995
M4,Activity,82,M3L,2022-08-02-01,2022-06-14-13,0.4619068246162815
M3R,Activity,82,M3L,2022-08-02-01,2022-06-14-13,0.24740399992971843
M3L,Activity,83,M3L,2022-08-02-01,2022-06-14-13,0.6415027683544021
IL2VL,Activity,82,M3L,2022-08-02-01,2022-06-14-13,0.603344491903616
IL1R,Activity,82,M3L,2022-08-02-01,2022-06-14-13,-0.218686336502774
OLLL,Activity,82,M3L,2022-08-02-01,2022-06-14-13,-0.31266520076226156
IL2L,Activity,82,M3L,2022-08-02-01,2022-06-14-13,0.4355819629717739
URBR,Activity,82,M3L,2022-08-02-01,2022-06-14-13,-0.4178552783635391
OLLR,Activity,82,M3L,2022-08-02-01,2022-06-14-13,-0.34838972463867257
IL1DL,Activity,82,M3L,2022-08-02-01,2022-06-14-13,-0.37374615787696946
IL1DR,Activity,82,M3L,2022-08-02-01,2022-06-14-13,-0.40332622272579527
URYVR,Activity,82,M3L,2022-08-02-01,2022-06-14-13,-0.3636371952208243
IL2R,Activity,82,M3L,2022-08-02-01,2022-06-14-13,-0.3559650453164404
URYDL,Activity,82,M3L,2022-08-02-01,2022-06-14-13,-0.37138170142137783
IL1L,Activity,82,M3L,2022-08-02-01,2022-06-14-13,0.08119138856769337
URBL,Activity,82,M3L,2022-08-02-01,2022-06-14-13,-0.057101691217430126
OLQDR,Activity,82,M3L,2022-08-02-01,2022-06-14-13,-0.3941956635244367
OLQDL,Activity,82,M3L,2022-08-02-01,2022-06-14-13,-0.21214491026861199
RMER,Activity,82,M3L,2022-08-02-01,2022-06-14-13,0.1885605038506253
OLQVR,Activity,82,M3L,2022-08-02-01,2022-06-14-13,-0.3582498451117806
URYVL,Activity,82,M3L,2022-08-02-01,2022-06-14-13,-0.4520782409622349
RMED,Activity,82,M3L,2022-08-02-01,2022-06-14-13,0.15359863939531657
RMEL,Activity,82,M3L,2022-08-02-01,2022-06-14-13,0.21337641325936132
CEPVR,Activity,82,M3L,2022-08-02-01,2022-06-14-13,-0.2808085727801944
OLQVL,Activity,82,M3L,2022-08-02-01,2022-06-14-13,-0.38469478301988064
CEPVL,Activity,82,M3L,2022-08-02-01,2022-06-14-13,-0.11808070045895522
SAAVR,Activity,82,M3L,2022-08-02-01,2022-06-14-13,0.07334783338750467
RID,Activity,82,M3L,2022-08-02-01,2022-06-14-13,0.29562742093750555
SMDVR,Activity,82,M3L,2022-08-02-01,2022-06-14-13,-0.024610065888746126
URXR,Activity,82,M3L,2022-08-02-01,2022-06-14-13,0.4119332643768812
RIAR,Activity,82,M3L,2022-08-02-01,2022-06-14-13,-0.4563519555414699
AVAR,Activity,82,M3L,2022-08-02-01,2022-06-14-13,-0.27866966422544387
SAAVL,Activity,82,M3L,2022-08-02-01,2022-06-14-13,0.19488778671140983
CEPDR,Activity,82,M3L,2022-08-02-01,2022-06-14-13,-0.10467882154721009
URXL,Activity,82,M3L,2022-08-02-01,2022-06-14-13,0.373955738533924
CEPDL,Activity,82,M3L,2022-08-02-01,2022-06-14-13,0.10686207025196116
SMDDR,Activity,82,M3L,2022-08-02-01,2022-06-14-13,-0.3919467078960505
RMEV,Activity,82,M3L,2022-08-02-01,2022-06-14-13,0.3437937886732874
RIAL,Activity,82,M3L,2022-08-02-01,2022-06-14-13,0.4296599833100294
AVER,Activity,82,M3L,2022-08-02-01,2022-06-14-13,-0.2118259774805544
AWAR,Activity,82,M3L,2022-08-02-01,2022-06-14-13,-0.2930911169899313
SMDVL,Activity,82,M3L,2022-08-02-01,2022-06-14-13,-0.4004840884052021
AVAL,Activity,82,M3L,2022-08-02-01,2022-06-14-13,-0.29444937173773406
RMDL,Activity,82,M3L,2022-08-02-01,2022-06-14-13,-0.4035766459305724
AIBR,Activity,82,M3L,2022-08-02-01,2022-06-14-13,-0.2259078749092058
ASGR,Activity,82,M3L,2022-08-02-01,2022-06-14-13,-0.189126058906095
AVL,Activity,82,M3L,2022-08-02-01,2022-06-14-13,-0.23107096725399126
AVEL,Activity,82,M3L,2022-08-02-01,2022-06-14-13,-0.26820947881360185
ASGL,Activity,82,M3L,2022-08-02-01,2022-06-14-13,-0.14221122562912983
ASHL,Activity,82,M3L,2022-08-02-01,2022-06-14-13,-0.4164104159201219
AIBL,Activity,82,M3L,2022-08-02-01,2022-06-14-13,-0.2552652590537811
AVHL,Activity,82,M3L,2022-08-02-01,2022-06-14-13,0.5050559870513084
AWBL,Activity,82,M3L,2022-08-02-01,2022-06-14-13,-0.46214076777476887
RIVL,Activity,82,M3L,2022-08-02-01,2022-06-14-13,-0.343460900381265
AWCL,Activity,82,M3L,2022-08-02-01,2022-06-14-13,0.40510520712296677
SMDDL,Activity,82,M3L,2022-08-02-01,2022-06-14-13,-0.006949627018871888
AVJR,Activity,82,M3L,2022-08-02-01,2022-06-14-13,0.2777275038545861
AIZL,Activity,82,M3L,2022-08-02-01,2022-06-14-13,0.5002466624274055
RIBL,Activity,82,M3L,2022-08-02-01,2022-06-14-13,0.06444375147062177
ASEL,Activity,82,M3L,2022-08-02-01,2022-06-14-13,0.40730438778112515
AVDR,Activity,82,M3L,2022-08-02-01,2022-06-14-13,0.5498830414173247
AVDL,Activity,82,M3L,2022-08-02-01,2022-06-14-13,0.523047426681462
AVJL,Activity,82,M3L,2022-08-02-01,2022-06-14-13,-0.552739089079836
RIVR,Activity,82,M3L,2022-08-02-01,2022-06-14-13,-0.29241373277944743
AIZR,Activity,82,M3L,2022-08-02-01,2022-06-14-13,-0.36329225767262585
AUAR,Activity,82,M3L,2022-08-02-01,2022-06-14-13,-0.22521494330662123
AUAL,Activity,82,M3L,2022-08-02-01,2022-06-14-13,0.3254023571375021
RICR,Activity,82,M3L,2022-08-02-01,2022-06-14-13,0.5122843766793688
RICL,Activity,82,M3L,2022-08-02-01,2022-06-14-13,0.35078947580950165
M5,Activity,82,M3L,2022-08-02-01,2022-06-14-13,-0.11447560740699778
AIML,Activity,82,M3L,2022-08-02-01,2022-06-14-13,0.09621387959636164
AIMR,Activity,82,M3L,2022-08-02-01,2022-06-14-13,0.006169961882895854
FLPL,Activity,82,M3L,2022-08-02-01,2022-06-14-13,0.40648574596160386
ADEL,Activity,82,M3L,2022-08-02-01,2022-06-14-13,0.3131809901800748
VB02,Activity,82,M3L,2022-08-02-01,2022-06-14-13,0.2086537614291948
ADAL,Activity,82,M3L,2022-08-02-01,2022-06-14-13,-0.5273825930393565
I1R,Activity,82,IL2VL,2022-08-02-01,2022-06-14-13,0.6060764760105464
IL2DL,Activity,82,IL2VL,2022-08-02-01,2022-06-14-13,0.5858834825595696
I2R,Activity,82,IL2VL,2022-08-02-01,2022-06-14-13,0.050853338456156166
I3,Activity,82,IL2VL,2022-08-02-01,2022-06-14-13,-0.5016480962573782
NSMR,Activity,82,IL2VL,2022-08-02-01,2022-06-14-13,0.5718095430132392
I2L,Activity,82,IL2VL,2022-08-02-01,2022-06-14-13,0.4823426683952078
MCL,Activity,82,IL2VL,2022-08-02-01,2022-06-14-13,0.5928712416501206
NSML,Activity,82,IL2VL,2022-08-02-01,2022-06-14-13,0.5412086989005865
M4,Activity,82,IL2VL,2022-08-02-01,2022-06-14-13,0.4722645810210555
M3R,Activity,82,IL2VL,2022-08-02-01,2022-06-14-13,0.39025803687069927
M3L,Activity,82,IL2VL,2022-08-02-01,2022-06-14-13,0.6195248665184455
IL2VL,Activity,83,IL2VL,2022-08-02-01,2022-06-14-13,0.642637243655444
IL1R,Activity,82,IL2VL,2022-08-02-01,2022-06-14-13,-0.2477686334013082
OLLL,Activity,82,IL2VL,2022-08-02-01,2022-06-14-13,-0.15358496551857367
IL2L,Activity,82,IL2VL,2022-08-02-01,2022-06-14-13,0.5000886627212616
URBR,Activity,82,IL2VL,2022-08-02-01,2022-06-14-13,-0.27784646838914867
OLLR,Activity,82,IL2VL,2022-08-02-01,2022-06-14-13,-0.199736382699329
IL1DL,Activity,82,IL2VL,2022-08-02-01,2022-06-14-13,-0.22308275211906553
IL1DR,Activity,82,IL2VL,2022-08-02-01,2022-06-14-13,-0.34739348591415564
URYVR,Activity,82,IL2VL,2022-08-02-01,2022-06-14-13,-0.36164097968842235
IL2R,Activity,82,IL2VL,2022-08-02-01,2022-06-14-13,-0.24662685193506617
URYDL,Activity,82,IL2VL,2022-08-02-01,2022-06-14-13,-0.3683300516665477
IL1L,Activity,82,IL2VL,2022-08-02-01,2022-06-14-13,0.18788137314296924
URBL,Activity,82,IL2VL,2022-08-02-01,2022-06-14-13,0.05032069015713435
OLQDR,Activity,82,IL2VL,2022-08-02-01,2022-06-14-13,-0.263055779718825
OLQDL,Activity,82,IL2VL,2022-08-02-01,2022-06-14-13,-0.07541570259769595
RMER,Activity,82,IL2VL,2022-08-02-01,2022-06-14-13,0.20467431407670691
OLQVR,Activity,82,IL2VL,2022-08-02-01,2022-06-14-13,-0.23327295047045332
URYVL,Activity,82,IL2VL,2022-08-02-01,2022-06-14-13,-0.42625116033229593
RMED,Activity,82,IL2VL,2022-08-02-01,2022-06-14-13,0.19236892844647382
RMEL,Activity,82,IL2VL,2022-08-02-01,2022-06-14-13,0.27511752132695305
CEPVR,Activity,82,IL2VL,2022-08-02-01,2022-06-14-13,-0.14640186123071633
OLQVL,Activity,82,IL2VL,2022-08-02-01,2022-06-14-13,-0.22798362363394595
CEPVL,Activity,82,IL2VL,2022-08-02-01,2022-06-14-13,0.03298856741873071
SAAVR,Activity,82,IL2VL,2022-08-02-01,2022-06-14-13,0.044701392503593874
RID,Activity,82,IL2VL,2022-08-02-01,2022-06-14-13,0.28194788286727845
SMDVR,Activity,82,IL2VL,2022-08-02-01,2022-06-14-13,-0.05799297786550607
URXR,Activity,82,IL2VL,2022-08-02-01,2022-06-14-13,0.425875942094427
RIAR,Activity,82,IL2VL,2022-08-02-01,2022-06-14-13,-0.36735786954111915
AVAR,Activity,82,IL2VL,2022-08-02-01,2022-06-14-13,-0.3044708528050936
SAAVL,Activity,82,IL2VL,2022-08-02-01,2022-06-14-13,0.17355819819340018
CEPDR,Activity,82,IL2VL,2022-08-02-01,2022-06-14-13,0.0503113694136673
URXL,Activity,82,IL2VL,2022-08-02-01,2022-06-14-13,0.3504077165888407
CEPDL,Activity,82,IL2VL,2022-08-02-01,2022-06-14-13,0.22188778223337638
SMDDR,Activity,82,IL2VL,2022-08-02-01,2022-06-14-13,-0.2156527337656587
RMEV,Activity,82,IL2VL,2022-08-02-01,2022-06-14-13,0.3214716270851275
RIAL,Activity,82,IL2VL,2022-08-02-01,2022-06-14-13,0.4111752058453211
AVER,Activity,82,IL2VL,2022-08-02-01,2022-06-14-13,-0.23237199865924646
AWAR,Activity,82,IL2VL,2022-08-02-01,2022-06-14-13,-0.3457860899195177
SMDVL,Activity,82,IL2VL,2022-08-02-01,2022-06-14-13,-0.34551136580033215
AVAL,Activity,82,IL2VL,2022-08-02-01,2022-06-14-13,-0.3173808897575082
RMDL,Activity,82,IL2VL,2022-08-02-01,2022-06-14-13,-0.34055890193881444
AIBR,Activity,82,IL2VL,2022-08-02-01,2022-06-14-13,-0.23737832967639846
ASGR,Activity,82,IL2VL,2022-08-02-01,2022-06-14-13,-0.22540707312639346
AVL,Activity,82,IL2VL,2022-08-02-01,2022-06-14-13,-0.2509500644412978
AVEL,Activity,82,IL2VL,2022-08-02-01,2022-06-14-13,-0.27726073744683916
ASGL,Activity,82,IL2VL,2022-08-02-01,2022-06-14-13,-0.19666763836640605
ASHL,Activity,82,IL2VL,2022-08-02-01,2022-06-14-13,-0.46186767589898214
AIBL,Activity,82,IL2VL,2022-08-02-01,2022-06-14-13,-0.27235828361558956
AVHL,Activity,82,IL2VL,2022-08-02-01,2022-06-14-13,0.48001912240819133
AWBL,Activity,82,IL2VL,2022-08-02-01,2022-06-14-13,-0.3946671012147848
RIVL,Activity,82,IL2VL,2022-08-02-01,2022-06-14-13,-0.27177793452850646
AWCL,Activity,82,IL2VL,2022-08-02-01,2022-06-14-13,0.26780813450433216
SMDDL,Activity,82,IL2VL,2022-08-02-01,2022-06-14-13,0.05207781291862532
AVJR,Activity,82,IL2VL,2022-08-02-01,2022-06-14-13,0.2215159821601213
AIZL,Activity,82,IL2VL,2022-08-02-01,2022-06-14-13,0.5190381397679978
RIBL,Activity,82,IL2VL,2022-08-02-01,2022-06-14-13,0.07926178811005327
ASEL,Activity,82,IL2VL,2022-08-02-01,2022-06-14-13,0.4542930965551158
AVDR,Activity,82,IL2VL,2022-08-02-01,2022-06-14-13,0.5120763096772286
AVDL,Activity,82,IL2VL,2022-08-02-01,2022-06-14-13,0.5427969341396354
AVJL,Activity,82,IL2VL,2022-08-02-01,2022-06-14-13,-0.5849901176398292
RIVR,Activity,82,IL2VL,2022-08-02-01,2022-06-14-13,-0.22012807890730413
AIZR,Activity,82,IL2VL,2022-08-02-01,2022-06-14-13,-0.39927719265226824
AUAR,Activity,82,IL2VL,2022-08-02-01,2022-06-14-13,-0.10813638603789111
AUAL,Activity,82,IL2VL,2022-08-02-01,2022-06-14-13,0.28778186816092566
RICR,Activity,82,IL2VL,2022-08-02-01,2022-06-14-13,0.4902060312402789
RICL,Activity,82,IL2VL,2022-08-02-01,2022-06-14-13,0.2939635737535063
M5,Activity,82,IL2VL,2022-08-02-01,2022-06-14-13,-0.06762880626594055
AIML,Activity,82,IL2VL,2022-08-02-01,2022-06-14-13,0.08981313853833334
AIMR,Activity,82,IL2VL,2022-08-02-01,2022-06-14-13,0.020357680635949168
FLPL,Activity,82,IL2VL,2022-08-02-01,2022-06-14-13,0.39770952166199863
ADEL,Activity,82,IL2VL,2022-08-02-01,2022-06-14-13,0.3241498336654129
VB02,Activity,82,IL2VL,2022-08-02-01,2022-06-14-13,0.2727981770135472
ADAL,Activity,82,IL2VL,2022-08-02-01,2022-06-14-13,-0.5479344842662501
I1R,Activity,82,IL1R,2022-08-02-01,2022-06-14-13,0.31075923941815303
IL2DL,Activity,82,IL1R,2022-08-02-01,2022-06-14-13,0.4653040135135778
I2R,Activity,82,IL1R,2022-08-02-01,2022-06-14-13,0.01218857742559257
I3,Activity,82,IL1R,2022-08-02-01,2022-06-14-13,-0.507314894535876
NSMR,Activity,82,IL1R,2022-08-02-01,2022-06-14-13,0.4388407792208104
I2L,Activity,82,IL1R,2022-08-02-01,2022-06-14-13,0.590662653007347
MCL,Activity,82,IL1R,2022-08-02-01,2022-06-14-13,0.39135158484877014
NSML,Activity,82,IL1R,2022-08-02-01,2022-06-14-13,0.47180639652143275
M4,Activity,82,IL1R,2022-08-02-01,2022-06-14-13,0.5370439982641193
M3R,Activity,82,IL1R,2022-08-02-01,2022-06-14-13,-0.012585824600537518
M3L,Activity,82,IL1R,2022-08-02-01,2022-06-14-13,0.4649505241476299
IL2VL,Activity,82,IL1R,2022-08-02-01,2022-06-14-13,0.50140269015509
IL1R,Activity,83,IL1R,2022-08-02-01,2022-06-14-13,0.19202285858333965
OLLL,Activity,82,IL1R,2022-08-02-01,2022-06-14-13,-0.005373577213906672
IL2L,Activity,82,IL1R,2022-08-02-01,2022-06-14-13,0.5425554251190013
URBR,Activity,82,IL1R,2022-08-02-01,2022-06-14-13,-0.20366263114807695
OLLR,Activity,82,IL1R,2022-08-02-01,2022-06-14-13,-0.09529589045410791
IL1DL,Activity,82,IL1R,2022-08-02-01,2022-06-14-13,-0.03904133801086479
IL1DR,Activity,82,IL1R,2022-08-02-01,2022-06-14-13,-0.17266025043829247
URYVR,Activity,82,IL1R,2022-08-02-01,2022-06-14-13,-0.6088930324309484
IL2R,Activity,82,IL1R,2022-08-02-01,2022-06-14-13,-0.2494247964444979
URYDL,Activity,82,IL1R,2022-08-02-01,2022-06-14-13,-0.6618540603566347
IL1L,Activity,82,IL1R,2022-08-02-01,2022-06-14-13,0.48499950347060966
URBL,Activity,82,IL1R,2022-08-02-01,2022-06-14-13,0.44289986119101926
OLQDR,Activity,82,IL1R,2022-08-02-01,2022-06-14-13,-0.21738724622096864
OLQDL,Activity,82,IL1R,2022-08-02-01,2022-06-14-13,0.32691408254527793
RMER,Activity,82,IL1R,2022-08-02-01,2022-06-14-13,0.6698896563305476
OLQVR,Activity,82,IL1R,2022-08-02-01,2022-06-14-13,-0.25333166325882706
URYVL,Activity,82,IL1R,2022-08-02-01,2022-06-14-13,-0.5135849732639948
RMED,Activity,82,IL1R,2022-08-02-01,2022-06-14-13,0.7086278301795809
RMEL,Activity,82,IL1R,2022-08-02-01,2022-06-14-13,0.508799971305247
CEPVR,Activity,82,IL1R,2022-08-02-01,2022-06-14-13,-0.1622996708035304
OLQVL,Activity,82,IL1R,2022-08-02-01,2022-06-14-13,0.04947012578729125
CEPVL,Activity,82,IL1R,2022-08-02-01,2022-06-14-13,0.13693290269678524
SAAVR,Activity,82,IL1R,2022-08-02-01,2022-06-14-13,-0.586443196451126
RID,Activity,82,IL1R,2022-08-02-01,2022-06-14-13,0.6537542078774615
SMDVR,Activity,82,IL1R,2022-08-02-01,2022-06-14-13,0.08301755948201321
URXR,Activity,82,IL1R,2022-08-02-01,2022-06-14-13,0.5743213956828044
RIAR,Activity,82,IL1R,2022-08-02-01,2022-06-14-13,0.0728642217795602
AVAR,Activity,82,IL1R,2022-08-02-01,2022-06-14-13,-0.7326877366760295
SAAVL,Activity,82,IL1R,2022-08-02-01,2022-06-14-13,-0.47216516990729746
CEPDR,Activity,82,IL1R,2022-08-02-01,2022-06-14-13,0.2641285920679619
URXL,Activity,82,IL1R,2022-08-02-01,2022-06-14-13,0.4676598625262392
CEPDL,Activity,82,IL1R,2022-08-02-01,2022-06-14-13,0.5809681477434309
SMDDR,Activity,82,IL1R,2022-08-02-01,2022-06-14-13,-0.14312409693635125
RMEV,Activity,82,IL1R,2022-08-02-01,2022-06-14-13,0.7091658029151184
RIAL,Activity,82,IL1R,2022-08-02-01,2022-06-14-13,0.5015294863887035
AVER,Activity,82,IL1R,2022-08-02-01,2022-06-14-13,-0.7002571425522546
AWAR,Activity,82,IL1R,2022-08-02-01,2022-06-14-13,-0.6701047649547837
SMDVL,Activity,82,IL1R,2022-08-02-01,2022-06-14-13,-0.2800708289432048
AVAL,Activity,82,IL1R,2022-08-02-01,2022-06-14-13,-0.7194262759703612
RMDL,Activity,82,IL1R,2022-08-02-01,2022-06-14-13,-0.5220412082430154
AIBR,Activity,82,IL1R,2022-08-02-01,2022-06-14-13,-0.724229688133419
ASGR,Activity,82,IL1R,2022-08-02-01,2022-06-14-13,-0.6244239494846802
AVL,Activity,82,IL1R,2022-08-02-01,2022-06-14-13,-0.7223205072460558
AVEL,Activity,82,IL1R,2022-08-02-01,2022-06-14-13,-0.7171424962425442
ASGL,Activity,82,IL1R,2022-08-02-01,2022-06-14-13,-0.6744732145703873
ASHL,Activity,82,IL1R,2022-08-02-01,2022-06-14-13,-0.6735601998610764
AIBL,Activity,82,IL1R,2022-08-02-01,2022-06-14-13,-0.7235492834946446
AVHL,Activity,82,IL1R,2022-08-02-01,2022-06-14-13,0.4825693750802926
AWBL,Activity,82,IL1R,2022-08-02-01,2022-06-14-13,-0.45697087662329733
RIVL,Activity,82,IL1R,2022-08-02-01,2022-06-14-13,-0.26908350613904175
AWCL,Activity,82,IL1R,2022-08-02-01,2022-06-14-13,0.29488391113693163
SMDDL,Activity,82,IL1R,2022-08-02-01,2022-06-14-13,-0.03215863439870788
AVJR,Activity,82,IL1R,2022-08-02-01,2022-06-14-13,0.38905725883483855
AIZL,Activity,82,IL1R,2022-08-02-01,2022-06-14-13,0.5503727628178612
RIBL,Activity,82,IL1R,2022-08-02-01,2022-06-14-13,0.610499813568084
ASEL,Activity,82,IL1R,2022-08-02-01,2022-06-14-13,0.7079790654583024
AVDR,Activity,82,IL1R,2022-08-02-01,2022-06-14-13,0.37068424050920035
AVDL,Activity,82,IL1R,2022-08-02-01,2022-06-14-13,0.5289889927610829
AVJL,Activity,82,IL1R,2022-08-02-01,2022-06-14-13,-0.163094485050083
RIVR,Activity,82,IL1R,2022-08-02-01,2022-06-14-13,-0.16504907475783476
AIZR,Activity,82,IL1R,2022-08-02-01,2022-06-14-13,-0.4095373839810588
AUAR,Activity,82,IL1R,2022-08-02-01,2022-06-14-13,0.0823887381603592
AUAL,Activity,82,IL1R,2022-08-02-01,2022-06-14-13,0.5803405200828796
RICR,Activity,82,IL1R,2022-08-02-01,2022-06-14-13,0.5439920075103071
RICL,Activity,82,IL1R,2022-08-02-01,2022-06-14-13,0.5206727577616355
M5,Activity,82,IL1R,2022-08-02-01,2022-06-14-13,0.24348097572413777
AIML,Activity,82,IL1R,2022-08-02-01,2022-06-14-13,0.5891902412041455
AIMR,Activity,82,IL1R,2022-08-02-01,2022-06-14-13,0.4943236169543354
FLPL,Activity,82,IL1R,2022-08-02-01,2022-06-14-13,0.6148339811433335
ADEL,Activity,82,IL1R,2022-08-02-01,2022-06-14-13,0.5097268553599447
VB02,Activity,82,IL1R,2022-08-02-01,2022-06-14-13,0.70505998405705
ADAL,Activity,82,IL1R,2022-08-02-01,2022-06-14-13,-0.5811949527382824
I1R,Activity,82,OLLL,2022-08-02-01,2022-06-14-13,-0.48743237856363314
IL2DL,Activity,82,OLLL,2022-08-02-01,2022-06-14-13,-0.492607100961046
I2R,Activity,82,OLLL,2022-08-02-01,2022-06-14-13,-0.07718842308768528
I3,Activity,82,OLLL,2022-08-02-01,2022-06-14-13,0.5649563892238284
NSMR,Activity,82,OLLL,2022-08-02-01,2022-06-14-13,-0.5218566121894034
I2L,Activity,82,OLLL,2022-08-02-01,2022-06-14-13,-0.453457896433073
MCL,Activity,82,OLLL,2022-08-02-01,2022-06-14-13,-0.4933405984938349
NSML,Activity,82,OLLL,2022-08-02-01,2022-06-14-13,-0.5237061708375443
M4,Activity,82,OLLL,2022-08-02-01,2022-06-14-13,-0.32933313591172264
M3R,Activity,82,OLLL,2022-08-02-01,2022-06-14-13,0.22886841771011088
M3L,Activity,82,OLLL,2022-08-02-01,2022-06-14-13,-0.31514082574789887
IL2VL,Activity,82,OLLL,2022-08-02-01,2022-06-14-13,-0.41751286868849474
IL1R,Activity,82,OLLL,2022-08-02-01,2022-06-14-13,-0.03614645256726813
OLLL,Activity,83,OLLL,2022-08-02-01,2022-06-14-13,0.6910367909561571
IL2L,Activity,82,OLLL,2022-08-02-01,2022-06-14-13,-0.2760386212694825
URBR,Activity,82,OLLL,2022-08-02-01,2022-06-14-13,0.6888899270264438
OLLR,Activity,82,OLLL,2022-08-02-01,2022-06-14-13,0.6928822394986152
IL1DL,Activity,82,OLLL,2022-08-02-01,2022-06-14-13,0.7025646452096026
IL1DR,Activity,82,OLLL,2022-08-02-01,2022-06-14-13,0.4237586539538888
URYVR,Activity,82,OLLL,2022-08-02-01,2022-06-14-13,0.4187764981662123
IL2R,Activity,82,OLLL,2022-08-02-01,2022-06-14-13,0.6380690763181226
URYDL,Activity,82,OLLL,2022-08-02-01,2022-06-14-13,0.4674290340035703
IL1L,Activity,82,OLLL,2022-08-02-01,2022-06-14-13,0.1563619321099609
URBL,Activity,82,OLLL,2022-08-02-01,2022-06-14-13,0.23706907277564956
OLQDR,Activity,82,OLLL,2022-08-02-01,2022-06-14-13,0.6906195429693838
OLQDL,Activity,82,OLLL,2022-08-02-01,2022-06-14-13,0.4692131566536785
RMER,Activity,82,OLLL,2022-08-02-01,2022-06-14-13,-0.23390794350671407
OLQVR,Activity,82,OLLL,2022-08-02-01,2022-06-14-13,0.6813885229853571
URYVL,Activity,82,OLLL,2022-08-02-01,2022-06-14-13,0.609619209062523
RMED,Activity,82,OLLL,2022-08-02-01,2022-06-14-13,-0.20994032099508664
RMEL,Activity,82,OLLL,2022-08-02-01,2022-06-14-13,-0.03806534070429723
CEPVR,Activity,82,OLLL,2022-08-02-01,2022-06-14-13,0.6570730858569933
OLQVL,Activity,82,OLLL,2022-08-02-01,2022-06-14-13,0.6733340907275119
CEPVL,Activity,82,OLLL,2022-08-02-01,2022-06-14-13,0.5402607951322147
SAAVR,Activity,82,OLLL,2022-08-02-01,2022-06-14-13,-0.004828425292509864
RID,Activity,82,OLLL,2022-08-02-01,2022-06-14-13,-0.4438860915545223
SMDVR,Activity,82,OLLL,2022-08-02-01,2022-06-14-13,-0.025756928967118193
URXR,Activity,82,OLLL,2022-08-02-01,2022-06-14-13,-0.5246907175172907
RIAR,Activity,82,OLLL,2022-08-02-01,2022-06-14-13,0.3718757286597868
AVAR,Activity,82,OLLL,2022-08-02-01,2022-06-14-13,0.3262859938810061
SAAVL,Activity,82,OLLL,2022-08-02-01,2022-06-14-13,-0.07024107716028934
CEPDR,Activity,82,OLLL,2022-08-02-01,2022-06-14-13,0.48858197347909055
URXL,Activity,82,OLLL,2022-08-02-01,2022-06-14-13,-0.4244477999448945
CEPDL,Activity,82,OLLL,2022-08-02-01,2022-06-14-13,0.07169321587992493
SMDDR,Activity,82,OLLL,2022-08-02-01,2022-06-14-13,0.6521505088528738
RMEV,Activity,82,OLLL,2022-08-02-01,2022-06-14-13,-0.4318799307764389
RIAL,Activity,82,OLLL,2022-08-02-01,2022-06-14-13,-0.5970250478015168
AVER,Activity,82,OLLL,2022-08-02-01,2022-06-14-13,0.30701651395841667
AWAR,Activity,82,OLLL,2022-08-02-01,2022-06-14-13,0.15117375362784657
SMDVL,Activity,82,OLLL,2022-08-02-01,2022-06-14-13,0.3116020559108662
AVAL,Activity,82,OLLL,2022-08-02-01,2022-06-14-13,0.34253222951348516
RMDL,Activity,82,OLLL,2022-08-02-01,2022-06-14-13,0.5753572531744316
AIBR,Activity,82,OLLL,2022-08-02-01,2022-06-14-13,0.31427575380814693
ASGR,Activity,82,OLLL,2022-08-02-01,2022-06-14-13,0.21971186082740554
AVL,Activity,82,OLLL,2022-08-02-01,2022-06-14-13,0.2811765132721157
AVEL,Activity,82,OLLL,2022-08-02-01,2022-06-14-13,0.3312416407576949
ASGL,Activity,82,OLLL,2022-08-02-01,2022-06-14-13,0.16594637061411108
ASHL,Activity,82,OLLL,2022-08-02-01,2022-06-14-13,0.3421715478877128
AIBL,Activity,82,OLLL,2022-08-02-01,2022-06-14-13,0.3232902220042221
AVHL,Activity,82,OLLL,2022-08-02-01,2022-06-14-13,-0.5476322956073084
AWBL,Activity,82,OLLL,2022-08-02-01,2022-06-14-13,0.6046892102739714
RIVL,Activity,82,OLLL,2022-08-02-01,2022-06-14-13,0.518145232253107
AWCL,Activity,82,OLLL,2022-08-02-01,2022-06-14-13,-0.7396482393653798
SMDDL,Activity,82,OLLL,2022-08-02-01,2022-06-14-13,0.1594181067288245
AVJR,Activity,82,OLLL,2022-08-02-01,2022-06-14-13,-0.5067647490636682
AIZL,Activity,82,OLLL,2022-08-02-01,2022-06-14-13,-0.5138927120534721
RIBL,Activity,82,OLLL,2022-08-02-01,2022-06-14-13,-0.16453024578689193
ASEL,Activity,82,OLLL,2022-08-02-01,2022-06-14-13,-0.3962226189269169
AVDR,Activity,82,OLLL,2022-08-02-01,2022-06-14-13,-0.5823250826201823
AVDL,Activity,82,OLLL,2022-08-02-01,2022-06-14-13,-0.49083971944562227
AVJL,Activity,82,OLLL,2022-08-02-01,2022-06-14-13,0.06597448253746119
RIVR,Activity,82,OLLL,2022-08-02-01,2022-06-14-13,0.45015743351863424
AIZR,Activity,82,OLLL,2022-08-02-01,2022-06-14-13,0.19254165436248932
AUAR,Activity,82,OLLL,2022-08-02-01,2022-06-14-13,0.5447621304678458
AUAL,Activity,82,OLLL,2022-08-02-01,2022-06-14-13,-0.5633081477426238
RICR,Activity,82,OLLL,2022-08-02-01,2022-06-14-13,-0.6261997470261603
RICL,Activity,82,OLLL,2022-08-02-01,2022-06-14-13,-0.6699496248610656
M5,Activity,82,OLLL,2022-08-02-01,2022-06-14-13,0.08705131730962656
AIML,Activity,82,OLLL,2022-08-02-01,2022-06-14-13,-0.1664980719291924
AIMR,Activity,82,OLLL,2022-08-02-01,2022-06-14-13,-0.17913779229392782
FLPL,Activity,82,OLLL,2022-08-02-01,2022-06-14-13,-0.3406105631693755
ADEL,Activity,82,OLLL,2022-08-02-01,2022-06-14-13,-0.2833152099883808
VB02,Activity,82,OLLL,2022-08-02-01,2022-06-14-13,-0.16539540254104884
ADAL,Activity,82,OLLL,2022-08-02-01,2022-06-14-13,0.46798357640824695
I1R,Activity,82,IL2L,2022-08-02-01,2022-06-14-13,0.17952454702249276
IL2DL,Activity,82,IL2L,2022-08-02-01,2022-06-14-13,0.25283879583395574
I2R,Activity,82,IL2L,2022-08-02-01,2022-06-14-13,-0.18111162073308215
I3,Activity,82,IL2L,2022-08-02-01,2022-06-14-13,-0.21170605255276012
NSMR,Activity,82,IL2L,2022-08-02-01,2022-06-14-13,0.2095832103144211
I2L,Activity,82,IL2L,2022-08-02-01,2022-06-14-13,0.1781229593859302
MCL,Activity,82,IL2L,2022-08-02-01,2022-06-14-13,0.15666292722246702
NSML,Activity,82,IL2L,2022-08-02-01,2022-06-14-13,0.21678901075087137
M4,Activity,82,IL2L,2022-08-02-01,2022-06-14-13,0.14865812637043843
M3R,Activity,82,IL2L,2022-08-02-01,2022-06-14-13,-0.06110806104061078
M3L,Activity,82,IL2L,2022-08-02-01,2022-06-14-13,0.12597193999831194
IL2VL,Activity,82,IL2L,2022-08-02-01,2022-06-14-13,0.2019961021717875
IL1R,Activity,82,IL2L,2022-08-02-01,2022-06-14-13,0.016336446084213526
OLLL,Activity,82,IL2L,2022-08-02-01,2022-06-14-13,0.024975287787869692
IL2L,Activity,83,IL2L,2022-08-02-01,2022-06-14-13,0.327391958252837
URBR,Activity,82,IL2L,2022-08-02-01,2022-06-14-13,-0.057675640202092406
OLLR,Activity,82,IL2L,2022-08-02-01,2022-06-14-13,-0.051447444353906434
IL1DL,Activity,82,IL2L,2022-08-02-01,2022-06-14-13,-0.014416683200127338
IL1DR,Activity,82,IL2L,2022-08-02-01,2022-06-14-13,-0.15202471401742554
URYVR,Activity,82,IL2L,2022-08-02-01,2022-06-14-13,-0.2600040962759064
IL2R,Activity,82,IL2L,2022-08-02-01,2022-06-14-13,-0.12018993860603996
URYDL,Activity,82,IL2L,2022-08-02-01,2022-06-14-13,-0.3109161056236004
IL1L,Activity,82,IL2L,2022-08-02-01,2022-06-14-13,0.24137252405049361
URBL,Activity,82,IL2L,2022-08-02-01,2022-06-14-13,0.1814941725794367
OLQDR,Activity,82,IL2L,2022-08-02-01,2022-06-14-13,-0.08253875611363214
OLQDL,Activity,82,IL2L,2022-08-02-01,2022-06-14-13,0.14741508046690407
RMER,Activity,82,IL2L,2022-08-02-01,2022-06-14-13,0.14707716554687436
OLQVR,Activity,82,IL2L,2022-08-02-01,2022-06-14-13,-0.10558675497666073
URYVL,Activity,82,IL2L,2022-08-02-01,2022-06-14-13,-0.2678363588698113
RMED,Activity,82,IL2L,2022-08-02-01,2022-06-14-13,0.27106223959533965
RMEL,Activity,82,IL2L,2022-08-02-01,2022-06-14-13,0.2576038100815669
CEPVR,Activity,82,IL2L,2022-08-02-01,2022-06-14-13,-0.05365774156877402
OLQVL,Activity,82,IL2L,2022-08-02-01,2022-06-14-13,0.05108304062237841
CEPVL,Activity,82,IL2L,2022-08-02-01,2022-06-14-13,0.015093225730872292
SAAVR,Activity,82,IL2L,2022-08-02-01,2022-06-14-13,-0.0678684338196028
RID,Activity,82,IL2L,2022-08-02-01,2022-06-14-13,0.2578708486302891
SMDVR,Activity,82,IL2L,2022-08-02-01,2022-06-14-13,0.22554943078797815
URXR,Activity,82,IL2L,2022-08-02-01,2022-06-14-13,0.2952603181805044
RIAR,Activity,82,IL2L,2022-08-02-01,2022-06-14-13,0.022569949600425025
AVAR,Activity,82,IL2L,2022-08-02-01,2022-06-14-13,-0.25556435219632573
SAAVL,Activity,82,IL2L,2022-08-02-01,2022-06-14-13,-0.007726006802440735
CEPDR,Activity,82,IL2L,2022-08-02-01,2022-06-14-13,0.15132319326411206
URXL,Activity,82,IL2L,2022-08-02-01,2022-06-14-13,0.32096627377125514
CEPDL,Activity,82,IL2L,2022-08-02-01,2022-06-14-13,0.23274649621618668
SMDDR,Activity,82,IL2L,2022-08-02-01,2022-06-14-13,0.10441119101325273
RMEV,Activity,82,IL2L,2022-08-02-01,2022-06-14-13,0.25906218837123285
RIAL,Activity,82,IL2L,2022-08-02-01,2022-06-14-13,0.21485778855634932
AVER,Activity,82,IL2L,2022-08-02-01,2022-06-14-13,-0.2708103371641663
AWAR,Activity,82,IL2L,2022-08-02-01,2022-06-14-13,-0.1938034660808291
SMDVL,Activity,82,IL2L,2022-08-02-01,2022-06-14-13,0.1866153332599986
AVAL,Activity,82,IL2L,2022-08-02-01,2022-06-14-13,-0.25452497184859624
RMDL,Activity,82,IL2L,2022-08-02-01,2022-06-14-13,-0.2357156525986205
AIBR,Activity,82,IL2L,2022-08-02-01,2022-06-14-13,-0.24777190408843994
ASGR,Activity,82,IL2L,2022-08-02-01,2022-06-14-13,-0.24483575444670566
AVL,Activity,82,IL2L,2022-08-02-01,2022-06-14-13,-0.23375081275601647
AVEL,Activity,82,IL2L,2022-08-02-01,2022-06-14-13,-0.23487655988378583
ASGL,Activity,82,IL2L,2022-08-02-01,2022-06-14-13,-0.20797905502108424
ASHL,Activity,82,IL2L,2022-08-02-01,2022-06-14-13,-0.22130137770129918
AIBL,Activity,82,IL2L,2022-08-02-01,2022-06-14-13,-0.20187245457416855
AVHL,Activity,82,IL2L,2022-08-02-01,2022-06-14-13,0.29040316152150386
AWBL,Activity,82,IL2L,2022-08-02-01,2022-06-14-13,-0.15655921925338911
RIVL,Activity,82,IL2L,2022-08-02-01,2022-06-14-13,0.05486839455251774
AWCL,Activity,82,IL2L,2022-08-02-01,2022-06-14-13,0.022487367303210392
SMDDL,Activity,82,IL2L,2022-08-02-01,2022-06-14-13,-0.2641292278577775
AVJR,Activity,82,IL2L,2022-08-02-01,2022-06-14-13,0.2064254368209278
AIZL,Activity,82,IL2L,2022-08-02-01,2022-06-14-13,0.28157768390140236
RIBL,Activity,82,IL2L,2022-08-02-01,2022-06-14-13,0.29698161920580324
ASEL,Activity,82,IL2L,2022-08-02-01,2022-06-14-13,0.23654292945797165
AVDR,Activity,82,IL2L,2022-08-02-01,2022-06-14-13,0.15596524770168235
AVDL,Activity,82,IL2L,2022-08-02-01,2022-06-14-13,0.2283638247227352
AVJL,Activity,82,IL2L,2022-08-02-01,2022-06-14-13,-0.10011576666515205
RIVR,Activity,82,IL2L,2022-08-02-01,2022-06-14-13,0.12084831837087522
AIZR,Activity,82,IL2L,2022-08-02-01,2022-06-14-13,-0.07020144730038028
AUAR,Activity,82,IL2L,2022-08-02-01,2022-06-14-13,-0.13385593103502588
AUAL,Activity,82,IL2L,2022-08-02-01,2022-06-14-13,0.22893046999784344
RICR,Activity,82,IL2L,2022-08-02-01,2022-06-14-13,0.2093676297995456
RICL,Activity,82,IL2L,2022-08-02-01,2022-06-14-13,0.19496815158551595
M5,Activity,82,IL2L,2022-08-02-01,2022-06-14-13,-0.015551636907648164
AIML,Activity,82,IL2L,2022-08-02-01,2022-06-14-13,0.12887029333055208
AIMR,Activity,82,IL2L,2022-08-02-01,2022-06-14-13,0.00309996327254061
FLPL,Activity,82,IL2L,2022-08-02-01,2022-06-14-13,0.16164811280282212
ADEL,Activity,82,IL2L,2022-08-02-01,2022-06-14-13,0.18642998602458355
VB02,Activity,82,IL2L,2022-08-02-01,2022-06-14-13,0.25561795282422206
ADAL,Activity,82,IL2L,2022-08-02-01,2022-06-14-13,-0.2428311386242462
I1R,Activity,82,URBR,2022-08-02-01,2022-06-14-13,-0.49868513609524506
IL2DL,Activity,82,URBR,2022-08-02-01,2022-06-14-13,-0.4422681766375096
I2R,Activity,82,URBR,2022-08-02-01,2022-06-14-13,0.0329834763652368
I3,Activity,82,URBR,2022-08-02-01,2022-06-14-13,0.47462796057655493
NSMR,Activity,82,URBR,2022-08-02-01,2022-06-14-13,-0.47261788096623447
I2L,Activity,82,URBR,2022-08-02-01,2022-06-14-13,-0.26488245449543046
MCL,Activity,82,URBR,2022-08-02-01,2022-06-14-13,-0.45968993958238785
NSML,Activity,82,URBR,2022-08-02-01,2022-06-14-13,-0.4517303159194843
M4,Activity,82,URBR,2022-08-02-01,2022-06-14-13,-0.18698517092572334
M3R,Activity,82,URBR,2022-08-02-01,2022-06-14-13,0.08608740872782321
M3L,Activity,82,URBR,2022-08-02-01,2022-06-14-13,-0.27759976329533376
IL2VL,Activity,82,URBR,2022-08-02-01,2022-06-14-13,-0.3456903505033792
IL1R,Activity,82,URBR,2022-08-02-01,2022-06-14-13,0.11783334508704009
OLLL,Activity,82,URBR,2022-08-02-01,2022-06-14-13,0.6631460139631575
IL2L,Activity,82,URBR,2022-08-02-01,2022-06-14-13,-0.14623204062154127
URBR,Activity,83,URBR,2022-08-02-01,2022-06-14-13,0.6826546030437433
OLLR,Activity,82,URBR,2022-08-02-01,2022-06-14-13,0.6743512518579345
IL1DL,Activity,82,URBR,2022-08-02-01,2022-06-14-13,0.7474083625838227
IL1DR,Activity,82,URBR,2022-08-02-01,2022-06-14-13,0.48899206885906205
URYVR,Activity,82,URBR,2022-08-02-01,2022-06-14-13,0.24924219637521716
IL2R,Activity,82,URBR,2022-08-02-01,2022-06-14-13,0.5967434058271112
URYDL,Activity,82,URBR,2022-08-02-01,2022-06-14-13,0.23096313158180437
IL1L,Activity,82,URBR,2022-08-02-01,2022-06-14-13,0.3108839475702794
URBL,Activity,82,URBR,2022-08-02-01,2022-06-14-13,0.4076883671832503
OLQDR,Activity,82,URBR,2022-08-02-01,2022-06-14-13,0.6443313914783788
OLQDL,Activity,82,URBR,2022-08-02-01,2022-06-14-13,0.6155187608993341
RMER,Activity,82,URBR,2022-08-02-01,2022-06-14-13,-0.007160661563471345
OLQVR,Activity,82,URBR,2022-08-02-01,2022-06-14-13,0.6078519041290685
URYVL,Activity,82,URBR,2022-08-02-01,2022-06-14-13,0.47353539380500204
RMED,Activity,82,URBR,2022-08-02-01,2022-06-14-13,0.05401439476681216
RMEL,Activity,82,URBR,2022-08-02-01,2022-06-14-13,0.09544109026530179
CEPVR,Activity,82,URBR,2022-08-02-01,2022-06-14-13,0.607630224471825
OLQVL,Activity,82,URBR,2022-08-02-01,2022-06-14-13,0.7129140985366635
CEPVL,Activity,82,URBR,2022-08-02-01,2022-06-14-13,0.5162910518204586
SAAVR,Activity,82,URBR,2022-08-02-01,2022-06-14-13,-0.26548114616653906
RID,Activity,82,URBR,2022-08-02-01,2022-06-14-13,-0.23559298012604013
SMDVR,Activity,82,URBR,2022-08-02-01,2022-06-14-13,0.1307509473848652
URXR,Activity,82,URBR,2022-08-02-01,2022-06-14-13,-0.36986062765903727
RIAR,Activity,82,URBR,2022-08-02-01,2022-06-14-13,0.46773389361595247
AVAR,Activity,82,URBR,2022-08-02-01,2022-06-14-13,0.09787195684299434
SAAVL,Activity,82,URBR,2022-08-02-01,2022-06-14-13,-0.3348043438595639
CEPDR,Activity,82,URBR,2022-08-02-01,2022-06-14-13,0.5808125010105523
URXL,Activity,82,URBR,2022-08-02-01,2022-06-14-13,-0.22241711872336223
CEPDL,Activity,82,URBR,2022-08-02-01,2022-06-14-13,0.26708499612523345
SMDDR,Activity,82,URBR,2022-08-02-01,2022-06-14-13,0.6457013299604436
RMEV,Activity,82,URBR,2022-08-02-01,2022-06-14-13,-0.1700916523527217
RIAL,Activity,82,URBR,2022-08-02-01,2022-06-14-13,-0.46403904651055655
AVER,Activity,82,URBR,2022-08-02-01,2022-06-14-13,0.06741463550847586
AWAR,Activity,82,URBR,2022-08-02-01,2022-06-14-13,-0.05343823075349412
SMDVL,Activity,82,URBR,2022-08-02-01,2022-06-14-13,0.36307061346258657
AVAL,Activity,82,URBR,2022-08-02-01,2022-06-14-13,0.12986560605361458
RMDL,Activity,82,URBR,2022-08-02-01,2022-06-14-13,0.40610102645861995
AIBR,Activity,82,URBR,2022-08-02-01,2022-06-14-13,0.055577603115931004
ASGR,Activity,82,URBR,2022-08-02-01,2022-06-14-13,0.022968782691198817
AVL,Activity,82,URBR,2022-08-02-01,2022-06-14-13,0.04391416474341496
AVEL,Activity,82,URBR,2022-08-02-01,2022-06-14-13,0.084516773755355
ASGL,Activity,82,URBR,2022-08-02-01,2022-06-14-13,-0.04194177591850502
ASHL,Activity,82,URBR,2022-08-02-01,2022-06-14-13,0.1707488427627103
AIBL,Activity,82,URBR,2022-08-02-01,2022-06-14-13,0.08651477126546962
AVHL,Activity,82,URBR,2022-08-02-01,2022-06-14-13,-0.3943408998846324
AWBL,Activity,82,URBR,2022-08-02-01,2022-06-14-13,0.44233420961680275
RIVL,Activity,82,URBR,2022-08-02-01,2022-06-14-13,0.506062233134494
AWCL,Activity,82,URBR,2022-08-02-01,2022-06-14-13,-0.6766914258512248
SMDDL,Activity,82,URBR,2022-08-02-01,2022-06-14-13,0.08087958358203313
AVJR,Activity,82,URBR,2022-08-02-01,2022-06-14-13,-0.368421376098892
AIZL,Activity,82,URBR,2022-08-02-01,2022-06-14-13,-0.39004372671822846
RIBL,Activity,82,URBR,2022-08-02-01,2022-06-14-13,0.1198726874396147
ASEL,Activity,82,URBR,2022-08-02-01,2022-06-14-13,-0.19732590012197215
AVDR,Activity,82,URBR,2022-08-02-01,2022-06-14-13,-0.5269460557176889
AVDL,Activity,82,URBR,2022-08-02-01,2022-06-14-13,-0.4165199385441382
AVJL,Activity,82,URBR,2022-08-02-01,2022-06-14-13,0.08303364870852836
RIVR,Activity,82,URBR,2022-08-02-01,2022-06-14-13,0.47176353631675677
AIZR,Activity,82,URBR,2022-08-02-01,2022-06-14-13,0.04621983245967082
AUAR,Activity,82,URBR,2022-08-02-01,2022-06-14-13,0.5321003661671949
AUAL,Activity,82,URBR,2022-08-02-01,2022-06-14-13,-0.3442291872756853
RICR,Activity,82,URBR,2022-08-02-01,2022-06-14-13,-0.5072714114130692
RICL,Activity,82,URBR,2022-08-02-01,2022-06-14-13,-0.5022089537909911
M5,Activity,82,URBR,2022-08-02-01,2022-06-14-13,0.27726217449197776
AIML,Activity,82,URBR,2022-08-02-01,2022-06-14-13,0.0760905374571116
AIMR,Activity,82,URBR,2022-08-02-01,2022-06-14-13,0.062033161832128
FLPL,Activity,82,URBR,2022-08-02-01,2022-06-14-13,-0.145961940593823
ADEL,Activity,82,URBR,2022-08-02-01,2022-06-14-13,-0.15773175981458132
VB02,Activity,82,URBR,2022-08-02-01,2022-06-14-13,0.11659977381683823
ADAL,Activity,82,URBR,2022-08-02-01,2022-06-14-13,0.3425564525350554
I1R,Activity,82,OLLR,2022-08-02-01,2022-06-14-13,-0.5308805268166946
IL2DL,Activity,82,OLLR,2022-08-02-01,2022-06-14-13,-0.5105619825046547
I2R,Activity,82,OLLR,2022-08-02-01,2022-06-14-13,-0.13778156035166056
I3,Activity,82,OLLR,2022-08-02-01,2022-06-14-13,0.5751412831685665
NSMR,Activity,82,OLLR,2022-08-02-01,2022-06-14-13,-0.5496877980779468
I2L,Activity,82,OLLR,2022-08-02-01,2022-06-14-13,-0.48898105631201677
MCL,Activity,82,OLLR,2022-08-02-01,2022-06-14-13,-0.5290163143381298
NSML,Activity,82,OLLR,2022-08-02-01,2022-06-14-13,-0.5441455644174296
M4,Activity,82,OLLR,2022-08-02-01,2022-06-14-13,-0.3704067992111512
M3R,Activity,82,OLLR,2022-08-02-01,2022-06-14-13,0.1948148527556905
M3L,Activity,82,OLLR,2022-08-02-01,2022-06-14-13,-0.3541082385009999
IL2VL,Activity,82,OLLR,2022-08-02-01,2022-06-14-13,-0.4439214529999504
IL1R,Activity,82,OLLR,2022-08-02-01,2022-06-14-13,-0.042406933435645736
OLLL,Activity,82,OLLR,2022-08-02-01,2022-06-14-13,0.6868213333556171
IL2L,Activity,82,OLLR,2022-08-02-01,2022-06-14-13,-0.289433161231114
URBR,Activity,82,OLLR,2022-08-02-01,2022-06-14-13,0.7143072901106796
OLLR,Activity,83,OLLR,2022-08-02-01,2022-06-14-13,0.7395321879436944
IL1DL,Activity,82,OLLR,2022-08-02-01,2022-06-14-13,0.7274566135060488
IL1DR,Activity,82,OLLR,2022-08-02-01,2022-06-14-13,0.42365748328798275
URYVR,Activity,82,OLLR,2022-08-02-01,2022-06-14-13,0.4116274654276813
IL2R,Activity,82,OLLR,2022-08-02-01,2022-06-14-13,0.6476152317381667
URYDL,Activity,82,OLLR,2022-08-02-01,2022-06-14-13,0.46911362738342277
IL1L,Activity,82,OLLR,2022-08-02-01,2022-06-14-13,0.18012060355074705
URBL,Activity,82,OLLR,2022-08-02-01,2022-06-14-13,0.2694469479267004
OLQDR,Activity,82,OLLR,2022-08-02-01,2022-06-14-13,0.709784228700263
OLQDL,Activity,82,OLLR,2022-08-02-01,2022-06-14-13,0.5009182301723176
RMER,Activity,82,OLLR,2022-08-02-01,2022-06-14-13,-0.25284472849150463
OLQVR,Activity,82,OLLR,2022-08-02-01,2022-06-14-13,0.695195158593419
URYVL,Activity,82,OLLR,2022-08-02-01,2022-06-14-13,0.6249429167856839
RMED,Activity,82,OLLR,2022-08-02-01,2022-06-14-13,-0.19924947145683536
RMEL,Activity,82,OLLR,2022-08-02-01,2022-06-14-13,-0.021673298808030463
CEPVR,Activity,82,OLLR,2022-08-02-01,2022-06-14-13,0.6678677579756721
OLQVL,Activity,82,OLLR,2022-08-02-01,2022-06-14-13,0.7098438590241345
CEPVL,Activity,82,OLLR,2022-08-02-01,2022-06-14-13,0.5551512728386752
SAAVR,Activity,82,OLLR,2022-08-02-01,2022-06-14-13,-0.025885612742163947
RID,Activity,82,OLLR,2022-08-02-01,2022-06-14-13,-0.44034350408556444
SMDVR,Activity,82,OLLR,2022-08-02-01,2022-06-14-13,-0.03010768141782906
URXR,Activity,82,OLLR,2022-08-02-01,2022-06-14-13,-0.526700022585651
RIAR,Activity,82,OLLR,2022-08-02-01,2022-06-14-13,0.41381703850488477
AVAR,Activity,82,OLLR,2022-08-02-01,2022-06-14-13,0.31416985131581365
SAAVL,Activity,82,OLLR,2022-08-02-01,2022-06-14-13,-0.09774742427726317
CEPDR,Activity,82,OLLR,2022-08-02-01,2022-06-14-13,0.4941698218544941
URXL,Activity,82,OLLR,2022-08-02-01,2022-06-14-13,-0.43131803891518894
CEPDL,Activity,82,OLLR,2022-08-02-01,2022-06-14-13,0.09557724986322484
SMDDR,Activity,82,OLLR,2022-08-02-01,2022-06-14-13,0.6931791080920854
RMEV,Activity,82,OLLR,2022-08-02-01,2022-06-14-13,-0.4352535558484722
RIAL,Activity,82,OLLR,2022-08-02-01,2022-06-14-13,-0.5972094319634966
AVER,Activity,82,OLLR,2022-08-02-01,2022-06-14-13,0.2918958142484966
AWAR,Activity,82,OLLR,2022-08-02-01,2022-06-14-13,0.13338123914947278
SMDVL,Activity,82,OLLR,2022-08-02-01,2022-06-14-13,0.3414921389970499
AVAL,Activity,82,OLLR,2022-08-02-01,2022-06-14-13,0.3325254740185266
RMDL,Activity,82,OLLR,2022-08-02-01,2022-06-14-13,0.5817425766923953
AIBR,Activity,82,OLLR,2022-08-02-01,2022-06-14-13,0.3052353148443111
ASGR,Activity,82,OLLR,2022-08-02-01,2022-06-14-13,0.21085290306121926
AVL,Activity,82,OLLR,2022-08-02-01,2022-06-14-13,0.2713094229149712
AVEL,Activity,82,OLLR,2022-08-02-01,2022-06-14-13,0.32502845991507934
ASGL,Activity,82,OLLR,2022-08-02-01,2022-06-14-13,0.15367572225062678
ASHL,Activity,82,OLLR,2022-08-02-01,2022-06-14-13,0.34825266000934585
AIBL,Activity,82,OLLR,2022-08-02-01,2022-06-14-13,0.31702905653404706
AVHL,Activity,82,OLLR,2022-08-02-01,2022-06-14-13,-0.5732745741670375
AWBL,Activity,82,OLLR,2022-08-02-01,2022-06-14-13,0.6302667920280856
RIVL,Activity,82,OLLR,2022-08-02-01,2022-06-14-13,0.5505169372655776
AWCL,Activity,82,OLLR,2022-08-02-01,2022-06-14-13,-0.761418533085398
SMDDL,Activity,82,OLLR,2022-08-02-01,2022-06-14-13,0.1303410993971426
AVJR,Activity,82,OLLR,2022-08-02-01,2022-06-14-13,-0.5105736858075703
AIZL,Activity,82,OLLR,2022-08-02-01,2022-06-14-13,-0.5290965939885667
RIBL,Activity,82,OLLR,2022-08-02-01,2022-06-14-13,-0.14744188567932937
ASEL,Activity,82,OLLR,2022-08-02-01,2022-06-14-13,-0.3982660648358481
AVDR,Activity,82,OLLR,2022-08-02-01,2022-06-14-13,-0.6112691137020073
AVDL,Activity,82,OLLR,2022-08-02-01,2022-06-14-13,-0.50592024204766
AVJL,Activity,82,OLLR,2022-08-02-01,2022-06-14-13,0.15151992085870336
RIVR,Activity,82,OLLR,2022-08-02-01,2022-06-14-13,0.48258893506755257
AIZR,Activity,82,OLLR,2022-08-02-01,2022-06-14-13,0.22386813965067434
AUAR,Activity,82,OLLR,2022-08-02-01,2022-06-14-13,0.548840434446309
AUAL,Activity,82,OLLR,2022-08-02-01,2022-06-14-13,-0.5705077447835364
RICR,Activity,82,OLLR,2022-08-02-01,2022-06-14-13,-0.6469386328409831
RICL,Activity,82,OLLR,2022-08-02-01,2022-06-14-13,-0.6787230940962115
M5,Activity,82,OLLR,2022-08-02-01,2022-06-14-13,0.0692692353415165
AIML,Activity,82,OLLR,2022-08-02-01,2022-06-14-13,-0.18542134102632074
AIMR,Activity,82,OLLR,2022-08-02-01,2022-06-14-13,-0.18232998403803322
FLPL,Activity,82,OLLR,2022-08-02-01,2022-06-14-13,-0.3554583023587012
ADEL,Activity,82,OLLR,2022-08-02-01,2022-06-14-13,-0.29280454239765885
VB02,Activity,82,OLLR,2022-08-02-01,2022-06-14-13,-0.18867874744810603
ADAL,Activity,82,OLLR,2022-08-02-01,2022-06-14-13,0.48739432755210915
I1R,Activity,82,IL1DL,2022-08-02-01,2022-06-14-13,-0.5248300477076434
IL2DL,Activity,82,IL1DL,2022-08-02-01,2022-06-14-13,-0.42768278399599685
I2R,Activity,82,IL1DL,2022-08-02-01,2022-06-14-13,-0.12355831676100223
I3,Activity,82,IL1DL,2022-08-02-01,2022-06-14-13,0.4610727431443481
NSMR,Activity,82,IL1DL,2022-08-02-01,2022-06-14-13,-0.4871504025298854
I2L,Activity,82,IL1DL,2022-08-02-01,2022-06-14-13,-0.32065879623967863
MCL,Activity,82,IL1DL,2022-08-02-01,2022-06-14-13,-0.4987716102077759
NSML,Activity,82,IL1DL,2022-08-02-01,2022-06-14-13,-0.45668448424846003
M4,Activity,82,IL1DL,2022-08-02-01,2022-06-14-13,-0.2476100269223117
M3R,Activity,82,IL1DL,2022-08-02-01,2022-06-14-13,0.03495918956537438
M3L,Activity,82,IL1DL,2022-08-02-01,2022-06-14-13,-0.3205309546797617
IL2VL,Activity,82,IL1DL,2022-08-02-01,2022-06-14-13,-0.3712114736137536
IL1R,Activity,82,IL1DL,2022-08-02-01,2022-06-14-13,0.07947284215049037
OLLL,Activity,82,IL1DL,2022-08-02-01,2022-06-14-13,0.6465412753509964
IL2L,Activity,82,IL1DL,2022-08-02-01,2022-06-14-13,-0.19738454633272015
URBR,Activity,82,IL1DL,2022-08-02-01,2022-06-14-13,0.6448314936340793
OLLR,Activity,82,IL1DL,2022-08-02-01,2022-06-14-13,0.6434356605377815
IL1DL,Activity,83,IL1DL,2022-08-02-01,2022-06-14-13,0.7317688089464546
IL1DR,Activity,82,IL1DL,2022-08-02-01,2022-06-14-13,0.4194889549414175
URYVR,Activity,82,IL1DL,2022-08-02-01,2022-06-14-13,0.25767567688760207
IL2R,Activity,82,IL1DL,2022-08-02-01,2022-06-14-13,0.5576825522909484
URYDL,Activity,82,IL1DL,2022-08-02-01,2022-06-14-13,0.2673415660993427
IL1L,Activity,82,IL1DL,2022-08-02-01,2022-06-14-13,0.26238024357120054
URBL,Activity,82,IL1DL,2022-08-02-01,2022-06-14-13,0.37704999651880766
OLQDR,Activity,82,IL1DL,2022-08-02-01,2022-06-14-13,0.6151390512960347
OLQDL,Activity,82,IL1DL,2022-08-02-01,2022-06-14-13,0.5941232864424866
RMER,Activity,82,IL1DL,2022-08-02-01,2022-06-14-13,-0.04064336273009773
OLQVR,Activity,82,IL1DL,2022-08-02-01,2022-06-14-13,0.5711246149399608
URYVL,Activity,82,IL1DL,2022-08-02-01,2022-06-14-13,0.47298663322306866
RMED,Activity,82,IL1DL,2022-08-02-01,2022-06-14-13,0.031340600422707476
RMEL,Activity,82,IL1DL,2022-08-02-01,2022-06-14-13,0.07692144644383468
CEPVR,Activity,82,IL1DL,2022-08-02-01,2022-06-14-13,0.5650977446692153
OLQVL,Activity,82,IL1DL,2022-08-02-01,2022-06-14-13,0.7079958933768475
CEPVL,Activity,82,IL1DL,2022-08-02-01,2022-06-14-13,0.5033313953122224
SAAVR,Activity,82,IL1DL,2022-08-02-01,2022-06-14-13,-0.2508803188228228
RID,Activity,82,IL1DL,2022-08-02-01,2022-06-14-13,-0.23158882353623694
SMDVR,Activity,82,IL1DL,2022-08-02-01,2022-06-14-13,0.0444467766760578
URXR,Activity,82,IL1DL,2022-08-02-01,2022-06-14-13,-0.36438593961813337
RIAR,Activity,82,IL1DL,2022-08-02-01,2022-06-14-13,0.46225654076544703
AVAR,Activity,82,IL1DL,2022-08-02-01,2022-06-14-13,0.10569684791133942
SAAVL,Activity,82,IL1DL,2022-08-02-01,2022-06-14-13,-0.31314756599301474
CEPDR,Activity,82,IL1DL,2022-08-02-01,2022-06-14-13,0.5229753112603774
URXL,Activity,82,IL1DL,2022-08-02-01,2022-06-14-13,-0.2932875936322356
CEPDL,Activity,82,IL1DL,2022-08-02-01,2022-06-14-13,0.23570059403814722
SMDDR,Activity,82,IL1DL,2022-08-02-01,2022-06-14-13,0.6384285393936163
RMEV,Activity,82,IL1DL,2022-08-02-01,2022-06-14-13,-0.2084858129754331
RIAL,Activity,82,IL1DL,2022-08-02-01,2022-06-14-13,-0.4604221080123868
AVER,Activity,82,IL1DL,2022-08-02-01,2022-06-14-13,0.06746619993305364
AWAR,Activity,82,IL1DL,2022-08-02-01,2022-06-14-13,-0.03683454546720659
SMDVL,Activity,82,IL1DL,2022-08-02-01,2022-06-14-13,0.3509172262263244
AVAL,Activity,82,IL1DL,2022-08-02-01,2022-06-14-13,0.13105669811570786
RMDL,Activity,82,IL1DL,2022-08-02-01,2022-06-14-13,0.40734141208942537
AIBR,Activity,82,IL1DL,2022-08-02-01,2022-06-14-13,0.07184402202259703
ASGR,Activity,82,IL1DL,2022-08-02-01,2022-06-14-13,0.019049942172372752
AVL,Activity,82,IL1DL,2022-08-02-01,2022-06-14-13,0.05482067331546571
AVEL,Activity,82,IL1DL,2022-08-02-01,2022-06-14-13,0.10832140281221904
ASGL,Activity,82,IL1DL,2022-08-02-01,2022-06-14-13,-0.05426016820894903
ASHL,Activity,82,IL1DL,2022-08-02-01,2022-06-14-13,0.1964140956401843
AIBL,Activity,82,IL1DL,2022-08-02-01,2022-06-14-13,0.10878596054749176
AVHL,Activity,82,IL1DL,2022-08-02-01,2022-06-14-13,-0.4405979280137735
AWBL,Activity,82,IL1DL,2022-08-02-01,2022-06-14-13,0.4464644968247855
RIVL,Activity,82,IL1DL,2022-08-02-01,2022-06-14-13,0.47047569862209093
AWCL,Activity,82,IL1DL,2022-08-02-01,2022-06-14-13,-0.6424474465351857
SMDDL,Activity,82,IL1DL,2022-08-02-01,2022-06-14-13,0.08211366024348894
AVJR,Activity,82,IL1DL,2022-08-02-01,2022-06-14-13,-0.35022895957563904
AIZL,Activity,82,IL1DL,2022-08-02-01,2022-06-14-13,-0.41441153923644647
RIBL,Activity,82,IL1DL,2022-08-02-01,2022-06-14-13,0.08490291372307023
ASEL,Activity,82,IL1DL,2022-08-02-01,2022-06-14-13,-0.21383549394323256
AVDR,Activity,82,IL1DL,2022-08-02-01,2022-06-14-13,-0.559675566909916
AVDL,Activity,82,IL1DL,2022-08-02-01,2022-06-14-13,-0.40218343342203744
AVJL,Activity,82,IL1DL,2022-08-02-01,2022-06-14-13,0.2543213864619009
RIVR,Activity,82,IL1DL,2022-08-02-01,2022-06-14-13,0.4292512645482244
AIZR,Activity,82,IL1DL,2022-08-02-01,2022-06-14-13,0.13625849815902785
AUAR,Activity,82,IL1DL,2022-08-02-01,2022-06-14-13,0.5468572563374163
AUAL,Activity,82,IL1DL,2022-08-02-01,2022-06-14-13,-0.3618629483216437
RICR,Activity,82,IL1DL,2022-08-02-01,2022-06-14-13,-0.5130642535307105
RICL,Activity,82,IL1DL,2022-08-02-01,2022-06-14-13,-0.4850586391138641
M5,Activity,82,IL1DL,2022-08-02-01,2022-06-14-13,0.21649477237151427
AIML,Activity,82,IL1DL,2022-08-02-01,2022-06-14-13,0.014767506152428058
AIMR,Activity,82,IL1DL,2022-08-02-01,2022-06-14-13,0.0119969904792955
FLPL,Activity,82,IL1DL,2022-08-02-01,2022-06-14-13,-0.19045083757054512
ADEL,Activity,82,IL1DL,2022-08-02-01,2022-06-14-13,-0.16787060571087026
VB02,Activity,82,IL1DL,2022-08-02-01,2022-06-14-13,0.019060034375171165
ADAL,Activity,82,IL1DL,2022-08-02-01,2022-06-14-13,0.3768350885695866
I1R,Activity,82,IL1DR,2022-08-02-01,2022-06-14-13,-0.4982118271817382
IL2DL,Activity,82,IL1DR,2022-08-02-01,2022-06-14-13,-0.3558359925966805
I2R,Activity,82,IL1DR,2022-08-02-01,2022-06-14-13,-0.15242695248055957
I3,Activity,82,IL1DR,2022-08-02-01,2022-06-14-13,0.35187895565409066
NSMR,Activity,82,IL1DR,2022-08-02-01,2022-06-14-13,-0.4099326933156416
I2L,Activity,82,IL1DR,2022-08-02-01,2022-06-14-13,-0.23966000158472606
MCL,Activity,82,IL1DR,2022-08-02-01,2022-06-14-13,-0.44441283121625186
NSML,Activity,82,IL1DR,2022-08-02-01,2022-06-14-13,-0.3718886924551741
M4,Activity,82,IL1DR,2022-08-02-01,2022-06-14-13,-0.17686844055472856
M3R,Activity,82,IL1DR,2022-08-02-01,2022-06-14-13,-0.017835189467359066
M3L,Activity,82,IL1DR,2022-08-02-01,2022-06-14-13,-0.26586524542109047
IL2VL,Activity,82,IL1DR,2022-08-02-01,2022-06-14-13,-0.31236757638627033
IL1R,Activity,82,IL1DR,2022-08-02-01,2022-06-14-13,0.08479905977967413
OLLL,Activity,82,IL1DR,2022-08-02-01,2022-06-14-13,0.6147932132509992
IL2L,Activity,82,IL1DR,2022-08-02-01,2022-06-14-13,-0.11577730819562455
URBR,Activity,82,IL1DR,2022-08-02-01,2022-06-14-13,0.5777603559246064
OLLR,Activity,82,IL1DR,2022-08-02-01,2022-06-14-13,0.598499928119181
IL1DL,Activity,82,IL1DR,2022-08-02-01,2022-06-14-13,0.6548845886586567
IL1DR,Activity,83,IL1DR,2022-08-02-01,2022-06-14-13,0.4856297705446768
URYVR,Activity,82,IL1DR,2022-08-02-01,2022-06-14-13,0.12754291943852128
IL2R,Activity,82,IL1DR,2022-08-02-01,2022-06-14-13,0.49210787275734874
URYDL,Activity,82,IL1DR,2022-08-02-01,2022-06-14-13,0.12870014086207685
IL1L,Activity,82,IL1DR,2022-08-02-01,2022-06-14-13,0.35654243415494624
URBL,Activity,82,IL1DR,2022-08-02-01,2022-06-14-13,0.4607986562443063
OLQDR,Activity,82,IL1DR,2022-08-02-01,2022-06-14-13,0.5491864799750928
OLQDL,Activity,82,IL1DR,2022-08-02-01,2022-06-14-13,0.6286704857044197
RMER,Activity,82,IL1DR,2022-08-02-01,2022-06-14-13,0.10231745423949362
OLQVR,Activity,82,IL1DR,2022-08-02-01,2022-06-14-13,0.49795968590949774
URYVL,Activity,82,IL1DR,2022-08-02-01,2022-06-14-13,0.35801380870023647
RMED,Activity,82,IL1DR,2022-08-02-01,2022-06-14-13,0.17809412596135898
RMEL,Activity,82,IL1DR,2022-08-02-01,2022-06-14-13,0.16580666436413063
CEPVR,Activity,82,IL1DR,2022-08-02-01,2022-06-14-13,0.49668037475407434
OLQVL,Activity,82,IL1DR,2022-08-02-01,2022-06-14-13,0.6866751286832854
CEPVL,Activity,82,IL1DR,2022-08-02-01,2022-06-14-13,0.5054273614082991
SAAVR,Activity,82,IL1DR,2022-08-02-01,2022-06-14-13,-0.3787834121974225
RID,Activity,82,IL1DR,2022-08-02-01,2022-06-14-13,-0.08336570632866275
SMDVR,Activity,82,IL1DR,2022-08-02-01,2022-06-14-13,0.07059774598446167
URXR,Activity,82,IL1DR,2022-08-02-01,2022-06-14-13,-0.24078944396788474
RIAR,Activity,82,IL1DR,2022-08-02-01,2022-06-14-13,0.5361199887973757
AVAR,Activity,82,IL1DR,2022-08-02-01,2022-06-14-13,-0.04800967544473121
SAAVL,Activity,82,IL1DR,2022-08-02-01,2022-06-14-13,-0.4253236596153313
CEPDR,Activity,82,IL1DR,2022-08-02-01,2022-06-14-13,0.5417085261135918
URXL,Activity,82,IL1DR,2022-08-02-01,2022-06-14-13,-0.1838091368741337
CEPDL,Activity,82,IL1DR,2022-08-02-01,2022-06-14-13,0.3362587243005502
SMDDR,Activity,82,IL1DR,2022-08-02-01,2022-06-14-13,0.590455222911576
RMEV,Activity,82,IL1DR,2022-08-02-01,2022-06-14-13,-0.06005862992766022
RIAL,Activity,82,IL1DR,2022-08-02-01,2022-06-14-13,-0.33142582007685245
AVER,Activity,82,IL1DR,2022-08-02-01,2022-06-14-13,-0.07947176640878768
AWAR,Activity,82,IL1DR,2022-08-02-01,2022-06-14-13,-0.16482863127683262
SMDVL,Activity,82,IL1DR,2022-08-02-01,2022-06-14-13,0.3066130947838953
AVAL,Activity,82,IL1DR,2022-08-02-01,2022-06-14-13,-0.017584437869400824
RMDL,Activity,82,IL1DR,2022-08-02-01,2022-06-14-13,0.2921515239832346
AIBR,Activity,82,IL1DR,2022-08-02-01,2022-06-14-13,-0.07923162013152997
ASGR,Activity,82,IL1DR,2022-08-02-01,2022-06-14-13,-0.11903120628443098
AVL,Activity,82,IL1DR,2022-08-02-01,2022-06-14-13,-0.09322279179430604
AVEL,Activity,82,IL1DR,2022-08-02-01,2022-06-14-13,-0.04215523886866686
ASGL,Activity,82,IL1DR,2022-08-02-01,2022-06-14-13,-0.20247652821516557
ASHL,Activity,82,IL1DR,2022-08-02-01,2022-06-14-13,0.06566396733763534
AIBL,Activity,82,IL1DR,2022-08-02-01,2022-06-14-13,-0.04714534386575634
AVHL,Activity,82,IL1DR,2022-08-02-01,2022-06-14-13,-0.3419070574544795
AWBL,Activity,82,IL1DR,2022-08-02-01,2022-06-14-13,0.3770993559105551
RIVL,Activity,82,IL1DR,2022-08-02-01,2022-06-14-13,0.40270809639279626
AWCL,Activity,82,IL1DR,2022-08-02-01,2022-06-14-13,-0.5573774224233581
SMDDL,Activity,82,IL1DR,2022-08-02-01,2022-06-14-13,0.06391073702263048
AVJR,Activity,82,IL1DR,2022-08-02-01,2022-06-14-13,-0.2657717987971636
AIZL,Activity,82,IL1DR,2022-08-02-01,2022-06-14-13,-0.30876489831262377
RIBL,Activity,82,IL1DR,2022-08-02-01,2022-06-14-13,0.2161360538029135
ASEL,Activity,82,IL1DR,2022-08-02-01,2022-06-14-13,-0.07540619997302354
AVDR,Activity,82,IL1DR,2022-08-02-01,2022-06-14-13,-0.47650229947317146
AVDL,Activity,82,IL1DR,2022-08-02-01,2022-06-14-13,-0.30534950461550836
AVJL,Activity,82,IL1DR,2022-08-02-01,2022-06-14-13,0.27485093827959395
RIVR,Activity,82,IL1DR,2022-08-02-01,2022-06-14-13,0.3835209275033856
AIZR,Activity,82,IL1DR,2022-08-02-01,2022-06-14-13,0.087763314953985
AUAR,Activity,82,IL1DR,2022-08-02-01,2022-06-14-13,0.5415639323106017
AUAL,Activity,82,IL1DR,2022-08-02-01,2022-06-14-13,-0.22206011855163435
RICR,Activity,82,IL1DR,2022-08-02-01,2022-06-14-13,-0.38580147006067456
RICL,Activity,82,IL1DR,2022-08-02-01,2022-06-14-13,-0.33291117925689667
M5,Activity,82,IL1DR,2022-08-02-01,2022-06-14-13,0.24347298472855003
AIML,Activity,82,IL1DR,2022-08-02-01,2022-06-14-13,0.14154189620893684
AIMR,Activity,82,IL1DR,2022-08-02-01,2022-06-14-13,0.15345243491484428
FLPL,Activity,82,IL1DR,2022-08-02-01,2022-06-14-13,-0.09324374658473354
ADEL,Activity,82,IL1DR,2022-08-02-01,2022-06-14-13,-0.08268273341089273
VB02,Activity,82,IL1DR,2022-08-02-01,2022-06-14-13,0.15941205915336906
ADAL,Activity,82,IL1DR,2022-08-02-01,2022-06-14-13,0.27163435984308654
I1R,Activity,82,URYVR,2022-08-02-01,2022-06-14-13,-0.44006310020677075
IL2DL,Activity,82,URYVR,2022-08-02-01,2022-06-14-13,-0.6047137470233159
I2R,Activity,82,URYVR,2022-08-02-01,2022-06-14-13,-0.08645895569771282
I3,Activity,82,URYVR,2022-08-02-01,2022-06-14-13,0.6525383401935961
NSMR,Activity,82,URYVR,2022-08-02-01,2022-06-14-13,-0.575506721326521
I2L,Activity,82,URYVR,2022-08-02-01,2022-06-14-13,-0.6952296765713186
MCL,Activity,82,URYVR,2022-08-02-01,2022-06-14-13,-0.5269813788050101
NSML,Activity,82,URYVR,2022-08-02-01,2022-06-14-13,-0.6102026547159499
M4,Activity,82,URYVR,2022-08-02-01,2022-06-14-13,-0.5956232898337279
M3R,Activity,82,URYVR,2022-08-02-01,2022-06-14-13,0.109689926563061
M3L,Activity,82,URYVR,2022-08-02-01,2022-06-14-13,-0.5138950424356539
IL2VL,Activity,82,URYVR,2022-08-02-01,2022-06-14-13,-0.5996750392042327
IL1R,Activity,82,URYVR,2022-08-02-01,2022-06-14-13,-0.0918538464466972
OLLL,Activity,82,URYVR,2022-08-02-01,2022-06-14-13,0.22570384589936193
IL2L,Activity,82,URYVR,2022-08-02-01,2022-06-14-13,-0.6078196119466571
URBR,Activity,82,URYVR,2022-08-02-01,2022-06-14-13,0.41563999186984585
OLLR,Activity,82,URYVR,2022-08-02-01,2022-06-14-13,0.3327179129261304
IL1DL,Activity,82,URYVR,2022-08-02-01,2022-06-14-13,0.25490462847175027
IL1DR,Activity,82,URYVR,2022-08-02-01,2022-06-14-13,0.29643998009627726
URYVR,Activity,83,URYVR,2022-08-02-01,2022-06-14-13,0.7441430217555951
IL2R,Activity,82,URYVR,2022-08-02-01,2022-06-14-13,0.46388663426559673
URYDL,Activity,82,URYVR,2022-08-02-01,2022-06-14-13,0.7892280740437392
IL1L,Activity,82,URYVR,2022-08-02-01,2022-06-14-13,-0.4188013159609862
URBL,Activity,82,URYVR,2022-08-02-01,2022-06-14-13,-0.3411412128428723
OLQDR,Activity,82,URYVR,2022-08-02-01,2022-06-14-13,0.4464403114399314
OLQDL,Activity,82,URYVR,2022-08-02-01,2022-06-14-13,-0.15559123011031548
RMER,Activity,82,URYVR,2022-08-02-01,2022-06-14-13,-0.6171587539399775
OLQVR,Activity,82,URYVR,2022-08-02-01,2022-06-14-13,0.47823884455800103
URYVL,Activity,82,URYVR,2022-08-02-01,2022-06-14-13,0.6740547901101188
RMED,Activity,82,URYVR,2022-08-02-01,2022-06-14-13,-0.7349019997864549
RMEL,Activity,82,URYVR,2022-08-02-01,2022-06-14-13,-0.5191557271670458
CEPVR,Activity,82,URYVR,2022-08-02-01,2022-06-14-13,0.36756697169724534
OLQVL,Activity,82,URYVR,2022-08-02-01,2022-06-14-13,0.181202337570041
CEPVL,Activity,82,URYVR,2022-08-02-01,2022-06-14-13,0.08328451489738743
SAAVR,Activity,82,URYVR,2022-08-02-01,2022-06-14-13,0.5201323781092855
RID,Activity,82,URYVR,2022-08-02-01,2022-06-14-13,-0.7731834891482096
SMDVR,Activity,82,URYVR,2022-08-02-01,2022-06-14-13,-0.17629897832007443
URXR,Activity,82,URYVR,2022-08-02-01,2022-06-14-13,-0.7061668853079496
RIAR,Activity,82,URYVR,2022-08-02-01,2022-06-14-13,0.1038620642258667
AVAR,Activity,82,URYVR,2022-08-02-01,2022-06-14-13,0.7849793417292016
SAAVL,Activity,82,URYVR,2022-08-02-01,2022-06-14-13,0.3662612832984556
CEPDR,Activity,82,URYVR,2022-08-02-01,2022-06-14-13,-0.051343407163692435
URXL,Activity,82,URYVR,2022-08-02-01,2022-06-14-13,-0.6457811470511188
CEPDL,Activity,82,URYVR,2022-08-02-01,2022-06-14-13,-0.5265082667162734
SMDDR,Activity,82,URYVR,2022-08-02-01,2022-06-14-13,0.32061229858000606
RMEV,Activity,82,URYVR,2022-08-02-01,2022-06-14-13,-0.8214362985053355
RIAL,Activity,82,URYVR,2022-08-02-01,2022-06-14-13,-0.6328325054000904
AVER,Activity,82,URYVR,2022-08-02-01,2022-06-14-13,0.7622339487115914
AWAR,Activity,82,URYVR,2022-08-02-01,2022-06-14-13,0.668895356035308
SMDVL,Activity,82,URYVR,2022-08-02-01,2022-06-14-13,0.27971574465073995
AVAL,Activity,82,URYVR,2022-08-02-01,2022-06-14-13,0.7816486274697408
RMDL,Activity,82,URYVR,2022-08-02-01,2022-06-14-13,0.7135995285149359
AIBR,Activity,82,URYVR,2022-08-02-01,2022-06-14-13,0.7760520109462831
ASGR,Activity,82,URYVR,2022-08-02-01,2022-06-14-13,0.6756573344118223
AVL,Activity,82,URYVR,2022-08-02-01,2022-06-14-13,0.7657207513992695
AVEL,Activity,82,URYVR,2022-08-02-01,2022-06-14-13,0.784222397844191
ASGL,Activity,82,URYVR,2022-08-02-01,2022-06-14-13,0.6813179681465334
ASHL,Activity,82,URYVR,2022-08-02-01,2022-06-14-13,0.7181028474170722
AIBL,Activity,82,URYVR,2022-08-02-01,2022-06-14-13,0.7701977440537664
AVHL,Activity,82,URYVR,2022-08-02-01,2022-06-14-13,-0.6325626471984223
AWBL,Activity,82,URYVR,2022-08-02-01,2022-06-14-13,0.6230196815460114
RIVL,Activity,82,URYVR,2022-08-02-01,2022-06-14-13,0.335882016729506
AWCL,Activity,82,URYVR,2022-08-02-01,2022-06-14-13,-0.5121846334616569
SMDDL,Activity,82,URYVR,2022-08-02-01,2022-06-14-13,0.1824926358087419
AVJR,Activity,82,URYVR,2022-08-02-01,2022-06-14-13,-0.5444612743267685
AIZL,Activity,82,URYVR,2022-08-02-01,2022-06-14-13,-0.6966067865810006
RIBL,Activity,82,URYVR,2022-08-02-01,2022-06-14-13,-0.6459958174202941
ASEL,Activity,82,URYVR,2022-08-02-01,2022-06-14-13,-0.7915665949710989
AVDR,Activity,82,URYVR,2022-08-02-01,2022-06-14-13,-0.5207393035932104
AVDL,Activity,82,URYVR,2022-08-02-01,2022-06-14-13,-0.6400781976922657
AVJL,Activity,82,URYVR,2022-08-02-01,2022-06-14-13,0.19636547809177202
RIVR,Activity,82,URYVR,2022-08-02-01,2022-06-14-13,0.21425057786303436
AIZR,Activity,82,URYVR,2022-08-02-01,2022-06-14-13,0.46306376657713544
AUAR,Activity,82,URYVR,2022-08-02-01,2022-06-14-13,0.16160436866540215
AUAL,Activity,82,URYVR,2022-08-02-01,2022-06-14-13,-0.7360419392348034
RICR,Activity,82,URYVR,2022-08-02-01,2022-06-14-13,-0.6960038568343574
RICL,Activity,82,URYVR,2022-08-02-01,2022-06-14-13,-0.6886874373637285
M5,Activity,82,URYVR,2022-08-02-01,2022-06-14-13,-0.20755189050576034
AIML,Activity,82,URYVR,2022-08-02-01,2022-06-14-13,-0.5414498290017672
AIMR,Activity,82,URYVR,2022-08-02-01,2022-06-14-13,-0.4482560634089893
FLPL,Activity,82,URYVR,2022-08-02-01,2022-06-14-13,-0.6992794157583808
ADEL,Activity,82,URYVR,2022-08-02-01,2022-06-14-13,-0.5951108160302971
VB02,Activity,82,URYVR,2022-08-02-01,2022-06-14-13,-0.67418598768124
ADAL,Activity,82,URYVR,2022-08-02-01,2022-06-14-13,0.6774967069923694
I1R,Activity,82,IL2R,2022-08-02-01,2022-06-14-13,0.5286712795426532
IL2DL,Activity,82,IL2R,2022-08-02-01,2022-06-14-13,0.5401504114466075
I2R,Activity,82,IL2R,2022-08-02-01,2022-06-14-13,-0.027387861074352822
I3,Activity,82,IL2R,2022-08-02-01,2022-06-14-13,-0.45918862563144086
NSMR,Activity,82,IL2R,2022-08-02-01,2022-06-14-13,0.5068065610783716
I2L,Activity,82,IL2R,2022-08-02-01,2022-06-14-13,0.43786556098902735
MCL,Activity,82,IL2R,2022-08-02-01,2022-06-14-13,0.5107147655816251
NSML,Activity,82,IL2R,2022-08-02-01,2022-06-14-13,0.49172016716149075
M4,Activity,82,IL2R,2022-08-02-01,2022-06-14-13,0.4160170415242253
M3R,Activity,82,IL2R,2022-08-02-01,2022-06-14-13,0.30590099869580467
M3L,Activity,82,IL2R,2022-08-02-01,2022-06-14-13,0.5352356164392053
IL2VL,Activity,82,IL2R,2022-08-02-01,2022-06-14-13,0.5578413510434435
IL1R,Activity,82,IL2R,2022-08-02-01,2022-06-14-13,-0.21452098804561737
OLLL,Activity,82,IL2R,2022-08-02-01,2022-06-14-13,-0.03621454069287042
IL2L,Activity,82,IL2R,2022-08-02-01,2022-06-14-13,0.5142457742543171
URBR,Activity,82,IL2R,2022-08-02-01,2022-06-14-13,-0.19586505616686434
OLLR,Activity,82,IL2R,2022-08-02-01,2022-06-14-13,-0.10647625561112424
IL1DL,Activity,82,IL2R,2022-08-02-01,2022-06-14-13,-0.10307512704920709
IL1DR,Activity,82,IL2R,2022-08-02-01,2022-06-14-13,-0.2818177876370293
URYVR,Activity,82,IL2R,2022-08-02-01,2022-06-14-13,-0.391289907428215
IL2R,Activity,83,IL2R,2022-08-02-01,2022-06-14-13,-0.15746241000529684
URYDL,Activity,82,IL2R,2022-08-02-01,2022-06-14-13,-0.40143994202577904
IL1L,Activity,82,IL2R,2022-08-02-01,2022-06-14-13,0.29737601739493086
URBL,Activity,82,IL2R,2022-08-02-01,2022-06-14-13,0.16303755285082605
OLQDR,Activity,82,IL2R,2022-08-02-01,2022-06-14-13,-0.18497890172447504
OLQDL,Activity,82,IL2R,2022-08-02-01,2022-06-14-13,0.08754077096796248
RMER,Activity,82,IL2R,2022-08-02-01,2022-06-14-13,0.20712508930076956
OLQVR,Activity,82,IL2R,2022-08-02-01,2022-06-14-13,-0.16954238120547388
URYVL,Activity,82,IL2R,2022-08-02-01,2022-06-14-13,-0.41485219576104315
RMED,Activity,82,IL2R,2022-08-02-01,2022-06-14-13,0.2682504303572321
RMEL,Activity,82,IL2R,2022-08-02-01,2022-06-14-13,0.3422495129406563
CEPVR,Activity,82,IL2R,2022-08-02-01,2022-06-14-13,-0.08066889857478501
OLQVL,Activity,82,IL2R,2022-08-02-01,2022-06-14-13,-0.082255097540073
CEPVL,Activity,82,IL2R,2022-08-02-01,2022-06-14-13,0.1218103920052154
SAAVR,Activity,82,IL2R,2022-08-02-01,2022-06-14-13,-0.020418123812256737
RID,Activity,82,IL2R,2022-08-02-01,2022-06-14-13,0.3060372583007375
SMDVR,Activity,82,IL2R,2022-08-02-01,2022-06-14-13,0.033871111874168885
URXR,Activity,82,IL2R,2022-08-02-01,2022-06-14-13,0.44510983385012975
RIAR,Activity,82,IL2R,2022-08-02-01,2022-06-14-13,-0.2467840427899515
AVAR,Activity,82,IL2R,2022-08-02-01,2022-06-14-13,-0.34235751265533987
SAAVL,Activity,82,IL2R,2022-08-02-01,2022-06-14-13,0.08256028862104924
CEPDR,Activity,82,IL2R,2022-08-02-01,2022-06-14-13,0.19516157354203192
URXL,Activity,82,IL2R,2022-08-02-01,2022-06-14-13,0.38853538684790134
CEPDL,Activity,82,IL2R,2022-08-02-01,2022-06-14-13,0.3364805041909907
SMDDR,Activity,82,IL2R,2022-08-02-01,2022-06-14-13,-0.047422991849079436
RMEV,Activity,82,IL2R,2022-08-02-01,2022-06-14-13,0.3527508466054229
RIAL,Activity,82,IL2R,2022-08-02-01,2022-06-14-13,0.37741754759793933
AVER,Activity,82,IL2R,2022-08-02-01,2022-06-14-13,-0.2951118081456448
AWAR,Activity,82,IL2R,2022-08-02-01,2022-06-14-13,-0.39449432254003414
SMDVL,Activity,82,IL2R,2022-08-02-01,2022-06-14-13,-0.17895971792999932
AVAL,Activity,82,IL2R,2022-08-02-01,2022-06-14-13,-0.3469464482310529
RMDL,Activity,82,IL2R,2022-08-02-01,2022-06-14-13,-0.3261316077391475
AIBR,Activity,82,IL2R,2022-08-02-01,2022-06-14-13,-0.28598249369650414
ASGR,Activity,82,IL2R,2022-08-02-01,2022-06-14-13,-0.298215724343464
AVL,Activity,82,IL2R,2022-08-02-01,2022-06-14-13,-0.28937627857698633
AVEL,Activity,82,IL2R,2022-08-02-01,2022-06-14-13,-0.31577262162406794
ASGL,Activity,82,IL2R,2022-08-02-01,2022-06-14-13,-0.2777095037818373
ASHL,Activity,82,IL2R,2022-08-02-01,2022-06-14-13,-0.4634645755876104
AIBL,Activity,82,IL2R,2022-08-02-01,2022-06-14-13,-0.29933590685981715
AVHL,Activity,82,IL2R,2022-08-02-01,2022-06-14-13,0.46112336754798877
AWBL,Activity,82,IL2R,2022-08-02-01,2022-06-14-13,-0.35982387109800273
RIVL,Activity,82,IL2R,2022-08-02-01,2022-06-14-13,-0.14250052252926532
AWCL,Activity,82,IL2R,2022-08-02-01,2022-06-14-13,0.16446799659651928
SMDDL,Activity,82,IL2R,2022-08-02-01,2022-06-14-13,0.0003657011890939153
AVJR,Activity,82,IL2R,2022-08-02-01,2022-06-14-13,0.23546277724025463
AIZL,Activity,82,IL2R,2022-08-02-01,2022-06-14-13,0.48503004484650697
RIBL,Activity,82,IL2R,2022-08-02-01,2022-06-14-13,0.19024358194741423
ASEL,Activity,82,IL2R,2022-08-02-01,2022-06-14-13,0.46427913732257503
AVDR,Activity,82,IL2R,2022-08-02-01,2022-06-14-13,0.432615402455702
AVDL,Activity,82,IL2R,2022-08-02-01,2022-06-14-13,0.5045076440510349
AVJL,Activity,82,IL2R,2022-08-02-01,2022-06-14-13,-0.4826179503741151
RIVR,Activity,82,IL2R,2022-08-02-01,2022-06-14-13,-0.09182626915112167
AIZR,Activity,82,IL2R,2022-08-02-01,2022-06-14-13,-0.36311386744312935
AUAR,Activity,82,IL2R,2022-08-02-01,2022-06-14-13,-0.08534443284792607
AUAL,Activity,82,IL2R,2022-08-02-01,2022-06-14-13,0.2844805556591777
RICR,Activity,82,IL2R,2022-08-02-01,2022-06-14-13,0.4523453923144911
RICL,Activity,82,IL2R,2022-08-02-01,2022-06-14-13,0.26271687485393547
M5,Activity,82,IL2R,2022-08-02-01,2022-06-14-13,-0.027873120786709213
AIML,Activity,82,IL2R,2022-08-02-01,2022-06-14-13,0.12989064285289442
AIMR,Activity,82,IL2R,2022-08-02-01,2022-06-14-13,0.011492909335717885
FLPL,Activity,82,IL2R,2022-08-02-01,2022-06-14-13,0.39298785229950367
ADEL,Activity,82,IL2R,2022-08-02-01,2022-06-14-13,0.3136402013320905
VB02,Activity,82,IL2R,2022-08-02-01,2022-06-14-13,0.3437028630810572
ADAL,Activity,82,IL2R,2022-08-02-01,2022-06-14-13,-0.5156207306936714
I1R,Activity,82,URYDL,2022-08-02-01,2022-06-14-13,-0.5287410261759027
IL2DL,Activity,82,URYDL,2022-08-02-01,2022-06-14-13,-0.6255111284806191
I2R,Activity,82,URYDL,2022-08-02-01,2022-06-14-13,-0.1089934229078065
I3,Activity,82,URYDL,2022-08-02-01,2022-06-14-13,0.6754327129988803
NSMR,Activity,82,URYDL,2022-08-02-01,2022-06-14-13,-0.6225992524032983
I2L,Activity,82,URYDL,2022-08-02-01,2022-06-14-13,-0.6931246784166607
MCL,Activity,82,URYDL,2022-08-02-01,2022-06-14-13,-0.5865853122441241
NSML,Activity,82,URYDL,2022-08-02-01,2022-06-14-13,-0.6410454282445666
M4,Activity,82,URYDL,2022-08-02-01,2022-06-14-13,-0.5757153940155019
M3R,Activity,82,URYDL,2022-08-02-01,2022-06-14-13,0.09204991064426662
M3L,Activity,82,URYDL,2022-08-02-01,2022-06-14-13,-0.5350918432270169
IL2VL,Activity,82,URYDL,2022-08-02-01,2022-06-14-13,-0.6136009207568327
IL1R,Activity,82,URYDL,2022-08-02-01,2022-06-14-13,-0.03861895059823029
OLLL,Activity,82,URYDL,2022-08-02-01,2022-06-14-13,0.38640705812872794
IL2L,Activity,82,URYDL,2022-08-02-01,2022-06-14-13,-0.5369616637725216
URBR,Activity,82,URYDL,2022-08-02-01,2022-06-14-13,0.5460311694231006
OLLR,Activity,82,URYDL,2022-08-02-01,2022-06-14-13,0.4669400271206456
IL1DL,Activity,82,URYDL,2022-08-02-01,2022-06-14-13,0.437547882283619
IL1DR,Activity,82,URYDL,2022-08-02-01,2022-06-14-13,0.367854244835486
URYVR,Activity,82,URYDL,2022-08-02-01,2022-06-14-13,0.6554188209623523
IL2R,Activity,82,URYDL,2022-08-02-01,2022-06-14-13,0.5506018459993967
URYDL,Activity,83,URYDL,2022-08-02-01,2022-06-14-13,0.7346301933645462
IL1L,Activity,82,URYDL,2022-08-02-01,2022-06-14-13,-0.2351492198829169
URBL,Activity,82,URYDL,2022-08-02-01,2022-06-14-13,-0.1461904553671583
OLQDR,Activity,82,URYDL,2022-08-02-01,2022-06-14-13,0.5543894504919841
OLQDL,Activity,82,URYDL,2022-08-02-01,2022-06-14-13,0.06944291902887285
RMER,Activity,82,URYDL,2022-08-02-01,2022-06-14-13,-0.5429131625112895
OLQVR,Activity,82,URYDL,2022-08-02-01,2022-06-14-13,0.5689889981373167
URYVL,Activity,82,URYDL,2022-08-02-01,2022-06-14-13,0.6962668398855206
RMED,Activity,82,URYDL,2022-08-02-01,2022-06-14-13,-0.5824450244484445
RMEL,Activity,82,URYDL,2022-08-02-01,2022-06-14-13,-0.36765738542958337
CEPVR,Activity,82,URYDL,2022-08-02-01,2022-06-14-13,0.48117546237757824
OLQVL,Activity,82,URYDL,2022-08-02-01,2022-06-14-13,0.37559362184588596
CEPVL,Activity,82,URYDL,2022-08-02-01,2022-06-14-13,0.21069836230238725
SAAVR,Activity,82,URYDL,2022-08-02-01,2022-06-14-13,0.35960392010107334
RID,Activity,82,URYDL,2022-08-02-01,2022-06-14-13,-0.6949288873196791
SMDVR,Activity,82,URYDL,2022-08-02-01,2022-06-14-13,-0.06257209919509163
URXR,Activity,82,URYDL,2022-08-02-01,2022-06-14-13,-0.6821008334804799
RIAR,Activity,82,URYDL,2022-08-02-01,2022-06-14-13,0.238933371518444
AVAR,Activity,82,URYDL,2022-08-02-01,2022-06-14-13,0.6664892976843593
SAAVL,Activity,82,URYDL,2022-08-02-01,2022-06-14-13,0.22001284713401456
CEPDR,Activity,82,URYDL,2022-08-02-01,2022-06-14-13,0.13174620372271736
URXL,Activity,82,URYDL,2022-08-02-01,2022-06-14-13,-0.574848206499463
CEPDL,Activity,82,URYDL,2022-08-02-01,2022-06-14-13,-0.33525863019679586
SMDDR,Activity,82,URYDL,2022-08-02-01,2022-06-14-13,0.4996114991957659
RMEV,Activity,82,URYDL,2022-08-02-01,2022-06-14-13,-0.73117311564101
RIAL,Activity,82,URYDL,2022-08-02-01,2022-06-14-13,-0.673381927184488
AVER,Activity,82,URYDL,2022-08-02-01,2022-06-14-13,0.6323959589219301
AWAR,Activity,82,URYDL,2022-08-02-01,2022-06-14-13,0.538649904275863
SMDVL,Activity,82,URYDL,2022-08-02-01,2022-06-14-13,0.4148595920696032
AVAL,Activity,82,URYDL,2022-08-02-01,2022-06-14-13,0.6735220691432957
RMDL,Activity,82,URYDL,2022-08-02-01,2022-06-14-13,0.6959839964640805
AIBR,Activity,82,URYDL,2022-08-02-01,2022-06-14-13,0.6551102729739824
ASGR,Activity,82,URYDL,2022-08-02-01,2022-06-14-13,0.5461586766863041
AVL,Activity,82,URYDL,2022-08-02-01,2022-06-14-13,0.6388700046796233
AVEL,Activity,82,URYDL,2022-08-02-01,2022-06-14-13,0.6670005910334201
ASGL,Activity,82,URYDL,2022-08-02-01,2022-06-14-13,0.537880545218456
ASHL,Activity,82,URYDL,2022-08-02-01,2022-06-14-13,0.6437737780720928
AIBL,Activity,82,URYDL,2022-08-02-01,2022-06-14-13,0.6596348314558884
AVHL,Activity,82,URYDL,2022-08-02-01,2022-06-14-13,-0.6465488129703412
AWBL,Activity,82,URYDL,2022-08-02-01,2022-06-14-13,0.6813263130457401
RIVL,Activity,82,URYDL,2022-08-02-01,2022-06-14-13,0.48467500644470174
AWCL,Activity,82,URYDL,2022-08-02-01,2022-06-14-13,-0.626858375542152
SMDDL,Activity,82,URYDL,2022-08-02-01,2022-06-14-13,0.12010480336178624
AVJR,Activity,82,URYDL,2022-08-02-01,2022-06-14-13,-0.5434369229680248
AIZL,Activity,82,URYDL,2022-08-02-01,2022-06-14-13,-0.6850109401165161
RIBL,Activity,82,URYDL,2022-08-02-01,2022-06-14-13,-0.4830469794572506
ASEL,Activity,82,URYDL,2022-08-02-01,2022-06-14-13,-0.7135422722060165
AVDR,Activity,82,URYDL,2022-08-02-01,2022-06-14-13,-0.5995408226358404
AVDL,Activity,82,URYDL,2022-08-02-01,2022-06-14-13,-0.6539223363871158
AVJL,Activity,82,URYDL,2022-08-02-01,2022-06-14-13,0.21368708302233372
RIVR,Activity,82,URYDL,2022-08-02-01,2022-06-14-13,0.3885602824297054
AIZR,Activity,82,URYDL,2022-08-02-01,2022-06-14-13,0.4166151473481342
AUAR,Activity,82,URYDL,2022-08-02-01,2022-06-14-13,0.2506556522500239
AUAL,Activity,82,URYDL,2022-08-02-01,2022-06-14-13,-0.7112328332124659
RICR,Activity,82,URYDL,2022-08-02-01,2022-06-14-13,-0.7321596445428967
RICL,Activity,82,URYDL,2022-08-02-01,2022-06-14-13,-0.7237730276930351
M5,Activity,82,URYDL,2022-08-02-01,2022-06-14-13,-0.10130231519691398
AIML,Activity,82,URYDL,2022-08-02-01,2022-06-14-13,-0.4688580448282232
AIMR,Activity,82,URYDL,2022-08-02-01,2022-06-14-13,-0.37871518948423627
FLPL,Activity,82,URYDL,2022-08-02-01,2022-06-14-13,-0.6363683101423832
ADEL,Activity,82,URYDL,2022-08-02-01,2022-06-14-13,-0.5417396608333039
VB02,Activity,82,URYDL,2022-08-02-01,2022-06-14-13,-0.5525049920346604
ADAL,Activity,82,URYDL,2022-08-02-01,2022-06-14-13,0.6696826129557752
I1R,Activity,82,IL1L,2022-08-02-01,2022-06-14-13,-0.10891830847362073
IL2DL,Activity,82,IL1L,2022-08-02-01,2022-06-14-13,0.03922430163818898
I2R,Activity,82,IL1L,2022-08-02-01,2022-06-14-13,-0.019496806333204456
I3,Activity,82,IL1L,2022-08-02-01,2022-06-14-13,-0.009375926023691805
NSMR,Activity,82,IL1L,2022-08-02-01,2022-06-14-13,-0.026815052102207915
I2L,Activity,82,IL1L,2022-08-02-01,2022-06-14-13,0.18750408845496752
MCL,Activity,82,IL1L,2022-08-02-01,2022-06-14-13,-0.03863427216355782
NSML,Activity,82,IL1L,2022-08-02-01,2022-06-14-13,0.007786636393556837
M4,Activity,82,IL1L,2022-08-02-01,2022-06-14-13,0.22286075739842112
M3R,Activity,82,IL1L,2022-08-02-01,2022-06-14-13,0.16898464951458456
M3L,Activity,82,IL1L,2022-08-02-01,2022-06-14-13,0.1789270333008513
IL2VL,Activity,82,IL1L,2022-08-02-01,2022-06-14-13,0.13599047081761298
IL1R,Activity,82,IL1L,2022-08-02-01,2022-06-14-13,0.020305462128423685
OLLL,Activity,82,IL1L,2022-08-02-01,2022-06-14-13,0.5286950090637433
IL2L,Activity,82,IL1L,2022-08-02-01,2022-06-14-13,0.28662727827138423
URBR,Activity,82,IL1L,2022-08-02-01,2022-06-14-13,0.35918773999899467
OLLR,Activity,82,IL1L,2022-08-02-01,2022-06-14-13,0.45303233537599297
IL1DL,Activity,82,IL1L,2022-08-02-01,2022-06-14-13,0.5304147508802884
IL1DR,Activity,82,IL1L,2022-08-02-01,2022-06-14-13,0.18982209540109432
URYVR,Activity,82,IL1L,2022-08-02-01,2022-06-14-13,-0.20879635544864864
IL2R,Activity,82,IL1L,2022-08-02-01,2022-06-14-13,0.27816475958337455
URYDL,Activity,82,IL1L,2022-08-02-01,2022-06-14-13,-0.22585791743702738
IL1L,Activity,83,IL1L,2022-08-02-01,2022-06-14-13,0.6622599839832838
URBL,Activity,82,IL1L,2022-08-02-01,2022-06-14-13,0.634289218613591
OLQDR,Activity,82,IL1L,2022-08-02-01,2022-06-14-13,0.32949841224214765
OLQDL,Activity,82,IL1L,2022-08-02-01,2022-06-14-13,0.6914988706435495
RMER,Activity,82,IL1L,2022-08-02-01,2022-06-14-13,0.3632456898889968
OLQVR,Activity,82,IL1L,2022-08-02-01,2022-06-14-13,0.2919606841889744
URYVL,Activity,82,IL1L,2022-08-02-01,2022-06-14-13,0.03491712912646563
RMED,Activity,82,IL1L,2022-08-02-01,2022-06-14-13,0.45799936040402794
RMEL,Activity,82,IL1L,2022-08-02-01,2022-06-14-13,0.45677418865360225
CEPVR,Activity,82,IL1L,2022-08-02-01,2022-06-14-13,0.3955095810176653
OLQVL,Activity,82,IL1L,2022-08-02-01,2022-06-14-13,0.5691586483097217
CEPVL,Activity,82,IL1L,2022-08-02-01,2022-06-14-13,0.5425120519247578
SAAVR,Activity,82,IL1L,2022-08-02-01,2022-06-14-13,-0.553759314297534
RID,Activity,82,IL1L,2022-08-02-01,2022-06-14-13,0.2301406015032275
SMDVR,Activity,82,IL1L,2022-08-02-01,2022-06-14-13,0.04584875707412286
URXR,Activity,82,IL1L,2022-08-02-01,2022-06-14-13,0.10682392043180536
RIAR,Activity,82,IL1L,2022-08-02-01,2022-06-14-13,0.3292804828966518
AVAR,Activity,82,IL1L,2022-08-02-01,2022-06-14-13,-0.40164805110143226
SAAVL,Activity,82,IL1L,2022-08-02-01,2022-06-14-13,-0.5022760198819446
CEPDR,Activity,82,IL1L,2022-08-02-01,2022-06-14-13,0.6288621107955986
URXL,Activity,82,IL1L,2022-08-02-01,2022-06-14-13,0.1292018726781963
CEPDL,Activity,82,IL1L,2022-08-02-01,2022-06-14-13,0.6309681782867279
SMDDR,Activity,82,IL1L,2022-08-02-01,2022-06-14-13,0.38547402071417736
RMEV,Activity,82,IL1L,2022-08-02-01,2022-06-14-13,0.29924089233709605
RIAL,Activity,82,IL1L,2022-08-02-01,2022-06-14-13,-0.006088379641125543
AVER,Activity,82,IL1L,2022-08-02-01,2022-06-14-13,-0.38249877487998335
AWAR,Activity,82,IL1L,2022-08-02-01,2022-06-14-13,-0.5651820364951075
SMDVL,Activity,82,IL1L,2022-08-02-01,2022-06-14-13,-0.001173185435561567
AVAL,Activity,82,IL1L,2022-08-02-01,2022-06-14-13,-0.3750844173959194
RMDL,Activity,82,IL1L,2022-08-02-01,2022-06-14-13,-0.031137479758100686
AIBR,Activity,82,IL1L,2022-08-02-01,2022-06-14-13,-0.402688782386931
ASGR,Activity,82,IL1L,2022-08-02-01,2022-06-14-13,-0.4081077117886657
AVL,Activity,82,IL1L,2022-08-02-01,2022-06-14-13,-0.42925080324360715
AVEL,Activity,82,IL1L,2022-08-02-01,2022-06-14-13,-0.3808430348339819
ASGL,Activity,82,IL1L,2022-08-02-01,2022-06-14-13,-0.4790972962355216
ASHL,Activity,82,IL1L,2022-08-02-01,2022-06-14-13,-0.35020720842610853
AIBL,Activity,82,IL1L,2022-08-02-01,2022-06-14-13,-0.3915725266123944
AVHL,Activity,82,IL1L,2022-08-02-01,2022-06-14-13,0.006888473862987453
AWBL,Activity,82,IL1L,2022-08-02-01,2022-06-14-13,0.035391935432226164
RIVL,Activity,82,IL1L,2022-08-02-01,2022-06-14-13,0.190982695053
AWCL,Activity,82,IL1L,2022-08-02-01,2022-06-14-13,-0.32553573166216676
SMDDL,Activity,82,IL1L,2022-08-02-01,2022-06-14-13,0.08874749134333645
AVJR,Activity,82,IL1L,2022-08-02-01,2022-06-14-13,-0.046057320716111017
AIZL,Activity,82,IL1L,2022-08-02-01,2022-06-14-13,0.08201989829146088
RIBL,Activity,82,IL1L,2022-08-02-01,2022-06-14-13,0.4133606896983331
ASEL,Activity,82,IL1L,2022-08-02-01,2022-06-14-13,0.337806830435924
AVDR,Activity,82,IL1L,2022-08-02-01,2022-06-14-13,-0.13220879431026275
AVDL,Activity,82,IL1L,2022-08-02-01,2022-06-14-13,0.07832654656120128
AVJL,Activity,82,IL1L,2022-08-02-01,2022-06-14-13,-0.05532898275640682
RIVR,Activity,82,IL1L,2022-08-02-01,2022-06-14-13,0.23000343998444817
AIZR,Activity,82,IL1L,2022-08-02-01,2022-06-14-13,-0.2456458581742868
AUAR,Activity,82,IL1L,2022-08-02-01,2022-06-14-13,0.5176584682594416
AUAL,Activity,82,IL1L,2022-08-02-01,2022-06-14-13,0.07416877298494967
RICR,Activity,82,IL1L,2022-08-02-01,2022-06-14-13,-0.01805800446625453
RICL,Activity,82,IL1L,2022-08-02-01,2022-06-14-13,-0.08325348999875191
M5,Activity,82,IL1L,2022-08-02-01,2022-06-14-13,0.31559230952400524
AIML,Activity,82,IL1L,2022-08-02-01,2022-06-14-13,0.350810014866598
AIMR,Activity,82,IL1L,2022-08-02-01,2022-06-14-13,0.2873858962780382
FLPL,Activity,82,IL1L,2022-08-02-01,2022-06-14-13,0.3194957875406459
ADEL,Activity,82,IL1L,2022-08-02-01,2022-06-14-13,0.2505707420764406
VB02,Activity,82,IL1L,2022-08-02-01,2022-06-14-13,0.4721036861950007
ADAL,Activity,82,IL1L,2022-08-02-01,2022-06-14-13,-0.1446561417266038
I1R,Activity,82,URBL,2022-08-02-01,2022-06-14-13,-0.1819569367126023
IL2DL,Activity,82,URBL,2022-08-02-01,2022-06-14-13,-0.031464725625540965
I2R,Activity,82,URBL,2022-08-02-01,2022-06-14-13,0.017536978721437495
I3,Activity,82,URBL,2022-08-02-01,2022-06-14-13,0.02858399926492403
NSMR,Activity,82,URBL,2022-08-02-01,2022-06-14-13,-0.08031815001644234
I2L,Activity,82,URBL,2022-08-02-01,2022-06-14-13,0.15916476132817828
MCL,Activity,82,URBL,2022-08-02-01,2022-06-14-13,-0.10439646788997871
NSML,Activity,82,URBL,2022-08-02-01,2022-06-14-13,-0.037049034628882496
M4,Activity,82,URBL,2022-08-02-01,2022-06-14-13,0.20729065391968252
M3R,Activity,82,URBL,2022-08-02-01,2022-06-14-13,0.04283010507752641
M3L,Activity,82,URBL,2022-08-02-01,2022-06-14-13,0.07172306875639109
IL2VL,Activity,82,URBL,2022-08-02-01,2022-06-14-13,0.05297174172382437
IL1R,Activity,82,URBL,2022-08-02-01,2022-06-14-13,0.11576956723371344
OLLL,Activity,82,URBL,2022-08-02-01,2022-06-14-13,0.49916893533491613
IL2L,Activity,82,URBL,2022-08-02-01,2022-06-14-13,0.24959986704402085
URBR,Activity,82,URBL,2022-08-02-01,2022-06-14-13,0.3507246212761235
OLLR,Activity,82,URBL,2022-08-02-01,2022-06-14-13,0.4303599056840299
IL1DL,Activity,82,URBL,2022-08-02-01,2022-06-14-13,0.5641868476983793
IL1DR,Activity,82,URBL,2022-08-02-01,2022-06-14-13,0.23340329356054595
URYVR,Activity,82,URBL,2022-08-02-01,2022-06-14-13,-0.2332586640689445
IL2R,Activity,82,URBL,2022-08-02-01,2022-06-14-13,0.24374151536107874
URYDL,Activity,82,URBL,2022-08-02-01,2022-06-14-13,-0.2637058219472038
IL1L,Activity,82,URBL,2022-08-02-01,2022-06-14-13,0.6385800559746342
URBL,Activity,83,URBL,2022-08-02-01,2022-06-14-13,0.7177875917899937
OLQDR,Activity,82,URBL,2022-08-02-01,2022-06-14-13,0.3200625963682076
OLQDL,Activity,82,URBL,2022-08-02-01,2022-06-14-13,0.745731118744924
RMER,Activity,82,URBL,2022-08-02-01,2022-06-14-13,0.3437427803616807
OLQVR,Activity,82,URBL,2022-08-02-01,2022-06-14-13,0.268678498413449
URYVL,Activity,82,URBL,2022-08-02-01,2022-06-14-13,0.053261369094409594
RMED,Activity,82,URBL,2022-08-02-01,2022-06-14-13,0.5198269243830044
RMEL,Activity,82,URBL,2022-08-02-01,2022-06-14-13,0.4874405770056295
CEPVR,Activity,82,URBL,2022-08-02-01,2022-06-14-13,0.3603189760771364
OLQVL,Activity,82,URBL,2022-08-02-01,2022-06-14-13,0.5791567572333761
CEPVL,Activity,82,URBL,2022-08-02-01,2022-06-14-13,0.49477241693715285
SAAVR,Activity,82,URBL,2022-08-02-01,2022-06-14-13,-0.6223814190826791
RID,Activity,82,URBL,2022-08-02-01,2022-06-14-13,0.27295747932752795
SMDVR,Activity,82,URBL,2022-08-02-01,2022-06-14-13,0.19976782249929875
URXR,Activity,82,URBL,2022-08-02-01,2022-06-14-13,0.07476263060544985
RIAR,Activity,82,URBL,2022-08-02-01,2022-06-14-13,0.3682580862114497
AVAR,Activity,82,URBL,2022-08-02-01,2022-06-14-13,-0.4164853154571814
SAAVL,Activity,82,URBL,2022-08-02-01,2022-06-14-13,-0.5662256349139019
CEPDR,Activity,82,URBL,2022-08-02-01,2022-06-14-13,0.5995267950125113
URXL,Activity,82,URBL,2022-08-02-01,2022-06-14-13,0.18406156182945863
CEPDL,Activity,82,URBL,2022-08-02-01,2022-06-14-13,0.6446150379904868
SMDDR,Activity,82,URBL,2022-08-02-01,2022-06-14-13,0.3964143007736132
RMEV,Activity,82,URBL,2022-08-02-01,2022-06-14-13,0.3617683280501144
RIAL,Activity,82,URBL,2022-08-02-01,2022-06-14-13,-0.0628586313711578
AVER,Activity,82,URBL,2022-08-02-01,2022-06-14-13,-0.4357290375122967
AWAR,Activity,82,URBL,2022-08-02-01,2022-06-14-13,-0.5380263552518412
SMDVL,Activity,82,URBL,2022-08-02-01,2022-06-14-13,0.09855944418984755
AVAL,Activity,82,URBL,2022-08-02-01,2022-06-14-13,-0.3887303170091767
RMDL,Activity,82,URBL,2022-08-02-01,2022-06-14-13,-0.06876420850357226
AIBR,Activity,82,URBL,2022-08-02-01,2022-06-14-13,-0.45410237469675224
ASGR,Activity,82,URBL,2022-08-02-01,2022-06-14-13,-0.46248634935046
AVL,Activity,82,URBL,2022-08-02-01,2022-06-14-13,-0.46650100236991116
AVEL,Activity,82,URBL,2022-08-02-01,2022-06-14-13,-0.42598978291675976
ASGL,Activity,82,URBL,2022-08-02-01,2022-06-14-13,-0.5264075193932675
ASHL,Activity,82,URBL,2022-08-02-01,2022-06-14-13,-0.3186985365461104
AIBL,Activity,82,URBL,2022-08-02-01,2022-06-14-13,-0.4218672526817263
AVHL,Activity,82,URBL,2022-08-02-01,2022-06-14-13,-0.0015038321338851997
AWBL,Activity,82,URBL,2022-08-02-01,2022-06-14-13,0.06362476453337365
RIVL,Activity,82,URBL,2022-08-02-01,2022-06-14-13,0.2818381924832091
AWCL,Activity,82,URBL,2022-08-02-01,2022-06-14-13,-0.28769296869050526
SMDDL,Activity,82,URBL,2022-08-02-01,2022-06-14-13,-0.03823547476844215
AVJR,Activity,82,URBL,2022-08-02-01,2022-06-14-13,-0.010122449619767139
AIZL,Activity,82,URBL,2022-08-02-01,2022-06-14-13,0.05767644571093341
RIBL,Activity,82,URBL,2022-08-02-01,2022-06-14-13,0.5148846567319552
ASEL,Activity,82,URBL,2022-08-02-01,2022-06-14-13,0.3291652250861824
AVDR,Activity,82,URBL,2022-08-02-01,2022-06-14-13,-0.1995040331289107
AVDL,Activity,82,URBL,2022-08-02-01,2022-06-14-13,0.014247679138780195
AVJL,Activity,82,URBL,2022-08-02-01,2022-06-14-13,-0.000613051934119726
RIVR,Activity,82,URBL,2022-08-02-01,2022-06-14-13,0.3185137204053814
AIZR,Activity,82,URBL,2022-08-02-01,2022-06-14-13,-0.22919650622175033
AUAR,Activity,82,URBL,2022-08-02-01,2022-06-14-13,0.44883672713527756
AUAL,Activity,82,URBL,2022-08-02-01,2022-06-14-13,0.09910646310843511
RICR,Activity,82,URBL,2022-08-02-01,2022-06-14-13,-0.05461872531660783
RICL,Activity,82,URBL,2022-08-02-01,2022-06-14-13,-0.06404585111469455
M5,Activity,82,URBL,2022-08-02-01,2022-06-14-13,0.36722818044543815
AIML,Activity,82,URBL,2022-08-02-01,2022-06-14-13,0.3981579171576035
AIMR,Activity,82,URBL,2022-08-02-01,2022-06-14-13,0.27641077655413016
FLPL,Activity,82,URBL,2022-08-02-01,2022-06-14-13,0.3323990898449208
ADEL,Activity,82,URBL,2022-08-02-01,2022-06-14-13,0.27398945068067593
VB02,Activity,82,URBL,2022-08-02-01,2022-06-14-13,0.498042074403264
ADAL,Activity,82,URBL,2022-08-02-01,2022-06-14-13,-0.1029923230623814
I1R,Activity,82,OLQDR,2022-08-02-01,2022-06-14-13,-0.6058907110399903
IL2DL,Activity,82,OLQDR,2022-08-02-01,2022-06-14-13,-0.5760361149755248
I2R,Activity,82,OLQDR,2022-08-02-01,2022-06-14-13,-0.09794757853526528
I3,Activity,82,OLQDR,2022-08-02-01,2022-06-14-13,0.6294942484591353
NSMR,Activity,82,OLQDR,2022-08-02-01,2022-06-14-13,-0.6152817270809348
I2L,Activity,82,OLQDR,2022-08-02-01,2022-06-14-13,-0.5050509094201346
MCL,Activity,82,OLQDR,2022-08-02-01,2022-06-14-13,-0.595982731507182
NSML,Activity,82,OLQDR,2022-08-02-01,2022-06-14-13,-0.6059038631454965
M4,Activity,82,OLQDR,2022-08-02-01,2022-06-14-13,-0.39073946505533186
M3R,Activity,82,OLQDR,2022-08-02-01,2022-06-14-13,0.12779484902371796
M3L,Activity,82,OLQDR,2022-08-02-01,2022-06-14-13,-0.41777486239184286
IL2VL,Activity,82,OLQDR,2022-08-02-01,2022-06-14-13,-0.5048590415236122
IL1R,Activity,82,OLQDR,2022-08-02-01,2022-06-14-13,0.019165289183926508
OLLL,Activity,82,OLQDR,2022-08-02-01,2022-06-14-13,0.6985532251209174
IL2L,Activity,82,OLQDR,2022-08-02-01,2022-06-14-13,-0.3403717001964791
URBR,Activity,82,OLQDR,2022-08-02-01,2022-06-14-13,0.7415029349565823
OLLR,Activity,82,OLQDR,2022-08-02-01,2022-06-14-13,0.7335111119687768
IL1DL,Activity,82,OLQDR,2022-08-02-01,2022-06-14-13,0.7532998752324555
IL1DR,Activity,82,OLQDR,2022-08-02-01,2022-06-14-13,0.4907806473176846
URYVR,Activity,82,OLQDR,2022-08-02-01,2022-06-14-13,0.45126771302984353
IL2R,Activity,82,OLQDR,2022-08-02-01,2022-06-14-13,0.6826483620792099
URYDL,Activity,82,OLQDR,2022-08-02-01,2022-06-14-13,0.49379271388030255
IL1L,Activity,82,OLQDR,2022-08-02-01,2022-06-14-13,0.15602442053004065
URBL,Activity,82,OLQDR,2022-08-02-01,2022-06-14-13,0.2663248802233533
OLQDR,Activity,83,OLQDR,2022-08-02-01,2022-06-14-13,0.7593992854800952
OLQDL,Activity,82,OLQDR,2022-08-02-01,2022-06-14-13,0.5129182826217735
RMER,Activity,82,OLQDR,2022-08-02-01,2022-06-14-13,-0.23861372575650933
OLQVR,Activity,82,OLQDR,2022-08-02-01,2022-06-14-13,0.7113939310588074
URYVL,Activity,82,OLQDR,2022-08-02-01,2022-06-14-13,0.6564165897100329
RMED,Activity,82,OLQDR,2022-08-02-01,2022-06-14-13,-0.20029171687877428
RMEL,Activity,82,OLQDR,2022-08-02-01,2022-06-14-13,-0.05573268729830841
CEPVR,Activity,82,OLQDR,2022-08-02-01,2022-06-14-13,0.675943089007584
OLQVL,Activity,82,OLQDR,2022-08-02-01,2022-06-14-13,0.730269256885305
CEPVL,Activity,82,OLQDR,2022-08-02-01,2022-06-14-13,0.5339441286287584
SAAVR,Activity,82,OLQDR,2022-08-02-01,2022-06-14-13,-0.06863740772701449
RID,Activity,82,OLQDR,2022-08-02-01,2022-06-14-13,-0.45637045338069115
SMDVR,Activity,82,OLQDR,2022-08-02-01,2022-06-14-13,-0.025223281486510006
URXR,Activity,82,OLQDR,2022-08-02-01,2022-06-14-13,-0.5649128533466182
RIAR,Activity,82,OLQDR,2022-08-02-01,2022-06-14-13,0.4553479194417639
AVAR,Activity,82,OLQDR,2022-08-02-01,2022-06-14-13,0.3303766673292881
SAAVL,Activity,82,OLQDR,2022-08-02-01,2022-06-14-13,-0.16671157890399824
CEPDR,Activity,82,OLQDR,2022-08-02-01,2022-06-14-13,0.4941260612259473
URXL,Activity,82,OLQDR,2022-08-02-01,2022-06-14-13,-0.4494077113070027
CEPDL,Activity,82,OLQDR,2022-08-02-01,2022-06-14-13,0.08171437271805203
SMDDR,Activity,82,OLQDR,2022-08-02-01,2022-06-14-13,0.6887156163263388
RMEV,Activity,82,OLQDR,2022-08-02-01,2022-06-14-13,-0.4436865436514026
RIAL,Activity,82,OLQDR,2022-08-02-01,2022-06-14-13,-0.6191453590613137
AVER,Activity,82,OLQDR,2022-08-02-01,2022-06-14-13,0.29615326623979266
AWAR,Activity,82,OLQDR,2022-08-02-01,2022-06-14-13,0.14276171506319252
SMDVL,Activity,82,OLQDR,2022-08-02-01,2022-06-14-13,0.36533673449445364
AVAL,Activity,82,OLQDR,2022-08-02-01,2022-06-14-13,0.35248308414621865
RMDL,Activity,82,OLQDR,2022-08-02-01,2022-06-14-13,0.6120201832637343
AIBR,Activity,82,OLQDR,2022-08-02-01,2022-06-14-13,0.30504688396114993
ASGR,Activity,82,OLQDR,2022-08-02-01,2022-06-14-13,0.21707536443661565
AVL,Activity,82,OLQDR,2022-08-02-01,2022-06-14-13,0.27815087468566135
AVEL,Activity,82,OLQDR,2022-08-02-01,2022-06-14-13,0.33022376091918054
ASGL,Activity,82,OLQDR,2022-08-02-01,2022-06-14-13,0.15296801396785564
ASHL,Activity,82,OLQDR,2022-08-02-01,2022-06-14-13,0.3797036130003548
AIBL,Activity,82,OLQDR,2022-08-02-01,2022-06-14-13,0.3247972590944522
AVHL,Activity,82,OLQDR,2022-08-02-01,2022-06-14-13,-0.6051748905148864
AWBL,Activity,82,OLQDR,2022-08-02-01,2022-06-14-13,0.6358650396417697
RIVL,Activity,82,OLQDR,2022-08-02-01,2022-06-14-13,0.5491983299460426
AWCL,Activity,82,OLQDR,2022-08-02-01,2022-06-14-13,-0.7748290451461172
SMDDL,Activity,82,OLQDR,2022-08-02-01,2022-06-14-13,0.1421947358271412
AVJR,Activity,82,OLQDR,2022-08-02-01,2022-06-14-13,-0.5230770137308229
AIZL,Activity,82,OLQDR,2022-08-02-01,2022-06-14-13,-0.5919046500554663
RIBL,Activity,82,OLQDR,2022-08-02-01,2022-06-14-13,-0.12494390737036819
ASEL,Activity,82,OLQDR,2022-08-02-01,2022-06-14-13,-0.4214881906755855
AVDR,Activity,82,OLQDR,2022-08-02-01,2022-06-14-13,-0.6707275944534092
AVDL,Activity,82,OLQDR,2022-08-02-01,2022-06-14-13,-0.563466909760187
AVJL,Activity,82,OLQDR,2022-08-02-01,2022-06-14-13,0.22589481835024836
RIVR,Activity,82,OLQDR,2022-08-02-01,2022-06-14-13,0.4718058843175575
AIZR,Activity,82,OLQDR,2022-08-02-01,2022-06-14-13,0.22843848065054403
AUAR,Activity,82,OLQDR,2022-08-02-01,2022-06-14-13,0.5915176637902324
AUAL,Activity,82,OLQDR,2022-08-02-01,2022-06-14-13,-0.5743106158067605
RICR,Activity,82,OLQDR,2022-08-02-01,2022-06-14-13,-0.6952303214044828
RICL,Activity,82,OLQDR,2022-08-02-01,2022-06-14-13,-0.6936338608190734
M5,Activity,82,OLQDR,2022-08-02-01,2022-06-14-13,0.13692850300715245
AIML,Activity,82,OLQDR,2022-08-02-01,2022-06-14-13,-0.14158679273192099
AIMR,Activity,82,OLQDR,2022-08-02-01,2022-06-14-13,-0.12591725570990825
FLPL,Activity,82,OLQDR,2022-08-02-01,2022-06-14-13,-0.36803637642239334
ADEL,Activity,82,OLQDR,2022-08-02-01,2022-06-14-13,-0.32456618448065966
VB02,Activity,82,OLQDR,2022-08-02-01,2022-06-14-13,-0.16941132280503776
ADAL,Activity,82,OLQDR,2022-08-02-01,2022-06-14-13,0.5406100195000872
I1R,Activity,82,OLQDL,2022-08-02-01,2022-06-14-13,-0.5936733194820333
IL2DL,Activity,82,OLQDL,2022-08-02-01,2022-06-14-13,-0.599175848463357
I2R,Activity,82,OLQDL,2022-08-02-01,2022-06-14-13,-0.13164995695485565
I3,Activity,82,OLQDL,2022-08-02-01,2022-06-14-13,0.6276085150215311
NSMR,Activity,82,OLQDL,2022-08-02-01,2022-06-14-13,-0.6237909281117874
I2L,Activity,82,OLQDL,2022-08-02-01,2022-06-14-13,-0.5732977676091933
MCL,Activity,82,OLQDL,2022-08-02-01,2022-06-14-13,-0.6067509408819792
NSML,Activity,82,OLQDL,2022-08-02-01,2022-06-14-13,-0.6115636155203534
M4,Activity,82,OLQDL,2022-08-02-01,2022-06-14-13,-0.46800021422424726
M3R,Activity,82,OLQDL,2022-08-02-01,2022-06-14-13,0.03914670177589227
M3L,Activity,82,OLQDL,2022-08-02-01,2022-06-14-13,-0.4941596206304154
IL2VL,Activity,82,OLQDL,2022-08-02-01,2022-06-14-13,-0.557932159938736
IL1R,Activity,82,OLQDL,2022-08-02-01,2022-06-14-13,0.020803970178360057
OLLL,Activity,82,OLQDL,2022-08-02-01,2022-06-14-13,0.5674365451849875
IL2L,Activity,82,OLQDL,2022-08-02-01,2022-06-14-13,-0.3963807616903008
URBR,Activity,82,OLQDL,2022-08-02-01,2022-06-14-13,0.6464138701598896
OLLR,Activity,82,OLQDL,2022-08-02-01,2022-06-14-13,0.6049979655683104
IL1DL,Activity,82,OLQDL,2022-08-02-01,2022-06-14-13,0.6339643146103972
IL1DR,Activity,82,OLQDL,2022-08-02-01,2022-06-14-13,0.411771697820867
URYVR,Activity,82,OLQDL,2022-08-02-01,2022-06-14-13,0.47198004010025935
IL2R,Activity,82,OLQDL,2022-08-02-01,2022-06-14-13,0.5774423027782946
URYDL,Activity,82,OLQDL,2022-08-02-01,2022-06-14-13,0.5263309155004322
IL1L,Activity,82,OLQDL,2022-08-02-01,2022-06-14-13,0.05937468393571547
URBL,Activity,82,OLQDL,2022-08-02-01,2022-06-14-13,0.16021849971605726
OLQDR,Activity,82,OLQDL,2022-08-02-01,2022-06-14-13,0.631852118220825
OLQDL,Activity,83,OLQDL,2022-08-02-01,2022-06-14-13,0.4357433531704623
RMER,Activity,82,OLQDL,2022-08-02-01,2022-06-14-13,-0.3567966133705332
OLQVR,Activity,82,OLQDL,2022-08-02-01,2022-06-14-13,0.6154083964349504
URYVL,Activity,82,OLQDL,2022-08-02-01,2022-06-14-13,0.6427082768509566
RMED,Activity,82,OLQDL,2022-08-02-01,2022-06-14-13,-0.29005631149050504
RMEL,Activity,82,OLQDL,2022-08-02-01,2022-06-14-13,-0.13113107221722325
CEPVR,Activity,82,OLQDL,2022-08-02-01,2022-06-14-13,0.5670426717896782
OLQVL,Activity,82,OLQDL,2022-08-02-01,2022-06-14-13,0.6054426387423407
CEPVL,Activity,82,OLQDL,2022-08-02-01,2022-06-14-13,0.39643075076390755
SAAVR,Activity,82,OLQDL,2022-08-02-01,2022-06-14-13,0.04929434857874434
RID,Activity,82,OLQDL,2022-08-02-01,2022-06-14-13,-0.48825595277238476
SMDVR,Activity,82,OLQDL,2022-08-02-01,2022-06-14-13,0.023434538727463074
URXR,Activity,82,OLQDL,2022-08-02-01,2022-06-14-13,-0.5749517845097484
RIAR,Activity,82,OLQDL,2022-08-02-01,2022-06-14-13,0.4170820100428304
AVAR,Activity,82,OLQDL,2022-08-02-01,2022-06-14-13,0.4154112723365699
SAAVL,Activity,82,OLQDL,2022-08-02-01,2022-06-14-13,-0.03716977010398963
CEPDR,Activity,82,OLQDL,2022-08-02-01,2022-06-14-13,0.3635730276681711
URXL,Activity,82,OLQDL,2022-08-02-01,2022-06-14-13,-0.43972119366062756
CEPDL,Activity,82,OLQDL,2022-08-02-01,2022-06-14-13,-0.0637798379052953
SMDDR,Activity,82,OLQDL,2022-08-02-01,2022-06-14-13,0.6283266208778866
RMEV,Activity,82,OLQDL,2022-08-02-01,2022-06-14-13,-0.49600879692131306
RIAL,Activity,82,OLQDL,2022-08-02-01,2022-06-14-13,-0.6211151896721807
AVER,Activity,82,OLQDL,2022-08-02-01,2022-06-14-13,0.3698482049787357
AWAR,Activity,82,OLQDL,2022-08-02-01,2022-06-14-13,0.2760844566534578
SMDVL,Activity,82,OLQDL,2022-08-02-01,2022-06-14-13,0.4298359884073027
AVAL,Activity,82,OLQDL,2022-08-02-01,2022-06-14-13,0.4312273727795538
RMDL,Activity,82,OLQDL,2022-08-02-01,2022-06-14-13,0.5769697382005029
AIBR,Activity,82,OLQDL,2022-08-02-01,2022-06-14-13,0.39323373895934266
ASGR,Activity,82,OLQDL,2022-08-02-01,2022-06-14-13,0.27996773691766585
AVL,Activity,82,OLQDL,2022-08-02-01,2022-06-14-13,0.36420843054067115
AVEL,Activity,82,OLQDL,2022-08-02-01,2022-06-14-13,0.41416795798711714
ASGL,Activity,82,OLQDL,2022-08-02-01,2022-06-14-13,0.2538445321119501
ASHL,Activity,82,OLQDL,2022-08-02-01,2022-06-14-13,0.47608625070927035
AIBL,Activity,82,OLQDL,2022-08-02-01,2022-06-14-13,0.41793852115178487
AVHL,Activity,82,OLQDL,2022-08-02-01,2022-06-14-13,-0.6051180804550181
AWBL,Activity,82,OLQDL,2022-08-02-01,2022-06-14-13,0.6441184036413872
RIVL,Activity,82,OLQDL,2022-08-02-01,2022-06-14-13,0.5894821306719046
AWCL,Activity,82,OLQDL,2022-08-02-01,2022-06-14-13,-0.6931279743024612
SMDDL,Activity,82,OLQDL,2022-08-02-01,2022-06-14-13,0.045554371231976414
AVJR,Activity,82,OLQDL,2022-08-02-01,2022-06-14-13,-0.4832823625343535
AIZL,Activity,82,OLQDL,2022-08-02-01,2022-06-14-13,-0.5844540056979601
RIBL,Activity,82,OLQDL,2022-08-02-01,2022-06-14-13,-0.19739362886337342
ASEL,Activity,82,OLQDL,2022-08-02-01,2022-06-14-13,-0.5104969356925683
AVDR,Activity,82,OLQDL,2022-08-02-01,2022-06-14-13,-0.6326593535454762
AVDL,Activity,82,OLQDL,2022-08-02-01,2022-06-14-13,-0.5794291225515192
AVJL,Activity,82,OLQDL,2022-08-02-01,2022-06-14-13,0.2855840603285755
RIVR,Activity,82,OLQDL,2022-08-02-01,2022-06-14-13,0.5189307716617275
AIZR,Activity,82,OLQDL,2022-08-02-01,2022-06-14-13,0.3031370772648343
AUAR,Activity,82,OLQDL,2022-08-02-01,2022-06-14-13,0.3899646367373166
AUAL,Activity,82,OLQDL,2022-08-02-01,2022-06-14-13,-0.5805350081160693
RICR,Activity,82,OLQDL,2022-08-02-01,2022-06-14-13,-0.6912233536862954
RICL,Activity,82,OLQDL,2022-08-02-01,2022-06-14-13,-0.6658529695006701
M5,Activity,82,OLQDL,2022-08-02-01,2022-06-14-13,0.04516171999488398
AIML,Activity,82,OLQDL,2022-08-02-01,2022-06-14-13,-0.24875179575335615
AIMR,Activity,82,OLQDL,2022-08-02-01,2022-06-14-13,-0.2298951510773027
FLPL,Activity,82,OLQDL,2022-08-02-01,2022-06-14-13,-0.45842517255054277
ADEL,Activity,82,OLQDL,2022-08-02-01,2022-06-14-13,-0.39730394158228366
VB02,Activity,82,OLQDL,2022-08-02-01,2022-06-14-13,-0.292197208944904
ADAL,Activity,82,OLQDL,2022-08-02-01,2022-06-14-13,0.578592330841262
I1R,Activity,82,RMER,2022-08-02-01,2022-06-14-13,0.24546377008637282
IL2DL,Activity,82,RMER,2022-08-02-01,2022-06-14-13,0.4350759953271376
I2R,Activity,82,RMER,2022-08-02-01,2022-06-14-13,0.030488943164487158
I3,Activity,82,RMER,2022-08-02-01,2022-06-14-13,-0.5095198946390688
NSMR,Activity,82,RMER,2022-08-02-01,2022-06-14-13,0.40887322589863195
I2L,Activity,82,RMER,2022-08-02-01,2022-06-14-13,0.5931545899000852
MCL,Activity,82,RMER,2022-08-02-01,2022-06-14-13,0.34695797755085117
NSML,Activity,82,RMER,2022-08-02-01,2022-06-14-13,0.4557431058101082
M4,Activity,82,RMER,2022-08-02-01,2022-06-14-13,0.5216982997920766
M3R,Activity,82,RMER,2022-08-02-01,2022-06-14-13,-0.19234569841193372
M3L,Activity,82,RMER,2022-08-02-01,2022-06-14-13,0.3700389521986089
IL2VL,Activity,82,RMER,2022-08-02-01,2022-06-14-13,0.44009859809814067
IL1R,Activity,82,RMER,2022-08-02-01,2022-06-14-13,0.13671747939014167
OLLL,Activity,82,RMER,2022-08-02-01,2022-06-14-13,-0.07052938483875108
IL2L,Activity,82,RMER,2022-08-02-01,2022-06-14-13,0.5424675348067757
URBR,Activity,82,RMER,2022-08-02-01,2022-06-14-13,-0.26441998347727813
OLLR,Activity,82,RMER,2022-08-02-01,2022-06-14-13,-0.17063681409419645
IL1DL,Activity,82,RMER,2022-08-02-01,2022-06-14-13,-0.04857212557413552
IL1DR,Activity,82,RMER,2022-08-02-01,2022-06-14-13,-0.16042504423287815
URYVR,Activity,82,RMER,2022-08-02-01,2022-06-14-13,-0.6852472268000105
IL2R,Activity,82,RMER,2022-08-02-01,2022-06-14-13,-0.35323182382267904
URYDL,Activity,82,RMER,2022-08-02-01,2022-06-14-13,-0.7363737341478453
IL1L,Activity,82,RMER,2022-08-02-01,2022-06-14-13,0.5359291727472494
URBL,Activity,82,RMER,2022-08-02-01,2022-06-14-13,0.48375478569747093
OLQDR,Activity,82,RMER,2022-08-02-01,2022-06-14-13,-0.2929487143169411
OLQDL,Activity,82,RMER,2022-08-02-01,2022-06-14-13,0.35465984678659107
RMER,Activity,83,RMER,2022-08-02-01,2022-06-14-13,0.7042887834618708
OLQVR,Activity,82,RMER,2022-08-02-01,2022-06-14-13,-0.34311602231830834
URYVL,Activity,82,RMER,2022-08-02-01,2022-06-14-13,-0.5471535622023475
RMED,Activity,82,RMER,2022-08-02-01,2022-06-14-13,0.7995539794971117
RMEL,Activity,82,RMER,2022-08-02-01,2022-06-14-13,0.554490038212701
CEPVR,Activity,82,RMER,2022-08-02-01,2022-06-14-13,-0.24841760411605243
OLQVL,Activity,82,RMER,2022-08-02-01,2022-06-14-13,0.01789662593583665
CEPVL,Activity,82,RMER,2022-08-02-01,2022-06-14-13,0.047249246496383866
SAAVR,Activity,82,RMER,2022-08-02-01,2022-06-14-13,-0.6680804125895913
RID,Activity,82,RMER,2022-08-02-01,2022-06-14-13,0.7508963801214875
SMDVR,Activity,82,RMER,2022-08-02-01,2022-06-14-13,0.2323637053029738
URXR,Activity,82,RMER,2022-08-02-01,2022-06-14-13,0.6093004785141232
RIAR,Activity,82,RMER,2022-08-02-01,2022-06-14-13,0.11498725892208375
AVAR,Activity,82,RMER,2022-08-02-01,2022-06-14-13,-0.792480251713971
SAAVL,Activity,82,RMER,2022-08-02-01,2022-06-14-13,-0.5320689494029398
CEPDR,Activity,82,RMER,2022-08-02-01,2022-06-14-13,0.20282870971986994
URXL,Activity,82,RMER,2022-08-02-01,2022-06-14-13,0.5644429140241328
CEPDL,Activity,82,RMER,2022-08-02-01,2022-06-14-13,0.6097067132427826
SMDDR,Activity,82,RMER,2022-08-02-01,2022-06-14-13,-0.17146504938058485
RMEV,Activity,82,RMER,2022-08-02-01,2022-06-14-13,0.8065179032309817
RIAL,Activity,82,RMER,2022-08-02-01,2022-06-14-13,0.5024842122095156
AVER,Activity,82,RMER,2022-08-02-01,2022-06-14-13,-0.7936416811784226
AWAR,Activity,82,RMER,2022-08-02-01,2022-06-14-13,-0.6798975481661285
SMDVL,Activity,82,RMER,2022-08-02-01,2022-06-14-13,-0.1773037977534879
AVAL,Activity,82,RMER,2022-08-02-01,2022-06-14-13,-0.7809369467607542
RMDL,Activity,82,RMER,2022-08-02-01,2022-06-14-13,-0.6269289496287567
AIBR,Activity,82,RMER,2022-08-02-01,2022-06-14-13,-0.8141419379071496
ASGR,Activity,82,RMER,2022-08-02-01,2022-06-14-13,-0.7202113839152025
AVL,Activity,82,RMER,2022-08-02-01,2022-06-14-13,-0.8011792251974442
AVEL,Activity,82,RMER,2022-08-02-01,2022-06-14-13,-0.8040721801146173
ASGL,Activity,82,RMER,2022-08-02-01,2022-06-14-13,-0.7602714229798023
ASHL,Activity,82,RMER,2022-08-02-01,2022-06-14-13,-0.6775427699467467
AIBL,Activity,82,RMER,2022-08-02-01,2022-06-14-13,-0.7975375483148311
AVHL,Activity,82,RMER,2022-08-02-01,2022-06-14-13,0.49452745286669647
AWBL,Activity,82,RMER,2022-08-02-01,2022-06-14-13,-0.47670290478431326
RIVL,Activity,82,RMER,2022-08-02-01,2022-06-14-13,-0.19563112832780793
AWCL,Activity,82,RMER,2022-08-02-01,2022-06-14-13,0.36845480662147845
SMDDL,Activity,82,RMER,2022-08-02-01,2022-06-14-13,-0.22021932624252435
AVJR,Activity,82,RMER,2022-08-02-01,2022-06-14-13,0.47482980132848074
AIZL,Activity,82,RMER,2022-08-02-01,2022-06-14-13,0.5843051792996882
RIBL,Activity,82,RMER,2022-08-02-01,2022-06-14-13,0.7416745769735473
ASEL,Activity,82,RMER,2022-08-02-01,2022-06-14-13,0.7366387268288431
AVDR,Activity,82,RMER,2022-08-02-01,2022-06-14-13,0.34064488323098635
AVDL,Activity,82,RMER,2022-08-02-01,2022-06-14-13,0.5080458862247048
AVJL,Activity,82,RMER,2022-08-02-01,2022-06-14-13,-0.08425242660881407
RIVR,Activity,82,RMER,2022-08-02-01,2022-06-14-13,-0.08938346297209966
AIZR,Activity,82,RMER,2022-08-02-01,2022-06-14-13,-0.405699945923321
AUAR,Activity,82,RMER,2022-08-02-01,2022-06-14-13,-0.038099314765243225
AUAL,Activity,82,RMER,2022-08-02-01,2022-06-14-13,0.6736131742934864
RICR,Activity,82,RMER,2022-08-02-01,2022-06-14-13,0.5555999880623314
RICL,Activity,82,RMER,2022-08-02-01,2022-06-14-13,0.5874911572897358
M5,Activity,82,RMER,2022-08-02-01,2022-06-14-13,0.2735744247530898
AIML,Activity,82,RMER,2022-08-02-01,2022-06-14-13,0.6265291432930438
AIMR,Activity,82,RMER,2022-08-02-01,2022-06-14-13,0.5122624474816658
FLPL,Activity,82,RMER,2022-08-02-01,2022-06-14-13,0.6526825364603512
ADEL,Activity,82,RMER,2022-08-02-01,2022-06-14-13,0.5579906598440829
VB02,Activity,82,RMER,2022-08-02-01,2022-06-14-13,0.7378866467691876
ADAL,Activity,82,RMER,2022-08-02-01,2022-06-14-13,-0.5671696363026139
I1R,Activity,82,OLQVR,2022-08-02-01,2022-06-14-13,-0.6235908461454708
IL2DL,Activity,82,OLQVR,2022-08-02-01,2022-06-14-13,-0.5703322018680747
I2R,Activity,82,OLQVR,2022-08-02-01,2022-06-14-13,-0.10007640967949435
I3,Activity,82,OLQVR,2022-08-02-01,2022-06-14-13,0.6056435601092598
NSMR,Activity,82,OLQVR,2022-08-02-01,2022-06-14-13,-0.6119105522811903
I2L,Activity,82,OLQVR,2022-08-02-01,2022-06-14-13,-0.47113396956276316
MCL,Activity,82,OLQVR,2022-08-02-01,2022-06-14-13,-0.6024979866356631
NSML,Activity,82,OLQVR,2022-08-02-01,2022-06-14-13,-0.5937595571416274
M4,Activity,82,OLQVR,2022-08-02-01,2022-06-14-13,-0.36336639301446866
M3R,Activity,82,OLQVR,2022-08-02-01,2022-06-14-13,0.08487236313199067
M3L,Activity,82,OLQVR,2022-08-02-01,2022-06-14-13,-0.41407764044779277
IL2VL,Activity,82,OLQVR,2022-08-02-01,2022-06-14-13,-0.49674035560864144
IL1R,Activity,82,OLQVR,2022-08-02-01,2022-06-14-13,0.06788031930387911
OLLL,Activity,82,OLQVR,2022-08-02-01,2022-06-14-13,0.7058454515952644
IL2L,Activity,82,OLQVR,2022-08-02-01,2022-06-14-13,-0.31862540947976103
URBR,Activity,82,OLQVR,2022-08-02-01,2022-06-14-13,0.7383919455823664
OLLR,Activity,82,OLQVR,2022-08-02-01,2022-06-14-13,0.7374370027721641
IL1DL,Activity,82,OLQVR,2022-08-02-01,2022-06-14-13,0.7662014360610916
IL1DR,Activity,82,OLQVR,2022-08-02-01,2022-06-14-13,0.515179121780035
URYVR,Activity,82,OLQVR,2022-08-02-01,2022-06-14-13,0.40475440733794504
IL2R,Activity,82,OLQVR,2022-08-02-01,2022-06-14-13,0.6731114409052911
URYDL,Activity,82,OLQVR,2022-08-02-01,2022-06-14-13,0.4382571986248161
IL1L,Activity,82,OLQVR,2022-08-02-01,2022-06-14-13,0.20267587819188532
URBL,Activity,82,OLQVR,2022-08-02-01,2022-06-14-13,0.3176024036614118
OLQDR,Activity,82,OLQVR,2022-08-02-01,2022-06-14-13,0.7309210610010882
OLQDL,Activity,82,OLQVR,2022-08-02-01,2022-06-14-13,0.5554403616884049
RMER,Activity,82,OLQVR,2022-08-02-01,2022-06-14-13,-0.15888461868705586
OLQVR,Activity,83,OLQVR,2022-08-02-01,2022-06-14-13,0.7247230086040511
URYVL,Activity,82,OLQVR,2022-08-02-01,2022-06-14-13,0.6271878614668965
RMED,Activity,82,OLQVR,2022-08-02-01,2022-06-14-13,-0.11276612824649268
RMEL,Activity,82,OLQVR,2022-08-02-01,2022-06-14-13,-0.019162778752387755
CEPVR,Activity,82,OLQVR,2022-08-02-01,2022-06-14-13,0.661809765549085
OLQVL,Activity,82,OLQVR,2022-08-02-01,2022-06-14-13,0.7494951811783901
CEPVL,Activity,82,OLQVR,2022-08-02-01,2022-06-14-13,0.5363179382489315
SAAVR,Activity,82,OLQVR,2022-08-02-01,2022-06-14-13,-0.1534569346409975
RID,Activity,82,OLQVR,2022-08-02-01,2022-06-14-13,-0.395441755461052
SMDVR,Activity,82,OLQVR,2022-08-02-01,2022-06-14-13,-0.004900335061089717
URXR,Activity,82,OLQVR,2022-08-02-01,2022-06-14-13,-0.528261254842268
RIAR,Activity,82,OLQVR,2022-08-02-01,2022-06-14-13,0.5053450476464875
AVAR,Activity,82,OLQVR,2022-08-02-01,2022-06-14-13,0.26228982636622217
SAAVL,Activity,82,OLQVR,2022-08-02-01,2022-06-14-13,-0.2409173030065332
CEPDR,Activity,82,OLQVR,2022-08-02-01,2022-06-14-13,0.5195744295248558
URXL,Activity,82,OLQVR,2022-08-02-01,2022-06-14-13,-0.416870333605153
CEPDL,Activity,82,OLQVR,2022-08-02-01,2022-06-14-13,0.13119237409813095
SMDDR,Activity,82,OLQVR,2022-08-02-01,2022-06-14-13,0.6913078536520398
RMEV,Activity,82,OLQVR,2022-08-02-01,2022-06-14-13,-0.37843260697403147
RIAL,Activity,82,OLQVR,2022-08-02-01,2022-06-14-13,-0.5933879661106018
AVER,Activity,82,OLQVR,2022-08-02-01,2022-06-14-13,0.22540985603073876
AWAR,Activity,82,OLQVR,2022-08-02-01,2022-06-14-13,0.09263238674093623
SMDVL,Activity,82,OLQVR,2022-08-02-01,2022-06-14-13,0.35736620811151004
AVAL,Activity,82,OLQVR,2022-08-02-01,2022-06-14-13,0.2870384130227325
RMDL,Activity,82,OLQVR,2022-08-02-01,2022-06-14-13,0.5728066530505573
AIBR,Activity,82,OLQVR,2022-08-02-01,2022-06-14-13,0.22932420528383546
ASGR,Activity,82,OLQVR,2022-08-02-01,2022-06-14-13,0.15693973365228547
AVL,Activity,82,OLQVR,2022-08-02-01,2022-06-14-13,0.2064478921506854
AVEL,Activity,82,OLQVR,2022-08-02-01,2022-06-14-13,0.26156327153345094
ASGL,Activity,82,OLQVR,2022-08-02-01,2022-06-14-13,0.07950077509342725
ASHL,Activity,82,OLQVR,2022-08-02-01,2022-06-14-13,0.3341519511623788
AIBL,Activity,82,OLQVR,2022-08-02-01,2022-06-14-13,0.2532267318629389
AVHL,Activity,82,OLQVR,2022-08-02-01,2022-06-14-13,-0.5859868358883731
AWBL,Activity,82,OLQVR,2022-08-02-01,2022-06-14-13,0.6186636190730765
RIVL,Activity,82,OLQVR,2022-08-02-01,2022-06-14-13,0.5285949275325128
AWCL,Activity,82,OLQVR,2022-08-02-01,2022-06-14-13,-0.75372648935934
SMDDL,Activity,82,OLQVR,2022-08-02-01,2022-06-14-13,0.15512485539238932
AVJR,Activity,82,OLQVR,2022-08-02-01,2022-06-14-13,-0.4930772336255264
AIZL,Activity,82,OLQVR,2022-08-02-01,2022-06-14-13,-0.5592064051703529
RIBL,Activity,82,OLQVR,2022-08-02-01,2022-06-14-13,-0.05166794356287661
ASEL,Activity,82,OLQVR,2022-08-02-01,2022-06-14-13,-0.3677820899593027
AVDR,Activity,82,OLQVR,2022-08-02-01,2022-06-14-13,-0.6672804008752262
AVDL,Activity,82,OLQVR,2022-08-02-01,2022-06-14-13,-0.5431334184698751
AVJL,Activity,82,OLQVR,2022-08-02-01,2022-06-14-13,0.26283862206978703
RIVR,Activity,82,OLQVR,2022-08-02-01,2022-06-14-13,0.4596320689657452
AIZR,Activity,82,OLQVR,2022-08-02-01,2022-06-14-13,0.21643687533283992
AUAR,Activity,82,OLQVR,2022-08-02-01,2022-06-14-13,0.6139599562708349
AUAL,Activity,82,OLQVR,2022-08-02-01,2022-06-14-13,-0.5210355430386907
RICR,Activity,82,OLQVR,2022-08-02-01,2022-06-14-13,-0.663534873630665
RICL,Activity,82,OLQVR,2022-08-02-01,2022-06-14-13,-0.6428124776303427
M5,Activity,82,OLQVR,2022-08-02-01,2022-06-14-13,0.18583907621411175
AIML,Activity,82,OLQVR,2022-08-02-01,2022-06-14-13,-0.06517585377174896
AIMR,Activity,82,OLQVR,2022-08-02-01,2022-06-14-13,-0.04751937071773641
FLPL,Activity,82,OLQVR,2022-08-02-01,2022-06-14-13,-0.33097127998871684
ADEL,Activity,82,OLQVR,2022-08-02-01,2022-06-14-13,-0.28941446661783854
VB02,Activity,82,OLQVR,2022-08-02-01,2022-06-14-13,-0.09365257304340896
ADAL,Activity,82,OLQVR,2022-08-02-01,2022-06-14-13,0.5141778933817613
I1R,Activity,82,URYVL,2022-08-02-01,2022-06-14-13,-0.4146498422741355
IL2DL,Activity,82,URYVL,2022-08-02-01,2022-06-14-13,-0.5857983102784091
I2R,Activity,82,URYVL,2022-08-02-01,2022-06-14-13,-0.058526302906742676
I3,Activity,82,URYVL,2022-08-02-01,2022-06-14-13,0.6389348304791171
NSMR,Activity,82,URYVL,2022-08-02-01,2022-06-14-13,-0.5567082125852906
I2L,Activity,82,URYVL,2022-08-02-01,2022-06-14-13,-0.689314150836961
MCL,Activity,82,URYVL,2022-08-02-01,2022-06-14-13,-0.504508666675385
NSML,Activity,82,URYVL,2022-08-02-01,2022-06-14-13,-0.5940358075991501
M4,Activity,82,URYVL,2022-08-02-01,2022-06-14-13,-0.5909140344818384
M3R,Activity,82,URYVL,2022-08-02-01,2022-06-14-13,0.10599102446514394
M3L,Activity,82,URYVL,2022-08-02-01,2022-06-14-13,-0.4987529911926779
IL2VL,Activity,82,URYVL,2022-08-02-01,2022-06-14-13,-0.5896159754339436
IL1R,Activity,82,URYVL,2022-08-02-01,2022-06-14-13,-0.07815292090649198
OLLL,Activity,82,URYVL,2022-08-02-01,2022-06-14-13,0.18795887634346936
IL2L,Activity,82,URYVL,2022-08-02-01,2022-06-14-13,-0.6144353915717558
URBR,Activity,82,URYVL,2022-08-02-01,2022-06-14-13,0.3861290480150305
OLLR,Activity,82,URYVL,2022-08-02-01,2022-06-14-13,0.299764987416105
IL1DL,Activity,82,URYVL,2022-08-02-01,2022-06-14-13,0.21082473715181743
IL1DR,Activity,82,URYVL,2022-08-02-01,2022-06-14-13,0.28536521504575335
URYVR,Activity,82,URYVL,2022-08-02-01,2022-06-14-13,0.7340407760859057
IL2R,Activity,82,URYVL,2022-08-02-01,2022-06-14-13,0.44269131170841974
URYDL,Activity,82,URYVL,2022-08-02-01,2022-06-14-13,0.795575391047422
IL1L,Activity,82,URYVL,2022-08-02-01,2022-06-14-13,-0.4672138886097041
URBL,Activity,82,URYVL,2022-08-02-01,2022-06-14-13,-0.3914524778836038
OLQDR,Activity,82,URYVL,2022-08-02-01,2022-06-14-13,0.4163416958795269
OLQDL,Activity,82,URYVL,2022-08-02-01,2022-06-14-13,-0.21718721641258185
RMER,Activity,82,URYVL,2022-08-02-01,2022-06-14-13,-0.6287426594317466
OLQVR,Activity,82,URYVL,2022-08-02-01,2022-06-14-13,0.45258906844226116
URYVL,Activity,83,URYVL,2022-08-02-01,2022-06-14-13,0.6798458567035361
RMED,Activity,82,URYVL,2022-08-02-01,2022-06-14-13,-0.7667211529025642
RMEL,Activity,82,URYVL,2022-08-02-01,2022-06-14-13,-0.5554447292407512
CEPVR,Activity,82,URYVL,2022-08-02-01,2022-06-14-13,0.34290651946699374
OLQVL,Activity,82,URYVL,2022-08-02-01,2022-06-14-13,0.13171614669203216
CEPVL,Activity,82,URYVL,2022-08-02-01,2022-06-14-13,0.029395008642866177
SAAVR,Activity,82,URYVL,2022-08-02-01,2022-06-14-13,0.5760787723666813
RID,Activity,82,URYVL,2022-08-02-01,2022-06-14-13,-0.7852395045305086
SMDVR,Activity,82,URYVL,2022-08-02-01,2022-06-14-13,-0.18483098593227132
URXR,Activity,82,URYVL,2022-08-02-01,2022-06-14-13,-0.7014872166908803
RIAR,Activity,82,URYVL,2022-08-02-01,2022-06-14-13,0.05003609734651535
AVAR,Activity,82,URYVL,2022-08-02-01,2022-06-14-13,0.8045214397647882
SAAVL,Activity,82,URYVL,2022-08-02-01,2022-06-14-13,0.4181242086038654
CEPDR,Activity,82,URYVL,2022-08-02-01,2022-06-14-13,-0.08821959932138235
URXL,Activity,82,URYVL,2022-08-02-01,2022-06-14-13,-0.6349698593408797
CEPDL,Activity,82,URYVL,2022-08-02-01,2022-06-14-13,-0.5722202870551854
SMDDR,Activity,82,URYVL,2022-08-02-01,2022-06-14-13,0.2695332308495769
RMEV,Activity,82,URYVL,2022-08-02-01,2022-06-14-13,-0.8371851156508857
RIAL,Activity,82,URYVL,2022-08-02-01,2022-06-14-13,-0.6157417091430993
AVER,Activity,82,URYVL,2022-08-02-01,2022-06-14-13,0.7851903404335384
AWAR,Activity,82,URYVL,2022-08-02-01,2022-06-14-13,0.683574017838166
SMDVL,Activity,82,URYVL,2022-08-02-01,2022-06-14-13,0.2798554672670692
AVAL,Activity,82,URYVL,2022-08-02-01,2022-06-14-13,0.8002278817540787
RMDL,Activity,82,URYVL,2022-08-02-01,2022-06-14-13,0.7074177421736575
AIBR,Activity,82,URYVL,2022-08-02-01,2022-06-14-13,0.8005651359155177
ASGR,Activity,82,URYVL,2022-08-02-01,2022-06-14-13,0.6977948628480488
AVL,Activity,82,URYVL,2022-08-02-01,2022-06-14-13,0.7927752221809911
AVEL,Activity,82,URYVL,2022-08-02-01,2022-06-14-13,0.8056984086864802
ASGL,Activity,82,URYVL,2022-08-02-01,2022-06-14-13,0.7109377063207152
ASHL,Activity,82,URYVL,2022-08-02-01,2022-06-14-13,0.7284001055380205
AIBL,Activity,82,URYVL,2022-08-02-01,2022-06-14-13,0.7923876134491287
AVHL,Activity,82,URYVL,2022-08-02-01,2022-06-14-13,-0.6145784035997439
AWBL,Activity,82,URYVL,2022-08-02-01,2022-06-14-13,0.598925675143829
RIVL,Activity,82,URYVL,2022-08-02-01,2022-06-14-13,0.2992650435070402
AWCL,Activity,82,URYVL,2022-08-02-01,2022-06-14-13,-0.4735507941558237
SMDDL,Activity,82,URYVL,2022-08-02-01,2022-06-14-13,0.20311902110809282
AVJR,Activity,82,URYVL,2022-08-02-01,2022-06-14-13,-0.5313688929046043
AIZL,Activity,82,URYVL,2022-08-02-01,2022-06-14-13,-0.6946599614016865
RIBL,Activity,82,URYVL,2022-08-02-01,2022-06-14-13,-0.6763169404343361
ASEL,Activity,82,URYVL,2022-08-02-01,2022-06-14-13,-0.8030791310829013
AVDR,Activity,82,URYVL,2022-08-02-01,2022-06-14-13,-0.4961442931589575
AVDL,Activity,82,URYVL,2022-08-02-01,2022-06-14-13,-0.6305629443027853
AVJL,Activity,82,URYVL,2022-08-02-01,2022-06-14-13,0.17861962694986128
RIVR,Activity,82,URYVL,2022-08-02-01,2022-06-14-13,0.17579184870644224
AIZR,Activity,82,URYVL,2022-08-02-01,2022-06-14-13,0.45423249528487186
AUAR,Activity,82,URYVL,2022-08-02-01,2022-06-14-13,0.1236788423794389
AUAL,Activity,82,URYVL,2022-08-02-01,2022-06-14-13,-0.7297938136761608
RICR,Activity,82,URYVL,2022-08-02-01,2022-06-14-13,-0.6823773095565766
RICL,Activity,82,URYVL,2022-08-02-01,2022-06-14-13,-0.675302473669976
M5,Activity,82,URYVL,2022-08-02-01,2022-06-14-13,-0.20870594845227372
AIML,Activity,82,URYVL,2022-08-02-01,2022-06-14-13,-0.5568033595482877
AIMR,Activity,82,URYVL,2022-08-02-01,2022-06-14-13,-0.4605755012026411
FLPL,Activity,82,URYVL,2022-08-02-01,2022-06-14-13,-0.6997258095661949
ADEL,Activity,82,URYVL,2022-08-02-01,2022-06-14-13,-0.6092535881778052
VB02,Activity,82,URYVL,2022-08-02-01,2022-06-14-13,-0.6996050800728052
ADAL,Activity,82,URYVL,2022-08-02-01,2022-06-14-13,0.6733237069737209
I1R,Activity,82,RMED,2022-08-02-01,2022-06-14-13,0.4431297656001177
IL2DL,Activity,82,RMED,2022-08-02-01,2022-06-14-13,0.5784607825370774
I2R,Activity,82,RMED,2022-08-02-01,2022-06-14-13,0.09359427389355986
I3,Activity,82,RMED,2022-08-02-01,2022-06-14-13,-0.6150930695715751
NSMR,Activity,82,RMED,2022-08-02-01,2022-06-14-13,0.5547409173136661
I2L,Activity,82,RMED,2022-08-02-01,2022-06-14-13,0.6980531662873698
MCL,Activity,82,RMED,2022-08-02-01,2022-06-14-13,0.5199452821504077
NSML,Activity,82,RMED,2022-08-02-01,2022-06-14-13,0.5849776206917608
M4,Activity,82,RMED,2022-08-02-01,2022-06-14-13,0.6194373112668887
M3R,Activity,82,RMED,2022-08-02-01,2022-06-14-13,0.004745530300366368
M3L,Activity,82,RMED,2022-08-02-01,2022-06-14-13,0.557364867284931
IL2VL,Activity,82,RMED,2022-08-02-01,2022-06-14-13,0.6207653847955685
IL1R,Activity,82,RMED,2022-08-02-01,2022-06-14-13,0.03703962914200677
OLLL,Activity,82,RMED,2022-08-02-01,2022-06-14-13,-0.1305435040829902
IL2L,Activity,82,RMED,2022-08-02-01,2022-06-14-13,0.6130518128343698
URBR,Activity,82,RMED,2022-08-02-01,2022-06-14-13,-0.3355504607508266
OLLR,Activity,82,RMED,2022-08-02-01,2022-06-14-13,-0.23204272126187908
IL1DL,Activity,82,RMED,2022-08-02-01,2022-06-14-13,-0.15707379803205138
IL1DR,Activity,82,RMED,2022-08-02-01,2022-06-14-13,-0.24465358471003923
URYVR,Activity,82,RMED,2022-08-02-01,2022-06-14-13,-0.6822159050725998
IL2R,Activity,82,RMED,2022-08-02-01,2022-06-14-13,-0.3681622666466508
URYDL,Activity,82,RMED,2022-08-02-01,2022-06-14-13,-0.7434704073363652
IL1L,Activity,82,RMED,2022-08-02-01,2022-06-14-13,0.466100062050957
URBL,Activity,82,RMED,2022-08-02-01,2022-06-14-13,0.38670397872260925
OLQDR,Activity,82,RMED,2022-08-02-01,2022-06-14-13,-0.35276185876579214
OLQDL,Activity,82,RMED,2022-08-02-01,2022-06-14-13,0.2132264822986766
RMER,Activity,82,RMED,2022-08-02-01,2022-06-14-13,0.6392468689294302
OLQVR,Activity,82,RMED,2022-08-02-01,2022-06-14-13,-0.3734827621135445
URYVL,Activity,82,RMED,2022-08-02-01,2022-06-14-13,-0.6128204917595123
RMED,Activity,83,RMED,2022-08-02-01,2022-06-14-13,0.7434350403893139
RMEL,Activity,82,RMED,2022-08-02-01,2022-06-14-13,0.5175543782807761
CEPVR,Activity,82,RMED,2022-08-02-01,2022-06-14-13,-0.2654837046401849
OLQVL,Activity,82,RMED,2022-08-02-01,2022-06-14-13,-0.09857336378115278
CEPVL,Activity,82,RMED,2022-08-02-01,2022-06-14-13,0.038689649093441046
SAAVR,Activity,82,RMED,2022-08-02-01,2022-06-14-13,-0.5427695944816446
RID,Activity,82,RMED,2022-08-02-01,2022-06-14-13,0.7258541149290045
SMDVR,Activity,82,RMED,2022-08-02-01,2022-06-14-13,0.11071078673102369
URXR,Activity,82,RMED,2022-08-02-01,2022-06-14-13,0.6645124657667311
RIAR,Activity,82,RMED,2022-08-02-01,2022-06-14-13,-0.08237456004596282
AVAR,Activity,82,RMED,2022-08-02-01,2022-06-14-13,-0.7751932652877941
SAAVL,Activity,82,RMED,2022-08-02-01,2022-06-14-13,-0.38653675303076634
CEPDR,Activity,82,RMED,2022-08-02-01,2022-06-14-13,0.15706868228211315
URXL,Activity,82,RMED,2022-08-02-01,2022-06-14-13,0.5795698635368008
CEPDL,Activity,82,RMED,2022-08-02-01,2022-06-14-13,0.5570830827059181
SMDDR,Activity,82,RMED,2022-08-02-01,2022-06-14-13,-0.2876712250376365
RMEV,Activity,82,RMED,2022-08-02-01,2022-06-14-13,0.7897656158684754
RIAL,Activity,82,RMED,2022-08-02-01,2022-06-14-13,0.5818493796519651
AVER,Activity,82,RMED,2022-08-02-01,2022-06-14-13,-0.7388501952856407
AWAR,Activity,82,RMED,2022-08-02-01,2022-06-14-13,-0.6973461582790377
SMDVL,Activity,82,RMED,2022-08-02-01,2022-06-14-13,-0.332461786254151
AVAL,Activity,82,RMED,2022-08-02-01,2022-06-14-13,-0.767577472233086
RMDL,Activity,82,RMED,2022-08-02-01,2022-06-14-13,-0.6348738653265937
AIBR,Activity,82,RMED,2022-08-02-01,2022-06-14-13,-0.7641107027135435
ASGR,Activity,82,RMED,2022-08-02-01,2022-06-14-13,-0.669752011717422
AVL,Activity,82,RMED,2022-08-02-01,2022-06-14-13,-0.7601186442215934
AVEL,Activity,82,RMED,2022-08-02-01,2022-06-14-13,-0.7688015712228131
ASGL,Activity,82,RMED,2022-08-02-01,2022-06-14-13,-0.6915626893911485
ASHL,Activity,82,RMED,2022-08-02-01,2022-06-14-13,-0.7291842408039712
AIBL,Activity,82,RMED,2022-08-02-01,2022-06-14-13,-0.7651540845511996
AVHL,Activity,82,RMED,2022-08-02-01,2022-06-14-13,0.5902587632686057
AWBL,Activity,82,RMED,2022-08-02-01,2022-06-14-13,-0.5689970931545132
RIVL,Activity,82,RMED,2022-08-02-01,2022-06-14-13,-0.33145931536797485
AWCL,Activity,82,RMED,2022-08-02-01,2022-06-14-13,0.4357185331635081
SMDDL,Activity,82,RMED,2022-08-02-01,2022-06-14-13,-0.07731877578409499
AVJR,Activity,82,RMED,2022-08-02-01,2022-06-14-13,0.47971933754488394
AIZL,Activity,82,RMED,2022-08-02-01,2022-06-14-13,0.6528719955065289
RIBL,Activity,82,RMED,2022-08-02-01,2022-06-14-13,0.6204081517740078
ASEL,Activity,82,RMED,2022-08-02-01,2022-06-14-13,0.7853869934234036
AVDR,Activity,82,RMED,2022-08-02-01,2022-06-14-13,0.4940807282062601
AVDL,Activity,82,RMED,2022-08-02-01,2022-06-14-13,0.6247824186764238
AVJL,Activity,82,RMED,2022-08-02-01,2022-06-14-13,-0.26049959563225505
RIVR,Activity,82,RMED,2022-08-02-01,2022-06-14-13,-0.22528291211166063
AIZR,Activity,82,RMED,2022-08-02-01,2022-06-14-13,-0.4869652295215783
AUAR,Activity,82,RMED,2022-08-02-01,2022-06-14-13,-0.037004921555490254
AUAL,Activity,82,RMED,2022-08-02-01,2022-06-14-13,0.6645458544493958
RICR,Activity,82,RMED,2022-08-02-01,2022-06-14-13,0.6519428443812962
RICL,Activity,82,RMED,2022-08-02-01,2022-06-14-13,0.6099132482049269
M5,Activity,82,RMED,2022-08-02-01,2022-06-14-13,0.21748474636467635
AIML,Activity,82,RMED,2022-08-02-01,2022-06-14-13,0.5737296468298362
AIMR,Activity,82,RMED,2022-08-02-01,2022-06-14-13,0.4418161923116211
FLPL,Activity,82,RMED,2022-08-02-01,2022-06-14-13,0.7056782612828708
ADEL,Activity,82,RMED,2022-08-02-01,2022-06-14-13,0.5875926484216517
VB02,Activity,82,RMED,2022-08-02-01,2022-06-14-13,0.7030597113487967
ADAL,Activity,82,RMED,2022-08-02-01,2022-06-14-13,-0.6731902208531707
I1R,Activity,82,RMEL,2022-08-02-01,2022-06-14-13,0.2211635194084864
IL2DL,Activity,82,RMEL,2022-08-02-01,2022-06-14-13,0.4174580196270101
I2R,Activity,82,RMEL,2022-08-02-01,2022-06-14-13,0.05820433621544203
I3,Activity,82,RMEL,2022-08-02-01,2022-06-14-13,-0.45747825672830184
NSMR,Activity,82,RMEL,2022-08-02-01,2022-06-14-13,0.3716594394354641
I2L,Activity,82,RMEL,2022-08-02-01,2022-06-14-13,0.5998390818923895
MCL,Activity,82,RMEL,2022-08-02-01,2022-06-14-13,0.3259433022762564
NSML,Activity,82,RMEL,2022-08-02-01,2022-06-14-13,0.4185417024292844
M4,Activity,82,RMEL,2022-08-02-01,2022-06-14-13,0.5400668894297873
M3R,Activity,82,RMEL,2022-08-02-01,2022-06-14-13,-0.06474695724521244
M3L,Activity,82,RMEL,2022-08-02-01,2022-06-14-13,0.41453943428648843
IL2VL,Activity,82,RMEL,2022-08-02-01,2022-06-14-13,0.4754682651376485
IL1R,Activity,82,RMEL,2022-08-02-01,2022-06-14-13,0.17905077313539036
OLLL,Activity,82,RMEL,2022-08-02-01,2022-06-14-13,0.07320330130858133
IL2L,Activity,82,RMEL,2022-08-02-01,2022-06-14-13,0.5624806800375468
URBR,Activity,82,RMEL,2022-08-02-01,2022-06-14-13,-0.1288788915148187
OLLR,Activity,82,RMEL,2022-08-02-01,2022-06-14-13,-0.02935084504053995
IL1DL,Activity,82,RMEL,2022-08-02-01,2022-06-14-13,0.08312701655360334
IL1DR,Activity,82,RMEL,2022-08-02-01,2022-06-14-13,-0.05612609096055779
URYVR,Activity,82,RMEL,2022-08-02-01,2022-06-14-13,-0.6447995224513017
IL2R,Activity,82,RMEL,2022-08-02-01,2022-06-14-13,-0.20064084488131748
URYDL,Activity,82,RMEL,2022-08-02-01,2022-06-14-13,-0.7076906985681801
IL1L,Activity,82,RMEL,2022-08-02-01,2022-06-14-13,0.607616538404565
URBL,Activity,82,RMEL,2022-08-02-01,2022-06-14-13,0.5671788851076167
OLQDR,Activity,82,RMEL,2022-08-02-01,2022-06-14-13,-0.15463918601408955
OLQDL,Activity,82,RMEL,2022-08-02-01,2022-06-14-13,0.45583477172773273
RMER,Activity,82,RMEL,2022-08-02-01,2022-06-14-13,0.689894475316713
OLQVR,Activity,82,RMEL,2022-08-02-01,2022-06-14-13,-0.1993678437753668
URYVL,Activity,82,RMEL,2022-08-02-01,2022-06-14-13,-0.4794122043585302
RMED,Activity,82,RMEL,2022-08-02-01,2022-06-14-13,0.8077524869804584
RMEL,Activity,83,RMEL,2022-08-02-01,2022-06-14-13,0.6327165243610232
CEPVR,Activity,82,RMEL,2022-08-02-01,2022-06-14-13,-0.08586337076360834
OLQVL,Activity,82,RMEL,2022-08-02-01,2022-06-14-13,0.14467799246917187
CEPVL,Activity,82,RMEL,2022-08-02-01,2022-06-14-13,0.18549258851412664
SAAVR,Activity,82,RMEL,2022-08-02-01,2022-06-14-13,-0.7071402640171718
RID,Activity,82,RMEL,2022-08-02-01,2022-06-14-13,0.699041260768754
SMDVR,Activity,82,RMEL,2022-08-02-01,2022-06-14-13,0.21060491193005978
URXR,Activity,82,RMEL,2022-08-02-01,2022-06-14-13,0.5593902179652556
RIAR,Activity,82,RMEL,2022-08-02-01,2022-06-14-13,0.1417540386549528
AVAR,Activity,82,RMEL,2022-08-02-01,2022-06-14-13,-0.7940725515915179
SAAVL,Activity,82,RMEL,2022-08-02-01,2022-06-14-13,-0.5656592556982198
CEPDR,Activity,82,RMEL,2022-08-02-01,2022-06-14-13,0.3513752369080255
URXL,Activity,82,RMEL,2022-08-02-01,2022-06-14-13,0.527104447688881
CEPDL,Activity,82,RMEL,2022-08-02-01,2022-06-14-13,0.690553376855477
SMDDR,Activity,82,RMEL,2022-08-02-01,2022-06-14-13,-0.05432420799726824
RMEV,Activity,82,RMEL,2022-08-02-01,2022-06-14-13,0.7817622067792368
RIAL,Activity,82,RMEL,2022-08-02-01,2022-06-14-13,0.4217342281679875
AVER,Activity,82,RMEL,2022-08-02-01,2022-06-14-13,-0.7815098607342944
AWAR,Activity,82,RMEL,2022-08-02-01,2022-06-14-13,-0.7388549799550562
SMDVL,Activity,82,RMEL,2022-08-02-01,2022-06-14-13,-0.16621401842656885
AVAL,Activity,82,RMEL,2022-08-02-01,2022-06-14-13,-0.7767709037572258
RMDL,Activity,82,RMEL,2022-08-02-01,2022-06-14-13,-0.5473390631070253
AIBR,Activity,82,RMEL,2022-08-02-01,2022-06-14-13,-0.8052537839371409
ASGR,Activity,82,RMEL,2022-08-02-01,2022-06-14-13,-0.7183571289428297
AVL,Activity,82,RMEL,2022-08-02-01,2022-06-14-13,-0.8060995829072786
AVEL,Activity,82,RMEL,2022-08-02-01,2022-06-14-13,-0.7954317250148288
ASGL,Activity,82,RMEL,2022-08-02-01,2022-06-14-13,-0.7708912177833127
ASHL,Activity,82,RMEL,2022-08-02-01,2022-06-14-13,-0.6839485950254893
AIBL,Activity,82,RMEL,2022-08-02-01,2022-06-14-13,-0.7912370766563441
AVHL,Activity,82,RMEL,2022-08-02-01,2022-06-14-13,0.4528213787878584
AWBL,Activity,82,RMEL,2022-08-02-01,2022-06-14-13,-0.4196828295766878
RIVL,Activity,82,RMEL,2022-08-02-01,2022-06-14-13,-0.13867004305831232
AWCL,Activity,82,RMEL,2022-08-02-01,2022-06-14-13,0.22670091260944947
SMDDL,Activity,82,RMEL,2022-08-02-01,2022-06-14-13,-0.09974794120535631
AVJR,Activity,82,RMEL,2022-08-02-01,2022-06-14-13,0.38960366110765643
AIZL,Activity,82,RMEL,2022-08-02-01,2022-06-14-13,0.5369271012853152
RIBL,Activity,82,RMEL,2022-08-02-01,2022-06-14-13,0.738430908431684
ASEL,Activity,82,RMEL,2022-08-02-01,2022-06-14-13,0.7449597100201105
AVDR,Activity,82,RMEL,2022-08-02-01,2022-06-14-13,0.2943602844934234
AVDL,Activity,82,RMEL,2022-08-02-01,2022-06-14-13,0.4815374383491397
AVJL,Activity,82,RMEL,2022-08-02-01,2022-06-14-13,-0.14718709092110394
RIVR,Activity,82,RMEL,2022-08-02-01,2022-06-14-13,-0.02679590565964681
AIZR,Activity,82,RMEL,2022-08-02-01,2022-06-14-13,-0.4427658022231307
AUAR,Activity,82,RMEL,2022-08-02-01,2022-06-14-13,0.11851079897032649
AUAL,Activity,82,RMEL,2022-08-02-01,2022-06-14-13,0.605855353758743
RICR,Activity,82,RMEL,2022-08-02-01,2022-06-14-13,0.4931185938993317
RICL,Activity,82,RMEL,2022-08-02-01,2022-06-14-13,0.4850809597868677
M5,Activity,82,RMEL,2022-08-02-01,2022-06-14-13,0.3374301269031572
AIML,Activity,82,RMEL,2022-08-02-01,2022-06-14-13,0.6310507433556104
AIMR,Activity,82,RMEL,2022-08-02-01,2022-06-14-13,0.5202898023521488
FLPL,Activity,82,RMEL,2022-08-02-01,2022-06-14-13,0.658047555895687
ADEL,Activity,82,RMEL,2022-08-02-01,2022-06-14-13,0.5491974744253425
VB02,Activity,82,RMEL,2022-08-02-01,2022-06-14-13,0.7693393401650875
ADAL,Activity,82,RMEL,2022-08-02-01,2022-06-14-13,-0.5484077500287
I1R,Activity,82,CEPVR,2022-08-02-01,2022-06-14-13,-0.33432976585974256
IL2DL,Activity,82,CEPVR,2022-08-02-01,2022-06-14-13,-0.20486990321382528
I2R,Activity,82,CEPVR,2022-08-02-01,2022-06-14-13,-0.07982699458789676
I3,Activity,82,CEPVR,2022-08-02-01,2022-06-14-13,0.23898864845942108
NSMR,Activity,82,CEPVR,2022-08-02-01,2022-06-14-13,-0.2718361893597035
I2L,Activity,82,CEPVR,2022-08-02-01,2022-06-14-13,-0.04970120733911316
MCL,Activity,82,CEPVR,2022-08-02-01,2022-06-14-13,-0.28163434846408303
NSML,Activity,82,CEPVR,2022-08-02-01,2022-06-14-13,-0.2364762614893436
M4,Activity,82,CEPVR,2022-08-02-01,2022-06-14-13,0.009925028645837166
M3R,Activity,82,CEPVR,2022-08-02-01,2022-06-14-13,0.13803226654724532
M3L,Activity,82,CEPVR,2022-08-02-01,2022-06-14-13,-0.05068728255447359
IL2VL,Activity,82,CEPVR,2022-08-02-01,2022-06-14-13,-0.11822697548344481
IL1R,Activity,82,CEPVR,2022-08-02-01,2022-06-14-13,0.1320769588241174
OLLL,Activity,82,CEPVR,2022-08-02-01,2022-06-14-13,0.6376701085043989
IL2L,Activity,82,CEPVR,2022-08-02-01,2022-06-14-13,0.054082827503521246
URBR,Activity,82,CEPVR,2022-08-02-01,2022-06-14-13,0.5629575555598578
OLLR,Activity,82,CEPVR,2022-08-02-01,2022-06-14-13,0.6160784663396067
IL1DL,Activity,82,CEPVR,2022-08-02-01,2022-06-14-13,0.6670513351585595
IL1DR,Activity,82,CEPVR,2022-08-02-01,2022-06-14-13,0.41402098916635427
URYVR,Activity,82,CEPVR,2022-08-02-01,2022-06-14-13,0.028151749228932064
IL2R,Activity,82,CEPVR,2022-08-02-01,2022-06-14-13,0.49853290863151895
URYDL,Activity,82,CEPVR,2022-08-02-01,2022-06-14-13,-0.006048663241235462
IL1L,Activity,82,CEPVR,2022-08-02-01,2022-06-14-13,0.4564747299535057
URBL,Activity,82,CEPVR,2022-08-02-01,2022-06-14-13,0.5125127504004005
OLQDR,Activity,82,CEPVR,2022-08-02-01,2022-06-14-13,0.5462431424568326
OLQDL,Activity,82,CEPVR,2022-08-02-01,2022-06-14-13,0.6648618203053572
RMER,Activity,82,CEPVR,2022-08-02-01,2022-06-14-13,0.2777973410298252
OLQVR,Activity,82,CEPVR,2022-08-02-01,2022-06-14-13,0.49954361089998983
URYVL,Activity,82,CEPVR,2022-08-02-01,2022-06-14-13,0.26196993060488916
RMED,Activity,82,CEPVR,2022-08-02-01,2022-06-14-13,0.2970075091454429
RMEL,Activity,82,CEPVR,2022-08-02-01,2022-06-14-13,0.2425643231448467
CEPVR,Activity,83,CEPVR,2022-08-02-01,2022-06-14-13,0.5800325613981899
OLQVL,Activity,82,CEPVR,2022-08-02-01,2022-06-14-13,0.6895919241922733
CEPVL,Activity,82,CEPVR,2022-08-02-01,2022-06-14-13,0.5761745495704774
SAAVR,Activity,82,CEPVR,2022-08-02-01,2022-06-14-13,-0.4573669753501062
RID,Activity,82,CEPVR,2022-08-02-01,2022-06-14-13,0.007474531499962285
SMDVR,Activity,82,CEPVR,2022-08-02-01,2022-06-14-13,0.07919960552477347
URXR,Activity,82,CEPVR,2022-08-02-01,2022-06-14-13,-0.1282417409216722
RIAR,Activity,82,CEPVR,2022-08-02-01,2022-06-14-13,0.47192248757338895
AVAR,Activity,82,CEPVR,2022-08-02-01,2022-06-14-13,-0.16859109896175198
SAAVL,Activity,82,CEPVR,2022-08-02-01,2022-06-14-13,-0.4536577237936124
CEPDR,Activity,82,CEPVR,2022-08-02-01,2022-06-14-13,0.6474989966378207
URXL,Activity,82,CEPVR,2022-08-02-01,2022-06-14-13,-0.10711186166212759
CEPDL,Activity,82,CEPVR,2022-08-02-01,2022-06-14-13,0.4353927899217374
SMDDR,Activity,82,CEPVR,2022-08-02-01,2022-06-14-13,0.5676600519019156
RMEV,Activity,82,CEPVR,2022-08-02-01,2022-06-14-13,0.07623011871448555
RIAL,Activity,82,CEPVR,2022-08-02-01,2022-06-14-13,-0.26616116241512117
AVER,Activity,82,CEPVR,2022-08-02-01,2022-06-14-13,-0.17755227920709418
AWAR,Activity,82,CEPVR,2022-08-02-01,2022-06-14-13,-0.2883253868774923
SMDVL,Activity,82,CEPVR,2022-08-02-01,2022-06-14-13,0.21056753615161397
AVAL,Activity,82,CEPVR,2022-08-02-01,2022-06-14-13,-0.13689967811206508
RMDL,Activity,82,CEPVR,2022-08-02-01,2022-06-14-13,0.21920274441877846
AIBR,Activity,82,CEPVR,2022-08-02-01,2022-06-14-13,-0.19129182882250736
ASGR,Activity,82,CEPVR,2022-08-02-01,2022-06-14-13,-0.19179262508142003
AVL,Activity,82,CEPVR,2022-08-02-01,2022-06-14-13,-0.2098238363174577
AVEL,Activity,82,CEPVR,2022-08-02-01,2022-06-14-13,-0.16085392695937845
ASGL,Activity,82,CEPVR,2022-08-02-01,2022-06-14-13,-0.30077904614735196
ASHL,Activity,82,CEPVR,2022-08-02-01,2022-06-14-13,-0.08356275473114351
AIBL,Activity,82,CEPVR,2022-08-02-01,2022-06-14-13,-0.17309691932546883
AVHL,Activity,82,CEPVR,2022-08-02-01,2022-06-14-13,-0.21967611240843984
AWBL,Activity,82,CEPVR,2022-08-02-01,2022-06-14-13,0.29623796583971784
RIVL,Activity,82,CEPVR,2022-08-02-01,2022-06-14-13,0.3286310998317455
AWCL,Activity,82,CEPVR,2022-08-02-01,2022-06-14-13,-0.5335975708466035
SMDDL,Activity,82,CEPVR,2022-08-02-01,2022-06-14-13,0.17178333210735836
AVJR,Activity,82,CEPVR,2022-08-02-01,2022-06-14-13,-0.22981682055380367
AIZL,Activity,82,CEPVR,2022-08-02-01,2022-06-14-13,-0.17035729017500184
RIBL,Activity,82,CEPVR,2022-08-02-01,2022-06-14-13,0.28667614951524895
ASEL,Activity,82,CEPVR,2022-08-02-01,2022-06-14-13,0.09845450578996856
AVDR,Activity,82,CEPVR,2022-08-02-01,2022-06-14-13,-0.3619379267568419
AVDL,Activity,82,CEPVR,2022-08-02-01,2022-06-14-13,-0.16448430782870851
AVJL,Activity,82,CEPVR,2022-08-02-01,2022-06-14-13,0.02399592020740348
RIVR,Activity,82,CEPVR,2022-08-02-01,2022-06-14-13,0.3386641156302242
AIZR,Activity,82,CEPVR,2022-08-02-01,2022-06-14-13,-0.0634880537063501
AUAR,Activity,82,CEPVR,2022-08-02-01,2022-06-14-13,0.6009088944565535
AUAL,Activity,82,CEPVR,2022-08-02-01,2022-06-14-13,-0.1344303699547784
RICR,Activity,82,CEPVR,2022-08-02-01,2022-06-14-13,-0.25250563834274115
RICL,Activity,82,CEPVR,2022-08-02-01,2022-06-14-13,-0.2632012372108488
M5,Activity,82,CEPVR,2022-08-02-01,2022-06-14-13,0.3195087620084246
AIML,Activity,82,CEPVR,2022-08-02-01,2022-06-14-13,0.28249535596129793
AIMR,Activity,82,CEPVR,2022-08-02-01,2022-06-14-13,0.23003736047396353
FLPL,Activity,82,CEPVR,2022-08-02-01,2022-06-14-13,0.041835058951549015
ADEL,Activity,82,CEPVR,2022-08-02-01,2022-06-14-13,0.02946479149207621
VB02,Activity,82,CEPVR,2022-08-02-01,2022-06-14-13,0.3377519540043931
ADAL,Activity,82,CEPVR,2022-08-02-01,2022-06-14-13,0.11273341857275841
I1R,Activity,82,OLQVL,2022-08-02-01,2022-06-14-13,-0.5802749493917574
IL2DL,Activity,82,OLQVL,2022-08-02-01,2022-06-14-13,-0.6197868290339547
I2R,Activity,82,OLQVL,2022-08-02-01,2022-06-14-13,-0.052079438403329605
I3,Activity,82,OLQVL,2022-08-02-01,2022-06-14-13,0.679936113452819
NSMR,Activity,82,OLQVL,2022-08-02-01,2022-06-14-13,-0.6346125284096025
I2L,Activity,82,OLQVL,2022-08-02-01,2022-06-14-13,-0.576633848312063
MCL,Activity,82,OLQVL,2022-08-02-01,2022-06-14-13,-0.5983723967438733
NSML,Activity,82,OLQVL,2022-08-02-01,2022-06-14-13,-0.640368305229043
M4,Activity,82,OLQVL,2022-08-02-01,2022-06-14-13,-0.4429366509573093
M3R,Activity,82,OLQVL,2022-08-02-01,2022-06-14-13,0.15259872519448187
M3L,Activity,82,OLQVL,2022-08-02-01,2022-06-14-13,-0.4548358202135885
IL2VL,Activity,82,OLQVL,2022-08-02-01,2022-06-14-13,-0.5571884740875026
IL1R,Activity,82,OLQVL,2022-08-02-01,2022-06-14-13,-0.039863113723552404
OLLL,Activity,82,OLQVL,2022-08-02-01,2022-06-14-13,0.6134665780095894
IL2L,Activity,82,OLQVL,2022-08-02-01,2022-06-14-13,-0.41287041036335864
URBR,Activity,82,OLQVL,2022-08-02-01,2022-06-14-13,0.6948921950962803
OLLR,Activity,82,OLQVL,2022-08-02-01,2022-06-14-13,0.6648129156132591
IL1DL,Activity,82,OLQVL,2022-08-02-01,2022-06-14-13,0.6763212858400804
IL1DR,Activity,82,OLQVL,2022-08-02-01,2022-06-14-13,0.43008646209131696
URYVR,Activity,82,OLQVL,2022-08-02-01,2022-06-14-13,0.53258883425061
IL2R,Activity,82,OLQVL,2022-08-02-01,2022-06-14-13,0.6378743778004904
URYDL,Activity,82,OLQVL,2022-08-02-01,2022-06-14-13,0.6007635083814059
IL1L,Activity,82,OLQVL,2022-08-02-01,2022-06-14-13,0.03955167383824584
URBL,Activity,82,OLQVL,2022-08-02-01,2022-06-14-13,0.14630840578437995
OLQDR,Activity,82,OLQVL,2022-08-02-01,2022-06-14-13,0.6895253538617698
OLQDL,Activity,82,OLQVL,2022-08-02-01,2022-06-14-13,0.38940840408990196
RMER,Activity,82,OLQVL,2022-08-02-01,2022-06-14-13,-0.3827633076333872
OLQVR,Activity,82,OLQVL,2022-08-02-01,2022-06-14-13,0.6789575768668334
URYVL,Activity,82,OLQVL,2022-08-02-01,2022-06-14-13,0.7112026442757127
RMED,Activity,82,OLQVL,2022-08-02-01,2022-06-14-13,-0.3471722240081308
RMEL,Activity,82,OLQVL,2022-08-02-01,2022-06-14-13,-0.1416074609867332
CEPVR,Activity,82,OLQVL,2022-08-02-01,2022-06-14-13,0.6322262376784334
OLQVL,Activity,83,OLQVL,2022-08-02-01,2022-06-14-13,0.658255870245854
CEPVL,Activity,82,OLQVL,2022-08-02-01,2022-06-14-13,0.44574392741639624
SAAVR,Activity,82,OLQVL,2022-08-02-01,2022-06-14-13,0.08344710274249645
RID,Activity,82,OLQVL,2022-08-02-01,2022-06-14-13,-0.557700766666292
SMDVR,Activity,82,OLQVL,2022-08-02-01,2022-06-14-13,-0.0358576048197538
URXR,Activity,82,OLQVL,2022-08-02-01,2022-06-14-13,-0.6406974311226831
RIAR,Activity,82,OLQVL,2022-08-02-01,2022-06-14-13,0.3614900474417273
AVAR,Activity,82,OLQVL,2022-08-02-01,2022-06-14-13,0.46508102768406206
SAAVL,Activity,82,OLQVL,2022-08-02-01,2022-06-14-13,-0.01969343421242824
CEPDR,Activity,82,OLQVL,2022-08-02-01,2022-06-14-13,0.38720495569172264
URXL,Activity,82,OLQVL,2022-08-02-01,2022-06-14-13,-0.4933147053180378
CEPDL,Activity,82,OLQVL,2022-08-02-01,2022-06-14-13,-0.05886544655299047
SMDDR,Activity,82,OLQVL,2022-08-02-01,2022-06-14-13,0.6308893733341034
RMEV,Activity,82,OLQVL,2022-08-02-01,2022-06-14-13,-0.5536888924630938
RIAL,Activity,82,OLQVL,2022-08-02-01,2022-06-14-13,-0.6685956801117721
AVER,Activity,82,OLQVL,2022-08-02-01,2022-06-14-13,0.4303245564395698
AWAR,Activity,82,OLQVL,2022-08-02-01,2022-06-14-13,0.2869794582826796
SMDVL,Activity,82,OLQVL,2022-08-02-01,2022-06-14-13,0.35209873420655846
AVAL,Activity,82,OLQVL,2022-08-02-01,2022-06-14-13,0.47839662783206677
RMDL,Activity,82,OLQVL,2022-08-02-01,2022-06-14-13,0.6549663958821813
AIBR,Activity,82,OLQVL,2022-08-02-01,2022-06-14-13,0.44427762600926196
ASGR,Activity,82,OLQVL,2022-08-02-01,2022-06-14-13,0.32938964086411837
AVL,Activity,82,OLQVL,2022-08-02-01,2022-06-14-13,0.41236259537011594
AVEL,Activity,82,OLQVL,2022-08-02-01,2022-06-14-13,0.4604942401264177
ASGL,Activity,82,OLQVL,2022-08-02-01,2022-06-14-13,0.2944954932113605
ASHL,Activity,82,OLQVL,2022-08-02-01,2022-06-14-13,0.4894652048398499
AIBL,Activity,82,OLQVL,2022-08-02-01,2022-06-14-13,0.4598637785559956
AVHL,Activity,82,OLQVL,2022-08-02-01,2022-06-14-13,-0.6440173444832453
AWBL,Activity,82,OLQVL,2022-08-02-01,2022-06-14-13,0.670675843025848
RIVL,Activity,82,OLQVL,2022-08-02-01,2022-06-14-13,0.5696675856911435
AWCL,Activity,82,OLQVL,2022-08-02-01,2022-06-14-13,-0.7424909069319844
SMDDL,Activity,82,OLQVL,2022-08-02-01,2022-06-14-13,0.13399769429314848
AVJR,Activity,82,OLQVL,2022-08-02-01,2022-06-14-13,-0.5496177168300894
AIZL,Activity,82,OLQVL,2022-08-02-01,2022-06-14-13,-0.6371217042254849
RIBL,Activity,82,OLQVL,2022-08-02-01,2022-06-14-13,-0.27434344656214144
ASEL,Activity,82,OLQVL,2022-08-02-01,2022-06-14-13,-0.5428327713873059
AVDR,Activity,82,OLQVL,2022-08-02-01,2022-06-14-13,-0.6621218466378221
AVDL,Activity,82,OLQVL,2022-08-02-01,2022-06-14-13,-0.6108565066545854
AVJL,Activity,82,OLQVL,2022-08-02-01,2022-06-14-13,0.20272523643756135
RIVR,Activity,82,OLQVL,2022-08-02-01,2022-06-14-13,0.4749797499055084
AIZR,Activity,82,OLQVL,2022-08-02-01,2022-06-14-13,0.2847600916423255
AUAR,Activity,82,OLQVL,2022-08-02-01,2022-06-14-13,0.48959276410339175
AUAL,Activity,82,OLQVL,2022-08-02-01,2022-06-14-13,-0.6571087712020414
RICR,Activity,82,OLQVL,2022-08-02-01,2022-06-14-13,-0.7460686013929035
RICL,Activity,82,OLQVL,2022-08-02-01,2022-06-14-13,-0.7533721305260769
M5,Activity,82,OLQVL,2022-08-02-01,2022-06-14-13,0.06071199028314197
AIML,Activity,82,OLQVL,2022-08-02-01,2022-06-14-13,-0.2695414728329834
AIMR,Activity,82,OLQVL,2022-08-02-01,2022-06-14-13,-0.24512855342111878
FLPL,Activity,82,OLQVL,2022-08-02-01,2022-06-14-13,-0.4548532167766791
ADEL,Activity,82,OLQVL,2022-08-02-01,2022-06-14-13,-0.3968278867532616
VB02,Activity,82,OLQVL,2022-08-02-01,2022-06-14-13,-0.3169549332939811
ADAL,Activity,82,OLQVL,2022-08-02-01,2022-06-14-13,0.6055495069366417
I1R,Activity,82,CEPVL,2022-08-02-01,2022-06-14-13,0.46090620459256965
IL2DL,Activity,82,CEPVL,2022-08-02-01,2022-06-14-13,0.5590831545724742
I2R,Activity,82,CEPVL,2022-08-02-01,2022-06-14-13,-0.1012519181681246
I3,Activity,82,CEPVL,2022-08-02-01,2022-06-14-13,-0.5179999063147965
NSMR,Activity,82,CEPVL,2022-08-02-01,2022-06-14-13,0.5098289490915084
I2L,Activity,82,CEPVL,2022-08-02-01,2022-06-14-13,0.46565958299772753
MCL,Activity,82,CEPVL,2022-08-02-01,2022-06-14-13,0.4997777400833297
NSML,Activity,82,CEPVL,2022-08-02-01,2022-06-14-13,0.5205102784597337
M4,Activity,82,CEPVL,2022-08-02-01,2022-06-14-13,0.4527782537549746
M3R,Activity,82,CEPVL,2022-08-02-01,2022-06-14-13,0.2745851583730377
M3L,Activity,82,CEPVL,2022-08-02-01,2022-06-14-13,0.5550031209647098
IL2VL,Activity,82,CEPVL,2022-08-02-01,2022-06-14-13,0.5847981210504526
IL1R,Activity,82,CEPVL,2022-08-02-01,2022-06-14-13,-0.24253975408226774
OLLL,Activity,82,CEPVL,2022-08-02-01,2022-06-14-13,0.03451780164299586
IL2L,Activity,82,CEPVL,2022-08-02-01,2022-06-14-13,0.5906709007207048
URBR,Activity,82,CEPVL,2022-08-02-01,2022-06-14-13,-0.1686966595458944
OLLR,Activity,82,CEPVL,2022-08-02-01,2022-06-14-13,-0.07036876352923357
IL1DL,Activity,82,CEPVL,2022-08-02-01,2022-06-14-13,-0.03322369151890393
IL1DR,Activity,82,CEPVL,2022-08-02-01,2022-06-14-13,-0.33862336018596373
URYVR,Activity,82,CEPVL,2022-08-02-01,2022-06-14-13,-0.5249301843290817
IL2R,Activity,82,CEPVL,2022-08-02-01,2022-06-14-13,-0.24056359913564607
URYDL,Activity,82,CEPVL,2022-08-02-01,2022-06-14-13,-0.5011055863263456
IL1L,Activity,82,CEPVL,2022-08-02-01,2022-06-14-13,0.46855529438874205
URBL,Activity,82,CEPVL,2022-08-02-01,2022-06-14-13,0.3613182364660348
OLQDR,Activity,82,CEPVL,2022-08-02-01,2022-06-14-13,-0.18760665723122816
OLQDL,Activity,82,CEPVL,2022-08-02-01,2022-06-14-13,0.22765703844585192
RMER,Activity,82,CEPVL,2022-08-02-01,2022-06-14-13,0.29607496209999135
OLQVR,Activity,82,CEPVL,2022-08-02-01,2022-06-14-13,-0.1998894293003968
URYVL,Activity,82,CEPVL,2022-08-02-01,2022-06-14-13,-0.4382272560548119
RMED,Activity,82,CEPVL,2022-08-02-01,2022-06-14-13,0.4423815363848824
RMEL,Activity,82,CEPVL,2022-08-02-01,2022-06-14-13,0.52196862729891
CEPVR,Activity,82,CEPVL,2022-08-02-01,2022-06-14-13,-0.07431552400435895
OLQVL,Activity,82,CEPVL,2022-08-02-01,2022-06-14-13,0.002755839392739405
CEPVL,Activity,83,CEPVL,2022-08-02-01,2022-06-14-13,0.27105868673839273
SAAVR,Activity,82,CEPVL,2022-08-02-01,2022-06-14-13,-0.23115354399988655
RID,Activity,82,CEPVL,2022-08-02-01,2022-06-14-13,0.45639604314807874
SMDVR,Activity,82,CEPVL,2022-08-02-01,2022-06-14-13,-0.0045523682582783945
URXR,Activity,82,CEPVL,2022-08-02-01,2022-06-14-13,0.5068661081857843
RIAR,Activity,82,CEPVL,2022-08-02-01,2022-06-14-13,-0.11487434336149305
AVAR,Activity,82,CEPVL,2022-08-02-01,2022-06-14-13,-0.527257266037051
SAAVL,Activity,82,CEPVL,2022-08-02-01,2022-06-14-13,-0.07874488058515176
CEPDR,Activity,82,CEPVL,2022-08-02-01,2022-06-14-13,0.24487498261976848
URXL,Activity,82,CEPVL,2022-08-02-01,2022-06-14-13,0.4465119697502881
CEPDL,Activity,82,CEPVL,2022-08-02-01,2022-06-14-13,0.4888804057756501
SMDDR,Activity,82,CEPVL,2022-08-02-01,2022-06-14-13,-0.044738078090470805
RMEV,Activity,82,CEPVL,2022-08-02-01,2022-06-14-13,0.4594086373161048
RIAL,Activity,82,CEPVL,2022-08-02-01,2022-06-14-13,0.44524612937379937
AVER,Activity,82,CEPVL,2022-08-02-01,2022-06-14-13,-0.4594489389491197
AWAR,Activity,82,CEPVL,2022-08-02-01,2022-06-14-13,-0.5771672486076077
SMDVL,Activity,82,CEPVL,2022-08-02-01,2022-06-14-13,-0.2652018675902035
AVAL,Activity,82,CEPVL,2022-08-02-01,2022-06-14-13,-0.5275908519714848
RMDL,Activity,82,CEPVL,2022-08-02-01,2022-06-14-13,-0.423036814655642
AIBR,Activity,82,CEPVL,2022-08-02-01,2022-06-14-13,-0.4479544192057752
ASGR,Activity,82,CEPVL,2022-08-02-01,2022-06-14-13,-0.46554261129183927
AVL,Activity,82,CEPVL,2022-08-02-01,2022-06-14-13,-0.4827861223915168
AVEL,Activity,82,CEPVL,2022-08-02-01,2022-06-14-13,-0.47783793991001816
ASGL,Activity,82,CEPVL,2022-08-02-01,2022-06-14-13,-0.45114164576451615
ASHL,Activity,82,CEPVL,2022-08-02-01,2022-06-14-13,-0.5993950062087945
AIBL,Activity,82,CEPVL,2022-08-02-01,2022-06-14-13,-0.4719264944935925
AVHL,Activity,82,CEPVL,2022-08-02-01,2022-06-14-13,0.4505345196852905
AWBL,Activity,82,CEPVL,2022-08-02-01,2022-06-14-13,-0.3379026365058439
RIVL,Activity,82,CEPVL,2022-08-02-01,2022-06-14-13,-0.12846029807902595
AWCL,Activity,82,CEPVL,2022-08-02-01,2022-06-14-13,0.18367543291753632
SMDDL,Activity,82,CEPVL,2022-08-02-01,2022-06-14-13,-0.02459317681524174
AVJR,Activity,82,CEPVL,2022-08-02-01,2022-06-14-13,0.24332108834986443
AIZL,Activity,82,CEPVL,2022-08-02-01,2022-06-14-13,0.5957057681535131
RIBL,Activity,82,CEPVL,2022-08-02-01,2022-06-14-13,0.3125976382937231
ASEL,Activity,82,CEPVL,2022-08-02-01,2022-06-14-13,0.5987735385914463
AVDR,Activity,82,CEPVL,2022-08-02-01,2022-06-14-13,0.42274764352604904
AVDL,Activity,82,CEPVL,2022-08-02-01,2022-06-14-13,0.5655909518021942
AVJL,Activity,82,CEPVL,2022-08-02-01,2022-06-14-13,-0.36454382785505934
RIVR,Activity,82,CEPVL,2022-08-02-01,2022-06-14-13,-0.05678853968623661
AIZR,Activity,82,CEPVL,2022-08-02-01,2022-06-14-13,-0.39119301268359474
AUAR,Activity,82,CEPVL,2022-08-02-01,2022-06-14-13,0.005059847730482772
AUAL,Activity,82,CEPVL,2022-08-02-01,2022-06-14-13,0.3617233811360163
RICR,Activity,82,CEPVL,2022-08-02-01,2022-06-14-13,0.4737192537139786
RICL,Activity,82,CEPVL,2022-08-02-01,2022-06-14-13,0.319987976964844
M5,Activity,82,CEPVL,2022-08-02-01,2022-06-14-13,-0.04032495784480952
AIML,Activity,82,CEPVL,2022-08-02-01,2022-06-14-13,0.21448362886734926
AIMR,Activity,82,CEPVL,2022-08-02-01,2022-06-14-13,0.13390280481244296
FLPL,Activity,82,CEPVL,2022-08-02-01,2022-06-14-13,0.4870402333330877
ADEL,Activity,82,CEPVL,2022-08-02-01,2022-06-14-13,0.4410701465036671
VB02,Activity,82,CEPVL,2022-08-02-01,2022-06-14-13,0.4420409243107833
ADAL,Activity,82,CEPVL,2022-08-02-01,2022-06-14-13,-0.582322646573017
I1R,Activity,82,SAAVR,2022-08-02-01,2022-06-14-13,0.01009262513816061
IL2DL,Activity,82,SAAVR,2022-08-02-01,2022-06-14-13,-0.10798070601122342
I2R,Activity,82,SAAVR,2022-08-02-01,2022-06-14-13,-0.14628131723853702
I3,Activity,82,SAAVR,2022-08-02-01,2022-06-14-13,0.1507398833125559
NSMR,Activity,82,SAAVR,2022-08-02-01,2022-06-14-13,-0.08556332482748537
I2L,Activity,82,SAAVR,2022-08-02-01,2022-06-14-13,-0.3943930986398612
MCL,Activity,82,SAAVR,2022-08-02-01,2022-06-14-13,-0.04939177271972665
NSML,Activity,82,SAAVR,2022-08-02-01,2022-06-14-13,-0.13558414446966746
M4,Activity,82,SAAVR,2022-08-02-01,2022-06-14-13,-0.3896334429428421
M3R,Activity,82,SAAVR,2022-08-02-01,2022-06-14-13,0.04683448605034662
M3L,Activity,82,SAAVR,2022-08-02-01,2022-06-14-13,-0.1992207280037135
IL2VL,Activity,82,SAAVR,2022-08-02-01,2022-06-14-13,-0.230740281175168
IL1R,Activity,82,SAAVR,2022-08-02-01,2022-06-14-13,-0.18925564170770492
OLLL,Activity,82,SAAVR,2022-08-02-01,2022-06-14-13,-0.2522034393514715
IL2L,Activity,82,SAAVR,2022-08-02-01,2022-06-14-13,-0.34901646013250576
URBR,Activity,82,SAAVR,2022-08-02-01,2022-06-14-13,-0.1139887465114857
OLLR,Activity,82,SAAVR,2022-08-02-01,2022-06-14-13,-0.1895710266828228
IL1DL,Activity,82,SAAVR,2022-08-02-01,2022-06-14-13,-0.3098674645696833
IL1DR,Activity,82,SAAVR,2022-08-02-01,2022-06-14-13,-0.14545842402882844
URYVR,Activity,82,SAAVR,2022-08-02-01,2022-06-14-13,0.38624815350284836
IL2R,Activity,82,SAAVR,2022-08-02-01,2022-06-14-13,-0.06612051551485935
URYDL,Activity,82,SAAVR,2022-08-02-01,2022-06-14-13,0.4330565620437412
IL1L,Activity,82,SAAVR,2022-08-02-01,2022-06-14-13,-0.5540260512811463
URBL,Activity,82,SAAVR,2022-08-02-01,2022-06-14-13,-0.5820735410745312
OLQDR,Activity,82,SAAVR,2022-08-02-01,2022-06-14-13,-0.08992055590655093
OLQDL,Activity,82,SAAVR,2022-08-02-01,2022-06-14-13,-0.5646571179490043
RMER,Activity,82,SAAVR,2022-08-02-01,2022-06-14-13,-0.5519436524763234
OLQVR,Activity,82,SAAVR,2022-08-02-01,2022-06-14-13,-0.03635127775774185
URYVL,Activity,82,SAAVR,2022-08-02-01,2022-06-14-13,0.1619198322549071
RMED,Activity,82,SAAVR,2022-08-02-01,2022-06-14-13,-0.6537927278275457
RMEL,Activity,82,SAAVR,2022-08-02-01,2022-06-14-13,-0.46594580951912357
CEPVR,Activity,82,SAAVR,2022-08-02-01,2022-06-14-13,-0.1146435313810172
OLQVL,Activity,82,SAAVR,2022-08-02-01,2022-06-14-13,-0.33982877554455854
CEPVL,Activity,82,SAAVR,2022-08-02-01,2022-06-14-13,-0.30539031989457927
SAAVR,Activity,83,SAAVR,2022-08-02-01,2022-06-14-13,0.7467274131859735
RID,Activity,82,SAAVR,2022-08-02-01,2022-06-14-13,-0.4527487466582984
SMDVR,Activity,82,SAAVR,2022-08-02-01,2022-06-14-13,-0.21692174339784223
URXR,Activity,82,SAAVR,2022-08-02-01,2022-06-14-13,-0.2615784545293886
RIAR,Activity,82,SAAVR,2022-08-02-01,2022-06-14-13,-0.32451963395376954
AVAR,Activity,82,SAAVR,2022-08-02-01,2022-06-14-13,0.5635409558939398
SAAVL,Activity,82,SAAVR,2022-08-02-01,2022-06-14-13,0.6097572920073703
CEPDR,Activity,82,SAAVR,2022-08-02-01,2022-06-14-13,-0.4302177751680386
URXL,Activity,82,SAAVR,2022-08-02-01,2022-06-14-13,-0.3147696771553429
CEPDL,Activity,82,SAAVR,2022-08-02-01,2022-06-14-13,-0.5998655263100079
SMDDR,Activity,82,SAAVR,2022-08-02-01,2022-06-14-13,-0.10780259796015725
RMEV,Activity,82,SAAVR,2022-08-02-01,2022-06-14-13,-0.5657705109669315
RIAL,Activity,82,SAAVR,2022-08-02-01,2022-06-14-13,-0.11744013162631198
AVER,Activity,82,SAAVR,2022-08-02-01,2022-06-14-13,0.5723778779469048
AWAR,Activity,82,SAAVR,2022-08-02-01,2022-06-14-13,0.5614530660096297
SMDVL,Activity,82,SAAVR,2022-08-02-01,2022-06-14-13,0.08148672562296537
AVAL,Activity,82,SAAVR,2022-08-02-01,2022-06-14-13,0.5420721990676285
RMDL,Activity,82,SAAVR,2022-08-02-01,2022-06-14-13,0.28529152002206104
AIBR,Activity,82,SAAVR,2022-08-02-01,2022-06-14-13,0.615143417612907
ASGR,Activity,82,SAAVR,2022-08-02-01,2022-06-14-13,0.4911668024553644
AVL,Activity,82,SAAVR,2022-08-02-01,2022-06-14-13,0.6096972499849534
AVEL,Activity,82,SAAVR,2022-08-02-01,2022-06-14-13,0.5904083898291173
ASGL,Activity,82,SAAVR,2022-08-02-01,2022-06-14-13,0.5875541793523846
ASHL,Activity,82,SAAVR,2022-08-02-01,2022-06-14-13,0.4591342256062729
AIBL,Activity,82,SAAVR,2022-08-02-01,2022-06-14-13,0.5971758317813819
AVHL,Activity,82,SAAVR,2022-08-02-01,2022-06-14-13,-0.18114741677125135
AWBL,Activity,82,SAAVR,2022-08-02-01,2022-06-14-13,0.15794215545380214
RIVL,Activity,82,SAAVR,2022-08-02-01,2022-06-14-13,-0.04582909334219264
AWCL,Activity,82,SAAVR,2022-08-02-01,2022-06-14-13,0.027119188868283524
SMDDL,Activity,82,SAAVR,2022-08-02-01,2022-06-14-13,0.08417675497857574
AVJR,Activity,82,SAAVR,2022-08-02-01,2022-06-14-13,-0.19441693608018007
AIZL,Activity,82,SAAVR,2022-08-02-01,2022-06-14-13,-0.24446063017953304
RIBL,Activity,82,SAAVR,2022-08-02-01,2022-06-14-13,-0.6187425264582126
ASEL,Activity,82,SAAVR,2022-08-02-01,2022-06-14-13,-0.493121194022044
AVDR,Activity,82,SAAVR,2022-08-02-01,2022-06-14-13,-0.04248565247751078
AVDL,Activity,82,SAAVR,2022-08-02-01,2022-06-14-13,-0.19093027200974638
AVJL,Activity,82,SAAVR,2022-08-02-01,2022-06-14-13,0.07931185385016702
RIVR,Activity,82,SAAVR,2022-08-02-01,2022-06-14-13,-0.10873431308908024
AIZR,Activity,82,SAAVR,2022-08-02-01,2022-06-14-13,0.30467938578307396
AUAR,Activity,82,SAAVR,2022-08-02-01,2022-06-14-13,-0.30433033988384406
AUAL,Activity,82,SAAVR,2022-08-02-01,2022-06-14-13,-0.3436389537209929
RICR,Activity,82,SAAVR,2022-08-02-01,2022-06-14-13,-0.18903088363457982
RICL,Activity,82,SAAVR,2022-08-02-01,2022-06-14-13,-0.19952449109065
M5,Activity,82,SAAVR,2022-08-02-01,2022-06-14-13,-0.4088834693360447
AIML,Activity,82,SAAVR,2022-08-02-01,2022-06-14-13,-0.5601631978999138
AIMR,Activity,82,SAAVR,2022-08-02-01,2022-06-14-13,-0.46765797500213513
FLPL,Activity,82,SAAVR,2022-08-02-01,2022-06-14-13,-0.48871078919751526
ADEL,Activity,82,SAAVR,2022-08-02-01,2022-06-14-13,-0.3685249158707622
VB02,Activity,82,SAAVR,2022-08-02-01,2022-06-14-13,-0.6356425595040913
ADAL,Activity,82,SAAVR,2022-08-02-01,2022-06-14-13,0.2549237351891374
I1R,Activity,82,RID,2022-08-02-01,2022-06-14-13,0.512131155980865
IL2DL,Activity,82,RID,2022-08-02-01,2022-06-14-13,0.6372620629955713
I2R,Activity,82,RID,2022-08-02-01,2022-06-14-13,0.07648024786628908
I3,Activity,82,RID,2022-08-02-01,2022-06-14-13,-0.6756961622919884
NSMR,Activity,82,RID,2022-08-02-01,2022-06-14-13,0.6187207264882556
I2L,Activity,82,RID,2022-08-02-01,2022-06-14-13,0.7133079592601593
MCL,Activity,82,RID,2022-08-02-01,2022-06-14-13,0.5756238369735459
NSML,Activity,82,RID,2022-08-02-01,2022-06-14-13,0.6455993069823023
M4,Activity,82,RID,2022-08-02-01,2022-06-14-13,0.6439071085436208
M3R,Activity,82,RID,2022-08-02-01,2022-06-14-13,-0.04406356454966669
M3L,Activity,82,RID,2022-08-02-01,2022-06-14-13,0.5697871866592695
IL2VL,Activity,82,RID,2022-08-02-01,2022-06-14-13,0.6497870125026157
IL1R,Activity,82,RID,2022-08-02-01,2022-06-14-13,0.04365408702742725
OLLL,Activity,82,RID,2022-08-02-01,2022-06-14-13,-0.23729618814047668
IL2L,Activity,82,RID,2022-08-02-01,2022-06-14-13,0.655388436398031
URBR,Activity,82,RID,2022-08-02-01,2022-06-14-13,-0.4257324948540324
OLLR,Activity,82,RID,2022-08-02-01,2022-06-14-13,-0.34061352280647145
IL1DL,Activity,82,RID,2022-08-02-01,2022-06-14-13,-0.2515121384088868
IL1DR,Activity,82,RID,2022-08-02-01,2022-06-14-13,-0.32075878489890985
URYVR,Activity,82,RID,2022-08-02-01,2022-06-14-13,-0.7372640023501454
IL2R,Activity,82,RID,2022-08-02-01,2022-06-14-13,-0.4845234852184272
URYDL,Activity,82,RID,2022-08-02-01,2022-06-14-13,-0.7975453005303081
IL1L,Activity,82,RID,2022-08-02-01,2022-06-14-13,0.4288602100878355
URBL,Activity,82,RID,2022-08-02-01,2022-06-14-13,0.33371496927645544
OLQDR,Activity,82,RID,2022-08-02-01,2022-06-14-13,-0.44877888959153867
OLQDL,Activity,82,RID,2022-08-02-01,2022-06-14-13,0.14736512862178155
RMER,Activity,82,RID,2022-08-02-01,2022-06-14-13,0.5964982185378108
OLQVR,Activity,82,RID,2022-08-02-01,2022-06-14-13,-0.4719703576682051
URYVL,Activity,82,RID,2022-08-02-01,2022-06-14-13,-0.6993089237560665
RMED,Activity,82,RID,2022-08-02-01,2022-06-14-13,0.7182258924861773
RMEL,Activity,82,RID,2022-08-02-01,2022-06-14-13,0.5190921931388504
CEPVR,Activity,82,RID,2022-08-02-01,2022-06-14-13,-0.3617734256017478
OLQVL,Activity,82,RID,2022-08-02-01,2022-06-14-13,-0.19957628667888072
CEPVL,Activity,82,RID,2022-08-02-01,2022-06-14-13,-0.06482478724879921
SAAVR,Activity,82,RID,2022-08-02-01,2022-06-14-13,-0.47363811683488977
RID,Activity,83,RID,2022-08-02-01,2022-06-14-13,0.7863863381909514
SMDVR,Activity,82,RID,2022-08-02-01,2022-06-14-13,0.2071948753580875
URXR,Activity,82,RID,2022-08-02-01,2022-06-14-13,0.7154763590108861
RIAR,Activity,82,RID,2022-08-02-01,2022-06-14-13,-0.13463180933679653
AVAR,Activity,82,RID,2022-08-02-01,2022-06-14-13,-0.7722278427153866
SAAVL,Activity,82,RID,2022-08-02-01,2022-06-14-13,-0.3045261697541236
CEPDR,Activity,82,RID,2022-08-02-01,2022-06-14-13,0.06513496401642095
URXL,Activity,82,RID,2022-08-02-01,2022-06-14-13,0.6576346074999188
CEPDL,Activity,82,RID,2022-08-02-01,2022-06-14-13,0.5136903680285783
SMDDR,Activity,82,RID,2022-08-02-01,2022-06-14-13,-0.32136378925987874
RMEV,Activity,82,RID,2022-08-02-01,2022-06-14-13,0.8196350893788518
RIAL,Activity,82,RID,2022-08-02-01,2022-06-14-13,0.6229043963938156
AVER,Activity,82,RID,2022-08-02-01,2022-06-14-13,-0.7494692297376355
AWAR,Activity,82,RID,2022-08-02-01,2022-06-14-13,-0.6289381108490976
SMDVL,Activity,82,RID,2022-08-02-01,2022-06-14-13,-0.2613655178425687
AVAL,Activity,82,RID,2022-08-02-01,2022-06-14-13,-0.7721826475537356
RMDL,Activity,82,RID,2022-08-02-01,2022-06-14-13,-0.7291575405286002
AIBR,Activity,82,RID,2022-08-02-01,2022-06-14-13,-0.7562148693760347
ASGR,Activity,82,RID,2022-08-02-01,2022-06-14-13,-0.6682119123169676
AVL,Activity,82,RID,2022-08-02-01,2022-06-14-13,-0.7501131748139089
AVEL,Activity,82,RID,2022-08-02-01,2022-06-14-13,-0.7742309446037801
ASGL,Activity,82,RID,2022-08-02-01,2022-06-14-13,-0.6734705672901135
ASHL,Activity,82,RID,2022-08-02-01,2022-06-14-13,-0.7239351045086312
AIBL,Activity,82,RID,2022-08-02-01,2022-06-14-13,-0.7543725610000884
AVHL,Activity,82,RID,2022-08-02-01,2022-06-14-13,0.6608127748238783
AWBL,Activity,82,RID,2022-08-02-01,2022-06-14-13,-0.6151883093678524
RIVL,Activity,82,RID,2022-08-02-01,2022-06-14-13,-0.3204415880776223
AWCL,Activity,82,RID,2022-08-02-01,2022-06-14-13,0.5143840783368946
SMDDL,Activity,82,RID,2022-08-02-01,2022-06-14-13,-0.19999273400093795
AVJR,Activity,82,RID,2022-08-02-01,2022-06-14-13,0.5554992818730683
AIZL,Activity,82,RID,2022-08-02-01,2022-06-14-13,0.7240688793118656
RIBL,Activity,82,RID,2022-08-02-01,2022-06-14-13,0.618978874131061
ASEL,Activity,82,RID,2022-08-02-01,2022-06-14-13,0.7955313617269738
AVDR,Activity,82,RID,2022-08-02-01,2022-06-14-13,0.5619168274670517
AVDL,Activity,82,RID,2022-08-02-01,2022-06-14-13,0.6775503287814123
AVJL,Activity,82,RID,2022-08-02-01,2022-06-14-13,-0.2649328284663142
RIVR,Activity,82,RID,2022-08-02-01,2022-06-14-13,-0.19879033466686608
AIZR,Activity,82,RID,2022-08-02-01,2022-06-14-13,-0.4581902435149943
AUAR,Activity,82,RID,2022-08-02-01,2022-06-14-13,-0.20986621271313805
AUAL,Activity,82,RID,2022-08-02-01,2022-06-14-13,0.7315867342085242
RICR,Activity,82,RID,2022-08-02-01,2022-06-14-13,0.7253989996310466
RICL,Activity,82,RID,2022-08-02-01,2022-06-14-13,0.692540339031817
M5,Activity,82,RID,2022-08-02-01,2022-06-14-13,0.18208332785155
AIML,Activity,82,RID,2022-08-02-01,2022-06-14-13,0.51956903045694
AIMR,Activity,82,RID,2022-08-02-01,2022-06-14-13,0.3917143444489267
FLPL,Activity,82,RID,2022-08-02-01,2022-06-14-13,0.7022793924784655
ADEL,Activity,82,RID,2022-08-02-01,2022-06-14-13,0.5884058413707657
VB02,Activity,82,RID,2022-08-02-01,2022-06-14-13,0.6677264747355728
ADAL,Activity,82,RID,2022-08-02-01,2022-06-14-13,-0.7071768176450159
I1R,Activity,82,SMDVR,2022-08-02-01,2022-06-14-13,-0.4170435636056763
IL2DL,Activity,82,SMDVR,2022-08-02-01,2022-06-14-13,-0.39892321432459504
I2R,Activity,82,SMDVR,2022-08-02-01,2022-06-14-13,-0.21481216043916782
I3,Activity,82,SMDVR,2022-08-02-01,2022-06-14-13,0.4393652577622387
NSMR,Activity,82,SMDVR,2022-08-02-01,2022-06-14-13,-0.4318895388393738
I2L,Activity,82,SMDVR,2022-08-02-01,2022-06-14-13,-0.4599170456386135
MCL,Activity,82,SMDVR,2022-08-02-01,2022-06-14-13,-0.44051835561695923
NSML,Activity,82,SMDVR,2022-08-02-01,2022-06-14-13,-0.4162722493624277
M4,Activity,82,SMDVR,2022-08-02-01,2022-06-14-13,-0.38541539941311187
M3R,Activity,82,SMDVR,2022-08-02-01,2022-06-14-13,-0.049881101156817965
M3L,Activity,82,SMDVR,2022-08-02-01,2022-06-14-13,-0.41643613095986043
IL2VL,Activity,82,SMDVR,2022-08-02-01,2022-06-14-13,-0.4106482583367641
IL1R,Activity,82,SMDVR,2022-08-02-01,2022-06-14-13,-0.043990337889937475
OLLL,Activity,82,SMDVR,2022-08-02-01,2022-06-14-13,0.38506573990827203
IL2L,Activity,82,SMDVR,2022-08-02-01,2022-06-14-13,-0.24717444327478705
URBR,Activity,82,SMDVR,2022-08-02-01,2022-06-14-13,0.44595861625855765
OLLR,Activity,82,SMDVR,2022-08-02-01,2022-06-14-13,0.3953828203141181
IL1DL,Activity,82,SMDVR,2022-08-02-01,2022-06-14-13,0.42989535734075807
IL1DR,Activity,82,SMDVR,2022-08-02-01,2022-06-14-13,0.2119763759888817
URYVR,Activity,82,SMDVR,2022-08-02-01,2022-06-14-13,0.31476937319373977
IL2R,Activity,82,SMDVR,2022-08-02-01,2022-06-14-13,0.363364108633101
URYDL,Activity,82,SMDVR,2022-08-02-01,2022-06-14-13,0.35636149070533835
IL1L,Activity,82,SMDVR,2022-08-02-01,2022-06-14-13,0.06620237738089257
URBL,Activity,82,SMDVR,2022-08-02-01,2022-06-14-13,0.13297476224472388
OLQDR,Activity,82,SMDVR,2022-08-02-01,2022-06-14-13,0.4143491166080052
OLQDL,Activity,82,SMDVR,2022-08-02-01,2022-06-14-13,0.27144389067002284
RMER,Activity,82,SMDVR,2022-08-02-01,2022-06-14-13,-0.4006137422590073
OLQVR,Activity,82,SMDVR,2022-08-02-01,2022-06-14-13,0.4048428530868835
URYVL,Activity,82,SMDVR,2022-08-02-01,2022-06-14-13,0.43276540529163365
RMED,Activity,82,SMDVR,2022-08-02-01,2022-06-14-13,-0.22560173256294305
RMEL,Activity,82,SMDVR,2022-08-02-01,2022-06-14-13,-0.04114129460872744
CEPVR,Activity,82,SMDVR,2022-08-02-01,2022-06-14-13,0.371335064262331
OLQVL,Activity,82,SMDVR,2022-08-02-01,2022-06-14-13,0.4201754681017132
CEPVL,Activity,82,SMDVR,2022-08-02-01,2022-06-14-13,0.23987575634086397
SAAVR,Activity,82,SMDVR,2022-08-02-01,2022-06-14-13,0.15175388630691802
RID,Activity,82,SMDVR,2022-08-02-01,2022-06-14-13,-0.34899351405060036
SMDVR,Activity,83,SMDVR,2022-08-02-01,2022-06-14-13,0.2511480922434264
URXR,Activity,82,SMDVR,2022-08-02-01,2022-06-14-13,-0.3871911693320653
RIAR,Activity,82,SMDVR,2022-08-02-01,2022-06-14-13,0.2899380569945006
AVAR,Activity,82,SMDVR,2022-08-02-01,2022-06-14-13,0.3245243309556571
SAAVL,Activity,82,SMDVR,2022-08-02-01,2022-06-14-13,0.0840944390569683
CEPDR,Activity,82,SMDVR,2022-08-02-01,2022-06-14-13,0.23652771724204016
URXL,Activity,82,SMDVR,2022-08-02-01,2022-06-14-13,-0.25716082284461333
CEPDL,Activity,82,SMDVR,2022-08-02-01,2022-06-14-13,-0.027077521492707684
SMDDR,Activity,82,SMDVR,2022-08-02-01,2022-06-14-13,0.5756544530612362
RMEV,Activity,82,SMDVR,2022-08-02-01,2022-06-14-13,-0.3772904561350791
RIAL,Activity,82,SMDVR,2022-08-02-01,2022-06-14-13,-0.46076509707855834
AVER,Activity,82,SMDVR,2022-08-02-01,2022-06-14-13,0.27171051085611075
AWAR,Activity,82,SMDVR,2022-08-02-01,2022-06-14-13,0.254529778242404
SMDVL,Activity,82,SMDVR,2022-08-02-01,2022-06-14-13,0.4938751993013909
AVAL,Activity,82,SMDVR,2022-08-02-01,2022-06-14-13,0.3315907542426009
RMDL,Activity,82,SMDVR,2022-08-02-01,2022-06-14-13,0.3615332134106202
AIBR,Activity,82,SMDVR,2022-08-02-01,2022-06-14-13,0.31581431230910534
ASGR,Activity,82,SMDVR,2022-08-02-01,2022-06-14-13,0.21554606089610207
AVL,Activity,82,SMDVR,2022-08-02-01,2022-06-14-13,0.29468846995460457
AVEL,Activity,82,SMDVR,2022-08-02-01,2022-06-14-13,0.32662033258471573
ASGL,Activity,82,SMDVR,2022-08-02-01,2022-06-14-13,0.21797636873463905
ASHL,Activity,82,SMDVR,2022-08-02-01,2022-06-14-13,0.3705011671515708
AIBL,Activity,82,SMDVR,2022-08-02-01,2022-06-14-13,0.3445927241506154
AVHL,Activity,82,SMDVR,2022-08-02-01,2022-06-14-13,-0.40063576197396716
AWBL,Activity,82,SMDVR,2022-08-02-01,2022-06-14-13,0.4962344559937899
RIVL,Activity,82,SMDVR,2022-08-02-01,2022-06-14-13,0.563026574378575
AWCL,Activity,82,SMDVR,2022-08-02-01,2022-06-14-13,-0.5115013287182876
SMDDL,Activity,82,SMDVR,2022-08-02-01,2022-06-14-13,-0.15111330506111173
AVJR,Activity,82,SMDVR,2022-08-02-01,2022-06-14-13,-0.2904689562836199
AIZL,Activity,82,SMDVR,2022-08-02-01,2022-06-14-13,-0.3788102586859851
RIBL,Activity,82,SMDVR,2022-08-02-01,2022-06-14-13,-0.12853333436750936
ASEL,Activity,82,SMDVR,2022-08-02-01,2022-06-14-13,-0.39996173257790696
AVDR,Activity,82,SMDVR,2022-08-02-01,2022-06-14-13,-0.44224652219923993
AVDL,Activity,82,SMDVR,2022-08-02-01,2022-06-14-13,-0.4075837853577281
AVJL,Activity,82,SMDVR,2022-08-02-01,2022-06-14-13,0.19656103289718618
RIVR,Activity,82,SMDVR,2022-08-02-01,2022-06-14-13,0.5375503343778296
AIZR,Activity,82,SMDVR,2022-08-02-01,2022-06-14-13,0.2592238563092159
AUAR,Activity,82,SMDVR,2022-08-02-01,2022-06-14-13,0.10215237600023476
AUAL,Activity,82,SMDVR,2022-08-02-01,2022-06-14-13,-0.40780775133430514
RICR,Activity,82,SMDVR,2022-08-02-01,2022-06-14-13,-0.4880863385999177
RICL,Activity,82,SMDVR,2022-08-02-01,2022-06-14-13,-0.49024841946010905
M5,Activity,82,SMDVR,2022-08-02-01,2022-06-14-13,-0.03197675464477771
AIML,Activity,82,SMDVR,2022-08-02-01,2022-06-14-13,-0.31932102553907693
AIMR,Activity,82,SMDVR,2022-08-02-01,2022-06-14-13,-0.29634316289044776
FLPL,Activity,82,SMDVR,2022-08-02-01,2022-06-14-13,-0.3706459303427512
ADEL,Activity,82,SMDVR,2022-08-02-01,2022-06-14-13,-0.32660753814817767
VB02,Activity,82,SMDVR,2022-08-02-01,2022-06-14-13,-0.2937909953494402
ADAL,Activity,82,SMDVR,2022-08-02-01,2022-06-14-13,0.4264371727360391
I1R,Activity,82,URXR,2022-08-02-01,2022-06-14-13,0.046432556824455434
IL2DL,Activity,82,URXR,2022-08-02-01,2022-06-14-13,0.23225945776622225
I2R,Activity,82,URXR,2022-08-02-01,2022-06-14-13,-0.10465270973403998
I3,Activity,82,URXR,2022-08-02-01,2022-06-14-13,-0.25864218902002334
NSMR,Activity,82,URXR,2022-08-02-01,2022-06-14-13,0.19320610692062953
I2L,Activity,82,URXR,2022-08-02-01,2022-06-14-13,0.26195347223309046
MCL,Activity,82,URXR,2022-08-02-01,2022-06-14-13,0.13694824026168606
NSML,Activity,82,URXR,2022-08-02-01,2022-06-14-13,0.21846937152253584
M4,Activity,82,URXR,2022-08-02-01,2022-06-14-13,0.21108953423691204
M3R,Activity,82,URXR,2022-08-02-01,2022-06-14-13,-0.32831578886619645
M3L,Activity,82,URXR,2022-08-02-01,2022-06-14-13,0.01874740494756346
IL2VL,Activity,82,URXR,2022-08-02-01,2022-06-14-13,0.1621216499747638
IL1R,Activity,82,URXR,2022-08-02-01,2022-06-14-13,0.21180495159027465
OLLL,Activity,82,URXR,2022-08-02-01,2022-06-14-13,-0.03859054390705526
IL2L,Activity,82,URXR,2022-08-02-01,2022-06-14-13,0.305928203154756
URBR,Activity,82,URXR,2022-08-02-01,2022-06-14-13,-0.11626890436760738
OLLR,Activity,82,URXR,2022-08-02-01,2022-06-14-13,-0.10700734532461113
IL1DL,Activity,82,URXR,2022-08-02-01,2022-06-14-13,0.02068309085859748
IL1DR,Activity,82,URXR,2022-08-02-01,2022-06-14-13,-0.0845414799709251
URYVR,Activity,82,URXR,2022-08-02-01,2022-06-14-13,-0.45823040705443974
IL2R,Activity,82,URXR,2022-08-02-01,2022-06-14-13,-0.23909820640018262
URYDL,Activity,82,URXR,2022-08-02-01,2022-06-14-13,-0.5432569125409444
IL1L,Activity,82,URXR,2022-08-02-01,2022-06-14-13,0.37011670392282014
URBL,Activity,82,URXR,2022-08-02-01,2022-06-14-13,0.3300436501504643
OLQDR,Activity,82,URXR,2022-08-02-01,2022-06-14-13,-0.15509274218893054
OLQDL,Activity,82,URXR,2022-08-02-01,2022-06-14-13,0.3121308831879201
RMER,Activity,82,URXR,2022-08-02-01,2022-06-14-13,0.34195816855275313
OLQVR,Activity,82,URXR,2022-08-02-01,2022-06-14-13,-0.20377787961309948
URYVL,Activity,82,URXR,2022-08-02-01,2022-06-14-13,-0.37332396719508104
RMED,Activity,82,URXR,2022-08-02-01,2022-06-14-13,0.5794317691629763
RMEL,Activity,82,URXR,2022-08-02-01,2022-06-14-13,0.3766259913363004
CEPVR,Activity,82,URXR,2022-08-02-01,2022-06-14-13,-0.13351167527277447
OLQVL,Activity,82,URXR,2022-08-02-01,2022-06-14-13,0.08401099195051537
CEPVL,Activity,82,URXR,2022-08-02-01,2022-06-14-13,-0.046769880534677954
SAAVR,Activity,82,URXR,2022-08-02-01,2022-06-14-13,-0.4095599881119624
RID,Activity,82,URXR,2022-08-02-01,2022-06-14-13,0.5012438774825851
SMDVR,Activity,82,URXR,2022-08-02-01,2022-06-14-13,0.5088933113470735
URXR,Activity,83,URXR,2022-08-02-01,2022-06-14-13,0.4512624655715044
RIAR,Activity,82,URXR,2022-08-02-01,2022-06-14-13,0.11076940404599282
AVAR,Activity,82,URXR,2022-08-02-01,2022-06-14-13,-0.48338227333342915
SAAVL,Activity,82,URXR,2022-08-02-01,2022-06-14-13,-0.27251090658274596
CEPDR,Activity,82,URXR,2022-08-02-01,2022-06-14-13,0.17689115342659847
URXL,Activity,82,URXR,2022-08-02-01,2022-06-14-13,0.4751806065527651
CEPDL,Activity,82,URXR,2022-08-02-01,2022-06-14-13,0.38184679503887464
SMDDR,Activity,82,URXR,2022-08-02-01,2022-06-14-13,0.06253072590480512
RMEV,Activity,82,URXR,2022-08-02-01,2022-06-14-13,0.5483421944045704
RIAL,Activity,82,URXR,2022-08-02-01,2022-06-14-13,0.20058566049317356
AVER,Activity,82,URXR,2022-08-02-01,2022-06-14-13,-0.5507646249331685
AWAR,Activity,82,URXR,2022-08-02-01,2022-06-14-13,-0.33608085530358506
SMDVL,Activity,82,URXR,2022-08-02-01,2022-06-14-13,0.2920248286098995
AVAL,Activity,82,URXR,2022-08-02-01,2022-06-14-13,-0.4740189259996233
RMDL,Activity,82,URXR,2022-08-02-01,2022-06-14-13,-0.4730295612949345
AIBR,Activity,82,URXR,2022-08-02-01,2022-06-14-13,-0.5239302775322489
ASGR,Activity,82,URXR,2022-08-02-01,2022-06-14-13,-0.5522396700291311
AVL,Activity,82,URXR,2022-08-02-01,2022-06-14-13,-0.5059145369064754
AVEL,Activity,82,URXR,2022-08-02-01,2022-06-14-13,-0.5206524174196144
ASGL,Activity,82,URXR,2022-08-02-01,2022-06-14-13,-0.5213886188116214
ASHL,Activity,82,URXR,2022-08-02-01,2022-06-14-13,-0.3388607295905296
AIBL,Activity,82,URXR,2022-08-02-01,2022-06-14-13,-0.4618848476907833
AVHL,Activity,82,URXR,2022-08-02-01,2022-06-14-13,0.3279655122370736
AWBL,Activity,82,URXR,2022-08-02-01,2022-06-14-13,-0.2245255975224178
RIVL,Activity,82,URXR,2022-08-02-01,2022-06-14-13,0.15955283013129007
AWCL,Activity,82,URXR,2022-08-02-01,2022-06-14-13,0.1307023933182678
SMDDL,Activity,82,URXR,2022-08-02-01,2022-06-14-13,-0.47200630560612056
AVJR,Activity,82,URXR,2022-08-02-01,2022-06-14-13,0.3295662327418856
AIZL,Activity,82,URXR,2022-08-02-01,2022-06-14-13,0.3863520490000945
RIBL,Activity,82,URXR,2022-08-02-01,2022-06-14-13,0.6074979311500556
ASEL,Activity,82,URXR,2022-08-02-01,2022-06-14-13,0.41316872368866875
AVDR,Activity,82,URXR,2022-08-02-01,2022-06-14-13,0.13643668091273775
AVDL,Activity,82,URXR,2022-08-02-01,2022-06-14-13,0.2504353896795667
AVJL,Activity,82,URXR,2022-08-02-01,2022-06-14-13,-0.016550586599201465
RIVR,Activity,82,URXR,2022-08-02-01,2022-06-14-13,0.26955581888050867
AIZR,Activity,82,URXR,2022-08-02-01,2022-06-14-13,-0.18971922049022683
AUAR,Activity,82,URXR,2022-08-02-01,2022-06-14-13,-0.23827419050087087
AUAL,Activity,82,URXR,2022-08-02-01,2022-06-14-13,0.4879297546088572
RICR,Activity,82,URXR,2022-08-02-01,2022-06-14-13,0.29852138130662587
RICL,Activity,82,URXR,2022-08-02-01,2022-06-14-13,0.3891402505414945
M5,Activity,82,URXR,2022-08-02-01,2022-06-14-13,0.15866655794318704
AIML,Activity,82,URXR,2022-08-02-01,2022-06-14-13,0.33629210011176186
AIMR,Activity,82,URXR,2022-08-02-01,2022-06-14-13,0.2073065239223344
FLPL,Activity,82,URXR,2022-08-02-01,2022-06-14-13,0.27379641350225004
ADEL,Activity,82,URXR,2022-08-02-01,2022-06-14-13,0.24342781287545706
VB02,Activity,82,URXR,2022-08-02-01,2022-06-14-13,0.48364888407752205
ADAL,Activity,82,URXR,2022-08-02-01,2022-06-14-13,-0.28087543859288855
I1R,Activity,82,RIAR,2022-08-02-01,2022-06-14-13,-0.4809745533689892
IL2DL,Activity,82,RIAR,2022-08-02-01,2022-06-14-13,-0.6276555257999248
I2R,Activity,82,RIAR,2022-08-02-01,2022-06-14-13,-0.05543672209199837
I3,Activity,82,RIAR,2022-08-02-01,2022-06-14-13,0.671660351789897
NSMR,Activity,82,RIAR,2022-08-02-01,2022-06-14-13,-0.6040903129463561
I2L,Activity,82,RIAR,2022-08-02-01,2022-06-14-13,-0.7180293042335686
MCL,Activity,82,RIAR,2022-08-02-01,2022-06-14-13,-0.5559380571216069
NSML,Activity,82,RIAR,2022-08-02-01,2022-06-14-13,-0.6360230697306226
M4,Activity,82,RIAR,2022-08-02-01,2022-06-14-13,-0.6366093605879994
M3R,Activity,82,RIAR,2022-08-02-01,2022-06-14-13,0.06969250997184308
M3L,Activity,82,RIAR,2022-08-02-01,2022-06-14-13,-0.556488730048773
IL2VL,Activity,82,RIAR,2022-08-02-01,2022-06-14-13,-0.635899755930505
IL1R,Activity,82,RIAR,2022-08-02-01,2022-06-14-13,-0.03189113975829992
OLLL,Activity,82,RIAR,2022-08-02-01,2022-06-14-13,0.21470115519839336
IL2L,Activity,82,RIAR,2022-08-02-01,2022-06-14-13,-0.6469740714975113
URBR,Activity,82,RIAR,2022-08-02-01,2022-06-14-13,0.4234818510978103
OLLR,Activity,82,RIAR,2022-08-02-01,2022-06-14-13,0.3251986602563751
IL1DL,Activity,82,RIAR,2022-08-02-01,2022-06-14-13,0.24662529942876157
IL1DR,Activity,82,RIAR,2022-08-02-01,2022-06-14-13,0.33131433850702136
URYVR,Activity,82,RIAR,2022-08-02-01,2022-06-14-13,0.7546180527422283
IL2R,Activity,82,RIAR,2022-08-02-01,2022-06-14-13,0.4800903777388825
URYDL,Activity,82,RIAR,2022-08-02-01,2022-06-14-13,0.7912123926790552
IL1L,Activity,82,RIAR,2022-08-02-01,2022-06-14-13,-0.4688108479201589
URBL,Activity,82,RIAR,2022-08-02-01,2022-06-14-13,-0.38592674317028086
OLQDR,Activity,82,RIAR,2022-08-02-01,2022-06-14-13,0.45397648432332394
OLQDL,Activity,82,RIAR,2022-08-02-01,2022-06-14-13,-0.18735176201192894
RMER,Activity,82,RIAR,2022-08-02-01,2022-06-14-13,-0.60816945156586
OLQVR,Activity,82,RIAR,2022-08-02-01,2022-06-14-13,0.47666653748486737
URYVL,Activity,82,RIAR,2022-08-02-01,2022-06-14-13,0.6761953917732031
RMED,Activity,82,RIAR,2022-08-02-01,2022-06-14-13,-0.7532278848654458
RMEL,Activity,82,RIAR,2022-08-02-01,2022-06-14-13,-0.5720234119799587
CEPVR,Activity,82,RIAR,2022-08-02-01,2022-06-14-13,0.36594524117477495
OLQVL,Activity,82,RIAR,2022-08-02-01,2022-06-14-13,0.17397160228634131
CEPVL,Activity,82,RIAR,2022-08-02-01,2022-06-14-13,0.028574363000265227
SAAVR,Activity,82,RIAR,2022-08-02-01,2022-06-14-13,0.535678082324517
RID,Activity,82,RIAR,2022-08-02-01,2022-06-14-13,-0.7863924144491652
SMDVR,Activity,82,RIAR,2022-08-02-01,2022-06-14-13,-0.14391559882539018
URXR,Activity,82,RIAR,2022-08-02-01,2022-06-14-13,-0.7222480685323118
RIAR,Activity,83,RIAR,2022-08-02-01,2022-06-14-13,0.1503150385132938
AVAR,Activity,82,RIAR,2022-08-02-01,2022-06-14-13,0.8103374364120979
SAAVL,Activity,82,RIAR,2022-08-02-01,2022-06-14-13,0.39450000467468177
CEPDR,Activity,82,RIAR,2022-08-02-01,2022-06-14-13,-0.07712116712657385
URXL,Activity,82,RIAR,2022-08-02-01,2022-06-14-13,-0.6334544378278198
CEPDL,Activity,82,RIAR,2022-08-02-01,2022-06-14-13,-0.5667551008141536
SMDDR,Activity,82,RIAR,2022-08-02-01,2022-06-14-13,0.32654212376393693
RMEV,Activity,82,RIAR,2022-08-02-01,2022-06-14-13,-0.8341494885276975
RIAL,Activity,82,RIAR,2022-08-02-01,2022-06-14-13,-0.6941521329629321
AVER,Activity,82,RIAR,2022-08-02-01,2022-06-14-13,0.7796608858126541
AWAR,Activity,82,RIAR,2022-08-02-01,2022-06-14-13,0.6911842638930262
SMDVL,Activity,82,RIAR,2022-08-02-01,2022-06-14-13,0.33782570641947346
AVAL,Activity,82,RIAR,2022-08-02-01,2022-06-14-13,0.8105653984198993
RMDL,Activity,82,RIAR,2022-08-02-01,2022-06-14-13,0.7234715002890376
AIBR,Activity,82,RIAR,2022-08-02-01,2022-06-14-13,0.7938681776570208
ASGR,Activity,82,RIAR,2022-08-02-01,2022-06-14-13,0.6877098535072088
AVL,Activity,82,RIAR,2022-08-02-01,2022-06-14-13,0.7935551660156545
AVEL,Activity,82,RIAR,2022-08-02-01,2022-06-14-13,0.8040530108051801
ASGL,Activity,82,RIAR,2022-08-02-01,2022-06-14-13,0.7006894307487802
ASHL,Activity,82,RIAR,2022-08-02-01,2022-06-14-13,0.7558475121802695
AIBL,Activity,82,RIAR,2022-08-02-01,2022-06-14-13,0.8003633638879404
AVHL,Activity,82,RIAR,2022-08-02-01,2022-06-14-13,-0.6410596813153351
AWBL,Activity,82,RIAR,2022-08-02-01,2022-06-14-13,0.6226648728760797
RIVL,Activity,82,RIAR,2022-08-02-01,2022-06-14-13,0.33804509290208146
AWCL,Activity,82,RIAR,2022-08-02-01,2022-06-14-13,-0.5142664696022573
SMDDL,Activity,82,RIAR,2022-08-02-01,2022-06-14-13,0.19912479095673674
AVJR,Activity,82,RIAR,2022-08-02-01,2022-06-14-13,-0.5651913586949202
AIZL,Activity,82,RIAR,2022-08-02-01,2022-06-14-13,-0.7177341857306261
RIBL,Activity,82,RIAR,2022-08-02-01,2022-06-14-13,-0.6432153954946758
ASEL,Activity,82,RIAR,2022-08-02-01,2022-06-14-13,-0.8155241965939694
AVDR,Activity,82,RIAR,2022-08-02-01,2022-06-14-13,-0.5401926858916132
AVDL,Activity,82,RIAR,2022-08-02-01,2022-06-14-13,-0.6676583762397423
AVJL,Activity,82,RIAR,2022-08-02-01,2022-06-14-13,0.22317707881719792
RIVR,Activity,82,RIAR,2022-08-02-01,2022-06-14-13,0.21693741109824854
AIZR,Activity,82,RIAR,2022-08-02-01,2022-06-14-13,0.4675002413700112
AUAR,Activity,82,RIAR,2022-08-02-01,2022-06-14-13,0.12861497524152568
AUAL,Activity,82,RIAR,2022-08-02-01,2022-06-14-13,-0.7243970702652507
RICR,Activity,82,RIAR,2022-08-02-01,2022-06-14-13,-0.7133287929899583
RICL,Activity,82,RIAR,2022-08-02-01,2022-06-14-13,-0.6800001892137756
M5,Activity,82,RIAR,2022-08-02-01,2022-06-14-13,-0.15852246923272684
AIML,Activity,82,RIAR,2022-08-02-01,2022-06-14-13,-0.5505368175642169
AIMR,Activity,82,RIAR,2022-08-02-01,2022-06-14-13,-0.4331154960323891
FLPL,Activity,82,RIAR,2022-08-02-01,2022-06-14-13,-0.7348557980113216
ADEL,Activity,82,RIAR,2022-08-02-01,2022-06-14-13,-0.6429353223681845
VB02,Activity,82,RIAR,2022-08-02-01,2022-06-14-13,-0.6746647938405483
ADAL,Activity,82,RIAR,2022-08-02-01,2022-06-14-13,0.713694959351884
I1R,Activity,82,AVAR,2022-08-02-01,2022-06-14-13,-0.3521079343681098
IL2DL,Activity,82,AVAR,2022-08-02-01,2022-06-14-13,-0.5183652906660756
I2R,Activity,82,AVAR,2022-08-02-01,2022-06-14-13,-0.09471443254674924
I3,Activity,82,AVAR,2022-08-02-01,2022-06-14-13,0.56980002266575
NSMR,Activity,82,AVAR,2022-08-02-01,2022-06-14-13,-0.4912572828857037
I2L,Activity,82,AVAR,2022-08-02-01,2022-06-14-13,-0.6641248351947848
MCL,Activity,82,AVAR,2022-08-02-01,2022-06-14-13,-0.4455344930269458
NSML,Activity,82,AVAR,2022-08-02-01,2022-06-14-13,-0.5276963521826376
M4,Activity,82,AVAR,2022-08-02-01,2022-06-14-13,-0.5790146184243373
M3R,Activity,82,AVAR,2022-08-02-01,2022-06-14-13,0.10649262554522344
M3L,Activity,82,AVAR,2022-08-02-01,2022-06-14-13,-0.4680008293087026
IL2VL,Activity,82,AVAR,2022-08-02-01,2022-06-14-13,-0.5395421800588288
IL1R,Activity,82,AVAR,2022-08-02-01,2022-06-14-13,-0.12566531469077322
OLLL,Activity,82,AVAR,2022-08-02-01,2022-06-14-13,0.1278762745150212
IL2L,Activity,82,AVAR,2022-08-02-01,2022-06-14-13,-0.5787631688317542
URBR,Activity,82,AVAR,2022-08-02-01,2022-06-14-13,0.32013138793275847
OLLR,Activity,82,AVAR,2022-08-02-01,2022-06-14-13,0.2245202444074167
IL1DL,Activity,82,AVAR,2022-08-02-01,2022-06-14-13,0.13311019329722998
IL1DR,Activity,82,AVAR,2022-08-02-01,2022-06-14-13,0.1933477097101444
URYVR,Activity,82,AVAR,2022-08-02-01,2022-06-14-13,0.6880316157757459
IL2R,Activity,82,AVAR,2022-08-02-01,2022-06-14-13,0.3751596839155091
URYDL,Activity,82,AVAR,2022-08-02-01,2022-06-14-13,0.7579443756905986
IL1L,Activity,82,AVAR,2022-08-02-01,2022-06-14-13,-0.4742352172758242
URBL,Activity,82,AVAR,2022-08-02-01,2022-06-14-13,-0.4094662748062263
OLQDR,Activity,82,AVAR,2022-08-02-01,2022-06-14-13,0.34007375719198735
OLQDL,Activity,82,AVAR,2022-08-02-01,2022-06-14-13,-0.2552445346880828
RMER,Activity,82,AVAR,2022-08-02-01,2022-06-14-13,-0.658102597584918
OLQVR,Activity,82,AVAR,2022-08-02-01,2022-06-14-13,0.38094136251589444
URYVL,Activity,82,AVAR,2022-08-02-01,2022-06-14-13,0.5949590634119959
RMED,Activity,82,AVAR,2022-08-02-01,2022-06-14-13,-0.7735898365570173
RMEL,Activity,82,AVAR,2022-08-02-01,2022-06-14-13,-0.5274120411794417
CEPVR,Activity,82,AVAR,2022-08-02-01,2022-06-14-13,0.273416565076382
OLQVL,Activity,82,AVAR,2022-08-02-01,2022-06-14-13,0.06996630998799648
CEPVL,Activity,82,AVAR,2022-08-02-01,2022-06-14-13,-0.002395898469555785
SAAVR,Activity,82,AVAR,2022-08-02-01,2022-06-14-13,0.6027523103002262
RID,Activity,82,AVAR,2022-08-02-01,2022-06-14-13,-0.7481121771137046
SMDVR,Activity,82,AVAR,2022-08-02-01,2022-06-14-13,-0.1863543416283573
URXR,Activity,82,AVAR,2022-08-02-01,2022-06-14-13,-0.6432367958630038
RIAR,Activity,82,AVAR,2022-08-02-01,2022-06-14-13,0.020921123797322454
AVAR,Activity,83,AVAR,2022-08-02-01,2022-06-14-13,0.8044315768824304
SAAVL,Activity,82,AVAR,2022-08-02-01,2022-06-14-13,0.45292122274311114
CEPDR,Activity,82,AVAR,2022-08-02-01,2022-06-14-13,-0.1517019131456101
URXL,Activity,82,AVAR,2022-08-02-01,2022-06-14-13,-0.5919968547992968
CEPDL,Activity,82,AVAR,2022-08-02-01,2022-06-14-13,-0.5762481061187201
SMDDR,Activity,82,AVAR,2022-08-02-01,2022-06-14-13,0.24239830066454393
RMEV,Activity,82,AVAR,2022-08-02-01,2022-06-14-13,-0.8165005644569042
RIAL,Activity,82,AVAR,2022-08-02-01,2022-06-14-13,-0.5489426940279071
AVER,Activity,82,AVAR,2022-08-02-01,2022-06-14-13,0.7738438022582391
AWAR,Activity,82,AVAR,2022-08-02-01,2022-06-14-13,0.6915907461907951
SMDVL,Activity,82,AVAR,2022-08-02-01,2022-06-14-13,0.2626714978557055
AVAL,Activity,82,AVAR,2022-08-02-01,2022-06-14-13,0.7822897064918413
RMDL,Activity,82,AVAR,2022-08-02-01,2022-06-14-13,0.6451926910405319
AIBR,Activity,82,AVAR,2022-08-02-01,2022-06-14-13,0.7991591388348654
ASGR,Activity,82,AVAR,2022-08-02-01,2022-06-14-13,0.6912817160854294
AVL,Activity,82,AVAR,2022-08-02-01,2022-06-14-13,0.7884535884296212
AVEL,Activity,82,AVAR,2022-08-02-01,2022-06-14-13,0.7963676829372338
ASGL,Activity,82,AVAR,2022-08-02-01,2022-06-14-13,0.720424939729332
ASHL,Activity,82,AVAR,2022-08-02-01,2022-06-14-13,0.7047078357984004
AIBL,Activity,82,AVAR,2022-08-02-01,2022-06-14-13,0.7898334880178363
AVHL,Activity,82,AVAR,2022-08-02-01,2022-06-14-13,-0.5587416478042992
AWBL,Activity,82,AVAR,2022-08-02-01,2022-06-14-13,0.5530940732930327
RIVL,Activity,82,AVAR,2022-08-02-01,2022-06-14-13,0.27320049011805025
AWCL,Activity,82,AVAR,2022-08-02-01,2022-06-14-13,-0.4164068320143429
SMDDL,Activity,82,AVAR,2022-08-02-01,2022-06-14-13,0.14655372704685624
AVJR,Activity,82,AVAR,2022-08-02-01,2022-06-14-13,-0.4831061605478515
AIZL,Activity,82,AVAR,2022-08-02-01,2022-06-14-13,-0.6250993136085448
RIBL,Activity,82,AVAR,2022-08-02-01,2022-06-14-13,-0.6881622621194301
ASEL,Activity,82,AVAR,2022-08-02-01,2022-06-14-13,-0.7741742297982726
AVDR,Activity,82,AVAR,2022-08-02-01,2022-06-14-13,-0.4289833229529048
AVDL,Activity,82,AVAR,2022-08-02-01,2022-06-14-13,-0.5676426275287323
AVJL,Activity,82,AVAR,2022-08-02-01,2022-06-14-13,0.18637842222869347
RIVR,Activity,82,AVAR,2022-08-02-01,2022-06-14-13,0.16164466645584846
AIZR,Activity,82,AVAR,2022-08-02-01,2022-06-14-13,0.44894597839454436
AUAR,Activity,82,AVAR,2022-08-02-01,2022-06-14-13,0.05603729846479832
AUAL,Activity,82,AVAR,2022-08-02-01,2022-06-14-13,-0.6912103814610361
RICR,Activity,82,AVAR,2022-08-02-01,2022-06-14-13,-0.6157569820689522
RICL,Activity,82,AVAR,2022-08-02-01,2022-06-14-13,-0.614926132255926
M5,Activity,82,AVAR,2022-08-02-01,2022-06-14-13,-0.26779147042378026
AIML,Activity,82,AVAR,2022-08-02-01,2022-06-14-13,-0.5906372859211978
AIMR,Activity,82,AVAR,2022-08-02-01,2022-06-14-13,-0.48774340138536904
FLPL,Activity,82,AVAR,2022-08-02-01,2022-06-14-13,-0.6858752081894983
ADEL,Activity,82,AVAR,2022-08-02-01,2022-06-14-13,-0.5730863170626697
VB02,Activity,82,AVAR,2022-08-02-01,2022-06-14-13,-0.72368665710332
ADAL,Activity,82,AVAR,2022-08-02-01,2022-06-14-13,0.6226307943356952
I1R,Activity,82,SAAVL,2022-08-02-01,2022-06-14-13,0.20177207009794468
IL2DL,Activity,82,SAAVL,2022-08-02-01,2022-06-14-13,0.05955037810242656
I2R,Activity,82,SAAVL,2022-08-02-01,2022-06-14-13,-0.11385638179327912
I3,Activity,82,SAAVL,2022-08-02-01,2022-06-14-13,-0.013281734208102322
NSMR,Activity,82,SAAVL,2022-08-02-01,2022-06-14-13,0.08897521852775753
I2L,Activity,82,SAAVL,2022-08-02-01,2022-06-14-13,-0.2168131999501644
MCL,Activity,82,SAAVL,2022-08-02-01,2022-06-14-13,0.11205246911110955
NSML,Activity,82,SAAVL,2022-08-02-01,2022-06-14-13,0.038572236463736205
M4,Activity,82,SAAVL,2022-08-02-01,2022-06-14-13,-0.23191047995611616
M3R,Activity,82,SAAVL,2022-08-02-01,2022-06-14-13,0.07853632965049838
M3L,Activity,82,SAAVL,2022-08-02-01,2022-06-14-13,-0.03781706948815215
IL2VL,Activity,82,SAAVL,2022-08-02-01,2022-06-14-13,-0.039764109292925245
IL1R,Activity,82,SAAVL,2022-08-02-01,2022-06-14-13,-0.22869132517483612
OLLL,Activity,82,SAAVL,2022-08-02-01,2022-06-14-13,-0.3707395934471127
IL2L,Activity,82,SAAVL,2022-08-02-01,2022-06-14-13,-0.18448233821763876
URBR,Activity,82,SAAVL,2022-08-02-01,2022-06-14-13,-0.2572253147009241
OLLR,Activity,82,SAAVL,2022-08-02-01,2022-06-14-13,-0.32390139602821677
IL1DL,Activity,82,SAAVL,2022-08-02-01,2022-06-14-13,-0.450353720515599
IL1DR,Activity,82,SAAVL,2022-08-02-01,2022-06-14-13,-0.2612291212621344
URYVR,Activity,82,SAAVL,2022-08-02-01,2022-06-14-13,0.25173477923132964
IL2R,Activity,82,SAAVL,2022-08-02-01,2022-06-14-13,-0.17470719141046068
URYDL,Activity,82,SAAVL,2022-08-02-01,2022-06-14-13,0.28333013968409304
IL1L,Activity,82,SAAVL,2022-08-02-01,2022-06-14-13,-0.538550513846854
URBL,Activity,82,SAAVL,2022-08-02-01,2022-06-14-13,-0.5874935647398181
OLQDR,Activity,82,SAAVL,2022-08-02-01,2022-06-14-13,-0.24324632641993524
OLQDL,Activity,82,SAAVL,2022-08-02-01,2022-06-14-13,-0.6272210098968375
RMER,Activity,82,SAAVL,2022-08-02-01,2022-06-14-13,-0.45339952530144595
OLQVR,Activity,82,SAAVL,2022-08-02-01,2022-06-14-13,-0.17791908889795777
URYVL,Activity,82,SAAVL,2022-08-02-01,2022-06-14-13,-0.008691058474857455
RMED,Activity,82,SAAVL,2022-08-02-01,2022-06-14-13,-0.5599785835902439
RMEL,Activity,82,SAAVL,2022-08-02-01,2022-06-14-13,-0.39564438325570733
CEPVR,Activity,82,SAAVL,2022-08-02-01,2022-06-14-13,-0.24256687726969206
OLQVL,Activity,82,SAAVL,2022-08-02-01,2022-06-14-13,-0.46735782514972124
CEPVL,Activity,82,SAAVL,2022-08-02-01,2022-06-14-13,-0.3710182719050978
SAAVR,Activity,82,SAAVL,2022-08-02-01,2022-06-14-13,0.7039573642004994
RID,Activity,82,SAAVL,2022-08-02-01,2022-06-14-13,-0.31456343499275197
SMDVR,Activity,82,SAAVL,2022-08-02-01,2022-06-14-13,-0.24273718370311306
URXR,Activity,82,SAAVL,2022-08-02-01,2022-06-14-13,-0.07393939044719192
RIAR,Activity,82,SAAVL,2022-08-02-01,2022-06-14-13,-0.3568527669741726
AVAR,Activity,82,SAAVL,2022-08-02-01,2022-06-14-13,0.44030235270609086
SAAVL,Activity,83,SAAVL,2022-08-02-01,2022-06-14-13,0.6828988240468225
CEPDR,Activity,82,SAAVL,2022-08-02-01,2022-06-14-13,-0.4921618557405592
URXL,Activity,82,SAAVL,2022-08-02-01,2022-06-14-13,-0.18823399736293733
CEPDL,Activity,82,SAAVL,2022-08-02-01,2022-06-14-13,-0.5456952506675512
SMDDR,Activity,82,SAAVL,2022-08-02-01,2022-06-14-13,-0.21226926463487938
RMEV,Activity,82,SAAVL,2022-08-02-01,2022-06-14-13,-0.433288643636798
RIAL,Activity,82,SAAVL,2022-08-02-01,2022-06-14-13,0.03533821640737104
AVER,Activity,82,SAAVL,2022-08-02-01,2022-06-14-13,0.46538648528310084
AWAR,Activity,82,SAAVL,2022-08-02-01,2022-06-14-13,0.49726150073221403
SMDVL,Activity,82,SAAVL,2022-08-02-01,2022-06-14-13,-0.045673609021365656
AVAL,Activity,82,SAAVL,2022-08-02-01,2022-06-14-13,0.41185690856642077
RMDL,Activity,82,SAAVL,2022-08-02-01,2022-06-14-13,0.13478008070685
AIBR,Activity,82,SAAVL,2022-08-02-01,2022-06-14-13,0.5061785065496983
ASGR,Activity,82,SAAVL,2022-08-02-01,2022-06-14-13,0.4589237004255519
AVL,Activity,82,SAAVL,2022-08-02-01,2022-06-14-13,0.505431282061209
AVEL,Activity,82,SAAVL,2022-08-02-01,2022-06-14-13,0.4763049574782248
ASGL,Activity,82,SAAVL,2022-08-02-01,2022-06-14-13,0.5337740689203577
ASHL,Activity,82,SAAVL,2022-08-02-01,2022-06-14-13,0.3107725211662479
AIBL,Activity,82,SAAVL,2022-08-02-01,2022-06-14-13,0.4738966380562533
AVHL,Activity,82,SAAVL,2022-08-02-01,2022-06-14-13,0.007275212322923455
AWBL,Activity,82,SAAVL,2022-08-02-01,2022-06-14-13,0.012100290384993972
RIVL,Activity,82,SAAVL,2022-08-02-01,2022-06-14-13,-0.17850157610775455
AWCL,Activity,82,SAAVL,2022-08-02-01,2022-06-14-13,0.18609557410153404
SMDDL,Activity,82,SAAVL,2022-08-02-01,2022-06-14-13,0.04125087833011692
AVJR,Activity,82,SAAVL,2022-08-02-01,2022-06-14-13,0.0042780295375448455
AIZL,Activity,82,SAAVL,2022-08-02-01,2022-06-14-13,-0.0645551873807339
RIBL,Activity,82,SAAVL,2022-08-02-01,2022-06-14-13,-0.5598305668993453
ASEL,Activity,82,SAAVL,2022-08-02-01,2022-06-14-13,-0.3409429543310189
AVDR,Activity,82,SAAVL,2022-08-02-01,2022-06-14-13,0.15998372551127935
AVDL,Activity,82,SAAVL,2022-08-02-01,2022-06-14-13,-0.017620075385438683
AVJL,Activity,82,SAAVL,2022-08-02-01,2022-06-14-13,0.012228993518473645
RIVR,Activity,82,SAAVL,2022-08-02-01,2022-06-14-13,-0.21012141451981092
AIZR,Activity,82,SAAVL,2022-08-02-01,2022-06-14-13,0.250518132773675
AUAR,Activity,82,SAAVL,2022-08-02-01,2022-06-14-13,-0.4093708207363844
AUAL,Activity,82,SAAVL,2022-08-02-01,2022-06-14-13,-0.19621807089433932
RICR,Activity,82,SAAVL,2022-08-02-01,2022-06-14-13,0.010788421466015274
RICL,Activity,82,SAAVL,2022-08-02-01,2022-06-14-13,-0.046849505737215004
M5,Activity,82,SAAVL,2022-08-02-01,2022-06-14-13,-0.41703098780570536
AIML,Activity,82,SAAVL,2022-08-02-01,2022-06-14-13,-0.4966036853649886
AIMR,Activity,82,SAAVL,2022-08-02-01,2022-06-14-13,-0.4053227621867783
FLPL,Activity,82,SAAVL,2022-08-02-01,2022-06-14-13,-0.332933547187367
ADEL,Activity,82,SAAVL,2022-08-02-01,2022-06-14-13,-0.2316369706257805
VB02,Activity,82,SAAVL,2022-08-02-01,2022-06-14-13,-0.5435854222265567
ADAL,Activity,82,SAAVL,2022-08-02-01,2022-06-14-13,0.07423316639559376
I1R,Activity,82,CEPDR,2022-08-02-01,2022-06-14-13,0.5807883343359113
IL2DL,Activity,82,CEPDR,2022-08-02-01,2022-06-14-13,0.6944505497822729
I2R,Activity,82,CEPDR,2022-08-02-01,2022-06-14-13,-0.022583263692967835
I3,Activity,82,CEPDR,2022-08-02-01,2022-06-14-13,-0.6986652598279584
NSMR,Activity,82,CEPDR,2022-08-02-01,2022-06-14-13,0.6623785088725761
I2L,Activity,82,CEPDR,2022-08-02-01,2022-06-14-13,0.6653476146648332
MCL,Activity,82,CEPDR,2022-08-02-01,2022-06-14-13,0.6144649675679108
NSML,Activity,82,CEPDR,2022-08-02-01,2022-06-14-13,0.6808831991084873
M4,Activity,82,CEPDR,2022-08-02-01,2022-06-14-13,0.5893647009979731
M3R,Activity,82,CEPDR,2022-08-02-01,2022-06-14-13,0.016757917545282185
M3L,Activity,82,CEPDR,2022-08-02-01,2022-06-14-13,0.581973124380076
IL2VL,Activity,82,CEPDR,2022-08-02-01,2022-06-14-13,0.6692381916316573
IL1R,Activity,82,CEPDR,2022-08-02-01,2022-06-14-13,-0.009441175658188836
OLLL,Activity,82,CEPDR,2022-08-02-01,2022-06-14-13,-0.29841042367866544
IL2L,Activity,82,CEPDR,2022-08-02-01,2022-06-14-13,0.6274370490721511
URBR,Activity,82,CEPDR,2022-08-02-01,2022-06-14-13,-0.4567428175025412
OLLR,Activity,82,CEPDR,2022-08-02-01,2022-06-14-13,-0.39766997682940863
IL1DL,Activity,82,CEPDR,2022-08-02-01,2022-06-14-13,-0.34682586736002247
IL1DR,Activity,82,CEPDR,2022-08-02-01,2022-06-14-13,-0.38644355257861607
URYVR,Activity,82,CEPDR,2022-08-02-01,2022-06-14-13,-0.667059053413349
IL2R,Activity,82,CEPDR,2022-08-02-01,2022-06-14-13,-0.4722890770448697
URYDL,Activity,82,CEPDR,2022-08-02-01,2022-06-14-13,-0.728343712268858
IL1L,Activity,82,CEPDR,2022-08-02-01,2022-06-14-13,0.33254772031735186
URBL,Activity,82,CEPDR,2022-08-02-01,2022-06-14-13,0.2057355690039611
OLQDR,Activity,82,CEPDR,2022-08-02-01,2022-06-14-13,-0.48194898560164484
OLQDL,Activity,82,CEPDR,2022-08-02-01,2022-06-14-13,0.010859495075145973
RMER,Activity,82,CEPDR,2022-08-02-01,2022-06-14-13,0.5136707150586891
OLQVR,Activity,82,CEPDR,2022-08-02-01,2022-06-14-13,-0.49517042161445696
URYVL,Activity,82,CEPDR,2022-08-02-01,2022-06-14-13,-0.6911205543428288
RMED,Activity,82,CEPDR,2022-08-02-01,2022-06-14-13,0.5892564081229603
RMEL,Activity,82,CEPDR,2022-08-02-01,2022-06-14-13,0.44147961016877457
CEPVR,Activity,82,CEPDR,2022-08-02-01,2022-06-14-13,-0.4125645307318972
OLQVL,Activity,82,CEPDR,2022-08-02-01,2022-06-14-13,-0.27985219984080106
CEPVL,Activity,82,CEPDR,2022-08-02-01,2022-06-14-13,-0.12283241635894188
SAAVR,Activity,82,CEPDR,2022-08-02-01,2022-06-14-13,-0.2898490508445571
RID,Activity,82,CEPDR,2022-08-02-01,2022-06-14-13,0.6713296341964147
SMDVR,Activity,82,CEPDR,2022-08-02-01,2022-06-14-13,0.11802644853968117
URXR,Activity,82,CEPDR,2022-08-02-01,2022-06-14-13,0.7095465555552851
RIAR,Activity,82,CEPDR,2022-08-02-01,2022-06-14-13,-0.19137569707889032
AVAR,Activity,82,CEPDR,2022-08-02-01,2022-06-14-13,-0.6680936437032954
SAAVL,Activity,82,CEPDR,2022-08-02-01,2022-06-14-13,-0.1300521435931717
CEPDR,Activity,83,CEPDR,2022-08-02-01,2022-06-14-13,0.0359294198703524
URXL,Activity,82,CEPDR,2022-08-02-01,2022-06-14-13,0.5989482201498043
CEPDL,Activity,82,CEPDR,2022-08-02-01,2022-06-14-13,0.40809786473113113
SMDDR,Activity,82,CEPDR,2022-08-02-01,2022-06-14-13,-0.2962755033025297
RMEV,Activity,82,CEPDR,2022-08-02-01,2022-06-14-13,0.7048071246605223
RIAL,Activity,82,CEPDR,2022-08-02-01,2022-06-14-13,0.6215790909755334
AVER,Activity,82,CEPDR,2022-08-02-01,2022-06-14-13,-0.6275883083889617
AWAR,Activity,82,CEPDR,2022-08-02-01,2022-06-14-13,-0.533761157269354
SMDVL,Activity,82,CEPDR,2022-08-02-01,2022-06-14-13,-0.2648750695155406
AVAL,Activity,82,CEPDR,2022-08-02-01,2022-06-14-13,-0.672708846390069
RMDL,Activity,82,CEPDR,2022-08-02-01,2022-06-14-13,-0.6637182060462894
AIBR,Activity,82,CEPDR,2022-08-02-01,2022-06-14-13,-0.6254887950822666
ASGR,Activity,82,CEPDR,2022-08-02-01,2022-06-14-13,-0.5545067078273627
AVL,Activity,82,CEPDR,2022-08-02-01,2022-06-14-13,-0.6237779880908325
AVEL,Activity,82,CEPDR,2022-08-02-01,2022-06-14-13,-0.6467777097937787
ASGL,Activity,82,CEPDR,2022-08-02-01,2022-06-14-13,-0.5356308115785537
ASHL,Activity,82,CEPDR,2022-08-02-01,2022-06-14-13,-0.6721596533818874
AIBL,Activity,82,CEPDR,2022-08-02-01,2022-06-14-13,-0.6382410424789569
AVHL,Activity,82,CEPDR,2022-08-02-01,2022-06-14-13,0.6718222832057323
AWBL,Activity,82,CEPDR,2022-08-02-01,2022-06-14-13,-0.5802725129026257
RIVL,Activity,82,CEPDR,2022-08-02-01,2022-06-14-13,-0.35925998278380333
AWCL,Activity,82,CEPDR,2022-08-02-01,2022-06-14-13,0.5246435522497512
SMDDL,Activity,82,CEPDR,2022-08-02-01,2022-06-14-13,-0.15212005399415912
AVJR,Activity,82,CEPDR,2022-08-02-01,2022-06-14-13,0.506808845070113
AIZL,Activity,82,CEPDR,2022-08-02-01,2022-06-14-13,0.7469172069223643
RIBL,Activity,82,CEPDR,2022-08-02-01,2022-06-14-13,0.4718361238954474
ASEL,Activity,82,CEPDR,2022-08-02-01,2022-06-14-13,0.7514132784192374
AVDR,Activity,82,CEPDR,2022-08-02-01,2022-06-14-13,0.6078229085921476
AVDL,Activity,82,CEPDR,2022-08-02-01,2022-06-14-13,0.7000768077634623
AVJL,Activity,82,CEPDR,2022-08-02-01,2022-06-14-13,-0.3471273447394768
RIVR,Activity,82,CEPDR,2022-08-02-01,2022-06-14-13,-0.24532169673750018
AIZR,Activity,82,CEPDR,2022-08-02-01,2022-06-14-13,-0.4184327206545702
AUAR,Activity,82,CEPDR,2022-08-02-01,2022-06-14-13,-0.2642955537004421
AUAL,Activity,82,CEPDR,2022-08-02-01,2022-06-14-13,0.6676091904798486
RICR,Activity,82,CEPDR,2022-08-02-01,2022-06-14-13,0.7382128126623662
RICL,Activity,82,CEPDR,2022-08-02-01,2022-06-14-13,0.6776252786317992
M5,Activity,82,CEPDR,2022-08-02-01,2022-06-14-13,0.04174456729082676
AIML,Activity,82,CEPDR,2022-08-02-01,2022-06-14-13,0.4023345920191739
AIMR,Activity,82,CEPDR,2022-08-02-01,2022-06-14-13,0.29527701088540553
FLPL,Activity,82,CEPDR,2022-08-02-01,2022-06-14-13,0.6094038732469049
ADEL,Activity,82,CEPDR,2022-08-02-01,2022-06-14-13,0.5562586984548721
VB02,Activity,82,CEPDR,2022-08-02-01,2022-06-14-13,0.5625832614258008
ADAL,Activity,82,CEPDR,2022-08-02-01,2022-06-14-13,-0.7167347457861634
I1R,Activity,82,URXL,2022-08-02-01,2022-06-14-13,0.29180186103461536
IL2DL,Activity,82,URXL,2022-08-02-01,2022-06-14-13,0.37000824214677513
I2R,Activity,82,URXL,2022-08-02-01,2022-06-14-13,-0.19723958469288055
I3,Activity,82,URXL,2022-08-02-01,2022-06-14-13,-0.3274432413582776
NSMR,Activity,82,URXL,2022-08-02-01,2022-06-14-13,0.31937325419624385
I2L,Activity,82,URXL,2022-08-02-01,2022-06-14-13,0.28111209859776226
MCL,Activity,82,URXL,2022-08-02-01,2022-06-14-13,0.27191371454847185
NSML,Activity,82,URXL,2022-08-02-01,2022-06-14-13,0.3272354222215612
M4,Activity,82,URXL,2022-08-02-01,2022-06-14-13,0.2789144993950574
M3R,Activity,82,URXL,2022-08-02-01,2022-06-14-13,-0.027880147259411268
M3L,Activity,82,URXL,2022-08-02-01,2022-06-14-13,0.23654293546049857
IL2VL,Activity,82,URXL,2022-08-02-01,2022-06-14-13,0.3199847999876297
IL1R,Activity,82,URXL,2022-08-02-01,2022-06-14-13,-0.024086411265574186
OLLL,Activity,82,URXL,2022-08-02-01,2022-06-14-13,0.009995668149475464
IL2L,Activity,82,URXL,2022-08-02-01,2022-06-14-13,0.37893837470487485
URBR,Activity,82,URXL,2022-08-02-01,2022-06-14-13,-0.09873456661581483
OLLR,Activity,82,URXL,2022-08-02-01,2022-06-14-13,-0.0685660258758018
IL1DL,Activity,82,URXL,2022-08-02-01,2022-06-14-13,-0.03327932540463689
IL1DR,Activity,82,URXL,2022-08-02-01,2022-06-14-13,-0.17965837701173476
URYVR,Activity,82,URXL,2022-08-02-01,2022-06-14-13,-0.37804673830509794
IL2R,Activity,82,URXL,2022-08-02-01,2022-06-14-13,-0.18715163356138798
URYDL,Activity,82,URXL,2022-08-02-01,2022-06-14-13,-0.40736443067120676
IL1L,Activity,82,URXL,2022-08-02-01,2022-06-14-13,0.3272982881573706
URBL,Activity,82,URXL,2022-08-02-01,2022-06-14-13,0.2354360106262378
OLQDR,Activity,82,URXL,2022-08-02-01,2022-06-14-13,-0.12408291816063385
OLQDL,Activity,82,URXL,2022-08-02-01,2022-06-14-13,0.21626593425930157
RMER,Activity,82,URXL,2022-08-02-01,2022-06-14-13,0.18352269794091758
OLQVR,Activity,82,URXL,2022-08-02-01,2022-06-14-13,-0.13210000043939316
URYVL,Activity,82,URXL,2022-08-02-01,2022-06-14-13,-0.361409856033241
RMED,Activity,82,URXL,2022-08-02-01,2022-06-14-13,0.3573881515841157
RMEL,Activity,82,URXL,2022-08-02-01,2022-06-14-13,0.3440963719237778
CEPVR,Activity,82,URXL,2022-08-02-01,2022-06-14-13,-0.05890243778091093
OLQVL,Activity,82,URXL,2022-08-02-01,2022-06-14-13,0.05550473288425504
CEPVL,Activity,82,URXL,2022-08-02-01,2022-06-14-13,0.09021899090340184
SAAVR,Activity,82,URXL,2022-08-02-01,2022-06-14-13,-0.14924140152557222
RID,Activity,82,URXL,2022-08-02-01,2022-06-14-13,0.34702037092895893
SMDVR,Activity,82,URXL,2022-08-02-01,2022-06-14-13,0.2308608258293982
URXR,Activity,82,URXL,2022-08-02-01,2022-06-14-13,0.3768904338622546
RIAR,Activity,82,URXL,2022-08-02-01,2022-06-14-13,-0.10085728365028143
AVAR,Activity,82,URXL,2022-08-02-01,2022-06-14-13,-0.34689861645776054
SAAVL,Activity,82,URXL,2022-08-02-01,2022-06-14-13,-0.029988315849096475
CEPDR,Activity,82,URXL,2022-08-02-01,2022-06-14-13,0.2077100010649176
URXL,Activity,83,URXL,2022-08-02-01,2022-06-14-13,0.4733583422496643
CEPDL,Activity,82,URXL,2022-08-02-01,2022-06-14-13,0.31863052273822273
SMDDR,Activity,82,URXL,2022-08-02-01,2022-06-14-13,0.07989128427284742
RMEV,Activity,82,URXL,2022-08-02-01,2022-06-14-13,0.3916771192887178
RIAL,Activity,82,URXL,2022-08-02-01,2022-06-14-13,0.23022437249557787
AVER,Activity,82,URXL,2022-08-02-01,2022-06-14-13,-0.3755791261157694
AWAR,Activity,82,URXL,2022-08-02-01,2022-06-14-13,-0.3181553594653096
SMDVL,Activity,82,URXL,2022-08-02-01,2022-06-14-13,0.13227122106473663
AVAL,Activity,82,URXL,2022-08-02-01,2022-06-14-13,-0.3523961135044038
RMDL,Activity,82,URXL,2022-08-02-01,2022-06-14-13,-0.34385960273754734
AIBR,Activity,82,URXL,2022-08-02-01,2022-06-14-13,-0.3413589537141148
ASGR,Activity,82,URXL,2022-08-02-01,2022-06-14-13,-0.4081063948618444
AVL,Activity,82,URXL,2022-08-02-01,2022-06-14-13,-0.3335865309583286
AVEL,Activity,82,URXL,2022-08-02-01,2022-06-14-13,-0.345123392891644
ASGL,Activity,82,URXL,2022-08-02-01,2022-06-14-13,-0.3566111431260794
ASHL,Activity,82,URXL,2022-08-02-01,2022-06-14-13,-0.3499276275919925
AIBL,Activity,82,URXL,2022-08-02-01,2022-06-14-13,-0.2986429694555431
AVHL,Activity,82,URXL,2022-08-02-01,2022-06-14-13,0.3587336447527585
AWBL,Activity,82,URXL,2022-08-02-01,2022-06-14-13,-0.25841258457706096
RIVL,Activity,82,URXL,2022-08-02-01,2022-06-14-13,0.05551110387229821
AWCL,Activity,82,URXL,2022-08-02-01,2022-06-14-13,0.07898980483900721
SMDDL,Activity,82,URXL,2022-08-02-01,2022-06-14-13,-0.28463727012052437
AVJR,Activity,82,URXL,2022-08-02-01,2022-06-14-13,0.27941892769931526
AIZL,Activity,82,URXL,2022-08-02-01,2022-06-14-13,0.36944430952478163
RIBL,Activity,82,URXL,2022-08-02-01,2022-06-14-13,0.36841098309378484
ASEL,Activity,82,URXL,2022-08-02-01,2022-06-14-13,0.3718559750947275
AVDR,Activity,82,URXL,2022-08-02-01,2022-06-14-13,0.2130718408714331
AVDL,Activity,82,URXL,2022-08-02-01,2022-06-14-13,0.33315654496150954
AVJL,Activity,82,URXL,2022-08-02-01,2022-06-14-13,-0.2200043819593743
RIVR,Activity,82,URXL,2022-08-02-01,2022-06-14-13,0.13228502823081226
AIZR,Activity,82,URXL,2022-08-02-01,2022-06-14-13,-0.2086311637204491
AUAR,Activity,82,URXL,2022-08-02-01,2022-06-14-13,-0.16373381412351593
AUAL,Activity,82,URXL,2022-08-02-01,2022-06-14-13,0.2968412281030047
RICR,Activity,82,URXL,2022-08-02-01,2022-06-14-13,0.3202864223944431
RICL,Activity,82,URXL,2022-08-02-01,2022-06-14-13,0.24525592504850816
M5,Activity,82,URXL,2022-08-02-01,2022-06-14-13,0.02133535299109402
AIML,Activity,82,URXL,2022-08-02-01,2022-06-14-13,0.167591865771694
AIMR,Activity,82,URXL,2022-08-02-01,2022-06-14-13,-0.02301874419031346
FLPL,Activity,82,URXL,2022-08-02-01,2022-06-14-13,0.28311188620652616
ADEL,Activity,82,URXL,2022-08-02-01,2022-06-14-13,0.2387042348442859
VB02,Activity,82,URXL,2022-08-02-01,2022-06-14-13,0.33473051998890413
ADAL,Activity,82,URXL,2022-08-02-01,2022-06-14-13,-0.36207344147172066
I1R,Activity,82,CEPDL,2022-08-02-01,2022-06-14-13,-0.10616880124125885
IL2DL,Activity,82,CEPDL,2022-08-02-01,2022-06-14-13,0.029368913730647938
I2R,Activity,82,CEPDL,2022-08-02-01,2022-06-14-13,-0.1434976994250722
I3,Activity,82,CEPDL,2022-08-02-01,2022-06-14-13,-0.03923251243229653
NSMR,Activity,82,CEPDL,2022-08-02-01,2022-06-14-13,-0.034938631884770754
I2L,Activity,82,CEPDL,2022-08-02-01,2022-06-14-13,0.1131813925450889
MCL,Activity,82,CEPDL,2022-08-02-01,2022-06-14-13,-0.06879186607515059
NSML,Activity,82,CEPDL,2022-08-02-01,2022-06-14-13,0.02234711109990002
M4,Activity,82,CEPDL,2022-08-02-01,2022-06-14-13,0.15282286763408925
M3R,Activity,82,CEPDL,2022-08-02-01,2022-06-14-13,0.013081880315082586
M3L,Activity,82,CEPDL,2022-08-02-01,2022-06-14-13,0.051227624315647785
IL2VL,Activity,82,CEPDL,2022-08-02-01,2022-06-14-13,0.07864824367707718
IL1R,Activity,82,CEPDL,2022-08-02-01,2022-06-14-13,0.012069825992396557
OLLL,Activity,82,CEPDL,2022-08-02-01,2022-06-14-13,0.4422753943339194
IL2L,Activity,82,CEPDL,2022-08-02-01,2022-06-14-13,0.292267817318147
URBR,Activity,82,CEPDL,2022-08-02-01,2022-06-14-13,0.29767158881299105
OLLR,Activity,82,CEPDL,2022-08-02-01,2022-06-14-13,0.35753888137807804
IL1DL,Activity,82,CEPDL,2022-08-02-01,2022-06-14-13,0.4726694268568921
IL1DR,Activity,82,CEPDL,2022-08-02-01,2022-06-14-13,0.07809226347417862
URYVR,Activity,82,CEPDL,2022-08-02-01,2022-06-14-13,-0.28110163920730186
IL2R,Activity,82,CEPDL,2022-08-02-01,2022-06-14-13,0.13820033049787198
URYDL,Activity,82,CEPDL,2022-08-02-01,2022-06-14-13,-0.2689694815646224
IL1L,Activity,82,CEPDL,2022-08-02-01,2022-06-14-13,0.6297518437651974
URBL,Activity,82,CEPDL,2022-08-02-01,2022-06-14-13,0.6400614217808278
OLQDR,Activity,82,CEPDL,2022-08-02-01,2022-06-14-13,0.25340730804513717
OLQDL,Activity,82,CEPDL,2022-08-02-01,2022-06-14-13,0.6781354125559614
RMER,Activity,82,CEPDL,2022-08-02-01,2022-06-14-13,0.22770620463494337
OLQVR,Activity,82,CEPDL,2022-08-02-01,2022-06-14-13,0.21180226648657155
URYVL,Activity,82,CEPDL,2022-08-02-01,2022-06-14-13,-0.020932359257708238
RMED,Activity,82,CEPDL,2022-08-02-01,2022-06-14-13,0.4716172632362624
RMEL,Activity,82,CEPDL,2022-08-02-01,2022-06-14-13,0.5171223641115856
CEPVR,Activity,82,CEPDL,2022-08-02-01,2022-06-14-13,0.29089094961321343
OLQVL,Activity,82,CEPDL,2022-08-02-01,2022-06-14-13,0.5258498457437473
CEPVL,Activity,82,CEPDL,2022-08-02-01,2022-06-14-13,0.44813320264864187
SAAVR,Activity,82,CEPDL,2022-08-02-01,2022-06-14-13,-0.4822357641614824
RID,Activity,82,CEPDL,2022-08-02-01,2022-06-14-13,0.2747280653028567
SMDVR,Activity,82,CEPDL,2022-08-02-01,2022-06-14-13,0.24095284623306926
URXR,Activity,82,CEPDL,2022-08-02-01,2022-06-14-13,0.13333473057018352
RIAR,Activity,82,CEPDL,2022-08-02-01,2022-06-14-13,0.3431311512336189
AVAR,Activity,82,CEPDL,2022-08-02-01,2022-06-14-13,-0.3890636227298013
SAAVL,Activity,82,CEPDL,2022-08-02-01,2022-06-14-13,-0.3944668920209928
CEPDR,Activity,82,CEPDL,2022-08-02-01,2022-06-14-13,0.5645076579988808
URXL,Activity,82,CEPDL,2022-08-02-01,2022-06-14-13,0.20496828651774293
CEPDL,Activity,83,CEPDL,2022-08-02-01,2022-06-14-13,0.625551633586772
SMDDR,Activity,82,CEPDL,2022-08-02-01,2022-06-14-13,0.38327289472715115
RMEV,Activity,82,CEPDL,2022-08-02-01,2022-06-14-13,0.32816201449903987
RIAL,Activity,82,CEPDL,2022-08-02-01,2022-06-14-13,-0.02120448892924667
AVER,Activity,82,CEPDL,2022-08-02-01,2022-06-14-13,-0.4160069042150946
AWAR,Activity,82,CEPDL,2022-08-02-01,2022-06-14-13,-0.45658801283502853
SMDVL,Activity,82,CEPDL,2022-08-02-01,2022-06-14-13,0.19533346028783977
AVAL,Activity,82,CEPDL,2022-08-02-01,2022-06-14-13,-0.36982895132471516
RMDL,Activity,82,CEPDL,2022-08-02-01,2022-06-14-13,-0.1418248616446341
AIBR,Activity,82,CEPDL,2022-08-02-01,2022-06-14-13,-0.3925435381576977
ASGR,Activity,82,CEPDL,2022-08-02-01,2022-06-14-13,-0.4647601630877926
AVL,Activity,82,CEPDL,2022-08-02-01,2022-06-14-13,-0.4242861963276887
AVEL,Activity,82,CEPDL,2022-08-02-01,2022-06-14-13,-0.38041493531436604
ASGL,Activity,82,CEPDL,2022-08-02-01,2022-06-14-13,-0.4968095776555023
ASHL,Activity,82,CEPDL,2022-08-02-01,2022-06-14-13,-0.29816306038053336
AIBL,Activity,82,CEPDL,2022-08-02-01,2022-06-14-13,-0.3532158210573571
AVHL,Activity,82,CEPDL,2022-08-02-01,2022-06-14-13,0.04439375159043791
AWBL,Activity,82,CEPDL,2022-08-02-01,2022-06-14-13,0.09205575636493814
RIVL,Activity,82,CEPDL,2022-08-02-01,2022-06-14-13,0.3434835993239405
AWCL,Activity,82,CEPDL,2022-08-02-01,2022-06-14-13,-0.24940687865050826
SMDDL,Activity,82,CEPDL,2022-08-02-01,2022-06-14-13,-0.19413748207697235
AVJR,Activity,82,CEPDL,2022-08-02-01,2022-06-14-13,0.03942188011938698
AIZL,Activity,82,CEPDL,2022-08-02-01,2022-06-14-13,0.13447308289657098
RIBL,Activity,82,CEPDL,2022-08-02-01,2022-06-14-13,0.4760005557316473
ASEL,Activity,82,CEPDL,2022-08-02-01,2022-06-14-13,0.3050460306159622
AVDR,Activity,82,CEPDL,2022-08-02-01,2022-06-14-13,-0.1125856225064644
AVDL,Activity,82,CEPDL,2022-08-02-01,2022-06-14-13,0.09015809262061471
AVJL,Activity,82,CEPDL,2022-08-02-01,2022-06-14-13,0.051646901161008646
RIVR,Activity,82,CEPDL,2022-08-02-01,2022-06-14-13,0.3983867968657141
AIZR,Activity,82,CEPDL,2022-08-02-01,2022-06-14-13,-0.15921073873211147
AUAR,Activity,82,CEPDL,2022-08-02-01,2022-06-14-13,0.27169866927214603
AUAL,Activity,82,CEPDL,2022-08-02-01,2022-06-14-13,0.13428212319525593
RICR,Activity,82,CEPDL,2022-08-02-01,2022-06-14-13,-0.01031154378473308
RICL,Activity,82,CEPDL,2022-08-02-01,2022-06-14-13,-0.015767018508169417
M5,Activity,82,CEPDL,2022-08-02-01,2022-06-14-13,0.1997101794368653
AIML,Activity,82,CEPDL,2022-08-02-01,2022-06-14-13,0.28869126154157165
AIMR,Activity,82,CEPDL,2022-08-02-01,2022-06-14-13,0.10811549258443881
FLPL,Activity,82,CEPDL,2022-08-02-01,2022-06-14-13,0.24464443384325554
ADEL,Activity,82,CEPDL,2022-08-02-01,2022-06-14-13,0.2025788699718113
VB02,Activity,82,CEPDL,2022-08-02-01,2022-06-14-13,0.4197208474498129
ADAL,Activity,82,CEPDL,2022-08-02-01,2022-06-14-13,-0.1268043226110369
I1R,Activity,82,SMDDR,2022-08-02-01,2022-06-14-13,-0.013807928458010191
IL2DL,Activity,82,SMDDR,2022-08-02-01,2022-06-14-13,-0.09766734353625674
I2R,Activity,82,SMDDR,2022-08-02-01,2022-06-14-13,0.14984053804439018
I3,Activity,82,SMDDR,2022-08-02-01,2022-06-14-13,0.039442425846479764
NSMR,Activity,82,SMDDR,2022-08-02-01,2022-06-14-13,-0.030876818588773124
I2L,Activity,82,SMDDR,2022-08-02-01,2022-06-14-13,-0.02211439884592503
MCL,Activity,82,SMDDR,2022-08-02-01,2022-06-14-13,0.005583141609600686
NSML,Activity,82,SMDDR,2022-08-02-01,2022-06-14-13,-0.046496777038217856
M4,Activity,82,SMDDR,2022-08-02-01,2022-06-14-13,-0.04259511883506676
M3R,Activity,82,SMDDR,2022-08-02-01,2022-06-14-13,-0.0006640606043357443
M3L,Activity,82,SMDDR,2022-08-02-01,2022-06-14-13,-0.017330891982920062
IL2VL,Activity,82,SMDDR,2022-08-02-01,2022-06-14-13,-0.09677480825639422
IL1R,Activity,82,SMDDR,2022-08-02-01,2022-06-14-13,0.10327320182303713
OLLL,Activity,82,SMDDR,2022-08-02-01,2022-06-14-13,-0.20313090658298538
IL2L,Activity,82,SMDDR,2022-08-02-01,2022-06-14-13,-0.24678722758782382
URBR,Activity,82,SMDDR,2022-08-02-01,2022-06-14-13,-0.16982566418080403
OLLR,Activity,82,SMDDR,2022-08-02-01,2022-06-14-13,-0.12239709216724022
IL1DL,Activity,82,SMDDR,2022-08-02-01,2022-06-14-13,-0.21513955281919506
IL1DR,Activity,82,SMDDR,2022-08-02-01,2022-06-14-13,0.10317433581286398
URYVR,Activity,82,SMDDR,2022-08-02-01,2022-06-14-13,0.16066891012826162
IL2R,Activity,82,SMDDR,2022-08-02-01,2022-06-14-13,-0.05274257430708501
URYDL,Activity,82,SMDDR,2022-08-02-01,2022-06-14-13,0.16677699460767786
IL1L,Activity,82,SMDDR,2022-08-02-01,2022-06-14-13,-0.3336412823566913
URBL,Activity,82,SMDDR,2022-08-02-01,2022-06-14-13,-0.30225845089768294
OLQDR,Activity,82,SMDDR,2022-08-02-01,2022-06-14-13,-0.09079174418699593
OLQDL,Activity,82,SMDDR,2022-08-02-01,2022-06-14-13,-0.35328101078443364
RMER,Activity,82,SMDDR,2022-08-02-01,2022-06-14-13,0.16569513069309852
OLQVR,Activity,82,SMDDR,2022-08-02-01,2022-06-14-13,-0.059635475944990204
URYVL,Activity,82,SMDDR,2022-08-02-01,2022-06-14-13,0.019732329390984835
RMED,Activity,82,SMDDR,2022-08-02-01,2022-06-14-13,-0.20422612336680585
RMEL,Activity,82,SMDDR,2022-08-02-01,2022-06-14-13,-0.3262328947895893
CEPVR,Activity,82,SMDDR,2022-08-02-01,2022-06-14-13,-0.1550478702142379
OLQVL,Activity,82,SMDDR,2022-08-02-01,2022-06-14-13,-0.25161936713524435
CEPVL,Activity,82,SMDDR,2022-08-02-01,2022-06-14-13,-0.17839207256820186
SAAVR,Activity,82,SMDDR,2022-08-02-01,2022-06-14-13,-0.0027956872814683927
RID,Activity,82,SMDDR,2022-08-02-01,2022-06-14-13,-0.094396589954331
SMDVR,Activity,82,SMDDR,2022-08-02-01,2022-06-14-13,-0.41820551498192265
URXR,Activity,82,SMDDR,2022-08-02-01,2022-06-14-13,-0.1124024948241632
RIAR,Activity,82,SMDDR,2022-08-02-01,2022-06-14-13,-0.04891153435104424
AVAR,Activity,82,SMDDR,2022-08-02-01,2022-06-14-13,0.11298209298265993
SAAVL,Activity,82,SMDDR,2022-08-02-01,2022-06-14-13,-0.04247531982160581
CEPDR,Activity,82,SMDDR,2022-08-02-01,2022-06-14-13,-0.26932582987219156
URXL,Activity,82,SMDDR,2022-08-02-01,2022-06-14-13,-0.27112760560305255
CEPDL,Activity,82,SMDDR,2022-08-02-01,2022-06-14-13,-0.34579123168475684
SMDDR,Activity,83,SMDDR,2022-08-02-01,2022-06-14-13,-0.3444729192040801
RMEV,Activity,82,SMDDR,2022-08-02-01,2022-06-14-13,-0.16686828289407543
RIAL,Activity,82,SMDDR,2022-08-02-01,2022-06-14-13,0.10988115573743772
AVER,Activity,82,SMDDR,2022-08-02-01,2022-06-14-13,0.16721122345102882
AWAR,Activity,82,SMDDR,2022-08-02-01,2022-06-14-13,0.1407375380745174
SMDVL,Activity,82,SMDDR,2022-08-02-01,2022-06-14-13,-0.47822633548232046
AVAL,Activity,82,SMDDR,2022-08-02-01,2022-06-14-13,0.1135830992096296
RMDL,Activity,82,SMDDR,2022-08-02-01,2022-06-14-13,0.1295400218277067
AIBR,Activity,82,SMDDR,2022-08-02-01,2022-06-14-13,0.11901225268142653
ASGR,Activity,82,SMDDR,2022-08-02-01,2022-06-14-13,0.15374788480391968
AVL,Activity,82,SMDDR,2022-08-02-01,2022-06-14-13,0.11100949025237418
AVEL,Activity,82,SMDDR,2022-08-02-01,2022-06-14-13,0.1307042154924758
ASGL,Activity,82,SMDDR,2022-08-02-01,2022-06-14-13,0.1174595690024249
ASHL,Activity,82,SMDDR,2022-08-02-01,2022-06-14-13,0.09791953985887548
AIBL,Activity,82,SMDDR,2022-08-02-01,2022-06-14-13,0.07148669095134637
AVHL,Activity,82,SMDDR,2022-08-02-01,2022-06-14-13,-0.0800457301731418
AWBL,Activity,82,SMDDR,2022-08-02-01,2022-06-14-13,-0.02984690767232531
RIVL,Activity,82,SMDDR,2022-08-02-01,2022-06-14-13,-0.5109849127890647
AWCL,Activity,82,SMDDR,2022-08-02-01,2022-06-14-13,0.206825725857112
SMDDL,Activity,82,SMDDR,2022-08-02-01,2022-06-14-13,0.4985417193113945
AVJR,Activity,82,SMDDR,2022-08-02-01,2022-06-14-13,-0.09392215710080025
AIZL,Activity,82,SMDDR,2022-08-02-01,2022-06-14-13,-0.13738743637235898
RIBL,Activity,82,SMDDR,2022-08-02-01,2022-06-14-13,-0.2280390970293471
ASEL,Activity,82,SMDDR,2022-08-02-01,2022-06-14-13,-0.14700223866733703
AVDR,Activity,82,SMDDR,2022-08-02-01,2022-06-14-13,0.027795587791058823
AVDL,Activity,82,SMDDR,2022-08-02-01,2022-06-14-13,-0.07885461711683683
AVJL,Activity,82,SMDDR,2022-08-02-01,2022-06-14-13,0.04916673264823357
RIVR,Activity,82,SMDDR,2022-08-02-01,2022-06-14-13,-0.5668513189439699
AIZR,Activity,82,SMDDR,2022-08-02-01,2022-06-14-13,0.10728572608632986
AUAR,Activity,82,SMDDR,2022-08-02-01,2022-06-14-13,0.19485791683916323
AUAL,Activity,82,SMDDR,2022-08-02-01,2022-06-14-13,-0.030446317975054787
RICR,Activity,82,SMDDR,2022-08-02-01,2022-06-14-13,0.00439600677995372
RICL,Activity,82,SMDDR,2022-08-02-01,2022-06-14-13,0.0525921833058233
M5,Activity,82,SMDDR,2022-08-02-01,2022-06-14-13,-0.01326342659985078
AIML,Activity,82,SMDDR,2022-08-02-01,2022-06-14-13,0.16767236924218318
AIMR,Activity,82,SMDDR,2022-08-02-01,2022-06-14-13,0.19320687188350086
FLPL,Activity,82,SMDDR,2022-08-02-01,2022-06-14-13,-0.0850090120229944
ADEL,Activity,82,SMDDR,2022-08-02-01,2022-06-14-13,-0.029176028469721747
VB02,Activity,82,SMDDR,2022-08-02-01,2022-06-14-13,-0.058109122895795624
ADAL,Activity,82,SMDDR,2022-08-02-01,2022-06-14-13,0.03981670756967388
I1R,Activity,82,RMEV,2022-08-02-01,2022-06-14-13,0.513246736163304
IL2DL,Activity,82,RMEV,2022-08-02-01,2022-06-14-13,0.3901390228179068
I2R,Activity,82,RMEV,2022-08-02-01,2022-06-14-13,-0.11523460916465016
I3,Activity,82,RMEV,2022-08-02-01,2022-06-14-13,-0.32785102931156235
NSMR,Activity,82,RMEV,2022-08-02-01,2022-06-14-13,0.40798605747652583
I2L,Activity,82,RMEV,2022-08-02-01,2022-06-14-13,0.09147248742431652
MCL,Activity,82,RMEV,2022-08-02-01,2022-06-14-13,0.42949435428257077
NSML,Activity,82,RMEV,2022-08-02-01,2022-06-14-13,0.35944646646831424
M4,Activity,82,RMEV,2022-08-02-01,2022-06-14-13,0.0954530288477023
M3R,Activity,82,RMEV,2022-08-02-01,2022-06-14-13,0.2882791089832242
M3L,Activity,82,RMEV,2022-08-02-01,2022-06-14-13,0.33967216960597063
IL2VL,Activity,82,RMEV,2022-08-02-01,2022-06-14-13,0.34331548686646
IL1R,Activity,82,RMEV,2022-08-02-01,2022-06-14-13,-0.33634713645198505
OLLL,Activity,82,RMEV,2022-08-02-01,2022-06-14-13,-0.38072118308295266
IL2L,Activity,82,RMEV,2022-08-02-01,2022-06-14-13,0.14148779351695726
URBR,Activity,82,RMEV,2022-08-02-01,2022-06-14-13,-0.3766636195250702
OLLR,Activity,82,RMEV,2022-08-02-01,2022-06-14-13,-0.3735110333731705
IL1DL,Activity,82,RMEV,2022-08-02-01,2022-06-14-13,-0.4975376501188467
IL1DR,Activity,82,RMEV,2022-08-02-01,2022-06-14-13,-0.43181639936676286
URYVR,Activity,82,RMEV,2022-08-02-01,2022-06-14-13,-0.03835946553624706
IL2R,Activity,82,RMEV,2022-08-02-01,2022-06-14-13,-0.2983346205272332
URYDL,Activity,82,RMEV,2022-08-02-01,2022-06-14-13,0.016641970130017072
IL1L,Activity,82,RMEV,2022-08-02-01,2022-06-14-13,-0.29595362870077696
URBL,Activity,82,RMEV,2022-08-02-01,2022-06-14-13,-0.42699117376643103
OLQDR,Activity,82,RMEV,2022-08-02-01,2022-06-14-13,-0.3447006887008712
OLQDL,Activity,82,RMEV,2022-08-02-01,2022-06-14-13,-0.5428764976478494
RMER,Activity,82,RMEV,2022-08-02-01,2022-06-14-13,-0.2412259361319977
OLQVR,Activity,82,RMEV,2022-08-02-01,2022-06-14-13,-0.27910433013716485
URYVL,Activity,82,RMEV,2022-08-02-01,2022-06-14-13,-0.25700561446516296
RMED,Activity,82,RMEV,2022-08-02-01,2022-06-14-13,-0.3198248248074099
RMEL,Activity,82,RMEV,2022-08-02-01,2022-06-14-13,-0.1449445867756444
CEPVR,Activity,82,RMEV,2022-08-02-01,2022-06-14-13,-0.2769243645918367
OLQVL,Activity,82,RMEV,2022-08-02-01,2022-06-14-13,-0.49112460960018206
CEPVL,Activity,82,RMEV,2022-08-02-01,2022-06-14-13,-0.26562674115025087
SAAVR,Activity,82,RMEV,2022-08-02-01,2022-06-14-13,0.5497386405524147
RID,Activity,82,RMEV,2022-08-02-01,2022-06-14-13,-0.07023070920483768
SMDVR,Activity,82,RMEV,2022-08-02-01,2022-06-14-13,-0.28601688223669725
URXR,Activity,82,RMEV,2022-08-02-01,2022-06-14-13,0.18164333825900342
RIAR,Activity,82,RMEV,2022-08-02-01,2022-06-14-13,-0.46576149570115627
AVAR,Activity,82,RMEV,2022-08-02-01,2022-06-14-13,0.14466814278597726
SAAVL,Activity,82,RMEV,2022-08-02-01,2022-06-14-13,0.5761937313895428
CEPDR,Activity,82,RMEV,2022-08-02-01,2022-06-14-13,-0.37456393109249514
URXL,Activity,82,RMEV,2022-08-02-01,2022-06-14-13,0.041883981522919854
CEPDL,Activity,82,RMEV,2022-08-02-01,2022-06-14-13,-0.3046507890783142
SMDDR,Activity,82,RMEV,2022-08-02-01,2022-06-14-13,-0.35071457133502965
RMEV,Activity,83,RMEV,2022-08-02-01,2022-06-14-13,-0.0972993801923778
RIAL,Activity,82,RMEV,2022-08-02-01,2022-06-14-13,0.2714703114749332
AVER,Activity,82,RMEV,2022-08-02-01,2022-06-14-13,0.21860852856113985
AWAR,Activity,82,RMEV,2022-08-02-01,2022-06-14-13,0.1607368706272568
SMDVL,Activity,82,RMEV,2022-08-02-01,2022-06-14-13,-0.317859144092357
AVAL,Activity,82,RMEV,2022-08-02-01,2022-06-14-13,0.11538292287212597
RMDL,Activity,82,RMEV,2022-08-02-01,2022-06-14-13,-0.10870770094824096
AIBR,Activity,82,RMEV,2022-08-02-01,2022-06-14-13,0.24073177107755028
ASGR,Activity,82,RMEV,2022-08-02-01,2022-06-14-13,0.19857796208687015
AVL,Activity,82,RMEV,2022-08-02-01,2022-06-14-13,0.2269200508928215
AVEL,Activity,82,RMEV,2022-08-02-01,2022-06-14-13,0.19889818778290755
ASGL,Activity,82,RMEV,2022-08-02-01,2022-06-14-13,0.2854907945873354
ASHL,Activity,82,RMEV,2022-08-02-01,2022-06-14-13,-0.06040604641529223
AIBL,Activity,82,RMEV,2022-08-02-01,2022-06-14-13,0.19094583833297987
AVHL,Activity,82,RMEV,2022-08-02-01,2022-06-14-13,0.26392760972792517
AWBL,Activity,82,RMEV,2022-08-02-01,2022-06-14-13,-0.18657628712679566
RIVL,Activity,82,RMEV,2022-08-02-01,2022-06-14-13,-0.3347505699403149
AWCL,Activity,82,RMEV,2022-08-02-01,2022-06-14-13,0.33471557325370926
SMDDL,Activity,82,RMEV,2022-08-02-01,2022-06-14-13,0.09141365550939404
AVJR,Activity,82,RMEV,2022-08-02-01,2022-06-14-13,0.0935688851681679
AIZL,Activity,82,RMEV,2022-08-02-01,2022-06-14-13,0.2511578068753169
RIBL,Activity,82,RMEV,2022-08-02-01,2022-06-14-13,-0.4089992869927319
ASEL,Activity,82,RMEV,2022-08-02-01,2022-06-14-13,0.013750163059275507
AVDR,Activity,82,RMEV,2022-08-02-01,2022-06-14-13,0.43831559983533636
AVDL,Activity,82,RMEV,2022-08-02-01,2022-06-14-13,0.3227604320618604
AVJL,Activity,82,RMEV,2022-08-02-01,2022-06-14-13,-0.3406962613172596
RIVR,Activity,82,RMEV,2022-08-02-01,2022-06-14-13,-0.3478929525340857
AIZR,Activity,82,RMEV,2022-08-02-01,2022-06-14-13,-0.03091048209834578
AUAR,Activity,82,RMEV,2022-08-02-01,2022-06-14-13,-0.37839117833141805
AUAL,Activity,82,RMEV,2022-08-02-01,2022-06-14-13,0.0077481104429748555
RICR,Activity,82,RMEV,2022-08-02-01,2022-06-14-13,0.2962357176334068
RICL,Activity,82,RMEV,2022-08-02-01,2022-06-14-13,0.1456501476534142
M5,Activity,82,RMEV,2022-08-02-01,2022-06-14-13,-0.37408475578348244
AIML,Activity,82,RMEV,2022-08-02-01,2022-06-14-13,-0.3345479401881232
AIMR,Activity,82,RMEV,2022-08-02-01,2022-06-14-13,-0.3121011360249313
FLPL,Activity,82,RMEV,2022-08-02-01,2022-06-14-13,-0.02389908895371894
ADEL,Activity,82,RMEV,2022-08-02-01,2022-06-14-13,0.010134145075366563
VB02,Activity,82,RMEV,2022-08-02-01,2022-06-14-13,-0.28094447542583517
ADAL,Activity,82,RMEV,2022-08-02-01,2022-06-14-13,-0.26134322821116623
I1R,Activity,82,RIAL,2022-08-02-01,2022-06-14-13,-0.39629643742019105
IL2DL,Activity,82,RIAL,2022-08-02-01,2022-06-14-13,-0.5606382529967666
I2R,Activity,82,RIAL,2022-08-02-01,2022-06-14-13,-0.0559241433669312
I3,Activity,82,RIAL,2022-08-02-01,2022-06-14-13,0.6461572976073287
NSMR,Activity,82,RIAL,2022-08-02-01,2022-06-14-13,-0.5560508133356177
I2L,Activity,82,RIAL,2022-08-02-01,2022-06-14-13,-0.6143527277372137
MCL,Activity,82,RIAL,2022-08-02-01,2022-06-14-13,-0.5014057038537756
NSML,Activity,82,RIAL,2022-08-02-01,2022-06-14-13,-0.5830684300539275
M4,Activity,82,RIAL,2022-08-02-01,2022-06-14-13,-0.4960767535006036
M3R,Activity,82,RIAL,2022-08-02-01,2022-06-14-13,0.26091818195869704
M3L,Activity,82,RIAL,2022-08-02-01,2022-06-14-13,-0.3919531184091512
IL2VL,Activity,82,RIAL,2022-08-02-01,2022-06-14-13,-0.5102462162451816
IL1R,Activity,82,RIAL,2022-08-02-01,2022-06-14-13,-0.06788085208633657
OLLL,Activity,82,RIAL,2022-08-02-01,2022-06-14-13,0.3400308929372234
IL2L,Activity,82,RIAL,2022-08-02-01,2022-06-14-13,-0.5105696092715075
URBR,Activity,82,RIAL,2022-08-02-01,2022-06-14-13,0.522473120455848
OLLR,Activity,82,RIAL,2022-08-02-01,2022-06-14-13,0.44663664715852636
IL1DL,Activity,82,RIAL,2022-08-02-01,2022-06-14-13,0.3624890965962143
IL1DR,Activity,82,RIAL,2022-08-02-01,2022-06-14-13,0.362039761464153
URYVR,Activity,82,RIAL,2022-08-02-01,2022-06-14-13,0.7002728007228577
IL2R,Activity,82,RIAL,2022-08-02-01,2022-06-14-13,0.5843662921400825
URYDL,Activity,82,RIAL,2022-08-02-01,2022-06-14-13,0.739860977927343
IL1L,Activity,82,RIAL,2022-08-02-01,2022-06-14-13,-0.3263359537029159
URBL,Activity,82,RIAL,2022-08-02-01,2022-06-14-13,-0.2419618876641924
OLQDR,Activity,82,RIAL,2022-08-02-01,2022-06-14-13,0.5441423008450024
OLQDL,Activity,82,RIAL,2022-08-02-01,2022-06-14-13,-0.047123292996192806
RMER,Activity,82,RIAL,2022-08-02-01,2022-06-14-13,-0.4837822949030066
OLQVR,Activity,82,RIAL,2022-08-02-01,2022-06-14-13,0.5708085541378121
URYVL,Activity,82,RIAL,2022-08-02-01,2022-06-14-13,0.6816934188677534
RMED,Activity,82,RIAL,2022-08-02-01,2022-06-14-13,-0.643395079052285
RMEL,Activity,82,RIAL,2022-08-02-01,2022-06-14-13,-0.44181721352966585
CEPVR,Activity,82,RIAL,2022-08-02-01,2022-06-14-13,0.48574420863434375
OLQVL,Activity,82,RIAL,2022-08-02-01,2022-06-14-13,0.29894282625496565
CEPVL,Activity,82,RIAL,2022-08-02-01,2022-06-14-13,0.2049873887597396
SAAVR,Activity,82,RIAL,2022-08-02-01,2022-06-14-13,0.43687598309298004
RID,Activity,82,RIAL,2022-08-02-01,2022-06-14-13,-0.738608261686679
SMDVR,Activity,82,RIAL,2022-08-02-01,2022-06-14-13,-0.2082519834265927
URXR,Activity,82,RIAL,2022-08-02-01,2022-06-14-13,-0.6694535681340869
RIAR,Activity,82,RIAL,2022-08-02-01,2022-06-14-13,0.13934602743354715
AVAR,Activity,82,RIAL,2022-08-02-01,2022-06-14-13,0.7015347282413643
SAAVL,Activity,82,RIAL,2022-08-02-01,2022-06-14-13,0.2880403772156844
CEPDR,Activity,82,RIAL,2022-08-02-01,2022-06-14-13,0.06405841664381631
URXL,Activity,82,RIAL,2022-08-02-01,2022-06-14-13,-0.6417322774315576
CEPDL,Activity,82,RIAL,2022-08-02-01,2022-06-14-13,-0.4167159828385749
SMDDR,Activity,82,RIAL,2022-08-02-01,2022-06-14-13,0.42815935596136634
RMEV,Activity,82,RIAL,2022-08-02-01,2022-06-14-13,-0.7766517936039735
RIAL,Activity,83,RIAL,2022-08-02-01,2022-06-14-13,-0.5678946550595679
AVER,Activity,82,RIAL,2022-08-02-01,2022-06-14-13,0.6946998937261264
AWAR,Activity,82,RIAL,2022-08-02-01,2022-06-14-13,0.5828396360801233
SMDVL,Activity,82,RIAL,2022-08-02-01,2022-06-14-13,0.25741512913586945
AVAL,Activity,82,RIAL,2022-08-02-01,2022-06-14-13,0.7028073164254622
RMDL,Activity,82,RIAL,2022-08-02-01,2022-06-14-13,0.7321940787817363
AIBR,Activity,82,RIAL,2022-08-02-01,2022-06-14-13,0.7045413245888098
ASGR,Activity,82,RIAL,2022-08-02-01,2022-06-14-13,0.6343021752118295
AVL,Activity,82,RIAL,2022-08-02-01,2022-06-14-13,0.6807563828451989
AVEL,Activity,82,RIAL,2022-08-02-01,2022-06-14-13,0.7139465167868537
ASGL,Activity,82,RIAL,2022-08-02-01,2022-06-14-13,0.6206184323721672
ASHL,Activity,82,RIAL,2022-08-02-01,2022-06-14-13,0.6229001899726859
AIBL,Activity,82,RIAL,2022-08-02-01,2022-06-14-13,0.6878336079670208
AVHL,Activity,82,RIAL,2022-08-02-01,2022-06-14-13,-0.6062921002910163
AWBL,Activity,82,RIAL,2022-08-02-01,2022-06-14-13,0.6606254788329919
RIVL,Activity,82,RIAL,2022-08-02-01,2022-06-14-13,0.35326322409050803
AWCL,Activity,82,RIAL,2022-08-02-01,2022-06-14-13,-0.5798245575289954
SMDDL,Activity,82,RIAL,2022-08-02-01,2022-06-14-13,0.2819570541745604
AVJR,Activity,82,RIAL,2022-08-02-01,2022-06-14-13,-0.5592340963621255
AIZL,Activity,82,RIAL,2022-08-02-01,2022-06-14-13,-0.6523608401075527
RIBL,Activity,82,RIAL,2022-08-02-01,2022-06-14-13,-0.5934617357206324
ASEL,Activity,82,RIAL,2022-08-02-01,2022-06-14-13,-0.6974984106416109
AVDR,Activity,82,RIAL,2022-08-02-01,2022-06-14-13,-0.5111403415778438
AVDL,Activity,82,RIAL,2022-08-02-01,2022-06-14-13,-0.5809899021876658
AVJL,Activity,82,RIAL,2022-08-02-01,2022-06-14-13,0.07725476436252694
RIVR,Activity,82,RIAL,2022-08-02-01,2022-06-14-13,0.23710167292892503
AIZR,Activity,82,RIAL,2022-08-02-01,2022-06-14-13,0.39585973282530307
AUAR,Activity,82,RIAL,2022-08-02-01,2022-06-14-13,0.2920516158267056
AUAL,Activity,82,RIAL,2022-08-02-01,2022-06-14-13,-0.731634273564869
RICR,Activity,82,RIAL,2022-08-02-01,2022-06-14-13,-0.6782621639040751
RICL,Activity,82,RIAL,2022-08-02-01,2022-06-14-13,-0.7067161945545454
M5,Activity,82,RIAL,2022-08-02-01,2022-06-14-13,-0.11669166376130037
AIML,Activity,82,RIAL,2022-08-02-01,2022-06-14-13,-0.46303581782712777
AIMR,Activity,82,RIAL,2022-08-02-01,2022-06-14-13,-0.3582918636697818
FLPL,Activity,82,RIAL,2022-08-02-01,2022-06-14-13,-0.6202373047306572
ADEL,Activity,82,RIAL,2022-08-02-01,2022-06-14-13,-0.5333865449125487
VB02,Activity,82,RIAL,2022-08-02-01,2022-06-14-13,-0.5393967543085713
ADAL,Activity,82,RIAL,2022-08-02-01,2022-06-14-13,0.6148742306498733
I1R,Activity,82,AVER,2022-08-02-01,2022-06-14-13,-0.36922782375566493
IL2DL,Activity,82,AVER,2022-08-02-01,2022-06-14-13,-0.5340617540491059
I2R,Activity,82,AVER,2022-08-02-01,2022-06-14-13,-0.07791722553754682
I3,Activity,82,AVER,2022-08-02-01,2022-06-14-13,0.5809009037679281
NSMR,Activity,82,AVER,2022-08-02-01,2022-06-14-13,-0.5057926386988734
I2L,Activity,82,AVER,2022-08-02-01,2022-06-14-13,-0.6651611235351944
MCL,Activity,82,AVER,2022-08-02-01,2022-06-14-13,-0.46158072475490614
NSML,Activity,82,AVER,2022-08-02-01,2022-06-14-13,-0.5419929665696033
M4,Activity,82,AVER,2022-08-02-01,2022-06-14-13,-0.5825817153010028
M3R,Activity,82,AVER,2022-08-02-01,2022-06-14-13,0.08238113424156975
M3L,Activity,82,AVER,2022-08-02-01,2022-06-14-13,-0.48059565029168266
IL2VL,Activity,82,AVER,2022-08-02-01,2022-06-14-13,-0.5595651879391096
IL1R,Activity,82,AVER,2022-08-02-01,2022-06-14-13,-0.09525765637487289
OLLL,Activity,82,AVER,2022-08-02-01,2022-06-14-13,0.10730491729826888
IL2L,Activity,82,AVER,2022-08-02-01,2022-06-14-13,-0.6044001243349525
URBR,Activity,82,AVER,2022-08-02-01,2022-06-14-13,0.31660544158261383
OLLR,Activity,82,AVER,2022-08-02-01,2022-06-14-13,0.21218645176675738
IL1DL,Activity,82,AVER,2022-08-02-01,2022-06-14-13,0.11923270693021905
IL1DR,Activity,82,AVER,2022-08-02-01,2022-06-14-13,0.21954467538717157
URYVR,Activity,82,AVER,2022-08-02-01,2022-06-14-13,0.7065487400773632
IL2R,Activity,82,AVER,2022-08-02-01,2022-06-14-13,0.3757849882468394
URYDL,Activity,82,AVER,2022-08-02-01,2022-06-14-13,0.771894734402853
IL1L,Activity,82,AVER,2022-08-02-01,2022-06-14-13,-0.5060893247695489
URBL,Activity,82,AVER,2022-08-02-01,2022-06-14-13,-0.4401445778375188
OLQDR,Activity,82,AVER,2022-08-02-01,2022-06-14-13,0.33455223008450696
OLQDL,Activity,82,AVER,2022-08-02-01,2022-06-14-13,-0.278935450167764
RMER,Activity,82,AVER,2022-08-02-01,2022-06-14-13,-0.6442162297136893
OLQVR,Activity,82,AVER,2022-08-02-01,2022-06-14-13,0.3712806022343558
URYVL,Activity,82,AVER,2022-08-02-01,2022-06-14-13,0.6036534254011593
RMED,Activity,82,AVER,2022-08-02-01,2022-06-14-13,-0.7864186256624206
RMEL,Activity,82,AVER,2022-08-02-01,2022-06-14-13,-0.560177376411124
CEPVR,Activity,82,AVER,2022-08-02-01,2022-06-14-13,0.2603659235924809
OLQVL,Activity,82,AVER,2022-08-02-01,2022-06-14-13,0.05236849463441637
CEPVL,Activity,82,AVER,2022-08-02-01,2022-06-14-13,-0.028603619851635974
SAAVR,Activity,82,AVER,2022-08-02-01,2022-06-14-13,0.6005911119024594
RID,Activity,82,AVER,2022-08-02-01,2022-06-14-13,-0.7582896593440718
SMDVR,Activity,82,AVER,2022-08-02-01,2022-06-14-13,-0.19450599220194636
URXR,Activity,82,AVER,2022-08-02-01,2022-06-14-13,-0.6559258678213921
RIAR,Activity,82,AVER,2022-08-02-01,2022-06-14-13,0.007044236331138012
AVAR,Activity,82,AVER,2022-08-02-01,2022-06-14-13,0.8046495351077056
SAAVL,Activity,82,AVER,2022-08-02-01,2022-06-14-13,0.4448611534836739
CEPDR,Activity,82,AVER,2022-08-02-01,2022-06-14-13,-0.18180516708357972
URXL,Activity,82,AVER,2022-08-02-01,2022-06-14-13,-0.6134519264081199
CEPDL,Activity,82,AVER,2022-08-02-01,2022-06-14-13,-0.6046935002997966
SMDDR,Activity,82,AVER,2022-08-02-01,2022-06-14-13,0.22217411258737954
RMEV,Activity,82,AVER,2022-08-02-01,2022-06-14-13,-0.8256767167947204
RIAL,Activity,82,AVER,2022-08-02-01,2022-06-14-13,-0.5650520440573095
AVER,Activity,83,AVER,2022-08-02-01,2022-06-14-13,0.8008639891524141
AWAR,Activity,82,AVER,2022-08-02-01,2022-06-14-13,0.7141891207963679
SMDVL,Activity,82,AVER,2022-08-02-01,2022-06-14-13,0.24978564458611177
AVAL,Activity,82,AVER,2022-08-02-01,2022-06-14-13,0.7944190484713801
RMDL,Activity,82,AVER,2022-08-02-01,2022-06-14-13,0.656772538760923
AIBR,Activity,82,AVER,2022-08-02-01,2022-06-14-13,0.8064328006297097
ASGR,Activity,82,AVER,2022-08-02-01,2022-06-14-13,0.7051260419035099
AVL,Activity,82,AVER,2022-08-02-01,2022-06-14-13,0.799411413904977
AVEL,Activity,82,AVER,2022-08-02-01,2022-06-14-13,0.807662489571362
ASGL,Activity,82,AVER,2022-08-02-01,2022-06-14-13,0.7305601863526986
ASHL,Activity,82,AVER,2022-08-02-01,2022-06-14-13,0.7172690753077339
AIBL,Activity,82,AVER,2022-08-02-01,2022-06-14-13,0.794669668179445
AVHL,Activity,82,AVER,2022-08-02-01,2022-06-14-13,-0.5691186513239614
AWBL,Activity,82,AVER,2022-08-02-01,2022-06-14-13,0.5452845359424207
RIVL,Activity,82,AVER,2022-08-02-01,2022-06-14-13,0.2566402421246862
AWCL,Activity,82,AVER,2022-08-02-01,2022-06-14-13,-0.4017941981622063
SMDDL,Activity,82,AVER,2022-08-02-01,2022-06-14-13,0.1629831145847255
AVJR,Activity,82,AVER,2022-08-02-01,2022-06-14-13,-0.48313507095353964
AIZL,Activity,82,AVER,2022-08-02-01,2022-06-14-13,-0.64666419185512
RIBL,Activity,82,AVER,2022-08-02-01,2022-06-14-13,-0.7005342616758273
ASEL,Activity,82,AVER,2022-08-02-01,2022-06-14-13,-0.7867329419195682
AVDR,Activity,82,AVER,2022-08-02-01,2022-06-14-13,-0.4498302390223538
AVDL,Activity,82,AVER,2022-08-02-01,2022-06-14-13,-0.583630194583291
AVJL,Activity,82,AVER,2022-08-02-01,2022-06-14-13,0.20320068393696056
RIVR,Activity,82,AVER,2022-08-02-01,2022-06-14-13,0.13878050270672454
AIZR,Activity,82,AVER,2022-08-02-01,2022-06-14-13,0.4604492840570395
AUAR,Activity,82,AVER,2022-08-02-01,2022-06-14-13,0.05590081972602285
AUAL,Activity,82,AVER,2022-08-02-01,2022-06-14-13,-0.6900890181502796
RICR,Activity,82,AVER,2022-08-02-01,2022-06-14-13,-0.6234060481679344
RICL,Activity,82,AVER,2022-08-02-01,2022-06-14-13,-0.6101161771966142
M5,Activity,82,AVER,2022-08-02-01,2022-06-14-13,-0.24013254446941526
AIML,Activity,82,AVER,2022-08-02-01,2022-06-14-13,-0.5804168782523753
AIMR,Activity,82,AVER,2022-08-02-01,2022-06-14-13,-0.4768979264618327
FLPL,Activity,82,AVER,2022-08-02-01,2022-06-14-13,-0.6901400361441489
ADEL,Activity,82,AVER,2022-08-02-01,2022-06-14-13,-0.5789791049259472
VB02,Activity,82,AVER,2022-08-02-01,2022-06-14-13,-0.7281727109863563
ADAL,Activity,82,AVER,2022-08-02-01,2022-06-14-13,0.6391982404140831
I1R,Activity,82,AWAR,2022-08-02-01,2022-06-14-13,-0.1915848119464394
IL2DL,Activity,82,AWAR,2022-08-02-01,2022-06-14-13,-0.3128142608620535
I2R,Activity,82,AWAR,2022-08-02-01,2022-06-14-13,-0.18809403236505143
I3,Activity,82,AWAR,2022-08-02-01,2022-06-14-13,0.2708568876843656
NSMR,Activity,82,AWAR,2022-08-02-01,2022-06-14-13,-0.2777437793156675
I2L,Activity,82,AWAR,2022-08-02-01,2022-06-14-13,-0.5040920627192904
MCL,Activity,82,AWAR,2022-08-02-01,2022-06-14-13,-0.2767520868108182
NSML,Activity,82,AWAR,2022-08-02-01,2022-06-14-13,-0.2935806272810244
M4,Activity,82,AWAR,2022-08-02-01,2022-06-14-13,-0.5281324444413413
M3R,Activity,82,AWAR,2022-08-02-01,2022-06-14-13,-0.19442460231911401
M3L,Activity,82,AWAR,2022-08-02-01,2022-06-14-13,-0.4478272520681882
IL2VL,Activity,82,AWAR,2022-08-02-01,2022-06-14-13,-0.4329696310839922
IL1R,Activity,82,AWAR,2022-08-02-01,2022-06-14-13,0.008044667403008323
OLLL,Activity,82,AWAR,2022-08-02-01,2022-06-14-13,-0.27353120481091187
IL2L,Activity,82,AWAR,2022-08-02-01,2022-06-14-13,-0.5235980129528758
URBR,Activity,82,AWAR,2022-08-02-01,2022-06-14-13,-0.07436700461007908
OLLR,Activity,82,AWAR,2022-08-02-01,2022-06-14-13,-0.18991026853393528
IL1DL,Activity,82,AWAR,2022-08-02-01,2022-06-14-13,-0.28947021799370914
IL1DR,Activity,82,AWAR,2022-08-02-01,2022-06-14-13,-0.002281097413598132
URYVR,Activity,82,AWAR,2022-08-02-01,2022-06-14-13,0.4350903619331944
IL2R,Activity,82,AWAR,2022-08-02-01,2022-06-14-13,-0.013844312097026036
URYDL,Activity,82,AWAR,2022-08-02-01,2022-06-14-13,0.47896588733433193
IL1L,Activity,82,AWAR,2022-08-02-01,2022-06-14-13,-0.6359098069992865
URBL,Activity,82,AWAR,2022-08-02-01,2022-06-14-13,-0.6111107577081766
OLQDR,Activity,82,AWAR,2022-08-02-01,2022-06-14-13,-0.0463847460536035
OLQDL,Activity,82,AWAR,2022-08-02-01,2022-06-14-13,-0.5510254926032194
RMER,Activity,82,AWAR,2022-08-02-01,2022-06-14-13,-0.4761789437535722
OLQVR,Activity,82,AWAR,2022-08-02-01,2022-06-14-13,-0.013100712550263247
URYVL,Activity,82,AWAR,2022-08-02-01,2022-06-14-13,0.22878159250619087
RMED,Activity,82,AWAR,2022-08-02-01,2022-06-14-13,-0.5990347964944671
RMEL,Activity,82,AWAR,2022-08-02-01,2022-06-14-13,-0.5787978078060024
CEPVR,Activity,82,AWAR,2022-08-02-01,2022-06-14-13,-0.14977333921398497
OLQVL,Activity,82,AWAR,2022-08-02-01,2022-06-14-13,-0.30090390511444315
CEPVL,Activity,82,AWAR,2022-08-02-01,2022-06-14-13,-0.3671284520108415
SAAVR,Activity,82,AWAR,2022-08-02-01,2022-06-14-13,0.5505189615184489
RID,Activity,82,AWAR,2022-08-02-01,2022-06-14-13,-0.4421321893417299
SMDVR,Activity,82,AWAR,2022-08-02-01,2022-06-14-13,-0.1245428052053329
URXR,Activity,82,AWAR,2022-08-02-01,2022-06-14-13,-0.3448291795628219
RIAR,Activity,82,AWAR,2022-08-02-01,2022-06-14-13,-0.07749015486607604
AVAR,Activity,82,AWAR,2022-08-02-01,2022-06-14-13,0.5735001739176802
SAAVL,Activity,82,AWAR,2022-08-02-01,2022-06-14-13,0.4238783294191353
CEPDR,Activity,82,AWAR,2022-08-02-01,2022-06-14-13,-0.4689877347093617
URXL,Activity,82,AWAR,2022-08-02-01,2022-06-14-13,-0.4131957852361145
CEPDL,Activity,82,AWAR,2022-08-02-01,2022-06-14-13,-0.6825890504832695
SMDDR,Activity,82,AWAR,2022-08-02-01,2022-06-14-13,-0.10820713146997542
RMEV,Activity,82,AWAR,2022-08-02-01,2022-06-14-13,-0.5585056094262952
RIAL,Activity,82,AWAR,2022-08-02-01,2022-06-14-13,-0.2288129933229407
AVER,Activity,82,AWAR,2022-08-02-01,2022-06-14-13,0.5541263334156086
AWAR,Activity,83,AWAR,2022-08-02-01,2022-06-14-13,0.70648555483771
SMDVL,Activity,82,AWAR,2022-08-02-01,2022-06-14-13,0.19902847871350018
AVAL,Activity,82,AWAR,2022-08-02-01,2022-06-14-13,0.5596341642765903
RMDL,Activity,82,AWAR,2022-08-02-01,2022-06-14-13,0.3068077215614352
AIBR,Activity,82,AWAR,2022-08-02-01,2022-06-14-13,0.5889254209940038
ASGR,Activity,82,AWAR,2022-08-02-01,2022-06-14-13,0.5166115883241157
AVL,Activity,82,AWAR,2022-08-02-01,2022-06-14-13,0.5969023013074001
AVEL,Activity,82,AWAR,2022-08-02-01,2022-06-14-13,0.5824425478534002
ASGL,Activity,82,AWAR,2022-08-02-01,2022-06-14-13,0.5733617276144231
ASHL,Activity,82,AWAR,2022-08-02-01,2022-06-14-13,0.5699268467898942
AIBL,Activity,82,AWAR,2022-08-02-01,2022-06-14-13,0.5763798264376396
AVHL,Activity,82,AWAR,2022-08-02-01,2022-06-14-13,-0.31338033646738567
AWBL,Activity,82,AWAR,2022-08-02-01,2022-06-14-13,0.26406736129513503
RIVL,Activity,82,AWAR,2022-08-02-01,2022-06-14-13,-0.0286817743624908
AWCL,Activity,82,AWAR,2022-08-02-01,2022-06-14-13,0.01727856243498145
SMDDL,Activity,82,AWAR,2022-08-02-01,2022-06-14-13,0.03348532347378439
AVJR,Activity,82,AWAR,2022-08-02-01,2022-06-14-13,-0.1862650722704771
AIZL,Activity,82,AWAR,2022-08-02-01,2022-06-14-13,-0.3774291997280371
RIBL,Activity,82,AWAR,2022-08-02-01,2022-06-14-13,-0.5442757653313126
ASEL,Activity,82,AWAR,2022-08-02-01,2022-06-14-13,-0.6011884865134138
AVDR,Activity,82,AWAR,2022-08-02-01,2022-06-14-13,-0.15545435874105967
AVDL,Activity,82,AWAR,2022-08-02-01,2022-06-14-13,-0.3391225851724081
AVJL,Activity,82,AWAR,2022-08-02-01,2022-06-14-13,0.33498365603276126
RIVR,Activity,82,AWAR,2022-08-02-01,2022-06-14-13,-0.09539136734893398
AIZR,Activity,82,AWAR,2022-08-02-01,2022-06-14-13,0.466536319944995
AUAR,Activity,82,AWAR,2022-08-02-01,2022-06-14-13,-0.3092849664260706
AUAL,Activity,82,AWAR,2022-08-02-01,2022-06-14-13,-0.3322686966508032
RICR,Activity,82,AWAR,2022-08-02-01,2022-06-14-13,-0.28229671759954883
RICL,Activity,82,AWAR,2022-08-02-01,2022-06-14-13,-0.18087165321417156
M5,Activity,82,AWAR,2022-08-02-01,2022-06-14-13,-0.3599441438027723
AIML,Activity,82,AWAR,2022-08-02-01,2022-06-14-13,-0.4570380605089706
AIMR,Activity,82,AWAR,2022-08-02-01,2022-06-14-13,-0.33569233098846
FLPL,Activity,82,AWAR,2022-08-02-01,2022-06-14-13,-0.5867787535358084
ADEL,Activity,82,AWAR,2022-08-02-01,2022-06-14-13,-0.44183245220066986
VB02,Activity,82,AWAR,2022-08-02-01,2022-06-14-13,-0.6317429988412633
ADAL,Activity,82,AWAR,2022-08-02-01,2022-06-14-13,0.4085785514461734
I1R,Activity,82,SMDVL,2022-08-02-01,2022-06-14-13,-0.40031200131874317
IL2DL,Activity,82,SMDVL,2022-08-02-01,2022-06-14-13,-0.4107543410451214
I2R,Activity,82,SMDVL,2022-08-02-01,2022-06-14-13,-0.10512607450236906
I3,Activity,82,SMDVL,2022-08-02-01,2022-06-14-13,0.45220485775681646
NSMR,Activity,82,SMDVL,2022-08-02-01,2022-06-14-13,-0.4199674449644868
I2L,Activity,82,SMDVL,2022-08-02-01,2022-06-14-13,-0.4354803739845718
MCL,Activity,82,SMDVL,2022-08-02-01,2022-06-14-13,-0.4074736987182921
NSML,Activity,82,SMDVL,2022-08-02-01,2022-06-14-13,-0.41922410249532194
M4,Activity,82,SMDVL,2022-08-02-01,2022-06-14-13,-0.35142316379691374
M3R,Activity,82,SMDVL,2022-08-02-01,2022-06-14-13,0.002073088087385148
M3L,Activity,82,SMDVL,2022-08-02-01,2022-06-14-13,-0.3901579335499985
IL2VL,Activity,82,SMDVL,2022-08-02-01,2022-06-14-13,-0.39615316846324217
IL1R,Activity,82,SMDVL,2022-08-02-01,2022-06-14-13,-0.04288130021378162
OLLL,Activity,82,SMDVL,2022-08-02-01,2022-06-14-13,0.39206493988490654
IL2L,Activity,82,SMDVL,2022-08-02-01,2022-06-14-13,-0.23642177216969248
URBR,Activity,82,SMDVL,2022-08-02-01,2022-06-14-13,0.4481113625808271
OLLR,Activity,82,SMDVL,2022-08-02-01,2022-06-14-13,0.4103996446507982
IL1DL,Activity,82,SMDVL,2022-08-02-01,2022-06-14-13,0.4556350033841276
IL1DR,Activity,82,SMDVL,2022-08-02-01,2022-06-14-13,0.22503186601799655
URYVR,Activity,82,SMDVL,2022-08-02-01,2022-06-14-13,0.30830732629704793
IL2R,Activity,82,SMDVL,2022-08-02-01,2022-06-14-13,0.36701135505539506
URYDL,Activity,82,SMDVL,2022-08-02-01,2022-06-14-13,0.3435338377254585
IL1L,Activity,82,SMDVL,2022-08-02-01,2022-06-14-13,0.08176714522532365
URBL,Activity,82,SMDVL,2022-08-02-01,2022-06-14-13,0.14459529274876792
OLQDR,Activity,82,SMDVL,2022-08-02-01,2022-06-14-13,0.42812986723078517
OLQDL,Activity,82,SMDVL,2022-08-02-01,2022-06-14-13,0.2880826169539462
RMER,Activity,82,SMDVL,2022-08-02-01,2022-06-14-13,-0.3596637995033916
OLQVR,Activity,82,SMDVL,2022-08-02-01,2022-06-14-13,0.41821659467908195
URYVL,Activity,82,SMDVL,2022-08-02-01,2022-06-14-13,0.4423510355596419
RMED,Activity,82,SMDVL,2022-08-02-01,2022-06-14-13,-0.1989283093926147
RMEL,Activity,82,SMDVL,2022-08-02-01,2022-06-14-13,-0.019474430810929224
CEPVR,Activity,82,SMDVL,2022-08-02-01,2022-06-14-13,0.40784077670147434
OLQVL,Activity,82,SMDVL,2022-08-02-01,2022-06-14-13,0.4240417001762824
CEPVL,Activity,82,SMDVL,2022-08-02-01,2022-06-14-13,0.2575933480515276
SAAVR,Activity,82,SMDVL,2022-08-02-01,2022-06-14-13,0.11831120907246373
RID,Activity,82,SMDVL,2022-08-02-01,2022-06-14-13,-0.3315401571386733
SMDVR,Activity,82,SMDVL,2022-08-02-01,2022-06-14-13,0.1189303095857745
URXR,Activity,82,SMDVL,2022-08-02-01,2022-06-14-13,-0.41085201239337427
RIAR,Activity,82,SMDVL,2022-08-02-01,2022-06-14-13,0.26011822466680423
AVAR,Activity,82,SMDVL,2022-08-02-01,2022-06-14-13,0.3201790355430022
SAAVL,Activity,82,SMDVL,2022-08-02-01,2022-06-14-13,0.05077991883814537
CEPDR,Activity,82,SMDVL,2022-08-02-01,2022-06-14-13,0.2938101566261115
URXL,Activity,82,SMDVL,2022-08-02-01,2022-06-14-13,-0.22898995887983428
CEPDL,Activity,82,SMDVL,2022-08-02-01,2022-06-14-13,-0.008343430289912147
SMDDR,Activity,82,SMDVL,2022-08-02-01,2022-06-14-13,0.5382047573185568
RMEV,Activity,82,SMDVL,2022-08-02-01,2022-06-14-13,-0.35221578473073845
RIAL,Activity,82,SMDVL,2022-08-02-01,2022-06-14-13,-0.46881982393603067
AVER,Activity,82,SMDVL,2022-08-02-01,2022-06-14-13,0.26570751594579567
AWAR,Activity,82,SMDVL,2022-08-02-01,2022-06-14-13,0.2466640726887879
SMDVL,Activity,83,SMDVL,2022-08-02-01,2022-06-14-13,0.5647594839935197
AVAL,Activity,82,SMDVL,2022-08-02-01,2022-06-14-13,0.3246340246514269
RMDL,Activity,82,SMDVL,2022-08-02-01,2022-06-14-13,0.34886616727218184
AIBR,Activity,82,SMDVL,2022-08-02-01,2022-06-14-13,0.29621480987897514
ASGR,Activity,82,SMDVL,2022-08-02-01,2022-06-14-13,0.19822473061981177
AVL,Activity,82,SMDVL,2022-08-02-01,2022-06-14-13,0.278374971702967
AVEL,Activity,82,SMDVL,2022-08-02-01,2022-06-14-13,0.3016287056122228
ASGL,Activity,82,SMDVL,2022-08-02-01,2022-06-14-13,0.20790028615711745
ASHL,Activity,82,SMDVL,2022-08-02-01,2022-06-14-13,0.3513819135653854
AIBL,Activity,82,SMDVL,2022-08-02-01,2022-06-14-13,0.3283117640827022
AVHL,Activity,82,SMDVL,2022-08-02-01,2022-06-14-13,-0.38212130210914536
AWBL,Activity,82,SMDVL,2022-08-02-01,2022-06-14-13,0.4795707112533356
RIVL,Activity,82,SMDVL,2022-08-02-01,2022-06-14-13,0.5741078735944524
AWCL,Activity,82,SMDVL,2022-08-02-01,2022-06-14-13,-0.5351688132688628
SMDDL,Activity,82,SMDVL,2022-08-02-01,2022-06-14-13,-0.14898024700196053
AVJR,Activity,82,SMDVL,2022-08-02-01,2022-06-14-13,-0.3243941186298979
AIZL,Activity,82,SMDVL,2022-08-02-01,2022-06-14-13,-0.36982364528879397
RIBL,Activity,82,SMDVL,2022-08-02-01,2022-06-14-13,-0.10437166373523353
ASEL,Activity,82,SMDVL,2022-08-02-01,2022-06-14-13,-0.38820811147786694
AVDR,Activity,82,SMDVL,2022-08-02-01,2022-06-14-13,-0.42237144372641927
AVDL,Activity,82,SMDVL,2022-08-02-01,2022-06-14-13,-0.4127482304547471
AVJL,Activity,82,SMDVL,2022-08-02-01,2022-06-14-13,0.1390102227393138
RIVR,Activity,82,SMDVL,2022-08-02-01,2022-06-14-13,0.5460258033648034
AIZR,Activity,82,SMDVL,2022-08-02-01,2022-06-14-13,0.2338771227297105
AUAR,Activity,82,SMDVL,2022-08-02-01,2022-06-14-13,0.12823637597921472
AUAL,Activity,82,SMDVL,2022-08-02-01,2022-06-14-13,-0.4025929406050683
RICR,Activity,82,SMDVL,2022-08-02-01,2022-06-14-13,-0.49479639757110355
RICL,Activity,82,SMDVL,2022-08-02-01,2022-06-14-13,-0.49890162597257165
M5,Activity,82,SMDVL,2022-08-02-01,2022-06-14-13,0.02139629247277151
AIML,Activity,82,SMDVL,2022-08-02-01,2022-06-14-13,-0.27708011939306776
AIMR,Activity,82,SMDVL,2022-08-02-01,2022-06-14-13,-0.2661418213755342
FLPL,Activity,82,SMDVL,2022-08-02-01,2022-06-14-13,-0.3518405266224213
ADEL,Activity,82,SMDVL,2022-08-02-01,2022-06-14-13,-0.3198918067100708
VB02,Activity,82,SMDVL,2022-08-02-01,2022-06-14-13,-0.23753248602508528
ADAL,Activity,82,SMDVL,2022-08-02-01,2022-06-14-13,0.41746035269048326
I1R,Activity,82,AVAL,2022-08-02-01,2022-06-14-13,-0.31635302841614793
IL2DL,Activity,82,AVAL,2022-08-02-01,2022-06-14-13,-0.48285464376578907
I2R,Activity,82,AVAL,2022-08-02-01,2022-06-14-13,-0.09903268850430555
I3,Activity,82,AVAL,2022-08-02-01,2022-06-14-13,0.5437677871035352
NSMR,Activity,82,AVAL,2022-08-02-01,2022-06-14-13,-0.45655336875455443
I2L,Activity,82,AVAL,2022-08-02-01,2022-06-14-13,-0.649382205720629
MCL,Activity,82,AVAL,2022-08-02-01,2022-06-14-13,-0.4107927824376419
NSML,Activity,82,AVAL,2022-08-02-01,2022-06-14-13,-0.4975318240210501
M4,Activity,82,AVAL,2022-08-02-01,2022-06-14-13,-0.5596074827899599
M3R,Activity,82,AVAL,2022-08-02-01,2022-06-14-13,0.12093638756217026
M3L,Activity,82,AVAL,2022-08-02-01,2022-06-14-13,-0.4438726490474145
IL2VL,Activity,82,AVAL,2022-08-02-01,2022-06-14-13,-0.5098681087969251
IL1R,Activity,82,AVAL,2022-08-02-01,2022-06-14-13,-0.14805085175948393
OLLL,Activity,82,AVAL,2022-08-02-01,2022-06-14-13,0.11398489373597324
IL2L,Activity,82,AVAL,2022-08-02-01,2022-06-14-13,-0.553072074631826
URBR,Activity,82,AVAL,2022-08-02-01,2022-06-14-13,0.30392234429894394
OLLR,Activity,82,AVAL,2022-08-02-01,2022-06-14-13,0.2080052236225593
IL1DL,Activity,82,AVAL,2022-08-02-01,2022-06-14-13,0.11633158638529607
IL1DR,Activity,82,AVAL,2022-08-02-01,2022-06-14-13,0.16318200641727923
URYVR,Activity,82,AVAL,2022-08-02-01,2022-06-14-13,0.6684129002339594
IL2R,Activity,82,AVAL,2022-08-02-01,2022-06-14-13,0.3530927581935728
URYDL,Activity,82,AVAL,2022-08-02-01,2022-06-14-13,0.7389758519159196
IL1L,Activity,82,AVAL,2022-08-02-01,2022-06-14-13,-0.46543852748323866
URBL,Activity,82,AVAL,2022-08-02-01,2022-06-14-13,-0.41145718305865403
OLQDR,Activity,82,AVAL,2022-08-02-01,2022-06-14-13,0.31989001138231093
OLQDL,Activity,82,AVAL,2022-08-02-01,2022-06-14-13,-0.26183794962472334
RMER,Activity,82,AVAL,2022-08-02-01,2022-06-14-13,-0.6683386406399184
OLQVR,Activity,82,AVAL,2022-08-02-01,2022-06-14-13,0.3622928778042406
URYVL,Activity,82,AVAL,2022-08-02-01,2022-06-14-13,0.5688362123547964
RMED,Activity,82,AVAL,2022-08-02-01,2022-06-14-13,-0.7718391472910225
RMEL,Activity,82,AVAL,2022-08-02-01,2022-06-14-13,-0.5122699577612955
CEPVR,Activity,82,AVAL,2022-08-02-01,2022-06-14-13,0.26331362548761345
OLQVL,Activity,82,AVAL,2022-08-02-01,2022-06-14-13,0.05271865699618184
CEPVL,Activity,82,AVAL,2022-08-02-01,2022-06-14-13,-0.007291782277122677
SAAVR,Activity,82,AVAL,2022-08-02-01,2022-06-14-13,0.6232420020979769
RID,Activity,82,AVAL,2022-08-02-01,2022-06-14-13,-0.7352708468367929
SMDVR,Activity,82,AVAL,2022-08-02-01,2022-06-14-13,-0.17589155628955888
URXR,Activity,82,AVAL,2022-08-02-01,2022-06-14-13,-0.6205199604494641
RIAR,Activity,82,AVAL,2022-08-02-01,2022-06-14-13,-0.011865281733342963
AVAR,Activity,82,AVAL,2022-08-02-01,2022-06-14-13,0.7850676200091543
SAAVL,Activity,82,AVAL,2022-08-02-01,2022-06-14-13,0.48375421142891056
CEPDR,Activity,82,AVAL,2022-08-02-01,2022-06-14-13,-0.1556554967200176
URXL,Activity,82,AVAL,2022-08-02-01,2022-06-14-13,-0.5675192068899599
CEPDL,Activity,82,AVAL,2022-08-02-01,2022-06-14-13,-0.5673669428909892
SMDDR,Activity,82,AVAL,2022-08-02-01,2022-06-14-13,0.23882261312204234
RMEV,Activity,82,AVAL,2022-08-02-01,2022-06-14-13,-0.8064186261230882
RIAL,Activity,82,AVAL,2022-08-02-01,2022-06-14-13,-0.533814052315491
AVER,Activity,82,AVAL,2022-08-02-01,2022-06-14-13,0.7659965219427649
AWAR,Activity,82,AVAL,2022-08-02-01,2022-06-14-13,0.6834991403095969
SMDVL,Activity,82,AVAL,2022-08-02-01,2022-06-14-13,0.25891686450630214
AVAL,Activity,83,AVAL,2022-08-02-01,2022-06-14-13,0.787228938027683
RMDL,Activity,82,AVAL,2022-08-02-01,2022-06-14-13,0.624458500781169
AIBR,Activity,82,AVAL,2022-08-02-01,2022-06-14-13,0.7955199426509306
ASGR,Activity,82,AVAL,2022-08-02-01,2022-06-14-13,0.67803507532766
AVL,Activity,82,AVAL,2022-08-02-01,2022-06-14-13,0.7845473602354575
AVEL,Activity,82,AVAL,2022-08-02-01,2022-06-14-13,0.7883228968048649
ASGL,Activity,82,AVAL,2022-08-02-01,2022-06-14-13,0.7135660544814781
ASHL,Activity,82,AVAL,2022-08-02-01,2022-06-14-13,0.6884045402539504
AIBL,Activity,82,AVAL,2022-08-02-01,2022-06-14-13,0.7883379743832489
AVHL,Activity,82,AVAL,2022-08-02-01,2022-06-14-13,-0.531412850179795
AWBL,Activity,82,AVAL,2022-08-02-01,2022-06-14-13,0.5315226101224364
RIVL,Activity,82,AVAL,2022-08-02-01,2022-06-14-13,0.2749171111712886
AWCL,Activity,82,AVAL,2022-08-02-01,2022-06-14-13,-0.4063011873138479
SMDDL,Activity,82,AVAL,2022-08-02-01,2022-06-14-13,0.12741085413506317
AVJR,Activity,82,AVAL,2022-08-02-01,2022-06-14-13,-0.46939191119466805
AIZL,Activity,82,AVAL,2022-08-02-01,2022-06-14-13,-0.5968510084904118
RIBL,Activity,82,AVAL,2022-08-02-01,2022-06-14-13,-0.6860160997667443
ASEL,Activity,82,AVAL,2022-08-02-01,2022-06-14-13,-0.7557189963274017
AVDR,Activity,82,AVAL,2022-08-02-01,2022-06-14-13,-0.40132258905015167
AVDL,Activity,82,AVAL,2022-08-02-01,2022-06-14-13,-0.5387561457511894
AVJL,Activity,82,AVAL,2022-08-02-01,2022-06-14-13,0.1533722099720249
RIVR,Activity,82,AVAL,2022-08-02-01,2022-06-14-13,0.1655266674962289
AIZR,Activity,82,AVAL,2022-08-02-01,2022-06-14-13,0.4401849437954293
AUAR,Activity,82,AVAL,2022-08-02-01,2022-06-14-13,0.029622289700728634
AUAL,Activity,82,AVAL,2022-08-02-01,2022-06-14-13,-0.6784703898045473
RICR,Activity,82,AVAL,2022-08-02-01,2022-06-14-13,-0.5909680093068791
RICL,Activity,82,AVAL,2022-08-02-01,2022-06-14-13,-0.6024336523109083
M5,Activity,82,AVAL,2022-08-02-01,2022-06-14-13,-0.2817810201724832
AIML,Activity,82,AVAL,2022-08-02-01,2022-06-14-13,-0.6055151834937301
AIMR,Activity,82,AVAL,2022-08-02-01,2022-06-14-13,-0.5121281810731722
FLPL,Activity,82,AVAL,2022-08-02-01,2022-06-14-13,-0.6767500061713898
ADEL,Activity,82,AVAL,2022-08-02-01,2022-06-14-13,-0.5641081716667009
VB02,Activity,82,AVAL,2022-08-02-01,2022-06-14-13,-0.722513436235605
ADAL,Activity,82,AVAL,2022-08-02-01,2022-06-14-13,0.596817337231576
I1R,Activity,82,RMDL,2022-08-02-01,2022-06-14-13,-0.6803378753512509
IL2DL,Activity,82,RMDL,2022-08-02-01,2022-06-14-13,-0.708053995369418
I2R,Activity,82,RMDL,2022-08-02-01,2022-06-14-13,-0.09037964537821684
I3,Activity,82,RMDL,2022-08-02-01,2022-06-14-13,0.7206617003435761
NSMR,Activity,82,RMDL,2022-08-02-01,2022-06-14-13,-0.7155797591398324
I2L,Activity,82,RMDL,2022-08-02-01,2022-06-14-13,-0.6663608676500861
MCL,Activity,82,RMDL,2022-08-02-01,2022-06-14-13,-0.6918561057088031
NSML,Activity,82,RMDL,2022-08-02-01,2022-06-14-13,-0.7129932776209992
M4,Activity,82,RMDL,2022-08-02-01,2022-06-14-13,-0.5640924416157183
M3R,Activity,82,RMDL,2022-08-02-01,2022-06-14-13,-0.051123496991376964
M3L,Activity,82,RMDL,2022-08-02-01,2022-06-14-13,-0.619861869714652
IL2VL,Activity,82,RMDL,2022-08-02-01,2022-06-14-13,-0.6885820927093146
IL1R,Activity,82,RMDL,2022-08-02-01,2022-06-14-13,0.07940900892005215
OLLL,Activity,82,RMDL,2022-08-02-01,2022-06-14-13,0.478548536575549
IL2L,Activity,82,RMDL,2022-08-02-01,2022-06-14-13,-0.5336813525193029
URBR,Activity,82,RMDL,2022-08-02-01,2022-06-14-13,0.614920842720311
OLLR,Activity,82,RMDL,2022-08-02-01,2022-06-14-13,0.550781880776195
IL1DL,Activity,82,RMDL,2022-08-02-01,2022-06-14-13,0.5590754993118264
IL1DR,Activity,82,RMDL,2022-08-02-01,2022-06-14-13,0.45967889726448347
URYVR,Activity,82,RMDL,2022-08-02-01,2022-06-14-13,0.5750341991266025
IL2R,Activity,82,RMDL,2022-08-02-01,2022-06-14-13,0.5751061168322961
URYDL,Activity,82,RMDL,2022-08-02-01,2022-06-14-13,0.6236017046605219
IL1L,Activity,82,RMDL,2022-08-02-01,2022-06-14-13,-0.09398598686769342
URBL,Activity,82,RMDL,2022-08-02-01,2022-06-14-13,0.03418670246233577
OLQDR,Activity,82,RMDL,2022-08-02-01,2022-06-14-13,0.6124287429307947
OLQDL,Activity,82,RMDL,2022-08-02-01,2022-06-14-13,0.2697469011971026
RMER,Activity,82,RMDL,2022-08-02-01,2022-06-14-13,-0.40842126769166126
OLQVR,Activity,82,RMDL,2022-08-02-01,2022-06-14-13,0.5990732923253749
URYVL,Activity,82,RMDL,2022-08-02-01,2022-06-14-13,0.7037531603933669
RMED,Activity,82,RMDL,2022-08-02-01,2022-06-14-13,-0.3822502887543416
RMEL,Activity,82,RMDL,2022-08-02-01,2022-06-14-13,-0.2605490545352872
CEPVR,Activity,82,RMDL,2022-08-02-01,2022-06-14-13,0.5195733889205594
OLQVL,Activity,82,RMDL,2022-08-02-01,2022-06-14-13,0.521013601523097
CEPVL,Activity,82,RMDL,2022-08-02-01,2022-06-14-13,0.2818691382271762
SAAVR,Activity,82,RMDL,2022-08-02-01,2022-06-14-13,0.11039413754945479
RID,Activity,82,RMDL,2022-08-02-01,2022-06-14-13,-0.5719442645579687
SMDVR,Activity,82,RMDL,2022-08-02-01,2022-06-14-13,0.03452341592184831
URXR,Activity,82,RMDL,2022-08-02-01,2022-06-14-13,-0.6751550287679754
RIAR,Activity,82,RMDL,2022-08-02-01,2022-06-14-13,0.3905791323400795
AVAR,Activity,82,RMDL,2022-08-02-01,2022-06-14-13,0.5233212048497945
SAAVL,Activity,82,RMDL,2022-08-02-01,2022-06-14-13,-0.00971967094886117
CEPDR,Activity,82,RMDL,2022-08-02-01,2022-06-14-13,0.2572905011585662
URXL,Activity,82,RMDL,2022-08-02-01,2022-06-14-13,-0.532196507695229
CEPDL,Activity,82,RMDL,2022-08-02-01,2022-06-14-13,-0.1901208318625444
SMDDR,Activity,82,RMDL,2022-08-02-01,2022-06-14-13,0.5420229088713922
RMEV,Activity,82,RMDL,2022-08-02-01,2022-06-14-13,-0.5980925998886559
RIAL,Activity,82,RMDL,2022-08-02-01,2022-06-14-13,-0.6919279637587028
AVER,Activity,82,RMDL,2022-08-02-01,2022-06-14-13,0.4605172821548361
AWAR,Activity,82,RMDL,2022-08-02-01,2022-06-14-13,0.40846976581826183
SMDVL,Activity,82,RMDL,2022-08-02-01,2022-06-14-13,0.45483617823241806
AVAL,Activity,82,RMDL,2022-08-02-01,2022-06-14-13,0.5387948649938608
RMDL,Activity,83,RMDL,2022-08-02-01,2022-06-14-13,0.6651704578851324
AIBR,Activity,82,RMDL,2022-08-02-01,2022-06-14-13,0.4778626829705851
ASGR,Activity,82,RMDL,2022-08-02-01,2022-06-14-13,0.37479160486612856
AVL,Activity,82,RMDL,2022-08-02-01,2022-06-14-13,0.46139850522114895
AVEL,Activity,82,RMDL,2022-08-02-01,2022-06-14-13,0.5021549880518524
ASGL,Activity,82,RMDL,2022-08-02-01,2022-06-14-13,0.34253846257912424
ASHL,Activity,82,RMDL,2022-08-02-01,2022-06-14-13,0.5934514926844969
AIBL,Activity,82,RMDL,2022-08-02-01,2022-06-14-13,0.5042713955805194
AVHL,Activity,82,RMDL,2022-08-02-01,2022-06-14-13,-0.6882087187722674
AWBL,Activity,82,RMDL,2022-08-02-01,2022-06-14-13,0.678673068164652
RIVL,Activity,82,RMDL,2022-08-02-01,2022-06-14-13,0.5537107722042466
AWCL,Activity,82,RMDL,2022-08-02-01,2022-06-14-13,-0.670861301459919
SMDDL,Activity,82,RMDL,2022-08-02-01,2022-06-14-13,0.027309425623936314
AVJR,Activity,82,RMDL,2022-08-02-01,2022-06-14-13,-0.5171654265831426
AIZL,Activity,82,RMDL,2022-08-02-01,2022-06-14-13,-0.6969877327697597
RIBL,Activity,82,RMDL,2022-08-02-01,2022-06-14-13,-0.26594712221512595
ASEL,Activity,82,RMDL,2022-08-02-01,2022-06-14-13,-0.637873777871685
AVDR,Activity,82,RMDL,2022-08-02-01,2022-06-14-13,-0.6997341173697
AVDL,Activity,82,RMDL,2022-08-02-01,2022-06-14-13,-0.7001568794958752
AVJL,Activity,82,RMDL,2022-08-02-01,2022-06-14-13,0.3415912522151695
RIVR,Activity,82,RMDL,2022-08-02-01,2022-06-14-13,0.4692991398706234
AIZR,Activity,82,RMDL,2022-08-02-01,2022-06-14-13,0.38686597609189805
AUAR,Activity,82,RMDL,2022-08-02-01,2022-06-14-13,0.34967227347174545
AUAL,Activity,82,RMDL,2022-08-02-01,2022-06-14-13,-0.6205909151241279
RICR,Activity,82,RMDL,2022-08-02-01,2022-06-14-13,-0.7649139801770711
RICL,Activity,82,RMDL,2022-08-02-01,2022-06-14-13,-0.6942717255210034
M5,Activity,82,RMDL,2022-08-02-01,2022-06-14-13,0.036147669095337245
AIML,Activity,82,RMDL,2022-08-02-01,2022-06-14-13,-0.30005520404554
AIMR,Activity,82,RMDL,2022-08-02-01,2022-06-14-13,-0.23029409195251507
FLPL,Activity,82,RMDL,2022-08-02-01,2022-06-14-13,-0.5680731825343037
ADEL,Activity,82,RMDL,2022-08-02-01,2022-06-14-13,-0.48521670850449394
VB02,Activity,82,RMDL,2022-08-02-01,2022-06-14-13,-0.3882552760810915
ADAL,Activity,82,RMDL,2022-08-02-01,2022-06-14-13,0.6979448433666274
I1R,Activity,82,AIBR,2022-08-02-01,2022-06-14-13,-0.21391378148699863
IL2DL,Activity,82,AIBR,2022-08-02-01,2022-06-14-13,-0.3866130779597622
I2R,Activity,82,AIBR,2022-08-02-01,2022-06-14-13,-0.0673999200728313
I3,Activity,82,AIBR,2022-08-02-01,2022-06-14-13,0.4460439999628224
NSMR,Activity,82,AIBR,2022-08-02-01,2022-06-14-13,-0.3534608317471744
I2L,Activity,82,AIBR,2022-08-02-01,2022-06-14-13,-0.5783470389658439
MCL,Activity,82,AIBR,2022-08-02-01,2022-06-14-13,-0.3075139153845001
NSML,Activity,82,AIBR,2022-08-02-01,2022-06-14-13,-0.39951304366904183
M4,Activity,82,AIBR,2022-08-02-01,2022-06-14-13,-0.51263214643789
M3R,Activity,82,AIBR,2022-08-02-01,2022-06-14-13,0.10070261601009109
M3L,Activity,82,AIBR,2022-08-02-01,2022-06-14-13,-0.37517099171962637
IL2VL,Activity,82,AIBR,2022-08-02-01,2022-06-14-13,-0.429583348528919
IL1R,Activity,82,AIBR,2022-08-02-01,2022-06-14-13,-0.14317828311957442
OLLL,Activity,82,AIBR,2022-08-02-01,2022-06-14-13,-0.03351518967614645
IL2L,Activity,82,AIBR,2022-08-02-01,2022-06-14-13,-0.5157031404297184
URBR,Activity,82,AIBR,2022-08-02-01,2022-06-14-13,0.16477611203178308
OLLR,Activity,82,AIBR,2022-08-02-01,2022-06-14-13,0.062351064054643
IL1DL,Activity,82,AIBR,2022-08-02-01,2022-06-14-13,-0.03891705899077473
IL1DR,Activity,82,AIBR,2022-08-02-01,2022-06-14-13,0.08441199241159149
URYVR,Activity,82,AIBR,2022-08-02-01,2022-06-14-13,0.6160890901218949
IL2R,Activity,82,AIBR,2022-08-02-01,2022-06-14-13,0.2383983119010849
URYDL,Activity,82,AIBR,2022-08-02-01,2022-06-14-13,0.6798240436143275
IL1L,Activity,82,AIBR,2022-08-02-01,2022-06-14-13,-0.5476447018126567
URBL,Activity,82,AIBR,2022-08-02-01,2022-06-14-13,-0.5177686895941691
OLQDR,Activity,82,AIBR,2022-08-02-01,2022-06-14-13,0.18978502992169075
OLQDL,Activity,82,AIBR,2022-08-02-01,2022-06-14-13,-0.4036857307470717
RMER,Activity,82,AIBR,2022-08-02-01,2022-06-14-13,-0.6570547002513599
OLQVR,Activity,82,AIBR,2022-08-02-01,2022-06-14-13,0.2364821769067127
URYVL,Activity,82,AIBR,2022-08-02-01,2022-06-14-13,0.4630262795709356
RMED,Activity,82,AIBR,2022-08-02-01,2022-06-14-13,-0.7824545023625248
RMEL,Activity,82,AIBR,2022-08-02-01,2022-06-14-13,-0.548058524616045
CEPVR,Activity,82,AIBR,2022-08-02-01,2022-06-14-13,0.13522041838199045
OLQVL,Activity,82,AIBR,2022-08-02-01,2022-06-14-13,-0.10177710621980053
CEPVL,Activity,82,AIBR,2022-08-02-01,2022-06-14-13,-0.13782360879293581
SAAVR,Activity,82,AIBR,2022-08-02-01,2022-06-14-13,0.6925512544449033
RID,Activity,82,AIBR,2022-08-02-01,2022-06-14-13,-0.6871421730776364
SMDVR,Activity,82,AIBR,2022-08-02-01,2022-06-14-13,-0.17256517155371967
URXR,Activity,82,AIBR,2022-08-02-01,2022-06-14-13,-0.540207978796384
RIAR,Activity,82,AIBR,2022-08-02-01,2022-06-14-13,-0.12939443618805074
AVAR,Activity,82,AIBR,2022-08-02-01,2022-06-14-13,0.7671859361693283
SAAVL,Activity,82,AIBR,2022-08-02-01,2022-06-14-13,0.5578342020935005
CEPDR,Activity,82,AIBR,2022-08-02-01,2022-06-14-13,-0.2801883860575094
URXL,Activity,82,AIBR,2022-08-02-01,2022-06-14-13,-0.5109037058676991
CEPDL,Activity,82,AIBR,2022-08-02-01,2022-06-14-13,-0.6342166133811477
SMDDR,Activity,82,AIBR,2022-08-02-01,2022-06-14-13,0.10519114618637691
RMEV,Activity,82,AIBR,2022-08-02-01,2022-06-14-13,-0.7666690597101296
RIAL,Activity,82,AIBR,2022-08-02-01,2022-06-14-13,-0.4409589404037197
AVER,Activity,82,AIBR,2022-08-02-01,2022-06-14-13,0.7573962809582192
AWAR,Activity,82,AIBR,2022-08-02-01,2022-06-14-13,0.7096187394068493
SMDVL,Activity,82,AIBR,2022-08-02-01,2022-06-14-13,0.19881838104422525
AVAL,Activity,82,AIBR,2022-08-02-01,2022-06-14-13,0.7503034241511926
RMDL,Activity,82,AIBR,2022-08-02-01,2022-06-14-13,0.536793050769499
AIBR,Activity,83,AIBR,2022-08-02-01,2022-06-14-13,0.8015835035976999
ASGR,Activity,82,AIBR,2022-08-02-01,2022-06-14-13,0.6951502618209237
AVL,Activity,82,AIBR,2022-08-02-01,2022-06-14-13,0.782527185434584
AVEL,Activity,82,AIBR,2022-08-02-01,2022-06-14-13,0.7739308128418375
ASGL,Activity,82,AIBR,2022-08-02-01,2022-06-14-13,0.7455715971430131
ASHL,Activity,82,AIBR,2022-08-02-01,2022-06-14-13,0.648383203292818
AIBL,Activity,82,AIBR,2022-08-02-01,2022-06-14-13,0.77033745917728
AVHL,Activity,82,AIBR,2022-08-02-01,2022-06-14-13,-0.4299285398495562
AWBL,Activity,82,AIBR,2022-08-02-01,2022-06-14-13,0.4182958876686525
RIVL,Activity,82,AIBR,2022-08-02-01,2022-06-14-13,0.1679149323115021
AWCL,Activity,82,AIBR,2022-08-02-01,2022-06-14-13,-0.27249338350314517
SMDDL,Activity,82,AIBR,2022-08-02-01,2022-06-14-13,0.10523441148856558
AVJR,Activity,82,AIBR,2022-08-02-01,2022-06-14-13,-0.3838977380214059
AIZL,Activity,82,AIBR,2022-08-02-01,2022-06-14-13,-0.5121871404169532
RIBL,Activity,82,AIBR,2022-08-02-01,2022-06-14-13,-0.714325453716925
ASEL,Activity,82,AIBR,2022-08-02-01,2022-06-14-13,-0.7159392831309125
AVDR,Activity,82,AIBR,2022-08-02-01,2022-06-14-13,-0.2934014103938303
AVDL,Activity,82,AIBR,2022-08-02-01,2022-06-14-13,-0.45400413629681363
AVJL,Activity,82,AIBR,2022-08-02-01,2022-06-14-13,0.1090230978950607
RIVR,Activity,82,AIBR,2022-08-02-01,2022-06-14-13,0.06346132040253906
AIZR,Activity,82,AIBR,2022-08-02-01,2022-06-14-13,0.411963656129189
AUAR,Activity,82,AIBR,2022-08-02-01,2022-06-14-13,-0.09766681441978436
AUAL,Activity,82,AIBR,2022-08-02-01,2022-06-14-13,-0.5981434339134731
RICR,Activity,82,AIBR,2022-08-02-01,2022-06-14-13,-0.4818909002798932
RICL,Activity,82,AIBR,2022-08-02-01,2022-06-14-13,-0.49076050147718886
M5,Activity,82,AIBR,2022-08-02-01,2022-06-14-13,-0.30755719545542315
AIML,Activity,82,AIBR,2022-08-02-01,2022-06-14-13,-0.6183773145406035
AIMR,Activity,82,AIBR,2022-08-02-01,2022-06-14-13,-0.51368217398151
FLPL,Activity,82,AIBR,2022-08-02-01,2022-06-14-13,-0.6380482314335907
ADEL,Activity,82,AIBR,2022-08-02-01,2022-06-14-13,-0.5344174944965415
VB02,Activity,82,AIBR,2022-08-02-01,2022-06-14-13,-0.7368678345475245
ADAL,Activity,82,AIBR,2022-08-02-01,2022-06-14-13,0.5194410599803317
I1R,Activity,82,ASGR,2022-08-02-01,2022-06-14-13,-0.11282064278536487
IL2DL,Activity,82,ASGR,2022-08-02-01,2022-06-14-13,-0.27164293910523607
I2R,Activity,82,ASGR,2022-08-02-01,2022-06-14-13,-0.16104275760773232
I3,Activity,82,ASGR,2022-08-02-01,2022-06-14-13,0.3335648339061072
NSMR,Activity,82,ASGR,2022-08-02-01,2022-06-14-13,-0.25135959261313234
I2L,Activity,82,ASGR,2022-08-02-01,2022-06-14-13,-0.5319530005069154
MCL,Activity,82,ASGR,2022-08-02-01,2022-06-14-13,-0.21701814035313066
NSML,Activity,82,ASGR,2022-08-02-01,2022-06-14-13,-0.2956935917838549
M4,Activity,82,ASGR,2022-08-02-01,2022-06-14-13,-0.4825856687173948
M3R,Activity,82,ASGR,2022-08-02-01,2022-06-14-13,0.13168824659845693
M3L,Activity,82,ASGR,2022-08-02-01,2022-06-14-13,-0.30427011051929787
IL2VL,Activity,82,ASGR,2022-08-02-01,2022-06-14-13,-0.3361664861259728
IL1R,Activity,82,ASGR,2022-08-02-01,2022-06-14-13,-0.21912380237439102
OLLL,Activity,82,ASGR,2022-08-02-01,2022-06-14-13,-0.05003817388961786
IL2L,Activity,82,ASGR,2022-08-02-01,2022-06-14-13,-0.42178306502642327
URBR,Activity,82,ASGR,2022-08-02-01,2022-06-14-13,0.106374666906505
OLLR,Activity,82,ASGR,2022-08-02-01,2022-06-14-13,0.021484146737245663
IL1DL,Activity,82,ASGR,2022-08-02-01,2022-06-14-13,-0.0902626496274949
IL1DR,Activity,82,ASGR,2022-08-02-01,2022-06-14-13,-0.030986114624673454
URYVR,Activity,82,ASGR,2022-08-02-01,2022-06-14-13,0.5271179812850404
IL2R,Activity,82,ASGR,2022-08-02-01,2022-06-14-13,0.1723119806698345
URYDL,Activity,82,ASGR,2022-08-02-01,2022-06-14-13,0.5961238084256925
IL1L,Activity,82,ASGR,2022-08-02-01,2022-06-14-13,-0.5013059017202623
URBL,Activity,82,ASGR,2022-08-02-01,2022-06-14-13,-0.5030304971133318
OLQDR,Activity,82,ASGR,2022-08-02-01,2022-06-14-13,0.1307185650114228
OLQDL,Activity,82,ASGR,2022-08-02-01,2022-06-14-13,-0.4139804572285915
RMER,Activity,82,ASGR,2022-08-02-01,2022-06-14-13,-0.6607476890268367
OLQVR,Activity,82,ASGR,2022-08-02-01,2022-06-14-13,0.18548000119353342
URYVL,Activity,82,ASGR,2022-08-02-01,2022-06-14-13,0.36885564954955613
RMED,Activity,82,ASGR,2022-08-02-01,2022-06-14-13,-0.7331824637940604
RMEL,Activity,82,ASGR,2022-08-02-01,2022-06-14-13,-0.4823153490020629
CEPVR,Activity,82,ASGR,2022-08-02-01,2022-06-14-13,0.09755309841157388
OLQVL,Activity,82,ASGR,2022-08-02-01,2022-06-14-13,-0.13049483866633468
CEPVL,Activity,82,ASGR,2022-08-02-01,2022-06-14-13,-0.12947318107271602
SAAVR,Activity,82,ASGR,2022-08-02-01,2022-06-14-13,0.7170753610747509
RID,Activity,82,ASGR,2022-08-02-01,2022-06-14-13,-0.6158845419475993
SMDVR,Activity,82,ASGR,2022-08-02-01,2022-06-14-13,-0.15986064560221847
URXR,Activity,82,ASGR,2022-08-02-01,2022-06-14-13,-0.4371159388640623
RIAR,Activity,82,ASGR,2022-08-02-01,2022-06-14-13,-0.16223186216736957
AVAR,Activity,82,ASGR,2022-08-02-01,2022-06-14-13,0.6934707940467422
SAAVL,Activity,82,ASGR,2022-08-02-01,2022-06-14-13,0.6127399224632949
CEPDR,Activity,82,ASGR,2022-08-02-01,2022-06-14-13,-0.2646105209514353
URXL,Activity,82,ASGR,2022-08-02-01,2022-06-14-13,-0.4361590386327034
CEPDL,Activity,82,ASGR,2022-08-02-01,2022-06-14-13,-0.5822075805892107
SMDDR,Activity,82,ASGR,2022-08-02-01,2022-06-14-13,0.111399577099946
RMEV,Activity,82,ASGR,2022-08-02-01,2022-06-14-13,-0.7058375385382134
RIAL,Activity,82,ASGR,2022-08-02-01,2022-06-14-13,-0.3473497009555244
AVER,Activity,82,ASGR,2022-08-02-01,2022-06-14-13,0.6905364214252188
AWAR,Activity,82,ASGR,2022-08-02-01,2022-06-14-13,0.6329487788593327
SMDVL,Activity,82,ASGR,2022-08-02-01,2022-06-14-13,0.20734634277752564
AVAL,Activity,82,ASGR,2022-08-02-01,2022-06-14-13,0.6777277162472513
RMDL,Activity,82,ASGR,2022-08-02-01,2022-06-14-13,0.46143417820092597
AIBR,Activity,82,ASGR,2022-08-02-01,2022-06-14-13,0.7344222138013953
ASGR,Activity,83,ASGR,2022-08-02-01,2022-06-14-13,0.6897375253740058
AVL,Activity,82,ASGR,2022-08-02-01,2022-06-14-13,0.7281415512524209
AVEL,Activity,82,ASGR,2022-08-02-01,2022-06-14-13,0.7105709651459506
ASGL,Activity,82,ASGR,2022-08-02-01,2022-06-14-13,0.7175535632609038
ASHL,Activity,82,ASGR,2022-08-02-01,2022-06-14-13,0.5656443478074596
AIBL,Activity,82,ASGR,2022-08-02-01,2022-06-14-13,0.7203299704395713
AVHL,Activity,82,ASGR,2022-08-02-01,2022-06-14-13,-0.3389963755039873
AWBL,Activity,82,ASGR,2022-08-02-01,2022-06-14-13,0.36402739799855893
RIVL,Activity,82,ASGR,2022-08-02-01,2022-06-14-13,0.1597898711669411
AWCL,Activity,82,ASGR,2022-08-02-01,2022-06-14-13,-0.22317148298792316
SMDDL,Activity,82,ASGR,2022-08-02-01,2022-06-14-13,0.07195432863576602
AVJR,Activity,82,ASGR,2022-08-02-01,2022-06-14-13,-0.3553433369087534
AIZL,Activity,82,ASGR,2022-08-02-01,2022-06-14-13,-0.40852692961766995
RIBL,Activity,82,ASGR,2022-08-02-01,2022-06-14-13,-0.6850354486087903
ASEL,Activity,82,ASGR,2022-08-02-01,2022-06-14-13,-0.6380988109049346
AVDR,Activity,82,ASGR,2022-08-02-01,2022-06-14-13,-0.19215519297096043
AVDL,Activity,82,ASGR,2022-08-02-01,2022-06-14-13,-0.34567973295884424
AVJL,Activity,82,ASGR,2022-08-02-01,2022-06-14-13,0.0739073659780733
RIVR,Activity,82,ASGR,2022-08-02-01,2022-06-14-13,0.06556870021744587
AIZR,Activity,82,ASGR,2022-08-02-01,2022-06-14-13,0.3853042611742202
AUAR,Activity,82,ASGR,2022-08-02-01,2022-06-14-13,-0.16122182311418587
AUAL,Activity,82,ASGR,2022-08-02-01,2022-06-14-13,-0.5470699607184155
RICR,Activity,82,ASGR,2022-08-02-01,2022-06-14-13,-0.3875221818943328
RICL,Activity,82,ASGR,2022-08-02-01,2022-06-14-13,-0.4264258689646824
M5,Activity,82,ASGR,2022-08-02-01,2022-06-14-13,-0.37954732779454586
AIML,Activity,82,ASGR,2022-08-02-01,2022-06-14-13,-0.6565290953315164
AIMR,Activity,82,ASGR,2022-08-02-01,2022-06-14-13,-0.5489775626536761
FLPL,Activity,82,ASGR,2022-08-02-01,2022-06-14-13,-0.5794284457680289
ADEL,Activity,82,ASGR,2022-08-02-01,2022-06-14-13,-0.4977623036120494
VB02,Activity,82,ASGR,2022-08-02-01,2022-06-14-13,-0.710811869856489
ADAL,Activity,82,ASGR,2022-08-02-01,2022-06-14-13,0.4197056286226478
I1R,Activity,82,AVL,2022-08-02-01,2022-06-14-13,-0.29909098692984387
IL2DL,Activity,82,AVL,2022-08-02-01,2022-06-14-13,-0.46717752038362376
I2R,Activity,82,AVL,2022-08-02-01,2022-06-14-13,-0.07554619046651294
I3,Activity,82,AVL,2022-08-02-01,2022-06-14-13,0.5270294259237291
NSMR,Activity,82,AVL,2022-08-02-01,2022-06-14-13,-0.4410310530764378
I2L,Activity,82,AVL,2022-08-02-01,2022-06-14-13,-0.632355385844604
MCL,Activity,82,AVL,2022-08-02-01,2022-06-14-13,-0.39002051630540413
NSML,Activity,82,AVL,2022-08-02-01,2022-06-14-13,-0.4822624776659208
M4,Activity,82,AVL,2022-08-02-01,2022-06-14-13,-0.5516399594503725
M3R,Activity,82,AVL,2022-08-02-01,2022-06-14-13,0.12012992919032844
M3L,Activity,82,AVL,2022-08-02-01,2022-06-14-13,-0.4284548735869106
IL2VL,Activity,82,AVL,2022-08-02-01,2022-06-14-13,-0.4978657524162849
IL1R,Activity,82,AVL,2022-08-02-01,2022-06-14-13,-0.13969987604228648
OLLL,Activity,82,AVL,2022-08-02-01,2022-06-14-13,0.07911448046548855
IL2L,Activity,82,AVL,2022-08-02-01,2022-06-14-13,-0.556740484787661
URBR,Activity,82,AVL,2022-08-02-01,2022-06-14-13,0.274245229701268
OLLR,Activity,82,AVL,2022-08-02-01,2022-06-14-13,0.17634931541724824
IL1DL,Activity,82,AVL,2022-08-02-01,2022-06-14-13,0.0788486820124085
IL1DR,Activity,82,AVL,2022-08-02-01,2022-06-14-13,0.1517184211528788
URYVR,Activity,82,AVL,2022-08-02-01,2022-06-14-13,0.6652723396370006
IL2R,Activity,82,AVL,2022-08-02-01,2022-06-14-13,0.3291230069615406
URYDL,Activity,82,AVL,2022-08-02-01,2022-06-14-13,0.7353766658998294
IL1L,Activity,82,AVL,2022-08-02-01,2022-06-14-13,-0.4923350380528072
URBL,Activity,82,AVL,2022-08-02-01,2022-06-14-13,-0.44173283643659467
OLQDR,Activity,82,AVL,2022-08-02-01,2022-06-14-13,0.291934650187015
OLQDL,Activity,82,AVL,2022-08-02-01,2022-06-14-13,-0.30311189465544847
RMER,Activity,82,AVL,2022-08-02-01,2022-06-14-13,-0.6653721878666289
OLQVR,Activity,82,AVL,2022-08-02-01,2022-06-14-13,0.3356428561848752
URYVL,Activity,82,AVL,2022-08-02-01,2022-06-14-13,0.5532421592309834
RMED,Activity,82,AVL,2022-08-02-01,2022-06-14-13,-0.7852213037252568
RMEL,Activity,82,AVL,2022-08-02-01,2022-06-14-13,-0.5267909312674197
CEPVR,Activity,82,AVL,2022-08-02-01,2022-06-14-13,0.23593302268039879
OLQVL,Activity,82,AVL,2022-08-02-01,2022-06-14-13,0.01586254002543696
CEPVL,Activity,82,AVL,2022-08-02-01,2022-06-14-13,-0.04016679622870714
SAAVR,Activity,82,AVL,2022-08-02-01,2022-06-14-13,0.6380404809893867
RID,Activity,82,AVL,2022-08-02-01,2022-06-14-13,-0.7286558045352354
SMDVR,Activity,82,AVL,2022-08-02-01,2022-06-14-13,-0.1901556446051233
URXR,Activity,82,AVL,2022-08-02-01,2022-06-14-13,-0.6095674744636701
RIAR,Activity,82,AVL,2022-08-02-01,2022-06-14-13,-0.04855674393679125
AVAR,Activity,82,AVL,2022-08-02-01,2022-06-14-13,0.7863541629692526
SAAVL,Activity,82,AVL,2022-08-02-01,2022-06-14-13,0.5018154039746792
CEPDR,Activity,82,AVL,2022-08-02-01,2022-06-14-13,-0.1931853283760179
URXL,Activity,82,AVL,2022-08-02-01,2022-06-14-13,-0.5636631458068595
CEPDL,Activity,82,AVL,2022-08-02-01,2022-06-14-13,-0.5923829840547016
SMDDR,Activity,82,AVL,2022-08-02-01,2022-06-14-13,0.19253255953459822
RMEV,Activity,82,AVL,2022-08-02-01,2022-06-14-13,-0.8072652118803786
RIAL,Activity,82,AVL,2022-08-02-01,2022-06-14-13,-0.5142837027496314
AVER,Activity,82,AVL,2022-08-02-01,2022-06-14-13,0.7716830308160161
AWAR,Activity,82,AVL,2022-08-02-01,2022-06-14-13,0.6894181378540685
SMDVL,Activity,82,AVL,2022-08-02-01,2022-06-14-13,0.22952296241281178
AVAL,Activity,82,AVL,2022-08-02-01,2022-06-14-13,0.7733979560305669
RMDL,Activity,82,AVL,2022-08-02-01,2022-06-14-13,0.6102947270389594
AIBR,Activity,82,AVL,2022-08-02-01,2022-06-14-13,0.7997446012212278
ASGR,Activity,82,AVL,2022-08-02-01,2022-06-14-13,0.6809427789799251
AVL,Activity,83,AVL,2022-08-02-01,2022-06-14-13,0.803077002995977
AVEL,Activity,82,AVL,2022-08-02-01,2022-06-14-13,0.7919109625601132
ASGL,Activity,82,AVL,2022-08-02-01,2022-06-14-13,0.7218758805053994
ASHL,Activity,82,AVL,2022-08-02-01,2022-06-14-13,0.6864225969885889
AIBL,Activity,82,AVL,2022-08-02-01,2022-06-14-13,0.7894347267139566
AVHL,Activity,82,AVL,2022-08-02-01,2022-06-14-13,-0.5195139030728129
AWBL,Activity,82,AVL,2022-08-02-01,2022-06-14-13,0.5050384285034597
RIVL,Activity,82,AVL,2022-08-02-01,2022-06-14-13,0.24266778383175283
AWCL,Activity,82,AVL,2022-08-02-01,2022-06-14-13,-0.37242390638850825
SMDDL,Activity,82,AVL,2022-08-02-01,2022-06-14-13,0.13402652134519594
AVJR,Activity,82,AVL,2022-08-02-01,2022-06-14-13,-0.45816499790655846
AIZL,Activity,82,AVL,2022-08-02-01,2022-06-14-13,-0.5854917169547202
RIBL,Activity,82,AVL,2022-08-02-01,2022-06-14-13,-0.7021986840144072
ASEL,Activity,82,AVL,2022-08-02-01,2022-06-14-13,-0.7497177883874296
AVDR,Activity,82,AVL,2022-08-02-01,2022-06-14-13,-0.38311165314072826
AVDL,Activity,82,AVL,2022-08-02-01,2022-06-14-13,-0.5257766411246103
AVJL,Activity,82,AVL,2022-08-02-01,2022-06-14-13,0.1389387087260302
RIVR,Activity,82,AVL,2022-08-02-01,2022-06-14-13,0.1340136848658934
AIZR,Activity,82,AVL,2022-08-02-01,2022-06-14-13,0.4170301602501066
AUAR,Activity,82,AVL,2022-08-02-01,2022-06-14-13,0.014104291677781938
AUAL,Activity,82,AVL,2022-08-02-01,2022-06-14-13,-0.662623384761337
RICR,Activity,82,AVL,2022-08-02-01,2022-06-14-13,-0.5734256936027587
RICL,Activity,82,AVL,2022-08-02-01,2022-06-14-13,-0.5793409294374708
M5,Activity,82,AVL,2022-08-02-01,2022-06-14-13,-0.2816179628133775
AIML,Activity,82,AVL,2022-08-02-01,2022-06-14-13,-0.6066304774953565
AIMR,Activity,82,AVL,2022-08-02-01,2022-06-14-13,-0.512781826624588
FLPL,Activity,82,AVL,2022-08-02-01,2022-06-14-13,-0.6702094290907127
ADEL,Activity,82,AVL,2022-08-02-01,2022-06-14-13,-0.5562718958951159
VB02,Activity,82,AVL,2022-08-02-01,2022-06-14-13,-0.7310039402591763
ADAL,Activity,82,AVL,2022-08-02-01,2022-06-14-13,0.5855571114361415
I1R,Activity,82,AVEL,2022-08-02-01,2022-06-14-13,-0.32653623608537624
IL2DL,Activity,82,AVEL,2022-08-02-01,2022-06-14-13,-0.5015273463299547
I2R,Activity,82,AVEL,2022-08-02-01,2022-06-14-13,-0.045426265265221456
I3,Activity,82,AVEL,2022-08-02-01,2022-06-14-13,0.5595921937906778
NSMR,Activity,82,AVEL,2022-08-02-01,2022-06-14-13,-0.4710912497832435
I2L,Activity,82,AVEL,2022-08-02-01,2022-06-14-13,-0.646903935070011
MCL,Activity,82,AVEL,2022-08-02-01,2022-06-14-13,-0.41669314346783487
NSML,Activity,82,AVEL,2022-08-02-01,2022-06-14-13,-0.5146246245507502
M4,Activity,82,AVEL,2022-08-02-01,2022-06-14-13,-0.5636251564089144
M3R,Activity,82,AVEL,2022-08-02-01,2022-06-14-13,0.1336470037641919
M3L,Activity,82,AVEL,2022-08-02-01,2022-06-14-13,-0.44022168007746715
IL2VL,Activity,82,AVEL,2022-08-02-01,2022-06-14-13,-0.5186074556746264
IL1R,Activity,82,AVEL,2022-08-02-01,2022-06-14-13,-0.1189081081969635
OLLL,Activity,82,AVEL,2022-08-02-01,2022-06-14-13,0.09861687801693132
IL2L,Activity,82,AVEL,2022-08-02-01,2022-06-14-13,-0.5810642020662264
URBR,Activity,82,AVEL,2022-08-02-01,2022-06-14-13,0.2992644293255124
OLLR,Activity,82,AVEL,2022-08-02-01,2022-06-14-13,0.20278085585313185
IL1DL,Activity,82,AVEL,2022-08-02-01,2022-06-14-13,0.10458941019330485
IL1DR,Activity,82,AVEL,2022-08-02-01,2022-06-14-13,0.19686878334188415
URYVR,Activity,82,AVEL,2022-08-02-01,2022-06-14-13,0.7003396842230188
IL2R,Activity,82,AVEL,2022-08-02-01,2022-06-14-13,0.3716169476777287
URYDL,Activity,82,AVEL,2022-08-02-01,2022-06-14-13,0.7660959718244604
IL1L,Activity,82,AVEL,2022-08-02-01,2022-06-14-13,-0.5088984994661296
URBL,Activity,82,AVEL,2022-08-02-01,2022-06-14-13,-0.4533272816442072
OLQDR,Activity,82,AVEL,2022-08-02-01,2022-06-14-13,0.3235257702803515
OLQDL,Activity,82,AVEL,2022-08-02-01,2022-06-14-13,-0.2979041757864623
RMER,Activity,82,AVEL,2022-08-02-01,2022-06-14-13,-0.6510109627946213
OLQVR,Activity,82,AVEL,2022-08-02-01,2022-06-14-13,0.3660767011577459
URYVL,Activity,82,AVEL,2022-08-02-01,2022-06-14-13,0.5895610314137466
RMED,Activity,82,AVEL,2022-08-02-01,2022-06-14-13,-0.7978039445039454
RMEL,Activity,82,AVEL,2022-08-02-01,2022-06-14-13,-0.5569175415303138
CEPVR,Activity,82,AVEL,2022-08-02-01,2022-06-14-13,0.26252262170513596
OLQVL,Activity,82,AVEL,2022-08-02-01,2022-06-14-13,0.03253815721176135
CEPVL,Activity,82,AVEL,2022-08-02-01,2022-06-14-13,-0.029464054641750635
SAAVR,Activity,82,AVEL,2022-08-02-01,2022-06-14-13,0.6268470355996633
RID,Activity,82,AVEL,2022-08-02-01,2022-06-14-13,-0.761598833553025
SMDVR,Activity,82,AVEL,2022-08-02-01,2022-06-14-13,-0.1934124360230774
URXR,Activity,82,AVEL,2022-08-02-01,2022-06-14-13,-0.6467737059856647
RIAR,Activity,82,AVEL,2022-08-02-01,2022-06-14-13,-0.03500068517014228
AVAR,Activity,82,AVEL,2022-08-02-01,2022-06-14-13,0.8076854586546792
SAAVL,Activity,82,AVEL,2022-08-02-01,2022-06-14-13,0.4776978993772839
CEPDR,Activity,82,AVEL,2022-08-02-01,2022-06-14-13,-0.1775295993368802
URXL,Activity,82,AVEL,2022-08-02-01,2022-06-14-13,-0.599917757448137
CEPDL,Activity,82,AVEL,2022-08-02-01,2022-06-14-13,-0.603651849473733
SMDDR,Activity,82,AVEL,2022-08-02-01,2022-06-14-13,0.20570154130118223
RMEV,Activity,82,AVEL,2022-08-02-01,2022-06-14-13,-0.8261994615580837
RIAL,Activity,82,AVEL,2022-08-02-01,2022-06-14-13,-0.5476438080557087
AVER,Activity,82,AVEL,2022-08-02-01,2022-06-14-13,0.7961822204190784
AWAR,Activity,82,AVEL,2022-08-02-01,2022-06-14-13,0.7025252205086376
SMDVL,Activity,82,AVEL,2022-08-02-01,2022-06-14-13,0.22087780628325038
AVAL,Activity,82,AVEL,2022-08-02-01,2022-06-14-13,0.7964578131678212
RMDL,Activity,82,AVEL,2022-08-02-01,2022-06-14-13,0.648023606776126
AIBR,Activity,82,AVEL,2022-08-02-01,2022-06-14-13,0.8167062270064772
ASGR,Activity,82,AVEL,2022-08-02-01,2022-06-14-13,0.7166487106295419
AVL,Activity,82,AVEL,2022-08-02-01,2022-06-14-13,0.8074413468810874
AVEL,Activity,83,AVEL,2022-08-02-01,2022-06-14-13,0.8243008665196472
ASGL,Activity,82,AVEL,2022-08-02-01,2022-06-14-13,0.747526066462137
ASHL,Activity,82,AVEL,2022-08-02-01,2022-06-14-13,0.70320948748617
AIBL,Activity,82,AVEL,2022-08-02-01,2022-06-14-13,0.8021553698802992
AVHL,Activity,82,AVEL,2022-08-02-01,2022-06-14-13,-0.5466098869066741
AWBL,Activity,82,AVEL,2022-08-02-01,2022-06-14-13,0.5228992341793489
RIVL,Activity,82,AVEL,2022-08-02-01,2022-06-14-13,0.24570777203923977
AWCL,Activity,82,AVEL,2022-08-02-01,2022-06-14-13,-0.40316941686663155
SMDDL,Activity,82,AVEL,2022-08-02-01,2022-06-14-13,0.17291069970545891
AVJR,Activity,82,AVEL,2022-08-02-01,2022-06-14-13,-0.4897674110743767
AIZL,Activity,82,AVEL,2022-08-02-01,2022-06-14-13,-0.6264772583223998
RIBL,Activity,82,AVEL,2022-08-02-01,2022-06-14-13,-0.7206598891945083
ASEL,Activity,82,AVEL,2022-08-02-01,2022-06-14-13,-0.7743497668704339
AVDR,Activity,82,AVEL,2022-08-02-01,2022-06-14-13,-0.41120394974639224
AVDL,Activity,82,AVEL,2022-08-02-01,2022-06-14-13,-0.5612424150023959
AVJL,Activity,82,AVEL,2022-08-02-01,2022-06-14-13,0.1407371239094923
RIVR,Activity,82,AVEL,2022-08-02-01,2022-06-14-13,0.12881410142404362
AIZR,Activity,82,AVEL,2022-08-02-01,2022-06-14-13,0.43318131173256863
AUAR,Activity,82,AVEL,2022-08-02-01,2022-06-14-13,0.05524763597957441
AUAL,Activity,82,AVEL,2022-08-02-01,2022-06-14-13,-0.6927270967190796
RICR,Activity,82,AVEL,2022-08-02-01,2022-06-14-13,-0.6023875868520554
RICL,Activity,82,AVEL,2022-08-02-01,2022-06-14-13,-0.6078768204207279
M5,Activity,82,AVEL,2022-08-02-01,2022-06-14-13,-0.25446371959057906
AIML,Activity,82,AVEL,2022-08-02-01,2022-06-14-13,-0.5975795482420548
AIMR,Activity,82,AVEL,2022-08-02-01,2022-06-14-13,-0.49097198233034517
FLPL,Activity,82,AVEL,2022-08-02-01,2022-06-14-13,-0.6792910649216413
ADEL,Activity,82,AVEL,2022-08-02-01,2022-06-14-13,-0.5748946117361933
VB02,Activity,82,AVEL,2022-08-02-01,2022-06-14-13,-0.7324642763073359
ADAL,Activity,82,AVEL,2022-08-02-01,2022-06-14-13,0.6144864546462876
I1R,Activity,82,ASGL,2022-08-02-01,2022-06-14-13,-0.11186675192836146
IL2DL,Activity,82,ASGL,2022-08-02-01,2022-06-14-13,-0.2785825631308598
I2R,Activity,82,ASGL,2022-08-02-01,2022-06-14-13,-0.130725282235517
I3,Activity,82,ASGL,2022-08-02-01,2022-06-14-13,0.3490451478787734
NSMR,Activity,82,ASGL,2022-08-02-01,2022-06-14-13,-0.2590146402291756
I2L,Activity,82,ASGL,2022-08-02-01,2022-06-14-13,-0.5209333216691374
MCL,Activity,82,ASGL,2022-08-02-01,2022-06-14-13,-0.2219049626635143
NSML,Activity,82,ASGL,2022-08-02-01,2022-06-14-13,-0.3055117497313874
M4,Activity,82,ASGL,2022-08-02-01,2022-06-14-13,-0.466858213897208
M3R,Activity,82,ASGL,2022-08-02-01,2022-06-14-13,0.15553092554032324
M3L,Activity,82,ASGL,2022-08-02-01,2022-06-14-13,-0.29015986454840453
IL2VL,Activity,82,ASGL,2022-08-02-01,2022-06-14-13,-0.32683244811456147
IL1R,Activity,82,ASGL,2022-08-02-01,2022-06-14-13,-0.20681689219416619
OLLL,Activity,82,ASGL,2022-08-02-01,2022-06-14-13,-0.04600013067639724
IL2L,Activity,82,ASGL,2022-08-02-01,2022-06-14-13,-0.43045518887157386
URBR,Activity,82,ASGL,2022-08-02-01,2022-06-14-13,0.11976536893572837
OLLR,Activity,82,ASGL,2022-08-02-01,2022-06-14-13,0.029680044552653828
IL1DL,Activity,82,ASGL,2022-08-02-01,2022-06-14-13,-0.08941249273047257
IL1DR,Activity,82,ASGL,2022-08-02-01,2022-06-14-13,-0.0050249186944579995
URYVR,Activity,82,ASGL,2022-08-02-01,2022-06-14-13,0.5459468327488101
IL2R,Activity,82,ASGL,2022-08-02-01,2022-06-14-13,0.19911080121594749
URYDL,Activity,82,ASGL,2022-08-02-01,2022-06-14-13,0.610378973903183
IL1L,Activity,82,ASGL,2022-08-02-01,2022-06-14-13,-0.5161180016388334
URBL,Activity,82,ASGL,2022-08-02-01,2022-06-14-13,-0.5123096151391998
OLQDR,Activity,82,ASGL,2022-08-02-01,2022-06-14-13,0.14406002537119456
OLQDL,Activity,82,ASGL,2022-08-02-01,2022-06-14-13,-0.4159903261123182
RMER,Activity,82,ASGL,2022-08-02-01,2022-06-14-13,-0.6411974978968944
OLQVR,Activity,82,ASGL,2022-08-02-01,2022-06-14-13,0.20141838935247183
URYVL,Activity,82,ASGL,2022-08-02-01,2022-06-14-13,0.3872294269046098
RMED,Activity,82,ASGL,2022-08-02-01,2022-06-14-13,-0.7367783687540185
RMEL,Activity,82,ASGL,2022-08-02-01,2022-06-14-13,-0.5002976633991943
CEPVR,Activity,82,ASGL,2022-08-02-01,2022-06-14-13,0.10867171731886723
OLQVL,Activity,82,ASGL,2022-08-02-01,2022-06-14-13,-0.12543102655451324
CEPVL,Activity,82,ASGL,2022-08-02-01,2022-06-14-13,-0.11685184007546306
SAAVR,Activity,82,ASGL,2022-08-02-01,2022-06-14-13,0.7145547471346967
RID,Activity,82,ASGL,2022-08-02-01,2022-06-14-13,-0.6340744524238957
SMDVR,Activity,82,ASGL,2022-08-02-01,2022-06-14-13,-0.17767859044539053
URXR,Activity,82,ASGL,2022-08-02-01,2022-06-14-13,-0.4504116254211764
RIAR,Activity,82,ASGL,2022-08-02-01,2022-06-14-13,-0.161832648695787
AVAR,Activity,82,ASGL,2022-08-02-01,2022-06-14-13,0.7034825354109174
SAAVL,Activity,82,ASGL,2022-08-02-01,2022-06-14-13,0.5922263892391921
CEPDR,Activity,82,ASGL,2022-08-02-01,2022-06-14-13,-0.2636193889168967
URXL,Activity,82,ASGL,2022-08-02-01,2022-06-14-13,-0.4606232429555816
CEPDL,Activity,82,ASGL,2022-08-02-01,2022-06-14-13,-0.5915608413919784
SMDDR,Activity,82,ASGL,2022-08-02-01,2022-06-14-13,0.11293190296767802
RMEV,Activity,82,ASGL,2022-08-02-01,2022-06-14-13,-0.7066889650100692
RIAL,Activity,82,ASGL,2022-08-02-01,2022-06-14-13,-0.3680968283848452
AVER,Activity,82,ASGL,2022-08-02-01,2022-06-14-13,0.7043091661827564
AWAR,Activity,82,ASGL,2022-08-02-01,2022-06-14-13,0.6490641578021796
SMDVL,Activity,82,ASGL,2022-08-02-01,2022-06-14-13,0.18704765487064745
AVAL,Activity,82,ASGL,2022-08-02-01,2022-06-14-13,0.6870346885523331
RMDL,Activity,82,ASGL,2022-08-02-01,2022-06-14-13,0.4798058937814929
AIBR,Activity,82,ASGL,2022-08-02-01,2022-06-14-13,0.7428164211450484
ASGR,Activity,82,ASGL,2022-08-02-01,2022-06-14-13,0.6775434948994254
AVL,Activity,82,ASGL,2022-08-02-01,2022-06-14-13,0.7361816927096936
AVEL,Activity,82,ASGL,2022-08-02-01,2022-06-14-13,0.7206705820295034
ASGL,Activity,83,ASGL,2022-08-02-01,2022-06-14-13,0.7700318118035882
ASHL,Activity,82,ASGL,2022-08-02-01,2022-06-14-13,0.572216876391811
AIBL,Activity,82,ASGL,2022-08-02-01,2022-06-14-13,0.7247772090519166
AVHL,Activity,82,ASGL,2022-08-02-01,2022-06-14-13,-0.3506852654794639
AWBL,Activity,82,ASGL,2022-08-02-01,2022-06-14-13,0.3709676081581525
RIVL,Activity,82,ASGL,2022-08-02-01,2022-06-14-13,0.14686262131121813
AWCL,Activity,82,ASGL,2022-08-02-01,2022-06-14-13,-0.23294085227493325
SMDDL,Activity,82,ASGL,2022-08-02-01,2022-06-14-13,0.10908743146720445
AVJR,Activity,82,ASGL,2022-08-02-01,2022-06-14-13,-0.34966807612376005
AIZL,Activity,82,ASGL,2022-08-02-01,2022-06-14-13,-0.42269850229005335
RIBL,Activity,82,ASGL,2022-08-02-01,2022-06-14-13,-0.6979036734002924
ASEL,Activity,82,ASGL,2022-08-02-01,2022-06-14-13,-0.643542856898795
AVDR,Activity,82,ASGL,2022-08-02-01,2022-06-14-13,-0.1950441576207091
AVDL,Activity,82,ASGL,2022-08-02-01,2022-06-14-13,-0.3532560490120205
AVJL,Activity,82,ASGL,2022-08-02-01,2022-06-14-13,0.058630803126191657
RIVR,Activity,82,ASGL,2022-08-02-01,2022-06-14-13,0.05474720585351535
AIZR,Activity,82,ASGL,2022-08-02-01,2022-06-14-13,0.3911734754934333
AUAR,Activity,82,ASGL,2022-08-02-01,2022-06-14-13,-0.1323362322803734
AUAL,Activity,82,ASGL,2022-08-02-01,2022-06-14-13,-0.556228845860898
RICR,Activity,82,ASGL,2022-08-02-01,2022-06-14-13,-0.38985739361005334
RICL,Activity,82,ASGL,2022-08-02-01,2022-06-14-13,-0.4362636572688092
M5,Activity,82,ASGL,2022-08-02-01,2022-06-14-13,-0.37212098711743985
AIML,Activity,82,ASGL,2022-08-02-01,2022-06-14-13,-0.6501048428018862
AIMR,Activity,82,ASGL,2022-08-02-01,2022-06-14-13,-0.5333121379272989
FLPL,Activity,82,ASGL,2022-08-02-01,2022-06-14-13,-0.5786023260504006
ADEL,Activity,82,ASGL,2022-08-02-01,2022-06-14-13,-0.5002225332583606
VB02,Activity,82,ASGL,2022-08-02-01,2022-06-14-13,-0.714054233109219
ADAL,Activity,82,ASGL,2022-08-02-01,2022-06-14-13,0.43102911382871345
I1R,Activity,82,ASHL,2022-08-02-01,2022-06-14-13,-0.37962927363455223
IL2DL,Activity,82,ASHL,2022-08-02-01,2022-06-14-13,-0.5137148725528853
I2R,Activity,82,ASHL,2022-08-02-01,2022-06-14-13,-0.1606844819564863
I3,Activity,82,ASHL,2022-08-02-01,2022-06-14-13,0.4879605794986332
NSMR,Activity,82,ASHL,2022-08-02-01,2022-06-14-13,-0.4772337769362707
I2L,Activity,82,ASHL,2022-08-02-01,2022-06-14-13,-0.6433128065986552
MCL,Activity,82,ASHL,2022-08-02-01,2022-06-14-13,-0.4708460491121855
NSML,Activity,82,ASHL,2022-08-02-01,2022-06-14-13,-0.493222825328931
M4,Activity,82,ASHL,2022-08-02-01,2022-06-14-13,-0.6006305327315836
M3R,Activity,82,ASHL,2022-08-02-01,2022-06-14-13,-0.14129738748262619
M3L,Activity,82,ASHL,2022-08-02-01,2022-06-14-13,-0.5662750771224797
IL2VL,Activity,82,ASHL,2022-08-02-01,2022-06-14-13,-0.5982583076259487
IL1R,Activity,82,ASHL,2022-08-02-01,2022-06-14-13,0.019124868825028295
OLLL,Activity,82,ASHL,2022-08-02-01,2022-06-14-13,-0.03233904089855202
IL2L,Activity,82,ASHL,2022-08-02-01,2022-06-14-13,-0.6051450019244029
URBR,Activity,82,ASHL,2022-08-02-01,2022-06-14-13,0.16854194928594388
OLLR,Activity,82,ASHL,2022-08-02-01,2022-06-14-13,0.0705181676574526
IL1DL,Activity,82,ASHL,2022-08-02-01,2022-06-14-13,-0.007745910216642242
IL1DR,Activity,82,ASHL,2022-08-02-01,2022-06-14-13,0.17868020055871459
URYVR,Activity,82,ASHL,2022-08-02-01,2022-06-14-13,0.5768715974716864
IL2R,Activity,82,ASHL,2022-08-02-01,2022-06-14-13,0.21244592474920063
URYDL,Activity,82,ASHL,2022-08-02-01,2022-06-14-13,0.619615937384182
IL1L,Activity,82,ASHL,2022-08-02-01,2022-06-14-13,-0.5491107351009885
URBL,Activity,82,ASHL,2022-08-02-01,2022-06-14-13,-0.46557476656641716
OLQDR,Activity,82,ASHL,2022-08-02-01,2022-06-14-13,0.2004670420602418
OLQDL,Activity,82,ASHL,2022-08-02-01,2022-06-14-13,-0.3164127336070019
RMER,Activity,82,ASHL,2022-08-02-01,2022-06-14-13,-0.5179254767390176
OLQVR,Activity,82,ASHL,2022-08-02-01,2022-06-14-13,0.22632244877107408
URYVL,Activity,82,ASHL,2022-08-02-01,2022-06-14-13,0.45927186375788204
RMED,Activity,82,ASHL,2022-08-02-01,2022-06-14-13,-0.6307057419859665
RMEL,Activity,82,ASHL,2022-08-02-01,2022-06-14-13,-0.5583957235904119
CEPVR,Activity,82,ASHL,2022-08-02-01,2022-06-14-13,0.0899247455278072
OLQVL,Activity,82,ASHL,2022-08-02-01,2022-06-14-13,-0.037174755283352824
CEPVL,Activity,82,ASHL,2022-08-02-01,2022-06-14-13,-0.1694867543254882
SAAVR,Activity,82,ASHL,2022-08-02-01,2022-06-14-13,0.5031599925750716
RID,Activity,82,ASHL,2022-08-02-01,2022-06-14-13,-0.5810451947301747
SMDVR,Activity,82,ASHL,2022-08-02-01,2022-06-14-13,-0.11564232204028495
URXR,Activity,82,ASHL,2022-08-02-01,2022-06-14-13,-0.5291414009039733
RIAR,Activity,82,ASHL,2022-08-02-01,2022-06-14-13,0.12006099265865075
AVAR,Activity,82,ASHL,2022-08-02-01,2022-06-14-13,0.6671703052635772
SAAVL,Activity,82,ASHL,2022-08-02-01,2022-06-14-13,0.3400940261883412
CEPDR,Activity,82,ASHL,2022-08-02-01,2022-06-14-13,-0.26434305537437597
URXL,Activity,82,ASHL,2022-08-02-01,2022-06-14-13,-0.5462331965559434
CEPDL,Activity,82,ASHL,2022-08-02-01,2022-06-14-13,-0.6191232038706919
SMDDR,Activity,82,ASHL,2022-08-02-01,2022-06-14-13,0.1295052887198781
RMEV,Activity,82,ASHL,2022-08-02-01,2022-06-14-13,-0.6719078231409684
RIAL,Activity,82,ASHL,2022-08-02-01,2022-06-14-13,-0.43496906090823806
AVER,Activity,82,ASHL,2022-08-02-01,2022-06-14-13,0.6305433789941332
AWAR,Activity,82,ASHL,2022-08-02-01,2022-06-14-13,0.7167535447941273
SMDVL,Activity,82,ASHL,2022-08-02-01,2022-06-14-13,0.28831644121642996
AVAL,Activity,82,ASHL,2022-08-02-01,2022-06-14-13,0.6598492389854695
RMDL,Activity,82,ASHL,2022-08-02-01,2022-06-14-13,0.5037635272877912
AIBR,Activity,82,ASHL,2022-08-02-01,2022-06-14-13,0.6538378997293867
ASGR,Activity,82,ASHL,2022-08-02-01,2022-06-14-13,0.5895562598292681
AVL,Activity,82,ASHL,2022-08-02-01,2022-06-14-13,0.6666046889587104
AVEL,Activity,82,ASHL,2022-08-02-01,2022-06-14-13,0.6663370455145333
ASGL,Activity,82,ASHL,2022-08-02-01,2022-06-14-13,0.6061686714274913
ASHL,Activity,83,ASHL,2022-08-02-01,2022-06-14-13,0.6888390196497396
AIBL,Activity,82,ASHL,2022-08-02-01,2022-06-14-13,0.6452484920067478
AVHL,Activity,82,ASHL,2022-08-02-01,2022-06-14-13,-0.4849657877285434
AWBL,Activity,82,ASHL,2022-08-02-01,2022-06-14-13,0.4739361893651868
RIVL,Activity,82,ASHL,2022-08-02-01,2022-06-14-13,0.1746203387500871
AWCL,Activity,82,ASHL,2022-08-02-01,2022-06-14-13,-0.2555971787986515
SMDDL,Activity,82,ASHL,2022-08-02-01,2022-06-14-13,0.08044978537916295
AVJR,Activity,82,ASHL,2022-08-02-01,2022-06-14-13,-0.3207186167876479
AIZL,Activity,82,ASHL,2022-08-02-01,2022-06-14-13,-0.5730804293780776
RIBL,Activity,82,ASHL,2022-08-02-01,2022-06-14-13,-0.5394343514833065
ASEL,Activity,82,ASHL,2022-08-02-01,2022-06-14-13,-0.7125156983208359
AVDR,Activity,82,ASHL,2022-08-02-01,2022-06-14-13,-0.3814838431863503
AVDL,Activity,82,ASHL,2022-08-02-01,2022-06-14-13,-0.5359140207475043
AVJL,Activity,82,ASHL,2022-08-02-01,2022-06-14-13,0.35691037661461894
RIVR,Activity,82,ASHL,2022-08-02-01,2022-06-14-13,0.08323237155830648
AIZR,Activity,82,ASHL,2022-08-02-01,2022-06-14-13,0.5482596370094882
AUAR,Activity,82,ASHL,2022-08-02-01,2022-06-14-13,-0.08963774144724339
AUAL,Activity,82,ASHL,2022-08-02-01,2022-06-14-13,-0.5333663664757562
RICR,Activity,82,ASHL,2022-08-02-01,2022-06-14-13,-0.4976403176935103
RICL,Activity,82,ASHL,2022-08-02-01,2022-06-14-13,-0.4125065553364852
M5,Activity,82,ASHL,2022-08-02-01,2022-06-14-13,-0.27165572511936104
AIML,Activity,82,ASHL,2022-08-02-01,2022-06-14-13,-0.4517639715172476
AIMR,Activity,82,ASHL,2022-08-02-01,2022-06-14-13,-0.35930066121957627
FLPL,Activity,82,ASHL,2022-08-02-01,2022-06-14-13,-0.6616678302876638
ADEL,Activity,82,ASHL,2022-08-02-01,2022-06-14-13,-0.5210139384082052
VB02,Activity,82,ASHL,2022-08-02-01,2022-06-14-13,-0.633954815552136
ADAL,Activity,82,ASHL,2022-08-02-01,2022-06-14-13,0.5840700949504259
I1R,Activity,82,AIBL,2022-08-02-01,2022-06-14-13,-0.21446891772586593
IL2DL,Activity,82,AIBL,2022-08-02-01,2022-06-14-13,-0.39067726830628435
I2R,Activity,82,AIBL,2022-08-02-01,2022-06-14-13,-0.06485668444217772
I3,Activity,82,AIBL,2022-08-02-01,2022-06-14-13,0.4596434743196738
NSMR,Activity,82,AIBL,2022-08-02-01,2022-06-14-13,-0.357709084000976
I2L,Activity,82,AIBL,2022-08-02-01,2022-06-14-13,-0.5817029736293791
MCL,Activity,82,AIBL,2022-08-02-01,2022-06-14-13,-0.3073079514192499
NSML,Activity,82,AIBL,2022-08-02-01,2022-06-14-13,-0.40616605766654074
M4,Activity,82,AIBL,2022-08-02-01,2022-06-14-13,-0.5035128451584434
M3R,Activity,82,AIBL,2022-08-02-01,2022-06-14-13,0.14351139113130942
M3L,Activity,82,AIBL,2022-08-02-01,2022-06-14-13,-0.3588203843534545
IL2VL,Activity,82,AIBL,2022-08-02-01,2022-06-14-13,-0.424074417301367
IL1R,Activity,82,AIBL,2022-08-02-01,2022-06-14-13,-0.16094183239409957
OLLL,Activity,82,AIBL,2022-08-02-01,2022-06-14-13,0.0009844190066009006
IL2L,Activity,82,AIBL,2022-08-02-01,2022-06-14-13,-0.5049342826523431
URBR,Activity,82,AIBL,2022-08-02-01,2022-06-14-13,0.18920614042608083
OLLR,Activity,82,AIBL,2022-08-02-01,2022-06-14-13,0.09583930825477416
IL1DL,Activity,82,AIBL,2022-08-02-01,2022-06-14-13,-0.007712387810338815
IL1DR,Activity,82,AIBL,2022-08-02-01,2022-06-14-13,0.08784981588240126
URYVR,Activity,82,AIBL,2022-08-02-01,2022-06-14-13,0.6220737478221372
IL2R,Activity,82,AIBL,2022-08-02-01,2022-06-14-13,0.26345879654499244
URYDL,Activity,82,AIBL,2022-08-02-01,2022-06-14-13,0.6891047508670252
IL1L,Activity,82,AIBL,2022-08-02-01,2022-06-14-13,-0.523757153123697
URBL,Activity,82,AIBL,2022-08-02-01,2022-06-14-13,-0.49206798099540766
OLQDR,Activity,82,AIBL,2022-08-02-01,2022-06-14-13,0.21526776923681912
OLQDL,Activity,82,AIBL,2022-08-02-01,2022-06-14-13,-0.37213363218870005
RMER,Activity,82,AIBL,2022-08-02-01,2022-06-14-13,-0.6588313851994764
OLQVR,Activity,82,AIBL,2022-08-02-01,2022-06-14-13,0.2691852076397104
URYVL,Activity,82,AIBL,2022-08-02-01,2022-06-14-13,0.4800301681092957
RMED,Activity,82,AIBL,2022-08-02-01,2022-06-14-13,-0.779429122920054
RMEL,Activity,82,AIBL,2022-08-02-01,2022-06-14-13,-0.5314847030062293
CEPVR,Activity,82,AIBL,2022-08-02-01,2022-06-14-13,0.16843451868929502
OLQVL,Activity,82,AIBL,2022-08-02-01,2022-06-14-13,-0.07014105677584656
CEPVL,Activity,82,AIBL,2022-08-02-01,2022-06-14-13,-0.09191572172870184
SAAVR,Activity,82,AIBL,2022-08-02-01,2022-06-14-13,0.6871989084814201
RID,Activity,82,AIBL,2022-08-02-01,2022-06-14-13,-0.6973181124949626
SMDVR,Activity,82,AIBL,2022-08-02-01,2022-06-14-13,-0.18708603016621128
URXR,Activity,82,AIBL,2022-08-02-01,2022-06-14-13,-0.5510861134457395
RIAR,Activity,82,AIBL,2022-08-02-01,2022-06-14-13,-0.10155390329150564
AVAR,Activity,82,AIBL,2022-08-02-01,2022-06-14-13,0.7673166940345245
SAAVL,Activity,82,AIBL,2022-08-02-01,2022-06-14-13,0.5544107762134243
CEPDR,Activity,82,AIBL,2022-08-02-01,2022-06-14-13,-0.24639970709107462
URXL,Activity,82,AIBL,2022-08-02-01,2022-06-14-13,-0.531593292459239
CEPDL,Activity,82,AIBL,2022-08-02-01,2022-06-14-13,-0.6084411634245899
SMDDR,Activity,82,AIBL,2022-08-02-01,2022-06-14-13,0.13108637440232304
RMEV,Activity,82,AIBL,2022-08-02-01,2022-06-14-13,-0.7667944489587856
RIAL,Activity,82,AIBL,2022-08-02-01,2022-06-14-13,-0.45129624766559695
AVER,Activity,82,AIBL,2022-08-02-01,2022-06-14-13,0.7601095368986803
AWAR,Activity,82,AIBL,2022-08-02-01,2022-06-14-13,0.6943632526619018
SMDVL,Activity,82,AIBL,2022-08-02-01,2022-06-14-13,0.1916057100085399
AVAL,Activity,82,AIBL,2022-08-02-01,2022-06-14-13,0.7514359979669318
RMDL,Activity,82,AIBL,2022-08-02-01,2022-06-14-13,0.5529150217738136
AIBR,Activity,82,AIBL,2022-08-02-01,2022-06-14-13,0.7885622515062672
ASGR,Activity,82,AIBL,2022-08-02-01,2022-06-14-13,0.6984589355741326
AVL,Activity,82,AIBL,2022-08-02-01,2022-06-14-13,0.7809947539644599
AVEL,Activity,82,AIBL,2022-08-02-01,2022-06-14-13,0.7740134573144406
ASGL,Activity,82,AIBL,2022-08-02-01,2022-06-14-13,0.7432635402589056
ASHL,Activity,82,AIBL,2022-08-02-01,2022-06-14-13,0.6398787717779512
AIBL,Activity,83,AIBL,2022-08-02-01,2022-06-14-13,0.7865983199619485
AVHL,Activity,82,AIBL,2022-08-02-01,2022-06-14-13,-0.43978365063906777
AWBL,Activity,82,AIBL,2022-08-02-01,2022-06-14-13,0.44839509101275177
RIVL,Activity,82,AIBL,2022-08-02-01,2022-06-14-13,0.18381002033333396
AWCL,Activity,82,AIBL,2022-08-02-01,2022-06-14-13,-0.309678760577736
SMDDL,Activity,82,AIBL,2022-08-02-01,2022-06-14-13,0.12295252029478732
AVJR,Activity,82,AIBL,2022-08-02-01,2022-06-14-13,-0.3989492330739139
AIZL,Activity,82,AIBL,2022-08-02-01,2022-06-14-13,-0.515765671792711
RIBL,Activity,82,AIBL,2022-08-02-01,2022-06-14-13,-0.7159578598791128
ASEL,Activity,82,AIBL,2022-08-02-01,2022-06-14-13,-0.714657186914702
AVDR,Activity,82,AIBL,2022-08-02-01,2022-06-14-13,-0.28526745941753073
AVDL,Activity,82,AIBL,2022-08-02-01,2022-06-14-13,-0.45693999945692737
AVJL,Activity,82,AIBL,2022-08-02-01,2022-06-14-13,0.0698768206196328
RIVR,Activity,82,AIBL,2022-08-02-01,2022-06-14-13,0.08124509449591137
AIZR,Activity,82,AIBL,2022-08-02-01,2022-06-14-13,0.4032006566513041
AUAR,Activity,82,AIBL,2022-08-02-01,2022-06-14-13,-0.06469016938852276
AUAL,Activity,82,AIBL,2022-08-02-01,2022-06-14-13,-0.6207300047256087
RICR,Activity,82,AIBL,2022-08-02-01,2022-06-14-13,-0.48793128690431625
RICL,Activity,82,AIBL,2022-08-02-01,2022-06-14-13,-0.5212694159878823
M5,Activity,82,AIBL,2022-08-02-01,2022-06-14-13,-0.30025041766125254
AIML,Activity,82,AIBL,2022-08-02-01,2022-06-14-13,-0.6225310698359938
AIMR,Activity,82,AIBL,2022-08-02-01,2022-06-14-13,-0.5143079010373887
FLPL,Activity,82,AIBL,2022-08-02-01,2022-06-14-13,-0.6322144971580604
ADEL,Activity,82,AIBL,2022-08-02-01,2022-06-14-13,-0.5317140175638588
VB02,Activity,82,AIBL,2022-08-02-01,2022-06-14-13,-0.7296228717145927
ADAL,Activity,82,AIBL,2022-08-02-01,2022-06-14-13,0.5192493718524358
I1R,Activity,82,AVHL,2022-08-02-01,2022-06-14-13,0.608533873401139
IL2DL,Activity,82,AVHL,2022-08-02-01,2022-06-14-13,0.671185749477982
I2R,Activity,82,AVHL,2022-08-02-01,2022-06-14-13,0.017823783642236597
I3,Activity,82,AVHL,2022-08-02-01,2022-06-14-13,-0.6807226237226615
NSMR,Activity,82,AVHL,2022-08-02-01,2022-06-14-13,0.6619122613905992
I2L,Activity,82,AVHL,2022-08-02-01,2022-06-14-13,0.6242382091458206
MCL,Activity,82,AVHL,2022-08-02-01,2022-06-14-13,0.6433258884385692
NSML,Activity,82,AVHL,2022-08-02-01,2022-06-14-13,0.6686062387122863
M4,Activity,82,AVHL,2022-08-02-01,2022-06-14-13,0.5525422936919545
M3R,Activity,82,AVHL,2022-08-02-01,2022-06-14-13,0.08924387485817678
M3L,Activity,82,AVHL,2022-08-02-01,2022-06-14-13,0.5896239704270432
IL2VL,Activity,82,AVHL,2022-08-02-01,2022-06-14-13,0.6613304577577654
IL1R,Activity,82,AVHL,2022-08-02-01,2022-06-14-13,-0.07905943430584925
OLLL,Activity,82,AVHL,2022-08-02-01,2022-06-14-13,-0.3412284188982263
IL2L,Activity,82,AVHL,2022-08-02-01,2022-06-14-13,0.5907912525276361
URBR,Activity,82,AVHL,2022-08-02-01,2022-06-14-13,-0.48274071430163673
OLLR,Activity,82,AVHL,2022-08-02-01,2022-06-14-13,-0.41300371541033903
IL1DL,Activity,82,AVHL,2022-08-02-01,2022-06-14-13,-0.3796857648964427
IL1DR,Activity,82,AVHL,2022-08-02-01,2022-06-14-13,-0.407769330242655
URYVR,Activity,82,AVHL,2022-08-02-01,2022-06-14-13,-0.6257513455048723
IL2R,Activity,82,AVHL,2022-08-02-01,2022-06-14-13,-0.4980283208492574
URYDL,Activity,82,AVHL,2022-08-02-01,2022-06-14-13,-0.650539513316472
IL1L,Activity,82,AVHL,2022-08-02-01,2022-06-14-13,0.2746481626050564
URBL,Activity,82,AVHL,2022-08-02-01,2022-06-14-13,0.13769480238084228
OLQDR,Activity,82,AVHL,2022-08-02-01,2022-06-14-13,-0.4820594236206675
OLQDL,Activity,82,AVHL,2022-08-02-01,2022-06-14-13,-0.06270528218934465
RMER,Activity,82,AVHL,2022-08-02-01,2022-06-14-13,0.41656140960116533
OLQVR,Activity,82,AVHL,2022-08-02-01,2022-06-14-13,-0.4756045394460203
URYVL,Activity,82,AVHL,2022-08-02-01,2022-06-14-13,-0.6535954594697746
RMED,Activity,82,AVHL,2022-08-02-01,2022-06-14-13,0.4805038983436419
RMEL,Activity,82,AVHL,2022-08-02-01,2022-06-14-13,0.3861480332878676
CEPVR,Activity,82,AVHL,2022-08-02-01,2022-06-14-13,-0.38640986399996125
OLQVL,Activity,82,AVHL,2022-08-02-01,2022-06-14-13,-0.333629308048098
CEPVL,Activity,82,AVHL,2022-08-02-01,2022-06-14-13,-0.11131706687064306
SAAVR,Activity,82,AVHL,2022-08-02-01,2022-06-14-13,-0.20805639481902183
RID,Activity,82,AVHL,2022-08-02-01,2022-06-14-13,0.6063453966191544
SMDVR,Activity,82,AVHL,2022-08-02-01,2022-06-14-13,0.08100017712900467
URXR,Activity,82,AVHL,2022-08-02-01,2022-06-14-13,0.655436704054417
RIAR,Activity,82,AVHL,2022-08-02-01,2022-06-14-13,-0.2753820301630567
AVAR,Activity,82,AVHL,2022-08-02-01,2022-06-14-13,-0.5853705408870485
SAAVL,Activity,82,AVHL,2022-08-02-01,2022-06-14-13,-0.03784956152626926
CEPDR,Activity,82,AVHL,2022-08-02-01,2022-06-14-13,-0.058216965503912615
URXL,Activity,82,AVHL,2022-08-02-01,2022-06-14-13,0.5313628274142138
CEPDL,Activity,82,AVHL,2022-08-02-01,2022-06-14-13,0.33850929915979655
SMDDR,Activity,82,AVHL,2022-08-02-01,2022-06-14-13,-0.3632515712927951
RMEV,Activity,82,AVHL,2022-08-02-01,2022-06-14-13,0.6400341582066044
RIAL,Activity,82,AVHL,2022-08-02-01,2022-06-14-13,0.5810979214612054
AVER,Activity,82,AVHL,2022-08-02-01,2022-06-14-13,-0.5357667870330013
AWAR,Activity,82,AVHL,2022-08-02-01,2022-06-14-13,-0.4847815927645735
SMDVL,Activity,82,AVHL,2022-08-02-01,2022-06-14-13,-0.33662680741302353
AVAL,Activity,82,AVHL,2022-08-02-01,2022-06-14-13,-0.5952992572302592
RMDL,Activity,82,AVHL,2022-08-02-01,2022-06-14-13,-0.6365243355414679
AIBR,Activity,82,AVHL,2022-08-02-01,2022-06-14-13,-0.5353924355697582
ASGR,Activity,82,AVHL,2022-08-02-01,2022-06-14-13,-0.49650733491806365
AVL,Activity,82,AVHL,2022-08-02-01,2022-06-14-13,-0.5442811998672983
AVEL,Activity,82,AVHL,2022-08-02-01,2022-06-14-13,-0.5691877710593899
ASGL,Activity,82,AVHL,2022-08-02-01,2022-06-14-13,-0.474643411598131
ASHL,Activity,82,AVHL,2022-08-02-01,2022-06-14-13,-0.6211088876199494
AIBL,Activity,82,AVHL,2022-08-02-01,2022-06-14-13,-0.5588278987878798
AVHL,Activity,83,AVHL,2022-08-02-01,2022-06-14-13,0.6548984996089152
AWBL,Activity,82,AVHL,2022-08-02-01,2022-06-14-13,-0.5514804292571786
RIVL,Activity,82,AVHL,2022-08-02-01,2022-06-14-13,-0.3648388364833109
AWCL,Activity,82,AVHL,2022-08-02-01,2022-06-14-13,0.5298255764222057
SMDDL,Activity,82,AVHL,2022-08-02-01,2022-06-14-13,-0.13174710652288982
AVJR,Activity,82,AVHL,2022-08-02-01,2022-06-14-13,0.44574897718305495
AIZL,Activity,82,AVHL,2022-08-02-01,2022-06-14-13,0.7164197348450452
RIBL,Activity,82,AVHL,2022-08-02-01,2022-06-14-13,0.3732573253847221
ASEL,Activity,82,AVHL,2022-08-02-01,2022-06-14-13,0.6808779403483883
AVDR,Activity,82,AVHL,2022-08-02-01,2022-06-14-13,0.6188557118265091
AVDL,Activity,82,AVHL,2022-08-02-01,2022-06-14-13,0.6808151187634598
AVJL,Activity,82,AVHL,2022-08-02-01,2022-06-14-13,-0.4196791818523682
RIVR,Activity,82,AVHL,2022-08-02-01,2022-06-14-13,-0.26511123801439457
AIZR,Activity,82,AVHL,2022-08-02-01,2022-06-14-13,-0.4149195751726684
AUAR,Activity,82,AVHL,2022-08-02-01,2022-06-14-13,-0.2850095716172846
AUAL,Activity,82,AVHL,2022-08-02-01,2022-06-14-13,0.5978144281673787
RICR,Activity,82,AVHL,2022-08-02-01,2022-06-14-13,0.7135404023690538
RICL,Activity,82,AVHL,2022-08-02-01,2022-06-14-13,0.6174220980889442
M5,Activity,82,AVHL,2022-08-02-01,2022-06-14-13,-0.0336669178008584
AIML,Activity,82,AVHL,2022-08-02-01,2022-06-14-13,0.3246174305498771
AIMR,Activity,82,AVHL,2022-08-02-01,2022-06-14-13,0.20879358697852263
FLPL,Activity,82,AVHL,2022-08-02-01,2022-06-14-13,0.5572220973057358
ADEL,Activity,82,AVHL,2022-08-02-01,2022-06-14-13,0.48887564813436724
VB02,Activity,82,AVHL,2022-08-02-01,2022-06-14-13,0.46928859409915014
ADAL,Activity,82,AVHL,2022-08-02-01,2022-06-14-13,-0.695203516477158
I1R,Activity,82,AWBL,2022-08-02-01,2022-06-14-13,-0.44919849743917495
IL2DL,Activity,82,AWBL,2022-08-02-01,2022-06-14-13,-0.3549189174856837
I2R,Activity,82,AWBL,2022-08-02-01,2022-06-14-13,-0.2518967460108025
I3,Activity,82,AWBL,2022-08-02-01,2022-06-14-13,0.40330079620841947
NSMR,Activity,82,AWBL,2022-08-02-01,2022-06-14-13,-0.42775450216339334
I2L,Activity,82,AWBL,2022-08-02-01,2022-06-14-13,-0.40441427975917627
MCL,Activity,82,AWBL,2022-08-02-01,2022-06-14-13,-0.43660587526771627
NSML,Activity,82,AWBL,2022-08-02-01,2022-06-14-13,-0.4074858113969821
M4,Activity,82,AWBL,2022-08-02-01,2022-06-14-13,-0.3400833793190065
M3R,Activity,82,AWBL,2022-08-02-01,2022-06-14-13,0.07482381095983093
M3L,Activity,82,AWBL,2022-08-02-01,2022-06-14-13,-0.3083815374414242
IL2VL,Activity,82,AWBL,2022-08-02-01,2022-06-14-13,-0.35082536049873997
IL1R,Activity,82,AWBL,2022-08-02-01,2022-06-14-13,-0.056063531705779344
OLLL,Activity,82,AWBL,2022-08-02-01,2022-06-14-13,0.5699614842441848
IL2L,Activity,82,AWBL,2022-08-02-01,2022-06-14-13,-0.20747865465849086
URBR,Activity,82,AWBL,2022-08-02-01,2022-06-14-13,0.587013363944517
OLLR,Activity,82,AWBL,2022-08-02-01,2022-06-14-13,0.563872666817897
IL1DL,Activity,82,AWBL,2022-08-02-01,2022-06-14-13,0.5752993869573648
IL1DR,Activity,82,AWBL,2022-08-02-01,2022-06-14-13,0.31618567073918435
URYVR,Activity,82,AWBL,2022-08-02-01,2022-06-14-13,0.2813678043483451
IL2R,Activity,82,AWBL,2022-08-02-01,2022-06-14-13,0.4943089020413815
URYDL,Activity,82,AWBL,2022-08-02-01,2022-06-14-13,0.32965343908984623
IL1L,Activity,82,AWBL,2022-08-02-01,2022-06-14-13,0.19397573592657605
URBL,Activity,82,AWBL,2022-08-02-01,2022-06-14-13,0.26145860885242994
OLQDR,Activity,82,AWBL,2022-08-02-01,2022-06-14-13,0.5614123771991258
OLQDL,Activity,82,AWBL,2022-08-02-01,2022-06-14-13,0.43780111808575595
RMER,Activity,82,AWBL,2022-08-02-01,2022-06-14-13,-0.17654184061492353
OLQVR,Activity,82,AWBL,2022-08-02-01,2022-06-14-13,0.5268586831231513
URYVL,Activity,82,AWBL,2022-08-02-01,2022-06-14-13,0.4480161141420945
RMED,Activity,82,AWBL,2022-08-02-01,2022-06-14-13,-0.10493953126754087
RMEL,Activity,82,AWBL,2022-08-02-01,2022-06-14-13,-0.0011485247537323289
CEPVR,Activity,82,AWBL,2022-08-02-01,2022-06-14-13,0.5147430510439055
OLQVL,Activity,82,AWBL,2022-08-02-01,2022-06-14-13,0.5950745295664699
CEPVL,Activity,82,AWBL,2022-08-02-01,2022-06-14-13,0.44731716241465086
SAAVR,Activity,82,AWBL,2022-08-02-01,2022-06-14-13,-0.09012422379276759
RID,Activity,82,AWBL,2022-08-02-01,2022-06-14-13,-0.30931882642311437
SMDVR,Activity,82,AWBL,2022-08-02-01,2022-06-14-13,-0.05504413848796499
URXR,Activity,82,AWBL,2022-08-02-01,2022-06-14-13,-0.36641483597455937
RIAR,Activity,82,AWBL,2022-08-02-01,2022-06-14-13,0.3318420262937503
AVAR,Activity,82,AWBL,2022-08-02-01,2022-06-14-13,0.1921278521964275
SAAVL,Activity,82,AWBL,2022-08-02-01,2022-06-14-13,-0.13538396216157628
CEPDR,Activity,82,AWBL,2022-08-02-01,2022-06-14-13,0.41562858709261935
URXL,Activity,82,AWBL,2022-08-02-01,2022-06-14-13,-0.3201600121564801
CEPDL,Activity,82,AWBL,2022-08-02-01,2022-06-14-13,0.12323985129770137
SMDDR,Activity,82,AWBL,2022-08-02-01,2022-06-14-13,0.6084705067231774
RMEV,Activity,82,AWBL,2022-08-02-01,2022-06-14-13,-0.32292706384757647
RIAL,Activity,82,AWBL,2022-08-02-01,2022-06-14-13,-0.4267195275848187
AVER,Activity,82,AWBL,2022-08-02-01,2022-06-14-13,0.1632741754388737
AWAR,Activity,82,AWBL,2022-08-02-01,2022-06-14-13,0.011141183419408814
SMDVL,Activity,82,AWBL,2022-08-02-01,2022-06-14-13,0.3182562461326751
AVAL,Activity,82,AWBL,2022-08-02-01,2022-06-14-13,0.20632665553754845
RMDL,Activity,82,AWBL,2022-08-02-01,2022-06-14-13,0.43037350765901883
AIBR,Activity,82,AWBL,2022-08-02-01,2022-06-14-13,0.18668709317239857
ASGR,Activity,82,AWBL,2022-08-02-01,2022-06-14-13,0.08223455183412808
AVL,Activity,82,AWBL,2022-08-02-01,2022-06-14-13,0.1641959328887416
AVEL,Activity,82,AWBL,2022-08-02-01,2022-06-14-13,0.21282621190013296
ASGL,Activity,82,AWBL,2022-08-02-01,2022-06-14-13,0.0343855180644089
ASHL,Activity,82,AWBL,2022-08-02-01,2022-06-14-13,0.22099386366964283
AIBL,Activity,82,AWBL,2022-08-02-01,2022-06-14-13,0.22539109381648695
AVHL,Activity,82,AWBL,2022-08-02-01,2022-06-14-13,-0.4451981323842567
AWBL,Activity,83,AWBL,2022-08-02-01,2022-06-14-13,0.5100742595750355
RIVL,Activity,82,AWBL,2022-08-02-01,2022-06-14-13,0.4224146361260953
AWCL,Activity,82,AWBL,2022-08-02-01,2022-06-14-13,-0.6387882438698608
SMDDL,Activity,82,AWBL,2022-08-02-01,2022-06-14-13,0.14437527333905267
AVJR,Activity,82,AWBL,2022-08-02-01,2022-06-14-13,-0.396589177987342
AIZL,Activity,82,AWBL,2022-08-02-01,2022-06-14-13,-0.4085262882162236
RIBL,Activity,82,AWBL,2022-08-02-01,2022-06-14-13,-0.06365135214437927
ASEL,Activity,82,AWBL,2022-08-02-01,2022-06-14-13,-0.27219059020252073
AVDR,Activity,82,AWBL,2022-08-02-01,2022-06-14-13,-0.5274341661466682
AVDL,Activity,82,AWBL,2022-08-02-01,2022-06-14-13,-0.36203238094451634
AVJL,Activity,82,AWBL,2022-08-02-01,2022-06-14-13,0.2926015559871441
RIVR,Activity,82,AWBL,2022-08-02-01,2022-06-14-13,0.3565145024790189
AIZR,Activity,82,AWBL,2022-08-02-01,2022-06-14-13,0.2008311642851886
AUAR,Activity,82,AWBL,2022-08-02-01,2022-06-14-13,0.45972353794078735
AUAL,Activity,82,AWBL,2022-08-02-01,2022-06-14-13,-0.41602130075590754
RICR,Activity,82,AWBL,2022-08-02-01,2022-06-14-13,-0.49683249435832927
RICL,Activity,82,AWBL,2022-08-02-01,2022-06-14-13,-0.4817856606251012
M5,Activity,82,AWBL,2022-08-02-01,2022-06-14-13,0.061019002476312666
AIML,Activity,82,AWBL,2022-08-02-01,2022-06-14-13,-0.13725830807580858
AIMR,Activity,82,AWBL,2022-08-02-01,2022-06-14-13,-0.13089456225318644
FLPL,Activity,82,AWBL,2022-08-02-01,2022-06-14-13,-0.2709377787769764
ADEL,Activity,82,AWBL,2022-08-02-01,2022-06-14-13,-0.20113494219268974
VB02,Activity,82,AWBL,2022-08-02-01,2022-06-14-13,-0.11015779983804841
ADAL,Activity,82,AWBL,2022-08-02-01,2022-06-14-13,0.3592457011994649
I1R,Activity,82,RIVL,2022-08-02-01,2022-06-14-13,-0.5009653599794995
IL2DL,Activity,82,RIVL,2022-08-02-01,2022-06-14-13,-0.5862059977824965
I2R,Activity,82,RIVL,2022-08-02-01,2022-06-14-13,-0.10063585411071106
I3,Activity,82,RIVL,2022-08-02-01,2022-06-14-13,0.6159127549614003
NSMR,Activity,82,RIVL,2022-08-02-01,2022-06-14-13,-0.5756267054064048
I2L,Activity,82,RIVL,2022-08-02-01,2022-06-14-13,-0.6418162309586581
MCL,Activity,82,RIVL,2022-08-02-01,2022-06-14-13,-0.5481357978925026
NSML,Activity,82,RIVL,2022-08-02-01,2022-06-14-13,-0.5882621193358182
M4,Activity,82,RIVL,2022-08-02-01,2022-06-14-13,-0.552834204195964
M3R,Activity,82,RIVL,2022-08-02-01,2022-06-14-13,-0.01975722143226802
M3L,Activity,82,RIVL,2022-08-02-01,2022-06-14-13,-0.5563243618570397
IL2VL,Activity,82,RIVL,2022-08-02-01,2022-06-14-13,-0.5972624439082912
IL1R,Activity,82,RIVL,2022-08-02-01,2022-06-14-13,0.005323504232138271
OLLL,Activity,82,RIVL,2022-08-02-01,2022-06-14-13,0.2759644502425078
IL2L,Activity,82,RIVL,2022-08-02-01,2022-06-14-13,-0.5015326441681199
URBR,Activity,82,RIVL,2022-08-02-01,2022-06-14-13,0.44789927338338165
OLLR,Activity,82,RIVL,2022-08-02-01,2022-06-14-13,0.3545508839678952
IL1DL,Activity,82,RIVL,2022-08-02-01,2022-06-14-13,0.3433498607660414
IL1DR,Activity,82,RIVL,2022-08-02-01,2022-06-14-13,0.31189567727164275
URYVR,Activity,82,RIVL,2022-08-02-01,2022-06-14-13,0.5771158419119619
IL2R,Activity,82,RIVL,2022-08-02-01,2022-06-14-13,0.43979979066251546
URYDL,Activity,82,RIVL,2022-08-02-01,2022-06-14-13,0.6157885967065743
IL1L,Activity,82,RIVL,2022-08-02-01,2022-06-14-13,-0.24559349952933596
URBL,Activity,82,RIVL,2022-08-02-01,2022-06-14-13,-0.15734348036259477
OLQDR,Activity,82,RIVL,2022-08-02-01,2022-06-14-13,0.4465173103177042
OLQDL,Activity,82,RIVL,2022-08-02-01,2022-06-14-13,0.027511016350861645
RMER,Activity,82,RIVL,2022-08-02-01,2022-06-14-13,-0.5237352357939895
OLQVR,Activity,82,RIVL,2022-08-02-01,2022-06-14-13,0.4576788272437227
URYVL,Activity,82,RIVL,2022-08-02-01,2022-06-14-13,0.5982649181519166
RMED,Activity,82,RIVL,2022-08-02-01,2022-06-14-13,-0.5155155803072098
RMEL,Activity,82,RIVL,2022-08-02-01,2022-06-14-13,-0.35392326081619546
CEPVR,Activity,82,RIVL,2022-08-02-01,2022-06-14-13,0.362756265848461
OLQVL,Activity,82,RIVL,2022-08-02-01,2022-06-14-13,0.2884441000825083
CEPVL,Activity,82,RIVL,2022-08-02-01,2022-06-14-13,0.10735045604211658
SAAVR,Activity,82,RIVL,2022-08-02-01,2022-06-14-13,0.35451546355957503
RID,Activity,82,RIVL,2022-08-02-01,2022-06-14-13,-0.6085647681479407
SMDVR,Activity,82,RIVL,2022-08-02-01,2022-06-14-13,0.03936576843433794
URXR,Activity,82,RIVL,2022-08-02-01,2022-06-14-13,-0.6124074299429546
RIAR,Activity,82,RIVL,2022-08-02-01,2022-06-14-13,0.2110683104104988
AVAR,Activity,82,RIVL,2022-08-02-01,2022-06-14-13,0.6127037271564472
SAAVL,Activity,82,RIVL,2022-08-02-01,2022-06-14-13,0.2324960207624553
CEPDR,Activity,82,RIVL,2022-08-02-01,2022-06-14-13,0.05895699770342809
URXL,Activity,82,RIVL,2022-08-02-01,2022-06-14-13,-0.4740323276264453
CEPDL,Activity,82,RIVL,2022-08-02-01,2022-06-14-13,-0.34919769445749965
SMDDR,Activity,82,RIVL,2022-08-02-01,2022-06-14-13,0.422227656055466
RMEV,Activity,82,RIVL,2022-08-02-01,2022-06-14-13,-0.6341315240644886
RIAL,Activity,82,RIVL,2022-08-02-01,2022-06-14-13,-0.6209739625394483
AVER,Activity,82,RIVL,2022-08-02-01,2022-06-14-13,0.5602808449354069
AWAR,Activity,82,RIVL,2022-08-02-01,2022-06-14-13,0.5433318118426169
SMDVL,Activity,82,RIVL,2022-08-02-01,2022-06-14-13,0.47388418094542645
AVAL,Activity,82,RIVL,2022-08-02-01,2022-06-14-13,0.6147637872629736
RMDL,Activity,82,RIVL,2022-08-02-01,2022-06-14-13,0.5721981770423732
AIBR,Activity,82,RIVL,2022-08-02-01,2022-06-14-13,0.584542472604055
ASGR,Activity,82,RIVL,2022-08-02-01,2022-06-14-13,0.49347244298040244
AVL,Activity,82,RIVL,2022-08-02-01,2022-06-14-13,0.5799227986748736
AVEL,Activity,82,RIVL,2022-08-02-01,2022-06-14-13,0.5961998187252237
ASGL,Activity,82,RIVL,2022-08-02-01,2022-06-14-13,0.49192515082488936
ASHL,Activity,82,RIVL,2022-08-02-01,2022-06-14-13,0.6321021092183948
AIBL,Activity,82,RIVL,2022-08-02-01,2022-06-14-13,0.6039904316047185
AVHL,Activity,82,RIVL,2022-08-02-01,2022-06-14-13,-0.5633303381532947
AWBL,Activity,82,RIVL,2022-08-02-01,2022-06-14-13,0.59243808773689
RIVL,Activity,83,RIVL,2022-08-02-01,2022-06-14-13,0.5507146402793773
AWCL,Activity,82,RIVL,2022-08-02-01,2022-06-14-13,-0.5351228259222804
SMDDL,Activity,82,RIVL,2022-08-02-01,2022-06-14-13,-0.001864429964764817
AVJR,Activity,82,RIVL,2022-08-02-01,2022-06-14-13,-0.42816515110709275
AIZL,Activity,82,RIVL,2022-08-02-01,2022-06-14-13,-0.6012242164005919
RIBL,Activity,82,RIVL,2022-08-02-01,2022-06-14-13,-0.4046373033792738
ASEL,Activity,82,RIVL,2022-08-02-01,2022-06-14-13,-0.6712578512742599
AVDR,Activity,82,RIVL,2022-08-02-01,2022-06-14-13,-0.5327535713740087
AVDL,Activity,82,RIVL,2022-08-02-01,2022-06-14-13,-0.6069406270883755
AVJL,Activity,82,RIVL,2022-08-02-01,2022-06-14-13,0.21800454304775552
RIVR,Activity,82,RIVL,2022-08-02-01,2022-06-14-13,0.39212148133173275
AIZR,Activity,82,RIVL,2022-08-02-01,2022-06-14-13,0.4202708310198128
AUAR,Activity,82,RIVL,2022-08-02-01,2022-06-14-13,0.10720246103581835
AUAL,Activity,82,RIVL,2022-08-02-01,2022-06-14-13,-0.5888187925324163
RICR,Activity,82,RIVL,2022-08-02-01,2022-06-14-13,-0.6495059168541037
RICL,Activity,82,RIVL,2022-08-02-01,2022-06-14-13,-0.611228232180155
M5,Activity,82,RIVL,2022-08-02-01,2022-06-14-13,-0.09681677028938779
AIML,Activity,82,RIVL,2022-08-02-01,2022-06-14-13,-0.43358804065492157
AIMR,Activity,82,RIVL,2022-08-02-01,2022-06-14-13,-0.37990940408970975
FLPL,Activity,82,RIVL,2022-08-02-01,2022-06-14-13,-0.6031986144805206
ADEL,Activity,82,RIVL,2022-08-02-01,2022-06-14-13,-0.5214879262236479
VB02,Activity,82,RIVL,2022-08-02-01,2022-06-14-13,-0.5136247245833607
ADAL,Activity,82,RIVL,2022-08-02-01,2022-06-14-13,0.6337320837649921
I1R,Activity,82,AWCL,2022-08-02-01,2022-06-14-13,0.43938263937340993
IL2DL,Activity,82,AWCL,2022-08-02-01,2022-06-14-13,0.5747356254560186
I2R,Activity,82,AWCL,2022-08-02-01,2022-06-14-13,-0.16000532824157615
I3,Activity,82,AWCL,2022-08-02-01,2022-06-14-13,-0.5135995090155409
NSMR,Activity,82,AWCL,2022-08-02-01,2022-06-14-13,0.5079658024752957
I2L,Activity,82,AWCL,2022-08-02-01,2022-06-14-13,0.4776518284511001
MCL,Activity,82,AWCL,2022-08-02-01,2022-06-14-13,0.4801582092818805
NSML,Activity,82,AWCL,2022-08-02-01,2022-06-14-13,0.5141887768420415
M4,Activity,82,AWCL,2022-08-02-01,2022-06-14-13,0.45351495333696357
M3R,Activity,82,AWCL,2022-08-02-01,2022-06-14-13,0.22580224728783096
M3L,Activity,82,AWCL,2022-08-02-01,2022-06-14-13,0.5268815129595786
IL2VL,Activity,82,AWCL,2022-08-02-01,2022-06-14-13,0.5982179251660864
IL1R,Activity,82,AWCL,2022-08-02-01,2022-06-14-13,-0.17181961977794982
OLLL,Activity,82,AWCL,2022-08-02-01,2022-06-14-13,0.10157716936756336
IL2L,Activity,82,AWCL,2022-08-02-01,2022-06-14-13,0.6019119405168689
URBR,Activity,82,AWCL,2022-08-02-01,2022-06-14-13,-0.10081179143899797
OLLR,Activity,82,AWCL,2022-08-02-01,2022-06-14-13,-0.013364208431614996
IL1DL,Activity,82,AWCL,2022-08-02-01,2022-06-14-13,0.0245580516734021
IL1DR,Activity,82,AWCL,2022-08-02-01,2022-06-14-13,-0.28130189079023393
URYVR,Activity,82,AWCL,2022-08-02-01,2022-06-14-13,-0.5320162426615923
IL2R,Activity,82,AWCL,2022-08-02-01,2022-06-14-13,-0.1833055410576178
URYDL,Activity,82,AWCL,2022-08-02-01,2022-06-14-13,-0.5244729956151918
IL1L,Activity,82,AWCL,2022-08-02-01,2022-06-14-13,0.5191094806543367
URBL,Activity,82,AWCL,2022-08-02-01,2022-06-14-13,0.4061852178051963
OLQDR,Activity,82,AWCL,2022-08-02-01,2022-06-14-13,-0.13289691014858504
OLQDL,Activity,82,AWCL,2022-08-02-01,2022-06-14-13,0.2951180735279247
RMER,Activity,82,AWCL,2022-08-02-01,2022-06-14-13,0.34677772755825764
OLQVR,Activity,82,AWCL,2022-08-02-01,2022-06-14-13,-0.14587195830997762
URYVL,Activity,82,AWCL,2022-08-02-01,2022-06-14-13,-0.4464922907674947
RMED,Activity,82,AWCL,2022-08-02-01,2022-06-14-13,0.49284942645876884
RMEL,Activity,82,AWCL,2022-08-02-01,2022-06-14-13,0.5233981541074011
CEPVR,Activity,82,AWCL,2022-08-02-01,2022-06-14-13,-0.0060667817720494715
OLQVL,Activity,82,AWCL,2022-08-02-01,2022-06-14-13,0.09611385838446374
CEPVL,Activity,82,AWCL,2022-08-02-01,2022-06-14-13,0.25774936764782197
SAAVR,Activity,82,AWCL,2022-08-02-01,2022-06-14-13,-0.2617399890697654
RID,Activity,82,AWCL,2022-08-02-01,2022-06-14-13,0.4776652079419855
SMDVR,Activity,82,AWCL,2022-08-02-01,2022-06-14-13,0.06745213272424179
URXR,Activity,82,AWCL,2022-08-02-01,2022-06-14-13,0.5288394839772517
RIAR,Activity,82,AWCL,2022-08-02-01,2022-06-14-13,-0.0882260136609832
AVAR,Activity,82,AWCL,2022-08-02-01,2022-06-14-13,-0.5496685269310622
SAAVL,Activity,82,AWCL,2022-08-02-01,2022-06-14-13,-0.09519597782187784
CEPDR,Activity,82,AWCL,2022-08-02-01,2022-06-14-13,0.34840003917113216
URXL,Activity,82,AWCL,2022-08-02-01,2022-06-14-13,0.45575132026347426
CEPDL,Activity,82,AWCL,2022-08-02-01,2022-06-14-13,0.5497179220398961
SMDDR,Activity,82,AWCL,2022-08-02-01,2022-06-14-13,0.05927661293032628
RMEV,Activity,82,AWCL,2022-08-02-01,2022-06-14-13,0.5091871362931701
RIAL,Activity,82,AWCL,2022-08-02-01,2022-06-14-13,0.432892061354879
AVER,Activity,82,AWCL,2022-08-02-01,2022-06-14-13,-0.5095316167073168
AWAR,Activity,82,AWCL,2022-08-02-01,2022-06-14-13,-0.6083461458920786
SMDVL,Activity,82,AWCL,2022-08-02-01,2022-06-14-13,-0.15031962936061588
AVAL,Activity,82,AWCL,2022-08-02-01,2022-06-14-13,-0.5492884372532837
RMDL,Activity,82,AWCL,2022-08-02-01,2022-06-14-13,-0.4258477902841928
AIBR,Activity,82,AWCL,2022-08-02-01,2022-06-14-13,-0.4859616407704385
ASGR,Activity,82,AWCL,2022-08-02-01,2022-06-14-13,-0.4999599748799518
AVL,Activity,82,AWCL,2022-08-02-01,2022-06-14-13,-0.513036646215272
AVEL,Activity,82,AWCL,2022-08-02-01,2022-06-14-13,-0.51260261573495
ASGL,Activity,82,AWCL,2022-08-02-01,2022-06-14-13,-0.49069953992047827
ASHL,Activity,82,AWCL,2022-08-02-01,2022-06-14-13,-0.6023073113443538
AIBL,Activity,82,AWCL,2022-08-02-01,2022-06-14-13,-0.487972773503771
AVHL,Activity,82,AWCL,2022-08-02-01,2022-06-14-13,0.4559368992039384
AWBL,Activity,82,AWCL,2022-08-02-01,2022-06-14-13,-0.35848841925485186
RIVL,Activity,82,AWCL,2022-08-02-01,2022-06-14-13,-0.05000835774587119
AWCL,Activity,83,AWCL,2022-08-02-01,2022-06-14-13,0.18491677570335366
SMDDL,Activity,82,AWCL,2022-08-02-01,2022-06-14-13,-0.09422151299847337
AVJR,Activity,82,AWCL,2022-08-02-01,2022-06-14-13,0.24629814424490673
AIZL,Activity,82,AWCL,2022-08-02-01,2022-06-14-13,0.5549677419842102
RIBL,Activity,82,AWCL,2022-08-02-01,2022-06-14-13,0.3888636056200371
ASEL,Activity,82,AWCL,2022-08-02-01,2022-06-14-13,0.650852717401021
AVDR,Activity,82,AWCL,2022-08-02-01,2022-06-14-13,0.3851610490625859
AVDL,Activity,82,AWCL,2022-08-02-01,2022-06-14-13,0.5686860233238018
AVJL,Activity,82,AWCL,2022-08-02-01,2022-06-14-13,-0.32543482290217035
RIVR,Activity,82,AWCL,2022-08-02-01,2022-06-14-13,0.03985789549652851
AIZR,Activity,82,AWCL,2022-08-02-01,2022-06-14-13,-0.4002615775416305
AUAR,Activity,82,AWCL,2022-08-02-01,2022-06-14-13,0.024260814378163773
AUAL,Activity,82,AWCL,2022-08-02-01,2022-06-14-13,0.37757733067605037
RICR,Activity,82,AWCL,2022-08-02-01,2022-06-14-13,0.4780847601371659
RICL,Activity,82,AWCL,2022-08-02-01,2022-06-14-13,0.32383620235950444
M5,Activity,82,AWCL,2022-08-02-01,2022-06-14-13,0.024414528645633364
AIML,Activity,82,AWCL,2022-08-02-01,2022-06-14-13,0.2077098824630147
AIMR,Activity,82,AWCL,2022-08-02-01,2022-06-14-13,0.11707221742585953
FLPL,Activity,82,AWCL,2022-08-02-01,2022-06-14-13,0.4907609523531854
ADEL,Activity,82,AWCL,2022-08-02-01,2022-06-14-13,0.41370254926600875
VB02,Activity,82,AWCL,2022-08-02-01,2022-06-14-13,0.4784631865800344
ADAL,Activity,82,AWCL,2022-08-02-01,2022-06-14-13,-0.5780273304653805
I1R,Activity,82,SMDDL,2022-08-02-01,2022-06-14-13,0.1122791047984884
IL2DL,Activity,82,SMDDL,2022-08-02-01,2022-06-14-13,-0.041991343655110196
I2R,Activity,82,SMDDL,2022-08-02-01,2022-06-14-13,-0.031271141291551494
I3,Activity,82,SMDDL,2022-08-02-01,2022-06-14-13,0.07509137327475071
NSMR,Activity,82,SMDDL,2022-08-02-01,2022-06-14-13,-0.004203836425540853
I2L,Activity,82,SMDDL,2022-08-02-01,2022-06-14-13,-0.17419910483144924
MCL,Activity,82,SMDDL,2022-08-02-01,2022-06-14-13,0.013002812987077847
NSML,Activity,82,SMDDL,2022-08-02-01,2022-06-14-13,-0.05119194342307199
M4,Activity,82,SMDDL,2022-08-02-01,2022-06-14-13,-0.16919795391592315
M3R,Activity,82,SMDDL,2022-08-02-01,2022-06-14-13,0.09638616475408855
M3L,Activity,82,SMDDL,2022-08-02-01,2022-06-14-13,-0.04606741090536683
IL2VL,Activity,82,SMDDL,2022-08-02-01,2022-06-14-13,-0.08072294229155859
IL1R,Activity,82,SMDDL,2022-08-02-01,2022-06-14-13,-0.07419160517667049
OLLL,Activity,82,SMDDL,2022-08-02-01,2022-06-14-13,-0.2772388458299137
IL2L,Activity,82,SMDDL,2022-08-02-01,2022-06-14-13,-0.26178154666243547
URBR,Activity,82,SMDDL,2022-08-02-01,2022-06-14-13,-0.11357926195469918
OLLR,Activity,82,SMDDL,2022-08-02-01,2022-06-14-13,-0.2004128842861483
IL1DL,Activity,82,SMDDL,2022-08-02-01,2022-06-14-13,-0.2919354801742238
IL1DR,Activity,82,SMDDL,2022-08-02-01,2022-06-14-13,-0.04540200508509962
URYVR,Activity,82,SMDDL,2022-08-02-01,2022-06-14-13,0.2795753496450968
IL2R,Activity,82,SMDDL,2022-08-02-01,2022-06-14-13,-0.01200190559608784
URYDL,Activity,82,SMDDL,2022-08-02-01,2022-06-14-13,0.31167484571858295
IL1L,Activity,82,SMDDL,2022-08-02-01,2022-06-14-13,-0.462976648659993
URBL,Activity,82,SMDDL,2022-08-02-01,2022-06-14-13,-0.5055385538215132
OLQDR,Activity,82,SMDDL,2022-08-02-01,2022-06-14-13,-0.10837323062648821
OLQDL,Activity,82,SMDDL,2022-08-02-01,2022-06-14-13,-0.5006237450809108
RMER,Activity,82,SMDDL,2022-08-02-01,2022-06-14-13,-0.2602437493155169
OLQVR,Activity,82,SMDDL,2022-08-02-01,2022-06-14-13,-0.057215580469064956
URYVL,Activity,82,SMDDL,2022-08-02-01,2022-06-14-13,0.07341767691777963
RMED,Activity,82,SMDDL,2022-08-02-01,2022-06-14-13,-0.4634545588175843
RMEL,Activity,82,SMDDL,2022-08-02-01,2022-06-14-13,-0.4091414791782542
CEPVR,Activity,82,SMDDL,2022-08-02-01,2022-06-14-13,-0.11419804790723649
OLQVL,Activity,82,SMDDL,2022-08-02-01,2022-06-14-13,-0.3344297834588297
CEPVL,Activity,82,SMDDL,2022-08-02-01,2022-06-14-13,-0.2234871074939945
SAAVR,Activity,82,SMDDL,2022-08-02-01,2022-06-14-13,0.4940340237735297
RID,Activity,82,SMDDL,2022-08-02-01,2022-06-14-13,-0.30940377610283915
SMDVR,Activity,82,SMDDL,2022-08-02-01,2022-06-14-13,-0.2367334212128852
URXR,Activity,82,SMDDL,2022-08-02-01,2022-06-14-13,-0.17159269171407718
RIAR,Activity,82,SMDDL,2022-08-02-01,2022-06-14-13,-0.2539892070651457
AVAR,Activity,82,SMDDL,2022-08-02-01,2022-06-14-13,0.38765821468465433
SAAVL,Activity,82,SMDDL,2022-08-02-01,2022-06-14-13,0.43212863870739465
CEPDR,Activity,82,SMDDL,2022-08-02-01,2022-06-14-13,-0.39175376205409096
URXL,Activity,82,SMDDL,2022-08-02-01,2022-06-14-13,-0.2812625743706358
CEPDL,Activity,82,SMDDL,2022-08-02-01,2022-06-14-13,-0.49393885489076833
SMDDR,Activity,82,SMDDL,2022-08-02-01,2022-06-14-13,-0.3268345439609648
RMEV,Activity,82,SMDDL,2022-08-02-01,2022-06-14-13,-0.401366529116818
RIAL,Activity,82,SMDDL,2022-08-02-01,2022-06-14-13,-0.07537277750457261
AVER,Activity,82,SMDDL,2022-08-02-01,2022-06-14-13,0.4047286732563375
AWAR,Activity,82,SMDDL,2022-08-02-01,2022-06-14-13,0.427994387647046
SMDVL,Activity,82,SMDDL,2022-08-02-01,2022-06-14-13,-0.10397305190216576
AVAL,Activity,82,SMDDL,2022-08-02-01,2022-06-14-13,0.369316211445506
RMDL,Activity,82,SMDDL,2022-08-02-01,2022-06-14-13,0.20833514850463286
AIBR,Activity,82,SMDDL,2022-08-02-01,2022-06-14-13,0.4056022830010648
ASGR,Activity,82,SMDDL,2022-08-02-01,2022-06-14-13,0.38395263416600334
AVL,Activity,82,SMDDL,2022-08-02-01,2022-06-14-13,0.4154119306069699
AVEL,Activity,82,SMDDL,2022-08-02-01,2022-06-14-13,0.3979838274239868
ASGL,Activity,82,SMDDL,2022-08-02-01,2022-06-14-13,0.4249535762269995
ASHL,Activity,82,SMDDL,2022-08-02-01,2022-06-14-13,0.27559055773851054
AIBL,Activity,82,SMDDL,2022-08-02-01,2022-06-14-13,0.3846451857640339
AVHL,Activity,82,SMDDL,2022-08-02-01,2022-06-14-13,-0.10791242144134074
AWBL,Activity,82,SMDDL,2022-08-02-01,2022-06-14-13,0.05060529250249828
RIVL,Activity,82,SMDDL,2022-08-02-01,2022-06-14-13,-0.22448245435275974
AWCL,Activity,82,SMDDL,2022-08-02-01,2022-06-14-13,0.09806002469626136
SMDDL,Activity,83,SMDDL,2022-08-02-01,2022-06-14-13,0.2850777790720268
AVJR,Activity,82,SMDDL,2022-08-02-01,2022-06-14-13,-0.12740507445769608
AIZL,Activity,82,SMDDL,2022-08-02-01,2022-06-14-13,-0.18480759601052668
RIBL,Activity,82,SMDDL,2022-08-02-01,2022-06-14-13,-0.48111470313807764
ASEL,Activity,82,SMDDL,2022-08-02-01,2022-06-14-13,-0.30334773456467196
AVDR,Activity,82,SMDDL,2022-08-02-01,2022-06-14-13,0.0019809574542476115
AVDL,Activity,82,SMDDL,2022-08-02-01,2022-06-14-13,-0.10766833529100954
AVJL,Activity,82,SMDDL,2022-08-02-01,2022-06-14-13,-0.051306835312424894
RIVR,Activity,82,SMDDL,2022-08-02-01,2022-06-14-13,-0.2944572747207118
AIZR,Activity,82,SMDDL,2022-08-02-01,2022-06-14-13,0.20239513783467972
AUAR,Activity,82,SMDDL,2022-08-02-01,2022-06-14-13,-0.14258667807997014
AUAL,Activity,82,SMDDL,2022-08-02-01,2022-06-14-13,-0.23084944893717385
RICR,Activity,82,SMDDL,2022-08-02-01,2022-06-14-13,-0.07392636315788118
RICL,Activity,82,SMDDL,2022-08-02-01,2022-06-14-13,-0.059340638627454985
M5,Activity,82,SMDDL,2022-08-02-01,2022-06-14-13,-0.27233017946175625
AIML,Activity,82,SMDDL,2022-08-02-01,2022-06-14-13,-0.27082996325145553
AIMR,Activity,82,SMDDL,2022-08-02-01,2022-06-14-13,-0.27709821622493647
FLPL,Activity,82,SMDDL,2022-08-02-01,2022-06-14-13,-0.3057504395210655
ADEL,Activity,82,SMDDL,2022-08-02-01,2022-06-14-13,-0.24480181709128188
VB02,Activity,82,SMDDL,2022-08-02-01,2022-06-14-13,-0.38146962443327304
ADAL,Activity,82,SMDDL,2022-08-02-01,2022-06-14-13,0.12507573893903573
I1R,Activity,82,AVJR,2022-08-02-01,2022-06-14-13,-0.2744408281969544
IL2DL,Activity,82,AVJR,2022-08-02-01,2022-06-14-13,-0.40718736882114975
I2R,Activity,82,AVJR,2022-08-02-01,2022-06-14-13,-0.15827236830499355
I3,Activity,82,AVJR,2022-08-02-01,2022-06-14-13,0.45825804695776884
NSMR,Activity,82,AVJR,2022-08-02-01,2022-06-14-13,-0.39437204798971953
I2L,Activity,82,AVJR,2022-08-02-01,2022-06-14-13,-0.5707601608029759
MCL,Activity,82,AVJR,2022-08-02-01,2022-06-14-13,-0.3712931101393672
NSML,Activity,82,AVJR,2022-08-02-01,2022-06-14-13,-0.41866992773212197
M4,Activity,82,AVJR,2022-08-02-01,2022-06-14-13,-0.5027854950004491
M3R,Activity,82,AVJR,2022-08-02-01,2022-06-14-13,0.08237822952859822
M3L,Activity,82,AVJR,2022-08-02-01,2022-06-14-13,-0.39652758719288356
IL2VL,Activity,82,AVJR,2022-08-02-01,2022-06-14-13,-0.4289285895336
IL1R,Activity,82,AVJR,2022-08-02-01,2022-06-14-13,-0.10252185326658271
OLLL,Activity,82,AVJR,2022-08-02-01,2022-06-14-13,0.14904966771982503
IL2L,Activity,82,AVJR,2022-08-02-01,2022-06-14-13,-0.4404453631846108
URBR,Activity,82,AVJR,2022-08-02-01,2022-06-14-13,0.2846353096031187
OLLR,Activity,82,AVJR,2022-08-02-01,2022-06-14-13,0.22488157481714874
IL1DL,Activity,82,AVJR,2022-08-02-01,2022-06-14-13,0.15717328984697293
IL1DR,Activity,82,AVJR,2022-08-02-01,2022-06-14-13,0.1454848235468249
URYVR,Activity,82,AVJR,2022-08-02-01,2022-06-14-13,0.5260040398546725
IL2R,Activity,82,AVJR,2022-08-02-01,2022-06-14-13,0.3241645691810848
URYDL,Activity,82,AVJR,2022-08-02-01,2022-06-14-13,0.5793095281322549
IL1L,Activity,82,AVJR,2022-08-02-01,2022-06-14-13,-0.33106219398219777
URBL,Activity,82,AVJR,2022-08-02-01,2022-06-14-13,-0.29982195334147826
OLQDR,Activity,82,AVJR,2022-08-02-01,2022-06-14-13,0.3198164480489341
OLQDL,Activity,82,AVJR,2022-08-02-01,2022-06-14-13,-0.16299851702372137
RMER,Activity,82,AVJR,2022-08-02-01,2022-06-14-13,-0.5468668662961803
OLQVR,Activity,82,AVJR,2022-08-02-01,2022-06-14-13,0.3511367416284319
URYVL,Activity,82,AVJR,2022-08-02-01,2022-06-14-13,0.46617416278523016
RMED,Activity,82,AVJR,2022-08-02-01,2022-06-14-13,-0.5879798062942084
RMEL,Activity,82,AVJR,2022-08-02-01,2022-06-14-13,-0.3789895518307201
CEPVR,Activity,82,AVJR,2022-08-02-01,2022-06-14-13,0.26911756969283196
OLQVL,Activity,82,AVJR,2022-08-02-01,2022-06-14-13,0.11534518987835071
CEPVL,Activity,82,AVJR,2022-08-02-01,2022-06-14-13,0.031509985874493815
SAAVR,Activity,82,AVJR,2022-08-02-01,2022-06-14-13,0.5287326813458965
RID,Activity,82,AVJR,2022-08-02-01,2022-06-14-13,-0.5870820543370137
SMDVR,Activity,82,AVJR,2022-08-02-01,2022-06-14-13,-0.045490704116168
URXR,Activity,82,AVJR,2022-08-02-01,2022-06-14-13,-0.496385587212356
RIAR,Activity,82,AVJR,2022-08-02-01,2022-06-14-13,0.10681525321740114
AVAR,Activity,82,AVJR,2022-08-02-01,2022-06-14-13,0.6154555863717895
SAAVL,Activity,82,AVJR,2022-08-02-01,2022-06-14-13,0.4115714532048095
CEPDR,Activity,82,AVJR,2022-08-02-01,2022-06-14-13,-0.05384815383522395
URXL,Activity,82,AVJR,2022-08-02-01,2022-06-14-13,-0.43004582869161284
CEPDL,Activity,82,AVJR,2022-08-02-01,2022-06-14-13,-0.4327166810292673
SMDDR,Activity,82,AVJR,2022-08-02-01,2022-06-14-13,0.32338640226548293
RMEV,Activity,82,AVJR,2022-08-02-01,2022-06-14-13,-0.6450096530657712
RIAL,Activity,82,AVJR,2022-08-02-01,2022-06-14-13,-0.4642606986473726
AVER,Activity,82,AVJR,2022-08-02-01,2022-06-14-13,0.5981134670183834
AWAR,Activity,82,AVJR,2022-08-02-01,2022-06-14-13,0.5661427032621191
SMDVL,Activity,82,AVJR,2022-08-02-01,2022-06-14-13,0.3489225162656158
AVAL,Activity,82,AVJR,2022-08-02-01,2022-06-14-13,0.6145299428147295
RMDL,Activity,82,AVJR,2022-08-02-01,2022-06-14-13,0.5172801557761589
AIBR,Activity,82,AVJR,2022-08-02-01,2022-06-14-13,0.6391914420932506
ASGR,Activity,82,AVJR,2022-08-02-01,2022-06-14-13,0.5407746599096968
AVL,Activity,82,AVJR,2022-08-02-01,2022-06-14-13,0.6234287711866929
AVEL,Activity,82,AVJR,2022-08-02-01,2022-06-14-13,0.6278379243916132
ASGL,Activity,82,AVJR,2022-08-02-01,2022-06-14-13,0.5895113618385144
ASHL,Activity,82,AVJR,2022-08-02-01,2022-06-14-13,0.5670405810813798
AIBL,Activity,82,AVJR,2022-08-02-01,2022-06-14-13,0.6392890042741539
AVHL,Activity,82,AVJR,2022-08-02-01,2022-06-14-13,-0.43961601934397865
AWBL,Activity,82,AVJR,2022-08-02-01,2022-06-14-13,0.5102037123535695
RIVL,Activity,82,AVJR,2022-08-02-01,2022-06-14-13,0.3495467121747622
AWCL,Activity,82,AVJR,2022-08-02-01,2022-06-14-13,-0.42025799810760156
SMDDL,Activity,82,AVJR,2022-08-02-01,2022-06-14-13,0.037892715005281075
AVJR,Activity,83,AVJR,2022-08-02-01,2022-06-14-13,-0.3335720697526836
AIZL,Activity,82,AVJR,2022-08-02-01,2022-06-14-13,-0.48310714662204446
RIBL,Activity,82,AVJR,2022-08-02-01,2022-06-14-13,-0.5156465347350705
ASEL,Activity,82,AVJR,2022-08-02-01,2022-06-14-13,-0.6118567992969502
AVDR,Activity,82,AVJR,2022-08-02-01,2022-06-14-13,-0.3552982588230378
AVDL,Activity,82,AVJR,2022-08-02-01,2022-06-14-13,-0.44830091733859134
AVJL,Activity,82,AVJR,2022-08-02-01,2022-06-14-13,0.11107417799711286
RIVR,Activity,82,AVJR,2022-08-02-01,2022-06-14-13,0.26744708733321804
AIZR,Activity,82,AVJR,2022-08-02-01,2022-06-14-13,0.3955507538077862
AUAR,Activity,82,AVJR,2022-08-02-01,2022-06-14-13,-0.04840983242684881
AUAL,Activity,82,AVJR,2022-08-02-01,2022-06-14-13,-0.5652426426014738
RICR,Activity,82,AVJR,2022-08-02-01,2022-06-14-13,-0.4999482529237288
RICL,Activity,82,AVJR,2022-08-02-01,2022-06-14-13,-0.49739867672211513
M5,Activity,82,AVJR,2022-08-02-01,2022-06-14-13,-0.2589925756288722
AIML,Activity,82,AVJR,2022-08-02-01,2022-06-14-13,-0.5180158677330798
AIMR,Activity,82,AVJR,2022-08-02-01,2022-06-14-13,-0.4432115883777566
FLPL,Activity,82,AVJR,2022-08-02-01,2022-06-14-13,-0.5920351508369638
ADEL,Activity,82,AVJR,2022-08-02-01,2022-06-14-13,-0.5215352061457649
VB02,Activity,82,AVJR,2022-08-02-01,2022-06-14-13,-0.5645466017361221
ADAL,Activity,82,AVJR,2022-08-02-01,2022-06-14-13,0.47771560791820394
I1R,Activity,82,AIZL,2022-08-02-01,2022-06-14-13,-0.721247576746418
IL2DL,Activity,82,AIZL,2022-08-02-01,2022-06-14-13,-0.7573904396295764
I2R,Activity,82,AIZL,2022-08-02-01,2022-06-14-13,-0.0526901376284037
I3,Activity,82,AIZL,2022-08-02-01,2022-06-14-13,0.7039950719468161
NSMR,Activity,82,AIZL,2022-08-02-01,2022-06-14-13,-0.7456027203431357
I2L,Activity,82,AIZL,2022-08-02-01,2022-06-14-13,-0.6729303439813838
MCL,Activity,82,AIZL,2022-08-02-01,2022-06-14-13,-0.739076587812106
NSML,Activity,82,AIZL,2022-08-02-01,2022-06-14-13,-0.7414840096262737
M4,Activity,82,AIZL,2022-08-02-01,2022-06-14-13,-0.6315658272802699
M3R,Activity,82,AIZL,2022-08-02-01,2022-06-14-13,-0.28687449242507057
M3L,Activity,82,AIZL,2022-08-02-01,2022-06-14-13,-0.738607672918652
IL2VL,Activity,82,AIZL,2022-08-02-01,2022-06-14-13,-0.7779877439833849
IL1R,Activity,82,AIZL,2022-08-02-01,2022-06-14-13,0.22621728712924186
OLLL,Activity,82,AIZL,2022-08-02-01,2022-06-14-13,0.24146579778792648
IL2L,Activity,82,AIZL,2022-08-02-01,2022-06-14-13,-0.6675844900432206
URBR,Activity,82,AIZL,2022-08-02-01,2022-06-14-13,0.440926014613954
OLLR,Activity,82,AIZL,2022-08-02-01,2022-06-14-13,0.3279473146340579
IL1DL,Activity,82,AIZL,2022-08-02-01,2022-06-14-13,0.34624563351394405
IL1DR,Activity,82,AIZL,2022-08-02-01,2022-06-14-13,0.4650468363515035
URYVR,Activity,82,AIZL,2022-08-02-01,2022-06-14-13,0.5955518777192848
IL2R,Activity,82,AIZL,2022-08-02-01,2022-06-14-13,0.4215301137936753
URYDL,Activity,82,AIZL,2022-08-02-01,2022-06-14-13,0.5950723339367419
IL1L,Activity,82,AIZL,2022-08-02-01,2022-06-14-13,-0.28818507614770356
URBL,Activity,82,AIZL,2022-08-02-01,2022-06-14-13,-0.15807939806822316
OLQDR,Activity,82,AIZL,2022-08-02-01,2022-06-14-13,0.4326552923553151
OLQDL,Activity,82,AIZL,2022-08-02-01,2022-06-14-13,0.07163737775032748
RMER,Activity,82,AIZL,2022-08-02-01,2022-06-14-13,-0.356144837797712
OLQVR,Activity,82,AIZL,2022-08-02-01,2022-06-14-13,0.4184050206943787
URYVL,Activity,82,AIZL,2022-08-02-01,2022-06-14-13,0.6448857811020609
RMED,Activity,82,AIZL,2022-08-02-01,2022-06-14-13,-0.4035708258875138
RMEL,Activity,82,AIZL,2022-08-02-01,2022-06-14-13,-0.4203041692023736
CEPVR,Activity,82,AIZL,2022-08-02-01,2022-06-14-13,0.28957903993465695
OLQVL,Activity,82,AIZL,2022-08-02-01,2022-06-14-13,0.30655092237927856
CEPVL,Activity,82,AIZL,2022-08-02-01,2022-06-14-13,0.03948190708294462
SAAVR,Activity,82,AIZL,2022-08-02-01,2022-06-14-13,0.10612327609047167
RID,Activity,82,AIZL,2022-08-02-01,2022-06-14-13,-0.5390639794231927
SMDVR,Activity,82,AIZL,2022-08-02-01,2022-06-14-13,0.03523522468441498
URXR,Activity,82,AIZL,2022-08-02-01,2022-06-14-13,-0.6507164019338796
RIAR,Activity,82,AIZL,2022-08-02-01,2022-06-14-13,0.39224100474397794
AVAR,Activity,82,AIZL,2022-08-02-01,2022-06-14-13,0.5423129901514008
SAAVL,Activity,82,AIZL,2022-08-02-01,2022-06-14-13,-0.06518542754812713
CEPDR,Activity,82,AIZL,2022-08-02-01,2022-06-14-13,-0.031174541921639463
URXL,Activity,82,AIZL,2022-08-02-01,2022-06-14-13,-0.5400899377915866
CEPDL,Activity,82,AIZL,2022-08-02-01,2022-06-14-13,-0.3572109707451106
SMDDR,Activity,82,AIZL,2022-08-02-01,2022-06-14-13,0.3655008965335133
RMEV,Activity,82,AIZL,2022-08-02-01,2022-06-14-13,-0.5582463812655037
RIAL,Activity,82,AIZL,2022-08-02-01,2022-06-14-13,-0.6281054798052987
AVER,Activity,82,AIZL,2022-08-02-01,2022-06-14-13,0.45953804106384516
AWAR,Activity,82,AIZL,2022-08-02-01,2022-06-14-13,0.5518377291611306
SMDVL,Activity,82,AIZL,2022-08-02-01,2022-06-14-13,0.44591697637719263
AVAL,Activity,82,AIZL,2022-08-02-01,2022-06-14-13,0.5544410170096332
RMDL,Activity,82,AIZL,2022-08-02-01,2022-06-14-13,0.5847713152356023
AIBR,Activity,82,AIZL,2022-08-02-01,2022-06-14-13,0.46391084964644247
ASGR,Activity,82,AIZL,2022-08-02-01,2022-06-14-13,0.41466309040523175
AVL,Activity,82,AIZL,2022-08-02-01,2022-06-14-13,0.4797734999286538
AVEL,Activity,82,AIZL,2022-08-02-01,2022-06-14-13,0.5026090023644495
ASGL,Activity,82,AIZL,2022-08-02-01,2022-06-14-13,0.3770994352666555
ASHL,Activity,82,AIZL,2022-08-02-01,2022-06-14-13,0.6739487007551926
AIBL,Activity,82,AIZL,2022-08-02-01,2022-06-14-13,0.49761939228071683
AVHL,Activity,82,AIZL,2022-08-02-01,2022-06-14-13,-0.6884393314868509
AWBL,Activity,82,AIZL,2022-08-02-01,2022-06-14-13,0.6038093984939183
RIVL,Activity,82,AIZL,2022-08-02-01,2022-06-14-13,0.39186562631778044
AWCL,Activity,82,AIZL,2022-08-02-01,2022-06-14-13,-0.4686590839044882
SMDDL,Activity,82,AIZL,2022-08-02-01,2022-06-14-13,0.03421073046811257
AVJR,Activity,82,AIZL,2022-08-02-01,2022-06-14-13,-0.4558067018058289
AIZL,Activity,83,AIZL,2022-08-02-01,2022-06-14-13,-0.6552146973785633
RIBL,Activity,82,AIZL,2022-08-02-01,2022-06-14-13,-0.2528589744628762
ASEL,Activity,82,AIZL,2022-08-02-01,2022-06-14-13,-0.6788297823931676
AVDR,Activity,82,AIZL,2022-08-02-01,2022-06-14-13,-0.6940365776951163
AVDL,Activity,82,AIZL,2022-08-02-01,2022-06-14-13,-0.7558626672390744
AVJL,Activity,82,AIZL,2022-08-02-01,2022-06-14-13,0.5631319050343203
RIVR,Activity,82,AIZL,2022-08-02-01,2022-06-14-13,0.29798979505401396
AIZR,Activity,82,AIZL,2022-08-02-01,2022-06-14-13,0.5173637582474958
AUAR,Activity,82,AIZL,2022-08-02-01,2022-06-14-13,0.1990222052598381
AUAL,Activity,82,AIZL,2022-08-02-01,2022-06-14-13,-0.5147974023614104
RICR,Activity,82,AIZL,2022-08-02-01,2022-06-14-13,-0.7060698952314115
RICL,Activity,82,AIZL,2022-08-02-01,2022-06-14-13,-0.528889463187359
M5,Activity,82,AIZL,2022-08-02-01,2022-06-14-13,0.022755119746584316
AIML,Activity,82,AIZL,2022-08-02-01,2022-06-14-13,-0.2183260955144534
AIMR,Activity,82,AIZL,2022-08-02-01,2022-06-14-13,-0.16836214646002587
FLPL,Activity,82,AIZL,2022-08-02-01,2022-06-14-13,-0.5995666226181169
ADEL,Activity,82,AIZL,2022-08-02-01,2022-06-14-13,-0.5423830570504209
VB02,Activity,82,AIZL,2022-08-02-01,2022-06-14-13,-0.43775015275416673
ADAL,Activity,82,AIZL,2022-08-02-01,2022-06-14-13,0.7611640587739505
I1R,Activity,82,RIBL,2022-08-02-01,2022-06-14-13,0.11496134317159404
IL2DL,Activity,82,RIBL,2022-08-02-01,2022-06-14-13,0.29887611970588246
I2R,Activity,82,RIBL,2022-08-02-01,2022-06-14-13,0.05086440315281039
I3,Activity,82,RIBL,2022-08-02-01,2022-06-14-13,-0.3590530076410005
NSMR,Activity,82,RIBL,2022-08-02-01,2022-06-14-13,0.26687261151072744
I2L,Activity,82,RIBL,2022-08-02-01,2022-06-14-13,0.49900807448747436
MCL,Activity,82,RIBL,2022-08-02-01,2022-06-14-13,0.2189940357349736
NSML,Activity,82,RIBL,2022-08-02-01,2022-06-14-13,0.3168963975254345
M4,Activity,82,RIBL,2022-08-02-01,2022-06-14-13,0.4603042202034415
M3R,Activity,82,RIBL,2022-08-02-01,2022-06-14-13,-0.12822822383565488
M3L,Activity,82,RIBL,2022-08-02-01,2022-06-14-13,0.30367320148258414
IL2VL,Activity,82,RIBL,2022-08-02-01,2022-06-14-13,0.35001006618871217
IL1R,Activity,82,RIBL,2022-08-02-01,2022-06-14-13,0.1687219276939919
OLLL,Activity,82,RIBL,2022-08-02-01,2022-06-14-13,0.09731048934630784
IL2L,Activity,82,RIBL,2022-08-02-01,2022-06-14-13,0.4765046124798569
URBR,Activity,82,RIBL,2022-08-02-01,2022-06-14-13,-0.07815691267560128
OLLR,Activity,82,RIBL,2022-08-02-01,2022-06-14-13,0.008095718354909272
IL1DL,Activity,82,RIBL,2022-08-02-01,2022-06-14-13,0.1287480272735589
IL1DR,Activity,82,RIBL,2022-08-02-01,2022-06-14-13,-0.03038905247764618
URYVR,Activity,82,RIBL,2022-08-02-01,2022-06-14-13,-0.575747037414829
IL2R,Activity,82,RIBL,2022-08-02-01,2022-06-14-13,-0.17603870330171537
URYDL,Activity,82,RIBL,2022-08-02-01,2022-06-14-13,-0.6304164964730186
IL1L,Activity,82,RIBL,2022-08-02-01,2022-06-14-13,0.5774725663557673
URBL,Activity,82,RIBL,2022-08-02-01,2022-06-14-13,0.5725782523121666
OLQDR,Activity,82,RIBL,2022-08-02-01,2022-06-14-13,-0.11307876221887828
OLQDL,Activity,82,RIBL,2022-08-02-01,2022-06-14-13,0.48803158730801205
RMER,Activity,82,RIBL,2022-08-02-01,2022-06-14-13,0.6256172603437594
OLQVR,Activity,82,RIBL,2022-08-02-01,2022-06-14-13,-0.16414212699250155
URYVL,Activity,82,RIBL,2022-08-02-01,2022-06-14-13,-0.3813165169717151
RMED,Activity,82,RIBL,2022-08-02-01,2022-06-14-13,0.7805186021139596
RMEL,Activity,82,RIBL,2022-08-02-01,2022-06-14-13,0.5586339262060418
CEPVR,Activity,82,RIBL,2022-08-02-01,2022-06-14-13,-0.07598037079608752
OLQVL,Activity,82,RIBL,2022-08-02-01,2022-06-14-13,0.181467114687492
CEPVL,Activity,82,RIBL,2022-08-02-01,2022-06-14-13,0.19598223989821337
SAAVR,Activity,82,RIBL,2022-08-02-01,2022-06-14-13,-0.7275909779356626
RID,Activity,82,RIBL,2022-08-02-01,2022-06-14-13,0.6512218062295497
SMDVR,Activity,82,RIBL,2022-08-02-01,2022-06-14-13,0.2231076251846374
URXR,Activity,82,RIBL,2022-08-02-01,2022-06-14-13,0.4665520419142246
RIAR,Activity,82,RIBL,2022-08-02-01,2022-06-14-13,0.23245976752786948
AVAR,Activity,82,RIBL,2022-08-02-01,2022-06-14-13,-0.7363186666520593
SAAVL,Activity,82,RIBL,2022-08-02-01,2022-06-14-13,-0.5997787014509671
CEPDR,Activity,82,RIBL,2022-08-02-01,2022-06-14-13,0.3338503858081045
URXL,Activity,82,RIBL,2022-08-02-01,2022-06-14-13,0.46455672245692575
CEPDL,Activity,82,RIBL,2022-08-02-01,2022-06-14-13,0.6462218228522323
SMDDR,Activity,82,RIBL,2022-08-02-01,2022-06-14-13,-0.0189612990555285
RMEV,Activity,82,RIBL,2022-08-02-01,2022-06-14-13,0.7375638447783492
RIAL,Activity,82,RIBL,2022-08-02-01,2022-06-14-13,0.3685990218308797
AVER,Activity,82,RIBL,2022-08-02-01,2022-06-14-13,-0.7405874040750248
AWAR,Activity,82,RIBL,2022-08-02-01,2022-06-14-13,-0.6748730711573204
SMDVL,Activity,82,RIBL,2022-08-02-01,2022-06-14-13,-0.12904845099971238
AVAL,Activity,82,RIBL,2022-08-02-01,2022-06-14-13,-0.7191148010104536
RMDL,Activity,82,RIBL,2022-08-02-01,2022-06-14-13,-0.493001424187893
AIBR,Activity,82,RIBL,2022-08-02-01,2022-06-14-13,-0.7672334544154918
ASGR,Activity,82,RIBL,2022-08-02-01,2022-06-14-13,-0.7015058310283159
AVL,Activity,82,RIBL,2022-08-02-01,2022-06-14-13,-0.7655131911950678
AVEL,Activity,82,RIBL,2022-08-02-01,2022-06-14-13,-0.7487292313189441
ASGL,Activity,82,RIBL,2022-08-02-01,2022-06-14-13,-0.7603359854209996
ASHL,Activity,82,RIBL,2022-08-02-01,2022-06-14-13,-0.5929760316375079
AIBL,Activity,82,RIBL,2022-08-02-01,2022-06-14-13,-0.7476423474171031
AVHL,Activity,82,RIBL,2022-08-02-01,2022-06-14-13,0.35510157829310757
AWBL,Activity,82,RIBL,2022-08-02-01,2022-06-14-13,-0.32518843773416384
RIVL,Activity,82,RIBL,2022-08-02-01,2022-06-14-13,-0.09217133397135342
AWCL,Activity,82,RIBL,2022-08-02-01,2022-06-14-13,0.19004458641366395
SMDDL,Activity,82,RIBL,2022-08-02-01,2022-06-14-13,-0.14081138167867788
AVJR,Activity,82,RIBL,2022-08-02-01,2022-06-14-13,0.3625095067235685
AIZL,Activity,82,RIBL,2022-08-02-01,2022-06-14-13,0.4500768085227183
RIBL,Activity,83,RIBL,2022-08-02-01,2022-06-14-13,0.7661542666720026
ASEL,Activity,82,RIBL,2022-08-02-01,2022-06-14-13,0.6514893829171026
AVDR,Activity,82,RIBL,2022-08-02-01,2022-06-14-13,0.20566814619828108
AVDL,Activity,82,RIBL,2022-08-02-01,2022-06-14-13,0.38192335271819733
AVJL,Activity,82,RIBL,2022-08-02-01,2022-06-14-13,-0.04470729185710564
RIVR,Activity,82,RIBL,2022-08-02-01,2022-06-14-13,0.007923487856996083
AIZR,Activity,82,RIBL,2022-08-02-01,2022-06-14-13,-0.37226308496383687
AUAR,Activity,82,RIBL,2022-08-02-01,2022-06-14-13,0.1279599280682372
AUAL,Activity,82,RIBL,2022-08-02-01,2022-06-14-13,0.5430701211491639
RICR,Activity,82,RIBL,2022-08-02-01,2022-06-14-13,0.39977319868009076
RICL,Activity,82,RIBL,2022-08-02-01,2022-06-14-13,0.42630147217349773
M5,Activity,82,RIBL,2022-08-02-01,2022-06-14-13,0.33717643037509704
AIML,Activity,82,RIBL,2022-08-02-01,2022-06-14-13,0.6140504195522574
AIMR,Activity,82,RIBL,2022-08-02-01,2022-06-14-13,0.498273231230893
FLPL,Activity,82,RIBL,2022-08-02-01,2022-06-14-13,0.5832028710064199
ADEL,Activity,82,RIBL,2022-08-02-01,2022-06-14-13,0.502128618582462
VB02,Activity,82,RIBL,2022-08-02-01,2022-06-14-13,0.7172824318830837
ADAL,Activity,82,RIBL,2022-08-02-01,2022-06-14-13,-0.44090430091856064
I1R,Activity,82,ASEL,2022-08-02-01,2022-06-14-13,0.4964671711626325
IL2DL,Activity,82,ASEL,2022-08-02-01,2022-06-14-13,0.5158329861553315
I2R,Activity,82,ASEL,2022-08-02-01,2022-06-14-13,-0.1991195144184877
I3,Activity,82,ASEL,2022-08-02-01,2022-06-14-13,-0.4800121153008753
NSMR,Activity,82,ASEL,2022-08-02-01,2022-06-14-13,0.49960117705231794
I2L,Activity,82,ASEL,2022-08-02-01,2022-06-14-13,0.28276114933196134
MCL,Activity,82,ASEL,2022-08-02-01,2022-06-14-13,0.48204833787049606
NSML,Activity,82,ASEL,2022-08-02-01,2022-06-14-13,0.4805659770483757
M4,Activity,82,ASEL,2022-08-02-01,2022-06-14-13,0.23334531431394417
M3R,Activity,82,ASEL,2022-08-02-01,2022-06-14-13,0.1832759860508587
M3L,Activity,82,ASEL,2022-08-02-01,2022-06-14-13,0.4136800878741426
IL2VL,Activity,82,ASEL,2022-08-02-01,2022-06-14-13,0.4674789101670683
IL1R,Activity,82,ASEL,2022-08-02-01,2022-06-14-13,-0.2661641158769445
OLLL,Activity,82,ASEL,2022-08-02-01,2022-06-14-13,-0.2230132579346165
IL2L,Activity,82,ASEL,2022-08-02-01,2022-06-14-13,0.39108045202708086
URBR,Activity,82,ASEL,2022-08-02-01,2022-06-14-13,-0.31600054734666316
OLLR,Activity,82,ASEL,2022-08-02-01,2022-06-14-13,-0.2859796397571698
IL1DL,Activity,82,ASEL,2022-08-02-01,2022-06-14-13,-0.3139791403409103
IL1DR,Activity,82,ASEL,2022-08-02-01,2022-06-14-13,-0.42112650924360295
URYVR,Activity,82,ASEL,2022-08-02-01,2022-06-14-13,-0.3283062461423929
IL2R,Activity,82,ASEL,2022-08-02-01,2022-06-14-13,-0.32436780441228824
URYDL,Activity,82,ASEL,2022-08-02-01,2022-06-14-13,-0.31309709178405826
IL1L,Activity,82,ASEL,2022-08-02-01,2022-06-14-13,0.08257720737456664
URBL,Activity,82,ASEL,2022-08-02-01,2022-06-14-13,-0.03983043663163597
OLQDR,Activity,82,ASEL,2022-08-02-01,2022-06-14-13,-0.314533081271544
OLQDL,Activity,82,ASEL,2022-08-02-01,2022-06-14-13,-0.1821962035382501
RMER,Activity,82,ASEL,2022-08-02-01,2022-06-14-13,0.040099657475227396
OLQVR,Activity,82,ASEL,2022-08-02-01,2022-06-14-13,-0.2861921368302996
URYVL,Activity,82,ASEL,2022-08-02-01,2022-06-14-13,-0.4289175368748418
RMED,Activity,82,ASEL,2022-08-02-01,2022-06-14-13,0.10645827085392798
RMEL,Activity,82,ASEL,2022-08-02-01,2022-06-14-13,0.18355982967399093
CEPVR,Activity,82,ASEL,2022-08-02-01,2022-06-14-13,-0.22748582826144553
OLQVL,Activity,82,ASEL,2022-08-02-01,2022-06-14-13,-0.257352291201788
CEPVL,Activity,82,ASEL,2022-08-02-01,2022-06-14-13,-0.07761304701966026
SAAVR,Activity,82,ASEL,2022-08-02-01,2022-06-14-13,0.16945858503739356
RID,Activity,82,ASEL,2022-08-02-01,2022-06-14-13,0.2443067481276762
SMDVR,Activity,82,ASEL,2022-08-02-01,2022-06-14-13,-0.03594136691293156
URXR,Activity,82,ASEL,2022-08-02-01,2022-06-14-13,0.41950954858368733
RIAR,Activity,82,ASEL,2022-08-02-01,2022-06-14-13,-0.2650020025289298
AVAR,Activity,82,ASEL,2022-08-02-01,2022-06-14-13,-0.21799429403867507
SAAVL,Activity,82,ASEL,2022-08-02-01,2022-06-14-13,0.2673545343954878
CEPDR,Activity,82,ASEL,2022-08-02-01,2022-06-14-13,-0.05121075882740285
URXL,Activity,82,ASEL,2022-08-02-01,2022-06-14-13,0.29639175756225933
CEPDL,Activity,82,ASEL,2022-08-02-01,2022-06-14-13,0.09353799644063164
SMDDR,Activity,82,ASEL,2022-08-02-01,2022-06-14-13,-0.18017619158956233
RMEV,Activity,82,ASEL,2022-08-02-01,2022-06-14-13,0.2079057900228281
RIAL,Activity,82,ASEL,2022-08-02-01,2022-06-14-13,0.40715215656383935
AVER,Activity,82,ASEL,2022-08-02-01,2022-06-14-13,-0.16443524868048018
AWAR,Activity,82,ASEL,2022-08-02-01,2022-06-14-13,-0.20764153067040877
SMDVL,Activity,82,ASEL,2022-08-02-01,2022-06-14-13,-0.14514335225360117
AVAL,Activity,82,ASEL,2022-08-02-01,2022-06-14-13,-0.23227037245133528
RMDL,Activity,82,ASEL,2022-08-02-01,2022-06-14-13,-0.33883164191924964
AIBR,Activity,82,ASEL,2022-08-02-01,2022-06-14-13,-0.13762132218314632
ASGR,Activity,82,ASEL,2022-08-02-01,2022-06-14-13,-0.17243060601353072
AVL,Activity,82,ASEL,2022-08-02-01,2022-06-14-13,-0.14208852554391777
AVEL,Activity,82,ASEL,2022-08-02-01,2022-06-14-13,-0.17098506269103905
ASGL,Activity,82,ASEL,2022-08-02-01,2022-06-14-13,-0.11209165204406356
ASHL,Activity,82,ASEL,2022-08-02-01,2022-06-14-13,-0.3147541426444616
AIBL,Activity,82,ASEL,2022-08-02-01,2022-06-14-13,-0.16003088509362245
AVHL,Activity,82,ASEL,2022-08-02-01,2022-06-14-13,0.4196668668535792
AWBL,Activity,82,ASEL,2022-08-02-01,2022-06-14-13,-0.31793471313025795
RIVL,Activity,82,ASEL,2022-08-02-01,2022-06-14-13,-0.19895216841506363
AWCL,Activity,82,ASEL,2022-08-02-01,2022-06-14-13,0.2851645349529795
SMDDL,Activity,82,ASEL,2022-08-02-01,2022-06-14-13,-0.10062160677645748
AVJR,Activity,82,ASEL,2022-08-02-01,2022-06-14-13,0.24576197578872708
AIZL,Activity,82,ASEL,2022-08-02-01,2022-06-14-13,0.47487364437586554
RIBL,Activity,82,ASEL,2022-08-02-01,2022-06-14-13,0.025416125124859506
ASEL,Activity,83,ASEL,2022-08-02-01,2022-06-14-13,0.3621985231272961
AVDR,Activity,82,ASEL,2022-08-02-01,2022-06-14-13,0.46568181220764504
AVDL,Activity,82,ASEL,2022-08-02-01,2022-06-14-13,0.47689938080708927
AVJL,Activity,82,ASEL,2022-08-02-01,2022-06-14-13,-0.28706153819092084
RIVR,Activity,82,ASEL,2022-08-02-01,2022-06-14-13,-0.1469312740422601
AIZR,Activity,82,ASEL,2022-08-02-01,2022-06-14-13,-0.13024263503857322
AUAR,Activity,82,ASEL,2022-08-02-01,2022-06-14-13,-0.2861219863931365
AUAL,Activity,82,ASEL,2022-08-02-01,2022-06-14-13,0.27582839159296896
RICR,Activity,82,ASEL,2022-08-02-01,2022-06-14-13,0.45405605936207355
RICL,Activity,82,ASEL,2022-08-02-01,2022-06-14-13,0.30814887962149307
M5,Activity,82,ASEL,2022-08-02-01,2022-06-14-13,-0.22769027898501648
AIML,Activity,82,ASEL,2022-08-02-01,2022-06-14-13,-0.08190148399775134
AIMR,Activity,82,ASEL,2022-08-02-01,2022-06-14-13,-0.09889196549923948
FLPL,Activity,82,ASEL,2022-08-02-01,2022-06-14-13,0.2107941413651935
ADEL,Activity,82,ASEL,2022-08-02-01,2022-06-14-13,0.21721405647685896
VB02,Activity,82,ASEL,2022-08-02-01,2022-06-14-13,0.09349224470165426
ADAL,Activity,82,ASEL,2022-08-02-01,2022-06-14-13,-0.44561866105402953
I1R,Activity,82,AVDR,2022-08-02-01,2022-06-14-13,0.6397937325296399
IL2DL,Activity,82,AVDR,2022-08-02-01,2022-06-14-13,0.5857900191889506
I2R,Activity,82,AVDR,2022-08-02-01,2022-06-14-13,-0.15394157954480675
I3,Activity,82,AVDR,2022-08-02-01,2022-06-14-13,-0.5615298274371736
NSMR,Activity,82,AVDR,2022-08-02-01,2022-06-14-13,0.5902004099560435
I2L,Activity,82,AVDR,2022-08-02-01,2022-06-14-13,0.3133663069657266
MCL,Activity,82,AVDR,2022-08-02-01,2022-06-14-13,0.5795406016302984
NSML,Activity,82,AVDR,2022-08-02-01,2022-06-14-13,0.5636389737613434
M4,Activity,82,AVDR,2022-08-02-01,2022-06-14-13,0.2667023187667285
M3R,Activity,82,AVDR,2022-08-02-01,2022-06-14-13,0.15698409383928516
M3L,Activity,82,AVDR,2022-08-02-01,2022-06-14-13,0.4466504119318578
IL2VL,Activity,82,AVDR,2022-08-02-01,2022-06-14-13,0.5050407502818666
IL1R,Activity,82,AVDR,2022-08-02-01,2022-06-14-13,-0.30082235235524896
OLLL,Activity,82,AVDR,2022-08-02-01,2022-06-14-13,-0.4615968998541814
IL2L,Activity,82,AVDR,2022-08-02-01,2022-06-14-13,0.33467210847487305
URBR,Activity,82,AVDR,2022-08-02-01,2022-06-14-13,-0.5201041692972798
OLLR,Activity,82,AVDR,2022-08-02-01,2022-06-14-13,-0.5073010129260296
IL1DL,Activity,82,AVDR,2022-08-02-01,2022-06-14-13,-0.5577154794391079
IL1DR,Activity,82,AVDR,2022-08-02-01,2022-06-14-13,-0.5545447588886018
URYVR,Activity,82,AVDR,2022-08-02-01,2022-06-14-13,-0.3335558112008491
IL2R,Activity,82,AVDR,2022-08-02-01,2022-06-14-13,-0.5020885108595919
URYDL,Activity,82,AVDR,2022-08-02-01,2022-06-14-13,-0.2937287729028631
IL1L,Activity,82,AVDR,2022-08-02-01,2022-06-14-13,-0.06979337392216658
URBL,Activity,82,AVDR,2022-08-02-01,2022-06-14-13,-0.23919853747780936
OLQDR,Activity,82,AVDR,2022-08-02-01,2022-06-14-13,-0.5174163630275108
OLQDL,Activity,82,AVDR,2022-08-02-01,2022-06-14-13,-0.4137579056524484
RMER,Activity,82,AVDR,2022-08-02-01,2022-06-14-13,-0.03754422720123264
OLQVR,Activity,82,AVDR,2022-08-02-01,2022-06-14-13,-0.4744828689951559
URYVL,Activity,82,AVDR,2022-08-02-01,2022-06-14-13,-0.4884814756619189
RMED,Activity,82,AVDR,2022-08-02-01,2022-06-14-13,-0.00011880321032717165
RMEL,Activity,82,AVDR,2022-08-02-01,2022-06-14-13,0.11106017153747717
CEPVR,Activity,82,AVDR,2022-08-02-01,2022-06-14-13,-0.4314824483204965
OLQVL,Activity,82,AVDR,2022-08-02-01,2022-06-14-13,-0.5291302613257418
CEPVL,Activity,82,AVDR,2022-08-02-01,2022-06-14-13,-0.26902103228503543
SAAVR,Activity,82,AVDR,2022-08-02-01,2022-06-14-13,0.2818604833268908
RID,Activity,82,AVDR,2022-08-02-01,2022-06-14-13,0.24882382699412128
SMDVR,Activity,82,AVDR,2022-08-02-01,2022-06-14-13,-0.14280207613135742
URXR,Activity,82,AVDR,2022-08-02-01,2022-06-14-13,0.4419481917938436
RIAR,Activity,82,AVDR,2022-08-02-01,2022-06-14-13,-0.4653435585952469
AVAR,Activity,82,AVDR,2022-08-02-01,2022-06-14-13,-0.17223848158764263
SAAVL,Activity,82,AVDR,2022-08-02-01,2022-06-14-13,0.39660054637776504
CEPDR,Activity,82,AVDR,2022-08-02-01,2022-06-14-13,-0.3398674632556567
URXL,Activity,82,AVDR,2022-08-02-01,2022-06-14-13,0.29000053861317604
CEPDL,Activity,82,AVDR,2022-08-02-01,2022-06-14-13,-0.07162270920114526
SMDDR,Activity,82,AVDR,2022-08-02-01,2022-06-14-13,-0.4092108091373925
RMEV,Activity,82,AVDR,2022-08-02-01,2022-06-14-13,0.18841570804679011
RIAL,Activity,82,AVDR,2022-08-02-01,2022-06-14-13,0.490993373771541
AVER,Activity,82,AVDR,2022-08-02-01,2022-06-14-13,-0.11589460208488829
AWAR,Activity,82,AVDR,2022-08-02-01,2022-06-14-13,-0.09547916808784634
SMDVL,Activity,82,AVDR,2022-08-02-01,2022-06-14-13,-0.32343991391752264
AVAL,Activity,82,AVDR,2022-08-02-01,2022-06-14-13,-0.19817653200812538
RMDL,Activity,82,AVDR,2022-08-02-01,2022-06-14-13,-0.3873301517129066
AIBR,Activity,82,AVDR,2022-08-02-01,2022-06-14-13,-0.08687380553922498
ASGR,Activity,82,AVDR,2022-08-02-01,2022-06-14-13,-0.13673595626537946
AVL,Activity,82,AVDR,2022-08-02-01,2022-06-14-13,-0.09068855413976734
AVEL,Activity,82,AVDR,2022-08-02-01,2022-06-14-13,-0.12139080037274795
ASGL,Activity,82,AVDR,2022-08-02-01,2022-06-14-13,-0.04518138043249151
ASHL,Activity,82,AVDR,2022-08-02-01,2022-06-14-13,-0.31048373381647726
AIBL,Activity,82,AVDR,2022-08-02-01,2022-06-14-13,-0.11196694544759422
AVHL,Activity,82,AVDR,2022-08-02-01,2022-06-14-13,0.4556104373667195
AWBL,Activity,82,AVDR,2022-08-02-01,2022-06-14-13,-0.3933188042095498
RIVL,Activity,82,AVDR,2022-08-02-01,2022-06-14-13,-0.37925255135355374
AWCL,Activity,82,AVDR,2022-08-02-01,2022-06-14-13,0.5228570395119264
SMDDL,Activity,82,AVDR,2022-08-02-01,2022-06-14-13,-0.057646121964946555
AVJR,Activity,82,AVDR,2022-08-02-01,2022-06-14-13,0.2676088866541226
AIZL,Activity,82,AVDR,2022-08-02-01,2022-06-14-13,0.5057343831367759
RIBL,Activity,82,AVDR,2022-08-02-01,2022-06-14-13,-0.09251574385657058
ASEL,Activity,82,AVDR,2022-08-02-01,2022-06-14-13,0.3037499449376919
AVDR,Activity,83,AVDR,2022-08-02-01,2022-06-14-13,0.6112980964752107
AVDL,Activity,82,AVDR,2022-08-02-01,2022-06-14-13,0.533822168399045
AVJL,Activity,82,AVDR,2022-08-02-01,2022-06-14-13,-0.29965933075556284
RIVR,Activity,82,AVDR,2022-08-02-01,2022-06-14-13,-0.3444397942978019
AIZR,Activity,82,AVDR,2022-08-02-01,2022-06-14-13,-0.1429060809884161
AUAR,Activity,82,AVDR,2022-08-02-01,2022-06-14-13,-0.43308016442078306
AUAL,Activity,82,AVDR,2022-08-02-01,2022-06-14-13,0.27907965288014874
RICR,Activity,82,AVDR,2022-08-02-01,2022-06-14-13,0.5360122433448575
RICL,Activity,82,AVDR,2022-08-02-01,2022-06-14-13,0.41217748075512595
M5,Activity,82,AVDR,2022-08-02-01,2022-06-14-13,-0.3764702405002592
AIML,Activity,82,AVDR,2022-08-02-01,2022-06-14-13,-0.12340400709704019
AIMR,Activity,82,AVDR,2022-08-02-01,2022-06-14-13,-0.19227412429402063
FLPL,Activity,82,AVDR,2022-08-02-01,2022-06-14-13,0.23021769663097852
ADEL,Activity,82,AVDR,2022-08-02-01,2022-06-14-13,0.2688121122281901
VB02,Activity,82,AVDR,2022-08-02-01,2022-06-14-13,-0.038517068156693014
ADAL,Activity,82,AVDR,2022-08-02-01,2022-06-14-13,-0.49270528250424145
I1R,Activity,82,AVDL,2022-08-02-01,2022-06-14-13,0.6667326383664908
IL2DL,Activity,82,AVDL,2022-08-02-01,2022-06-14-13,0.7134588082385388
I2R,Activity,82,AVDL,2022-08-02-01,2022-06-14-13,-0.04329167248089986
I3,Activity,82,AVDL,2022-08-02-01,2022-06-14-13,-0.706857965784181
NSMR,Activity,82,AVDL,2022-08-02-01,2022-06-14-13,0.7054859477337416
I2L,Activity,82,AVDL,2022-08-02-01,2022-06-14-13,0.5597450402455132
MCL,Activity,82,AVDL,2022-08-02-01,2022-06-14-13,0.6773532097564715
NSML,Activity,82,AVDL,2022-08-02-01,2022-06-14-13,0.6978156296238457
M4,Activity,82,AVDL,2022-08-02-01,2022-06-14-13,0.488948682938351
M3R,Activity,82,AVDL,2022-08-02-01,2022-06-14-13,0.11019556166717562
M3L,Activity,82,AVDL,2022-08-02-01,2022-06-14-13,0.5920085693446309
IL2VL,Activity,82,AVDL,2022-08-02-01,2022-06-14-13,0.6730213448348553
IL1R,Activity,82,AVDL,2022-08-02-01,2022-06-14-13,-0.16057873760705924
OLLL,Activity,82,AVDL,2022-08-02-01,2022-06-14-13,-0.37164696255617863
IL2L,Activity,82,AVDL,2022-08-02-01,2022-06-14-13,0.5675652284849261
URBR,Activity,82,AVDL,2022-08-02-01,2022-06-14-13,-0.5187936228862269
OLLR,Activity,82,AVDL,2022-08-02-01,2022-06-14-13,-0.4578785835116609
IL1DL,Activity,82,AVDL,2022-08-02-01,2022-06-14-13,-0.4346775129167348
IL1DR,Activity,82,AVDL,2022-08-02-01,2022-06-14-13,-0.4942414563559497
URYVR,Activity,82,AVDL,2022-08-02-01,2022-06-14-13,-0.5745337588885767
IL2R,Activity,82,AVDL,2022-08-02-01,2022-06-14-13,-0.5201268379490577
URYDL,Activity,82,AVDL,2022-08-02-01,2022-06-14-13,-0.5971278008289966
IL1L,Activity,82,AVDL,2022-08-02-01,2022-06-14-13,0.19392084637939586
URBL,Activity,82,AVDL,2022-08-02-01,2022-06-14-13,0.03819560612489613
OLQDR,Activity,82,AVDL,2022-08-02-01,2022-06-14-13,-0.5210520409754374
OLQDL,Activity,82,AVDL,2022-08-02-01,2022-06-14-13,-0.15175540880480226
RMER,Activity,82,AVDL,2022-08-02-01,2022-06-14-13,0.29959119793106925
OLQVR,Activity,82,AVDL,2022-08-02-01,2022-06-14-13,-0.5051676872612972
URYVL,Activity,82,AVDL,2022-08-02-01,2022-06-14-13,-0.6564914264005608
RMED,Activity,82,AVDL,2022-08-02-01,2022-06-14-13,0.36544238764257775
RMEL,Activity,82,AVDL,2022-08-02-01,2022-06-14-13,0.343176296675116
CEPVR,Activity,82,AVDL,2022-08-02-01,2022-06-14-13,-0.41682089393310573
OLQVL,Activity,82,AVDL,2022-08-02-01,2022-06-14-13,-0.39217568287274374
CEPVL,Activity,82,AVDL,2022-08-02-01,2022-06-14-13,-0.18036223957018535
SAAVR,Activity,82,AVDL,2022-08-02-01,2022-06-14-13,-0.06540208387969416
RID,Activity,82,AVDL,2022-08-02-01,2022-06-14-13,0.537566783161211
SMDVR,Activity,82,AVDL,2022-08-02-01,2022-06-14-13,0.035300094104228956
URXR,Activity,82,AVDL,2022-08-02-01,2022-06-14-13,0.6486551485046415
RIAR,Activity,82,AVDL,2022-08-02-01,2022-06-14-13,-0.3563759778295038
AVAR,Activity,82,AVDL,2022-08-02-01,2022-06-14-13,-0.4975330101152446
SAAVL,Activity,82,AVDL,2022-08-02-01,2022-06-14-13,0.08248430604508077
CEPDR,Activity,82,AVDL,2022-08-02-01,2022-06-14-13,-0.13831934237027735
URXL,Activity,82,AVDL,2022-08-02-01,2022-06-14-13,0.5280581311034127
CEPDL,Activity,82,AVDL,2022-08-02-01,2022-06-14-13,0.25428557644174843
SMDDR,Activity,82,AVDL,2022-08-02-01,2022-06-14-13,-0.3800951271954293
RMEV,Activity,82,AVDL,2022-08-02-01,2022-06-14-13,0.5392037754927314
RIAL,Activity,82,AVDL,2022-08-02-01,2022-06-14-13,0.635322825014001
AVER,Activity,82,AVDL,2022-08-02-01,2022-06-14-13,-0.4403271164046175
AWAR,Activity,82,AVDL,2022-08-02-01,2022-06-14-13,-0.421653167458256
SMDVL,Activity,82,AVDL,2022-08-02-01,2022-06-14-13,-0.32835488281150127
AVAL,Activity,82,AVDL,2022-08-02-01,2022-06-14-13,-0.5116152561842618
RMDL,Activity,82,AVDL,2022-08-02-01,2022-06-14-13,-0.6036254714051159
AIBR,Activity,82,AVDL,2022-08-02-01,2022-06-14-13,-0.43334481901474475
ASGR,Activity,82,AVDL,2022-08-02-01,2022-06-14-13,-0.4128508077190831
AVL,Activity,82,AVDL,2022-08-02-01,2022-06-14-13,-0.4329938271958869
AVEL,Activity,82,AVDL,2022-08-02-01,2022-06-14-13,-0.4701046852031381
ASGL,Activity,82,AVDL,2022-08-02-01,2022-06-14-13,-0.35789721287819526
ASHL,Activity,82,AVDL,2022-08-02-01,2022-06-14-13,-0.5766049563817822
AIBL,Activity,82,AVDL,2022-08-02-01,2022-06-14-13,-0.4564499197969535
AVHL,Activity,82,AVDL,2022-08-02-01,2022-06-14-13,0.6393448746708583
AWBL,Activity,82,AVDL,2022-08-02-01,2022-06-14-13,-0.5703049145072574
RIVL,Activity,82,AVDL,2022-08-02-01,2022-06-14-13,-0.38091626832291803
AWCL,Activity,82,AVDL,2022-08-02-01,2022-06-14-13,0.5372552798847562
SMDDL,Activity,82,AVDL,2022-08-02-01,2022-06-14-13,-0.13806893855734184
AVJR,Activity,82,AVDL,2022-08-02-01,2022-06-14-13,0.45249072026605514
AIZL,Activity,82,AVDL,2022-08-02-01,2022-06-14-13,0.6946637727989752
RIBL,Activity,82,AVDL,2022-08-02-01,2022-06-14-13,0.2650776520568041
ASEL,Activity,82,AVDL,2022-08-02-01,2022-06-14-13,0.6041697506050031
AVDR,Activity,82,AVDL,2022-08-02-01,2022-06-14-13,0.6420714685110648
AVDL,Activity,83,AVDL,2022-08-02-01,2022-06-14-13,0.7138778705528656
AVJL,Activity,82,AVDL,2022-08-02-01,2022-06-14-13,-0.4091990955994895
RIVR,Activity,82,AVDL,2022-08-02-01,2022-06-14-13,-0.2875917327323665
AIZR,Activity,82,AVDL,2022-08-02-01,2022-06-14-13,-0.33249639134245074
AUAR,Activity,82,AVDL,2022-08-02-01,2022-06-14-13,-0.3359294129673929
AUAL,Activity,82,AVDL,2022-08-02-01,2022-06-14-13,0.5478067506634636
RICR,Activity,82,AVDL,2022-08-02-01,2022-06-14-13,0.705548278306218
RICL,Activity,82,AVDL,2022-08-02-01,2022-06-14-13,0.5842952707811183
M5,Activity,82,AVDL,2022-08-02-01,2022-06-14-13,-0.12673306055876873
AIML,Activity,82,AVDL,2022-08-02-01,2022-06-14-13,0.19018797443828067
AIMR,Activity,82,AVDL,2022-08-02-01,2022-06-14-13,0.08677488970164196
FLPL,Activity,82,AVDL,2022-08-02-01,2022-06-14-13,0.5077519724362823
ADEL,Activity,82,AVDL,2022-08-02-01,2022-06-14-13,0.4795899200687054
VB02,Activity,82,AVDL,2022-08-02-01,2022-06-14-13,0.34834587844984566
ADAL,Activity,82,AVDL,2022-08-02-01,2022-06-14-13,-0.6863240711665249
I1R,Activity,82,AVJL,2022-08-02-01,2022-06-14-13,0.6968842402005038
IL2DL,Activity,82,AVJL,2022-08-02-01,2022-06-14-13,0.7363354726926362
I2R,Activity,82,AVJL,2022-08-02-01,2022-06-14-13,0.013298497709617774
I3,Activity,82,AVJL,2022-08-02-01,2022-06-14-13,-0.7007362115730775
NSMR,Activity,82,AVJL,2022-08-02-01,2022-06-14-13,0.7205887516349236
I2L,Activity,82,AVJL,2022-08-02-01,2022-06-14-13,0.6360201303765822
MCL,Activity,82,AVJL,2022-08-02-01,2022-06-14-13,0.7109938435328421
NSML,Activity,82,AVJL,2022-08-02-01,2022-06-14-13,0.7177016217632206
M4,Activity,82,AVJL,2022-08-02-01,2022-06-14-13,0.61238716988577
M3R,Activity,82,AVJL,2022-08-02-01,2022-06-14-13,0.15298483205840618
M3L,Activity,82,AVJL,2022-08-02-01,2022-06-14-13,0.6371174344466344
IL2VL,Activity,82,AVJL,2022-08-02-01,2022-06-14-13,0.7282148528837423
IL1R,Activity,82,AVJL,2022-08-02-01,2022-06-14-13,-0.13090616537208377
OLLL,Activity,82,AVJL,2022-08-02-01,2022-06-14-13,-0.348198736753036
IL2L,Activity,82,AVJL,2022-08-02-01,2022-06-14-13,0.6207481782904056
URBR,Activity,82,AVJL,2022-08-02-01,2022-06-14-13,-0.5009489378406071
OLLR,Activity,82,AVJL,2022-08-02-01,2022-06-14-13,-0.4295115169248842
IL1DL,Activity,82,AVJL,2022-08-02-01,2022-06-14-13,-0.4124679000563861
IL1DR,Activity,82,AVJL,2022-08-02-01,2022-06-14-13,-0.47722048822911056
URYVR,Activity,82,AVJL,2022-08-02-01,2022-06-14-13,-0.6104149308513848
IL2R,Activity,82,AVJL,2022-08-02-01,2022-06-14-13,-0.5078430969608004
URYDL,Activity,82,AVJL,2022-08-02-01,2022-06-14-13,-0.6476940878697831
IL1L,Activity,82,AVJL,2022-08-02-01,2022-06-14-13,0.24231705670379824
URBL,Activity,82,AVJL,2022-08-02-01,2022-06-14-13,0.08703893640967503
OLQDR,Activity,82,AVJL,2022-08-02-01,2022-06-14-13,-0.5050644097432044
OLQDL,Activity,82,AVJL,2022-08-02-01,2022-06-14-13,-0.10418608011548271
RMER,Activity,82,AVJL,2022-08-02-01,2022-06-14-13,0.34641055447015584
OLQVR,Activity,82,AVJL,2022-08-02-01,2022-06-14-13,-0.4819288503804617
URYVL,Activity,82,AVJL,2022-08-02-01,2022-06-14-13,-0.6852612851410598
RMED,Activity,82,AVJL,2022-08-02-01,2022-06-14-13,0.43031154475435235
RMEL,Activity,82,AVJL,2022-08-02-01,2022-06-14-13,0.3888306122599987
CEPVR,Activity,82,AVJL,2022-08-02-01,2022-06-14-13,-0.3792889371485769
OLQVL,Activity,82,AVJL,2022-08-02-01,2022-06-14-13,-0.36925477344187896
CEPVL,Activity,82,AVJL,2022-08-02-01,2022-06-14-13,-0.14169657264372812
SAAVR,Activity,82,AVJL,2022-08-02-01,2022-06-14-13,-0.08405698440772472
RID,Activity,82,AVJL,2022-08-02-01,2022-06-14-13,0.5753554155842624
SMDVR,Activity,82,AVJL,2022-08-02-01,2022-06-14-13,0.134546144963988
URXR,Activity,82,AVJL,2022-08-02-01,2022-06-14-13,0.6751471557291921
RIAR,Activity,82,AVJL,2022-08-02-01,2022-06-14-13,-0.36390526024345526
AVAR,Activity,82,AVJL,2022-08-02-01,2022-06-14-13,-0.5323102300309036
SAAVL,Activity,82,AVJL,2022-08-02-01,2022-06-14-13,0.08663470253574775
CEPDR,Activity,82,AVJL,2022-08-02-01,2022-06-14-13,-0.03207040205166898
URXL,Activity,82,AVJL,2022-08-02-01,2022-06-14-13,0.5698185828523941
CEPDL,Activity,82,AVJL,2022-08-02-01,2022-06-14-13,0.3047145545344591
SMDDR,Activity,82,AVJL,2022-08-02-01,2022-06-14-13,-0.3806359562031935
RMEV,Activity,82,AVJL,2022-08-02-01,2022-06-14-13,0.6051030405667824
RIAL,Activity,82,AVJL,2022-08-02-01,2022-06-14-13,0.603397560495211
AVER,Activity,82,AVJL,2022-08-02-01,2022-06-14-13,-0.4852213050996164
AWAR,Activity,82,AVJL,2022-08-02-01,2022-06-14-13,-0.4494580647063303
SMDVL,Activity,82,AVJL,2022-08-02-01,2022-06-14-13,-0.28870775351467814
AVAL,Activity,82,AVJL,2022-08-02-01,2022-06-14-13,-0.5455072953548883
RMDL,Activity,82,AVJL,2022-08-02-01,2022-06-14-13,-0.6470397926830329
AIBR,Activity,82,AVJL,2022-08-02-01,2022-06-14-13,-0.4775932934912494
ASGR,Activity,82,AVJL,2022-08-02-01,2022-06-14-13,-0.4266660796457238
AVL,Activity,82,AVJL,2022-08-02-01,2022-06-14-13,-0.4778235390408553
AVEL,Activity,82,AVJL,2022-08-02-01,2022-06-14-13,-0.5193644274255789
ASGL,Activity,82,AVJL,2022-08-02-01,2022-06-14-13,-0.3871582872632599
ASHL,Activity,82,AVJL,2022-08-02-01,2022-06-14-13,-0.6257316518271226
AIBL,Activity,82,AVJL,2022-08-02-01,2022-06-14-13,-0.5024091760453395
AVHL,Activity,82,AVJL,2022-08-02-01,2022-06-14-13,0.7023543020503206
AWBL,Activity,82,AVJL,2022-08-02-01,2022-06-14-13,-0.57657841190327
RIVL,Activity,82,AVJL,2022-08-02-01,2022-06-14-13,-0.3289569402597885
AWCL,Activity,82,AVJL,2022-08-02-01,2022-06-14-13,0.5101515603175858
SMDDL,Activity,82,AVJL,2022-08-02-01,2022-06-14-13,-0.1900930087426617
AVJR,Activity,82,AVJL,2022-08-02-01,2022-06-14-13,0.4857795768126097
AIZL,Activity,82,AVJL,2022-08-02-01,2022-06-14-13,0.7367664289918662
RIBL,Activity,82,AVJL,2022-08-02-01,2022-06-14-13,0.3295068584859784
ASEL,Activity,82,AVJL,2022-08-02-01,2022-06-14-13,0.6611416869983265
AVDR,Activity,82,AVJL,2022-08-02-01,2022-06-14-13,0.6829861242736138
AVDL,Activity,82,AVJL,2022-08-02-01,2022-06-14-13,0.7100609527096249
AVJL,Activity,83,AVJL,2022-08-02-01,2022-06-14-13,-0.44692552946314235
RIVR,Activity,82,AVJL,2022-08-02-01,2022-06-14-13,-0.2095124891891363
AIZR,Activity,82,AVJL,2022-08-02-01,2022-06-14-13,-0.5908676333663276
AUAR,Activity,82,AVJL,2022-08-02-01,2022-06-14-13,-0.37686019985094854
AUAL,Activity,82,AVJL,2022-08-02-01,2022-06-14-13,0.5775800871855923
RICR,Activity,82,AVJL,2022-08-02-01,2022-06-14-13,0.7303762170974152
RICL,Activity,82,AVJL,2022-08-02-01,2022-06-14-13,0.5967223812173215
M5,Activity,82,AVJL,2022-08-02-01,2022-06-14-13,-0.046372704259150924
AIML,Activity,82,AVJL,2022-08-02-01,2022-06-14-13,0.2326371919527729
AIMR,Activity,82,AVJL,2022-08-02-01,2022-06-14-13,0.13185450567962187
FLPL,Activity,82,AVJL,2022-08-02-01,2022-06-14-13,0.5489061530895686
ADEL,Activity,82,AVJL,2022-08-02-01,2022-06-14-13,0.43872812863877103
VB02,Activity,82,AVJL,2022-08-02-01,2022-06-14-13,0.44306390863832623
ADAL,Activity,82,AVJL,2022-08-02-01,2022-06-14-13,-0.7238171432209445
I1R,Activity,82,RIVR,2022-08-02-01,2022-06-14-13,-0.4921336598569408
IL2DL,Activity,82,RIVR,2022-08-02-01,2022-06-14-13,-0.5791056427164872
I2R,Activity,82,RIVR,2022-08-02-01,2022-06-14-13,-0.08852319504566782
I3,Activity,82,RIVR,2022-08-02-01,2022-06-14-13,0.6115515073085857
NSMR,Activity,82,RIVR,2022-08-02-01,2022-06-14-13,-0.5644348478986702
I2L,Activity,82,RIVR,2022-08-02-01,2022-06-14-13,-0.6318535411359607
MCL,Activity,82,RIVR,2022-08-02-01,2022-06-14-13,-0.5355491371366633
NSML,Activity,82,RIVR,2022-08-02-01,2022-06-14-13,-0.5801369489487718
M4,Activity,82,RIVR,2022-08-02-01,2022-06-14-13,-0.544460458498207
M3R,Activity,82,RIVR,2022-08-02-01,2022-06-14-13,-0.008810539533378806
M3L,Activity,82,RIVR,2022-08-02-01,2022-06-14-13,-0.5425477842965462
IL2VL,Activity,82,RIVR,2022-08-02-01,2022-06-14-13,-0.582133852924725
IL1R,Activity,82,RIVR,2022-08-02-01,2022-06-14-13,0.002453513208651347
OLLL,Activity,82,RIVR,2022-08-02-01,2022-06-14-13,0.2756197393231527
IL2L,Activity,82,RIVR,2022-08-02-01,2022-06-14-13,-0.4947581072940064
URBR,Activity,82,RIVR,2022-08-02-01,2022-06-14-13,0.4409282697450692
OLLR,Activity,82,RIVR,2022-08-02-01,2022-06-14-13,0.35330525887498804
IL1DL,Activity,82,RIVR,2022-08-02-01,2022-06-14-13,0.33896969584142417
IL1DR,Activity,82,RIVR,2022-08-02-01,2022-06-14-13,0.30528912892929616
URYVR,Activity,82,RIVR,2022-08-02-01,2022-06-14-13,0.5719636981593619
IL2R,Activity,82,RIVR,2022-08-02-01,2022-06-14-13,0.4330593390803529
URYDL,Activity,82,RIVR,2022-08-02-01,2022-06-14-13,0.611411783394662
IL1L,Activity,82,RIVR,2022-08-02-01,2022-06-14-13,-0.2367062807493277
URBL,Activity,82,RIVR,2022-08-02-01,2022-06-14-13,-0.1562546680240099
OLQDR,Activity,82,RIVR,2022-08-02-01,2022-06-14-13,0.4429376218807445
OLQDL,Activity,82,RIVR,2022-08-02-01,2022-06-14-13,0.026446805133548346
RMER,Activity,82,RIVR,2022-08-02-01,2022-06-14-13,-0.5243484908193622
OLQVR,Activity,82,RIVR,2022-08-02-01,2022-06-14-13,0.45228944249291697
URYVL,Activity,82,RIVR,2022-08-02-01,2022-06-14-13,0.5939706511247943
RMED,Activity,82,RIVR,2022-08-02-01,2022-06-14-13,-0.5129634757949427
RMEL,Activity,82,RIVR,2022-08-02-01,2022-06-14-13,-0.3506694935266407
CEPVR,Activity,82,RIVR,2022-08-02-01,2022-06-14-13,0.3617714441562302
OLQVL,Activity,82,RIVR,2022-08-02-01,2022-06-14-13,0.28238446227613917
CEPVL,Activity,82,RIVR,2022-08-02-01,2022-06-14-13,0.10263124433187175
SAAVR,Activity,82,RIVR,2022-08-02-01,2022-06-14-13,0.36111789378779924
RID,Activity,82,RIVR,2022-08-02-01,2022-06-14-13,-0.6078784005014748
SMDVR,Activity,82,RIVR,2022-08-02-01,2022-06-14-13,0.043839836534507466
URXR,Activity,82,RIVR,2022-08-02-01,2022-06-14-13,-0.6131421005409421
RIAR,Activity,82,RIVR,2022-08-02-01,2022-06-14-13,0.1957205714012695
AVAR,Activity,82,RIVR,2022-08-02-01,2022-06-14-13,0.6122239286827454
SAAVL,Activity,82,RIVR,2022-08-02-01,2022-06-14-13,0.24204719908066366
CEPDR,Activity,82,RIVR,2022-08-02-01,2022-06-14-13,0.05506176286862168
URXL,Activity,82,RIVR,2022-08-02-01,2022-06-14-13,-0.4626255003898518
CEPDL,Activity,82,RIVR,2022-08-02-01,2022-06-14-13,-0.3479983041247698
SMDDR,Activity,82,RIVR,2022-08-02-01,2022-06-14-13,0.4220595375743435
RMEV,Activity,82,RIVR,2022-08-02-01,2022-06-14-13,-0.6315556373639679
RIAL,Activity,82,RIVR,2022-08-02-01,2022-06-14-13,-0.6234949017443516
AVER,Activity,82,RIVR,2022-08-02-01,2022-06-14-13,0.5592435624627365
AWAR,Activity,82,RIVR,2022-08-02-01,2022-06-14-13,0.5441166231003308
SMDVL,Activity,82,RIVR,2022-08-02-01,2022-06-14-13,0.4666253839638836
AVAL,Activity,82,RIVR,2022-08-02-01,2022-06-14-13,0.6135513621256202
RMDL,Activity,82,RIVR,2022-08-02-01,2022-06-14-13,0.5701307853158809
AIBR,Activity,82,RIVR,2022-08-02-01,2022-06-14-13,0.5798656835742976
ASGR,Activity,82,RIVR,2022-08-02-01,2022-06-14-13,0.4920693674519133
AVL,Activity,82,RIVR,2022-08-02-01,2022-06-14-13,0.5804243056697345
AVEL,Activity,82,RIVR,2022-08-02-01,2022-06-14-13,0.5929088426028406
ASGL,Activity,82,RIVR,2022-08-02-01,2022-06-14-13,0.4942192481948043
ASHL,Activity,82,RIVR,2022-08-02-01,2022-06-14-13,0.6240375878459952
AIBL,Activity,82,RIVR,2022-08-02-01,2022-06-14-13,0.6023819840958566
AVHL,Activity,82,RIVR,2022-08-02-01,2022-06-14-13,-0.5537094435271054
AWBL,Activity,82,RIVR,2022-08-02-01,2022-06-14-13,0.5789636576030674
RIVL,Activity,82,RIVR,2022-08-02-01,2022-06-14-13,0.4816734454254948
AWCL,Activity,82,RIVR,2022-08-02-01,2022-06-14-13,-0.5329899862369056
SMDDL,Activity,82,RIVR,2022-08-02-01,2022-06-14-13,0.005406802204773276
AVJR,Activity,82,RIVR,2022-08-02-01,2022-06-14-13,-0.4360174463578915
AIZL,Activity,82,RIVR,2022-08-02-01,2022-06-14-13,-0.5933958062070529
RIBL,Activity,82,RIVR,2022-08-02-01,2022-06-14-13,-0.40287251244560135
ASEL,Activity,82,RIVR,2022-08-02-01,2022-06-14-13,-0.668403569923357
AVDR,Activity,82,RIVR,2022-08-02-01,2022-06-14-13,-0.5255010534448171
AVDL,Activity,82,RIVR,2022-08-02-01,2022-06-14-13,-0.5959754391426446
AVJL,Activity,82,RIVR,2022-08-02-01,2022-06-14-13,0.21609052422314715
RIVR,Activity,83,RIVR,2022-08-02-01,2022-06-14-13,0.4702066543272482
AIZR,Activity,82,RIVR,2022-08-02-01,2022-06-14-13,0.4055325491432088
AUAR,Activity,82,RIVR,2022-08-02-01,2022-06-14-13,0.11117512502291542
AUAL,Activity,82,RIVR,2022-08-02-01,2022-06-14-13,-0.586424615468942
RICR,Activity,82,RIVR,2022-08-02-01,2022-06-14-13,-0.6439759196677817
RICL,Activity,82,RIVR,2022-08-02-01,2022-06-14-13,-0.6054378455613882
M5,Activity,82,RIVR,2022-08-02-01,2022-06-14-13,-0.09867817040132887
AIML,Activity,82,RIVR,2022-08-02-01,2022-06-14-13,-0.43081061813896654
AIMR,Activity,82,RIVR,2022-08-02-01,2022-06-14-13,-0.3806622474015828
FLPL,Activity,82,RIVR,2022-08-02-01,2022-06-14-13,-0.5933128953613912
ADEL,Activity,82,RIVR,2022-08-02-01,2022-06-14-13,-0.5120818835890735
VB02,Activity,82,RIVR,2022-08-02-01,2022-06-14-13,-0.5044916473556524
ADAL,Activity,82,RIVR,2022-08-02-01,2022-06-14-13,0.6284746486212694
I1R,Activity,82,AIZR,2022-08-02-01,2022-06-14-13,-0.2868521372124816
IL2DL,Activity,82,AIZR,2022-08-02-01,2022-06-14-13,-0.3737550112668791
I2R,Activity,82,AIZR,2022-08-02-01,2022-06-14-13,-0.04751468280923115
I3,Activity,82,AIZR,2022-08-02-01,2022-06-14-13,0.3324770031048272
NSMR,Activity,82,AIZR,2022-08-02-01,2022-06-14-13,-0.3444790542641278
I2L,Activity,82,AIZR,2022-08-02-01,2022-06-14-13,-0.4771326790657482
MCL,Activity,82,AIZR,2022-08-02-01,2022-06-14-13,-0.33073357966034395
NSML,Activity,82,AIZR,2022-08-02-01,2022-06-14-13,-0.34907862471226636
M4,Activity,82,AIZR,2022-08-02-01,2022-06-14-13,-0.4776292626065952
M3R,Activity,82,AIZR,2022-08-02-01,2022-06-14-13,-0.28917689580116324
M3L,Activity,82,AIZR,2022-08-02-01,2022-06-14-13,-0.5042889918980319
IL2VL,Activity,82,AIZR,2022-08-02-01,2022-06-14-13,-0.4946782357341503
IL1R,Activity,82,AIZR,2022-08-02-01,2022-06-14-13,0.08404222309778496
OLLL,Activity,82,AIZR,2022-08-02-01,2022-06-14-13,-0.2543570229134974
IL2L,Activity,82,AIZR,2022-08-02-01,2022-06-14-13,-0.5548551434187652
URBR,Activity,82,AIZR,2022-08-02-01,2022-06-14-13,-0.05309485744270093
OLLR,Activity,82,AIZR,2022-08-02-01,2022-06-14-13,-0.1689851493164383
IL1DL,Activity,82,AIZR,2022-08-02-01,2022-06-14-13,-0.248990636354177
IL1DR,Activity,82,AIZR,2022-08-02-01,2022-06-14-13,0.058018709199406
URYVR,Activity,82,AIZR,2022-08-02-01,2022-06-14-13,0.4429291906337433
IL2R,Activity,82,AIZR,2022-08-02-01,2022-06-14-13,-0.007368639267028698
URYDL,Activity,82,AIZR,2022-08-02-01,2022-06-14-13,0.46999878850585913
IL1L,Activity,82,AIZR,2022-08-02-01,2022-06-14-13,-0.6032389370061992
URBL,Activity,82,AIZR,2022-08-02-01,2022-06-14-13,-0.5299474008048094
OLQDR,Activity,82,AIZR,2022-08-02-01,2022-06-14-13,-0.04313403635268732
OLQDL,Activity,82,AIZR,2022-08-02-01,2022-06-14-13,-0.4805701296448492
RMER,Activity,82,AIZR,2022-08-02-01,2022-06-14-13,-0.44789902791694186
OLQVR,Activity,82,AIZR,2022-08-02-01,2022-06-14-13,-0.019250049002686752
URYVL,Activity,82,AIZR,2022-08-02-01,2022-06-14-13,0.2716370624663049
RMED,Activity,82,AIZR,2022-08-02-01,2022-06-14-13,-0.5394092867406844
RMEL,Activity,82,AIZR,2022-08-02-01,2022-06-14-13,-0.545484669579922
CEPVR,Activity,82,AIZR,2022-08-02-01,2022-06-14-13,-0.14280206479359042
OLQVL,Activity,82,AIZR,2022-08-02-01,2022-06-14-13,-0.2624935265108794
CEPVL,Activity,82,AIZR,2022-08-02-01,2022-06-14-13,-0.38983773164640023
SAAVR,Activity,82,AIZR,2022-08-02-01,2022-06-14-13,0.4592823663616062
RID,Activity,82,AIZR,2022-08-02-01,2022-06-14-13,-0.4172509836044544
SMDVR,Activity,82,AIZR,2022-08-02-01,2022-06-14-13,-0.04964432864163949
URXR,Activity,82,AIZR,2022-08-02-01,2022-06-14-13,-0.366457206024632
RIAR,Activity,82,AIZR,2022-08-02-01,2022-06-14-13,-0.02977383750480415
AVAR,Activity,82,AIZR,2022-08-02-01,2022-06-14-13,0.549908649188319
SAAVL,Activity,82,AIZR,2022-08-02-01,2022-06-14-13,0.3265774255728191
CEPDR,Activity,82,AIZR,2022-08-02-01,2022-06-14-13,-0.4407391222509137
URXL,Activity,82,AIZR,2022-08-02-01,2022-06-14-13,-0.38953749807849414
CEPDL,Activity,82,AIZR,2022-08-02-01,2022-06-14-13,-0.6502306454880383
SMDDR,Activity,82,AIZR,2022-08-02-01,2022-06-14-13,-0.11223814802719739
RMEV,Activity,82,AIZR,2022-08-02-01,2022-06-14-13,-0.4994288838852361
RIAL,Activity,82,AIZR,2022-08-02-01,2022-06-14-13,-0.23416552680173583
AVER,Activity,82,AIZR,2022-08-02-01,2022-06-14-13,0.5080920369482368
AWAR,Activity,82,AIZR,2022-08-02-01,2022-06-14-13,0.6669420354389716
SMDVL,Activity,82,AIZR,2022-08-02-01,2022-06-14-13,0.2255399230808899
AVAL,Activity,82,AIZR,2022-08-02-01,2022-06-14-13,0.5423271554230356
RMDL,Activity,82,AIZR,2022-08-02-01,2022-06-14-13,0.29234509888424987
AIBR,Activity,82,AIZR,2022-08-02-01,2022-06-14-13,0.5267011364803779
ASGR,Activity,82,AIZR,2022-08-02-01,2022-06-14-13,0.4969318560855994
AVL,Activity,82,AIZR,2022-08-02-01,2022-06-14-13,0.5460216511639234
AVEL,Activity,82,AIZR,2022-08-02-01,2022-06-14-13,0.5358658975716305
ASGL,Activity,82,AIZR,2022-08-02-01,2022-06-14-13,0.5351927323724914
ASHL,Activity,82,AIZR,2022-08-02-01,2022-06-14-13,0.5738450172267285
AIBL,Activity,82,AIZR,2022-08-02-01,2022-06-14-13,0.5289520068358003
AVHL,Activity,82,AIZR,2022-08-02-01,2022-06-14-13,-0.3176008122985669
AWBL,Activity,82,AIZR,2022-08-02-01,2022-06-14-13,0.2654295568915625
RIVL,Activity,82,AIZR,2022-08-02-01,2022-06-14-13,0.03844476879789692
AWCL,Activity,82,AIZR,2022-08-02-01,2022-06-14-13,0.022913071557460987
SMDDL,Activity,82,AIZR,2022-08-02-01,2022-06-14-13,-0.015638361555642587
AVJR,Activity,82,AIZR,2022-08-02-01,2022-06-14-13,-0.13801349953470926
AIZL,Activity,82,AIZR,2022-08-02-01,2022-06-14-13,-0.4163316607487229
RIBL,Activity,82,AIZR,2022-08-02-01,2022-06-14-13,-0.44442301786740196
ASEL,Activity,82,AIZR,2022-08-02-01,2022-06-14-13,-0.57736154557127
AVDR,Activity,82,AIZR,2022-08-02-01,2022-06-14-13,-0.22391553724990304
AVDL,Activity,82,AIZR,2022-08-02-01,2022-06-14-13,-0.39191981675843385
AVJL,Activity,82,AIZR,2022-08-02-01,2022-06-14-13,0.34976094947031855
RIVR,Activity,82,AIZR,2022-08-02-01,2022-06-14-13,-0.02723082187095017
AIZR,Activity,83,AIZR,2022-08-02-01,2022-06-14-13,0.5022091984330656
AUAR,Activity,82,AIZR,2022-08-02-01,2022-06-14-13,-0.27910212303183196
AUAL,Activity,82,AIZR,2022-08-02-01,2022-06-14-13,-0.2959531042233384
RICR,Activity,82,AIZR,2022-08-02-01,2022-06-14-13,-0.3405674380076928
RICL,Activity,82,AIZR,2022-08-02-01,2022-06-14-13,-0.18033764220245513
M5,Activity,82,AIZR,2022-08-02-01,2022-06-14-13,-0.2373358234877793
AIML,Activity,82,AIZR,2022-08-02-01,2022-06-14-13,-0.4007863171995662
AIMR,Activity,82,AIZR,2022-08-02-01,2022-06-14-13,-0.2538296399050699
FLPL,Activity,82,AIZR,2022-08-02-01,2022-06-14-13,-0.5419031882150033
ADEL,Activity,82,AIZR,2022-08-02-01,2022-06-14-13,-0.46224975839139715
VB02,Activity,82,AIZR,2022-08-02-01,2022-06-14-13,-0.5799449664155159
ADAL,Activity,82,AIZR,2022-08-02-01,2022-06-14-13,0.47056587896217217
I1R,Activity,82,AUAR,2022-08-02-01,2022-06-14-13,-0.31121078762375304
IL2DL,Activity,82,AUAR,2022-08-02-01,2022-06-14-13,-0.14684575654644863
I2R,Activity,82,AUAR,2022-08-02-01,2022-06-14-13,0.046454171425430235
I3,Activity,82,AUAR,2022-08-02-01,2022-06-14-13,0.06383909563122214
NSMR,Activity,82,AUAR,2022-08-02-01,2022-06-14-13,-0.1790222854644477
I2L,Activity,82,AUAR,2022-08-02-01,2022-06-14-13,0.13286435104058278
MCL,Activity,82,AUAR,2022-08-02-01,2022-06-14-13,-0.22168778355975138
NSML,Activity,82,AUAR,2022-08-02-01,2022-06-14-13,-0.10627394555602795
M4,Activity,82,AUAR,2022-08-02-01,2022-06-14-13,0.15701231313508215
M3R,Activity,82,AUAR,2022-08-02-01,2022-06-14-13,-0.25334115979179356
M3L,Activity,82,AUAR,2022-08-02-01,2022-06-14-13,-0.09693789509040257
IL2VL,Activity,82,AUAR,2022-08-02-01,2022-06-14-13,-0.09542466113728822
IL1R,Activity,82,AUAR,2022-08-02-01,2022-06-14-13,0.2979462403519212
OLLL,Activity,82,AUAR,2022-08-02-01,2022-06-14-13,0.3410497019189755
IL2L,Activity,82,AUAR,2022-08-02-01,2022-06-14-13,0.15671038937284568
URBR,Activity,82,AUAR,2022-08-02-01,2022-06-14-13,0.25207013975212444
OLLR,Activity,82,AUAR,2022-08-02-01,2022-06-14-13,0.29874863828752296
IL1DL,Activity,82,AUAR,2022-08-02-01,2022-06-14-13,0.46283719062323464
IL1DR,Activity,82,AUAR,2022-08-02-01,2022-06-14-13,0.30225651715530105
URYVR,Activity,82,AUAR,2022-08-02-01,2022-06-14-13,-0.25165933098851573
IL2R,Activity,82,AUAR,2022-08-02-01,2022-06-14-13,0.13863007389258855
URYDL,Activity,82,AUAR,2022-08-02-01,2022-06-14-13,-0.30795772904716506
IL1L,Activity,82,AUAR,2022-08-02-01,2022-06-14-13,0.49349076493010285
URBL,Activity,82,AUAR,2022-08-02-01,2022-06-14-13,0.5849607283445372
OLQDR,Activity,82,AUAR,2022-08-02-01,2022-06-14-13,0.23059213871998877
OLQDL,Activity,82,AUAR,2022-08-02-01,2022-06-14-13,0.6524191726315698
RMER,Activity,82,AUAR,2022-08-02-01,2022-06-14-13,0.44276582247127
OLQVR,Activity,82,AUAR,2022-08-02-01,2022-06-14-13,0.1627829884755805
URYVL,Activity,82,AUAR,2022-08-02-01,2022-06-14-13,0.00523467910339998
RMED,Activity,82,AUAR,2022-08-02-01,2022-06-14-13,0.5837828229746546
RMEL,Activity,82,AUAR,2022-08-02-01,2022-06-14-13,0.3768532278283465
CEPVR,Activity,82,AUAR,2022-08-02-01,2022-06-14-13,0.207513883896952
OLQVL,Activity,82,AUAR,2022-08-02-01,2022-06-14-13,0.48424883796813045
CEPVL,Activity,82,AUAR,2022-08-02-01,2022-06-14-13,0.29398772761431197
SAAVR,Activity,82,AUAR,2022-08-02-01,2022-06-14-13,-0.7062037230013418
RID,Activity,82,AUAR,2022-08-02-01,2022-06-14-13,0.3480080124841853
SMDVR,Activity,82,AUAR,2022-08-02-01,2022-06-14-13,0.31735945508215113
URXR,Activity,82,AUAR,2022-08-02-01,2022-06-14-13,0.10973495240961496
RIAR,Activity,82,AUAR,2022-08-02-01,2022-06-14-13,0.5002111511304683
AVAR,Activity,82,AUAR,2022-08-02-01,2022-06-14-13,-0.4421816919039138
SAAVL,Activity,82,AUAR,2022-08-02-01,2022-06-14-13,-0.6807521378442407
CEPDR,Activity,82,AUAR,2022-08-02-01,2022-06-14-13,0.4638960278196094
URXL,Activity,82,AUAR,2022-08-02-01,2022-06-14-13,0.1740846276724923
CEPDL,Activity,82,AUAR,2022-08-02-01,2022-06-14-13,0.5299161955139882
SMDDR,Activity,82,AUAR,2022-08-02-01,2022-06-14-13,0.27532370763483455
RMEV,Activity,82,AUAR,2022-08-02-01,2022-06-14-13,0.4031135398604659
RIAL,Activity,82,AUAR,2022-08-02-01,2022-06-14-13,-0.0767213522990698
AVER,Activity,82,AUAR,2022-08-02-01,2022-06-14-13,-0.4926579263525867
AWAR,Activity,82,AUAR,2022-08-02-01,2022-06-14-13,-0.3942405538812958
SMDVL,Activity,82,AUAR,2022-08-02-01,2022-06-14-13,0.1930591607636764
AVAL,Activity,82,AUAR,2022-08-02-01,2022-06-14-13,-0.4140041358078906
RMDL,Activity,82,AUAR,2022-08-02-01,2022-06-14-13,-0.14917247846678355
AIBR,Activity,82,AUAR,2022-08-02-01,2022-06-14-13,-0.5124448136016729
ASGR,Activity,82,AUAR,2022-08-02-01,2022-06-14-13,-0.47152886433722696
AVL,Activity,82,AUAR,2022-08-02-01,2022-06-14-13,-0.5127732307716181
AVEL,Activity,82,AUAR,2022-08-02-01,2022-06-14-13,-0.4720818859379371
ASGL,Activity,82,AUAR,2022-08-02-01,2022-06-14-13,-0.5559958463312316
ASHL,Activity,82,AUAR,2022-08-02-01,2022-06-14-13,-0.25224213014086566
AIBL,Activity,82,AUAR,2022-08-02-01,2022-06-14-13,-0.481361799902716
AVHL,Activity,82,AUAR,2022-08-02-01,2022-06-14-13,-0.02699559080406799
AWBL,Activity,82,AUAR,2022-08-02-01,2022-06-14-13,0.05887531362832827
RIVL,Activity,82,AUAR,2022-08-02-01,2022-06-14-13,0.2536197450301789
AWCL,Activity,82,AUAR,2022-08-02-01,2022-06-14-13,-0.1809541061875723
SMDDL,Activity,82,AUAR,2022-08-02-01,2022-06-14-13,-0.15494805001384915
AVJR,Activity,82,AUAR,2022-08-02-01,2022-06-14-13,0.07577160632133814
AIZL,Activity,82,AUAR,2022-08-02-01,2022-06-14-13,0.05638923947108031
RIBL,Activity,82,AUAR,2022-08-02-01,2022-06-14-13,0.6177182420044751
ASEL,Activity,82,AUAR,2022-08-02-01,2022-06-14-13,0.29858481639438456
AVDR,Activity,82,AUAR,2022-08-02-01,2022-06-14-13,-0.21355570887884576
AVDL,Activity,82,AUAR,2022-08-02-01,2022-06-14-13,-0.04898495545835797
AVJL,Activity,82,AUAR,2022-08-02-01,2022-06-14-13,0.15294835088525566
RIVR,Activity,82,AUAR,2022-08-02-01,2022-06-14-13,0.31909571858960817
AIZR,Activity,82,AUAR,2022-08-02-01,2022-06-14-13,-0.1208208077616762
AUAR,Activity,83,AUAR,2022-08-02-01,2022-06-14-13,0.37434057267167364
AUAL,Activity,82,AUAR,2022-08-02-01,2022-06-14-13,0.24119310245233266
RICR,Activity,82,AUAR,2022-08-02-01,2022-06-14-13,-0.031270614241194955
RICL,Activity,82,AUAR,2022-08-02-01,2022-06-14-13,0.07513528489960226
M5,Activity,82,AUAR,2022-08-02-01,2022-06-14-13,0.4347017016937108
AIML,Activity,82,AUAR,2022-08-02-01,2022-06-14-13,0.5170083382170041
AIMR,Activity,82,AUAR,2022-08-02-01,2022-06-14-13,0.44040070990282437
FLPL,Activity,82,AUAR,2022-08-02-01,2022-06-14-13,0.2586074485461111
ADEL,Activity,82,AUAR,2022-08-02-01,2022-06-14-13,0.19837820705758355
VB02,Activity,82,AUAR,2022-08-02-01,2022-06-14-13,0.5433625094222805
ADAL,Activity,82,AUAR,2022-08-02-01,2022-06-14-13,-0.03526407413729719
I1R,Activity,82,AUAL,2022-08-02-01,2022-06-14-13,-0.5059714381084807
IL2DL,Activity,82,AUAL,2022-08-02-01,2022-06-14-13,-0.38962049545520694
I2R,Activity,82,AUAL,2022-08-02-01,2022-06-14-13,0.005165185924847236
I3,Activity,82,AUAL,2022-08-02-01,2022-06-14-13,0.2903795222852705
NSMR,Activity,82,AUAL,2022-08-02-01,2022-06-14-13,-0.3893740183406676
I2L,Activity,82,AUAL,2022-08-02-01,2022-06-14-13,-0.14459459136018474
MCL,Activity,82,AUAL,2022-08-02-01,2022-06-14-13,-0.426772343646807
NSML,Activity,82,AUAL,2022-08-02-01,2022-06-14-13,-0.34081131685529265
M4,Activity,82,AUAL,2022-08-02-01,2022-06-14-13,-0.14440047462731703
M3R,Activity,82,AUAL,2022-08-02-01,2022-06-14-13,-0.3668479230478291
M3L,Activity,82,AUAL,2022-08-02-01,2022-06-14-13,-0.38399704636195275
IL2VL,Activity,82,AUAL,2022-08-02-01,2022-06-14-13,-0.3729204936791591
IL1R,Activity,82,AUAL,2022-08-02-01,2022-06-14-13,0.3519263342961708
OLLL,Activity,82,AUAL,2022-08-02-01,2022-06-14-13,0.28510444430905796
IL2L,Activity,82,AUAL,2022-08-02-01,2022-06-14-13,-0.17870576043250083
URBR,Activity,82,AUAL,2022-08-02-01,2022-06-14-13,0.3154395712317296
OLLR,Activity,82,AUAL,2022-08-02-01,2022-06-14-13,0.2926446662865382
IL1DL,Activity,82,AUAL,2022-08-02-01,2022-06-14-13,0.41287031936539487
IL1DR,Activity,82,AUAL,2022-08-02-01,2022-06-14-13,0.3926357950749475
URYVR,Activity,82,AUAL,2022-08-02-01,2022-06-14-13,0.01587730010556097
IL2R,Activity,82,AUAL,2022-08-02-01,2022-06-14-13,0.22189480528027128
URYDL,Activity,82,AUAL,2022-08-02-01,2022-06-14-13,-0.019903851669527427
IL1L,Activity,82,AUAL,2022-08-02-01,2022-06-14-13,0.24753097780362074
URBL,Activity,82,AUAL,2022-08-02-01,2022-06-14-13,0.3480769315144346
OLQDR,Activity,82,AUAL,2022-08-02-01,2022-06-14-13,0.28149666247554717
OLQDL,Activity,82,AUAL,2022-08-02-01,2022-06-14-13,0.4548829437661603
RMER,Activity,82,AUAL,2022-08-02-01,2022-06-14-13,0.22096660719514805
OLQVR,Activity,82,AUAL,2022-08-02-01,2022-06-14-13,0.21784746696620796
URYVL,Activity,82,AUAL,2022-08-02-01,2022-06-14-13,0.2196065817726546
RMED,Activity,82,AUAL,2022-08-02-01,2022-06-14-13,0.3022759081043327
RMEL,Activity,82,AUAL,2022-08-02-01,2022-06-14-13,0.09685031951891972
CEPVR,Activity,82,AUAL,2022-08-02-01,2022-06-14-13,0.17966106371829602
OLQVL,Activity,82,AUAL,2022-08-02-01,2022-06-14-13,0.4087387411713759
CEPVL,Activity,82,AUAL,2022-08-02-01,2022-06-14-13,0.17690457373584192
SAAVR,Activity,82,AUAL,2022-08-02-01,2022-06-14-13,-0.5164749064484538
RID,Activity,82,AUAL,2022-08-02-01,2022-06-14-13,0.087856908797715
SMDVR,Activity,82,AUAL,2022-08-02-01,2022-06-14-13,0.22929277217036886
URXR,Activity,82,AUAL,2022-08-02-01,2022-06-14-13,-0.16110289742207873
RIAR,Activity,82,AUAL,2022-08-02-01,2022-06-14-13,0.5390458373205648
AVAR,Activity,82,AUAL,2022-08-02-01,2022-06-14-13,-0.1493155718838174
SAAVL,Activity,82,AUAL,2022-08-02-01,2022-06-14-13,-0.5529445956785096
CEPDR,Activity,82,AUAL,2022-08-02-01,2022-06-14-13,0.2751292546444217
URXL,Activity,82,AUAL,2022-08-02-01,2022-06-14-13,-0.07734059373002544
CEPDL,Activity,82,AUAL,2022-08-02-01,2022-06-14-13,0.2326596945690179
SMDDR,Activity,82,AUAL,2022-08-02-01,2022-06-14-13,0.26065226315598383
RMEV,Activity,82,AUAL,2022-08-02-01,2022-06-14-13,0.1475703867099449
RIAL,Activity,82,AUAL,2022-08-02-01,2022-06-14-13,-0.21216817101417407
AVER,Activity,82,AUAL,2022-08-02-01,2022-06-14-13,-0.21190723825461802
AWAR,Activity,82,AUAL,2022-08-02-01,2022-06-14-13,-0.09121532847597177
SMDVL,Activity,82,AUAL,2022-08-02-01,2022-06-14-13,0.2649202557114261
AVAL,Activity,82,AUAL,2022-08-02-01,2022-06-14-13,-0.1263548599678669
RMDL,Activity,82,AUAL,2022-08-02-01,2022-06-14-13,0.07998439851668404
AIBR,Activity,82,AUAL,2022-08-02-01,2022-06-14-13,-0.23195748939798522
ASGR,Activity,82,AUAL,2022-08-02-01,2022-06-14-13,-0.23666448015394395
AVL,Activity,82,AUAL,2022-08-02-01,2022-06-14-13,-0.22016993026114656
AVEL,Activity,82,AUAL,2022-08-02-01,2022-06-14-13,-0.1783629031730119
ASGL,Activity,82,AUAL,2022-08-02-01,2022-06-14-13,-0.3113865950506516
ASHL,Activity,82,AUAL,2022-08-02-01,2022-06-14-13,0.046208750838991515
AIBL,Activity,82,AUAL,2022-08-02-01,2022-06-14-13,-0.19506238226019793
AVHL,Activity,82,AUAL,2022-08-02-01,2022-06-14-13,-0.25903638791057165
AWBL,Activity,82,AUAL,2022-08-02-01,2022-06-14-13,0.2356356391497005
RIVL,Activity,82,AUAL,2022-08-02-01,2022-06-14-13,0.24088888001942488
AWCL,Activity,82,AUAL,2022-08-02-01,2022-06-14-13,-0.23910255479432474
SMDDL,Activity,82,AUAL,2022-08-02-01,2022-06-14-13,-0.07145418250723652
AVJR,Activity,82,AUAL,2022-08-02-01,2022-06-14-13,-0.04237137260566972
AIZL,Activity,82,AUAL,2022-08-02-01,2022-06-14-13,-0.22452620361870354
RIBL,Activity,82,AUAL,2022-08-02-01,2022-06-14-13,0.3598359342987626
ASEL,Activity,82,AUAL,2022-08-02-01,2022-06-14-13,-0.027611035475240308
AVDR,Activity,82,AUAL,2022-08-02-01,2022-06-14-13,-0.4174868174872201
AVDL,Activity,82,AUAL,2022-08-02-01,2022-06-14-13,-0.30016879768313076
AVJL,Activity,82,AUAL,2022-08-02-01,2022-06-14-13,0.4064467679503362
RIVR,Activity,82,AUAL,2022-08-02-01,2022-06-14-13,0.24448505583940866
AIZR,Activity,82,AUAL,2022-08-02-01,2022-06-14-13,0.12472646187766771
AUAR,Activity,82,AUAL,2022-08-02-01,2022-06-14-13,0.30258663556470955
AUAL,Activity,83,AUAL,2022-08-02-01,2022-06-14-13,0.08838887215734498
RICR,Activity,82,AUAL,2022-08-02-01,2022-06-14-13,-0.2592835831811723
RICL,Activity,82,AUAL,2022-08-02-01,2022-06-14-13,-0.0829706127673079
M5,Activity,82,AUAL,2022-08-02-01,2022-06-14-13,0.2962324615270723
AIML,Activity,82,AUAL,2022-08-02-01,2022-06-14-13,0.3552627737766114
AIMR,Activity,82,AUAL,2022-08-02-01,2022-06-14-13,0.29495032557262246
FLPL,Activity,82,AUAL,2022-08-02-01,2022-06-14-13,-0.016578513456775357
ADEL,Activity,82,AUAL,2022-08-02-01,2022-06-14-13,0.031406393802794454
VB02,Activity,82,AUAL,2022-08-02-01,2022-06-14-13,0.2496885864911778
ADAL,Activity,82,AUAL,2022-08-02-01,2022-06-14-13,0.23761875498231405
I1R,Activity,82,RICR,2022-08-02-01,2022-06-14-13,0.604493246976972
IL2DL,Activity,82,RICR,2022-08-02-01,2022-06-14-13,0.600651804967291
I2R,Activity,82,RICR,2022-08-02-01,2022-06-14-13,-0.11041293043186454
I3,Activity,82,RICR,2022-08-02-01,2022-06-14-13,-0.6499694953516527
NSMR,Activity,82,RICR,2022-08-02-01,2022-06-14-13,0.6165580783471764
I2L,Activity,82,RICR,2022-08-02-01,2022-06-14-13,0.4117398541772828
MCL,Activity,82,RICR,2022-08-02-01,2022-06-14-13,0.5837250659211867
NSML,Activity,82,RICR,2022-08-02-01,2022-06-14-13,0.6125004019381591
M4,Activity,82,RICR,2022-08-02-01,2022-06-14-13,0.33287548568256276
M3R,Activity,82,RICR,2022-08-02-01,2022-06-14-13,-0.050674842284550936
M3L,Activity,82,RICR,2022-08-02-01,2022-06-14-13,0.4195122947630116
IL2VL,Activity,82,RICR,2022-08-02-01,2022-06-14-13,0.5053629101089963
IL1R,Activity,82,RICR,2022-08-02-01,2022-06-14-13,-0.12330299925266039
OLLL,Activity,82,RICR,2022-08-02-01,2022-06-14-13,-0.5752548146560158
IL2L,Activity,82,RICR,2022-08-02-01,2022-06-14-13,0.3733626467996425
URBR,Activity,82,RICR,2022-08-02-01,2022-06-14-13,-0.644427048400536
OLLR,Activity,82,RICR,2022-08-02-01,2022-06-14-13,-0.6285046012801464
IL1DL,Activity,82,RICR,2022-08-02-01,2022-06-14-13,-0.6557088677654727
IL1DR,Activity,82,RICR,2022-08-02-01,2022-06-14-13,-0.5340722670725174
URYVR,Activity,82,RICR,2022-08-02-01,2022-06-14-13,-0.4666744375434671
IL2R,Activity,82,RICR,2022-08-02-01,2022-06-14-13,-0.6266866664589082
URYDL,Activity,82,RICR,2022-08-02-01,2022-06-14-13,-0.47487397168605827
IL1L,Activity,82,RICR,2022-08-02-01,2022-06-14-13,-0.06369826416749484
URBL,Activity,82,RICR,2022-08-02-01,2022-06-14-13,-0.1878804384366019
OLQDR,Activity,82,RICR,2022-08-02-01,2022-06-14-13,-0.6480486768042527
OLQDL,Activity,82,RICR,2022-08-02-01,2022-06-14-13,-0.4201063756187204
RMER,Activity,82,RICR,2022-08-02-01,2022-06-14-13,0.17349891448942653
OLQVR,Activity,82,RICR,2022-08-02-01,2022-06-14-13,-0.6224545179296248
URYVL,Activity,82,RICR,2022-08-02-01,2022-06-14-13,-0.6385087683451036
RMED,Activity,82,RICR,2022-08-02-01,2022-06-14-13,0.198984478495005
RMEL,Activity,82,RICR,2022-08-02-01,2022-06-14-13,0.1317465876498538
CEPVR,Activity,82,RICR,2022-08-02-01,2022-06-14-13,-0.5819602824887475
OLQVL,Activity,82,RICR,2022-08-02-01,2022-06-14-13,-0.6029744234313699
CEPVL,Activity,82,RICR,2022-08-02-01,2022-06-14-13,-0.4101795096982712
SAAVR,Activity,82,RICR,2022-08-02-01,2022-06-14-13,0.10720055451701477
RID,Activity,82,RICR,2022-08-02-01,2022-06-14-13,0.4442803103933716
SMDVR,Activity,82,RICR,2022-08-02-01,2022-06-14-13,-0.008356086386917873
URXR,Activity,82,RICR,2022-08-02-01,2022-06-14-13,0.5785652575773296
RIAR,Activity,82,RICR,2022-08-02-01,2022-06-14-13,-0.3575342118864503
AVAR,Activity,82,RICR,2022-08-02-01,2022-06-14-13,-0.33249256552716644
SAAVL,Activity,82,RICR,2022-08-02-01,2022-06-14-13,0.21059143599206975
CEPDR,Activity,82,RICR,2022-08-02-01,2022-06-14-13,-0.3920732247667446
URXL,Activity,82,RICR,2022-08-02-01,2022-06-14-13,0.4209532239007779
CEPDL,Activity,82,RICR,2022-08-02-01,2022-06-14-13,-0.02762491153481805
SMDDR,Activity,82,RICR,2022-08-02-01,2022-06-14-13,-0.5310786880833451
RMEV,Activity,82,RICR,2022-08-02-01,2022-06-14-13,0.3831216420543575
RIAL,Activity,82,RICR,2022-08-02-01,2022-06-14-13,0.624061715360992
AVER,Activity,82,RICR,2022-08-02-01,2022-06-14-13,-0.2879901683322779
AWAR,Activity,82,RICR,2022-08-02-01,2022-06-14-13,-0.16436351746446157
SMDVL,Activity,82,RICR,2022-08-02-01,2022-06-14-13,-0.30226418289193874
AVAL,Activity,82,RICR,2022-08-02-01,2022-06-14-13,-0.35545532403327723
RMDL,Activity,82,RICR,2022-08-02-01,2022-06-14-13,-0.57188201208007
AIBR,Activity,82,RICR,2022-08-02-01,2022-06-14-13,-0.27602591613091215
ASGR,Activity,82,RICR,2022-08-02-01,2022-06-14-13,-0.25200828132707737
AVL,Activity,82,RICR,2022-08-02-01,2022-06-14-13,-0.2643401033573944
AVEL,Activity,82,RICR,2022-08-02-01,2022-06-14-13,-0.2975136407068738
ASGL,Activity,82,RICR,2022-08-02-01,2022-06-14-13,-0.1730774688225824
ASHL,Activity,82,RICR,2022-08-02-01,2022-06-14-13,-0.397898965986942
AIBL,Activity,82,RICR,2022-08-02-01,2022-06-14-13,-0.29665507536730873
AVHL,Activity,82,RICR,2022-08-02-01,2022-06-14-13,0.5786693469671127
AWBL,Activity,82,RICR,2022-08-02-01,2022-06-14-13,-0.5235066565985443
RIVL,Activity,82,RICR,2022-08-02-01,2022-06-14-13,-0.4710777716841923
AWCL,Activity,82,RICR,2022-08-02-01,2022-06-14-13,0.6676486779599298
SMDDL,Activity,82,RICR,2022-08-02-01,2022-06-14-13,-0.16016707912055747
AVJR,Activity,82,RICR,2022-08-02-01,2022-06-14-13,0.4756941341259466
AIZL,Activity,82,RICR,2022-08-02-01,2022-06-14-13,0.6055011506500448
RIBL,Activity,82,RICR,2022-08-02-01,2022-06-14-13,0.11120549603950755
ASEL,Activity,82,RICR,2022-08-02-01,2022-06-14-13,0.41724078648135576
AVDR,Activity,82,RICR,2022-08-02-01,2022-06-14-13,0.6529878974302967
AVDL,Activity,82,RICR,2022-08-02-01,2022-06-14-13,0.5963446229740789
AVJL,Activity,82,RICR,2022-08-02-01,2022-06-14-13,-0.17527082686357698
RIVR,Activity,82,RICR,2022-08-02-01,2022-06-14-13,-0.39291207558906344
AIZR,Activity,82,RICR,2022-08-02-01,2022-06-14-13,-0.18429469174343832
AUAR,Activity,82,RICR,2022-08-02-01,2022-06-14-13,-0.5361146643446906
AUAL,Activity,82,RICR,2022-08-02-01,2022-06-14-13,0.5169973633587289
RICR,Activity,83,RICR,2022-08-02-01,2022-06-14-13,0.7068094109495943
RICL,Activity,82,RICR,2022-08-02-01,2022-06-14-13,0.6264952623579306
M5,Activity,82,RICR,2022-08-02-01,2022-06-14-13,-0.22630886338418782
AIML,Activity,82,RICR,2022-08-02-01,2022-06-14-13,0.08092074475698555
AIMR,Activity,82,RICR,2022-08-02-01,2022-06-14-13,0.04265412687213062
FLPL,Activity,82,RICR,2022-08-02-01,2022-06-14-13,0.30960086074307774
ADEL,Activity,82,RICR,2022-08-02-01,2022-06-14-13,0.34744467417401687
VB02,Activity,82,RICR,2022-08-02-01,2022-06-14-13,0.15397510214579982
ADAL,Activity,82,RICR,2022-08-02-01,2022-06-14-13,-0.5568591864892098
I1R,Activity,82,RICL,2022-08-02-01,2022-06-14-13,0.7178067591122504
IL2DL,Activity,82,RICL,2022-08-02-01,2022-06-14-13,0.7549092793309703
I2R,Activity,82,RICL,2022-08-02-01,2022-06-14-13,0.03356070817715123
I3,Activity,82,RICL,2022-08-02-01,2022-06-14-13,-0.7549658143237479
NSMR,Activity,82,RICL,2022-08-02-01,2022-06-14-13,0.7570371348349232
I2L,Activity,82,RICL,2022-08-02-01,2022-06-14-13,0.6677486638364105
MCL,Activity,82,RICL,2022-08-02-01,2022-06-14-13,0.7334507999210763
NSML,Activity,82,RICL,2022-08-02-01,2022-06-14-13,0.7524122157069356
M4,Activity,82,RICL,2022-08-02-01,2022-06-14-13,0.592217630029692
M3R,Activity,82,RICL,2022-08-02-01,2022-06-14-13,0.09609890576817522
M3L,Activity,82,RICL,2022-08-02-01,2022-06-14-13,0.6466923253888038
IL2VL,Activity,82,RICL,2022-08-02-01,2022-06-14-13,0.7357301353956305
IL1R,Activity,82,RICL,2022-08-02-01,2022-06-14-13,-0.14535459628519462
OLLL,Activity,82,RICL,2022-08-02-01,2022-06-14-13,-0.438331226880353
IL2L,Activity,82,RICL,2022-08-02-01,2022-06-14-13,0.6135994589119282
URBR,Activity,82,RICL,2022-08-02-01,2022-06-14-13,-0.5940810655483244
OLLR,Activity,82,RICL,2022-08-02-01,2022-06-14-13,-0.5223020293270982
IL1DL,Activity,82,RICL,2022-08-02-01,2022-06-14-13,-0.5100810171201116
IL1DR,Activity,82,RICL,2022-08-02-01,2022-06-14-13,-0.5038925428535633
URYVR,Activity,82,RICL,2022-08-02-01,2022-06-14-13,-0.633116413181913
IL2R,Activity,82,RICL,2022-08-02-01,2022-06-14-13,-0.5793019969091611
URYDL,Activity,82,RICL,2022-08-02-01,2022-06-14-13,-0.6708569743085849
IL1L,Activity,82,RICL,2022-08-02-01,2022-06-14-13,0.19965068652381324
URBL,Activity,82,RICL,2022-08-02-01,2022-06-14-13,0.055770333990097884
OLQDR,Activity,82,RICL,2022-08-02-01,2022-06-14-13,-0.598546793241564
OLQDL,Activity,82,RICL,2022-08-02-01,2022-06-14-13,-0.1799703154699484
RMER,Activity,82,RICL,2022-08-02-01,2022-06-14-13,0.37517320964598355
OLQVR,Activity,82,RICL,2022-08-02-01,2022-06-14-13,-0.5847552420488062
URYVL,Activity,82,RICL,2022-08-02-01,2022-06-14-13,-0.735464290280174
RMED,Activity,82,RICL,2022-08-02-01,2022-06-14-13,0.42640571086368284
RMEL,Activity,82,RICL,2022-08-02-01,2022-06-14-13,0.358236912033662
CEPVR,Activity,82,RICL,2022-08-02-01,2022-06-14-13,-0.48382535201637383
OLQVL,Activity,82,RICL,2022-08-02-01,2022-06-14-13,-0.46433693564803585
CEPVL,Activity,82,RICL,2022-08-02-01,2022-06-14-13,-0.21575083811235238
SAAVR,Activity,82,RICL,2022-08-02-01,2022-06-14-13,-0.09897174979660683
RID,Activity,82,RICL,2022-08-02-01,2022-06-14-13,0.6084802883910124
SMDVR,Activity,82,RICL,2022-08-02-01,2022-06-14-13,0.05079744130474968
URXR,Activity,82,RICL,2022-08-02-01,2022-06-14-13,0.711958433995926
RIAR,Activity,82,RICL,2022-08-02-01,2022-06-14-13,-0.39297720776110473
AVAR,Activity,82,RICL,2022-08-02-01,2022-06-14-13,-0.5570746346502861
SAAVL,Activity,82,RICL,2022-08-02-01,2022-06-14-13,0.04853456943735749
CEPDR,Activity,82,RICL,2022-08-02-01,2022-06-14-13,-0.15121059820877372
URXL,Activity,82,RICL,2022-08-02-01,2022-06-14-13,0.589233392454019
CEPDL,Activity,82,RICL,2022-08-02-01,2022-06-14-13,0.28237659593451764
SMDDR,Activity,82,RICL,2022-08-02-01,2022-06-14-13,-0.48125696263474527
RMEV,Activity,82,RICL,2022-08-02-01,2022-06-14-13,0.6284081071415949
RIAL,Activity,82,RICL,2022-08-02-01,2022-06-14-13,0.6832024099576968
AVER,Activity,82,RICL,2022-08-02-01,2022-06-14-13,-0.5032724765360528
AWAR,Activity,82,RICL,2022-08-02-01,2022-06-14-13,-0.46124396347819996
SMDVL,Activity,82,RICL,2022-08-02-01,2022-06-14-13,-0.3849171159370433
AVAL,Activity,82,RICL,2022-08-02-01,2022-06-14-13,-0.5725104361493734
RMDL,Activity,82,RICL,2022-08-02-01,2022-06-14-13,-0.6896758324746551
AIBR,Activity,82,RICL,2022-08-02-01,2022-06-14-13,-0.5037255985434803
ASGR,Activity,82,RICL,2022-08-02-01,2022-06-14-13,-0.4446112422570393
AVL,Activity,82,RICL,2022-08-02-01,2022-06-14-13,-0.495812860579129
AVEL,Activity,82,RICL,2022-08-02-01,2022-06-14-13,-0.5373645301307092
ASGL,Activity,82,RICL,2022-08-02-01,2022-06-14-13,-0.39563637498623155
ASHL,Activity,82,RICL,2022-08-02-01,2022-06-14-13,-0.6394211295477179
AIBL,Activity,82,RICL,2022-08-02-01,2022-06-14-13,-0.5276297005452145
AVHL,Activity,82,RICL,2022-08-02-01,2022-06-14-13,0.7230014594303747
AWBL,Activity,82,RICL,2022-08-02-01,2022-06-14-13,-0.6529009659001013
RIVL,Activity,82,RICL,2022-08-02-01,2022-06-14-13,-0.44954236587434837
AWCL,Activity,82,RICL,2022-08-02-01,2022-06-14-13,0.6316729371524263
SMDDL,Activity,82,RICL,2022-08-02-01,2022-06-14-13,-0.13387199368801977
AVJR,Activity,82,RICL,2022-08-02-01,2022-06-14-13,0.5449668099197859
AIZL,Activity,82,RICL,2022-08-02-01,2022-06-14-13,0.7520375667495768
RIBL,Activity,82,RICL,2022-08-02-01,2022-06-14-13,0.31683957424259085
ASEL,Activity,82,RICL,2022-08-02-01,2022-06-14-13,0.6734105872299881
AVDR,Activity,82,RICL,2022-08-02-01,2022-06-14-13,0.7245538894047577
AVDL,Activity,82,RICL,2022-08-02-01,2022-06-14-13,0.7473702602917583
AVJL,Activity,82,RICL,2022-08-02-01,2022-06-14-13,-0.4187014406344502
RIVR,Activity,82,RICL,2022-08-02-01,2022-06-14-13,-0.3432852097049918
AIZR,Activity,82,RICL,2022-08-02-01,2022-06-14-13,-0.415567282353713
AUAR,Activity,82,RICL,2022-08-02-01,2022-06-14-13,-0.3841122351150032
AUAL,Activity,82,RICL,2022-08-02-01,2022-06-14-13,0.6367476339312262
RICR,Activity,82,RICL,2022-08-02-01,2022-06-14-13,0.7830339487130048
RICL,Activity,83,RICL,2022-08-02-01,2022-06-14-13,0.7091043744201971
M5,Activity,82,RICL,2022-08-02-01,2022-06-14-13,-0.03583526178973284
AIML,Activity,82,RICL,2022-08-02-01,2022-06-14-13,0.25687389652249265
AIMR,Activity,82,RICL,2022-08-02-01,2022-06-14-13,0.17806185983235603
FLPL,Activity,82,RICL,2022-08-02-01,2022-06-14-13,0.5900308801014271
ADEL,Activity,82,RICL,2022-08-02-01,2022-06-14-13,0.5226722242027082
VB02,Activity,82,RICL,2022-08-02-01,2022-06-14-13,0.4210193664056603
ADAL,Activity,82,RICL,2022-08-02-01,2022-06-14-13,-0.7446767530246623
I1R,Activity,82,M5,2022-08-02-01,2022-06-14-13,-0.34973956120361105
IL2DL,Activity,82,M5,2022-08-02-01,2022-06-14-13,-0.4752734764077099
I2R,Activity,82,M5,2022-08-02-01,2022-06-14-13,0.066601228544654
I3,Activity,82,M5,2022-08-02-01,2022-06-14-13,0.5302956442373714
NSMR,Activity,82,M5,2022-08-02-01,2022-06-14-13,-0.4710629374737679
I2L,Activity,82,M5,2022-08-02-01,2022-06-14-13,-0.4178392695118475
MCL,Activity,82,M5,2022-08-02-01,2022-06-14-13,-0.4151042062030502
NSML,Activity,82,M5,2022-08-02-01,2022-06-14-13,-0.4792376078203774
M4,Activity,82,M5,2022-08-02-01,2022-06-14-13,-0.3554903315178954
M3R,Activity,82,M5,2022-08-02-01,2022-06-14-13,0.2738823860227004
M3L,Activity,82,M5,2022-08-02-01,2022-06-14-13,-0.28276315411650377
IL2VL,Activity,82,M5,2022-08-02-01,2022-06-14-13,-0.3881246659824219
IL1R,Activity,82,M5,2022-08-02-01,2022-06-14-13,-0.10328700916547373
OLLL,Activity,82,M5,2022-08-02-01,2022-06-14-13,0.45026838116307805
IL2L,Activity,82,M5,2022-08-02-01,2022-06-14-13,-0.31927071038755606
URBR,Activity,82,M5,2022-08-02-01,2022-06-14-13,0.5327971519568255
OLLR,Activity,82,M5,2022-08-02-01,2022-06-14-13,0.5231762968409401
IL1DL,Activity,82,M5,2022-08-02-01,2022-06-14-13,0.5021580071812601
IL1DR,Activity,82,M5,2022-08-02-01,2022-06-14-13,0.3434916599561716
URYVR,Activity,82,M5,2022-08-02-01,2022-06-14-13,0.4818202211141841
IL2R,Activity,82,M5,2022-08-02-01,2022-06-14-13,0.5394499761473197
URYDL,Activity,82,M5,2022-08-02-01,2022-06-14-13,0.5364681812714632
IL1L,Activity,82,M5,2022-08-02-01,2022-06-14-13,-0.014757336674239637
URBL,Activity,82,M5,2022-08-02-01,2022-06-14-13,0.057203893826345956
OLQDR,Activity,82,M5,2022-08-02-01,2022-06-14-13,0.553138243402341
OLQDL,Activity,82,M5,2022-08-02-01,2022-06-14-13,0.21080666590538932
RMER,Activity,82,M5,2022-08-02-01,2022-06-14-13,-0.30350239021778874
OLQVR,Activity,82,M5,2022-08-02-01,2022-06-14-13,0.5733526132305299
URYVL,Activity,82,M5,2022-08-02-01,2022-06-14-13,0.5888491904461429
RMED,Activity,82,M5,2022-08-02-01,2022-06-14-13,-0.3789549781995379
RMEL,Activity,82,M5,2022-08-02-01,2022-06-14-13,-0.1635254832099431
CEPVR,Activity,82,M5,2022-08-02-01,2022-06-14-13,0.5208727528762631
OLQVL,Activity,82,M5,2022-08-02-01,2022-06-14-13,0.42339065918508484
CEPVL,Activity,82,M5,2022-08-02-01,2022-06-14-13,0.367066608037143
SAAVR,Activity,82,M5,2022-08-02-01,2022-06-14-13,0.1557502522597976
RID,Activity,82,M5,2022-08-02-01,2022-06-14-13,-0.5220747042091922
SMDVR,Activity,82,M5,2022-08-02-01,2022-06-14-13,-0.09886790988452693
URXR,Activity,82,M5,2022-08-02-01,2022-06-14-13,-0.5497548281705831
RIAR,Activity,82,M5,2022-08-02-01,2022-06-14-13,0.22331818765003386
AVAR,Activity,82,M5,2022-08-02-01,2022-06-14-13,0.43712698003115374
SAAVL,Activity,82,M5,2022-08-02-01,2022-06-14-13,0.08110628088367833
CEPDR,Activity,82,M5,2022-08-02-01,2022-06-14-13,0.30291187519442897
URXL,Activity,82,M5,2022-08-02-01,2022-06-14-13,-0.4462951414373497
CEPDL,Activity,82,M5,2022-08-02-01,2022-06-14-13,-0.14425121365092589
SMDDR,Activity,82,M5,2022-08-02-01,2022-06-14-13,0.3968360507258302
RMEV,Activity,82,M5,2022-08-02-01,2022-06-14-13,-0.4937702004416539
RIAL,Activity,82,M5,2022-08-02-01,2022-06-14-13,-0.5541329927572417
AVER,Activity,82,M5,2022-08-02-01,2022-06-14-13,0.4415123461812643
AWAR,Activity,82,M5,2022-08-02-01,2022-06-14-13,0.2866139975694892
SMDVL,Activity,82,M5,2022-08-02-01,2022-06-14-13,0.1612547513928965
AVAL,Activity,82,M5,2022-08-02-01,2022-06-14-13,0.44653733912716537
RMDL,Activity,82,M5,2022-08-02-01,2022-06-14-13,0.5692946152511776
AIBR,Activity,82,M5,2022-08-02-01,2022-06-14-13,0.4419045185248199
ASGR,Activity,82,M5,2022-08-02-01,2022-06-14-13,0.3586149570780772
AVL,Activity,82,M5,2022-08-02-01,2022-06-14-13,0.4015520215155353
AVEL,Activity,82,M5,2022-08-02-01,2022-06-14-13,0.44252906077909493
ASGL,Activity,82,M5,2022-08-02-01,2022-06-14-13,0.31676905464630123
ASHL,Activity,82,M5,2022-08-02-01,2022-06-14-13,0.39852113158872315
AIBL,Activity,82,M5,2022-08-02-01,2022-06-14-13,0.4397211563279574
AVHL,Activity,82,M5,2022-08-02-01,2022-06-14-13,-0.5071736655476137
AWBL,Activity,82,M5,2022-08-02-01,2022-06-14-13,0.5643760272925266
RIVL,Activity,82,M5,2022-08-02-01,2022-06-14-13,0.36198449232991814
AWCL,Activity,82,M5,2022-08-02-01,2022-06-14-13,-0.5742184643797495
SMDDL,Activity,82,M5,2022-08-02-01,2022-06-14-13,0.21312855500211975
AVJR,Activity,82,M5,2022-08-02-01,2022-06-14-13,-0.48885515723223644
AIZL,Activity,82,M5,2022-08-02-01,2022-06-14-13,-0.5247337932371046
RIBL,Activity,82,M5,2022-08-02-01,2022-06-14-13,-0.3465682108107387
ASEL,Activity,82,M5,2022-08-02-01,2022-06-14-13,-0.47778583013314546
AVDR,Activity,82,M5,2022-08-02-01,2022-06-14-13,-0.47506075678171994
AVDL,Activity,82,M5,2022-08-02-01,2022-06-14-13,-0.4742782194171634
AVJL,Activity,82,M5,2022-08-02-01,2022-06-14-13,-0.05119861029907877
RIVR,Activity,82,M5,2022-08-02-01,2022-06-14-13,0.27484762723014683
AIZR,Activity,82,M5,2022-08-02-01,2022-06-14-13,0.17833608705079104
AUAR,Activity,82,M5,2022-08-02-01,2022-06-14-13,0.4151132635882632
AUAL,Activity,82,M5,2022-08-02-01,2022-06-14-13,-0.6046471512365938
RICR,Activity,82,M5,2022-08-02-01,2022-06-14-13,-0.5916821268689105
RICL,Activity,82,M5,2022-08-02-01,2022-06-14-13,-0.628513198806052
M5,Activity,83,M5,2022-08-02-01,2022-06-14-13,0.0419392910486222
AIML,Activity,82,M5,2022-08-02-01,2022-06-14-13,-0.22660766550901085
AIMR,Activity,82,M5,2022-08-02-01,2022-06-14-13,-0.2789057146360332
FLPL,Activity,82,M5,2022-08-02-01,2022-06-14-13,-0.3850571474424034
ADEL,Activity,82,M5,2022-08-02-01,2022-06-14-13,-0.3615894800095336
VB02,Activity,82,M5,2022-08-02-01,2022-06-14-13,-0.2827417812243757
ADAL,Activity,82,M5,2022-08-02-01,2022-06-14-13,0.4481030001495676
I1R,Activity,82,AIML,2022-08-02-01,2022-06-14-13,0.01914921177220045
IL2DL,Activity,82,AIML,2022-08-02-01,2022-06-14-13,0.16017904297175217
I2R,Activity,82,AIML,2022-08-02-01,2022-06-14-13,0.1438942553295766
I3,Activity,82,AIML,2022-08-02-01,2022-06-14-13,-0.253519951211276
NSMR,Activity,82,AIML,2022-08-02-01,2022-06-14-13,0.1845147959897617
I2L,Activity,82,AIML,2022-08-02-01,2022-06-14-13,0.3688131311895028
MCL,Activity,82,AIML,2022-08-02-01,2022-06-14-13,0.13327753362144074
NSML,Activity,82,AIML,2022-08-02-01,2022-06-14-13,0.2078281032101951
M4,Activity,82,AIML,2022-08-02-01,2022-06-14-13,0.2937537264411286
M3R,Activity,82,AIML,2022-08-02-01,2022-06-14-13,-0.19267523872400558
M3L,Activity,82,AIML,2022-08-02-01,2022-06-14-13,0.18304403234180727
IL2VL,Activity,82,AIML,2022-08-02-01,2022-06-14-13,0.19274578540325304
IL1R,Activity,82,AIML,2022-08-02-01,2022-06-14-13,0.2509956464508795
OLLL,Activity,82,AIML,2022-08-02-01,2022-06-14-13,-0.08828031545991315
IL2L,Activity,82,AIML,2022-08-02-01,2022-06-14-13,0.22262267269290753
URBR,Activity,82,AIML,2022-08-02-01,2022-06-14-13,-0.18299006985499017
OLLR,Activity,82,AIML,2022-08-02-01,2022-06-14-13,-0.12007756457961681
IL1DL,Activity,82,AIML,2022-08-02-01,2022-06-14-13,-0.06794933947268882
IL1DR,Activity,82,AIML,2022-08-02-01,2022-06-14-13,0.0379691616685376
URYVR,Activity,82,AIML,2022-08-02-01,2022-06-14-13,-0.3340940399619413
IL2R,Activity,82,AIML,2022-08-02-01,2022-06-14-13,-0.16425986563464898
URYDL,Activity,82,AIML,2022-08-02-01,2022-06-14-13,-0.4044673100662152
IL1L,Activity,82,AIML,2022-08-02-01,2022-06-14-13,0.19879590516047144
URBL,Activity,82,AIML,2022-08-02-01,2022-06-14-13,0.23977068624595804
OLQDR,Activity,82,AIML,2022-08-02-01,2022-06-14-13,-0.1793543076089399
OLQDL,Activity,82,AIML,2022-08-02-01,2022-06-14-13,0.14651557387329925
RMER,Activity,82,AIML,2022-08-02-01,2022-06-14-13,0.512688523463639
OLQVR,Activity,82,AIML,2022-08-02-01,2022-06-14-13,-0.22585878524393677
URYVL,Activity,82,AIML,2022-08-02-01,2022-06-14-13,-0.27043502152924653
RMED,Activity,82,AIML,2022-08-02-01,2022-06-14-13,0.49275294792063434
RMEL,Activity,82,AIML,2022-08-02-01,2022-06-14-13,0.20312957093295744
CEPVR,Activity,82,AIML,2022-08-02-01,2022-06-14-13,-0.19162795269098917
OLQVL,Activity,82,AIML,2022-08-02-01,2022-06-14-13,-0.027859751235137314
CEPVL,Activity,82,AIML,2022-08-02-01,2022-06-14-13,-0.05290863764725257
SAAVR,Activity,82,AIML,2022-08-02-01,2022-06-14-13,-0.5134200008394543
RID,Activity,82,AIML,2022-08-02-01,2022-06-14-13,0.438533987181493
SMDVR,Activity,82,AIML,2022-08-02-01,2022-06-14-13,0.037943215194360995
URXR,Activity,82,AIML,2022-08-02-01,2022-06-14-13,0.3268966601983326
RIAR,Activity,82,AIML,2022-08-02-01,2022-06-14-13,0.1227133758709049
AVAR,Activity,82,AIML,2022-08-02-01,2022-06-14-13,-0.46073416180577725
SAAVL,Activity,82,AIML,2022-08-02-01,2022-06-14-13,-0.4749682402697897
CEPDR,Activity,82,AIML,2022-08-02-01,2022-06-14-13,0.02983510021864198
URXL,Activity,82,AIML,2022-08-02-01,2022-06-14-13,0.26571171058877735
CEPDL,Activity,82,AIML,2022-08-02-01,2022-06-14-13,0.3130670513957068
SMDDR,Activity,82,AIML,2022-08-02-01,2022-06-14-13,-0.20266860988665789
RMEV,Activity,82,AIML,2022-08-02-01,2022-06-14-13,0.49585704549655313
RIAL,Activity,82,AIML,2022-08-02-01,2022-06-14-13,0.2933994294507083
AVER,Activity,82,AIML,2022-08-02-01,2022-06-14-13,-0.45508009595176213
AWAR,Activity,82,AIML,2022-08-02-01,2022-06-14-13,-0.36194104266557503
SMDVL,Activity,82,AIML,2022-08-02-01,2022-06-14-13,-0.2166715381192064
AVAL,Activity,82,AIML,2022-08-02-01,2022-06-14-13,-0.4489900725635572
RMDL,Activity,82,AIML,2022-08-02-01,2022-06-14-13,-0.33825568371970627
AIBR,Activity,82,AIML,2022-08-02-01,2022-06-14-13,-0.5023048097174704
ASGR,Activity,82,AIML,2022-08-02-01,2022-06-14-13,-0.35822970692108586
AVL,Activity,82,AIML,2022-08-02-01,2022-06-14-13,-0.4818176999323423
AVEL,Activity,82,AIML,2022-08-02-01,2022-06-14-13,-0.47510999471039833
ASGL,Activity,82,AIML,2022-08-02-01,2022-06-14-13,-0.42274925536367564
ASHL,Activity,82,AIML,2022-08-02-01,2022-06-14-13,-0.3545720804597177
AIBL,Activity,82,AIML,2022-08-02-01,2022-06-14-13,-0.5066004443038681
AVHL,Activity,82,AIML,2022-08-02-01,2022-06-14-13,0.24557371518209595
AWBL,Activity,82,AIML,2022-08-02-01,2022-06-14-13,-0.3165390395693847
RIVL,Activity,82,AIML,2022-08-02-01,2022-06-14-13,-0.26937982498649743
AWCL,Activity,82,AIML,2022-08-02-01,2022-06-14-13,0.2640975779867354
SMDDL,Activity,82,AIML,2022-08-02-01,2022-06-14-13,0.031096408939301642
AVJR,Activity,82,AIML,2022-08-02-01,2022-06-14-13,0.294412074551394
AIZL,Activity,82,AIML,2022-08-02-01,2022-06-14-13,0.28141460408689567
RIBL,Activity,82,AIML,2022-08-02-01,2022-06-14-13,0.42517819545700664
ASEL,Activity,82,AIML,2022-08-02-01,2022-06-14-13,0.40635752796240626
AVDR,Activity,82,AIML,2022-08-02-01,2022-06-14-13,0.16807954271949768
AVDL,Activity,82,AIML,2022-08-02-01,2022-06-14-13,0.233724188778232
AVJL,Activity,82,AIML,2022-08-02-01,2022-06-14-13,0.08596723677881392
RIVR,Activity,82,AIML,2022-08-02-01,2022-06-14-13,-0.21005660714846974
AIZR,Activity,82,AIML,2022-08-02-01,2022-06-14-13,-0.24665077261583343
AUAR,Activity,82,AIML,2022-08-02-01,2022-06-14-13,0.0761318395364968
AUAL,Activity,82,AIML,2022-08-02-01,2022-06-14-13,0.42170706403749864
RICR,Activity,82,AIML,2022-08-02-01,2022-06-14-13,0.2999891833602557
RICL,Activity,82,AIML,2022-08-02-01,2022-06-14-13,0.38523275459600925
M5,Activity,82,AIML,2022-08-02-01,2022-06-14-13,0.27744898703800874
AIML,Activity,83,AIML,2022-08-02-01,2022-06-14-13,0.5721628956475453
AIMR,Activity,82,AIML,2022-08-02-01,2022-06-14-13,0.5206198730291284
FLPL,Activity,82,AIML,2022-08-02-01,2022-06-14-13,0.39451991689320454
ADEL,Activity,82,AIML,2022-08-02-01,2022-06-14-13,0.3358977038303382
VB02,Activity,82,AIML,2022-08-02-01,2022-06-14-13,0.5211001690828226
ADAL,Activity,82,AIML,2022-08-02-01,2022-06-14-13,-0.2636825009573934
I1R,Activity,82,AIMR,2022-08-02-01,2022-06-14-13,0.2853011997058627
IL2DL,Activity,82,AIMR,2022-08-02-01,2022-06-14-13,0.45798258039201994
I2R,Activity,82,AIMR,2022-08-02-01,2022-06-14-13,0.06857996767604177
I3,Activity,82,AIMR,2022-08-02-01,2022-06-14-13,-0.5108417571709613
NSMR,Activity,82,AIMR,2022-08-02-01,2022-06-14-13,0.4334095022660639
I2L,Activity,82,AIMR,2022-08-02-01,2022-06-14-13,0.6313222538275577
MCL,Activity,82,AIMR,2022-08-02-01,2022-06-14-13,0.38379956269929005
NSML,Activity,82,AIMR,2022-08-02-01,2022-06-14-13,0.47330978641861976
M4,Activity,82,AIMR,2022-08-02-01,2022-06-14-13,0.5676357288750319
M3R,Activity,82,AIMR,2022-08-02-01,2022-06-14-13,-0.08821864683730811
M3L,Activity,82,AIMR,2022-08-02-01,2022-06-14-13,0.4333940696097685
IL2VL,Activity,82,AIMR,2022-08-02-01,2022-06-14-13,0.4978535373042879
IL1R,Activity,82,AIMR,2022-08-02-01,2022-06-14-13,0.11984122789789976
OLLL,Activity,82,AIMR,2022-08-02-01,2022-06-14-13,0.007546686076900575
IL2L,Activity,82,AIMR,2022-08-02-01,2022-06-14-13,0.5871012042328325
URBR,Activity,82,AIMR,2022-08-02-01,2022-06-14-13,-0.1912767793812508
OLLR,Activity,82,AIMR,2022-08-02-01,2022-06-14-13,-0.09685313046360818
IL1DL,Activity,82,AIMR,2022-08-02-01,2022-06-14-13,0.02854926666398583
IL1DR,Activity,82,AIMR,2022-08-02-01,2022-06-14-13,-0.12947651363223814
URYVR,Activity,82,AIMR,2022-08-02-01,2022-06-14-13,-0.6767722218536465
IL2R,Activity,82,AIMR,2022-08-02-01,2022-06-14-13,-0.282532771732778
URYDL,Activity,82,AIMR,2022-08-02-01,2022-06-14-13,-0.7400078983199628
IL1L,Activity,82,AIMR,2022-08-02-01,2022-06-14-13,0.6001113268479588
URBL,Activity,82,AIMR,2022-08-02-01,2022-06-14-13,0.5489597049278403
OLQDR,Activity,82,AIMR,2022-08-02-01,2022-06-14-13,-0.2221176275391116
OLQDL,Activity,82,AIMR,2022-08-02-01,2022-06-14-13,0.42324945755757726
RMER,Activity,82,AIMR,2022-08-02-01,2022-06-14-13,0.6689093667129505
OLQVR,Activity,82,AIMR,2022-08-02-01,2022-06-14-13,-0.2724461052144185
URYVL,Activity,82,AIMR,2022-08-02-01,2022-06-14-13,-0.5226263355497978
RMED,Activity,82,AIMR,2022-08-02-01,2022-06-14-13,0.8081828231521433
RMEL,Activity,82,AIMR,2022-08-02-01,2022-06-14-13,0.6111334667496346
CEPVR,Activity,82,AIMR,2022-08-02-01,2022-06-14-13,-0.15830027486115994
OLQVL,Activity,82,AIMR,2022-08-02-01,2022-06-14-13,0.09201942303532144
CEPVL,Activity,82,AIMR,2022-08-02-01,2022-06-14-13,0.13542223740760895
SAAVR,Activity,82,AIMR,2022-08-02-01,2022-06-14-13,-0.6913957721067513
RID,Activity,82,AIMR,2022-08-02-01,2022-06-14-13,0.7385504449095086
SMDVR,Activity,82,AIMR,2022-08-02-01,2022-06-14-13,0.23624202122643584
URXR,Activity,82,AIMR,2022-08-02-01,2022-06-14-13,0.6006900755161713
RIAR,Activity,82,AIMR,2022-08-02-01,2022-06-14-13,0.0536499382916253
AVAR,Activity,82,AIMR,2022-08-02-01,2022-06-14-13,-0.8021460047086781
SAAVL,Activity,82,AIMR,2022-08-02-01,2022-06-14-13,-0.5285707928664743
CEPDR,Activity,82,AIMR,2022-08-02-01,2022-06-14-13,0.29038877623673687
URXL,Activity,82,AIMR,2022-08-02-01,2022-06-14-13,0.5998624945860237
CEPDL,Activity,82,AIMR,2022-08-02-01,2022-06-14-13,0.6703181195649133
SMDDR,Activity,82,AIMR,2022-08-02-01,2022-06-14-13,-0.11813555917964727
RMEV,Activity,82,AIMR,2022-08-02-01,2022-06-14-13,0.8126689559588707
RIAL,Activity,82,AIMR,2022-08-02-01,2022-06-14-13,0.46170777506131
AVER,Activity,82,AIMR,2022-08-02-01,2022-06-14-13,-0.7995359928115834
AWAR,Activity,82,AIMR,2022-08-02-01,2022-06-14-13,-0.7423239329196826
SMDVL,Activity,82,AIMR,2022-08-02-01,2022-06-14-13,-0.19588324440967647
AVAL,Activity,82,AIMR,2022-08-02-01,2022-06-14-13,-0.7885500235958994
RMDL,Activity,82,AIMR,2022-08-02-01,2022-06-14-13,-0.5977862741228147
AIBR,Activity,82,AIMR,2022-08-02-01,2022-06-14-13,-0.8237135275962117
ASGR,Activity,82,AIMR,2022-08-02-01,2022-06-14-13,-0.7697071352378437
AVL,Activity,82,AIMR,2022-08-02-01,2022-06-14-13,-0.8160063901093577
AVEL,Activity,82,AIMR,2022-08-02-01,2022-06-14-13,-0.8181339888776168
ASGL,Activity,82,AIMR,2022-08-02-01,2022-06-14-13,-0.8071600311737457
ASHL,Activity,82,AIMR,2022-08-02-01,2022-06-14-13,-0.7007507464717811
AIBL,Activity,82,AIMR,2022-08-02-01,2022-06-14-13,-0.7991858950783878
AVHL,Activity,82,AIMR,2022-08-02-01,2022-06-14-13,0.5008113758337717
AWBL,Activity,82,AIMR,2022-08-02-01,2022-06-14-13,-0.4766849498829883
RIVL,Activity,82,AIMR,2022-08-02-01,2022-06-14-13,-0.16076208163612737
AWCL,Activity,82,AIMR,2022-08-02-01,2022-06-14-13,0.3043952974178451
SMDDL,Activity,82,AIMR,2022-08-02-01,2022-06-14-13,-0.17255417212157773
AVJR,Activity,82,AIMR,2022-08-02-01,2022-06-14-13,0.43246279649657793
AIZL,Activity,82,AIMR,2022-08-02-01,2022-06-14-13,0.5805285334114993
RIBL,Activity,82,AIMR,2022-08-02-01,2022-06-14-13,0.7484657262107577
ASEL,Activity,82,AIMR,2022-08-02-01,2022-06-14-13,0.7578009678016507
AVDR,Activity,82,AIMR,2022-08-02-01,2022-06-14-13,0.3273736150899156
AVDL,Activity,82,AIMR,2022-08-02-01,2022-06-14-13,0.5111824121978087
AVJL,Activity,82,AIMR,2022-08-02-01,2022-06-14-13,-0.1589178240064339
RIVR,Activity,82,AIMR,2022-08-02-01,2022-06-14-13,-0.050778714744652995
AIZR,Activity,82,AIMR,2022-08-02-01,2022-06-14-13,-0.4694066865607633
AUAR,Activity,82,AIMR,2022-08-02-01,2022-06-14-13,0.05294906135183762
AUAL,Activity,82,AIMR,2022-08-02-01,2022-06-14-13,0.6444158463128336
RICR,Activity,82,AIMR,2022-08-02-01,2022-06-14-13,0.5259096902538973
RICL,Activity,82,AIMR,2022-08-02-01,2022-06-14-13,0.5341152575380779
M5,Activity,82,AIMR,2022-08-02-01,2022-06-14-13,0.2801086038900596
AIML,Activity,82,AIMR,2022-08-02-01,2022-06-14-13,0.6301365334895423
AIMR,Activity,83,AIMR,2022-08-02-01,2022-06-14-13,0.509132658339905
FLPL,Activity,82,AIMR,2022-08-02-01,2022-06-14-13,0.6899294824289344
ADEL,Activity,82,AIMR,2022-08-02-01,2022-06-14-13,0.6000111894771087
VB02,Activity,82,AIMR,2022-08-02-01,2022-06-14-13,0.7603275276292655
ADAL,Activity,82,AIMR,2022-08-02-01,2022-06-14-13,-0.5838506915553917
I1R,Activity,82,FLPL,2022-08-02-01,2022-06-14-13,0.4331010487806802
IL2DL,Activity,82,FLPL,2022-08-02-01,2022-06-14-13,0.5662703669131932
I2R,Activity,82,FLPL,2022-08-02-01,2022-06-14-13,-0.22611707408684723
I3,Activity,82,FLPL,2022-08-02-01,2022-06-14-13,-0.5253590146882867
NSMR,Activity,82,FLPL,2022-08-02-01,2022-06-14-13,0.5156004551094555
I2L,Activity,82,FLPL,2022-08-02-01,2022-06-14-13,0.3981840335236604
MCL,Activity,82,FLPL,2022-08-02-01,2022-06-14-13,0.4861987451332145
NSML,Activity,82,FLPL,2022-08-02-01,2022-06-14-13,0.5144395992364166
M4,Activity,82,FLPL,2022-08-02-01,2022-06-14-13,0.37727307043883634
M3R,Activity,82,FLPL,2022-08-02-01,2022-06-14-13,0.1876626495538821
M3L,Activity,82,FLPL,2022-08-02-01,2022-06-14-13,0.49047108351531316
IL2VL,Activity,82,FLPL,2022-08-02-01,2022-06-14-13,0.5412966879307242
IL1R,Activity,82,FLPL,2022-08-02-01,2022-06-14-13,-0.19175947207464314
OLLL,Activity,82,FLPL,2022-08-02-01,2022-06-14-13,-0.013804570024939827
IL2L,Activity,82,FLPL,2022-08-02-01,2022-06-14-13,0.5163273329702177
URBR,Activity,82,FLPL,2022-08-02-01,2022-06-14-13,-0.18754065621598795
OLLR,Activity,82,FLPL,2022-08-02-01,2022-06-14-13,-0.10993207000666522
IL1DL,Activity,82,FLPL,2022-08-02-01,2022-06-14-13,-0.10137671333248853
IL1DR,Activity,82,FLPL,2022-08-02-01,2022-06-14-13,-0.32834550798700696
URYVR,Activity,82,FLPL,2022-08-02-01,2022-06-14-13,-0.4800627909357935
IL2R,Activity,82,FLPL,2022-08-02-01,2022-06-14-13,-0.2564614165565891
URYDL,Activity,82,FLPL,2022-08-02-01,2022-06-14-13,-0.47549203829087594
IL1L,Activity,82,FLPL,2022-08-02-01,2022-06-14-13,0.3735424570204718
URBL,Activity,82,FLPL,2022-08-02-01,2022-06-14-13,0.24536764365075536
OLQDR,Activity,82,FLPL,2022-08-02-01,2022-06-14-13,-0.20968649546441603
OLQDL,Activity,82,FLPL,2022-08-02-01,2022-06-14-13,0.13969610800011728
RMER,Activity,82,FLPL,2022-08-02-01,2022-06-14-13,0.26837151286280503
OLQVR,Activity,82,FLPL,2022-08-02-01,2022-06-14-13,-0.21310865796067482
URYVL,Activity,82,FLPL,2022-08-02-01,2022-06-14-13,-0.46232160107001224
RMED,Activity,82,FLPL,2022-08-02-01,2022-06-14-13,0.3777702038458163
RMEL,Activity,82,FLPL,2022-08-02-01,2022-06-14-13,0.41640824031588053
CEPVR,Activity,82,FLPL,2022-08-02-01,2022-06-14-13,-0.1006075507517913
OLQVL,Activity,82,FLPL,2022-08-02-01,2022-06-14-13,-0.02278287316018501
CEPVL,Activity,82,FLPL,2022-08-02-01,2022-06-14-13,0.12695240694674073
SAAVR,Activity,82,FLPL,2022-08-02-01,2022-06-14-13,-0.1569987816310219
RID,Activity,82,FLPL,2022-08-02-01,2022-06-14-13,0.44203142931765294
SMDVR,Activity,82,FLPL,2022-08-02-01,2022-06-14-13,-0.006526924561637229
URXR,Activity,82,FLPL,2022-08-02-01,2022-06-14-13,0.509743299797739
RIAR,Activity,82,FLPL,2022-08-02-01,2022-06-14-13,-0.1459403634249855
AVAR,Activity,82,FLPL,2022-08-02-01,2022-06-14-13,-0.46706324911953206
SAAVL,Activity,82,FLPL,2022-08-02-01,2022-06-14-13,-0.0014186238071988147
CEPDR,Activity,82,FLPL,2022-08-02-01,2022-06-14-13,0.20660361611157654
URXL,Activity,82,FLPL,2022-08-02-01,2022-06-14-13,0.41171830338645693
CEPDL,Activity,82,FLPL,2022-08-02-01,2022-06-14-13,0.4048734647009236
SMDDR,Activity,82,FLPL,2022-08-02-01,2022-06-14-13,-0.03033508628249934
RMEV,Activity,82,FLPL,2022-08-02-01,2022-06-14-13,0.41847816017067385
RIAL,Activity,82,FLPL,2022-08-02-01,2022-06-14-13,0.45948898493887447
AVER,Activity,82,FLPL,2022-08-02-01,2022-06-14-13,-0.4133831554249213
AWAR,Activity,82,FLPL,2022-08-02-01,2022-06-14-13,-0.5222832553251403
SMDVL,Activity,82,FLPL,2022-08-02-01,2022-06-14-13,-0.18277816740321495
AVAL,Activity,82,FLPL,2022-08-02-01,2022-06-14-13,-0.47130241957552205
RMDL,Activity,82,FLPL,2022-08-02-01,2022-06-14-13,-0.40371600995708945
AIBR,Activity,82,FLPL,2022-08-02-01,2022-06-14-13,-0.3935136434029259
ASGR,Activity,82,FLPL,2022-08-02-01,2022-06-14-13,-0.45022135358586535
AVL,Activity,82,FLPL,2022-08-02-01,2022-06-14-13,-0.4177287661853184
AVEL,Activity,82,FLPL,2022-08-02-01,2022-06-14-13,-0.4135131840485526
ASGL,Activity,82,FLPL,2022-08-02-01,2022-06-14-13,-0.4302737830318123
ASHL,Activity,82,FLPL,2022-08-02-01,2022-06-14-13,-0.5190529750654269
AIBL,Activity,82,FLPL,2022-08-02-01,2022-06-14-13,-0.399421514390707
AVHL,Activity,82,FLPL,2022-08-02-01,2022-06-14-13,0.44463430991160263
AWBL,Activity,82,FLPL,2022-08-02-01,2022-06-14-13,-0.3461016055809847
RIVL,Activity,82,FLPL,2022-08-02-01,2022-06-14-13,-0.14631906204852338
AWCL,Activity,82,FLPL,2022-08-02-01,2022-06-14-13,0.2048830474063676
SMDDL,Activity,82,FLPL,2022-08-02-01,2022-06-14-13,-0.05534801247045472
AVJR,Activity,82,FLPL,2022-08-02-01,2022-06-14-13,0.24116218982361018
AIZL,Activity,82,FLPL,2022-08-02-01,2022-06-14-13,0.5368165533113072
RIBL,Activity,82,FLPL,2022-08-02-01,2022-06-14-13,0.2845210447403642
ASEL,Activity,82,FLPL,2022-08-02-01,2022-06-14-13,0.5481454950043831
AVDR,Activity,82,FLPL,2022-08-02-01,2022-06-14-13,0.3987562141416894
AVDL,Activity,82,FLPL,2022-08-02-01,2022-06-14-13,0.5408902021814441
AVJL,Activity,82,FLPL,2022-08-02-01,2022-06-14-13,-0.2869931119518448
RIVR,Activity,82,FLPL,2022-08-02-01,2022-06-14-13,-0.06591226206330836
AIZR,Activity,82,FLPL,2022-08-02-01,2022-06-14-13,-0.33361705328957925
AUAR,Activity,82,FLPL,2022-08-02-01,2022-06-14-13,-0.05588231718398683
AUAL,Activity,82,FLPL,2022-08-02-01,2022-06-14-13,0.3625078980093985
RICR,Activity,82,FLPL,2022-08-02-01,2022-06-14-13,0.4721259874426418
RICL,Activity,82,FLPL,2022-08-02-01,2022-06-14-13,0.33323191072902125
M5,Activity,82,FLPL,2022-08-02-01,2022-06-14-13,-0.06456483891796326
AIML,Activity,82,FLPL,2022-08-02-01,2022-06-14-13,0.13271650546315297
AIMR,Activity,82,FLPL,2022-08-02-01,2022-06-14-13,0.0714133842451142
FLPL,Activity,83,FLPL,2022-08-02-01,2022-06-14-13,0.45160346038760746
ADEL,Activity,82,FLPL,2022-08-02-01,2022-06-14-13,0.3195804646450818
VB02,Activity,82,FLPL,2022-08-02-01,2022-06-14-13,0.36130267196324634
ADAL,Activity,82,FLPL,2022-08-02-01,2022-06-14-13,-0.5532421122978317
I1R,Activity,82,ADEL,2022-08-02-01,2022-06-14-13,-0.6137064929211677
IL2DL,Activity,82,ADEL,2022-08-02-01,2022-06-14-13,-0.48487866592139756
I2R,Activity,82,ADEL,2022-08-02-01,2022-06-14-13,-0.0012840375111634618
I3,Activity,82,ADEL,2022-08-02-01,2022-06-14-13,0.4452779247435787
NSMR,Activity,82,ADEL,2022-08-02-01,2022-06-14-13,-0.5280008148445796
I2L,Activity,82,ADEL,2022-08-02-01,2022-06-14-13,-0.26308162737538615
MCL,Activity,82,ADEL,2022-08-02-01,2022-06-14-13,-0.5527792793584464
NSML,Activity,82,ADEL,2022-08-02-01,2022-06-14-13,-0.4765030860398965
M4,Activity,82,ADEL,2022-08-02-01,2022-06-14-13,-0.20453459904052299
M3R,Activity,82,ADEL,2022-08-02-01,2022-06-14-13,-0.21116570359214148
M3L,Activity,82,ADEL,2022-08-02-01,2022-06-14-13,-0.41339029255920107
IL2VL,Activity,82,ADEL,2022-08-02-01,2022-06-14-13,-0.439222408670563
IL1R,Activity,82,ADEL,2022-08-02-01,2022-06-14-13,0.25494765775771433
OLLL,Activity,82,ADEL,2022-08-02-01,2022-06-14-13,0.5383789808313115
IL2L,Activity,82,ADEL,2022-08-02-01,2022-06-14-13,-0.20821483272010433
URBR,Activity,82,ADEL,2022-08-02-01,2022-06-14-13,0.537613969487279
OLLR,Activity,82,ADEL,2022-08-02-01,2022-06-14-13,0.5457125497175407
IL1DL,Activity,82,ADEL,2022-08-02-01,2022-06-14-13,0.6429412385561176
IL1DR,Activity,82,ADEL,2022-08-02-01,2022-06-14-13,0.5013722479794469
URYVR,Activity,82,ADEL,2022-08-02-01,2022-06-14-13,0.1573578045363529
IL2R,Activity,82,ADEL,2022-08-02-01,2022-06-14-13,0.43029588487428366
URYDL,Activity,82,ADEL,2022-08-02-01,2022-06-14-13,0.14290410342392615
IL1L,Activity,82,ADEL,2022-08-02-01,2022-06-14-13,0.2803848453761525
URBL,Activity,82,ADEL,2022-08-02-01,2022-06-14-13,0.41926348494873006
OLQDR,Activity,82,ADEL,2022-08-02-01,2022-06-14-13,0.5146704318253815
OLQDL,Activity,82,ADEL,2022-08-02-01,2022-06-14-13,0.6088359896643248
RMER,Activity,82,ADEL,2022-08-02-01,2022-06-14-13,0.11827454408011363
OLQVR,Activity,82,ADEL,2022-08-02-01,2022-06-14-13,0.4566591779029293
URYVL,Activity,82,ADEL,2022-08-02-01,2022-06-14-13,0.3996033860336957
RMED,Activity,82,ADEL,2022-08-02-01,2022-06-14-13,0.19461645368290226
RMEL,Activity,82,ADEL,2022-08-02-01,2022-06-14-13,0.09065011940675495
CEPVR,Activity,82,ADEL,2022-08-02-01,2022-06-14-13,0.44329408522021985
OLQVL,Activity,82,ADEL,2022-08-02-01,2022-06-14-13,0.6426555789381215
CEPVL,Activity,82,ADEL,2022-08-02-01,2022-06-14-13,0.39296310877273005
SAAVR,Activity,82,ADEL,2022-08-02-01,2022-06-14-13,-0.46627589763911376
RID,Activity,82,ADEL,2022-08-02-01,2022-06-14-13,-0.07869131733612189
SMDVR,Activity,82,ADEL,2022-08-02-01,2022-06-14-13,0.15548276927841378
URXR,Activity,82,ADEL,2022-08-02-01,2022-06-14-13,-0.30632532998783996
RIAR,Activity,82,ADEL,2022-08-02-01,2022-06-14-13,0.5843778690389492
AVAR,Activity,82,ADEL,2022-08-02-01,2022-06-14-13,-0.025985844152951514
SAAVL,Activity,82,ADEL,2022-08-02-01,2022-06-14-13,-0.5334038867338904
CEPDR,Activity,82,ADEL,2022-08-02-01,2022-06-14-13,0.48672672202028505
URXL,Activity,82,ADEL,2022-08-02-01,2022-06-14-13,-0.20439916642261796
CEPDL,Activity,82,ADEL,2022-08-02-01,2022-06-14-13,0.27289032234685356
SMDDR,Activity,82,ADEL,2022-08-02-01,2022-06-14-13,0.49137020601835063
RMEV,Activity,82,ADEL,2022-08-02-01,2022-06-14-13,-0.026816741941131924
RIAL,Activity,82,ADEL,2022-08-02-01,2022-06-14-13,-0.3903547273206855
AVER,Activity,82,ADEL,2022-08-02-01,2022-06-14-13,-0.08562848804377406
AWAR,Activity,82,ADEL,2022-08-02-01,2022-06-14-13,-0.0776642819092383
SMDVL,Activity,82,ADEL,2022-08-02-01,2022-06-14-13,0.3205440076467816
AVAL,Activity,82,ADEL,2022-08-02-01,2022-06-14-13,0.006625195695572023
RMDL,Activity,82,ADEL,2022-08-02-01,2022-06-14-13,0.2793024445784397
AIBR,Activity,82,ADEL,2022-08-02-01,2022-06-14-13,-0.09865807104505106
ASGR,Activity,82,ADEL,2022-08-02-01,2022-06-14-13,-0.09115571077547292
AVL,Activity,82,ADEL,2022-08-02-01,2022-06-14-13,-0.10158419826663055
AVEL,Activity,82,ADEL,2022-08-02-01,2022-06-14-13,-0.052863889128236884
ASGL,Activity,82,ADEL,2022-08-02-01,2022-06-14-13,-0.19266636884118046
ASHL,Activity,82,ADEL,2022-08-02-01,2022-06-14-13,0.1418523919941551
AIBL,Activity,82,ADEL,2022-08-02-01,2022-06-14-13,-0.06361448416696806
AVHL,Activity,82,ADEL,2022-08-02-01,2022-06-14-13,-0.41150413340723935
AWBL,Activity,82,ADEL,2022-08-02-01,2022-06-14-13,0.39907935827113583
RIVL,Activity,82,ADEL,2022-08-02-01,2022-06-14-13,0.41767186360193537
AWCL,Activity,82,ADEL,2022-08-02-01,2022-06-14-13,-0.508367355240536
SMDDL,Activity,82,ADEL,2022-08-02-01,2022-06-14-13,0.007777843809550325
AVJR,Activity,82,ADEL,2022-08-02-01,2022-06-14-13,-0.2580565891399873
AIZL,Activity,82,ADEL,2022-08-02-01,2022-06-14-13,-0.4162870658023801
RIBL,Activity,82,ADEL,2022-08-02-01,2022-06-14-13,0.27317991622778237
ASEL,Activity,82,ADEL,2022-08-02-01,2022-06-14-13,-0.12905738531400812
AVDR,Activity,82,ADEL,2022-08-02-01,2022-06-14-13,-0.5541427026072633
AVDL,Activity,82,ADEL,2022-08-02-01,2022-06-14-13,-0.43203996208789813
AVJL,Activity,82,ADEL,2022-08-02-01,2022-06-14-13,0.3471818559059267
RIVR,Activity,82,ADEL,2022-08-02-01,2022-06-14-13,0.4127418470862148
AIZR,Activity,82,ADEL,2022-08-02-01,2022-06-14-13,0.1107946353920574
AUAR,Activity,82,ADEL,2022-08-02-01,2022-06-14-13,0.4765198297909994
AUAL,Activity,82,ADEL,2022-08-02-01,2022-06-14-13,-0.18801180810966087
RICR,Activity,82,ADEL,2022-08-02-01,2022-06-14-13,-0.4436657758429126
RICL,Activity,82,ADEL,2022-08-02-01,2022-06-14-13,-0.33049523742573944
M5,Activity,82,ADEL,2022-08-02-01,2022-06-14-13,0.3657067546907629
AIML,Activity,82,ADEL,2022-08-02-01,2022-06-14-13,0.21924499047831666
AIMR,Activity,82,ADEL,2022-08-02-01,2022-06-14-13,0.2447842942232547
FLPL,Activity,82,ADEL,2022-08-02-01,2022-06-14-13,-0.17307586600428362
ADEL,Activity,83,ADEL,2022-08-02-01,2022-06-14-13,-0.05356451826789569
VB02,Activity,82,ADEL,2022-08-02-01,2022-06-14-13,0.16743336411893092
ADAL,Activity,82,ADEL,2022-08-02-01,2022-06-14-13,0.36044969523258613
I1R,Activity,82,VB02,2022-08-02-01,2022-06-14-13,-0.07400959400121294
IL2DL,Activity,82,VB02,2022-08-02-01,2022-06-14-13,0.0600566896459295
I2R,Activity,82,VB02,2022-08-02-01,2022-06-14-13,0.19646071914445296
I3,Activity,82,VB02,2022-08-02-01,2022-06-14-13,-0.14890857147844327
NSMR,Activity,82,VB02,2022-08-02-01,2022-06-14-13,0.06723709540046867
I2L,Activity,82,VB02,2022-08-02-01,2022-06-14-13,0.36348718069118485
MCL,Activity,82,VB02,2022-08-02-01,2022-06-14-13,0.02311539394864948
NSML,Activity,82,VB02,2022-08-02-01,2022-06-14-13,0.10529537000583859
M4,Activity,82,VB02,2022-08-02-01,2022-06-14-13,0.2787848000206361
M3R,Activity,82,VB02,2022-08-02-01,2022-06-14-13,-0.21596227496523834
M3L,Activity,82,VB02,2022-08-02-01,2022-06-14-13,0.1198118783514943
IL2VL,Activity,82,VB02,2022-08-02-01,2022-06-14-13,0.11374077674567729
IL1R,Activity,82,VB02,2022-08-02-01,2022-06-14-13,0.32413850633450336
OLLL,Activity,82,VB02,2022-08-02-01,2022-06-14-13,0.007738917203996122
IL2L,Activity,82,VB02,2022-08-02-01,2022-06-14-13,0.15539216079604057
URBR,Activity,82,VB02,2022-08-02-01,2022-06-14-13,-0.08346600334536604
OLLR,Activity,82,VB02,2022-08-02-01,2022-06-14-13,-0.02798531600943593
IL1DL,Activity,82,VB02,2022-08-02-01,2022-06-14-13,0.0438737757282217
IL1DR,Activity,82,VB02,2022-08-02-01,2022-06-14-13,0.15512917160036904
URYVR,Activity,82,VB02,2022-08-02-01,2022-06-14-13,-0.301108396460556
IL2R,Activity,82,VB02,2022-08-02-01,2022-06-14-13,-0.07138720025830989
URYDL,Activity,82,VB02,2022-08-02-01,2022-06-14-13,-0.3777659294202954
IL1L,Activity,82,VB02,2022-08-02-01,2022-06-14-13,0.24066297625225527
URBL,Activity,82,VB02,2022-08-02-01,2022-06-14-13,0.3093421712880196
OLQDR,Activity,82,VB02,2022-08-02-01,2022-06-14-13,-0.09077219136509906
OLQDL,Activity,82,VB02,2022-08-02-01,2022-06-14-13,0.24943684021547277
RMER,Activity,82,VB02,2022-08-02-01,2022-06-14-13,0.5914751312246779
OLQVR,Activity,82,VB02,2022-08-02-01,2022-06-14-13,-0.1430903422073415
URYVL,Activity,82,VB02,2022-08-02-01,2022-06-14-13,-0.20246221694335012
RMED,Activity,82,VB02,2022-08-02-01,2022-06-14-13,0.537967756411857
RMEL,Activity,82,VB02,2022-08-02-01,2022-06-14-13,0.2159629631610306
CEPVR,Activity,82,VB02,2022-08-02-01,2022-06-14-13,-0.1268917504387268
OLQVL,Activity,82,VB02,2022-08-02-01,2022-06-14-13,0.08728902239785896
CEPVL,Activity,82,VB02,2022-08-02-01,2022-06-14-13,0.024883406673778804
SAAVR,Activity,82,VB02,2022-08-02-01,2022-06-14-13,-0.623807596007586
RID,Activity,82,VB02,2022-08-02-01,2022-06-14-13,0.4190828611050991
SMDVR,Activity,82,VB02,2022-08-02-01,2022-06-14-13,0.023617233436324766
URXR,Activity,82,VB02,2022-08-02-01,2022-06-14-13,0.2586884487171551
RIAR,Activity,82,VB02,2022-08-02-01,2022-06-14-13,0.261142975834339
AVAR,Activity,82,VB02,2022-08-02-01,2022-06-14-13,-0.4904128701208231
SAAVL,Activity,82,VB02,2022-08-02-01,2022-06-14-13,-0.6129064251095941
CEPDR,Activity,82,VB02,2022-08-02-01,2022-06-14-13,0.07603929355882888
URXL,Activity,82,VB02,2022-08-02-01,2022-06-14-13,0.19644209254956826
CEPDL,Activity,82,VB02,2022-08-02-01,2022-06-14-13,0.35264185031139705
SMDDR,Activity,82,VB02,2022-08-02-01,2022-06-14-13,-0.15074991442941227
RMEV,Activity,82,VB02,2022-08-02-01,2022-06-14-13,0.4948243439179893
RIAL,Activity,82,VB02,2022-08-02-01,2022-06-14-13,0.2541529959880893
AVER,Activity,82,VB02,2022-08-02-01,2022-06-14-13,-0.4830107552058247
AWAR,Activity,82,VB02,2022-08-02-01,2022-06-14-13,-0.4091376650721555
SMDVL,Activity,82,VB02,2022-08-02-01,2022-06-14-13,-0.21275823471344368
AVAL,Activity,82,VB02,2022-08-02-01,2022-06-14-13,-0.4710160305866795
RMDL,Activity,82,VB02,2022-08-02-01,2022-06-14-13,-0.27421333183483093
AIBR,Activity,82,VB02,2022-08-02-01,2022-06-14-13,-0.546943010084222
ASGR,Activity,82,VB02,2022-08-02-01,2022-06-14-13,-0.36916334907407466
AVL,Activity,82,VB02,2022-08-02-01,2022-06-14-13,-0.5235616037335287
AVEL,Activity,82,VB02,2022-08-02-01,2022-06-14-13,-0.5020071586843405
ASGL,Activity,82,VB02,2022-08-02-01,2022-06-14-13,-0.4566149773932019
ASHL,Activity,82,VB02,2022-08-02-01,2022-06-14-13,-0.3428097275235814
AIBL,Activity,82,VB02,2022-08-02-01,2022-06-14-13,-0.5451784039386435
AVHL,Activity,82,VB02,2022-08-02-01,2022-06-14-13,0.16000106921999632
AWBL,Activity,82,VB02,2022-08-02-01,2022-06-14-13,-0.2501375368575793
RIVL,Activity,82,VB02,2022-08-02-01,2022-06-14-13,-0.2429247559881138
AWCL,Activity,82,VB02,2022-08-02-01,2022-06-14-13,0.19399616744766585
SMDDL,Activity,82,VB02,2022-08-02-01,2022-06-14-13,0.07104687358808026
AVJR,Activity,82,VB02,2022-08-02-01,2022-06-14-13,0.2518779407120556
AIZL,Activity,82,VB02,2022-08-02-01,2022-06-14-13,0.19072609785282815
RIBL,Activity,82,VB02,2022-08-02-01,2022-06-14-13,0.4897338294683486
ASEL,Activity,82,VB02,2022-08-02-01,2022-06-14-13,0.38808893584943155
AVDR,Activity,82,VB02,2022-08-02-01,2022-06-14-13,0.05540331111082106
AVDL,Activity,82,VB02,2022-08-02-01,2022-06-14-13,0.14062339341749086
AVJL,Activity,82,VB02,2022-08-02-01,2022-06-14-13,0.16254372366210257
RIVR,Activity,82,VB02,2022-08-02-01,2022-06-14-13,-0.1849602667411897
AIZR,Activity,82,VB02,2022-08-02-01,2022-06-14-13,-0.19753931331579197
AUAR,Activity,82,VB02,2022-08-02-01,2022-06-14-13,0.22527284227491637
AUAL,Activity,82,VB02,2022-08-02-01,2022-06-14-13,0.395876093033791
RICR,Activity,82,VB02,2022-08-02-01,2022-06-14-13,0.21981836003052196
RICL,Activity,82,VB02,2022-08-02-01,2022-06-14-13,0.33475768771976144
M5,Activity,82,VB02,2022-08-02-01,2022-06-14-13,0.3960360723942996
AIML,Activity,82,VB02,2022-08-02-01,2022-06-14-13,0.6098231515557148
AIMR,Activity,82,VB02,2022-08-02-01,2022-06-14-13,0.6312396820631488
FLPL,Activity,82,VB02,2022-08-02-01,2022-06-14-13,0.40131971129242183
ADEL,Activity,82,VB02,2022-08-02-01,2022-06-14-13,0.34515758800375834
VB02,Activity,83,VB02,2022-08-02-01,2022-06-14-13,0.5686231078769826
ADAL,Activity,82,VB02,2022-08-02-01,2022-06-14-13,-0.19510650188684428
I1R,Activity,82,ADAL,2022-08-02-01,2022-06-14-13,-0.5510695873416209
IL2DL,Activity,82,ADAL,2022-08-02-01,2022-06-14-13,-0.6610653597759347
I2R,Activity,82,ADAL,2022-08-02-01,2022-06-14-13,-0.12831591078891022
I3,Activity,82,ADAL,2022-08-02-01,2022-06-14-13,0.6692691892012983
NSMR,Activity,82,ADAL,2022-08-02-01,2022-06-14-13,-0.6426562781111963
I2L,Activity,82,ADAL,2022-08-02-01,2022-06-14-13,-0.7138358271615711
MCL,Activity,82,ADAL,2022-08-02-01,2022-06-14-13,-0.6174862260943723
NSML,Activity,82,ADAL,2022-08-02-01,2022-06-14-13,-0.6560282769641539
M4,Activity,82,ADAL,2022-08-02-01,2022-06-14-13,-0.6199985426471722
M3R,Activity,82,ADAL,2022-08-02-01,2022-06-14-13,-0.018989740428508737
M3L,Activity,82,ADAL,2022-08-02-01,2022-06-14-13,-0.6107892618627587
IL2VL,Activity,82,ADAL,2022-08-02-01,2022-06-14-13,-0.6866940775751847
IL1R,Activity,82,ADAL,2022-08-02-01,2022-06-14-13,0.001859566346735325
OLLL,Activity,82,ADAL,2022-08-02-01,2022-06-14-13,0.281138967673632
IL2L,Activity,82,ADAL,2022-08-02-01,2022-06-14-13,-0.6072062815620378
URBR,Activity,82,ADAL,2022-08-02-01,2022-06-14-13,0.4584950160340952
OLLR,Activity,82,ADAL,2022-08-02-01,2022-06-14-13,0.3769427375646076
IL1DL,Activity,82,ADAL,2022-08-02-01,2022-06-14-13,0.33234864090093946
IL1DR,Activity,82,ADAL,2022-08-02-01,2022-06-14-13,0.35436425745486433
URYVR,Activity,82,ADAL,2022-08-02-01,2022-06-14-13,0.660406123152657
IL2R,Activity,82,ADAL,2022-08-02-01,2022-06-14-13,0.47190898813962573
URYDL,Activity,82,ADAL,2022-08-02-01,2022-06-14-13,0.7163863683872095
IL1L,Activity,82,ADAL,2022-08-02-01,2022-06-14-13,-0.3223795964911616
URBL,Activity,82,ADAL,2022-08-02-01,2022-06-14-13,-0.22690297188255365
OLQDR,Activity,82,ADAL,2022-08-02-01,2022-06-14-13,0.47408872781931305
OLQDL,Activity,82,ADAL,2022-08-02-01,2022-06-14-13,-0.030776960879645106
RMER,Activity,82,ADAL,2022-08-02-01,2022-06-14-13,-0.5362606778286869
OLQVR,Activity,82,ADAL,2022-08-02-01,2022-06-14-13,0.4884336454574273
URYVL,Activity,82,ADAL,2022-08-02-01,2022-06-14-13,0.6636916667317446
RMED,Activity,82,ADAL,2022-08-02-01,2022-06-14-13,-0.6008755091123616
RMEL,Activity,82,ADAL,2022-08-02-01,2022-06-14-13,-0.4406122637335432
CEPVR,Activity,82,ADAL,2022-08-02-01,2022-06-14-13,0.37808053714988193
OLQVL,Activity,82,ADAL,2022-08-02-01,2022-06-14-13,0.2728580185941982
CEPVL,Activity,82,ADAL,2022-08-02-01,2022-06-14-13,0.11640448837427841
SAAVR,Activity,82,ADAL,2022-08-02-01,2022-06-14-13,0.370541989379431
RID,Activity,82,ADAL,2022-08-02-01,2022-06-14-13,-0.670591081717418
SMDVR,Activity,82,ADAL,2022-08-02-01,2022-06-14-13,-0.10191914347703308
URXR,Activity,82,ADAL,2022-08-02-01,2022-06-14-13,-0.6699430717920682
RIAR,Activity,82,ADAL,2022-08-02-01,2022-06-14-13,0.26658945021955466
AVAR,Activity,82,ADAL,2022-08-02-01,2022-06-14-13,0.6784264413208831
SAAVL,Activity,82,ADAL,2022-08-02-01,2022-06-14-13,0.2078943070975754
CEPDR,Activity,82,ADAL,2022-08-02-01,2022-06-14-13,0.015402532013059847
URXL,Activity,82,ADAL,2022-08-02-01,2022-06-14-13,-0.6023235563896807
CEPDL,Activity,82,ADAL,2022-08-02-01,2022-06-14-13,-0.42905692985884025
SMDDR,Activity,82,ADAL,2022-08-02-01,2022-06-14-13,0.38308344296442526
RMEV,Activity,82,ADAL,2022-08-02-01,2022-06-14-13,-0.7270407450119272
RIAL,Activity,82,ADAL,2022-08-02-01,2022-06-14-13,-0.6256651704682501
AVER,Activity,82,ADAL,2022-08-02-01,2022-06-14-13,0.636538450143577
AWAR,Activity,82,ADAL,2022-08-02-01,2022-06-14-13,0.603036607857212
SMDVL,Activity,82,ADAL,2022-08-02-01,2022-06-14-13,0.3779923350868739
AVAL,Activity,82,ADAL,2022-08-02-01,2022-06-14-13,0.6826522563042922
RMDL,Activity,82,ADAL,2022-08-02-01,2022-06-14-13,0.6696824365911421
AIBR,Activity,82,ADAL,2022-08-02-01,2022-06-14-13,0.6596489175088044
ASGR,Activity,82,ADAL,2022-08-02-01,2022-06-14-13,0.5442027876832823
AVL,Activity,82,ADAL,2022-08-02-01,2022-06-14-13,0.649214578270292
AVEL,Activity,82,ADAL,2022-08-02-01,2022-06-14-13,0.6770967367839021
ASGL,Activity,82,ADAL,2022-08-02-01,2022-06-14-13,0.5372462979634277
ASHL,Activity,82,ADAL,2022-08-02-01,2022-06-14-13,0.6883536584001759
AIBL,Activity,82,ADAL,2022-08-02-01,2022-06-14-13,0.6648074815283598
AVHL,Activity,82,ADAL,2022-08-02-01,2022-06-14-13,-0.6526621004764729
AWBL,Activity,82,ADAL,2022-08-02-01,2022-06-14-13,0.6512057416119937
RIVL,Activity,82,ADAL,2022-08-02-01,2022-06-14-13,0.3811930280951895
AWCL,Activity,82,ADAL,2022-08-02-01,2022-06-14-13,-0.5228441568457567
SMDDL,Activity,82,ADAL,2022-08-02-01,2022-06-14-13,0.13988841012142195
AVJR,Activity,82,ADAL,2022-08-02-01,2022-06-14-13,-0.4904136859654032
AIZL,Activity,82,ADAL,2022-08-02-01,2022-06-14-13,-0.6988792167704254
RIBL,Activity,82,ADAL,2022-08-02-01,2022-06-14-13,-0.49470624077245806
ASEL,Activity,82,ADAL,2022-08-02-01,2022-06-14-13,-0.7458218379133464
AVDR,Activity,82,ADAL,2022-08-02-01,2022-06-14-13,-0.593453753565253
AVDL,Activity,82,ADAL,2022-08-02-01,2022-06-14-13,-0.674742229521058
AVJL,Activity,82,ADAL,2022-08-02-01,2022-06-14-13,0.32724505500004547
RIVR,Activity,82,ADAL,2022-08-02-01,2022-06-14-13,0.277547708256046
AIZR,Activity,82,ADAL,2022-08-02-01,2022-06-14-13,0.4901749192331265
AUAR,Activity,82,ADAL,2022-08-02-01,2022-06-14-13,0.19003561786453155
AUAL,Activity,82,ADAL,2022-08-02-01,2022-06-14-13,-0.6750815902157827
RICR,Activity,82,ADAL,2022-08-02-01,2022-06-14-13,-0.7051536099393544
RICL,Activity,82,ADAL,2022-08-02-01,2022-06-14-13,-0.6527392292412779
M5,Activity,82,ADAL,2022-08-02-01,2022-06-14-13,-0.139976610661678
AIML,Activity,82,ADAL,2022-08-02-01,2022-06-14-13,-0.4325659889589273
AIMR,Activity,82,ADAL,2022-08-02-01,2022-06-14-13,-0.3681793275200002
FLPL,Activity,82,ADAL,2022-08-02-01,2022-06-14-13,-0.6649173245341363
ADEL,Activity,82,ADAL,2022-08-02-01,2022-06-14-13,-0.5439688777230293
VB02,Activity,82,ADAL,2022-08-02-01,2022-06-14-13,-0.5765137901511147
ADAL,Activity,83,ADAL,2022-08-02-01,2022-06-14-13,0.7191670850252948
