fold,seed,uid,source_path,node_index,identity,medoid_uid,medoid_candidate_present,full_rank,medoid_rank,full_top1,medoid_top1,full_top5,medoid_top5,full_rr,medoid_rr,full_hungarian_correct,medoid_hungarian_correct
1,42,2022-12-21-06,/home/ubuntu/klb/nuclr/nuclr/Data/Atanas_SF_unified_000776/cv5_grouped_v1/fold_1/test/test__2022-12-21-06__886205ba.npz,0,M1,2023-01-05-18,1,1,1,1,1,1,1,1.0,1.0,1,1
1,42,2022-12-21-06,/home/ubuntu/klb/nuclr/nuclr/Data/Atanas_SF_unified_000776/cv5_grouped_v1/fold_1/test/test__2022-12-21-06__886205ba.npz,1,NSML,2023-01-05-18,1,2,2,0,0,1,1,0.5,0.5,0,0
1,42,2022-12-21-06,/home/ubuntu/klb/nuclr/nuclr/Data/Atanas_SF_unified_000776/cv5_grouped_v1/fold_1/test/test__2022-12-21-06__886205ba.npz,2,ASGL,2023-01-05-18,1,9,2,0,0,0,1,0.1111111111111111,0.5,0,0
1,42,2022-12-21-06,/home/ubuntu/klb/nuclr/nuclr/Data/Atanas_SF_unified_000776/cv5_grouped_v1/fold_1/test/test__2022-12-21-06__886205ba.npz,3,FLPL,2023-01-05-18,1,1,1,1,1,1,1,1.0,1.0,1,1
1,42,2022-12-21-06,/home/ubuntu/klb/nuclr/nuclr/Data/Atanas_SF_unified_000776/cv5_grouped_v1/fold_1/test/test__2022-12-21-06__886205ba.npz,4,AQR,2023-01-05-18,0,1,-1,1,0,1,0,1.0,0.0,1,0
1,42,2022-12-21-06,/home/ubuntu/klb/nuclr/nuclr/Data/Atanas_SF_unified_000776/cv5_grouped_v1/fold_1/test/test__2022-12-21-06__886205ba.npz,5,ASER,2023-01-05-18,1,1,1,1,1,1,1,1.0,1.0,1,1
1,42,2022-12-21-06,/home/ubuntu/klb/nuclr/nuclr/Data/Atanas_SF_unified_000776/cv5_grouped_v1/fold_1/test/test__2022-12-21-06__886205ba.npz,7,I1L,2023-01-05-18,1,1,1,1,1,1,1,1.0,1.0,1,1
1,42,2022-12-21-06,/home/ubuntu/klb/nuclr/nuclr/Data/Atanas_SF_unified_000776/cv5_grouped_v1/fold_1/test/test__2022-12-21-06__886205ba.npz,9,AIBR,2023-01-05-18,1,1,1,1,1,1,1,1.0,1.0,1,1
1,42,2022-12-21-06,/home/ubuntu/klb/nuclr/nuclr/Data/Atanas_SF_unified_000776/cv5_grouped_v1/fold_1/test/test__2022-12-21-06__886205ba.npz,11,I2L,2023-01-05-18,1,1,1,1,1,1,1,1.0,1.0,1,1
1,42,2022-12-21-06,/home/ubuntu/klb/nuclr/nuclr/Data/Atanas_SF_unified_000776/cv5_grouped_v1/fold_1/test/test__2022-12-21-06__886205ba.npz,12,IL2DL,2023-01-05-18,1,1,1,1,1,1,1,1.0,1.0,1,1
1,42,2022-12-21-06,/home/ubuntu/klb/nuclr/nuclr/Data/Atanas_SF_unified_000776/cv5_grouped_v1/fold_1/test/test__2022-12-21-06__886205ba.npz,14,RID,2023-01-05-18,1,1,1,1,1,1,1,1.0,1.0,1,1
1,42,2022-12-21-06,/home/ubuntu/klb/nuclr/nuclr/Data/Atanas_SF_unified_000776/cv5_grouped_v1/fold_1/test/test__2022-12-21-06__886205ba.npz,15,ADLL,2023-01-05-18,1,1,1,1,1,1,1,1.0,1.0,1,1
1,42,2022-12-21-06,/home/ubuntu/klb/nuclr/nuclr/Data/Atanas_SF_unified_000776/cv5_grouped_v1/fold_1/test/test__2022-12-21-06__886205ba.npz,17,AWCR,2023-01-05-18,0,1,-1,1,0,1,0,1.0,0.0,1,0
1,42,2022-12-21-06,/home/ubuntu/klb/nuclr/nuclr/Data/Atanas_SF_unified_000776/cv5_grouped_v1/fold_1/test/test__2022-12-21-06__886205ba.npz,18,RMDL,2023-01-05-18,1,1,1,1,1,1,1,1.0,1.0,1,1
1,42,2022-12-21-06,/home/ubuntu/klb/nuclr/nuclr/Data/Atanas_SF_unified_000776/cv5_grouped_v1/fold_1/test/test__2022-12-21-06__886205ba.npz,19,AVAL,2023-01-05-18,1,1,1,1,1,1,1,1.0,1.0,0,1
1,42,2022-12-21-06,/home/ubuntu/klb/nuclr/nuclr/Data/Atanas_SF_unified_000776/cv5_grouped_v1/fold_1/test/test__2022-12-21-06__886205ba.npz,20,I6,2023-01-05-18,1,2,2,0,0,1,1,0.5,0.5,0,0
1,42,2022-12-21-06,/home/ubuntu/klb/nuclr/nuclr/Data/Atanas_SF_unified_000776/cv5_grouped_v1/fold_1/test/test__2022-12-21-06__886205ba.npz,21,URYVR,2023-01-05-18,0,1,-1,1,0,1,0,1.0,0.0,1,0
1,42,2022-12-21-06,/home/ubuntu/klb/nuclr/nuclr/Data/Atanas_SF_unified_000776/cv5_grouped_v1/fold_1/test/test__2022-12-21-06__886205ba.npz,22,RMDVL,2023-01-05-18,1,1,1,1,1,1,1,1.0,1.0,1,1
1,42,2022-12-21-06,/home/ubuntu/klb/nuclr/nuclr/Data/Atanas_SF_unified_000776/cv5_grouped_v1/fold_1/test/test__2022-12-21-06__886205ba.npz,25,NSMR,2023-01-05-18,1,2,2,0,0,1,1,0.5,0.5,0,1
1,42,2022-12-21-06,/home/ubuntu/klb/nuclr/nuclr/Data/Atanas_SF_unified_000776/cv5_grouped_v1/fold_1/test/test__2022-12-21-06__886205ba.npz,27,M3L,2023-01-05-18,1,1,1,1,1,1,1,1.0,1.0,1,1
1,42,2022-12-21-06,/home/ubuntu/klb/nuclr/nuclr/Data/Atanas_SF_unified_000776/cv5_grouped_v1/fold_1/test/test__2022-12-21-06__886205ba.npz,29,AWBL,2023-01-05-18,1,1,1,1,1,1,1,1.0,1.0,1,1
1,42,2022-12-21-06,/home/ubuntu/klb/nuclr/nuclr/Data/Atanas_SF_unified_000776/cv5_grouped_v1/fold_1/test/test__2022-12-21-06__886205ba.npz,30,AVDL,2023-01-05-18,0,1,-1,1,0,1,0,1.0,0.0,1,0
1,42,2022-12-21-06,/home/ubuntu/klb/nuclr/nuclr/Data/Atanas_SF_unified_000776/cv5_grouped_v1/fold_1/test/test__2022-12-21-06__886205ba.npz,31,IL1VL,2023-01-05-18,0,2,-1,0,0,1,0,0.5,0.0,0,0
1,42,2022-12-21-06,/home/ubuntu/klb/nuclr/nuclr/Data/Atanas_SF_unified_000776/cv5_grouped_v1/fold_1/test/test__2022-12-21-06__886205ba.npz,32,M4,2023-01-05-18,1,1,1,1,1,1,1,1.0,1.0,1,1
1,42,2022-12-21-06,/home/ubuntu/klb/nuclr/nuclr/Data/Atanas_SF_unified_000776/cv5_grouped_v1/fold_1/test/test__2022-12-21-06__886205ba.npz,33,IL2VR,2023-01-05-18,1,1,1,1,1,1,1,1.0,1.0,1,1
1,42,2022-12-21-06,/home/ubuntu/klb/nuclr/nuclr/Data/Atanas_SF_unified_000776/cv5_grouped_v1/fold_1/test/test__2022-12-21-06__886205ba.npz,34,I2R,2023-01-05-18,1,1,1,1,1,1,1,1.0,1.0,1,1
1,42,2022-12-21-06,/home/ubuntu/klb/nuclr/nuclr/Data/Atanas_SF_unified_000776/cv5_grouped_v1/fold_1/test/test__2022-12-21-06__886205ba.npz,40,M3R,2023-01-05-18,1,1,1,1,1,1,1,1.0,1.0,1,1
1,42,2022-12-21-06,/home/ubuntu/klb/nuclr/nuclr/Data/Atanas_SF_unified_000776/cv5_grouped_v1/fold_1/test/test__2022-12-21-06__886205ba.npz,41,AUAL,2023-01-05-18,1,1,1,1,1,1,1,1.0,1.0,1,1
1,42,2022-12-21-06,/home/ubuntu/klb/nuclr/nuclr/Data/Atanas_SF_unified_000776/cv5_grouped_v1/fold_1/test/test__2022-12-21-06__886205ba.npz,44,URYDR,2023-01-05-18,1,1,1,1,1,1,1,1.0,1.0,1,1
1,42,2022-12-21-06,/home/ubuntu/klb/nuclr/nuclr/Data/Atanas_SF_unified_000776/cv5_grouped_v1/fold_1/test/test__2022-12-21-06__886205ba.npz,45,URXL,2023-01-05-18,1,1,1,1,1,1,1,1.0,1.0,1,1
1,42,2022-12-21-06,/home/ubuntu/klb/nuclr/nuclr/Data/Atanas_SF_unified_000776/cv5_grouped_v1/fold_1/test/test__2022-12-21-06__886205ba.npz,46,CEPVR,2023-01-05-18,0,12,-1,0,0,0,0,0.08333333333333333,0.0,0,0
1,42,2022-12-21-06,/home/ubuntu/klb/nuclr/nuclr/Data/Atanas_SF_unified_000776/cv5_grouped_v1/fold_1/test/test__2022-12-21-06__886205ba.npz,47,ADEL,2023-01-05-18,0,1,-1,1,0,1,0,1.0,0.0,0,0
1,42,2022-12-21-06,/home/ubuntu/klb/nuclr/nuclr/Data/Atanas_SF_unified_000776/cv5_grouped_v1/fold_1/test/test__2022-12-21-06__886205ba.npz,48,AWCL,2023-01-05-18,1,1,1,1,1,1,1,1.0,1.0,1,1
1,42,2022-12-21-06,/home/ubuntu/klb/nuclr/nuclr/Data/Atanas_SF_unified_000776/cv5_grouped_v1/fold_1/test/test__2022-12-21-06__886205ba.npz,50,BAGL,2023-01-05-18,0,1,-1,1,0,1,0,1.0,0.0,1,0
1,42,2022-12-21-06,/home/ubuntu/klb/nuclr/nuclr/Data/Atanas_SF_unified_000776/cv5_grouped_v1/fold_1/test/test__2022-12-21-06__886205ba.npz,51,IL1L,2023-01-05-18,1,1,1,1,1,1,1,1.0,1.0,1,1
1,42,2022-12-21-06,/home/ubuntu/klb/nuclr/nuclr/Data/Atanas_SF_unified_000776/cv5_grouped_v1/fold_1/test/test__2022-12-21-06__886205ba.npz,53,AVEL,2023-01-05-18,1,1,1,1,1,1,1,1.0,1.0,1,1
1,42,2022-12-21-06,/home/ubuntu/klb/nuclr/nuclr/Data/Atanas_SF_unified_000776/cv5_grouped_v1/fold_1/test/test__2022-12-21-06__886205ba.npz,59,IL2L,2023-01-05-18,1,2,1,0,1,1,1,0.5,1.0,0,1
1,42,2022-12-21-06,/home/ubuntu/klb/nuclr/nuclr/Data/Atanas_SF_unified_000776/cv5_grouped_v1/fold_1/test/test__2022-12-21-06__886205ba.npz,60,RMEL,2023-01-05-18,0,1,-1,1,0,1,0,1.0,0.0,1,0
1,42,2022-12-21-06,/home/ubuntu/klb/nuclr/nuclr/Data/Atanas_SF_unified_000776/cv5_grouped_v1/fold_1/test/test__2022-12-21-06__886205ba.npz,61,IL2VL,2023-01-05-18,1,1,1,1,1,1,1,1.0,1.0,1,1
1,42,2022-12-21-06,/home/ubuntu/klb/nuclr/nuclr/Data/Atanas_SF_unified_000776/cv5_grouped_v1/fold_1/test/test__2022-12-21-06__886205ba.npz,62,ASEL,2023-01-05-18,1,3,2,0,0,1,1,0.3333333333333333,0.5,0,0
1,42,2022-12-21-06,/home/ubuntu/klb/nuclr/nuclr/Data/Atanas_SF_unified_000776/cv5_grouped_v1/fold_1/test/test__2022-12-21-06__886205ba.npz,66,RICL,2023-01-05-18,1,1,4,1,0,1,1,1.0,0.25,0,0
1,42,2022-12-21-06,/home/ubuntu/klb/nuclr/nuclr/Data/Atanas_SF_unified_000776/cv5_grouped_v1/fold_1/test/test__2022-12-21-06__886205ba.npz,67,I1R,2023-01-05-18,1,1,1,1,1,1,1,1.0,1.0,1,1
1,42,2022-12-21-06,/home/ubuntu/klb/nuclr/nuclr/Data/Atanas_SF_unified_000776/cv5_grouped_v1/fold_1/test/test__2022-12-21-06__886205ba.npz,68,AIBL,2023-01-05-18,0,1,-1,1,0,1,0,1.0,0.0,1,0
1,42,2022-12-21-06,/home/ubuntu/klb/nuclr/nuclr/Data/Atanas_SF_unified_000776/cv5_grouped_v1/fold_1/test/test__2022-12-21-06__886205ba.npz,70,RIVR,2023-01-05-18,1,1,1,1,1,1,1,1.0,1.0,1,1
1,42,2022-12-21-06,/home/ubuntu/klb/nuclr/nuclr/Data/Atanas_SF_unified_000776/cv5_grouped_v1/fold_1/test/test__2022-12-21-06__886205ba.npz,71,AVJR,2023-01-05-18,1,3,2,0,0,1,1,0.3333333333333333,0.5,0,0
1,42,2022-12-21-06,/home/ubuntu/klb/nuclr/nuclr/Data/Atanas_SF_unified_000776/cv5_grouped_v1/fold_1/test/test__2022-12-21-06__886205ba.npz,72,MI,2023-01-05-18,1,1,1,1,1,1,1,1.0,1.0,1,1
1,42,2022-12-21-06,/home/ubuntu/klb/nuclr/nuclr/Data/Atanas_SF_unified_000776/cv5_grouped_v1/fold_1/test/test__2022-12-21-06__886205ba.npz,78,I3,2023-01-05-18,1,1,1,1,1,1,1,1.0,1.0,1,1
1,42,2022-12-21-06,/home/ubuntu/klb/nuclr/nuclr/Data/Atanas_SF_unified_000776/cv5_grouped_v1/fold_1/test/test__2022-12-21-06__886205ba.npz,81,URYDL,2023-01-05-18,1,2,1,0,1,1,1,0.5,1.0,0,1
1,42,2022-12-21-06,/home/ubuntu/klb/nuclr/nuclr/Data/Atanas_SF_unified_000776/cv5_grouped_v1/fold_1/test/test__2022-12-21-06__886205ba.npz,82,RMDVR,2023-01-05-18,1,1,1,1,1,1,1,1.0,1.0,1,1
1,42,2022-12-21-06,/home/ubuntu/klb/nuclr/nuclr/Data/Atanas_SF_unified_000776/cv5_grouped_v1/fold_1/test/test__2022-12-21-06__886205ba.npz,84,AVJL,2023-01-05-18,1,1,2,1,0,1,1,1.0,0.5,1,0
1,42,2022-12-21-06,/home/ubuntu/klb/nuclr/nuclr/Data/Atanas_SF_unified_000776/cv5_grouped_v1/fold_1/test/test__2022-12-21-06__886205ba.npz,87,OLQDL,2023-01-05-18,1,1,1,1,1,1,1,1.0,1.0,1,1
1,42,2022-12-21-06,/home/ubuntu/klb/nuclr/nuclr/Data/Atanas_SF_unified_000776/cv5_grouped_v1/fold_1/test/test__2022-12-21-06__886205ba.npz,89,IL1R,2023-01-05-18,0,1,-1,1,0,1,0,1.0,0.0,1,0
1,42,2022-12-21-06,/home/ubuntu/klb/nuclr/nuclr/Data/Atanas_SF_unified_000776/cv5_grouped_v1/fold_1/test/test__2022-12-21-06__886205ba.npz,92,CEPVL,2023-01-05-18,1,16,6,0,0,0,0,0.0625,0.16666666666666666,0,0
1,42,2022-12-21-06,/home/ubuntu/klb/nuclr/nuclr/Data/Atanas_SF_unified_000776/cv5_grouped_v1/fold_1/test/test__2022-12-21-06__886205ba.npz,101,CEPDL,2023-01-05-18,1,1,1,1,1,1,1,1.0,1.0,1,1
1,42,2022-12-21-06,/home/ubuntu/klb/nuclr/nuclr/Data/Atanas_SF_unified_000776/cv5_grouped_v1/fold_1/test/test__2022-12-21-06__886205ba.npz,102,AINL,2023-01-05-18,0,1,-1,1,0,1,0,1.0,0.0,1,0
1,42,2022-12-21-06,/home/ubuntu/klb/nuclr/nuclr/Data/Atanas_SF_unified_000776/cv5_grouped_v1/fold_1/test/test__2022-12-21-06__886205ba.npz,103,AIZL,2023-01-05-18,1,1,1,1,1,1,1,1.0,1.0,1,1
1,42,2022-12-21-06,/home/ubuntu/klb/nuclr/nuclr/Data/Atanas_SF_unified_000776/cv5_grouped_v1/fold_1/test/test__2022-12-21-06__886205ba.npz,106,RIMR,2023-01-05-18,0,1,-1,1,0,1,0,1.0,0.0,1,0
1,42,2022-12-21-06,/home/ubuntu/klb/nuclr/nuclr/Data/Atanas_SF_unified_000776/cv5_grouped_v1/fold_1/test/test__2022-12-21-06__886205ba.npz,107,IL1VR,2023-01-05-18,0,1,-1,1,0,1,0,1.0,0.0,1,0
1,42,2022-12-21-06,/home/ubuntu/klb/nuclr/nuclr/Data/Atanas_SF_unified_000776/cv5_grouped_v1/fold_1/test/test__2022-12-21-06__886205ba.npz,108,RMER,2023-01-05-18,1,1,1,1,1,1,1,1.0,1.0,1,1
1,42,2022-12-21-06,/home/ubuntu/klb/nuclr/nuclr/Data/Atanas_SF_unified_000776/cv5_grouped_v1/fold_1/test/test__2022-12-21-06__886205ba.npz,109,OLQVR,2023-01-05-18,1,1,1,1,1,1,1,1.0,1.0,1,1
1,42,2022-12-21-06,/home/ubuntu/klb/nuclr/nuclr/Data/Atanas_SF_unified_000776/cv5_grouped_v1/fold_1/test/test__2022-12-21-06__886205ba.npz,110,SMDVL,2023-01-05-18,1,1,1,1,1,1,1,1.0,1.0,1,1
1,42,2022-12-21-06,/home/ubuntu/klb/nuclr/nuclr/Data/Atanas_SF_unified_000776/cv5_grouped_v1/fold_1/test/test__2022-12-21-06__886205ba.npz,112,OLQDR,2023-01-05-18,1,1,1,1,1,1,1,1.0,1.0,1,1
1,42,2022-12-21-06,/home/ubuntu/klb/nuclr/nuclr/Data/Atanas_SF_unified_000776/cv5_grouped_v1/fold_1/test/test__2022-12-21-06__886205ba.npz,119,URBR,2023-01-05-18,1,1,1,1,1,1,1,1.0,1.0,1,1
1,42,2022-12-21-06,/home/ubuntu/klb/nuclr/nuclr/Data/Atanas_SF_unified_000776/cv5_grouped_v1/fold_1/test/test__2022-12-21-06__886205ba.npz,120,URYVL,2023-01-05-18,1,1,1,1,1,1,1,1.0,1.0,1,1
1,42,2022-12-21-06,/home/ubuntu/klb/nuclr/nuclr/Data/Atanas_SF_unified_000776/cv5_grouped_v1/fold_1/test/test__2022-12-21-06__886205ba.npz,122,RIVL,2023-01-05-18,1,1,1,1,1,1,1,1.0,1.0,1,1
1,42,2022-07-15-06,/home/ubuntu/klb/nuclr/nuclr/Data/Atanas_SF_unified_000776/cv5_grouped_v1/fold_1/test/train__2022-07-15-06__18a22ee5.npz,2,RMDDR,2023-01-05-18,0,1,-1,1,0,1,0,1.0,0.0,1,0
1,42,2022-07-15-06,/home/ubuntu/klb/nuclr/nuclr/Data/Atanas_SF_unified_000776/cv5_grouped_v1/fold_1/test/train__2022-07-15-06__18a22ee5.npz,3,IL1R,2023-01-05-18,0,1,-1,1,0,1,0,1.0,0.0,1,0
1,42,2022-07-15-06,/home/ubuntu/klb/nuclr/nuclr/Data/Atanas_SF_unified_000776/cv5_grouped_v1/fold_1/test/train__2022-07-15-06__18a22ee5.npz,5,IL2VR,2023-01-05-18,1,1,1,1,1,1,1,1.0,1.0,1,1
1,42,2022-07-15-06,/home/ubuntu/klb/nuclr/nuclr/Data/Atanas_SF_unified_000776/cv5_grouped_v1/fold_1/test/train__2022-07-15-06__18a22ee5.npz,8,ASGL,2023-01-05-18,1,2,1,0,1,1,1,0.5,1.0,0,1
1,42,2022-07-15-06,/home/ubuntu/klb/nuclr/nuclr/Data/Atanas_SF_unified_000776/cv5_grouped_v1/fold_1/test/train__2022-07-15-06__18a22ee5.npz,9,IL1VR,2023-01-05-18,0,1,-1,1,0,1,0,1.0,0.0,1,0
1,42,2022-07-15-06,/home/ubuntu/klb/nuclr/nuclr/Data/Atanas_SF_unified_000776/cv5_grouped_v1/fold_1/test/train__2022-07-15-06__18a22ee5.npz,10,AVEL,2023-01-05-18,1,1,1,1,1,1,1,1.0,1.0,1,1
1,42,2022-07-15-06,/home/ubuntu/klb/nuclr/nuclr/Data/Atanas_SF_unified_000776/cv5_grouped_v1/fold_1/test/train__2022-07-15-06__18a22ee5.npz,12,ALA,2023-01-05-18,0,1,-1,1,0,1,0,1.0,0.0,1,0
1,42,2022-07-15-06,/home/ubuntu/klb/nuclr/nuclr/Data/Atanas_SF_unified_000776/cv5_grouped_v1/fold_1/test/train__2022-07-15-06__18a22ee5.npz,14,AVAR,2023-01-05-18,1,1,1,1,1,1,1,1.0,1.0,1,1
1,42,2022-07-15-06,/home/ubuntu/klb/nuclr/nuclr/Data/Atanas_SF_unified_000776/cv5_grouped_v1/fold_1/test/train__2022-07-15-06__18a22ee5.npz,16,URYDL,2023-01-05-18,1,38,29,0,0,0,0,0.02631578947368421,0.034482758620689655,0,0
1,42,2022-07-15-06,/home/ubuntu/klb/nuclr/nuclr/Data/Atanas_SF_unified_000776/cv5_grouped_v1/fold_1/test/train__2022-07-15-06__18a22ee5.npz,19,AVAL,2023-01-05-18,1,1,1,1,1,1,1,1.0,1.0,1,1
1,42,2022-07-15-06,/home/ubuntu/klb/nuclr/nuclr/Data/Atanas_SF_unified_000776/cv5_grouped_v1/fold_1/test/train__2022-07-15-06__18a22ee5.npz,20,CEPVL,2023-01-05-18,1,1,1,1,1,1,1,1.0,1.0,1,0
1,42,2022-07-15-06,/home/ubuntu/klb/nuclr/nuclr/Data/Atanas_SF_unified_000776/cv5_grouped_v1/fold_1/test/train__2022-07-15-06__18a22ee5.npz,21,URYVR,2023-01-05-18,0,2,-1,0,0,1,0,0.5,0.0,1,0
1,42,2022-07-15-06,/home/ubuntu/klb/nuclr/nuclr/Data/Atanas_SF_unified_000776/cv5_grouped_v1/fold_1/test/train__2022-07-15-06__18a22ee5.npz,22,ASEL,2023-01-05-18,1,2,2,0,0,1,1,0.5,0.5,0,1
1,42,2022-07-15-06,/home/ubuntu/klb/nuclr/nuclr/Data/Atanas_SF_unified_000776/cv5_grouped_v1/fold_1/test/train__2022-07-15-06__18a22ee5.npz,23,AVER,2023-01-05-18,1,1,1,1,1,1,1,1.0,1.0,1,1
1,42,2022-07-15-06,/home/ubuntu/klb/nuclr/nuclr/Data/Atanas_SF_unified_000776/cv5_grouped_v1/fold_1/test/train__2022-07-15-06__18a22ee5.npz,24,RMEL,2023-01-05-18,0,32,-1,0,0,0,0,0.03125,0.0,0,0
1,42,2022-07-15-06,/home/ubuntu/klb/nuclr/nuclr/Data/Atanas_SF_unified_000776/cv5_grouped_v1/fold_1/test/train__2022-07-15-06__18a22ee5.npz,28,ADER,2023-01-05-18,1,4,1,0,1,1,1,0.25,1.0,0,0
1,42,2022-07-15-06,/home/ubuntu/klb/nuclr/nuclr/Data/Atanas_SF_unified_000776/cv5_grouped_v1/fold_1/test/train__2022-07-15-06__18a22ee5.npz,29,AUAL,2023-01-05-18,1,1,1,1,1,1,1,1.0,1.0,1,1
1,42,2022-07-15-06,/home/ubuntu/klb/nuclr/nuclr/Data/Atanas_SF_unified_000776/cv5_grouped_v1/fold_1/test/train__2022-07-15-06__18a22ee5.npz,30,AWCL,2023-01-05-18,1,1,1,1,1,1,1,1.0,1.0,1,1
1,42,2022-07-15-06,/home/ubuntu/klb/nuclr/nuclr/Data/Atanas_SF_unified_000776/cv5_grouped_v1/fold_1/test/train__2022-07-15-06__18a22ee5.npz,31,AVDL,2023-01-05-18,0,1,-1,1,0,1,0,1.0,0.0,1,0
1,42,2022-07-15-06,/home/ubuntu/klb/nuclr/nuclr/Data/Atanas_SF_unified_000776/cv5_grouped_v1/fold_1/test/train__2022-07-15-06__18a22ee5.npz,33,AVHL,2023-01-05-18,1,1,1,1,1,1,1,1.0,1.0,1,1
1,42,2022-07-15-06,/home/ubuntu/klb/nuclr/nuclr/Data/Atanas_SF_unified_000776/cv5_grouped_v1/fold_1/test/train__2022-07-15-06__18a22ee5.npz,34,ADLL,2023-01-05-18,1,1,1,1,1,1,1,1.0,1.0,1,1
1,42,2022-07-15-06,/home/ubuntu/klb/nuclr/nuclr/Data/Atanas_SF_unified_000776/cv5_grouped_v1/fold_1/test/train__2022-07-15-06__18a22ee5.npz,37,OLQVL,2023-01-05-18,1,2,1,0,1,1,1,0.5,1.0,0,1
1,42,2022-07-15-06,/home/ubuntu/klb/nuclr/nuclr/Data/Atanas_SF_unified_000776/cv5_grouped_v1/fold_1/test/train__2022-07-15-06__18a22ee5.npz,44,NSML,2023-01-05-18,1,1,1,1,1,1,1,1.0,1.0,1,1
1,42,2022-07-15-06,/home/ubuntu/klb/nuclr/nuclr/Data/Atanas_SF_unified_000776/cv5_grouped_v1/fold_1/test/train__2022-07-15-06__18a22ee5.npz,46,IL2DR,2023-01-05-18,1,1,1,1,1,1,1,1.0,1.0,1,1
1,42,2022-07-15-06,/home/ubuntu/klb/nuclr/nuclr/Data/Atanas_SF_unified_000776/cv5_grouped_v1/fold_1/test/train__2022-07-15-06__18a22ee5.npz,47,RMDR,2023-01-05-18,0,2,-1,0,0,1,0,0.5,0.0,0,0
1,42,2022-07-15-06,/home/ubuntu/klb/nuclr/nuclr/Data/Atanas_SF_unified_000776/cv5_grouped_v1/fold_1/test/train__2022-07-15-06__18a22ee5.npz,49,RMDVR,2023-01-05-18,1,1,1,1,1,1,1,1.0,1.0,1,1
1,42,2022-07-15-06,/home/ubuntu/klb/nuclr/nuclr/Data/Atanas_SF_unified_000776/cv5_grouped_v1/fold_1/test/train__2022-07-15-06__18a22ee5.npz,50,CEPDL,2023-01-05-18,1,1,1,1,1,1,1,1.0,1.0,1,1
1,42,2022-07-15-06,/home/ubuntu/klb/nuclr/nuclr/Data/Atanas_SF_unified_000776/cv5_grouped_v1/fold_1/test/train__2022-07-15-06__18a22ee5.npz,52,OLQDR,2023-01-05-18,1,1,1,1,1,1,1,1.0,1.0,1,1
1,42,2022-07-15-06,/home/ubuntu/klb/nuclr/nuclr/Data/Atanas_SF_unified_000776/cv5_grouped_v1/fold_1/test/train__2022-07-15-06__18a22ee5.npz,53,ADAL,2023-01-05-18,0,3,-1,0,0,1,0,0.3333333333333333,0.0,0,0
1,42,2022-07-15-06,/home/ubuntu/klb/nuclr/nuclr/Data/Atanas_SF_unified_000776/cv5_grouped_v1/fold_1/test/train__2022-07-15-06__18a22ee5.npz,54,IL1L,2023-01-05-18,1,9,5,0,0,0,1,0.1111111111111111,0.2,0,0
1,42,2022-07-15-06,/home/ubuntu/klb/nuclr/nuclr/Data/Atanas_SF_unified_000776/cv5_grouped_v1/fold_1/test/train__2022-07-15-06__18a22ee5.npz,55,URAVL,2023-01-05-18,1,1,1,1,1,1,1,1.0,1.0,1,1
1,42,2022-07-15-06,/home/ubuntu/klb/nuclr/nuclr/Data/Atanas_SF_unified_000776/cv5_grouped_v1/fold_1/test/train__2022-07-15-06__18a22ee5.npz,56,IL1DR,2023-01-05-18,1,1,1,1,1,1,1,1.0,1.0,1,1
1,42,2022-07-15-06,/home/ubuntu/klb/nuclr/nuclr/Data/Atanas_SF_unified_000776/cv5_grouped_v1/fold_1/test/train__2022-07-15-06__18a22ee5.npz,57,RMDL,2023-01-05-18,1,1,1,1,1,1,1,1.0,1.0,1,1
1,42,2022-07-15-06,/home/ubuntu/klb/nuclr/nuclr/Data/Atanas_SF_unified_000776/cv5_grouped_v1/fold_1/test/train__2022-07-15-06__18a22ee5.npz,59,IL1DL,2023-01-05-18,1,1,1,1,1,1,1,1.0,1.0,1,1
1,42,2022-07-15-06,/home/ubuntu/klb/nuclr/nuclr/Data/Atanas_SF_unified_000776/cv5_grouped_v1/fold_1/test/train__2022-07-15-06__18a22ee5.npz,60,RMDVL,2023-01-05-18,1,1,1,1,1,1,1,1.0,1.0,1,1
1,42,2022-07-15-06,/home/ubuntu/klb/nuclr/nuclr/Data/Atanas_SF_unified_000776/cv5_grouped_v1/fold_1/test/train__2022-07-15-06__18a22ee5.npz,62,RIVL,2023-01-05-18,1,1,1,1,1,1,1,1.0,1.0,1,1
1,42,2022-07-15-06,/home/ubuntu/klb/nuclr/nuclr/Data/Atanas_SF_unified_000776/cv5_grouped_v1/fold_1/test/train__2022-07-15-06__18a22ee5.npz,64,AIZL,2023-01-05-18,1,9,16,0,0,0,0,0.1111111111111111,0.0625,0,0
1,42,2022-07-15-06,/home/ubuntu/klb/nuclr/nuclr/Data/Atanas_SF_unified_000776/cv5_grouped_v1/fold_1/test/train__2022-07-15-06__18a22ee5.npz,66,AQR,2023-01-05-18,0,4,-1,0,0,1,0,0.25,0.0,0,0
1,42,2022-07-15-06,/home/ubuntu/klb/nuclr/nuclr/Data/Atanas_SF_unified_000776/cv5_grouped_v1/fold_1/test/train__2022-07-15-06__18a22ee5.npz,67,OLLR,2023-01-05-18,1,5,5,0,0,1,1,0.2,0.2,0,0
1,42,2022-07-15-06,/home/ubuntu/klb/nuclr/nuclr/Data/Atanas_SF_unified_000776/cv5_grouped_v1/fold_1/test/train__2022-07-15-06__18a22ee5.npz,68,AINL,2023-01-05-18,0,2,-1,0,0,1,0,0.5,0.0,0,0
1,42,2022-07-15-06,/home/ubuntu/klb/nuclr/nuclr/Data/Atanas_SF_unified_000776/cv5_grouped_v1/fold_1/test/train__2022-07-15-06__18a22ee5.npz,71,AIAR,2023-01-05-18,0,7,-1,0,0,0,0,0.14285714285714285,0.0,0,0
1,42,2022-07-15-06,/home/ubuntu/klb/nuclr/nuclr/Data/Atanas_SF_unified_000776/cv5_grouped_v1/fold_1/test/train__2022-07-15-06__18a22ee5.npz,72,OLQVR,2023-01-05-18,1,1,1,1,1,1,1,1.0,1.0,1,0
1,42,2022-07-15-06,/home/ubuntu/klb/nuclr/nuclr/Data/Atanas_SF_unified_000776/cv5_grouped_v1/fold_1/test/train__2022-07-15-06__18a22ee5.npz,73,OLLL,2023-01-05-18,1,5,5,0,0,1,1,0.2,0.2,0,0
1,42,2022-07-15-06,/home/ubuntu/klb/nuclr/nuclr/Data/Atanas_SF_unified_000776/cv5_grouped_v1/fold_1/test/train__2022-07-15-06__18a22ee5.npz,74,SMDVL,2023-01-05-18,1,2,1,0,1,1,1,0.5,1.0,0,1
1,42,2022-07-15-06,/home/ubuntu/klb/nuclr/nuclr/Data/Atanas_SF_unified_000776/cv5_grouped_v1/fold_1/test/train__2022-07-15-06__18a22ee5.npz,77,AIBL,2023-01-05-18,0,24,-1,0,0,0,0,0.041666666666666664,0.0,0,0
1,42,2022-07-15-06,/home/ubuntu/klb/nuclr/nuclr/Data/Atanas_SF_unified_000776/cv5_grouped_v1/fold_1/test/train__2022-07-15-06__18a22ee5.npz,78,RIAL,2023-01-05-18,1,1,1,1,1,1,1,1.0,1.0,1,0
1,42,2022-07-15-06,/home/ubuntu/klb/nuclr/nuclr/Data/Atanas_SF_unified_000776/cv5_grouped_v1/fold_1/test/train__2022-07-15-06__18a22ee5.npz,79,RID,2023-01-05-18,1,1,1,1,1,1,1,1.0,1.0,1,1
1,42,2022-07-15-06,/home/ubuntu/klb/nuclr/nuclr/Data/Atanas_SF_unified_000776/cv5_grouped_v1/fold_1/test/train__2022-07-15-06__18a22ee5.npz,80,URXL,2023-01-05-18,1,1,1,1,1,1,1,1.0,1.0,1,1
1,42,2022-07-15-06,/home/ubuntu/klb/nuclr/nuclr/Data/Atanas_SF_unified_000776/cv5_grouped_v1/fold_1/test/train__2022-07-15-06__18a22ee5.npz,81,M3R,2023-01-05-18,1,1,1,1,1,1,1,1.0,1.0,1,1
1,42,2022-07-15-06,/home/ubuntu/klb/nuclr/nuclr/Data/Atanas_SF_unified_000776/cv5_grouped_v1/fold_1/test/train__2022-07-15-06__18a22ee5.npz,82,M3L,2023-01-05-18,1,1,1,1,1,1,1,1.0,1.0,1,1
1,42,2022-07-15-06,/home/ubuntu/klb/nuclr/nuclr/Data/Atanas_SF_unified_000776/cv5_grouped_v1/fold_1/test/train__2022-07-15-06__18a22ee5.npz,87,CEPDR,2023-01-05-18,1,1,1,1,1,1,1,1.0,1.0,1,1
1,42,2022-07-15-06,/home/ubuntu/klb/nuclr/nuclr/Data/Atanas_SF_unified_000776/cv5_grouped_v1/fold_1/test/train__2022-07-15-06__18a22ee5.npz,89,MCL,2023-01-05-18,1,2,1,0,1,1,1,0.5,1.0,0,1
1,42,2022-07-15-06,/home/ubuntu/klb/nuclr/nuclr/Data/Atanas_SF_unified_000776/cv5_grouped_v1/fold_1/test/train__2022-07-15-06__18a22ee5.npz,90,NSMR,2023-01-05-18,1,1,1,1,1,1,1,1.0,1.0,1,1
1,42,2022-07-15-06,/home/ubuntu/klb/nuclr/nuclr/Data/Atanas_SF_unified_000776/cv5_grouped_v1/fold_1/test/train__2022-07-15-06__18a22ee5.npz,91,OLQDL,2023-01-05-18,1,1,1,1,1,1,1,1.0,1.0,1,1
1,42,2022-07-15-06,/home/ubuntu/klb/nuclr/nuclr/Data/Atanas_SF_unified_000776/cv5_grouped_v1/fold_1/test/train__2022-07-15-06__18a22ee5.npz,93,URXR,2023-01-05-18,1,3,1,0,1,1,1,0.3333333333333333,1.0,0,1
1,42,2022-07-15-06,/home/ubuntu/klb/nuclr/nuclr/Data/Atanas_SF_unified_000776/cv5_grouped_v1/fold_1/test/train__2022-07-15-06__18a22ee5.npz,97,AIYR,2023-01-05-18,0,1,-1,1,0,1,0,1.0,0.0,1,0
1,42,2022-07-15-06,/home/ubuntu/klb/nuclr/nuclr/Data/Atanas_SF_unified_000776/cv5_grouped_v1/fold_1/test/train__2022-07-15-06__18a22ee5.npz,98,I2R,2023-01-05-18,1,1,1,1,1,1,1,1.0,1.0,1,1
1,42,2022-07-15-06,/home/ubuntu/klb/nuclr/nuclr/Data/Atanas_SF_unified_000776/cv5_grouped_v1/fold_1/test/train__2022-07-15-06__18a22ee5.npz,104,AWBL,2023-01-05-18,1,1,1,1,1,1,1,1.0,1.0,1,1
1,42,2022-07-15-06,/home/ubuntu/klb/nuclr/nuclr/Data/Atanas_SF_unified_000776/cv5_grouped_v1/fold_1/test/train__2022-07-15-06__18a22ee5.npz,105,I1L,2023-01-05-18,1,1,1,1,1,1,1,1.0,1.0,1,1
1,42,2022-07-15-06,/home/ubuntu/klb/nuclr/nuclr/Data/Atanas_SF_unified_000776/cv5_grouped_v1/fold_1/test/train__2022-07-15-06__18a22ee5.npz,106,AIYL,2023-01-05-18,0,6,-1,0,0,0,0,0.16666666666666666,0.0,0,0
1,42,2022-07-15-06,/home/ubuntu/klb/nuclr/nuclr/Data/Atanas_SF_unified_000776/cv5_grouped_v1/fold_1/test/train__2022-07-15-06__18a22ee5.npz,107,VB02,2023-01-05-18,0,1,-1,1,0,1,0,1.0,0.0,1,0
1,42,2022-07-15-06,/home/ubuntu/klb/nuclr/nuclr/Data/Atanas_SF_unified_000776/cv5_grouped_v1/fold_1/test/train__2022-07-15-06__18a22ee5.npz,110,RMED,2023-01-05-18,0,1,-1,1,0,1,0,1.0,0.0,1,0
1,42,2022-07-15-06,/home/ubuntu/klb/nuclr/nuclr/Data/Atanas_SF_unified_000776/cv5_grouped_v1/fold_1/test/train__2022-07-15-06__18a22ee5.npz,112,AWAL,2023-01-05-18,1,1,1,1,1,1,1,1.0,1.0,1,1
1,42,2022-07-15-06,/home/ubuntu/klb/nuclr/nuclr/Data/Atanas_SF_unified_000776/cv5_grouped_v1/fold_1/test/train__2022-07-15-06__18a22ee5.npz,113,RMEV,2023-01-05-18,1,2,1,0,1,1,1,0.5,1.0,0,1
1,42,2022-07-15-06,/home/ubuntu/klb/nuclr/nuclr/Data/Atanas_SF_unified_000776/cv5_grouped_v1/fold_1/test/train__2022-07-15-06__18a22ee5.npz,114,I2L,2023-01-05-18,1,1,1,1,1,1,1,1.0,1.0,1,1
1,42,2022-07-15-06,/home/ubuntu/klb/nuclr/nuclr/Data/Atanas_SF_unified_000776/cv5_grouped_v1/fold_1/test/train__2022-07-15-06__18a22ee5.npz,115,IL2DL,2023-01-05-18,1,2,1,0,1,1,1,0.5,1.0,0,1
1,42,2022-07-15-06,/home/ubuntu/klb/nuclr/nuclr/Data/Atanas_SF_unified_000776/cv5_grouped_v1/fold_1/test/train__2022-07-15-06__18a22ee5.npz,116,RMER,2023-01-05-18,1,1,1,1,1,1,1,1.0,1.0,1,1
1,42,2022-07-15-06,/home/ubuntu/klb/nuclr/nuclr/Data/Atanas_SF_unified_000776/cv5_grouped_v1/fold_1/test/train__2022-07-15-06__18a22ee5.npz,117,I3,2023-01-05-18,1,1,1,1,1,1,1,1.0,1.0,1,1
1,42,2022-07-15-06,/home/ubuntu/klb/nuclr/nuclr/Data/Atanas_SF_unified_000776/cv5_grouped_v1/fold_1/test/train__2022-07-15-06__18a22ee5.npz,121,URADL,2023-01-05-18,1,1,2,1,0,1,1,1.0,0.5,1,0
1,42,2023-01-09-22,/home/ubuntu/klb/nuclr/nuclr/Data/Atanas_SF_unified_000776/cv5_grouped_v1/fold_1/test/train__2023-01-09-22__2f7d76c0.npz,0,AVDR,2023-01-05-18,1,1,2,1,0,1,1,1.0,0.5,1,1
1,42,2023-01-09-22,/home/ubuntu/klb/nuclr/nuclr/Data/Atanas_SF_unified_000776/cv5_grouped_v1/fold_1/test/train__2023-01-09-22__2f7d76c0.npz,1,URYVL,2023-01-05-18,1,1,1,1,1,1,1,1.0,1.0,1,1
1,42,2023-01-09-22,/home/ubuntu/klb/nuclr/nuclr/Data/Atanas_SF_unified_000776/cv5_grouped_v1/fold_1/test/train__2023-01-09-22__2f7d76c0.npz,2,AIYR,2023-01-05-18,0,1,-1,1,0,1,0,1.0,0.0,1,0
1,42,2023-01-09-22,/home/ubuntu/klb/nuclr/nuclr/Data/Atanas_SF_unified_000776/cv5_grouped_v1/fold_1/test/train__2023-01-09-22__2f7d76c0.npz,3,OLQDL,2023-01-05-18,1,1,1,1,1,1,1,1.0,1.0,1,1
1,42,2023-01-09-22,/home/ubuntu/klb/nuclr/nuclr/Data/Atanas_SF_unified_000776/cv5_grouped_v1/fold_1/test/train__2023-01-09-22__2f7d76c0.npz,5,AIZL,2023-01-05-18,1,1,1,1,1,1,1,1.0,1.0,1,1
1,42,2023-01-09-22,/home/ubuntu/klb/nuclr/nuclr/Data/Atanas_SF_unified_000776/cv5_grouped_v1/fold_1/test/train__2023-01-09-22__2f7d76c0.npz,7,RMDL,2023-01-05-18,1,1,1,1,1,1,1,1.0,1.0,1,1
1,42,2023-01-09-22,/home/ubuntu/klb/nuclr/nuclr/Data/Atanas_SF_unified_000776/cv5_grouped_v1/fold_1/test/train__2023-01-09-22__2f7d76c0.npz,8,URYDL,2023-01-05-18,1,1,1,1,1,1,1,1.0,1.0,1,1
1,42,2023-01-09-22,/home/ubuntu/klb/nuclr/nuclr/Data/Atanas_SF_unified_000776/cv5_grouped_v1/fold_1/test/train__2023-01-09-22__2f7d76c0.npz,9,CEPVL,2023-01-05-18,1,1,3,1,0,1,1,1.0,0.3333333333333333,1,0
1,42,2023-01-09-22,/home/ubuntu/klb/nuclr/nuclr/Data/Atanas_SF_unified_000776/cv5_grouped_v1/fold_1/test/train__2023-01-09-22__2f7d76c0.npz,10,OLLR,2023-01-05-18,1,1,1,1,1,1,1,1.0,1.0,1,1
1,42,2023-01-09-22,/home/ubuntu/klb/nuclr/nuclr/Data/Atanas_SF_unified_000776/cv5_grouped_v1/fold_1/test/train__2023-01-09-22__2f7d76c0.npz,11,IL2DR,2023-01-05-18,1,1,1,1,1,1,1,1.0,1.0,1,1
1,42,2023-01-09-22,/home/ubuntu/klb/nuclr/nuclr/Data/Atanas_SF_unified_000776/cv5_grouped_v1/fold_1/test/train__2023-01-09-22__2f7d76c0.npz,12,BAGL,2023-01-05-18,0,1,-1,1,0,1,0,1.0,0.0,1,0
1,42,2023-01-09-22,/home/ubuntu/klb/nuclr/nuclr/Data/Atanas_SF_unified_000776/cv5_grouped_v1/fold_1/test/train__2023-01-09-22__2f7d76c0.npz,14,URBL,2023-01-05-18,1,1,1,1,1,1,1,1.0,1.0,1,1
1,42,2023-01-09-22,/home/ubuntu/klb/nuclr/nuclr/Data/Atanas_SF_unified_000776/cv5_grouped_v1/fold_1/test/train__2023-01-09-22__2f7d76c0.npz,15,I1R,2023-01-05-18,1,1,1,1,1,1,1,1.0,1.0,1,1
1,42,2023-01-09-22,/home/ubuntu/klb/nuclr/nuclr/Data/Atanas_SF_unified_000776/cv5_grouped_v1/fold_1/test/train__2023-01-09-22__2f7d76c0.npz,16,RMDVL,2023-01-05-18,1,1,1,1,1,1,1,1.0,1.0,1,1
1,42,2023-01-09-22,/home/ubuntu/klb/nuclr/nuclr/Data/Atanas_SF_unified_000776/cv5_grouped_v1/fold_1/test/train__2023-01-09-22__2f7d76c0.npz,17,SMDVR,2023-01-05-18,0,1,-1,1,0,1,0,1.0,0.0,1,0
1,42,2023-01-09-22,/home/ubuntu/klb/nuclr/nuclr/Data/Atanas_SF_unified_000776/cv5_grouped_v1/fold_1/test/train__2023-01-09-22__2f7d76c0.npz,18,AUAR,2023-01-05-18,0,1,-1,1,0,1,0,1.0,0.0,1,0
1,42,2023-01-09-22,/home/ubuntu/klb/nuclr/nuclr/Data/Atanas_SF_unified_000776/cv5_grouped_v1/fold_1/test/train__2023-01-09-22__2f7d76c0.npz,21,AWCL,2023-01-05-18,1,1,1,1,1,1,1,1.0,1.0,1,1
1,42,2023-01-09-22,/home/ubuntu/klb/nuclr/nuclr/Data/Atanas_SF_unified_000776/cv5_grouped_v1/fold_1/test/train__2023-01-09-22__2f7d76c0.npz,23,CEPVR,2023-01-05-18,0,1,-1,1,0,1,0,1.0,0.0,1,0
1,42,2023-01-09-22,/home/ubuntu/klb/nuclr/nuclr/Data/Atanas_SF_unified_000776/cv5_grouped_v1/fold_1/test/train__2023-01-09-22__2f7d76c0.npz,24,AVAL,2023-01-05-18,1,1,1,1,1,1,1,1.0,1.0,1,1
1,42,2023-01-09-22,/home/ubuntu/klb/nuclr/nuclr/Data/Atanas_SF_unified_000776/cv5_grouped_v1/fold_1/test/train__2023-01-09-22__2f7d76c0.npz,25,IL1DR,2023-01-05-18,1,2,2,0,0,1,1,0.5,0.5,0,0
1,42,2023-01-09-22,/home/ubuntu/klb/nuclr/nuclr/Data/Atanas_SF_unified_000776/cv5_grouped_v1/fold_1/test/train__2023-01-09-22__2f7d76c0.npz,27,RIVL,2023-01-05-18,1,1,1,1,1,1,1,1.0,1.0,1,1
1,42,2023-01-09-22,/home/ubuntu/klb/nuclr/nuclr/Data/Atanas_SF_unified_000776/cv5_grouped_v1/fold_1/test/train__2023-01-09-22__2f7d76c0.npz,28,RIAR,2023-01-05-18,1,1,1,1,1,1,1,1.0,1.0,1,1
1,42,2023-01-09-22,/home/ubuntu/klb/nuclr/nuclr/Data/Atanas_SF_unified_000776/cv5_grouped_v1/fold_1/test/train__2023-01-09-22__2f7d76c0.npz,31,RMDDR,2023-01-05-18,0,1,-1,1,0,1,0,1.0,0.0,1,0
1,42,2023-01-09-22,/home/ubuntu/klb/nuclr/nuclr/Data/Atanas_SF_unified_000776/cv5_grouped_v1/fold_1/test/train__2023-01-09-22__2f7d76c0.npz,33,M3R,2023-01-05-18,1,1,1,1,1,1,1,1.0,1.0,1,1
1,42,2023-01-09-22,/home/ubuntu/klb/nuclr/nuclr/Data/Atanas_SF_unified_000776/cv5_grouped_v1/fold_1/test/train__2023-01-09-22__2f7d76c0.npz,34,RMER,2023-01-05-18,1,3,4,0,0,1,1,0.3333333333333333,0.25,1,0
1,42,2023-01-09-22,/home/ubuntu/klb/nuclr/nuclr/Data/Atanas_SF_unified_000776/cv5_grouped_v1/fold_1/test/train__2023-01-09-22__2f7d76c0.npz,36,IL1VR,2023-01-05-18,0,1,-1,1,0,1,0,1.0,0.0,1,0
1,42,2023-01-09-22,/home/ubuntu/klb/nuclr/nuclr/Data/Atanas_SF_unified_000776/cv5_grouped_v1/fold_1/test/train__2023-01-09-22__2f7d76c0.npz,37,I2L,2023-01-05-18,1,1,1,1,1,1,1,1.0,1.0,1,1
1,42,2023-01-09-22,/home/ubuntu/klb/nuclr/nuclr/Data/Atanas_SF_unified_000776/cv5_grouped_v1/fold_1/test/train__2023-01-09-22__2f7d76c0.npz,39,ASEL,2023-01-05-18,1,1,1,1,1,1,1,1.0,1.0,1,1
1,42,2023-01-09-22,/home/ubuntu/klb/nuclr/nuclr/Data/Atanas_SF_unified_000776/cv5_grouped_v1/fold_1/test/train__2023-01-09-22__2f7d76c0.npz,40,M3L,2023-01-05-18,1,1,1,1,1,1,1,1.0,1.0,1,1
1,42,2023-01-09-22,/home/ubuntu/klb/nuclr/nuclr/Data/Atanas_SF_unified_000776/cv5_grouped_v1/fold_1/test/train__2023-01-09-22__2f7d76c0.npz,41,OLQVL,2023-01-05-18,1,1,1,1,1,1,1,1.0,1.0,1,1
1,42,2023-01-09-22,/home/ubuntu/klb/nuclr/nuclr/Data/Atanas_SF_unified_000776/cv5_grouped_v1/fold_1/test/train__2023-01-09-22__2f7d76c0.npz,43,FLPL,2023-01-05-18,1,1,1,1,1,1,1,1.0,1.0,1,1
1,42,2023-01-09-22,/home/ubuntu/klb/nuclr/nuclr/Data/Atanas_SF_unified_000776/cv5_grouped_v1/fold_1/test/train__2023-01-09-22__2f7d76c0.npz,44,IL1VL,2023-01-05-18,0,1,-1,1,0,1,0,1.0,0.0,1,0
1,42,2023-01-09-22,/home/ubuntu/klb/nuclr/nuclr/Data/Atanas_SF_unified_000776/cv5_grouped_v1/fold_1/test/train__2023-01-09-22__2f7d76c0.npz,46,ASGR,2023-01-05-18,0,1,-1,1,0,1,0,1.0,0.0,1,0
1,42,2023-01-09-22,/home/ubuntu/klb/nuclr/nuclr/Data/Atanas_SF_unified_000776/cv5_grouped_v1/fold_1/test/train__2023-01-09-22__2f7d76c0.npz,48,URYDR,2023-01-05-18,1,1,1,1,1,1,1,1.0,1.0,1,1
1,42,2023-01-09-22,/home/ubuntu/klb/nuclr/nuclr/Data/Atanas_SF_unified_000776/cv5_grouped_v1/fold_1/test/train__2023-01-09-22__2f7d76c0.npz,49,AVDL,2023-01-05-18,0,1,-1,1,0,1,0,1.0,0.0,1,0
1,42,2023-01-09-22,/home/ubuntu/klb/nuclr/nuclr/Data/Atanas_SF_unified_000776/cv5_grouped_v1/fold_1/test/train__2023-01-09-22__2f7d76c0.npz,50,SMDDL,2023-01-05-18,0,2,-1,0,0,1,0,0.5,0.0,0,0
1,42,2023-01-09-22,/home/ubuntu/klb/nuclr/nuclr/Data/Atanas_SF_unified_000776/cv5_grouped_v1/fold_1/test/train__2023-01-09-22__2f7d76c0.npz,51,I3,2023-01-05-18,1,1,1,1,1,1,1,1.0,1.0,1,1
1,42,2023-01-09-22,/home/ubuntu/klb/nuclr/nuclr/Data/Atanas_SF_unified_000776/cv5_grouped_v1/fold_1/test/train__2023-01-09-22__2f7d76c0.npz,53,IL2DL,2023-01-05-18,1,1,1,1,1,1,1,1.0,1.0,1,1
1,42,2023-01-09-22,/home/ubuntu/klb/nuclr/nuclr/Data/Atanas_SF_unified_000776/cv5_grouped_v1/fold_1/test/train__2023-01-09-22__2f7d76c0.npz,54,RIH,2023-01-05-18,0,2,-1,0,0,1,0,0.5,0.0,0,0
1,42,2023-01-09-22,/home/ubuntu/klb/nuclr/nuclr/Data/Atanas_SF_unified_000776/cv5_grouped_v1/fold_1/test/train__2023-01-09-22__2f7d76c0.npz,55,RMEV,2023-01-05-18,1,4,1,0,1,1,1,0.25,1.0,0,0
1,42,2023-01-09-22,/home/ubuntu/klb/nuclr/nuclr/Data/Atanas_SF_unified_000776/cv5_grouped_v1/fold_1/test/train__2023-01-09-22__2f7d76c0.npz,57,AVER,2023-01-05-18,1,1,1,1,1,1,1,1.0,1.0,1,1
1,42,2023-01-09-22,/home/ubuntu/klb/nuclr/nuclr/Data/Atanas_SF_unified_000776/cv5_grouped_v1/fold_1/test/train__2023-01-09-22__2f7d76c0.npz,59,CEPDR,2023-01-05-18,1,1,1,1,1,1,1,1.0,1.0,1,1
1,42,2023-01-09-22,/home/ubuntu/klb/nuclr/nuclr/Data/Atanas_SF_unified_000776/cv5_grouped_v1/fold_1/test/train__2023-01-09-22__2f7d76c0.npz,61,ADLL,2023-01-05-18,1,1,1,1,1,1,1,1.0,1.0,1,1
1,42,2023-01-09-22,/home/ubuntu/klb/nuclr/nuclr/Data/Atanas_SF_unified_000776/cv5_grouped_v1/fold_1/test/train__2023-01-09-22__2f7d76c0.npz,63,RIBL,2023-01-05-18,0,1,-1,1,0,1,0,1.0,0.0,1,0
1,42,2023-01-09-22,/home/ubuntu/klb/nuclr/nuclr/Data/Atanas_SF_unified_000776/cv5_grouped_v1/fold_1/test/train__2023-01-09-22__2f7d76c0.npz,64,CEPDL,2023-01-05-18,1,1,1,1,1,1,1,1.0,1.0,1,1
1,42,2023-01-09-22,/home/ubuntu/klb/nuclr/nuclr/Data/Atanas_SF_unified_000776/cv5_grouped_v1/fold_1/test/train__2023-01-09-22__2f7d76c0.npz,66,MI,2023-01-05-18,1,1,1,1,1,1,1,1.0,1.0,1,1
1,42,2023-01-09-22,/home/ubuntu/klb/nuclr/nuclr/Data/Atanas_SF_unified_000776/cv5_grouped_v1/fold_1/test/train__2023-01-09-22__2f7d76c0.npz,68,ADEL,2023-01-05-18,0,1,-1,1,0,1,0,1.0,0.0,1,0
1,42,2023-01-09-22,/home/ubuntu/klb/nuclr/nuclr/Data/Atanas_SF_unified_000776/cv5_grouped_v1/fold_1/test/train__2023-01-09-22__2f7d76c0.npz,71,SMDVL,2023-01-05-18,1,1,1,1,1,1,1,1.0,1.0,1,1
1,42,2023-01-09-22,/home/ubuntu/klb/nuclr/nuclr/Data/Atanas_SF_unified_000776/cv5_grouped_v1/fold_1/test/train__2023-01-09-22__2f7d76c0.npz,75,AVJL,2023-01-05-18,1,1,1,1,1,1,1,1.0,1.0,1,0
1,42,2023-01-09-22,/home/ubuntu/klb/nuclr/nuclr/Data/Atanas_SF_unified_000776/cv5_grouped_v1/fold_1/test/train__2023-01-09-22__2f7d76c0.npz,76,IL2VL,2023-01-05-18,1,1,1,1,1,1,1,1.0,1.0,1,1
1,42,2023-01-09-22,/home/ubuntu/klb/nuclr/nuclr/Data/Atanas_SF_unified_000776/cv5_grouped_v1/fold_1/test/train__2023-01-09-22__2f7d76c0.npz,77,AVJR,2023-01-05-18,1,1,1,1,1,1,1,1.0,1.0,1,1
1,42,2023-01-09-22,/home/ubuntu/klb/nuclr/nuclr/Data/Atanas_SF_unified_000776/cv5_grouped_v1/fold_1/test/train__2023-01-09-22__2f7d76c0.npz,78,RID,2023-01-05-18,1,1,1,1,1,1,1,1.0,1.0,1,1
1,42,2023-01-09-22,/home/ubuntu/klb/nuclr/nuclr/Data/Atanas_SF_unified_000776/cv5_grouped_v1/fold_1/test/train__2023-01-09-22__2f7d76c0.npz,80,AVKR,2023-01-05-18,0,1,-1,1,0,1,0,1.0,0.0,1,0
1,42,2023-01-09-22,/home/ubuntu/klb/nuclr/nuclr/Data/Atanas_SF_unified_000776/cv5_grouped_v1/fold_1/test/train__2023-01-09-22__2f7d76c0.npz,81,RMDR,2023-01-05-18,0,1,-1,1,0,1,0,1.0,0.0,1,0
1,42,2023-01-09-22,/home/ubuntu/klb/nuclr/nuclr/Data/Atanas_SF_unified_000776/cv5_grouped_v1/fold_1/test/train__2023-01-09-22__2f7d76c0.npz,84,IL2R,2023-01-05-18,1,2,2,0,0,1,1,0.5,0.5,0,0
1,42,2023-01-09-22,/home/ubuntu/klb/nuclr/nuclr/Data/Atanas_SF_unified_000776/cv5_grouped_v1/fold_1/test/train__2023-01-09-22__2f7d76c0.npz,86,URXL,2023-01-05-18,1,1,1,1,1,1,1,1.0,1.0,1,1
1,42,2023-01-09-22,/home/ubuntu/klb/nuclr/nuclr/Data/Atanas_SF_unified_000776/cv5_grouped_v1/fold_1/test/train__2023-01-09-22__2f7d76c0.npz,87,AINR,2023-01-05-18,1,1,1,1,1,1,1,1.0,1.0,1,1
1,42,2023-01-09-22,/home/ubuntu/klb/nuclr/nuclr/Data/Atanas_SF_unified_000776/cv5_grouped_v1/fold_1/test/train__2023-01-09-22__2f7d76c0.npz,88,ASHL,2023-01-05-18,0,2,-1,0,0,1,0,0.5,0.0,0,0
1,42,2023-01-09-22,/home/ubuntu/klb/nuclr/nuclr/Data/Atanas_SF_unified_000776/cv5_grouped_v1/fold_1/test/train__2023-01-09-22__2f7d76c0.npz,89,I1L,2023-01-05-18,1,1,1,1,1,1,1,1.0,1.0,1,1
1,42,2023-01-09-22,/home/ubuntu/klb/nuclr/nuclr/Data/Atanas_SF_unified_000776/cv5_grouped_v1/fold_1/test/train__2023-01-09-22__2f7d76c0.npz,91,AIZR,2023-01-05-18,1,1,1,1,1,1,1,1.0,1.0,1,1
1,42,2023-01-09-22,/home/ubuntu/klb/nuclr/nuclr/Data/Atanas_SF_unified_000776/cv5_grouped_v1/fold_1/test/train__2023-01-09-22__2f7d76c0.npz,92,ADLR,2023-01-05-18,1,1,1,1,1,1,1,1.0,1.0,1,1
1,42,2023-01-09-22,/home/ubuntu/klb/nuclr/nuclr/Data/Atanas_SF_unified_000776/cv5_grouped_v1/fold_1/test/train__2023-01-09-22__2f7d76c0.npz,93,OLQVR,2023-01-05-18,1,1,1,1,1,1,1,1.0,1.0,1,1
1,42,2023-01-09-22,/home/ubuntu/klb/nuclr/nuclr/Data/Atanas_SF_unified_000776/cv5_grouped_v1/fold_1/test/train__2023-01-09-22__2f7d76c0.npz,94,OLLL,2023-01-05-18,1,1,1,1,1,1,1,1.0,1.0,1,1
1,42,2023-01-09-22,/home/ubuntu/klb/nuclr/nuclr/Data/Atanas_SF_unified_000776/cv5_grouped_v1/fold_1/test/train__2023-01-09-22__2f7d76c0.npz,95,AINL,2023-01-05-18,0,1,-1,1,0,1,0,1.0,0.0,1,0
1,42,2023-01-09-22,/home/ubuntu/klb/nuclr/nuclr/Data/Atanas_SF_unified_000776/cv5_grouped_v1/fold_1/test/train__2023-01-09-22__2f7d76c0.npz,96,RMEL,2023-01-05-18,0,1,-1,1,0,1,0,1.0,0.0,1,0
1,42,2023-01-09-22,/home/ubuntu/klb/nuclr/nuclr/Data/Atanas_SF_unified_000776/cv5_grouped_v1/fold_1/test/train__2023-01-09-22__2f7d76c0.npz,98,RMDVR,2023-01-05-18,1,1,1,1,1,1,1,1.0,1.0,1,1
1,42,2023-01-09-22,/home/ubuntu/klb/nuclr/nuclr/Data/Atanas_SF_unified_000776/cv5_grouped_v1/fold_1/test/train__2023-01-09-22__2f7d76c0.npz,102,URXR,2023-01-05-18,1,1,1,1,1,1,1,1.0,1.0,1,1
1,42,2023-01-09-22,/home/ubuntu/klb/nuclr/nuclr/Data/Atanas_SF_unified_000776/cv5_grouped_v1/fold_1/test/train__2023-01-09-22__2f7d76c0.npz,103,M4,2023-01-05-18,1,1,1,1,1,1,1,1.0,1.0,1,1
1,42,2023-01-09-22,/home/ubuntu/klb/nuclr/nuclr/Data/Atanas_SF_unified_000776/cv5_grouped_v1/fold_1/test/train__2023-01-09-22__2f7d76c0.npz,105,RIVR,2023-01-05-18,1,1,1,1,1,1,1,1.0,1.0,1,1
1,42,2023-01-09-22,/home/ubuntu/klb/nuclr/nuclr/Data/Atanas_SF_unified_000776/cv5_grouped_v1/fold_1/test/train__2023-01-09-22__2f7d76c0.npz,106,FLPR,2023-01-05-18,1,1,1,1,1,1,1,1.0,1.0,1,1
1,42,2023-01-09-22,/home/ubuntu/klb/nuclr/nuclr/Data/Atanas_SF_unified_000776/cv5_grouped_v1/fold_1/test/train__2023-01-09-22__2f7d76c0.npz,108,URYVR,2023-01-05-18,0,1,-1,1,0,1,0,1.0,0.0,1,0
1,42,2023-01-09-22,/home/ubuntu/klb/nuclr/nuclr/Data/Atanas_SF_unified_000776/cv5_grouped_v1/fold_1/test/train__2023-01-09-22__2f7d76c0.npz,109,ADAL,2023-01-05-18,0,2,-1,0,0,1,0,0.5,0.0,0,0
1,42,2023-01-09-22,/home/ubuntu/klb/nuclr/nuclr/Data/Atanas_SF_unified_000776/cv5_grouped_v1/fold_1/test/train__2023-01-09-22__2f7d76c0.npz,111,ASGL,2023-01-05-18,1,1,1,1,1,1,1,1.0,1.0,1,1
1,42,2023-01-09-22,/home/ubuntu/klb/nuclr/nuclr/Data/Atanas_SF_unified_000776/cv5_grouped_v1/fold_1/test/train__2023-01-09-22__2f7d76c0.npz,112,RIMR,2023-01-05-18,0,1,-1,1,0,1,0,1.0,0.0,1,0
1,42,2023-01-09-22,/home/ubuntu/klb/nuclr/nuclr/Data/Atanas_SF_unified_000776/cv5_grouped_v1/fold_1/test/train__2023-01-09-22__2f7d76c0.npz,113,AIBR,2023-01-05-18,1,1,1,1,1,1,1,1.0,1.0,1,1
1,42,2023-01-09-22,/home/ubuntu/klb/nuclr/nuclr/Data/Atanas_SF_unified_000776/cv5_grouped_v1/fold_1/test/train__2023-01-09-22__2f7d76c0.npz,114,IL1R,2023-01-05-18,0,1,-1,1,0,1,0,1.0,0.0,1,0
1,42,2023-01-09-22,/home/ubuntu/klb/nuclr/nuclr/Data/Atanas_SF_unified_000776/cv5_grouped_v1/fold_1/test/train__2023-01-09-22__2f7d76c0.npz,117,M5,2023-01-05-18,0,1,-1,1,0,1,0,1.0,0.0,1,0
1,42,2023-01-09-22,/home/ubuntu/klb/nuclr/nuclr/Data/Atanas_SF_unified_000776/cv5_grouped_v1/fold_1/test/train__2023-01-09-22__2f7d76c0.npz,119,RIAL,2023-01-05-18,1,1,1,1,1,1,1,1.0,1.0,1,1
1,42,2023-01-09-22,/home/ubuntu/klb/nuclr/nuclr/Data/Atanas_SF_unified_000776/cv5_grouped_v1/fold_1/test/train__2023-01-09-22__2f7d76c0.npz,121,IL1L,2023-01-05-18,1,1,1,1,1,1,1,1.0,1.0,1,1
1,42,2023-01-09-22,/home/ubuntu/klb/nuclr/nuclr/Data/Atanas_SF_unified_000776/cv5_grouped_v1/fold_1/test/train__2023-01-09-22__2f7d76c0.npz,122,AVEL,2023-01-05-18,1,1,1,1,1,1,1,1.0,1.0,1,1
1,42,2023-01-09-22,/home/ubuntu/klb/nuclr/nuclr/Data/Atanas_SF_unified_000776/cv5_grouped_v1/fold_1/test/train__2023-01-09-22__2f7d76c0.npz,125,AVAR,2023-01-05-18,1,1,1,1,1,1,1,1.0,1.0,1,1
1,42,2023-01-09-22,/home/ubuntu/klb/nuclr/nuclr/Data/Atanas_SF_unified_000776/cv5_grouped_v1/fold_1/test/train__2023-01-09-22__2f7d76c0.npz,129,AIBL,2023-01-05-18,0,1,-1,1,0,1,0,1.0,0.0,1,0
1,42,2023-01-09-22,/home/ubuntu/klb/nuclr/nuclr/Data/Atanas_SF_unified_000776/cv5_grouped_v1/fold_1/test/train__2023-01-09-22__2f7d76c0.npz,130,RMDDL,2023-01-05-18,1,1,1,1,1,1,1,1.0,1.0,1,1
1,42,2023-01-09-22,/home/ubuntu/klb/nuclr/nuclr/Data/Atanas_SF_unified_000776/cv5_grouped_v1/fold_1/test/train__2023-01-09-22__2f7d76c0.npz,131,NSML,2023-01-05-18,1,1,2,1,0,1,1,1.0,0.5,1,0
1,42,2023-01-09-22,/home/ubuntu/klb/nuclr/nuclr/Data/Atanas_SF_unified_000776/cv5_grouped_v1/fold_1/test/train__2023-01-09-22__2f7d76c0.npz,132,AIMR,2023-01-05-18,0,1,-1,1,0,1,0,1.0,0.0,1,0
1,42,2023-01-09-22,/home/ubuntu/klb/nuclr/nuclr/Data/Atanas_SF_unified_000776/cv5_grouped_v1/fold_1/test/train__2023-01-09-22__2f7d76c0.npz,135,ADER,2023-01-05-18,1,1,1,1,1,1,1,1.0,1.0,1,1
1,42,2023-01-09-22,/home/ubuntu/klb/nuclr/nuclr/Data/Atanas_SF_unified_000776/cv5_grouped_v1/fold_1/test/train__2023-01-09-22__2f7d76c0.npz,136,AWBL,2023-01-05-18,1,1,1,1,1,1,1,1.0,1.0,1,1
1,42,2023-01-09-22,/home/ubuntu/klb/nuclr/nuclr/Data/Atanas_SF_unified_000776/cv5_grouped_v1/fold_1/test/train__2023-01-09-22__2f7d76c0.npz,139,VB02,2023-01-05-18,0,2,-1,0,0,1,0,0.5,0.0,0,0
1,42,2023-01-09-22,/home/ubuntu/klb/nuclr/nuclr/Data/Atanas_SF_unified_000776/cv5_grouped_v1/fold_1/test/train__2023-01-09-22__2f7d76c0.npz,140,AUAL,2023-01-05-18,1,9,1,0,1,0,1,0.1111111111111111,1.0,0,0
1,42,2023-01-09-22,/home/ubuntu/klb/nuclr/nuclr/Data/Atanas_SF_unified_000776/cv5_grouped_v1/fold_1/test/train__2023-01-09-22__2f7d76c0.npz,141,AIYL,2023-01-05-18,0,2,-1,0,0,1,0,0.5,0.0,0,0
1,42,2023-01-09-22,/home/ubuntu/klb/nuclr/nuclr/Data/Atanas_SF_unified_000776/cv5_grouped_v1/fold_1/test/train__2023-01-09-22__2f7d76c0.npz,142,AWCR,2023-01-05-18,0,1,-1,1,0,1,0,1.0,0.0,1,0
1,42,2023-01-09-22,/home/ubuntu/klb/nuclr/nuclr/Data/Atanas_SF_unified_000776/cv5_grouped_v1/fold_1/test/train__2023-01-09-22__2f7d76c0.npz,145,IL2L,2023-01-05-18,1,1,1,1,1,1,1,1.0,1.0,1,1
1,42,2023-01-23-01,/home/ubuntu/klb/nuclr/nuclr/Data/Atanas_SF_unified_000776/cv5_grouped_v1/fold_1/test/train__2023-01-23-01__6b8b0274.npz,5,MCL,2023-01-05-18,1,1,1,1,1,1,1,1.0,1.0,1,1
1,42,2023-01-23-01,/home/ubuntu/klb/nuclr/nuclr/Data/Atanas_SF_unified_000776/cv5_grouped_v1/fold_1/test/train__2023-01-23-01__6b8b0274.npz,6,I2L,2023-01-05-18,1,1,1,1,1,1,1,1.0,1.0,1,1
1,42,2023-01-23-01,/home/ubuntu/klb/nuclr/nuclr/Data/Atanas_SF_unified_000776/cv5_grouped_v1/fold_1/test/train__2023-01-23-01__6b8b0274.npz,7,IL2L,2023-01-05-18,1,1,1,1,1,1,1,1.0,1.0,1,1
1,42,2023-01-23-01,/home/ubuntu/klb/nuclr/nuclr/Data/Atanas_SF_unified_000776/cv5_grouped_v1/fold_1/test/train__2023-01-23-01__6b8b0274.npz,8,RMEL,2023-01-05-18,0,1,-1,1,0,1,0,1.0,0.0,1,0
1,42,2023-01-23-01,/home/ubuntu/klb/nuclr/nuclr/Data/Atanas_SF_unified_000776/cv5_grouped_v1/fold_1/test/train__2023-01-23-01__6b8b0274.npz,10,RID,2023-01-05-18,1,1,1,1,1,1,1,1.0,1.0,1,1
1,42,2023-01-23-01,/home/ubuntu/klb/nuclr/nuclr/Data/Atanas_SF_unified_000776/cv5_grouped_v1/fold_1/test/train__2023-01-23-01__6b8b0274.npz,11,AVDR,2023-01-05-18,1,1,1,1,1,1,1,1.0,1.0,1,1
1,42,2023-01-23-01,/home/ubuntu/klb/nuclr/nuclr/Data/Atanas_SF_unified_000776/cv5_grouped_v1/fold_1/test/train__2023-01-23-01__6b8b0274.npz,12,OLQDL,2023-01-05-18,1,1,1,1,1,1,1,1.0,1.0,1,1
1,42,2023-01-23-01,/home/ubuntu/klb/nuclr/nuclr/Data/Atanas_SF_unified_000776/cv5_grouped_v1/fold_1/test/train__2023-01-23-01__6b8b0274.npz,14,ADAR,2023-01-05-18,0,3,-1,0,0,1,0,0.3333333333333333,0.0,0,0
1,42,2023-01-23-01,/home/ubuntu/klb/nuclr/nuclr/Data/Atanas_SF_unified_000776/cv5_grouped_v1/fold_1/test/train__2023-01-23-01__6b8b0274.npz,15,RMDVR,2023-01-05-18,1,38,24,0,0,0,0,0.02631578947368421,0.041666666666666664,0,0
1,42,2023-01-23-01,/home/ubuntu/klb/nuclr/nuclr/Data/Atanas_SF_unified_000776/cv5_grouped_v1/fold_1/test/train__2023-01-23-01__6b8b0274.npz,16,RMDR,2023-01-05-18,0,4,-1,0,0,1,0,0.25,0.0,0,0
1,42,2023-01-23-01,/home/ubuntu/klb/nuclr/nuclr/Data/Atanas_SF_unified_000776/cv5_grouped_v1/fold_1/test/train__2023-01-23-01__6b8b0274.npz,17,RIH,2023-01-05-18,0,1,-1,1,0,1,0,1.0,0.0,1,0
1,42,2023-01-23-01,/home/ubuntu/klb/nuclr/nuclr/Data/Atanas_SF_unified_000776/cv5_grouped_v1/fold_1/test/train__2023-01-23-01__6b8b0274.npz,20,M5,2023-01-05-18,0,1,-1,1,0,1,0,1.0,0.0,1,0
1,42,2023-01-23-01,/home/ubuntu/klb/nuclr/nuclr/Data/Atanas_SF_unified_000776/cv5_grouped_v1/fold_1/test/train__2023-01-23-01__6b8b0274.npz,22,AIZR,2023-01-05-18,1,1,1,1,1,1,1,1.0,1.0,1,1
1,42,2023-01-23-01,/home/ubuntu/klb/nuclr/nuclr/Data/Atanas_SF_unified_000776/cv5_grouped_v1/fold_1/test/train__2023-01-23-01__6b8b0274.npz,24,VB02,2023-01-05-18,0,13,-1,0,0,0,0,0.07692307692307693,0.0,0,0
1,42,2023-01-23-01,/home/ubuntu/klb/nuclr/nuclr/Data/Atanas_SF_unified_000776/cv5_grouped_v1/fold_1/test/train__2023-01-23-01__6b8b0274.npz,26,FLPL,2023-01-05-18,1,1,1,1,1,1,1,1.0,1.0,1,1
1,42,2023-01-23-01,/home/ubuntu/klb/nuclr/nuclr/Data/Atanas_SF_unified_000776/cv5_grouped_v1/fold_1/test/train__2023-01-23-01__6b8b0274.npz,27,RICL,2023-01-05-18,1,1,1,1,1,1,1,1.0,1.0,1,1
1,42,2023-01-23-01,/home/ubuntu/klb/nuclr/nuclr/Data/Atanas_SF_unified_000776/cv5_grouped_v1/fold_1/test/train__2023-01-23-01__6b8b0274.npz,28,ADAL,2023-01-05-18,0,2,-1,0,0,1,0,0.5,0.0,0,0
1,42,2023-01-23-01,/home/ubuntu/klb/nuclr/nuclr/Data/Atanas_SF_unified_000776/cv5_grouped_v1/fold_1/test/train__2023-01-23-01__6b8b0274.npz,30,CEPDL,2023-01-05-18,1,1,1,1,1,1,1,1.0,1.0,1,1
1,42,2023-01-23-01,/home/ubuntu/klb/nuclr/nuclr/Data/Atanas_SF_unified_000776/cv5_grouped_v1/fold_1/test/train__2023-01-23-01__6b8b0274.npz,32,ASIR,2023-01-05-18,0,2,-1,0,0,1,0,0.5,0.0,0,0
1,42,2023-01-23-01,/home/ubuntu/klb/nuclr/nuclr/Data/Atanas_SF_unified_000776/cv5_grouped_v1/fold_1/test/train__2023-01-23-01__6b8b0274.npz,33,ASEL,2023-01-05-18,1,1,1,1,1,1,1,1.0,1.0,1,1
1,42,2023-01-23-01,/home/ubuntu/klb/nuclr/nuclr/Data/Atanas_SF_unified_000776/cv5_grouped_v1/fold_1/test/train__2023-01-23-01__6b8b0274.npz,34,IL2R,2023-01-05-18,1,1,1,1,1,1,1,1.0,1.0,1,1
1,42,2023-01-23-01,/home/ubuntu/klb/nuclr/nuclr/Data/Atanas_SF_unified_000776/cv5_grouped_v1/fold_1/test/train__2023-01-23-01__6b8b0274.npz,36,URXR,2023-01-05-18,1,4,1,0,1,1,1,0.25,1.0,0,1
1,42,2023-01-23-01,/home/ubuntu/klb/nuclr/nuclr/Data/Atanas_SF_unified_000776/cv5_grouped_v1/fold_1/test/train__2023-01-23-01__6b8b0274.npz,40,M3R,2023-01-05-18,1,3,3,0,0,1,1,0.3333333333333333,0.3333333333333333,0,0
1,42,2023-01-23-01,/home/ubuntu/klb/nuclr/nuclr/Data/Atanas_SF_unified_000776/cv5_grouped_v1/fold_1/test/train__2023-01-23-01__6b8b0274.npz,45,ADLL,2023-01-05-18,1,1,1,1,1,1,1,1.0,1.0,1,1
1,42,2023-01-23-01,/home/ubuntu/klb/nuclr/nuclr/Data/Atanas_SF_unified_000776/cv5_grouped_v1/fold_1/test/train__2023-01-23-01__6b8b0274.npz,46,AVAL,2023-01-05-18,1,1,1,1,1,1,1,1.0,1.0,1,1
1,42,2023-01-23-01,/home/ubuntu/klb/nuclr/nuclr/Data/Atanas_SF_unified_000776/cv5_grouped_v1/fold_1/test/train__2023-01-23-01__6b8b0274.npz,47,URXL,2023-01-05-18,1,1,1,1,1,1,1,1.0,1.0,1,1
1,42,2023-01-23-01,/home/ubuntu/klb/nuclr/nuclr/Data/Atanas_SF_unified_000776/cv5_grouped_v1/fold_1/test/train__2023-01-23-01__6b8b0274.npz,48,IL1R,2023-01-05-18,0,1,-1,1,0,1,0,1.0,0.0,1,0
1,42,2023-01-23-01,/home/ubuntu/klb/nuclr/nuclr/Data/Atanas_SF_unified_000776/cv5_grouped_v1/fold_1/test/train__2023-01-23-01__6b8b0274.npz,54,IL1L,2023-01-05-18,1,1,1,1,1,1,1,1.0,1.0,1,1
1,42,2023-01-23-01,/home/ubuntu/klb/nuclr/nuclr/Data/Atanas_SF_unified_000776/cv5_grouped_v1/fold_1/test/train__2023-01-23-01__6b8b0274.npz,55,I1R,2023-01-05-18,1,1,1,1,1,1,1,1.0,1.0,1,1
1,42,2023-01-23-01,/home/ubuntu/klb/nuclr/nuclr/Data/Atanas_SF_unified_000776/cv5_grouped_v1/fold_1/test/train__2023-01-23-01__6b8b0274.npz,57,AWAL,2023-01-05-18,1,1,1,1,1,1,1,1.0,1.0,1,1
1,42,2023-01-23-01,/home/ubuntu/klb/nuclr/nuclr/Data/Atanas_SF_unified_000776/cv5_grouped_v1/fold_1/test/train__2023-01-23-01__6b8b0274.npz,59,SMDVR,2023-01-05-18,0,2,-1,0,0,1,0,0.5,0.0,0,0
1,42,2023-01-23-01,/home/ubuntu/klb/nuclr/nuclr/Data/Atanas_SF_unified_000776/cv5_grouped_v1/fold_1/test/train__2023-01-23-01__6b8b0274.npz,60,AVEL,2023-01-05-18,1,1,1,1,1,1,1,1.0,1.0,1,1
1,42,2023-01-23-01,/home/ubuntu/klb/nuclr/nuclr/Data/Atanas_SF_unified_000776/cv5_grouped_v1/fold_1/test/train__2023-01-23-01__6b8b0274.npz,61,MCR,2023-01-05-18,0,1,-1,1,0,1,0,1.0,0.0,1,0
1,42,2023-01-23-01,/home/ubuntu/klb/nuclr/nuclr/Data/Atanas_SF_unified_000776/cv5_grouped_v1/fold_1/test/train__2023-01-23-01__6b8b0274.npz,63,AVJL,2023-01-05-18,1,1,1,1,1,1,1,1.0,1.0,1,1
1,42,2023-01-23-01,/home/ubuntu/klb/nuclr/nuclr/Data/Atanas_SF_unified_000776/cv5_grouped_v1/fold_1/test/train__2023-01-23-01__6b8b0274.npz,64,AINR,2023-01-05-18,1,1,1,1,1,1,1,1.0,1.0,1,1
1,42,2023-01-23-01,/home/ubuntu/klb/nuclr/nuclr/Data/Atanas_SF_unified_000776/cv5_grouped_v1/fold_1/test/train__2023-01-23-01__6b8b0274.npz,65,IL2DL,2023-01-05-18,1,1,1,1,1,1,1,1.0,1.0,1,1
1,42,2023-01-23-01,/home/ubuntu/klb/nuclr/nuclr/Data/Atanas_SF_unified_000776/cv5_grouped_v1/fold_1/test/train__2023-01-23-01__6b8b0274.npz,66,OLLR,2023-01-05-18,1,1,1,1,1,1,1,1.0,1.0,1,1
1,42,2023-01-23-01,/home/ubuntu/klb/nuclr/nuclr/Data/Atanas_SF_unified_000776/cv5_grouped_v1/fold_1/test/train__2023-01-23-01__6b8b0274.npz,68,M3L,2023-01-05-18,1,5,3,0,0,1,1,0.2,0.3333333333333333,0,0
1,42,2023-01-23-01,/home/ubuntu/klb/nuclr/nuclr/Data/Atanas_SF_unified_000776/cv5_grouped_v1/fold_1/test/train__2023-01-23-01__6b8b0274.npz,69,AUAL,2023-01-05-18,1,3,2,0,0,1,1,0.3333333333333333,0.5,0,0
1,42,2023-01-23-01,/home/ubuntu/klb/nuclr/nuclr/Data/Atanas_SF_unified_000776/cv5_grouped_v1/fold_1/test/train__2023-01-23-01__6b8b0274.npz,71,AQR,2023-01-05-18,0,1,-1,1,0,1,0,1.0,0.0,1,0
1,42,2023-01-23-01,/home/ubuntu/klb/nuclr/nuclr/Data/Atanas_SF_unified_000776/cv5_grouped_v1/fold_1/test/train__2023-01-23-01__6b8b0274.npz,72,IL2VL,2023-01-05-18,1,1,1,1,1,1,1,1.0,1.0,1,1
1,42,2023-01-23-01,/home/ubuntu/klb/nuclr/nuclr/Data/Atanas_SF_unified_000776/cv5_grouped_v1/fold_1/test/train__2023-01-23-01__6b8b0274.npz,74,IL2DR,2023-01-05-18,1,1,1,1,1,1,1,1.0,1.0,1,1
1,42,2023-01-23-01,/home/ubuntu/klb/nuclr/nuclr/Data/Atanas_SF_unified_000776/cv5_grouped_v1/fold_1/test/train__2023-01-23-01__6b8b0274.npz,75,RICR,2023-01-05-18,0,1,-1,1,0,1,0,1.0,0.0,1,0
1,42,2023-01-23-01,/home/ubuntu/klb/nuclr/nuclr/Data/Atanas_SF_unified_000776/cv5_grouped_v1/fold_1/test/train__2023-01-23-01__6b8b0274.npz,76,I2R,2023-01-05-18,1,1,1,1,1,1,1,1.0,1.0,1,1
1,42,2023-01-23-01,/home/ubuntu/klb/nuclr/nuclr/Data/Atanas_SF_unified_000776/cv5_grouped_v1/fold_1/test/train__2023-01-23-01__6b8b0274.npz,77,AWCL,2023-01-05-18,1,1,1,1,1,1,1,1.0,1.0,1,1
1,42,2023-01-23-01,/home/ubuntu/klb/nuclr/nuclr/Data/Atanas_SF_unified_000776/cv5_grouped_v1/fold_1/test/train__2023-01-23-01__6b8b0274.npz,78,ADEL,2023-01-05-18,0,1,-1,1,0,1,0,1.0,0.0,1,0
1,42,2023-01-23-01,/home/ubuntu/klb/nuclr/nuclr/Data/Atanas_SF_unified_000776/cv5_grouped_v1/fold_1/test/train__2023-01-23-01__6b8b0274.npz,79,RIVR,2023-01-05-18,1,1,1,1,1,1,1,1.0,1.0,1,1
1,42,2023-01-23-01,/home/ubuntu/klb/nuclr/nuclr/Data/Atanas_SF_unified_000776/cv5_grouped_v1/fold_1/test/train__2023-01-23-01__6b8b0274.npz,80,AWBL,2023-01-05-18,1,1,1,1,1,1,1,1.0,1.0,1,1
1,42,2023-01-23-01,/home/ubuntu/klb/nuclr/nuclr/Data/Atanas_SF_unified_000776/cv5_grouped_v1/fold_1/test/train__2023-01-23-01__6b8b0274.npz,81,MI,2023-01-05-18,1,1,1,1,1,1,1,1.0,1.0,1,1
1,42,2023-01-23-01,/home/ubuntu/klb/nuclr/nuclr/Data/Atanas_SF_unified_000776/cv5_grouped_v1/fold_1/test/train__2023-01-23-01__6b8b0274.npz,82,IL1DR,2023-01-05-18,1,1,1,1,1,1,1,1.0,1.0,1,1
1,42,2023-01-23-01,/home/ubuntu/klb/nuclr/nuclr/Data/Atanas_SF_unified_000776/cv5_grouped_v1/fold_1/test/train__2023-01-23-01__6b8b0274.npz,87,IL1VR,2023-01-05-18,0,1,-1,1,0,1,0,1.0,0.0,1,0
1,42,2023-01-23-01,/home/ubuntu/klb/nuclr/nuclr/Data/Atanas_SF_unified_000776/cv5_grouped_v1/fold_1/test/train__2023-01-23-01__6b8b0274.npz,88,IL2VR,2023-01-05-18,1,1,1,1,1,1,1,1.0,1.0,1,1
1,42,2023-01-23-01,/home/ubuntu/klb/nuclr/nuclr/Data/Atanas_SF_unified_000776/cv5_grouped_v1/fold_1/test/train__2023-01-23-01__6b8b0274.npz,90,RMDDR,2023-01-05-18,0,1,-1,1,0,1,0,1.0,0.0,1,0
1,42,2023-01-23-01,/home/ubuntu/klb/nuclr/nuclr/Data/Atanas_SF_unified_000776/cv5_grouped_v1/fold_1/test/train__2023-01-23-01__6b8b0274.npz,93,URYDL,2023-01-05-18,1,1,1,1,1,1,1,1.0,1.0,1,1
1,42,2023-01-23-01,/home/ubuntu/klb/nuclr/nuclr/Data/Atanas_SF_unified_000776/cv5_grouped_v1/fold_1/test/train__2023-01-23-01__6b8b0274.npz,94,CEPVL,2023-01-05-18,1,1,1,1,1,1,1,1.0,1.0,1,1
1,42,2023-01-23-01,/home/ubuntu/klb/nuclr/nuclr/Data/Atanas_SF_unified_000776/cv5_grouped_v1/fold_1/test/train__2023-01-23-01__6b8b0274.npz,96,URAVL,2023-01-05-18,1,2,1,0,1,1,1,0.5,1.0,1,1
1,42,2023-01-23-01,/home/ubuntu/klb/nuclr/nuclr/Data/Atanas_SF_unified_000776/cv5_grouped_v1/fold_1/test/train__2023-01-23-01__6b8b0274.npz,97,URYVL,2023-01-05-18,1,1,1,1,1,1,1,1.0,1.0,1,1
1,42,2023-01-23-01,/home/ubuntu/klb/nuclr/nuclr/Data/Atanas_SF_unified_000776/cv5_grouped_v1/fold_1/test/train__2023-01-23-01__6b8b0274.npz,99,AVDL,2023-01-05-18,0,1,-1,1,0,1,0,1.0,0.0,1,0
1,42,2023-01-23-01,/home/ubuntu/klb/nuclr/nuclr/Data/Atanas_SF_unified_000776/cv5_grouped_v1/fold_1/test/train__2023-01-23-01__6b8b0274.npz,102,FLPR,2023-01-05-18,1,1,1,1,1,1,1,1.0,1.0,1,1
1,42,2023-01-23-01,/home/ubuntu/klb/nuclr/nuclr/Data/Atanas_SF_unified_000776/cv5_grouped_v1/fold_1/test/train__2023-01-23-01__6b8b0274.npz,103,AIMR,2023-01-05-18,0,12,-1,0,0,0,0,0.08333333333333333,0.0,0,0
1,42,2023-01-23-01,/home/ubuntu/klb/nuclr/nuclr/Data/Atanas_SF_unified_000776/cv5_grouped_v1/fold_1/test/train__2023-01-23-01__6b8b0274.npz,104,ASHL,2023-01-05-18,0,1,-1,1,0,1,0,1.0,0.0,1,0
1,42,2023-01-23-01,/home/ubuntu/klb/nuclr/nuclr/Data/Atanas_SF_unified_000776/cv5_grouped_v1/fold_1/test/train__2023-01-23-01__6b8b0274.npz,110,IL1VL,2023-01-05-18,0,1,-1,1,0,1,0,1.0,0.0,1,0
1,42,2023-01-23-01,/home/ubuntu/klb/nuclr/nuclr/Data/Atanas_SF_unified_000776/cv5_grouped_v1/fold_1/test/train__2023-01-23-01__6b8b0274.npz,111,RMDL,2023-01-05-18,1,1,1,1,1,1,1,1.0,1.0,1,1
1,42,2023-01-23-01,/home/ubuntu/klb/nuclr/nuclr/Data/Atanas_SF_unified_000776/cv5_grouped_v1/fold_1/test/train__2023-01-23-01__6b8b0274.npz,114,AVKL,2023-01-05-18,0,3,-1,0,0,1,0,0.3333333333333333,0.0,1,0
1,42,2023-01-23-01,/home/ubuntu/klb/nuclr/nuclr/Data/Atanas_SF_unified_000776/cv5_grouped_v1/fold_1/test/train__2023-01-23-01__6b8b0274.npz,116,URYVR,2023-01-05-18,0,1,-1,1,0,1,0,1.0,0.0,1,0
1,42,2023-01-23-01,/home/ubuntu/klb/nuclr/nuclr/Data/Atanas_SF_unified_000776/cv5_grouped_v1/fold_1/test/train__2023-01-23-01__6b8b0274.npz,117,OLQDR,2023-01-05-18,1,1,1,1,1,1,1,1.0,1.0,1,1
1,42,2023-01-23-01,/home/ubuntu/klb/nuclr/nuclr/Data/Atanas_SF_unified_000776/cv5_grouped_v1/fold_1/test/train__2023-01-23-01__6b8b0274.npz,119,OLLL,2023-01-05-18,1,1,1,1,1,1,1,1.0,1.0,1,1
1,42,2023-01-23-01,/home/ubuntu/klb/nuclr/nuclr/Data/Atanas_SF_unified_000776/cv5_grouped_v1/fold_1/test/train__2023-01-23-01__6b8b0274.npz,121,AWCR,2023-01-05-18,0,1,-1,1,0,1,0,1.0,0.0,1,0
1,42,2023-01-23-01,/home/ubuntu/klb/nuclr/nuclr/Data/Atanas_SF_unified_000776/cv5_grouped_v1/fold_1/test/train__2023-01-23-01__6b8b0274.npz,122,AIZL,2023-01-05-18,1,1,1,1,1,1,1,1.0,1.0,1,1
1,42,2023-01-23-01,/home/ubuntu/klb/nuclr/nuclr/Data/Atanas_SF_unified_000776/cv5_grouped_v1/fold_1/test/train__2023-01-23-01__6b8b0274.npz,123,RMGL,2023-01-05-18,0,3,-1,0,0,1,0,0.3333333333333333,0.0,0,0
1,42,2023-01-23-01,/home/ubuntu/klb/nuclr/nuclr/Data/Atanas_SF_unified_000776/cv5_grouped_v1/fold_1/test/train__2023-01-23-01__6b8b0274.npz,124,CEPDR,2023-01-05-18,1,1,1,1,1,1,1,1.0,1.0,1,1
1,42,2023-01-23-01,/home/ubuntu/klb/nuclr/nuclr/Data/Atanas_SF_unified_000776/cv5_grouped_v1/fold_1/test/train__2023-01-23-01__6b8b0274.npz,126,AIML,2023-01-05-18,0,11,-1,0,0,0,0,0.09090909090909091,0.0,0,0
1,42,2023-01-23-01,/home/ubuntu/klb/nuclr/nuclr/Data/Atanas_SF_unified_000776/cv5_grouped_v1/fold_1/test/train__2023-01-23-01__6b8b0274.npz,127,NSMR,2023-01-05-18,1,1,1,1,1,1,1,1.0,1.0,1,1
1,42,2023-01-23-01,/home/ubuntu/klb/nuclr/nuclr/Data/Atanas_SF_unified_000776/cv5_grouped_v1/fold_1/test/train__2023-01-23-01__6b8b0274.npz,128,RIVL,2023-01-05-18,1,1,1,1,1,1,1,1.0,1.0,1,1
1,42,2023-01-23-01,/home/ubuntu/klb/nuclr/nuclr/Data/Atanas_SF_unified_000776/cv5_grouped_v1/fold_1/test/train__2023-01-23-01__6b8b0274.npz,132,URBL,2023-01-05-18,1,1,1,1,1,1,1,1.0,1.0,1,1
1,42,2023-01-23-01,/home/ubuntu/klb/nuclr/nuclr/Data/Atanas_SF_unified_000776/cv5_grouped_v1/fold_1/test/train__2023-01-23-01__6b8b0274.npz,133,URYDR,2023-01-05-18,1,1,1,1,1,1,1,1.0,1.0,1,1
1,42,2023-01-23-01,/home/ubuntu/klb/nuclr/nuclr/Data/Atanas_SF_unified_000776/cv5_grouped_v1/fold_1/test/train__2023-01-23-01__6b8b0274.npz,134,ADER,2023-01-05-18,1,5,2,0,0,1,1,0.2,0.5,0,0
1,42,2023-01-23-01,/home/ubuntu/klb/nuclr/nuclr/Data/Atanas_SF_unified_000776/cv5_grouped_v1/fold_1/test/train__2023-01-23-01__6b8b0274.npz,135,AVKR,2023-01-05-18,0,3,-1,0,0,1,0,0.3333333333333333,0.0,0,0
1,42,2023-01-23-01,/home/ubuntu/klb/nuclr/nuclr/Data/Atanas_SF_unified_000776/cv5_grouped_v1/fold_1/test/train__2023-01-23-01__6b8b0274.npz,138,SAAVL,2023-01-05-18,1,2,1,0,1,1,1,0.5,1.0,0,1
1,42,2023-01-23-01,/home/ubuntu/klb/nuclr/nuclr/Data/Atanas_SF_unified_000776/cv5_grouped_v1/fold_1/test/train__2023-01-23-01__6b8b0274.npz,140,AINL,2023-01-05-18,0,1,-1,1,0,1,0,1.0,0.0,1,0
1,42,2023-01-23-01,/home/ubuntu/klb/nuclr/nuclr/Data/Atanas_SF_unified_000776/cv5_grouped_v1/fold_1/test/train__2023-01-23-01__6b8b0274.npz,141,ASGL,2023-01-05-18,1,1,1,1,1,1,1,1.0,1.0,1,1
1,42,2023-01-23-01,/home/ubuntu/klb/nuclr/nuclr/Data/Atanas_SF_unified_000776/cv5_grouped_v1/fold_1/test/train__2023-01-23-01__6b8b0274.npz,142,AVJR,2023-01-05-18,1,2,1,0,1,1,1,0.5,1.0,0,1
1,42,2023-01-23-01,/home/ubuntu/klb/nuclr/nuclr/Data/Atanas_SF_unified_000776/cv5_grouped_v1/fold_1/test/train__2023-01-23-01__6b8b0274.npz,143,CEPVR,2023-01-05-18,0,1,-1,1,0,1,0,1.0,0.0,1,0
1,42,2023-01-23-01,/home/ubuntu/klb/nuclr/nuclr/Data/Atanas_SF_unified_000776/cv5_grouped_v1/fold_1/test/train__2023-01-23-01__6b8b0274.npz,144,RMER,2023-01-05-18,1,1,1,1,1,1,1,1.0,1.0,1,1
1,42,2023-01-23-01,/home/ubuntu/klb/nuclr/nuclr/Data/Atanas_SF_unified_000776/cv5_grouped_v1/fold_1/test/train__2023-01-23-01__6b8b0274.npz,145,AIBL,2023-01-05-18,0,1,-1,1,0,1,0,1.0,0.0,1,0
1,42,2023-01-23-01,/home/ubuntu/klb/nuclr/nuclr/Data/Atanas_SF_unified_000776/cv5_grouped_v1/fold_1/test/train__2023-01-23-01__6b8b0274.npz,146,I3,2023-01-05-18,1,1,1,1,1,1,1,1.0,1.0,1,1
1,42,2023-01-23-01,/home/ubuntu/klb/nuclr/nuclr/Data/Atanas_SF_unified_000776/cv5_grouped_v1/fold_1/test/train__2023-01-23-01__6b8b0274.npz,148,ADLR,2023-01-05-18,1,1,1,1,1,1,1,1.0,1.0,1,1
1,42,2023-01-17-01,/home/ubuntu/klb/nuclr/nuclr/Data/Atanas_SF_unified_000776/cv5_grouped_v1/fold_1/test/val__2023-01-17-01__776311ba.npz,0,ASEL,2023-01-05-18,1,1,1,1,1,1,1,1.0,1.0,1,1
1,42,2023-01-17-01,/home/ubuntu/klb/nuclr/nuclr/Data/Atanas_SF_unified_000776/cv5_grouped_v1/fold_1/test/val__2023-01-17-01__776311ba.npz,1,I6,2023-01-05-18,1,4,3,0,0,1,1,0.25,0.3333333333333333,0,0
1,42,2023-01-17-01,/home/ubuntu/klb/nuclr/nuclr/Data/Atanas_SF_unified_000776/cv5_grouped_v1/fold_1/test/val__2023-01-17-01__776311ba.npz,2,OLQDL,2023-01-05-18,1,1,1,1,1,1,1,1.0,1.0,1,1
1,42,2023-01-17-01,/home/ubuntu/klb/nuclr/nuclr/Data/Atanas_SF_unified_000776/cv5_grouped_v1/fold_1/test/val__2023-01-17-01__776311ba.npz,3,AIZL,2023-01-05-18,1,1,1,1,1,1,1,1.0,1.0,1,1
1,42,2023-01-17-01,/home/ubuntu/klb/nuclr/nuclr/Data/Atanas_SF_unified_000776/cv5_grouped_v1/fold_1/test/val__2023-01-17-01__776311ba.npz,4,IL1R,2023-01-05-18,0,1,-1,1,0,1,0,1.0,0.0,1,0
1,42,2023-01-17-01,/home/ubuntu/klb/nuclr/nuclr/Data/Atanas_SF_unified_000776/cv5_grouped_v1/fold_1/test/val__2023-01-17-01__776311ba.npz,5,IL1DR,2023-01-05-18,1,1,1,1,1,1,1,1.0,1.0,1,1
1,42,2023-01-17-01,/home/ubuntu/klb/nuclr/nuclr/Data/Atanas_SF_unified_000776/cv5_grouped_v1/fold_1/test/val__2023-01-17-01__776311ba.npz,6,OLLR,2023-01-05-18,1,2,2,0,0,1,1,0.5,0.5,1,1
1,42,2023-01-17-01,/home/ubuntu/klb/nuclr/nuclr/Data/Atanas_SF_unified_000776/cv5_grouped_v1/fold_1/test/val__2023-01-17-01__776311ba.npz,8,AWCR,2023-01-05-18,0,1,-1,1,0,1,0,1.0,0.0,1,0
1,42,2023-01-17-01,/home/ubuntu/klb/nuclr/nuclr/Data/Atanas_SF_unified_000776/cv5_grouped_v1/fold_1/test/val__2023-01-17-01__776311ba.npz,9,AVHL,2023-01-05-18,1,1,1,1,1,1,1,1.0,1.0,1,1
1,42,2023-01-17-01,/home/ubuntu/klb/nuclr/nuclr/Data/Atanas_SF_unified_000776/cv5_grouped_v1/fold_1/test/val__2023-01-17-01__776311ba.npz,10,M4,2023-01-05-18,1,1,1,1,1,1,1,1.0,1.0,1,1
1,42,2023-01-17-01,/home/ubuntu/klb/nuclr/nuclr/Data/Atanas_SF_unified_000776/cv5_grouped_v1/fold_1/test/val__2023-01-17-01__776311ba.npz,12,IL2R,2023-01-05-18,1,2,1,0,1,1,1,0.5,1.0,0,0
1,42,2023-01-17-01,/home/ubuntu/klb/nuclr/nuclr/Data/Atanas_SF_unified_000776/cv5_grouped_v1/fold_1/test/val__2023-01-17-01__776311ba.npz,13,URBR,2023-01-05-18,1,4,1,0,1,1,1,0.25,1.0,0,1
1,42,2023-01-17-01,/home/ubuntu/klb/nuclr/nuclr/Data/Atanas_SF_unified_000776/cv5_grouped_v1/fold_1/test/val__2023-01-17-01__776311ba.npz,15,RMEL,2023-01-05-18,0,1,-1,1,0,1,0,1.0,0.0,1,0
1,42,2023-01-17-01,/home/ubuntu/klb/nuclr/nuclr/Data/Atanas_SF_unified_000776/cv5_grouped_v1/fold_1/test/val__2023-01-17-01__776311ba.npz,17,NSMR,2023-01-05-18,1,1,1,1,1,1,1,1.0,1.0,1,1
1,42,2023-01-17-01,/home/ubuntu/klb/nuclr/nuclr/Data/Atanas_SF_unified_000776/cv5_grouped_v1/fold_1/test/val__2023-01-17-01__776311ba.npz,18,I3,2023-01-05-18,1,1,1,1,1,1,1,1.0,1.0,1,1
1,42,2023-01-17-01,/home/ubuntu/klb/nuclr/nuclr/Data/Atanas_SF_unified_000776/cv5_grouped_v1/fold_1/test/val__2023-01-17-01__776311ba.npz,19,M5,2023-01-05-18,0,1,-1,1,0,1,0,1.0,0.0,1,0
1,42,2023-01-17-01,/home/ubuntu/klb/nuclr/nuclr/Data/Atanas_SF_unified_000776/cv5_grouped_v1/fold_1/test/val__2023-01-17-01__776311ba.npz,21,M3R,2023-01-05-18,1,1,1,1,1,1,1,1.0,1.0,1,1
1,42,2023-01-17-01,/home/ubuntu/klb/nuclr/nuclr/Data/Atanas_SF_unified_000776/cv5_grouped_v1/fold_1/test/val__2023-01-17-01__776311ba.npz,22,M3L,2023-01-05-18,1,1,1,1,1,1,1,1.0,1.0,1,1
1,42,2023-01-17-01,/home/ubuntu/klb/nuclr/nuclr/Data/Atanas_SF_unified_000776/cv5_grouped_v1/fold_1/test/val__2023-01-17-01__776311ba.npz,23,IL2DR,2023-01-05-18,1,1,1,1,1,1,1,1.0,1.0,1,1
1,42,2023-01-17-01,/home/ubuntu/klb/nuclr/nuclr/Data/Atanas_SF_unified_000776/cv5_grouped_v1/fold_1/test/val__2023-01-17-01__776311ba.npz,24,I2L,2023-01-05-18,1,1,1,1,1,1,1,1.0,1.0,1,1
1,42,2023-01-17-01,/home/ubuntu/klb/nuclr/nuclr/Data/Atanas_SF_unified_000776/cv5_grouped_v1/fold_1/test/val__2023-01-17-01__776311ba.npz,27,AVJL,2023-01-05-18,1,1,1,1,1,1,1,1.0,1.0,1,1
1,42,2023-01-17-01,/home/ubuntu/klb/nuclr/nuclr/Data/Atanas_SF_unified_000776/cv5_grouped_v1/fold_1/test/val__2023-01-17-01__776311ba.npz,28,OLQDR,2023-01-05-18,1,1,1,1,1,1,1,1.0,1.0,1,1
1,42,2023-01-17-01,/home/ubuntu/klb/nuclr/nuclr/Data/Atanas_SF_unified_000776/cv5_grouped_v1/fold_1/test/val__2023-01-17-01__776311ba.npz,30,AIBR,2023-01-05-18,1,1,1,1,1,1,1,1.0,1.0,1,1
1,42,2023-01-17-01,/home/ubuntu/klb/nuclr/nuclr/Data/Atanas_SF_unified_000776/cv5_grouped_v1/fold_1/test/val__2023-01-17-01__776311ba.npz,32,ADEL,2023-01-05-18,0,1,-1,1,0,1,0,1.0,0.0,1,0
1,42,2023-01-17-01,/home/ubuntu/klb/nuclr/nuclr/Data/Atanas_SF_unified_000776/cv5_grouped_v1/fold_1/test/val__2023-01-17-01__776311ba.npz,33,I1L,2023-01-05-18,1,1,1,1,1,1,1,1.0,1.0,1,1
1,42,2023-01-17-01,/home/ubuntu/klb/nuclr/nuclr/Data/Atanas_SF_unified_000776/cv5_grouped_v1/fold_1/test/val__2023-01-17-01__776311ba.npz,34,RMDDR,2023-01-05-18,0,1,-1,1,0,1,0,1.0,0.0,1,0
1,42,2023-01-17-01,/home/ubuntu/klb/nuclr/nuclr/Data/Atanas_SF_unified_000776/cv5_grouped_v1/fold_1/test/val__2023-01-17-01__776311ba.npz,37,SAADR,2023-01-05-18,0,88,-1,0,0,0,0,0.011363636363636364,0.0,0,0
1,42,2023-01-17-01,/home/ubuntu/klb/nuclr/nuclr/Data/Atanas_SF_unified_000776/cv5_grouped_v1/fold_1/test/val__2023-01-17-01__776311ba.npz,38,RMGL,2023-01-05-18,0,1,-1,1,0,1,0,1.0,0.0,1,0
1,42,2023-01-17-01,/home/ubuntu/klb/nuclr/nuclr/Data/Atanas_SF_unified_000776/cv5_grouped_v1/fold_1/test/val__2023-01-17-01__776311ba.npz,39,ASGR,2023-01-05-18,0,1,-1,1,0,1,0,1.0,0.0,1,0
1,42,2023-01-17-01,/home/ubuntu/klb/nuclr/nuclr/Data/Atanas_SF_unified_000776/cv5_grouped_v1/fold_1/test/val__2023-01-17-01__776311ba.npz,40,AWAR,2023-01-05-18,0,6,-1,0,0,0,0,0.16666666666666666,0.0,0,0
1,42,2023-01-17-01,/home/ubuntu/klb/nuclr/nuclr/Data/Atanas_SF_unified_000776/cv5_grouped_v1/fold_1/test/val__2023-01-17-01__776311ba.npz,41,AVER,2023-01-05-18,1,1,1,1,1,1,1,1.0,1.0,1,1
1,42,2023-01-17-01,/home/ubuntu/klb/nuclr/nuclr/Data/Atanas_SF_unified_000776/cv5_grouped_v1/fold_1/test/val__2023-01-17-01__776311ba.npz,42,IL1DL,2023-01-05-18,1,1,1,1,1,1,1,1.0,1.0,1,1
1,42,2023-01-17-01,/home/ubuntu/klb/nuclr/nuclr/Data/Atanas_SF_unified_000776/cv5_grouped_v1/fold_1/test/val__2023-01-17-01__776311ba.npz,46,SMDVL,2023-01-05-18,1,1,1,1,1,1,1,1.0,1.0,1,1
1,42,2023-01-17-01,/home/ubuntu/klb/nuclr/nuclr/Data/Atanas_SF_unified_000776/cv5_grouped_v1/fold_1/test/val__2023-01-17-01__776311ba.npz,48,CEPVR,2023-01-05-18,0,1,-1,1,0,1,0,1.0,0.0,1,0
1,42,2023-01-17-01,/home/ubuntu/klb/nuclr/nuclr/Data/Atanas_SF_unified_000776/cv5_grouped_v1/fold_1/test/val__2023-01-17-01__776311ba.npz,49,IL2VR,2023-01-05-18,1,1,1,1,1,1,1,1.0,1.0,1,1
1,42,2023-01-17-01,/home/ubuntu/klb/nuclr/nuclr/Data/Atanas_SF_unified_000776/cv5_grouped_v1/fold_1/test/val__2023-01-17-01__776311ba.npz,52,ASER,2023-01-05-18,1,1,1,1,1,1,1,1.0,1.0,1,1
1,42,2023-01-17-01,/home/ubuntu/klb/nuclr/nuclr/Data/Atanas_SF_unified_000776/cv5_grouped_v1/fold_1/test/val__2023-01-17-01__776311ba.npz,53,URYVL,2023-01-05-18,1,1,1,1,1,1,1,1.0,1.0,1,1
1,42,2023-01-17-01,/home/ubuntu/klb/nuclr/nuclr/Data/Atanas_SF_unified_000776/cv5_grouped_v1/fold_1/test/val__2023-01-17-01__776311ba.npz,54,AIYL,2023-01-05-18,0,2,-1,0,0,1,0,0.5,0.0,0,0
1,42,2023-01-17-01,/home/ubuntu/klb/nuclr/nuclr/Data/Atanas_SF_unified_000776/cv5_grouped_v1/fold_1/test/val__2023-01-17-01__776311ba.npz,55,AWAL,2023-01-05-18,1,1,1,1,1,1,1,1.0,1.0,1,1
1,42,2023-01-17-01,/home/ubuntu/klb/nuclr/nuclr/Data/Atanas_SF_unified_000776/cv5_grouped_v1/fold_1/test/val__2023-01-17-01__776311ba.npz,56,URBL,2023-01-05-18,1,1,1,1,1,1,1,1.0,1.0,1,1
1,42,2023-01-17-01,/home/ubuntu/klb/nuclr/nuclr/Data/Atanas_SF_unified_000776/cv5_grouped_v1/fold_1/test/val__2023-01-17-01__776311ba.npz,57,AIZR,2023-01-05-18,1,1,1,1,1,1,1,1.0,1.0,1,1
1,42,2023-01-17-01,/home/ubuntu/klb/nuclr/nuclr/Data/Atanas_SF_unified_000776/cv5_grouped_v1/fold_1/test/val__2023-01-17-01__776311ba.npz,58,RMDVR,2023-01-05-18,1,1,1,1,1,1,1,1.0,1.0,1,1
1,42,2023-01-17-01,/home/ubuntu/klb/nuclr/nuclr/Data/Atanas_SF_unified_000776/cv5_grouped_v1/fold_1/test/val__2023-01-17-01__776311ba.npz,59,MI,2023-01-05-18,1,1,1,1,1,1,1,1.0,1.0,1,1
1,42,2023-01-17-01,/home/ubuntu/klb/nuclr/nuclr/Data/Atanas_SF_unified_000776/cv5_grouped_v1/fold_1/test/val__2023-01-17-01__776311ba.npz,62,I2R,2023-01-05-18,1,1,1,1,1,1,1,1.0,1.0,1,1
1,42,2023-01-17-01,/home/ubuntu/klb/nuclr/nuclr/Data/Atanas_SF_unified_000776/cv5_grouped_v1/fold_1/test/val__2023-01-17-01__776311ba.npz,63,AVL,2023-01-05-18,1,1,1,1,1,1,1,1.0,1.0,1,1
1,42,2023-01-17-01,/home/ubuntu/klb/nuclr/nuclr/Data/Atanas_SF_unified_000776/cv5_grouped_v1/fold_1/test/val__2023-01-17-01__776311ba.npz,64,RMDDL,2023-01-05-18,1,1,1,1,1,1,1,1.0,1.0,1,1
1,42,2023-01-17-01,/home/ubuntu/klb/nuclr/nuclr/Data/Atanas_SF_unified_000776/cv5_grouped_v1/fold_1/test/val__2023-01-17-01__776311ba.npz,65,RMER,2023-01-05-18,1,1,1,1,1,1,1,1.0,1.0,1,1
1,42,2023-01-17-01,/home/ubuntu/klb/nuclr/nuclr/Data/Atanas_SF_unified_000776/cv5_grouped_v1/fold_1/test/val__2023-01-17-01__776311ba.npz,66,ASGL,2023-01-05-18,1,1,1,1,1,1,1,1.0,1.0,1,1
1,42,2023-01-17-01,/home/ubuntu/klb/nuclr/nuclr/Data/Atanas_SF_unified_000776/cv5_grouped_v1/fold_1/test/val__2023-01-17-01__776311ba.npz,67,AINL,2023-01-05-18,0,6,-1,0,0,0,0,0.16666666666666666,0.0,0,0
1,42,2023-01-17-01,/home/ubuntu/klb/nuclr/nuclr/Data/Atanas_SF_unified_000776/cv5_grouped_v1/fold_1/test/val__2023-01-17-01__776311ba.npz,68,IL1L,2023-01-05-18,1,1,1,1,1,1,1,1.0,1.0,1,1
1,42,2023-01-17-01,/home/ubuntu/klb/nuclr/nuclr/Data/Atanas_SF_unified_000776/cv5_grouped_v1/fold_1/test/val__2023-01-17-01__776311ba.npz,69,FLPL,2023-01-05-18,1,1,1,1,1,1,1,1.0,1.0,1,1
1,42,2023-01-17-01,/home/ubuntu/klb/nuclr/nuclr/Data/Atanas_SF_unified_000776/cv5_grouped_v1/fold_1/test/val__2023-01-17-01__776311ba.npz,73,OLLL,2023-01-05-18,1,1,1,1,1,1,1,1.0,1.0,1,1
1,42,2023-01-17-01,/home/ubuntu/klb/nuclr/nuclr/Data/Atanas_SF_unified_000776/cv5_grouped_v1/fold_1/test/val__2023-01-17-01__776311ba.npz,74,RMEV,2023-01-05-18,1,1,1,1,1,1,1,1.0,1.0,1,1
1,42,2023-01-17-01,/home/ubuntu/klb/nuclr/nuclr/Data/Atanas_SF_unified_000776/cv5_grouped_v1/fold_1/test/val__2023-01-17-01__776311ba.npz,75,RIVL,2023-01-05-18,1,1,1,1,1,1,1,1.0,1.0,1,1
1,42,2023-01-17-01,/home/ubuntu/klb/nuclr/nuclr/Data/Atanas_SF_unified_000776/cv5_grouped_v1/fold_1/test/val__2023-01-17-01__776311ba.npz,76,AIYR,2023-01-05-18,0,3,-1,0,0,1,0,0.3333333333333333,0.0,0,0
1,42,2023-01-17-01,/home/ubuntu/klb/nuclr/nuclr/Data/Atanas_SF_unified_000776/cv5_grouped_v1/fold_1/test/val__2023-01-17-01__776311ba.npz,78,MCL,2023-01-05-18,1,1,1,1,1,1,1,1.0,1.0,1,1
1,42,2023-01-17-01,/home/ubuntu/klb/nuclr/nuclr/Data/Atanas_SF_unified_000776/cv5_grouped_v1/fold_1/test/val__2023-01-17-01__776311ba.npz,80,AUAL,2023-01-05-18,1,4,1,0,1,1,1,0.25,1.0,0,1
1,42,2023-01-17-01,/home/ubuntu/klb/nuclr/nuclr/Data/Atanas_SF_unified_000776/cv5_grouped_v1/fold_1/test/val__2023-01-17-01__776311ba.npz,83,RMDL,2023-01-05-18,1,1,1,1,1,1,1,1.0,1.0,1,1
1,42,2023-01-17-01,/home/ubuntu/klb/nuclr/nuclr/Data/Atanas_SF_unified_000776/cv5_grouped_v1/fold_1/test/val__2023-01-17-01__776311ba.npz,84,AVDR,2023-01-05-18,1,15,4,0,0,0,1,0.06666666666666667,0.25,0,0
1,42,2023-01-17-01,/home/ubuntu/klb/nuclr/nuclr/Data/Atanas_SF_unified_000776/cv5_grouped_v1/fold_1/test/val__2023-01-17-01__776311ba.npz,85,RIH,2023-01-05-18,0,1,-1,1,0,1,0,1.0,0.0,1,0
1,42,2023-01-17-01,/home/ubuntu/klb/nuclr/nuclr/Data/Atanas_SF_unified_000776/cv5_grouped_v1/fold_1/test/val__2023-01-17-01__776311ba.npz,87,IL2DL,2023-01-05-18,1,1,1,1,1,1,1,1.0,1.0,1,1
1,42,2023-01-17-01,/home/ubuntu/klb/nuclr/nuclr/Data/Atanas_SF_unified_000776/cv5_grouped_v1/fold_1/test/val__2023-01-17-01__776311ba.npz,88,AWBL,2023-01-05-18,1,1,1,1,1,1,1,1.0,1.0,1,1
1,42,2023-01-17-01,/home/ubuntu/klb/nuclr/nuclr/Data/Atanas_SF_unified_000776/cv5_grouped_v1/fold_1/test/val__2023-01-17-01__776311ba.npz,89,RICL,2023-01-05-18,1,1,2,1,0,1,1,1.0,0.5,1,1
1,42,2023-01-17-01,/home/ubuntu/klb/nuclr/nuclr/Data/Atanas_SF_unified_000776/cv5_grouped_v1/fold_1/test/val__2023-01-17-01__776311ba.npz,90,ADAL,2023-01-05-18,0,1,-1,1,0,1,0,1.0,0.0,1,0
1,42,2023-01-17-01,/home/ubuntu/klb/nuclr/nuclr/Data/Atanas_SF_unified_000776/cv5_grouped_v1/fold_1/test/val__2023-01-17-01__776311ba.npz,93,AVJR,2023-01-05-18,1,1,1,1,1,1,1,1.0,1.0,1,1
1,42,2023-01-17-01,/home/ubuntu/klb/nuclr/nuclr/Data/Atanas_SF_unified_000776/cv5_grouped_v1/fold_1/test/val__2023-01-17-01__776311ba.npz,96,OLQVL,2023-01-05-18,1,1,1,1,1,1,1,1.0,1.0,1,1
1,42,2023-01-17-01,/home/ubuntu/klb/nuclr/nuclr/Data/Atanas_SF_unified_000776/cv5_grouped_v1/fold_1/test/val__2023-01-17-01__776311ba.npz,97,AIBL,2023-01-05-18,0,1,-1,1,0,1,0,1.0,0.0,1,0
1,42,2023-01-17-01,/home/ubuntu/klb/nuclr/nuclr/Data/Atanas_SF_unified_000776/cv5_grouped_v1/fold_1/test/val__2023-01-17-01__776311ba.npz,100,AVAR,2023-01-05-18,1,1,1,1,1,1,1,1.0,1.0,1,1
1,42,2023-01-17-01,/home/ubuntu/klb/nuclr/nuclr/Data/Atanas_SF_unified_000776/cv5_grouped_v1/fold_1/test/val__2023-01-17-01__776311ba.npz,101,NSML,2023-01-05-18,1,1,1,1,1,1,1,1.0,1.0,1,1
1,42,2023-01-17-01,/home/ubuntu/klb/nuclr/nuclr/Data/Atanas_SF_unified_000776/cv5_grouped_v1/fold_1/test/val__2023-01-17-01__776311ba.npz,102,AIML,2023-01-05-18,0,1,-1,1,0,1,0,1.0,0.0,1,0
1,42,2023-01-17-01,/home/ubuntu/klb/nuclr/nuclr/Data/Atanas_SF_unified_000776/cv5_grouped_v1/fold_1/test/val__2023-01-17-01__776311ba.npz,103,ASHL,2023-01-05-18,0,1,-1,1,0,1,0,1.0,0.0,1,0
1,42,2023-01-17-01,/home/ubuntu/klb/nuclr/nuclr/Data/Atanas_SF_unified_000776/cv5_grouped_v1/fold_1/test/val__2023-01-17-01__776311ba.npz,105,CEPDL,2023-01-05-18,1,94,39,0,0,0,0,0.010638297872340425,0.02564102564102564,0,0
1,42,2023-01-17-01,/home/ubuntu/klb/nuclr/nuclr/Data/Atanas_SF_unified_000776/cv5_grouped_v1/fold_1/test/val__2023-01-17-01__776311ba.npz,106,SMDVR,2023-01-05-18,0,3,-1,0,0,1,0,0.3333333333333333,0.0,0,0
1,42,2023-01-17-01,/home/ubuntu/klb/nuclr/nuclr/Data/Atanas_SF_unified_000776/cv5_grouped_v1/fold_1/test/val__2023-01-17-01__776311ba.npz,109,ASIR,2023-01-05-18,0,4,-1,0,0,1,0,0.25,0.0,0,0
1,42,2023-01-17-01,/home/ubuntu/klb/nuclr/nuclr/Data/Atanas_SF_unified_000776/cv5_grouped_v1/fold_1/test/val__2023-01-17-01__776311ba.npz,110,AVAL,2023-01-05-18,1,1,1,1,1,1,1,1.0,1.0,1,1
1,42,2023-01-17-01,/home/ubuntu/klb/nuclr/nuclr/Data/Atanas_SF_unified_000776/cv5_grouped_v1/fold_1/test/val__2023-01-17-01__776311ba.npz,111,MCR,2023-01-05-18,0,1,-1,1,0,1,0,1.0,0.0,1,0
1,42,2023-01-17-01,/home/ubuntu/klb/nuclr/nuclr/Data/Atanas_SF_unified_000776/cv5_grouped_v1/fold_1/test/val__2023-01-17-01__776311ba.npz,112,ADLL,2023-01-05-18,1,1,1,1,1,1,1,1.0,1.0,1,1
1,42,2023-01-17-01,/home/ubuntu/klb/nuclr/nuclr/Data/Atanas_SF_unified_000776/cv5_grouped_v1/fold_1/test/val__2023-01-17-01__776311ba.npz,113,IL2VL,2023-01-05-18,1,1,1,1,1,1,1,1.0,1.0,1,1
1,42,2023-01-17-01,/home/ubuntu/klb/nuclr/nuclr/Data/Atanas_SF_unified_000776/cv5_grouped_v1/fold_1/test/val__2023-01-17-01__776311ba.npz,114,CEPVL,2023-01-05-18,1,68,47,0,0,0,0,0.014705882352941176,0.02127659574468085,0,0
1,42,2023-01-17-01,/home/ubuntu/klb/nuclr/nuclr/Data/Atanas_SF_unified_000776/cv5_grouped_v1/fold_1/test/val__2023-01-17-01__776311ba.npz,115,IL2L,2023-01-05-18,1,1,1,1,1,1,1,1.0,1.0,1,1
1,42,2023-01-17-01,/home/ubuntu/klb/nuclr/nuclr/Data/Atanas_SF_unified_000776/cv5_grouped_v1/fold_1/test/val__2023-01-17-01__776311ba.npz,116,RID,2023-01-05-18,1,1,1,1,1,1,1,1.0,1.0,1,1
1,42,2023-01-17-01,/home/ubuntu/klb/nuclr/nuclr/Data/Atanas_SF_unified_000776/cv5_grouped_v1/fold_1/test/val__2023-01-17-01__776311ba.npz,117,URYVR,2023-01-05-18,0,1,-1,1,0,1,0,1.0,0.0,1,0
1,42,2023-01-17-01,/home/ubuntu/klb/nuclr/nuclr/Data/Atanas_SF_unified_000776/cv5_grouped_v1/fold_1/test/val__2023-01-17-01__776311ba.npz,119,ADER,2023-01-05-18,1,1,1,1,1,1,1,1.0,1.0,1,1
1,42,2023-01-17-01,/home/ubuntu/klb/nuclr/nuclr/Data/Atanas_SF_unified_000776/cv5_grouped_v1/fold_1/test/val__2023-01-17-01__776311ba.npz,121,OLQVR,2023-01-05-18,1,1,1,1,1,1,1,1.0,1.0,1,1
1,42,2023-01-17-01,/home/ubuntu/klb/nuclr/nuclr/Data/Atanas_SF_unified_000776/cv5_grouped_v1/fold_1/test/val__2023-01-17-01__776311ba.npz,123,AVDL,2023-01-05-18,0,1,-1,1,0,1,0,1.0,0.0,1,0
1,42,2023-01-17-01,/home/ubuntu/klb/nuclr/nuclr/Data/Atanas_SF_unified_000776/cv5_grouped_v1/fold_1/test/val__2023-01-17-01__776311ba.npz,125,BAGL,2023-01-05-18,0,1,-1,1,0,1,0,1.0,0.0,1,0
1,42,2023-01-17-01,/home/ubuntu/klb/nuclr/nuclr/Data/Atanas_SF_unified_000776/cv5_grouped_v1/fold_1/test/val__2023-01-17-01__776311ba.npz,126,M1,2023-01-05-18,1,1,1,1,1,1,1,1.0,1.0,1,1
1,42,2023-01-17-01,/home/ubuntu/klb/nuclr/nuclr/Data/Atanas_SF_unified_000776/cv5_grouped_v1/fold_1/test/val__2023-01-17-01__776311ba.npz,127,RMDVL,2023-01-05-18,1,1,1,1,1,1,1,1.0,1.0,1,1
1,42,2023-01-17-01,/home/ubuntu/klb/nuclr/nuclr/Data/Atanas_SF_unified_000776/cv5_grouped_v1/fold_1/test/val__2023-01-17-01__776311ba.npz,130,URYDL,2023-01-05-18,1,1,1,1,1,1,1,1.0,1.0,1,1
1,42,2023-01-17-01,/home/ubuntu/klb/nuclr/nuclr/Data/Atanas_SF_unified_000776/cv5_grouped_v1/fold_1/test/val__2023-01-17-01__776311ba.npz,133,AWCL,2023-01-05-18,1,1,1,1,1,1,1,1.0,1.0,1,1
1,42,2023-01-17-07,/home/ubuntu/klb/nuclr/nuclr/Data/Atanas_SF_unified_000776/cv5_grouped_v1/fold_1/test/val__2023-01-17-07__2a449a99.npz,4,I2R,2023-01-05-18,1,1,1,1,1,1,1,1.0,1.0,1,1
1,42,2023-01-17-07,/home/ubuntu/klb/nuclr/nuclr/Data/Atanas_SF_unified_000776/cv5_grouped_v1/fold_1/test/val__2023-01-17-07__2a449a99.npz,5,ADAL,2023-01-05-18,0,1,-1,1,0,1,0,1.0,0.0,1,0
1,42,2023-01-17-07,/home/ubuntu/klb/nuclr/nuclr/Data/Atanas_SF_unified_000776/cv5_grouped_v1/fold_1/test/val__2023-01-17-07__2a449a99.npz,7,OLQDR,2023-01-05-18,1,1,1,1,1,1,1,1.0,1.0,1,1
1,42,2023-01-17-07,/home/ubuntu/klb/nuclr/nuclr/Data/Atanas_SF_unified_000776/cv5_grouped_v1/fold_1/test/val__2023-01-17-07__2a449a99.npz,10,I3,2023-01-05-18,1,1,1,1,1,1,1,1.0,1.0,1,1
1,42,2023-01-17-07,/home/ubuntu/klb/nuclr/nuclr/Data/Atanas_SF_unified_000776/cv5_grouped_v1/fold_1/test/val__2023-01-17-07__2a449a99.npz,11,CEPVR,2023-01-05-18,0,3,-1,0,0,1,0,0.3333333333333333,0.0,0,0
1,42,2023-01-17-07,/home/ubuntu/klb/nuclr/nuclr/Data/Atanas_SF_unified_000776/cv5_grouped_v1/fold_1/test/val__2023-01-17-07__2a449a99.npz,16,AVAR,2023-01-05-18,1,1,1,1,1,1,1,1.0,1.0,1,1
1,42,2023-01-17-07,/home/ubuntu/klb/nuclr/nuclr/Data/Atanas_SF_unified_000776/cv5_grouped_v1/fold_1/test/val__2023-01-17-07__2a449a99.npz,17,AVDR,2023-01-05-18,1,8,5,0,0,0,1,0.125,0.2,0,0
1,42,2023-01-17-07,/home/ubuntu/klb/nuclr/nuclr/Data/Atanas_SF_unified_000776/cv5_grouped_v1/fold_1/test/val__2023-01-17-07__2a449a99.npz,18,AUAL,2023-01-05-18,1,1,1,1,1,1,1,1.0,1.0,1,1
1,42,2023-01-17-07,/home/ubuntu/klb/nuclr/nuclr/Data/Atanas_SF_unified_000776/cv5_grouped_v1/fold_1/test/val__2023-01-17-07__2a449a99.npz,19,ASGL,2023-01-05-18,1,1,1,1,1,1,1,1.0,1.0,1,1
1,42,2023-01-17-07,/home/ubuntu/klb/nuclr/nuclr/Data/Atanas_SF_unified_000776/cv5_grouped_v1/fold_1/test/val__2023-01-17-07__2a449a99.npz,21,RMDVR,2023-01-05-18,1,1,1,1,1,1,1,1.0,1.0,1,1
1,42,2023-01-17-07,/home/ubuntu/klb/nuclr/nuclr/Data/Atanas_SF_unified_000776/cv5_grouped_v1/fold_1/test/val__2023-01-17-07__2a449a99.npz,22,M3R,2023-01-05-18,1,1,1,1,1,1,1,1.0,1.0,1,1
1,42,2023-01-17-07,/home/ubuntu/klb/nuclr/nuclr/Data/Atanas_SF_unified_000776/cv5_grouped_v1/fold_1/test/val__2023-01-17-07__2a449a99.npz,23,AIZL,2023-01-05-18,1,1,1,1,1,1,1,1.0,1.0,1,1
1,42,2023-01-17-07,/home/ubuntu/klb/nuclr/nuclr/Data/Atanas_SF_unified_000776/cv5_grouped_v1/fold_1/test/val__2023-01-17-07__2a449a99.npz,24,RIH,2023-01-05-18,0,4,-1,0,0,1,0,0.25,0.0,0,0
1,42,2023-01-17-07,/home/ubuntu/klb/nuclr/nuclr/Data/Atanas_SF_unified_000776/cv5_grouped_v1/fold_1/test/val__2023-01-17-07__2a449a99.npz,25,IL1DL,2023-01-05-18,1,1,1,1,1,1,1,1.0,1.0,1,1
1,42,2023-01-17-07,/home/ubuntu/klb/nuclr/nuclr/Data/Atanas_SF_unified_000776/cv5_grouped_v1/fold_1/test/val__2023-01-17-07__2a449a99.npz,26,URXL,2023-01-05-18,1,2,1,0,1,1,1,0.5,1.0,1,1
1,42,2023-01-17-07,/home/ubuntu/klb/nuclr/nuclr/Data/Atanas_SF_unified_000776/cv5_grouped_v1/fold_1/test/val__2023-01-17-07__2a449a99.npz,27,MCL,2023-01-05-18,1,2,2,0,0,1,1,0.5,0.5,0,0
1,42,2023-01-17-07,/home/ubuntu/klb/nuclr/nuclr/Data/Atanas_SF_unified_000776/cv5_grouped_v1/fold_1/test/val__2023-01-17-07__2a449a99.npz,28,AIBR,2023-01-05-18,1,1,1,1,1,1,1,1.0,1.0,1,1
1,42,2023-01-17-07,/home/ubuntu/klb/nuclr/nuclr/Data/Atanas_SF_unified_000776/cv5_grouped_v1/fold_1/test/val__2023-01-17-07__2a449a99.npz,29,RMEL,2023-01-05-18,0,1,-1,1,0,1,0,1.0,0.0,1,0
1,42,2023-01-17-07,/home/ubuntu/klb/nuclr/nuclr/Data/Atanas_SF_unified_000776/cv5_grouped_v1/fold_1/test/val__2023-01-17-07__2a449a99.npz,31,AVJL,2023-01-05-18,1,2,1,0,1,1,1,0.5,1.0,0,1
1,42,2023-01-17-07,/home/ubuntu/klb/nuclr/nuclr/Data/Atanas_SF_unified_000776/cv5_grouped_v1/fold_1/test/val__2023-01-17-07__2a449a99.npz,32,AIZR,2023-01-05-18,1,7,3,0,0,0,1,0.14285714285714285,0.3333333333333333,0,0
1,42,2023-01-17-07,/home/ubuntu/klb/nuclr/nuclr/Data/Atanas_SF_unified_000776/cv5_grouped_v1/fold_1/test/val__2023-01-17-07__2a449a99.npz,38,AVER,2023-01-05-18,1,1,1,1,1,1,1,1.0,1.0,1,1
1,42,2023-01-17-07,/home/ubuntu/klb/nuclr/nuclr/Data/Atanas_SF_unified_000776/cv5_grouped_v1/fold_1/test/val__2023-01-17-07__2a449a99.npz,39,I1R,2023-01-05-18,1,1,1,1,1,1,1,1.0,1.0,1,1
1,42,2023-01-17-07,/home/ubuntu/klb/nuclr/nuclr/Data/Atanas_SF_unified_000776/cv5_grouped_v1/fold_1/test/val__2023-01-17-07__2a449a99.npz,43,RIAL,2023-01-05-18,1,1,1,1,1,1,1,1.0,1.0,1,1
1,42,2023-01-17-07,/home/ubuntu/klb/nuclr/nuclr/Data/Atanas_SF_unified_000776/cv5_grouped_v1/fold_1/test/val__2023-01-17-07__2a449a99.npz,44,AWAL,2023-01-05-18,1,1,1,1,1,1,1,1.0,1.0,1,1
1,42,2023-01-17-07,/home/ubuntu/klb/nuclr/nuclr/Data/Atanas_SF_unified_000776/cv5_grouped_v1/fold_1/test/val__2023-01-17-07__2a449a99.npz,45,I1L,2023-01-05-18,1,1,1,1,1,1,1,1.0,1.0,1,1
1,42,2023-01-17-07,/home/ubuntu/klb/nuclr/nuclr/Data/Atanas_SF_unified_000776/cv5_grouped_v1/fold_1/test/val__2023-01-17-07__2a449a99.npz,52,FLPL,2023-01-05-18,1,4,2,0,0,1,1,0.25,0.5,0,0
1,42,2023-01-17-07,/home/ubuntu/klb/nuclr/nuclr/Data/Atanas_SF_unified_000776/cv5_grouped_v1/fold_1/test/val__2023-01-17-07__2a449a99.npz,55,RMER,2023-01-05-18,1,1,1,1,1,1,1,1.0,1.0,1,1
1,42,2023-01-17-07,/home/ubuntu/klb/nuclr/nuclr/Data/Atanas_SF_unified_000776/cv5_grouped_v1/fold_1/test/val__2023-01-17-07__2a449a99.npz,56,IL1L,2023-01-05-18,1,1,1,1,1,1,1,1.0,1.0,1,1
1,42,2023-01-17-07,/home/ubuntu/klb/nuclr/nuclr/Data/Atanas_SF_unified_000776/cv5_grouped_v1/fold_1/test/val__2023-01-17-07__2a449a99.npz,57,CEPVL,2023-01-05-18,1,3,2,0,0,1,1,0.3333333333333333,0.5,0,0
1,42,2023-01-17-07,/home/ubuntu/klb/nuclr/nuclr/Data/Atanas_SF_unified_000776/cv5_grouped_v1/fold_1/test/val__2023-01-17-07__2a449a99.npz,58,ASEL,2023-01-05-18,1,1,1,1,1,1,1,1.0,1.0,1,1
1,42,2023-01-17-07,/home/ubuntu/klb/nuclr/nuclr/Data/Atanas_SF_unified_000776/cv5_grouped_v1/fold_1/test/val__2023-01-17-07__2a449a99.npz,59,CEPDR,2023-01-05-18,1,1,2,1,0,1,1,1.0,0.5,1,0
1,42,2023-01-17-07,/home/ubuntu/klb/nuclr/nuclr/Data/Atanas_SF_unified_000776/cv5_grouped_v1/fold_1/test/val__2023-01-17-07__2a449a99.npz,61,ADEL,2023-01-05-18,0,7,-1,0,0,0,0,0.14285714285714285,0.0,0,0
1,42,2023-01-17-07,/home/ubuntu/klb/nuclr/nuclr/Data/Atanas_SF_unified_000776/cv5_grouped_v1/fold_1/test/val__2023-01-17-07__2a449a99.npz,62,AIBL,2023-01-05-18,0,1,-1,1,0,1,0,1.0,0.0,1,0
1,42,2023-01-17-07,/home/ubuntu/klb/nuclr/nuclr/Data/Atanas_SF_unified_000776/cv5_grouped_v1/fold_1/test/val__2023-01-17-07__2a449a99.npz,63,M5,2023-01-05-18,0,1,-1,1,0,1,0,1.0,0.0,1,0
1,42,2023-01-17-07,/home/ubuntu/klb/nuclr/nuclr/Data/Atanas_SF_unified_000776/cv5_grouped_v1/fold_1/test/val__2023-01-17-07__2a449a99.npz,64,RMED,2023-01-05-18,0,1,-1,1,0,1,0,1.0,0.0,1,0
1,42,2023-01-17-07,/home/ubuntu/klb/nuclr/nuclr/Data/Atanas_SF_unified_000776/cv5_grouped_v1/fold_1/test/val__2023-01-17-07__2a449a99.npz,66,RIVL,2023-01-05-18,1,1,1,1,1,1,1,1.0,1.0,1,1
1,42,2023-01-17-07,/home/ubuntu/klb/nuclr/nuclr/Data/Atanas_SF_unified_000776/cv5_grouped_v1/fold_1/test/val__2023-01-17-07__2a449a99.npz,68,RICL,2023-01-05-18,1,1,1,1,1,1,1,1.0,1.0,1,1
1,42,2023-01-17-07,/home/ubuntu/klb/nuclr/nuclr/Data/Atanas_SF_unified_000776/cv5_grouped_v1/fold_1/test/val__2023-01-17-07__2a449a99.npz,70,IL1R,2023-01-05-18,0,1,-1,1,0,1,0,1.0,0.0,1,0
1,42,2023-01-17-07,/home/ubuntu/klb/nuclr/nuclr/Data/Atanas_SF_unified_000776/cv5_grouped_v1/fold_1/test/val__2023-01-17-07__2a449a99.npz,71,URBR,2023-01-05-18,1,1,2,1,0,1,1,1.0,0.5,1,0
1,42,2023-01-17-07,/home/ubuntu/klb/nuclr/nuclr/Data/Atanas_SF_unified_000776/cv5_grouped_v1/fold_1/test/val__2023-01-17-07__2a449a99.npz,74,IL2DR,2023-01-05-18,1,1,1,1,1,1,1,1.0,1.0,1,1
1,42,2023-01-17-07,/home/ubuntu/klb/nuclr/nuclr/Data/Atanas_SF_unified_000776/cv5_grouped_v1/fold_1/test/val__2023-01-17-07__2a449a99.npz,75,OLLL,2023-01-05-18,1,1,1,1,1,1,1,1.0,1.0,1,1
1,42,2023-01-17-07,/home/ubuntu/klb/nuclr/nuclr/Data/Atanas_SF_unified_000776/cv5_grouped_v1/fold_1/test/val__2023-01-17-07__2a449a99.npz,76,RIVR,2023-01-05-18,1,1,1,1,1,1,1,1.0,1.0,1,1
1,42,2023-01-17-07,/home/ubuntu/klb/nuclr/nuclr/Data/Atanas_SF_unified_000776/cv5_grouped_v1/fold_1/test/val__2023-01-17-07__2a449a99.npz,79,RMDL,2023-01-05-18,1,1,1,1,1,1,1,1.0,1.0,1,1
1,42,2023-01-17-07,/home/ubuntu/klb/nuclr/nuclr/Data/Atanas_SF_unified_000776/cv5_grouped_v1/fold_1/test/val__2023-01-17-07__2a449a99.npz,81,IL2VR,2023-01-05-18,1,1,1,1,1,1,1,1.0,1.0,1,1
1,42,2023-01-17-07,/home/ubuntu/klb/nuclr/nuclr/Data/Atanas_SF_unified_000776/cv5_grouped_v1/fold_1/test/val__2023-01-17-07__2a449a99.npz,82,OLQVL,2023-01-05-18,1,1,1,1,1,1,1,1.0,1.0,1,1
1,42,2023-01-17-07,/home/ubuntu/klb/nuclr/nuclr/Data/Atanas_SF_unified_000776/cv5_grouped_v1/fold_1/test/val__2023-01-17-07__2a449a99.npz,83,AINL,2023-01-05-18,0,1,-1,1,0,1,0,1.0,0.0,1,0
1,42,2023-01-17-07,/home/ubuntu/klb/nuclr/nuclr/Data/Atanas_SF_unified_000776/cv5_grouped_v1/fold_1/test/val__2023-01-17-07__2a449a99.npz,84,AVJR,2023-01-05-18,1,1,1,1,1,1,1,1.0,1.0,1,1
1,42,2023-01-17-07,/home/ubuntu/klb/nuclr/nuclr/Data/Atanas_SF_unified_000776/cv5_grouped_v1/fold_1/test/val__2023-01-17-07__2a449a99.npz,85,URADL,2023-01-05-18,1,1,2,1,0,1,1,1.0,0.5,1,0
1,42,2023-01-17-07,/home/ubuntu/klb/nuclr/nuclr/Data/Atanas_SF_unified_000776/cv5_grouped_v1/fold_1/test/val__2023-01-17-07__2a449a99.npz,86,SMDDL,2023-01-05-18,0,2,-1,0,0,1,0,0.5,0.0,0,0
1,42,2023-01-17-07,/home/ubuntu/klb/nuclr/nuclr/Data/Atanas_SF_unified_000776/cv5_grouped_v1/fold_1/test/val__2023-01-17-07__2a449a99.npz,87,IL1VR,2023-01-05-18,0,1,-1,1,0,1,0,1.0,0.0,1,0
1,42,2023-01-17-07,/home/ubuntu/klb/nuclr/nuclr/Data/Atanas_SF_unified_000776/cv5_grouped_v1/fold_1/test/val__2023-01-17-07__2a449a99.npz,90,IL2VL,2023-01-05-18,1,1,1,1,1,1,1,1.0,1.0,1,1
1,42,2023-01-17-07,/home/ubuntu/klb/nuclr/nuclr/Data/Atanas_SF_unified_000776/cv5_grouped_v1/fold_1/test/val__2023-01-17-07__2a449a99.npz,91,SAAVL,2023-01-05-18,1,1,1,1,1,1,1,1.0,1.0,1,1
1,42,2023-01-17-07,/home/ubuntu/klb/nuclr/nuclr/Data/Atanas_SF_unified_000776/cv5_grouped_v1/fold_1/test/val__2023-01-17-07__2a449a99.npz,93,RMDDL,2023-01-05-18,1,1,1,1,1,1,1,1.0,1.0,1,1
1,42,2023-01-17-07,/home/ubuntu/klb/nuclr/nuclr/Data/Atanas_SF_unified_000776/cv5_grouped_v1/fold_1/test/val__2023-01-17-07__2a449a99.npz,95,ASGR,2023-01-05-18,0,1,-1,1,0,1,0,1.0,0.0,1,0
1,42,2023-01-17-07,/home/ubuntu/klb/nuclr/nuclr/Data/Atanas_SF_unified_000776/cv5_grouped_v1/fold_1/test/val__2023-01-17-07__2a449a99.npz,100,SMDVR,2023-01-05-18,0,1,-1,1,0,1,0,1.0,0.0,1,0
1,42,2023-01-17-07,/home/ubuntu/klb/nuclr/nuclr/Data/Atanas_SF_unified_000776/cv5_grouped_v1/fold_1/test/val__2023-01-17-07__2a449a99.npz,101,NSMR,2023-01-05-18,1,1,1,1,1,1,1,1.0,1.0,1,1
1,42,2023-01-17-07,/home/ubuntu/klb/nuclr/nuclr/Data/Atanas_SF_unified_000776/cv5_grouped_v1/fold_1/test/val__2023-01-17-07__2a449a99.npz,103,AVDL,2023-01-05-18,0,1,-1,1,0,1,0,1.0,0.0,1,0
1,42,2023-01-17-07,/home/ubuntu/klb/nuclr/nuclr/Data/Atanas_SF_unified_000776/cv5_grouped_v1/fold_1/test/val__2023-01-17-07__2a449a99.npz,107,OLQDL,2023-01-05-18,1,1,1,1,1,1,1,1.0,1.0,1,1
1,42,2023-01-17-07,/home/ubuntu/klb/nuclr/nuclr/Data/Atanas_SF_unified_000776/cv5_grouped_v1/fold_1/test/val__2023-01-17-07__2a449a99.npz,108,OLLR,2023-01-05-18,1,1,1,1,1,1,1,1.0,1.0,1,1
1,42,2023-01-17-07,/home/ubuntu/klb/nuclr/nuclr/Data/Atanas_SF_unified_000776/cv5_grouped_v1/fold_1/test/val__2023-01-17-07__2a449a99.npz,109,URXR,2023-01-05-18,1,1,1,1,1,1,1,1.0,1.0,1,0
1,42,2023-01-17-07,/home/ubuntu/klb/nuclr/nuclr/Data/Atanas_SF_unified_000776/cv5_grouped_v1/fold_1/test/val__2023-01-17-07__2a449a99.npz,111,CEPDL,2023-01-05-18,1,1,1,1,1,1,1,1.0,1.0,1,1
1,42,2023-01-17-07,/home/ubuntu/klb/nuclr/nuclr/Data/Atanas_SF_unified_000776/cv5_grouped_v1/fold_1/test/val__2023-01-17-07__2a449a99.npz,114,AWCR,2023-01-05-18,0,1,-1,1,0,1,0,1.0,0.0,1,0
1,42,2023-01-17-07,/home/ubuntu/klb/nuclr/nuclr/Data/Atanas_SF_unified_000776/cv5_grouped_v1/fold_1/test/val__2023-01-17-07__2a449a99.npz,115,M3L,2023-01-05-18,1,1,1,1,1,1,1,1.0,1.0,1,1
1,42,2023-01-17-07,/home/ubuntu/klb/nuclr/nuclr/Data/Atanas_SF_unified_000776/cv5_grouped_v1/fold_1/test/val__2023-01-17-07__2a449a99.npz,117,AWAR,2023-01-05-18,0,1,-1,1,0,1,0,1.0,0.0,1,0
1,42,2023-01-17-07,/home/ubuntu/klb/nuclr/nuclr/Data/Atanas_SF_unified_000776/cv5_grouped_v1/fold_1/test/val__2023-01-17-07__2a449a99.npz,122,I4,2023-01-05-18,1,1,1,1,1,1,1,1.0,1.0,1,1
1,42,2023-01-17-07,/home/ubuntu/klb/nuclr/nuclr/Data/Atanas_SF_unified_000776/cv5_grouped_v1/fold_1/test/val__2023-01-17-07__2a449a99.npz,123,AVEL,2023-01-05-18,1,1,1,1,1,1,1,1.0,1.0,1,1
1,42,2023-01-17-07,/home/ubuntu/klb/nuclr/nuclr/Data/Atanas_SF_unified_000776/cv5_grouped_v1/fold_1/test/val__2023-01-17-07__2a449a99.npz,125,URYVL,2023-01-05-18,1,1,1,1,1,1,1,1.0,1.0,1,1
1,42,2023-01-17-07,/home/ubuntu/klb/nuclr/nuclr/Data/Atanas_SF_unified_000776/cv5_grouped_v1/fold_1/test/val__2023-01-17-07__2a449a99.npz,126,URYVR,2023-01-05-18,0,1,-1,1,0,1,0,1.0,0.0,1,0
1,42,2023-01-17-07,/home/ubuntu/klb/nuclr/nuclr/Data/Atanas_SF_unified_000776/cv5_grouped_v1/fold_1/test/val__2023-01-17-07__2a449a99.npz,128,URBL,2023-01-05-18,1,1,1,1,1,1,1,1.0,1.0,1,1
1,42,2023-01-17-07,/home/ubuntu/klb/nuclr/nuclr/Data/Atanas_SF_unified_000776/cv5_grouped_v1/fold_1/test/val__2023-01-17-07__2a449a99.npz,130,RMDDR,2023-01-05-18,0,1,-1,1,0,1,0,1.0,0.0,1,0
1,42,2023-01-17-07,/home/ubuntu/klb/nuclr/nuclr/Data/Atanas_SF_unified_000776/cv5_grouped_v1/fold_1/test/val__2023-01-17-07__2a449a99.npz,131,AWBL,2023-01-05-18,1,1,1,1,1,1,1,1.0,1.0,1,1
1,42,2023-01-17-07,/home/ubuntu/klb/nuclr/nuclr/Data/Atanas_SF_unified_000776/cv5_grouped_v1/fold_1/test/val__2023-01-17-07__2a449a99.npz,132,RIML,2023-01-05-18,0,1,-1,1,0,1,0,1.0,0.0,1,0
1,42,2023-01-17-07,/home/ubuntu/klb/nuclr/nuclr/Data/Atanas_SF_unified_000776/cv5_grouped_v1/fold_1/test/val__2023-01-17-07__2a449a99.npz,133,AWCL,2023-01-05-18,1,1,1,1,1,1,1,1.0,1.0,1,1
1,42,2023-01-17-07,/home/ubuntu/klb/nuclr/nuclr/Data/Atanas_SF_unified_000776/cv5_grouped_v1/fold_1/test/val__2023-01-17-07__2a449a99.npz,134,I2L,2023-01-05-18,1,1,1,1,1,1,1,1.0,1.0,1,1
1,42,2023-01-17-07,/home/ubuntu/klb/nuclr/nuclr/Data/Atanas_SF_unified_000776/cv5_grouped_v1/fold_1/test/val__2023-01-17-07__2a449a99.npz,135,M1,2023-01-05-18,1,1,1,1,1,1,1,1.0,1.0,1,1
1,42,2023-01-17-07,/home/ubuntu/klb/nuclr/nuclr/Data/Atanas_SF_unified_000776/cv5_grouped_v1/fold_1/test/val__2023-01-17-07__2a449a99.npz,136,RID,2023-01-05-18,1,1,1,1,1,1,1,1.0,1.0,1,1
1,42,2023-01-17-07,/home/ubuntu/klb/nuclr/nuclr/Data/Atanas_SF_unified_000776/cv5_grouped_v1/fold_1/test/val__2023-01-17-07__2a449a99.npz,137,IL2DL,2023-01-05-18,1,1,1,1,1,1,1,1.0,1.0,1,1
1,42,2023-01-17-07,/home/ubuntu/klb/nuclr/nuclr/Data/Atanas_SF_unified_000776/cv5_grouped_v1/fold_1/test/val__2023-01-17-07__2a449a99.npz,139,AUAR,2023-01-05-18,0,22,-1,0,0,0,0,0.045454545454545456,0.0,0,0
1,42,2023-01-17-07,/home/ubuntu/klb/nuclr/nuclr/Data/Atanas_SF_unified_000776/cv5_grouped_v1/fold_1/test/val__2023-01-17-07__2a449a99.npz,142,SMDVL,2023-01-05-18,1,1,1,1,1,1,1,1.0,1.0,1,1
1,42,2023-01-17-07,/home/ubuntu/klb/nuclr/nuclr/Data/Atanas_SF_unified_000776/cv5_grouped_v1/fold_1/test/val__2023-01-17-07__2a449a99.npz,143,IL1VL,2023-01-05-18,0,2,-1,0,0,1,0,0.5,0.0,0,0
1,42,2023-01-17-14,/home/ubuntu/klb/nuclr/nuclr/Data/Atanas_SF_unified_000776/cv5_grouped_v1/fold_1/test/val__2023-01-17-14__de966b23.npz,0,SMDDL,2023-01-05-18,0,1,-1,1,0,1,0,1.0,0.0,1,0
1,42,2023-01-17-14,/home/ubuntu/klb/nuclr/nuclr/Data/Atanas_SF_unified_000776/cv5_grouped_v1/fold_1/test/val__2023-01-17-14__de966b23.npz,1,AVEL,2023-01-05-18,1,1,1,1,1,1,1,1.0,1.0,1,1
1,42,2023-01-17-14,/home/ubuntu/klb/nuclr/nuclr/Data/Atanas_SF_unified_000776/cv5_grouped_v1/fold_1/test/val__2023-01-17-14__de966b23.npz,3,RIVL,2023-01-05-18,1,1,1,1,1,1,1,1.0,1.0,1,1
1,42,2023-01-17-14,/home/ubuntu/klb/nuclr/nuclr/Data/Atanas_SF_unified_000776/cv5_grouped_v1/fold_1/test/val__2023-01-17-14__de966b23.npz,5,I2R,2023-01-05-18,1,1,1,1,1,1,1,1.0,1.0,1,1
1,42,2023-01-17-14,/home/ubuntu/klb/nuclr/nuclr/Data/Atanas_SF_unified_000776/cv5_grouped_v1/fold_1/test/val__2023-01-17-14__de966b23.npz,6,AUAL,2023-01-05-18,1,1,1,1,1,1,1,1.0,1.0,1,1
1,42,2023-01-17-14,/home/ubuntu/klb/nuclr/nuclr/Data/Atanas_SF_unified_000776/cv5_grouped_v1/fold_1/test/val__2023-01-17-14__de966b23.npz,7,ADER,2023-01-05-18,1,1,1,1,1,1,1,1.0,1.0,1,1
1,42,2023-01-17-14,/home/ubuntu/klb/nuclr/nuclr/Data/Atanas_SF_unified_000776/cv5_grouped_v1/fold_1/test/val__2023-01-17-14__de966b23.npz,8,URXR,2023-01-05-18,1,2,2,0,0,1,1,0.5,0.5,1,0
1,42,2023-01-17-14,/home/ubuntu/klb/nuclr/nuclr/Data/Atanas_SF_unified_000776/cv5_grouped_v1/fold_1/test/val__2023-01-17-14__de966b23.npz,10,AWCR,2023-01-05-18,0,7,-1,0,0,0,0,0.14285714285714285,0.0,0,0
1,42,2023-01-17-14,/home/ubuntu/klb/nuclr/nuclr/Data/Atanas_SF_unified_000776/cv5_grouped_v1/fold_1/test/val__2023-01-17-14__de966b23.npz,11,ASGL,2023-01-05-18,1,1,1,1,1,1,1,1.0,1.0,1,1
1,42,2023-01-17-14,/home/ubuntu/klb/nuclr/nuclr/Data/Atanas_SF_unified_000776/cv5_grouped_v1/fold_1/test/val__2023-01-17-14__de966b23.npz,12,I1L,2023-01-05-18,1,1,1,1,1,1,1,1.0,1.0,1,1
1,42,2023-01-17-14,/home/ubuntu/klb/nuclr/nuclr/Data/Atanas_SF_unified_000776/cv5_grouped_v1/fold_1/test/val__2023-01-17-14__de966b23.npz,15,IL1VL,2023-01-05-18,0,1,-1,1,0,1,0,1.0,0.0,1,0
1,42,2023-01-17-14,/home/ubuntu/klb/nuclr/nuclr/Data/Atanas_SF_unified_000776/cv5_grouped_v1/fold_1/test/val__2023-01-17-14__de966b23.npz,16,OLQDR,2023-01-05-18,1,1,1,1,1,1,1,1.0,1.0,1,0
1,42,2023-01-17-14,/home/ubuntu/klb/nuclr/nuclr/Data/Atanas_SF_unified_000776/cv5_grouped_v1/fold_1/test/val__2023-01-17-14__de966b23.npz,17,AIBL,2023-01-05-18,0,1,-1,1,0,1,0,1.0,0.0,1,0
1,42,2023-01-17-14,/home/ubuntu/klb/nuclr/nuclr/Data/Atanas_SF_unified_000776/cv5_grouped_v1/fold_1/test/val__2023-01-17-14__de966b23.npz,19,M3L,2023-01-05-18,1,1,1,1,1,1,1,1.0,1.0,1,1
1,42,2023-01-17-14,/home/ubuntu/klb/nuclr/nuclr/Data/Atanas_SF_unified_000776/cv5_grouped_v1/fold_1/test/val__2023-01-17-14__de966b23.npz,20,AVJR,2023-01-05-18,1,2,1,0,1,1,1,0.5,1.0,0,0
1,42,2023-01-17-14,/home/ubuntu/klb/nuclr/nuclr/Data/Atanas_SF_unified_000776/cv5_grouped_v1/fold_1/test/val__2023-01-17-14__de966b23.npz,21,ASIL,2023-01-05-18,1,1,1,1,1,1,1,1.0,1.0,1,1
1,42,2023-01-17-14,/home/ubuntu/klb/nuclr/nuclr/Data/Atanas_SF_unified_000776/cv5_grouped_v1/fold_1/test/val__2023-01-17-14__de966b23.npz,22,SMDVL,2023-01-05-18,1,1,1,1,1,1,1,1.0,1.0,1,1
1,42,2023-01-17-14,/home/ubuntu/klb/nuclr/nuclr/Data/Atanas_SF_unified_000776/cv5_grouped_v1/fold_1/test/val__2023-01-17-14__de966b23.npz,25,VB02,2023-01-05-18,0,1,-1,1,0,1,0,1.0,0.0,1,0
1,42,2023-01-17-14,/home/ubuntu/klb/nuclr/nuclr/Data/Atanas_SF_unified_000776/cv5_grouped_v1/fold_1/test/val__2023-01-17-14__de966b23.npz,26,ASHL,2023-01-05-18,0,1,-1,1,0,1,0,1.0,0.0,1,0
1,42,2023-01-17-14,/home/ubuntu/klb/nuclr/nuclr/Data/Atanas_SF_unified_000776/cv5_grouped_v1/fold_1/test/val__2023-01-17-14__de966b23.npz,32,RIML,2023-01-05-18,0,1,-1,1,0,1,0,1.0,0.0,1,0
1,42,2023-01-17-14,/home/ubuntu/klb/nuclr/nuclr/Data/Atanas_SF_unified_000776/cv5_grouped_v1/fold_1/test/val__2023-01-17-14__de966b23.npz,33,CEPVR,2023-01-05-18,0,2,-1,0,0,1,0,0.5,0.0,0,0
1,42,2023-01-17-14,/home/ubuntu/klb/nuclr/nuclr/Data/Atanas_SF_unified_000776/cv5_grouped_v1/fold_1/test/val__2023-01-17-14__de966b23.npz,34,CEPDL,2023-01-05-18,1,1,1,1,1,1,1,1.0,1.0,1,1
1,42,2023-01-17-14,/home/ubuntu/klb/nuclr/nuclr/Data/Atanas_SF_unified_000776/cv5_grouped_v1/fold_1/test/val__2023-01-17-14__de966b23.npz,35,MI,2023-01-05-18,1,1,1,1,1,1,1,1.0,1.0,1,1
1,42,2023-01-17-14,/home/ubuntu/klb/nuclr/nuclr/Data/Atanas_SF_unified_000776/cv5_grouped_v1/fold_1/test/val__2023-01-17-14__de966b23.npz,36,URYVL,2023-01-05-18,1,1,1,1,1,1,1,1.0,1.0,1,1
1,42,2023-01-17-14,/home/ubuntu/klb/nuclr/nuclr/Data/Atanas_SF_unified_000776/cv5_grouped_v1/fold_1/test/val__2023-01-17-14__de966b23.npz,37,AINL,2023-01-05-18,0,1,-1,1,0,1,0,1.0,0.0,1,0
1,42,2023-01-17-14,/home/ubuntu/klb/nuclr/nuclr/Data/Atanas_SF_unified_000776/cv5_grouped_v1/fold_1/test/val__2023-01-17-14__de966b23.npz,38,AIBR,2023-01-05-18,1,1,1,1,1,1,1,1.0,1.0,1,1
1,42,2023-01-17-14,/home/ubuntu/klb/nuclr/nuclr/Data/Atanas_SF_unified_000776/cv5_grouped_v1/fold_1/test/val__2023-01-17-14__de966b23.npz,39,RICL,2023-01-05-18,1,4,4,0,0,1,1,0.25,0.25,0,0
1,42,2023-01-17-14,/home/ubuntu/klb/nuclr/nuclr/Data/Atanas_SF_unified_000776/cv5_grouped_v1/fold_1/test/val__2023-01-17-14__de966b23.npz,40,RIVR,2023-01-05-18,1,1,1,1,1,1,1,1.0,1.0,1,1
1,42,2023-01-17-14,/home/ubuntu/klb/nuclr/nuclr/Data/Atanas_SF_unified_000776/cv5_grouped_v1/fold_1/test/val__2023-01-17-14__de966b23.npz,41,NSMR,2023-01-05-18,1,1,1,1,1,1,1,1.0,1.0,1,1
1,42,2023-01-17-14,/home/ubuntu/klb/nuclr/nuclr/Data/Atanas_SF_unified_000776/cv5_grouped_v1/fold_1/test/val__2023-01-17-14__de966b23.npz,42,OLQVL,2023-01-05-18,1,1,1,1,1,1,1,1.0,1.0,1,1
1,42,2023-01-17-14,/home/ubuntu/klb/nuclr/nuclr/Data/Atanas_SF_unified_000776/cv5_grouped_v1/fold_1/test/val__2023-01-17-14__de966b23.npz,45,IL2DL,2023-01-05-18,1,1,3,1,0,1,1,1.0,0.3333333333333333,1,0
1,42,2023-01-17-14,/home/ubuntu/klb/nuclr/nuclr/Data/Atanas_SF_unified_000776/cv5_grouped_v1/fold_1/test/val__2023-01-17-14__de966b23.npz,46,IL2R,2023-01-05-18,1,7,4,0,0,0,1,0.14285714285714285,0.25,0,0
1,42,2023-01-17-14,/home/ubuntu/klb/nuclr/nuclr/Data/Atanas_SF_unified_000776/cv5_grouped_v1/fold_1/test/val__2023-01-17-14__de966b23.npz,47,AIAR,2023-01-05-18,0,31,-1,0,0,0,0,0.03225806451612903,0.0,0,0
1,42,2023-01-17-14,/home/ubuntu/klb/nuclr/nuclr/Data/Atanas_SF_unified_000776/cv5_grouped_v1/fold_1/test/val__2023-01-17-14__de966b23.npz,48,AIML,2023-01-05-18,0,2,-1,0,0,1,0,0.5,0.0,0,0
1,42,2023-01-17-14,/home/ubuntu/klb/nuclr/nuclr/Data/Atanas_SF_unified_000776/cv5_grouped_v1/fold_1/test/val__2023-01-17-14__de966b23.npz,49,AIAL,2023-01-05-18,0,19,-1,0,0,0,0,0.05263157894736842,0.0,0,0
1,42,2023-01-17-14,/home/ubuntu/klb/nuclr/nuclr/Data/Atanas_SF_unified_000776/cv5_grouped_v1/fold_1/test/val__2023-01-17-14__de966b23.npz,51,SAAVL,2023-01-05-18,1,5,3,0,0,1,1,0.2,0.3333333333333333,0,0
1,42,2023-01-17-14,/home/ubuntu/klb/nuclr/nuclr/Data/Atanas_SF_unified_000776/cv5_grouped_v1/fold_1/test/val__2023-01-17-14__de966b23.npz,52,IL1L,2023-01-05-18,1,1,1,1,1,1,1,1.0,1.0,1,1
1,42,2023-01-17-14,/home/ubuntu/klb/nuclr/nuclr/Data/Atanas_SF_unified_000776/cv5_grouped_v1/fold_1/test/val__2023-01-17-14__de966b23.npz,53,URXL,2023-01-05-18,1,1,1,1,1,1,1,1.0,1.0,1,0
1,42,2023-01-17-14,/home/ubuntu/klb/nuclr/nuclr/Data/Atanas_SF_unified_000776/cv5_grouped_v1/fold_1/test/val__2023-01-17-14__de966b23.npz,54,IL1VR,2023-01-05-18,0,1,-1,1,0,1,0,1.0,0.0,1,0
1,42,2023-01-17-14,/home/ubuntu/klb/nuclr/nuclr/Data/Atanas_SF_unified_000776/cv5_grouped_v1/fold_1/test/val__2023-01-17-14__de966b23.npz,57,URBL,2023-01-05-18,1,3,2,0,0,1,1,0.3333333333333333,0.5,0,1
1,42,2023-01-17-14,/home/ubuntu/klb/nuclr/nuclr/Data/Atanas_SF_unified_000776/cv5_grouped_v1/fold_1/test/val__2023-01-17-14__de966b23.npz,59,RMDDR,2023-01-05-18,0,1,-1,1,0,1,0,1.0,0.0,1,0
1,42,2023-01-17-14,/home/ubuntu/klb/nuclr/nuclr/Data/Atanas_SF_unified_000776/cv5_grouped_v1/fold_1/test/val__2023-01-17-14__de966b23.npz,60,AWBR,2023-01-05-18,1,1,2,1,0,1,1,1.0,0.5,1,1
1,42,2023-01-17-14,/home/ubuntu/klb/nuclr/nuclr/Data/Atanas_SF_unified_000776/cv5_grouped_v1/fold_1/test/val__2023-01-17-14__de966b23.npz,61,OLQDL,2023-01-05-18,1,1,1,1,1,1,1,1.0,1.0,1,1
1,42,2023-01-17-14,/home/ubuntu/klb/nuclr/nuclr/Data/Atanas_SF_unified_000776/cv5_grouped_v1/fold_1/test/val__2023-01-17-14__de966b23.npz,62,AVJL,2023-01-05-18,1,1,1,1,1,1,1,1.0,1.0,1,1
1,42,2023-01-17-14,/home/ubuntu/klb/nuclr/nuclr/Data/Atanas_SF_unified_000776/cv5_grouped_v1/fold_1/test/val__2023-01-17-14__de966b23.npz,64,FLPL,2023-01-05-18,1,2,1,0,1,1,1,0.5,1.0,0,1
1,42,2023-01-17-14,/home/ubuntu/klb/nuclr/nuclr/Data/Atanas_SF_unified_000776/cv5_grouped_v1/fold_1/test/val__2023-01-17-14__de966b23.npz,65,URBR,2023-01-05-18,1,1,1,1,1,1,1,1.0,1.0,1,1
1,42,2023-01-17-14,/home/ubuntu/klb/nuclr/nuclr/Data/Atanas_SF_unified_000776/cv5_grouped_v1/fold_1/test/val__2023-01-17-14__de966b23.npz,67,URAVL,2023-01-05-18,1,1,1,1,1,1,1,1.0,1.0,1,1
1,42,2023-01-17-14,/home/ubuntu/klb/nuclr/nuclr/Data/Atanas_SF_unified_000776/cv5_grouped_v1/fold_1/test/val__2023-01-17-14__de966b23.npz,68,IL1DL,2023-01-05-18,1,1,1,1,1,1,1,1.0,1.0,1,1
1,42,2023-01-17-14,/home/ubuntu/klb/nuclr/nuclr/Data/Atanas_SF_unified_000776/cv5_grouped_v1/fold_1/test/val__2023-01-17-14__de966b23.npz,69,URYVR,2023-01-05-18,0,2,-1,0,0,1,0,0.5,0.0,0,0
1,42,2023-01-17-14,/home/ubuntu/klb/nuclr/nuclr/Data/Atanas_SF_unified_000776/cv5_grouped_v1/fold_1/test/val__2023-01-17-14__de966b23.npz,70,AVER,2023-01-05-18,1,1,1,1,1,1,1,1.0,1.0,1,1
1,42,2023-01-17-14,/home/ubuntu/klb/nuclr/nuclr/Data/Atanas_SF_unified_000776/cv5_grouped_v1/fold_1/test/val__2023-01-17-14__de966b23.npz,71,RMER,2023-01-05-18,1,1,1,1,1,1,1,1.0,1.0,1,1
1,42,2023-01-17-14,/home/ubuntu/klb/nuclr/nuclr/Data/Atanas_SF_unified_000776/cv5_grouped_v1/fold_1/test/val__2023-01-17-14__de966b23.npz,72,URADR,2023-01-05-18,1,1,1,1,1,1,1,1.0,1.0,1,1
1,42,2023-01-17-14,/home/ubuntu/klb/nuclr/nuclr/Data/Atanas_SF_unified_000776/cv5_grouped_v1/fold_1/test/val__2023-01-17-14__de966b23.npz,74,ADLL,2023-01-05-18,1,2,1,0,1,1,1,0.5,1.0,0,1
1,42,2023-01-17-14,/home/ubuntu/klb/nuclr/nuclr/Data/Atanas_SF_unified_000776/cv5_grouped_v1/fold_1/test/val__2023-01-17-14__de966b23.npz,75,RID,2023-01-05-18,1,1,1,1,1,1,1,1.0,1.0,1,1
1,42,2023-01-17-14,/home/ubuntu/klb/nuclr/nuclr/Data/Atanas_SF_unified_000776/cv5_grouped_v1/fold_1/test/val__2023-01-17-14__de966b23.npz,77,OLLL,2023-01-05-18,1,1,1,1,1,1,1,1.0,1.0,1,1
1,42,2023-01-17-14,/home/ubuntu/klb/nuclr/nuclr/Data/Atanas_SF_unified_000776/cv5_grouped_v1/fold_1/test/val__2023-01-17-14__de966b23.npz,79,RMFL,2023-01-05-18,0,20,-1,0,0,0,0,0.05,0.0,0,0
1,42,2023-01-17-14,/home/ubuntu/klb/nuclr/nuclr/Data/Atanas_SF_unified_000776/cv5_grouped_v1/fold_1/test/val__2023-01-17-14__de966b23.npz,80,AIZR,2023-01-05-18,1,1,1,1,1,1,1,1.0,1.0,1,1
1,42,2023-01-17-14,/home/ubuntu/klb/nuclr/nuclr/Data/Atanas_SF_unified_000776/cv5_grouped_v1/fold_1/test/val__2023-01-17-14__de966b23.npz,82,RMDVL,2023-01-05-18,1,1,1,1,1,1,1,1.0,1.0,1,1
1,42,2023-01-17-14,/home/ubuntu/klb/nuclr/nuclr/Data/Atanas_SF_unified_000776/cv5_grouped_v1/fold_1/test/val__2023-01-17-14__de966b23.npz,83,M5,2023-01-05-18,0,1,-1,1,0,1,0,1.0,0.0,1,0
1,42,2023-01-17-14,/home/ubuntu/klb/nuclr/nuclr/Data/Atanas_SF_unified_000776/cv5_grouped_v1/fold_1/test/val__2023-01-17-14__de966b23.npz,85,AVAL,2023-01-05-18,1,1,1,1,1,1,1,1.0,1.0,1,1
1,42,2023-01-17-14,/home/ubuntu/klb/nuclr/nuclr/Data/Atanas_SF_unified_000776/cv5_grouped_v1/fold_1/test/val__2023-01-17-14__de966b23.npz,86,ASKR,2023-01-05-18,0,15,-1,0,0,0,0,0.06666666666666667,0.0,0,0
1,42,2023-01-17-14,/home/ubuntu/klb/nuclr/nuclr/Data/Atanas_SF_unified_000776/cv5_grouped_v1/fold_1/test/val__2023-01-17-14__de966b23.npz,87,RMDDL,2023-01-05-18,1,1,1,1,1,1,1,1.0,1.0,1,1
1,42,2023-01-17-14,/home/ubuntu/klb/nuclr/nuclr/Data/Atanas_SF_unified_000776/cv5_grouped_v1/fold_1/test/val__2023-01-17-14__de966b23.npz,90,BAGL,2023-01-05-18,0,1,-1,1,0,1,0,1.0,0.0,1,0
1,42,2023-01-17-14,/home/ubuntu/klb/nuclr/nuclr/Data/Atanas_SF_unified_000776/cv5_grouped_v1/fold_1/test/val__2023-01-17-14__de966b23.npz,91,OLLR,2023-01-05-18,1,1,1,1,1,1,1,1.0,1.0,1,1
1,42,2023-01-17-14,/home/ubuntu/klb/nuclr/nuclr/Data/Atanas_SF_unified_000776/cv5_grouped_v1/fold_1/test/val__2023-01-17-14__de966b23.npz,92,AIZL,2023-01-05-18,1,1,1,1,1,1,1,1.0,1.0,1,1
1,42,2023-01-17-14,/home/ubuntu/klb/nuclr/nuclr/Data/Atanas_SF_unified_000776/cv5_grouped_v1/fold_1/test/val__2023-01-17-14__de966b23.npz,93,URADL,2023-01-05-18,1,1,1,1,1,1,1,1.0,1.0,1,1
1,42,2023-01-17-14,/home/ubuntu/klb/nuclr/nuclr/Data/Atanas_SF_unified_000776/cv5_grouped_v1/fold_1/test/val__2023-01-17-14__de966b23.npz,95,I2L,2023-01-05-18,1,1,1,1,1,1,1,1.0,1.0,1,1
1,42,2023-01-17-14,/home/ubuntu/klb/nuclr/nuclr/Data/Atanas_SF_unified_000776/cv5_grouped_v1/fold_1/test/val__2023-01-17-14__de966b23.npz,96,ASKL,2023-01-05-18,0,2,-1,0,0,1,0,0.5,0.0,0,0
1,42,2023-01-17-14,/home/ubuntu/klb/nuclr/nuclr/Data/Atanas_SF_unified_000776/cv5_grouped_v1/fold_1/test/val__2023-01-17-14__de966b23.npz,97,URYDL,2023-01-05-18,1,1,2,1,0,1,1,1.0,0.5,1,0
1,42,2023-01-17-14,/home/ubuntu/klb/nuclr/nuclr/Data/Atanas_SF_unified_000776/cv5_grouped_v1/fold_1/test/val__2023-01-17-14__de966b23.npz,98,IL2VR,2023-01-05-18,1,1,1,1,1,1,1,1.0,1.0,1,1
1,42,2023-01-17-14,/home/ubuntu/klb/nuclr/nuclr/Data/Atanas_SF_unified_000776/cv5_grouped_v1/fold_1/test/val__2023-01-17-14__de966b23.npz,99,ADEL,2023-01-05-18,0,2,-1,0,0,1,0,0.5,0.0,0,0
1,42,2023-01-17-14,/home/ubuntu/klb/nuclr/nuclr/Data/Atanas_SF_unified_000776/cv5_grouped_v1/fold_1/test/val__2023-01-17-14__de966b23.npz,101,RMEL,2023-01-05-18,0,1,-1,1,0,1,0,1.0,0.0,1,0
1,42,2023-01-17-14,/home/ubuntu/klb/nuclr/nuclr/Data/Atanas_SF_unified_000776/cv5_grouped_v1/fold_1/test/val__2023-01-17-14__de966b23.npz,102,IL2L,2023-01-05-18,1,7,7,0,0,0,0,0.14285714285714285,0.14285714285714285,0,0
1,42,2023-01-17-14,/home/ubuntu/klb/nuclr/nuclr/Data/Atanas_SF_unified_000776/cv5_grouped_v1/fold_1/test/val__2023-01-17-14__de966b23.npz,103,CEPDR,2023-01-05-18,1,1,1,1,1,1,1,1.0,1.0,1,1
1,42,2023-01-17-14,/home/ubuntu/klb/nuclr/nuclr/Data/Atanas_SF_unified_000776/cv5_grouped_v1/fold_1/test/val__2023-01-17-14__de966b23.npz,104,AVHL,2023-01-05-18,1,1,1,1,1,1,1,1.0,1.0,1,1
1,42,2023-01-17-14,/home/ubuntu/klb/nuclr/nuclr/Data/Atanas_SF_unified_000776/cv5_grouped_v1/fold_1/test/val__2023-01-17-14__de966b23.npz,105,IL2VL,2023-01-05-18,1,1,1,1,1,1,1,1.0,1.0,1,0
1,42,2023-01-17-14,/home/ubuntu/klb/nuclr/nuclr/Data/Atanas_SF_unified_000776/cv5_grouped_v1/fold_1/test/val__2023-01-17-14__de966b23.npz,106,RMDVR,2023-01-05-18,1,1,1,1,1,1,1,1.0,1.0,1,1
1,42,2023-01-17-14,/home/ubuntu/klb/nuclr/nuclr/Data/Atanas_SF_unified_000776/cv5_grouped_v1/fold_1/test/val__2023-01-17-14__de966b23.npz,108,RMDL,2023-01-05-18,1,1,3,1,0,1,1,1.0,0.3333333333333333,1,0
1,42,2023-01-17-14,/home/ubuntu/klb/nuclr/nuclr/Data/Atanas_SF_unified_000776/cv5_grouped_v1/fold_1/test/val__2023-01-17-14__de966b23.npz,109,I3,2023-01-05-18,1,1,1,1,1,1,1,1.0,1.0,1,1
1,42,2023-01-17-14,/home/ubuntu/klb/nuclr/nuclr/Data/Atanas_SF_unified_000776/cv5_grouped_v1/fold_1/test/val__2023-01-17-14__de966b23.npz,110,RIAL,2023-01-05-18,1,1,1,1,1,1,1,1.0,1.0,1,0
1,42,2023-01-17-14,/home/ubuntu/klb/nuclr/nuclr/Data/Atanas_SF_unified_000776/cv5_grouped_v1/fold_1/test/val__2023-01-17-14__de966b23.npz,111,AVDL,2023-01-05-18,0,1,-1,1,0,1,0,1.0,0.0,1,0
1,42,2023-01-17-14,/home/ubuntu/klb/nuclr/nuclr/Data/Atanas_SF_unified_000776/cv5_grouped_v1/fold_1/test/val__2023-01-17-14__de966b23.npz,112,FLPR,2023-01-05-18,1,1,1,1,1,1,1,1.0,1.0,1,1
1,42,2023-01-17-14,/home/ubuntu/klb/nuclr/nuclr/Data/Atanas_SF_unified_000776/cv5_grouped_v1/fold_1/test/val__2023-01-17-14__de966b23.npz,113,AIYL,2023-01-05-18,0,26,-1,0,0,0,0,0.038461538461538464,0.0,0,0
1,42,2023-01-17-14,/home/ubuntu/klb/nuclr/nuclr/Data/Atanas_SF_unified_000776/cv5_grouped_v1/fold_1/test/val__2023-01-17-14__de966b23.npz,114,OLQVR,2023-01-05-18,1,4,5,0,0,1,1,0.25,0.2,0,0
1,42,2023-01-17-14,/home/ubuntu/klb/nuclr/nuclr/Data/Atanas_SF_unified_000776/cv5_grouped_v1/fold_1/test/val__2023-01-17-14__de966b23.npz,115,RIMR,2023-01-05-18,0,1,-1,1,0,1,0,1.0,0.0,1,0
1,42,2023-01-17-14,/home/ubuntu/klb/nuclr/nuclr/Data/Atanas_SF_unified_000776/cv5_grouped_v1/fold_1/test/val__2023-01-17-14__de966b23.npz,116,AIMR,2023-01-05-18,0,2,-1,0,0,1,0,0.5,0.0,0,0
1,42,2023-01-17-14,/home/ubuntu/klb/nuclr/nuclr/Data/Atanas_SF_unified_000776/cv5_grouped_v1/fold_1/test/val__2023-01-17-14__de966b23.npz,117,SMDVR,2023-01-05-18,0,1,-1,1,0,1,0,1.0,0.0,1,0
1,42,2023-01-17-14,/home/ubuntu/klb/nuclr/nuclr/Data/Atanas_SF_unified_000776/cv5_grouped_v1/fold_1/test/val__2023-01-17-14__de966b23.npz,119,AIYR,2023-01-05-18,0,36,-1,0,0,0,0,0.027777777777777776,0.0,0,0
1,42,2023-01-17-14,/home/ubuntu/klb/nuclr/nuclr/Data/Atanas_SF_unified_000776/cv5_grouped_v1/fold_1/test/val__2023-01-17-14__de966b23.npz,120,IL1R,2023-01-05-18,0,1,-1,1,0,1,0,1.0,0.0,1,0
1,42,2023-01-17-14,/home/ubuntu/klb/nuclr/nuclr/Data/Atanas_SF_unified_000776/cv5_grouped_v1/fold_1/test/val__2023-01-17-14__de966b23.npz,122,AWAL,2023-01-05-18,1,1,1,1,1,1,1,1.0,1.0,1,1
1,42,2023-01-17-14,/home/ubuntu/klb/nuclr/nuclr/Data/Atanas_SF_unified_000776/cv5_grouped_v1/fold_1/test/val__2023-01-17-14__de966b23.npz,124,ASEL,2023-01-05-18,1,1,1,1,1,1,1,1.0,1.0,1,1
1,42,2023-01-17-14,/home/ubuntu/klb/nuclr/nuclr/Data/Atanas_SF_unified_000776/cv5_grouped_v1/fold_1/test/val__2023-01-17-14__de966b23.npz,126,AVDR,2023-01-05-18,1,13,2,0,0,0,1,0.07692307692307693,0.5,0,0
1,42,2023-01-17-14,/home/ubuntu/klb/nuclr/nuclr/Data/Atanas_SF_unified_000776/cv5_grouped_v1/fold_1/test/val__2023-01-17-14__de966b23.npz,127,ADAL,2023-01-05-18,0,1,-1,1,0,1,0,1.0,0.0,1,0
1,42,2023-01-17-14,/home/ubuntu/klb/nuclr/nuclr/Data/Atanas_SF_unified_000776/cv5_grouped_v1/fold_1/test/val__2023-01-17-14__de966b23.npz,128,RIH,2023-01-05-18,0,2,-1,0,0,1,0,0.5,0.0,0,0
1,42,2023-01-17-14,/home/ubuntu/klb/nuclr/nuclr/Data/Atanas_SF_unified_000776/cv5_grouped_v1/fold_1/test/val__2023-01-17-14__de966b23.npz,131,MCR,2023-01-05-18,0,1,-1,1,0,1,0,1.0,0.0,1,0
1,42,2023-01-17-14,/home/ubuntu/klb/nuclr/nuclr/Data/Atanas_SF_unified_000776/cv5_grouped_v1/fold_1/test/val__2023-01-17-14__de966b23.npz,132,ASGR,2023-01-05-18,0,1,-1,1,0,1,0,1.0,0.0,1,0
1,42,2023-01-17-14,/home/ubuntu/klb/nuclr/nuclr/Data/Atanas_SF_unified_000776/cv5_grouped_v1/fold_1/test/val__2023-01-17-14__de966b23.npz,133,M1,2023-01-05-18,1,1,1,1,1,1,1,1.0,1.0,1,1
1,42,2023-01-17-14,/home/ubuntu/klb/nuclr/nuclr/Data/Atanas_SF_unified_000776/cv5_grouped_v1/fold_1/test/val__2023-01-17-14__de966b23.npz,136,AWBL,2023-01-05-18,1,1,1,1,1,1,1,1.0,1.0,1,1
1,42,2023-01-17-14,/home/ubuntu/klb/nuclr/nuclr/Data/Atanas_SF_unified_000776/cv5_grouped_v1/fold_1/test/val__2023-01-17-14__de966b23.npz,137,I1R,2023-01-05-18,1,1,1,1,1,1,1,1.0,1.0,1,1
1,42,2023-01-17-14,/home/ubuntu/klb/nuclr/nuclr/Data/Atanas_SF_unified_000776/cv5_grouped_v1/fold_1/test/val__2023-01-17-14__de966b23.npz,138,NSML,2023-01-05-18,1,2,2,0,0,1,1,0.5,0.5,0,0
1,42,2023-01-17-14,/home/ubuntu/klb/nuclr/nuclr/Data/Atanas_SF_unified_000776/cv5_grouped_v1/fold_1/test/val__2023-01-17-14__de966b23.npz,139,RICR,2023-01-05-18,0,1,-1,1,0,1,0,1.0,0.0,1,0
1,42,2023-01-17-14,/home/ubuntu/klb/nuclr/nuclr/Data/Atanas_SF_unified_000776/cv5_grouped_v1/fold_1/test/val__2023-01-17-14__de966b23.npz,141,IL2DR,2023-01-05-18,1,1,2,1,0,1,1,1.0,0.5,1,0
1,42,2023-01-17-14,/home/ubuntu/klb/nuclr/nuclr/Data/Atanas_SF_unified_000776/cv5_grouped_v1/fold_1/test/val__2023-01-17-14__de966b23.npz,142,URAVR,2023-01-05-18,0,9,-1,0,0,0,0,0.1111111111111111,0.0,0,0
1,42,2023-01-17-14,/home/ubuntu/klb/nuclr/nuclr/Data/Atanas_SF_unified_000776/cv5_grouped_v1/fold_1/test/val__2023-01-17-14__de966b23.npz,143,M3R,2023-01-05-18,1,1,1,1,1,1,1,1.0,1.0,1,1
1,42,2023-01-18-01,/home/ubuntu/klb/nuclr/nuclr/Data/Atanas_SF_unified_000776/cv5_grouped_v1/fold_1/test/val__2023-01-18-01__aeaa297f.npz,2,RMDVR,2023-01-05-18,1,1,1,1,1,1,1,1.0,1.0,1,1
1,42,2023-01-18-01,/home/ubuntu/klb/nuclr/nuclr/Data/Atanas_SF_unified_000776/cv5_grouped_v1/fold_1/test/val__2023-01-18-01__aeaa297f.npz,3,RIVR,2023-01-05-18,1,1,1,1,1,1,1,1.0,1.0,1,1
1,42,2023-01-18-01,/home/ubuntu/klb/nuclr/nuclr/Data/Atanas_SF_unified_000776/cv5_grouped_v1/fold_1/test/val__2023-01-18-01__aeaa297f.npz,4,I2L,2023-01-05-18,1,1,1,1,1,1,1,1.0,1.0,1,1
1,42,2023-01-18-01,/home/ubuntu/klb/nuclr/nuclr/Data/Atanas_SF_unified_000776/cv5_grouped_v1/fold_1/test/val__2023-01-18-01__aeaa297f.npz,5,IL2DL,2023-01-05-18,1,1,1,1,1,1,1,1.0,1.0,1,1
1,42,2023-01-18-01,/home/ubuntu/klb/nuclr/nuclr/Data/Atanas_SF_unified_000776/cv5_grouped_v1/fold_1/test/val__2023-01-18-01__aeaa297f.npz,6,ASER,2023-01-05-18,1,2,2,0,0,1,1,0.5,0.5,0,0
1,42,2023-01-18-01,/home/ubuntu/klb/nuclr/nuclr/Data/Atanas_SF_unified_000776/cv5_grouped_v1/fold_1/test/val__2023-01-18-01__aeaa297f.npz,7,OLLL,2023-01-05-18,1,1,1,1,1,1,1,1.0,1.0,1,1
1,42,2023-01-18-01,/home/ubuntu/klb/nuclr/nuclr/Data/Atanas_SF_unified_000776/cv5_grouped_v1/fold_1/test/val__2023-01-18-01__aeaa297f.npz,8,RIH,2023-01-05-18,0,2,-1,0,0,1,0,0.5,0.0,0,0
1,42,2023-01-18-01,/home/ubuntu/klb/nuclr/nuclr/Data/Atanas_SF_unified_000776/cv5_grouped_v1/fold_1/test/val__2023-01-18-01__aeaa297f.npz,9,URYVL,2023-01-05-18,1,1,1,1,1,1,1,1.0,1.0,1,1
1,42,2023-01-18-01,/home/ubuntu/klb/nuclr/nuclr/Data/Atanas_SF_unified_000776/cv5_grouped_v1/fold_1/test/val__2023-01-18-01__aeaa297f.npz,11,ASIR,2023-01-05-18,0,2,-1,0,0,1,0,0.5,0.0,0,0
1,42,2023-01-18-01,/home/ubuntu/klb/nuclr/nuclr/Data/Atanas_SF_unified_000776/cv5_grouped_v1/fold_1/test/val__2023-01-18-01__aeaa297f.npz,12,RMER,2023-01-05-18,1,1,1,1,1,1,1,1.0,1.0,1,1
1,42,2023-01-18-01,/home/ubuntu/klb/nuclr/nuclr/Data/Atanas_SF_unified_000776/cv5_grouped_v1/fold_1/test/val__2023-01-18-01__aeaa297f.npz,14,AUAL,2023-01-05-18,1,1,1,1,1,1,1,1.0,1.0,1,1
1,42,2023-01-18-01,/home/ubuntu/klb/nuclr/nuclr/Data/Atanas_SF_unified_000776/cv5_grouped_v1/fold_1/test/val__2023-01-18-01__aeaa297f.npz,15,CEPDL,2023-01-05-18,1,1,1,1,1,1,1,1.0,1.0,1,1
1,42,2023-01-18-01,/home/ubuntu/klb/nuclr/nuclr/Data/Atanas_SF_unified_000776/cv5_grouped_v1/fold_1/test/val__2023-01-18-01__aeaa297f.npz,16,AVAR,2023-01-05-18,1,1,1,1,1,1,1,1.0,1.0,1,1
1,42,2023-01-18-01,/home/ubuntu/klb/nuclr/nuclr/Data/Atanas_SF_unified_000776/cv5_grouped_v1/fold_1/test/val__2023-01-18-01__aeaa297f.npz,17,SIBDR,2023-01-05-18,0,6,-1,0,0,0,0,0.16666666666666666,0.0,0,0
1,42,2023-01-18-01,/home/ubuntu/klb/nuclr/nuclr/Data/Atanas_SF_unified_000776/cv5_grouped_v1/fold_1/test/val__2023-01-18-01__aeaa297f.npz,19,FLPL,2023-01-05-18,1,1,1,1,1,1,1,1.0,1.0,1,1
1,42,2023-01-18-01,/home/ubuntu/klb/nuclr/nuclr/Data/Atanas_SF_unified_000776/cv5_grouped_v1/fold_1/test/val__2023-01-18-01__aeaa297f.npz,21,RIS,2023-01-05-18,0,3,-1,0,0,1,0,0.3333333333333333,0.0,0,0
1,42,2023-01-18-01,/home/ubuntu/klb/nuclr/nuclr/Data/Atanas_SF_unified_000776/cv5_grouped_v1/fold_1/test/val__2023-01-18-01__aeaa297f.npz,22,CEPVL,2023-01-05-18,1,1,1,1,1,1,1,1.0,1.0,1,1
1,42,2023-01-18-01,/home/ubuntu/klb/nuclr/nuclr/Data/Atanas_SF_unified_000776/cv5_grouped_v1/fold_1/test/val__2023-01-18-01__aeaa297f.npz,23,VB02,2023-01-05-18,0,1,-1,1,0,1,0,1.0,0.0,1,0
1,42,2023-01-18-01,/home/ubuntu/klb/nuclr/nuclr/Data/Atanas_SF_unified_000776/cv5_grouped_v1/fold_1/test/val__2023-01-18-01__aeaa297f.npz,24,IL1VL,2023-01-05-18,0,1,-1,1,0,1,0,1.0,0.0,1,0
1,42,2023-01-18-01,/home/ubuntu/klb/nuclr/nuclr/Data/Atanas_SF_unified_000776/cv5_grouped_v1/fold_1/test/val__2023-01-18-01__aeaa297f.npz,25,AVJL,2023-01-05-18,1,1,1,1,1,1,1,1.0,1.0,1,1
1,42,2023-01-18-01,/home/ubuntu/klb/nuclr/nuclr/Data/Atanas_SF_unified_000776/cv5_grouped_v1/fold_1/test/val__2023-01-18-01__aeaa297f.npz,26,RICL,2023-01-05-18,1,1,1,1,1,1,1,1.0,1.0,1,1
1,42,2023-01-18-01,/home/ubuntu/klb/nuclr/nuclr/Data/Atanas_SF_unified_000776/cv5_grouped_v1/fold_1/test/val__2023-01-18-01__aeaa297f.npz,28,OLQVL,2023-01-05-18,1,1,1,1,1,1,1,1.0,1.0,1,1
1,42,2023-01-18-01,/home/ubuntu/klb/nuclr/nuclr/Data/Atanas_SF_unified_000776/cv5_grouped_v1/fold_1/test/val__2023-01-18-01__aeaa297f.npz,30,IL2VR,2023-01-05-18,1,1,1,1,1,1,1,1.0,1.0,1,1
1,42,2023-01-18-01,/home/ubuntu/klb/nuclr/nuclr/Data/Atanas_SF_unified_000776/cv5_grouped_v1/fold_1/test/val__2023-01-18-01__aeaa297f.npz,31,ASGR,2023-01-05-18,0,1,-1,1,0,1,0,1.0,0.0,1,0
1,42,2023-01-18-01,/home/ubuntu/klb/nuclr/nuclr/Data/Atanas_SF_unified_000776/cv5_grouped_v1/fold_1/test/val__2023-01-18-01__aeaa297f.npz,32,AIZR,2023-01-05-18,1,1,1,1,1,1,1,1.0,1.0,1,1
1,42,2023-01-18-01,/home/ubuntu/klb/nuclr/nuclr/Data/Atanas_SF_unified_000776/cv5_grouped_v1/fold_1/test/val__2023-01-18-01__aeaa297f.npz,33,RID,2023-01-05-18,1,1,1,1,1,1,1,1.0,1.0,1,1
1,42,2023-01-18-01,/home/ubuntu/klb/nuclr/nuclr/Data/Atanas_SF_unified_000776/cv5_grouped_v1/fold_1/test/val__2023-01-18-01__aeaa297f.npz,34,AVEL,2023-01-05-18,1,1,1,1,1,1,1,1.0,1.0,1,1
1,42,2023-01-18-01,/home/ubuntu/klb/nuclr/nuclr/Data/Atanas_SF_unified_000776/cv5_grouped_v1/fold_1/test/val__2023-01-18-01__aeaa297f.npz,36,URADL,2023-01-05-18,1,35,31,0,0,0,0,0.02857142857142857,0.03225806451612903,0,0
1,42,2023-01-18-01,/home/ubuntu/klb/nuclr/nuclr/Data/Atanas_SF_unified_000776/cv5_grouped_v1/fold_1/test/val__2023-01-18-01__aeaa297f.npz,37,URBL,2023-01-05-18,1,1,1,1,1,1,1,1.0,1.0,1,1
1,42,2023-01-18-01,/home/ubuntu/klb/nuclr/nuclr/Data/Atanas_SF_unified_000776/cv5_grouped_v1/fold_1/test/val__2023-01-18-01__aeaa297f.npz,38,ASHL,2023-01-05-18,0,2,-1,0,0,1,0,0.5,0.0,0,0
1,42,2023-01-18-01,/home/ubuntu/klb/nuclr/nuclr/Data/Atanas_SF_unified_000776/cv5_grouped_v1/fold_1/test/val__2023-01-18-01__aeaa297f.npz,40,RIAL,2023-01-05-18,1,1,1,1,1,1,1,1.0,1.0,1,1
1,42,2023-01-18-01,/home/ubuntu/klb/nuclr/nuclr/Data/Atanas_SF_unified_000776/cv5_grouped_v1/fold_1/test/val__2023-01-18-01__aeaa297f.npz,42,RMEL,2023-01-05-18,0,1,-1,1,0,1,0,1.0,0.0,1,0
1,42,2023-01-18-01,/home/ubuntu/klb/nuclr/nuclr/Data/Atanas_SF_unified_000776/cv5_grouped_v1/fold_1/test/val__2023-01-18-01__aeaa297f.npz,44,IL1DL,2023-01-05-18,1,1,1,1,1,1,1,1.0,1.0,1,1
1,42,2023-01-18-01,/home/ubuntu/klb/nuclr/nuclr/Data/Atanas_SF_unified_000776/cv5_grouped_v1/fold_1/test/val__2023-01-18-01__aeaa297f.npz,45,CEPDR,2023-01-05-18,1,1,2,1,0,1,1,1.0,0.5,1,0
1,42,2023-01-18-01,/home/ubuntu/klb/nuclr/nuclr/Data/Atanas_SF_unified_000776/cv5_grouped_v1/fold_1/test/val__2023-01-18-01__aeaa297f.npz,46,ADAL,2023-01-05-18,0,1,-1,1,0,1,0,1.0,0.0,1,0
1,42,2023-01-18-01,/home/ubuntu/klb/nuclr/nuclr/Data/Atanas_SF_unified_000776/cv5_grouped_v1/fold_1/test/val__2023-01-18-01__aeaa297f.npz,47,AWCR,2023-01-05-18,0,13,-1,0,0,0,0,0.07692307692307693,0.0,0,0
1,42,2023-01-18-01,/home/ubuntu/klb/nuclr/nuclr/Data/Atanas_SF_unified_000776/cv5_grouped_v1/fold_1/test/val__2023-01-18-01__aeaa297f.npz,48,AIZL,2023-01-05-18,1,1,1,1,1,1,1,1.0,1.0,1,1
1,42,2023-01-18-01,/home/ubuntu/klb/nuclr/nuclr/Data/Atanas_SF_unified_000776/cv5_grouped_v1/fold_1/test/val__2023-01-18-01__aeaa297f.npz,49,ASGL,2023-01-05-18,1,1,1,1,1,1,1,1.0,1.0,1,1
1,42,2023-01-18-01,/home/ubuntu/klb/nuclr/nuclr/Data/Atanas_SF_unified_000776/cv5_grouped_v1/fold_1/test/val__2023-01-18-01__aeaa297f.npz,51,AINL,2023-01-05-18,0,1,-1,1,0,1,0,1.0,0.0,1,0
1,42,2023-01-18-01,/home/ubuntu/klb/nuclr/nuclr/Data/Atanas_SF_unified_000776/cv5_grouped_v1/fold_1/test/val__2023-01-18-01__aeaa297f.npz,52,ADEL,2023-01-05-18,0,1,-1,1,0,1,0,1.0,0.0,1,0
1,42,2023-01-18-01,/home/ubuntu/klb/nuclr/nuclr/Data/Atanas_SF_unified_000776/cv5_grouped_v1/fold_1/test/val__2023-01-18-01__aeaa297f.npz,53,AINR,2023-01-05-18,1,1,1,1,1,1,1,1.0,1.0,1,1
1,42,2023-01-18-01,/home/ubuntu/klb/nuclr/nuclr/Data/Atanas_SF_unified_000776/cv5_grouped_v1/fold_1/test/val__2023-01-18-01__aeaa297f.npz,54,RMDL,2023-01-05-18,1,1,1,1,1,1,1,1.0,1.0,1,1
1,42,2023-01-18-01,/home/ubuntu/klb/nuclr/nuclr/Data/Atanas_SF_unified_000776/cv5_grouped_v1/fold_1/test/val__2023-01-18-01__aeaa297f.npz,57,RICR,2023-01-05-18,0,2,-1,0,0,1,0,0.5,0.0,0,0
1,42,2023-01-18-01,/home/ubuntu/klb/nuclr/nuclr/Data/Atanas_SF_unified_000776/cv5_grouped_v1/fold_1/test/val__2023-01-18-01__aeaa297f.npz,58,IL2DR,2023-01-05-18,1,1,1,1,1,1,1,1.0,1.0,1,1
1,42,2023-01-18-01,/home/ubuntu/klb/nuclr/nuclr/Data/Atanas_SF_unified_000776/cv5_grouped_v1/fold_1/test/val__2023-01-18-01__aeaa297f.npz,61,M5,2023-01-05-18,0,1,-1,1,0,1,0,1.0,0.0,1,0
1,42,2023-01-18-01,/home/ubuntu/klb/nuclr/nuclr/Data/Atanas_SF_unified_000776/cv5_grouped_v1/fold_1/test/val__2023-01-18-01__aeaa297f.npz,62,IL1DR,2023-01-05-18,1,1,1,1,1,1,1,1.0,1.0,1,1
1,42,2023-01-18-01,/home/ubuntu/klb/nuclr/nuclr/Data/Atanas_SF_unified_000776/cv5_grouped_v1/fold_1/test/val__2023-01-18-01__aeaa297f.npz,63,MI,2023-01-05-18,1,1,1,1,1,1,1,1.0,1.0,1,1
1,42,2023-01-18-01,/home/ubuntu/klb/nuclr/nuclr/Data/Atanas_SF_unified_000776/cv5_grouped_v1/fold_1/test/val__2023-01-18-01__aeaa297f.npz,65,IL1L,2023-01-05-18,1,1,1,1,1,1,1,1.0,1.0,1,1
1,42,2023-01-18-01,/home/ubuntu/klb/nuclr/nuclr/Data/Atanas_SF_unified_000776/cv5_grouped_v1/fold_1/test/val__2023-01-18-01__aeaa297f.npz,67,IL1VR,2023-01-05-18,0,1,-1,1,0,1,0,1.0,0.0,1,0
1,42,2023-01-18-01,/home/ubuntu/klb/nuclr/nuclr/Data/Atanas_SF_unified_000776/cv5_grouped_v1/fold_1/test/val__2023-01-18-01__aeaa297f.npz,70,AVDL,2023-01-05-18,0,1,-1,1,0,1,0,1.0,0.0,1,0
1,42,2023-01-18-01,/home/ubuntu/klb/nuclr/nuclr/Data/Atanas_SF_unified_000776/cv5_grouped_v1/fold_1/test/val__2023-01-18-01__aeaa297f.npz,73,AIBR,2023-01-05-18,1,1,1,1,1,1,1,1.0,1.0,1,1
1,42,2023-01-18-01,/home/ubuntu/klb/nuclr/nuclr/Data/Atanas_SF_unified_000776/cv5_grouped_v1/fold_1/test/val__2023-01-18-01__aeaa297f.npz,75,RIVL,2023-01-05-18,1,1,1,1,1,1,1,1.0,1.0,1,1
1,42,2023-01-18-01,/home/ubuntu/klb/nuclr/nuclr/Data/Atanas_SF_unified_000776/cv5_grouped_v1/fold_1/test/val__2023-01-18-01__aeaa297f.npz,76,ASEL,2023-01-05-18,1,1,1,1,1,1,1,1.0,1.0,1,1
1,42,2023-01-18-01,/home/ubuntu/klb/nuclr/nuclr/Data/Atanas_SF_unified_000776/cv5_grouped_v1/fold_1/test/val__2023-01-18-01__aeaa297f.npz,77,AVDR,2023-01-05-18,1,1,2,1,0,1,1,1.0,0.5,1,0
1,42,2023-01-18-01,/home/ubuntu/klb/nuclr/nuclr/Data/Atanas_SF_unified_000776/cv5_grouped_v1/fold_1/test/val__2023-01-18-01__aeaa297f.npz,78,URBR,2023-01-05-18,1,1,1,1,1,1,1,1.0,1.0,1,1
1,42,2023-01-18-01,/home/ubuntu/klb/nuclr/nuclr/Data/Atanas_SF_unified_000776/cv5_grouped_v1/fold_1/test/val__2023-01-18-01__aeaa297f.npz,80,IL2R,2023-01-05-18,1,1,1,1,1,1,1,1.0,1.0,1,1
1,42,2023-01-18-01,/home/ubuntu/klb/nuclr/nuclr/Data/Atanas_SF_unified_000776/cv5_grouped_v1/fold_1/test/val__2023-01-18-01__aeaa297f.npz,81,M3L,2023-01-05-18,1,1,1,1,1,1,1,1.0,1.0,1,1
1,42,2023-01-18-01,/home/ubuntu/klb/nuclr/nuclr/Data/Atanas_SF_unified_000776/cv5_grouped_v1/fold_1/test/val__2023-01-18-01__aeaa297f.npz,82,AVAL,2023-01-05-18,1,1,1,1,1,1,1,1.0,1.0,1,1
1,42,2023-01-18-01,/home/ubuntu/klb/nuclr/nuclr/Data/Atanas_SF_unified_000776/cv5_grouped_v1/fold_1/test/val__2023-01-18-01__aeaa297f.npz,83,RMGL,2023-01-05-18,0,1,-1,1,0,1,0,1.0,0.0,1,0
1,42,2023-01-18-01,/home/ubuntu/klb/nuclr/nuclr/Data/Atanas_SF_unified_000776/cv5_grouped_v1/fold_1/test/val__2023-01-18-01__aeaa297f.npz,84,RMDDL,2023-01-05-18,1,17,3,0,0,0,1,0.058823529411764705,0.3333333333333333,0,0
1,42,2023-01-18-01,/home/ubuntu/klb/nuclr/nuclr/Data/Atanas_SF_unified_000776/cv5_grouped_v1/fold_1/test/val__2023-01-18-01__aeaa297f.npz,85,RMDR,2023-01-05-18,0,1,-1,1,0,1,0,1.0,0.0,1,0
1,42,2023-01-18-01,/home/ubuntu/klb/nuclr/nuclr/Data/Atanas_SF_unified_000776/cv5_grouped_v1/fold_1/test/val__2023-01-18-01__aeaa297f.npz,89,AWCL,2023-01-05-18,1,1,1,1,1,1,1,1.0,1.0,1,1
1,42,2023-01-18-01,/home/ubuntu/klb/nuclr/nuclr/Data/Atanas_SF_unified_000776/cv5_grouped_v1/fold_1/test/val__2023-01-18-01__aeaa297f.npz,92,M4,2023-01-05-18,1,1,1,1,1,1,1,1.0,1.0,1,1
1,42,2023-01-18-01,/home/ubuntu/klb/nuclr/nuclr/Data/Atanas_SF_unified_000776/cv5_grouped_v1/fold_1/test/val__2023-01-18-01__aeaa297f.npz,94,AIBL,2023-01-05-18,0,1,-1,1,0,1,0,1.0,0.0,1,0
1,42,2023-01-18-01,/home/ubuntu/klb/nuclr/nuclr/Data/Atanas_SF_unified_000776/cv5_grouped_v1/fold_1/test/val__2023-01-18-01__aeaa297f.npz,95,OLQVR,2023-01-05-18,1,1,1,1,1,1,1,1.0,1.0,1,1
1,42,2023-01-18-01,/home/ubuntu/klb/nuclr/nuclr/Data/Atanas_SF_unified_000776/cv5_grouped_v1/fold_1/test/val__2023-01-18-01__aeaa297f.npz,97,RMDVL,2023-01-05-18,1,1,1,1,1,1,1,1.0,1.0,1,1
1,42,2023-01-18-01,/home/ubuntu/klb/nuclr/nuclr/Data/Atanas_SF_unified_000776/cv5_grouped_v1/fold_1/test/val__2023-01-18-01__aeaa297f.npz,98,OLQDR,2023-01-05-18,1,1,1,1,1,1,1,1.0,1.0,1,1
1,42,2023-01-18-01,/home/ubuntu/klb/nuclr/nuclr/Data/Atanas_SF_unified_000776/cv5_grouped_v1/fold_1/test/val__2023-01-18-01__aeaa297f.npz,100,AWBL,2023-01-05-18,1,1,1,1,1,1,1,1.0,1.0,1,1
1,42,2023-01-18-01,/home/ubuntu/klb/nuclr/nuclr/Data/Atanas_SF_unified_000776/cv5_grouped_v1/fold_1/test/val__2023-01-18-01__aeaa297f.npz,102,I3,2023-01-05-18,1,1,1,1,1,1,1,1.0,1.0,1,1
1,42,2023-01-18-01,/home/ubuntu/klb/nuclr/nuclr/Data/Atanas_SF_unified_000776/cv5_grouped_v1/fold_1/test/val__2023-01-18-01__aeaa297f.npz,106,SMDVL,2023-01-05-18,1,1,1,1,1,1,1,1.0,1.0,1,1
1,42,2023-01-18-01,/home/ubuntu/klb/nuclr/nuclr/Data/Atanas_SF_unified_000776/cv5_grouped_v1/fold_1/test/val__2023-01-18-01__aeaa297f.npz,109,I1L,2023-01-05-18,1,1,1,1,1,1,1,1.0,1.0,1,1
1,42,2023-01-18-01,/home/ubuntu/klb/nuclr/nuclr/Data/Atanas_SF_unified_000776/cv5_grouped_v1/fold_1/test/val__2023-01-18-01__aeaa297f.npz,110,MCL,2023-01-05-18,1,1,1,1,1,1,1,1.0,1.0,1,1
1,42,2023-01-18-01,/home/ubuntu/klb/nuclr/nuclr/Data/Atanas_SF_unified_000776/cv5_grouped_v1/fold_1/test/val__2023-01-18-01__aeaa297f.npz,111,NSML,2023-01-05-18,1,1,1,1,1,1,1,1.0,1.0,1,1
1,42,2023-01-18-01,/home/ubuntu/klb/nuclr/nuclr/Data/Atanas_SF_unified_000776/cv5_grouped_v1/fold_1/test/val__2023-01-18-01__aeaa297f.npz,112,OLQDL,2023-01-05-18,1,1,1,1,1,1,1,1.0,1.0,1,1
1,42,2023-01-18-01,/home/ubuntu/klb/nuclr/nuclr/Data/Atanas_SF_unified_000776/cv5_grouped_v1/fold_1/test/val__2023-01-18-01__aeaa297f.npz,113,IL2L,2023-01-05-18,1,1,1,1,1,1,1,1.0,1.0,1,1
1,42,2023-01-18-01,/home/ubuntu/klb/nuclr/nuclr/Data/Atanas_SF_unified_000776/cv5_grouped_v1/fold_1/test/val__2023-01-18-01__aeaa297f.npz,114,RMDDR,2023-01-05-18,0,2,-1,0,0,1,0,0.5,0.0,0,0
1,42,2023-01-18-01,/home/ubuntu/klb/nuclr/nuclr/Data/Atanas_SF_unified_000776/cv5_grouped_v1/fold_1/test/val__2023-01-18-01__aeaa297f.npz,115,IL2VL,2023-01-05-18,1,1,1,1,1,1,1,1.0,1.0,1,1
1,42,2023-01-18-01,/home/ubuntu/klb/nuclr/nuclr/Data/Atanas_SF_unified_000776/cv5_grouped_v1/fold_1/test/val__2023-01-18-01__aeaa297f.npz,117,FLPR,2023-01-05-18,1,1,1,1,1,1,1,1.0,1.0,1,1
1,42,2023-01-18-01,/home/ubuntu/klb/nuclr/nuclr/Data/Atanas_SF_unified_000776/cv5_grouped_v1/fold_1/test/val__2023-01-18-01__aeaa297f.npz,118,ADLL,2023-01-05-18,1,1,1,1,1,1,1,1.0,1.0,1,1
1,42,2023-01-18-01,/home/ubuntu/klb/nuclr/nuclr/Data/Atanas_SF_unified_000776/cv5_grouped_v1/fold_1/test/val__2023-01-18-01__aeaa297f.npz,119,URYDL,2023-01-05-18,1,1,1,1,1,1,1,1.0,1.0,1,1
1,42,2023-01-18-01,/home/ubuntu/klb/nuclr/nuclr/Data/Atanas_SF_unified_000776/cv5_grouped_v1/fold_1/test/val__2023-01-18-01__aeaa297f.npz,123,OLLR,2023-01-05-18,1,1,1,1,1,1,1,1.0,1.0,1,1
1,42,2023-01-18-01,/home/ubuntu/klb/nuclr/nuclr/Data/Atanas_SF_unified_000776/cv5_grouped_v1/fold_1/test/val__2023-01-18-01__aeaa297f.npz,125,I4,2023-01-05-18,1,3,4,0,0,1,1,0.3333333333333333,0.25,0,0
