raw_schema_version,fold,severity,perturbation_seed,setting,recordings,known_queries,synthetic_unknown_queries,known_top1_real,reject_aware_top1,known_false_reject_rate,unknown_recall,unknown_precision,execution_device,checkpoint,corruption_root,raw_probabilities_reused_from
3,0,0.0,0,current_argmax,19,270,0,0.5814814814814815,0.5074074074074074,0.35555555555555557,,,cpu,/home/ubuntu/klb/nuclr/nuclr/runs/mprt_v1_1_dynamic_residual_atlas_cv5x3_v1/rld/fold0/seed42/dynamic/low_rank_r8/best.pt,/home/ubuntu/klb/nuclr/nuclr/runs/rld_robustness_cv5_seed42_v2/corruptions/fold0/outlier_l0.00_p0,/home/ubuntu/klb/nuclr/nuclr/runs/rld_robustness_cv5_seed42_v2/formal_rejection_comparison_ours/cells/fold0/outlier_l0.00_p0/neurid_original/queries.csv.gz
3,0,0.0,0,binary_0_5,19,270,0,0.5814814814814815,0.5222222222222223,0.29259259259259257,,,cpu,/home/ubuntu/klb/nuclr/nuclr/runs/mprt_v1_1_dynamic_residual_atlas_cv5x3_v1/rld/fold0/seed42/dynamic/low_rank_r8/best.pt,/home/ubuntu/klb/nuclr/nuclr/runs/rld_robustness_cv5_seed42_v2/corruptions/fold0/outlier_l0.00_p0,/home/ubuntu/klb/nuclr/nuclr/runs/rld_robustness_cv5_seed42_v2/formal_rejection_comparison_ours/cells/fold0/outlier_l0.00_p0/neurid_original/queries.csv.gz
3,0,0.0,0,probability_val_r80,19,270,0,0.5814814814814815,0.5259259259259259,0.2851851851851852,,,cpu,/home/ubuntu/klb/nuclr/nuclr/runs/mprt_v1_1_dynamic_residual_atlas_cv5x3_v1/rld/fold0/seed42/dynamic/low_rank_r8/best.pt,/home/ubuntu/klb/nuclr/nuclr/runs/rld_robustness_cv5_seed42_v2/corruptions/fold0/outlier_l0.00_p0,/home/ubuntu/klb/nuclr/nuclr/runs/rld_robustness_cv5_seed42_v2/formal_rejection_comparison_ours/cells/fold0/outlier_l0.00_p0/neurid_original/queries.csv.gz
3,0,0.0,0,probability_val_r90,19,270,0,0.5814814814814815,0.5,0.34074074074074073,,,cpu,/home/ubuntu/klb/nuclr/nuclr/runs/mprt_v1_1_dynamic_residual_atlas_cv5x3_v1/rld/fold0/seed42/dynamic/low_rank_r8/best.pt,/home/ubuntu/klb/nuclr/nuclr/runs/rld_robustness_cv5_seed42_v2/corruptions/fold0/outlier_l0.00_p0,/home/ubuntu/klb/nuclr/nuclr/runs/rld_robustness_cv5_seed42_v2/formal_rejection_comparison_ours/cells/fold0/outlier_l0.00_p0/neurid_original/queries.csv.gz
3,0,0.0,0,probability_val_r95,19,270,0,0.5814814814814815,0.4888888888888889,0.40370370370370373,,,cpu,/home/ubuntu/klb/nuclr/nuclr/runs/mprt_v1_1_dynamic_residual_atlas_cv5x3_v1/rld/fold0/seed42/dynamic/low_rank_r8/best.pt,/home/ubuntu/klb/nuclr/nuclr/runs/rld_robustness_cv5_seed42_v2/corruptions/fold0/outlier_l0.00_p0,/home/ubuntu/klb/nuclr/nuclr/runs/rld_robustness_cv5_seed42_v2/formal_rejection_comparison_ours/cells/fold0/outlier_l0.00_p0/neurid_original/queries.csv.gz
3,0,0.0,0,log_margin_val_r80,19,270,0,0.5814814814814815,0.5444444444444444,0.22962962962962963,,,cpu,/home/ubuntu/klb/nuclr/nuclr/runs/mprt_v1_1_dynamic_residual_atlas_cv5x3_v1/rld/fold0/seed42/dynamic/low_rank_r8/best.pt,/home/ubuntu/klb/nuclr/nuclr/runs/rld_robustness_cv5_seed42_v2/corruptions/fold0/outlier_l0.00_p0,/home/ubuntu/klb/nuclr/nuclr/runs/rld_robustness_cv5_seed42_v2/formal_rejection_comparison_ours/cells/fold0/outlier_l0.00_p0/neurid_original/queries.csv.gz
3,0,0.0,0,log_margin_val_r90,19,270,0,0.5814814814814815,0.5296296296296297,0.2851851851851852,,,cpu,/home/ubuntu/klb/nuclr/nuclr/runs/mprt_v1_1_dynamic_residual_atlas_cv5x3_v1/rld/fold0/seed42/dynamic/low_rank_r8/best.pt,/home/ubuntu/klb/nuclr/nuclr/runs/rld_robustness_cv5_seed42_v2/corruptions/fold0/outlier_l0.00_p0,/home/ubuntu/klb/nuclr/nuclr/runs/rld_robustness_cv5_seed42_v2/formal_rejection_comparison_ours/cells/fold0/outlier_l0.00_p0/neurid_original/queries.csv.gz
3,0,0.0,0,log_margin_val_r95,19,270,0,0.5814814814814815,0.5074074074074074,0.35555555555555557,,,cpu,/home/ubuntu/klb/nuclr/nuclr/runs/mprt_v1_1_dynamic_residual_atlas_cv5x3_v1/rld/fold0/seed42/dynamic/low_rank_r8/best.pt,/home/ubuntu/klb/nuclr/nuclr/runs/rld_robustness_cv5_seed42_v2/corruptions/fold0/outlier_l0.00_p0,/home/ubuntu/klb/nuclr/nuclr/runs/rld_robustness_cv5_seed42_v2/formal_rejection_comparison_ours/cells/fold0/outlier_l0.00_p0/neurid_original/queries.csv.gz
3,0,0.1,0,current_argmax,19,270,189,0.5666666666666667,0.5,0.36666666666666664,0.9047619047619048,0.6333333333333333,cpu,/home/ubuntu/klb/nuclr/nuclr/runs/mprt_v1_1_dynamic_residual_atlas_cv5x3_v1/rld/fold0/seed42/dynamic/low_rank_r8/best.pt,/home/ubuntu/klb/nuclr/nuclr/runs/rld_robustness_cv5_seed42_v2/corruptions/fold0/outlier_l0.10_p0,/home/ubuntu/klb/nuclr/nuclr/runs/rld_robustness_cv5_seed42_v2/formal_rejection_comparison_ours/cells/fold0/outlier_l0.10_p0/neurid_original/queries.csv.gz
3,0,0.1,0,binary_0_5,19,270,189,0.5666666666666667,0.5148148148148148,0.3074074074074074,0.6931216931216931,0.6121495327102804,cpu,/home/ubuntu/klb/nuclr/nuclr/runs/mprt_v1_1_dynamic_residual_atlas_cv5x3_v1/rld/fold0/seed42/dynamic/low_rank_r8/best.pt,/home/ubuntu/klb/nuclr/nuclr/runs/rld_robustness_cv5_seed42_v2/corruptions/fold0/outlier_l0.10_p0,/home/ubuntu/klb/nuclr/nuclr/runs/rld_robustness_cv5_seed42_v2/formal_rejection_comparison_ours/cells/fold0/outlier_l0.10_p0/neurid_original/queries.csv.gz
3,0,0.1,0,probability_val_r80,19,270,189,0.5666666666666667,0.5148148148148148,0.29259259259259257,0.6878306878306878,0.6220095693779905,cpu,/home/ubuntu/klb/nuclr/nuclr/runs/mprt_v1_1_dynamic_residual_atlas_cv5x3_v1/rld/fold0/seed42/dynamic/low_rank_r8/best.pt,/home/ubuntu/klb/nuclr/nuclr/runs/rld_robustness_cv5_seed42_v2/corruptions/fold0/outlier_l0.10_p0,/home/ubuntu/klb/nuclr/nuclr/runs/rld_robustness_cv5_seed42_v2/formal_rejection_comparison_ours/cells/fold0/outlier_l0.10_p0/neurid_original/queries.csv.gz
3,0,0.1,0,probability_val_r90,19,270,189,0.5666666666666667,0.4888888888888889,0.37407407407407406,0.8148148148148148,0.6039215686274509,cpu,/home/ubuntu/klb/nuclr/nuclr/runs/mprt_v1_1_dynamic_residual_atlas_cv5x3_v1/rld/fold0/seed42/dynamic/low_rank_r8/best.pt,/home/ubuntu/klb/nuclr/nuclr/runs/rld_robustness_cv5_seed42_v2/corruptions/fold0/outlier_l0.10_p0,/home/ubuntu/klb/nuclr/nuclr/runs/rld_robustness_cv5_seed42_v2/formal_rejection_comparison_ours/cells/fold0/outlier_l0.10_p0/neurid_original/queries.csv.gz
3,0,0.1,0,probability_val_r95,19,270,189,0.5666666666666667,0.4703703703703704,0.4148148148148148,0.9047619047619048,0.6042402826855123,cpu,/home/ubuntu/klb/nuclr/nuclr/runs/mprt_v1_1_dynamic_residual_atlas_cv5x3_v1/rld/fold0/seed42/dynamic/low_rank_r8/best.pt,/home/ubuntu/klb/nuclr/nuclr/runs/rld_robustness_cv5_seed42_v2/corruptions/fold0/outlier_l0.10_p0,/home/ubuntu/klb/nuclr/nuclr/runs/rld_robustness_cv5_seed42_v2/formal_rejection_comparison_ours/cells/fold0/outlier_l0.10_p0/neurid_original/queries.csv.gz
3,0,0.1,0,log_margin_val_r80,19,270,189,0.5666666666666667,0.5407407407407407,0.23333333333333334,0.7037037037037037,0.6785714285714286,cpu,/home/ubuntu/klb/nuclr/nuclr/runs/mprt_v1_1_dynamic_residual_atlas_cv5x3_v1/rld/fold0/seed42/dynamic/low_rank_r8/best.pt,/home/ubuntu/klb/nuclr/nuclr/runs/rld_robustness_cv5_seed42_v2/corruptions/fold0/outlier_l0.10_p0,/home/ubuntu/klb/nuclr/nuclr/runs/rld_robustness_cv5_seed42_v2/formal_rejection_comparison_ours/cells/fold0/outlier_l0.10_p0/neurid_original/queries.csv.gz
3,0,0.1,0,log_margin_val_r90,19,270,189,0.5666666666666667,0.5259259259259259,0.2962962962962963,0.8518518518518519,0.6680497925311203,cpu,/home/ubuntu/klb/nuclr/nuclr/runs/mprt_v1_1_dynamic_residual_atlas_cv5x3_v1/rld/fold0/seed42/dynamic/low_rank_r8/best.pt,/home/ubuntu/klb/nuclr/nuclr/runs/rld_robustness_cv5_seed42_v2/corruptions/fold0/outlier_l0.10_p0,/home/ubuntu/klb/nuclr/nuclr/runs/rld_robustness_cv5_seed42_v2/formal_rejection_comparison_ours/cells/fold0/outlier_l0.10_p0/neurid_original/queries.csv.gz
3,0,0.1,0,log_margin_val_r95,19,270,189,0.5666666666666667,0.5,0.36666666666666664,0.9047619047619048,0.6333333333333333,cpu,/home/ubuntu/klb/nuclr/nuclr/runs/mprt_v1_1_dynamic_residual_atlas_cv5x3_v1/rld/fold0/seed42/dynamic/low_rank_r8/best.pt,/home/ubuntu/klb/nuclr/nuclr/runs/rld_robustness_cv5_seed42_v2/corruptions/fold0/outlier_l0.10_p0,/home/ubuntu/klb/nuclr/nuclr/runs/rld_robustness_cv5_seed42_v2/formal_rejection_comparison_ours/cells/fold0/outlier_l0.10_p0/neurid_original/queries.csv.gz
3,0,0.1,1,current_argmax,19,270,189,0.5296296296296297,0.44814814814814813,0.362962962962963,0.9206349206349206,0.6397058823529411,cpu,/home/ubuntu/klb/nuclr/nuclr/runs/mprt_v1_1_dynamic_residual_atlas_cv5x3_v1/rld/fold0/seed42/dynamic/low_rank_r8/best.pt,/home/ubuntu/klb/nuclr/nuclr/runs/rld_robustness_cv5_seed42_v2/corruptions/fold0/outlier_l0.10_p1,/home/ubuntu/klb/nuclr/nuclr/runs/rld_robustness_cv5_seed42_v2/formal_rejection_comparison_ours/cells/fold0/outlier_l0.10_p1/neurid_original/queries.csv.gz
3,0,0.1,1,binary_0_5,19,270,189,0.5296296296296297,0.46296296296296297,0.3074074074074074,0.7301587301587301,0.6244343891402715,cpu,/home/ubuntu/klb/nuclr/nuclr/runs/mprt_v1_1_dynamic_residual_atlas_cv5x3_v1/rld/fold0/seed42/dynamic/low_rank_r8/best.pt,/home/ubuntu/klb/nuclr/nuclr/runs/rld_robustness_cv5_seed42_v2/corruptions/fold0/outlier_l0.10_p1,/home/ubuntu/klb/nuclr/nuclr/runs/rld_robustness_cv5_seed42_v2/formal_rejection_comparison_ours/cells/fold0/outlier_l0.10_p1/neurid_original/queries.csv.gz
3,0,0.1,1,probability_val_r80,19,270,189,0.5296296296296297,0.4666666666666667,0.3,0.6931216931216931,0.6179245283018868,cpu,/home/ubuntu/klb/nuclr/nuclr/runs/mprt_v1_1_dynamic_residual_atlas_cv5x3_v1/rld/fold0/seed42/dynamic/low_rank_r8/best.pt,/home/ubuntu/klb/nuclr/nuclr/runs/rld_robustness_cv5_seed42_v2/corruptions/fold0/outlier_l0.10_p1,/home/ubuntu/klb/nuclr/nuclr/runs/rld_robustness_cv5_seed42_v2/formal_rejection_comparison_ours/cells/fold0/outlier_l0.10_p1/neurid_original/queries.csv.gz
3,0,0.1,1,probability_val_r90,19,270,189,0.5296296296296297,0.4444444444444444,0.35185185185185186,0.8253968253968254,0.6215139442231076,cpu,/home/ubuntu/klb/nuclr/nuclr/runs/mprt_v1_1_dynamic_residual_atlas_cv5x3_v1/rld/fold0/seed42/dynamic/low_rank_r8/best.pt,/home/ubuntu/klb/nuclr/nuclr/runs/rld_robustness_cv5_seed42_v2/corruptions/fold0/outlier_l0.10_p1,/home/ubuntu/klb/nuclr/nuclr/runs/rld_robustness_cv5_seed42_v2/formal_rejection_comparison_ours/cells/fold0/outlier_l0.10_p1/neurid_original/queries.csv.gz
3,0,0.1,1,probability_val_r95,19,270,189,0.5296296296296297,0.42592592592592593,0.4222222222222222,0.8888888888888888,0.5957446808510638,cpu,/home/ubuntu/klb/nuclr/nuclr/runs/mprt_v1_1_dynamic_residual_atlas_cv5x3_v1/rld/fold0/seed42/dynamic/low_rank_r8/best.pt,/home/ubuntu/klb/nuclr/nuclr/runs/rld_robustness_cv5_seed42_v2/corruptions/fold0/outlier_l0.10_p1,/home/ubuntu/klb/nuclr/nuclr/runs/rld_robustness_cv5_seed42_v2/formal_rejection_comparison_ours/cells/fold0/outlier_l0.10_p1/neurid_original/queries.csv.gz
3,0,0.1,1,log_margin_val_r80,19,270,189,0.5296296296296297,0.4962962962962963,0.22592592592592592,0.7037037037037037,0.6855670103092784,cpu,/home/ubuntu/klb/nuclr/nuclr/runs/mprt_v1_1_dynamic_residual_atlas_cv5x3_v1/rld/fold0/seed42/dynamic/low_rank_r8/best.pt,/home/ubuntu/klb/nuclr/nuclr/runs/rld_robustness_cv5_seed42_v2/corruptions/fold0/outlier_l0.10_p1,/home/ubuntu/klb/nuclr/nuclr/runs/rld_robustness_cv5_seed42_v2/formal_rejection_comparison_ours/cells/fold0/outlier_l0.10_p1/neurid_original/queries.csv.gz
3,0,0.1,1,log_margin_val_r90,19,270,189,0.5296296296296297,0.4666666666666667,0.3,0.8412698412698413,0.6625,cpu,/home/ubuntu/klb/nuclr/nuclr/runs/mprt_v1_1_dynamic_residual_atlas_cv5x3_v1/rld/fold0/seed42/dynamic/low_rank_r8/best.pt,/home/ubuntu/klb/nuclr/nuclr/runs/rld_robustness_cv5_seed42_v2/corruptions/fold0/outlier_l0.10_p1,/home/ubuntu/klb/nuclr/nuclr/runs/rld_robustness_cv5_seed42_v2/formal_rejection_comparison_ours/cells/fold0/outlier_l0.10_p1/neurid_original/queries.csv.gz
3,0,0.1,1,log_margin_val_r95,19,270,189,0.5296296296296297,0.44814814814814813,0.362962962962963,0.9206349206349206,0.6397058823529411,cpu,/home/ubuntu/klb/nuclr/nuclr/runs/mprt_v1_1_dynamic_residual_atlas_cv5x3_v1/rld/fold0/seed42/dynamic/low_rank_r8/best.pt,/home/ubuntu/klb/nuclr/nuclr/runs/rld_robustness_cv5_seed42_v2/corruptions/fold0/outlier_l0.10_p1,/home/ubuntu/klb/nuclr/nuclr/runs/rld_robustness_cv5_seed42_v2/formal_rejection_comparison_ours/cells/fold0/outlier_l0.10_p1/neurid_original/queries.csv.gz
3,0,0.1,2,current_argmax,19,270,189,0.5703703703703704,0.4962962962962963,0.35555555555555557,0.8677248677248677,0.6307692307692307,cpu,/home/ubuntu/klb/nuclr/nuclr/runs/mprt_v1_1_dynamic_residual_atlas_cv5x3_v1/rld/fold0/seed42/dynamic/low_rank_r8/best.pt,/home/ubuntu/klb/nuclr/nuclr/runs/rld_robustness_cv5_seed42_v2/corruptions/fold0/outlier_l0.10_p2,/home/ubuntu/klb/nuclr/nuclr/runs/rld_robustness_cv5_seed42_v2/formal_rejection_comparison_ours/cells/fold0/outlier_l0.10_p2/neurid_original/queries.csv.gz
3,0,0.1,2,binary_0_5,19,270,189,0.5703703703703704,0.5074074074074074,0.28888888888888886,0.6878306878306878,0.625,cpu,/home/ubuntu/klb/nuclr/nuclr/runs/mprt_v1_1_dynamic_residual_atlas_cv5x3_v1/rld/fold0/seed42/dynamic/low_rank_r8/best.pt,/home/ubuntu/klb/nuclr/nuclr/runs/rld_robustness_cv5_seed42_v2/corruptions/fold0/outlier_l0.10_p2,/home/ubuntu/klb/nuclr/nuclr/runs/rld_robustness_cv5_seed42_v2/formal_rejection_comparison_ours/cells/fold0/outlier_l0.10_p2/neurid_original/queries.csv.gz
3,0,0.1,2,probability_val_r80,19,270,189,0.5703703703703704,0.5111111111111111,0.2814814814814815,0.6613756613756614,0.6218905472636815,cpu,/home/ubuntu/klb/nuclr/nuclr/runs/mprt_v1_1_dynamic_residual_atlas_cv5x3_v1/rld/fold0/seed42/dynamic/low_rank_r8/best.pt,/home/ubuntu/klb/nuclr/nuclr/runs/rld_robustness_cv5_seed42_v2/corruptions/fold0/outlier_l0.10_p2,/home/ubuntu/klb/nuclr/nuclr/runs/rld_robustness_cv5_seed42_v2/formal_rejection_comparison_ours/cells/fold0/outlier_l0.10_p2/neurid_original/queries.csv.gz
3,0,0.1,2,probability_val_r90,19,270,189,0.5703703703703704,0.5,0.34074074074074073,0.798941798941799,0.6213991769547325,cpu,/home/ubuntu/klb/nuclr/nuclr/runs/mprt_v1_1_dynamic_residual_atlas_cv5x3_v1/rld/fold0/seed42/dynamic/low_rank_r8/best.pt,/home/ubuntu/klb/nuclr/nuclr/runs/rld_robustness_cv5_seed42_v2/corruptions/fold0/outlier_l0.10_p2,/home/ubuntu/klb/nuclr/nuclr/runs/rld_robustness_cv5_seed42_v2/formal_rejection_comparison_ours/cells/fold0/outlier_l0.10_p2/neurid_original/queries.csv.gz
3,0,0.1,2,probability_val_r95,19,270,189,0.5703703703703704,0.4703703703703704,0.4111111111111111,0.873015873015873,0.5978260869565217,cpu,/home/ubuntu/klb/nuclr/nuclr/runs/mprt_v1_1_dynamic_residual_atlas_cv5x3_v1/rld/fold0/seed42/dynamic/low_rank_r8/best.pt,/home/ubuntu/klb/nuclr/nuclr/runs/rld_robustness_cv5_seed42_v2/corruptions/fold0/outlier_l0.10_p2,/home/ubuntu/klb/nuclr/nuclr/runs/rld_robustness_cv5_seed42_v2/formal_rejection_comparison_ours/cells/fold0/outlier_l0.10_p2/neurid_original/queries.csv.gz
3,0,0.1,2,log_margin_val_r80,19,270,189,0.5703703703703704,0.5296296296296297,0.22592592592592592,0.7037037037037037,0.6855670103092784,cpu,/home/ubuntu/klb/nuclr/nuclr/runs/mprt_v1_1_dynamic_residual_atlas_cv5x3_v1/rld/fold0/seed42/dynamic/low_rank_r8/best.pt,/home/ubuntu/klb/nuclr/nuclr/runs/rld_robustness_cv5_seed42_v2/corruptions/fold0/outlier_l0.10_p2,/home/ubuntu/klb/nuclr/nuclr/runs/rld_robustness_cv5_seed42_v2/formal_rejection_comparison_ours/cells/fold0/outlier_l0.10_p2/neurid_original/queries.csv.gz
3,0,0.1,2,log_margin_val_r90,19,270,189,0.5703703703703704,0.5185185185185185,0.2851851851851852,0.798941798941799,0.6622807017543859,cpu,/home/ubuntu/klb/nuclr/nuclr/runs/mprt_v1_1_dynamic_residual_atlas_cv5x3_v1/rld/fold0/seed42/dynamic/low_rank_r8/best.pt,/home/ubuntu/klb/nuclr/nuclr/runs/rld_robustness_cv5_seed42_v2/corruptions/fold0/outlier_l0.10_p2,/home/ubuntu/klb/nuclr/nuclr/runs/rld_robustness_cv5_seed42_v2/formal_rejection_comparison_ours/cells/fold0/outlier_l0.10_p2/neurid_original/queries.csv.gz
3,0,0.1,2,log_margin_val_r95,19,270,189,0.5703703703703704,0.4962962962962963,0.35185185185185186,0.8677248677248677,0.6332046332046332,cpu,/home/ubuntu/klb/nuclr/nuclr/runs/mprt_v1_1_dynamic_residual_atlas_cv5x3_v1/rld/fold0/seed42/dynamic/low_rank_r8/best.pt,/home/ubuntu/klb/nuclr/nuclr/runs/rld_robustness_cv5_seed42_v2/corruptions/fold0/outlier_l0.10_p2,/home/ubuntu/klb/nuclr/nuclr/runs/rld_robustness_cv5_seed42_v2/formal_rejection_comparison_ours/cells/fold0/outlier_l0.10_p2/neurid_original/queries.csv.gz
3,0,0.2,0,current_argmax,19,270,377,0.5222222222222223,0.45925925925925926,0.37777777777777777,0.946949602122016,0.7777777777777778,cpu,/home/ubuntu/klb/nuclr/nuclr/runs/mprt_v1_1_dynamic_residual_atlas_cv5x3_v1/rld/fold0/seed42/dynamic/low_rank_r8/best.pt,/home/ubuntu/klb/nuclr/nuclr/runs/rld_robustness_cv5_seed42_v2/corruptions/fold0/outlier_l0.20_p0,/home/ubuntu/klb/nuclr/nuclr/runs/rld_robustness_cv5_seed42_v2/formal_rejection_comparison_ours/cells/fold0/outlier_l0.20_p0/neurid_original/queries.csv.gz
3,0,0.2,0,binary_0_5,19,270,377,0.5222222222222223,0.4666666666666667,0.3074074074074074,0.7718832891246684,0.7780748663101604,cpu,/home/ubuntu/klb/nuclr/nuclr/runs/mprt_v1_1_dynamic_residual_atlas_cv5x3_v1/rld/fold0/seed42/dynamic/low_rank_r8/best.pt,/home/ubuntu/klb/nuclr/nuclr/runs/rld_robustness_cv5_seed42_v2/corruptions/fold0/outlier_l0.20_p0,/home/ubuntu/klb/nuclr/nuclr/runs/rld_robustness_cv5_seed42_v2/formal_rejection_comparison_ours/cells/fold0/outlier_l0.20_p0/neurid_original/queries.csv.gz
3,0,0.2,0,probability_val_r80,19,270,377,0.5222222222222223,0.4703703703703704,0.3,0.7586206896551724,0.779291553133515,cpu,/home/ubuntu/klb/nuclr/nuclr/runs/mprt_v1_1_dynamic_residual_atlas_cv5x3_v1/rld/fold0/seed42/dynamic/low_rank_r8/best.pt,/home/ubuntu/klb/nuclr/nuclr/runs/rld_robustness_cv5_seed42_v2/corruptions/fold0/outlier_l0.20_p0,/home/ubuntu/klb/nuclr/nuclr/runs/rld_robustness_cv5_seed42_v2/formal_rejection_comparison_ours/cells/fold0/outlier_l0.20_p0/neurid_original/queries.csv.gz
3,0,0.2,0,probability_val_r90,19,270,377,0.5222222222222223,0.44814814814814813,0.36666666666666664,0.8647214854111406,0.7670588235294118,cpu,/home/ubuntu/klb/nuclr/nuclr/runs/mprt_v1_1_dynamic_residual_atlas_cv5x3_v1/rld/fold0/seed42/dynamic/low_rank_r8/best.pt,/home/ubuntu/klb/nuclr/nuclr/runs/rld_robustness_cv5_seed42_v2/corruptions/fold0/outlier_l0.20_p0,/home/ubuntu/klb/nuclr/nuclr/runs/rld_robustness_cv5_seed42_v2/formal_rejection_comparison_ours/cells/fold0/outlier_l0.20_p0/neurid_original/queries.csv.gz
3,0,0.2,0,probability_val_r95,19,270,377,0.5222222222222223,0.43703703703703706,0.4148148148148148,0.9283819628647215,0.7575757575757576,cpu,/home/ubuntu/klb/nuclr/nuclr/runs/mprt_v1_1_dynamic_residual_atlas_cv5x3_v1/rld/fold0/seed42/dynamic/low_rank_r8/best.pt,/home/ubuntu/klb/nuclr/nuclr/runs/rld_robustness_cv5_seed42_v2/corruptions/fold0/outlier_l0.20_p0,/home/ubuntu/klb/nuclr/nuclr/runs/rld_robustness_cv5_seed42_v2/formal_rejection_comparison_ours/cells/fold0/outlier_l0.20_p0/neurid_original/queries.csv.gz
3,0,0.2,0,log_margin_val_r80,19,270,377,0.5222222222222223,0.4925925925925926,0.22592592592592592,0.753315649867374,0.8231884057971014,cpu,/home/ubuntu/klb/nuclr/nuclr/runs/mprt_v1_1_dynamic_residual_atlas_cv5x3_v1/rld/fold0/seed42/dynamic/low_rank_r8/best.pt,/home/ubuntu/klb/nuclr/nuclr/runs/rld_robustness_cv5_seed42_v2/corruptions/fold0/outlier_l0.20_p0,/home/ubuntu/klb/nuclr/nuclr/runs/rld_robustness_cv5_seed42_v2/formal_rejection_comparison_ours/cells/fold0/outlier_l0.20_p0/neurid_original/queries.csv.gz
3,0,0.2,0,log_margin_val_r90,19,270,377,0.5222222222222223,0.4740740740740741,0.2962962962962963,0.8779840848806366,0.805352798053528,cpu,/home/ubuntu/klb/nuclr/nuclr/runs/mprt_v1_1_dynamic_residual_atlas_cv5x3_v1/rld/fold0/seed42/dynamic/low_rank_r8/best.pt,/home/ubuntu/klb/nuclr/nuclr/runs/rld_robustness_cv5_seed42_v2/corruptions/fold0/outlier_l0.20_p0,/home/ubuntu/klb/nuclr/nuclr/runs/rld_robustness_cv5_seed42_v2/formal_rejection_comparison_ours/cells/fold0/outlier_l0.20_p0/neurid_original/queries.csv.gz
3,0,0.2,0,log_margin_val_r95,19,270,377,0.5222222222222223,0.46296296296296297,0.37407407407407406,0.9442970822281167,0.7789934354485777,cpu,/home/ubuntu/klb/nuclr/nuclr/runs/mprt_v1_1_dynamic_residual_atlas_cv5x3_v1/rld/fold0/seed42/dynamic/low_rank_r8/best.pt,/home/ubuntu/klb/nuclr/nuclr/runs/rld_robustness_cv5_seed42_v2/corruptions/fold0/outlier_l0.20_p0,/home/ubuntu/klb/nuclr/nuclr/runs/rld_robustness_cv5_seed42_v2/formal_rejection_comparison_ours/cells/fold0/outlier_l0.20_p0/neurid_original/queries.csv.gz
3,0,0.2,1,current_argmax,19,270,377,0.5333333333333333,0.46296296296296297,0.4,0.9283819628647215,0.7641921397379913,cpu,/home/ubuntu/klb/nuclr/nuclr/runs/mprt_v1_1_dynamic_residual_atlas_cv5x3_v1/rld/fold0/seed42/dynamic/low_rank_r8/best.pt,/home/ubuntu/klb/nuclr/nuclr/runs/rld_robustness_cv5_seed42_v2/corruptions/fold0/outlier_l0.20_p1,/home/ubuntu/klb/nuclr/nuclr/runs/rld_robustness_cv5_seed42_v2/formal_rejection_comparison_ours/cells/fold0/outlier_l0.20_p1/neurid_original/queries.csv.gz
3,0,0.2,1,binary_0_5,19,270,377,0.5333333333333333,0.4740740740740741,0.32592592592592595,0.7559681697612732,0.7640750670241286,cpu,/home/ubuntu/klb/nuclr/nuclr/runs/mprt_v1_1_dynamic_residual_atlas_cv5x3_v1/rld/fold0/seed42/dynamic/low_rank_r8/best.pt,/home/ubuntu/klb/nuclr/nuclr/runs/rld_robustness_cv5_seed42_v2/corruptions/fold0/outlier_l0.20_p1,/home/ubuntu/klb/nuclr/nuclr/runs/rld_robustness_cv5_seed42_v2/formal_rejection_comparison_ours/cells/fold0/outlier_l0.20_p1/neurid_original/queries.csv.gz
3,0,0.2,1,probability_val_r80,19,270,377,0.5333333333333333,0.4740740740740741,0.32592592592592595,0.7480106100795756,0.7621621621621621,cpu,/home/ubuntu/klb/nuclr/nuclr/runs/mprt_v1_1_dynamic_residual_atlas_cv5x3_v1/rld/fold0/seed42/dynamic/low_rank_r8/best.pt,/home/ubuntu/klb/nuclr/nuclr/runs/rld_robustness_cv5_seed42_v2/corruptions/fold0/outlier_l0.20_p1,/home/ubuntu/klb/nuclr/nuclr/runs/rld_robustness_cv5_seed42_v2/formal_rejection_comparison_ours/cells/fold0/outlier_l0.20_p1/neurid_original/queries.csv.gz
3,0,0.2,1,probability_val_r90,19,270,377,0.5333333333333333,0.45555555555555555,0.3814814814814815,0.8461538461538461,0.7559241706161137,cpu,/home/ubuntu/klb/nuclr/nuclr/runs/mprt_v1_1_dynamic_residual_atlas_cv5x3_v1/rld/fold0/seed42/dynamic/low_rank_r8/best.pt,/home/ubuntu/klb/nuclr/nuclr/runs/rld_robustness_cv5_seed42_v2/corruptions/fold0/outlier_l0.20_p1,/home/ubuntu/klb/nuclr/nuclr/runs/rld_robustness_cv5_seed42_v2/formal_rejection_comparison_ours/cells/fold0/outlier_l0.20_p1/neurid_original/queries.csv.gz
3,0,0.2,1,probability_val_r95,19,270,377,0.5333333333333333,0.43703703703703706,0.42962962962962964,0.9124668435013262,0.7478260869565218,cpu,/home/ubuntu/klb/nuclr/nuclr/runs/mprt_v1_1_dynamic_residual_atlas_cv5x3_v1/rld/fold0/seed42/dynamic/low_rank_r8/best.pt,/home/ubuntu/klb/nuclr/nuclr/runs/rld_robustness_cv5_seed42_v2/corruptions/fold0/outlier_l0.20_p1,/home/ubuntu/klb/nuclr/nuclr/runs/rld_robustness_cv5_seed42_v2/formal_rejection_comparison_ours/cells/fold0/outlier_l0.20_p1/neurid_original/queries.csv.gz
3,0,0.2,1,log_margin_val_r80,19,270,377,0.5333333333333333,0.5,0.25925925925925924,0.7161803713527851,0.7941176470588235,cpu,/home/ubuntu/klb/nuclr/nuclr/runs/mprt_v1_1_dynamic_residual_atlas_cv5x3_v1/rld/fold0/seed42/dynamic/low_rank_r8/best.pt,/home/ubuntu/klb/nuclr/nuclr/runs/rld_robustness_cv5_seed42_v2/corruptions/fold0/outlier_l0.20_p1,/home/ubuntu/klb/nuclr/nuclr/runs/rld_robustness_cv5_seed42_v2/formal_rejection_comparison_ours/cells/fold0/outlier_l0.20_p1/neurid_original/queries.csv.gz
3,0,0.2,1,log_margin_val_r90,19,270,377,0.5333333333333333,0.48518518518518516,0.3111111111111111,0.8514588859416445,0.7925925925925926,cpu,/home/ubuntu/klb/nuclr/nuclr/runs/mprt_v1_1_dynamic_residual_atlas_cv5x3_v1/rld/fold0/seed42/dynamic/low_rank_r8/best.pt,/home/ubuntu/klb/nuclr/nuclr/runs/rld_robustness_cv5_seed42_v2/corruptions/fold0/outlier_l0.20_p1,/home/ubuntu/klb/nuclr/nuclr/runs/rld_robustness_cv5_seed42_v2/formal_rejection_comparison_ours/cells/fold0/outlier_l0.20_p1/neurid_original/queries.csv.gz
3,0,0.2,1,log_margin_val_r95,19,270,377,0.5333333333333333,0.46296296296296297,0.3962962962962963,0.9283819628647215,0.7658643326039387,cpu,/home/ubuntu/klb/nuclr/nuclr/runs/mprt_v1_1_dynamic_residual_atlas_cv5x3_v1/rld/fold0/seed42/dynamic/low_rank_r8/best.pt,/home/ubuntu/klb/nuclr/nuclr/runs/rld_robustness_cv5_seed42_v2/corruptions/fold0/outlier_l0.20_p1,/home/ubuntu/klb/nuclr/nuclr/runs/rld_robustness_cv5_seed42_v2/formal_rejection_comparison_ours/cells/fold0/outlier_l0.20_p1/neurid_original/queries.csv.gz
3,0,0.2,2,current_argmax,19,270,377,0.5370370370370371,0.45925925925925926,0.3962962962962963,0.9177718832891246,0.7637969094922737,cpu,/home/ubuntu/klb/nuclr/nuclr/runs/mprt_v1_1_dynamic_residual_atlas_cv5x3_v1/rld/fold0/seed42/dynamic/low_rank_r8/best.pt,/home/ubuntu/klb/nuclr/nuclr/runs/rld_robustness_cv5_seed42_v2/corruptions/fold0/outlier_l0.20_p2,/home/ubuntu/klb/nuclr/nuclr/runs/rld_robustness_cv5_seed42_v2/formal_rejection_comparison_ours/cells/fold0/outlier_l0.20_p2/neurid_original/queries.csv.gz
3,0,0.2,2,binary_0_5,19,270,377,0.5370370370370371,0.4740740740740741,0.32592592592592595,0.7745358090185677,0.7684210526315789,cpu,/home/ubuntu/klb/nuclr/nuclr/runs/mprt_v1_1_dynamic_residual_atlas_cv5x3_v1/rld/fold0/seed42/dynamic/low_rank_r8/best.pt,/home/ubuntu/klb/nuclr/nuclr/runs/rld_robustness_cv5_seed42_v2/corruptions/fold0/outlier_l0.20_p2,/home/ubuntu/klb/nuclr/nuclr/runs/rld_robustness_cv5_seed42_v2/formal_rejection_comparison_ours/cells/fold0/outlier_l0.20_p2/neurid_original/queries.csv.gz
3,0,0.2,2,probability_val_r80,19,270,377,0.5370370370370371,0.4740740740740741,0.32222222222222224,0.7639257294429708,0.768,cpu,/home/ubuntu/klb/nuclr/nuclr/runs/mprt_v1_1_dynamic_residual_atlas_cv5x3_v1/rld/fold0/seed42/dynamic/low_rank_r8/best.pt,/home/ubuntu/klb/nuclr/nuclr/runs/rld_robustness_cv5_seed42_v2/corruptions/fold0/outlier_l0.20_p2,/home/ubuntu/klb/nuclr/nuclr/runs/rld_robustness_cv5_seed42_v2/formal_rejection_comparison_ours/cells/fold0/outlier_l0.20_p2/neurid_original/queries.csv.gz
3,0,0.2,2,probability_val_r90,19,270,377,0.5370370370370371,0.46296296296296297,0.3851851851851852,0.8620689655172413,0.7575757575757576,cpu,/home/ubuntu/klb/nuclr/nuclr/runs/mprt_v1_1_dynamic_residual_atlas_cv5x3_v1/rld/fold0/seed42/dynamic/low_rank_r8/best.pt,/home/ubuntu/klb/nuclr/nuclr/runs/rld_robustness_cv5_seed42_v2/corruptions/fold0/outlier_l0.20_p2,/home/ubuntu/klb/nuclr/nuclr/runs/rld_robustness_cv5_seed42_v2/formal_rejection_comparison_ours/cells/fold0/outlier_l0.20_p2/neurid_original/queries.csv.gz
3,0,0.2,2,probability_val_r95,19,270,377,0.5370370370370371,0.44074074074074077,0.44074074074074077,0.9177718832891246,0.7440860215053764,cpu,/home/ubuntu/klb/nuclr/nuclr/runs/mprt_v1_1_dynamic_residual_atlas_cv5x3_v1/rld/fold0/seed42/dynamic/low_rank_r8/best.pt,/home/ubuntu/klb/nuclr/nuclr/runs/rld_robustness_cv5_seed42_v2/corruptions/fold0/outlier_l0.20_p2,/home/ubuntu/klb/nuclr/nuclr/runs/rld_robustness_cv5_seed42_v2/formal_rejection_comparison_ours/cells/fold0/outlier_l0.20_p2/neurid_original/queries.csv.gz
3,0,0.2,2,log_margin_val_r80,19,270,377,0.5370370370370371,0.5,0.25925925925925924,0.7188328912466844,0.7947214076246334,cpu,/home/ubuntu/klb/nuclr/nuclr/runs/mprt_v1_1_dynamic_residual_atlas_cv5x3_v1/rld/fold0/seed42/dynamic/low_rank_r8/best.pt,/home/ubuntu/klb/nuclr/nuclr/runs/rld_robustness_cv5_seed42_v2/corruptions/fold0/outlier_l0.20_p2,/home/ubuntu/klb/nuclr/nuclr/runs/rld_robustness_cv5_seed42_v2/formal_rejection_comparison_ours/cells/fold0/outlier_l0.20_p2/neurid_original/queries.csv.gz
3,0,0.2,2,log_margin_val_r90,19,270,377,0.5370370370370371,0.48518518518518516,0.3148148148148148,0.8567639257294429,0.7916666666666666,cpu,/home/ubuntu/klb/nuclr/nuclr/runs/mprt_v1_1_dynamic_residual_atlas_cv5x3_v1/rld/fold0/seed42/dynamic/low_rank_r8/best.pt,/home/ubuntu/klb/nuclr/nuclr/runs/rld_robustness_cv5_seed42_v2/corruptions/fold0/outlier_l0.20_p2,/home/ubuntu/klb/nuclr/nuclr/runs/rld_robustness_cv5_seed42_v2/formal_rejection_comparison_ours/cells/fold0/outlier_l0.20_p2/neurid_original/queries.csv.gz
3,0,0.2,2,log_margin_val_r95,19,270,377,0.5370370370370371,0.45925925925925926,0.3962962962962963,0.9151193633952255,0.7632743362831859,cpu,/home/ubuntu/klb/nuclr/nuclr/runs/mprt_v1_1_dynamic_residual_atlas_cv5x3_v1/rld/fold0/seed42/dynamic/low_rank_r8/best.pt,/home/ubuntu/klb/nuclr/nuclr/runs/rld_robustness_cv5_seed42_v2/corruptions/fold0/outlier_l0.20_p2,/home/ubuntu/klb/nuclr/nuclr/runs/rld_robustness_cv5_seed42_v2/formal_rejection_comparison_ours/cells/fold0/outlier_l0.20_p2/neurid_original/queries.csv.gz
3,0,0.3,0,current_argmax,19,270,565,0.4888888888888889,0.40370370370370373,0.43333333333333335,0.9345132743362832,0.8186046511627907,cpu,/home/ubuntu/klb/nuclr/nuclr/runs/mprt_v1_1_dynamic_residual_atlas_cv5x3_v1/rld/fold0/seed42/dynamic/low_rank_r8/best.pt,/home/ubuntu/klb/nuclr/nuclr/runs/rld_robustness_cv5_seed42_v2/corruptions/fold0/outlier_l0.30_p0,/home/ubuntu/klb/nuclr/nuclr/runs/rld_robustness_cv5_seed42_v2/formal_rejection_comparison_ours/cells/fold0/outlier_l0.30_p0/neurid_original/queries.csv.gz
3,0,0.3,0,binary_0_5,19,270,565,0.4888888888888889,0.4148148148148148,0.37777777777777777,0.8070796460176991,0.8172043010752689,cpu,/home/ubuntu/klb/nuclr/nuclr/runs/mprt_v1_1_dynamic_residual_atlas_cv5x3_v1/rld/fold0/seed42/dynamic/low_rank_r8/best.pt,/home/ubuntu/klb/nuclr/nuclr/runs/rld_robustness_cv5_seed42_v2/corruptions/fold0/outlier_l0.30_p0,/home/ubuntu/klb/nuclr/nuclr/runs/rld_robustness_cv5_seed42_v2/formal_rejection_comparison_ours/cells/fold0/outlier_l0.30_p0/neurid_original/queries.csv.gz
3,0,0.3,0,probability_val_r80,19,270,565,0.4888888888888889,0.4148148148148148,0.36666666666666664,0.7964601769911505,0.819672131147541,cpu,/home/ubuntu/klb/nuclr/nuclr/runs/mprt_v1_1_dynamic_residual_atlas_cv5x3_v1/rld/fold0/seed42/dynamic/low_rank_r8/best.pt,/home/ubuntu/klb/nuclr/nuclr/runs/rld_robustness_cv5_seed42_v2/corruptions/fold0/outlier_l0.30_p0,/home/ubuntu/klb/nuclr/nuclr/runs/rld_robustness_cv5_seed42_v2/formal_rejection_comparison_ours/cells/fold0/outlier_l0.30_p0/neurid_original/queries.csv.gz
3,0,0.3,0,probability_val_r90,19,270,565,0.4888888888888889,0.40370370370370373,0.42592592592592593,0.879646017699115,0.8120915032679739,cpu,/home/ubuntu/klb/nuclr/nuclr/runs/mprt_v1_1_dynamic_residual_atlas_cv5x3_v1/rld/fold0/seed42/dynamic/low_rank_r8/best.pt,/home/ubuntu/klb/nuclr/nuclr/runs/rld_robustness_cv5_seed42_v2/corruptions/fold0/outlier_l0.30_p0,/home/ubuntu/klb/nuclr/nuclr/runs/rld_robustness_cv5_seed42_v2/formal_rejection_comparison_ours/cells/fold0/outlier_l0.30_p0/neurid_original/queries.csv.gz
3,0,0.3,0,probability_val_r95,19,270,565,0.4888888888888889,0.3888888888888889,0.4703703703703704,0.9292035398230089,0.8052147239263804,cpu,/home/ubuntu/klb/nuclr/nuclr/runs/mprt_v1_1_dynamic_residual_atlas_cv5x3_v1/rld/fold0/seed42/dynamic/low_rank_r8/best.pt,/home/ubuntu/klb/nuclr/nuclr/runs/rld_robustness_cv5_seed42_v2/corruptions/fold0/outlier_l0.30_p0,/home/ubuntu/klb/nuclr/nuclr/runs/rld_robustness_cv5_seed42_v2/formal_rejection_comparison_ours/cells/fold0/outlier_l0.30_p0/neurid_original/queries.csv.gz
3,0,0.3,0,log_margin_val_r80,19,270,565,0.4888888888888889,0.44814814814814813,0.2777777777777778,0.7575221238938054,0.8508946322067594,cpu,/home/ubuntu/klb/nuclr/nuclr/runs/mprt_v1_1_dynamic_residual_atlas_cv5x3_v1/rld/fold0/seed42/dynamic/low_rank_r8/best.pt,/home/ubuntu/klb/nuclr/nuclr/runs/rld_robustness_cv5_seed42_v2/corruptions/fold0/outlier_l0.30_p0,/home/ubuntu/klb/nuclr/nuclr/runs/rld_robustness_cv5_seed42_v2/formal_rejection_comparison_ours/cells/fold0/outlier_l0.30_p0/neurid_original/queries.csv.gz
3,0,0.3,0,log_margin_val_r90,19,270,565,0.4888888888888889,0.4148148148148148,0.36666666666666664,0.8672566371681416,0.831918505942275,cpu,/home/ubuntu/klb/nuclr/nuclr/runs/mprt_v1_1_dynamic_residual_atlas_cv5x3_v1/rld/fold0/seed42/dynamic/low_rank_r8/best.pt,/home/ubuntu/klb/nuclr/nuclr/runs/rld_robustness_cv5_seed42_v2/corruptions/fold0/outlier_l0.30_p0,/home/ubuntu/klb/nuclr/nuclr/runs/rld_robustness_cv5_seed42_v2/formal_rejection_comparison_ours/cells/fold0/outlier_l0.30_p0/neurid_original/queries.csv.gz
3,0,0.3,0,log_margin_val_r95,19,270,565,0.4888888888888889,0.40370370370370373,0.42962962962962964,0.9327433628318584,0.8195956454121306,cpu,/home/ubuntu/klb/nuclr/nuclr/runs/mprt_v1_1_dynamic_residual_atlas_cv5x3_v1/rld/fold0/seed42/dynamic/low_rank_r8/best.pt,/home/ubuntu/klb/nuclr/nuclr/runs/rld_robustness_cv5_seed42_v2/corruptions/fold0/outlier_l0.30_p0,/home/ubuntu/klb/nuclr/nuclr/runs/rld_robustness_cv5_seed42_v2/formal_rejection_comparison_ours/cells/fold0/outlier_l0.30_p0/neurid_original/queries.csv.gz
3,0,0.3,1,current_argmax,19,270,565,0.5,0.4222222222222222,0.4148148148148148,0.9380530973451328,0.8255451713395638,cpu,/home/ubuntu/klb/nuclr/nuclr/runs/mprt_v1_1_dynamic_residual_atlas_cv5x3_v1/rld/fold0/seed42/dynamic/low_rank_r8/best.pt,/home/ubuntu/klb/nuclr/nuclr/runs/rld_robustness_cv5_seed42_v2/corruptions/fold0/outlier_l0.30_p1,/home/ubuntu/klb/nuclr/nuclr/runs/rld_robustness_cv5_seed42_v2/formal_rejection_comparison_ours/cells/fold0/outlier_l0.30_p1/neurid_original/queries.csv.gz
3,0,0.3,1,binary_0_5,19,270,565,0.5,0.4222222222222222,0.36666666666666664,0.8176991150442477,0.8235294117647058,cpu,/home/ubuntu/klb/nuclr/nuclr/runs/mprt_v1_1_dynamic_residual_atlas_cv5x3_v1/rld/fold0/seed42/dynamic/low_rank_r8/best.pt,/home/ubuntu/klb/nuclr/nuclr/runs/rld_robustness_cv5_seed42_v2/corruptions/fold0/outlier_l0.30_p1,/home/ubuntu/klb/nuclr/nuclr/runs/rld_robustness_cv5_seed42_v2/formal_rejection_comparison_ours/cells/fold0/outlier_l0.30_p1/neurid_original/queries.csv.gz
3,0,0.3,1,probability_val_r80,19,270,565,0.5,0.4222222222222222,0.36666666666666664,0.8017699115044248,0.8206521739130435,cpu,/home/ubuntu/klb/nuclr/nuclr/runs/mprt_v1_1_dynamic_residual_atlas_cv5x3_v1/rld/fold0/seed42/dynamic/low_rank_r8/best.pt,/home/ubuntu/klb/nuclr/nuclr/runs/rld_robustness_cv5_seed42_v2/corruptions/fold0/outlier_l0.30_p1,/home/ubuntu/klb/nuclr/nuclr/runs/rld_robustness_cv5_seed42_v2/formal_rejection_comparison_ours/cells/fold0/outlier_l0.30_p1/neurid_original/queries.csv.gz
3,0,0.3,1,probability_val_r90,19,270,565,0.5,0.4148148148148148,0.4185185185185185,0.8938053097345132,0.8171521035598706,cpu,/home/ubuntu/klb/nuclr/nuclr/runs/mprt_v1_1_dynamic_residual_atlas_cv5x3_v1/rld/fold0/seed42/dynamic/low_rank_r8/best.pt,/home/ubuntu/klb/nuclr/nuclr/runs/rld_robustness_cv5_seed42_v2/corruptions/fold0/outlier_l0.30_p1,/home/ubuntu/klb/nuclr/nuclr/runs/rld_robustness_cv5_seed42_v2/formal_rejection_comparison_ours/cells/fold0/outlier_l0.30_p1/neurid_original/queries.csv.gz
3,0,0.3,1,probability_val_r95,19,270,565,0.5,0.4,0.4666666666666667,0.9256637168141593,0.8058551617873652,cpu,/home/ubuntu/klb/nuclr/nuclr/runs/mprt_v1_1_dynamic_residual_atlas_cv5x3_v1/rld/fold0/seed42/dynamic/low_rank_r8/best.pt,/home/ubuntu/klb/nuclr/nuclr/runs/rld_robustness_cv5_seed42_v2/corruptions/fold0/outlier_l0.30_p1,/home/ubuntu/klb/nuclr/nuclr/runs/rld_robustness_cv5_seed42_v2/formal_rejection_comparison_ours/cells/fold0/outlier_l0.30_p1/neurid_original/queries.csv.gz
3,0,0.3,1,log_margin_val_r80,19,270,565,0.5,0.45925925925925926,0.27037037037037037,0.7805309734513274,0.857976653696498,cpu,/home/ubuntu/klb/nuclr/nuclr/runs/mprt_v1_1_dynamic_residual_atlas_cv5x3_v1/rld/fold0/seed42/dynamic/low_rank_r8/best.pt,/home/ubuntu/klb/nuclr/nuclr/runs/rld_robustness_cv5_seed42_v2/corruptions/fold0/outlier_l0.30_p1,/home/ubuntu/klb/nuclr/nuclr/runs/rld_robustness_cv5_seed42_v2/formal_rejection_comparison_ours/cells/fold0/outlier_l0.30_p1/neurid_original/queries.csv.gz
3,0,0.3,1,log_margin_val_r90,19,270,565,0.5,0.44074074074074077,0.34814814814814815,0.8778761061946903,0.8406779661016949,cpu,/home/ubuntu/klb/nuclr/nuclr/runs/mprt_v1_1_dynamic_residual_atlas_cv5x3_v1/rld/fold0/seed42/dynamic/low_rank_r8/best.pt,/home/ubuntu/klb/nuclr/nuclr/runs/rld_robustness_cv5_seed42_v2/corruptions/fold0/outlier_l0.30_p1,/home/ubuntu/klb/nuclr/nuclr/runs/rld_robustness_cv5_seed42_v2/formal_rejection_comparison_ours/cells/fold0/outlier_l0.30_p1/neurid_original/queries.csv.gz
3,0,0.3,1,log_margin_val_r95,19,270,565,0.5,0.4222222222222222,0.4111111111111111,0.9380530973451328,0.8268330733229329,cpu,/home/ubuntu/klb/nuclr/nuclr/runs/mprt_v1_1_dynamic_residual_atlas_cv5x3_v1/rld/fold0/seed42/dynamic/low_rank_r8/best.pt,/home/ubuntu/klb/nuclr/nuclr/runs/rld_robustness_cv5_seed42_v2/corruptions/fold0/outlier_l0.30_p1,/home/ubuntu/klb/nuclr/nuclr/runs/rld_robustness_cv5_seed42_v2/formal_rejection_comparison_ours/cells/fold0/outlier_l0.30_p1/neurid_original/queries.csv.gz
3,0,0.3,2,current_argmax,19,270,565,0.5148148148148148,0.42592592592592593,0.4111111111111111,0.9433628318584071,0.827639751552795,cpu,/home/ubuntu/klb/nuclr/nuclr/runs/mprt_v1_1_dynamic_residual_atlas_cv5x3_v1/rld/fold0/seed42/dynamic/low_rank_r8/best.pt,/home/ubuntu/klb/nuclr/nuclr/runs/rld_robustness_cv5_seed42_v2/corruptions/fold0/outlier_l0.30_p2,/home/ubuntu/klb/nuclr/nuclr/runs/rld_robustness_cv5_seed42_v2/formal_rejection_comparison_ours/cells/fold0/outlier_l0.30_p2/neurid_original/queries.csv.gz
3,0,0.3,2,binary_0_5,19,270,565,0.5148148148148148,0.43333333333333335,0.362962962962963,0.8088495575221238,0.8234234234234235,cpu,/home/ubuntu/klb/nuclr/nuclr/runs/mprt_v1_1_dynamic_residual_atlas_cv5x3_v1/rld/fold0/seed42/dynamic/low_rank_r8/best.pt,/home/ubuntu/klb/nuclr/nuclr/runs/rld_robustness_cv5_seed42_v2/corruptions/fold0/outlier_l0.30_p2,/home/ubuntu/klb/nuclr/nuclr/runs/rld_robustness_cv5_seed42_v2/formal_rejection_comparison_ours/cells/fold0/outlier_l0.30_p2/neurid_original/queries.csv.gz
3,0,0.3,2,probability_val_r80,19,270,565,0.5148148148148148,0.43333333333333335,0.3592592592592593,0.7982300884955752,0.822992700729927,cpu,/home/ubuntu/klb/nuclr/nuclr/runs/mprt_v1_1_dynamic_residual_atlas_cv5x3_v1/rld/fold0/seed42/dynamic/low_rank_r8/best.pt,/home/ubuntu/klb/nuclr/nuclr/runs/rld_robustness_cv5_seed42_v2/corruptions/fold0/outlier_l0.30_p2,/home/ubuntu/klb/nuclr/nuclr/runs/rld_robustness_cv5_seed42_v2/formal_rejection_comparison_ours/cells/fold0/outlier_l0.30_p2/neurid_original/queries.csv.gz
3,0,0.3,2,probability_val_r90,19,270,565,0.5148148148148148,0.42592592592592593,0.4074074074074074,0.8867256637168142,0.8199672667757774,cpu,/home/ubuntu/klb/nuclr/nuclr/runs/mprt_v1_1_dynamic_residual_atlas_cv5x3_v1/rld/fold0/seed42/dynamic/low_rank_r8/best.pt,/home/ubuntu/klb/nuclr/nuclr/runs/rld_robustness_cv5_seed42_v2/corruptions/fold0/outlier_l0.30_p2,/home/ubuntu/klb/nuclr/nuclr/runs/rld_robustness_cv5_seed42_v2/formal_rejection_comparison_ours/cells/fold0/outlier_l0.30_p2/neurid_original/queries.csv.gz
3,0,0.3,2,probability_val_r95,19,270,565,0.5148148148148148,0.4074074074074074,0.4666666666666667,0.9362831858407079,0.8076335877862595,cpu,/home/ubuntu/klb/nuclr/nuclr/runs/mprt_v1_1_dynamic_residual_atlas_cv5x3_v1/rld/fold0/seed42/dynamic/low_rank_r8/best.pt,/home/ubuntu/klb/nuclr/nuclr/runs/rld_robustness_cv5_seed42_v2/corruptions/fold0/outlier_l0.30_p2,/home/ubuntu/klb/nuclr/nuclr/runs/rld_robustness_cv5_seed42_v2/formal_rejection_comparison_ours/cells/fold0/outlier_l0.30_p2/neurid_original/queries.csv.gz
3,0,0.3,2,log_margin_val_r80,19,270,565,0.5148148148148148,0.4703703703703704,0.2777777777777778,0.784070796460177,0.8552123552123552,cpu,/home/ubuntu/klb/nuclr/nuclr/runs/mprt_v1_1_dynamic_residual_atlas_cv5x3_v1/rld/fold0/seed42/dynamic/low_rank_r8/best.pt,/home/ubuntu/klb/nuclr/nuclr/runs/rld_robustness_cv5_seed42_v2/corruptions/fold0/outlier_l0.30_p2,/home/ubuntu/klb/nuclr/nuclr/runs/rld_robustness_cv5_seed42_v2/formal_rejection_comparison_ours/cells/fold0/outlier_l0.30_p2/neurid_original/queries.csv.gz
3,0,0.3,2,log_margin_val_r90,19,270,565,0.5148148148148148,0.4444444444444444,0.34444444444444444,0.8902654867256637,0.8439597315436241,cpu,/home/ubuntu/klb/nuclr/nuclr/runs/mprt_v1_1_dynamic_residual_atlas_cv5x3_v1/rld/fold0/seed42/dynamic/low_rank_r8/best.pt,/home/ubuntu/klb/nuclr/nuclr/runs/rld_robustness_cv5_seed42_v2/corruptions/fold0/outlier_l0.30_p2,/home/ubuntu/klb/nuclr/nuclr/runs/rld_robustness_cv5_seed42_v2/formal_rejection_comparison_ours/cells/fold0/outlier_l0.30_p2/neurid_original/queries.csv.gz
3,0,0.3,2,log_margin_val_r95,19,270,565,0.5148148148148148,0.42592592592592593,0.4111111111111111,0.9415929203539823,0.8273716951788491,cpu,/home/ubuntu/klb/nuclr/nuclr/runs/mprt_v1_1_dynamic_residual_atlas_cv5x3_v1/rld/fold0/seed42/dynamic/low_rank_r8/best.pt,/home/ubuntu/klb/nuclr/nuclr/runs/rld_robustness_cv5_seed42_v2/corruptions/fold0/outlier_l0.30_p2,/home/ubuntu/klb/nuclr/nuclr/runs/rld_robustness_cv5_seed42_v2/formal_rejection_comparison_ours/cells/fold0/outlier_l0.30_p2/neurid_original/queries.csv.gz
3,0,0.4,0,current_argmax,19,270,754,0.5111111111111111,0.42962962962962964,0.44074074074074077,0.9535809018567639,0.8579952267303103,cpu,/home/ubuntu/klb/nuclr/nuclr/runs/mprt_v1_1_dynamic_residual_atlas_cv5x3_v1/rld/fold0/seed42/dynamic/low_rank_r8/best.pt,/home/ubuntu/klb/nuclr/nuclr/runs/rld_robustness_cv5_seed42_v2/corruptions/fold0/outlier_l0.40_p0,/home/ubuntu/klb/nuclr/nuclr/runs/rld_robustness_cv5_seed42_v2/formal_rejection_comparison_ours/cells/fold0/outlier_l0.40_p0/neurid_original/queries.csv.gz
3,0,0.4,0,binary_0_5,19,270,754,0.5111111111111111,0.44074074074074077,0.37037037037037035,0.8527851458885941,0.8654104979811574,cpu,/home/ubuntu/klb/nuclr/nuclr/runs/mprt_v1_1_dynamic_residual_atlas_cv5x3_v1/rld/fold0/seed42/dynamic/low_rank_r8/best.pt,/home/ubuntu/klb/nuclr/nuclr/runs/rld_robustness_cv5_seed42_v2/corruptions/fold0/outlier_l0.40_p0,/home/ubuntu/klb/nuclr/nuclr/runs/rld_robustness_cv5_seed42_v2/formal_rejection_comparison_ours/cells/fold0/outlier_l0.40_p0/neurid_original/queries.csv.gz
3,0,0.4,0,probability_val_r80,19,270,754,0.5111111111111111,0.44074074074074077,0.37037037037037035,0.8408488063660478,0.8637602179836512,cpu,/home/ubuntu/klb/nuclr/nuclr/runs/mprt_v1_1_dynamic_residual_atlas_cv5x3_v1/rld/fold0/seed42/dynamic/low_rank_r8/best.pt,/home/ubuntu/klb/nuclr/nuclr/runs/rld_robustness_cv5_seed42_v2/corruptions/fold0/outlier_l0.40_p0,/home/ubuntu/klb/nuclr/nuclr/runs/rld_robustness_cv5_seed42_v2/formal_rejection_comparison_ours/cells/fold0/outlier_l0.40_p0/neurid_original/queries.csv.gz
3,0,0.4,0,probability_val_r90,19,270,754,0.5111111111111111,0.42592592592592593,0.44074074074074077,0.9111405835543767,0.8523573200992556,cpu,/home/ubuntu/klb/nuclr/nuclr/runs/mprt_v1_1_dynamic_residual_atlas_cv5x3_v1/rld/fold0/seed42/dynamic/low_rank_r8/best.pt,/home/ubuntu/klb/nuclr/nuclr/runs/rld_robustness_cv5_seed42_v2/corruptions/fold0/outlier_l0.40_p0,/home/ubuntu/klb/nuclr/nuclr/runs/rld_robustness_cv5_seed42_v2/formal_rejection_comparison_ours/cells/fold0/outlier_l0.40_p0/neurid_original/queries.csv.gz
3,0,0.4,0,probability_val_r95,19,270,754,0.5111111111111111,0.3851851851851852,0.5111111111111111,0.9416445623342176,0.8372641509433962,cpu,/home/ubuntu/klb/nuclr/nuclr/runs/mprt_v1_1_dynamic_residual_atlas_cv5x3_v1/rld/fold0/seed42/dynamic/low_rank_r8/best.pt,/home/ubuntu/klb/nuclr/nuclr/runs/rld_robustness_cv5_seed42_v2/corruptions/fold0/outlier_l0.40_p0,/home/ubuntu/klb/nuclr/nuclr/runs/rld_robustness_cv5_seed42_v2/formal_rejection_comparison_ours/cells/fold0/outlier_l0.40_p0/neurid_original/queries.csv.gz
3,0,0.4,0,log_margin_val_r80,19,270,754,0.5111111111111111,0.4777777777777778,0.29259259259259257,0.8143236074270557,0.886002886002886,cpu,/home/ubuntu/klb/nuclr/nuclr/runs/mprt_v1_1_dynamic_residual_atlas_cv5x3_v1/rld/fold0/seed42/dynamic/low_rank_r8/best.pt,/home/ubuntu/klb/nuclr/nuclr/runs/rld_robustness_cv5_seed42_v2/corruptions/fold0/outlier_l0.40_p0,/home/ubuntu/klb/nuclr/nuclr/runs/rld_robustness_cv5_seed42_v2/formal_rejection_comparison_ours/cells/fold0/outlier_l0.40_p0/neurid_original/queries.csv.gz
3,0,0.4,0,log_margin_val_r90,19,270,754,0.5111111111111111,0.44814814814814813,0.37037037037037035,0.9018567639257294,0.8717948717948718,cpu,/home/ubuntu/klb/nuclr/nuclr/runs/mprt_v1_1_dynamic_residual_atlas_cv5x3_v1/rld/fold0/seed42/dynamic/low_rank_r8/best.pt,/home/ubuntu/klb/nuclr/nuclr/runs/rld_robustness_cv5_seed42_v2/corruptions/fold0/outlier_l0.40_p0,/home/ubuntu/klb/nuclr/nuclr/runs/rld_robustness_cv5_seed42_v2/formal_rejection_comparison_ours/cells/fold0/outlier_l0.40_p0/neurid_original/queries.csv.gz
3,0,0.4,0,log_margin_val_r95,19,270,754,0.5111111111111111,0.43333333333333335,0.43333333333333335,0.9535809018567639,0.8600478468899522,cpu,/home/ubuntu/klb/nuclr/nuclr/runs/mprt_v1_1_dynamic_residual_atlas_cv5x3_v1/rld/fold0/seed42/dynamic/low_rank_r8/best.pt,/home/ubuntu/klb/nuclr/nuclr/runs/rld_robustness_cv5_seed42_v2/corruptions/fold0/outlier_l0.40_p0,/home/ubuntu/klb/nuclr/nuclr/runs/rld_robustness_cv5_seed42_v2/formal_rejection_comparison_ours/cells/fold0/outlier_l0.40_p0/neurid_original/queries.csv.gz
3,0,0.4,1,current_argmax,19,270,754,0.4925925925925926,0.4,0.4666666666666667,0.9509283819628647,0.8505338078291815,cpu,/home/ubuntu/klb/nuclr/nuclr/runs/mprt_v1_1_dynamic_residual_atlas_cv5x3_v1/rld/fold0/seed42/dynamic/low_rank_r8/best.pt,/home/ubuntu/klb/nuclr/nuclr/runs/rld_robustness_cv5_seed42_v2/corruptions/fold0/outlier_l0.40_p1,/home/ubuntu/klb/nuclr/nuclr/runs/rld_robustness_cv5_seed42_v2/formal_rejection_comparison_ours/cells/fold0/outlier_l0.40_p1/neurid_original/queries.csv.gz
3,0,0.4,1,binary_0_5,19,270,754,0.4925925925925926,0.4222222222222222,0.37777777777777777,0.8355437665782494,0.860655737704918,cpu,/home/ubuntu/klb/nuclr/nuclr/runs/mprt_v1_1_dynamic_residual_atlas_cv5x3_v1/rld/fold0/seed42/dynamic/low_rank_r8/best.pt,/home/ubuntu/klb/nuclr/nuclr/runs/rld_robustness_cv5_seed42_v2/corruptions/fold0/outlier_l0.40_p1,/home/ubuntu/klb/nuclr/nuclr/runs/rld_robustness_cv5_seed42_v2/formal_rejection_comparison_ours/cells/fold0/outlier_l0.40_p1/neurid_original/queries.csv.gz
3,0,0.4,1,probability_val_r80,19,270,754,0.4925925925925926,0.42962962962962964,0.362962962962963,0.8183023872679045,0.862937062937063,cpu,/home/ubuntu/klb/nuclr/nuclr/runs/mprt_v1_1_dynamic_residual_atlas_cv5x3_v1/rld/fold0/seed42/dynamic/low_rank_r8/best.pt,/home/ubuntu/klb/nuclr/nuclr/runs/rld_robustness_cv5_seed42_v2/corruptions/fold0/outlier_l0.40_p1,/home/ubuntu/klb/nuclr/nuclr/runs/rld_robustness_cv5_seed42_v2/formal_rejection_comparison_ours/cells/fold0/outlier_l0.40_p1/neurid_original/queries.csv.gz
3,0,0.4,1,probability_val_r90,19,270,754,0.4925925925925926,0.3925925925925926,0.44814814814814813,0.8952254641909815,0.8479899497487438,cpu,/home/ubuntu/klb/nuclr/nuclr/runs/mprt_v1_1_dynamic_residual_atlas_cv5x3_v1/rld/fold0/seed42/dynamic/low_rank_r8/best.pt,/home/ubuntu/klb/nuclr/nuclr/runs/rld_robustness_cv5_seed42_v2/corruptions/fold0/outlier_l0.40_p1,/home/ubuntu/klb/nuclr/nuclr/runs/rld_robustness_cv5_seed42_v2/formal_rejection_comparison_ours/cells/fold0/outlier_l0.40_p1/neurid_original/queries.csv.gz
3,0,0.4,1,probability_val_r95,19,270,754,0.4925925925925926,0.37407407407407406,0.5074074074074074,0.9456233421750663,0.8388235294117647,cpu,/home/ubuntu/klb/nuclr/nuclr/runs/mprt_v1_1_dynamic_residual_atlas_cv5x3_v1/rld/fold0/seed42/dynamic/low_rank_r8/best.pt,/home/ubuntu/klb/nuclr/nuclr/runs/rld_robustness_cv5_seed42_v2/corruptions/fold0/outlier_l0.40_p1,/home/ubuntu/klb/nuclr/nuclr/runs/rld_robustness_cv5_seed42_v2/formal_rejection_comparison_ours/cells/fold0/outlier_l0.40_p1/neurid_original/queries.csv.gz
3,0,0.4,1,log_margin_val_r80,19,270,754,0.4925925925925926,0.4444444444444444,0.3037037037037037,0.8076923076923077,0.8813314037626628,cpu,/home/ubuntu/klb/nuclr/nuclr/runs/mprt_v1_1_dynamic_residual_atlas_cv5x3_v1/rld/fold0/seed42/dynamic/low_rank_r8/best.pt,/home/ubuntu/klb/nuclr/nuclr/runs/rld_robustness_cv5_seed42_v2/corruptions/fold0/outlier_l0.40_p1,/home/ubuntu/klb/nuclr/nuclr/runs/rld_robustness_cv5_seed42_v2/formal_rejection_comparison_ours/cells/fold0/outlier_l0.40_p1/neurid_original/queries.csv.gz
3,0,0.4,1,log_margin_val_r90,19,270,754,0.4925925925925926,0.42592592592592593,0.37037037037037035,0.9098143236074271,0.8727735368956743,cpu,/home/ubuntu/klb/nuclr/nuclr/runs/mprt_v1_1_dynamic_residual_atlas_cv5x3_v1/rld/fold0/seed42/dynamic/low_rank_r8/best.pt,/home/ubuntu/klb/nuclr/nuclr/runs/rld_robustness_cv5_seed42_v2/corruptions/fold0/outlier_l0.40_p1,/home/ubuntu/klb/nuclr/nuclr/runs/rld_robustness_cv5_seed42_v2/formal_rejection_comparison_ours/cells/fold0/outlier_l0.40_p1/neurid_original/queries.csv.gz
3,0,0.4,1,log_margin_val_r95,19,270,754,0.4925925925925926,0.4,0.45185185185185184,0.9496021220159151,0.8544152744630071,cpu,/home/ubuntu/klb/nuclr/nuclr/runs/mprt_v1_1_dynamic_residual_atlas_cv5x3_v1/rld/fold0/seed42/dynamic/low_rank_r8/best.pt,/home/ubuntu/klb/nuclr/nuclr/runs/rld_robustness_cv5_seed42_v2/corruptions/fold0/outlier_l0.40_p1,/home/ubuntu/klb/nuclr/nuclr/runs/rld_robustness_cv5_seed42_v2/formal_rejection_comparison_ours/cells/fold0/outlier_l0.40_p1/neurid_original/queries.csv.gz
3,0,0.4,2,current_argmax,19,270,754,0.5,0.4185185185185185,0.43703703703703706,0.9429708222811671,0.8576598311218335,cpu,/home/ubuntu/klb/nuclr/nuclr/runs/mprt_v1_1_dynamic_residual_atlas_cv5x3_v1/rld/fold0/seed42/dynamic/low_rank_r8/best.pt,/home/ubuntu/klb/nuclr/nuclr/runs/rld_robustness_cv5_seed42_v2/corruptions/fold0/outlier_l0.40_p2,/home/ubuntu/klb/nuclr/nuclr/runs/rld_robustness_cv5_seed42_v2/formal_rejection_comparison_ours/cells/fold0/outlier_l0.40_p2/neurid_original/queries.csv.gz
3,0,0.4,2,binary_0_5,19,270,754,0.5,0.4222222222222222,0.3851851851851852,0.8448275862068966,0.8596491228070176,cpu,/home/ubuntu/klb/nuclr/nuclr/runs/mprt_v1_1_dynamic_residual_atlas_cv5x3_v1/rld/fold0/seed42/dynamic/low_rank_r8/best.pt,/home/ubuntu/klb/nuclr/nuclr/runs/rld_robustness_cv5_seed42_v2/corruptions/fold0/outlier_l0.40_p2,/home/ubuntu/klb/nuclr/nuclr/runs/rld_robustness_cv5_seed42_v2/formal_rejection_comparison_ours/cells/fold0/outlier_l0.40_p2/neurid_original/queries.csv.gz
3,0,0.4,2,probability_val_r80,19,270,754,0.5,0.4222222222222222,0.37777777777777777,0.8262599469496021,0.8593103448275862,cpu,/home/ubuntu/klb/nuclr/nuclr/runs/mprt_v1_1_dynamic_residual_atlas_cv5x3_v1/rld/fold0/seed42/dynamic/low_rank_r8/best.pt,/home/ubuntu/klb/nuclr/nuclr/runs/rld_robustness_cv5_seed42_v2/corruptions/fold0/outlier_l0.40_p2,/home/ubuntu/klb/nuclr/nuclr/runs/rld_robustness_cv5_seed42_v2/formal_rejection_comparison_ours/cells/fold0/outlier_l0.40_p2/neurid_original/queries.csv.gz
3,0,0.4,2,probability_val_r90,19,270,754,0.5,0.4148148148148148,0.4222222222222222,0.9045092838196287,0.8567839195979899,cpu,/home/ubuntu/klb/nuclr/nuclr/runs/mprt_v1_1_dynamic_residual_atlas_cv5x3_v1/rld/fold0/seed42/dynamic/low_rank_r8/best.pt,/home/ubuntu/klb/nuclr/nuclr/runs/rld_robustness_cv5_seed42_v2/corruptions/fold0/outlier_l0.40_p2,/home/ubuntu/klb/nuclr/nuclr/runs/rld_robustness_cv5_seed42_v2/formal_rejection_comparison_ours/cells/fold0/outlier_l0.40_p2/neurid_original/queries.csv.gz
3,0,0.4,2,probability_val_r95,19,270,754,0.5,0.3851851851851852,0.5,0.9350132625994695,0.8392857142857143,cpu,/home/ubuntu/klb/nuclr/nuclr/runs/mprt_v1_1_dynamic_residual_atlas_cv5x3_v1/rld/fold0/seed42/dynamic/low_rank_r8/best.pt,/home/ubuntu/klb/nuclr/nuclr/runs/rld_robustness_cv5_seed42_v2/corruptions/fold0/outlier_l0.40_p2,/home/ubuntu/klb/nuclr/nuclr/runs/rld_robustness_cv5_seed42_v2/formal_rejection_comparison_ours/cells/fold0/outlier_l0.40_p2/neurid_original/queries.csv.gz
3,0,0.4,2,log_margin_val_r80,19,270,754,0.5,0.45185185185185184,0.3111111111111111,0.8169761273209549,0.88,cpu,/home/ubuntu/klb/nuclr/nuclr/runs/mprt_v1_1_dynamic_residual_atlas_cv5x3_v1/rld/fold0/seed42/dynamic/low_rank_r8/best.pt,/home/ubuntu/klb/nuclr/nuclr/runs/rld_robustness_cv5_seed42_v2/corruptions/fold0/outlier_l0.40_p2,/home/ubuntu/klb/nuclr/nuclr/runs/rld_robustness_cv5_seed42_v2/formal_rejection_comparison_ours/cells/fold0/outlier_l0.40_p2/neurid_original/queries.csv.gz
3,0,0.4,2,log_margin_val_r90,19,270,754,0.5,0.42962962962962964,0.3888888888888889,0.8925729442970822,0.8650385604113111,cpu,/home/ubuntu/klb/nuclr/nuclr/runs/mprt_v1_1_dynamic_residual_atlas_cv5x3_v1/rld/fold0/seed42/dynamic/low_rank_r8/best.pt,/home/ubuntu/klb/nuclr/nuclr/runs/rld_robustness_cv5_seed42_v2/corruptions/fold0/outlier_l0.40_p2,/home/ubuntu/klb/nuclr/nuclr/runs/rld_robustness_cv5_seed42_v2/formal_rejection_comparison_ours/cells/fold0/outlier_l0.40_p2/neurid_original/queries.csv.gz
3,0,0.4,2,log_margin_val_r95,19,270,754,0.5,0.4185185185185185,0.43703703703703706,0.9403183023872679,0.8573155985489722,cpu,/home/ubuntu/klb/nuclr/nuclr/runs/mprt_v1_1_dynamic_residual_atlas_cv5x3_v1/rld/fold0/seed42/dynamic/low_rank_r8/best.pt,/home/ubuntu/klb/nuclr/nuclr/runs/rld_robustness_cv5_seed42_v2/corruptions/fold0/outlier_l0.40_p2,/home/ubuntu/klb/nuclr/nuclr/runs/rld_robustness_cv5_seed42_v2/formal_rejection_comparison_ours/cells/fold0/outlier_l0.40_p2/neurid_original/queries.csv.gz
3,0,0.5,0,current_argmax,19,270,942,0.45925925925925926,0.37037037037037035,0.4777777777777778,0.945859872611465,0.8735294117647059,cpu,/home/ubuntu/klb/nuclr/nuclr/runs/mprt_v1_1_dynamic_residual_atlas_cv5x3_v1/rld/fold0/seed42/dynamic/low_rank_r8/best.pt,/home/ubuntu/klb/nuclr/nuclr/runs/rld_robustness_cv5_seed42_v2/corruptions/fold0/outlier_l0.50_p0,/home/ubuntu/klb/nuclr/nuclr/runs/rld_robustness_cv5_seed42_v2/formal_rejection_comparison_ours/cells/fold0/outlier_l0.50_p0/neurid_original/queries.csv.gz
3,0,0.5,0,binary_0_5,19,270,942,0.45925925925925926,0.3814814814814815,0.4074074074074074,0.8577494692144374,0.8801742919389978,cpu,/home/ubuntu/klb/nuclr/nuclr/runs/mprt_v1_1_dynamic_residual_atlas_cv5x3_v1/rld/fold0/seed42/dynamic/low_rank_r8/best.pt,/home/ubuntu/klb/nuclr/nuclr/runs/rld_robustness_cv5_seed42_v2/corruptions/fold0/outlier_l0.50_p0,/home/ubuntu/klb/nuclr/nuclr/runs/rld_robustness_cv5_seed42_v2/formal_rejection_comparison_ours/cells/fold0/outlier_l0.50_p0/neurid_original/queries.csv.gz
3,0,0.5,0,probability_val_r80,19,270,942,0.45925925925925926,0.3851851851851852,0.4,0.8471337579617835,0.8807947019867549,cpu,/home/ubuntu/klb/nuclr/nuclr/runs/mprt_v1_1_dynamic_residual_atlas_cv5x3_v1/rld/fold0/seed42/dynamic/low_rank_r8/best.pt,/home/ubuntu/klb/nuclr/nuclr/runs/rld_robustness_cv5_seed42_v2/corruptions/fold0/outlier_l0.50_p0,/home/ubuntu/klb/nuclr/nuclr/runs/rld_robustness_cv5_seed42_v2/formal_rejection_comparison_ours/cells/fold0/outlier_l0.50_p0/neurid_original/queries.csv.gz
3,0,0.5,0,probability_val_r90,19,270,942,0.45925925925925926,0.36666666666666664,0.45925925925925926,0.9182590233545648,0.8746208291203236,cpu,/home/ubuntu/klb/nuclr/nuclr/runs/mprt_v1_1_dynamic_residual_atlas_cv5x3_v1/rld/fold0/seed42/dynamic/low_rank_r8/best.pt,/home/ubuntu/klb/nuclr/nuclr/runs/rld_robustness_cv5_seed42_v2/corruptions/fold0/outlier_l0.50_p0,/home/ubuntu/klb/nuclr/nuclr/runs/rld_robustness_cv5_seed42_v2/formal_rejection_comparison_ours/cells/fold0/outlier_l0.50_p0/neurid_original/queries.csv.gz
3,0,0.5,0,probability_val_r95,19,270,942,0.45925925925925926,0.3296296296296296,0.5444444444444444,0.9575371549893843,0.8598665395614872,cpu,/home/ubuntu/klb/nuclr/nuclr/runs/mprt_v1_1_dynamic_residual_atlas_cv5x3_v1/rld/fold0/seed42/dynamic/low_rank_r8/best.pt,/home/ubuntu/klb/nuclr/nuclr/runs/rld_robustness_cv5_seed42_v2/corruptions/fold0/outlier_l0.50_p0,/home/ubuntu/klb/nuclr/nuclr/runs/rld_robustness_cv5_seed42_v2/formal_rejection_comparison_ours/cells/fold0/outlier_l0.50_p0/neurid_original/queries.csv.gz
3,0,0.5,0,log_margin_val_r80,19,270,942,0.45925925925925926,0.40370370370370373,0.3333333333333333,0.8386411889596603,0.8977272727272727,cpu,/home/ubuntu/klb/nuclr/nuclr/runs/mprt_v1_1_dynamic_residual_atlas_cv5x3_v1/rld/fold0/seed42/dynamic/low_rank_r8/best.pt,/home/ubuntu/klb/nuclr/nuclr/runs/rld_robustness_cv5_seed42_v2/corruptions/fold0/outlier_l0.50_p0,/home/ubuntu/klb/nuclr/nuclr/runs/rld_robustness_cv5_seed42_v2/formal_rejection_comparison_ours/cells/fold0/outlier_l0.50_p0/neurid_original/queries.csv.gz
3,0,0.5,0,log_margin_val_r90,19,270,942,0.45925925925925926,0.3888888888888889,0.3888888888888889,0.8991507430997877,0.8897058823529411,cpu,/home/ubuntu/klb/nuclr/nuclr/runs/mprt_v1_1_dynamic_residual_atlas_cv5x3_v1/rld/fold0/seed42/dynamic/low_rank_r8/best.pt,/home/ubuntu/klb/nuclr/nuclr/runs/rld_robustness_cv5_seed42_v2/corruptions/fold0/outlier_l0.50_p0,/home/ubuntu/klb/nuclr/nuclr/runs/rld_robustness_cv5_seed42_v2/formal_rejection_comparison_ours/cells/fold0/outlier_l0.50_p0/neurid_original/queries.csv.gz
3,0,0.5,0,log_margin_val_r95,19,270,942,0.45925925925925926,0.37037037037037035,0.4703703703703704,0.9447983014861996,0.8751229105211407,cpu,/home/ubuntu/klb/nuclr/nuclr/runs/mprt_v1_1_dynamic_residual_atlas_cv5x3_v1/rld/fold0/seed42/dynamic/low_rank_r8/best.pt,/home/ubuntu/klb/nuclr/nuclr/runs/rld_robustness_cv5_seed42_v2/corruptions/fold0/outlier_l0.50_p0,/home/ubuntu/klb/nuclr/nuclr/runs/rld_robustness_cv5_seed42_v2/formal_rejection_comparison_ours/cells/fold0/outlier_l0.50_p0/neurid_original/queries.csv.gz
3,0,0.5,1,current_argmax,19,270,942,0.4925925925925926,0.3925925925925926,0.48518518518518516,0.9479830148619958,0.8720703125,cpu,/home/ubuntu/klb/nuclr/nuclr/runs/mprt_v1_1_dynamic_residual_atlas_cv5x3_v1/rld/fold0/seed42/dynamic/low_rank_r8/best.pt,/home/ubuntu/klb/nuclr/nuclr/runs/rld_robustness_cv5_seed42_v2/corruptions/fold0/outlier_l0.50_p1,/home/ubuntu/klb/nuclr/nuclr/runs/rld_robustness_cv5_seed42_v2/formal_rejection_comparison_ours/cells/fold0/outlier_l0.50_p1/neurid_original/queries.csv.gz
3,0,0.5,1,binary_0_5,19,270,942,0.4925925925925926,0.4111111111111111,0.40370370370370373,0.8694267515923567,0.8825431034482759,cpu,/home/ubuntu/klb/nuclr/nuclr/runs/mprt_v1_1_dynamic_residual_atlas_cv5x3_v1/rld/fold0/seed42/dynamic/low_rank_r8/best.pt,/home/ubuntu/klb/nuclr/nuclr/runs/rld_robustness_cv5_seed42_v2/corruptions/fold0/outlier_l0.50_p1,/home/ubuntu/klb/nuclr/nuclr/runs/rld_robustness_cv5_seed42_v2/formal_rejection_comparison_ours/cells/fold0/outlier_l0.50_p1/neurid_original/queries.csv.gz
3,0,0.5,1,probability_val_r80,19,270,942,0.4925925925925926,0.4111111111111111,0.3962962962962963,0.8588110403397028,0.8831877729257642,cpu,/home/ubuntu/klb/nuclr/nuclr/runs/mprt_v1_1_dynamic_residual_atlas_cv5x3_v1/rld/fold0/seed42/dynamic/low_rank_r8/best.pt,/home/ubuntu/klb/nuclr/nuclr/runs/rld_robustness_cv5_seed42_v2/corruptions/fold0/outlier_l0.50_p1,/home/ubuntu/klb/nuclr/nuclr/runs/rld_robustness_cv5_seed42_v2/formal_rejection_comparison_ours/cells/fold0/outlier_l0.50_p1/neurid_original/queries.csv.gz
3,0,0.5,1,probability_val_r90,19,270,942,0.4925925925925926,0.4,0.45925925925925926,0.910828025477707,0.8737270875763747,cpu,/home/ubuntu/klb/nuclr/nuclr/runs/mprt_v1_1_dynamic_residual_atlas_cv5x3_v1/rld/fold0/seed42/dynamic/low_rank_r8/best.pt,/home/ubuntu/klb/nuclr/nuclr/runs/rld_robustness_cv5_seed42_v2/corruptions/fold0/outlier_l0.50_p1,/home/ubuntu/klb/nuclr/nuclr/runs/rld_robustness_cv5_seed42_v2/formal_rejection_comparison_ours/cells/fold0/outlier_l0.50_p1/neurid_original/queries.csv.gz
3,0,0.5,1,probability_val_r95,19,270,942,0.4925925925925926,0.36666666666666664,0.5333333333333333,0.9447983014861996,0.8607350096711799,cpu,/home/ubuntu/klb/nuclr/nuclr/runs/mprt_v1_1_dynamic_residual_atlas_cv5x3_v1/rld/fold0/seed42/dynamic/low_rank_r8/best.pt,/home/ubuntu/klb/nuclr/nuclr/runs/rld_robustness_cv5_seed42_v2/corruptions/fold0/outlier_l0.50_p1,/home/ubuntu/klb/nuclr/nuclr/runs/rld_robustness_cv5_seed42_v2/formal_rejection_comparison_ours/cells/fold0/outlier_l0.50_p1/neurid_original/queries.csv.gz
3,0,0.5,1,log_margin_val_r80,19,270,942,0.4925925925925926,0.4444444444444444,0.3111111111111111,0.8195329087048833,0.9018691588785047,cpu,/home/ubuntu/klb/nuclr/nuclr/runs/mprt_v1_1_dynamic_residual_atlas_cv5x3_v1/rld/fold0/seed42/dynamic/low_rank_r8/best.pt,/home/ubuntu/klb/nuclr/nuclr/runs/rld_robustness_cv5_seed42_v2/corruptions/fold0/outlier_l0.50_p1,/home/ubuntu/klb/nuclr/nuclr/runs/rld_robustness_cv5_seed42_v2/formal_rejection_comparison_ours/cells/fold0/outlier_l0.50_p1/neurid_original/queries.csv.gz
3,0,0.5,1,log_margin_val_r90,19,270,942,0.4925925925925926,0.4222222222222222,0.3888888888888889,0.9097664543524416,0.8908523908523909,cpu,/home/ubuntu/klb/nuclr/nuclr/runs/mprt_v1_1_dynamic_residual_atlas_cv5x3_v1/rld/fold0/seed42/dynamic/low_rank_r8/best.pt,/home/ubuntu/klb/nuclr/nuclr/runs/rld_robustness_cv5_seed42_v2/corruptions/fold0/outlier_l0.50_p1,/home/ubuntu/klb/nuclr/nuclr/runs/rld_robustness_cv5_seed42_v2/formal_rejection_comparison_ours/cells/fold0/outlier_l0.50_p1/neurid_original/queries.csv.gz
3,0,0.5,1,log_margin_val_r95,19,270,942,0.4925925925925926,0.3925925925925926,0.4777777777777778,0.9447983014861996,0.873405299313052,cpu,/home/ubuntu/klb/nuclr/nuclr/runs/mprt_v1_1_dynamic_residual_atlas_cv5x3_v1/rld/fold0/seed42/dynamic/low_rank_r8/best.pt,/home/ubuntu/klb/nuclr/nuclr/runs/rld_robustness_cv5_seed42_v2/corruptions/fold0/outlier_l0.50_p1,/home/ubuntu/klb/nuclr/nuclr/runs/rld_robustness_cv5_seed42_v2/formal_rejection_comparison_ours/cells/fold0/outlier_l0.50_p1/neurid_original/queries.csv.gz
3,0,0.5,2,current_argmax,19,270,942,0.46296296296296297,0.37037037037037035,0.4888888888888889,0.9416135881104034,0.8704612365063789,cpu,/home/ubuntu/klb/nuclr/nuclr/runs/mprt_v1_1_dynamic_residual_atlas_cv5x3_v1/rld/fold0/seed42/dynamic/low_rank_r8/best.pt,/home/ubuntu/klb/nuclr/nuclr/runs/rld_robustness_cv5_seed42_v2/corruptions/fold0/outlier_l0.50_p2,/home/ubuntu/klb/nuclr/nuclr/runs/rld_robustness_cv5_seed42_v2/formal_rejection_comparison_ours/cells/fold0/outlier_l0.50_p2/neurid_original/queries.csv.gz
3,0,0.5,2,binary_0_5,19,270,942,0.46296296296296297,0.3814814814814815,0.43703703703703706,0.8407643312101911,0.8703296703296703,cpu,/home/ubuntu/klb/nuclr/nuclr/runs/mprt_v1_1_dynamic_residual_atlas_cv5x3_v1/rld/fold0/seed42/dynamic/low_rank_r8/best.pt,/home/ubuntu/klb/nuclr/nuclr/runs/rld_robustness_cv5_seed42_v2/corruptions/fold0/outlier_l0.50_p2,/home/ubuntu/klb/nuclr/nuclr/runs/rld_robustness_cv5_seed42_v2/formal_rejection_comparison_ours/cells/fold0/outlier_l0.50_p2/neurid_original/queries.csv.gz
3,0,0.5,2,probability_val_r80,19,270,942,0.46296296296296297,0.3851851851851852,0.42592592592592593,0.8248407643312102,0.8710762331838565,cpu,/home/ubuntu/klb/nuclr/nuclr/runs/mprt_v1_1_dynamic_residual_atlas_cv5x3_v1/rld/fold0/seed42/dynamic/low_rank_r8/best.pt,/home/ubuntu/klb/nuclr/nuclr/runs/rld_robustness_cv5_seed42_v2/corruptions/fold0/outlier_l0.50_p2,/home/ubuntu/klb/nuclr/nuclr/runs/rld_robustness_cv5_seed42_v2/formal_rejection_comparison_ours/cells/fold0/outlier_l0.50_p2/neurid_original/queries.csv.gz
3,0,0.5,2,probability_val_r90,19,270,942,0.46296296296296297,0.36666666666666664,0.4703703703703704,0.8980891719745223,0.869475847893114,cpu,/home/ubuntu/klb/nuclr/nuclr/runs/mprt_v1_1_dynamic_residual_atlas_cv5x3_v1/rld/fold0/seed42/dynamic/low_rank_r8/best.pt,/home/ubuntu/klb/nuclr/nuclr/runs/rld_robustness_cv5_seed42_v2/corruptions/fold0/outlier_l0.50_p2,/home/ubuntu/klb/nuclr/nuclr/runs/rld_robustness_cv5_seed42_v2/formal_rejection_comparison_ours/cells/fold0/outlier_l0.50_p2/neurid_original/queries.csv.gz
3,0,0.5,2,probability_val_r95,19,270,942,0.46296296296296297,0.337037037037037,0.5481481481481482,0.9447983014861996,0.8574181117533719,cpu,/home/ubuntu/klb/nuclr/nuclr/runs/mprt_v1_1_dynamic_residual_atlas_cv5x3_v1/rld/fold0/seed42/dynamic/low_rank_r8/best.pt,/home/ubuntu/klb/nuclr/nuclr/runs/rld_robustness_cv5_seed42_v2/corruptions/fold0/outlier_l0.50_p2,/home/ubuntu/klb/nuclr/nuclr/runs/rld_robustness_cv5_seed42_v2/formal_rejection_comparison_ours/cells/fold0/outlier_l0.50_p2/neurid_original/queries.csv.gz
3,0,0.5,2,log_margin_val_r80,19,270,942,0.46296296296296297,0.4222222222222222,0.32592592592592595,0.8067940552016986,0.8962264150943396,cpu,/home/ubuntu/klb/nuclr/nuclr/runs/mprt_v1_1_dynamic_residual_atlas_cv5x3_v1/rld/fold0/seed42/dynamic/low_rank_r8/best.pt,/home/ubuntu/klb/nuclr/nuclr/runs/rld_robustness_cv5_seed42_v2/corruptions/fold0/outlier_l0.50_p2,/home/ubuntu/klb/nuclr/nuclr/runs/rld_robustness_cv5_seed42_v2/formal_rejection_comparison_ours/cells/fold0/outlier_l0.50_p2/neurid_original/queries.csv.gz
3,0,0.5,2,log_margin_val_r90,19,270,942,0.46296296296296297,0.3962962962962963,0.4,0.8927813163481954,0.8861959957850368,cpu,/home/ubuntu/klb/nuclr/nuclr/runs/mprt_v1_1_dynamic_residual_atlas_cv5x3_v1/rld/fold0/seed42/dynamic/low_rank_r8/best.pt,/home/ubuntu/klb/nuclr/nuclr/runs/rld_robustness_cv5_seed42_v2/corruptions/fold0/outlier_l0.50_p2,/home/ubuntu/klb/nuclr/nuclr/runs/rld_robustness_cv5_seed42_v2/formal_rejection_comparison_ours/cells/fold0/outlier_l0.50_p2/neurid_original/queries.csv.gz
3,0,0.5,2,log_margin_val_r95,19,270,942,0.46296296296296297,0.37037037037037035,0.4888888888888889,0.9394904458598726,0.8702064896755162,cpu,/home/ubuntu/klb/nuclr/nuclr/runs/mprt_v1_1_dynamic_residual_atlas_cv5x3_v1/rld/fold0/seed42/dynamic/low_rank_r8/best.pt,/home/ubuntu/klb/nuclr/nuclr/runs/rld_robustness_cv5_seed42_v2/corruptions/fold0/outlier_l0.50_p2,/home/ubuntu/klb/nuclr/nuclr/runs/rld_robustness_cv5_seed42_v2/formal_rejection_comparison_ours/cells/fold0/outlier_l0.50_p2/neurid_original/queries.csv.gz
3,1,0.0,0,current_argmax,19,298,0,0.697986577181208,0.6375838926174496,0.21476510067114093,,,cpu,/home/ubuntu/klb/nuclr/nuclr/runs/mprt_v1_1_dynamic_residual_atlas_cv5x3_v1/rld/fold1/seed42/dynamic/low_rank_r8/best.pt,/home/ubuntu/klb/nuclr/nuclr/runs/rld_robustness_cv5_seed42_v2/corruptions/fold1/outlier_l0.00_p0,/home/ubuntu/klb/nuclr/nuclr/runs/rld_robustness_cv5_seed42_v2/formal_rejection_comparison_ours/cells/fold1/outlier_l0.00_p0/neurid_original/queries.csv.gz
3,1,0.0,0,binary_0_5,19,298,0,0.697986577181208,0.6644295302013423,0.1040268456375839,,,cpu,/home/ubuntu/klb/nuclr/nuclr/runs/mprt_v1_1_dynamic_residual_atlas_cv5x3_v1/rld/fold1/seed42/dynamic/low_rank_r8/best.pt,/home/ubuntu/klb/nuclr/nuclr/runs/rld_robustness_cv5_seed42_v2/corruptions/fold1/outlier_l0.00_p0,/home/ubuntu/klb/nuclr/nuclr/runs/rld_robustness_cv5_seed42_v2/formal_rejection_comparison_ours/cells/fold1/outlier_l0.00_p0/neurid_original/queries.csv.gz
3,1,0.0,0,probability_val_r80,19,298,0,0.697986577181208,0.6342281879194631,0.19463087248322147,,,cpu,/home/ubuntu/klb/nuclr/nuclr/runs/mprt_v1_1_dynamic_residual_atlas_cv5x3_v1/rld/fold1/seed42/dynamic/low_rank_r8/best.pt,/home/ubuntu/klb/nuclr/nuclr/runs/rld_robustness_cv5_seed42_v2/corruptions/fold1/outlier_l0.00_p0,/home/ubuntu/klb/nuclr/nuclr/runs/rld_robustness_cv5_seed42_v2/formal_rejection_comparison_ours/cells/fold1/outlier_l0.00_p0/neurid_original/queries.csv.gz
3,1,0.0,0,probability_val_r90,19,298,0,0.697986577181208,0.6040268456375839,0.26174496644295303,,,cpu,/home/ubuntu/klb/nuclr/nuclr/runs/mprt_v1_1_dynamic_residual_atlas_cv5x3_v1/rld/fold1/seed42/dynamic/low_rank_r8/best.pt,/home/ubuntu/klb/nuclr/nuclr/runs/rld_robustness_cv5_seed42_v2/corruptions/fold1/outlier_l0.00_p0,/home/ubuntu/klb/nuclr/nuclr/runs/rld_robustness_cv5_seed42_v2/formal_rejection_comparison_ours/cells/fold1/outlier_l0.00_p0/neurid_original/queries.csv.gz
3,1,0.0,0,probability_val_r95,19,298,0,0.697986577181208,0.5604026845637584,0.3187919463087248,,,cpu,/home/ubuntu/klb/nuclr/nuclr/runs/mprt_v1_1_dynamic_residual_atlas_cv5x3_v1/rld/fold1/seed42/dynamic/low_rank_r8/best.pt,/home/ubuntu/klb/nuclr/nuclr/runs/rld_robustness_cv5_seed42_v2/corruptions/fold1/outlier_l0.00_p0,/home/ubuntu/klb/nuclr/nuclr/runs/rld_robustness_cv5_seed42_v2/formal_rejection_comparison_ours/cells/fold1/outlier_l0.00_p0/neurid_original/queries.csv.gz
3,1,0.0,0,log_margin_val_r80,19,298,0,0.697986577181208,0.6610738255033557,0.14093959731543623,,,cpu,/home/ubuntu/klb/nuclr/nuclr/runs/mprt_v1_1_dynamic_residual_atlas_cv5x3_v1/rld/fold1/seed42/dynamic/low_rank_r8/best.pt,/home/ubuntu/klb/nuclr/nuclr/runs/rld_robustness_cv5_seed42_v2/corruptions/fold1/outlier_l0.00_p0,/home/ubuntu/klb/nuclr/nuclr/runs/rld_robustness_cv5_seed42_v2/formal_rejection_comparison_ours/cells/fold1/outlier_l0.00_p0/neurid_original/queries.csv.gz
3,1,0.0,0,log_margin_val_r90,19,298,0,0.697986577181208,0.6409395973154363,0.2080536912751678,,,cpu,/home/ubuntu/klb/nuclr/nuclr/runs/mprt_v1_1_dynamic_residual_atlas_cv5x3_v1/rld/fold1/seed42/dynamic/low_rank_r8/best.pt,/home/ubuntu/klb/nuclr/nuclr/runs/rld_robustness_cv5_seed42_v2/corruptions/fold1/outlier_l0.00_p0,/home/ubuntu/klb/nuclr/nuclr/runs/rld_robustness_cv5_seed42_v2/formal_rejection_comparison_ours/cells/fold1/outlier_l0.00_p0/neurid_original/queries.csv.gz
3,1,0.0,0,log_margin_val_r95,19,298,0,0.697986577181208,0.6073825503355704,0.28859060402684567,,,cpu,/home/ubuntu/klb/nuclr/nuclr/runs/mprt_v1_1_dynamic_residual_atlas_cv5x3_v1/rld/fold1/seed42/dynamic/low_rank_r8/best.pt,/home/ubuntu/klb/nuclr/nuclr/runs/rld_robustness_cv5_seed42_v2/corruptions/fold1/outlier_l0.00_p0,/home/ubuntu/klb/nuclr/nuclr/runs/rld_robustness_cv5_seed42_v2/formal_rejection_comparison_ours/cells/fold1/outlier_l0.00_p0/neurid_original/queries.csv.gz
3,1,0.1,0,current_argmax,19,298,189,0.6711409395973155,0.5939597315436241,0.22483221476510068,0.9206349206349206,0.7219917012448133,cpu,/home/ubuntu/klb/nuclr/nuclr/runs/mprt_v1_1_dynamic_residual_atlas_cv5x3_v1/rld/fold1/seed42/dynamic/low_rank_r8/best.pt,/home/ubuntu/klb/nuclr/nuclr/runs/rld_robustness_cv5_seed42_v2/corruptions/fold1/outlier_l0.10_p0,/home/ubuntu/klb/nuclr/nuclr/runs/rld_robustness_cv5_seed42_v2/formal_rejection_comparison_ours/cells/fold1/outlier_l0.10_p0/neurid_original/queries.csv.gz
3,1,0.1,0,binary_0_5,19,298,189,0.6711409395973155,0.6308724832214765,0.12080536912751678,0.656084656084656,0.775,cpu,/home/ubuntu/klb/nuclr/nuclr/runs/mprt_v1_1_dynamic_residual_atlas_cv5x3_v1/rld/fold1/seed42/dynamic/low_rank_r8/best.pt,/home/ubuntu/klb/nuclr/nuclr/runs/rld_robustness_cv5_seed42_v2/corruptions/fold1/outlier_l0.10_p0,/home/ubuntu/klb/nuclr/nuclr/runs/rld_robustness_cv5_seed42_v2/formal_rejection_comparison_ours/cells/fold1/outlier_l0.10_p0/neurid_original/queries.csv.gz
3,1,0.1,0,probability_val_r80,19,298,189,0.6711409395973155,0.5973154362416108,0.19463087248322147,0.8465608465608465,0.7339449541284404,cpu,/home/ubuntu/klb/nuclr/nuclr/runs/mprt_v1_1_dynamic_residual_atlas_cv5x3_v1/rld/fold1/seed42/dynamic/low_rank_r8/best.pt,/home/ubuntu/klb/nuclr/nuclr/runs/rld_robustness_cv5_seed42_v2/corruptions/fold1/outlier_l0.10_p0,/home/ubuntu/klb/nuclr/nuclr/runs/rld_robustness_cv5_seed42_v2/formal_rejection_comparison_ours/cells/fold1/outlier_l0.10_p0/neurid_original/queries.csv.gz
3,1,0.1,0,probability_val_r90,19,298,189,0.6711409395973155,0.5637583892617449,0.28187919463087246,0.9312169312169312,0.676923076923077,cpu,/home/ubuntu/klb/nuclr/nuclr/runs/mprt_v1_1_dynamic_residual_atlas_cv5x3_v1/rld/fold1/seed42/dynamic/low_rank_r8/best.pt,/home/ubuntu/klb/nuclr/nuclr/runs/rld_robustness_cv5_seed42_v2/corruptions/fold1/outlier_l0.10_p0,/home/ubuntu/klb/nuclr/nuclr/runs/rld_robustness_cv5_seed42_v2/formal_rejection_comparison_ours/cells/fold1/outlier_l0.10_p0/neurid_original/queries.csv.gz
3,1,0.1,0,probability_val_r95,19,298,189,0.6711409395973155,0.5067114093959731,0.36577181208053694,0.9576719576719577,0.6241379310344828,cpu,/home/ubuntu/klb/nuclr/nuclr/runs/mprt_v1_1_dynamic_residual_atlas_cv5x3_v1/rld/fold1/seed42/dynamic/low_rank_r8/best.pt,/home/ubuntu/klb/nuclr/nuclr/runs/rld_robustness_cv5_seed42_v2/corruptions/fold1/outlier_l0.10_p0,/home/ubuntu/klb/nuclr/nuclr/runs/rld_robustness_cv5_seed42_v2/formal_rejection_comparison_ours/cells/fold1/outlier_l0.10_p0/neurid_original/queries.csv.gz
3,1,0.1,0,log_margin_val_r80,19,298,189,0.6711409395973155,0.6476510067114094,0.12751677852348994,0.8518518518518519,0.8090452261306532,cpu,/home/ubuntu/klb/nuclr/nuclr/runs/mprt_v1_1_dynamic_residual_atlas_cv5x3_v1/rld/fold1/seed42/dynamic/low_rank_r8/best.pt,/home/ubuntu/klb/nuclr/nuclr/runs/rld_robustness_cv5_seed42_v2/corruptions/fold1/outlier_l0.10_p0,/home/ubuntu/klb/nuclr/nuclr/runs/rld_robustness_cv5_seed42_v2/formal_rejection_comparison_ours/cells/fold1/outlier_l0.10_p0/neurid_original/queries.csv.gz
3,1,0.1,0,log_margin_val_r90,19,298,189,0.6711409395973155,0.6073825503355704,0.2080536912751678,0.9153439153439153,0.7361702127659574,cpu,/home/ubuntu/klb/nuclr/nuclr/runs/mprt_v1_1_dynamic_residual_atlas_cv5x3_v1/rld/fold1/seed42/dynamic/low_rank_r8/best.pt,/home/ubuntu/klb/nuclr/nuclr/runs/rld_robustness_cv5_seed42_v2/corruptions/fold1/outlier_l0.10_p0,/home/ubuntu/klb/nuclr/nuclr/runs/rld_robustness_cv5_seed42_v2/formal_rejection_comparison_ours/cells/fold1/outlier_l0.10_p0/neurid_original/queries.csv.gz
3,1,0.1,0,log_margin_val_r95,19,298,189,0.6711409395973155,0.5738255033557047,0.28859060402684567,0.9417989417989417,0.6742424242424242,cpu,/home/ubuntu/klb/nuclr/nuclr/runs/mprt_v1_1_dynamic_residual_atlas_cv5x3_v1/rld/fold1/seed42/dynamic/low_rank_r8/best.pt,/home/ubuntu/klb/nuclr/nuclr/runs/rld_robustness_cv5_seed42_v2/corruptions/fold1/outlier_l0.10_p0,/home/ubuntu/klb/nuclr/nuclr/runs/rld_robustness_cv5_seed42_v2/formal_rejection_comparison_ours/cells/fold1/outlier_l0.10_p0/neurid_original/queries.csv.gz
3,1,0.1,1,current_argmax,19,298,189,0.6912751677852349,0.6140939597315436,0.22483221476510068,0.9153439153439153,0.7208333333333333,cpu,/home/ubuntu/klb/nuclr/nuclr/runs/mprt_v1_1_dynamic_residual_atlas_cv5x3_v1/rld/fold1/seed42/dynamic/low_rank_r8/best.pt,/home/ubuntu/klb/nuclr/nuclr/runs/rld_robustness_cv5_seed42_v2/corruptions/fold1/outlier_l0.10_p1,/home/ubuntu/klb/nuclr/nuclr/runs/rld_robustness_cv5_seed42_v2/formal_rejection_comparison_ours/cells/fold1/outlier_l0.10_p1/neurid_original/queries.csv.gz
3,1,0.1,1,binary_0_5,19,298,189,0.6912751677852349,0.6442953020134228,0.12416107382550336,0.6084656084656085,0.756578947368421,cpu,/home/ubuntu/klb/nuclr/nuclr/runs/mprt_v1_1_dynamic_residual_atlas_cv5x3_v1/rld/fold1/seed42/dynamic/low_rank_r8/best.pt,/home/ubuntu/klb/nuclr/nuclr/runs/rld_robustness_cv5_seed42_v2/corruptions/fold1/outlier_l0.10_p1,/home/ubuntu/klb/nuclr/nuclr/runs/rld_robustness_cv5_seed42_v2/formal_rejection_comparison_ours/cells/fold1/outlier_l0.10_p1/neurid_original/queries.csv.gz
3,1,0.1,1,probability_val_r80,19,298,189,0.6912751677852349,0.6140939597315436,0.20469798657718122,0.7936507936507936,0.7109004739336493,cpu,/home/ubuntu/klb/nuclr/nuclr/runs/mprt_v1_1_dynamic_residual_atlas_cv5x3_v1/rld/fold1/seed42/dynamic/low_rank_r8/best.pt,/home/ubuntu/klb/nuclr/nuclr/runs/rld_robustness_cv5_seed42_v2/corruptions/fold1/outlier_l0.10_p1,/home/ubuntu/klb/nuclr/nuclr/runs/rld_robustness_cv5_seed42_v2/formal_rejection_comparison_ours/cells/fold1/outlier_l0.10_p1/neurid_original/queries.csv.gz
3,1,0.1,1,probability_val_r90,19,298,189,0.6912751677852349,0.5838926174496645,0.2751677852348993,0.91005291005291,0.6771653543307087,cpu,/home/ubuntu/klb/nuclr/nuclr/runs/mprt_v1_1_dynamic_residual_atlas_cv5x3_v1/rld/fold1/seed42/dynamic/low_rank_r8/best.pt,/home/ubuntu/klb/nuclr/nuclr/runs/rld_robustness_cv5_seed42_v2/corruptions/fold1/outlier_l0.10_p1,/home/ubuntu/klb/nuclr/nuclr/runs/rld_robustness_cv5_seed42_v2/formal_rejection_comparison_ours/cells/fold1/outlier_l0.10_p1/neurid_original/queries.csv.gz
3,1,0.1,1,probability_val_r95,19,298,189,0.6912751677852349,0.5234899328859061,0.35570469798657717,0.9735449735449735,0.6344827586206897,cpu,/home/ubuntu/klb/nuclr/nuclr/runs/mprt_v1_1_dynamic_residual_atlas_cv5x3_v1/rld/fold1/seed42/dynamic/low_rank_r8/best.pt,/home/ubuntu/klb/nuclr/nuclr/runs/rld_robustness_cv5_seed42_v2/corruptions/fold1/outlier_l0.10_p1,/home/ubuntu/klb/nuclr/nuclr/runs/rld_robustness_cv5_seed42_v2/formal_rejection_comparison_ours/cells/fold1/outlier_l0.10_p1/neurid_original/queries.csv.gz
3,1,0.1,1,log_margin_val_r80,19,298,189,0.6912751677852349,0.6644295302013423,0.12751677852348994,0.8042328042328042,0.8,cpu,/home/ubuntu/klb/nuclr/nuclr/runs/mprt_v1_1_dynamic_residual_atlas_cv5x3_v1/rld/fold1/seed42/dynamic/low_rank_r8/best.pt,/home/ubuntu/klb/nuclr/nuclr/runs/rld_robustness_cv5_seed42_v2/corruptions/fold1/outlier_l0.10_p1,/home/ubuntu/klb/nuclr/nuclr/runs/rld_robustness_cv5_seed42_v2/formal_rejection_comparison_ours/cells/fold1/outlier_l0.10_p1/neurid_original/queries.csv.gz
3,1,0.1,1,log_margin_val_r90,19,298,189,0.6912751677852349,0.6241610738255033,0.20469798657718122,0.8941798941798942,0.7347826086956522,cpu,/home/ubuntu/klb/nuclr/nuclr/runs/mprt_v1_1_dynamic_residual_atlas_cv5x3_v1/rld/fold1/seed42/dynamic/low_rank_r8/best.pt,/home/ubuntu/klb/nuclr/nuclr/runs/rld_robustness_cv5_seed42_v2/corruptions/fold1/outlier_l0.10_p1,/home/ubuntu/klb/nuclr/nuclr/runs/rld_robustness_cv5_seed42_v2/formal_rejection_comparison_ours/cells/fold1/outlier_l0.10_p1/neurid_original/queries.csv.gz
3,1,0.1,1,log_margin_val_r95,19,298,189,0.6912751677852349,0.5838926174496645,0.29194630872483224,0.9682539682539683,0.6777777777777778,cpu,/home/ubuntu/klb/nuclr/nuclr/runs/mprt_v1_1_dynamic_residual_atlas_cv5x3_v1/rld/fold1/seed42/dynamic/low_rank_r8/best.pt,/home/ubuntu/klb/nuclr/nuclr/runs/rld_robustness_cv5_seed42_v2/corruptions/fold1/outlier_l0.10_p1,/home/ubuntu/klb/nuclr/nuclr/runs/rld_robustness_cv5_seed42_v2/formal_rejection_comparison_ours/cells/fold1/outlier_l0.10_p1/neurid_original/queries.csv.gz
3,1,0.1,2,current_argmax,19,298,189,0.6610738255033557,0.6040268456375839,0.22483221476510068,0.9047619047619048,0.7184873949579832,cpu,/home/ubuntu/klb/nuclr/nuclr/runs/mprt_v1_1_dynamic_residual_atlas_cv5x3_v1/rld/fold1/seed42/dynamic/low_rank_r8/best.pt,/home/ubuntu/klb/nuclr/nuclr/runs/rld_robustness_cv5_seed42_v2/corruptions/fold1/outlier_l0.10_p2,/home/ubuntu/klb/nuclr/nuclr/runs/rld_robustness_cv5_seed42_v2/formal_rejection_comparison_ours/cells/fold1/outlier_l0.10_p2/neurid_original/queries.csv.gz
3,1,0.1,2,binary_0_5,19,298,189,0.6610738255033557,0.6241610738255033,0.12751677852348994,0.5978835978835979,0.7483443708609272,cpu,/home/ubuntu/klb/nuclr/nuclr/runs/mprt_v1_1_dynamic_residual_atlas_cv5x3_v1/rld/fold1/seed42/dynamic/low_rank_r8/best.pt,/home/ubuntu/klb/nuclr/nuclr/runs/rld_robustness_cv5_seed42_v2/corruptions/fold1/outlier_l0.10_p2,/home/ubuntu/klb/nuclr/nuclr/runs/rld_robustness_cv5_seed42_v2/formal_rejection_comparison_ours/cells/fold1/outlier_l0.10_p2/neurid_original/queries.csv.gz
3,1,0.1,2,probability_val_r80,19,298,189,0.6610738255033557,0.5838926174496645,0.21140939597315436,0.8201058201058201,0.7110091743119266,cpu,/home/ubuntu/klb/nuclr/nuclr/runs/mprt_v1_1_dynamic_residual_atlas_cv5x3_v1/rld/fold1/seed42/dynamic/low_rank_r8/best.pt,/home/ubuntu/klb/nuclr/nuclr/runs/rld_robustness_cv5_seed42_v2/corruptions/fold1/outlier_l0.10_p2,/home/ubuntu/klb/nuclr/nuclr/runs/rld_robustness_cv5_seed42_v2/formal_rejection_comparison_ours/cells/fold1/outlier_l0.10_p2/neurid_original/queries.csv.gz
3,1,0.1,2,probability_val_r90,19,298,189,0.6610738255033557,0.5469798657718121,0.2953020134228188,0.8783068783068783,0.6535433070866141,cpu,/home/ubuntu/klb/nuclr/nuclr/runs/mprt_v1_1_dynamic_residual_atlas_cv5x3_v1/rld/fold1/seed42/dynamic/low_rank_r8/best.pt,/home/ubuntu/klb/nuclr/nuclr/runs/rld_robustness_cv5_seed42_v2/corruptions/fold1/outlier_l0.10_p2,/home/ubuntu/klb/nuclr/nuclr/runs/rld_robustness_cv5_seed42_v2/formal_rejection_comparison_ours/cells/fold1/outlier_l0.10_p2/neurid_original/queries.csv.gz
3,1,0.1,2,probability_val_r95,19,298,189,0.6610738255033557,0.5033557046979866,0.37583892617449666,0.9576719576719577,0.6177474402730375,cpu,/home/ubuntu/klb/nuclr/nuclr/runs/mprt_v1_1_dynamic_residual_atlas_cv5x3_v1/rld/fold1/seed42/dynamic/low_rank_r8/best.pt,/home/ubuntu/klb/nuclr/nuclr/runs/rld_robustness_cv5_seed42_v2/corruptions/fold1/outlier_l0.10_p2,/home/ubuntu/klb/nuclr/nuclr/runs/rld_robustness_cv5_seed42_v2/formal_rejection_comparison_ours/cells/fold1/outlier_l0.10_p2/neurid_original/queries.csv.gz
3,1,0.1,2,log_margin_val_r80,19,298,189,0.6610738255033557,0.6342281879194631,0.14429530201342283,0.783068783068783,0.774869109947644,cpu,/home/ubuntu/klb/nuclr/nuclr/runs/mprt_v1_1_dynamic_residual_atlas_cv5x3_v1/rld/fold1/seed42/dynamic/low_rank_r8/best.pt,/home/ubuntu/klb/nuclr/nuclr/runs/rld_robustness_cv5_seed42_v2/corruptions/fold1/outlier_l0.10_p2,/home/ubuntu/klb/nuclr/nuclr/runs/rld_robustness_cv5_seed42_v2/formal_rejection_comparison_ours/cells/fold1/outlier_l0.10_p2/neurid_original/queries.csv.gz
3,1,0.1,2,log_margin_val_r90,19,298,189,0.6610738255033557,0.6040268456375839,0.2181208053691275,0.8941798941798942,0.7222222222222222,cpu,/home/ubuntu/klb/nuclr/nuclr/runs/mprt_v1_1_dynamic_residual_atlas_cv5x3_v1/rld/fold1/seed42/dynamic/low_rank_r8/best.pt,/home/ubuntu/klb/nuclr/nuclr/runs/rld_robustness_cv5_seed42_v2/corruptions/fold1/outlier_l0.10_p2,/home/ubuntu/klb/nuclr/nuclr/runs/rld_robustness_cv5_seed42_v2/formal_rejection_comparison_ours/cells/fold1/outlier_l0.10_p2/neurid_original/queries.csv.gz
3,1,0.1,2,log_margin_val_r95,19,298,189,0.6610738255033557,0.5570469798657718,0.31208053691275167,0.9576719576719577,0.6605839416058394,cpu,/home/ubuntu/klb/nuclr/nuclr/runs/mprt_v1_1_dynamic_residual_atlas_cv5x3_v1/rld/fold1/seed42/dynamic/low_rank_r8/best.pt,/home/ubuntu/klb/nuclr/nuclr/runs/rld_robustness_cv5_seed42_v2/corruptions/fold1/outlier_l0.10_p2,/home/ubuntu/klb/nuclr/nuclr/runs/rld_robustness_cv5_seed42_v2/formal_rejection_comparison_ours/cells/fold1/outlier_l0.10_p2/neurid_original/queries.csv.gz
3,1,0.2,0,current_argmax,19,298,381,0.6577181208053692,0.5805369127516778,0.2348993288590604,0.9396325459317585,0.8364485981308412,cpu,/home/ubuntu/klb/nuclr/nuclr/runs/mprt_v1_1_dynamic_residual_atlas_cv5x3_v1/rld/fold1/seed42/dynamic/low_rank_r8/best.pt,/home/ubuntu/klb/nuclr/nuclr/runs/rld_robustness_cv5_seed42_v2/corruptions/fold1/outlier_l0.20_p0,/home/ubuntu/klb/nuclr/nuclr/runs/rld_robustness_cv5_seed42_v2/formal_rejection_comparison_ours/cells/fold1/outlier_l0.20_p0/neurid_original/queries.csv.gz
3,1,0.2,0,binary_0_5,19,298,381,0.6577181208053692,0.6040268456375839,0.13758389261744966,0.6719160104986877,0.8619528619528619,cpu,/home/ubuntu/klb/nuclr/nuclr/runs/mprt_v1_1_dynamic_residual_atlas_cv5x3_v1/rld/fold1/seed42/dynamic/low_rank_r8/best.pt,/home/ubuntu/klb/nuclr/nuclr/runs/rld_robustness_cv5_seed42_v2/corruptions/fold1/outlier_l0.20_p0,/home/ubuntu/klb/nuclr/nuclr/runs/rld_robustness_cv5_seed42_v2/formal_rejection_comparison_ours/cells/fold1/outlier_l0.20_p0/neurid_original/queries.csv.gz
3,1,0.2,0,probability_val_r80,19,298,381,0.6577181208053692,0.5570469798657718,0.23154362416107382,0.8713910761154856,0.827930174563591,cpu,/home/ubuntu/klb/nuclr/nuclr/runs/mprt_v1_1_dynamic_residual_atlas_cv5x3_v1/rld/fold1/seed42/dynamic/low_rank_r8/best.pt,/home/ubuntu/klb/nuclr/nuclr/runs/rld_robustness_cv5_seed42_v2/corruptions/fold1/outlier_l0.20_p0,/home/ubuntu/klb/nuclr/nuclr/runs/rld_robustness_cv5_seed42_v2/formal_rejection_comparison_ours/cells/fold1/outlier_l0.20_p0/neurid_original/queries.csv.gz
3,1,0.2,0,probability_val_r90,19,298,381,0.6577181208053692,0.540268456375839,0.28859060402684567,0.9133858267716536,0.8018433179723502,cpu,/home/ubuntu/klb/nuclr/nuclr/runs/mprt_v1_1_dynamic_residual_atlas_cv5x3_v1/rld/fold1/seed42/dynamic/low_rank_r8/best.pt,/home/ubuntu/klb/nuclr/nuclr/runs/rld_robustness_cv5_seed42_v2/corruptions/fold1/outlier_l0.20_p0,/home/ubuntu/klb/nuclr/nuclr/runs/rld_robustness_cv5_seed42_v2/formal_rejection_comparison_ours/cells/fold1/outlier_l0.20_p0/neurid_original/queries.csv.gz
3,1,0.2,0,probability_val_r95,19,298,381,0.6577181208053692,0.49328859060402686,0.3959731543624161,0.9606299212598425,0.756198347107438,cpu,/home/ubuntu/klb/nuclr/nuclr/runs/mprt_v1_1_dynamic_residual_atlas_cv5x3_v1/rld/fold1/seed42/dynamic/low_rank_r8/best.pt,/home/ubuntu/klb/nuclr/nuclr/runs/rld_robustness_cv5_seed42_v2/corruptions/fold1/outlier_l0.20_p0,/home/ubuntu/klb/nuclr/nuclr/runs/rld_robustness_cv5_seed42_v2/formal_rejection_comparison_ours/cells/fold1/outlier_l0.20_p0/neurid_original/queries.csv.gz
3,1,0.2,0,log_margin_val_r80,19,298,381,0.6577181208053692,0.610738255033557,0.14093959731543623,0.8556430446194225,0.8858695652173914,cpu,/home/ubuntu/klb/nuclr/nuclr/runs/mprt_v1_1_dynamic_residual_atlas_cv5x3_v1/rld/fold1/seed42/dynamic/low_rank_r8/best.pt,/home/ubuntu/klb/nuclr/nuclr/runs/rld_robustness_cv5_seed42_v2/corruptions/fold1/outlier_l0.20_p0,/home/ubuntu/klb/nuclr/nuclr/runs/rld_robustness_cv5_seed42_v2/formal_rejection_comparison_ours/cells/fold1/outlier_l0.20_p0/neurid_original/queries.csv.gz
3,1,0.2,0,log_margin_val_r90,19,298,381,0.6577181208053692,0.587248322147651,0.22483221476510068,0.9238845144356955,0.8400954653937948,cpu,/home/ubuntu/klb/nuclr/nuclr/runs/mprt_v1_1_dynamic_residual_atlas_cv5x3_v1/rld/fold1/seed42/dynamic/low_rank_r8/best.pt,/home/ubuntu/klb/nuclr/nuclr/runs/rld_robustness_cv5_seed42_v2/corruptions/fold1/outlier_l0.20_p0,/home/ubuntu/klb/nuclr/nuclr/runs/rld_robustness_cv5_seed42_v2/formal_rejection_comparison_ours/cells/fold1/outlier_l0.20_p0/neurid_original/queries.csv.gz
3,1,0.2,0,log_margin_val_r95,19,298,381,0.6577181208053692,0.5469798657718121,0.3221476510067114,0.9553805774278216,0.7913043478260869,cpu,/home/ubuntu/klb/nuclr/nuclr/runs/mprt_v1_1_dynamic_residual_atlas_cv5x3_v1/rld/fold1/seed42/dynamic/low_rank_r8/best.pt,/home/ubuntu/klb/nuclr/nuclr/runs/rld_robustness_cv5_seed42_v2/corruptions/fold1/outlier_l0.20_p0,/home/ubuntu/klb/nuclr/nuclr/runs/rld_robustness_cv5_seed42_v2/formal_rejection_comparison_ours/cells/fold1/outlier_l0.20_p0/neurid_original/queries.csv.gz
3,1,0.2,1,current_argmax,19,298,381,0.6711409395973155,0.5838926174496645,0.2348993288590604,0.9291338582677166,0.8349056603773585,cpu,/home/ubuntu/klb/nuclr/nuclr/runs/mprt_v1_1_dynamic_residual_atlas_cv5x3_v1/rld/fold1/seed42/dynamic/low_rank_r8/best.pt,/home/ubuntu/klb/nuclr/nuclr/runs/rld_robustness_cv5_seed42_v2/corruptions/fold1/outlier_l0.20_p1,/home/ubuntu/klb/nuclr/nuclr/runs/rld_robustness_cv5_seed42_v2/formal_rejection_comparison_ours/cells/fold1/outlier_l0.20_p1/neurid_original/queries.csv.gz
3,1,0.2,1,binary_0_5,19,298,381,0.6711409395973155,0.6208053691275168,0.14093959731543623,0.6692913385826772,0.8585858585858586,cpu,/home/ubuntu/klb/nuclr/nuclr/runs/mprt_v1_1_dynamic_residual_atlas_cv5x3_v1/rld/fold1/seed42/dynamic/low_rank_r8/best.pt,/home/ubuntu/klb/nuclr/nuclr/runs/rld_robustness_cv5_seed42_v2/corruptions/fold1/outlier_l0.20_p1,/home/ubuntu/klb/nuclr/nuclr/runs/rld_robustness_cv5_seed42_v2/formal_rejection_comparison_ours/cells/fold1/outlier_l0.20_p1/neurid_original/queries.csv.gz
3,1,0.2,1,probability_val_r80,19,298,381,0.6711409395973155,0.5771812080536913,0.22818791946308725,0.8267716535433071,0.8224543080939948,cpu,/home/ubuntu/klb/nuclr/nuclr/runs/mprt_v1_1_dynamic_residual_atlas_cv5x3_v1/rld/fold1/seed42/dynamic/low_rank_r8/best.pt,/home/ubuntu/klb/nuclr/nuclr/runs/rld_robustness_cv5_seed42_v2/corruptions/fold1/outlier_l0.20_p1,/home/ubuntu/klb/nuclr/nuclr/runs/rld_robustness_cv5_seed42_v2/formal_rejection_comparison_ours/cells/fold1/outlier_l0.20_p1/neurid_original/queries.csv.gz
3,1,0.2,1,probability_val_r90,19,298,381,0.6711409395973155,0.5536912751677853,0.2953020134228188,0.910761154855643,0.7977011494252874,cpu,/home/ubuntu/klb/nuclr/nuclr/runs/mprt_v1_1_dynamic_residual_atlas_cv5x3_v1/rld/fold1/seed42/dynamic/low_rank_r8/best.pt,/home/ubuntu/klb/nuclr/nuclr/runs/rld_robustness_cv5_seed42_v2/corruptions/fold1/outlier_l0.20_p1,/home/ubuntu/klb/nuclr/nuclr/runs/rld_robustness_cv5_seed42_v2/formal_rejection_comparison_ours/cells/fold1/outlier_l0.20_p1/neurid_original/queries.csv.gz
3,1,0.2,1,probability_val_r95,19,298,381,0.6711409395973155,0.49328859060402686,0.39932885906040266,0.963254593175853,0.7551440329218106,cpu,/home/ubuntu/klb/nuclr/nuclr/runs/mprt_v1_1_dynamic_residual_atlas_cv5x3_v1/rld/fold1/seed42/dynamic/low_rank_r8/best.pt,/home/ubuntu/klb/nuclr/nuclr/runs/rld_robustness_cv5_seed42_v2/corruptions/fold1/outlier_l0.20_p1,/home/ubuntu/klb/nuclr/nuclr/runs/rld_robustness_cv5_seed42_v2/formal_rejection_comparison_ours/cells/fold1/outlier_l0.20_p1/neurid_original/queries.csv.gz
3,1,0.2,1,log_margin_val_r80,19,298,381,0.6711409395973155,0.6409395973154363,0.14093959731543623,0.8372703412073491,0.8836565096952909,cpu,/home/ubuntu/klb/nuclr/nuclr/runs/mprt_v1_1_dynamic_residual_atlas_cv5x3_v1/rld/fold1/seed42/dynamic/low_rank_r8/best.pt,/home/ubuntu/klb/nuclr/nuclr/runs/rld_robustness_cv5_seed42_v2/corruptions/fold1/outlier_l0.20_p1,/home/ubuntu/klb/nuclr/nuclr/runs/rld_robustness_cv5_seed42_v2/formal_rejection_comparison_ours/cells/fold1/outlier_l0.20_p1/neurid_original/queries.csv.gz
3,1,0.2,1,log_margin_val_r90,19,298,381,0.6711409395973155,0.587248322147651,0.2214765100671141,0.9186351706036745,0.8413461538461539,cpu,/home/ubuntu/klb/nuclr/nuclr/runs/mprt_v1_1_dynamic_residual_atlas_cv5x3_v1/rld/fold1/seed42/dynamic/low_rank_r8/best.pt,/home/ubuntu/klb/nuclr/nuclr/runs/rld_robustness_cv5_seed42_v2/corruptions/fold1/outlier_l0.20_p1,/home/ubuntu/klb/nuclr/nuclr/runs/rld_robustness_cv5_seed42_v2/formal_rejection_comparison_ours/cells/fold1/outlier_l0.20_p1/neurid_original/queries.csv.gz
3,1,0.2,1,log_margin_val_r95,19,298,381,0.6711409395973155,0.5570469798657718,0.31208053691275167,0.963254593175853,0.7978260869565217,cpu,/home/ubuntu/klb/nuclr/nuclr/runs/mprt_v1_1_dynamic_residual_atlas_cv5x3_v1/rld/fold1/seed42/dynamic/low_rank_r8/best.pt,/home/ubuntu/klb/nuclr/nuclr/runs/rld_robustness_cv5_seed42_v2/corruptions/fold1/outlier_l0.20_p1,/home/ubuntu/klb/nuclr/nuclr/runs/rld_robustness_cv5_seed42_v2/formal_rejection_comparison_ours/cells/fold1/outlier_l0.20_p1/neurid_original/queries.csv.gz
3,1,0.2,2,current_argmax,19,298,381,0.6610738255033557,0.587248322147651,0.24161073825503357,0.9212598425196851,0.8297872340425532,cpu,/home/ubuntu/klb/nuclr/nuclr/runs/mprt_v1_1_dynamic_residual_atlas_cv5x3_v1/rld/fold1/seed42/dynamic/low_rank_r8/best.pt,/home/ubuntu/klb/nuclr/nuclr/runs/rld_robustness_cv5_seed42_v2/corruptions/fold1/outlier_l0.20_p2,/home/ubuntu/klb/nuclr/nuclr/runs/rld_robustness_cv5_seed42_v2/formal_rejection_comparison_ours/cells/fold1/outlier_l0.20_p2/neurid_original/queries.csv.gz
3,1,0.2,2,binary_0_5,19,298,381,0.6610738255033557,0.6174496644295302,0.1342281879194631,0.6561679790026247,0.8620689655172413,cpu,/home/ubuntu/klb/nuclr/nuclr/runs/mprt_v1_1_dynamic_residual_atlas_cv5x3_v1/rld/fold1/seed42/dynamic/low_rank_r8/best.pt,/home/ubuntu/klb/nuclr/nuclr/runs/rld_robustness_cv5_seed42_v2/corruptions/fold1/outlier_l0.20_p2,/home/ubuntu/klb/nuclr/nuclr/runs/rld_robustness_cv5_seed42_v2/formal_rejection_comparison_ours/cells/fold1/outlier_l0.20_p2/neurid_original/queries.csv.gz
3,1,0.2,2,probability_val_r80,19,298,381,0.6610738255033557,0.5738255033557047,0.2214765100671141,0.8372703412073491,0.8285714285714286,cpu,/home/ubuntu/klb/nuclr/nuclr/runs/mprt_v1_1_dynamic_residual_atlas_cv5x3_v1/rld/fold1/seed42/dynamic/low_rank_r8/best.pt,/home/ubuntu/klb/nuclr/nuclr/runs/rld_robustness_cv5_seed42_v2/corruptions/fold1/outlier_l0.20_p2,/home/ubuntu/klb/nuclr/nuclr/runs/rld_robustness_cv5_seed42_v2/formal_rejection_comparison_ours/cells/fold1/outlier_l0.20_p2/neurid_original/queries.csv.gz
3,1,0.2,2,probability_val_r90,19,298,381,0.6610738255033557,0.5167785234899329,0.3221476510067114,0.916010498687664,0.7842696629213484,cpu,/home/ubuntu/klb/nuclr/nuclr/runs/mprt_v1_1_dynamic_residual_atlas_cv5x3_v1/rld/fold1/seed42/dynamic/low_rank_r8/best.pt,/home/ubuntu/klb/nuclr/nuclr/runs/rld_robustness_cv5_seed42_v2/corruptions/fold1/outlier_l0.20_p2,/home/ubuntu/klb/nuclr/nuclr/runs/rld_robustness_cv5_seed42_v2/formal_rejection_comparison_ours/cells/fold1/outlier_l0.20_p2/neurid_original/queries.csv.gz
3,1,0.2,2,probability_val_r95,19,298,381,0.6610738255033557,0.4966442953020134,0.3859060402684564,0.9606299212598425,0.760914760914761,cpu,/home/ubuntu/klb/nuclr/nuclr/runs/mprt_v1_1_dynamic_residual_atlas_cv5x3_v1/rld/fold1/seed42/dynamic/low_rank_r8/best.pt,/home/ubuntu/klb/nuclr/nuclr/runs/rld_robustness_cv5_seed42_v2/corruptions/fold1/outlier_l0.20_p2,/home/ubuntu/klb/nuclr/nuclr/runs/rld_robustness_cv5_seed42_v2/formal_rejection_comparison_ours/cells/fold1/outlier_l0.20_p2/neurid_original/queries.csv.gz
3,1,0.2,2,log_margin_val_r80,19,298,381,0.6610738255033557,0.62751677852349,0.15100671140939598,0.8241469816272966,0.8746518105849582,cpu,/home/ubuntu/klb/nuclr/nuclr/runs/mprt_v1_1_dynamic_residual_atlas_cv5x3_v1/rld/fold1/seed42/dynamic/low_rank_r8/best.pt,/home/ubuntu/klb/nuclr/nuclr/runs/rld_robustness_cv5_seed42_v2/corruptions/fold1/outlier_l0.20_p2,/home/ubuntu/klb/nuclr/nuclr/runs/rld_robustness_cv5_seed42_v2/formal_rejection_comparison_ours/cells/fold1/outlier_l0.20_p2/neurid_original/queries.csv.gz
3,1,0.2,2,log_margin_val_r90,19,298,381,0.6610738255033557,0.5973154362416108,0.22483221476510068,0.9133858267716536,0.8385542168674699,cpu,/home/ubuntu/klb/nuclr/nuclr/runs/mprt_v1_1_dynamic_residual_atlas_cv5x3_v1/rld/fold1/seed42/dynamic/low_rank_r8/best.pt,/home/ubuntu/klb/nuclr/nuclr/runs/rld_robustness_cv5_seed42_v2/corruptions/fold1/outlier_l0.20_p2,/home/ubuntu/klb/nuclr/nuclr/runs/rld_robustness_cv5_seed42_v2/formal_rejection_comparison_ours/cells/fold1/outlier_l0.20_p2/neurid_original/queries.csv.gz
3,1,0.2,2,log_margin_val_r95,19,298,381,0.6610738255033557,0.5436241610738255,0.3221476510067114,0.958005249343832,0.7917570498915402,cpu,/home/ubuntu/klb/nuclr/nuclr/runs/mprt_v1_1_dynamic_residual_atlas_cv5x3_v1/rld/fold1/seed42/dynamic/low_rank_r8/best.pt,/home/ubuntu/klb/nuclr/nuclr/runs/rld_robustness_cv5_seed42_v2/corruptions/fold1/outlier_l0.20_p2,/home/ubuntu/klb/nuclr/nuclr/runs/rld_robustness_cv5_seed42_v2/formal_rejection_comparison_ours/cells/fold1/outlier_l0.20_p2/neurid_original/queries.csv.gz
3,1,0.3,0,current_argmax,19,298,566,0.6308724832214765,0.5570469798657718,0.28187919463087246,0.9293286219081273,0.8622950819672132,cpu,/home/ubuntu/klb/nuclr/nuclr/runs/mprt_v1_1_dynamic_residual_atlas_cv5x3_v1/rld/fold1/seed42/dynamic/low_rank_r8/best.pt,/home/ubuntu/klb/nuclr/nuclr/runs/rld_robustness_cv5_seed42_v2/corruptions/fold1/outlier_l0.30_p0,/home/ubuntu/klb/nuclr/nuclr/runs/rld_robustness_cv5_seed42_v2/formal_rejection_comparison_ours/cells/fold1/outlier_l0.30_p0/neurid_original/queries.csv.gz
3,1,0.3,0,binary_0_5,19,298,566,0.6308724832214765,0.5838926174496645,0.15100671140939598,0.6731448763250883,0.8943661971830986,cpu,/home/ubuntu/klb/nuclr/nuclr/runs/mprt_v1_1_dynamic_residual_atlas_cv5x3_v1/rld/fold1/seed42/dynamic/low_rank_r8/best.pt,/home/ubuntu/klb/nuclr/nuclr/runs/rld_robustness_cv5_seed42_v2/corruptions/fold1/outlier_l0.30_p0,/home/ubuntu/klb/nuclr/nuclr/runs/rld_robustness_cv5_seed42_v2/formal_rejection_comparison_ours/cells/fold1/outlier_l0.30_p0/neurid_original/queries.csv.gz
3,1,0.3,0,probability_val_r80,19,298,566,0.6308724832214765,0.5369127516778524,0.2516778523489933,0.8515901060070671,0.8653500897666068,cpu,/home/ubuntu/klb/nuclr/nuclr/runs/mprt_v1_1_dynamic_residual_atlas_cv5x3_v1/rld/fold1/seed42/dynamic/low_rank_r8/best.pt,/home/ubuntu/klb/nuclr/nuclr/runs/rld_robustness_cv5_seed42_v2/corruptions/fold1/outlier_l0.30_p0,/home/ubuntu/klb/nuclr/nuclr/runs/rld_robustness_cv5_seed42_v2/formal_rejection_comparison_ours/cells/fold1/outlier_l0.30_p0/neurid_original/queries.csv.gz
3,1,0.3,0,probability_val_r90,19,298,566,0.6308724832214765,0.5067114093959731,0.33221476510067116,0.931095406360424,0.84185303514377,cpu,/home/ubuntu/klb/nuclr/nuclr/runs/mprt_v1_1_dynamic_residual_atlas_cv5x3_v1/rld/fold1/seed42/dynamic/low_rank_r8/best.pt,/home/ubuntu/klb/nuclr/nuclr/runs/rld_robustness_cv5_seed42_v2/corruptions/fold1/outlier_l0.30_p0,/home/ubuntu/klb/nuclr/nuclr/runs/rld_robustness_cv5_seed42_v2/formal_rejection_comparison_ours/cells/fold1/outlier_l0.30_p0/neurid_original/queries.csv.gz
3,1,0.3,0,probability_val_r95,19,298,566,0.6308724832214765,0.45302013422818793,0.4395973154362416,0.9699646643109541,0.8073529411764706,cpu,/home/ubuntu/klb/nuclr/nuclr/runs/mprt_v1_1_dynamic_residual_atlas_cv5x3_v1/rld/fold1/seed42/dynamic/low_rank_r8/best.pt,/home/ubuntu/klb/nuclr/nuclr/runs/rld_robustness_cv5_seed42_v2/corruptions/fold1/outlier_l0.30_p0,/home/ubuntu/klb/nuclr/nuclr/runs/rld_robustness_cv5_seed42_v2/formal_rejection_comparison_ours/cells/fold1/outlier_l0.30_p0/neurid_original/queries.csv.gz
3,1,0.3,0,log_margin_val_r80,19,298,566,0.6308724832214765,0.6006711409395973,0.1644295302013423,0.8303886925795053,0.905587668593449,cpu,/home/ubuntu/klb/nuclr/nuclr/runs/mprt_v1_1_dynamic_residual_atlas_cv5x3_v1/rld/fold1/seed42/dynamic/low_rank_r8/best.pt,/home/ubuntu/klb/nuclr/nuclr/runs/rld_robustness_cv5_seed42_v2/corruptions/fold1/outlier_l0.30_p0,/home/ubuntu/klb/nuclr/nuclr/runs/rld_robustness_cv5_seed42_v2/formal_rejection_comparison_ours/cells/fold1/outlier_l0.30_p0/neurid_original/queries.csv.gz
3,1,0.3,0,log_margin_val_r90,19,298,566,0.6308724832214765,0.5704697986577181,0.25838926174496646,0.9169611307420494,0.8708053691275168,cpu,/home/ubuntu/klb/nuclr/nuclr/runs/mprt_v1_1_dynamic_residual_atlas_cv5x3_v1/rld/fold1/seed42/dynamic/low_rank_r8/best.pt,/home/ubuntu/klb/nuclr/nuclr/runs/rld_robustness_cv5_seed42_v2/corruptions/fold1/outlier_l0.30_p0,/home/ubuntu/klb/nuclr/nuclr/runs/rld_robustness_cv5_seed42_v2/formal_rejection_comparison_ours/cells/fold1/outlier_l0.30_p0/neurid_original/queries.csv.gz
3,1,0.3,0,log_margin_val_r95,19,298,566,0.6308724832214765,0.4966442953020134,0.38926174496644295,0.9734982332155477,0.8260869565217391,cpu,/home/ubuntu/klb/nuclr/nuclr/runs/mprt_v1_1_dynamic_residual_atlas_cv5x3_v1/rld/fold1/seed42/dynamic/low_rank_r8/best.pt,/home/ubuntu/klb/nuclr/nuclr/runs/rld_robustness_cv5_seed42_v2/corruptions/fold1/outlier_l0.30_p0,/home/ubuntu/klb/nuclr/nuclr/runs/rld_robustness_cv5_seed42_v2/formal_rejection_comparison_ours/cells/fold1/outlier_l0.30_p0/neurid_original/queries.csv.gz
3,1,0.3,1,current_argmax,19,298,566,0.6375838926174496,0.5503355704697986,0.2953020134228188,0.9452296819787986,0.8587479935794543,cpu,/home/ubuntu/klb/nuclr/nuclr/runs/mprt_v1_1_dynamic_residual_atlas_cv5x3_v1/rld/fold1/seed42/dynamic/low_rank_r8/best.pt,/home/ubuntu/klb/nuclr/nuclr/runs/rld_robustness_cv5_seed42_v2/corruptions/fold1/outlier_l0.30_p1,/home/ubuntu/klb/nuclr/nuclr/runs/rld_robustness_cv5_seed42_v2/formal_rejection_comparison_ours/cells/fold1/outlier_l0.30_p1/neurid_original/queries.csv.gz
3,1,0.3,1,binary_0_5,19,298,566,0.6375838926174496,0.5771812080536913,0.15100671140939598,0.6943462897526502,0.8972602739726028,cpu,/home/ubuntu/klb/nuclr/nuclr/runs/mprt_v1_1_dynamic_residual_atlas_cv5x3_v1/rld/fold1/seed42/dynamic/low_rank_r8/best.pt,/home/ubuntu/klb/nuclr/nuclr/runs/rld_robustness_cv5_seed42_v2/corruptions/fold1/outlier_l0.30_p1,/home/ubuntu/klb/nuclr/nuclr/runs/rld_robustness_cv5_seed42_v2/formal_rejection_comparison_ours/cells/fold1/outlier_l0.30_p1/neurid_original/queries.csv.gz
3,1,0.3,1,probability_val_r80,19,298,566,0.6375838926174496,0.540268456375839,0.25838926174496646,0.8356890459363958,0.86,cpu,/home/ubuntu/klb/nuclr/nuclr/runs/mprt_v1_1_dynamic_residual_atlas_cv5x3_v1/rld/fold1/seed42/dynamic/low_rank_r8/best.pt,/home/ubuntu/klb/nuclr/nuclr/runs/rld_robustness_cv5_seed42_v2/corruptions/fold1/outlier_l0.30_p1,/home/ubuntu/klb/nuclr/nuclr/runs/rld_robustness_cv5_seed42_v2/formal_rejection_comparison_ours/cells/fold1/outlier_l0.30_p1/neurid_original/queries.csv.gz
3,1,0.3,1,probability_val_r90,19,298,566,0.6375838926174496,0.48322147651006714,0.35570469798657717,0.9222614840989399,0.8312101910828026,cpu,/home/ubuntu/klb/nuclr/nuclr/runs/mprt_v1_1_dynamic_residual_atlas_cv5x3_v1/rld/fold1/seed42/dynamic/low_rank_r8/best.pt,/home/ubuntu/klb/nuclr/nuclr/runs/rld_robustness_cv5_seed42_v2/corruptions/fold1/outlier_l0.30_p1,/home/ubuntu/klb/nuclr/nuclr/runs/rld_robustness_cv5_seed42_v2/formal_rejection_comparison_ours/cells/fold1/outlier_l0.30_p1/neurid_original/queries.csv.gz
3,1,0.3,1,probability_val_r95,19,298,566,0.6375838926174496,0.4161073825503356,0.4899328859060403,0.9681978798586572,0.7896253602305475,cpu,/home/ubuntu/klb/nuclr/nuclr/runs/mprt_v1_1_dynamic_residual_atlas_cv5x3_v1/rld/fold1/seed42/dynamic/low_rank_r8/best.pt,/home/ubuntu/klb/nuclr/nuclr/runs/rld_robustness_cv5_seed42_v2/corruptions/fold1/outlier_l0.30_p1,/home/ubuntu/klb/nuclr/nuclr/runs/rld_robustness_cv5_seed42_v2/formal_rejection_comparison_ours/cells/fold1/outlier_l0.30_p1/neurid_original/queries.csv.gz
3,1,0.3,1,log_margin_val_r80,19,298,566,0.6375838926174496,0.6006711409395973,0.17114093959731544,0.8515901060070671,0.9043151969981238,cpu,/home/ubuntu/klb/nuclr/nuclr/runs/mprt_v1_1_dynamic_residual_atlas_cv5x3_v1/rld/fold1/seed42/dynamic/low_rank_r8/best.pt,/home/ubuntu/klb/nuclr/nuclr/runs/rld_robustness_cv5_seed42_v2/corruptions/fold1/outlier_l0.30_p1,/home/ubuntu/klb/nuclr/nuclr/runs/rld_robustness_cv5_seed42_v2/formal_rejection_comparison_ours/cells/fold1/outlier_l0.30_p1/neurid_original/queries.csv.gz
3,1,0.3,1,log_margin_val_r90,19,298,566,0.6375838926174496,0.5536912751677853,0.2785234899328859,0.9381625441696113,0.8648208469055375,cpu,/home/ubuntu/klb/nuclr/nuclr/runs/mprt_v1_1_dynamic_residual_atlas_cv5x3_v1/rld/fold1/seed42/dynamic/low_rank_r8/best.pt,/home/ubuntu/klb/nuclr/nuclr/runs/rld_robustness_cv5_seed42_v2/corruptions/fold1/outlier_l0.30_p1,/home/ubuntu/klb/nuclr/nuclr/runs/rld_robustness_cv5_seed42_v2/formal_rejection_comparison_ours/cells/fold1/outlier_l0.30_p1/neurid_original/queries.csv.gz
3,1,0.3,1,log_margin_val_r95,19,298,566,0.6375838926174496,0.5033557046979866,0.37919463087248323,0.9681978798586572,0.8290468986384266,cpu,/home/ubuntu/klb/nuclr/nuclr/runs/mprt_v1_1_dynamic_residual_atlas_cv5x3_v1/rld/fold1/seed42/dynamic/low_rank_r8/best.pt,/home/ubuntu/klb/nuclr/nuclr/runs/rld_robustness_cv5_seed42_v2/corruptions/fold1/outlier_l0.30_p1,/home/ubuntu/klb/nuclr/nuclr/runs/rld_robustness_cv5_seed42_v2/formal_rejection_comparison_ours/cells/fold1/outlier_l0.30_p1/neurid_original/queries.csv.gz
3,1,0.3,2,current_argmax,19,298,566,0.6342281879194631,0.5469798657718121,0.28187919463087246,0.9293286219081273,0.8622950819672132,cpu,/home/ubuntu/klb/nuclr/nuclr/runs/mprt_v1_1_dynamic_residual_atlas_cv5x3_v1/rld/fold1/seed42/dynamic/low_rank_r8/best.pt,/home/ubuntu/klb/nuclr/nuclr/runs/rld_robustness_cv5_seed42_v2/corruptions/fold1/outlier_l0.30_p2,/home/ubuntu/klb/nuclr/nuclr/runs/rld_robustness_cv5_seed42_v2/formal_rejection_comparison_ours/cells/fold1/outlier_l0.30_p2/neurid_original/queries.csv.gz
3,1,0.3,2,binary_0_5,19,298,566,0.6342281879194631,0.5838926174496645,0.1476510067114094,0.676678445229682,0.8969555035128806,cpu,/home/ubuntu/klb/nuclr/nuclr/runs/mprt_v1_1_dynamic_residual_atlas_cv5x3_v1/rld/fold1/seed42/dynamic/low_rank_r8/best.pt,/home/ubuntu/klb/nuclr/nuclr/runs/rld_robustness_cv5_seed42_v2/corruptions/fold1/outlier_l0.30_p2,/home/ubuntu/klb/nuclr/nuclr/runs/rld_robustness_cv5_seed42_v2/formal_rejection_comparison_ours/cells/fold1/outlier_l0.30_p2/neurid_original/queries.csv.gz
3,1,0.3,2,probability_val_r80,19,298,566,0.6342281879194631,0.540268456375839,0.23825503355704697,0.8445229681978799,0.8706739526411658,cpu,/home/ubuntu/klb/nuclr/nuclr/runs/mprt_v1_1_dynamic_residual_atlas_cv5x3_v1/rld/fold1/seed42/dynamic/low_rank_r8/best.pt,/home/ubuntu/klb/nuclr/nuclr/runs/rld_robustness_cv5_seed42_v2/corruptions/fold1/outlier_l0.30_p2,/home/ubuntu/klb/nuclr/nuclr/runs/rld_robustness_cv5_seed42_v2/formal_rejection_comparison_ours/cells/fold1/outlier_l0.30_p2/neurid_original/queries.csv.gz
3,1,0.3,2,probability_val_r90,19,298,566,0.6342281879194631,0.48322147651006714,0.35570469798657717,0.9187279151943463,0.8306709265175719,cpu,/home/ubuntu/klb/nuclr/nuclr/runs/mprt_v1_1_dynamic_residual_atlas_cv5x3_v1/rld/fold1/seed42/dynamic/low_rank_r8/best.pt,/home/ubuntu/klb/nuclr/nuclr/runs/rld_robustness_cv5_seed42_v2/corruptions/fold1/outlier_l0.30_p2,/home/ubuntu/klb/nuclr/nuclr/runs/rld_robustness_cv5_seed42_v2/formal_rejection_comparison_ours/cells/fold1/outlier_l0.30_p2/neurid_original/queries.csv.gz
3,1,0.3,2,probability_val_r95,19,298,566,0.6342281879194631,0.43288590604026844,0.46308724832214765,0.9646643109540636,0.7982456140350878,cpu,/home/ubuntu/klb/nuclr/nuclr/runs/mprt_v1_1_dynamic_residual_atlas_cv5x3_v1/rld/fold1/seed42/dynamic/low_rank_r8/best.pt,/home/ubuntu/klb/nuclr/nuclr/runs/rld_robustness_cv5_seed42_v2/corruptions/fold1/outlier_l0.30_p2,/home/ubuntu/klb/nuclr/nuclr/runs/rld_robustness_cv5_seed42_v2/formal_rejection_comparison_ours/cells/fold1/outlier_l0.30_p2/neurid_original/queries.csv.gz
3,1,0.3,2,log_margin_val_r80,19,298,566,0.6342281879194631,0.5973154362416108,0.1476510067114094,0.8445229681978799,0.9157088122605364,cpu,/home/ubuntu/klb/nuclr/nuclr/runs/mprt_v1_1_dynamic_residual_atlas_cv5x3_v1/rld/fold1/seed42/dynamic/low_rank_r8/best.pt,/home/ubuntu/klb/nuclr/nuclr/runs/rld_robustness_cv5_seed42_v2/corruptions/fold1/outlier_l0.30_p2,/home/ubuntu/klb/nuclr/nuclr/runs/rld_robustness_cv5_seed42_v2/formal_rejection_comparison_ours/cells/fold1/outlier_l0.30_p2/neurid_original/queries.csv.gz
3,1,0.3,2,log_margin_val_r90,19,298,566,0.6342281879194631,0.5536912751677853,0.25838926174496646,0.9240282685512368,0.8716666666666667,cpu,/home/ubuntu/klb/nuclr/nuclr/runs/mprt_v1_1_dynamic_residual_atlas_cv5x3_v1/rld/fold1/seed42/dynamic/low_rank_r8/best.pt,/home/ubuntu/klb/nuclr/nuclr/runs/rld_robustness_cv5_seed42_v2/corruptions/fold1/outlier_l0.30_p2,/home/ubuntu/klb/nuclr/nuclr/runs/rld_robustness_cv5_seed42_v2/formal_rejection_comparison_ours/cells/fold1/outlier_l0.30_p2/neurid_original/queries.csv.gz
3,1,0.3,2,log_margin_val_r95,19,298,566,0.6342281879194631,0.5100671140939598,0.35906040268456374,0.9611307420494699,0.8356374807987711,cpu,/home/ubuntu/klb/nuclr/nuclr/runs/mprt_v1_1_dynamic_residual_atlas_cv5x3_v1/rld/fold1/seed42/dynamic/low_rank_r8/best.pt,/home/ubuntu/klb/nuclr/nuclr/runs/rld_robustness_cv5_seed42_v2/corruptions/fold1/outlier_l0.30_p2,/home/ubuntu/klb/nuclr/nuclr/runs/rld_robustness_cv5_seed42_v2/formal_rejection_comparison_ours/cells/fold1/outlier_l0.30_p2/neurid_original/queries.csv.gz
3,1,0.4,0,current_argmax,19,298,759,0.610738255033557,0.5167785234899329,0.3087248322147651,0.930171277997365,0.8847117794486216,cpu,/home/ubuntu/klb/nuclr/nuclr/runs/mprt_v1_1_dynamic_residual_atlas_cv5x3_v1/rld/fold1/seed42/dynamic/low_rank_r8/best.pt,/home/ubuntu/klb/nuclr/nuclr/runs/rld_robustness_cv5_seed42_v2/corruptions/fold1/outlier_l0.40_p0,/home/ubuntu/klb/nuclr/nuclr/runs/rld_robustness_cv5_seed42_v2/formal_rejection_comparison_ours/cells/fold1/outlier_l0.40_p0/neurid_original/queries.csv.gz
3,1,0.4,0,binary_0_5,19,298,759,0.610738255033557,0.540268456375839,0.174496644295302,0.7009222661396575,0.910958904109589,cpu,/home/ubuntu/klb/nuclr/nuclr/runs/mprt_v1_1_dynamic_residual_atlas_cv5x3_v1/rld/fold1/seed42/dynamic/low_rank_r8/best.pt,/home/ubuntu/klb/nuclr/nuclr/runs/rld_robustness_cv5_seed42_v2/corruptions/fold1/outlier_l0.40_p0,/home/ubuntu/klb/nuclr/nuclr/runs/rld_robustness_cv5_seed42_v2/formal_rejection_comparison_ours/cells/fold1/outlier_l0.40_p0/neurid_original/queries.csv.gz
3,1,0.4,0,probability_val_r80,19,298,759,0.610738255033557,0.5033557046979866,0.2785234899328859,0.8656126482213439,0.8878378378378379,cpu,/home/ubuntu/klb/nuclr/nuclr/runs/mprt_v1_1_dynamic_residual_atlas_cv5x3_v1/rld/fold1/seed42/dynamic/low_rank_r8/best.pt,/home/ubuntu/klb/nuclr/nuclr/runs/rld_robustness_cv5_seed42_v2/corruptions/fold1/outlier_l0.40_p0,/home/ubuntu/klb/nuclr/nuclr/runs/rld_robustness_cv5_seed42_v2/formal_rejection_comparison_ours/cells/fold1/outlier_l0.40_p0/neurid_original/queries.csv.gz
3,1,0.4,0,probability_val_r90,19,298,759,0.610738255033557,0.4395973154362416,0.39932885906040266,0.9235836627140975,0.8548780487804878,cpu,/home/ubuntu/klb/nuclr/nuclr/runs/mprt_v1_1_dynamic_residual_atlas_cv5x3_v1/rld/fold1/seed42/dynamic/low_rank_r8/best.pt,/home/ubuntu/klb/nuclr/nuclr/runs/rld_robustness_cv5_seed42_v2/corruptions/fold1/outlier_l0.40_p0,/home/ubuntu/klb/nuclr/nuclr/runs/rld_robustness_cv5_seed42_v2/formal_rejection_comparison_ours/cells/fold1/outlier_l0.40_p0/neurid_original/queries.csv.gz
3,1,0.4,0,probability_val_r95,19,298,759,0.610738255033557,0.37583892617449666,0.5234899328859061,0.9591567852437418,0.8235294117647058,cpu,/home/ubuntu/klb/nuclr/nuclr/runs/mprt_v1_1_dynamic_residual_atlas_cv5x3_v1/rld/fold1/seed42/dynamic/low_rank_r8/best.pt,/home/ubuntu/klb/nuclr/nuclr/runs/rld_robustness_cv5_seed42_v2/corruptions/fold1/outlier_l0.40_p0,/home/ubuntu/klb/nuclr/nuclr/runs/rld_robustness_cv5_seed42_v2/formal_rejection_comparison_ours/cells/fold1/outlier_l0.40_p0/neurid_original/queries.csv.gz
3,1,0.4,0,log_margin_val_r80,19,298,759,0.610738255033557,0.5503355704697986,0.20469798657718122,0.8432147562582345,0.912981455064194,cpu,/home/ubuntu/klb/nuclr/nuclr/runs/mprt_v1_1_dynamic_residual_atlas_cv5x3_v1/rld/fold1/seed42/dynamic/low_rank_r8/best.pt,/home/ubuntu/klb/nuclr/nuclr/runs/rld_robustness_cv5_seed42_v2/corruptions/fold1/outlier_l0.40_p0,/home/ubuntu/klb/nuclr/nuclr/runs/rld_robustness_cv5_seed42_v2/formal_rejection_comparison_ours/cells/fold1/outlier_l0.40_p0/neurid_original/queries.csv.gz
3,1,0.4,0,log_margin_val_r90,19,298,759,0.610738255033557,0.5201342281879194,0.28523489932885904,0.924901185770751,0.8919949174078781,cpu,/home/ubuntu/klb/nuclr/nuclr/runs/mprt_v1_1_dynamic_residual_atlas_cv5x3_v1/rld/fold1/seed42/dynamic/low_rank_r8/best.pt,/home/ubuntu/klb/nuclr/nuclr/runs/rld_robustness_cv5_seed42_v2/corruptions/fold1/outlier_l0.40_p0,/home/ubuntu/klb/nuclr/nuclr/runs/rld_robustness_cv5_seed42_v2/formal_rejection_comparison_ours/cells/fold1/outlier_l0.40_p0/neurid_original/queries.csv.gz
3,1,0.4,0,log_margin_val_r95,19,298,759,0.610738255033557,0.4798657718120805,0.40268456375838924,0.9657444005270093,0.8593200468933178,cpu,/home/ubuntu/klb/nuclr/nuclr/runs/mprt_v1_1_dynamic_residual_atlas_cv5x3_v1/rld/fold1/seed42/dynamic/low_rank_r8/best.pt,/home/ubuntu/klb/nuclr/nuclr/runs/rld_robustness_cv5_seed42_v2/corruptions/fold1/outlier_l0.40_p0,/home/ubuntu/klb/nuclr/nuclr/runs/rld_robustness_cv5_seed42_v2/formal_rejection_comparison_ours/cells/fold1/outlier_l0.40_p0/neurid_original/queries.csv.gz
3,1,0.4,1,current_argmax,19,298,759,0.6208053691275168,0.5335570469798657,0.3221476510067114,0.9499341238471674,0.8824969400244798,cpu,/home/ubuntu/klb/nuclr/nuclr/runs/mprt_v1_1_dynamic_residual_atlas_cv5x3_v1/rld/fold1/seed42/dynamic/low_rank_r8/best.pt,/home/ubuntu/klb/nuclr/nuclr/runs/rld_robustness_cv5_seed42_v2/corruptions/fold1/outlier_l0.40_p1,/home/ubuntu/klb/nuclr/nuclr/runs/rld_robustness_cv5_seed42_v2/formal_rejection_comparison_ours/cells/fold1/outlier_l0.40_p1/neurid_original/queries.csv.gz
3,1,0.4,1,binary_0_5,19,298,759,0.6208053691275168,0.5671140939597316,0.16778523489932887,0.7391304347826086,0.9181669394435352,cpu,/home/ubuntu/klb/nuclr/nuclr/runs/mprt_v1_1_dynamic_residual_atlas_cv5x3_v1/rld/fold1/seed42/dynamic/low_rank_r8/best.pt,/home/ubuntu/klb/nuclr/nuclr/runs/rld_robustness_cv5_seed42_v2/corruptions/fold1/outlier_l0.40_p1,/home/ubuntu/klb/nuclr/nuclr/runs/rld_robustness_cv5_seed42_v2/formal_rejection_comparison_ours/cells/fold1/outlier_l0.40_p1/neurid_original/queries.csv.gz
3,1,0.4,1,probability_val_r80,19,298,759,0.6208053691275168,0.5234899328859061,0.27181208053691275,0.8735177865612648,0.8911290322580645,cpu,/home/ubuntu/klb/nuclr/nuclr/runs/mprt_v1_1_dynamic_residual_atlas_cv5x3_v1/rld/fold1/seed42/dynamic/low_rank_r8/best.pt,/home/ubuntu/klb/nuclr/nuclr/runs/rld_robustness_cv5_seed42_v2/corruptions/fold1/outlier_l0.40_p1,/home/ubuntu/klb/nuclr/nuclr/runs/rld_robustness_cv5_seed42_v2/formal_rejection_comparison_ours/cells/fold1/outlier_l0.40_p1/neurid_original/queries.csv.gz
3,1,0.4,1,probability_val_r90,19,298,759,0.6208053691275168,0.45302013422818793,0.40268456375838924,0.9472990777338604,0.8569725864123957,cpu,/home/ubuntu/klb/nuclr/nuclr/runs/mprt_v1_1_dynamic_residual_atlas_cv5x3_v1/rld/fold1/seed42/dynamic/low_rank_r8/best.pt,/home/ubuntu/klb/nuclr/nuclr/runs/rld_robustness_cv5_seed42_v2/corruptions/fold1/outlier_l0.40_p1,/home/ubuntu/klb/nuclr/nuclr/runs/rld_robustness_cv5_seed42_v2/formal_rejection_comparison_ours/cells/fold1/outlier_l0.40_p1/neurid_original/queries.csv.gz
3,1,0.4,1,probability_val_r95,19,298,759,0.6208053691275168,0.3859060402684564,0.5167785234899329,0.9749670619235836,0.8277404921700223,cpu,/home/ubuntu/klb/nuclr/nuclr/runs/mprt_v1_1_dynamic_residual_atlas_cv5x3_v1/rld/fold1/seed42/dynamic/low_rank_r8/best.pt,/home/ubuntu/klb/nuclr/nuclr/runs/rld_robustness_cv5_seed42_v2/corruptions/fold1/outlier_l0.40_p1,/home/ubuntu/klb/nuclr/nuclr/runs/rld_robustness_cv5_seed42_v2/formal_rejection_comparison_ours/cells/fold1/outlier_l0.40_p1/neurid_original/queries.csv.gz
3,1,0.4,1,log_margin_val_r80,19,298,759,0.6208053691275168,0.5771812080536913,0.18456375838926176,0.8695652173913043,0.9230769230769231,cpu,/home/ubuntu/klb/nuclr/nuclr/runs/mprt_v1_1_dynamic_residual_atlas_cv5x3_v1/rld/fold1/seed42/dynamic/low_rank_r8/best.pt,/home/ubuntu/klb/nuclr/nuclr/runs/rld_robustness_cv5_seed42_v2/corruptions/fold1/outlier_l0.40_p1,/home/ubuntu/klb/nuclr/nuclr/runs/rld_robustness_cv5_seed42_v2/formal_rejection_comparison_ours/cells/fold1/outlier_l0.40_p1/neurid_original/queries.csv.gz
3,1,0.4,1,log_margin_val_r90,19,298,759,0.6208053691275168,0.540268456375839,0.30201342281879195,0.9459815546772069,0.8886138613861386,cpu,/home/ubuntu/klb/nuclr/nuclr/runs/mprt_v1_1_dynamic_residual_atlas_cv5x3_v1/rld/fold1/seed42/dynamic/low_rank_r8/best.pt,/home/ubuntu/klb/nuclr/nuclr/runs/rld_robustness_cv5_seed42_v2/corruptions/fold1/outlier_l0.40_p1,/home/ubuntu/klb/nuclr/nuclr/runs/rld_robustness_cv5_seed42_v2/formal_rejection_comparison_ours/cells/fold1/outlier_l0.40_p1/neurid_original/queries.csv.gz
3,1,0.4,1,log_margin_val_r95,19,298,759,0.6208053691275168,0.4899328859060403,0.4161073825503356,0.9736495388669302,0.8563151796060255,cpu,/home/ubuntu/klb/nuclr/nuclr/runs/mprt_v1_1_dynamic_residual_atlas_cv5x3_v1/rld/fold1/seed42/dynamic/low_rank_r8/best.pt,/home/ubuntu/klb/nuclr/nuclr/runs/rld_robustness_cv5_seed42_v2/corruptions/fold1/outlier_l0.40_p1,/home/ubuntu/klb/nuclr/nuclr/runs/rld_robustness_cv5_seed42_v2/formal_rejection_comparison_ours/cells/fold1/outlier_l0.40_p1/neurid_original/queries.csv.gz
3,1,0.4,2,current_argmax,19,298,759,0.6174496644295302,0.5067114093959731,0.32550335570469796,0.9433465085638999,0.8806888068880688,cpu,/home/ubuntu/klb/nuclr/nuclr/runs/mprt_v1_1_dynamic_residual_atlas_cv5x3_v1/rld/fold1/seed42/dynamic/low_rank_r8/best.pt,/home/ubuntu/klb/nuclr/nuclr/runs/rld_robustness_cv5_seed42_v2/corruptions/fold1/outlier_l0.40_p2,/home/ubuntu/klb/nuclr/nuclr/runs/rld_robustness_cv5_seed42_v2/formal_rejection_comparison_ours/cells/fold1/outlier_l0.40_p2/neurid_original/queries.csv.gz
3,1,0.4,2,binary_0_5,19,298,759,0.6174496644295302,0.5436241610738255,0.1912751677852349,0.6996047430830039,0.9030612244897959,cpu,/home/ubuntu/klb/nuclr/nuclr/runs/mprt_v1_1_dynamic_residual_atlas_cv5x3_v1/rld/fold1/seed42/dynamic/low_rank_r8/best.pt,/home/ubuntu/klb/nuclr/nuclr/runs/rld_robustness_cv5_seed42_v2/corruptions/fold1/outlier_l0.40_p2,/home/ubuntu/klb/nuclr/nuclr/runs/rld_robustness_cv5_seed42_v2/formal_rejection_comparison_ours/cells/fold1/outlier_l0.40_p2/neurid_original/queries.csv.gz
3,1,0.4,2,probability_val_r80,19,298,759,0.6174496644295302,0.4798657718120805,0.3187919463087248,0.8511198945981555,0.8717948717948718,cpu,/home/ubuntu/klb/nuclr/nuclr/runs/mprt_v1_1_dynamic_residual_atlas_cv5x3_v1/rld/fold1/seed42/dynamic/low_rank_r8/best.pt,/home/ubuntu/klb/nuclr/nuclr/runs/rld_robustness_cv5_seed42_v2/corruptions/fold1/outlier_l0.40_p2,/home/ubuntu/klb/nuclr/nuclr/runs/rld_robustness_cv5_seed42_v2/formal_rejection_comparison_ours/cells/fold1/outlier_l0.40_p2/neurid_original/queries.csv.gz
3,1,0.4,2,probability_val_r90,19,298,759,0.6174496644295302,0.43288590604026844,0.41946308724832215,0.9209486166007905,0.8483009708737864,cpu,/home/ubuntu/klb/nuclr/nuclr/runs/mprt_v1_1_dynamic_residual_atlas_cv5x3_v1/rld/fold1/seed42/dynamic/low_rank_r8/best.pt,/home/ubuntu/klb/nuclr/nuclr/runs/rld_robustness_cv5_seed42_v2/corruptions/fold1/outlier_l0.40_p2,/home/ubuntu/klb/nuclr/nuclr/runs/rld_robustness_cv5_seed42_v2/formal_rejection_comparison_ours/cells/fold1/outlier_l0.40_p2/neurid_original/queries.csv.gz
3,1,0.4,2,probability_val_r95,19,298,759,0.6174496644295302,0.3691275167785235,0.540268456375839,0.9591567852437418,0.8188976377952756,cpu,/home/ubuntu/klb/nuclr/nuclr/runs/mprt_v1_1_dynamic_residual_atlas_cv5x3_v1/rld/fold1/seed42/dynamic/low_rank_r8/best.pt,/home/ubuntu/klb/nuclr/nuclr/runs/rld_robustness_cv5_seed42_v2/corruptions/fold1/outlier_l0.40_p2,/home/ubuntu/klb/nuclr/nuclr/runs/rld_robustness_cv5_seed42_v2/formal_rejection_comparison_ours/cells/fold1/outlier_l0.40_p2/neurid_original/queries.csv.gz
3,1,0.4,2,log_margin_val_r80,19,298,759,0.6174496644295302,0.5637583892617449,0.19798657718120805,0.8629776021080369,0.9173669467787114,cpu,/home/ubuntu/klb/nuclr/nuclr/runs/mprt_v1_1_dynamic_residual_atlas_cv5x3_v1/rld/fold1/seed42/dynamic/low_rank_r8/best.pt,/home/ubuntu/klb/nuclr/nuclr/runs/rld_robustness_cv5_seed42_v2/corruptions/fold1/outlier_l0.40_p2,/home/ubuntu/klb/nuclr/nuclr/runs/rld_robustness_cv5_seed42_v2/formal_rejection_comparison_ours/cells/fold1/outlier_l0.40_p2/neurid_original/queries.csv.gz
3,1,0.4,2,log_margin_val_r90,19,298,759,0.6174496644295302,0.5067114093959731,0.3221476510067114,0.9314888010540184,0.8804483188044832,cpu,/home/ubuntu/klb/nuclr/nuclr/runs/mprt_v1_1_dynamic_residual_atlas_cv5x3_v1/rld/fold1/seed42/dynamic/low_rank_r8/best.pt,/home/ubuntu/klb/nuclr/nuclr/runs/rld_robustness_cv5_seed42_v2/corruptions/fold1/outlier_l0.40_p2,/home/ubuntu/klb/nuclr/nuclr/runs/rld_robustness_cv5_seed42_v2/formal_rejection_comparison_ours/cells/fold1/outlier_l0.40_p2/neurid_original/queries.csv.gz
3,1,0.4,2,log_margin_val_r95,19,298,759,0.6174496644295302,0.4597315436241611,0.42953020134228187,0.9631093544137023,0.8509895227008148,cpu,/home/ubuntu/klb/nuclr/nuclr/runs/mprt_v1_1_dynamic_residual_atlas_cv5x3_v1/rld/fold1/seed42/dynamic/low_rank_r8/best.pt,/home/ubuntu/klb/nuclr/nuclr/runs/rld_robustness_cv5_seed42_v2/corruptions/fold1/outlier_l0.40_p2,/home/ubuntu/klb/nuclr/nuclr/runs/rld_robustness_cv5_seed42_v2/formal_rejection_comparison_ours/cells/fold1/outlier_l0.40_p2/neurid_original/queries.csv.gz
3,1,0.5,0,current_argmax,19,298,946,0.5939597315436241,0.49328859060402686,0.3187919463087248,0.9397463002114165,0.9034552845528455,cpu,/home/ubuntu/klb/nuclr/nuclr/runs/mprt_v1_1_dynamic_residual_atlas_cv5x3_v1/rld/fold1/seed42/dynamic/low_rank_r8/best.pt,/home/ubuntu/klb/nuclr/nuclr/runs/rld_robustness_cv5_seed42_v2/corruptions/fold1/outlier_l0.50_p0,/home/ubuntu/klb/nuclr/nuclr/runs/rld_robustness_cv5_seed42_v2/formal_rejection_comparison_ours/cells/fold1/outlier_l0.50_p0/neurid_original/queries.csv.gz
3,1,0.5,0,binary_0_5,19,298,946,0.5939597315436241,0.5302013422818792,0.1912751677852349,0.7050739957716702,0.9212707182320442,cpu,/home/ubuntu/klb/nuclr/nuclr/runs/mprt_v1_1_dynamic_residual_atlas_cv5x3_v1/rld/fold1/seed42/dynamic/low_rank_r8/best.pt,/home/ubuntu/klb/nuclr/nuclr/runs/rld_robustness_cv5_seed42_v2/corruptions/fold1/outlier_l0.50_p0,/home/ubuntu/klb/nuclr/nuclr/runs/rld_robustness_cv5_seed42_v2/formal_rejection_comparison_ours/cells/fold1/outlier_l0.50_p0/neurid_original/queries.csv.gz
3,1,0.5,0,probability_val_r80,19,298,946,0.5939597315436241,0.4865771812080537,0.28859060402684567,0.8583509513742071,0.9042316258351893,cpu,/home/ubuntu/klb/nuclr/nuclr/runs/mprt_v1_1_dynamic_residual_atlas_cv5x3_v1/rld/fold1/seed42/dynamic/low_rank_r8/best.pt,/home/ubuntu/klb/nuclr/nuclr/runs/rld_robustness_cv5_seed42_v2/corruptions/fold1/outlier_l0.50_p0,/home/ubuntu/klb/nuclr/nuclr/runs/rld_robustness_cv5_seed42_v2/formal_rejection_comparison_ours/cells/fold1/outlier_l0.50_p0/neurid_original/queries.csv.gz
3,1,0.5,0,probability_val_r90,19,298,946,0.5939597315436241,0.4161073825503356,0.436241610738255,0.9302325581395349,0.8712871287128713,cpu,/home/ubuntu/klb/nuclr/nuclr/runs/mprt_v1_1_dynamic_residual_atlas_cv5x3_v1/rld/fold1/seed42/dynamic/low_rank_r8/best.pt,/home/ubuntu/klb/nuclr/nuclr/runs/rld_robustness_cv5_seed42_v2/corruptions/fold1/outlier_l0.50_p0,/home/ubuntu/klb/nuclr/nuclr/runs/rld_robustness_cv5_seed42_v2/formal_rejection_comparison_ours/cells/fold1/outlier_l0.50_p0/neurid_original/queries.csv.gz
3,1,0.5,0,probability_val_r95,19,298,946,0.5939597315436241,0.36577181208053694,0.540268456375839,0.9661733615221987,0.8502325581395349,cpu,/home/ubuntu/klb/nuclr/nuclr/runs/mprt_v1_1_dynamic_residual_atlas_cv5x3_v1/rld/fold1/seed42/dynamic/low_rank_r8/best.pt,/home/ubuntu/klb/nuclr/nuclr/runs/rld_robustness_cv5_seed42_v2/corruptions/fold1/outlier_l0.50_p0,/home/ubuntu/klb/nuclr/nuclr/runs/rld_robustness_cv5_seed42_v2/formal_rejection_comparison_ours/cells/fold1/outlier_l0.50_p0/neurid_original/queries.csv.gz
3,1,0.5,0,log_margin_val_r80,19,298,946,0.5939597315436241,0.5469798657718121,0.19463087248322147,0.8562367864693446,0.9331797235023042,cpu,/home/ubuntu/klb/nuclr/nuclr/runs/mprt_v1_1_dynamic_residual_atlas_cv5x3_v1/rld/fold1/seed42/dynamic/low_rank_r8/best.pt,/home/ubuntu/klb/nuclr/nuclr/runs/rld_robustness_cv5_seed42_v2/corruptions/fold1/outlier_l0.50_p0,/home/ubuntu/klb/nuclr/nuclr/runs/rld_robustness_cv5_seed42_v2/formal_rejection_comparison_ours/cells/fold1/outlier_l0.50_p0/neurid_original/queries.csv.gz
3,1,0.5,0,log_margin_val_r90,19,298,946,0.5939597315436241,0.5,0.2986577181208054,0.9344608879492601,0.9085303186022611,cpu,/home/ubuntu/klb/nuclr/nuclr/runs/mprt_v1_1_dynamic_residual_atlas_cv5x3_v1/rld/fold1/seed42/dynamic/low_rank_r8/best.pt,/home/ubuntu/klb/nuclr/nuclr/runs/rld_robustness_cv5_seed42_v2/corruptions/fold1/outlier_l0.50_p0,/home/ubuntu/klb/nuclr/nuclr/runs/rld_robustness_cv5_seed42_v2/formal_rejection_comparison_ours/cells/fold1/outlier_l0.50_p0/neurid_original/queries.csv.gz
3,1,0.5,0,log_margin_val_r95,19,298,946,0.5939597315436241,0.4563758389261745,0.43288590604026844,0.9704016913319239,0.8767908309455588,cpu,/home/ubuntu/klb/nuclr/nuclr/runs/mprt_v1_1_dynamic_residual_atlas_cv5x3_v1/rld/fold1/seed42/dynamic/low_rank_r8/best.pt,/home/ubuntu/klb/nuclr/nuclr/runs/rld_robustness_cv5_seed42_v2/corruptions/fold1/outlier_l0.50_p0,/home/ubuntu/klb/nuclr/nuclr/runs/rld_robustness_cv5_seed42_v2/formal_rejection_comparison_ours/cells/fold1/outlier_l0.50_p0/neurid_original/queries.csv.gz
3,1,0.5,1,current_argmax,19,298,946,0.587248322147651,0.4899328859060403,0.32550335570469796,0.9344608879492601,0.9011213047910296,cpu,/home/ubuntu/klb/nuclr/nuclr/runs/mprt_v1_1_dynamic_residual_atlas_cv5x3_v1/rld/fold1/seed42/dynamic/low_rank_r8/best.pt,/home/ubuntu/klb/nuclr/nuclr/runs/rld_robustness_cv5_seed42_v2/corruptions/fold1/outlier_l0.50_p1,/home/ubuntu/klb/nuclr/nuclr/runs/rld_robustness_cv5_seed42_v2/formal_rejection_comparison_ours/cells/fold1/outlier_l0.50_p1/neurid_original/queries.csv.gz
3,1,0.5,1,binary_0_5,19,298,946,0.587248322147651,0.5201342281879194,0.19463087248322147,0.6997885835095138,0.9194444444444444,cpu,/home/ubuntu/klb/nuclr/nuclr/runs/mprt_v1_1_dynamic_residual_atlas_cv5x3_v1/rld/fold1/seed42/dynamic/low_rank_r8/best.pt,/home/ubuntu/klb/nuclr/nuclr/runs/rld_robustness_cv5_seed42_v2/corruptions/fold1/outlier_l0.50_p1,/home/ubuntu/klb/nuclr/nuclr/runs/rld_robustness_cv5_seed42_v2/formal_rejection_comparison_ours/cells/fold1/outlier_l0.50_p1/neurid_original/queries.csv.gz
3,1,0.5,1,probability_val_r80,19,298,946,0.587248322147651,0.4798657718120805,0.30201342281879195,0.8509513742071881,0.8994413407821229,cpu,/home/ubuntu/klb/nuclr/nuclr/runs/mprt_v1_1_dynamic_residual_atlas_cv5x3_v1/rld/fold1/seed42/dynamic/low_rank_r8/best.pt,/home/ubuntu/klb/nuclr/nuclr/runs/rld_robustness_cv5_seed42_v2/corruptions/fold1/outlier_l0.50_p1,/home/ubuntu/klb/nuclr/nuclr/runs/rld_robustness_cv5_seed42_v2/formal_rejection_comparison_ours/cells/fold1/outlier_l0.50_p1/neurid_original/queries.csv.gz
3,1,0.5,1,probability_val_r90,19,298,946,0.587248322147651,0.39932885906040266,0.4697986577181208,0.9302325581395349,0.8627450980392157,cpu,/home/ubuntu/klb/nuclr/nuclr/runs/mprt_v1_1_dynamic_residual_atlas_cv5x3_v1/rld/fold1/seed42/dynamic/low_rank_r8/best.pt,/home/ubuntu/klb/nuclr/nuclr/runs/rld_robustness_cv5_seed42_v2/corruptions/fold1/outlier_l0.50_p1,/home/ubuntu/klb/nuclr/nuclr/runs/rld_robustness_cv5_seed42_v2/formal_rejection_comparison_ours/cells/fold1/outlier_l0.50_p1/neurid_original/queries.csv.gz
3,1,0.5,1,probability_val_r95,19,298,946,0.587248322147651,0.3389261744966443,0.5604026845637584,0.96723044397463,0.8456561922365989,cpu,/home/ubuntu/klb/nuclr/nuclr/runs/mprt_v1_1_dynamic_residual_atlas_cv5x3_v1/rld/fold1/seed42/dynamic/low_rank_r8/best.pt,/home/ubuntu/klb/nuclr/nuclr/runs/rld_robustness_cv5_seed42_v2/corruptions/fold1/outlier_l0.50_p1,/home/ubuntu/klb/nuclr/nuclr/runs/rld_robustness_cv5_seed42_v2/formal_rejection_comparison_ours/cells/fold1/outlier_l0.50_p1/neurid_original/queries.csv.gz
3,1,0.5,1,log_margin_val_r80,19,298,946,0.587248322147651,0.5436241610738255,0.1912751677852349,0.8446088794926004,0.9334112149532711,cpu,/home/ubuntu/klb/nuclr/nuclr/runs/mprt_v1_1_dynamic_residual_atlas_cv5x3_v1/rld/fold1/seed42/dynamic/low_rank_r8/best.pt,/home/ubuntu/klb/nuclr/nuclr/runs/rld_robustness_cv5_seed42_v2/corruptions/fold1/outlier_l0.50_p1,/home/ubuntu/klb/nuclr/nuclr/runs/rld_robustness_cv5_seed42_v2/formal_rejection_comparison_ours/cells/fold1/outlier_l0.50_p1/neurid_original/queries.csv.gz
3,1,0.5,1,log_margin_val_r90,19,298,946,0.587248322147651,0.4966442953020134,0.3053691275167785,0.9312896405919662,0.9063786008230452,cpu,/home/ubuntu/klb/nuclr/nuclr/runs/mprt_v1_1_dynamic_residual_atlas_cv5x3_v1/rld/fold1/seed42/dynamic/low_rank_r8/best.pt,/home/ubuntu/klb/nuclr/nuclr/runs/rld_robustness_cv5_seed42_v2/corruptions/fold1/outlier_l0.50_p1,/home/ubuntu/klb/nuclr/nuclr/runs/rld_robustness_cv5_seed42_v2/formal_rejection_comparison_ours/cells/fold1/outlier_l0.50_p1/neurid_original/queries.csv.gz
3,1,0.5,1,log_margin_val_r95,19,298,946,0.587248322147651,0.44966442953020136,0.4429530201342282,0.9661733615221987,0.8738049713193117,cpu,/home/ubuntu/klb/nuclr/nuclr/runs/mprt_v1_1_dynamic_residual_atlas_cv5x3_v1/rld/fold1/seed42/dynamic/low_rank_r8/best.pt,/home/ubuntu/klb/nuclr/nuclr/runs/rld_robustness_cv5_seed42_v2/corruptions/fold1/outlier_l0.50_p1,/home/ubuntu/klb/nuclr/nuclr/runs/rld_robustness_cv5_seed42_v2/formal_rejection_comparison_ours/cells/fold1/outlier_l0.50_p1/neurid_original/queries.csv.gz
3,1,0.5,2,current_argmax,19,298,946,0.6073825503355704,0.5100671140939598,0.33221476510067116,0.9429175475687104,0.900100908173562,cpu,/home/ubuntu/klb/nuclr/nuclr/runs/mprt_v1_1_dynamic_residual_atlas_cv5x3_v1/rld/fold1/seed42/dynamic/low_rank_r8/best.pt,/home/ubuntu/klb/nuclr/nuclr/runs/rld_robustness_cv5_seed42_v2/corruptions/fold1/outlier_l0.50_p2,/home/ubuntu/klb/nuclr/nuclr/runs/rld_robustness_cv5_seed42_v2/formal_rejection_comparison_ours/cells/fold1/outlier_l0.50_p2/neurid_original/queries.csv.gz
3,1,0.5,2,binary_0_5,19,298,946,0.6073825503355704,0.540268456375839,0.18456375838926176,0.7093023255813954,0.9242424242424242,cpu,/home/ubuntu/klb/nuclr/nuclr/runs/mprt_v1_1_dynamic_residual_atlas_cv5x3_v1/rld/fold1/seed42/dynamic/low_rank_r8/best.pt,/home/ubuntu/klb/nuclr/nuclr/runs/rld_robustness_cv5_seed42_v2/corruptions/fold1/outlier_l0.50_p2,/home/ubuntu/klb/nuclr/nuclr/runs/rld_robustness_cv5_seed42_v2/formal_rejection_comparison_ours/cells/fold1/outlier_l0.50_p2/neurid_original/queries.csv.gz
3,1,0.5,2,probability_val_r80,19,298,946,0.6073825503355704,0.4899328859060403,0.3053691275167785,0.8678646934460887,0.9002192982456141,cpu,/home/ubuntu/klb/nuclr/nuclr/runs/mprt_v1_1_dynamic_residual_atlas_cv5x3_v1/rld/fold1/seed42/dynamic/low_rank_r8/best.pt,/home/ubuntu/klb/nuclr/nuclr/runs/rld_robustness_cv5_seed42_v2/corruptions/fold1/outlier_l0.50_p2,/home/ubuntu/klb/nuclr/nuclr/runs/rld_robustness_cv5_seed42_v2/formal_rejection_comparison_ours/cells/fold1/outlier_l0.50_p2/neurid_original/queries.csv.gz
3,1,0.5,2,probability_val_r90,19,298,946,0.6073825503355704,0.4395973154362416,0.40939597315436244,0.9344608879492601,0.878727634194831,cpu,/home/ubuntu/klb/nuclr/nuclr/runs/mprt_v1_1_dynamic_residual_atlas_cv5x3_v1/rld/fold1/seed42/dynamic/low_rank_r8/best.pt,/home/ubuntu/klb/nuclr/nuclr/runs/rld_robustness_cv5_seed42_v2/corruptions/fold1/outlier_l0.50_p2,/home/ubuntu/klb/nuclr/nuclr/runs/rld_robustness_cv5_seed42_v2/formal_rejection_comparison_ours/cells/fold1/outlier_l0.50_p2/neurid_original/queries.csv.gz
3,1,0.5,2,probability_val_r95,19,298,946,0.6073825503355704,0.34563758389261745,0.5671140939597316,0.9661733615221987,0.8439519852262235,cpu,/home/ubuntu/klb/nuclr/nuclr/runs/mprt_v1_1_dynamic_residual_atlas_cv5x3_v1/rld/fold1/seed42/dynamic/low_rank_r8/best.pt,/home/ubuntu/klb/nuclr/nuclr/runs/rld_robustness_cv5_seed42_v2/corruptions/fold1/outlier_l0.50_p2,/home/ubuntu/klb/nuclr/nuclr/runs/rld_robustness_cv5_seed42_v2/formal_rejection_comparison_ours/cells/fold1/outlier_l0.50_p2/neurid_original/queries.csv.gz
3,1,0.5,2,log_margin_val_r80,19,298,946,0.6073825503355704,0.5503355704697986,0.21140939597315436,0.8742071881606766,0.9292134831460674,cpu,/home/ubuntu/klb/nuclr/nuclr/runs/mprt_v1_1_dynamic_residual_atlas_cv5x3_v1/rld/fold1/seed42/dynamic/low_rank_r8/best.pt,/home/ubuntu/klb/nuclr/nuclr/runs/rld_robustness_cv5_seed42_v2/corruptions/fold1/outlier_l0.50_p2,/home/ubuntu/klb/nuclr/nuclr/runs/rld_robustness_cv5_seed42_v2/formal_rejection_comparison_ours/cells/fold1/outlier_l0.50_p2/neurid_original/queries.csv.gz
3,1,0.5,2,log_margin_val_r90,19,298,946,0.6073825503355704,0.5100671140939598,0.3187919463087248,0.9323467230443975,0.9027635619242579,cpu,/home/ubuntu/klb/nuclr/nuclr/runs/mprt_v1_1_dynamic_residual_atlas_cv5x3_v1/rld/fold1/seed42/dynamic/low_rank_r8/best.pt,/home/ubuntu/klb/nuclr/nuclr/runs/rld_robustness_cv5_seed42_v2/corruptions/fold1/outlier_l0.50_p2,/home/ubuntu/klb/nuclr/nuclr/runs/rld_robustness_cv5_seed42_v2/formal_rejection_comparison_ours/cells/fold1/outlier_l0.50_p2/neurid_original/queries.csv.gz
3,1,0.5,2,log_margin_val_r95,19,298,946,0.6073825503355704,0.4664429530201342,0.4261744966442953,0.9714587737843552,0.878585086042065,cpu,/home/ubuntu/klb/nuclr/nuclr/runs/mprt_v1_1_dynamic_residual_atlas_cv5x3_v1/rld/fold1/seed42/dynamic/low_rank_r8/best.pt,/home/ubuntu/klb/nuclr/nuclr/runs/rld_robustness_cv5_seed42_v2/corruptions/fold1/outlier_l0.50_p2,/home/ubuntu/klb/nuclr/nuclr/runs/rld_robustness_cv5_seed42_v2/formal_rejection_comparison_ours/cells/fold1/outlier_l0.50_p2/neurid_original/queries.csv.gz
3,2,0.0,0,current_argmax,19,299,0,0.6120401337792643,0.5284280936454849,0.30434782608695654,,,cpu,/home/ubuntu/klb/nuclr/nuclr/runs/mprt_v1_1_dynamic_residual_atlas_cv5x3_v1/rld/fold2/seed42/dynamic/low_rank_r8/best.pt,/home/ubuntu/klb/nuclr/nuclr/runs/rld_robustness_cv5_seed42_v2/corruptions/fold2/outlier_l0.00_p0,/home/ubuntu/klb/nuclr/nuclr/runs/rld_robustness_cv5_seed42_v2/formal_rejection_comparison_ours/cells/fold2/outlier_l0.00_p0/neurid_original/queries.csv.gz
3,2,0.0,0,binary_0_5,19,299,0,0.6120401337792643,0.5518394648829431,0.2140468227424749,,,cpu,/home/ubuntu/klb/nuclr/nuclr/runs/mprt_v1_1_dynamic_residual_atlas_cv5x3_v1/rld/fold2/seed42/dynamic/low_rank_r8/best.pt,/home/ubuntu/klb/nuclr/nuclr/runs/rld_robustness_cv5_seed42_v2/corruptions/fold2/outlier_l0.00_p0,/home/ubuntu/klb/nuclr/nuclr/runs/rld_robustness_cv5_seed42_v2/formal_rejection_comparison_ours/cells/fold2/outlier_l0.00_p0/neurid_original/queries.csv.gz
3,2,0.0,0,probability_val_r80,19,299,0,0.6120401337792643,0.5284280936454849,0.2842809364548495,,,cpu,/home/ubuntu/klb/nuclr/nuclr/runs/mprt_v1_1_dynamic_residual_atlas_cv5x3_v1/rld/fold2/seed42/dynamic/low_rank_r8/best.pt,/home/ubuntu/klb/nuclr/nuclr/runs/rld_robustness_cv5_seed42_v2/corruptions/fold2/outlier_l0.00_p0,/home/ubuntu/klb/nuclr/nuclr/runs/rld_robustness_cv5_seed42_v2/formal_rejection_comparison_ours/cells/fold2/outlier_l0.00_p0/neurid_original/queries.csv.gz
3,2,0.0,0,probability_val_r90,19,299,0,0.6120401337792643,0.4816053511705686,0.38127090301003347,,,cpu,/home/ubuntu/klb/nuclr/nuclr/runs/mprt_v1_1_dynamic_residual_atlas_cv5x3_v1/rld/fold2/seed42/dynamic/low_rank_r8/best.pt,/home/ubuntu/klb/nuclr/nuclr/runs/rld_robustness_cv5_seed42_v2/corruptions/fold2/outlier_l0.00_p0,/home/ubuntu/klb/nuclr/nuclr/runs/rld_robustness_cv5_seed42_v2/formal_rejection_comparison_ours/cells/fold2/outlier_l0.00_p0/neurid_original/queries.csv.gz
3,2,0.0,0,probability_val_r95,19,299,0,0.6120401337792643,0.431438127090301,0.46488294314381273,,,cpu,/home/ubuntu/klb/nuclr/nuclr/runs/mprt_v1_1_dynamic_residual_atlas_cv5x3_v1/rld/fold2/seed42/dynamic/low_rank_r8/best.pt,/home/ubuntu/klb/nuclr/nuclr/runs/rld_robustness_cv5_seed42_v2/corruptions/fold2/outlier_l0.00_p0,/home/ubuntu/klb/nuclr/nuclr/runs/rld_robustness_cv5_seed42_v2/formal_rejection_comparison_ours/cells/fold2/outlier_l0.00_p0/neurid_original/queries.csv.gz
3,2,0.0,0,log_margin_val_r80,19,299,0,0.6120401337792643,0.5652173913043478,0.19732441471571907,,,cpu,/home/ubuntu/klb/nuclr/nuclr/runs/mprt_v1_1_dynamic_residual_atlas_cv5x3_v1/rld/fold2/seed42/dynamic/low_rank_r8/best.pt,/home/ubuntu/klb/nuclr/nuclr/runs/rld_robustness_cv5_seed42_v2/corruptions/fold2/outlier_l0.00_p0,/home/ubuntu/klb/nuclr/nuclr/runs/rld_robustness_cv5_seed42_v2/formal_rejection_comparison_ours/cells/fold2/outlier_l0.00_p0/neurid_original/queries.csv.gz
3,2,0.0,0,log_margin_val_r90,19,299,0,0.6120401337792643,0.5384615384615384,0.27424749163879597,,,cpu,/home/ubuntu/klb/nuclr/nuclr/runs/mprt_v1_1_dynamic_residual_atlas_cv5x3_v1/rld/fold2/seed42/dynamic/low_rank_r8/best.pt,/home/ubuntu/klb/nuclr/nuclr/runs/rld_robustness_cv5_seed42_v2/corruptions/fold2/outlier_l0.00_p0,/home/ubuntu/klb/nuclr/nuclr/runs/rld_robustness_cv5_seed42_v2/formal_rejection_comparison_ours/cells/fold2/outlier_l0.00_p0/neurid_original/queries.csv.gz
3,2,0.0,0,log_margin_val_r95,19,299,0,0.6120401337792643,0.5016722408026756,0.36454849498327757,,,cpu,/home/ubuntu/klb/nuclr/nuclr/runs/mprt_v1_1_dynamic_residual_atlas_cv5x3_v1/rld/fold2/seed42/dynamic/low_rank_r8/best.pt,/home/ubuntu/klb/nuclr/nuclr/runs/rld_robustness_cv5_seed42_v2/corruptions/fold2/outlier_l0.00_p0,/home/ubuntu/klb/nuclr/nuclr/runs/rld_robustness_cv5_seed42_v2/formal_rejection_comparison_ours/cells/fold2/outlier_l0.00_p0/neurid_original/queries.csv.gz
3,2,0.1,0,current_argmax,19,299,171,0.5886287625418061,0.5050167224080268,0.3612040133779264,0.8421052631578947,0.5714285714285714,cpu,/home/ubuntu/klb/nuclr/nuclr/runs/mprt_v1_1_dynamic_residual_atlas_cv5x3_v1/rld/fold2/seed42/dynamic/low_rank_r8/best.pt,/home/ubuntu/klb/nuclr/nuclr/runs/rld_robustness_cv5_seed42_v2/corruptions/fold2/outlier_l0.10_p0,/home/ubuntu/klb/nuclr/nuclr/runs/rld_robustness_cv5_seed42_v2/formal_rejection_comparison_ours/cells/fold2/outlier_l0.10_p0/neurid_original/queries.csv.gz
3,2,0.1,0,binary_0_5,19,299,171,0.5886287625418061,0.5384615384615384,0.23076923076923078,0.5614035087719298,0.5818181818181818,cpu,/home/ubuntu/klb/nuclr/nuclr/runs/mprt_v1_1_dynamic_residual_atlas_cv5x3_v1/rld/fold2/seed42/dynamic/low_rank_r8/best.pt,/home/ubuntu/klb/nuclr/nuclr/runs/rld_robustness_cv5_seed42_v2/corruptions/fold2/outlier_l0.10_p0,/home/ubuntu/klb/nuclr/nuclr/runs/rld_robustness_cv5_seed42_v2/formal_rejection_comparison_ours/cells/fold2/outlier_l0.10_p0/neurid_original/queries.csv.gz
3,2,0.1,0,probability_val_r80,19,299,171,0.5886287625418061,0.4983277591973244,0.33444816053511706,0.7017543859649122,0.5454545454545454,cpu,/home/ubuntu/klb/nuclr/nuclr/runs/mprt_v1_1_dynamic_residual_atlas_cv5x3_v1/rld/fold2/seed42/dynamic/low_rank_r8/best.pt,/home/ubuntu/klb/nuclr/nuclr/runs/rld_robustness_cv5_seed42_v2/corruptions/fold2/outlier_l0.10_p0,/home/ubuntu/klb/nuclr/nuclr/runs/rld_robustness_cv5_seed42_v2/formal_rejection_comparison_ours/cells/fold2/outlier_l0.10_p0/neurid_original/queries.csv.gz
3,2,0.1,0,probability_val_r90,19,299,171,0.5886287625418061,0.45819397993311034,0.43812709030100333,0.8538011695906432,0.5270758122743683,cpu,/home/ubuntu/klb/nuclr/nuclr/runs/mprt_v1_1_dynamic_residual_atlas_cv5x3_v1/rld/fold2/seed42/dynamic/low_rank_r8/best.pt,/home/ubuntu/klb/nuclr/nuclr/runs/rld_robustness_cv5_seed42_v2/corruptions/fold2/outlier_l0.10_p0,/home/ubuntu/klb/nuclr/nuclr/runs/rld_robustness_cv5_seed42_v2/formal_rejection_comparison_ours/cells/fold2/outlier_l0.10_p0/neurid_original/queries.csv.gz
3,2,0.1,0,probability_val_r95,19,299,171,0.5886287625418061,0.391304347826087,0.5317725752508361,0.9415204678362573,0.503125,cpu,/home/ubuntu/klb/nuclr/nuclr/runs/mprt_v1_1_dynamic_residual_atlas_cv5x3_v1/rld/fold2/seed42/dynamic/low_rank_r8/best.pt,/home/ubuntu/klb/nuclr/nuclr/runs/rld_robustness_cv5_seed42_v2/corruptions/fold2/outlier_l0.10_p0,/home/ubuntu/klb/nuclr/nuclr/runs/rld_robustness_cv5_seed42_v2/formal_rejection_comparison_ours/cells/fold2/outlier_l0.10_p0/neurid_original/queries.csv.gz
3,2,0.1,0,log_margin_val_r80,19,299,171,0.5886287625418061,0.5518394648829431,0.2140468227424749,0.7134502923976608,0.6559139784946236,cpu,/home/ubuntu/klb/nuclr/nuclr/runs/mprt_v1_1_dynamic_residual_atlas_cv5x3_v1/rld/fold2/seed42/dynamic/low_rank_r8/best.pt,/home/ubuntu/klb/nuclr/nuclr/runs/rld_robustness_cv5_seed42_v2/corruptions/fold2/outlier_l0.10_p0,/home/ubuntu/klb/nuclr/nuclr/runs/rld_robustness_cv5_seed42_v2/formal_rejection_comparison_ours/cells/fold2/outlier_l0.10_p0/neurid_original/queries.csv.gz
3,2,0.1,0,log_margin_val_r90,19,299,171,0.5886287625418061,0.5217391304347826,0.3210702341137124,0.8187134502923976,0.5932203389830508,cpu,/home/ubuntu/klb/nuclr/nuclr/runs/mprt_v1_1_dynamic_residual_atlas_cv5x3_v1/rld/fold2/seed42/dynamic/low_rank_r8/best.pt,/home/ubuntu/klb/nuclr/nuclr/runs/rld_robustness_cv5_seed42_v2/corruptions/fold2/outlier_l0.10_p0,/home/ubuntu/klb/nuclr/nuclr/runs/rld_robustness_cv5_seed42_v2/formal_rejection_comparison_ours/cells/fold2/outlier_l0.10_p0/neurid_original/queries.csv.gz
3,2,0.1,0,log_margin_val_r95,19,299,171,0.5886287625418061,0.48494983277591974,0.4180602006688963,0.9181286549707602,0.5567375886524822,cpu,/home/ubuntu/klb/nuclr/nuclr/runs/mprt_v1_1_dynamic_residual_atlas_cv5x3_v1/rld/fold2/seed42/dynamic/low_rank_r8/best.pt,/home/ubuntu/klb/nuclr/nuclr/runs/rld_robustness_cv5_seed42_v2/corruptions/fold2/outlier_l0.10_p0,/home/ubuntu/klb/nuclr/nuclr/runs/rld_robustness_cv5_seed42_v2/formal_rejection_comparison_ours/cells/fold2/outlier_l0.10_p0/neurid_original/queries.csv.gz
3,2,0.1,1,current_argmax,19,299,171,0.6086956521739131,0.5384615384615384,0.31438127090301005,0.847953216374269,0.606694560669456,cpu,/home/ubuntu/klb/nuclr/nuclr/runs/mprt_v1_1_dynamic_residual_atlas_cv5x3_v1/rld/fold2/seed42/dynamic/low_rank_r8/best.pt,/home/ubuntu/klb/nuclr/nuclr/runs/rld_robustness_cv5_seed42_v2/corruptions/fold2/outlier_l0.10_p1,/home/ubuntu/klb/nuclr/nuclr/runs/rld_robustness_cv5_seed42_v2/formal_rejection_comparison_ours/cells/fold2/outlier_l0.10_p1/neurid_original/queries.csv.gz
3,2,0.1,1,binary_0_5,19,299,171,0.6086956521739131,0.5618729096989966,0.22742474916387959,0.6198830409356725,0.6091954022988506,cpu,/home/ubuntu/klb/nuclr/nuclr/runs/mprt_v1_1_dynamic_residual_atlas_cv5x3_v1/rld/fold2/seed42/dynamic/low_rank_r8/best.pt,/home/ubuntu/klb/nuclr/nuclr/runs/rld_robustness_cv5_seed42_v2/corruptions/fold2/outlier_l0.10_p1,/home/ubuntu/klb/nuclr/nuclr/runs/rld_robustness_cv5_seed42_v2/formal_rejection_comparison_ours/cells/fold2/outlier_l0.10_p1/neurid_original/queries.csv.gz
3,2,0.1,1,probability_val_r80,19,299,171,0.6086956521739131,0.5284280936454849,0.31438127090301005,0.7309941520467836,0.5707762557077626,cpu,/home/ubuntu/klb/nuclr/nuclr/runs/mprt_v1_1_dynamic_residual_atlas_cv5x3_v1/rld/fold2/seed42/dynamic/low_rank_r8/best.pt,/home/ubuntu/klb/nuclr/nuclr/runs/rld_robustness_cv5_seed42_v2/corruptions/fold2/outlier_l0.10_p1,/home/ubuntu/klb/nuclr/nuclr/runs/rld_robustness_cv5_seed42_v2/formal_rejection_comparison_ours/cells/fold2/outlier_l0.10_p1/neurid_original/queries.csv.gz
3,2,0.1,1,probability_val_r90,19,299,171,0.6086956521739131,0.46488294314381273,0.41471571906354515,0.8538011695906432,0.5407407407407407,cpu,/home/ubuntu/klb/nuclr/nuclr/runs/mprt_v1_1_dynamic_residual_atlas_cv5x3_v1/rld/fold2/seed42/dynamic/low_rank_r8/best.pt,/home/ubuntu/klb/nuclr/nuclr/runs/rld_robustness_cv5_seed42_v2/corruptions/fold2/outlier_l0.10_p1,/home/ubuntu/klb/nuclr/nuclr/runs/rld_robustness_cv5_seed42_v2/formal_rejection_comparison_ours/cells/fold2/outlier_l0.10_p1/neurid_original/queries.csv.gz
3,2,0.1,1,probability_val_r95,19,299,171,0.6086956521739131,0.4180602006688963,0.4983277591973244,0.9064327485380117,0.5098684210526315,cpu,/home/ubuntu/klb/nuclr/nuclr/runs/mprt_v1_1_dynamic_residual_atlas_cv5x3_v1/rld/fold2/seed42/dynamic/low_rank_r8/best.pt,/home/ubuntu/klb/nuclr/nuclr/runs/rld_robustness_cv5_seed42_v2/corruptions/fold2/outlier_l0.10_p1,/home/ubuntu/klb/nuclr/nuclr/runs/rld_robustness_cv5_seed42_v2/formal_rejection_comparison_ours/cells/fold2/outlier_l0.10_p1/neurid_original/queries.csv.gz
3,2,0.1,1,log_margin_val_r80,19,299,171,0.6086956521739131,0.5852842809364549,0.2040133779264214,0.7251461988304093,0.6702702702702703,cpu,/home/ubuntu/klb/nuclr/nuclr/runs/mprt_v1_1_dynamic_residual_atlas_cv5x3_v1/rld/fold2/seed42/dynamic/low_rank_r8/best.pt,/home/ubuntu/klb/nuclr/nuclr/runs/rld_robustness_cv5_seed42_v2/corruptions/fold2/outlier_l0.10_p1,/home/ubuntu/klb/nuclr/nuclr/runs/rld_robustness_cv5_seed42_v2/formal_rejection_comparison_ours/cells/fold2/outlier_l0.10_p1/neurid_original/queries.csv.gz
3,2,0.1,1,log_margin_val_r90,19,299,171,0.6086956521739131,0.5451505016722408,0.3010033444816054,0.8187134502923976,0.6086956521739131,cpu,/home/ubuntu/klb/nuclr/nuclr/runs/mprt_v1_1_dynamic_residual_atlas_cv5x3_v1/rld/fold2/seed42/dynamic/low_rank_r8/best.pt,/home/ubuntu/klb/nuclr/nuclr/runs/rld_robustness_cv5_seed42_v2/corruptions/fold2/outlier_l0.10_p1,/home/ubuntu/klb/nuclr/nuclr/runs/rld_robustness_cv5_seed42_v2/formal_rejection_comparison_ours/cells/fold2/outlier_l0.10_p1/neurid_original/queries.csv.gz
3,2,0.1,1,log_margin_val_r95,19,299,171,0.6086956521739131,0.5050167224080268,0.3779264214046823,0.8947368421052632,0.575187969924812,cpu,/home/ubuntu/klb/nuclr/nuclr/runs/mprt_v1_1_dynamic_residual_atlas_cv5x3_v1/rld/fold2/seed42/dynamic/low_rank_r8/best.pt,/home/ubuntu/klb/nuclr/nuclr/runs/rld_robustness_cv5_seed42_v2/corruptions/fold2/outlier_l0.10_p1,/home/ubuntu/klb/nuclr/nuclr/runs/rld_robustness_cv5_seed42_v2/formal_rejection_comparison_ours/cells/fold2/outlier_l0.10_p1/neurid_original/queries.csv.gz
3,2,0.1,2,current_argmax,19,299,171,0.6086956521739131,0.5183946488294314,0.34448160535117056,0.8830409356725146,0.594488188976378,cpu,/home/ubuntu/klb/nuclr/nuclr/runs/mprt_v1_1_dynamic_residual_atlas_cv5x3_v1/rld/fold2/seed42/dynamic/low_rank_r8/best.pt,/home/ubuntu/klb/nuclr/nuclr/runs/rld_robustness_cv5_seed42_v2/corruptions/fold2/outlier_l0.10_p2,/home/ubuntu/klb/nuclr/nuclr/runs/rld_robustness_cv5_seed42_v2/formal_rejection_comparison_ours/cells/fold2/outlier_l0.10_p2/neurid_original/queries.csv.gz
3,2,0.1,2,binary_0_5,19,299,171,0.6086956521739131,0.5418060200668896,0.2508361204013378,0.5555555555555556,0.5588235294117647,cpu,/home/ubuntu/klb/nuclr/nuclr/runs/mprt_v1_1_dynamic_residual_atlas_cv5x3_v1/rld/fold2/seed42/dynamic/low_rank_r8/best.pt,/home/ubuntu/klb/nuclr/nuclr/runs/rld_robustness_cv5_seed42_v2/corruptions/fold2/outlier_l0.10_p2,/home/ubuntu/klb/nuclr/nuclr/runs/rld_robustness_cv5_seed42_v2/formal_rejection_comparison_ours/cells/fold2/outlier_l0.10_p2/neurid_original/queries.csv.gz
3,2,0.1,2,probability_val_r80,19,299,171,0.6086956521739131,0.5117056856187291,0.3277591973244147,0.7485380116959064,0.5663716814159292,cpu,/home/ubuntu/klb/nuclr/nuclr/runs/mprt_v1_1_dynamic_residual_atlas_cv5x3_v1/rld/fold2/seed42/dynamic/low_rank_r8/best.pt,/home/ubuntu/klb/nuclr/nuclr/runs/rld_robustness_cv5_seed42_v2/corruptions/fold2/outlier_l0.10_p2,/home/ubuntu/klb/nuclr/nuclr/runs/rld_robustness_cv5_seed42_v2/formal_rejection_comparison_ours/cells/fold2/outlier_l0.10_p2/neurid_original/queries.csv.gz
3,2,0.1,2,probability_val_r90,19,299,171,0.6086956521739131,0.4682274247491639,0.4214046822742475,0.8596491228070176,0.5384615384615384,cpu,/home/ubuntu/klb/nuclr/nuclr/runs/mprt_v1_1_dynamic_residual_atlas_cv5x3_v1/rld/fold2/seed42/dynamic/low_rank_r8/best.pt,/home/ubuntu/klb/nuclr/nuclr/runs/rld_robustness_cv5_seed42_v2/corruptions/fold2/outlier_l0.10_p2,/home/ubuntu/klb/nuclr/nuclr/runs/rld_robustness_cv5_seed42_v2/formal_rejection_comparison_ours/cells/fold2/outlier_l0.10_p2/neurid_original/queries.csv.gz
3,2,0.1,2,probability_val_r95,19,299,171,0.6086956521739131,0.4214046822742475,0.5150501672240803,0.9298245614035088,0.5079872204472844,cpu,/home/ubuntu/klb/nuclr/nuclr/runs/mprt_v1_1_dynamic_residual_atlas_cv5x3_v1/rld/fold2/seed42/dynamic/low_rank_r8/best.pt,/home/ubuntu/klb/nuclr/nuclr/runs/rld_robustness_cv5_seed42_v2/corruptions/fold2/outlier_l0.10_p2,/home/ubuntu/klb/nuclr/nuclr/runs/rld_robustness_cv5_seed42_v2/formal_rejection_comparison_ours/cells/fold2/outlier_l0.10_p2/neurid_original/queries.csv.gz
3,2,0.1,2,log_margin_val_r80,19,299,171,0.6086956521739131,0.5618729096989966,0.21739130434782608,0.7076023391812866,0.6505376344086021,cpu,/home/ubuntu/klb/nuclr/nuclr/runs/mprt_v1_1_dynamic_residual_atlas_cv5x3_v1/rld/fold2/seed42/dynamic/low_rank_r8/best.pt,/home/ubuntu/klb/nuclr/nuclr/runs/rld_robustness_cv5_seed42_v2/corruptions/fold2/outlier_l0.10_p2,/home/ubuntu/klb/nuclr/nuclr/runs/rld_robustness_cv5_seed42_v2/formal_rejection_comparison_ours/cells/fold2/outlier_l0.10_p2/neurid_original/queries.csv.gz
3,2,0.1,2,log_margin_val_r90,19,299,171,0.6086956521739131,0.5317725752508361,0.3177257525083612,0.8421052631578947,0.602510460251046,cpu,/home/ubuntu/klb/nuclr/nuclr/runs/mprt_v1_1_dynamic_residual_atlas_cv5x3_v1/rld/fold2/seed42/dynamic/low_rank_r8/best.pt,/home/ubuntu/klb/nuclr/nuclr/runs/rld_robustness_cv5_seed42_v2/corruptions/fold2/outlier_l0.10_p2,/home/ubuntu/klb/nuclr/nuclr/runs/rld_robustness_cv5_seed42_v2/formal_rejection_comparison_ours/cells/fold2/outlier_l0.10_p2/neurid_original/queries.csv.gz
3,2,0.1,2,log_margin_val_r95,19,299,171,0.6086956521739131,0.4882943143812709,0.411371237458194,0.9298245614035088,0.5638297872340425,cpu,/home/ubuntu/klb/nuclr/nuclr/runs/mprt_v1_1_dynamic_residual_atlas_cv5x3_v1/rld/fold2/seed42/dynamic/low_rank_r8/best.pt,/home/ubuntu/klb/nuclr/nuclr/runs/rld_robustness_cv5_seed42_v2/corruptions/fold2/outlier_l0.10_p2,/home/ubuntu/klb/nuclr/nuclr/runs/rld_robustness_cv5_seed42_v2/formal_rejection_comparison_ours/cells/fold2/outlier_l0.10_p2/neurid_original/queries.csv.gz
3,2,0.2,0,current_argmax,19,299,341,0.5785953177257525,0.48494983277591974,0.3779264214046823,0.9090909090909091,0.7328605200945626,cpu,/home/ubuntu/klb/nuclr/nuclr/runs/mprt_v1_1_dynamic_residual_atlas_cv5x3_v1/rld/fold2/seed42/dynamic/low_rank_r8/best.pt,/home/ubuntu/klb/nuclr/nuclr/runs/rld_robustness_cv5_seed42_v2/corruptions/fold2/outlier_l0.20_p0,/home/ubuntu/klb/nuclr/nuclr/runs/rld_robustness_cv5_seed42_v2/formal_rejection_comparison_ours/cells/fold2/outlier_l0.20_p0/neurid_original/queries.csv.gz
3,2,0.2,0,binary_0_5,19,299,341,0.5785953177257525,0.5150501672240803,0.2508361204013378,0.6217008797653959,0.7386759581881533,cpu,/home/ubuntu/klb/nuclr/nuclr/runs/mprt_v1_1_dynamic_residual_atlas_cv5x3_v1/rld/fold2/seed42/dynamic/low_rank_r8/best.pt,/home/ubuntu/klb/nuclr/nuclr/runs/rld_robustness_cv5_seed42_v2/corruptions/fold2/outlier_l0.20_p0,/home/ubuntu/klb/nuclr/nuclr/runs/rld_robustness_cv5_seed42_v2/formal_rejection_comparison_ours/cells/fold2/outlier_l0.20_p0/neurid_original/queries.csv.gz
3,2,0.2,0,probability_val_r80,19,299,341,0.5785953177257525,0.48494983277591974,0.36789297658862874,0.7536656891495601,0.7002724795640327,cpu,/home/ubuntu/klb/nuclr/nuclr/runs/mprt_v1_1_dynamic_residual_atlas_cv5x3_v1/rld/fold2/seed42/dynamic/low_rank_r8/best.pt,/home/ubuntu/klb/nuclr/nuclr/runs/rld_robustness_cv5_seed42_v2/corruptions/fold2/outlier_l0.20_p0,/home/ubuntu/klb/nuclr/nuclr/runs/rld_robustness_cv5_seed42_v2/formal_rejection_comparison_ours/cells/fold2/outlier_l0.20_p0/neurid_original/queries.csv.gz
3,2,0.2,0,probability_val_r90,19,299,341,0.5785953177257525,0.4214046822742475,0.4782608695652174,0.873900293255132,0.6757369614512472,cpu,/home/ubuntu/klb/nuclr/nuclr/runs/mprt_v1_1_dynamic_residual_atlas_cv5x3_v1/rld/fold2/seed42/dynamic/low_rank_r8/best.pt,/home/ubuntu/klb/nuclr/nuclr/runs/rld_robustness_cv5_seed42_v2/corruptions/fold2/outlier_l0.20_p0,/home/ubuntu/klb/nuclr/nuclr/runs/rld_robustness_cv5_seed42_v2/formal_rejection_comparison_ours/cells/fold2/outlier_l0.20_p0/neurid_original/queries.csv.gz
3,2,0.2,0,probability_val_r95,19,299,341,0.5785953177257525,0.36454849498327757,0.5652173913043478,0.9442815249266863,0.6558044806517311,cpu,/home/ubuntu/klb/nuclr/nuclr/runs/mprt_v1_1_dynamic_residual_atlas_cv5x3_v1/rld/fold2/seed42/dynamic/low_rank_r8/best.pt,/home/ubuntu/klb/nuclr/nuclr/runs/rld_robustness_cv5_seed42_v2/corruptions/fold2/outlier_l0.20_p0,/home/ubuntu/klb/nuclr/nuclr/runs/rld_robustness_cv5_seed42_v2/formal_rejection_comparison_ours/cells/fold2/outlier_l0.20_p0/neurid_original/queries.csv.gz
3,2,0.2,0,log_margin_val_r80,19,299,341,0.5785953177257525,0.5384615384615384,0.23745819397993312,0.750733137829912,0.7828746177370031,cpu,/home/ubuntu/klb/nuclr/nuclr/runs/mprt_v1_1_dynamic_residual_atlas_cv5x3_v1/rld/fold2/seed42/dynamic/low_rank_r8/best.pt,/home/ubuntu/klb/nuclr/nuclr/runs/rld_robustness_cv5_seed42_v2/corruptions/fold2/outlier_l0.20_p0,/home/ubuntu/klb/nuclr/nuclr/runs/rld_robustness_cv5_seed42_v2/formal_rejection_comparison_ours/cells/fold2/outlier_l0.20_p0/neurid_original/queries.csv.gz
3,2,0.2,0,log_margin_val_r90,19,299,341,0.5785953177257525,0.5016722408026756,0.3411371237458194,0.8885630498533724,0.7481481481481481,cpu,/home/ubuntu/klb/nuclr/nuclr/runs/mprt_v1_1_dynamic_residual_atlas_cv5x3_v1/rld/fold2/seed42/dynamic/low_rank_r8/best.pt,/home/ubuntu/klb/nuclr/nuclr/runs/rld_robustness_cv5_seed42_v2/corruptions/fold2/outlier_l0.20_p0,/home/ubuntu/klb/nuclr/nuclr/runs/rld_robustness_cv5_seed42_v2/formal_rejection_comparison_ours/cells/fold2/outlier_l0.20_p0/neurid_original/queries.csv.gz
3,2,0.2,0,log_margin_val_r95,19,299,341,0.5785953177257525,0.45484949832775917,0.451505016722408,0.9472140762463344,0.7052401746724891,cpu,/home/ubuntu/klb/nuclr/nuclr/runs/mprt_v1_1_dynamic_residual_atlas_cv5x3_v1/rld/fold2/seed42/dynamic/low_rank_r8/best.pt,/home/ubuntu/klb/nuclr/nuclr/runs/rld_robustness_cv5_seed42_v2/corruptions/fold2/outlier_l0.20_p0,/home/ubuntu/klb/nuclr/nuclr/runs/rld_robustness_cv5_seed42_v2/formal_rejection_comparison_ours/cells/fold2/outlier_l0.20_p0/neurid_original/queries.csv.gz
3,2,0.2,1,current_argmax,19,299,341,0.6086956521739131,0.5016722408026756,0.3712374581939799,0.8797653958944281,0.7299270072992701,cpu,/home/ubuntu/klb/nuclr/nuclr/runs/mprt_v1_1_dynamic_residual_atlas_cv5x3_v1/rld/fold2/seed42/dynamic/low_rank_r8/best.pt,/home/ubuntu/klb/nuclr/nuclr/runs/rld_robustness_cv5_seed42_v2/corruptions/fold2/outlier_l0.20_p1,/home/ubuntu/klb/nuclr/nuclr/runs/rld_robustness_cv5_seed42_v2/formal_rejection_comparison_ours/cells/fold2/outlier_l0.20_p1/neurid_original/queries.csv.gz
3,2,0.2,1,binary_0_5,19,299,341,0.6086956521739131,0.5418060200668896,0.25752508361204013,0.6217008797653959,0.7335640138408305,cpu,/home/ubuntu/klb/nuclr/nuclr/runs/mprt_v1_1_dynamic_residual_atlas_cv5x3_v1/rld/fold2/seed42/dynamic/low_rank_r8/best.pt,/home/ubuntu/klb/nuclr/nuclr/runs/rld_robustness_cv5_seed42_v2/corruptions/fold2/outlier_l0.20_p1,/home/ubuntu/klb/nuclr/nuclr/runs/rld_robustness_cv5_seed42_v2/formal_rejection_comparison_ours/cells/fold2/outlier_l0.20_p1/neurid_original/queries.csv.gz
3,2,0.2,1,probability_val_r80,19,299,341,0.6086956521739131,0.4983277591973244,0.35785953177257523,0.7360703812316716,0.7011173184357542,cpu,/home/ubuntu/klb/nuclr/nuclr/runs/mprt_v1_1_dynamic_residual_atlas_cv5x3_v1/rld/fold2/seed42/dynamic/low_rank_r8/best.pt,/home/ubuntu/klb/nuclr/nuclr/runs/rld_robustness_cv5_seed42_v2/corruptions/fold2/outlier_l0.20_p1,/home/ubuntu/klb/nuclr/nuclr/runs/rld_robustness_cv5_seed42_v2/formal_rejection_comparison_ours/cells/fold2/outlier_l0.20_p1/neurid_original/queries.csv.gz
3,2,0.2,1,probability_val_r90,19,299,341,0.6086956521739131,0.42474916387959866,0.4916387959866221,0.8680351906158358,0.6681715575620768,cpu,/home/ubuntu/klb/nuclr/nuclr/runs/mprt_v1_1_dynamic_residual_atlas_cv5x3_v1/rld/fold2/seed42/dynamic/low_rank_r8/best.pt,/home/ubuntu/klb/nuclr/nuclr/runs/rld_robustness_cv5_seed42_v2/corruptions/fold2/outlier_l0.20_p1,/home/ubuntu/klb/nuclr/nuclr/runs/rld_robustness_cv5_seed42_v2/formal_rejection_comparison_ours/cells/fold2/outlier_l0.20_p1/neurid_original/queries.csv.gz
3,2,0.2,1,probability_val_r95,19,299,341,0.6086956521739131,0.3779264214046823,0.5618729096989966,0.9266862170087976,0.6528925619834711,cpu,/home/ubuntu/klb/nuclr/nuclr/runs/mprt_v1_1_dynamic_residual_atlas_cv5x3_v1/rld/fold2/seed42/dynamic/low_rank_r8/best.pt,/home/ubuntu/klb/nuclr/nuclr/runs/rld_robustness_cv5_seed42_v2/corruptions/fold2/outlier_l0.20_p1,/home/ubuntu/klb/nuclr/nuclr/runs/rld_robustness_cv5_seed42_v2/formal_rejection_comparison_ours/cells/fold2/outlier_l0.20_p1/neurid_original/queries.csv.gz
3,2,0.2,1,log_margin_val_r80,19,299,341,0.6086956521739131,0.5585284280936454,0.23076923076923078,0.7272727272727273,0.7823343848580442,cpu,/home/ubuntu/klb/nuclr/nuclr/runs/mprt_v1_1_dynamic_residual_atlas_cv5x3_v1/rld/fold2/seed42/dynamic/low_rank_r8/best.pt,/home/ubuntu/klb/nuclr/nuclr/runs/rld_robustness_cv5_seed42_v2/corruptions/fold2/outlier_l0.20_p1,/home/ubuntu/klb/nuclr/nuclr/runs/rld_robustness_cv5_seed42_v2/formal_rejection_comparison_ours/cells/fold2/outlier_l0.20_p1/neurid_original/queries.csv.gz
3,2,0.2,1,log_margin_val_r90,19,299,341,0.6086956521739131,0.5217391304347826,0.33444816053511706,0.8680351906158358,0.7474747474747475,cpu,/home/ubuntu/klb/nuclr/nuclr/runs/mprt_v1_1_dynamic_residual_atlas_cv5x3_v1/rld/fold2/seed42/dynamic/low_rank_r8/best.pt,/home/ubuntu/klb/nuclr/nuclr/runs/rld_robustness_cv5_seed42_v2/corruptions/fold2/outlier_l0.20_p1,/home/ubuntu/klb/nuclr/nuclr/runs/rld_robustness_cv5_seed42_v2/formal_rejection_comparison_ours/cells/fold2/outlier_l0.20_p1/neurid_original/queries.csv.gz
3,2,0.2,1,log_margin_val_r95,19,299,341,0.6086956521739131,0.47157190635451507,0.43478260869565216,0.9266862170087976,0.7085201793721974,cpu,/home/ubuntu/klb/nuclr/nuclr/runs/mprt_v1_1_dynamic_residual_atlas_cv5x3_v1/rld/fold2/seed42/dynamic/low_rank_r8/best.pt,/home/ubuntu/klb/nuclr/nuclr/runs/rld_robustness_cv5_seed42_v2/corruptions/fold2/outlier_l0.20_p1,/home/ubuntu/klb/nuclr/nuclr/runs/rld_robustness_cv5_seed42_v2/formal_rejection_comparison_ours/cells/fold2/outlier_l0.20_p1/neurid_original/queries.csv.gz
3,2,0.2,2,current_argmax,19,299,341,0.5819397993311036,0.4816053511705686,0.38461538461538464,0.9032258064516129,0.7281323877068558,cpu,/home/ubuntu/klb/nuclr/nuclr/runs/mprt_v1_1_dynamic_residual_atlas_cv5x3_v1/rld/fold2/seed42/dynamic/low_rank_r8/best.pt,/home/ubuntu/klb/nuclr/nuclr/runs/rld_robustness_cv5_seed42_v2/corruptions/fold2/outlier_l0.20_p2,/home/ubuntu/klb/nuclr/nuclr/runs/rld_robustness_cv5_seed42_v2/formal_rejection_comparison_ours/cells/fold2/outlier_l0.20_p2/neurid_original/queries.csv.gz
3,2,0.2,2,binary_0_5,19,299,341,0.5819397993311036,0.5183946488294314,0.27424749163879597,0.6334310850439883,0.7248322147651006,cpu,/home/ubuntu/klb/nuclr/nuclr/runs/mprt_v1_1_dynamic_residual_atlas_cv5x3_v1/rld/fold2/seed42/dynamic/low_rank_r8/best.pt,/home/ubuntu/klb/nuclr/nuclr/runs/rld_robustness_cv5_seed42_v2/corruptions/fold2/outlier_l0.20_p2,/home/ubuntu/klb/nuclr/nuclr/runs/rld_robustness_cv5_seed42_v2/formal_rejection_comparison_ours/cells/fold2/outlier_l0.20_p2/neurid_original/queries.csv.gz
3,2,0.2,2,probability_val_r80,19,299,341,0.5819397993311036,0.4782608695652174,0.35451505016722407,0.7390029325513197,0.7039106145251397,cpu,/home/ubuntu/klb/nuclr/nuclr/runs/mprt_v1_1_dynamic_residual_atlas_cv5x3_v1/rld/fold2/seed42/dynamic/low_rank_r8/best.pt,/home/ubuntu/klb/nuclr/nuclr/runs/rld_robustness_cv5_seed42_v2/corruptions/fold2/outlier_l0.20_p2,/home/ubuntu/klb/nuclr/nuclr/runs/rld_robustness_cv5_seed42_v2/formal_rejection_comparison_ours/cells/fold2/outlier_l0.20_p2/neurid_original/queries.csv.gz
3,2,0.2,2,probability_val_r90,19,299,341,0.5819397993311036,0.4080267558528428,0.4816053511705686,0.8533724340175953,0.6689655172413793,cpu,/home/ubuntu/klb/nuclr/nuclr/runs/mprt_v1_1_dynamic_residual_atlas_cv5x3_v1/rld/fold2/seed42/dynamic/low_rank_r8/best.pt,/home/ubuntu/klb/nuclr/nuclr/runs/rld_robustness_cv5_seed42_v2/corruptions/fold2/outlier_l0.20_p2,/home/ubuntu/klb/nuclr/nuclr/runs/rld_robustness_cv5_seed42_v2/formal_rejection_comparison_ours/cells/fold2/outlier_l0.20_p2/neurid_original/queries.csv.gz
3,2,0.2,2,probability_val_r95,19,299,341,0.5819397993311036,0.3712374581939799,0.5652173913043478,0.9501466275659824,0.6572008113590264,cpu,/home/ubuntu/klb/nuclr/nuclr/runs/mprt_v1_1_dynamic_residual_atlas_cv5x3_v1/rld/fold2/seed42/dynamic/low_rank_r8/best.pt,/home/ubuntu/klb/nuclr/nuclr/runs/rld_robustness_cv5_seed42_v2/corruptions/fold2/outlier_l0.20_p2,/home/ubuntu/klb/nuclr/nuclr/runs/rld_robustness_cv5_seed42_v2/formal_rejection_comparison_ours/cells/fold2/outlier_l0.20_p2/neurid_original/queries.csv.gz
3,2,0.2,2,log_margin_val_r80,19,299,341,0.5819397993311036,0.5484949832775919,0.23411371237458195,0.7331378299120235,0.78125,cpu,/home/ubuntu/klb/nuclr/nuclr/runs/mprt_v1_1_dynamic_residual_atlas_cv5x3_v1/rld/fold2/seed42/dynamic/low_rank_r8/best.pt,/home/ubuntu/klb/nuclr/nuclr/runs/rld_robustness_cv5_seed42_v2/corruptions/fold2/outlier_l0.20_p2,/home/ubuntu/klb/nuclr/nuclr/runs/rld_robustness_cv5_seed42_v2/formal_rejection_comparison_ours/cells/fold2/outlier_l0.20_p2/neurid_original/queries.csv.gz
3,2,0.2,2,log_margin_val_r90,19,299,341,0.5819397993311036,0.5016722408026756,0.3311036789297659,0.8680351906158358,0.7493670886075949,cpu,/home/ubuntu/klb/nuclr/nuclr/runs/mprt_v1_1_dynamic_residual_atlas_cv5x3_v1/rld/fold2/seed42/dynamic/low_rank_r8/best.pt,/home/ubuntu/klb/nuclr/nuclr/runs/rld_robustness_cv5_seed42_v2/corruptions/fold2/outlier_l0.20_p2,/home/ubuntu/klb/nuclr/nuclr/runs/rld_robustness_cv5_seed42_v2/formal_rejection_comparison_ours/cells/fold2/outlier_l0.20_p2/neurid_original/queries.csv.gz
3,2,0.2,2,log_margin_val_r95,19,299,341,0.5819397993311036,0.45819397993311034,0.43478260869565216,0.9354838709677419,0.7104677060133631,cpu,/home/ubuntu/klb/nuclr/nuclr/runs/mprt_v1_1_dynamic_residual_atlas_cv5x3_v1/rld/fold2/seed42/dynamic/low_rank_r8/best.pt,/home/ubuntu/klb/nuclr/nuclr/runs/rld_robustness_cv5_seed42_v2/corruptions/fold2/outlier_l0.20_p2,/home/ubuntu/klb/nuclr/nuclr/runs/rld_robustness_cv5_seed42_v2/formal_rejection_comparison_ours/cells/fold2/outlier_l0.20_p2/neurid_original/queries.csv.gz
3,2,0.3,0,current_argmax,19,299,508,0.5752508361204013,0.451505016722408,0.41471571906354515,0.8858267716535433,0.7839721254355401,cpu,/home/ubuntu/klb/nuclr/nuclr/runs/mprt_v1_1_dynamic_residual_atlas_cv5x3_v1/rld/fold2/seed42/dynamic/low_rank_r8/best.pt,/home/ubuntu/klb/nuclr/nuclr/runs/rld_robustness_cv5_seed42_v2/corruptions/fold2/outlier_l0.30_p0,/home/ubuntu/klb/nuclr/nuclr/runs/rld_robustness_cv5_seed42_v2/formal_rejection_comparison_ours/cells/fold2/outlier_l0.30_p0/neurid_original/queries.csv.gz
3,2,0.3,0,binary_0_5,19,299,508,0.5752508361204013,0.4983277591973244,0.2976588628762542,0.6358267716535433,0.7839805825242718,cpu,/home/ubuntu/klb/nuclr/nuclr/runs/mprt_v1_1_dynamic_residual_atlas_cv5x3_v1/rld/fold2/seed42/dynamic/low_rank_r8/best.pt,/home/ubuntu/klb/nuclr/nuclr/runs/rld_robustness_cv5_seed42_v2/corruptions/fold2/outlier_l0.30_p0,/home/ubuntu/klb/nuclr/nuclr/runs/rld_robustness_cv5_seed42_v2/formal_rejection_comparison_ours/cells/fold2/outlier_l0.30_p0/neurid_original/queries.csv.gz
3,2,0.3,0,probability_val_r80,19,299,508,0.5752508361204013,0.4414715719063545,0.40468227424749165,0.7559055118110236,0.7603960396039604,cpu,/home/ubuntu/klb/nuclr/nuclr/runs/mprt_v1_1_dynamic_residual_atlas_cv5x3_v1/rld/fold2/seed42/dynamic/low_rank_r8/best.pt,/home/ubuntu/klb/nuclr/nuclr/runs/rld_robustness_cv5_seed42_v2/corruptions/fold2/outlier_l0.30_p0,/home/ubuntu/klb/nuclr/nuclr/runs/rld_robustness_cv5_seed42_v2/formal_rejection_comparison_ours/cells/fold2/outlier_l0.30_p0/neurid_original/queries.csv.gz
3,2,0.3,0,probability_val_r90,19,299,508,0.5752508361204013,0.391304347826087,0.5117056856187291,0.8681102362204725,0.7424242424242424,cpu,/home/ubuntu/klb/nuclr/nuclr/runs/mprt_v1_1_dynamic_residual_atlas_cv5x3_v1/rld/fold2/seed42/dynamic/low_rank_r8/best.pt,/home/ubuntu/klb/nuclr/nuclr/runs/rld_robustness_cv5_seed42_v2/corruptions/fold2/outlier_l0.30_p0,/home/ubuntu/klb/nuclr/nuclr/runs/rld_robustness_cv5_seed42_v2/formal_rejection_comparison_ours/cells/fold2/outlier_l0.30_p0/neurid_original/queries.csv.gz
3,2,0.3,0,probability_val_r95,19,299,508,0.5752508361204013,0.32441471571906355,0.6220735785953178,0.937007874015748,0.7190332326283988,cpu,/home/ubuntu/klb/nuclr/nuclr/runs/mprt_v1_1_dynamic_residual_atlas_cv5x3_v1/rld/fold2/seed42/dynamic/low_rank_r8/best.pt,/home/ubuntu/klb/nuclr/nuclr/runs/rld_robustness_cv5_seed42_v2/corruptions/fold2/outlier_l0.30_p0,/home/ubuntu/klb/nuclr/nuclr/runs/rld_robustness_cv5_seed42_v2/formal_rejection_comparison_ours/cells/fold2/outlier_l0.30_p0/neurid_original/queries.csv.gz
3,2,0.3,0,log_margin_val_r80,19,299,508,0.5752508361204013,0.5217391304347826,0.26421404682274247,0.734251968503937,0.8252212389380531,cpu,/home/ubuntu/klb/nuclr/nuclr/runs/mprt_v1_1_dynamic_residual_atlas_cv5x3_v1/rld/fold2/seed42/dynamic/low_rank_r8/best.pt,/home/ubuntu/klb/nuclr/nuclr/runs/rld_robustness_cv5_seed42_v2/corruptions/fold2/outlier_l0.30_p0,/home/ubuntu/klb/nuclr/nuclr/runs/rld_robustness_cv5_seed42_v2/formal_rejection_comparison_ours/cells/fold2/outlier_l0.30_p0/neurid_original/queries.csv.gz
3,2,0.3,0,log_margin_val_r90,19,299,508,0.5752508361204013,0.4782608695652174,0.3779264214046823,0.860236220472441,0.7945454545454546,cpu,/home/ubuntu/klb/nuclr/nuclr/runs/mprt_v1_1_dynamic_residual_atlas_cv5x3_v1/rld/fold2/seed42/dynamic/low_rank_r8/best.pt,/home/ubuntu/klb/nuclr/nuclr/runs/rld_robustness_cv5_seed42_v2/corruptions/fold2/outlier_l0.30_p0,/home/ubuntu/klb/nuclr/nuclr/runs/rld_robustness_cv5_seed42_v2/formal_rejection_comparison_ours/cells/fold2/outlier_l0.30_p0/neurid_original/queries.csv.gz
3,2,0.3,0,log_margin_val_r95,19,299,508,0.5752508361204013,0.42474916387959866,0.48494983277591974,0.9350393700787402,0.7661290322580645,cpu,/home/ubuntu/klb/nuclr/nuclr/runs/mprt_v1_1_dynamic_residual_atlas_cv5x3_v1/rld/fold2/seed42/dynamic/low_rank_r8/best.pt,/home/ubuntu/klb/nuclr/nuclr/runs/rld_robustness_cv5_seed42_v2/corruptions/fold2/outlier_l0.30_p0,/home/ubuntu/klb/nuclr/nuclr/runs/rld_robustness_cv5_seed42_v2/formal_rejection_comparison_ours/cells/fold2/outlier_l0.30_p0/neurid_original/queries.csv.gz
3,2,0.3,1,current_argmax,19,299,508,0.5652173913043478,0.45819397993311034,0.4180602006688963,0.8996062992125984,0.7852233676975945,cpu,/home/ubuntu/klb/nuclr/nuclr/runs/mprt_v1_1_dynamic_residual_atlas_cv5x3_v1/rld/fold2/seed42/dynamic/low_rank_r8/best.pt,/home/ubuntu/klb/nuclr/nuclr/runs/rld_robustness_cv5_seed42_v2/corruptions/fold2/outlier_l0.30_p1,/home/ubuntu/klb/nuclr/nuclr/runs/rld_robustness_cv5_seed42_v2/formal_rejection_comparison_ours/cells/fold2/outlier_l0.30_p1/neurid_original/queries.csv.gz
3,2,0.3,1,binary_0_5,19,299,508,0.5652173913043478,0.5083612040133779,0.27424749163879597,0.6318897637795275,0.7965260545905707,cpu,/home/ubuntu/klb/nuclr/nuclr/runs/mprt_v1_1_dynamic_residual_atlas_cv5x3_v1/rld/fold2/seed42/dynamic/low_rank_r8/best.pt,/home/ubuntu/klb/nuclr/nuclr/runs/rld_robustness_cv5_seed42_v2/corruptions/fold2/outlier_l0.30_p1,/home/ubuntu/klb/nuclr/nuclr/runs/rld_robustness_cv5_seed42_v2/formal_rejection_comparison_ours/cells/fold2/outlier_l0.30_p1/neurid_original/queries.csv.gz
3,2,0.3,1,probability_val_r80,19,299,508,0.5652173913043478,0.45484949832775917,0.4013377926421405,0.7440944881889764,0.7590361445783133,cpu,/home/ubuntu/klb/nuclr/nuclr/runs/mprt_v1_1_dynamic_residual_atlas_cv5x3_v1/rld/fold2/seed42/dynamic/low_rank_r8/best.pt,/home/ubuntu/klb/nuclr/nuclr/runs/rld_robustness_cv5_seed42_v2/corruptions/fold2/outlier_l0.30_p1,/home/ubuntu/klb/nuclr/nuclr/runs/rld_robustness_cv5_seed42_v2/formal_rejection_comparison_ours/cells/fold2/outlier_l0.30_p1/neurid_original/queries.csv.gz
3,2,0.3,1,probability_val_r90,19,299,508,0.5652173913043478,0.36789297658862874,0.5250836120401338,0.8740157480314961,0.7387687188019967,cpu,/home/ubuntu/klb/nuclr/nuclr/runs/mprt_v1_1_dynamic_residual_atlas_cv5x3_v1/rld/fold2/seed42/dynamic/low_rank_r8/best.pt,/home/ubuntu/klb/nuclr/nuclr/runs/rld_robustness_cv5_seed42_v2/corruptions/fold2/outlier_l0.30_p1,/home/ubuntu/klb/nuclr/nuclr/runs/rld_robustness_cv5_seed42_v2/formal_rejection_comparison_ours/cells/fold2/outlier_l0.30_p1/neurid_original/queries.csv.gz
3,2,0.3,1,probability_val_r95,19,299,508,0.5652173913043478,0.3076923076923077,0.6187290969899666,0.9271653543307087,0.7179878048780488,cpu,/home/ubuntu/klb/nuclr/nuclr/runs/mprt_v1_1_dynamic_residual_atlas_cv5x3_v1/rld/fold2/seed42/dynamic/low_rank_r8/best.pt,/home/ubuntu/klb/nuclr/nuclr/runs/rld_robustness_cv5_seed42_v2/corruptions/fold2/outlier_l0.30_p1,/home/ubuntu/klb/nuclr/nuclr/runs/rld_robustness_cv5_seed42_v2/formal_rejection_comparison_ours/cells/fold2/outlier_l0.30_p1/neurid_original/queries.csv.gz
3,2,0.3,1,log_margin_val_r80,19,299,508,0.5652173913043478,0.5150501672240803,0.27759197324414714,0.7716535433070866,0.8252631578947368,cpu,/home/ubuntu/klb/nuclr/nuclr/runs/mprt_v1_1_dynamic_residual_atlas_cv5x3_v1/rld/fold2/seed42/dynamic/low_rank_r8/best.pt,/home/ubuntu/klb/nuclr/nuclr/runs/rld_robustness_cv5_seed42_v2/corruptions/fold2/outlier_l0.30_p1,/home/ubuntu/klb/nuclr/nuclr/runs/rld_robustness_cv5_seed42_v2/formal_rejection_comparison_ours/cells/fold2/outlier_l0.30_p1/neurid_original/queries.csv.gz
3,2,0.3,1,log_margin_val_r90,19,299,508,0.5652173913043478,0.48494983277591974,0.3779264214046823,0.889763779527559,0.8,cpu,/home/ubuntu/klb/nuclr/nuclr/runs/mprt_v1_1_dynamic_residual_atlas_cv5x3_v1/rld/fold2/seed42/dynamic/low_rank_r8/best.pt,/home/ubuntu/klb/nuclr/nuclr/runs/rld_robustness_cv5_seed42_v2/corruptions/fold2/outlier_l0.30_p1,/home/ubuntu/klb/nuclr/nuclr/runs/rld_robustness_cv5_seed42_v2/formal_rejection_comparison_ours/cells/fold2/outlier_l0.30_p1/neurid_original/queries.csv.gz
3,2,0.3,1,log_margin_val_r95,19,299,508,0.5652173913043478,0.411371237458194,0.4882943143812709,0.937007874015748,0.7652733118971061,cpu,/home/ubuntu/klb/nuclr/nuclr/runs/mprt_v1_1_dynamic_residual_atlas_cv5x3_v1/rld/fold2/seed42/dynamic/low_rank_r8/best.pt,/home/ubuntu/klb/nuclr/nuclr/runs/rld_robustness_cv5_seed42_v2/corruptions/fold2/outlier_l0.30_p1,/home/ubuntu/klb/nuclr/nuclr/runs/rld_robustness_cv5_seed42_v2/formal_rejection_comparison_ours/cells/fold2/outlier_l0.30_p1/neurid_original/queries.csv.gz
3,2,0.3,2,current_argmax,19,299,508,0.5551839464882943,0.4414715719063545,0.39464882943143814,0.8877952755905512,0.7926186291739895,cpu,/home/ubuntu/klb/nuclr/nuclr/runs/mprt_v1_1_dynamic_residual_atlas_cv5x3_v1/rld/fold2/seed42/dynamic/low_rank_r8/best.pt,/home/ubuntu/klb/nuclr/nuclr/runs/rld_robustness_cv5_seed42_v2/corruptions/fold2/outlier_l0.30_p2,/home/ubuntu/klb/nuclr/nuclr/runs/rld_robustness_cv5_seed42_v2/formal_rejection_comparison_ours/cells/fold2/outlier_l0.30_p2/neurid_original/queries.csv.gz
3,2,0.3,2,binary_0_5,19,299,508,0.5551839464882943,0.4782608695652174,0.2842809364548495,0.6437007874015748,0.7936893203883495,cpu,/home/ubuntu/klb/nuclr/nuclr/runs/mprt_v1_1_dynamic_residual_atlas_cv5x3_v1/rld/fold2/seed42/dynamic/low_rank_r8/best.pt,/home/ubuntu/klb/nuclr/nuclr/runs/rld_robustness_cv5_seed42_v2/corruptions/fold2/outlier_l0.30_p2,/home/ubuntu/klb/nuclr/nuclr/runs/rld_robustness_cv5_seed42_v2/formal_rejection_comparison_ours/cells/fold2/outlier_l0.30_p2/neurid_original/queries.csv.gz
3,2,0.3,2,probability_val_r80,19,299,508,0.5551839464882943,0.43478260869565216,0.3879598662207358,0.7559055118110236,0.768,cpu,/home/ubuntu/klb/nuclr/nuclr/runs/mprt_v1_1_dynamic_residual_atlas_cv5x3_v1/rld/fold2/seed42/dynamic/low_rank_r8/best.pt,/home/ubuntu/klb/nuclr/nuclr/runs/rld_robustness_cv5_seed42_v2/corruptions/fold2/outlier_l0.30_p2,/home/ubuntu/klb/nuclr/nuclr/runs/rld_robustness_cv5_seed42_v2/formal_rejection_comparison_ours/cells/fold2/outlier_l0.30_p2/neurid_original/queries.csv.gz
3,2,0.3,2,probability_val_r90,19,299,508,0.5551839464882943,0.3712374581939799,0.5150501672240803,0.8740157480314961,0.7424749163879598,cpu,/home/ubuntu/klb/nuclr/nuclr/runs/mprt_v1_1_dynamic_residual_atlas_cv5x3_v1/rld/fold2/seed42/dynamic/low_rank_r8/best.pt,/home/ubuntu/klb/nuclr/nuclr/runs/rld_robustness_cv5_seed42_v2/corruptions/fold2/outlier_l0.30_p2,/home/ubuntu/klb/nuclr/nuclr/runs/rld_robustness_cv5_seed42_v2/formal_rejection_comparison_ours/cells/fold2/outlier_l0.30_p2/neurid_original/queries.csv.gz
3,2,0.3,2,probability_val_r95,19,299,508,0.5551839464882943,0.3277591973244147,0.5953177257525084,0.9311023622047244,0.7265745007680492,cpu,/home/ubuntu/klb/nuclr/nuclr/runs/mprt_v1_1_dynamic_residual_atlas_cv5x3_v1/rld/fold2/seed42/dynamic/low_rank_r8/best.pt,/home/ubuntu/klb/nuclr/nuclr/runs/rld_robustness_cv5_seed42_v2/corruptions/fold2/outlier_l0.30_p2,/home/ubuntu/klb/nuclr/nuclr/runs/rld_robustness_cv5_seed42_v2/formal_rejection_comparison_ours/cells/fold2/outlier_l0.30_p2/neurid_original/queries.csv.gz
3,2,0.3,2,log_margin_val_r80,19,299,508,0.5551839464882943,0.5050167224080268,0.2709030100334448,0.75,0.8246753246753247,cpu,/home/ubuntu/klb/nuclr/nuclr/runs/mprt_v1_1_dynamic_residual_atlas_cv5x3_v1/rld/fold2/seed42/dynamic/low_rank_r8/best.pt,/home/ubuntu/klb/nuclr/nuclr/runs/rld_robustness_cv5_seed42_v2/corruptions/fold2/outlier_l0.30_p2,/home/ubuntu/klb/nuclr/nuclr/runs/rld_robustness_cv5_seed42_v2/formal_rejection_comparison_ours/cells/fold2/outlier_l0.30_p2/neurid_original/queries.csv.gz
3,2,0.3,2,log_margin_val_r90,19,299,508,0.5551839464882943,0.45819397993311034,0.35785953177257523,0.8622047244094488,0.8036697247706422,cpu,/home/ubuntu/klb/nuclr/nuclr/runs/mprt_v1_1_dynamic_residual_atlas_cv5x3_v1/rld/fold2/seed42/dynamic/low_rank_r8/best.pt,/home/ubuntu/klb/nuclr/nuclr/runs/rld_robustness_cv5_seed42_v2/corruptions/fold2/outlier_l0.30_p2,/home/ubuntu/klb/nuclr/nuclr/runs/rld_robustness_cv5_seed42_v2/formal_rejection_comparison_ours/cells/fold2/outlier_l0.30_p2/neurid_original/queries.csv.gz
3,2,0.3,2,log_margin_val_r95,19,299,508,0.5551839464882943,0.4080267558528428,0.47491638795986624,0.9192913385826772,0.7668308702791461,cpu,/home/ubuntu/klb/nuclr/nuclr/runs/mprt_v1_1_dynamic_residual_atlas_cv5x3_v1/rld/fold2/seed42/dynamic/low_rank_r8/best.pt,/home/ubuntu/klb/nuclr/nuclr/runs/rld_robustness_cv5_seed42_v2/corruptions/fold2/outlier_l0.30_p2,/home/ubuntu/klb/nuclr/nuclr/runs/rld_robustness_cv5_seed42_v2/formal_rejection_comparison_ours/cells/fold2/outlier_l0.30_p2/neurid_original/queries.csv.gz
3,2,0.4,0,current_argmax,19,299,680,0.568561872909699,0.45484949832775917,0.42474916387959866,0.9102941176470588,0.8297587131367292,cpu,/home/ubuntu/klb/nuclr/nuclr/runs/mprt_v1_1_dynamic_residual_atlas_cv5x3_v1/rld/fold2/seed42/dynamic/low_rank_r8/best.pt,/home/ubuntu/klb/nuclr/nuclr/runs/rld_robustness_cv5_seed42_v2/corruptions/fold2/outlier_l0.40_p0,/home/ubuntu/klb/nuclr/nuclr/runs/rld_robustness_cv5_seed42_v2/formal_rejection_comparison_ours/cells/fold2/outlier_l0.40_p0/neurid_original/queries.csv.gz
3,2,0.4,0,binary_0_5,19,299,680,0.568561872909699,0.49498327759197325,0.2976588628762542,0.638235294117647,0.8298279158699808,cpu,/home/ubuntu/klb/nuclr/nuclr/runs/mprt_v1_1_dynamic_residual_atlas_cv5x3_v1/rld/fold2/seed42/dynamic/low_rank_r8/best.pt,/home/ubuntu/klb/nuclr/nuclr/runs/rld_robustness_cv5_seed42_v2/corruptions/fold2/outlier_l0.40_p0,/home/ubuntu/klb/nuclr/nuclr/runs/rld_robustness_cv5_seed42_v2/formal_rejection_comparison_ours/cells/fold2/outlier_l0.40_p0/neurid_original/queries.csv.gz
3,2,0.4,0,probability_val_r80,19,299,680,0.568561872909699,0.431438127090301,0.4280936454849498,0.788235294117647,0.8072289156626506,cpu,/home/ubuntu/klb/nuclr/nuclr/runs/mprt_v1_1_dynamic_residual_atlas_cv5x3_v1/rld/fold2/seed42/dynamic/low_rank_r8/best.pt,/home/ubuntu/klb/nuclr/nuclr/runs/rld_robustness_cv5_seed42_v2/corruptions/fold2/outlier_l0.40_p0,/home/ubuntu/klb/nuclr/nuclr/runs/rld_robustness_cv5_seed42_v2/formal_rejection_comparison_ours/cells/fold2/outlier_l0.40_p0/neurid_original/queries.csv.gz
3,2,0.4,0,probability_val_r90,19,299,680,0.568561872909699,0.36454849498327757,0.5484949832775919,0.8955882352941177,0.7878395860284605,cpu,/home/ubuntu/klb/nuclr/nuclr/runs/mprt_v1_1_dynamic_residual_atlas_cv5x3_v1/rld/fold2/seed42/dynamic/low_rank_r8/best.pt,/home/ubuntu/klb/nuclr/nuclr/runs/rld_robustness_cv5_seed42_v2/corruptions/fold2/outlier_l0.40_p0,/home/ubuntu/klb/nuclr/nuclr/runs/rld_robustness_cv5_seed42_v2/formal_rejection_comparison_ours/cells/fold2/outlier_l0.40_p0/neurid_original/queries.csv.gz
3,2,0.4,0,probability_val_r95,19,299,680,0.568561872909699,0.30434782608695654,0.6421404682274248,0.9485294117647058,0.7706093189964157,cpu,/home/ubuntu/klb/nuclr/nuclr/runs/mprt_v1_1_dynamic_residual_atlas_cv5x3_v1/rld/fold2/seed42/dynamic/low_rank_r8/best.pt,/home/ubuntu/klb/nuclr/nuclr/runs/rld_robustness_cv5_seed42_v2/corruptions/fold2/outlier_l0.40_p0,/home/ubuntu/klb/nuclr/nuclr/runs/rld_robustness_cv5_seed42_v2/formal_rejection_comparison_ours/cells/fold2/outlier_l0.40_p0/neurid_original/queries.csv.gz
3,2,0.4,0,log_margin_val_r80,19,299,680,0.568561872909699,0.5150501672240803,0.2842809364548495,0.7779411764705882,0.8615635179153095,cpu,/home/ubuntu/klb/nuclr/nuclr/runs/mprt_v1_1_dynamic_residual_atlas_cv5x3_v1/rld/fold2/seed42/dynamic/low_rank_r8/best.pt,/home/ubuntu/klb/nuclr/nuclr/runs/rld_robustness_cv5_seed42_v2/corruptions/fold2/outlier_l0.40_p0,/home/ubuntu/klb/nuclr/nuclr/runs/rld_robustness_cv5_seed42_v2/formal_rejection_comparison_ours/cells/fold2/outlier_l0.40_p0/neurid_original/queries.csv.gz
3,2,0.4,0,log_margin_val_r90,19,299,680,0.568561872909699,0.47491638795986624,0.38461538461538464,0.8867647058823529,0.8398328690807799,cpu,/home/ubuntu/klb/nuclr/nuclr/runs/mprt_v1_1_dynamic_residual_atlas_cv5x3_v1/rld/fold2/seed42/dynamic/low_rank_r8/best.pt,/home/ubuntu/klb/nuclr/nuclr/runs/rld_robustness_cv5_seed42_v2/corruptions/fold2/outlier_l0.40_p0,/home/ubuntu/klb/nuclr/nuclr/runs/rld_robustness_cv5_seed42_v2/formal_rejection_comparison_ours/cells/fold2/outlier_l0.40_p0/neurid_original/queries.csv.gz
3,2,0.4,0,log_margin_val_r95,19,299,680,0.568561872909699,0.4180602006688963,0.49498327759197325,0.9544117647058824,0.8143036386449184,cpu,/home/ubuntu/klb/nuclr/nuclr/runs/mprt_v1_1_dynamic_residual_atlas_cv5x3_v1/rld/fold2/seed42/dynamic/low_rank_r8/best.pt,/home/ubuntu/klb/nuclr/nuclr/runs/rld_robustness_cv5_seed42_v2/corruptions/fold2/outlier_l0.40_p0,/home/ubuntu/klb/nuclr/nuclr/runs/rld_robustness_cv5_seed42_v2/formal_rejection_comparison_ours/cells/fold2/outlier_l0.40_p0/neurid_original/queries.csv.gz
3,2,0.4,1,current_argmax,19,299,680,0.5551839464882943,0.4414715719063545,0.4214046822742475,0.9058823529411765,0.8301886792452831,cpu,/home/ubuntu/klb/nuclr/nuclr/runs/mprt_v1_1_dynamic_residual_atlas_cv5x3_v1/rld/fold2/seed42/dynamic/low_rank_r8/best.pt,/home/ubuntu/klb/nuclr/nuclr/runs/rld_robustness_cv5_seed42_v2/corruptions/fold2/outlier_l0.40_p1,/home/ubuntu/klb/nuclr/nuclr/runs/rld_robustness_cv5_seed42_v2/formal_rejection_comparison_ours/cells/fold2/outlier_l0.40_p1/neurid_original/queries.csv.gz
3,2,0.4,1,binary_0_5,19,299,680,0.5551839464882943,0.4916387959866221,0.29431438127090304,0.6573529411764706,0.8355140186915888,cpu,/home/ubuntu/klb/nuclr/nuclr/runs/mprt_v1_1_dynamic_residual_atlas_cv5x3_v1/rld/fold2/seed42/dynamic/low_rank_r8/best.pt,/home/ubuntu/klb/nuclr/nuclr/runs/rld_robustness_cv5_seed42_v2/corruptions/fold2/outlier_l0.40_p1,/home/ubuntu/klb/nuclr/nuclr/runs/rld_robustness_cv5_seed42_v2/formal_rejection_comparison_ours/cells/fold2/outlier_l0.40_p1/neurid_original/queries.csv.gz
3,2,0.4,1,probability_val_r80,19,299,680,0.5551839464882943,0.43478260869565216,0.41471571906354515,0.7779411764705882,0.8101071975497703,cpu,/home/ubuntu/klb/nuclr/nuclr/runs/mprt_v1_1_dynamic_residual_atlas_cv5x3_v1/rld/fold2/seed42/dynamic/low_rank_r8/best.pt,/home/ubuntu/klb/nuclr/nuclr/runs/rld_robustness_cv5_seed42_v2/corruptions/fold2/outlier_l0.40_p1,/home/ubuntu/klb/nuclr/nuclr/runs/rld_robustness_cv5_seed42_v2/formal_rejection_comparison_ours/cells/fold2/outlier_l0.40_p1/neurid_original/queries.csv.gz
3,2,0.4,1,probability_val_r90,19,299,680,0.5551839464882943,0.3511705685618729,0.5585284280936454,0.8764705882352941,0.781127129750983,cpu,/home/ubuntu/klb/nuclr/nuclr/runs/mprt_v1_1_dynamic_residual_atlas_cv5x3_v1/rld/fold2/seed42/dynamic/low_rank_r8/best.pt,/home/ubuntu/klb/nuclr/nuclr/runs/rld_robustness_cv5_seed42_v2/corruptions/fold2/outlier_l0.40_p1,/home/ubuntu/klb/nuclr/nuclr/runs/rld_robustness_cv5_seed42_v2/formal_rejection_comparison_ours/cells/fold2/outlier_l0.40_p1/neurid_original/queries.csv.gz
3,2,0.4,1,probability_val_r95,19,299,680,0.5551839464882943,0.3177257525083612,0.6254180602006689,0.9544117647058824,0.7763157894736842,cpu,/home/ubuntu/klb/nuclr/nuclr/runs/mprt_v1_1_dynamic_residual_atlas_cv5x3_v1/rld/fold2/seed42/dynamic/low_rank_r8/best.pt,/home/ubuntu/klb/nuclr/nuclr/runs/rld_robustness_cv5_seed42_v2/corruptions/fold2/outlier_l0.40_p1,/home/ubuntu/klb/nuclr/nuclr/runs/rld_robustness_cv5_seed42_v2/formal_rejection_comparison_ours/cells/fold2/outlier_l0.40_p1/neurid_original/queries.csv.gz
3,2,0.4,1,log_margin_val_r80,19,299,680,0.5551839464882943,0.49498327759197325,0.29431438127090304,0.7720588235294118,0.8564437194127243,cpu,/home/ubuntu/klb/nuclr/nuclr/runs/mprt_v1_1_dynamic_residual_atlas_cv5x3_v1/rld/fold2/seed42/dynamic/low_rank_r8/best.pt,/home/ubuntu/klb/nuclr/nuclr/runs/rld_robustness_cv5_seed42_v2/corruptions/fold2/outlier_l0.40_p1,/home/ubuntu/klb/nuclr/nuclr/runs/rld_robustness_cv5_seed42_v2/formal_rejection_comparison_ours/cells/fold2/outlier_l0.40_p1/neurid_original/queries.csv.gz
3,2,0.4,1,log_margin_val_r90,19,299,680,0.5551839464882943,0.45819397993311034,0.38461538461538464,0.8823529411764706,0.8391608391608392,cpu,/home/ubuntu/klb/nuclr/nuclr/runs/mprt_v1_1_dynamic_residual_atlas_cv5x3_v1/rld/fold2/seed42/dynamic/low_rank_r8/best.pt,/home/ubuntu/klb/nuclr/nuclr/runs/rld_robustness_cv5_seed42_v2/corruptions/fold2/outlier_l0.40_p1,/home/ubuntu/klb/nuclr/nuclr/runs/rld_robustness_cv5_seed42_v2/formal_rejection_comparison_ours/cells/fold2/outlier_l0.40_p1/neurid_original/queries.csv.gz
3,2,0.4,1,log_margin_val_r95,19,299,680,0.5551839464882943,0.4013377926421405,0.4983277591973244,0.9529411764705882,0.8130489335006273,cpu,/home/ubuntu/klb/nuclr/nuclr/runs/mprt_v1_1_dynamic_residual_atlas_cv5x3_v1/rld/fold2/seed42/dynamic/low_rank_r8/best.pt,/home/ubuntu/klb/nuclr/nuclr/runs/rld_robustness_cv5_seed42_v2/corruptions/fold2/outlier_l0.40_p1,/home/ubuntu/klb/nuclr/nuclr/runs/rld_robustness_cv5_seed42_v2/formal_rejection_comparison_ours/cells/fold2/outlier_l0.40_p1/neurid_original/queries.csv.gz
3,2,0.4,2,current_argmax,19,299,680,0.5852842809364549,0.47491638795986624,0.391304347826087,0.9176470588235294,0.8421052631578947,cpu,/home/ubuntu/klb/nuclr/nuclr/runs/mprt_v1_1_dynamic_residual_atlas_cv5x3_v1/rld/fold2/seed42/dynamic/low_rank_r8/best.pt,/home/ubuntu/klb/nuclr/nuclr/runs/rld_robustness_cv5_seed42_v2/corruptions/fold2/outlier_l0.40_p2,/home/ubuntu/klb/nuclr/nuclr/runs/rld_robustness_cv5_seed42_v2/formal_rejection_comparison_ours/cells/fold2/outlier_l0.40_p2/neurid_original/queries.csv.gz
3,2,0.4,2,binary_0_5,19,299,680,0.5852842809364549,0.5217391304347826,0.27424749163879597,0.6426470588235295,0.8420038535645472,cpu,/home/ubuntu/klb/nuclr/nuclr/runs/mprt_v1_1_dynamic_residual_atlas_cv5x3_v1/rld/fold2/seed42/dynamic/low_rank_r8/best.pt,/home/ubuntu/klb/nuclr/nuclr/runs/rld_robustness_cv5_seed42_v2/corruptions/fold2/outlier_l0.40_p2,/home/ubuntu/klb/nuclr/nuclr/runs/rld_robustness_cv5_seed42_v2/formal_rejection_comparison_ours/cells/fold2/outlier_l0.40_p2/neurid_original/queries.csv.gz
3,2,0.4,2,probability_val_r80,19,299,680,0.5852842809364549,0.451505016722408,0.41471571906354515,0.7838235294117647,0.8112633181126332,cpu,/home/ubuntu/klb/nuclr/nuclr/runs/mprt_v1_1_dynamic_residual_atlas_cv5x3_v1/rld/fold2/seed42/dynamic/low_rank_r8/best.pt,/home/ubuntu/klb/nuclr/nuclr/runs/rld_robustness_cv5_seed42_v2/corruptions/fold2/outlier_l0.40_p2,/home/ubuntu/klb/nuclr/nuclr/runs/rld_robustness_cv5_seed42_v2/formal_rejection_comparison_ours/cells/fold2/outlier_l0.40_p2/neurid_original/queries.csv.gz
3,2,0.4,2,probability_val_r90,19,299,680,0.5852842809364549,0.36789297658862874,0.5418060200668896,0.888235294117647,0.7885117493472585,cpu,/home/ubuntu/klb/nuclr/nuclr/runs/mprt_v1_1_dynamic_residual_atlas_cv5x3_v1/rld/fold2/seed42/dynamic/low_rank_r8/best.pt,/home/ubuntu/klb/nuclr/nuclr/runs/rld_robustness_cv5_seed42_v2/corruptions/fold2/outlier_l0.40_p2,/home/ubuntu/klb/nuclr/nuclr/runs/rld_robustness_cv5_seed42_v2/formal_rejection_comparison_ours/cells/fold2/outlier_l0.40_p2/neurid_original/queries.csv.gz
3,2,0.4,2,probability_val_r95,19,299,680,0.5852842809364549,0.30434782608695654,0.6354515050167224,0.95,0.7727272727272727,cpu,/home/ubuntu/klb/nuclr/nuclr/runs/mprt_v1_1_dynamic_residual_atlas_cv5x3_v1/rld/fold2/seed42/dynamic/low_rank_r8/best.pt,/home/ubuntu/klb/nuclr/nuclr/runs/rld_robustness_cv5_seed42_v2/corruptions/fold2/outlier_l0.40_p2,/home/ubuntu/klb/nuclr/nuclr/runs/rld_robustness_cv5_seed42_v2/formal_rejection_comparison_ours/cells/fold2/outlier_l0.40_p2/neurid_original/queries.csv.gz
3,2,0.4,2,log_margin_val_r80,19,299,680,0.5852842809364549,0.5284280936454849,0.2709030100334448,0.7911764705882353,0.8691437802907916,cpu,/home/ubuntu/klb/nuclr/nuclr/runs/mprt_v1_1_dynamic_residual_atlas_cv5x3_v1/rld/fold2/seed42/dynamic/low_rank_r8/best.pt,/home/ubuntu/klb/nuclr/nuclr/runs/rld_robustness_cv5_seed42_v2/corruptions/fold2/outlier_l0.40_p2,/home/ubuntu/klb/nuclr/nuclr/runs/rld_robustness_cv5_seed42_v2/formal_rejection_comparison_ours/cells/fold2/outlier_l0.40_p2/neurid_original/queries.csv.gz
3,2,0.4,2,log_margin_val_r90,19,299,680,0.5852842809364549,0.4916387959866221,0.3612040133779264,0.8955882352941177,0.8493723849372385,cpu,/home/ubuntu/klb/nuclr/nuclr/runs/mprt_v1_1_dynamic_residual_atlas_cv5x3_v1/rld/fold2/seed42/dynamic/low_rank_r8/best.pt,/home/ubuntu/klb/nuclr/nuclr/runs/rld_robustness_cv5_seed42_v2/corruptions/fold2/outlier_l0.40_p2,/home/ubuntu/klb/nuclr/nuclr/runs/rld_robustness_cv5_seed42_v2/formal_rejection_comparison_ours/cells/fold2/outlier_l0.40_p2/neurid_original/queries.csv.gz
3,2,0.4,2,log_margin_val_r95,19,299,680,0.5852842809364549,0.42474916387959866,0.48494983277591974,0.9529411764705882,0.8171500630517023,cpu,/home/ubuntu/klb/nuclr/nuclr/runs/mprt_v1_1_dynamic_residual_atlas_cv5x3_v1/rld/fold2/seed42/dynamic/low_rank_r8/best.pt,/home/ubuntu/klb/nuclr/nuclr/runs/rld_robustness_cv5_seed42_v2/corruptions/fold2/outlier_l0.40_p2,/home/ubuntu/klb/nuclr/nuclr/runs/rld_robustness_cv5_seed42_v2/formal_rejection_comparison_ours/cells/fold2/outlier_l0.40_p2/neurid_original/queries.csv.gz
3,2,0.5,0,current_argmax,19,299,856,0.5484949832775919,0.4080267558528428,0.4682274247491639,0.9205607476635514,0.8491379310344828,cpu,/home/ubuntu/klb/nuclr/nuclr/runs/mprt_v1_1_dynamic_residual_atlas_cv5x3_v1/rld/fold2/seed42/dynamic/low_rank_r8/best.pt,/home/ubuntu/klb/nuclr/nuclr/runs/rld_robustness_cv5_seed42_v2/corruptions/fold2/outlier_l0.50_p0,/home/ubuntu/klb/nuclr/nuclr/runs/rld_robustness_cv5_seed42_v2/formal_rejection_comparison_ours/cells/fold2/outlier_l0.50_p0/neurid_original/queries.csv.gz
3,2,0.5,0,binary_0_5,19,299,856,0.5484949832775919,0.45484949832775917,0.35451505016722407,0.6915887850467289,0.8481375358166189,cpu,/home/ubuntu/klb/nuclr/nuclr/runs/mprt_v1_1_dynamic_residual_atlas_cv5x3_v1/rld/fold2/seed42/dynamic/low_rank_r8/best.pt,/home/ubuntu/klb/nuclr/nuclr/runs/rld_robustness_cv5_seed42_v2/corruptions/fold2/outlier_l0.50_p0,/home/ubuntu/klb/nuclr/nuclr/runs/rld_robustness_cv5_seed42_v2/formal_rejection_comparison_ours/cells/fold2/outlier_l0.50_p0/neurid_original/queries.csv.gz
3,2,0.5,0,probability_val_r80,19,299,856,0.5484949832775919,0.3979933110367893,0.46153846153846156,0.8060747663551402,0.8333333333333334,cpu,/home/ubuntu/klb/nuclr/nuclr/runs/mprt_v1_1_dynamic_residual_atlas_cv5x3_v1/rld/fold2/seed42/dynamic/low_rank_r8/best.pt,/home/ubuntu/klb/nuclr/nuclr/runs/rld_robustness_cv5_seed42_v2/corruptions/fold2/outlier_l0.50_p0,/home/ubuntu/klb/nuclr/nuclr/runs/rld_robustness_cv5_seed42_v2/formal_rejection_comparison_ours/cells/fold2/outlier_l0.50_p0/neurid_original/queries.csv.gz
3,2,0.5,0,probability_val_r90,19,299,856,0.5484949832775919,0.3277591973244147,0.5852842809364549,0.9030373831775701,0.8154008438818565,cpu,/home/ubuntu/klb/nuclr/nuclr/runs/mprt_v1_1_dynamic_residual_atlas_cv5x3_v1/rld/fold2/seed42/dynamic/low_rank_r8/best.pt,/home/ubuntu/klb/nuclr/nuclr/runs/rld_robustness_cv5_seed42_v2/corruptions/fold2/outlier_l0.50_p0,/home/ubuntu/klb/nuclr/nuclr/runs/rld_robustness_cv5_seed42_v2/formal_rejection_comparison_ours/cells/fold2/outlier_l0.50_p0/neurid_original/queries.csv.gz
3,2,0.5,0,probability_val_r95,19,299,856,0.5484949832775919,0.28762541806020064,0.6555183946488294,0.947429906542056,0.8053624627606752,cpu,/home/ubuntu/klb/nuclr/nuclr/runs/mprt_v1_1_dynamic_residual_atlas_cv5x3_v1/rld/fold2/seed42/dynamic/low_rank_r8/best.pt,/home/ubuntu/klb/nuclr/nuclr/runs/rld_robustness_cv5_seed42_v2/corruptions/fold2/outlier_l0.50_p0,/home/ubuntu/klb/nuclr/nuclr/runs/rld_robustness_cv5_seed42_v2/formal_rejection_comparison_ours/cells/fold2/outlier_l0.50_p0/neurid_original/queries.csv.gz
3,2,0.5,0,log_margin_val_r80,19,299,856,0.5484949832775919,0.47491638795986624,0.3110367892976589,0.8037383177570093,0.8809218950064021,cpu,/home/ubuntu/klb/nuclr/nuclr/runs/mprt_v1_1_dynamic_residual_atlas_cv5x3_v1/rld/fold2/seed42/dynamic/low_rank_r8/best.pt,/home/ubuntu/klb/nuclr/nuclr/runs/rld_robustness_cv5_seed42_v2/corruptions/fold2/outlier_l0.50_p0,/home/ubuntu/klb/nuclr/nuclr/runs/rld_robustness_cv5_seed42_v2/formal_rejection_comparison_ours/cells/fold2/outlier_l0.50_p0/neurid_original/queries.csv.gz
3,2,0.5,0,log_margin_val_r90,19,299,856,0.5484949832775919,0.4414715719063545,0.41471571906354515,0.9007009345794392,0.8614525139664805,cpu,/home/ubuntu/klb/nuclr/nuclr/runs/mprt_v1_1_dynamic_residual_atlas_cv5x3_v1/rld/fold2/seed42/dynamic/low_rank_r8/best.pt,/home/ubuntu/klb/nuclr/nuclr/runs/rld_robustness_cv5_seed42_v2/corruptions/fold2/outlier_l0.50_p0,/home/ubuntu/klb/nuclr/nuclr/runs/rld_robustness_cv5_seed42_v2/formal_rejection_comparison_ours/cells/fold2/outlier_l0.50_p0/neurid_original/queries.csv.gz
3,2,0.5,0,log_margin_val_r95,19,299,856,0.5484949832775919,0.3779264214046823,0.5250836120401338,0.9485981308411215,0.8379772961816305,cpu,/home/ubuntu/klb/nuclr/nuclr/runs/mprt_v1_1_dynamic_residual_atlas_cv5x3_v1/rld/fold2/seed42/dynamic/low_rank_r8/best.pt,/home/ubuntu/klb/nuclr/nuclr/runs/rld_robustness_cv5_seed42_v2/corruptions/fold2/outlier_l0.50_p0,/home/ubuntu/klb/nuclr/nuclr/runs/rld_robustness_cv5_seed42_v2/formal_rejection_comparison_ours/cells/fold2/outlier_l0.50_p0/neurid_original/queries.csv.gz
3,2,0.5,1,current_argmax,19,299,856,0.5551839464882943,0.44481605351170567,0.43812709030100333,0.9217289719626168,0.8576086956521739,cpu,/home/ubuntu/klb/nuclr/nuclr/runs/mprt_v1_1_dynamic_residual_atlas_cv5x3_v1/rld/fold2/seed42/dynamic/low_rank_r8/best.pt,/home/ubuntu/klb/nuclr/nuclr/runs/rld_robustness_cv5_seed42_v2/corruptions/fold2/outlier_l0.50_p1,/home/ubuntu/klb/nuclr/nuclr/runs/rld_robustness_cv5_seed42_v2/formal_rejection_comparison_ours/cells/fold2/outlier_l0.50_p1/neurid_original/queries.csv.gz
3,2,0.5,1,binary_0_5,19,299,856,0.5551839464882943,0.4916387959866221,0.3110367892976589,0.6507009345794392,0.8569230769230769,cpu,/home/ubuntu/klb/nuclr/nuclr/runs/mprt_v1_1_dynamic_residual_atlas_cv5x3_v1/rld/fold2/seed42/dynamic/low_rank_r8/best.pt,/home/ubuntu/klb/nuclr/nuclr/runs/rld_robustness_cv5_seed42_v2/corruptions/fold2/outlier_l0.50_p1,/home/ubuntu/klb/nuclr/nuclr/runs/rld_robustness_cv5_seed42_v2/formal_rejection_comparison_ours/cells/fold2/outlier_l0.50_p1/neurid_original/queries.csv.gz
3,2,0.5,1,probability_val_r80,19,299,856,0.5551839464882943,0.4180602006688963,0.44816053511705684,0.8084112149532711,0.837772397094431,cpu,/home/ubuntu/klb/nuclr/nuclr/runs/mprt_v1_1_dynamic_residual_atlas_cv5x3_v1/rld/fold2/seed42/dynamic/low_rank_r8/best.pt,/home/ubuntu/klb/nuclr/nuclr/runs/rld_robustness_cv5_seed42_v2/corruptions/fold2/outlier_l0.50_p1,/home/ubuntu/klb/nuclr/nuclr/runs/rld_robustness_cv5_seed42_v2/formal_rejection_comparison_ours/cells/fold2/outlier_l0.50_p1/neurid_original/queries.csv.gz
3,2,0.5,1,probability_val_r90,19,299,856,0.5551839464882943,0.33444816053511706,0.5785953177257525,0.9135514018691588,0.818848167539267,cpu,/home/ubuntu/klb/nuclr/nuclr/runs/mprt_v1_1_dynamic_residual_atlas_cv5x3_v1/rld/fold2/seed42/dynamic/low_rank_r8/best.pt,/home/ubuntu/klb/nuclr/nuclr/runs/rld_robustness_cv5_seed42_v2/corruptions/fold2/outlier_l0.50_p1,/home/ubuntu/klb/nuclr/nuclr/runs/rld_robustness_cv5_seed42_v2/formal_rejection_comparison_ours/cells/fold2/outlier_l0.50_p1/neurid_original/queries.csv.gz
3,2,0.5,1,probability_val_r95,19,299,856,0.5551839464882943,0.27424749163879597,0.6755852842809364,0.9532710280373832,0.8015717092337917,cpu,/home/ubuntu/klb/nuclr/nuclr/runs/mprt_v1_1_dynamic_residual_atlas_cv5x3_v1/rld/fold2/seed42/dynamic/low_rank_r8/best.pt,/home/ubuntu/klb/nuclr/nuclr/runs/rld_robustness_cv5_seed42_v2/corruptions/fold2/outlier_l0.50_p1,/home/ubuntu/klb/nuclr/nuclr/runs/rld_robustness_cv5_seed42_v2/formal_rejection_comparison_ours/cells/fold2/outlier_l0.50_p1/neurid_original/queries.csv.gz
3,2,0.5,1,log_margin_val_r80,19,299,856,0.5551839464882943,0.49498327759197325,0.30434782608695654,0.8002336448598131,0.8827319587628866,cpu,/home/ubuntu/klb/nuclr/nuclr/runs/mprt_v1_1_dynamic_residual_atlas_cv5x3_v1/rld/fold2/seed42/dynamic/low_rank_r8/best.pt,/home/ubuntu/klb/nuclr/nuclr/runs/rld_robustness_cv5_seed42_v2/corruptions/fold2/outlier_l0.50_p1,/home/ubuntu/klb/nuclr/nuclr/runs/rld_robustness_cv5_seed42_v2/formal_rejection_comparison_ours/cells/fold2/outlier_l0.50_p1/neurid_original/queries.csv.gz
3,2,0.5,1,log_margin_val_r90,19,299,856,0.5551839464882943,0.46153846153846156,0.40468227424749165,0.9088785046728972,0.8654060066740823,cpu,/home/ubuntu/klb/nuclr/nuclr/runs/mprt_v1_1_dynamic_residual_atlas_cv5x3_v1/rld/fold2/seed42/dynamic/low_rank_r8/best.pt,/home/ubuntu/klb/nuclr/nuclr/runs/rld_robustness_cv5_seed42_v2/corruptions/fold2/outlier_l0.50_p1,/home/ubuntu/klb/nuclr/nuclr/runs/rld_robustness_cv5_seed42_v2/formal_rejection_comparison_ours/cells/fold2/outlier_l0.50_p1/neurid_original/queries.csv.gz
3,2,0.5,1,log_margin_val_r95,19,299,856,0.5551839464882943,0.40468227424749165,0.5083612040133779,0.9544392523364486,0.8431372549019608,cpu,/home/ubuntu/klb/nuclr/nuclr/runs/mprt_v1_1_dynamic_residual_atlas_cv5x3_v1/rld/fold2/seed42/dynamic/low_rank_r8/best.pt,/home/ubuntu/klb/nuclr/nuclr/runs/rld_robustness_cv5_seed42_v2/corruptions/fold2/outlier_l0.50_p1,/home/ubuntu/klb/nuclr/nuclr/runs/rld_robustness_cv5_seed42_v2/formal_rejection_comparison_ours/cells/fold2/outlier_l0.50_p1/neurid_original/queries.csv.gz
3,2,0.5,2,current_argmax,19,299,856,0.5518394648829431,0.411371237458194,0.4682274247491639,0.9299065420560748,0.8504273504273504,cpu,/home/ubuntu/klb/nuclr/nuclr/runs/mprt_v1_1_dynamic_residual_atlas_cv5x3_v1/rld/fold2/seed42/dynamic/low_rank_r8/best.pt,/home/ubuntu/klb/nuclr/nuclr/runs/rld_robustness_cv5_seed42_v2/corruptions/fold2/outlier_l0.50_p2,/home/ubuntu/klb/nuclr/nuclr/runs/rld_robustness_cv5_seed42_v2/formal_rejection_comparison_ours/cells/fold2/outlier_l0.50_p2/neurid_original/queries.csv.gz
3,2,0.5,2,binary_0_5,19,299,856,0.5518394648829431,0.47491638795986624,0.3277591973244147,0.6670560747663551,0.8535127055306427,cpu,/home/ubuntu/klb/nuclr/nuclr/runs/mprt_v1_1_dynamic_residual_atlas_cv5x3_v1/rld/fold2/seed42/dynamic/low_rank_r8/best.pt,/home/ubuntu/klb/nuclr/nuclr/runs/rld_robustness_cv5_seed42_v2/corruptions/fold2/outlier_l0.50_p2,/home/ubuntu/klb/nuclr/nuclr/runs/rld_robustness_cv5_seed42_v2/formal_rejection_comparison_ours/cells/fold2/outlier_l0.50_p2/neurid_original/queries.csv.gz
3,2,0.5,2,probability_val_r80,19,299,856,0.5518394648829431,0.4080267558528428,0.45484949832775917,0.7827102803738317,0.8312655086848635,cpu,/home/ubuntu/klb/nuclr/nuclr/runs/mprt_v1_1_dynamic_residual_atlas_cv5x3_v1/rld/fold2/seed42/dynamic/low_rank_r8/best.pt,/home/ubuntu/klb/nuclr/nuclr/runs/rld_robustness_cv5_seed42_v2/corruptions/fold2/outlier_l0.50_p2,/home/ubuntu/klb/nuclr/nuclr/runs/rld_robustness_cv5_seed42_v2/formal_rejection_comparison_ours/cells/fold2/outlier_l0.50_p2/neurid_original/queries.csv.gz
3,2,0.5,2,probability_val_r90,19,299,856,0.5518394648829431,0.33444816053511706,0.5919732441471572,0.9065420560747663,0.8142707240293809,cpu,/home/ubuntu/klb/nuclr/nuclr/runs/mprt_v1_1_dynamic_residual_atlas_cv5x3_v1/rld/fold2/seed42/dynamic/low_rank_r8/best.pt,/home/ubuntu/klb/nuclr/nuclr/runs/rld_robustness_cv5_seed42_v2/corruptions/fold2/outlier_l0.50_p2,/home/ubuntu/klb/nuclr/nuclr/runs/rld_robustness_cv5_seed42_v2/formal_rejection_comparison_ours/cells/fold2/outlier_l0.50_p2/neurid_original/queries.csv.gz
3,2,0.5,2,probability_val_r95,19,299,856,0.5518394648829431,0.2842809364548495,0.6722408026755853,0.9544392523364486,0.8025540275049116,cpu,/home/ubuntu/klb/nuclr/nuclr/runs/mprt_v1_1_dynamic_residual_atlas_cv5x3_v1/rld/fold2/seed42/dynamic/low_rank_r8/best.pt,/home/ubuntu/klb/nuclr/nuclr/runs/rld_robustness_cv5_seed42_v2/corruptions/fold2/outlier_l0.50_p2,/home/ubuntu/klb/nuclr/nuclr/runs/rld_robustness_cv5_seed42_v2/formal_rejection_comparison_ours/cells/fold2/outlier_l0.50_p2/neurid_original/queries.csv.gz
3,2,0.5,2,log_margin_val_r80,19,299,856,0.5518394648829431,0.4882943143812709,0.3177257525083612,0.7932242990654206,0.8772609819121447,cpu,/home/ubuntu/klb/nuclr/nuclr/runs/mprt_v1_1_dynamic_residual_atlas_cv5x3_v1/rld/fold2/seed42/dynamic/low_rank_r8/best.pt,/home/ubuntu/klb/nuclr/nuclr/runs/rld_robustness_cv5_seed42_v2/corruptions/fold2/outlier_l0.50_p2,/home/ubuntu/klb/nuclr/nuclr/runs/rld_robustness_cv5_seed42_v2/formal_rejection_comparison_ours/cells/fold2/outlier_l0.50_p2/neurid_original/queries.csv.gz
3,2,0.5,2,log_margin_val_r90,19,299,856,0.5518394648829431,0.4280936454849498,0.43812709030100333,0.9042056074766355,0.8552486187845304,cpu,/home/ubuntu/klb/nuclr/nuclr/runs/mprt_v1_1_dynamic_residual_atlas_cv5x3_v1/rld/fold2/seed42/dynamic/low_rank_r8/best.pt,/home/ubuntu/klb/nuclr/nuclr/runs/rld_robustness_cv5_seed42_v2/corruptions/fold2/outlier_l0.50_p2,/home/ubuntu/klb/nuclr/nuclr/runs/rld_robustness_cv5_seed42_v2/formal_rejection_comparison_ours/cells/fold2/outlier_l0.50_p2/neurid_original/queries.csv.gz
3,2,0.5,2,log_margin_val_r95,19,299,856,0.5518394648829431,0.38127090301003347,0.5284280936454849,0.9602803738317757,0.8387755102040816,cpu,/home/ubuntu/klb/nuclr/nuclr/runs/mprt_v1_1_dynamic_residual_atlas_cv5x3_v1/rld/fold2/seed42/dynamic/low_rank_r8/best.pt,/home/ubuntu/klb/nuclr/nuclr/runs/rld_robustness_cv5_seed42_v2/corruptions/fold2/outlier_l0.50_p2,/home/ubuntu/klb/nuclr/nuclr/runs/rld_robustness_cv5_seed42_v2/formal_rejection_comparison_ours/cells/fold2/outlier_l0.50_p2/neurid_original/queries.csv.gz
3,3,0.0,0,current_argmax,19,296,0,0.6351351351351351,0.6047297297297297,0.1891891891891892,,,cpu,/home/ubuntu/klb/nuclr/nuclr/runs/mprt_v1_1_dynamic_residual_atlas_cv5x3_v1/rld/fold3/seed42/dynamic/low_rank_r8/best.pt,/home/ubuntu/klb/nuclr/nuclr/runs/rld_robustness_cv5_seed42_v2/corruptions/fold3/outlier_l0.00_p0,/home/ubuntu/klb/nuclr/nuclr/runs/rld_robustness_cv5_seed42_v2/formal_rejection_comparison_ours/cells/fold3/outlier_l0.00_p0/neurid_original/queries.csv.gz
3,3,0.0,0,binary_0_5,19,296,0,0.6351351351351351,0.6216216216216216,0.11486486486486487,,,cpu,/home/ubuntu/klb/nuclr/nuclr/runs/mprt_v1_1_dynamic_residual_atlas_cv5x3_v1/rld/fold3/seed42/dynamic/low_rank_r8/best.pt,/home/ubuntu/klb/nuclr/nuclr/runs/rld_robustness_cv5_seed42_v2/corruptions/fold3/outlier_l0.00_p0,/home/ubuntu/klb/nuclr/nuclr/runs/rld_robustness_cv5_seed42_v2/formal_rejection_comparison_ours/cells/fold3/outlier_l0.00_p0/neurid_original/queries.csv.gz
3,3,0.0,0,probability_val_r80,19,296,0,0.6351351351351351,0.625,0.08108108108108109,,,cpu,/home/ubuntu/klb/nuclr/nuclr/runs/mprt_v1_1_dynamic_residual_atlas_cv5x3_v1/rld/fold3/seed42/dynamic/low_rank_r8/best.pt,/home/ubuntu/klb/nuclr/nuclr/runs/rld_robustness_cv5_seed42_v2/corruptions/fold3/outlier_l0.00_p0,/home/ubuntu/klb/nuclr/nuclr/runs/rld_robustness_cv5_seed42_v2/formal_rejection_comparison_ours/cells/fold3/outlier_l0.00_p0/neurid_original/queries.csv.gz
3,3,0.0,0,probability_val_r90,19,296,0,0.6351351351351351,0.6114864864864865,0.14189189189189189,,,cpu,/home/ubuntu/klb/nuclr/nuclr/runs/mprt_v1_1_dynamic_residual_atlas_cv5x3_v1/rld/fold3/seed42/dynamic/low_rank_r8/best.pt,/home/ubuntu/klb/nuclr/nuclr/runs/rld_robustness_cv5_seed42_v2/corruptions/fold3/outlier_l0.00_p0,/home/ubuntu/klb/nuclr/nuclr/runs/rld_robustness_cv5_seed42_v2/formal_rejection_comparison_ours/cells/fold3/outlier_l0.00_p0/neurid_original/queries.csv.gz
3,3,0.0,0,probability_val_r95,19,296,0,0.6351351351351351,0.5777027027027027,0.22297297297297297,,,cpu,/home/ubuntu/klb/nuclr/nuclr/runs/mprt_v1_1_dynamic_residual_atlas_cv5x3_v1/rld/fold3/seed42/dynamic/low_rank_r8/best.pt,/home/ubuntu/klb/nuclr/nuclr/runs/rld_robustness_cv5_seed42_v2/corruptions/fold3/outlier_l0.00_p0,/home/ubuntu/klb/nuclr/nuclr/runs/rld_robustness_cv5_seed42_v2/formal_rejection_comparison_ours/cells/fold3/outlier_l0.00_p0/neurid_original/queries.csv.gz
3,3,0.0,0,log_margin_val_r80,19,296,0,0.6351351351351351,0.6317567567567568,0.06418918918918919,,,cpu,/home/ubuntu/klb/nuclr/nuclr/runs/mprt_v1_1_dynamic_residual_atlas_cv5x3_v1/rld/fold3/seed42/dynamic/low_rank_r8/best.pt,/home/ubuntu/klb/nuclr/nuclr/runs/rld_robustness_cv5_seed42_v2/corruptions/fold3/outlier_l0.00_p0,/home/ubuntu/klb/nuclr/nuclr/runs/rld_robustness_cv5_seed42_v2/formal_rejection_comparison_ours/cells/fold3/outlier_l0.00_p0/neurid_original/queries.csv.gz
3,3,0.0,0,log_margin_val_r90,19,296,0,0.6351351351351351,0.6216216216216216,0.12837837837837837,,,cpu,/home/ubuntu/klb/nuclr/nuclr/runs/mprt_v1_1_dynamic_residual_atlas_cv5x3_v1/rld/fold3/seed42/dynamic/low_rank_r8/best.pt,/home/ubuntu/klb/nuclr/nuclr/runs/rld_robustness_cv5_seed42_v2/corruptions/fold3/outlier_l0.00_p0,/home/ubuntu/klb/nuclr/nuclr/runs/rld_robustness_cv5_seed42_v2/formal_rejection_comparison_ours/cells/fold3/outlier_l0.00_p0/neurid_original/queries.csv.gz
3,3,0.0,0,log_margin_val_r95,19,296,0,0.6351351351351351,0.6148648648648649,0.17905405405405406,,,cpu,/home/ubuntu/klb/nuclr/nuclr/runs/mprt_v1_1_dynamic_residual_atlas_cv5x3_v1/rld/fold3/seed42/dynamic/low_rank_r8/best.pt,/home/ubuntu/klb/nuclr/nuclr/runs/rld_robustness_cv5_seed42_v2/corruptions/fold3/outlier_l0.00_p0,/home/ubuntu/klb/nuclr/nuclr/runs/rld_robustness_cv5_seed42_v2/formal_rejection_comparison_ours/cells/fold3/outlier_l0.00_p0/neurid_original/queries.csv.gz
3,3,0.1,0,current_argmax,19,296,177,0.6486486486486487,0.5777027027027027,0.24324324324324326,0.9322033898305084,0.6962025316455697,cpu,/home/ubuntu/klb/nuclr/nuclr/runs/mprt_v1_1_dynamic_residual_atlas_cv5x3_v1/rld/fold3/seed42/dynamic/low_rank_r8/best.pt,/home/ubuntu/klb/nuclr/nuclr/runs/rld_robustness_cv5_seed42_v2/corruptions/fold3/outlier_l0.10_p0,/home/ubuntu/klb/nuclr/nuclr/runs/rld_robustness_cv5_seed42_v2/formal_rejection_comparison_ours/cells/fold3/outlier_l0.10_p0/neurid_original/queries.csv.gz
3,3,0.1,0,binary_0_5,19,296,177,0.6486486486486487,0.6047297297297297,0.13513513513513514,0.8813559322033898,0.7959183673469388,cpu,/home/ubuntu/klb/nuclr/nuclr/runs/mprt_v1_1_dynamic_residual_atlas_cv5x3_v1/rld/fold3/seed42/dynamic/low_rank_r8/best.pt,/home/ubuntu/klb/nuclr/nuclr/runs/rld_robustness_cv5_seed42_v2/corruptions/fold3/outlier_l0.10_p0,/home/ubuntu/klb/nuclr/nuclr/runs/rld_robustness_cv5_seed42_v2/formal_rejection_comparison_ours/cells/fold3/outlier_l0.10_p0/neurid_original/queries.csv.gz
3,3,0.1,0,probability_val_r80,19,296,177,0.6486486486486487,0.6148648648648649,0.11824324324324324,0.8248587570621468,0.8066298342541437,cpu,/home/ubuntu/klb/nuclr/nuclr/runs/mprt_v1_1_dynamic_residual_atlas_cv5x3_v1/rld/fold3/seed42/dynamic/low_rank_r8/best.pt,/home/ubuntu/klb/nuclr/nuclr/runs/rld_robustness_cv5_seed42_v2/corruptions/fold3/outlier_l0.10_p0,/home/ubuntu/klb/nuclr/nuclr/runs/rld_robustness_cv5_seed42_v2/formal_rejection_comparison_ours/cells/fold3/outlier_l0.10_p0/neurid_original/queries.csv.gz
3,3,0.1,0,probability_val_r90,19,296,177,0.6486486486486487,0.5878378378378378,0.19256756756756757,0.9096045197740112,0.7385321100917431,cpu,/home/ubuntu/klb/nuclr/nuclr/runs/mprt_v1_1_dynamic_residual_atlas_cv5x3_v1/rld/fold3/seed42/dynamic/low_rank_r8/best.pt,/home/ubuntu/klb/nuclr/nuclr/runs/rld_robustness_cv5_seed42_v2/corruptions/fold3/outlier_l0.10_p0,/home/ubuntu/klb/nuclr/nuclr/runs/rld_robustness_cv5_seed42_v2/formal_rejection_comparison_ours/cells/fold3/outlier_l0.10_p0/neurid_original/queries.csv.gz
3,3,0.1,0,probability_val_r95,19,296,177,0.6486486486486487,0.5472972972972973,0.27364864864864863,0.943502824858757,0.6733870967741935,cpu,/home/ubuntu/klb/nuclr/nuclr/runs/mprt_v1_1_dynamic_residual_atlas_cv5x3_v1/rld/fold3/seed42/dynamic/low_rank_r8/best.pt,/home/ubuntu/klb/nuclr/nuclr/runs/rld_robustness_cv5_seed42_v2/corruptions/fold3/outlier_l0.10_p0,/home/ubuntu/klb/nuclr/nuclr/runs/rld_robustness_cv5_seed42_v2/formal_rejection_comparison_ours/cells/fold3/outlier_l0.10_p0/neurid_original/queries.csv.gz
3,3,0.1,0,log_margin_val_r80,19,296,177,0.6486486486486487,0.6351351351351351,0.08783783783783784,0.807909604519774,0.8461538461538461,cpu,/home/ubuntu/klb/nuclr/nuclr/runs/mprt_v1_1_dynamic_residual_atlas_cv5x3_v1/rld/fold3/seed42/dynamic/low_rank_r8/best.pt,/home/ubuntu/klb/nuclr/nuclr/runs/rld_robustness_cv5_seed42_v2/corruptions/fold3/outlier_l0.10_p0,/home/ubuntu/klb/nuclr/nuclr/runs/rld_robustness_cv5_seed42_v2/formal_rejection_comparison_ours/cells/fold3/outlier_l0.10_p0/neurid_original/queries.csv.gz
3,3,0.1,0,log_margin_val_r90,19,296,177,0.6486486486486487,0.6148648648648649,0.15202702702702703,0.8983050847457628,0.7794117647058824,cpu,/home/ubuntu/klb/nuclr/nuclr/runs/mprt_v1_1_dynamic_residual_atlas_cv5x3_v1/rld/fold3/seed42/dynamic/low_rank_r8/best.pt,/home/ubuntu/klb/nuclr/nuclr/runs/rld_robustness_cv5_seed42_v2/corruptions/fold3/outlier_l0.10_p0,/home/ubuntu/klb/nuclr/nuclr/runs/rld_robustness_cv5_seed42_v2/formal_rejection_comparison_ours/cells/fold3/outlier_l0.10_p0/neurid_original/queries.csv.gz
3,3,0.1,0,log_margin_val_r95,19,296,177,0.6486486486486487,0.5844594594594594,0.23310810810810811,0.9322033898305084,0.7051282051282052,cpu,/home/ubuntu/klb/nuclr/nuclr/runs/mprt_v1_1_dynamic_residual_atlas_cv5x3_v1/rld/fold3/seed42/dynamic/low_rank_r8/best.pt,/home/ubuntu/klb/nuclr/nuclr/runs/rld_robustness_cv5_seed42_v2/corruptions/fold3/outlier_l0.10_p0,/home/ubuntu/klb/nuclr/nuclr/runs/rld_robustness_cv5_seed42_v2/formal_rejection_comparison_ours/cells/fold3/outlier_l0.10_p0/neurid_original/queries.csv.gz
3,3,0.1,1,current_argmax,19,296,177,0.6452702702702703,0.5912162162162162,0.23648648648648649,0.9548022598870056,0.7071129707112971,cpu,/home/ubuntu/klb/nuclr/nuclr/runs/mprt_v1_1_dynamic_residual_atlas_cv5x3_v1/rld/fold3/seed42/dynamic/low_rank_r8/best.pt,/home/ubuntu/klb/nuclr/nuclr/runs/rld_robustness_cv5_seed42_v2/corruptions/fold3/outlier_l0.10_p1,/home/ubuntu/klb/nuclr/nuclr/runs/rld_robustness_cv5_seed42_v2/formal_rejection_comparison_ours/cells/fold3/outlier_l0.10_p1/neurid_original/queries.csv.gz
3,3,0.1,1,binary_0_5,19,296,177,0.6452702702702703,0.6148648648648649,0.13513513513513514,0.8531073446327684,0.7905759162303665,cpu,/home/ubuntu/klb/nuclr/nuclr/runs/mprt_v1_1_dynamic_residual_atlas_cv5x3_v1/rld/fold3/seed42/dynamic/low_rank_r8/best.pt,/home/ubuntu/klb/nuclr/nuclr/runs/rld_robustness_cv5_seed42_v2/corruptions/fold3/outlier_l0.10_p1,/home/ubuntu/klb/nuclr/nuclr/runs/rld_robustness_cv5_seed42_v2/formal_rejection_comparison_ours/cells/fold3/outlier_l0.10_p1/neurid_original/queries.csv.gz
3,3,0.1,1,probability_val_r80,19,296,177,0.6452702702702703,0.6283783783783784,0.10472972972972973,0.8192090395480226,0.8238636363636364,cpu,/home/ubuntu/klb/nuclr/nuclr/runs/mprt_v1_1_dynamic_residual_atlas_cv5x3_v1/rld/fold3/seed42/dynamic/low_rank_r8/best.pt,/home/ubuntu/klb/nuclr/nuclr/runs/rld_robustness_cv5_seed42_v2/corruptions/fold3/outlier_l0.10_p1,/home/ubuntu/klb/nuclr/nuclr/runs/rld_robustness_cv5_seed42_v2/formal_rejection_comparison_ours/cells/fold3/outlier_l0.10_p1/neurid_original/queries.csv.gz
3,3,0.1,1,probability_val_r90,19,296,177,0.6452702702702703,0.5912162162162162,0.1891891891891892,0.8700564971751412,0.7333333333333333,cpu,/home/ubuntu/klb/nuclr/nuclr/runs/mprt_v1_1_dynamic_residual_atlas_cv5x3_v1/rld/fold3/seed42/dynamic/low_rank_r8/best.pt,/home/ubuntu/klb/nuclr/nuclr/runs/rld_robustness_cv5_seed42_v2/corruptions/fold3/outlier_l0.10_p1,/home/ubuntu/klb/nuclr/nuclr/runs/rld_robustness_cv5_seed42_v2/formal_rejection_comparison_ours/cells/fold3/outlier_l0.10_p1/neurid_original/queries.csv.gz
3,3,0.1,1,probability_val_r95,19,296,177,0.6452702702702703,0.5472972972972973,0.27702702702702703,0.9378531073446328,0.6693548387096774,cpu,/home/ubuntu/klb/nuclr/nuclr/runs/mprt_v1_1_dynamic_residual_atlas_cv5x3_v1/rld/fold3/seed42/dynamic/low_rank_r8/best.pt,/home/ubuntu/klb/nuclr/nuclr/runs/rld_robustness_cv5_seed42_v2/corruptions/fold3/outlier_l0.10_p1,/home/ubuntu/klb/nuclr/nuclr/runs/rld_robustness_cv5_seed42_v2/formal_rejection_comparison_ours/cells/fold3/outlier_l0.10_p1/neurid_original/queries.csv.gz
3,3,0.1,1,log_margin_val_r80,19,296,177,0.6452702702702703,0.6351351351351351,0.08445945945945946,0.768361581920904,0.84472049689441,cpu,/home/ubuntu/klb/nuclr/nuclr/runs/mprt_v1_1_dynamic_residual_atlas_cv5x3_v1/rld/fold3/seed42/dynamic/low_rank_r8/best.pt,/home/ubuntu/klb/nuclr/nuclr/runs/rld_robustness_cv5_seed42_v2/corruptions/fold3/outlier_l0.10_p1,/home/ubuntu/klb/nuclr/nuclr/runs/rld_robustness_cv5_seed42_v2/formal_rejection_comparison_ours/cells/fold3/outlier_l0.10_p1/neurid_original/queries.csv.gz
3,3,0.1,1,log_margin_val_r90,19,296,177,0.6452702702702703,0.6216216216216216,0.13851351351351351,0.8926553672316384,0.7939698492462312,cpu,/home/ubuntu/klb/nuclr/nuclr/runs/mprt_v1_1_dynamic_residual_atlas_cv5x3_v1/rld/fold3/seed42/dynamic/low_rank_r8/best.pt,/home/ubuntu/klb/nuclr/nuclr/runs/rld_robustness_cv5_seed42_v2/corruptions/fold3/outlier_l0.10_p1,/home/ubuntu/klb/nuclr/nuclr/runs/rld_robustness_cv5_seed42_v2/formal_rejection_comparison_ours/cells/fold3/outlier_l0.10_p1/neurid_original/queries.csv.gz
3,3,0.1,1,log_margin_val_r95,19,296,177,0.6452702702702703,0.5912162162162162,0.22972972972972974,0.9491525423728814,0.711864406779661,cpu,/home/ubuntu/klb/nuclr/nuclr/runs/mprt_v1_1_dynamic_residual_atlas_cv5x3_v1/rld/fold3/seed42/dynamic/low_rank_r8/best.pt,/home/ubuntu/klb/nuclr/nuclr/runs/rld_robustness_cv5_seed42_v2/corruptions/fold3/outlier_l0.10_p1,/home/ubuntu/klb/nuclr/nuclr/runs/rld_robustness_cv5_seed42_v2/formal_rejection_comparison_ours/cells/fold3/outlier_l0.10_p1/neurid_original/queries.csv.gz
3,3,0.1,2,current_argmax,19,296,177,0.6385135135135135,0.5844594594594594,0.23986486486486486,0.9152542372881356,0.6952789699570815,cpu,/home/ubuntu/klb/nuclr/nuclr/runs/mprt_v1_1_dynamic_residual_atlas_cv5x3_v1/rld/fold3/seed42/dynamic/low_rank_r8/best.pt,/home/ubuntu/klb/nuclr/nuclr/runs/rld_robustness_cv5_seed42_v2/corruptions/fold3/outlier_l0.10_p2,/home/ubuntu/klb/nuclr/nuclr/runs/rld_robustness_cv5_seed42_v2/formal_rejection_comparison_ours/cells/fold3/outlier_l0.10_p2/neurid_original/queries.csv.gz
3,3,0.1,2,binary_0_5,19,296,177,0.6385135135135135,0.6047297297297297,0.13513513513513514,0.8361581920903954,0.7872340425531915,cpu,/home/ubuntu/klb/nuclr/nuclr/runs/mprt_v1_1_dynamic_residual_atlas_cv5x3_v1/rld/fold3/seed42/dynamic/low_rank_r8/best.pt,/home/ubuntu/klb/nuclr/nuclr/runs/rld_robustness_cv5_seed42_v2/corruptions/fold3/outlier_l0.10_p2,/home/ubuntu/klb/nuclr/nuclr/runs/rld_robustness_cv5_seed42_v2/formal_rejection_comparison_ours/cells/fold3/outlier_l0.10_p2/neurid_original/queries.csv.gz
3,3,0.1,2,probability_val_r80,19,296,177,0.6385135135135135,0.6081081081081081,0.11486486486486487,0.7796610169491526,0.8023255813953488,cpu,/home/ubuntu/klb/nuclr/nuclr/runs/mprt_v1_1_dynamic_residual_atlas_cv5x3_v1/rld/fold3/seed42/dynamic/low_rank_r8/best.pt,/home/ubuntu/klb/nuclr/nuclr/runs/rld_robustness_cv5_seed42_v2/corruptions/fold3/outlier_l0.10_p2,/home/ubuntu/klb/nuclr/nuclr/runs/rld_robustness_cv5_seed42_v2/formal_rejection_comparison_ours/cells/fold3/outlier_l0.10_p2/neurid_original/queries.csv.gz
3,3,0.1,2,probability_val_r90,19,296,177,0.6385135135135135,0.5945945945945946,0.18243243243243243,0.8700564971751412,0.7403846153846154,cpu,/home/ubuntu/klb/nuclr/nuclr/runs/mprt_v1_1_dynamic_residual_atlas_cv5x3_v1/rld/fold3/seed42/dynamic/low_rank_r8/best.pt,/home/ubuntu/klb/nuclr/nuclr/runs/rld_robustness_cv5_seed42_v2/corruptions/fold3/outlier_l0.10_p2,/home/ubuntu/klb/nuclr/nuclr/runs/rld_robustness_cv5_seed42_v2/formal_rejection_comparison_ours/cells/fold3/outlier_l0.10_p2/neurid_original/queries.csv.gz
3,3,0.1,2,probability_val_r95,19,296,177,0.6385135135135135,0.5506756756756757,0.2702702702702703,0.9152542372881356,0.6694214876033058,cpu,/home/ubuntu/klb/nuclr/nuclr/runs/mprt_v1_1_dynamic_residual_atlas_cv5x3_v1/rld/fold3/seed42/dynamic/low_rank_r8/best.pt,/home/ubuntu/klb/nuclr/nuclr/runs/rld_robustness_cv5_seed42_v2/corruptions/fold3/outlier_l0.10_p2,/home/ubuntu/klb/nuclr/nuclr/runs/rld_robustness_cv5_seed42_v2/formal_rejection_comparison_ours/cells/fold3/outlier_l0.10_p2/neurid_original/queries.csv.gz
3,3,0.1,2,log_margin_val_r80,19,296,177,0.6385135135135135,0.6283783783783784,0.07094594594594594,0.7740112994350282,0.8670886075949367,cpu,/home/ubuntu/klb/nuclr/nuclr/runs/mprt_v1_1_dynamic_residual_atlas_cv5x3_v1/rld/fold3/seed42/dynamic/low_rank_r8/best.pt,/home/ubuntu/klb/nuclr/nuclr/runs/rld_robustness_cv5_seed42_v2/corruptions/fold3/outlier_l0.10_p2,/home/ubuntu/klb/nuclr/nuclr/runs/rld_robustness_cv5_seed42_v2/formal_rejection_comparison_ours/cells/fold3/outlier_l0.10_p2/neurid_original/queries.csv.gz
3,3,0.1,2,log_margin_val_r90,19,296,177,0.6385135135135135,0.6148648648648649,0.14864864864864866,0.8700564971751412,0.7777777777777778,cpu,/home/ubuntu/klb/nuclr/nuclr/runs/mprt_v1_1_dynamic_residual_atlas_cv5x3_v1/rld/fold3/seed42/dynamic/low_rank_r8/best.pt,/home/ubuntu/klb/nuclr/nuclr/runs/rld_robustness_cv5_seed42_v2/corruptions/fold3/outlier_l0.10_p2,/home/ubuntu/klb/nuclr/nuclr/runs/rld_robustness_cv5_seed42_v2/formal_rejection_comparison_ours/cells/fold3/outlier_l0.10_p2/neurid_original/queries.csv.gz
3,3,0.1,2,log_margin_val_r95,19,296,177,0.6385135135135135,0.5878378378378378,0.22635135135135134,0.9096045197740112,0.706140350877193,cpu,/home/ubuntu/klb/nuclr/nuclr/runs/mprt_v1_1_dynamic_residual_atlas_cv5x3_v1/rld/fold3/seed42/dynamic/low_rank_r8/best.pt,/home/ubuntu/klb/nuclr/nuclr/runs/rld_robustness_cv5_seed42_v2/corruptions/fold3/outlier_l0.10_p2,/home/ubuntu/klb/nuclr/nuclr/runs/rld_robustness_cv5_seed42_v2/formal_rejection_comparison_ours/cells/fold3/outlier_l0.10_p2/neurid_original/queries.csv.gz
3,3,0.2,0,current_argmax,19,296,356,0.6385135135135135,0.5405405405405406,0.30067567567567566,0.949438202247191,0.7915690866510539,cpu,/home/ubuntu/klb/nuclr/nuclr/runs/mprt_v1_1_dynamic_residual_atlas_cv5x3_v1/rld/fold3/seed42/dynamic/low_rank_r8/best.pt,/home/ubuntu/klb/nuclr/nuclr/runs/rld_robustness_cv5_seed42_v2/corruptions/fold3/outlier_l0.20_p0,/home/ubuntu/klb/nuclr/nuclr/runs/rld_robustness_cv5_seed42_v2/formal_rejection_comparison_ours/cells/fold3/outlier_l0.20_p0/neurid_original/queries.csv.gz
3,3,0.2,0,binary_0_5,19,296,356,0.6385135135135135,0.5709459459459459,0.1891891891891892,0.8567415730337079,0.8448753462603878,cpu,/home/ubuntu/klb/nuclr/nuclr/runs/mprt_v1_1_dynamic_residual_atlas_cv5x3_v1/rld/fold3/seed42/dynamic/low_rank_r8/best.pt,/home/ubuntu/klb/nuclr/nuclr/runs/rld_robustness_cv5_seed42_v2/corruptions/fold3/outlier_l0.20_p0,/home/ubuntu/klb/nuclr/nuclr/runs/rld_robustness_cv5_seed42_v2/formal_rejection_comparison_ours/cells/fold3/outlier_l0.20_p0/neurid_original/queries.csv.gz
3,3,0.2,0,probability_val_r80,19,296,356,0.6385135135135135,0.5777027027027027,0.16216216216216217,0.8033707865168539,0.8562874251497006,cpu,/home/ubuntu/klb/nuclr/nuclr/runs/mprt_v1_1_dynamic_residual_atlas_cv5x3_v1/rld/fold3/seed42/dynamic/low_rank_r8/best.pt,/home/ubuntu/klb/nuclr/nuclr/runs/rld_robustness_cv5_seed42_v2/corruptions/fold3/outlier_l0.20_p0,/home/ubuntu/klb/nuclr/nuclr/runs/rld_robustness_cv5_seed42_v2/formal_rejection_comparison_ours/cells/fold3/outlier_l0.20_p0/neurid_original/queries.csv.gz
3,3,0.2,0,probability_val_r90,19,296,356,0.6385135135135135,0.5472972972972973,0.24662162162162163,0.8960674157303371,0.8137755102040817,cpu,/home/ubuntu/klb/nuclr/nuclr/runs/mprt_v1_1_dynamic_residual_atlas_cv5x3_v1/rld/fold3/seed42/dynamic/low_rank_r8/best.pt,/home/ubuntu/klb/nuclr/nuclr/runs/rld_robustness_cv5_seed42_v2/corruptions/fold3/outlier_l0.20_p0,/home/ubuntu/klb/nuclr/nuclr/runs/rld_robustness_cv5_seed42_v2/formal_rejection_comparison_ours/cells/fold3/outlier_l0.20_p0/neurid_original/queries.csv.gz
3,3,0.2,0,probability_val_r95,19,296,356,0.6385135135135135,0.4966216216216216,0.34797297297297297,0.9410112359550562,0.7648401826484018,cpu,/home/ubuntu/klb/nuclr/nuclr/runs/mprt_v1_1_dynamic_residual_atlas_cv5x3_v1/rld/fold3/seed42/dynamic/low_rank_r8/best.pt,/home/ubuntu/klb/nuclr/nuclr/runs/rld_robustness_cv5_seed42_v2/corruptions/fold3/outlier_l0.20_p0,/home/ubuntu/klb/nuclr/nuclr/runs/rld_robustness_cv5_seed42_v2/formal_rejection_comparison_ours/cells/fold3/outlier_l0.20_p0/neurid_original/queries.csv.gz
3,3,0.2,0,log_margin_val_r80,19,296,356,0.6385135135135135,0.6047297297297297,0.11148648648648649,0.7837078651685393,0.8942307692307693,cpu,/home/ubuntu/klb/nuclr/nuclr/runs/mprt_v1_1_dynamic_residual_atlas_cv5x3_v1/rld/fold3/seed42/dynamic/low_rank_r8/best.pt,/home/ubuntu/klb/nuclr/nuclr/runs/rld_robustness_cv5_seed42_v2/corruptions/fold3/outlier_l0.20_p0,/home/ubuntu/klb/nuclr/nuclr/runs/rld_robustness_cv5_seed42_v2/formal_rejection_comparison_ours/cells/fold3/outlier_l0.20_p0/neurid_original/queries.csv.gz
3,3,0.2,0,log_margin_val_r90,19,296,356,0.6385135135135135,0.581081081081081,0.19932432432432431,0.8820224719101124,0.8418230563002681,cpu,/home/ubuntu/klb/nuclr/nuclr/runs/mprt_v1_1_dynamic_residual_atlas_cv5x3_v1/rld/fold3/seed42/dynamic/low_rank_r8/best.pt,/home/ubuntu/klb/nuclr/nuclr/runs/rld_robustness_cv5_seed42_v2/corruptions/fold3/outlier_l0.20_p0,/home/ubuntu/klb/nuclr/nuclr/runs/rld_robustness_cv5_seed42_v2/formal_rejection_comparison_ours/cells/fold3/outlier_l0.20_p0/neurid_original/queries.csv.gz
3,3,0.2,0,log_margin_val_r95,19,296,356,0.6385135135135135,0.543918918918919,0.2972972972972973,0.9466292134831461,0.7929411764705883,cpu,/home/ubuntu/klb/nuclr/nuclr/runs/mprt_v1_1_dynamic_residual_atlas_cv5x3_v1/rld/fold3/seed42/dynamic/low_rank_r8/best.pt,/home/ubuntu/klb/nuclr/nuclr/runs/rld_robustness_cv5_seed42_v2/corruptions/fold3/outlier_l0.20_p0,/home/ubuntu/klb/nuclr/nuclr/runs/rld_robustness_cv5_seed42_v2/formal_rejection_comparison_ours/cells/fold3/outlier_l0.20_p0/neurid_original/queries.csv.gz
3,3,0.2,1,current_argmax,19,296,356,0.6587837837837838,0.5709459459459459,0.28040540540540543,0.9466292134831461,0.8023809523809524,cpu,/home/ubuntu/klb/nuclr/nuclr/runs/mprt_v1_1_dynamic_residual_atlas_cv5x3_v1/rld/fold3/seed42/dynamic/low_rank_r8/best.pt,/home/ubuntu/klb/nuclr/nuclr/runs/rld_robustness_cv5_seed42_v2/corruptions/fold3/outlier_l0.20_p1,/home/ubuntu/klb/nuclr/nuclr/runs/rld_robustness_cv5_seed42_v2/formal_rejection_comparison_ours/cells/fold3/outlier_l0.20_p1/neurid_original/queries.csv.gz
3,3,0.2,1,binary_0_5,19,296,356,0.6587837837837838,0.6114864864864865,0.15878378378378377,0.8651685393258427,0.8676056338028169,cpu,/home/ubuntu/klb/nuclr/nuclr/runs/mprt_v1_1_dynamic_residual_atlas_cv5x3_v1/rld/fold3/seed42/dynamic/low_rank_r8/best.pt,/home/ubuntu/klb/nuclr/nuclr/runs/rld_robustness_cv5_seed42_v2/corruptions/fold3/outlier_l0.20_p1,/home/ubuntu/klb/nuclr/nuclr/runs/rld_robustness_cv5_seed42_v2/formal_rejection_comparison_ours/cells/fold3/outlier_l0.20_p1/neurid_original/queries.csv.gz
3,3,0.2,1,probability_val_r80,19,296,356,0.6587837837837838,0.6216216216216216,0.13175675675675674,0.8089887640449438,0.8807339449541285,cpu,/home/ubuntu/klb/nuclr/nuclr/runs/mprt_v1_1_dynamic_residual_atlas_cv5x3_v1/rld/fold3/seed42/dynamic/low_rank_r8/best.pt,/home/ubuntu/klb/nuclr/nuclr/runs/rld_robustness_cv5_seed42_v2/corruptions/fold3/outlier_l0.20_p1,/home/ubuntu/klb/nuclr/nuclr/runs/rld_robustness_cv5_seed42_v2/formal_rejection_comparison_ours/cells/fold3/outlier_l0.20_p1/neurid_original/queries.csv.gz
3,3,0.2,1,probability_val_r90,19,296,356,0.6587837837837838,0.5675675675675675,0.22972972972972974,0.9073033707865169,0.8260869565217391,cpu,/home/ubuntu/klb/nuclr/nuclr/runs/mprt_v1_1_dynamic_residual_atlas_cv5x3_v1/rld/fold3/seed42/dynamic/low_rank_r8/best.pt,/home/ubuntu/klb/nuclr/nuclr/runs/rld_robustness_cv5_seed42_v2/corruptions/fold3/outlier_l0.20_p1,/home/ubuntu/klb/nuclr/nuclr/runs/rld_robustness_cv5_seed42_v2/formal_rejection_comparison_ours/cells/fold3/outlier_l0.20_p1/neurid_original/queries.csv.gz
3,3,0.2,1,probability_val_r95,19,296,356,0.6587837837837838,0.5168918918918919,0.3277027027027027,0.9438202247191011,0.7759815242494227,cpu,/home/ubuntu/klb/nuclr/nuclr/runs/mprt_v1_1_dynamic_residual_atlas_cv5x3_v1/rld/fold3/seed42/dynamic/low_rank_r8/best.pt,/home/ubuntu/klb/nuclr/nuclr/runs/rld_robustness_cv5_seed42_v2/corruptions/fold3/outlier_l0.20_p1,/home/ubuntu/klb/nuclr/nuclr/runs/rld_robustness_cv5_seed42_v2/formal_rejection_comparison_ours/cells/fold3/outlier_l0.20_p1/neurid_original/queries.csv.gz
3,3,0.2,1,log_margin_val_r80,19,296,356,0.6587837837837838,0.6385135135135135,0.09121621621621621,0.7865168539325843,0.9120521172638436,cpu,/home/ubuntu/klb/nuclr/nuclr/runs/mprt_v1_1_dynamic_residual_atlas_cv5x3_v1/rld/fold3/seed42/dynamic/low_rank_r8/best.pt,/home/ubuntu/klb/nuclr/nuclr/runs/rld_robustness_cv5_seed42_v2/corruptions/fold3/outlier_l0.20_p1,/home/ubuntu/klb/nuclr/nuclr/runs/rld_robustness_cv5_seed42_v2/formal_rejection_comparison_ours/cells/fold3/outlier_l0.20_p1/neurid_original/queries.csv.gz
3,3,0.2,1,log_margin_val_r90,19,296,356,0.6587837837837838,0.6216216216216216,0.16554054054054054,0.9101123595505618,0.868632707774799,cpu,/home/ubuntu/klb/nuclr/nuclr/runs/mprt_v1_1_dynamic_residual_atlas_cv5x3_v1/rld/fold3/seed42/dynamic/low_rank_r8/best.pt,/home/ubuntu/klb/nuclr/nuclr/runs/rld_robustness_cv5_seed42_v2/corruptions/fold3/outlier_l0.20_p1,/home/ubuntu/klb/nuclr/nuclr/runs/rld_robustness_cv5_seed42_v2/formal_rejection_comparison_ours/cells/fold3/outlier_l0.20_p1/neurid_original/queries.csv.gz
3,3,0.2,1,log_margin_val_r95,19,296,356,0.6587837837837838,0.5709459459459459,0.27364864864864863,0.9438202247191011,0.8057553956834532,cpu,/home/ubuntu/klb/nuclr/nuclr/runs/mprt_v1_1_dynamic_residual_atlas_cv5x3_v1/rld/fold3/seed42/dynamic/low_rank_r8/best.pt,/home/ubuntu/klb/nuclr/nuclr/runs/rld_robustness_cv5_seed42_v2/corruptions/fold3/outlier_l0.20_p1,/home/ubuntu/klb/nuclr/nuclr/runs/rld_robustness_cv5_seed42_v2/formal_rejection_comparison_ours/cells/fold3/outlier_l0.20_p1/neurid_original/queries.csv.gz
3,3,0.2,2,current_argmax,19,296,356,0.6554054054054054,0.5608108108108109,0.2668918918918919,0.9353932584269663,0.808252427184466,cpu,/home/ubuntu/klb/nuclr/nuclr/runs/mprt_v1_1_dynamic_residual_atlas_cv5x3_v1/rld/fold3/seed42/dynamic/low_rank_r8/best.pt,/home/ubuntu/klb/nuclr/nuclr/runs/rld_robustness_cv5_seed42_v2/corruptions/fold3/outlier_l0.20_p2,/home/ubuntu/klb/nuclr/nuclr/runs/rld_robustness_cv5_seed42_v2/formal_rejection_comparison_ours/cells/fold3/outlier_l0.20_p2/neurid_original/queries.csv.gz
3,3,0.2,2,binary_0_5,19,296,356,0.6554054054054054,0.5878378378378378,0.17905405405405406,0.8258426966292135,0.8472622478386167,cpu,/home/ubuntu/klb/nuclr/nuclr/runs/mprt_v1_1_dynamic_residual_atlas_cv5x3_v1/rld/fold3/seed42/dynamic/low_rank_r8/best.pt,/home/ubuntu/klb/nuclr/nuclr/runs/rld_robustness_cv5_seed42_v2/corruptions/fold3/outlier_l0.20_p2,/home/ubuntu/klb/nuclr/nuclr/runs/rld_robustness_cv5_seed42_v2/formal_rejection_comparison_ours/cells/fold3/outlier_l0.20_p2/neurid_original/queries.csv.gz
3,3,0.2,2,probability_val_r80,19,296,356,0.6554054054054054,0.6114864864864865,0.13851351351351351,0.7921348314606742,0.8730650154798761,cpu,/home/ubuntu/klb/nuclr/nuclr/runs/mprt_v1_1_dynamic_residual_atlas_cv5x3_v1/rld/fold3/seed42/dynamic/low_rank_r8/best.pt,/home/ubuntu/klb/nuclr/nuclr/runs/rld_robustness_cv5_seed42_v2/corruptions/fold3/outlier_l0.20_p2,/home/ubuntu/klb/nuclr/nuclr/runs/rld_robustness_cv5_seed42_v2/formal_rejection_comparison_ours/cells/fold3/outlier_l0.20_p2/neurid_original/queries.csv.gz
3,3,0.2,2,probability_val_r90,19,296,356,0.6554054054054054,0.5743243243243243,0.21621621621621623,0.8651685393258427,0.8279569892473119,cpu,/home/ubuntu/klb/nuclr/nuclr/runs/mprt_v1_1_dynamic_residual_atlas_cv5x3_v1/rld/fold3/seed42/dynamic/low_rank_r8/best.pt,/home/ubuntu/klb/nuclr/nuclr/runs/rld_robustness_cv5_seed42_v2/corruptions/fold3/outlier_l0.20_p2,/home/ubuntu/klb/nuclr/nuclr/runs/rld_robustness_cv5_seed42_v2/formal_rejection_comparison_ours/cells/fold3/outlier_l0.20_p2/neurid_original/queries.csv.gz
3,3,0.2,2,probability_val_r95,19,296,356,0.6554054054054054,0.5337837837837838,0.30743243243243246,0.9269662921348315,0.7838479809976246,cpu,/home/ubuntu/klb/nuclr/nuclr/runs/mprt_v1_1_dynamic_residual_atlas_cv5x3_v1/rld/fold3/seed42/dynamic/low_rank_r8/best.pt,/home/ubuntu/klb/nuclr/nuclr/runs/rld_robustness_cv5_seed42_v2/corruptions/fold3/outlier_l0.20_p2,/home/ubuntu/klb/nuclr/nuclr/runs/rld_robustness_cv5_seed42_v2/formal_rejection_comparison_ours/cells/fold3/outlier_l0.20_p2/neurid_original/queries.csv.gz
3,3,0.2,2,log_margin_val_r80,19,296,356,0.6554054054054054,0.6351351351351351,0.0945945945945946,0.7584269662921348,0.9060402684563759,cpu,/home/ubuntu/klb/nuclr/nuclr/runs/mprt_v1_1_dynamic_residual_atlas_cv5x3_v1/rld/fold3/seed42/dynamic/low_rank_r8/best.pt,/home/ubuntu/klb/nuclr/nuclr/runs/rld_robustness_cv5_seed42_v2/corruptions/fold3/outlier_l0.20_p2,/home/ubuntu/klb/nuclr/nuclr/runs/rld_robustness_cv5_seed42_v2/formal_rejection_comparison_ours/cells/fold3/outlier_l0.20_p2/neurid_original/queries.csv.gz
3,3,0.2,2,log_margin_val_r90,19,296,356,0.6554054054054054,0.6114864864864865,0.17567567567567569,0.8792134831460674,0.8575342465753425,cpu,/home/ubuntu/klb/nuclr/nuclr/runs/mprt_v1_1_dynamic_residual_atlas_cv5x3_v1/rld/fold3/seed42/dynamic/low_rank_r8/best.pt,/home/ubuntu/klb/nuclr/nuclr/runs/rld_robustness_cv5_seed42_v2/corruptions/fold3/outlier_l0.20_p2,/home/ubuntu/klb/nuclr/nuclr/runs/rld_robustness_cv5_seed42_v2/formal_rejection_comparison_ours/cells/fold3/outlier_l0.20_p2/neurid_original/queries.csv.gz
3,3,0.2,2,log_margin_val_r95,19,296,356,0.6554054054054054,0.5641891891891891,0.26013513513513514,0.9297752808988764,0.8112745098039216,cpu,/home/ubuntu/klb/nuclr/nuclr/runs/mprt_v1_1_dynamic_residual_atlas_cv5x3_v1/rld/fold3/seed42/dynamic/low_rank_r8/best.pt,/home/ubuntu/klb/nuclr/nuclr/runs/rld_robustness_cv5_seed42_v2/corruptions/fold3/outlier_l0.20_p2,/home/ubuntu/klb/nuclr/nuclr/runs/rld_robustness_cv5_seed42_v2/formal_rejection_comparison_ours/cells/fold3/outlier_l0.20_p2/neurid_original/queries.csv.gz
3,3,0.3,0,current_argmax,19,296,534,0.6317567567567568,0.5337837837837838,0.32432432432432434,0.947565543071161,0.840531561461794,cpu,/home/ubuntu/klb/nuclr/nuclr/runs/mprt_v1_1_dynamic_residual_atlas_cv5x3_v1/rld/fold3/seed42/dynamic/low_rank_r8/best.pt,/home/ubuntu/klb/nuclr/nuclr/runs/rld_robustness_cv5_seed42_v2/corruptions/fold3/outlier_l0.30_p0,/home/ubuntu/klb/nuclr/nuclr/runs/rld_robustness_cv5_seed42_v2/formal_rejection_comparison_ours/cells/fold3/outlier_l0.30_p0/neurid_original/queries.csv.gz
3,3,0.3,0,binary_0_5,19,296,534,0.6317567567567568,0.5709459459459459,0.21283783783783783,0.846441947565543,0.8776699029126214,cpu,/home/ubuntu/klb/nuclr/nuclr/runs/mprt_v1_1_dynamic_residual_atlas_cv5x3_v1/rld/fold3/seed42/dynamic/low_rank_r8/best.pt,/home/ubuntu/klb/nuclr/nuclr/runs/rld_robustness_cv5_seed42_v2/corruptions/fold3/outlier_l0.30_p0,/home/ubuntu/klb/nuclr/nuclr/runs/rld_robustness_cv5_seed42_v2/formal_rejection_comparison_ours/cells/fold3/outlier_l0.30_p0/neurid_original/queries.csv.gz
3,3,0.3,0,probability_val_r80,19,296,534,0.6317567567567568,0.6013513513513513,0.1554054054054054,0.7827715355805244,0.9008620689655172,cpu,/home/ubuntu/klb/nuclr/nuclr/runs/mprt_v1_1_dynamic_residual_atlas_cv5x3_v1/rld/fold3/seed42/dynamic/low_rank_r8/best.pt,/home/ubuntu/klb/nuclr/nuclr/runs/rld_robustness_cv5_seed42_v2/corruptions/fold3/outlier_l0.30_p0,/home/ubuntu/klb/nuclr/nuclr/runs/rld_robustness_cv5_seed42_v2/formal_rejection_comparison_ours/cells/fold3/outlier_l0.30_p0/neurid_original/queries.csv.gz
3,3,0.3,0,probability_val_r90,19,296,534,0.6317567567567568,0.5506756756756757,0.2702702702702703,0.8895131086142322,0.8558558558558559,cpu,/home/ubuntu/klb/nuclr/nuclr/runs/mprt_v1_1_dynamic_residual_atlas_cv5x3_v1/rld/fold3/seed42/dynamic/low_rank_r8/best.pt,/home/ubuntu/klb/nuclr/nuclr/runs/rld_robustness_cv5_seed42_v2/corruptions/fold3/outlier_l0.30_p0,/home/ubuntu/klb/nuclr/nuclr/runs/rld_robustness_cv5_seed42_v2/formal_rejection_comparison_ours/cells/fold3/outlier_l0.30_p0/neurid_original/queries.csv.gz
3,3,0.3,0,probability_val_r95,19,296,534,0.6317567567567568,0.5101351351351351,0.3581081081081081,0.9531835205992509,0.8276422764227642,cpu,/home/ubuntu/klb/nuclr/nuclr/runs/mprt_v1_1_dynamic_residual_atlas_cv5x3_v1/rld/fold3/seed42/dynamic/low_rank_r8/best.pt,/home/ubuntu/klb/nuclr/nuclr/runs/rld_robustness_cv5_seed42_v2/corruptions/fold3/outlier_l0.30_p0,/home/ubuntu/klb/nuclr/nuclr/runs/rld_robustness_cv5_seed42_v2/formal_rejection_comparison_ours/cells/fold3/outlier_l0.30_p0/neurid_original/queries.csv.gz
3,3,0.3,0,log_margin_val_r80,19,296,534,0.6317567567567568,0.6114864864864865,0.12837837837837837,0.7790262172284644,0.9162995594713657,cpu,/home/ubuntu/klb/nuclr/nuclr/runs/mprt_v1_1_dynamic_residual_atlas_cv5x3_v1/rld/fold3/seed42/dynamic/low_rank_r8/best.pt,/home/ubuntu/klb/nuclr/nuclr/runs/rld_robustness_cv5_seed42_v2/corruptions/fold3/outlier_l0.30_p0,/home/ubuntu/klb/nuclr/nuclr/runs/rld_robustness_cv5_seed42_v2/formal_rejection_comparison_ours/cells/fold3/outlier_l0.30_p0/neurid_original/queries.csv.gz
3,3,0.3,0,log_margin_val_r90,19,296,534,0.6317567567567568,0.5912162162162162,0.2195945945945946,0.8913857677902621,0.8798521256931608,cpu,/home/ubuntu/klb/nuclr/nuclr/runs/mprt_v1_1_dynamic_residual_atlas_cv5x3_v1/rld/fold3/seed42/dynamic/low_rank_r8/best.pt,/home/ubuntu/klb/nuclr/nuclr/runs/rld_robustness_cv5_seed42_v2/corruptions/fold3/outlier_l0.30_p0,/home/ubuntu/klb/nuclr/nuclr/runs/rld_robustness_cv5_seed42_v2/formal_rejection_comparison_ours/cells/fold3/outlier_l0.30_p0/neurid_original/queries.csv.gz
3,3,0.3,0,log_margin_val_r95,19,296,534,0.6317567567567568,0.5371621621621622,0.3108108108108108,0.9438202247191011,0.8456375838926175,cpu,/home/ubuntu/klb/nuclr/nuclr/runs/mprt_v1_1_dynamic_residual_atlas_cv5x3_v1/rld/fold3/seed42/dynamic/low_rank_r8/best.pt,/home/ubuntu/klb/nuclr/nuclr/runs/rld_robustness_cv5_seed42_v2/corruptions/fold3/outlier_l0.30_p0,/home/ubuntu/klb/nuclr/nuclr/runs/rld_robustness_cv5_seed42_v2/formal_rejection_comparison_ours/cells/fold3/outlier_l0.30_p0/neurid_original/queries.csv.gz
3,3,0.3,1,current_argmax,19,296,534,0.597972972972973,0.48986486486486486,0.3581081081081081,0.9400749063670412,0.8256578947368421,cpu,/home/ubuntu/klb/nuclr/nuclr/runs/mprt_v1_1_dynamic_residual_atlas_cv5x3_v1/rld/fold3/seed42/dynamic/low_rank_r8/best.pt,/home/ubuntu/klb/nuclr/nuclr/runs/rld_robustness_cv5_seed42_v2/corruptions/fold3/outlier_l0.30_p1,/home/ubuntu/klb/nuclr/nuclr/runs/rld_robustness_cv5_seed42_v2/formal_rejection_comparison_ours/cells/fold3/outlier_l0.30_p1/neurid_original/queries.csv.gz
3,3,0.3,1,binary_0_5,19,296,534,0.597972972972973,0.5337837837837838,0.23648648648648649,0.8426966292134831,0.8653846153846154,cpu,/home/ubuntu/klb/nuclr/nuclr/runs/mprt_v1_1_dynamic_residual_atlas_cv5x3_v1/rld/fold3/seed42/dynamic/low_rank_r8/best.pt,/home/ubuntu/klb/nuclr/nuclr/runs/rld_robustness_cv5_seed42_v2/corruptions/fold3/outlier_l0.30_p1,/home/ubuntu/klb/nuclr/nuclr/runs/rld_robustness_cv5_seed42_v2/formal_rejection_comparison_ours/cells/fold3/outlier_l0.30_p1/neurid_original/queries.csv.gz
3,3,0.3,1,probability_val_r80,19,296,534,0.597972972972973,0.5709459459459459,0.17567567567567569,0.7790262172284644,0.8888888888888888,cpu,/home/ubuntu/klb/nuclr/nuclr/runs/mprt_v1_1_dynamic_residual_atlas_cv5x3_v1/rld/fold3/seed42/dynamic/low_rank_r8/best.pt,/home/ubuntu/klb/nuclr/nuclr/runs/rld_robustness_cv5_seed42_v2/corruptions/fold3/outlier_l0.30_p1,/home/ubuntu/klb/nuclr/nuclr/runs/rld_robustness_cv5_seed42_v2/formal_rejection_comparison_ours/cells/fold3/outlier_l0.30_p1/neurid_original/queries.csv.gz
3,3,0.3,1,probability_val_r90,19,296,534,0.597972972972973,0.5101351351351351,0.28716216216216217,0.8726591760299626,0.8457350272232305,cpu,/home/ubuntu/klb/nuclr/nuclr/runs/mprt_v1_1_dynamic_residual_atlas_cv5x3_v1/rld/fold3/seed42/dynamic/low_rank_r8/best.pt,/home/ubuntu/klb/nuclr/nuclr/runs/rld_robustness_cv5_seed42_v2/corruptions/fold3/outlier_l0.30_p1,/home/ubuntu/klb/nuclr/nuclr/runs/rld_robustness_cv5_seed42_v2/formal_rejection_comparison_ours/cells/fold3/outlier_l0.30_p1/neurid_original/queries.csv.gz
3,3,0.3,1,probability_val_r95,19,296,534,0.597972972972973,0.4527027027027027,0.3918918918918919,0.9438202247191011,0.8129032258064516,cpu,/home/ubuntu/klb/nuclr/nuclr/runs/mprt_v1_1_dynamic_residual_atlas_cv5x3_v1/rld/fold3/seed42/dynamic/low_rank_r8/best.pt,/home/ubuntu/klb/nuclr/nuclr/runs/rld_robustness_cv5_seed42_v2/corruptions/fold3/outlier_l0.30_p1,/home/ubuntu/klb/nuclr/nuclr/runs/rld_robustness_cv5_seed42_v2/formal_rejection_comparison_ours/cells/fold3/outlier_l0.30_p1/neurid_original/queries.csv.gz
3,3,0.3,1,log_margin_val_r80,19,296,534,0.597972972972973,0.581081081081081,0.13513513513513514,0.7509363295880149,0.909297052154195,cpu,/home/ubuntu/klb/nuclr/nuclr/runs/mprt_v1_1_dynamic_residual_atlas_cv5x3_v1/rld/fold3/seed42/dynamic/low_rank_r8/best.pt,/home/ubuntu/klb/nuclr/nuclr/runs/rld_robustness_cv5_seed42_v2/corruptions/fold3/outlier_l0.30_p1,/home/ubuntu/klb/nuclr/nuclr/runs/rld_robustness_cv5_seed42_v2/formal_rejection_comparison_ours/cells/fold3/outlier_l0.30_p1/neurid_original/queries.csv.gz
3,3,0.3,1,log_margin_val_r90,19,296,534,0.597972972972973,0.5641891891891891,0.21283783783783783,0.8895131086142322,0.8828996282527881,cpu,/home/ubuntu/klb/nuclr/nuclr/runs/mprt_v1_1_dynamic_residual_atlas_cv5x3_v1/rld/fold3/seed42/dynamic/low_rank_r8/best.pt,/home/ubuntu/klb/nuclr/nuclr/runs/rld_robustness_cv5_seed42_v2/corruptions/fold3/outlier_l0.30_p1,/home/ubuntu/klb/nuclr/nuclr/runs/rld_robustness_cv5_seed42_v2/formal_rejection_comparison_ours/cells/fold3/outlier_l0.30_p1/neurid_original/queries.csv.gz
3,3,0.3,1,log_margin_val_r95,19,296,534,0.597972972972973,0.5033783783783784,0.34121621621621623,0.9400749063670412,0.8325041459369817,cpu,/home/ubuntu/klb/nuclr/nuclr/runs/mprt_v1_1_dynamic_residual_atlas_cv5x3_v1/rld/fold3/seed42/dynamic/low_rank_r8/best.pt,/home/ubuntu/klb/nuclr/nuclr/runs/rld_robustness_cv5_seed42_v2/corruptions/fold3/outlier_l0.30_p1,/home/ubuntu/klb/nuclr/nuclr/runs/rld_robustness_cv5_seed42_v2/formal_rejection_comparison_ours/cells/fold3/outlier_l0.30_p1/neurid_original/queries.csv.gz
3,3,0.3,2,current_argmax,19,296,534,0.6385135135135135,0.5236486486486487,0.33783783783783783,0.9400749063670412,0.8338870431893688,cpu,/home/ubuntu/klb/nuclr/nuclr/runs/mprt_v1_1_dynamic_residual_atlas_cv5x3_v1/rld/fold3/seed42/dynamic/low_rank_r8/best.pt,/home/ubuntu/klb/nuclr/nuclr/runs/rld_robustness_cv5_seed42_v2/corruptions/fold3/outlier_l0.30_p2,/home/ubuntu/klb/nuclr/nuclr/runs/rld_robustness_cv5_seed42_v2/formal_rejection_comparison_ours/cells/fold3/outlier_l0.30_p2/neurid_original/queries.csv.gz
3,3,0.3,2,binary_0_5,19,296,534,0.6385135135135135,0.5675675675675675,0.22972972972972974,0.8389513108614233,0.8682170542635659,cpu,/home/ubuntu/klb/nuclr/nuclr/runs/mprt_v1_1_dynamic_residual_atlas_cv5x3_v1/rld/fold3/seed42/dynamic/low_rank_r8/best.pt,/home/ubuntu/klb/nuclr/nuclr/runs/rld_robustness_cv5_seed42_v2/corruptions/fold3/outlier_l0.30_p2,/home/ubuntu/klb/nuclr/nuclr/runs/rld_robustness_cv5_seed42_v2/formal_rejection_comparison_ours/cells/fold3/outlier_l0.30_p2/neurid_original/queries.csv.gz
3,3,0.3,2,probability_val_r80,19,296,534,0.6385135135135135,0.5945945945945946,0.17229729729729729,0.7883895131086143,0.8919491525423728,cpu,/home/ubuntu/klb/nuclr/nuclr/runs/mprt_v1_1_dynamic_residual_atlas_cv5x3_v1/rld/fold3/seed42/dynamic/low_rank_r8/best.pt,/home/ubuntu/klb/nuclr/nuclr/runs/rld_robustness_cv5_seed42_v2/corruptions/fold3/outlier_l0.30_p2,/home/ubuntu/klb/nuclr/nuclr/runs/rld_robustness_cv5_seed42_v2/formal_rejection_comparison_ours/cells/fold3/outlier_l0.30_p2/neurid_original/queries.csv.gz
3,3,0.3,2,probability_val_r90,19,296,534,0.6385135135135135,0.5371621621621622,0.2905405405405405,0.8876404494382022,0.8464285714285714,cpu,/home/ubuntu/klb/nuclr/nuclr/runs/mprt_v1_1_dynamic_residual_atlas_cv5x3_v1/rld/fold3/seed42/dynamic/low_rank_r8/best.pt,/home/ubuntu/klb/nuclr/nuclr/runs/rld_robustness_cv5_seed42_v2/corruptions/fold3/outlier_l0.30_p2,/home/ubuntu/klb/nuclr/nuclr/runs/rld_robustness_cv5_seed42_v2/formal_rejection_comparison_ours/cells/fold3/outlier_l0.30_p2/neurid_original/queries.csv.gz
3,3,0.3,2,probability_val_r95,19,296,534,0.6385135135135135,0.4966216216216216,0.3783783783783784,0.9419475655430711,0.8178861788617886,cpu,/home/ubuntu/klb/nuclr/nuclr/runs/mprt_v1_1_dynamic_residual_atlas_cv5x3_v1/rld/fold3/seed42/dynamic/low_rank_r8/best.pt,/home/ubuntu/klb/nuclr/nuclr/runs/rld_robustness_cv5_seed42_v2/corruptions/fold3/outlier_l0.30_p2,/home/ubuntu/klb/nuclr/nuclr/runs/rld_robustness_cv5_seed42_v2/formal_rejection_comparison_ours/cells/fold3/outlier_l0.30_p2/neurid_original/queries.csv.gz
3,3,0.3,2,log_margin_val_r80,19,296,534,0.6385135135135135,0.6182432432432432,0.10472972972972973,0.7827715355805244,0.9309576837416481,cpu,/home/ubuntu/klb/nuclr/nuclr/runs/mprt_v1_1_dynamic_residual_atlas_cv5x3_v1/rld/fold3/seed42/dynamic/low_rank_r8/best.pt,/home/ubuntu/klb/nuclr/nuclr/runs/rld_robustness_cv5_seed42_v2/corruptions/fold3/outlier_l0.30_p2,/home/ubuntu/klb/nuclr/nuclr/runs/rld_robustness_cv5_seed42_v2/formal_rejection_comparison_ours/cells/fold3/outlier_l0.30_p2/neurid_original/queries.csv.gz
3,3,0.3,2,log_margin_val_r90,19,296,534,0.6385135135135135,0.5777027027027027,0.24662162162162163,0.8857677902621723,0.8663003663003663,cpu,/home/ubuntu/klb/nuclr/nuclr/runs/mprt_v1_1_dynamic_residual_atlas_cv5x3_v1/rld/fold3/seed42/dynamic/low_rank_r8/best.pt,/home/ubuntu/klb/nuclr/nuclr/runs/rld_robustness_cv5_seed42_v2/corruptions/fold3/outlier_l0.30_p2,/home/ubuntu/klb/nuclr/nuclr/runs/rld_robustness_cv5_seed42_v2/formal_rejection_comparison_ours/cells/fold3/outlier_l0.30_p2/neurid_original/queries.csv.gz
3,3,0.3,2,log_margin_val_r95,19,296,534,0.6385135135135135,0.527027027027027,0.3344594594594595,0.9400749063670412,0.8352745424292846,cpu,/home/ubuntu/klb/nuclr/nuclr/runs/mprt_v1_1_dynamic_residual_atlas_cv5x3_v1/rld/fold3/seed42/dynamic/low_rank_r8/best.pt,/home/ubuntu/klb/nuclr/nuclr/runs/rld_robustness_cv5_seed42_v2/corruptions/fold3/outlier_l0.30_p2,/home/ubuntu/klb/nuclr/nuclr/runs/rld_robustness_cv5_seed42_v2/formal_rejection_comparison_ours/cells/fold3/outlier_l0.30_p2/neurid_original/queries.csv.gz
3,3,0.4,0,current_argmax,19,296,710,0.6013513513513513,0.4797297297297297,0.3783783783783784,0.9577464788732394,0.8585858585858586,cpu,/home/ubuntu/klb/nuclr/nuclr/runs/mprt_v1_1_dynamic_residual_atlas_cv5x3_v1/rld/fold3/seed42/dynamic/low_rank_r8/best.pt,/home/ubuntu/klb/nuclr/nuclr/runs/rld_robustness_cv5_seed42_v2/corruptions/fold3/outlier_l0.40_p0,/home/ubuntu/klb/nuclr/nuclr/runs/rld_robustness_cv5_seed42_v2/formal_rejection_comparison_ours/cells/fold3/outlier_l0.40_p0/neurid_original/queries.csv.gz
3,3,0.4,0,binary_0_5,19,296,710,0.6013513513513513,0.5135135135135135,0.2702702702702703,0.8718309859154929,0.8855507868383404,cpu,/home/ubuntu/klb/nuclr/nuclr/runs/mprt_v1_1_dynamic_residual_atlas_cv5x3_v1/rld/fold3/seed42/dynamic/low_rank_r8/best.pt,/home/ubuntu/klb/nuclr/nuclr/runs/rld_robustness_cv5_seed42_v2/corruptions/fold3/outlier_l0.40_p0,/home/ubuntu/klb/nuclr/nuclr/runs/rld_robustness_cv5_seed42_v2/formal_rejection_comparison_ours/cells/fold3/outlier_l0.40_p0/neurid_original/queries.csv.gz
3,3,0.4,0,probability_val_r80,19,296,710,0.6013513513513513,0.5506756756756757,0.20945945945945946,0.8126760563380282,0.9029733959311425,cpu,/home/ubuntu/klb/nuclr/nuclr/runs/mprt_v1_1_dynamic_residual_atlas_cv5x3_v1/rld/fold3/seed42/dynamic/low_rank_r8/best.pt,/home/ubuntu/klb/nuclr/nuclr/runs/rld_robustness_cv5_seed42_v2/corruptions/fold3/outlier_l0.40_p0,/home/ubuntu/klb/nuclr/nuclr/runs/rld_robustness_cv5_seed42_v2/formal_rejection_comparison_ours/cells/fold3/outlier_l0.40_p0/neurid_original/queries.csv.gz
3,3,0.4,0,probability_val_r90,19,296,710,0.6013513513513513,0.4797297297297297,0.34121621621621623,0.9197183098591549,0.8660477453580901,cpu,/home/ubuntu/klb/nuclr/nuclr/runs/mprt_v1_1_dynamic_residual_atlas_cv5x3_v1/rld/fold3/seed42/dynamic/low_rank_r8/best.pt,/home/ubuntu/klb/nuclr/nuclr/runs/rld_robustness_cv5_seed42_v2/corruptions/fold3/outlier_l0.40_p0,/home/ubuntu/klb/nuclr/nuclr/runs/rld_robustness_cv5_seed42_v2/formal_rejection_comparison_ours/cells/fold3/outlier_l0.40_p0/neurid_original/queries.csv.gz
3,3,0.4,0,probability_val_r95,19,296,710,0.6013513513513513,0.43243243243243246,0.4391891891891892,0.9507042253521126,0.8385093167701864,cpu,/home/ubuntu/klb/nuclr/nuclr/runs/mprt_v1_1_dynamic_residual_atlas_cv5x3_v1/rld/fold3/seed42/dynamic/low_rank_r8/best.pt,/home/ubuntu/klb/nuclr/nuclr/runs/rld_robustness_cv5_seed42_v2/corruptions/fold3/outlier_l0.40_p0,/home/ubuntu/klb/nuclr/nuclr/runs/rld_robustness_cv5_seed42_v2/formal_rejection_comparison_ours/cells/fold3/outlier_l0.40_p0/neurid_original/queries.csv.gz
3,3,0.4,0,log_margin_val_r80,19,296,710,0.6013513513513513,0.581081081081081,0.15202702702702703,0.8112676056338028,0.927536231884058,cpu,/home/ubuntu/klb/nuclr/nuclr/runs/mprt_v1_1_dynamic_residual_atlas_cv5x3_v1/rld/fold3/seed42/dynamic/low_rank_r8/best.pt,/home/ubuntu/klb/nuclr/nuclr/runs/rld_robustness_cv5_seed42_v2/corruptions/fold3/outlier_l0.40_p0,/home/ubuntu/klb/nuclr/nuclr/runs/rld_robustness_cv5_seed42_v2/formal_rejection_comparison_ours/cells/fold3/outlier_l0.40_p0/neurid_original/queries.csv.gz
3,3,0.4,0,log_margin_val_r90,19,296,710,0.6013513513513513,0.5304054054054054,0.2668918918918919,0.8971830985915493,0.8896648044692738,cpu,/home/ubuntu/klb/nuclr/nuclr/runs/mprt_v1_1_dynamic_residual_atlas_cv5x3_v1/rld/fold3/seed42/dynamic/low_rank_r8/best.pt,/home/ubuntu/klb/nuclr/nuclr/runs/rld_robustness_cv5_seed42_v2/corruptions/fold3/outlier_l0.40_p0,/home/ubuntu/klb/nuclr/nuclr/runs/rld_robustness_cv5_seed42_v2/formal_rejection_comparison_ours/cells/fold3/outlier_l0.40_p0/neurid_original/queries.csv.gz
3,3,0.4,0,log_margin_val_r95,19,296,710,0.6013513513513513,0.4831081081081081,0.375,0.9549295774647887,0.8593155893536122,cpu,/home/ubuntu/klb/nuclr/nuclr/runs/mprt_v1_1_dynamic_residual_atlas_cv5x3_v1/rld/fold3/seed42/dynamic/low_rank_r8/best.pt,/home/ubuntu/klb/nuclr/nuclr/runs/rld_robustness_cv5_seed42_v2/corruptions/fold3/outlier_l0.40_p0,/home/ubuntu/klb/nuclr/nuclr/runs/rld_robustness_cv5_seed42_v2/formal_rejection_comparison_ours/cells/fold3/outlier_l0.40_p0/neurid_original/queries.csv.gz
3,3,0.4,1,current_argmax,19,296,710,0.6283783783783784,0.5168918918918919,0.34459459459459457,0.9591549295774648,0.8697318007662835,cpu,/home/ubuntu/klb/nuclr/nuclr/runs/mprt_v1_1_dynamic_residual_atlas_cv5x3_v1/rld/fold3/seed42/dynamic/low_rank_r8/best.pt,/home/ubuntu/klb/nuclr/nuclr/runs/rld_robustness_cv5_seed42_v2/corruptions/fold3/outlier_l0.40_p1,/home/ubuntu/klb/nuclr/nuclr/runs/rld_robustness_cv5_seed42_v2/formal_rejection_comparison_ours/cells/fold3/outlier_l0.40_p1/neurid_original/queries.csv.gz
3,3,0.4,1,binary_0_5,19,296,710,0.6283783783783784,0.5574324324324325,0.22635135135135134,0.8760563380281691,0.9027576197387518,cpu,/home/ubuntu/klb/nuclr/nuclr/runs/mprt_v1_1_dynamic_residual_atlas_cv5x3_v1/rld/fold3/seed42/dynamic/low_rank_r8/best.pt,/home/ubuntu/klb/nuclr/nuclr/runs/rld_robustness_cv5_seed42_v2/corruptions/fold3/outlier_l0.40_p1,/home/ubuntu/klb/nuclr/nuclr/runs/rld_robustness_cv5_seed42_v2/formal_rejection_comparison_ours/cells/fold3/outlier_l0.40_p1/neurid_original/queries.csv.gz
3,3,0.4,1,probability_val_r80,19,296,710,0.6283783783783784,0.5777027027027027,0.16554054054054054,0.8112676056338028,0.9216,cpu,/home/ubuntu/klb/nuclr/nuclr/runs/mprt_v1_1_dynamic_residual_atlas_cv5x3_v1/rld/fold3/seed42/dynamic/low_rank_r8/best.pt,/home/ubuntu/klb/nuclr/nuclr/runs/rld_robustness_cv5_seed42_v2/corruptions/fold3/outlier_l0.40_p1,/home/ubuntu/klb/nuclr/nuclr/runs/rld_robustness_cv5_seed42_v2/formal_rejection_comparison_ours/cells/fold3/outlier_l0.40_p1/neurid_original/queries.csv.gz
3,3,0.4,1,probability_val_r90,19,296,710,0.6283783783783784,0.5337837837837838,0.28040540540540543,0.9070422535211268,0.8858321870701513,cpu,/home/ubuntu/klb/nuclr/nuclr/runs/mprt_v1_1_dynamic_residual_atlas_cv5x3_v1/rld/fold3/seed42/dynamic/low_rank_r8/best.pt,/home/ubuntu/klb/nuclr/nuclr/runs/rld_robustness_cv5_seed42_v2/corruptions/fold3/outlier_l0.40_p1,/home/ubuntu/klb/nuclr/nuclr/runs/rld_robustness_cv5_seed42_v2/formal_rejection_comparison_ours/cells/fold3/outlier_l0.40_p1/neurid_original/queries.csv.gz
3,3,0.4,1,probability_val_r95,19,296,710,0.6283783783783784,0.46283783783783783,0.4189189189189189,0.9647887323943662,0.8467243510506799,cpu,/home/ubuntu/klb/nuclr/nuclr/runs/mprt_v1_1_dynamic_residual_atlas_cv5x3_v1/rld/fold3/seed42/dynamic/low_rank_r8/best.pt,/home/ubuntu/klb/nuclr/nuclr/runs/rld_robustness_cv5_seed42_v2/corruptions/fold3/outlier_l0.40_p1,/home/ubuntu/klb/nuclr/nuclr/runs/rld_robustness_cv5_seed42_v2/formal_rejection_comparison_ours/cells/fold3/outlier_l0.40_p1/neurid_original/queries.csv.gz
3,3,0.4,1,log_margin_val_r80,19,296,710,0.6283783783783784,0.6013513513513513,0.13851351351351351,0.8211267605633803,0.9342948717948718,cpu,/home/ubuntu/klb/nuclr/nuclr/runs/mprt_v1_1_dynamic_residual_atlas_cv5x3_v1/rld/fold3/seed42/dynamic/low_rank_r8/best.pt,/home/ubuntu/klb/nuclr/nuclr/runs/rld_robustness_cv5_seed42_v2/corruptions/fold3/outlier_l0.40_p1,/home/ubuntu/klb/nuclr/nuclr/runs/rld_robustness_cv5_seed42_v2/formal_rejection_comparison_ours/cells/fold3/outlier_l0.40_p1/neurid_original/queries.csv.gz
3,3,0.4,1,log_margin_val_r90,19,296,710,0.6283783783783784,0.5675675675675675,0.22972972972972974,0.9154929577464789,0.9052924791086351,cpu,/home/ubuntu/klb/nuclr/nuclr/runs/mprt_v1_1_dynamic_residual_atlas_cv5x3_v1/rld/fold3/seed42/dynamic/low_rank_r8/best.pt,/home/ubuntu/klb/nuclr/nuclr/runs/rld_robustness_cv5_seed42_v2/corruptions/fold3/outlier_l0.40_p1,/home/ubuntu/klb/nuclr/nuclr/runs/rld_robustness_cv5_seed42_v2/formal_rejection_comparison_ours/cells/fold3/outlier_l0.40_p1/neurid_original/queries.csv.gz
3,3,0.4,1,log_margin_val_r95,19,296,710,0.6283783783783784,0.5202702702702703,0.33783783783783783,0.9549295774647887,0.87146529562982,cpu,/home/ubuntu/klb/nuclr/nuclr/runs/mprt_v1_1_dynamic_residual_atlas_cv5x3_v1/rld/fold3/seed42/dynamic/low_rank_r8/best.pt,/home/ubuntu/klb/nuclr/nuclr/runs/rld_robustness_cv5_seed42_v2/corruptions/fold3/outlier_l0.40_p1,/home/ubuntu/klb/nuclr/nuclr/runs/rld_robustness_cv5_seed42_v2/formal_rejection_comparison_ours/cells/fold3/outlier_l0.40_p1/neurid_original/queries.csv.gz
3,3,0.4,2,current_argmax,19,296,710,0.6114864864864865,0.47635135135135137,0.39864864864864863,0.9366197183098591,0.8492975734355045,cpu,/home/ubuntu/klb/nuclr/nuclr/runs/mprt_v1_1_dynamic_residual_atlas_cv5x3_v1/rld/fold3/seed42/dynamic/low_rank_r8/best.pt,/home/ubuntu/klb/nuclr/nuclr/runs/rld_robustness_cv5_seed42_v2/corruptions/fold3/outlier_l0.40_p2,/home/ubuntu/klb/nuclr/nuclr/runs/rld_robustness_cv5_seed42_v2/formal_rejection_comparison_ours/cells/fold3/outlier_l0.40_p2/neurid_original/queries.csv.gz
3,3,0.4,2,binary_0_5,19,296,710,0.6114864864864865,0.5067567567567568,0.30405405405405406,0.852112676056338,0.8705035971223022,cpu,/home/ubuntu/klb/nuclr/nuclr/runs/mprt_v1_1_dynamic_residual_atlas_cv5x3_v1/rld/fold3/seed42/dynamic/low_rank_r8/best.pt,/home/ubuntu/klb/nuclr/nuclr/runs/rld_robustness_cv5_seed42_v2/corruptions/fold3/outlier_l0.40_p2,/home/ubuntu/klb/nuclr/nuclr/runs/rld_robustness_cv5_seed42_v2/formal_rejection_comparison_ours/cells/fold3/outlier_l0.40_p2/neurid_original/queries.csv.gz
3,3,0.4,2,probability_val_r80,19,296,710,0.6114864864864865,0.5371621621621622,0.24324324324324326,0.8028169014084507,0.8878504672897196,cpu,/home/ubuntu/klb/nuclr/nuclr/runs/mprt_v1_1_dynamic_residual_atlas_cv5x3_v1/rld/fold3/seed42/dynamic/low_rank_r8/best.pt,/home/ubuntu/klb/nuclr/nuclr/runs/rld_robustness_cv5_seed42_v2/corruptions/fold3/outlier_l0.40_p2,/home/ubuntu/klb/nuclr/nuclr/runs/rld_robustness_cv5_seed42_v2/formal_rejection_comparison_ours/cells/fold3/outlier_l0.40_p2/neurid_original/queries.csv.gz
3,3,0.4,2,probability_val_r90,19,296,710,0.6114864864864865,0.4966216216216216,0.34121621621621623,0.8929577464788733,0.8625850340136054,cpu,/home/ubuntu/klb/nuclr/nuclr/runs/mprt_v1_1_dynamic_residual_atlas_cv5x3_v1/rld/fold3/seed42/dynamic/low_rank_r8/best.pt,/home/ubuntu/klb/nuclr/nuclr/runs/rld_robustness_cv5_seed42_v2/corruptions/fold3/outlier_l0.40_p2,/home/ubuntu/klb/nuclr/nuclr/runs/rld_robustness_cv5_seed42_v2/formal_rejection_comparison_ours/cells/fold3/outlier_l0.40_p2/neurid_original/queries.csv.gz
3,3,0.4,2,probability_val_r95,19,296,710,0.6114864864864865,0.44256756756756754,0.42905405405405406,0.9436619718309859,0.8406524466750314,cpu,/home/ubuntu/klb/nuclr/nuclr/runs/mprt_v1_1_dynamic_residual_atlas_cv5x3_v1/rld/fold3/seed42/dynamic/low_rank_r8/best.pt,/home/ubuntu/klb/nuclr/nuclr/runs/rld_robustness_cv5_seed42_v2/corruptions/fold3/outlier_l0.40_p2,/home/ubuntu/klb/nuclr/nuclr/runs/rld_robustness_cv5_seed42_v2/formal_rejection_comparison_ours/cells/fold3/outlier_l0.40_p2/neurid_original/queries.csv.gz
3,3,0.4,2,log_margin_val_r80,19,296,710,0.6114864864864865,0.5777027027027027,0.15878378378378377,0.8084507042253521,0.9243156199677939,cpu,/home/ubuntu/klb/nuclr/nuclr/runs/mprt_v1_1_dynamic_residual_atlas_cv5x3_v1/rld/fold3/seed42/dynamic/low_rank_r8/best.pt,/home/ubuntu/klb/nuclr/nuclr/runs/rld_robustness_cv5_seed42_v2/corruptions/fold3/outlier_l0.40_p2,/home/ubuntu/klb/nuclr/nuclr/runs/rld_robustness_cv5_seed42_v2/formal_rejection_comparison_ours/cells/fold3/outlier_l0.40_p2/neurid_original/queries.csv.gz
3,3,0.4,2,log_margin_val_r90,19,296,710,0.6114864864864865,0.5405405405405406,0.27364864864864863,0.8915492957746479,0.8865546218487395,cpu,/home/ubuntu/klb/nuclr/nuclr/runs/mprt_v1_1_dynamic_residual_atlas_cv5x3_v1/rld/fold3/seed42/dynamic/low_rank_r8/best.pt,/home/ubuntu/klb/nuclr/nuclr/runs/rld_robustness_cv5_seed42_v2/corruptions/fold3/outlier_l0.40_p2,/home/ubuntu/klb/nuclr/nuclr/runs/rld_robustness_cv5_seed42_v2/formal_rejection_comparison_ours/cells/fold3/outlier_l0.40_p2/neurid_original/queries.csv.gz
3,3,0.4,2,log_margin_val_r95,19,296,710,0.6114864864864865,0.4831081081081081,0.3918918918918919,0.9352112676056338,0.8512820512820513,cpu,/home/ubuntu/klb/nuclr/nuclr/runs/mprt_v1_1_dynamic_residual_atlas_cv5x3_v1/rld/fold3/seed42/dynamic/low_rank_r8/best.pt,/home/ubuntu/klb/nuclr/nuclr/runs/rld_robustness_cv5_seed42_v2/corruptions/fold3/outlier_l0.40_p2,/home/ubuntu/klb/nuclr/nuclr/runs/rld_robustness_cv5_seed42_v2/formal_rejection_comparison_ours/cells/fold3/outlier_l0.40_p2/neurid_original/queries.csv.gz
3,3,0.5,0,current_argmax,19,296,888,0.6047297297297297,0.46283783783783783,0.4222972972972973,0.9527027027027027,0.8712667353244078,cpu,/home/ubuntu/klb/nuclr/nuclr/runs/mprt_v1_1_dynamic_residual_atlas_cv5x3_v1/rld/fold3/seed42/dynamic/low_rank_r8/best.pt,/home/ubuntu/klb/nuclr/nuclr/runs/rld_robustness_cv5_seed42_v2/corruptions/fold3/outlier_l0.50_p0,/home/ubuntu/klb/nuclr/nuclr/runs/rld_robustness_cv5_seed42_v2/formal_rejection_comparison_ours/cells/fold3/outlier_l0.50_p0/neurid_original/queries.csv.gz
3,3,0.5,0,binary_0_5,19,296,888,0.6047297297297297,0.5,0.30067567567567566,0.8671171171171171,0.8963911525029103,cpu,/home/ubuntu/klb/nuclr/nuclr/runs/mprt_v1_1_dynamic_residual_atlas_cv5x3_v1/rld/fold3/seed42/dynamic/low_rank_r8/best.pt,/home/ubuntu/klb/nuclr/nuclr/runs/rld_robustness_cv5_seed42_v2/corruptions/fold3/outlier_l0.50_p0,/home/ubuntu/klb/nuclr/nuclr/runs/rld_robustness_cv5_seed42_v2/formal_rejection_comparison_ours/cells/fold3/outlier_l0.50_p0/neurid_original/queries.csv.gz
3,3,0.5,0,probability_val_r80,19,296,888,0.6047297297297297,0.5371621621621622,0.24324324324324326,0.8074324324324325,0.908745247148289,cpu,/home/ubuntu/klb/nuclr/nuclr/runs/mprt_v1_1_dynamic_residual_atlas_cv5x3_v1/rld/fold3/seed42/dynamic/low_rank_r8/best.pt,/home/ubuntu/klb/nuclr/nuclr/runs/rld_robustness_cv5_seed42_v2/corruptions/fold3/outlier_l0.50_p0,/home/ubuntu/klb/nuclr/nuclr/runs/rld_robustness_cv5_seed42_v2/formal_rejection_comparison_ours/cells/fold3/outlier_l0.50_p0/neurid_original/queries.csv.gz
3,3,0.5,0,probability_val_r90,19,296,888,0.6047297297297297,0.47635135135135137,0.3581081081081081,0.9132882882882883,0.8844056706652127,cpu,/home/ubuntu/klb/nuclr/nuclr/runs/mprt_v1_1_dynamic_residual_atlas_cv5x3_v1/rld/fold3/seed42/dynamic/low_rank_r8/best.pt,/home/ubuntu/klb/nuclr/nuclr/runs/rld_robustness_cv5_seed42_v2/corruptions/fold3/outlier_l0.50_p0,/home/ubuntu/klb/nuclr/nuclr/runs/rld_robustness_cv5_seed42_v2/formal_rejection_comparison_ours/cells/fold3/outlier_l0.50_p0/neurid_original/queries.csv.gz
3,3,0.5,0,probability_val_r95,19,296,888,0.6047297297297297,0.41216216216216217,0.48986486486486486,0.9572072072072072,0.8542713567839196,cpu,/home/ubuntu/klb/nuclr/nuclr/runs/mprt_v1_1_dynamic_residual_atlas_cv5x3_v1/rld/fold3/seed42/dynamic/low_rank_r8/best.pt,/home/ubuntu/klb/nuclr/nuclr/runs/rld_robustness_cv5_seed42_v2/corruptions/fold3/outlier_l0.50_p0,/home/ubuntu/klb/nuclr/nuclr/runs/rld_robustness_cv5_seed42_v2/formal_rejection_comparison_ours/cells/fold3/outlier_l0.50_p0/neurid_original/queries.csv.gz
3,3,0.5,0,log_margin_val_r80,19,296,888,0.6047297297297297,0.5777027027027027,0.16891891891891891,0.8074324324324325,0.9348109517601043,cpu,/home/ubuntu/klb/nuclr/nuclr/runs/mprt_v1_1_dynamic_residual_atlas_cv5x3_v1/rld/fold3/seed42/dynamic/low_rank_r8/best.pt,/home/ubuntu/klb/nuclr/nuclr/runs/rld_robustness_cv5_seed42_v2/corruptions/fold3/outlier_l0.50_p0,/home/ubuntu/klb/nuclr/nuclr/runs/rld_robustness_cv5_seed42_v2/formal_rejection_comparison_ours/cells/fold3/outlier_l0.50_p0/neurid_original/queries.csv.gz
3,3,0.5,0,log_margin_val_r90,19,296,888,0.6047297297297297,0.5236486486486487,0.2939189189189189,0.9009009009009009,0.9019165727170236,cpu,/home/ubuntu/klb/nuclr/nuclr/runs/mprt_v1_1_dynamic_residual_atlas_cv5x3_v1/rld/fold3/seed42/dynamic/low_rank_r8/best.pt,/home/ubuntu/klb/nuclr/nuclr/runs/rld_robustness_cv5_seed42_v2/corruptions/fold3/outlier_l0.50_p0,/home/ubuntu/klb/nuclr/nuclr/runs/rld_robustness_cv5_seed42_v2/formal_rejection_comparison_ours/cells/fold3/outlier_l0.50_p0/neurid_original/queries.csv.gz
3,3,0.5,0,log_margin_val_r95,19,296,888,0.6047297297297297,0.47297297297297297,0.40202702702702703,0.9504504504504504,0.8764278296988577,cpu,/home/ubuntu/klb/nuclr/nuclr/runs/mprt_v1_1_dynamic_residual_atlas_cv5x3_v1/rld/fold3/seed42/dynamic/low_rank_r8/best.pt,/home/ubuntu/klb/nuclr/nuclr/runs/rld_robustness_cv5_seed42_v2/corruptions/fold3/outlier_l0.50_p0,/home/ubuntu/klb/nuclr/nuclr/runs/rld_robustness_cv5_seed42_v2/formal_rejection_comparison_ours/cells/fold3/outlier_l0.50_p0/neurid_original/queries.csv.gz
3,3,0.5,1,current_argmax,19,296,888,0.597972972972973,0.46283783783783783,0.39864864864864863,0.9650900900900901,0.8789743589743589,cpu,/home/ubuntu/klb/nuclr/nuclr/runs/mprt_v1_1_dynamic_residual_atlas_cv5x3_v1/rld/fold3/seed42/dynamic/low_rank_r8/best.pt,/home/ubuntu/klb/nuclr/nuclr/runs/rld_robustness_cv5_seed42_v2/corruptions/fold3/outlier_l0.50_p1,/home/ubuntu/klb/nuclr/nuclr/runs/rld_robustness_cv5_seed42_v2/formal_rejection_comparison_ours/cells/fold3/outlier_l0.50_p1/neurid_original/queries.csv.gz
3,3,0.5,1,binary_0_5,19,296,888,0.597972972972973,0.5,0.2939189189189189,0.8716216216216216,0.8989547038327527,cpu,/home/ubuntu/klb/nuclr/nuclr/runs/mprt_v1_1_dynamic_residual_atlas_cv5x3_v1/rld/fold3/seed42/dynamic/low_rank_r8/best.pt,/home/ubuntu/klb/nuclr/nuclr/runs/rld_robustness_cv5_seed42_v2/corruptions/fold3/outlier_l0.50_p1,/home/ubuntu/klb/nuclr/nuclr/runs/rld_robustness_cv5_seed42_v2/formal_rejection_comparison_ours/cells/fold3/outlier_l0.50_p1/neurid_original/queries.csv.gz
3,3,0.5,1,probability_val_r80,19,296,888,0.597972972972973,0.5304054054054054,0.24662162162162163,0.8096846846846847,0.9078282828282829,cpu,/home/ubuntu/klb/nuclr/nuclr/runs/mprt_v1_1_dynamic_residual_atlas_cv5x3_v1/rld/fold3/seed42/dynamic/low_rank_r8/best.pt,/home/ubuntu/klb/nuclr/nuclr/runs/rld_robustness_cv5_seed42_v2/corruptions/fold3/outlier_l0.50_p1,/home/ubuntu/klb/nuclr/nuclr/runs/rld_robustness_cv5_seed42_v2/formal_rejection_comparison_ours/cells/fold3/outlier_l0.50_p1/neurid_original/queries.csv.gz
3,3,0.5,1,probability_val_r90,19,296,888,0.597972972972973,0.46283783783783783,0.34459459459459457,0.9166666666666666,0.888646288209607,cpu,/home/ubuntu/klb/nuclr/nuclr/runs/mprt_v1_1_dynamic_residual_atlas_cv5x3_v1/rld/fold3/seed42/dynamic/low_rank_r8/best.pt,/home/ubuntu/klb/nuclr/nuclr/runs/rld_robustness_cv5_seed42_v2/corruptions/fold3/outlier_l0.50_p1,/home/ubuntu/klb/nuclr/nuclr/runs/rld_robustness_cv5_seed42_v2/formal_rejection_comparison_ours/cells/fold3/outlier_l0.50_p1/neurid_original/queries.csv.gz
3,3,0.5,1,probability_val_r95,19,296,888,0.597972972972973,0.42567567567567566,0.4560810810810811,0.9673423423423423,0.864185110663984,cpu,/home/ubuntu/klb/nuclr/nuclr/runs/mprt_v1_1_dynamic_residual_atlas_cv5x3_v1/rld/fold3/seed42/dynamic/low_rank_r8/best.pt,/home/ubuntu/klb/nuclr/nuclr/runs/rld_robustness_cv5_seed42_v2/corruptions/fold3/outlier_l0.50_p1,/home/ubuntu/klb/nuclr/nuclr/runs/rld_robustness_cv5_seed42_v2/formal_rejection_comparison_ours/cells/fold3/outlier_l0.50_p1/neurid_original/queries.csv.gz
3,3,0.5,1,log_margin_val_r80,19,296,888,0.597972972972973,0.5743243243243243,0.16216216216216217,0.8130630630630631,0.9376623376623376,cpu,/home/ubuntu/klb/nuclr/nuclr/runs/mprt_v1_1_dynamic_residual_atlas_cv5x3_v1/rld/fold3/seed42/dynamic/low_rank_r8/best.pt,/home/ubuntu/klb/nuclr/nuclr/runs/rld_robustness_cv5_seed42_v2/corruptions/fold3/outlier_l0.50_p1,/home/ubuntu/klb/nuclr/nuclr/runs/rld_robustness_cv5_seed42_v2/formal_rejection_comparison_ours/cells/fold3/outlier_l0.50_p1/neurid_original/queries.csv.gz
3,3,0.5,1,log_margin_val_r90,19,296,888,0.597972972972973,0.5304054054054054,0.27364864864864863,0.9144144144144144,0.9092945128779395,cpu,/home/ubuntu/klb/nuclr/nuclr/runs/mprt_v1_1_dynamic_residual_atlas_cv5x3_v1/rld/fold3/seed42/dynamic/low_rank_r8/best.pt,/home/ubuntu/klb/nuclr/nuclr/runs/rld_robustness_cv5_seed42_v2/corruptions/fold3/outlier_l0.50_p1,/home/ubuntu/klb/nuclr/nuclr/runs/rld_robustness_cv5_seed42_v2/formal_rejection_comparison_ours/cells/fold3/outlier_l0.50_p1/neurid_original/queries.csv.gz
3,3,0.5,1,log_margin_val_r95,19,296,888,0.597972972972973,0.47297297297297297,0.38175675675675674,0.963963963963964,0.8833849329205367,cpu,/home/ubuntu/klb/nuclr/nuclr/runs/mprt_v1_1_dynamic_residual_atlas_cv5x3_v1/rld/fold3/seed42/dynamic/low_rank_r8/best.pt,/home/ubuntu/klb/nuclr/nuclr/runs/rld_robustness_cv5_seed42_v2/corruptions/fold3/outlier_l0.50_p1,/home/ubuntu/klb/nuclr/nuclr/runs/rld_robustness_cv5_seed42_v2/formal_rejection_comparison_ours/cells/fold3/outlier_l0.50_p1/neurid_original/queries.csv.gz
3,3,0.5,2,current_argmax,19,296,888,0.6081081081081081,0.46621621621621623,0.40878378378378377,0.9504504504504504,0.8746113989637305,cpu,/home/ubuntu/klb/nuclr/nuclr/runs/mprt_v1_1_dynamic_residual_atlas_cv5x3_v1/rld/fold3/seed42/dynamic/low_rank_r8/best.pt,/home/ubuntu/klb/nuclr/nuclr/runs/rld_robustness_cv5_seed42_v2/corruptions/fold3/outlier_l0.50_p2,/home/ubuntu/klb/nuclr/nuclr/runs/rld_robustness_cv5_seed42_v2/formal_rejection_comparison_ours/cells/fold3/outlier_l0.50_p2/neurid_original/queries.csv.gz
3,3,0.5,2,binary_0_5,19,296,888,0.6081081081081081,0.5033783783783784,0.2939189189189189,0.8817567567567568,0.9,cpu,/home/ubuntu/klb/nuclr/nuclr/runs/mprt_v1_1_dynamic_residual_atlas_cv5x3_v1/rld/fold3/seed42/dynamic/low_rank_r8/best.pt,/home/ubuntu/klb/nuclr/nuclr/runs/rld_robustness_cv5_seed42_v2/corruptions/fold3/outlier_l0.50_p2,/home/ubuntu/klb/nuclr/nuclr/runs/rld_robustness_cv5_seed42_v2/formal_rejection_comparison_ours/cells/fold3/outlier_l0.50_p2/neurid_original/queries.csv.gz
3,3,0.5,2,probability_val_r80,19,296,888,0.6081081081081081,0.5337837837837838,0.24324324324324326,0.8130630630630631,0.9093198992443325,cpu,/home/ubuntu/klb/nuclr/nuclr/runs/mprt_v1_1_dynamic_residual_atlas_cv5x3_v1/rld/fold3/seed42/dynamic/low_rank_r8/best.pt,/home/ubuntu/klb/nuclr/nuclr/runs/rld_robustness_cv5_seed42_v2/corruptions/fold3/outlier_l0.50_p2,/home/ubuntu/klb/nuclr/nuclr/runs/rld_robustness_cv5_seed42_v2/formal_rejection_comparison_ours/cells/fold3/outlier_l0.50_p2/neurid_original/queries.csv.gz
3,3,0.5,2,probability_val_r90,19,296,888,0.6081081081081081,0.47297297297297297,0.35135135135135137,0.9155405405405406,0.8865866957470011,cpu,/home/ubuntu/klb/nuclr/nuclr/runs/mprt_v1_1_dynamic_residual_atlas_cv5x3_v1/rld/fold3/seed42/dynamic/low_rank_r8/best.pt,/home/ubuntu/klb/nuclr/nuclr/runs/rld_robustness_cv5_seed42_v2/corruptions/fold3/outlier_l0.50_p2,/home/ubuntu/klb/nuclr/nuclr/runs/rld_robustness_cv5_seed42_v2/formal_rejection_comparison_ours/cells/fold3/outlier_l0.50_p2/neurid_original/queries.csv.gz
3,3,0.5,2,probability_val_r95,19,296,888,0.6081081081081081,0.43243243243243246,0.4560810810810811,0.9538288288288288,0.8625254582484725,cpu,/home/ubuntu/klb/nuclr/nuclr/runs/mprt_v1_1_dynamic_residual_atlas_cv5x3_v1/rld/fold3/seed42/dynamic/low_rank_r8/best.pt,/home/ubuntu/klb/nuclr/nuclr/runs/rld_robustness_cv5_seed42_v2/corruptions/fold3/outlier_l0.50_p2,/home/ubuntu/klb/nuclr/nuclr/runs/rld_robustness_cv5_seed42_v2/formal_rejection_comparison_ours/cells/fold3/outlier_l0.50_p2/neurid_original/queries.csv.gz
3,3,0.5,2,log_margin_val_r80,19,296,888,0.6081081081081081,0.581081081081081,0.16891891891891891,0.8277027027027027,0.9363057324840764,cpu,/home/ubuntu/klb/nuclr/nuclr/runs/mprt_v1_1_dynamic_residual_atlas_cv5x3_v1/rld/fold3/seed42/dynamic/low_rank_r8/best.pt,/home/ubuntu/klb/nuclr/nuclr/runs/rld_robustness_cv5_seed42_v2/corruptions/fold3/outlier_l0.50_p2,/home/ubuntu/klb/nuclr/nuclr/runs/rld_robustness_cv5_seed42_v2/formal_rejection_comparison_ours/cells/fold3/outlier_l0.50_p2/neurid_original/queries.csv.gz
3,3,0.5,2,log_margin_val_r90,19,296,888,0.6081081081081081,0.5304054054054054,0.28040540540540543,0.9121621621621622,0.9070548712206047,cpu,/home/ubuntu/klb/nuclr/nuclr/runs/mprt_v1_1_dynamic_residual_atlas_cv5x3_v1/rld/fold3/seed42/dynamic/low_rank_r8/best.pt,/home/ubuntu/klb/nuclr/nuclr/runs/rld_robustness_cv5_seed42_v2/corruptions/fold3/outlier_l0.50_p2,/home/ubuntu/klb/nuclr/nuclr/runs/rld_robustness_cv5_seed42_v2/formal_rejection_comparison_ours/cells/fold3/outlier_l0.50_p2/neurid_original/queries.csv.gz
3,3,0.5,2,log_margin_val_r95,19,296,888,0.6081081081081081,0.46621621621621623,0.40540540540540543,0.9481981981981982,0.8752598752598753,cpu,/home/ubuntu/klb/nuclr/nuclr/runs/mprt_v1_1_dynamic_residual_atlas_cv5x3_v1/rld/fold3/seed42/dynamic/low_rank_r8/best.pt,/home/ubuntu/klb/nuclr/nuclr/runs/rld_robustness_cv5_seed42_v2/corruptions/fold3/outlier_l0.50_p2,/home/ubuntu/klb/nuclr/nuclr/runs/rld_robustness_cv5_seed42_v2/formal_rejection_comparison_ours/cells/fold3/outlier_l0.50_p2/neurid_original/queries.csv.gz
3,4,0.0,0,current_argmax,19,294,0,0.6700680272108843,0.5952380952380952,0.2619047619047619,,,cpu,/home/ubuntu/klb/nuclr/nuclr/runs/mprt_v1_1_dynamic_residual_atlas_cv5x3_v1/rld/fold4/seed42/dynamic/low_rank_r8/best.pt,/home/ubuntu/klb/nuclr/nuclr/runs/rld_robustness_cv5_seed42_v2/corruptions/fold4/outlier_l0.00_p0,/home/ubuntu/klb/nuclr/nuclr/runs/rld_robustness_cv5_seed42_v2/formal_rejection_comparison_ours/cells/fold4/outlier_l0.00_p0/neurid_original/queries.csv.gz
3,4,0.0,0,binary_0_5,19,294,0,0.6700680272108843,0.6122448979591837,0.20748299319727892,,,cpu,/home/ubuntu/klb/nuclr/nuclr/runs/mprt_v1_1_dynamic_residual_atlas_cv5x3_v1/rld/fold4/seed42/dynamic/low_rank_r8/best.pt,/home/ubuntu/klb/nuclr/nuclr/runs/rld_robustness_cv5_seed42_v2/corruptions/fold4/outlier_l0.00_p0,/home/ubuntu/klb/nuclr/nuclr/runs/rld_robustness_cv5_seed42_v2/formal_rejection_comparison_ours/cells/fold4/outlier_l0.00_p0/neurid_original/queries.csv.gz
3,4,0.0,0,probability_val_r80,19,294,0,0.6700680272108843,0.6224489795918368,0.18027210884353742,,,cpu,/home/ubuntu/klb/nuclr/nuclr/runs/mprt_v1_1_dynamic_residual_atlas_cv5x3_v1/rld/fold4/seed42/dynamic/low_rank_r8/best.pt,/home/ubuntu/klb/nuclr/nuclr/runs/rld_robustness_cv5_seed42_v2/corruptions/fold4/outlier_l0.00_p0,/home/ubuntu/klb/nuclr/nuclr/runs/rld_robustness_cv5_seed42_v2/formal_rejection_comparison_ours/cells/fold4/outlier_l0.00_p0/neurid_original/queries.csv.gz
3,4,0.0,0,probability_val_r90,19,294,0,0.6700680272108843,0.5884353741496599,0.2687074829931973,,,cpu,/home/ubuntu/klb/nuclr/nuclr/runs/mprt_v1_1_dynamic_residual_atlas_cv5x3_v1/rld/fold4/seed42/dynamic/low_rank_r8/best.pt,/home/ubuntu/klb/nuclr/nuclr/runs/rld_robustness_cv5_seed42_v2/corruptions/fold4/outlier_l0.00_p0,/home/ubuntu/klb/nuclr/nuclr/runs/rld_robustness_cv5_seed42_v2/formal_rejection_comparison_ours/cells/fold4/outlier_l0.00_p0/neurid_original/queries.csv.gz
3,4,0.0,0,probability_val_r95,19,294,0,0.6700680272108843,0.5612244897959183,0.3333333333333333,,,cpu,/home/ubuntu/klb/nuclr/nuclr/runs/mprt_v1_1_dynamic_residual_atlas_cv5x3_v1/rld/fold4/seed42/dynamic/low_rank_r8/best.pt,/home/ubuntu/klb/nuclr/nuclr/runs/rld_robustness_cv5_seed42_v2/corruptions/fold4/outlier_l0.00_p0,/home/ubuntu/klb/nuclr/nuclr/runs/rld_robustness_cv5_seed42_v2/formal_rejection_comparison_ours/cells/fold4/outlier_l0.00_p0/neurid_original/queries.csv.gz
3,4,0.0,0,log_margin_val_r80,19,294,0,0.6700680272108843,0.6428571428571429,0.1292517006802721,,,cpu,/home/ubuntu/klb/nuclr/nuclr/runs/mprt_v1_1_dynamic_residual_atlas_cv5x3_v1/rld/fold4/seed42/dynamic/low_rank_r8/best.pt,/home/ubuntu/klb/nuclr/nuclr/runs/rld_robustness_cv5_seed42_v2/corruptions/fold4/outlier_l0.00_p0,/home/ubuntu/klb/nuclr/nuclr/runs/rld_robustness_cv5_seed42_v2/formal_rejection_comparison_ours/cells/fold4/outlier_l0.00_p0/neurid_original/queries.csv.gz
3,4,0.0,0,log_margin_val_r90,19,294,0,0.6700680272108843,0.608843537414966,0.22789115646258504,,,cpu,/home/ubuntu/klb/nuclr/nuclr/runs/mprt_v1_1_dynamic_residual_atlas_cv5x3_v1/rld/fold4/seed42/dynamic/low_rank_r8/best.pt,/home/ubuntu/klb/nuclr/nuclr/runs/rld_robustness_cv5_seed42_v2/corruptions/fold4/outlier_l0.00_p0,/home/ubuntu/klb/nuclr/nuclr/runs/rld_robustness_cv5_seed42_v2/formal_rejection_comparison_ours/cells/fold4/outlier_l0.00_p0/neurid_original/queries.csv.gz
3,4,0.0,0,log_margin_val_r95,19,294,0,0.6700680272108843,0.5918367346938775,0.2789115646258503,,,cpu,/home/ubuntu/klb/nuclr/nuclr/runs/mprt_v1_1_dynamic_residual_atlas_cv5x3_v1/rld/fold4/seed42/dynamic/low_rank_r8/best.pt,/home/ubuntu/klb/nuclr/nuclr/runs/rld_robustness_cv5_seed42_v2/corruptions/fold4/outlier_l0.00_p0,/home/ubuntu/klb/nuclr/nuclr/runs/rld_robustness_cv5_seed42_v2/formal_rejection_comparison_ours/cells/fold4/outlier_l0.00_p0/neurid_original/queries.csv.gz
3,4,0.1,0,current_argmax,19,294,175,0.6666666666666666,0.5816326530612245,0.2891156462585034,0.92,0.6544715447154471,cpu,/home/ubuntu/klb/nuclr/nuclr/runs/mprt_v1_1_dynamic_residual_atlas_cv5x3_v1/rld/fold4/seed42/dynamic/low_rank_r8/best.pt,/home/ubuntu/klb/nuclr/nuclr/runs/rld_robustness_cv5_seed42_v2/corruptions/fold4/outlier_l0.10_p0,/home/ubuntu/klb/nuclr/nuclr/runs/rld_robustness_cv5_seed42_v2/formal_rejection_comparison_ours/cells/fold4/outlier_l0.10_p0/neurid_original/queries.csv.gz
3,4,0.1,0,binary_0_5,19,294,175,0.6666666666666666,0.6020408163265306,0.22448979591836735,0.7885714285714286,0.6764705882352942,cpu,/home/ubuntu/klb/nuclr/nuclr/runs/mprt_v1_1_dynamic_residual_atlas_cv5x3_v1/rld/fold4/seed42/dynamic/low_rank_r8/best.pt,/home/ubuntu/klb/nuclr/nuclr/runs/rld_robustness_cv5_seed42_v2/corruptions/fold4/outlier_l0.10_p0,/home/ubuntu/klb/nuclr/nuclr/runs/rld_robustness_cv5_seed42_v2/formal_rejection_comparison_ours/cells/fold4/outlier_l0.10_p0/neurid_original/queries.csv.gz
3,4,0.1,0,probability_val_r80,19,294,175,0.6666666666666666,0.6054421768707483,0.20408163265306123,0.7885714285714286,0.696969696969697,cpu,/home/ubuntu/klb/nuclr/nuclr/runs/mprt_v1_1_dynamic_residual_atlas_cv5x3_v1/rld/fold4/seed42/dynamic/low_rank_r8/best.pt,/home/ubuntu/klb/nuclr/nuclr/runs/rld_robustness_cv5_seed42_v2/corruptions/fold4/outlier_l0.10_p0,/home/ubuntu/klb/nuclr/nuclr/runs/rld_robustness_cv5_seed42_v2/formal_rejection_comparison_ours/cells/fold4/outlier_l0.10_p0/neurid_original/queries.csv.gz
3,4,0.1,0,probability_val_r90,19,294,175,0.6666666666666666,0.5782312925170068,0.29591836734693877,0.88,0.6390041493775933,cpu,/home/ubuntu/klb/nuclr/nuclr/runs/mprt_v1_1_dynamic_residual_atlas_cv5x3_v1/rld/fold4/seed42/dynamic/low_rank_r8/best.pt,/home/ubuntu/klb/nuclr/nuclr/runs/rld_robustness_cv5_seed42_v2/corruptions/fold4/outlier_l0.10_p0,/home/ubuntu/klb/nuclr/nuclr/runs/rld_robustness_cv5_seed42_v2/formal_rejection_comparison_ours/cells/fold4/outlier_l0.10_p0/neurid_original/queries.csv.gz
3,4,0.1,0,probability_val_r95,19,294,175,0.6666666666666666,0.54421768707483,0.35714285714285715,0.9257142857142857,0.6067415730337079,cpu,/home/ubuntu/klb/nuclr/nuclr/runs/mprt_v1_1_dynamic_residual_atlas_cv5x3_v1/rld/fold4/seed42/dynamic/low_rank_r8/best.pt,/home/ubuntu/klb/nuclr/nuclr/runs/rld_robustness_cv5_seed42_v2/corruptions/fold4/outlier_l0.10_p0,/home/ubuntu/klb/nuclr/nuclr/runs/rld_robustness_cv5_seed42_v2/formal_rejection_comparison_ours/cells/fold4/outlier_l0.10_p0/neurid_original/queries.csv.gz
3,4,0.1,0,log_margin_val_r80,19,294,175,0.6666666666666666,0.6428571428571429,0.1598639455782313,0.7771428571428571,0.7431693989071039,cpu,/home/ubuntu/klb/nuclr/nuclr/runs/mprt_v1_1_dynamic_residual_atlas_cv5x3_v1/rld/fold4/seed42/dynamic/low_rank_r8/best.pt,/home/ubuntu/klb/nuclr/nuclr/runs/rld_robustness_cv5_seed42_v2/corruptions/fold4/outlier_l0.10_p0,/home/ubuntu/klb/nuclr/nuclr/runs/rld_robustness_cv5_seed42_v2/formal_rejection_comparison_ours/cells/fold4/outlier_l0.10_p0/neurid_original/queries.csv.gz
3,4,0.1,0,log_margin_val_r90,19,294,175,0.6666666666666666,0.5952380952380952,0.25510204081632654,0.8914285714285715,0.6753246753246753,cpu,/home/ubuntu/klb/nuclr/nuclr/runs/mprt_v1_1_dynamic_residual_atlas_cv5x3_v1/rld/fold4/seed42/dynamic/low_rank_r8/best.pt,/home/ubuntu/klb/nuclr/nuclr/runs/rld_robustness_cv5_seed42_v2/corruptions/fold4/outlier_l0.10_p0,/home/ubuntu/klb/nuclr/nuclr/runs/rld_robustness_cv5_seed42_v2/formal_rejection_comparison_ours/cells/fold4/outlier_l0.10_p0/neurid_original/queries.csv.gz
3,4,0.1,0,log_margin_val_r95,19,294,175,0.6666666666666666,0.5782312925170068,0.30272108843537415,0.9428571428571428,0.6496062992125984,cpu,/home/ubuntu/klb/nuclr/nuclr/runs/mprt_v1_1_dynamic_residual_atlas_cv5x3_v1/rld/fold4/seed42/dynamic/low_rank_r8/best.pt,/home/ubuntu/klb/nuclr/nuclr/runs/rld_robustness_cv5_seed42_v2/corruptions/fold4/outlier_l0.10_p0,/home/ubuntu/klb/nuclr/nuclr/runs/rld_robustness_cv5_seed42_v2/formal_rejection_comparison_ours/cells/fold4/outlier_l0.10_p0/neurid_original/queries.csv.gz
3,4,0.1,1,current_argmax,19,294,175,0.6598639455782312,0.5748299319727891,0.29591836734693877,0.9028571428571428,0.6448979591836734,cpu,/home/ubuntu/klb/nuclr/nuclr/runs/mprt_v1_1_dynamic_residual_atlas_cv5x3_v1/rld/fold4/seed42/dynamic/low_rank_r8/best.pt,/home/ubuntu/klb/nuclr/nuclr/runs/rld_robustness_cv5_seed42_v2/corruptions/fold4/outlier_l0.10_p1,/home/ubuntu/klb/nuclr/nuclr/runs/rld_robustness_cv5_seed42_v2/formal_rejection_comparison_ours/cells/fold4/outlier_l0.10_p1/neurid_original/queries.csv.gz
3,4,0.1,1,binary_0_5,19,294,175,0.6598639455782312,0.6054421768707483,0.20408163265306123,0.7942857142857143,0.6984924623115578,cpu,/home/ubuntu/klb/nuclr/nuclr/runs/mprt_v1_1_dynamic_residual_atlas_cv5x3_v1/rld/fold4/seed42/dynamic/low_rank_r8/best.pt,/home/ubuntu/klb/nuclr/nuclr/runs/rld_robustness_cv5_seed42_v2/corruptions/fold4/outlier_l0.10_p1,/home/ubuntu/klb/nuclr/nuclr/runs/rld_robustness_cv5_seed42_v2/formal_rejection_comparison_ours/cells/fold4/outlier_l0.10_p1/neurid_original/queries.csv.gz
3,4,0.1,1,probability_val_r80,19,294,175,0.6598639455782312,0.608843537414966,0.19387755102040816,0.7828571428571428,0.7061855670103093,cpu,/home/ubuntu/klb/nuclr/nuclr/runs/mprt_v1_1_dynamic_residual_atlas_cv5x3_v1/rld/fold4/seed42/dynamic/low_rank_r8/best.pt,/home/ubuntu/klb/nuclr/nuclr/runs/rld_robustness_cv5_seed42_v2/corruptions/fold4/outlier_l0.10_p1,/home/ubuntu/klb/nuclr/nuclr/runs/rld_robustness_cv5_seed42_v2/formal_rejection_comparison_ours/cells/fold4/outlier_l0.10_p1/neurid_original/queries.csv.gz
3,4,0.1,1,probability_val_r90,19,294,175,0.6598639455782312,0.5714285714285714,0.30952380952380953,0.9142857142857143,0.6374501992031872,cpu,/home/ubuntu/klb/nuclr/nuclr/runs/mprt_v1_1_dynamic_residual_atlas_cv5x3_v1/rld/fold4/seed42/dynamic/low_rank_r8/best.pt,/home/ubuntu/klb/nuclr/nuclr/runs/rld_robustness_cv5_seed42_v2/corruptions/fold4/outlier_l0.10_p1,/home/ubuntu/klb/nuclr/nuclr/runs/rld_robustness_cv5_seed42_v2/formal_rejection_comparison_ours/cells/fold4/outlier_l0.10_p1/neurid_original/queries.csv.gz
3,4,0.1,1,probability_val_r95,19,294,175,0.6598639455782312,0.5510204081632653,0.3401360544217687,0.9428571428571428,0.6226415094339622,cpu,/home/ubuntu/klb/nuclr/nuclr/runs/mprt_v1_1_dynamic_residual_atlas_cv5x3_v1/rld/fold4/seed42/dynamic/low_rank_r8/best.pt,/home/ubuntu/klb/nuclr/nuclr/runs/rld_robustness_cv5_seed42_v2/corruptions/fold4/outlier_l0.10_p1,/home/ubuntu/klb/nuclr/nuclr/runs/rld_robustness_cv5_seed42_v2/formal_rejection_comparison_ours/cells/fold4/outlier_l0.10_p1/neurid_original/queries.csv.gz
3,4,0.1,1,log_margin_val_r80,19,294,175,0.6598639455782312,0.6326530612244898,0.14965986394557823,0.76,0.751412429378531,cpu,/home/ubuntu/klb/nuclr/nuclr/runs/mprt_v1_1_dynamic_residual_atlas_cv5x3_v1/rld/fold4/seed42/dynamic/low_rank_r8/best.pt,/home/ubuntu/klb/nuclr/nuclr/runs/rld_robustness_cv5_seed42_v2/corruptions/fold4/outlier_l0.10_p1,/home/ubuntu/klb/nuclr/nuclr/runs/rld_robustness_cv5_seed42_v2/formal_rejection_comparison_ours/cells/fold4/outlier_l0.10_p1/neurid_original/queries.csv.gz
3,4,0.1,1,log_margin_val_r90,19,294,175,0.6598639455782312,0.5986394557823129,0.25170068027210885,0.8514285714285714,0.6681614349775785,cpu,/home/ubuntu/klb/nuclr/nuclr/runs/mprt_v1_1_dynamic_residual_atlas_cv5x3_v1/rld/fold4/seed42/dynamic/low_rank_r8/best.pt,/home/ubuntu/klb/nuclr/nuclr/runs/rld_robustness_cv5_seed42_v2/corruptions/fold4/outlier_l0.10_p1,/home/ubuntu/klb/nuclr/nuclr/runs/rld_robustness_cv5_seed42_v2/formal_rejection_comparison_ours/cells/fold4/outlier_l0.10_p1/neurid_original/queries.csv.gz
3,4,0.1,1,log_margin_val_r95,19,294,175,0.6598639455782312,0.5714285714285714,0.30952380952380953,0.9257142857142857,0.6403162055335968,cpu,/home/ubuntu/klb/nuclr/nuclr/runs/mprt_v1_1_dynamic_residual_atlas_cv5x3_v1/rld/fold4/seed42/dynamic/low_rank_r8/best.pt,/home/ubuntu/klb/nuclr/nuclr/runs/rld_robustness_cv5_seed42_v2/corruptions/fold4/outlier_l0.10_p1,/home/ubuntu/klb/nuclr/nuclr/runs/rld_robustness_cv5_seed42_v2/formal_rejection_comparison_ours/cells/fold4/outlier_l0.10_p1/neurid_original/queries.csv.gz
3,4,0.1,2,current_argmax,19,294,175,0.6564625850340136,0.5680272108843537,0.30272108843537415,0.9028571428571428,0.6396761133603239,cpu,/home/ubuntu/klb/nuclr/nuclr/runs/mprt_v1_1_dynamic_residual_atlas_cv5x3_v1/rld/fold4/seed42/dynamic/low_rank_r8/best.pt,/home/ubuntu/klb/nuclr/nuclr/runs/rld_robustness_cv5_seed42_v2/corruptions/fold4/outlier_l0.10_p2,/home/ubuntu/klb/nuclr/nuclr/runs/rld_robustness_cv5_seed42_v2/formal_rejection_comparison_ours/cells/fold4/outlier_l0.10_p2/neurid_original/queries.csv.gz
3,4,0.1,2,binary_0_5,19,294,175,0.6564625850340136,0.5918367346938775,0.21768707482993196,0.76,0.6751269035532995,cpu,/home/ubuntu/klb/nuclr/nuclr/runs/mprt_v1_1_dynamic_residual_atlas_cv5x3_v1/rld/fold4/seed42/dynamic/low_rank_r8/best.pt,/home/ubuntu/klb/nuclr/nuclr/runs/rld_robustness_cv5_seed42_v2/corruptions/fold4/outlier_l0.10_p2,/home/ubuntu/klb/nuclr/nuclr/runs/rld_robustness_cv5_seed42_v2/formal_rejection_comparison_ours/cells/fold4/outlier_l0.10_p2/neurid_original/queries.csv.gz
3,4,0.1,2,probability_val_r80,19,294,175,0.6564625850340136,0.5918367346938775,0.21768707482993196,0.7428571428571429,0.6701030927835051,cpu,/home/ubuntu/klb/nuclr/nuclr/runs/mprt_v1_1_dynamic_residual_atlas_cv5x3_v1/rld/fold4/seed42/dynamic/low_rank_r8/best.pt,/home/ubuntu/klb/nuclr/nuclr/runs/rld_robustness_cv5_seed42_v2/corruptions/fold4/outlier_l0.10_p2,/home/ubuntu/klb/nuclr/nuclr/runs/rld_robustness_cv5_seed42_v2/formal_rejection_comparison_ours/cells/fold4/outlier_l0.10_p2/neurid_original/queries.csv.gz
3,4,0.1,2,probability_val_r90,19,294,175,0.6564625850340136,0.564625850340136,0.30952380952380953,0.8514285714285714,0.6208333333333333,cpu,/home/ubuntu/klb/nuclr/nuclr/runs/mprt_v1_1_dynamic_residual_atlas_cv5x3_v1/rld/fold4/seed42/dynamic/low_rank_r8/best.pt,/home/ubuntu/klb/nuclr/nuclr/runs/rld_robustness_cv5_seed42_v2/corruptions/fold4/outlier_l0.10_p2,/home/ubuntu/klb/nuclr/nuclr/runs/rld_robustness_cv5_seed42_v2/formal_rejection_comparison_ours/cells/fold4/outlier_l0.10_p2/neurid_original/queries.csv.gz
3,4,0.1,2,probability_val_r95,19,294,175,0.6564625850340136,0.5340136054421769,0.36394557823129253,0.9142857142857143,0.599250936329588,cpu,/home/ubuntu/klb/nuclr/nuclr/runs/mprt_v1_1_dynamic_residual_atlas_cv5x3_v1/rld/fold4/seed42/dynamic/low_rank_r8/best.pt,/home/ubuntu/klb/nuclr/nuclr/runs/rld_robustness_cv5_seed42_v2/corruptions/fold4/outlier_l0.10_p2,/home/ubuntu/klb/nuclr/nuclr/runs/rld_robustness_cv5_seed42_v2/formal_rejection_comparison_ours/cells/fold4/outlier_l0.10_p2/neurid_original/queries.csv.gz
3,4,0.1,2,log_margin_val_r80,19,294,175,0.6564625850340136,0.6292517006802721,0.16666666666666666,0.7314285714285714,0.7231638418079096,cpu,/home/ubuntu/klb/nuclr/nuclr/runs/mprt_v1_1_dynamic_residual_atlas_cv5x3_v1/rld/fold4/seed42/dynamic/low_rank_r8/best.pt,/home/ubuntu/klb/nuclr/nuclr/runs/rld_robustness_cv5_seed42_v2/corruptions/fold4/outlier_l0.10_p2,/home/ubuntu/klb/nuclr/nuclr/runs/rld_robustness_cv5_seed42_v2/formal_rejection_comparison_ours/cells/fold4/outlier_l0.10_p2/neurid_original/queries.csv.gz
3,4,0.1,2,log_margin_val_r90,19,294,175,0.6564625850340136,0.5918367346938775,0.24829931972789115,0.8514285714285714,0.6711711711711712,cpu,/home/ubuntu/klb/nuclr/nuclr/runs/mprt_v1_1_dynamic_residual_atlas_cv5x3_v1/rld/fold4/seed42/dynamic/low_rank_r8/best.pt,/home/ubuntu/klb/nuclr/nuclr/runs/rld_robustness_cv5_seed42_v2/corruptions/fold4/outlier_l0.10_p2,/home/ubuntu/klb/nuclr/nuclr/runs/rld_robustness_cv5_seed42_v2/formal_rejection_comparison_ours/cells/fold4/outlier_l0.10_p2/neurid_original/queries.csv.gz
3,4,0.1,2,log_margin_val_r95,19,294,175,0.6564625850340136,0.5612244897959183,0.3197278911564626,0.9028571428571428,0.626984126984127,cpu,/home/ubuntu/klb/nuclr/nuclr/runs/mprt_v1_1_dynamic_residual_atlas_cv5x3_v1/rld/fold4/seed42/dynamic/low_rank_r8/best.pt,/home/ubuntu/klb/nuclr/nuclr/runs/rld_robustness_cv5_seed42_v2/corruptions/fold4/outlier_l0.10_p2,/home/ubuntu/klb/nuclr/nuclr/runs/rld_robustness_cv5_seed42_v2/formal_rejection_comparison_ours/cells/fold4/outlier_l0.10_p2/neurid_original/queries.csv.gz
3,4,0.2,0,current_argmax,19,294,348,0.6530612244897959,0.5578231292517006,0.3163265306122449,0.9224137931034483,0.7753623188405797,cpu,/home/ubuntu/klb/nuclr/nuclr/runs/mprt_v1_1_dynamic_residual_atlas_cv5x3_v1/rld/fold4/seed42/dynamic/low_rank_r8/best.pt,/home/ubuntu/klb/nuclr/nuclr/runs/rld_robustness_cv5_seed42_v2/corruptions/fold4/outlier_l0.20_p0,/home/ubuntu/klb/nuclr/nuclr/runs/rld_robustness_cv5_seed42_v2/formal_rejection_comparison_ours/cells/fold4/outlier_l0.20_p0/neurid_original/queries.csv.gz
3,4,0.2,0,binary_0_5,19,294,348,0.6530612244897959,0.5816326530612245,0.24149659863945577,0.764367816091954,0.7893175074183977,cpu,/home/ubuntu/klb/nuclr/nuclr/runs/mprt_v1_1_dynamic_residual_atlas_cv5x3_v1/rld/fold4/seed42/dynamic/low_rank_r8/best.pt,/home/ubuntu/klb/nuclr/nuclr/runs/rld_robustness_cv5_seed42_v2/corruptions/fold4/outlier_l0.20_p0,/home/ubuntu/klb/nuclr/nuclr/runs/rld_robustness_cv5_seed42_v2/formal_rejection_comparison_ours/cells/fold4/outlier_l0.20_p0/neurid_original/queries.csv.gz
3,4,0.2,0,probability_val_r80,19,294,348,0.6530612244897959,0.5816326530612245,0.23469387755102042,0.7528735632183908,0.7915407854984894,cpu,/home/ubuntu/klb/nuclr/nuclr/runs/mprt_v1_1_dynamic_residual_atlas_cv5x3_v1/rld/fold4/seed42/dynamic/low_rank_r8/best.pt,/home/ubuntu/klb/nuclr/nuclr/runs/rld_robustness_cv5_seed42_v2/corruptions/fold4/outlier_l0.20_p0,/home/ubuntu/klb/nuclr/nuclr/runs/rld_robustness_cv5_seed42_v2/formal_rejection_comparison_ours/cells/fold4/outlier_l0.20_p0/neurid_original/queries.csv.gz
3,4,0.2,0,probability_val_r90,19,294,348,0.6530612244897959,0.5544217687074829,0.3333333333333333,0.8591954022988506,0.7531486146095718,cpu,/home/ubuntu/klb/nuclr/nuclr/runs/mprt_v1_1_dynamic_residual_atlas_cv5x3_v1/rld/fold4/seed42/dynamic/low_rank_r8/best.pt,/home/ubuntu/klb/nuclr/nuclr/runs/rld_robustness_cv5_seed42_v2/corruptions/fold4/outlier_l0.20_p0,/home/ubuntu/klb/nuclr/nuclr/runs/rld_robustness_cv5_seed42_v2/formal_rejection_comparison_ours/cells/fold4/outlier_l0.20_p0/neurid_original/queries.csv.gz
3,4,0.2,0,probability_val_r95,19,294,348,0.6530612244897959,0.5034013605442177,0.40476190476190477,0.9252873563218391,0.7301587301587301,cpu,/home/ubuntu/klb/nuclr/nuclr/runs/mprt_v1_1_dynamic_residual_atlas_cv5x3_v1/rld/fold4/seed42/dynamic/low_rank_r8/best.pt,/home/ubuntu/klb/nuclr/nuclr/runs/rld_robustness_cv5_seed42_v2/corruptions/fold4/outlier_l0.20_p0,/home/ubuntu/klb/nuclr/nuclr/runs/rld_robustness_cv5_seed42_v2/formal_rejection_comparison_ours/cells/fold4/outlier_l0.20_p0/neurid_original/queries.csv.gz
3,4,0.2,0,log_margin_val_r80,19,294,348,0.6530612244897959,0.608843537414966,0.1836734693877551,0.7528735632183908,0.8291139240506329,cpu,/home/ubuntu/klb/nuclr/nuclr/runs/mprt_v1_1_dynamic_residual_atlas_cv5x3_v1/rld/fold4/seed42/dynamic/low_rank_r8/best.pt,/home/ubuntu/klb/nuclr/nuclr/runs/rld_robustness_cv5_seed42_v2/corruptions/fold4/outlier_l0.20_p0,/home/ubuntu/klb/nuclr/nuclr/runs/rld_robustness_cv5_seed42_v2/formal_rejection_comparison_ours/cells/fold4/outlier_l0.20_p0/neurid_original/queries.csv.gz
3,4,0.2,0,log_margin_val_r90,19,294,348,0.6530612244897959,0.5680272108843537,0.2891156462585034,0.867816091954023,0.7803617571059431,cpu,/home/ubuntu/klb/nuclr/nuclr/runs/mprt_v1_1_dynamic_residual_atlas_cv5x3_v1/rld/fold4/seed42/dynamic/low_rank_r8/best.pt,/home/ubuntu/klb/nuclr/nuclr/runs/rld_robustness_cv5_seed42_v2/corruptions/fold4/outlier_l0.20_p0,/home/ubuntu/klb/nuclr/nuclr/runs/rld_robustness_cv5_seed42_v2/formal_rejection_comparison_ours/cells/fold4/outlier_l0.20_p0/neurid_original/queries.csv.gz
3,4,0.2,0,log_margin_val_r95,19,294,348,0.6530612244897959,0.5510204081632653,0.3401360544217687,0.9454022988505747,0.7668997668997669,cpu,/home/ubuntu/klb/nuclr/nuclr/runs/mprt_v1_1_dynamic_residual_atlas_cv5x3_v1/rld/fold4/seed42/dynamic/low_rank_r8/best.pt,/home/ubuntu/klb/nuclr/nuclr/runs/rld_robustness_cv5_seed42_v2/corruptions/fold4/outlier_l0.20_p0,/home/ubuntu/klb/nuclr/nuclr/runs/rld_robustness_cv5_seed42_v2/formal_rejection_comparison_ours/cells/fold4/outlier_l0.20_p0/neurid_original/queries.csv.gz
3,4,0.2,1,current_argmax,19,294,348,0.6394557823129252,0.5578231292517006,0.3129251700680272,0.9080459770114943,0.7745098039215687,cpu,/home/ubuntu/klb/nuclr/nuclr/runs/mprt_v1_1_dynamic_residual_atlas_cv5x3_v1/rld/fold4/seed42/dynamic/low_rank_r8/best.pt,/home/ubuntu/klb/nuclr/nuclr/runs/rld_robustness_cv5_seed42_v2/corruptions/fold4/outlier_l0.20_p1,/home/ubuntu/klb/nuclr/nuclr/runs/rld_robustness_cv5_seed42_v2/formal_rejection_comparison_ours/cells/fold4/outlier_l0.20_p1/neurid_original/queries.csv.gz
3,4,0.2,1,binary_0_5,19,294,348,0.6394557823129252,0.5782312925170068,0.22108843537414966,0.8045977011494253,0.8115942028985508,cpu,/home/ubuntu/klb/nuclr/nuclr/runs/mprt_v1_1_dynamic_residual_atlas_cv5x3_v1/rld/fold4/seed42/dynamic/low_rank_r8/best.pt,/home/ubuntu/klb/nuclr/nuclr/runs/rld_robustness_cv5_seed42_v2/corruptions/fold4/outlier_l0.20_p1,/home/ubuntu/klb/nuclr/nuclr/runs/rld_robustness_cv5_seed42_v2/formal_rejection_comparison_ours/cells/fold4/outlier_l0.20_p1/neurid_original/queries.csv.gz
3,4,0.2,1,probability_val_r80,19,294,348,0.6394557823129252,0.5816326530612245,0.21428571428571427,0.7729885057471264,0.8102409638554217,cpu,/home/ubuntu/klb/nuclr/nuclr/runs/mprt_v1_1_dynamic_residual_atlas_cv5x3_v1/rld/fold4/seed42/dynamic/low_rank_r8/best.pt,/home/ubuntu/klb/nuclr/nuclr/runs/rld_robustness_cv5_seed42_v2/corruptions/fold4/outlier_l0.20_p1,/home/ubuntu/klb/nuclr/nuclr/runs/rld_robustness_cv5_seed42_v2/formal_rejection_comparison_ours/cells/fold4/outlier_l0.20_p1/neurid_original/queries.csv.gz
3,4,0.2,1,probability_val_r90,19,294,348,0.6394557823129252,0.5374149659863946,0.3333333333333333,0.867816091954023,0.755,cpu,/home/ubuntu/klb/nuclr/nuclr/runs/mprt_v1_1_dynamic_residual_atlas_cv5x3_v1/rld/fold4/seed42/dynamic/low_rank_r8/best.pt,/home/ubuntu/klb/nuclr/nuclr/runs/rld_robustness_cv5_seed42_v2/corruptions/fold4/outlier_l0.20_p1,/home/ubuntu/klb/nuclr/nuclr/runs/rld_robustness_cv5_seed42_v2/formal_rejection_comparison_ours/cells/fold4/outlier_l0.20_p1/neurid_original/queries.csv.gz
3,4,0.2,1,probability_val_r95,19,294,348,0.6394557823129252,0.4931972789115646,0.40816326530612246,0.9454022988505747,0.732739420935412,cpu,/home/ubuntu/klb/nuclr/nuclr/runs/mprt_v1_1_dynamic_residual_atlas_cv5x3_v1/rld/fold4/seed42/dynamic/low_rank_r8/best.pt,/home/ubuntu/klb/nuclr/nuclr/runs/rld_robustness_cv5_seed42_v2/corruptions/fold4/outlier_l0.20_p1,/home/ubuntu/klb/nuclr/nuclr/runs/rld_robustness_cv5_seed42_v2/formal_rejection_comparison_ours/cells/fold4/outlier_l0.20_p1/neurid_original/queries.csv.gz
3,4,0.2,1,log_margin_val_r80,19,294,348,0.6394557823129252,0.6122448979591837,0.16666666666666666,0.7729885057471264,0.8459119496855346,cpu,/home/ubuntu/klb/nuclr/nuclr/runs/mprt_v1_1_dynamic_residual_atlas_cv5x3_v1/rld/fold4/seed42/dynamic/low_rank_r8/best.pt,/home/ubuntu/klb/nuclr/nuclr/runs/rld_robustness_cv5_seed42_v2/corruptions/fold4/outlier_l0.20_p1,/home/ubuntu/klb/nuclr/nuclr/runs/rld_robustness_cv5_seed42_v2/formal_rejection_comparison_ours/cells/fold4/outlier_l0.20_p1/neurid_original/queries.csv.gz
3,4,0.2,1,log_margin_val_r90,19,294,348,0.6394557823129252,0.5748299319727891,0.2687074829931973,0.882183908045977,0.7953367875647669,cpu,/home/ubuntu/klb/nuclr/nuclr/runs/mprt_v1_1_dynamic_residual_atlas_cv5x3_v1/rld/fold4/seed42/dynamic/low_rank_r8/best.pt,/home/ubuntu/klb/nuclr/nuclr/runs/rld_robustness_cv5_seed42_v2/corruptions/fold4/outlier_l0.20_p1,/home/ubuntu/klb/nuclr/nuclr/runs/rld_robustness_cv5_seed42_v2/formal_rejection_comparison_ours/cells/fold4/outlier_l0.20_p1/neurid_original/queries.csv.gz
3,4,0.2,1,log_margin_val_r95,19,294,348,0.6394557823129252,0.5510204081632653,0.3231292517006803,0.9166666666666666,0.7705314009661836,cpu,/home/ubuntu/klb/nuclr/nuclr/runs/mprt_v1_1_dynamic_residual_atlas_cv5x3_v1/rld/fold4/seed42/dynamic/low_rank_r8/best.pt,/home/ubuntu/klb/nuclr/nuclr/runs/rld_robustness_cv5_seed42_v2/corruptions/fold4/outlier_l0.20_p1,/home/ubuntu/klb/nuclr/nuclr/runs/rld_robustness_cv5_seed42_v2/formal_rejection_comparison_ours/cells/fold4/outlier_l0.20_p1/neurid_original/queries.csv.gz
3,4,0.2,2,current_argmax,19,294,348,0.6530612244897959,0.5714285714285714,0.30952380952380953,0.9137931034482759,0.7775061124694377,cpu,/home/ubuntu/klb/nuclr/nuclr/runs/mprt_v1_1_dynamic_residual_atlas_cv5x3_v1/rld/fold4/seed42/dynamic/low_rank_r8/best.pt,/home/ubuntu/klb/nuclr/nuclr/runs/rld_robustness_cv5_seed42_v2/corruptions/fold4/outlier_l0.20_p2,/home/ubuntu/klb/nuclr/nuclr/runs/rld_robustness_cv5_seed42_v2/formal_rejection_comparison_ours/cells/fold4/outlier_l0.20_p2/neurid_original/queries.csv.gz
3,4,0.2,2,binary_0_5,19,294,348,0.6530612244897959,0.5952380952380952,0.23809523809523808,0.7758620689655172,0.7941176470588235,cpu,/home/ubuntu/klb/nuclr/nuclr/runs/mprt_v1_1_dynamic_residual_atlas_cv5x3_v1/rld/fold4/seed42/dynamic/low_rank_r8/best.pt,/home/ubuntu/klb/nuclr/nuclr/runs/rld_robustness_cv5_seed42_v2/corruptions/fold4/outlier_l0.20_p2,/home/ubuntu/klb/nuclr/nuclr/runs/rld_robustness_cv5_seed42_v2/formal_rejection_comparison_ours/cells/fold4/outlier_l0.20_p2/neurid_original/queries.csv.gz
3,4,0.2,2,probability_val_r80,19,294,348,0.6530612244897959,0.6020408163265306,0.22448979591836735,0.7614942528735632,0.8006042296072508,cpu,/home/ubuntu/klb/nuclr/nuclr/runs/mprt_v1_1_dynamic_residual_atlas_cv5x3_v1/rld/fold4/seed42/dynamic/low_rank_r8/best.pt,/home/ubuntu/klb/nuclr/nuclr/runs/rld_robustness_cv5_seed42_v2/corruptions/fold4/outlier_l0.20_p2,/home/ubuntu/klb/nuclr/nuclr/runs/rld_robustness_cv5_seed42_v2/formal_rejection_comparison_ours/cells/fold4/outlier_l0.20_p2/neurid_original/queries.csv.gz
3,4,0.2,2,probability_val_r90,19,294,348,0.6530612244897959,0.5510204081632653,0.336734693877551,0.8735632183908046,0.7543424317617866,cpu,/home/ubuntu/klb/nuclr/nuclr/runs/mprt_v1_1_dynamic_residual_atlas_cv5x3_v1/rld/fold4/seed42/dynamic/low_rank_r8/best.pt,/home/ubuntu/klb/nuclr/nuclr/runs/rld_robustness_cv5_seed42_v2/corruptions/fold4/outlier_l0.20_p2,/home/ubuntu/klb/nuclr/nuclr/runs/rld_robustness_cv5_seed42_v2/formal_rejection_comparison_ours/cells/fold4/outlier_l0.20_p2/neurid_original/queries.csv.gz
3,4,0.2,2,probability_val_r95,19,294,348,0.6530612244897959,0.47959183673469385,0.4217687074829932,0.9425287356321839,0.7256637168141593,cpu,/home/ubuntu/klb/nuclr/nuclr/runs/mprt_v1_1_dynamic_residual_atlas_cv5x3_v1/rld/fold4/seed42/dynamic/low_rank_r8/best.pt,/home/ubuntu/klb/nuclr/nuclr/runs/rld_robustness_cv5_seed42_v2/corruptions/fold4/outlier_l0.20_p2,/home/ubuntu/klb/nuclr/nuclr/runs/rld_robustness_cv5_seed42_v2/formal_rejection_comparison_ours/cells/fold4/outlier_l0.20_p2/neurid_original/queries.csv.gz
3,4,0.2,2,log_margin_val_r80,19,294,348,0.6530612244897959,0.6122448979591837,0.20408163265306123,0.7729885057471264,0.817629179331307,cpu,/home/ubuntu/klb/nuclr/nuclr/runs/mprt_v1_1_dynamic_residual_atlas_cv5x3_v1/rld/fold4/seed42/dynamic/low_rank_r8/best.pt,/home/ubuntu/klb/nuclr/nuclr/runs/rld_robustness_cv5_seed42_v2/corruptions/fold4/outlier_l0.20_p2,/home/ubuntu/klb/nuclr/nuclr/runs/rld_robustness_cv5_seed42_v2/formal_rejection_comparison_ours/cells/fold4/outlier_l0.20_p2/neurid_original/queries.csv.gz
3,4,0.2,2,log_margin_val_r90,19,294,348,0.6530612244897959,0.5850340136054422,0.2789115646258503,0.8764367816091954,0.7881136950904393,cpu,/home/ubuntu/klb/nuclr/nuclr/runs/mprt_v1_1_dynamic_residual_atlas_cv5x3_v1/rld/fold4/seed42/dynamic/low_rank_r8/best.pt,/home/ubuntu/klb/nuclr/nuclr/runs/rld_robustness_cv5_seed42_v2/corruptions/fold4/outlier_l0.20_p2,/home/ubuntu/klb/nuclr/nuclr/runs/rld_robustness_cv5_seed42_v2/formal_rejection_comparison_ours/cells/fold4/outlier_l0.20_p2/neurid_original/queries.csv.gz
3,4,0.2,2,log_margin_val_r95,19,294,348,0.6530612244897959,0.5578231292517006,0.3333333333333333,0.9396551724137931,0.7694117647058824,cpu,/home/ubuntu/klb/nuclr/nuclr/runs/mprt_v1_1_dynamic_residual_atlas_cv5x3_v1/rld/fold4/seed42/dynamic/low_rank_r8/best.pt,/home/ubuntu/klb/nuclr/nuclr/runs/rld_robustness_cv5_seed42_v2/corruptions/fold4/outlier_l0.20_p2,/home/ubuntu/klb/nuclr/nuclr/runs/rld_robustness_cv5_seed42_v2/formal_rejection_comparison_ours/cells/fold4/outlier_l0.20_p2/neurid_original/queries.csv.gz
3,4,0.3,0,current_argmax,19,294,522,0.6258503401360545,0.5476190476190477,0.3333333333333333,0.9195402298850575,0.8304498269896193,cpu,/home/ubuntu/klb/nuclr/nuclr/runs/mprt_v1_1_dynamic_residual_atlas_cv5x3_v1/rld/fold4/seed42/dynamic/low_rank_r8/best.pt,/home/ubuntu/klb/nuclr/nuclr/runs/rld_robustness_cv5_seed42_v2/corruptions/fold4/outlier_l0.30_p0,/home/ubuntu/klb/nuclr/nuclr/runs/rld_robustness_cv5_seed42_v2/formal_rejection_comparison_ours/cells/fold4/outlier_l0.30_p0/neurid_original/queries.csv.gz
3,4,0.3,0,binary_0_5,19,294,522,0.6258503401360545,0.5578231292517006,0.272108843537415,0.7969348659003831,0.8387096774193549,cpu,/home/ubuntu/klb/nuclr/nuclr/runs/mprt_v1_1_dynamic_residual_atlas_cv5x3_v1/rld/fold4/seed42/dynamic/low_rank_r8/best.pt,/home/ubuntu/klb/nuclr/nuclr/runs/rld_robustness_cv5_seed42_v2/corruptions/fold4/outlier_l0.30_p0,/home/ubuntu/klb/nuclr/nuclr/runs/rld_robustness_cv5_seed42_v2/formal_rejection_comparison_ours/cells/fold4/outlier_l0.30_p0/neurid_original/queries.csv.gz
3,4,0.3,0,probability_val_r80,19,294,522,0.6258503401360545,0.5612244897959183,0.25510204081632654,0.7739463601532567,0.8434237995824635,cpu,/home/ubuntu/klb/nuclr/nuclr/runs/mprt_v1_1_dynamic_residual_atlas_cv5x3_v1/rld/fold4/seed42/dynamic/low_rank_r8/best.pt,/home/ubuntu/klb/nuclr/nuclr/runs/rld_robustness_cv5_seed42_v2/corruptions/fold4/outlier_l0.30_p0,/home/ubuntu/klb/nuclr/nuclr/runs/rld_robustness_cv5_seed42_v2/formal_rejection_comparison_ours/cells/fold4/outlier_l0.30_p0/neurid_original/queries.csv.gz
3,4,0.3,0,probability_val_r90,19,294,522,0.6258503401360545,0.5204081632653061,0.35714285714285715,0.8754789272030651,0.8131672597864769,cpu,/home/ubuntu/klb/nuclr/nuclr/runs/mprt_v1_1_dynamic_residual_atlas_cv5x3_v1/rld/fold4/seed42/dynamic/low_rank_r8/best.pt,/home/ubuntu/klb/nuclr/nuclr/runs/rld_robustness_cv5_seed42_v2/corruptions/fold4/outlier_l0.30_p0,/home/ubuntu/klb/nuclr/nuclr/runs/rld_robustness_cv5_seed42_v2/formal_rejection_comparison_ours/cells/fold4/outlier_l0.30_p0/neurid_original/queries.csv.gz
3,4,0.3,0,probability_val_r95,19,294,522,0.6258503401360545,0.4557823129251701,0.43537414965986393,0.9444444444444444,0.7938808373590982,cpu,/home/ubuntu/klb/nuclr/nuclr/runs/mprt_v1_1_dynamic_residual_atlas_cv5x3_v1/rld/fold4/seed42/dynamic/low_rank_r8/best.pt,/home/ubuntu/klb/nuclr/nuclr/runs/rld_robustness_cv5_seed42_v2/corruptions/fold4/outlier_l0.30_p0,/home/ubuntu/klb/nuclr/nuclr/runs/rld_robustness_cv5_seed42_v2/formal_rejection_comparison_ours/cells/fold4/outlier_l0.30_p0/neurid_original/queries.csv.gz
3,4,0.3,0,log_margin_val_r80,19,294,522,0.6258503401360545,0.5782312925170068,0.20068027210884354,0.7567049808429118,0.8700440528634361,cpu,/home/ubuntu/klb/nuclr/nuclr/runs/mprt_v1_1_dynamic_residual_atlas_cv5x3_v1/rld/fold4/seed42/dynamic/low_rank_r8/best.pt,/home/ubuntu/klb/nuclr/nuclr/runs/rld_robustness_cv5_seed42_v2/corruptions/fold4/outlier_l0.30_p0,/home/ubuntu/klb/nuclr/nuclr/runs/rld_robustness_cv5_seed42_v2/formal_rejection_comparison_ours/cells/fold4/outlier_l0.30_p0/neurid_original/queries.csv.gz
3,4,0.3,0,log_margin_val_r90,19,294,522,0.6258503401360545,0.5578231292517006,0.30272108843537415,0.9003831417624522,0.8407871198568873,cpu,/home/ubuntu/klb/nuclr/nuclr/runs/mprt_v1_1_dynamic_residual_atlas_cv5x3_v1/rld/fold4/seed42/dynamic/low_rank_r8/best.pt,/home/ubuntu/klb/nuclr/nuclr/runs/rld_robustness_cv5_seed42_v2/corruptions/fold4/outlier_l0.30_p0,/home/ubuntu/klb/nuclr/nuclr/runs/rld_robustness_cv5_seed42_v2/formal_rejection_comparison_ours/cells/fold4/outlier_l0.30_p0/neurid_original/queries.csv.gz
3,4,0.3,0,log_margin_val_r95,19,294,522,0.6258503401360545,0.5272108843537415,0.35714285714285715,0.9367816091954023,0.8232323232323232,cpu,/home/ubuntu/klb/nuclr/nuclr/runs/mprt_v1_1_dynamic_residual_atlas_cv5x3_v1/rld/fold4/seed42/dynamic/low_rank_r8/best.pt,/home/ubuntu/klb/nuclr/nuclr/runs/rld_robustness_cv5_seed42_v2/corruptions/fold4/outlier_l0.30_p0,/home/ubuntu/klb/nuclr/nuclr/runs/rld_robustness_cv5_seed42_v2/formal_rejection_comparison_ours/cells/fold4/outlier_l0.30_p0/neurid_original/queries.csv.gz
3,4,0.3,1,current_argmax,19,294,522,0.6122448979591837,0.5340136054421769,0.3333333333333333,0.9176245210727969,0.830155979202773,cpu,/home/ubuntu/klb/nuclr/nuclr/runs/mprt_v1_1_dynamic_residual_atlas_cv5x3_v1/rld/fold4/seed42/dynamic/low_rank_r8/best.pt,/home/ubuntu/klb/nuclr/nuclr/runs/rld_robustness_cv5_seed42_v2/corruptions/fold4/outlier_l0.30_p1,/home/ubuntu/klb/nuclr/nuclr/runs/rld_robustness_cv5_seed42_v2/formal_rejection_comparison_ours/cells/fold4/outlier_l0.30_p1/neurid_original/queries.csv.gz
3,4,0.3,1,binary_0_5,19,294,522,0.6122448979591837,0.5476190476190477,0.2619047619047619,0.7777777777777778,0.8405797101449275,cpu,/home/ubuntu/klb/nuclr/nuclr/runs/mprt_v1_1_dynamic_residual_atlas_cv5x3_v1/rld/fold4/seed42/dynamic/low_rank_r8/best.pt,/home/ubuntu/klb/nuclr/nuclr/runs/rld_robustness_cv5_seed42_v2/corruptions/fold4/outlier_l0.30_p1,/home/ubuntu/klb/nuclr/nuclr/runs/rld_robustness_cv5_seed42_v2/formal_rejection_comparison_ours/cells/fold4/outlier_l0.30_p1/neurid_original/queries.csv.gz
3,4,0.3,1,probability_val_r80,19,294,522,0.6122448979591837,0.5544217687074829,0.23469387755102042,0.7605363984674329,0.851931330472103,cpu,/home/ubuntu/klb/nuclr/nuclr/runs/mprt_v1_1_dynamic_residual_atlas_cv5x3_v1/rld/fold4/seed42/dynamic/low_rank_r8/best.pt,/home/ubuntu/klb/nuclr/nuclr/runs/rld_robustness_cv5_seed42_v2/corruptions/fold4/outlier_l0.30_p1,/home/ubuntu/klb/nuclr/nuclr/runs/rld_robustness_cv5_seed42_v2/formal_rejection_comparison_ours/cells/fold4/outlier_l0.30_p1/neurid_original/queries.csv.gz
3,4,0.3,1,probability_val_r90,19,294,522,0.6122448979591837,0.5170068027210885,0.35374149659863946,0.8754789272030651,0.8146167557932263,cpu,/home/ubuntu/klb/nuclr/nuclr/runs/mprt_v1_1_dynamic_residual_atlas_cv5x3_v1/rld/fold4/seed42/dynamic/low_rank_r8/best.pt,/home/ubuntu/klb/nuclr/nuclr/runs/rld_robustness_cv5_seed42_v2/corruptions/fold4/outlier_l0.30_p1,/home/ubuntu/klb/nuclr/nuclr/runs/rld_robustness_cv5_seed42_v2/formal_rejection_comparison_ours/cells/fold4/outlier_l0.30_p1/neurid_original/queries.csv.gz
3,4,0.3,1,probability_val_r95,19,294,522,0.6122448979591837,0.46938775510204084,0.41836734693877553,0.9329501915708812,0.7983606557377049,cpu,/home/ubuntu/klb/nuclr/nuclr/runs/mprt_v1_1_dynamic_residual_atlas_cv5x3_v1/rld/fold4/seed42/dynamic/low_rank_r8/best.pt,/home/ubuntu/klb/nuclr/nuclr/runs/rld_robustness_cv5_seed42_v2/corruptions/fold4/outlier_l0.30_p1,/home/ubuntu/klb/nuclr/nuclr/runs/rld_robustness_cv5_seed42_v2/formal_rejection_comparison_ours/cells/fold4/outlier_l0.30_p1/neurid_original/queries.csv.gz
3,4,0.3,1,log_margin_val_r80,19,294,522,0.6122448979591837,0.5680272108843537,0.20748299319727892,0.7432950191570882,0.8641425389755011,cpu,/home/ubuntu/klb/nuclr/nuclr/runs/mprt_v1_1_dynamic_residual_atlas_cv5x3_v1/rld/fold4/seed42/dynamic/low_rank_r8/best.pt,/home/ubuntu/klb/nuclr/nuclr/runs/rld_robustness_cv5_seed42_v2/corruptions/fold4/outlier_l0.30_p1,/home/ubuntu/klb/nuclr/nuclr/runs/rld_robustness_cv5_seed42_v2/formal_rejection_comparison_ours/cells/fold4/outlier_l0.30_p1/neurid_original/queries.csv.gz
3,4,0.3,1,log_margin_val_r90,19,294,522,0.6122448979591837,0.5510204081632653,0.2891156462585034,0.8754789272030651,0.8431734317343174,cpu,/home/ubuntu/klb/nuclr/nuclr/runs/mprt_v1_1_dynamic_residual_atlas_cv5x3_v1/rld/fold4/seed42/dynamic/low_rank_r8/best.pt,/home/ubuntu/klb/nuclr/nuclr/runs/rld_robustness_cv5_seed42_v2/corruptions/fold4/outlier_l0.30_p1,/home/ubuntu/klb/nuclr/nuclr/runs/rld_robustness_cv5_seed42_v2/formal_rejection_comparison_ours/cells/fold4/outlier_l0.30_p1/neurid_original/queries.csv.gz
3,4,0.3,1,log_margin_val_r95,19,294,522,0.6122448979591837,0.5102040816326531,0.36054421768707484,0.9272030651340997,0.8203389830508474,cpu,/home/ubuntu/klb/nuclr/nuclr/runs/mprt_v1_1_dynamic_residual_atlas_cv5x3_v1/rld/fold4/seed42/dynamic/low_rank_r8/best.pt,/home/ubuntu/klb/nuclr/nuclr/runs/rld_robustness_cv5_seed42_v2/corruptions/fold4/outlier_l0.30_p1,/home/ubuntu/klb/nuclr/nuclr/runs/rld_robustness_cv5_seed42_v2/formal_rejection_comparison_ours/cells/fold4/outlier_l0.30_p1/neurid_original/queries.csv.gz
3,4,0.3,2,current_argmax,19,294,522,0.6360544217687075,0.5612244897959183,0.3231292517006803,0.9195402298850575,0.8347826086956521,cpu,/home/ubuntu/klb/nuclr/nuclr/runs/mprt_v1_1_dynamic_residual_atlas_cv5x3_v1/rld/fold4/seed42/dynamic/low_rank_r8/best.pt,/home/ubuntu/klb/nuclr/nuclr/runs/rld_robustness_cv5_seed42_v2/corruptions/fold4/outlier_l0.30_p2,/home/ubuntu/klb/nuclr/nuclr/runs/rld_robustness_cv5_seed42_v2/formal_rejection_comparison_ours/cells/fold4/outlier_l0.30_p2/neurid_original/queries.csv.gz
3,4,0.3,2,binary_0_5,19,294,522,0.6360544217687075,0.5748299319727891,0.272108843537415,0.7624521072796935,0.8326359832635983,cpu,/home/ubuntu/klb/nuclr/nuclr/runs/mprt_v1_1_dynamic_residual_atlas_cv5x3_v1/rld/fold4/seed42/dynamic/low_rank_r8/best.pt,/home/ubuntu/klb/nuclr/nuclr/runs/rld_robustness_cv5_seed42_v2/corruptions/fold4/outlier_l0.30_p2,/home/ubuntu/klb/nuclr/nuclr/runs/rld_robustness_cv5_seed42_v2/formal_rejection_comparison_ours/cells/fold4/outlier_l0.30_p2/neurid_original/queries.csv.gz
3,4,0.3,2,probability_val_r80,19,294,522,0.6360544217687075,0.5816326530612245,0.25510204081632654,0.7432950191570882,0.838012958963283,cpu,/home/ubuntu/klb/nuclr/nuclr/runs/mprt_v1_1_dynamic_residual_atlas_cv5x3_v1/rld/fold4/seed42/dynamic/low_rank_r8/best.pt,/home/ubuntu/klb/nuclr/nuclr/runs/rld_robustness_cv5_seed42_v2/corruptions/fold4/outlier_l0.30_p2,/home/ubuntu/klb/nuclr/nuclr/runs/rld_robustness_cv5_seed42_v2/formal_rejection_comparison_ours/cells/fold4/outlier_l0.30_p2/neurid_original/queries.csv.gz
3,4,0.3,2,probability_val_r90,19,294,522,0.6360544217687075,0.5578231292517006,0.32653061224489793,0.8659003831417624,0.8248175182481752,cpu,/home/ubuntu/klb/nuclr/nuclr/runs/mprt_v1_1_dynamic_residual_atlas_cv5x3_v1/rld/fold4/seed42/dynamic/low_rank_r8/best.pt,/home/ubuntu/klb/nuclr/nuclr/runs/rld_robustness_cv5_seed42_v2/corruptions/fold4/outlier_l0.30_p2,/home/ubuntu/klb/nuclr/nuclr/runs/rld_robustness_cv5_seed42_v2/formal_rejection_comparison_ours/cells/fold4/outlier_l0.30_p2/neurid_original/queries.csv.gz
3,4,0.3,2,probability_val_r95,19,294,522,0.6360544217687075,0.47959183673469385,0.4217687074829932,0.9233716475095786,0.7953795379537953,cpu,/home/ubuntu/klb/nuclr/nuclr/runs/mprt_v1_1_dynamic_residual_atlas_cv5x3_v1/rld/fold4/seed42/dynamic/low_rank_r8/best.pt,/home/ubuntu/klb/nuclr/nuclr/runs/rld_robustness_cv5_seed42_v2/corruptions/fold4/outlier_l0.30_p2,/home/ubuntu/klb/nuclr/nuclr/runs/rld_robustness_cv5_seed42_v2/formal_rejection_comparison_ours/cells/fold4/outlier_l0.30_p2/neurid_original/queries.csv.gz
3,4,0.3,2,log_margin_val_r80,19,294,522,0.6360544217687075,0.6020408163265306,0.2108843537414966,0.7452107279693486,0.8625277161862528,cpu,/home/ubuntu/klb/nuclr/nuclr/runs/mprt_v1_1_dynamic_residual_atlas_cv5x3_v1/rld/fold4/seed42/dynamic/low_rank_r8/best.pt,/home/ubuntu/klb/nuclr/nuclr/runs/rld_robustness_cv5_seed42_v2/corruptions/fold4/outlier_l0.30_p2,/home/ubuntu/klb/nuclr/nuclr/runs/rld_robustness_cv5_seed42_v2/formal_rejection_comparison_ours/cells/fold4/outlier_l0.30_p2/neurid_original/queries.csv.gz
3,4,0.3,2,log_margin_val_r90,19,294,522,0.6360544217687075,0.5748299319727891,0.29591836734693877,0.8735632183908046,0.8397790055248618,cpu,/home/ubuntu/klb/nuclr/nuclr/runs/mprt_v1_1_dynamic_residual_atlas_cv5x3_v1/rld/fold4/seed42/dynamic/low_rank_r8/best.pt,/home/ubuntu/klb/nuclr/nuclr/runs/rld_robustness_cv5_seed42_v2/corruptions/fold4/outlier_l0.30_p2,/home/ubuntu/klb/nuclr/nuclr/runs/rld_robustness_cv5_seed42_v2/formal_rejection_comparison_ours/cells/fold4/outlier_l0.30_p2/neurid_original/queries.csv.gz
3,4,0.3,2,log_margin_val_r95,19,294,522,0.6360544217687075,0.5544217687074829,0.3435374149659864,0.9291187739463601,0.8276450511945392,cpu,/home/ubuntu/klb/nuclr/nuclr/runs/mprt_v1_1_dynamic_residual_atlas_cv5x3_v1/rld/fold4/seed42/dynamic/low_rank_r8/best.pt,/home/ubuntu/klb/nuclr/nuclr/runs/rld_robustness_cv5_seed42_v2/corruptions/fold4/outlier_l0.30_p2,/home/ubuntu/klb/nuclr/nuclr/runs/rld_robustness_cv5_seed42_v2/formal_rejection_comparison_ours/cells/fold4/outlier_l0.30_p2/neurid_original/queries.csv.gz
3,4,0.4,0,current_argmax,19,294,698,0.6020408163265306,0.5034013605442177,0.3741496598639456,0.9183381088825215,0.8535286284953395,cpu,/home/ubuntu/klb/nuclr/nuclr/runs/mprt_v1_1_dynamic_residual_atlas_cv5x3_v1/rld/fold4/seed42/dynamic/low_rank_r8/best.pt,/home/ubuntu/klb/nuclr/nuclr/runs/rld_robustness_cv5_seed42_v2/corruptions/fold4/outlier_l0.40_p0,/home/ubuntu/klb/nuclr/nuclr/runs/rld_robustness_cv5_seed42_v2/formal_rejection_comparison_ours/cells/fold4/outlier_l0.40_p0/neurid_original/queries.csv.gz
3,4,0.4,0,binary_0_5,19,294,698,0.6020408163265306,0.5272108843537415,0.30272108843537415,0.7836676217765043,0.860062893081761,cpu,/home/ubuntu/klb/nuclr/nuclr/runs/mprt_v1_1_dynamic_residual_atlas_cv5x3_v1/rld/fold4/seed42/dynamic/low_rank_r8/best.pt,/home/ubuntu/klb/nuclr/nuclr/runs/rld_robustness_cv5_seed42_v2/corruptions/fold4/outlier_l0.40_p0,/home/ubuntu/klb/nuclr/nuclr/runs/rld_robustness_cv5_seed42_v2/formal_rejection_comparison_ours/cells/fold4/outlier_l0.40_p0/neurid_original/queries.csv.gz
3,4,0.4,0,probability_val_r80,19,294,698,0.6020408163265306,0.5306122448979592,0.2891156462585034,0.7621776504297995,0.8622366288492707,cpu,/home/ubuntu/klb/nuclr/nuclr/runs/mprt_v1_1_dynamic_residual_atlas_cv5x3_v1/rld/fold4/seed42/dynamic/low_rank_r8/best.pt,/home/ubuntu/klb/nuclr/nuclr/runs/rld_robustness_cv5_seed42_v2/corruptions/fold4/outlier_l0.40_p0,/home/ubuntu/klb/nuclr/nuclr/runs/rld_robustness_cv5_seed42_v2/formal_rejection_comparison_ours/cells/fold4/outlier_l0.40_p0/neurid_original/queries.csv.gz
3,4,0.4,0,probability_val_r90,19,294,698,0.6020408163265306,0.5,0.3843537414965986,0.8624641833810889,0.8419580419580419,cpu,/home/ubuntu/klb/nuclr/nuclr/runs/mprt_v1_1_dynamic_residual_atlas_cv5x3_v1/rld/fold4/seed42/dynamic/low_rank_r8/best.pt,/home/ubuntu/klb/nuclr/nuclr/runs/rld_robustness_cv5_seed42_v2/corruptions/fold4/outlier_l0.40_p0,/home/ubuntu/klb/nuclr/nuclr/runs/rld_robustness_cv5_seed42_v2/formal_rejection_comparison_ours/cells/fold4/outlier_l0.40_p0/neurid_original/queries.csv.gz
3,4,0.4,0,probability_val_r95,19,294,698,0.6020408163265306,0.445578231292517,0.47278911564625853,0.9326647564469914,0.8240506329113924,cpu,/home/ubuntu/klb/nuclr/nuclr/runs/mprt_v1_1_dynamic_residual_atlas_cv5x3_v1/rld/fold4/seed42/dynamic/low_rank_r8/best.pt,/home/ubuntu/klb/nuclr/nuclr/runs/rld_robustness_cv5_seed42_v2/corruptions/fold4/outlier_l0.40_p0,/home/ubuntu/klb/nuclr/nuclr/runs/rld_robustness_cv5_seed42_v2/formal_rejection_comparison_ours/cells/fold4/outlier_l0.40_p0/neurid_original/queries.csv.gz
3,4,0.4,0,log_margin_val_r80,19,294,698,0.6020408163265306,0.5578231292517006,0.23809523809523808,0.7607449856733525,0.8835274542429284,cpu,/home/ubuntu/klb/nuclr/nuclr/runs/mprt_v1_1_dynamic_residual_atlas_cv5x3_v1/rld/fold4/seed42/dynamic/low_rank_r8/best.pt,/home/ubuntu/klb/nuclr/nuclr/runs/rld_robustness_cv5_seed42_v2/corruptions/fold4/outlier_l0.40_p0,/home/ubuntu/klb/nuclr/nuclr/runs/rld_robustness_cv5_seed42_v2/formal_rejection_comparison_ours/cells/fold4/outlier_l0.40_p0/neurid_original/queries.csv.gz
3,4,0.4,0,log_margin_val_r90,19,294,698,0.6020408163265306,0.5306122448979592,0.3231292517006803,0.8624641833810889,0.8637015781922525,cpu,/home/ubuntu/klb/nuclr/nuclr/runs/mprt_v1_1_dynamic_residual_atlas_cv5x3_v1/rld/fold4/seed42/dynamic/low_rank_r8/best.pt,/home/ubuntu/klb/nuclr/nuclr/runs/rld_robustness_cv5_seed42_v2/corruptions/fold4/outlier_l0.40_p0,/home/ubuntu/klb/nuclr/nuclr/runs/rld_robustness_cv5_seed42_v2/formal_rejection_comparison_ours/cells/fold4/outlier_l0.40_p0/neurid_original/queries.csv.gz
3,4,0.4,0,log_margin_val_r95,19,294,698,0.6020408163265306,0.48639455782312924,0.3979591836734694,0.9455587392550143,0.8494208494208494,cpu,/home/ubuntu/klb/nuclr/nuclr/runs/mprt_v1_1_dynamic_residual_atlas_cv5x3_v1/rld/fold4/seed42/dynamic/low_rank_r8/best.pt,/home/ubuntu/klb/nuclr/nuclr/runs/rld_robustness_cv5_seed42_v2/corruptions/fold4/outlier_l0.40_p0,/home/ubuntu/klb/nuclr/nuclr/runs/rld_robustness_cv5_seed42_v2/formal_rejection_comparison_ours/cells/fold4/outlier_l0.40_p0/neurid_original/queries.csv.gz
3,4,0.4,1,current_argmax,19,294,698,0.6224489795918368,0.5238095238095238,0.36394557823129253,0.9269340974212035,0.8580901856763926,cpu,/home/ubuntu/klb/nuclr/nuclr/runs/mprt_v1_1_dynamic_residual_atlas_cv5x3_v1/rld/fold4/seed42/dynamic/low_rank_r8/best.pt,/home/ubuntu/klb/nuclr/nuclr/runs/rld_robustness_cv5_seed42_v2/corruptions/fold4/outlier_l0.40_p1,/home/ubuntu/klb/nuclr/nuclr/runs/rld_robustness_cv5_seed42_v2/formal_rejection_comparison_ours/cells/fold4/outlier_l0.40_p1/neurid_original/queries.csv.gz
3,4,0.4,1,binary_0_5,19,294,698,0.6224489795918368,0.54421768707483,0.29591836734693877,0.7765042979942693,0.8616852146263911,cpu,/home/ubuntu/klb/nuclr/nuclr/runs/mprt_v1_1_dynamic_residual_atlas_cv5x3_v1/rld/fold4/seed42/dynamic/low_rank_r8/best.pt,/home/ubuntu/klb/nuclr/nuclr/runs/rld_robustness_cv5_seed42_v2/corruptions/fold4/outlier_l0.40_p1,/home/ubuntu/klb/nuclr/nuclr/runs/rld_robustness_cv5_seed42_v2/formal_rejection_comparison_ours/cells/fold4/outlier_l0.40_p1/neurid_original/queries.csv.gz
3,4,0.4,1,probability_val_r80,19,294,698,0.6224489795918368,0.5544217687074829,0.2755102040816326,0.7535816618911175,0.8665568369028006,cpu,/home/ubuntu/klb/nuclr/nuclr/runs/mprt_v1_1_dynamic_residual_atlas_cv5x3_v1/rld/fold4/seed42/dynamic/low_rank_r8/best.pt,/home/ubuntu/klb/nuclr/nuclr/runs/rld_robustness_cv5_seed42_v2/corruptions/fold4/outlier_l0.40_p1,/home/ubuntu/klb/nuclr/nuclr/runs/rld_robustness_cv5_seed42_v2/formal_rejection_comparison_ours/cells/fold4/outlier_l0.40_p1/neurid_original/queries.csv.gz
3,4,0.4,1,probability_val_r90,19,294,698,0.6224489795918368,0.5034013605442177,0.3843537414965986,0.8724928366762178,0.8434903047091413,cpu,/home/ubuntu/klb/nuclr/nuclr/runs/mprt_v1_1_dynamic_residual_atlas_cv5x3_v1/rld/fold4/seed42/dynamic/low_rank_r8/best.pt,/home/ubuntu/klb/nuclr/nuclr/runs/rld_robustness_cv5_seed42_v2/corruptions/fold4/outlier_l0.40_p1,/home/ubuntu/klb/nuclr/nuclr/runs/rld_robustness_cv5_seed42_v2/formal_rejection_comparison_ours/cells/fold4/outlier_l0.40_p1/neurid_original/queries.csv.gz
3,4,0.4,1,probability_val_r95,19,294,698,0.6224489795918368,0.4387755102040816,0.47619047619047616,0.9441260744985673,0.8247809762202754,cpu,/home/ubuntu/klb/nuclr/nuclr/runs/mprt_v1_1_dynamic_residual_atlas_cv5x3_v1/rld/fold4/seed42/dynamic/low_rank_r8/best.pt,/home/ubuntu/klb/nuclr/nuclr/runs/rld_robustness_cv5_seed42_v2/corruptions/fold4/outlier_l0.40_p1,/home/ubuntu/klb/nuclr/nuclr/runs/rld_robustness_cv5_seed42_v2/formal_rejection_comparison_ours/cells/fold4/outlier_l0.40_p1/neurid_original/queries.csv.gz
3,4,0.4,1,log_margin_val_r80,19,294,698,0.6224489795918368,0.5714285714285714,0.21768707482993196,0.7535816618911175,0.8915254237288136,cpu,/home/ubuntu/klb/nuclr/nuclr/runs/mprt_v1_1_dynamic_residual_atlas_cv5x3_v1/rld/fold4/seed42/dynamic/low_rank_r8/best.pt,/home/ubuntu/klb/nuclr/nuclr/runs/rld_robustness_cv5_seed42_v2/corruptions/fold4/outlier_l0.40_p1,/home/ubuntu/klb/nuclr/nuclr/runs/rld_robustness_cv5_seed42_v2/formal_rejection_comparison_ours/cells/fold4/outlier_l0.40_p1/neurid_original/queries.csv.gz
3,4,0.4,1,log_margin_val_r90,19,294,698,0.6224489795918368,0.54421768707483,0.3231292517006803,0.8767908309455588,0.8656294200848657,cpu,/home/ubuntu/klb/nuclr/nuclr/runs/mprt_v1_1_dynamic_residual_atlas_cv5x3_v1/rld/fold4/seed42/dynamic/low_rank_r8/best.pt,/home/ubuntu/klb/nuclr/nuclr/runs/rld_robustness_cv5_seed42_v2/corruptions/fold4/outlier_l0.40_p1,/home/ubuntu/klb/nuclr/nuclr/runs/rld_robustness_cv5_seed42_v2/formal_rejection_comparison_ours/cells/fold4/outlier_l0.40_p1/neurid_original/queries.csv.gz
3,4,0.4,1,log_margin_val_r95,19,294,698,0.6224489795918368,0.5136054421768708,0.37755102040816324,0.9455587392550143,0.8560311284046692,cpu,/home/ubuntu/klb/nuclr/nuclr/runs/mprt_v1_1_dynamic_residual_atlas_cv5x3_v1/rld/fold4/seed42/dynamic/low_rank_r8/best.pt,/home/ubuntu/klb/nuclr/nuclr/runs/rld_robustness_cv5_seed42_v2/corruptions/fold4/outlier_l0.40_p1,/home/ubuntu/klb/nuclr/nuclr/runs/rld_robustness_cv5_seed42_v2/formal_rejection_comparison_ours/cells/fold4/outlier_l0.40_p1/neurid_original/queries.csv.gz
3,4,0.4,2,current_argmax,19,294,698,0.6326530612244898,0.5272108843537415,0.36394557823129253,0.9297994269340975,0.8584656084656085,cpu,/home/ubuntu/klb/nuclr/nuclr/runs/mprt_v1_1_dynamic_residual_atlas_cv5x3_v1/rld/fold4/seed42/dynamic/low_rank_r8/best.pt,/home/ubuntu/klb/nuclr/nuclr/runs/rld_robustness_cv5_seed42_v2/corruptions/fold4/outlier_l0.40_p2,/home/ubuntu/klb/nuclr/nuclr/runs/rld_robustness_cv5_seed42_v2/formal_rejection_comparison_ours/cells/fold4/outlier_l0.40_p2/neurid_original/queries.csv.gz
3,4,0.4,2,binary_0_5,19,294,698,0.6326530612244898,0.5510204081632653,0.30272108843537415,0.7679083094555874,0.8576,cpu,/home/ubuntu/klb/nuclr/nuclr/runs/mprt_v1_1_dynamic_residual_atlas_cv5x3_v1/rld/fold4/seed42/dynamic/low_rank_r8/best.pt,/home/ubuntu/klb/nuclr/nuclr/runs/rld_robustness_cv5_seed42_v2/corruptions/fold4/outlier_l0.40_p2,/home/ubuntu/klb/nuclr/nuclr/runs/rld_robustness_cv5_seed42_v2/formal_rejection_comparison_ours/cells/fold4/outlier_l0.40_p2/neurid_original/queries.csv.gz
3,4,0.4,2,probability_val_r80,19,294,698,0.6326530612244898,0.5578231292517006,0.282312925170068,0.7421203438395415,0.8618968386023295,cpu,/home/ubuntu/klb/nuclr/nuclr/runs/mprt_v1_1_dynamic_residual_atlas_cv5x3_v1/rld/fold4/seed42/dynamic/low_rank_r8/best.pt,/home/ubuntu/klb/nuclr/nuclr/runs/rld_robustness_cv5_seed42_v2/corruptions/fold4/outlier_l0.40_p2,/home/ubuntu/klb/nuclr/nuclr/runs/rld_robustness_cv5_seed42_v2/formal_rejection_comparison_ours/cells/fold4/outlier_l0.40_p2/neurid_original/queries.csv.gz
3,4,0.4,2,probability_val_r90,19,294,698,0.6326530612244898,0.5068027210884354,0.3945578231292517,0.8839541547277937,0.8417462482946794,cpu,/home/ubuntu/klb/nuclr/nuclr/runs/mprt_v1_1_dynamic_residual_atlas_cv5x3_v1/rld/fold4/seed42/dynamic/low_rank_r8/best.pt,/home/ubuntu/klb/nuclr/nuclr/runs/rld_robustness_cv5_seed42_v2/corruptions/fold4/outlier_l0.40_p2,/home/ubuntu/klb/nuclr/nuclr/runs/rld_robustness_cv5_seed42_v2/formal_rejection_comparison_ours/cells/fold4/outlier_l0.40_p2/neurid_original/queries.csv.gz
3,4,0.4,2,probability_val_r95,19,294,698,0.6326530612244898,0.46598639455782315,0.4557823129251701,0.9398280802292264,0.830379746835443,cpu,/home/ubuntu/klb/nuclr/nuclr/runs/mprt_v1_1_dynamic_residual_atlas_cv5x3_v1/rld/fold4/seed42/dynamic/low_rank_r8/best.pt,/home/ubuntu/klb/nuclr/nuclr/runs/rld_robustness_cv5_seed42_v2/corruptions/fold4/outlier_l0.40_p2,/home/ubuntu/klb/nuclr/nuclr/runs/rld_robustness_cv5_seed42_v2/formal_rejection_comparison_ours/cells/fold4/outlier_l0.40_p2/neurid_original/queries.csv.gz
3,4,0.4,2,log_margin_val_r80,19,294,698,0.6326530612244898,0.5884353741496599,0.20408163265306123,0.7808022922636103,0.9008264462809917,cpu,/home/ubuntu/klb/nuclr/nuclr/runs/mprt_v1_1_dynamic_residual_atlas_cv5x3_v1/rld/fold4/seed42/dynamic/low_rank_r8/best.pt,/home/ubuntu/klb/nuclr/nuclr/runs/rld_robustness_cv5_seed42_v2/corruptions/fold4/outlier_l0.40_p2,/home/ubuntu/klb/nuclr/nuclr/runs/rld_robustness_cv5_seed42_v2/formal_rejection_comparison_ours/cells/fold4/outlier_l0.40_p2/neurid_original/queries.csv.gz
3,4,0.4,2,log_margin_val_r90,19,294,698,0.6326530612244898,0.5612244897959183,0.30272108843537415,0.8939828080229226,0.8751753155680224,cpu,/home/ubuntu/klb/nuclr/nuclr/runs/mprt_v1_1_dynamic_residual_atlas_cv5x3_v1/rld/fold4/seed42/dynamic/low_rank_r8/best.pt,/home/ubuntu/klb/nuclr/nuclr/runs/rld_robustness_cv5_seed42_v2/corruptions/fold4/outlier_l0.40_p2,/home/ubuntu/klb/nuclr/nuclr/runs/rld_robustness_cv5_seed42_v2/formal_rejection_comparison_ours/cells/fold4/outlier_l0.40_p2/neurid_original/queries.csv.gz
3,4,0.4,2,log_margin_val_r95,19,294,698,0.6326530612244898,0.5136054421768708,0.38095238095238093,0.9469914040114613,0.8551099611901681,cpu,/home/ubuntu/klb/nuclr/nuclr/runs/mprt_v1_1_dynamic_residual_atlas_cv5x3_v1/rld/fold4/seed42/dynamic/low_rank_r8/best.pt,/home/ubuntu/klb/nuclr/nuclr/runs/rld_robustness_cv5_seed42_v2/corruptions/fold4/outlier_l0.40_p2,/home/ubuntu/klb/nuclr/nuclr/runs/rld_robustness_cv5_seed42_v2/formal_rejection_comparison_ours/cells/fold4/outlier_l0.40_p2/neurid_original/queries.csv.gz
3,4,0.5,0,current_argmax,19,294,873,0.6156462585034014,0.5034013605442177,0.37755102040816324,0.9255441008018328,0.8792165397170838,cpu,/home/ubuntu/klb/nuclr/nuclr/runs/mprt_v1_1_dynamic_residual_atlas_cv5x3_v1/rld/fold4/seed42/dynamic/low_rank_r8/best.pt,/home/ubuntu/klb/nuclr/nuclr/runs/rld_robustness_cv5_seed42_v2/corruptions/fold4/outlier_l0.50_p0,/home/ubuntu/klb/nuclr/nuclr/runs/rld_robustness_cv5_seed42_v2/formal_rejection_comparison_ours/cells/fold4/outlier_l0.50_p0/neurid_original/queries.csv.gz
3,4,0.5,0,binary_0_5,19,294,873,0.6156462585034014,0.5340136054421769,0.30952380952380953,0.8052691867124857,0.8853904282115869,cpu,/home/ubuntu/klb/nuclr/nuclr/runs/mprt_v1_1_dynamic_residual_atlas_cv5x3_v1/rld/fold4/seed42/dynamic/low_rank_r8/best.pt,/home/ubuntu/klb/nuclr/nuclr/runs/rld_robustness_cv5_seed42_v2/corruptions/fold4/outlier_l0.50_p0,/home/ubuntu/klb/nuclr/nuclr/runs/rld_robustness_cv5_seed42_v2/formal_rejection_comparison_ours/cells/fold4/outlier_l0.50_p0/neurid_original/queries.csv.gz
3,4,0.5,0,probability_val_r80,19,294,873,0.6156462585034014,0.5408163265306123,0.2891156462585034,0.7789232531500573,0.8888888888888888,cpu,/home/ubuntu/klb/nuclr/nuclr/runs/mprt_v1_1_dynamic_residual_atlas_cv5x3_v1/rld/fold4/seed42/dynamic/low_rank_r8/best.pt,/home/ubuntu/klb/nuclr/nuclr/runs/rld_robustness_cv5_seed42_v2/corruptions/fold4/outlier_l0.50_p0,/home/ubuntu/klb/nuclr/nuclr/runs/rld_robustness_cv5_seed42_v2/formal_rejection_comparison_ours/cells/fold4/outlier_l0.50_p0/neurid_original/queries.csv.gz
3,4,0.5,0,probability_val_r90,19,294,873,0.6156462585034014,0.47278911564625853,0.4217687074829932,0.9049255441008018,0.8643326039387309,cpu,/home/ubuntu/klb/nuclr/nuclr/runs/mprt_v1_1_dynamic_residual_atlas_cv5x3_v1/rld/fold4/seed42/dynamic/low_rank_r8/best.pt,/home/ubuntu/klb/nuclr/nuclr/runs/rld_robustness_cv5_seed42_v2/corruptions/fold4/outlier_l0.50_p0,/home/ubuntu/klb/nuclr/nuclr/runs/rld_robustness_cv5_seed42_v2/formal_rejection_comparison_ours/cells/fold4/outlier_l0.50_p0/neurid_original/queries.csv.gz
3,4,0.5,0,probability_val_r95,19,294,873,0.6156462585034014,0.40476190476190477,0.5272108843537415,0.9461626575028637,0.8419979612640163,cpu,/home/ubuntu/klb/nuclr/nuclr/runs/mprt_v1_1_dynamic_residual_atlas_cv5x3_v1/rld/fold4/seed42/dynamic/low_rank_r8/best.pt,/home/ubuntu/klb/nuclr/nuclr/runs/rld_robustness_cv5_seed42_v2/corruptions/fold4/outlier_l0.50_p0,/home/ubuntu/klb/nuclr/nuclr/runs/rld_robustness_cv5_seed42_v2/formal_rejection_comparison_ours/cells/fold4/outlier_l0.50_p0/neurid_original/queries.csv.gz
3,4,0.5,0,log_margin_val_r80,19,294,873,0.6156462585034014,0.5612244897959183,0.22448979591836735,0.7880870561282932,0.9124668435013262,cpu,/home/ubuntu/klb/nuclr/nuclr/runs/mprt_v1_1_dynamic_residual_atlas_cv5x3_v1/rld/fold4/seed42/dynamic/low_rank_r8/best.pt,/home/ubuntu/klb/nuclr/nuclr/runs/rld_robustness_cv5_seed42_v2/corruptions/fold4/outlier_l0.50_p0,/home/ubuntu/klb/nuclr/nuclr/runs/rld_robustness_cv5_seed42_v2/formal_rejection_comparison_ours/cells/fold4/outlier_l0.50_p0/neurid_original/queries.csv.gz
3,4,0.5,0,log_margin_val_r90,19,294,873,0.6156462585034014,0.5340136054421769,0.3231292517006803,0.8946162657502864,0.8915525114155252,cpu,/home/ubuntu/klb/nuclr/nuclr/runs/mprt_v1_1_dynamic_residual_atlas_cv5x3_v1/rld/fold4/seed42/dynamic/low_rank_r8/best.pt,/home/ubuntu/klb/nuclr/nuclr/runs/rld_robustness_cv5_seed42_v2/corruptions/fold4/outlier_l0.50_p0,/home/ubuntu/klb/nuclr/nuclr/runs/rld_robustness_cv5_seed42_v2/formal_rejection_comparison_ours/cells/fold4/outlier_l0.50_p0/neurid_original/queries.csv.gz
3,4,0.5,0,log_margin_val_r95,19,294,873,0.6156462585034014,0.47959183673469385,0.42517006802721086,0.9530355097365406,0.8693834900731452,cpu,/home/ubuntu/klb/nuclr/nuclr/runs/mprt_v1_1_dynamic_residual_atlas_cv5x3_v1/rld/fold4/seed42/dynamic/low_rank_r8/best.pt,/home/ubuntu/klb/nuclr/nuclr/runs/rld_robustness_cv5_seed42_v2/corruptions/fold4/outlier_l0.50_p0,/home/ubuntu/klb/nuclr/nuclr/runs/rld_robustness_cv5_seed42_v2/formal_rejection_comparison_ours/cells/fold4/outlier_l0.50_p0/neurid_original/queries.csv.gz
3,4,0.5,1,current_argmax,19,294,873,0.608843537414966,0.5,0.3945578231292517,0.9221076746849943,0.8740499457111836,cpu,/home/ubuntu/klb/nuclr/nuclr/runs/mprt_v1_1_dynamic_residual_atlas_cv5x3_v1/rld/fold4/seed42/dynamic/low_rank_r8/best.pt,/home/ubuntu/klb/nuclr/nuclr/runs/rld_robustness_cv5_seed42_v2/corruptions/fold4/outlier_l0.50_p1,/home/ubuntu/klb/nuclr/nuclr/runs/rld_robustness_cv5_seed42_v2/formal_rejection_comparison_ours/cells/fold4/outlier_l0.50_p1/neurid_original/queries.csv.gz
3,4,0.5,1,binary_0_5,19,294,873,0.608843537414966,0.5306122448979592,0.3197278911564626,0.7869415807560137,0.8796414852752881,cpu,/home/ubuntu/klb/nuclr/nuclr/runs/mprt_v1_1_dynamic_residual_atlas_cv5x3_v1/rld/fold4/seed42/dynamic/low_rank_r8/best.pt,/home/ubuntu/klb/nuclr/nuclr/runs/rld_robustness_cv5_seed42_v2/corruptions/fold4/outlier_l0.50_p1,/home/ubuntu/klb/nuclr/nuclr/runs/rld_robustness_cv5_seed42_v2/formal_rejection_comparison_ours/cells/fold4/outlier_l0.50_p1/neurid_original/queries.csv.gz
3,4,0.5,1,probability_val_r80,19,294,873,0.608843537414966,0.5408163265306123,0.29931972789115646,0.7686139747995419,0.8840579710144928,cpu,/home/ubuntu/klb/nuclr/nuclr/runs/mprt_v1_1_dynamic_residual_atlas_cv5x3_v1/rld/fold4/seed42/dynamic/low_rank_r8/best.pt,/home/ubuntu/klb/nuclr/nuclr/runs/rld_robustness_cv5_seed42_v2/corruptions/fold4/outlier_l0.50_p1,/home/ubuntu/klb/nuclr/nuclr/runs/rld_robustness_cv5_seed42_v2/formal_rejection_comparison_ours/cells/fold4/outlier_l0.50_p1/neurid_original/queries.csv.gz
3,4,0.5,1,probability_val_r90,19,294,873,0.608843537414966,0.46938775510204084,0.41836734693877553,0.8808705612829324,0.8621076233183856,cpu,/home/ubuntu/klb/nuclr/nuclr/runs/mprt_v1_1_dynamic_residual_atlas_cv5x3_v1/rld/fold4/seed42/dynamic/low_rank_r8/best.pt,/home/ubuntu/klb/nuclr/nuclr/runs/rld_robustness_cv5_seed42_v2/corruptions/fold4/outlier_l0.50_p1,/home/ubuntu/klb/nuclr/nuclr/runs/rld_robustness_cv5_seed42_v2/formal_rejection_comparison_ours/cells/fold4/outlier_l0.50_p1/neurid_original/queries.csv.gz
3,4,0.5,1,probability_val_r95,19,294,873,0.608843537414966,0.3979591836734694,0.5204081632653061,0.9427262313860252,0.8432377049180327,cpu,/home/ubuntu/klb/nuclr/nuclr/runs/mprt_v1_1_dynamic_residual_atlas_cv5x3_v1/rld/fold4/seed42/dynamic/low_rank_r8/best.pt,/home/ubuntu/klb/nuclr/nuclr/runs/rld_robustness_cv5_seed42_v2/corruptions/fold4/outlier_l0.50_p1,/home/ubuntu/klb/nuclr/nuclr/runs/rld_robustness_cv5_seed42_v2/formal_rejection_comparison_ours/cells/fold4/outlier_l0.50_p1/neurid_original/queries.csv.gz
3,4,0.5,1,log_margin_val_r80,19,294,873,0.608843537414966,0.5714285714285714,0.23469387755102042,0.7731958762886598,0.907258064516129,cpu,/home/ubuntu/klb/nuclr/nuclr/runs/mprt_v1_1_dynamic_residual_atlas_cv5x3_v1/rld/fold4/seed42/dynamic/low_rank_r8/best.pt,/home/ubuntu/klb/nuclr/nuclr/runs/rld_robustness_cv5_seed42_v2/corruptions/fold4/outlier_l0.50_p1,/home/ubuntu/klb/nuclr/nuclr/runs/rld_robustness_cv5_seed42_v2/formal_rejection_comparison_ours/cells/fold4/outlier_l0.50_p1/neurid_original/queries.csv.gz
3,4,0.5,1,log_margin_val_r90,19,294,873,0.608843537414966,0.5408163265306123,0.3163265306122449,0.8831615120274914,0.8923611111111112,cpu,/home/ubuntu/klb/nuclr/nuclr/runs/mprt_v1_1_dynamic_residual_atlas_cv5x3_v1/rld/fold4/seed42/dynamic/low_rank_r8/best.pt,/home/ubuntu/klb/nuclr/nuclr/runs/rld_robustness_cv5_seed42_v2/corruptions/fold4/outlier_l0.50_p1,/home/ubuntu/klb/nuclr/nuclr/runs/rld_robustness_cv5_seed42_v2/formal_rejection_comparison_ours/cells/fold4/outlier_l0.50_p1/neurid_original/queries.csv.gz
3,4,0.5,1,log_margin_val_r95,19,294,873,0.608843537414966,0.48299319727891155,0.41496598639455784,0.9473081328751431,0.8714436248682824,cpu,/home/ubuntu/klb/nuclr/nuclr/runs/mprt_v1_1_dynamic_residual_atlas_cv5x3_v1/rld/fold4/seed42/dynamic/low_rank_r8/best.pt,/home/ubuntu/klb/nuclr/nuclr/runs/rld_robustness_cv5_seed42_v2/corruptions/fold4/outlier_l0.50_p1,/home/ubuntu/klb/nuclr/nuclr/runs/rld_robustness_cv5_seed42_v2/formal_rejection_comparison_ours/cells/fold4/outlier_l0.50_p1/neurid_original/queries.csv.gz
3,4,0.5,2,current_argmax,19,294,873,0.6122448979591837,0.5068027210884354,0.37755102040816324,0.9358533791523482,0.8803879310344828,cpu,/home/ubuntu/klb/nuclr/nuclr/runs/mprt_v1_1_dynamic_residual_atlas_cv5x3_v1/rld/fold4/seed42/dynamic/low_rank_r8/best.pt,/home/ubuntu/klb/nuclr/nuclr/runs/rld_robustness_cv5_seed42_v2/corruptions/fold4/outlier_l0.50_p2,/home/ubuntu/klb/nuclr/nuclr/runs/rld_robustness_cv5_seed42_v2/formal_rejection_comparison_ours/cells/fold4/outlier_l0.50_p2/neurid_original/queries.csv.gz
3,4,0.5,2,binary_0_5,19,294,873,0.6122448979591837,0.5374149659863946,0.29591836734693877,0.8041237113402062,0.8897338403041825,cpu,/home/ubuntu/klb/nuclr/nuclr/runs/mprt_v1_1_dynamic_residual_atlas_cv5x3_v1/rld/fold4/seed42/dynamic/low_rank_r8/best.pt,/home/ubuntu/klb/nuclr/nuclr/runs/rld_robustness_cv5_seed42_v2/corruptions/fold4/outlier_l0.50_p2,/home/ubuntu/klb/nuclr/nuclr/runs/rld_robustness_cv5_seed42_v2/formal_rejection_comparison_ours/cells/fold4/outlier_l0.50_p2/neurid_original/queries.csv.gz
3,4,0.5,2,probability_val_r80,19,294,873,0.6122448979591837,0.5408163265306123,0.2857142857142857,0.7880870561282932,0.8911917098445595,cpu,/home/ubuntu/klb/nuclr/nuclr/runs/mprt_v1_1_dynamic_residual_atlas_cv5x3_v1/rld/fold4/seed42/dynamic/low_rank_r8/best.pt,/home/ubuntu/klb/nuclr/nuclr/runs/rld_robustness_cv5_seed42_v2/corruptions/fold4/outlier_l0.50_p2,/home/ubuntu/klb/nuclr/nuclr/runs/rld_robustness_cv5_seed42_v2/formal_rejection_comparison_ours/cells/fold4/outlier_l0.50_p2/neurid_original/queries.csv.gz
3,4,0.5,2,probability_val_r90,19,294,873,0.6122448979591837,0.47619047619047616,0.4013605442176871,0.9026345933562429,0.869757174392936,cpu,/home/ubuntu/klb/nuclr/nuclr/runs/mprt_v1_1_dynamic_residual_atlas_cv5x3_v1/rld/fold4/seed42/dynamic/low_rank_r8/best.pt,/home/ubuntu/klb/nuclr/nuclr/runs/rld_robustness_cv5_seed42_v2/corruptions/fold4/outlier_l0.50_p2,/home/ubuntu/klb/nuclr/nuclr/runs/rld_robustness_cv5_seed42_v2/formal_rejection_comparison_ours/cells/fold4/outlier_l0.50_p2/neurid_original/queries.csv.gz
3,4,0.5,2,probability_val_r95,19,294,873,0.6122448979591837,0.41156462585034015,0.4965986394557823,0.9564719358533792,0.8511722731906218,cpu,/home/ubuntu/klb/nuclr/nuclr/runs/mprt_v1_1_dynamic_residual_atlas_cv5x3_v1/rld/fold4/seed42/dynamic/low_rank_r8/best.pt,/home/ubuntu/klb/nuclr/nuclr/runs/rld_robustness_cv5_seed42_v2/corruptions/fold4/outlier_l0.50_p2,/home/ubuntu/klb/nuclr/nuclr/runs/rld_robustness_cv5_seed42_v2/formal_rejection_comparison_ours/cells/fold4/outlier_l0.50_p2/neurid_original/queries.csv.gz
3,4,0.5,2,log_margin_val_r80,19,294,873,0.6122448979591837,0.5680272108843537,0.20748299319727892,0.7835051546391752,0.9181208053691275,cpu,/home/ubuntu/klb/nuclr/nuclr/runs/mprt_v1_1_dynamic_residual_atlas_cv5x3_v1/rld/fold4/seed42/dynamic/low_rank_r8/best.pt,/home/ubuntu/klb/nuclr/nuclr/runs/rld_robustness_cv5_seed42_v2/corruptions/fold4/outlier_l0.50_p2,/home/ubuntu/klb/nuclr/nuclr/runs/rld_robustness_cv5_seed42_v2/formal_rejection_comparison_ours/cells/fold4/outlier_l0.50_p2/neurid_original/queries.csv.gz
3,4,0.5,2,log_margin_val_r90,19,294,873,0.6122448979591837,0.5340136054421769,0.3231292517006803,0.8946162657502864,0.8915525114155252,cpu,/home/ubuntu/klb/nuclr/nuclr/runs/mprt_v1_1_dynamic_residual_atlas_cv5x3_v1/rld/fold4/seed42/dynamic/low_rank_r8/best.pt,/home/ubuntu/klb/nuclr/nuclr/runs/rld_robustness_cv5_seed42_v2/corruptions/fold4/outlier_l0.50_p2,/home/ubuntu/klb/nuclr/nuclr/runs/rld_robustness_cv5_seed42_v2/formal_rejection_comparison_ours/cells/fold4/outlier_l0.50_p2/neurid_original/queries.csv.gz
3,4,0.5,2,log_margin_val_r95,19,294,873,0.6122448979591837,0.48639455782312924,0.3979591836734694,0.9530355097365406,0.8767123287671232,cpu,/home/ubuntu/klb/nuclr/nuclr/runs/mprt_v1_1_dynamic_residual_atlas_cv5x3_v1/rld/fold4/seed42/dynamic/low_rank_r8/best.pt,/home/ubuntu/klb/nuclr/nuclr/runs/rld_robustness_cv5_seed42_v2/corruptions/fold4/outlier_l0.50_p2,/home/ubuntu/klb/nuclr/nuclr/runs/rld_robustness_cv5_seed42_v2/formal_rejection_comparison_ours/cells/fold4/outlier_l0.50_p2/neurid_original/queries.csv.gz
