query_worm,source_path,node_index,identity,candidate_covered,prediction_slot,prediction_identity,rank,correct,top5_correct,reciprocal_rank,target_probability,dustbin_top1,top1_with_dustbin_correct,hungarian_prediction_slot,hungarian_correct
2022-07-15-12,/home/ubuntu/klb/nuclr/nuclr/Data/Atanas_SF_unified_000776/cv5_grouped_v1/fold_2/test/train__2022-07-15-12__9b6ec5ed.npz,1,M3L,1,83,M3L,1,1,1,1.0,0.9546652436256409,0,1,83,1
2022-07-15-12,/home/ubuntu/klb/nuclr/nuclr/Data/Atanas_SF_unified_000776/cv5_grouped_v1/fold_2/test/train__2022-07-15-12__9b6ec5ed.npz,2,OLQDR,1,95,OLQDR,1,1,1,1.0,0.9190404415130615,0,1,95,1
2022-07-15-12,/home/ubuntu/klb/nuclr/nuclr/Data/Atanas_SF_unified_000776/cv5_grouped_v1/fold_2/test/train__2022-07-15-12__9b6ec5ed.npz,3,URAVR,1,127,SAADR,2,0,1,0.5,0.022008398547768593,0,0,127,0
2022-07-15-12,/home/ubuntu/klb/nuclr/nuclr/Data/Atanas_SF_unified_000776/cv5_grouped_v1/fold_2/test/train__2022-07-15-12__9b6ec5ed.npz,4,OLLR,1,93,OLLR,1,1,1,1.0,0.538814902305603,0,1,93,1
2022-07-15-12,/home/ubuntu/klb/nuclr/nuclr/Data/Atanas_SF_unified_000776/cv5_grouped_v1/fold_2/test/train__2022-07-15-12__9b6ec5ed.npz,5,MCL,1,87,MCL,1,1,1,1.0,0.9231628775596619,0,1,87,1
2022-07-15-12,/home/ubuntu/klb/nuclr/nuclr/Data/Atanas_SF_unified_000776/cv5_grouped_v1/fold_2/test/train__2022-07-15-12__9b6ec5ed.npz,6,OLQVL,1,96,OLQVL,1,1,1,1.0,0.9335051774978638,0,1,96,1
2022-07-15-12,/home/ubuntu/klb/nuclr/nuclr/Data/Atanas_SF_unified_000776/cv5_grouped_v1/fold_2/test/train__2022-07-15-12__9b6ec5ed.npz,7,IL1L,1,72,IL1L,1,1,1,1.0,0.9090629816055298,0,1,72,1
2022-07-15-12,/home/ubuntu/klb/nuclr/nuclr/Data/Atanas_SF_unified_000776/cv5_grouped_v1/fold_2/test/train__2022-07-15-12__9b6ec5ed.npz,8,AVL,1,12,AIMR,3,0,1,0.3333333333333333,0.06357661634683609,0,0,12,0
2022-07-15-12,/home/ubuntu/klb/nuclr/nuclr/Data/Atanas_SF_unified_000776/cv5_grouped_v1/fold_2/test/train__2022-07-15-12__9b6ec5ed.npz,10,BAGL,1,54,BAGL,1,1,1,1.0,0.9461417198181152,0,1,54,1
2022-07-15-12,/home/ubuntu/klb/nuclr/nuclr/Data/Atanas_SF_unified_000776/cv5_grouped_v1/fold_2/test/train__2022-07-15-12__9b6ec5ed.npz,12,M3R,1,84,M3R,1,1,1,1.0,0.9420118927955627,0,1,84,1
2022-07-15-12,/home/ubuntu/klb/nuclr/nuclr/Data/Atanas_SF_unified_000776/cv5_grouped_v1/fold_2/test/train__2022-07-15-12__9b6ec5ed.npz,13,RMDDR,1,114,RMDDR,1,1,1,1.0,0.9495446085929871,0,1,114,1
2022-07-15-12,/home/ubuntu/klb/nuclr/nuclr/Data/Atanas_SF_unified_000776/cv5_grouped_v1/fold_2/test/train__2022-07-15-12__9b6ec5ed.npz,14,NSML,1,90,NSML,1,1,1,1.0,0.9413266777992249,0,1,90,1
2022-07-15-12,/home/ubuntu/klb/nuclr/nuclr/Data/Atanas_SF_unified_000776/cv5_grouped_v1/fold_2/test/train__2022-07-15-12__9b6ec5ed.npz,15,AIBR,1,10,AIBR,1,1,1,1.0,0.8342437148094177,0,1,10,1
2022-07-15-12,/home/ubuntu/klb/nuclr/nuclr/Data/Atanas_SF_unified_000776/cv5_grouped_v1/fold_2/test/train__2022-07-15-12__9b6ec5ed.npz,16,AWCL,1,52,AWCL,1,1,1,1.0,0.9382029175758362,0,1,52,1
2022-07-15-12,/home/ubuntu/klb/nuclr/nuclr/Data/Atanas_SF_unified_000776/cv5_grouped_v1/fold_2/test/train__2022-07-15-12__9b6ec5ed.npz,17,ASGL,1,23,ASGL,1,1,1,1.0,0.8314720392227173,0,1,23,1
2022-07-15-12,/home/ubuntu/klb/nuclr/nuclr/Data/Atanas_SF_unified_000776/cv5_grouped_v1/fold_2/test/train__2022-07-15-12__9b6ec5ed.npz,19,RIS,1,151,VB02,6,0,0,0.16666666666666666,9.795055666472763e-05,0,0,151,0
2022-07-15-12,/home/ubuntu/klb/nuclr/nuclr/Data/Atanas_SF_unified_000776/cv5_grouped_v1/fold_2/test/train__2022-07-15-12__9b6ec5ed.npz,22,ASJL,1,100,RIBL,2,0,1,0.5,0.021810363978147507,0,0,100,0
2022-07-15-12,/home/ubuntu/klb/nuclr/nuclr/Data/Atanas_SF_unified_000776/cv5_grouped_v1/fold_2/test/train__2022-07-15-12__9b6ec5ed.npz,24,IL2DL,1,76,IL2DL,1,1,1,1.0,0.9554932117462158,0,1,76,1
2022-07-15-12,/home/ubuntu/klb/nuclr/nuclr/Data/Atanas_SF_unified_000776/cv5_grouped_v1/fold_2/test/train__2022-07-15-12__9b6ec5ed.npz,25,AVER,1,41,AVER,1,1,1,1.0,0.8703175187110901,0,1,41,1
2022-07-15-12,/home/ubuntu/klb/nuclr/nuclr/Data/Atanas_SF_unified_000776/cv5_grouped_v1/fold_2/test/train__2022-07-15-12__9b6ec5ed.npz,28,AWBL,1,50,AWBL,1,1,1,1.0,0.957633376121521,0,1,50,1
2022-07-15-12,/home/ubuntu/klb/nuclr/nuclr/Data/Atanas_SF_unified_000776/cv5_grouped_v1/fold_2/test/train__2022-07-15-12__9b6ec5ed.npz,29,CEPVL,1,59,CEPVR,2,0,1,0.5,0.0076034050434827805,0,0,59,0
2022-07-15-12,/home/ubuntu/klb/nuclr/nuclr/Data/Atanas_SF_unified_000776/cv5_grouped_v1/fold_2/test/train__2022-07-15-12__9b6ec5ed.npz,30,RMDVL,1,117,RMDVL,1,1,1,1.0,0.936846137046814,0,1,117,1
2022-07-15-12,/home/ubuntu/klb/nuclr/nuclr/Data/Atanas_SF_unified_000776/cv5_grouped_v1/fold_2/test/train__2022-07-15-12__9b6ec5ed.npz,31,I2R,1,65,I2R,1,1,1,1.0,0.9601114988327026,0,1,65,1
2022-07-15-12,/home/ubuntu/klb/nuclr/nuclr/Data/Atanas_SF_unified_000776/cv5_grouped_v1/fold_2/test/train__2022-07-15-12__9b6ec5ed.npz,32,I1R,1,63,I1R,1,1,1,1.0,0.9614167213439941,0,1,63,1
2022-07-15-12,/home/ubuntu/klb/nuclr/nuclr/Data/Atanas_SF_unified_000776/cv5_grouped_v1/fold_2/test/train__2022-07-15-12__9b6ec5ed.npz,33,AIML,1,46,AVKR,4,0,1,0.25,0.012320693582296371,1,0,46,0
2022-07-15-12,/home/ubuntu/klb/nuclr/nuclr/Data/Atanas_SF_unified_000776/cv5_grouped_v1/fold_2/test/train__2022-07-15-12__9b6ec5ed.npz,34,OLQVR,1,97,OLQVR,1,1,1,1.0,0.946245551109314,0,1,97,1
2022-07-15-12,/home/ubuntu/klb/nuclr/nuclr/Data/Atanas_SF_unified_000776/cv5_grouped_v1/fold_2/test/train__2022-07-15-12__9b6ec5ed.npz,35,AIZL,1,17,AIZL,1,1,1,1.0,0.9583971500396729,0,1,17,1
2022-07-15-12,/home/ubuntu/klb/nuclr/nuclr/Data/Atanas_SF_unified_000776/cv5_grouped_v1/fold_2/test/train__2022-07-15-12__9b6ec5ed.npz,37,URYDR,1,147,URYDL,26,0,0,0.038461538461538464,1.3513989927105285e-08,0,0,147,0
2022-07-15-12,/home/ubuntu/klb/nuclr/nuclr/Data/Atanas_SF_unified_000776/cv5_grouped_v1/fold_2/test/train__2022-07-15-12__9b6ec5ed.npz,38,AVAR,1,35,AVAR,1,1,1,1.0,0.9554768204689026,0,1,35,1
2022-07-15-12,/home/ubuntu/klb/nuclr/nuclr/Data/Atanas_SF_unified_000776/cv5_grouped_v1/fold_2/test/train__2022-07-15-12__9b6ec5ed.npz,39,SMDVL,1,137,SMDVL,1,1,1,1.0,0.958402156829834,0,1,137,1
2022-07-15-12,/home/ubuntu/klb/nuclr/nuclr/Data/Atanas_SF_unified_000776/cv5_grouped_v1/fold_2/test/train__2022-07-15-12__9b6ec5ed.npz,41,CEPDL,1,56,CEPDL,1,1,1,1.0,0.9529369473457336,0,1,56,1
2022-07-15-12,/home/ubuntu/klb/nuclr/nuclr/Data/Atanas_SF_unified_000776/cv5_grouped_v1/fold_2/test/train__2022-07-15-12__9b6ec5ed.npz,43,RMDR,1,116,RMDR,1,1,1,1.0,0.8652164936065674,0,1,116,1
2022-07-15-12,/home/ubuntu/klb/nuclr/nuclr/Data/Atanas_SF_unified_000776/cv5_grouped_v1/fold_2/test/train__2022-07-15-12__9b6ec5ed.npz,44,AVHR,0,42,AVHL,,0,0,0.0,,0,0,42,0
2022-07-15-12,/home/ubuntu/klb/nuclr/nuclr/Data/Atanas_SF_unified_000776/cv5_grouped_v1/fold_2/test/train__2022-07-15-12__9b6ec5ed.npz,45,AVDL,1,38,AVDL,1,1,1,1.0,0.9359950423240662,0,1,38,1
2022-07-15-12,/home/ubuntu/klb/nuclr/nuclr/Data/Atanas_SF_unified_000776/cv5_grouped_v1/fold_2/test/train__2022-07-15-12__9b6ec5ed.npz,46,RMDDL,1,113,RMDDL,1,1,1,1.0,0.9151179194450378,0,1,113,1
2022-07-15-12,/home/ubuntu/klb/nuclr/nuclr/Data/Atanas_SF_unified_000776/cv5_grouped_v1/fold_2/test/train__2022-07-15-12__9b6ec5ed.npz,48,RMER,1,121,RMER,1,1,1,1.0,0.959470808506012,0,1,121,1
2022-07-15-12,/home/ubuntu/klb/nuclr/nuclr/Data/Atanas_SF_unified_000776/cv5_grouped_v1/fold_2/test/train__2022-07-15-12__9b6ec5ed.npz,49,SAAVR,1,99,RIAR,3,0,1,0.3333333333333333,0.055024754256010056,0,0,99,0
2022-07-15-12,/home/ubuntu/klb/nuclr/nuclr/Data/Atanas_SF_unified_000776/cv5_grouped_v1/fold_2/test/train__2022-07-15-12__9b6ec5ed.npz,50,RIVL,1,111,RIVL,1,1,1,1.0,0.9610198140144348,0,1,111,1
2022-07-15-12,/home/ubuntu/klb/nuclr/nuclr/Data/Atanas_SF_unified_000776/cv5_grouped_v1/fold_2/test/train__2022-07-15-12__9b6ec5ed.npz,51,RMDVR,1,118,RMDVR,1,1,1,1.0,0.8819385170936584,0,1,118,1
2022-07-15-12,/home/ubuntu/klb/nuclr/nuclr/Data/Atanas_SF_unified_000776/cv5_grouped_v1/fold_2/test/train__2022-07-15-12__9b6ec5ed.npz,52,AIYR,1,20,AQR,2,0,1,0.5,0.4474131464958191,0,0,16,1
2022-07-15-12,/home/ubuntu/klb/nuclr/nuclr/Data/Atanas_SF_unified_000776/cv5_grouped_v1/fold_2/test/train__2022-07-15-12__9b6ec5ed.npz,53,RMEV,1,122,RMEV,1,1,1,1.0,0.7292345762252808,0,1,122,1
2022-07-15-12,/home/ubuntu/klb/nuclr/nuclr/Data/Atanas_SF_unified_000776/cv5_grouped_v1/fold_2/test/train__2022-07-15-12__9b6ec5ed.npz,54,I1L,1,62,I1L,1,1,1,1.0,0.9457096457481384,0,1,62,1
2022-07-15-12,/home/ubuntu/klb/nuclr/nuclr/Data/Atanas_SF_unified_000776/cv5_grouped_v1/fold_2/test/train__2022-07-15-12__9b6ec5ed.npz,55,AVJL,1,43,AVJL,1,1,1,1.0,0.9233813285827637,0,1,43,1
2022-07-15-12,/home/ubuntu/klb/nuclr/nuclr/Data/Atanas_SF_unified_000776/cv5_grouped_v1/fold_2/test/train__2022-07-15-12__9b6ec5ed.npz,56,SMDDR,1,110,RIS,4,0,1,0.25,0.017345493659377098,0,0,110,0
2022-07-15-12,/home/ubuntu/klb/nuclr/nuclr/Data/Atanas_SF_unified_000776/cv5_grouped_v1/fold_2/test/train__2022-07-15-12__9b6ec5ed.npz,57,RICL,1,102,RICL,1,1,1,1.0,0.9499037265777588,0,1,102,1
2022-07-15-12,/home/ubuntu/klb/nuclr/nuclr/Data/Atanas_SF_unified_000776/cv5_grouped_v1/fold_2/test/train__2022-07-15-12__9b6ec5ed.npz,58,AVJR,1,39,AVDR,4,0,1,0.25,0.0041765738278627396,0,0,39,0
2022-07-15-12,/home/ubuntu/klb/nuclr/nuclr/Data/Atanas_SF_unified_000776/cv5_grouped_v1/fold_2/test/train__2022-07-15-12__9b6ec5ed.npz,59,IL2VR,1,81,IL2VR,1,1,1,1.0,0.9611018300056458,0,1,81,1
2022-07-15-12,/home/ubuntu/klb/nuclr/nuclr/Data/Atanas_SF_unified_000776/cv5_grouped_v1/fold_2/test/train__2022-07-15-12__9b6ec5ed.npz,62,RIH,1,105,RIH,1,1,1,1.0,0.736501157283783,0,1,105,1
2022-07-15-12,/home/ubuntu/klb/nuclr/nuclr/Data/Atanas_SF_unified_000776/cv5_grouped_v1/fold_2/test/train__2022-07-15-12__9b6ec5ed.npz,63,SMBVR,1,20,AQR,4,0,1,0.25,0.008065087720751762,1,0,20,0
2022-07-15-12,/home/ubuntu/klb/nuclr/nuclr/Data/Atanas_SF_unified_000776/cv5_grouped_v1/fold_2/test/train__2022-07-15-12__9b6ec5ed.npz,66,IL1DL,1,70,IL1DL,1,1,1,1.0,0.9249624609947205,0,1,70,1
2022-07-15-12,/home/ubuntu/klb/nuclr/nuclr/Data/Atanas_SF_unified_000776/cv5_grouped_v1/fold_2/test/train__2022-07-15-12__9b6ec5ed.npz,67,URYVR,1,150,URYVR,1,1,1,1.0,0.9282276034355164,0,1,150,1
2022-07-15-12,/home/ubuntu/klb/nuclr/nuclr/Data/Atanas_SF_unified_000776/cv5_grouped_v1/fold_2/test/train__2022-07-15-12__9b6ec5ed.npz,69,URYVL,1,149,URYVL,1,1,1,1.0,0.9586284160614014,0,1,149,1
2022-07-15-12,/home/ubuntu/klb/nuclr/nuclr/Data/Atanas_SF_unified_000776/cv5_grouped_v1/fold_2/test/train__2022-07-15-12__9b6ec5ed.npz,70,AIBL,1,9,AIBL,1,1,1,1.0,0.9521889090538025,0,1,9,1
2022-07-15-12,/home/ubuntu/klb/nuclr/nuclr/Data/Atanas_SF_unified_000776/cv5_grouped_v1/fold_2/test/train__2022-07-15-12__9b6ec5ed.npz,71,OLQDL,1,94,OLQDL,1,1,1,1.0,0.9242684841156006,0,1,94,1
2022-07-15-12,/home/ubuntu/klb/nuclr/nuclr/Data/Atanas_SF_unified_000776/cv5_grouped_v1/fold_2/test/train__2022-07-15-12__9b6ec5ed.npz,72,RIR,1,109,RIR,1,1,1,1.0,0.6643043756484985,0,1,109,1
2022-07-15-12,/home/ubuntu/klb/nuclr/nuclr/Data/Atanas_SF_unified_000776/cv5_grouped_v1/fold_2/test/train__2022-07-15-12__9b6ec5ed.npz,76,CEPVR,1,59,CEPVR,1,1,1,1.0,0.4046609699726105,1,0,136,0
2022-07-15-12,/home/ubuntu/klb/nuclr/nuclr/Data/Atanas_SF_unified_000776/cv5_grouped_v1/fold_2/test/train__2022-07-15-12__9b6ec5ed.npz,78,URADL,1,139,URADL,1,1,1,1.0,0.6542903184890747,0,1,139,1
2022-07-15-12,/home/ubuntu/klb/nuclr/nuclr/Data/Atanas_SF_unified_000776/cv5_grouped_v1/fold_2/test/train__2022-07-15-12__9b6ec5ed.npz,79,IL2DR,1,77,IL2DR,1,1,1,1.0,0.9478292465209961,0,1,77,1
2022-07-15-12,/home/ubuntu/klb/nuclr/nuclr/Data/Atanas_SF_unified_000776/cv5_grouped_v1/fold_2/test/train__2022-07-15-12__9b6ec5ed.npz,80,SMDDL,1,135,SMDDL,1,1,1,1.0,0.9376429915428162,0,1,135,1
2022-07-15-12,/home/ubuntu/klb/nuclr/nuclr/Data/Atanas_SF_unified_000776/cv5_grouped_v1/fold_2/test/train__2022-07-15-12__9b6ec5ed.npz,81,ADAL,1,0,ADAL,1,1,1,1.0,0.9554184675216675,0,1,0,1
2022-07-15-12,/home/ubuntu/klb/nuclr/nuclr/Data/Atanas_SF_unified_000776/cv5_grouped_v1/fold_2/test/train__2022-07-15-12__9b6ec5ed.npz,82,RID,1,104,RID,1,1,1,1.0,0.9613158702850342,0,1,104,1
2022-07-15-12,/home/ubuntu/klb/nuclr/nuclr/Data/Atanas_SF_unified_000776/cv5_grouped_v1/fold_2/test/train__2022-07-15-12__9b6ec5ed.npz,83,IL1DR,1,71,IL1DR,1,1,1,1.0,0.9499834775924683,0,1,71,1
2022-07-15-12,/home/ubuntu/klb/nuclr/nuclr/Data/Atanas_SF_unified_000776/cv5_grouped_v1/fold_2/test/train__2022-07-15-12__9b6ec5ed.npz,84,URYDL,1,148,URYDR,14,0,0,0.07142857142857142,1.6618895415376755e-06,0,0,148,0
2022-07-15-12,/home/ubuntu/klb/nuclr/nuclr/Data/Atanas_SF_unified_000776/cv5_grouped_v1/fold_2/test/train__2022-07-15-12__9b6ec5ed.npz,86,MI,1,89,MI,1,1,1,1.0,0.9588108062744141,0,1,89,1
2022-07-15-12,/home/ubuntu/klb/nuclr/nuclr/Data/Atanas_SF_unified_000776/cv5_grouped_v1/fold_2/test/train__2022-07-15-12__9b6ec5ed.npz,87,AVBL,1,36,AVBL,1,1,1,1.0,0.7557005286216736,0,1,36,1
2022-07-15-12,/home/ubuntu/klb/nuclr/nuclr/Data/Atanas_SF_unified_000776/cv5_grouped_v1/fold_2/test/train__2022-07-15-12__9b6ec5ed.npz,89,AWAR,1,49,AWAR,1,1,1,1.0,0.7175623178482056,0,1,49,1
2022-07-15-12,/home/ubuntu/klb/nuclr/nuclr/Data/Atanas_SF_unified_000776/cv5_grouped_v1/fold_2/test/train__2022-07-15-12__9b6ec5ed.npz,93,URXL,1,146,URXR,2,0,1,0.5,0.11208954453468323,0,0,146,0
2022-07-15-12,/home/ubuntu/klb/nuclr/nuclr/Data/Atanas_SF_unified_000776/cv5_grouped_v1/fold_2/test/train__2022-07-15-12__9b6ec5ed.npz,95,IL1R,1,73,IL1R,1,1,1,1.0,0.9585973024368286,0,1,73,1
2022-07-15-12,/home/ubuntu/klb/nuclr/nuclr/Data/Atanas_SF_unified_000776/cv5_grouped_v1/fold_2/test/train__2022-07-15-12__9b6ec5ed.npz,98,RMGL,1,124,RMGL,1,1,1,1.0,0.9592978954315186,0,1,124,1
2022-07-15-12,/home/ubuntu/klb/nuclr/nuclr/Data/Atanas_SF_unified_000776/cv5_grouped_v1/fold_2/test/train__2022-07-15-12__9b6ec5ed.npz,100,I3,1,66,I3,1,1,1,1.0,0.9610536694526672,0,1,66,1
2022-07-15-12,/home/ubuntu/klb/nuclr/nuclr/Data/Atanas_SF_unified_000776/cv5_grouped_v1/fold_2/test/train__2022-07-15-12__9b6ec5ed.npz,101,IL1VL,1,74,IL1VL,1,1,1,1.0,0.9605021476745605,0,1,74,1
2022-07-15-12,/home/ubuntu/klb/nuclr/nuclr/Data/Atanas_SF_unified_000776/cv5_grouped_v1/fold_2/test/train__2022-07-15-12__9b6ec5ed.npz,102,AWBR,1,51,AWBR,1,1,1,1.0,0.4156103730201721,0,1,51,1
2022-07-15-12,/home/ubuntu/klb/nuclr/nuclr/Data/Atanas_SF_unified_000776/cv5_grouped_v1/fold_2/test/train__2022-07-15-12__9b6ec5ed.npz,103,ASEL,1,21,ASEL,1,1,1,1.0,0.9566119313240051,0,1,21,1
2022-07-15-12,/home/ubuntu/klb/nuclr/nuclr/Data/Atanas_SF_unified_000776/cv5_grouped_v1/fold_2/test/train__2022-07-15-12__9b6ec5ed.npz,104,IL2L,1,78,IL2L,1,1,1,1.0,0.7666836977005005,0,1,78,1
2022-07-15-12,/home/ubuntu/klb/nuclr/nuclr/Data/Atanas_SF_unified_000776/cv5_grouped_v1/fold_2/test/train__2022-07-15-12__9b6ec5ed.npz,106,AVEL,1,40,AVEL,1,1,1,1.0,0.8547295331954956,0,1,40,1
2022-07-15-12,/home/ubuntu/klb/nuclr/nuclr/Data/Atanas_SF_unified_000776/cv5_grouped_v1/fold_2/test/train__2022-07-15-12__9b6ec5ed.npz,107,ADEL,1,2,ADEL,1,1,1,1.0,0.9456889033317566,0,1,2,1
2022-07-15-12,/home/ubuntu/klb/nuclr/nuclr/Data/Atanas_SF_unified_000776/cv5_grouped_v1/fold_2/test/train__2022-07-15-12__9b6ec5ed.npz,110,URAVL,1,58,CEPVL,4,0,1,0.25,0.0014459713129326701,0,0,58,0
2022-07-15-12,/home/ubuntu/klb/nuclr/nuclr/Data/Atanas_SF_unified_000776/cv5_grouped_v1/fold_2/test/train__2022-07-15-12__9b6ec5ed.npz,111,AWAL,1,48,AWAL,1,1,1,1.0,0.9590188264846802,0,1,48,1
2022-07-15-12,/home/ubuntu/klb/nuclr/nuclr/Data/Atanas_SF_unified_000776/cv5_grouped_v1/fold_2/test/train__2022-07-15-12__9b6ec5ed.npz,112,AIYL,1,15,AIYL,1,1,1,1.0,0.6059289574623108,0,1,15,1
2022-07-15-12,/home/ubuntu/klb/nuclr/nuclr/Data/Atanas_SF_unified_000776/cv5_grouped_v1/fold_2/test/train__2022-07-15-12__9b6ec5ed.npz,113,IL2VL,1,80,IL2VL,1,1,1,1.0,0.9557730555534363,0,1,80,1
2022-07-15-12,/home/ubuntu/klb/nuclr/nuclr/Data/Atanas_SF_unified_000776/cv5_grouped_v1/fold_2/test/train__2022-07-15-12__9b6ec5ed.npz,114,FLPL,1,60,FLPL,1,1,1,1.0,0.9394460320472717,0,1,60,1
2022-07-15-12,/home/ubuntu/klb/nuclr/nuclr/Data/Atanas_SF_unified_000776/cv5_grouped_v1/fold_2/test/train__2022-07-15-12__9b6ec5ed.npz,116,RIAL,1,98,RIAL,1,1,1,1.0,0.8605185747146606,0,1,98,1
2022-07-15-12,/home/ubuntu/klb/nuclr/nuclr/Data/Atanas_SF_unified_000776/cv5_grouped_v1/fold_2/test/train__2022-07-15-12__9b6ec5ed.npz,117,AVAL,1,34,AVAL,1,1,1,1.0,0.9611668586730957,0,1,34,1
2022-07-15-12,/home/ubuntu/klb/nuclr/nuclr/Data/Atanas_SF_unified_000776/cv5_grouped_v1/fold_2/test/train__2022-07-15-12__9b6ec5ed.npz,118,I2L,1,64,I2L,1,1,1,1.0,0.9516745805740356,0,1,64,1
2022-07-15-12,/home/ubuntu/klb/nuclr/nuclr/Data/Atanas_SF_unified_000776/cv5_grouped_v1/fold_2/test/train__2022-07-15-12__9b6ec5ed.npz,119,AIMR,1,11,AIML,4,0,1,0.25,0.014689388684928417,0,0,11,0
2022-07-15-12,/home/ubuntu/klb/nuclr/nuclr/Data/Atanas_SF_unified_000776/cv5_grouped_v1/fold_2/test/train__2022-07-15-12__9b6ec5ed.npz,120,SAAVL,1,128,SAAVL,1,1,1,1.0,0.9210286736488342,0,1,128,1
2022-07-15-12,/home/ubuntu/klb/nuclr/nuclr/Data/Atanas_SF_unified_000776/cv5_grouped_v1/fold_2/test/train__2022-07-15-12__9b6ec5ed.npz,122,URBL,1,143,URBL,1,1,1,1.0,0.9285410046577454,0,1,143,1
2022-07-15-12,/home/ubuntu/klb/nuclr/nuclr/Data/Atanas_SF_unified_000776/cv5_grouped_v1/fold_2/test/train__2022-07-15-12__9b6ec5ed.npz,124,AUAL,1,32,AUAL,1,1,1,1.0,0.9483052492141724,0,1,32,1
2022-07-15-12,/home/ubuntu/klb/nuclr/nuclr/Data/Atanas_SF_unified_000776/cv5_grouped_v1/fold_2/test/train__2022-07-15-12__9b6ec5ed.npz,126,NSMR,1,88,MCR,2,0,1,0.5,0.29419854283332825,0,0,88,0
2022-07-15-12,/home/ubuntu/klb/nuclr/nuclr/Data/Atanas_SF_unified_000776/cv5_grouped_v1/fold_2/test/train__2022-07-15-12__9b6ec5ed.npz,127,IL1VR,1,75,IL1VR,1,1,1,1.0,0.9585168957710266,0,1,75,1
2022-07-15-12,/home/ubuntu/klb/nuclr/nuclr/Data/Atanas_SF_unified_000776/cv5_grouped_v1/fold_2/test/train__2022-07-15-12__9b6ec5ed.npz,130,AINL,1,13,AINL,1,1,1,1.0,0.960706889629364,0,1,13,1
2023-01-06-01,/home/ubuntu/klb/nuclr/nuclr/Data/Atanas_SF_unified_000776/cv5_grouped_v1/fold_2/test/train__2023-01-06-01__2f6875a2.npz,6,URADL,1,139,URADL,1,1,1,1.0,0.9450979828834534,0,1,139,1
2023-01-06-01,/home/ubuntu/klb/nuclr/nuclr/Data/Atanas_SF_unified_000776/cv5_grouped_v1/fold_2/test/train__2023-01-06-01__2f6875a2.npz,8,M5,1,86,M5,1,1,1,1.0,0.7296554446220398,0,1,86,1
2023-01-06-01,/home/ubuntu/klb/nuclr/nuclr/Data/Atanas_SF_unified_000776/cv5_grouped_v1/fold_2/test/train__2023-01-06-01__2f6875a2.npz,11,IL2L,1,83,M3L,2,0,1,0.5,0.09429260343313217,0,0,83,0
2023-01-06-01,/home/ubuntu/klb/nuclr/nuclr/Data/Atanas_SF_unified_000776/cv5_grouped_v1/fold_2/test/train__2023-01-06-01__2f6875a2.npz,12,RMED,1,119,RMED,1,1,1,1.0,0.9408999681472778,0,1,119,1
2023-01-06-01,/home/ubuntu/klb/nuclr/nuclr/Data/Atanas_SF_unified_000776/cv5_grouped_v1/fold_2/test/train__2023-01-06-01__2f6875a2.npz,13,MI,1,89,MI,1,1,1,1.0,0.9559407830238342,0,1,89,1
2023-01-06-01,/home/ubuntu/klb/nuclr/nuclr/Data/Atanas_SF_unified_000776/cv5_grouped_v1/fold_2/test/train__2023-01-06-01__2f6875a2.npz,14,ADEL,1,2,ADEL,1,1,1,1.0,0.40613090991973877,0,1,2,1
2023-01-06-01,/home/ubuntu/klb/nuclr/nuclr/Data/Atanas_SF_unified_000776/cv5_grouped_v1/fold_2/test/train__2023-01-06-01__2f6875a2.npz,15,URYDR,1,148,URYDR,1,1,1,1.0,0.47021719813346863,0,1,148,1
2023-01-06-01,/home/ubuntu/klb/nuclr/nuclr/Data/Atanas_SF_unified_000776/cv5_grouped_v1/fold_2/test/train__2023-01-06-01__2f6875a2.npz,17,M4,1,85,M4,1,1,1,1.0,0.8121223449707031,0,1,85,1
2023-01-06-01,/home/ubuntu/klb/nuclr/nuclr/Data/Atanas_SF_unified_000776/cv5_grouped_v1/fold_2/test/train__2023-01-06-01__2f6875a2.npz,19,OLLR,1,93,OLLR,1,1,1,1.0,0.9325234293937683,0,1,93,1
2023-01-06-01,/home/ubuntu/klb/nuclr/nuclr/Data/Atanas_SF_unified_000776/cv5_grouped_v1/fold_2/test/train__2023-01-06-01__2f6875a2.npz,22,AIZL,1,17,AIZL,1,1,1,1.0,0.9491032958030701,0,1,17,1
2023-01-06-01,/home/ubuntu/klb/nuclr/nuclr/Data/Atanas_SF_unified_000776/cv5_grouped_v1/fold_2/test/train__2023-01-06-01__2f6875a2.npz,26,ASKL,1,4,ADLL,10,0,0,0.1,0.0005099117988720536,0,0,4,0
2023-01-06-01,/home/ubuntu/klb/nuclr/nuclr/Data/Atanas_SF_unified_000776/cv5_grouped_v1/fold_2/test/train__2023-01-06-01__2f6875a2.npz,27,I2L,1,64,I2L,1,1,1,1.0,0.9564017653465271,0,1,64,1
2023-01-06-01,/home/ubuntu/klb/nuclr/nuclr/Data/Atanas_SF_unified_000776/cv5_grouped_v1/fold_2/test/train__2023-01-06-01__2f6875a2.npz,28,URADR,1,144,URBR,3,0,1,0.3333333333333333,0.08413489907979965,0,0,144,0
2023-01-06-01,/home/ubuntu/klb/nuclr/nuclr/Data/Atanas_SF_unified_000776/cv5_grouped_v1/fold_2/test/train__2023-01-06-01__2f6875a2.npz,30,IL2DL,1,76,IL2DL,1,1,1,1.0,0.9531111121177673,0,1,76,1
2023-01-06-01,/home/ubuntu/klb/nuclr/nuclr/Data/Atanas_SF_unified_000776/cv5_grouped_v1/fold_2/test/train__2023-01-06-01__2f6875a2.npz,31,URBL,1,143,URBL,1,1,1,1.0,0.8836399912834167,0,1,143,1
2023-01-06-01,/home/ubuntu/klb/nuclr/nuclr/Data/Atanas_SF_unified_000776/cv5_grouped_v1/fold_2/test/train__2023-01-06-01__2f6875a2.npz,32,FLPL,1,60,FLPL,1,1,1,1.0,0.6419005990028381,0,1,60,1
2023-01-06-01,/home/ubuntu/klb/nuclr/nuclr/Data/Atanas_SF_unified_000776/cv5_grouped_v1/fold_2/test/train__2023-01-06-01__2f6875a2.npz,35,CEPDR,1,57,CEPDR,1,1,1,1.0,0.7129763960838318,0,1,57,1
2023-01-06-01,/home/ubuntu/klb/nuclr/nuclr/Data/Atanas_SF_unified_000776/cv5_grouped_v1/fold_2/test/train__2023-01-06-01__2f6875a2.npz,36,MCL,1,87,MCL,1,1,1,1.0,0.9055681228637695,0,1,87,1
2023-01-06-01,/home/ubuntu/klb/nuclr/nuclr/Data/Atanas_SF_unified_000776/cv5_grouped_v1/fold_2/test/train__2023-01-06-01__2f6875a2.npz,37,ASKR,1,5,ADLR,2,0,1,0.5,0.04914594069123268,0,0,5,0
2023-01-06-01,/home/ubuntu/klb/nuclr/nuclr/Data/Atanas_SF_unified_000776/cv5_grouped_v1/fold_2/test/train__2023-01-06-01__2f6875a2.npz,38,IL1VR,1,75,IL1VR,1,1,1,1.0,0.9053785800933838,0,1,75,1
2023-01-06-01,/home/ubuntu/klb/nuclr/nuclr/Data/Atanas_SF_unified_000776/cv5_grouped_v1/fold_2/test/train__2023-01-06-01__2f6875a2.npz,39,RIVL,1,111,RIVL,1,1,1,1.0,0.9497936964035034,0,1,111,1
2023-01-06-01,/home/ubuntu/klb/nuclr/nuclr/Data/Atanas_SF_unified_000776/cv5_grouped_v1/fold_2/test/train__2023-01-06-01__2f6875a2.npz,40,M3L,1,84,M3R,2,0,1,0.5,0.012413970194756985,0,0,84,0
2023-01-06-01,/home/ubuntu/klb/nuclr/nuclr/Data/Atanas_SF_unified_000776/cv5_grouped_v1/fold_2/test/train__2023-01-06-01__2f6875a2.npz,44,AVAR,1,35,AVAR,1,1,1,1.0,0.7084997892379761,0,1,35,1
2023-01-06-01,/home/ubuntu/klb/nuclr/nuclr/Data/Atanas_SF_unified_000776/cv5_grouped_v1/fold_2/test/train__2023-01-06-01__2f6875a2.npz,45,RMDL,1,135,SMDDL,2,0,1,0.5,0.074189193546772,0,0,135,0
2023-01-06-01,/home/ubuntu/klb/nuclr/nuclr/Data/Atanas_SF_unified_000776/cv5_grouped_v1/fold_2/test/train__2023-01-06-01__2f6875a2.npz,47,SMDVL,1,137,SMDVL,1,1,1,1.0,0.5238413214683533,0,1,137,1
2023-01-06-01,/home/ubuntu/klb/nuclr/nuclr/Data/Atanas_SF_unified_000776/cv5_grouped_v1/fold_2/test/train__2023-01-06-01__2f6875a2.npz,48,SAAVL,1,98,RIAL,5,0,1,0.2,0.0010495070600882173,0,0,98,0
2023-01-06-01,/home/ubuntu/klb/nuclr/nuclr/Data/Atanas_SF_unified_000776/cv5_grouped_v1/fold_2/test/train__2023-01-06-01__2f6875a2.npz,49,CEPDL,1,56,CEPDL,1,1,1,1.0,0.8883116245269775,0,1,56,1
2023-01-06-01,/home/ubuntu/klb/nuclr/nuclr/Data/Atanas_SF_unified_000776/cv5_grouped_v1/fold_2/test/train__2023-01-06-01__2f6875a2.npz,53,RID,1,104,RID,1,1,1,1.0,0.8442437648773193,0,1,104,1
2023-01-06-01,/home/ubuntu/klb/nuclr/nuclr/Data/Atanas_SF_unified_000776/cv5_grouped_v1/fold_2/test/train__2023-01-06-01__2f6875a2.npz,54,RIH,1,105,RIH,1,1,1,1.0,0.9143651127815247,0,1,105,1
2023-01-06-01,/home/ubuntu/klb/nuclr/nuclr/Data/Atanas_SF_unified_000776/cv5_grouped_v1/fold_2/test/train__2023-01-06-01__2f6875a2.npz,56,AINL,1,13,AINL,1,1,1,1.0,0.9200529456138611,0,1,13,1
2023-01-06-01,/home/ubuntu/klb/nuclr/nuclr/Data/Atanas_SF_unified_000776/cv5_grouped_v1/fold_2/test/train__2023-01-06-01__2f6875a2.npz,57,OLQDL,1,147,URYDL,5,0,1,0.2,0.02387186884880066,0,0,147,0
2023-01-06-01,/home/ubuntu/klb/nuclr/nuclr/Data/Atanas_SF_unified_000776/cv5_grouped_v1/fold_2/test/train__2023-01-06-01__2f6875a2.npz,60,IL1L,1,72,IL1L,1,1,1,1.0,0.755308985710144,0,1,72,1
2023-01-06-01,/home/ubuntu/klb/nuclr/nuclr/Data/Atanas_SF_unified_000776/cv5_grouped_v1/fold_2/test/train__2023-01-06-01__2f6875a2.npz,63,RICL,1,67,I4,2,0,1,0.5,0.008318448439240456,1,0,67,0
2023-01-06-01,/home/ubuntu/klb/nuclr/nuclr/Data/Atanas_SF_unified_000776/cv5_grouped_v1/fold_2/test/train__2023-01-06-01__2f6875a2.npz,66,AUAL,1,32,AUAL,1,1,1,1.0,0.7439529895782471,0,1,32,1
2023-01-06-01,/home/ubuntu/klb/nuclr/nuclr/Data/Atanas_SF_unified_000776/cv5_grouped_v1/fold_2/test/train__2023-01-06-01__2f6875a2.npz,67,AVDL,1,38,AVDL,1,1,1,1.0,0.8227492570877075,0,1,38,1
2023-01-06-01,/home/ubuntu/klb/nuclr/nuclr/Data/Atanas_SF_unified_000776/cv5_grouped_v1/fold_2/test/train__2023-01-06-01__2f6875a2.npz,68,AIBL,1,9,AIBL,1,1,1,1.0,0.831469714641571,0,1,9,1
2023-01-06-01,/home/ubuntu/klb/nuclr/nuclr/Data/Atanas_SF_unified_000776/cv5_grouped_v1/fold_2/test/train__2023-01-06-01__2f6875a2.npz,69,SMDVR,1,138,SMDVR,1,1,1,1.0,0.6355476975440979,0,1,138,1
2023-01-06-01,/home/ubuntu/klb/nuclr/nuclr/Data/Atanas_SF_unified_000776/cv5_grouped_v1/fold_2/test/train__2023-01-06-01__2f6875a2.npz,71,IL1R,1,79,IL2R,2,0,1,0.5,0.3973451852798462,0,0,79,0
2023-01-06-01,/home/ubuntu/klb/nuclr/nuclr/Data/Atanas_SF_unified_000776/cv5_grouped_v1/fold_2/test/train__2023-01-06-01__2f6875a2.npz,72,URXR,1,146,URXR,1,1,1,1.0,0.7084007859230042,0,1,146,1
2023-01-06-01,/home/ubuntu/klb/nuclr/nuclr/Data/Atanas_SF_unified_000776/cv5_grouped_v1/fold_2/test/train__2023-01-06-01__2f6875a2.npz,73,URAVL,1,149,URYVL,8,0,0,0.125,4.069102487846976e-06,0,0,149,0
2023-01-06-01,/home/ubuntu/klb/nuclr/nuclr/Data/Atanas_SF_unified_000776/cv5_grouped_v1/fold_2/test/train__2023-01-06-01__2f6875a2.npz,74,ASEL,1,21,ASEL,1,1,1,1.0,0.5021072626113892,0,1,21,1
2023-01-06-01,/home/ubuntu/klb/nuclr/nuclr/Data/Atanas_SF_unified_000776/cv5_grouped_v1/fold_2/test/train__2023-01-06-01__2f6875a2.npz,77,AVAL,1,34,AVAL,1,1,1,1.0,0.9533756375312805,0,1,34,1
2023-01-06-01,/home/ubuntu/klb/nuclr/nuclr/Data/Atanas_SF_unified_000776/cv5_grouped_v1/fold_2/test/train__2023-01-06-01__2f6875a2.npz,78,AVER,1,41,AVER,1,1,1,1.0,0.5618515014648438,0,1,41,1
2023-01-06-01,/home/ubuntu/klb/nuclr/nuclr/Data/Atanas_SF_unified_000776/cv5_grouped_v1/fold_2/test/train__2023-01-06-01__2f6875a2.npz,79,CEPVL,1,58,CEPVL,1,1,1,1.0,0.7961210012435913,0,1,58,1
2023-01-06-01,/home/ubuntu/klb/nuclr/nuclr/Data/Atanas_SF_unified_000776/cv5_grouped_v1/fold_2/test/train__2023-01-06-01__2f6875a2.npz,82,RMGL,1,124,RMGL,1,1,1,1.0,0.7236131429672241,0,1,124,1
2023-01-06-01,/home/ubuntu/klb/nuclr/nuclr/Data/Atanas_SF_unified_000776/cv5_grouped_v1/fold_2/test/train__2023-01-06-01__2f6875a2.npz,84,RMDVR,1,118,RMDVR,1,1,1,1.0,0.48744910955429077,0,1,118,1
2023-01-06-01,/home/ubuntu/klb/nuclr/nuclr/Data/Atanas_SF_unified_000776/cv5_grouped_v1/fold_2/test/train__2023-01-06-01__2f6875a2.npz,86,I3,1,66,I3,1,1,1,1.0,0.9556340575218201,0,1,66,1
2023-01-06-01,/home/ubuntu/klb/nuclr/nuclr/Data/Atanas_SF_unified_000776/cv5_grouped_v1/fold_2/test/train__2023-01-06-01__2f6875a2.npz,87,RMDVL,1,52,AWCL,2,0,1,0.5,0.1579902321100235,0,0,52,0
2023-01-06-01,/home/ubuntu/klb/nuclr/nuclr/Data/Atanas_SF_unified_000776/cv5_grouped_v1/fold_2/test/train__2023-01-06-01__2f6875a2.npz,88,RMEL,1,120,RMEL,1,1,1,1.0,0.6635255813598633,0,1,120,1
2023-01-06-01,/home/ubuntu/klb/nuclr/nuclr/Data/Atanas_SF_unified_000776/cv5_grouped_v1/fold_2/test/train__2023-01-06-01__2f6875a2.npz,89,RMER,1,121,RMER,1,1,1,1.0,0.9542097449302673,0,1,121,1
2023-01-06-01,/home/ubuntu/klb/nuclr/nuclr/Data/Atanas_SF_unified_000776/cv5_grouped_v1/fold_2/test/train__2023-01-06-01__2f6875a2.npz,90,AVEL,1,40,AVEL,1,1,1,1.0,0.8788765072822571,0,1,40,1
2023-01-06-01,/home/ubuntu/klb/nuclr/nuclr/Data/Atanas_SF_unified_000776/cv5_grouped_v1/fold_2/test/train__2023-01-06-01__2f6875a2.npz,93,RMDDR,1,39,AVDR,5,0,1,0.2,0.00086347630713135,0,0,39,0
2023-01-06-01,/home/ubuntu/klb/nuclr/nuclr/Data/Atanas_SF_unified_000776/cv5_grouped_v1/fold_2/test/train__2023-01-06-01__2f6875a2.npz,94,I1R,1,63,I1R,1,1,1,1.0,0.9561929106712341,0,1,63,1
2023-01-06-01,/home/ubuntu/klb/nuclr/nuclr/Data/Atanas_SF_unified_000776/cv5_grouped_v1/fold_2/test/train__2023-01-06-01__2f6875a2.npz,96,SMBVR,1,12,AIMR,11,0,0,0.09090909090909091,7.115877815522254e-05,0,0,12,0
2023-01-06-01,/home/ubuntu/klb/nuclr/nuclr/Data/Atanas_SF_unified_000776/cv5_grouped_v1/fold_2/test/train__2023-01-06-01__2f6875a2.npz,97,I1L,1,62,I1L,1,1,1,1.0,0.9376572966575623,0,1,62,1
2023-01-06-01,/home/ubuntu/klb/nuclr/nuclr/Data/Atanas_SF_unified_000776/cv5_grouped_v1/fold_2/test/train__2023-01-06-01__2f6875a2.npz,98,RMDDL,1,16,AIYR,28,0,0,0.03571428571428571,3.2505398372961736e-09,0,0,16,0
2023-01-06-01,/home/ubuntu/klb/nuclr/nuclr/Data/Atanas_SF_unified_000776/cv5_grouped_v1/fold_2/test/train__2023-01-06-01__2f6875a2.npz,99,IL1VL,1,81,IL2VR,2,0,1,0.5,0.20875076949596405,0,0,81,0
2023-01-06-01,/home/ubuntu/klb/nuclr/nuclr/Data/Atanas_SF_unified_000776/cv5_grouped_v1/fold_2/test/train__2023-01-06-01__2f6875a2.npz,101,ADAL,1,0,ADAL,1,1,1,1.0,0.3917531371116638,0,1,0,1
2023-01-06-01,/home/ubuntu/klb/nuclr/nuclr/Data/Atanas_SF_unified_000776/cv5_grouped_v1/fold_2/test/train__2023-01-06-01__2f6875a2.npz,103,NSML,1,90,NSML,1,1,1,1.0,0.9026421904563904,0,1,90,1
2023-01-06-01,/home/ubuntu/klb/nuclr/nuclr/Data/Atanas_SF_unified_000776/cv5_grouped_v1/fold_2/test/train__2023-01-06-01__2f6875a2.npz,105,IL2DR,1,77,IL2DR,1,1,1,1.0,0.9561459422111511,0,1,77,1
2023-01-06-01,/home/ubuntu/klb/nuclr/nuclr/Data/Atanas_SF_unified_000776/cv5_grouped_v1/fold_2/test/train__2023-01-06-01__2f6875a2.npz,106,URYVR,1,116,RMDR,2,0,1,0.5,0.4634861648082733,0,0,116,0
2023-01-06-01,/home/ubuntu/klb/nuclr/nuclr/Data/Atanas_SF_unified_000776/cv5_grouped_v1/fold_2/test/train__2023-01-06-01__2f6875a2.npz,107,AWBL,1,25,ASHL,2,0,1,0.5,0.35077545046806335,0,0,25,0
2023-01-06-01,/home/ubuntu/klb/nuclr/nuclr/Data/Atanas_SF_unified_000776/cv5_grouped_v1/fold_2/test/train__2023-01-06-01__2f6875a2.npz,108,OLQDR,1,95,OLQDR,1,1,1,1.0,0.8082274794578552,0,1,95,1
2023-01-06-01,/home/ubuntu/klb/nuclr/nuclr/Data/Atanas_SF_unified_000776/cv5_grouped_v1/fold_2/test/train__2023-01-06-01__2f6875a2.npz,109,IL1DL,1,70,IL1DL,1,1,1,1.0,0.5250892043113708,0,1,70,1
2023-01-06-01,/home/ubuntu/klb/nuclr/nuclr/Data/Atanas_SF_unified_000776/cv5_grouped_v1/fold_2/test/train__2023-01-06-01__2f6875a2.npz,116,OLQVL,1,96,OLQVL,1,1,1,1.0,0.8313182592391968,0,1,96,1
2023-01-06-01,/home/ubuntu/klb/nuclr/nuclr/Data/Atanas_SF_unified_000776/cv5_grouped_v1/fold_2/test/train__2023-01-06-01__2f6875a2.npz,117,RMDR,1,130,SIBDR,6,0,0,0.16666666666666666,0.0020653181709349155,0,0,130,0
2023-01-06-01,/home/ubuntu/klb/nuclr/nuclr/Data/Atanas_SF_unified_000776/cv5_grouped_v1/fold_2/test/train__2023-01-06-01__2f6875a2.npz,120,RIAR,1,49,AWAR,2,0,1,0.5,0.3435341715812683,0,0,49,0
2023-01-06-01,/home/ubuntu/klb/nuclr/nuclr/Data/Atanas_SF_unified_000776/cv5_grouped_v1/fold_2/test/train__2023-01-06-01__2f6875a2.npz,121,OLLL,1,92,OLLL,1,1,1,1.0,0.9388446807861328,0,1,92,1
2023-01-06-01,/home/ubuntu/klb/nuclr/nuclr/Data/Atanas_SF_unified_000776/cv5_grouped_v1/fold_2/test/train__2023-01-06-01__2f6875a2.npz,122,IL1DR,1,71,IL1DR,1,1,1,1.0,0.5504740476608276,0,1,71,1
2023-01-06-01,/home/ubuntu/klb/nuclr/nuclr/Data/Atanas_SF_unified_000776/cv5_grouped_v1/fold_2/test/train__2023-01-06-01__2f6875a2.npz,123,AWCL,1,113,RMDDL,2,0,1,0.5,0.03151813894510269,0,0,113,0
2023-01-06-01,/home/ubuntu/klb/nuclr/nuclr/Data/Atanas_SF_unified_000776/cv5_grouped_v1/fold_2/test/train__2023-01-06-01__2f6875a2.npz,124,URXL,1,145,URXL,1,1,1,1.0,0.9222543835639954,0,1,145,1
2023-01-06-01,/home/ubuntu/klb/nuclr/nuclr/Data/Atanas_SF_unified_000776/cv5_grouped_v1/fold_2/test/train__2023-01-06-01__2f6875a2.npz,126,AVJL,1,43,AVJL,1,1,1,1.0,0.6540015339851379,0,1,43,1
2023-01-06-01,/home/ubuntu/klb/nuclr/nuclr/Data/Atanas_SF_unified_000776/cv5_grouped_v1/fold_2/test/train__2023-01-06-01__2f6875a2.npz,127,AWAR,1,44,AVJR,40,0,0,0.025,3.756590177816932e-11,0,0,44,0
2023-01-06-01,/home/ubuntu/klb/nuclr/nuclr/Data/Atanas_SF_unified_000776/cv5_grouped_v1/fold_2/test/train__2023-01-06-01__2f6875a2.npz,128,CEPVR,1,59,CEPVR,1,1,1,1.0,0.3770965039730072,0,1,59,1
2023-01-06-08,/home/ubuntu/klb/nuclr/nuclr/Data/Atanas_SF_unified_000776/cv5_grouped_v1/fold_2/test/train__2023-01-06-08__f954f0e6.npz,1,ASIL,1,27,ASIL,1,1,1,1.0,0.8807454109191895,0,1,27,1
2023-01-06-08,/home/ubuntu/klb/nuclr/nuclr/Data/Atanas_SF_unified_000776/cv5_grouped_v1/fold_2/test/train__2023-01-06-08__f954f0e6.npz,4,RMER,1,121,RMER,1,1,1,1.0,0.9592379331588745,0,1,121,1
2023-01-06-08,/home/ubuntu/klb/nuclr/nuclr/Data/Atanas_SF_unified_000776/cv5_grouped_v1/fold_2/test/train__2023-01-06-08__f954f0e6.npz,5,URAVL,1,149,URYVL,3,0,1,0.3333333333333333,0.03572271391749382,0,0,149,0
2023-01-06-08,/home/ubuntu/klb/nuclr/nuclr/Data/Atanas_SF_unified_000776/cv5_grouped_v1/fold_2/test/train__2023-01-06-08__f954f0e6.npz,6,IL2R,1,79,IL2R,1,1,1,1.0,0.9557560682296753,0,1,79,1
2023-01-06-08,/home/ubuntu/klb/nuclr/nuclr/Data/Atanas_SF_unified_000776/cv5_grouped_v1/fold_2/test/train__2023-01-06-08__f954f0e6.npz,7,I1L,1,62,I1L,1,1,1,1.0,0.9242371916770935,0,1,62,1
2023-01-06-08,/home/ubuntu/klb/nuclr/nuclr/Data/Atanas_SF_unified_000776/cv5_grouped_v1/fold_2/test/train__2023-01-06-08__f954f0e6.npz,10,RMDDL,1,135,SMDDL,2,0,1,0.5,0.2859549820423126,0,0,135,0
2023-01-06-08,/home/ubuntu/klb/nuclr/nuclr/Data/Atanas_SF_unified_000776/cv5_grouped_v1/fold_2/test/train__2023-01-06-08__f954f0e6.npz,11,RIVL,1,111,RIVL,1,1,1,1.0,0.8951484560966492,0,1,111,1
2023-01-06-08,/home/ubuntu/klb/nuclr/nuclr/Data/Atanas_SF_unified_000776/cv5_grouped_v1/fold_2/test/train__2023-01-06-08__f954f0e6.npz,13,URYDR,1,148,URYDR,1,1,1,1.0,0.7506191730499268,0,1,148,1
2023-01-06-08,/home/ubuntu/klb/nuclr/nuclr/Data/Atanas_SF_unified_000776/cv5_grouped_v1/fold_2/test/train__2023-01-06-08__f954f0e6.npz,14,IL2VL,1,80,IL2VL,1,1,1,1.0,0.7034857273101807,0,1,80,1
2023-01-06-08,/home/ubuntu/klb/nuclr/nuclr/Data/Atanas_SF_unified_000776/cv5_grouped_v1/fold_2/test/train__2023-01-06-08__f954f0e6.npz,17,IL2DL,1,76,IL2DL,1,1,1,1.0,0.8743478059768677,0,1,76,1
2023-01-06-08,/home/ubuntu/klb/nuclr/nuclr/Data/Atanas_SF_unified_000776/cv5_grouped_v1/fold_2/test/train__2023-01-06-08__f954f0e6.npz,18,IL2VR,1,81,IL2VR,1,1,1,1.0,0.9592593908309937,0,1,81,1
2023-01-06-08,/home/ubuntu/klb/nuclr/nuclr/Data/Atanas_SF_unified_000776/cv5_grouped_v1/fold_2/test/train__2023-01-06-08__f954f0e6.npz,19,VB02,1,20,AQR,8,0,0,0.125,9.212493750965223e-06,0,0,20,0
2023-01-06-08,/home/ubuntu/klb/nuclr/nuclr/Data/Atanas_SF_unified_000776/cv5_grouped_v1/fold_2/test/train__2023-01-06-08__f954f0e6.npz,21,ADEL,1,60,FLPL,2,0,1,0.5,0.26127684116363525,0,0,60,0
2023-01-06-08,/home/ubuntu/klb/nuclr/nuclr/Data/Atanas_SF_unified_000776/cv5_grouped_v1/fold_2/test/train__2023-01-06-08__f954f0e6.npz,23,URXL,1,57,CEPDR,3,0,1,0.3333333333333333,0.09678243845701218,1,0,145,1
2023-01-06-08,/home/ubuntu/klb/nuclr/nuclr/Data/Atanas_SF_unified_000776/cv5_grouped_v1/fold_2/test/train__2023-01-06-08__f954f0e6.npz,24,MCL,1,89,MI,2,0,1,0.5,0.31578144431114197,0,0,89,0
2023-01-06-08,/home/ubuntu/klb/nuclr/nuclr/Data/Atanas_SF_unified_000776/cv5_grouped_v1/fold_2/test/train__2023-01-06-08__f954f0e6.npz,25,SMDVR,1,138,SMDVR,1,1,1,1.0,0.9330499172210693,0,1,138,1
2023-01-06-08,/home/ubuntu/klb/nuclr/nuclr/Data/Atanas_SF_unified_000776/cv5_grouped_v1/fold_2/test/train__2023-01-06-08__f954f0e6.npz,26,I2R,1,65,I2R,1,1,1,1.0,0.9567450881004333,0,1,65,1
2023-01-06-08,/home/ubuntu/klb/nuclr/nuclr/Data/Atanas_SF_unified_000776/cv5_grouped_v1/fold_2/test/train__2023-01-06-08__f954f0e6.npz,29,IL2DR,1,77,IL2DR,1,1,1,1.0,0.950944721698761,0,1,77,1
2023-01-06-08,/home/ubuntu/klb/nuclr/nuclr/Data/Atanas_SF_unified_000776/cv5_grouped_v1/fold_2/test/train__2023-01-06-08__f954f0e6.npz,30,URBL,1,143,URBL,1,1,1,1.0,0.6050602197647095,0,1,143,1
2023-01-06-08,/home/ubuntu/klb/nuclr/nuclr/Data/Atanas_SF_unified_000776/cv5_grouped_v1/fold_2/test/train__2023-01-06-08__f954f0e6.npz,32,M3R,1,84,M3R,1,1,1,1.0,0.9578360915184021,0,1,84,1
2023-01-06-08,/home/ubuntu/klb/nuclr/nuclr/Data/Atanas_SF_unified_000776/cv5_grouped_v1/fold_2/test/train__2023-01-06-08__f954f0e6.npz,34,AWCR,1,53,AWCR,1,1,1,1.0,0.8619550466537476,0,1,53,1
2023-01-06-08,/home/ubuntu/klb/nuclr/nuclr/Data/Atanas_SF_unified_000776/cv5_grouped_v1/fold_2/test/train__2023-01-06-08__f954f0e6.npz,35,SAAVR,1,129,SAAVR,1,1,1,1.0,0.25072818994522095,1,0,129,1
2023-01-06-08,/home/ubuntu/klb/nuclr/nuclr/Data/Atanas_SF_unified_000776/cv5_grouped_v1/fold_2/test/train__2023-01-06-08__f954f0e6.npz,37,AIZL,1,32,AUAL,2,0,1,0.5,0.16891580820083618,0,0,32,0
2023-01-06-08,/home/ubuntu/klb/nuclr/nuclr/Data/Atanas_SF_unified_000776/cv5_grouped_v1/fold_2/test/train__2023-01-06-08__f954f0e6.npz,38,AUAL,1,100,RIBL,14,0,0,0.07142857142857142,3.567844942153897e-06,1,0,100,0
2023-01-06-08,/home/ubuntu/klb/nuclr/nuclr/Data/Atanas_SF_unified_000776/cv5_grouped_v1/fold_2/test/train__2023-01-06-08__f954f0e6.npz,39,ASGR,1,52,AWCL,119,0,0,0.008403361344537815,1.4305284260958906e-18,0,0,52,0
2023-01-06-08,/home/ubuntu/klb/nuclr/nuclr/Data/Atanas_SF_unified_000776/cv5_grouped_v1/fold_2/test/train__2023-01-06-08__f954f0e6.npz,40,URYDL,1,147,URYDL,1,1,1,1.0,0.5142253637313843,0,1,147,1
2023-01-06-08,/home/ubuntu/klb/nuclr/nuclr/Data/Atanas_SF_unified_000776/cv5_grouped_v1/fold_2/test/train__2023-01-06-08__f954f0e6.npz,41,RIBL,1,36,AVBL,4,0,1,0.25,0.008474310860037804,0,0,36,0
2023-01-06-08,/home/ubuntu/klb/nuclr/nuclr/Data/Atanas_SF_unified_000776/cv5_grouped_v1/fold_2/test/train__2023-01-06-08__f954f0e6.npz,43,I2L,1,64,I2L,1,1,1,1.0,0.7812916040420532,0,1,64,1
2023-01-06-08,/home/ubuntu/klb/nuclr/nuclr/Data/Atanas_SF_unified_000776/cv5_grouped_v1/fold_2/test/train__2023-01-06-08__f954f0e6.npz,44,CEPDR,1,146,URXR,4,0,1,0.25,0.001003644079901278,0,0,146,0
2023-01-06-08,/home/ubuntu/klb/nuclr/nuclr/Data/Atanas_SF_unified_000776/cv5_grouped_v1/fold_2/test/train__2023-01-06-08__f954f0e6.npz,45,M3L,1,83,M3L,1,1,1,1.0,0.9514014720916748,0,1,83,1
2023-01-06-08,/home/ubuntu/klb/nuclr/nuclr/Data/Atanas_SF_unified_000776/cv5_grouped_v1/fold_2/test/train__2023-01-06-08__f954f0e6.npz,46,IL2L,1,78,IL2L,1,1,1,1.0,0.39737677574157715,0,1,78,1
2023-01-06-08,/home/ubuntu/klb/nuclr/nuclr/Data/Atanas_SF_unified_000776/cv5_grouped_v1/fold_2/test/train__2023-01-06-08__f954f0e6.npz,47,AIZR,1,33,AUAR,17,0,0,0.058823529411764705,9.119365131482482e-06,0,0,33,0
2023-01-06-08,/home/ubuntu/klb/nuclr/nuclr/Data/Atanas_SF_unified_000776/cv5_grouped_v1/fold_2/test/train__2023-01-06-08__f954f0e6.npz,50,I3,1,66,I3,1,1,1,1.0,0.9117262363433838,0,1,66,1
2023-01-06-08,/home/ubuntu/klb/nuclr/nuclr/Data/Atanas_SF_unified_000776/cv5_grouped_v1/fold_2/test/train__2023-01-06-08__f954f0e6.npz,51,IL1DL,1,70,IL1DL,1,1,1,1.0,0.8894020915031433,0,1,70,1
2023-01-06-08,/home/ubuntu/klb/nuclr/nuclr/Data/Atanas_SF_unified_000776/cv5_grouped_v1/fold_2/test/train__2023-01-06-08__f954f0e6.npz,52,FLPL,1,60,FLPL,1,1,1,1.0,0.2557351589202881,1,0,102,0
2023-01-06-08,/home/ubuntu/klb/nuclr/nuclr/Data/Atanas_SF_unified_000776/cv5_grouped_v1/fold_2/test/train__2023-01-06-08__f954f0e6.npz,53,AIBR,1,41,AVER,2,0,1,0.5,0.3665083944797516,0,0,41,0
2023-01-06-08,/home/ubuntu/klb/nuclr/nuclr/Data/Atanas_SF_unified_000776/cv5_grouped_v1/fold_2/test/train__2023-01-06-08__f954f0e6.npz,54,I1R,1,63,I1R,1,1,1,1.0,0.9586466550827026,0,1,63,1
2023-01-06-08,/home/ubuntu/klb/nuclr/nuclr/Data/Atanas_SF_unified_000776/cv5_grouped_v1/fold_2/test/train__2023-01-06-08__f954f0e6.npz,55,AVKL,1,124,RMGL,3,0,1,0.3333333333333333,0.04795272275805473,0,0,124,0
2023-01-06-08,/home/ubuntu/klb/nuclr/nuclr/Data/Atanas_SF_unified_000776/cv5_grouped_v1/fold_2/test/train__2023-01-06-08__f954f0e6.npz,56,AVER,1,116,RMDR,2,0,1,0.5,0.13272415101528168,0,0,116,0
2023-01-06-08,/home/ubuntu/klb/nuclr/nuclr/Data/Atanas_SF_unified_000776/cv5_grouped_v1/fold_2/test/train__2023-01-06-08__f954f0e6.npz,61,AVDL,1,38,AVDL,1,1,1,1.0,0.8078302145004272,0,1,38,1
2023-01-06-08,/home/ubuntu/klb/nuclr/nuclr/Data/Atanas_SF_unified_000776/cv5_grouped_v1/fold_2/test/train__2023-01-06-08__f954f0e6.npz,62,RICL,1,17,AIZL,2,0,1,0.5,0.08102798461914062,0,0,17,0
2023-01-06-08,/home/ubuntu/klb/nuclr/nuclr/Data/Atanas_SF_unified_000776/cv5_grouped_v1/fold_2/test/train__2023-01-06-08__f954f0e6.npz,63,AVKR,1,103,RICR,6,0,0,0.16666666666666666,4.1986542782979086e-05,0,0,103,0
2023-01-06-08,/home/ubuntu/klb/nuclr/nuclr/Data/Atanas_SF_unified_000776/cv5_grouped_v1/fold_2/test/train__2023-01-06-08__f954f0e6.npz,64,CEPDL,1,56,CEPDL,1,1,1,1.0,0.6680211424827576,0,1,56,1
2023-01-06-08,/home/ubuntu/klb/nuclr/nuclr/Data/Atanas_SF_unified_000776/cv5_grouped_v1/fold_2/test/train__2023-01-06-08__f954f0e6.npz,66,RIVR,1,112,RIVR,1,1,1,1.0,0.43835577368736267,0,1,112,1
2023-01-06-08,/home/ubuntu/klb/nuclr/nuclr/Data/Atanas_SF_unified_000776/cv5_grouped_v1/fold_2/test/train__2023-01-06-08__f954f0e6.npz,68,AWBL,1,50,AWBL,1,1,1,1.0,0.896471381187439,0,1,50,1
2023-01-06-08,/home/ubuntu/klb/nuclr/nuclr/Data/Atanas_SF_unified_000776/cv5_grouped_v1/fold_2/test/train__2023-01-06-08__f954f0e6.npz,69,AINL,1,13,AINL,1,1,1,1.0,0.9166823029518127,0,1,13,1
2023-01-06-08,/home/ubuntu/klb/nuclr/nuclr/Data/Atanas_SF_unified_000776/cv5_grouped_v1/fold_2/test/train__2023-01-06-08__f954f0e6.npz,70,IL1R,1,73,IL1R,1,1,1,1.0,0.7873886227607727,0,1,73,1
2023-01-06-08,/home/ubuntu/klb/nuclr/nuclr/Data/Atanas_SF_unified_000776/cv5_grouped_v1/fold_2/test/train__2023-01-06-08__f954f0e6.npz,72,AIML,1,15,AIYL,6,0,0,0.16666666666666666,0.003965410869568586,0,0,15,0
2023-01-06-08,/home/ubuntu/klb/nuclr/nuclr/Data/Atanas_SF_unified_000776/cv5_grouped_v1/fold_2/test/train__2023-01-06-08__f954f0e6.npz,73,AWCL,1,115,RMDL,2,0,1,0.5,0.20681120455265045,0,0,58,0
2023-01-06-08,/home/ubuntu/klb/nuclr/nuclr/Data/Atanas_SF_unified_000776/cv5_grouped_v1/fold_2/test/train__2023-01-06-08__f954f0e6.npz,74,IL1VL,1,74,IL1VL,1,1,1,1.0,0.30342668294906616,0,1,74,1
2023-01-06-08,/home/ubuntu/klb/nuclr/nuclr/Data/Atanas_SF_unified_000776/cv5_grouped_v1/fold_2/test/train__2023-01-06-08__f954f0e6.npz,75,OLQDL,1,94,OLQDL,1,1,1,1.0,0.30937066674232483,0,1,94,1
2023-01-06-08,/home/ubuntu/klb/nuclr/nuclr/Data/Atanas_SF_unified_000776/cv5_grouped_v1/fold_2/test/train__2023-01-06-08__f954f0e6.npz,76,IL1VR,1,75,IL1VR,1,1,1,1.0,0.9581111073493958,0,1,75,1
2023-01-06-08,/home/ubuntu/klb/nuclr/nuclr/Data/Atanas_SF_unified_000776/cv5_grouped_v1/fold_2/test/train__2023-01-06-08__f954f0e6.npz,78,OLLL,1,92,OLLL,1,1,1,1.0,0.936053454875946,0,1,92,1
2023-01-06-08,/home/ubuntu/klb/nuclr/nuclr/Data/Atanas_SF_unified_000776/cv5_grouped_v1/fold_2/test/train__2023-01-06-08__f954f0e6.npz,79,OLLR,1,93,OLLR,1,1,1,1.0,0.8324626088142395,0,1,93,1
2023-01-06-08,/home/ubuntu/klb/nuclr/nuclr/Data/Atanas_SF_unified_000776/cv5_grouped_v1/fold_2/test/train__2023-01-06-08__f954f0e6.npz,81,ASHL,1,25,ASHL,1,1,1,1.0,0.7430403828620911,0,1,25,1
2023-01-06-08,/home/ubuntu/klb/nuclr/nuclr/Data/Atanas_SF_unified_000776/cv5_grouped_v1/fold_2/test/train__2023-01-06-08__f954f0e6.npz,83,AIBL,1,9,AIBL,1,1,1,1.0,0.7631714940071106,0,1,9,1
2023-01-06-08,/home/ubuntu/klb/nuclr/nuclr/Data/Atanas_SF_unified_000776/cv5_grouped_v1/fold_2/test/train__2023-01-06-08__f954f0e6.npz,84,ASEL,1,21,ASEL,1,1,1,1.0,0.9097524285316467,0,1,21,1
2023-01-06-08,/home/ubuntu/klb/nuclr/nuclr/Data/Atanas_SF_unified_000776/cv5_grouped_v1/fold_2/test/train__2023-01-06-08__f954f0e6.npz,85,RIAL,1,98,RIAL,1,1,1,1.0,0.9510757327079773,0,1,98,1
2023-01-06-08,/home/ubuntu/klb/nuclr/nuclr/Data/Atanas_SF_unified_000776/cv5_grouped_v1/fold_2/test/train__2023-01-06-08__f954f0e6.npz,86,AVAL,1,34,AVAL,1,1,1,1.0,0.8734939694404602,0,1,34,1
2023-01-06-08,/home/ubuntu/klb/nuclr/nuclr/Data/Atanas_SF_unified_000776/cv5_grouped_v1/fold_2/test/train__2023-01-06-08__f954f0e6.npz,88,NSML,1,139,URADL,8,0,0,0.125,0.0013327786000445485,0,0,139,0
2023-01-06-08,/home/ubuntu/klb/nuclr/nuclr/Data/Atanas_SF_unified_000776/cv5_grouped_v1/fold_2/test/train__2023-01-06-08__f954f0e6.npz,89,NSMR,1,91,NSMR,1,1,1,1.0,0.915579617023468,0,1,91,1
2023-01-06-08,/home/ubuntu/klb/nuclr/nuclr/Data/Atanas_SF_unified_000776/cv5_grouped_v1/fold_2/test/train__2023-01-06-08__f954f0e6.npz,90,IL1DR,1,71,IL1DR,1,1,1,1.0,0.8588988780975342,0,1,71,1
2023-01-06-08,/home/ubuntu/klb/nuclr/nuclr/Data/Atanas_SF_unified_000776/cv5_grouped_v1/fold_2/test/train__2023-01-06-08__f954f0e6.npz,91,RIML,1,34,AVAL,9,0,0,0.1111111111111111,0.0007869388209655881,1,0,101,0
2023-01-06-08,/home/ubuntu/klb/nuclr/nuclr/Data/Atanas_SF_unified_000776/cv5_grouped_v1/fold_2/test/train__2023-01-06-08__f954f0e6.npz,92,AVAR,1,35,AVAR,1,1,1,1.0,0.9146515130996704,0,1,35,1
2023-01-06-08,/home/ubuntu/klb/nuclr/nuclr/Data/Atanas_SF_unified_000776/cv5_grouped_v1/fold_2/test/train__2023-01-06-08__f954f0e6.npz,98,RMDL,1,115,RMDL,1,1,1,1.0,0.5291444063186646,0,1,115,1
2023-01-06-08,/home/ubuntu/klb/nuclr/nuclr/Data/Atanas_SF_unified_000776/cv5_grouped_v1/fold_2/test/train__2023-01-06-08__f954f0e6.npz,99,SMDVL,1,137,SMDVL,1,1,1,1.0,0.9575064182281494,0,1,137,1
2023-01-06-08,/home/ubuntu/klb/nuclr/nuclr/Data/Atanas_SF_unified_000776/cv5_grouped_v1/fold_2/test/train__2023-01-06-08__f954f0e6.npz,100,RMGL,1,2,ADEL,4,0,1,0.25,4.192667984170839e-05,0,0,2,0
2023-01-06-08,/home/ubuntu/klb/nuclr/nuclr/Data/Atanas_SF_unified_000776/cv5_grouped_v1/fold_2/test/train__2023-01-06-08__f954f0e6.npz,102,URYVL,1,149,URYVL,1,1,1,1.0,0.4347479045391083,1,0,120,0
2023-01-06-08,/home/ubuntu/klb/nuclr/nuclr/Data/Atanas_SF_unified_000776/cv5_grouped_v1/fold_2/test/train__2023-01-06-08__f954f0e6.npz,103,OLQDR,1,95,OLQDR,1,1,1,1.0,0.632966935634613,0,1,95,1
2023-01-06-08,/home/ubuntu/klb/nuclr/nuclr/Data/Atanas_SF_unified_000776/cv5_grouped_v1/fold_2/test/train__2023-01-06-08__f954f0e6.npz,104,AIMR,1,12,AIMR,1,1,1,1.0,0.4826192259788513,0,1,12,1
2023-01-06-08,/home/ubuntu/klb/nuclr/nuclr/Data/Atanas_SF_unified_000776/cv5_grouped_v1/fold_2/test/train__2023-01-06-08__f954f0e6.npz,107,OLQVL,1,72,IL1L,2,0,1,0.5,0.4544699192047119,0,0,72,0
2023-01-06-08,/home/ubuntu/klb/nuclr/nuclr/Data/Atanas_SF_unified_000776/cv5_grouped_v1/fold_2/test/train__2023-01-06-08__f954f0e6.npz,111,ADAL,1,0,ADAL,1,1,1,1.0,0.859965980052948,0,1,0,1
2023-01-06-08,/home/ubuntu/klb/nuclr/nuclr/Data/Atanas_SF_unified_000776/cv5_grouped_v1/fold_2/test/train__2023-01-06-08__f954f0e6.npz,113,ADLL,1,4,ADLL,1,1,1,1.0,0.875940203666687,0,1,4,1
2023-01-06-08,/home/ubuntu/klb/nuclr/nuclr/Data/Atanas_SF_unified_000776/cv5_grouped_v1/fold_2/test/train__2023-01-06-08__f954f0e6.npz,115,AVJL,1,43,AVJL,1,1,1,1.0,0.8840188384056091,0,1,43,1
2023-01-06-08,/home/ubuntu/klb/nuclr/nuclr/Data/Atanas_SF_unified_000776/cv5_grouped_v1/fold_2/test/train__2023-01-06-08__f954f0e6.npz,116,RMEV,1,122,RMEV,1,1,1,1.0,0.8977406024932861,0,1,122,1
2023-01-06-08,/home/ubuntu/klb/nuclr/nuclr/Data/Atanas_SF_unified_000776/cv5_grouped_v1/fold_2/test/train__2023-01-06-08__f954f0e6.npz,117,AVL,1,59,CEPVR,32,0,0,0.03125,3.174499274560816e-10,0,0,59,0
2023-01-06-08,/home/ubuntu/klb/nuclr/nuclr/Data/Atanas_SF_unified_000776/cv5_grouped_v1/fold_2/test/train__2023-01-06-08__f954f0e6.npz,118,RIMR,1,107,RIMR,1,1,1,1.0,0.4149307608604431,0,1,107,1
2023-01-06-08,/home/ubuntu/klb/nuclr/nuclr/Data/Atanas_SF_unified_000776/cv5_grouped_v1/fold_2/test/train__2023-01-06-08__f954f0e6.npz,120,URXR,1,57,CEPDR,5,0,1,0.2,0.001550216693431139,0,0,57,0
2023-01-06-08,/home/ubuntu/klb/nuclr/nuclr/Data/Atanas_SF_unified_000776/cv5_grouped_v1/fold_2/test/train__2023-01-06-08__f954f0e6.npz,121,URYVR,1,150,URYVR,1,1,1,1.0,0.7252718806266785,0,1,150,1
2023-01-06-08,/home/ubuntu/klb/nuclr/nuclr/Data/Atanas_SF_unified_000776/cv5_grouped_v1/fold_2/test/train__2023-01-06-08__f954f0e6.npz,122,RIAR,1,99,RIAR,1,1,1,1.0,0.9365097880363464,0,1,99,1
2023-01-06-08,/home/ubuntu/klb/nuclr/nuclr/Data/Atanas_SF_unified_000776/cv5_grouped_v1/fold_2/test/train__2023-01-06-08__f954f0e6.npz,123,AWAR,1,118,RMDVR,9,0,0,0.1111111111111111,9.243653039447963e-05,0,0,118,0
2023-01-06-08,/home/ubuntu/klb/nuclr/nuclr/Data/Atanas_SF_unified_000776/cv5_grouped_v1/fold_2/test/train__2023-01-06-08__f954f0e6.npz,124,ASGL,1,23,ASGL,1,1,1,1.0,0.9427776336669922,0,1,23,1
2023-01-09-08,/home/ubuntu/klb/nuclr/nuclr/Data/Atanas_SF_unified_000776/cv5_grouped_v1/fold_2/test/train__2023-01-09-08__7142827e.npz,1,IL2DR,1,89,MI,2,0,1,0.5,0.28469318151474,0,0,89,0
2023-01-09-08,/home/ubuntu/klb/nuclr/nuclr/Data/Atanas_SF_unified_000776/cv5_grouped_v1/fold_2/test/train__2023-01-09-08__7142827e.npz,3,RMDVR,1,146,URXR,3,0,1,0.3333333333333333,0.19771519303321838,0,0,146,0
2023-01-09-08,/home/ubuntu/klb/nuclr/nuclr/Data/Atanas_SF_unified_000776/cv5_grouped_v1/fold_2/test/train__2023-01-09-08__7142827e.npz,9,IL1DL,1,70,IL1DL,1,1,1,1.0,0.9172168374061584,0,1,70,1
2023-01-09-08,/home/ubuntu/klb/nuclr/nuclr/Data/Atanas_SF_unified_000776/cv5_grouped_v1/fold_2/test/train__2023-01-09-08__7142827e.npz,11,MI,1,83,M3L,3,0,1,0.3333333333333333,0.009877089411020279,0,0,72,0
2023-01-09-08,/home/ubuntu/klb/nuclr/nuclr/Data/Atanas_SF_unified_000776/cv5_grouped_v1/fold_2/test/train__2023-01-09-08__7142827e.npz,16,SMDVL,1,137,SMDVL,1,1,1,1.0,0.9448769092559814,0,1,137,1
2023-01-09-08,/home/ubuntu/klb/nuclr/nuclr/Data/Atanas_SF_unified_000776/cv5_grouped_v1/fold_2/test/train__2023-01-09-08__7142827e.npz,19,RIAL,1,98,RIAL,1,1,1,1.0,0.8744485378265381,0,1,98,1
2023-01-09-08,/home/ubuntu/klb/nuclr/nuclr/Data/Atanas_SF_unified_000776/cv5_grouped_v1/fold_2/test/train__2023-01-09-08__7142827e.npz,24,OLLR,1,93,OLLR,1,1,1,1.0,0.9377733469009399,0,1,93,1
2023-01-09-08,/home/ubuntu/klb/nuclr/nuclr/Data/Atanas_SF_unified_000776/cv5_grouped_v1/fold_2/test/train__2023-01-09-08__7142827e.npz,25,URYVL,1,150,URYVR,4,0,1,0.25,0.0020112181082367897,1,0,150,0
2023-01-09-08,/home/ubuntu/klb/nuclr/nuclr/Data/Atanas_SF_unified_000776/cv5_grouped_v1/fold_2/test/train__2023-01-09-08__7142827e.npz,27,NSML,1,91,NSMR,3,0,1,0.3333333333333333,0.20620892941951752,0,0,91,0
2023-01-09-08,/home/ubuntu/klb/nuclr/nuclr/Data/Atanas_SF_unified_000776/cv5_grouped_v1/fold_2/test/train__2023-01-09-08__7142827e.npz,29,M3R,1,74,IL1VL,4,0,1,0.25,0.0142822852358222,1,0,84,1
2023-01-09-08,/home/ubuntu/klb/nuclr/nuclr/Data/Atanas_SF_unified_000776/cv5_grouped_v1/fold_2/test/train__2023-01-09-08__7142827e.npz,30,RIVL,1,111,RIVL,1,1,1,1.0,0.8833457231521606,0,1,111,1
2023-01-09-08,/home/ubuntu/klb/nuclr/nuclr/Data/Atanas_SF_unified_000776/cv5_grouped_v1/fold_2/test/train__2023-01-09-08__7142827e.npz,31,RIBR,1,33,AUAR,2,0,1,0.5,0.02560407854616642,1,0,101,1
2023-01-09-08,/home/ubuntu/klb/nuclr/nuclr/Data/Atanas_SF_unified_000776/cv5_grouped_v1/fold_2/test/train__2023-01-09-08__7142827e.npz,32,OLQDL,1,94,OLQDL,1,1,1,1.0,0.9076633453369141,0,1,94,1
2023-01-09-08,/home/ubuntu/klb/nuclr/nuclr/Data/Atanas_SF_unified_000776/cv5_grouped_v1/fold_2/test/train__2023-01-09-08__7142827e.npz,35,I2L,1,141,URAVL,3,0,1,0.3333333333333333,0.0763402059674263,0,0,141,0
2023-01-09-08,/home/ubuntu/klb/nuclr/nuclr/Data/Atanas_SF_unified_000776/cv5_grouped_v1/fold_2/test/train__2023-01-09-08__7142827e.npz,38,IL2R,1,81,IL2VR,18,0,0,0.05555555555555555,3.343380967635312e-06,0,0,81,0
2023-01-09-08,/home/ubuntu/klb/nuclr/nuclr/Data/Atanas_SF_unified_000776/cv5_grouped_v1/fold_2/test/train__2023-01-09-08__7142827e.npz,41,I1L,1,80,IL2VL,3,0,1,0.3333333333333333,0.13104037940502167,0,0,83,0
2023-01-09-08,/home/ubuntu/klb/nuclr/nuclr/Data/Atanas_SF_unified_000776/cv5_grouped_v1/fold_2/test/train__2023-01-09-08__7142827e.npz,42,OLQDR,1,144,URBR,2,0,1,0.5,0.30555459856987,0,0,144,0
2023-01-09-08,/home/ubuntu/klb/nuclr/nuclr/Data/Atanas_SF_unified_000776/cv5_grouped_v1/fold_2/test/train__2023-01-09-08__7142827e.npz,43,AVDR,1,39,AVDR,1,1,1,1.0,0.9329625368118286,0,1,39,1
2023-01-09-08,/home/ubuntu/klb/nuclr/nuclr/Data/Atanas_SF_unified_000776/cv5_grouped_v1/fold_2/test/train__2023-01-09-08__7142827e.npz,47,AVL,1,16,AIYR,28,0,0,0.03571428571428571,5.673560110608378e-08,0,0,16,0
2023-01-09-08,/home/ubuntu/klb/nuclr/nuclr/Data/Atanas_SF_unified_000776/cv5_grouped_v1/fold_2/test/train__2023-01-09-08__7142827e.npz,48,URYDR,1,148,URYDR,1,1,1,1.0,0.753904402256012,0,1,148,1
2023-01-09-08,/home/ubuntu/klb/nuclr/nuclr/Data/Atanas_SF_unified_000776/cv5_grouped_v1/fold_2/test/train__2023-01-09-08__7142827e.npz,49,I1R,1,62,I1L,7,0,0,0.14285714285714285,0.009446805343031883,0,0,62,0
2023-01-09-08,/home/ubuntu/klb/nuclr/nuclr/Data/Atanas_SF_unified_000776/cv5_grouped_v1/fold_2/test/train__2023-01-09-08__7142827e.npz,53,AWBR,1,24,ASGR,10,0,0,0.1,1.0080289939651266e-05,0,0,24,0
2023-01-09-08,/home/ubuntu/klb/nuclr/nuclr/Data/Atanas_SF_unified_000776/cv5_grouped_v1/fold_2/test/train__2023-01-09-08__7142827e.npz,54,SAAVL,1,117,RMDVL,3,0,1,0.3333333333333333,0.11229854822158813,0,0,117,0
2023-01-09-08,/home/ubuntu/klb/nuclr/nuclr/Data/Atanas_SF_unified_000776/cv5_grouped_v1/fold_2/test/train__2023-01-09-08__7142827e.npz,59,NSMR,1,65,I2R,4,0,1,0.25,0.009705791249871254,1,0,65,0
2023-01-09-08,/home/ubuntu/klb/nuclr/nuclr/Data/Atanas_SF_unified_000776/cv5_grouped_v1/fold_2/test/train__2023-01-09-08__7142827e.npz,60,M3L,1,80,IL2VL,3,0,1,0.3333333333333333,0.05093023180961609,0,0,80,0
2023-01-09-08,/home/ubuntu/klb/nuclr/nuclr/Data/Atanas_SF_unified_000776/cv5_grouped_v1/fold_2/test/train__2023-01-09-08__7142827e.npz,61,RMER,1,121,RMER,1,1,1,1.0,0.9462069869041443,0,1,121,1
2023-01-09-08,/home/ubuntu/klb/nuclr/nuclr/Data/Atanas_SF_unified_000776/cv5_grouped_v1/fold_2/test/train__2023-01-09-08__7142827e.npz,63,AWCL,1,115,RMDL,4,0,1,0.25,0.0040653725154697895,0,0,115,0
2023-01-09-08,/home/ubuntu/klb/nuclr/nuclr/Data/Atanas_SF_unified_000776/cv5_grouped_v1/fold_2/test/train__2023-01-09-08__7142827e.npz,68,CEPVR,1,59,CEPVR,1,1,1,1.0,0.6348914504051208,0,1,59,1
2023-01-09-08,/home/ubuntu/klb/nuclr/nuclr/Data/Atanas_SF_unified_000776/cv5_grouped_v1/fold_2/test/train__2023-01-09-08__7142827e.npz,70,AVJR,1,44,AVJR,1,1,1,1.0,0.6129822134971619,0,1,44,1
2023-01-09-08,/home/ubuntu/klb/nuclr/nuclr/Data/Atanas_SF_unified_000776/cv5_grouped_v1/fold_2/test/train__2023-01-09-08__7142827e.npz,71,RIMR,1,107,RIMR,1,1,1,1.0,0.8275141716003418,0,1,107,1
2023-01-09-08,/home/ubuntu/klb/nuclr/nuclr/Data/Atanas_SF_unified_000776/cv5_grouped_v1/fold_2/test/train__2023-01-09-08__7142827e.npz,74,CEPVL,1,74,IL1VL,2,0,1,0.5,0.15188972651958466,0,0,74,0
2023-01-09-08,/home/ubuntu/klb/nuclr/nuclr/Data/Atanas_SF_unified_000776/cv5_grouped_v1/fold_2/test/train__2023-01-09-08__7142827e.npz,77,RMEL,1,58,CEPVL,8,0,0,0.125,0.0001294836838496849,0,0,58,0
2023-01-09-08,/home/ubuntu/klb/nuclr/nuclr/Data/Atanas_SF_unified_000776/cv5_grouped_v1/fold_2/test/train__2023-01-09-08__7142827e.npz,78,AVAL,1,34,AVAL,1,1,1,1.0,0.919358491897583,0,1,34,1
2023-01-09-08,/home/ubuntu/klb/nuclr/nuclr/Data/Atanas_SF_unified_000776/cv5_grouped_v1/fold_2/test/train__2023-01-09-08__7142827e.npz,81,CEPDR,1,57,CEPDR,1,1,1,1.0,0.6743579506874084,0,1,57,1
2023-01-09-08,/home/ubuntu/klb/nuclr/nuclr/Data/Atanas_SF_unified_000776/cv5_grouped_v1/fold_2/test/train__2023-01-09-08__7142827e.npz,82,AVJL,1,38,AVDL,2,0,1,0.5,0.014627730473876,1,0,43,1
2023-01-09-08,/home/ubuntu/klb/nuclr/nuclr/Data/Atanas_SF_unified_000776/cv5_grouped_v1/fold_2/test/train__2023-01-09-08__7142827e.npz,85,IL2DL,1,85,M4,3,0,1,0.3333333333333333,0.03989211469888687,0,0,85,0
2023-01-09-08,/home/ubuntu/klb/nuclr/nuclr/Data/Atanas_SF_unified_000776/cv5_grouped_v1/fold_2/test/train__2023-01-09-08__7142827e.npz,89,URXL,1,56,CEPDL,2,0,1,0.5,0.37600505352020264,0,0,56,0
2023-01-09-08,/home/ubuntu/klb/nuclr/nuclr/Data/Atanas_SF_unified_000776/cv5_grouped_v1/fold_2/test/train__2023-01-09-08__7142827e.npz,92,URBL,1,143,URBL,1,1,1,1.0,0.6203625202178955,0,1,143,1
2023-01-09-08,/home/ubuntu/klb/nuclr/nuclr/Data/Atanas_SF_unified_000776/cv5_grouped_v1/fold_2/test/train__2023-01-09-08__7142827e.npz,94,AWBL,1,52,AWCL,3,0,1,0.3333333333333333,0.0117020383477211,0,0,52,0
2023-01-09-08,/home/ubuntu/klb/nuclr/nuclr/Data/Atanas_SF_unified_000776/cv5_grouped_v1/fold_2/test/train__2023-01-09-08__7142827e.npz,103,RIH,1,127,SAADR,2,0,1,0.5,0.46356630325317383,0,0,127,0
2023-01-09-08,/home/ubuntu/klb/nuclr/nuclr/Data/Atanas_SF_unified_000776/cv5_grouped_v1/fold_2/test/train__2023-01-09-08__7142827e.npz,104,AVDL,1,38,AVDL,1,1,1,1.0,0.8138561844825745,0,1,38,1
2023-01-09-08,/home/ubuntu/klb/nuclr/nuclr/Data/Atanas_SF_unified_000776/cv5_grouped_v1/fold_2/test/train__2023-01-09-08__7142827e.npz,106,AWAR,1,49,AWAR,1,1,1,1.0,0.8120466470718384,0,1,49,1
2023-01-09-08,/home/ubuntu/klb/nuclr/nuclr/Data/Atanas_SF_unified_000776/cv5_grouped_v1/fold_2/test/train__2023-01-09-08__7142827e.npz,107,AVER,1,41,AVER,1,1,1,1.0,0.3900633156299591,0,1,41,1
2023-01-09-08,/home/ubuntu/klb/nuclr/nuclr/Data/Atanas_SF_unified_000776/cv5_grouped_v1/fold_2/test/train__2023-01-09-08__7142827e.npz,109,CEPDL,1,145,URXL,2,0,1,0.5,0.3089733123779297,0,0,145,0
2023-01-09-08,/home/ubuntu/klb/nuclr/nuclr/Data/Atanas_SF_unified_000776/cv5_grouped_v1/fold_2/test/train__2023-01-09-08__7142827e.npz,110,I3,1,66,I3,1,1,1,1.0,0.5085609555244446,0,1,66,1
2023-01-09-08,/home/ubuntu/klb/nuclr/nuclr/Data/Atanas_SF_unified_000776/cv5_grouped_v1/fold_2/test/train__2023-01-09-08__7142827e.npz,112,RIVR,1,112,RIVR,1,1,1,1.0,0.8293095231056213,0,1,112,1
2023-01-09-08,/home/ubuntu/klb/nuclr/nuclr/Data/Atanas_SF_unified_000776/cv5_grouped_v1/fold_2/test/train__2023-01-09-08__7142827e.npz,117,IL1DR,1,71,IL1DR,1,1,1,1.0,0.8308258652687073,0,1,71,1
2023-01-09-08,/home/ubuntu/klb/nuclr/nuclr/Data/Atanas_SF_unified_000776/cv5_grouped_v1/fold_2/test/train__2023-01-09-08__7142827e.npz,120,AVBR,1,37,AVBR,1,1,1,1.0,0.09400220960378647,1,0,37,1
2023-01-09-08,/home/ubuntu/klb/nuclr/nuclr/Data/Atanas_SF_unified_000776/cv5_grouped_v1/fold_2/test/train__2023-01-09-08__7142827e.npz,125,IL2L,1,87,MCL,7,0,0,0.14285714285714285,0.0006849020137451589,0,0,87,0
2023-01-09-08,/home/ubuntu/klb/nuclr/nuclr/Data/Atanas_SF_unified_000776/cv5_grouped_v1/fold_2/test/train__2023-01-09-08__7142827e.npz,126,URXR,1,50,AWBL,22,0,0,0.045454545454545456,0.0001410540717188269,0,0,50,0
2023-01-09-08,/home/ubuntu/klb/nuclr/nuclr/Data/Atanas_SF_unified_000776/cv5_grouped_v1/fold_2/test/train__2023-01-09-08__7142827e.npz,130,OLLL,1,92,OLLL,1,1,1,1.0,0.5473129749298096,0,1,92,1
2023-01-09-15,/home/ubuntu/klb/nuclr/nuclr/Data/Atanas_SF_unified_000776/cv5_grouped_v1/fold_2/test/train__2023-01-09-15__112db21c.npz,2,ASEL,1,21,ASEL,1,1,1,1.0,0.9553096294403076,0,1,21,1
2023-01-09-15,/home/ubuntu/klb/nuclr/nuclr/Data/Atanas_SF_unified_000776/cv5_grouped_v1/fold_2/test/train__2023-01-09-15__112db21c.npz,3,AIBL,1,9,AIBL,1,1,1,1.0,0.8118784427642822,0,1,9,1
2023-01-09-15,/home/ubuntu/klb/nuclr/nuclr/Data/Atanas_SF_unified_000776/cv5_grouped_v1/fold_2/test/train__2023-01-09-15__112db21c.npz,4,AINL,1,13,AINL,1,1,1,1.0,0.9570120573043823,0,1,13,1
2023-01-09-15,/home/ubuntu/klb/nuclr/nuclr/Data/Atanas_SF_unified_000776/cv5_grouped_v1/fold_2/test/train__2023-01-09-15__112db21c.npz,5,AIZR,1,18,AIZR,1,1,1,1.0,0.9562950134277344,0,1,18,1
2023-01-09-15,/home/ubuntu/klb/nuclr/nuclr/Data/Atanas_SF_unified_000776/cv5_grouped_v1/fold_2/test/train__2023-01-09-15__112db21c.npz,6,NSML,1,90,NSML,1,1,1,1.0,0.7170389890670776,0,1,90,1
2023-01-09-15,/home/ubuntu/klb/nuclr/nuclr/Data/Atanas_SF_unified_000776/cv5_grouped_v1/fold_2/test/train__2023-01-09-15__112db21c.npz,7,AWBL,1,25,ASHL,2,0,1,0.5,0.3757176697254181,0,0,25,0
2023-01-09-15,/home/ubuntu/klb/nuclr/nuclr/Data/Atanas_SF_unified_000776/cv5_grouped_v1/fold_2/test/train__2023-01-09-15__112db21c.npz,8,AVJR,1,44,AVJR,1,1,1,1.0,0.7873044610023499,0,1,44,1
2023-01-09-15,/home/ubuntu/klb/nuclr/nuclr/Data/Atanas_SF_unified_000776/cv5_grouped_v1/fold_2/test/train__2023-01-09-15__112db21c.npz,9,RMDVL,1,117,RMDVL,1,1,1,1.0,0.5251267552375793,0,1,117,1
2023-01-09-15,/home/ubuntu/klb/nuclr/nuclr/Data/Atanas_SF_unified_000776/cv5_grouped_v1/fold_2/test/train__2023-01-09-15__112db21c.npz,10,URBR,1,78,IL2L,2,0,1,0.5,0.2502383589744568,0,0,78,0
2023-01-09-15,/home/ubuntu/klb/nuclr/nuclr/Data/Atanas_SF_unified_000776/cv5_grouped_v1/fold_2/test/train__2023-01-09-15__112db21c.npz,11,CEPVR,1,59,CEPVR,1,1,1,1.0,0.9561910033226013,0,1,59,1
2023-01-09-15,/home/ubuntu/klb/nuclr/nuclr/Data/Atanas_SF_unified_000776/cv5_grouped_v1/fold_2/test/train__2023-01-09-15__112db21c.npz,12,RIBR,1,101,RIBR,1,1,1,1.0,0.8790712952613831,0,1,101,1
2023-01-09-15,/home/ubuntu/klb/nuclr/nuclr/Data/Atanas_SF_unified_000776/cv5_grouped_v1/fold_2/test/train__2023-01-09-15__112db21c.npz,13,OLLR,1,93,OLLR,1,1,1,1.0,0.9300143718719482,0,1,93,1
2023-01-09-15,/home/ubuntu/klb/nuclr/nuclr/Data/Atanas_SF_unified_000776/cv5_grouped_v1/fold_2/test/train__2023-01-09-15__112db21c.npz,14,AWCL,1,52,AWCL,1,1,1,1.0,0.9276912808418274,0,1,52,1
2023-01-09-15,/home/ubuntu/klb/nuclr/nuclr/Data/Atanas_SF_unified_000776/cv5_grouped_v1/fold_2/test/train__2023-01-09-15__112db21c.npz,16,SAAVL,1,128,SAAVL,1,1,1,1.0,0.9559707641601562,0,1,128,1
2023-01-09-15,/home/ubuntu/klb/nuclr/nuclr/Data/Atanas_SF_unified_000776/cv5_grouped_v1/fold_2/test/train__2023-01-09-15__112db21c.npz,17,ADEL,1,2,ADEL,1,1,1,1.0,0.6153410077095032,0,1,2,1
2023-01-09-15,/home/ubuntu/klb/nuclr/nuclr/Data/Atanas_SF_unified_000776/cv5_grouped_v1/fold_2/test/train__2023-01-09-15__112db21c.npz,19,RMDVR,1,118,RMDVR,1,1,1,1.0,0.9587454199790955,0,1,118,1
2023-01-09-15,/home/ubuntu/klb/nuclr/nuclr/Data/Atanas_SF_unified_000776/cv5_grouped_v1/fold_2/test/train__2023-01-09-15__112db21c.npz,21,URYVR,1,97,OLQVR,7,0,0,0.14285714285714285,0.001558887423016131,1,0,88,0
2023-01-09-15,/home/ubuntu/klb/nuclr/nuclr/Data/Atanas_SF_unified_000776/cv5_grouped_v1/fold_2/test/train__2023-01-09-15__112db21c.npz,22,IL1L,1,72,IL1L,1,1,1,1.0,0.635066568851471,0,1,72,1
2023-01-09-15,/home/ubuntu/klb/nuclr/nuclr/Data/Atanas_SF_unified_000776/cv5_grouped_v1/fold_2/test/train__2023-01-09-15__112db21c.npz,24,ADAL,1,2,ADEL,2,0,1,0.5,0.3766743242740631,0,0,0,1
2023-01-09-15,/home/ubuntu/klb/nuclr/nuclr/Data/Atanas_SF_unified_000776/cv5_grouped_v1/fold_2/test/train__2023-01-09-15__112db21c.npz,25,AWAR,1,26,ASHR,3,0,1,0.3333333333333333,0.08023370057344437,0,0,26,0
2023-01-09-15,/home/ubuntu/klb/nuclr/nuclr/Data/Atanas_SF_unified_000776/cv5_grouped_v1/fold_2/test/train__2023-01-09-15__112db21c.npz,26,OLLL,1,92,OLLL,1,1,1,1.0,0.8183432221412659,0,1,92,1
2023-01-09-15,/home/ubuntu/klb/nuclr/nuclr/Data/Atanas_SF_unified_000776/cv5_grouped_v1/fold_2/test/train__2023-01-09-15__112db21c.npz,27,OLQVR,1,97,OLQVR,1,1,1,1.0,0.5310055017471313,0,1,97,1
2023-01-09-15,/home/ubuntu/klb/nuclr/nuclr/Data/Atanas_SF_unified_000776/cv5_grouped_v1/fold_2/test/train__2023-01-09-15__112db21c.npz,28,M1,1,82,M1,1,1,1,1.0,0.9532837271690369,0,1,82,1
2023-01-09-15,/home/ubuntu/klb/nuclr/nuclr/Data/Atanas_SF_unified_000776/cv5_grouped_v1/fold_2/test/train__2023-01-09-15__112db21c.npz,29,RIVR,1,112,RIVR,1,1,1,1.0,0.9560624957084656,0,1,112,1
2023-01-09-15,/home/ubuntu/klb/nuclr/nuclr/Data/Atanas_SF_unified_000776/cv5_grouped_v1/fold_2/test/train__2023-01-09-15__112db21c.npz,30,URYVL,1,149,URYVL,1,1,1,1.0,0.9482120871543884,0,1,149,1
2023-01-09-15,/home/ubuntu/klb/nuclr/nuclr/Data/Atanas_SF_unified_000776/cv5_grouped_v1/fold_2/test/train__2023-01-09-15__112db21c.npz,31,IL2DR,1,79,IL2R,3,0,1,0.3333333333333333,0.03185662254691124,0,0,79,0
2023-01-09-15,/home/ubuntu/klb/nuclr/nuclr/Data/Atanas_SF_unified_000776/cv5_grouped_v1/fold_2/test/train__2023-01-09-15__112db21c.npz,32,URYDR,1,144,URBR,2,0,1,0.5,0.3999289870262146,0,0,144,0
2023-01-09-15,/home/ubuntu/klb/nuclr/nuclr/Data/Atanas_SF_unified_000776/cv5_grouped_v1/fold_2/test/train__2023-01-09-15__112db21c.npz,33,ASGR,1,24,ASGR,1,1,1,1.0,0.8922060132026672,0,1,24,1
2023-01-09-15,/home/ubuntu/klb/nuclr/nuclr/Data/Atanas_SF_unified_000776/cv5_grouped_v1/fold_2/test/train__2023-01-09-15__112db21c.npz,34,ASER,1,39,AVDR,9,0,0,0.1111111111111111,0.00024047349870670587,0,0,39,0
2023-01-09-15,/home/ubuntu/klb/nuclr/nuclr/Data/Atanas_SF_unified_000776/cv5_grouped_v1/fold_2/test/train__2023-01-09-15__112db21c.npz,35,I1R,1,63,I1R,1,1,1,1.0,0.9557753205299377,0,1,63,1
2023-01-09-15,/home/ubuntu/klb/nuclr/nuclr/Data/Atanas_SF_unified_000776/cv5_grouped_v1/fold_2/test/train__2023-01-09-15__112db21c.npz,36,FLPR,1,103,RICR,2,0,1,0.5,0.2635861337184906,0,0,103,0
2023-01-09-15,/home/ubuntu/klb/nuclr/nuclr/Data/Atanas_SF_unified_000776/cv5_grouped_v1/fold_2/test/train__2023-01-09-15__112db21c.npz,37,CEPDR,1,138,SMDVR,3,0,1,0.3333333333333333,0.046274349093437195,0,0,138,0
2023-01-09-15,/home/ubuntu/klb/nuclr/nuclr/Data/Atanas_SF_unified_000776/cv5_grouped_v1/fold_2/test/train__2023-01-09-15__112db21c.npz,40,VB02,1,151,VB02,1,1,1,1.0,0.6814338564872742,0,1,151,1
2023-01-09-15,/home/ubuntu/klb/nuclr/nuclr/Data/Atanas_SF_unified_000776/cv5_grouped_v1/fold_2/test/train__2023-01-09-15__112db21c.npz,41,AWBR,1,50,AWBL,29,0,0,0.034482758620689655,5.8685500903266075e-08,0,0,50,0
2023-01-09-15,/home/ubuntu/klb/nuclr/nuclr/Data/Atanas_SF_unified_000776/cv5_grouped_v1/fold_2/test/train__2023-01-09-15__112db21c.npz,43,AQR,1,20,AQR,1,1,1,1.0,0.8250290155410767,0,1,20,1
2023-01-09-15,/home/ubuntu/klb/nuclr/nuclr/Data/Atanas_SF_unified_000776/cv5_grouped_v1/fold_2/test/train__2023-01-09-15__112db21c.npz,44,AVER,1,41,AVER,1,1,1,1.0,0.9125695824623108,0,1,41,1
2023-01-09-15,/home/ubuntu/klb/nuclr/nuclr/Data/Atanas_SF_unified_000776/cv5_grouped_v1/fold_2/test/train__2023-01-09-15__112db21c.npz,46,IL2VR,1,81,IL2VR,1,1,1,1.0,0.9592105150222778,0,1,81,1
2023-01-09-15,/home/ubuntu/klb/nuclr/nuclr/Data/Atanas_SF_unified_000776/cv5_grouped_v1/fold_2/test/train__2023-01-09-15__112db21c.npz,47,RICL,1,102,RICL,1,1,1,1.0,0.8868328928947449,0,1,102,1
2023-01-09-15,/home/ubuntu/klb/nuclr/nuclr/Data/Atanas_SF_unified_000776/cv5_grouped_v1/fold_2/test/train__2023-01-09-15__112db21c.npz,50,CEPDL,1,56,CEPDL,1,1,1,1.0,0.4922798275947571,0,1,56,1
2023-01-09-15,/home/ubuntu/klb/nuclr/nuclr/Data/Atanas_SF_unified_000776/cv5_grouped_v1/fold_2/test/train__2023-01-09-15__112db21c.npz,51,RMDDL,1,113,RMDDL,1,1,1,1.0,0.8968955874443054,0,1,113,1
2023-01-09-15,/home/ubuntu/klb/nuclr/nuclr/Data/Atanas_SF_unified_000776/cv5_grouped_v1/fold_2/test/train__2023-01-09-15__112db21c.npz,53,RMER,1,121,RMER,1,1,1,1.0,0.9575963020324707,0,1,121,1
2023-01-09-15,/home/ubuntu/klb/nuclr/nuclr/Data/Atanas_SF_unified_000776/cv5_grouped_v1/fold_2/test/train__2023-01-09-15__112db21c.npz,54,AINR,1,44,AVJR,14,0,0,0.07142857142857142,1.206279875987093e-06,1,0,51,0
2023-01-09-15,/home/ubuntu/klb/nuclr/nuclr/Data/Atanas_SF_unified_000776/cv5_grouped_v1/fold_2/test/train__2023-01-09-15__112db21c.npz,56,AVAR,1,35,AVAR,1,1,1,1.0,0.9595595598220825,0,1,35,1
2023-01-09-15,/home/ubuntu/klb/nuclr/nuclr/Data/Atanas_SF_unified_000776/cv5_grouped_v1/fold_2/test/train__2023-01-09-15__112db21c.npz,57,RIBL,1,100,RIBL,1,1,1,1.0,0.7153570652008057,0,1,100,1
2023-01-09-15,/home/ubuntu/klb/nuclr/nuclr/Data/Atanas_SF_unified_000776/cv5_grouped_v1/fold_2/test/train__2023-01-09-15__112db21c.npz,60,OLQDR,1,95,OLQDR,1,1,1,1.0,0.9244892597198486,0,1,95,1
2023-01-09-15,/home/ubuntu/klb/nuclr/nuclr/Data/Atanas_SF_unified_000776/cv5_grouped_v1/fold_2/test/train__2023-01-09-15__112db21c.npz,61,AVDL,1,38,AVDL,1,1,1,1.0,0.9394133687019348,0,1,38,1
2023-01-09-15,/home/ubuntu/klb/nuclr/nuclr/Data/Atanas_SF_unified_000776/cv5_grouped_v1/fold_2/test/train__2023-01-09-15__112db21c.npz,63,ASIL,1,27,ASIL,1,1,1,1.0,0.7973499894142151,0,1,27,1
2023-01-09-15,/home/ubuntu/klb/nuclr/nuclr/Data/Atanas_SF_unified_000776/cv5_grouped_v1/fold_2/test/train__2023-01-09-15__112db21c.npz,64,AWCR,1,53,AWCR,1,1,1,1.0,0.9310225248336792,0,1,53,1
2023-01-09-15,/home/ubuntu/klb/nuclr/nuclr/Data/Atanas_SF_unified_000776/cv5_grouped_v1/fold_2/test/train__2023-01-09-15__112db21c.npz,65,AUAR,1,33,AUAR,1,1,1,1.0,0.706886351108551,0,1,33,1
2023-01-09-15,/home/ubuntu/klb/nuclr/nuclr/Data/Atanas_SF_unified_000776/cv5_grouped_v1/fold_2/test/train__2023-01-09-15__112db21c.npz,67,I3,1,66,I3,1,1,1,1.0,0.9519569277763367,0,1,66,1
2023-01-09-15,/home/ubuntu/klb/nuclr/nuclr/Data/Atanas_SF_unified_000776/cv5_grouped_v1/fold_2/test/train__2023-01-09-15__112db21c.npz,68,CEPVL,1,58,CEPVL,1,1,1,1.0,0.8619226217269897,0,1,58,1
2023-01-09-15,/home/ubuntu/klb/nuclr/nuclr/Data/Atanas_SF_unified_000776/cv5_grouped_v1/fold_2/test/train__2023-01-09-15__112db21c.npz,69,SMDVL,1,137,SMDVL,1,1,1,1.0,0.9475942850112915,0,1,137,1
2023-01-09-15,/home/ubuntu/klb/nuclr/nuclr/Data/Atanas_SF_unified_000776/cv5_grouped_v1/fold_2/test/train__2023-01-09-15__112db21c.npz,70,AUAL,1,32,AUAL,1,1,1,1.0,0.9509937167167664,0,1,32,1
2023-01-09-15,/home/ubuntu/klb/nuclr/nuclr/Data/Atanas_SF_unified_000776/cv5_grouped_v1/fold_2/test/train__2023-01-09-15__112db21c.npz,72,ASIR,1,28,ASIR,1,1,1,1.0,0.6571603417396545,0,1,28,1
2023-01-09-15,/home/ubuntu/klb/nuclr/nuclr/Data/Atanas_SF_unified_000776/cv5_grouped_v1/fold_2/test/train__2023-01-09-15__112db21c.npz,76,I1L,1,62,I1L,1,1,1,1.0,0.9455342292785645,0,1,62,1
2023-01-09-15,/home/ubuntu/klb/nuclr/nuclr/Data/Atanas_SF_unified_000776/cv5_grouped_v1/fold_2/test/train__2023-01-09-15__112db21c.npz,77,M3L,1,83,M3L,1,1,1,1.0,0.8170549273490906,0,1,83,1
2023-01-09-15,/home/ubuntu/klb/nuclr/nuclr/Data/Atanas_SF_unified_000776/cv5_grouped_v1/fold_2/test/train__2023-01-09-15__112db21c.npz,78,M3R,1,84,M3R,1,1,1,1.0,0.9550936818122864,0,1,84,1
2023-01-09-15,/home/ubuntu/klb/nuclr/nuclr/Data/Atanas_SF_unified_000776/cv5_grouped_v1/fold_2/test/train__2023-01-09-15__112db21c.npz,79,AIBR,1,10,AIBR,1,1,1,1.0,0.6594194769859314,0,1,10,1
2023-01-09-15,/home/ubuntu/klb/nuclr/nuclr/Data/Atanas_SF_unified_000776/cv5_grouped_v1/fold_2/test/train__2023-01-09-15__112db21c.npz,82,OLQVL,1,96,OLQVL,1,1,1,1.0,0.8543705940246582,0,1,96,1
2023-01-09-15,/home/ubuntu/klb/nuclr/nuclr/Data/Atanas_SF_unified_000776/cv5_grouped_v1/fold_2/test/train__2023-01-09-15__112db21c.npz,84,MCL,1,87,MCL,1,1,1,1.0,0.9246338605880737,0,1,87,1
2023-01-09-15,/home/ubuntu/klb/nuclr/nuclr/Data/Atanas_SF_unified_000776/cv5_grouped_v1/fold_2/test/train__2023-01-09-15__112db21c.npz,85,RIVL,1,111,RIVL,1,1,1,1.0,0.9510263800621033,0,1,111,1
2023-01-09-15,/home/ubuntu/klb/nuclr/nuclr/Data/Atanas_SF_unified_000776/cv5_grouped_v1/fold_2/test/train__2023-01-09-15__112db21c.npz,86,IL2DL,1,80,IL2VL,15,0,0,0.06666666666666667,1.8550143749962444e-06,0,0,80,0
2023-01-09-15,/home/ubuntu/klb/nuclr/nuclr/Data/Atanas_SF_unified_000776/cv5_grouped_v1/fold_2/test/train__2023-01-09-15__112db21c.npz,87,OLQDL,1,94,OLQDL,1,1,1,1.0,0.8443898558616638,0,1,94,1
2023-01-09-15,/home/ubuntu/klb/nuclr/nuclr/Data/Atanas_SF_unified_000776/cv5_grouped_v1/fold_2/test/train__2023-01-09-15__112db21c.npz,88,URBL,1,72,IL1L,4,0,1,0.25,0.05772572383284569,1,0,143,1
2023-01-09-15,/home/ubuntu/klb/nuclr/nuclr/Data/Atanas_SF_unified_000776/cv5_grouped_v1/fold_2/test/train__2023-01-09-15__112db21c.npz,89,SAAVR,1,129,SAAVR,1,1,1,1.0,0.8068154454231262,0,1,129,1
2023-01-09-15,/home/ubuntu/klb/nuclr/nuclr/Data/Atanas_SF_unified_000776/cv5_grouped_v1/fold_2/test/train__2023-01-09-15__112db21c.npz,90,I2L,1,64,I2L,1,1,1,1.0,0.7448968291282654,0,1,64,1
2023-01-09-15,/home/ubuntu/klb/nuclr/nuclr/Data/Atanas_SF_unified_000776/cv5_grouped_v1/fold_2/test/train__2023-01-09-15__112db21c.npz,92,AVAL,1,34,AVAL,1,1,1,1.0,0.9586261510848999,0,1,34,1
2023-01-09-15,/home/ubuntu/klb/nuclr/nuclr/Data/Atanas_SF_unified_000776/cv5_grouped_v1/fold_2/test/train__2023-01-09-15__112db21c.npz,93,IL1R,1,73,IL1R,1,1,1,1.0,0.837873101234436,0,1,73,1
2023-01-09-15,/home/ubuntu/klb/nuclr/nuclr/Data/Atanas_SF_unified_000776/cv5_grouped_v1/fold_2/test/train__2023-01-09-15__112db21c.npz,95,AVDR,1,39,AVDR,1,1,1,1.0,0.16987954080104828,1,0,14,0
2023-01-09-15,/home/ubuntu/klb/nuclr/nuclr/Data/Atanas_SF_unified_000776/cv5_grouped_v1/fold_2/test/train__2023-01-09-15__112db21c.npz,96,ASGL,1,23,ASGL,1,1,1,1.0,0.9441493153572083,0,1,23,1
2023-01-09-15,/home/ubuntu/klb/nuclr/nuclr/Data/Atanas_SF_unified_000776/cv5_grouped_v1/fold_2/test/train__2023-01-09-15__112db21c.npz,99,M2L,0,67,I4,,0,0,0.0,,0,0,67,0
2023-01-09-15,/home/ubuntu/klb/nuclr/nuclr/Data/Atanas_SF_unified_000776/cv5_grouped_v1/fold_2/test/train__2023-01-09-15__112db21c.npz,101,SMDVR,1,31,ASKR,10,0,0,0.1,2.2174666810315102e-05,0,0,31,0
2023-01-09-15,/home/ubuntu/klb/nuclr/nuclr/Data/Atanas_SF_unified_000776/cv5_grouped_v1/fold_2/test/train__2023-01-09-15__112db21c.npz,102,NSMR,1,91,NSMR,1,1,1,1.0,0.9564481973648071,0,1,91,1
2023-01-09-15,/home/ubuntu/klb/nuclr/nuclr/Data/Atanas_SF_unified_000776/cv5_grouped_v1/fold_2/test/train__2023-01-09-15__112db21c.npz,103,ADLL,1,30,ASKL,2,0,1,0.5,0.43441781401634216,0,0,30,0
2023-01-09-15,/home/ubuntu/klb/nuclr/nuclr/Data/Atanas_SF_unified_000776/cv5_grouped_v1/fold_2/test/train__2023-01-09-15__112db21c.npz,105,RMEL,1,120,RMEL,1,1,1,1.0,0.9315482378005981,0,1,120,1
2023-01-09-15,/home/ubuntu/klb/nuclr/nuclr/Data/Atanas_SF_unified_000776/cv5_grouped_v1/fold_2/test/train__2023-01-09-15__112db21c.npz,106,AVHL,1,42,AVHL,1,1,1,1.0,0.957110583782196,0,1,42,1
2023-01-09-15,/home/ubuntu/klb/nuclr/nuclr/Data/Atanas_SF_unified_000776/cv5_grouped_v1/fold_2/test/train__2023-01-09-15__112db21c.npz,107,RID,1,104,RID,1,1,1,1.0,0.9565909504890442,0,1,104,1
2023-01-09-15,/home/ubuntu/klb/nuclr/nuclr/Data/Atanas_SF_unified_000776/cv5_grouped_v1/fold_2/test/train__2023-01-09-15__112db21c.npz,109,RIH,1,105,RIH,1,1,1,1.0,0.7285947203636169,0,1,105,1
2023-01-09-15,/home/ubuntu/klb/nuclr/nuclr/Data/Atanas_SF_unified_000776/cv5_grouped_v1/fold_2/test/train__2023-01-09-15__112db21c.npz,110,RIML,1,106,RIML,1,1,1,1.0,0.950108528137207,0,1,106,1
2023-01-09-15,/home/ubuntu/klb/nuclr/nuclr/Data/Atanas_SF_unified_000776/cv5_grouped_v1/fold_2/test/train__2023-01-09-15__112db21c.npz,112,RMDDR,1,114,RMDDR,1,1,1,1.0,0.915835976600647,0,1,114,1
2023-01-09-15,/home/ubuntu/klb/nuclr/nuclr/Data/Atanas_SF_unified_000776/cv5_grouped_v1/fold_2/test/train__2023-01-09-15__112db21c.npz,113,URXL,1,56,CEPDL,2,0,1,0.5,0.4692804217338562,0,0,145,1
2023-01-09-15,/home/ubuntu/klb/nuclr/nuclr/Data/Atanas_SF_unified_000776/cv5_grouped_v1/fold_2/test/train__2023-01-09-15__112db21c.npz,114,ADER,1,61,FLPR,2,0,1,0.5,0.1225118488073349,0,0,61,0
2023-01-09-15,/home/ubuntu/klb/nuclr/nuclr/Data/Atanas_SF_unified_000776/cv5_grouped_v1/fold_2/test/train__2023-01-09-15__112db21c.npz,116,M5,1,86,M5,1,1,1,1.0,0.847459077835083,0,1,86,1
2023-01-09-15,/home/ubuntu/klb/nuclr/nuclr/Data/Atanas_SF_unified_000776/cv5_grouped_v1/fold_2/test/train__2023-01-09-15__112db21c.npz,121,URYDL,1,147,URYDL,1,1,1,1.0,0.7494249939918518,0,1,147,1
2023-01-09-15,/home/ubuntu/klb/nuclr/nuclr/Data/Atanas_SF_unified_000776/cv5_grouped_v1/fold_2/test/train__2023-01-09-15__112db21c.npz,123,RIAL,1,98,RIAL,1,1,1,1.0,0.9475662112236023,0,1,98,1
2023-01-09-15,/home/ubuntu/klb/nuclr/nuclr/Data/Atanas_SF_unified_000776/cv5_grouped_v1/fold_2/test/train__2023-01-09-15__112db21c.npz,125,RIMR,1,107,RIMR,1,1,1,1.0,0.9363583922386169,0,1,107,1
2023-01-09-15,/home/ubuntu/klb/nuclr/nuclr/Data/Atanas_SF_unified_000776/cv5_grouped_v1/fold_2/test/train__2023-01-09-15__112db21c.npz,128,URADR,1,140,URADR,1,1,1,1.0,0.9501407146453857,0,1,140,1
2023-01-09-15,/home/ubuntu/klb/nuclr/nuclr/Data/Atanas_SF_unified_000776/cv5_grouped_v1/fold_2/test/train__2023-01-09-15__112db21c.npz,129,AVL,1,15,AIYL,20,0,0,0.05,7.28552834061702e-07,0,0,15,0
2023-01-09-15,/home/ubuntu/klb/nuclr/nuclr/Data/Atanas_SF_unified_000776/cv5_grouped_v1/fold_2/test/train__2023-01-09-15__112db21c.npz,130,RICR,1,103,RICR,1,1,1,1.0,0.2303762137889862,1,0,22,0
2023-01-09-15,/home/ubuntu/klb/nuclr/nuclr/Data/Atanas_SF_unified_000776/cv5_grouped_v1/fold_2/test/train__2023-01-09-15__112db21c.npz,132,MI,1,89,MI,1,1,1,1.0,0.9421223998069763,0,1,89,1
2023-01-09-15,/home/ubuntu/klb/nuclr/nuclr/Data/Atanas_SF_unified_000776/cv5_grouped_v1/fold_2/test/train__2023-01-09-15__112db21c.npz,133,ADLR,1,5,ADLR,1,1,1,1.0,0.9128538370132446,0,1,5,1
2023-01-09-15,/home/ubuntu/klb/nuclr/nuclr/Data/Atanas_SF_unified_000776/cv5_grouped_v1/fold_2/test/train__2023-01-09-15__112db21c.npz,136,IL1DL,1,70,IL1DL,1,1,1,1.0,0.6584423780441284,0,1,70,1
2023-01-09-15,/home/ubuntu/klb/nuclr/nuclr/Data/Atanas_SF_unified_000776/cv5_grouped_v1/fold_2/test/train__2023-01-09-15__112db21c.npz,137,URXR,1,57,CEPDR,2,0,1,0.5,0.17352475225925446,0,0,57,0
2023-01-09-15,/home/ubuntu/klb/nuclr/nuclr/Data/Atanas_SF_unified_000776/cv5_grouped_v1/fold_2/test/train__2023-01-09-15__112db21c.npz,140,M4,1,85,M4,1,1,1,1.0,0.8229799270629883,0,1,85,1
2023-01-09-15,/home/ubuntu/klb/nuclr/nuclr/Data/Atanas_SF_unified_000776/cv5_grouped_v1/fold_2/test/train__2023-01-09-15__112db21c.npz,141,RMEV,1,126,SAADL,2,0,1,0.5,0.07581985741853714,0,0,126,0
2023-01-09-15,/home/ubuntu/klb/nuclr/nuclr/Data/Atanas_SF_unified_000776/cv5_grouped_v1/fold_2/test/train__2023-01-09-15__112db21c.npz,143,IL1DR,1,119,RMED,9,0,0,0.1111111111111111,0.0020601425785571337,0,0,119,0
2023-01-09-15,/home/ubuntu/klb/nuclr/nuclr/Data/Atanas_SF_unified_000776/cv5_grouped_v1/fold_2/test/train__2023-01-09-15__112db21c.npz,144,FLPL,1,60,FLPL,1,1,1,1.0,0.9106586575508118,0,1,60,1
2023-01-09-15,/home/ubuntu/klb/nuclr/nuclr/Data/Atanas_SF_unified_000776/cv5_grouped_v1/fold_2/test/train__2023-01-09-15__112db21c.npz,145,SMBVR,1,12,AIMR,7,0,0,0.14285714285714285,0.0009286817512474954,0,0,12,0
2023-01-09-15,/home/ubuntu/klb/nuclr/nuclr/Data/Atanas_SF_unified_000776/cv5_grouped_v1/fold_2/test/train__2023-01-09-15__112db21c.npz,146,I2R,1,65,I2R,1,1,1,1.0,0.8906282186508179,0,1,65,1
2023-01-23-08,/home/ubuntu/klb/nuclr/nuclr/Data/Atanas_SF_unified_000776/cv5_grouped_v1/fold_2/test/train__2023-01-23-08__b1b65a53.npz,0,ADER,1,65,I2R,141,0,0,0.0070921985815602835,6.476716281104449e-26,1,0,73,0
2023-01-23-08,/home/ubuntu/klb/nuclr/nuclr/Data/Atanas_SF_unified_000776/cv5_grouped_v1/fold_2/test/train__2023-01-23-08__b1b65a53.npz,1,AVDL,1,149,URYVL,92,0,0,0.010869565217391304,3.716293952123672e-15,1,0,149,0
2023-01-23-08,/home/ubuntu/klb/nuclr/nuclr/Data/Atanas_SF_unified_000776/cv5_grouped_v1/fold_2/test/train__2023-01-23-08__b1b65a53.npz,3,AVJR,1,88,MCR,109,0,0,0.009174311926605505,6.980818329027172e-16,0,0,88,0
2023-01-23-08,/home/ubuntu/klb/nuclr/nuclr/Data/Atanas_SF_unified_000776/cv5_grouped_v1/fold_2/test/train__2023-01-23-08__b1b65a53.npz,4,IL1VL,1,27,ASIL,104,0,0,0.009615384615384616,4.827207368985026e-19,1,0,27,0
2023-01-23-08,/home/ubuntu/klb/nuclr/nuclr/Data/Atanas_SF_unified_000776/cv5_grouped_v1/fold_2/test/train__2023-01-23-08__b1b65a53.npz,5,AQR,1,77,IL2DR,138,0,0,0.007246376811594203,3.816581089239175e-27,0,0,77,0
2023-01-23-08,/home/ubuntu/klb/nuclr/nuclr/Data/Atanas_SF_unified_000776/cv5_grouped_v1/fold_2/test/train__2023-01-23-08__b1b65a53.npz,6,SAADL,1,19,ALA,86,0,0,0.011627906976744186,4.529495132915215e-15,0,0,19,0
2023-01-23-08,/home/ubuntu/klb/nuclr/nuclr/Data/Atanas_SF_unified_000776/cv5_grouped_v1/fold_2/test/train__2023-01-23-08__b1b65a53.npz,7,OLLR,1,49,AWAR,17,0,0,0.058823529411764705,3.662381232061307e-06,0,0,49,0
2023-01-23-08,/home/ubuntu/klb/nuclr/nuclr/Data/Atanas_SF_unified_000776/cv5_grouped_v1/fold_2/test/train__2023-01-23-08__b1b65a53.npz,8,AINL,1,64,I2L,143,0,0,0.006993006993006993,4.8663172635183254e-24,1,0,64,0
2023-01-23-08,/home/ubuntu/klb/nuclr/nuclr/Data/Atanas_SF_unified_000776/cv5_grouped_v1/fold_2/test/train__2023-01-23-08__b1b65a53.npz,9,RMDDR,1,144,URBR,66,0,0,0.015151515151515152,9.102326714582887e-08,1,0,144,0
2023-01-23-08,/home/ubuntu/klb/nuclr/nuclr/Data/Atanas_SF_unified_000776/cv5_grouped_v1/fold_2/test/train__2023-01-23-08__b1b65a53.npz,10,RIVR,1,91,NSMR,122,0,0,0.00819672131147541,2.6958389696535704e-21,0,0,91,0
2023-01-23-08,/home/ubuntu/klb/nuclr/nuclr/Data/Atanas_SF_unified_000776/cv5_grouped_v1/fold_2/test/train__2023-01-23-08__b1b65a53.npz,11,IL2R,1,110,RIS,84,0,0,0.011904761904761904,5.830119915485599e-13,1,0,110,0
2023-01-23-08,/home/ubuntu/klb/nuclr/nuclr/Data/Atanas_SF_unified_000776/cv5_grouped_v1/fold_2/test/train__2023-01-23-08__b1b65a53.npz,15,CEPVR,1,57,CEPDR,57,0,0,0.017543859649122806,1.2982885166240576e-12,0,0,57,0
2023-01-23-08,/home/ubuntu/klb/nuclr/nuclr/Data/Atanas_SF_unified_000776/cv5_grouped_v1/fold_2/test/train__2023-01-23-08__b1b65a53.npz,16,I1L,1,2,ADEL,134,0,0,0.007462686567164179,2.2691425564798716e-31,0,0,2,0
2023-01-23-08,/home/ubuntu/klb/nuclr/nuclr/Data/Atanas_SF_unified_000776/cv5_grouped_v1/fold_2/test/train__2023-01-23-08__b1b65a53.npz,17,AWBL,1,96,OLQVL,27,0,0,0.037037037037037035,2.987016841871082e-06,1,0,96,0
2023-01-23-08,/home/ubuntu/klb/nuclr/nuclr/Data/Atanas_SF_unified_000776/cv5_grouped_v1/fold_2/test/train__2023-01-23-08__b1b65a53.npz,19,BAGR,1,22,ASER,41,0,0,0.024390243902439025,4.035927148038354e-09,0,0,22,0
2023-01-23-08,/home/ubuntu/klb/nuclr/nuclr/Data/Atanas_SF_unified_000776/cv5_grouped_v1/fold_2/test/train__2023-01-23-08__b1b65a53.npz,20,SAADR,1,85,M4,84,0,0,0.011904761904761904,1.605157875293441e-16,1,0,147,0
2023-01-23-08,/home/ubuntu/klb/nuclr/nuclr/Data/Atanas_SF_unified_000776/cv5_grouped_v1/fold_2/test/train__2023-01-23-08__b1b65a53.npz,21,RIVL,1,74,IL1VL,136,0,0,0.007352941176470588,3.1137629874425553e-22,0,0,74,0
2023-01-23-08,/home/ubuntu/klb/nuclr/nuclr/Data/Atanas_SF_unified_000776/cv5_grouped_v1/fold_2/test/train__2023-01-23-08__b1b65a53.npz,26,URAVL,1,50,AWBL,121,0,0,0.008264462809917356,9.864726571934395e-22,0,0,50,0
2023-01-23-08,/home/ubuntu/klb/nuclr/nuclr/Data/Atanas_SF_unified_000776/cv5_grouped_v1/fold_2/test/train__2023-01-23-08__b1b65a53.npz,29,RMDVL,1,117,RMDVL,1,1,1,1.0,0.8904554843902588,0,1,117,1
2023-01-23-08,/home/ubuntu/klb/nuclr/nuclr/Data/Atanas_SF_unified_000776/cv5_grouped_v1/fold_2/test/train__2023-01-23-08__b1b65a53.npz,31,IL2DR,1,15,AIYL,146,0,0,0.00684931506849315,2.6501042553801247e-24,0,0,15,0
2023-01-23-08,/home/ubuntu/klb/nuclr/nuclr/Data/Atanas_SF_unified_000776/cv5_grouped_v1/fold_2/test/train__2023-01-23-08__b1b65a53.npz,32,IL2DL,1,113,RMDDL,149,0,0,0.006711409395973154,3.6909168813217335e-24,0,0,113,0
2023-01-23-08,/home/ubuntu/klb/nuclr/nuclr/Data/Atanas_SF_unified_000776/cv5_grouped_v1/fold_2/test/train__2023-01-23-08__b1b65a53.npz,34,FLPL,1,64,I2L,140,0,0,0.007142857142857143,2.1751306113084877e-25,1,0,108,0
2023-01-23-08,/home/ubuntu/klb/nuclr/nuclr/Data/Atanas_SF_unified_000776/cv5_grouped_v1/fold_2/test/train__2023-01-23-08__b1b65a53.npz,36,AIZL,1,139,URADL,130,0,0,0.007692307692307693,6.5790928497950915e-24,0,0,139,0
2023-01-23-08,/home/ubuntu/klb/nuclr/nuclr/Data/Atanas_SF_unified_000776/cv5_grouped_v1/fold_2/test/train__2023-01-23-08__b1b65a53.npz,37,IL1VR,1,86,M5,99,0,0,0.010101010101010102,1.8020486366106871e-19,1,0,86,0
2023-01-23-08,/home/ubuntu/klb/nuclr/nuclr/Data/Atanas_SF_unified_000776/cv5_grouped_v1/fold_2/test/train__2023-01-23-08__b1b65a53.npz,38,I2R,1,67,I4,130,0,0,0.007692307692307693,3.8577913339208285e-24,0,0,67,0
2023-01-23-08,/home/ubuntu/klb/nuclr/nuclr/Data/Atanas_SF_unified_000776/cv5_grouped_v1/fold_2/test/train__2023-01-23-08__b1b65a53.npz,40,URBL,1,38,AVDL,77,0,0,0.012987012987012988,1.9417596364583375e-16,0,0,38,0
2023-01-23-08,/home/ubuntu/klb/nuclr/nuclr/Data/Atanas_SF_unified_000776/cv5_grouped_v1/fold_2/test/train__2023-01-23-08__b1b65a53.npz,41,IL1DR,1,114,RMDDR,60,0,0,0.016666666666666666,2.5837200434697394e-11,0,0,127,0
2023-01-23-08,/home/ubuntu/klb/nuclr/nuclr/Data/Atanas_SF_unified_000776/cv5_grouped_v1/fold_2/test/train__2023-01-23-08__b1b65a53.npz,42,I4,1,91,NSMR,126,0,0,0.007936507936507936,9.780913788837167e-20,1,0,141,0
2023-01-23-08,/home/ubuntu/klb/nuclr/nuclr/Data/Atanas_SF_unified_000776/cv5_grouped_v1/fold_2/test/train__2023-01-23-08__b1b65a53.npz,43,AVDR,1,142,URAVR,62,0,0,0.016129032258064516,7.030274973285344e-11,0,0,142,0
2023-01-23-08,/home/ubuntu/klb/nuclr/nuclr/Data/Atanas_SF_unified_000776/cv5_grouped_v1/fold_2/test/train__2023-01-23-08__b1b65a53.npz,44,URXR,1,59,CEPVR,66,0,0,0.015151515151515152,2.6794048208454713e-13,0,0,59,0
2023-01-23-08,/home/ubuntu/klb/nuclr/nuclr/Data/Atanas_SF_unified_000776/cv5_grouped_v1/fold_2/test/train__2023-01-23-08__b1b65a53.npz,46,M3L,1,43,AVJL,121,0,0,0.008264462809917356,4.674966823612938e-24,0,0,43,0
2023-01-23-08,/home/ubuntu/klb/nuclr/nuclr/Data/Atanas_SF_unified_000776/cv5_grouped_v1/fold_2/test/train__2023-01-23-08__b1b65a53.npz,47,ASER,1,122,RMEV,54,0,0,0.018518518518518517,1.4196036346447727e-08,1,0,122,0
2023-01-23-08,/home/ubuntu/klb/nuclr/nuclr/Data/Atanas_SF_unified_000776/cv5_grouped_v1/fold_2/test/train__2023-01-23-08__b1b65a53.npz,48,AVEL,1,40,AVEL,1,1,1,1.0,0.6718940138816833,0,1,40,1
2023-01-23-08,/home/ubuntu/klb/nuclr/nuclr/Data/Atanas_SF_unified_000776/cv5_grouped_v1/fold_2/test/train__2023-01-23-08__b1b65a53.npz,49,IL1L,1,21,ASEL,100,0,0,0.01,3.3039448359397634e-20,0,0,21,0
2023-01-23-08,/home/ubuntu/klb/nuclr/nuclr/Data/Atanas_SF_unified_000776/cv5_grouped_v1/fold_2/test/train__2023-01-23-08__b1b65a53.npz,50,M3R,1,44,AVJR,130,0,0,0.007692307692307693,1.0850045699914235e-20,1,0,44,0
2023-01-23-08,/home/ubuntu/klb/nuclr/nuclr/Data/Atanas_SF_unified_000776/cv5_grouped_v1/fold_2/test/train__2023-01-23-08__b1b65a53.npz,51,ASIL,1,90,NSML,120,0,0,0.008333333333333333,2.0826831011042558e-20,0,0,90,0
2023-01-23-08,/home/ubuntu/klb/nuclr/nuclr/Data/Atanas_SF_unified_000776/cv5_grouped_v1/fold_2/test/train__2023-01-23-08__b1b65a53.npz,53,AINR,1,65,I2R,123,0,0,0.008130081300813009,1.507951414737027e-17,1,0,93,0
2023-01-23-08,/home/ubuntu/klb/nuclr/nuclr/Data/Atanas_SF_unified_000776/cv5_grouped_v1/fold_2/test/train__2023-01-23-08__b1b65a53.npz,54,M5,1,87,MCL,140,0,0,0.007142857142857143,6.734558607241746e-28,0,0,62,0
2023-01-23-08,/home/ubuntu/klb/nuclr/nuclr/Data/Atanas_SF_unified_000776/cv5_grouped_v1/fold_2/test/train__2023-01-23-08__b1b65a53.npz,55,AWCR,1,121,RMER,7,0,0,0.14285714285714285,0.000428749859565869,0,0,121,0
2023-01-23-08,/home/ubuntu/klb/nuclr/nuclr/Data/Atanas_SF_unified_000776/cv5_grouped_v1/fold_2/test/train__2023-01-23-08__b1b65a53.npz,56,RMDDL,1,76,IL2DL,79,0,0,0.012658227848101266,9.237971715717053e-14,0,0,76,0
2023-01-23-08,/home/ubuntu/klb/nuclr/nuclr/Data/Atanas_SF_unified_000776/cv5_grouped_v1/fold_2/test/train__2023-01-23-08__b1b65a53.npz,58,RMDVR,1,118,RMDVR,1,1,1,1.0,0.25189995765686035,1,0,118,1
2023-01-23-08,/home/ubuntu/klb/nuclr/nuclr/Data/Atanas_SF_unified_000776/cv5_grouped_v1/fold_2/test/train__2023-01-23-08__b1b65a53.npz,59,RIH,1,119,RMED,52,0,0,0.019230769230769232,3.1672282851946676e-11,0,0,119,0
2023-01-23-08,/home/ubuntu/klb/nuclr/nuclr/Data/Atanas_SF_unified_000776/cv5_grouped_v1/fold_2/test/train__2023-01-23-08__b1b65a53.npz,60,ASEL,1,72,IL1L,114,0,0,0.008771929824561403,2.2823694123594437e-19,0,0,72,0
2023-01-23-08,/home/ubuntu/klb/nuclr/nuclr/Data/Atanas_SF_unified_000776/cv5_grouped_v1/fold_2/test/train__2023-01-23-08__b1b65a53.npz,61,MCL,1,60,FLPL,142,0,0,0.007042253521126761,4.212524125098285e-31,0,0,60,0
2023-01-23-08,/home/ubuntu/klb/nuclr/nuclr/Data/Atanas_SF_unified_000776/cv5_grouped_v1/fold_2/test/train__2023-01-23-08__b1b65a53.npz,64,IL1DL,1,114,RMDDR,98,0,0,0.01020408163265306,7.743589603358917e-15,0,0,114,0
2023-01-23-08,/home/ubuntu/klb/nuclr/nuclr/Data/Atanas_SF_unified_000776/cv5_grouped_v1/fold_2/test/train__2023-01-23-08__b1b65a53.npz,66,RMER,1,53,AWCR,3,0,1,0.3333333333333333,0.02725151926279068,1,0,53,0
2023-01-23-08,/home/ubuntu/klb/nuclr/nuclr/Data/Atanas_SF_unified_000776/cv5_grouped_v1/fold_2/test/train__2023-01-23-08__b1b65a53.npz,68,NSML,1,60,FLPL,99,0,0,0.010101010101010102,2.06910602931736e-24,1,0,102,0
2023-01-23-08,/home/ubuntu/klb/nuclr/nuclr/Data/Atanas_SF_unified_000776/cv5_grouped_v1/fold_2/test/train__2023-01-23-08__b1b65a53.npz,69,BAGL,1,6,AFDL,4,0,1,0.25,0.01694808155298233,0,0,6,0
2023-01-23-08,/home/ubuntu/klb/nuclr/nuclr/Data/Atanas_SF_unified_000776/cv5_grouped_v1/fold_2/test/train__2023-01-23-08__b1b65a53.npz,70,SMBDR,1,85,M4,128,0,0,0.0078125,2.1901174893934897e-25,0,0,85,0
2023-01-23-08,/home/ubuntu/klb/nuclr/nuclr/Data/Atanas_SF_unified_000776/cv5_grouped_v1/fold_2/test/train__2023-01-23-08__b1b65a53.npz,71,I3,1,16,AIYR,131,0,0,0.007633587786259542,4.4347406130584104e-23,0,0,16,0
2023-01-23-08,/home/ubuntu/klb/nuclr/nuclr/Data/Atanas_SF_unified_000776/cv5_grouped_v1/fold_2/test/train__2023-01-23-08__b1b65a53.npz,74,ASGR,1,79,IL2R,34,0,0,0.029411764705882353,3.5050920388357554e-08,0,0,79,0
2023-01-23-08,/home/ubuntu/klb/nuclr/nuclr/Data/Atanas_SF_unified_000776/cv5_grouped_v1/fold_2/test/train__2023-01-23-08__b1b65a53.npz,75,NSMR,1,69,I6,146,0,0,0.00684931506849315,5.615397827663406e-28,1,0,69,0
2023-01-23-08,/home/ubuntu/klb/nuclr/nuclr/Data/Atanas_SF_unified_000776/cv5_grouped_v1/fold_2/test/train__2023-01-23-08__b1b65a53.npz,76,I6,1,87,MCL,120,0,0,0.008333333333333333,2.3392197183246876e-22,0,0,87,0
2023-01-23-08,/home/ubuntu/klb/nuclr/nuclr/Data/Atanas_SF_unified_000776/cv5_grouped_v1/fold_2/test/train__2023-01-23-08__b1b65a53.npz,78,CEPVL,1,56,CEPDL,16,0,0,0.0625,2.8348082196316682e-05,0,0,56,0
2023-01-23-08,/home/ubuntu/klb/nuclr/nuclr/Data/Atanas_SF_unified_000776/cv5_grouped_v1/fold_2/test/train__2023-01-23-08__b1b65a53.npz,80,CEPDL,1,80,IL2VL,45,0,0,0.022222222222222223,1.3448446523067759e-10,0,0,80,0
2023-01-23-08,/home/ubuntu/klb/nuclr/nuclr/Data/Atanas_SF_unified_000776/cv5_grouped_v1/fold_2/test/train__2023-01-23-08__b1b65a53.npz,82,URBR,1,51,AWBR,16,0,0,0.0625,1.3321242477104533e-05,1,0,51,0
2023-01-23-08,/home/ubuntu/klb/nuclr/nuclr/Data/Atanas_SF_unified_000776/cv5_grouped_v1/fold_2/test/train__2023-01-23-08__b1b65a53.npz,83,RID,1,105,RIH,100,0,0,0.01,2.7251703243878116e-15,1,0,105,0
2023-01-23-08,/home/ubuntu/klb/nuclr/nuclr/Data/Atanas_SF_unified_000776/cv5_grouped_v1/fold_2/test/train__2023-01-23-08__b1b65a53.npz,85,OLQVR,1,138,SMDVR,31,0,0,0.03225806451612903,5.695507070413441e-07,1,0,138,0
2023-01-23-08,/home/ubuntu/klb/nuclr/nuclr/Data/Atanas_SF_unified_000776/cv5_grouped_v1/fold_2/test/train__2023-01-23-08__b1b65a53.npz,86,RMDL,1,94,OLQDL,26,0,0,0.038461538461538464,2.7129383397550555e-06,0,0,94,0
2023-01-23-08,/home/ubuntu/klb/nuclr/nuclr/Data/Atanas_SF_unified_000776/cv5_grouped_v1/fold_2/test/train__2023-01-23-08__b1b65a53.npz,92,AVL,1,76,IL2DL,120,0,0,0.008333333333333333,2.6519852942086242e-24,0,0,70,0
2023-01-23-08,/home/ubuntu/klb/nuclr/nuclr/Data/Atanas_SF_unified_000776/cv5_grouped_v1/fold_2/test/train__2023-01-23-08__b1b65a53.npz,93,RMDR,1,116,RMDR,1,1,1,1.0,0.28009524941444397,0,1,116,1
2023-01-23-08,/home/ubuntu/klb/nuclr/nuclr/Data/Atanas_SF_unified_000776/cv5_grouped_v1/fold_2/test/train__2023-01-23-08__b1b65a53.npz,94,SMDDL,1,104,RID,113,0,0,0.008849557522123894,4.5404386364663405e-18,0,0,34,0
2023-01-23-08,/home/ubuntu/klb/nuclr/nuclr/Data/Atanas_SF_unified_000776/cv5_grouped_v1/fold_2/test/train__2023-01-23-08__b1b65a53.npz,96,IL2L,1,23,ASGL,94,0,0,0.010638297872340425,5.0041705635242875e-18,1,0,23,0
2023-01-23-08,/home/ubuntu/klb/nuclr/nuclr/Data/Atanas_SF_unified_000776/cv5_grouped_v1/fold_2/test/train__2023-01-23-08__b1b65a53.npz,97,RICL,1,139,URADL,134,0,0,0.007462686567164179,1.268345724334865e-25,1,0,89,0
2023-01-23-08,/home/ubuntu/klb/nuclr/nuclr/Data/Atanas_SF_unified_000776/cv5_grouped_v1/fold_2/test/train__2023-01-23-08__b1b65a53.npz,99,AWCL,1,120,RMEL,54,0,0,0.018518518518518517,2.1466415450754894e-11,0,0,120,0
2023-01-23-08,/home/ubuntu/klb/nuclr/nuclr/Data/Atanas_SF_unified_000776/cv5_grouped_v1/fold_2/test/train__2023-01-23-08__b1b65a53.npz,101,AIZR,1,140,URADR,80,0,0,0.0125,6.258338573934819e-13,1,0,140,0
2023-01-23-08,/home/ubuntu/klb/nuclr/nuclr/Data/Atanas_SF_unified_000776/cv5_grouped_v1/fold_2/test/train__2023-01-23-08__b1b65a53.npz,102,M4,1,7,AIAL,148,0,0,0.006756756756756757,4.1969750998596355e-19,1,0,7,0
2023-01-23-08,/home/ubuntu/klb/nuclr/nuclr/Data/Atanas_SF_unified_000776/cv5_grouped_v1/fold_2/test/train__2023-01-23-08__b1b65a53.npz,106,M1,1,65,I2R,116,0,0,0.008620689655172414,4.5054954383895006e-20,0,0,65,0
2023-01-23-08,/home/ubuntu/klb/nuclr/nuclr/Data/Atanas_SF_unified_000776/cv5_grouped_v1/fold_2/test/train__2023-01-23-08__b1b65a53.npz,109,AUAL,1,92,OLLL,64,0,0,0.015625,4.249361279518027e-13,0,0,92,0
2023-01-23-08,/home/ubuntu/klb/nuclr/nuclr/Data/Atanas_SF_unified_000776/cv5_grouped_v1/fold_2/test/train__2023-01-23-08__b1b65a53.npz,110,AIBR,1,150,URYVR,20,0,0,0.05,1.6949987866610172e-06,0,0,150,0
2023-01-23-08,/home/ubuntu/klb/nuclr/nuclr/Data/Atanas_SF_unified_000776/cv5_grouped_v1/fold_2/test/train__2023-01-23-08__b1b65a53.npz,115,RMEL,1,52,AWCL,4,0,1,0.25,0.0010937282349914312,0,0,52,0
2023-01-23-08,/home/ubuntu/klb/nuclr/nuclr/Data/Atanas_SF_unified_000776/cv5_grouped_v1/fold_2/test/train__2023-01-23-08__b1b65a53.npz,117,CEPDR,1,142,URAVR,58,0,0,0.017241379310344827,1.938959236225113e-11,1,0,81,0
2023-01-23-08,/home/ubuntu/klb/nuclr/nuclr/Data/Atanas_SF_unified_000776/cv5_grouped_v1/fold_2/test/train__2023-01-23-08__b1b65a53.npz,119,AIMR,1,148,URYDR,126,0,0,0.007936507936507936,1.6006510387284038e-24,0,0,148,0
2023-01-23-08,/home/ubuntu/klb/nuclr/nuclr/Data/Atanas_SF_unified_000776/cv5_grouped_v1/fold_2/test/train__2023-01-23-08__b1b65a53.npz,120,SMDDR,1,104,RID,115,0,0,0.008695652173913044,2.5246391883440146e-18,0,0,104,0
2023-01-23-08,/home/ubuntu/klb/nuclr/nuclr/Data/Atanas_SF_unified_000776/cv5_grouped_v1/fold_2/test/train__2023-01-23-08__b1b65a53.npz,121,AVJL,1,143,URBL,117,0,0,0.008547008547008548,3.8093091509684164e-19,0,0,143,0
2023-01-23-08,/home/ubuntu/klb/nuclr/nuclr/Data/Atanas_SF_unified_000776/cv5_grouped_v1/fold_2/test/train__2023-01-23-08__b1b65a53.npz,122,OLQDL,1,135,SMDDL,71,0,0,0.014084507042253521,5.749632117391405e-15,0,0,135,0
2023-01-23-08,/home/ubuntu/klb/nuclr/nuclr/Data/Atanas_SF_unified_000776/cv5_grouped_v1/fold_2/test/train__2023-01-23-08__b1b65a53.npz,123,I2L,1,13,AINL,139,0,0,0.007194244604316547,9.699081941459589e-31,0,0,13,0
2023-01-23-08,/home/ubuntu/klb/nuclr/nuclr/Data/Atanas_SF_unified_000776/cv5_grouped_v1/fold_2/test/train__2023-01-23-08__b1b65a53.npz,124,SMDVR,1,97,OLQVR,37,0,0,0.02702702702702703,9.101649567355707e-08,0,0,97,0
2023-01-23-08,/home/ubuntu/klb/nuclr/nuclr/Data/Atanas_SF_unified_000776/cv5_grouped_v1/fold_2/test/train__2023-01-23-08__b1b65a53.npz,126,MCR,1,61,FLPR,140,0,0,0.007142857142857143,2.09878528653215e-28,1,0,36,0
2023-01-23-08,/home/ubuntu/klb/nuclr/nuclr/Data/Atanas_SF_unified_000776/cv5_grouped_v1/fold_2/test/train__2023-01-23-08__b1b65a53.npz,129,I1R,1,2,ADEL,131,0,0,0.007633587786259542,3.161450596380591e-27,1,0,61,0
2023-01-23-08,/home/ubuntu/klb/nuclr/nuclr/Data/Atanas_SF_unified_000776/cv5_grouped_v1/fold_2/test/train__2023-01-23-08__b1b65a53.npz,131,IL1R,1,112,RIVR,53,0,0,0.018867924528301886,3.712332091038162e-12,0,0,112,0
2023-01-23-08,/home/ubuntu/klb/nuclr/nuclr/Data/Atanas_SF_unified_000776/cv5_grouped_v1/fold_2/test/train__2023-01-23-08__b1b65a53.npz,134,ASGL,1,72,IL1L,70,0,0,0.014285714285714285,2.1376190748045865e-12,0,0,78,0
2023-01-23-08,/home/ubuntu/klb/nuclr/nuclr/Data/Atanas_SF_unified_000776/cv5_grouped_v1/fold_2/test/train__2023-01-23-08__b1b65a53.npz,135,URYVR,1,28,ASIR,84,0,0,0.011904761904761904,1.857171617623073e-15,1,0,28,0
2023-01-23-08,/home/ubuntu/klb/nuclr/nuclr/Data/Atanas_SF_unified_000776/cv5_grouped_v1/fold_2/test/train__2023-01-23-08__b1b65a53.npz,137,OLLL,1,115,RMDL,22,0,0,0.045454545454545456,3.966815498301912e-08,0,0,115,0
2023-01-23-08,/home/ubuntu/klb/nuclr/nuclr/Data/Atanas_SF_unified_000776/cv5_grouped_v1/fold_2/test/train__2023-01-23-08__b1b65a53.npz,138,OLQDR,1,136,SMDDR,58,0,0,0.017241379310344827,6.656584138065025e-12,0,0,136,0
2023-01-23-08,/home/ubuntu/klb/nuclr/nuclr/Data/Atanas_SF_unified_000776/cv5_grouped_v1/fold_2/test/train__2023-01-23-08__b1b65a53.npz,141,SMDVL,1,58,CEPVL,55,0,0,0.01818181818181818,1.0397031152686864e-10,0,0,58,0
2023-01-23-08,/home/ubuntu/klb/nuclr/nuclr/Data/Atanas_SF_unified_000776/cv5_grouped_v1/fold_2/test/train__2023-01-23-08__b1b65a53.npz,142,URXL,1,83,M3L,48,0,0,0.020833333333333332,1.247715125662907e-10,0,0,83,0
2023-01-23-21,/home/ubuntu/klb/nuclr/nuclr/Data/Atanas_SF_unified_000776/cv5_grouped_v1/fold_2/test/train__2023-01-23-21__2b2ef56d.npz,0,AVEL,1,40,AVEL,1,1,1,1.0,0.9599801898002625,0,1,40,1
2023-01-23-21,/home/ubuntu/klb/nuclr/nuclr/Data/Atanas_SF_unified_000776/cv5_grouped_v1/fold_2/test/train__2023-01-23-21__2b2ef56d.npz,2,RMEL,1,120,RMEL,1,1,1,1.0,0.9611014723777771,0,1,120,1
2023-01-23-21,/home/ubuntu/klb/nuclr/nuclr/Data/Atanas_SF_unified_000776/cv5_grouped_v1/fold_2/test/train__2023-01-23-21__2b2ef56d.npz,3,AWAR,1,116,RMDR,2,0,1,0.5,0.2142680585384369,0,0,116,0
2023-01-23-21,/home/ubuntu/klb/nuclr/nuclr/Data/Atanas_SF_unified_000776/cv5_grouped_v1/fold_2/test/train__2023-01-23-21__2b2ef56d.npz,4,URYDL,1,147,URYDL,1,1,1,1.0,0.8864777684211731,0,1,147,1
2023-01-23-21,/home/ubuntu/klb/nuclr/nuclr/Data/Atanas_SF_unified_000776/cv5_grouped_v1/fold_2/test/train__2023-01-23-21__2b2ef56d.npz,5,I2L,1,64,I2L,1,1,1,1.0,0.9081467390060425,0,1,64,1
2023-01-23-21,/home/ubuntu/klb/nuclr/nuclr/Data/Atanas_SF_unified_000776/cv5_grouped_v1/fold_2/test/train__2023-01-23-21__2b2ef56d.npz,6,SAAVL,1,128,SAAVL,1,1,1,1.0,0.9588241577148438,0,1,128,1
2023-01-23-21,/home/ubuntu/klb/nuclr/nuclr/Data/Atanas_SF_unified_000776/cv5_grouped_v1/fold_2/test/train__2023-01-23-21__2b2ef56d.npz,7,I1R,1,63,I1R,1,1,1,1.0,0.9587725400924683,0,1,63,1
2023-01-23-21,/home/ubuntu/klb/nuclr/nuclr/Data/Atanas_SF_unified_000776/cv5_grouped_v1/fold_2/test/train__2023-01-23-21__2b2ef56d.npz,8,RMDR,1,105,RIH,9,0,0,0.1111111111111111,0.0014464259147644043,0,0,105,0
2023-01-23-21,/home/ubuntu/klb/nuclr/nuclr/Data/Atanas_SF_unified_000776/cv5_grouped_v1/fold_2/test/train__2023-01-23-21__2b2ef56d.npz,9,IL1DL,1,70,IL1DL,1,1,1,1.0,0.940752387046814,0,1,70,1
2023-01-23-21,/home/ubuntu/klb/nuclr/nuclr/Data/Atanas_SF_unified_000776/cv5_grouped_v1/fold_2/test/train__2023-01-23-21__2b2ef56d.npz,10,URYDR,1,148,URYDR,1,1,1,1.0,0.7283689379692078,0,1,148,1
2023-01-23-21,/home/ubuntu/klb/nuclr/nuclr/Data/Atanas_SF_unified_000776/cv5_grouped_v1/fold_2/test/train__2023-01-23-21__2b2ef56d.npz,11,SIBVL,0,8,AIAR,,0,0,0.0,,0,0,8,0
2023-01-23-21,/home/ubuntu/klb/nuclr/nuclr/Data/Atanas_SF_unified_000776/cv5_grouped_v1/fold_2/test/train__2023-01-23-21__2b2ef56d.npz,13,RMER,1,121,RMER,1,1,1,1.0,0.9599207043647766,0,1,121,1
2023-01-23-21,/home/ubuntu/klb/nuclr/nuclr/Data/Atanas_SF_unified_000776/cv5_grouped_v1/fold_2/test/train__2023-01-23-21__2b2ef56d.npz,15,SMDVR,1,138,SMDVR,1,1,1,1.0,0.7187427878379822,0,1,138,1
2023-01-23-21,/home/ubuntu/klb/nuclr/nuclr/Data/Atanas_SF_unified_000776/cv5_grouped_v1/fold_2/test/train__2023-01-23-21__2b2ef56d.npz,16,RIAR,1,99,RIAR,1,1,1,1.0,0.6918178796768188,0,1,99,1
2023-01-23-21,/home/ubuntu/klb/nuclr/nuclr/Data/Atanas_SF_unified_000776/cv5_grouped_v1/fold_2/test/train__2023-01-23-21__2b2ef56d.npz,17,SAADL,1,98,RIAL,12,0,0,0.08333333333333333,1.4663971342088189e-05,1,0,98,0
2023-01-23-21,/home/ubuntu/klb/nuclr/nuclr/Data/Atanas_SF_unified_000776/cv5_grouped_v1/fold_2/test/train__2023-01-23-21__2b2ef56d.npz,18,M3R,1,73,IL1R,18,0,0,0.05555555555555555,2.292173206797088e-08,0,0,73,0
2023-01-23-21,/home/ubuntu/klb/nuclr/nuclr/Data/Atanas_SF_unified_000776/cv5_grouped_v1/fold_2/test/train__2023-01-23-21__2b2ef56d.npz,19,RICR,1,61,FLPR,2,0,1,0.5,0.13856454193592072,0,0,61,0
2023-01-23-21,/home/ubuntu/klb/nuclr/nuclr/Data/Atanas_SF_unified_000776/cv5_grouped_v1/fold_2/test/train__2023-01-23-21__2b2ef56d.npz,21,ADAL,1,2,ADEL,4,0,1,0.25,0.01337942760437727,0,0,2,0
2023-01-23-21,/home/ubuntu/klb/nuclr/nuclr/Data/Atanas_SF_unified_000776/cv5_grouped_v1/fold_2/test/train__2023-01-23-21__2b2ef56d.npz,24,RMDVR,1,118,RMDVR,1,1,1,1.0,0.9589919447898865,0,1,118,1
2023-01-23-21,/home/ubuntu/klb/nuclr/nuclr/Data/Atanas_SF_unified_000776/cv5_grouped_v1/fold_2/test/train__2023-01-23-21__2b2ef56d.npz,25,AIBL,1,9,AIBL,1,1,1,1.0,0.9599298238754272,0,1,9,1
2023-01-23-21,/home/ubuntu/klb/nuclr/nuclr/Data/Atanas_SF_unified_000776/cv5_grouped_v1/fold_2/test/train__2023-01-23-21__2b2ef56d.npz,29,OLQVL,1,96,OLQVL,1,1,1,1.0,0.43571922183036804,0,1,96,1
2023-01-23-21,/home/ubuntu/klb/nuclr/nuclr/Data/Atanas_SF_unified_000776/cv5_grouped_v1/fold_2/test/train__2023-01-23-21__2b2ef56d.npz,30,RMEV,1,122,RMEV,1,1,1,1.0,0.8431985378265381,0,1,122,1
2023-01-23-21,/home/ubuntu/klb/nuclr/nuclr/Data/Atanas_SF_unified_000776/cv5_grouped_v1/fold_2/test/train__2023-01-23-21__2b2ef56d.npz,31,OLLL,1,92,OLLL,1,1,1,1.0,0.9242350459098816,0,1,92,1
2023-01-23-21,/home/ubuntu/klb/nuclr/nuclr/Data/Atanas_SF_unified_000776/cv5_grouped_v1/fold_2/test/train__2023-01-23-21__2b2ef56d.npz,32,RMDL,1,115,RMDL,1,1,1,1.0,0.8926494717597961,0,1,115,1
2023-01-23-21,/home/ubuntu/klb/nuclr/nuclr/Data/Atanas_SF_unified_000776/cv5_grouped_v1/fold_2/test/train__2023-01-23-21__2b2ef56d.npz,33,RMDDL,1,113,RMDDL,1,1,1,1.0,0.9595426917076111,0,1,113,1
2023-01-23-21,/home/ubuntu/klb/nuclr/nuclr/Data/Atanas_SF_unified_000776/cv5_grouped_v1/fold_2/test/train__2023-01-23-21__2b2ef56d.npz,34,NSMR,1,91,NSMR,1,1,1,1.0,0.8669345378875732,0,1,91,1
2023-01-23-21,/home/ubuntu/klb/nuclr/nuclr/Data/Atanas_SF_unified_000776/cv5_grouped_v1/fold_2/test/train__2023-01-23-21__2b2ef56d.npz,35,AIZL,1,17,AIZL,1,1,1,1.0,0.9557662606239319,0,1,17,1
2023-01-23-21,/home/ubuntu/klb/nuclr/nuclr/Data/Atanas_SF_unified_000776/cv5_grouped_v1/fold_2/test/train__2023-01-23-21__2b2ef56d.npz,36,AVDR,1,44,AVJR,6,0,0,0.16666666666666666,1.1798956620623358e-05,0,0,44,0
2023-01-23-21,/home/ubuntu/klb/nuclr/nuclr/Data/Atanas_SF_unified_000776/cv5_grouped_v1/fold_2/test/train__2023-01-23-21__2b2ef56d.npz,37,URXR,1,57,CEPDR,2,0,1,0.5,0.07046272605657578,0,0,57,0
2023-01-23-21,/home/ubuntu/klb/nuclr/nuclr/Data/Atanas_SF_unified_000776/cv5_grouped_v1/fold_2/test/train__2023-01-23-21__2b2ef56d.npz,39,AIZR,1,103,RICR,2,0,1,0.5,0.11406011879444122,0,0,103,0
2023-01-23-21,/home/ubuntu/klb/nuclr/nuclr/Data/Atanas_SF_unified_000776/cv5_grouped_v1/fold_2/test/train__2023-01-23-21__2b2ef56d.npz,40,AVAL,1,34,AVAL,1,1,1,1.0,0.9619909524917603,0,1,34,1
2023-01-23-21,/home/ubuntu/klb/nuclr/nuclr/Data/Atanas_SF_unified_000776/cv5_grouped_v1/fold_2/test/train__2023-01-23-21__2b2ef56d.npz,41,IL2DL,1,76,IL2DL,1,1,1,1.0,0.7997478246688843,0,1,76,1
2023-01-23-21,/home/ubuntu/klb/nuclr/nuclr/Data/Atanas_SF_unified_000776/cv5_grouped_v1/fold_2/test/train__2023-01-23-21__2b2ef56d.npz,42,RID,1,104,RID,1,1,1,1.0,0.9610263109207153,0,1,104,1
2023-01-23-21,/home/ubuntu/klb/nuclr/nuclr/Data/Atanas_SF_unified_000776/cv5_grouped_v1/fold_2/test/train__2023-01-23-21__2b2ef56d.npz,43,AQR,1,20,AQR,1,1,1,1.0,0.8322103023529053,0,1,20,1
2023-01-23-21,/home/ubuntu/klb/nuclr/nuclr/Data/Atanas_SF_unified_000776/cv5_grouped_v1/fold_2/test/train__2023-01-23-21__2b2ef56d.npz,44,CEPDL,1,145,URXL,2,0,1,0.5,0.30092939734458923,0,0,145,0
2023-01-23-21,/home/ubuntu/klb/nuclr/nuclr/Data/Atanas_SF_unified_000776/cv5_grouped_v1/fold_2/test/train__2023-01-23-21__2b2ef56d.npz,45,AVAR,1,35,AVAR,1,1,1,1.0,0.9616313576698303,0,1,35,1
2023-01-23-21,/home/ubuntu/klb/nuclr/nuclr/Data/Atanas_SF_unified_000776/cv5_grouped_v1/fold_2/test/train__2023-01-23-21__2b2ef56d.npz,47,RIBL,1,36,AVBL,2,0,1,0.5,0.1640482246875763,0,0,36,0
2023-01-23-21,/home/ubuntu/klb/nuclr/nuclr/Data/Atanas_SF_unified_000776/cv5_grouped_v1/fold_2/test/train__2023-01-23-21__2b2ef56d.npz,48,I2R,1,65,I2R,1,1,1,1.0,0.8687383532524109,0,1,65,1
2023-01-23-21,/home/ubuntu/klb/nuclr/nuclr/Data/Atanas_SF_unified_000776/cv5_grouped_v1/fold_2/test/train__2023-01-23-21__2b2ef56d.npz,51,AVDL,1,43,AVJL,2,0,1,0.5,0.396592378616333,0,0,43,0
2023-01-23-21,/home/ubuntu/klb/nuclr/nuclr/Data/Atanas_SF_unified_000776/cv5_grouped_v1/fold_2/test/train__2023-01-23-21__2b2ef56d.npz,53,AVJR,1,39,AVDR,2,0,1,0.5,0.0700223445892334,0,0,39,0
2023-01-23-21,/home/ubuntu/klb/nuclr/nuclr/Data/Atanas_SF_unified_000776/cv5_grouped_v1/fold_2/test/train__2023-01-23-21__2b2ef56d.npz,54,IL2L,1,83,M3L,4,0,1,0.25,0.021054839715361595,0,0,83,0
2023-01-23-21,/home/ubuntu/klb/nuclr/nuclr/Data/Atanas_SF_unified_000776/cv5_grouped_v1/fold_2/test/train__2023-01-23-21__2b2ef56d.npz,55,NSML,1,78,IL2L,9,0,0,0.1111111111111111,0.00013427733210846782,0,0,78,0
2023-01-23-21,/home/ubuntu/klb/nuclr/nuclr/Data/Atanas_SF_unified_000776/cv5_grouped_v1/fold_2/test/train__2023-01-23-21__2b2ef56d.npz,58,AINR,1,14,AINR,1,1,1,1.0,0.9556500315666199,0,1,14,1
2023-01-23-21,/home/ubuntu/klb/nuclr/nuclr/Data/Atanas_SF_unified_000776/cv5_grouped_v1/fold_2/test/train__2023-01-23-21__2b2ef56d.npz,60,RIMR,1,107,RIMR,1,1,1,1.0,0.9598392248153687,0,1,107,1
2023-01-23-21,/home/ubuntu/klb/nuclr/nuclr/Data/Atanas_SF_unified_000776/cv5_grouped_v1/fold_2/test/train__2023-01-23-21__2b2ef56d.npz,62,M4,1,85,M4,1,1,1,1.0,0.9337265491485596,0,1,85,1
2023-01-23-21,/home/ubuntu/klb/nuclr/nuclr/Data/Atanas_SF_unified_000776/cv5_grouped_v1/fold_2/test/train__2023-01-23-21__2b2ef56d.npz,65,AIYR,1,16,AIYR,1,1,1,1.0,0.6549324989318848,0,1,16,1
2023-01-23-21,/home/ubuntu/klb/nuclr/nuclr/Data/Atanas_SF_unified_000776/cv5_grouped_v1/fold_2/test/train__2023-01-23-21__2b2ef56d.npz,66,CEPVL,1,58,CEPVL,1,1,1,1.0,0.9332467317581177,0,1,58,1
2023-01-23-21,/home/ubuntu/klb/nuclr/nuclr/Data/Atanas_SF_unified_000776/cv5_grouped_v1/fold_2/test/train__2023-01-23-21__2b2ef56d.npz,67,IL2R,1,79,IL2R,1,1,1,1.0,0.9446834921836853,0,1,79,1
2023-01-23-21,/home/ubuntu/klb/nuclr/nuclr/Data/Atanas_SF_unified_000776/cv5_grouped_v1/fold_2/test/train__2023-01-23-21__2b2ef56d.npz,68,AWCR,1,53,AWCR,1,1,1,1.0,0.7030086517333984,0,1,53,1
2023-01-23-21,/home/ubuntu/klb/nuclr/nuclr/Data/Atanas_SF_unified_000776/cv5_grouped_v1/fold_2/test/train__2023-01-23-21__2b2ef56d.npz,69,AWBR,1,33,AUAR,7,0,0,0.14285714285714285,0.00030460976995527744,0,0,33,0
2023-01-23-21,/home/ubuntu/klb/nuclr/nuclr/Data/Atanas_SF_unified_000776/cv5_grouped_v1/fold_2/test/train__2023-01-23-21__2b2ef56d.npz,70,OLQDR,1,95,OLQDR,1,1,1,1.0,0.7292986512184143,0,1,95,1
2023-01-23-21,/home/ubuntu/klb/nuclr/nuclr/Data/Atanas_SF_unified_000776/cv5_grouped_v1/fold_2/test/train__2023-01-23-21__2b2ef56d.npz,71,IL1L,1,72,IL1L,1,1,1,1.0,0.6184765696525574,0,1,72,1
2023-01-23-21,/home/ubuntu/klb/nuclr/nuclr/Data/Atanas_SF_unified_000776/cv5_grouped_v1/fold_2/test/train__2023-01-23-21__2b2ef56d.npz,72,URYVR,1,149,URYVL,3,0,1,0.3333333333333333,0.021980557590723038,1,0,55,0
2023-01-23-21,/home/ubuntu/klb/nuclr/nuclr/Data/Atanas_SF_unified_000776/cv5_grouped_v1/fold_2/test/train__2023-01-23-21__2b2ef56d.npz,73,MCR,1,77,IL2DR,6,0,0,0.16666666666666666,0.004989315290004015,0,0,77,0
2023-01-23-21,/home/ubuntu/klb/nuclr/nuclr/Data/Atanas_SF_unified_000776/cv5_grouped_v1/fold_2/test/train__2023-01-23-21__2b2ef56d.npz,74,AUAL,1,32,AUAL,1,1,1,1.0,0.7708557844161987,0,1,32,1
2023-01-23-21,/home/ubuntu/klb/nuclr/nuclr/Data/Atanas_SF_unified_000776/cv5_grouped_v1/fold_2/test/train__2023-01-23-21__2b2ef56d.npz,75,AWAL,1,48,AWAL,1,1,1,1.0,0.9558765888214111,0,1,48,1
2023-01-23-21,/home/ubuntu/klb/nuclr/nuclr/Data/Atanas_SF_unified_000776/cv5_grouped_v1/fold_2/test/train__2023-01-23-21__2b2ef56d.npz,76,RMDVL,1,117,RMDVL,1,1,1,1.0,0.9259302616119385,0,1,117,1
2023-01-23-21,/home/ubuntu/klb/nuclr/nuclr/Data/Atanas_SF_unified_000776/cv5_grouped_v1/fold_2/test/train__2023-01-23-21__2b2ef56d.npz,77,RMGL,1,124,RMGL,1,1,1,1.0,0.44482603669166565,0,1,124,1
2023-01-23-21,/home/ubuntu/klb/nuclr/nuclr/Data/Atanas_SF_unified_000776/cv5_grouped_v1/fold_2/test/train__2023-01-23-21__2b2ef56d.npz,78,M3L,1,84,M3R,15,0,0,0.06666666666666667,5.4785690650760444e-08,0,0,84,0
2023-01-23-21,/home/ubuntu/klb/nuclr/nuclr/Data/Atanas_SF_unified_000776/cv5_grouped_v1/fold_2/test/train__2023-01-23-21__2b2ef56d.npz,80,IL2VL,1,80,IL2VL,1,1,1,1.0,0.9403455853462219,0,1,80,1
2023-01-23-21,/home/ubuntu/klb/nuclr/nuclr/Data/Atanas_SF_unified_000776/cv5_grouped_v1/fold_2/test/train__2023-01-23-21__2b2ef56d.npz,81,FLPL,1,60,FLPL,1,1,1,1.0,0.786962628364563,0,1,60,1
2023-01-23-21,/home/ubuntu/klb/nuclr/nuclr/Data/Atanas_SF_unified_000776/cv5_grouped_v1/fold_2/test/train__2023-01-23-21__2b2ef56d.npz,82,AVER,1,41,AVER,1,1,1,1.0,0.9448753595352173,0,1,41,1
2023-01-23-21,/home/ubuntu/klb/nuclr/nuclr/Data/Atanas_SF_unified_000776/cv5_grouped_v1/fold_2/test/train__2023-01-23-21__2b2ef56d.npz,83,RIVR,1,112,RIVR,1,1,1,1.0,0.9576631188392639,0,1,112,1
2023-01-23-21,/home/ubuntu/klb/nuclr/nuclr/Data/Atanas_SF_unified_000776/cv5_grouped_v1/fold_2/test/train__2023-01-23-21__2b2ef56d.npz,84,I3,1,66,I3,1,1,1,1.0,0.941874086856842,0,1,66,1
2023-01-23-21,/home/ubuntu/klb/nuclr/nuclr/Data/Atanas_SF_unified_000776/cv5_grouped_v1/fold_2/test/train__2023-01-23-21__2b2ef56d.npz,85,AIBR,1,10,AIBR,1,1,1,1.0,0.8161349296569824,0,1,10,1
2023-01-23-21,/home/ubuntu/klb/nuclr/nuclr/Data/Atanas_SF_unified_000776/cv5_grouped_v1/fold_2/test/train__2023-01-23-21__2b2ef56d.npz,86,RMDDR,1,136,SMDDR,2,0,1,0.5,0.16594509780406952,0,0,136,0
2023-01-23-21,/home/ubuntu/klb/nuclr/nuclr/Data/Atanas_SF_unified_000776/cv5_grouped_v1/fold_2/test/train__2023-01-23-21__2b2ef56d.npz,89,I1L,1,62,I1L,1,1,1,1.0,0.6847471594810486,0,1,62,1
2023-01-23-21,/home/ubuntu/klb/nuclr/nuclr/Data/Atanas_SF_unified_000776/cv5_grouped_v1/fold_2/test/train__2023-01-23-21__2b2ef56d.npz,90,URXL,1,56,CEPDL,2,0,1,0.5,0.3236071765422821,0,0,56,0
2023-01-23-21,/home/ubuntu/klb/nuclr/nuclr/Data/Atanas_SF_unified_000776/cv5_grouped_v1/fold_2/test/train__2023-01-23-21__2b2ef56d.npz,91,CEPVR,1,75,IL1VR,2,0,1,0.5,0.21691031754016876,0,0,75,0
2023-01-23-21,/home/ubuntu/klb/nuclr/nuclr/Data/Atanas_SF_unified_000776/cv5_grouped_v1/fold_2/test/train__2023-01-23-21__2b2ef56d.npz,94,IL1DR,1,71,IL1DR,1,1,1,1.0,0.959004282951355,0,1,71,1
2023-01-23-21,/home/ubuntu/klb/nuclr/nuclr/Data/Atanas_SF_unified_000776/cv5_grouped_v1/fold_2/test/train__2023-01-23-21__2b2ef56d.npz,95,OLQDL,1,94,OLQDL,1,1,1,1.0,0.7771236300468445,0,1,94,1
2023-01-23-21,/home/ubuntu/klb/nuclr/nuclr/Data/Atanas_SF_unified_000776/cv5_grouped_v1/fold_2/test/train__2023-01-23-21__2b2ef56d.npz,96,IL2VR,1,81,IL2VR,1,1,1,1.0,0.9589000940322876,0,1,81,1
2023-01-23-21,/home/ubuntu/klb/nuclr/nuclr/Data/Atanas_SF_unified_000776/cv5_grouped_v1/fold_2/test/train__2023-01-23-21__2b2ef56d.npz,98,RMED,1,119,RMED,1,1,1,1.0,0.9587931036949158,0,1,119,1
2023-01-23-21,/home/ubuntu/klb/nuclr/nuclr/Data/Atanas_SF_unified_000776/cv5_grouped_v1/fold_2/test/train__2023-01-23-21__2b2ef56d.npz,99,URBL,1,143,URBL,1,1,1,1.0,0.8803054094314575,0,1,143,1
2023-01-23-21,/home/ubuntu/klb/nuclr/nuclr/Data/Atanas_SF_unified_000776/cv5_grouped_v1/fold_2/test/train__2023-01-23-21__2b2ef56d.npz,100,ASGL,1,23,ASGL,1,1,1,1.0,0.9567188024520874,0,1,23,1
2023-01-23-21,/home/ubuntu/klb/nuclr/nuclr/Data/Atanas_SF_unified_000776/cv5_grouped_v1/fold_2/test/train__2023-01-23-21__2b2ef56d.npz,101,ASHL,1,25,ASHL,1,1,1,1.0,0.9472790360450745,0,1,25,1
2023-01-23-21,/home/ubuntu/klb/nuclr/nuclr/Data/Atanas_SF_unified_000776/cv5_grouped_v1/fold_2/test/train__2023-01-23-21__2b2ef56d.npz,102,M5,1,86,M5,1,1,1,1.0,0.9585805535316467,0,1,86,1
2023-01-23-21,/home/ubuntu/klb/nuclr/nuclr/Data/Atanas_SF_unified_000776/cv5_grouped_v1/fold_2/test/train__2023-01-23-21__2b2ef56d.npz,104,SMDVL,1,137,SMDVL,1,1,1,1.0,0.9605039954185486,0,1,137,1
2023-01-23-21,/home/ubuntu/klb/nuclr/nuclr/Data/Atanas_SF_unified_000776/cv5_grouped_v1/fold_2/test/train__2023-01-23-21__2b2ef56d.npz,105,OLLR,1,93,OLLR,1,1,1,1.0,0.8705662488937378,0,1,93,1
2023-01-23-21,/home/ubuntu/klb/nuclr/nuclr/Data/Atanas_SF_unified_000776/cv5_grouped_v1/fold_2/test/train__2023-01-23-21__2b2ef56d.npz,106,RIVL,1,111,RIVL,1,1,1,1.0,0.9618290662765503,0,1,111,1
2023-01-23-21,/home/ubuntu/klb/nuclr/nuclr/Data/Atanas_SF_unified_000776/cv5_grouped_v1/fold_2/test/train__2023-01-23-21__2b2ef56d.npz,108,IL1R,1,97,OLQVR,2,0,1,0.5,0.41412079334259033,0,0,97,0
2023-01-23-21,/home/ubuntu/klb/nuclr/nuclr/Data/Atanas_SF_unified_000776/cv5_grouped_v1/fold_2/test/train__2023-01-23-21__2b2ef56d.npz,109,MI,1,89,MI,1,1,1,1.0,0.9030327200889587,0,1,89,1
2023-01-23-21,/home/ubuntu/klb/nuclr/nuclr/Data/Atanas_SF_unified_000776/cv5_grouped_v1/fold_2/test/train__2023-01-23-21__2b2ef56d.npz,110,ADEL,1,2,ADEL,1,1,1,1.0,0.11912082135677338,1,0,69,0
2023-01-23-21,/home/ubuntu/klb/nuclr/nuclr/Data/Atanas_SF_unified_000776/cv5_grouped_v1/fold_2/test/train__2023-01-23-21__2b2ef56d.npz,112,URYVL,1,149,URYVL,1,1,1,1.0,0.9468838572502136,0,1,149,1
2023-01-23-21,/home/ubuntu/klb/nuclr/nuclr/Data/Atanas_SF_unified_000776/cv5_grouped_v1/fold_2/test/train__2023-01-23-21__2b2ef56d.npz,113,AWCL,1,52,AWCL,1,1,1,1.0,0.9533006548881531,0,1,52,1
2023-01-23-21,/home/ubuntu/klb/nuclr/nuclr/Data/Atanas_SF_unified_000776/cv5_grouped_v1/fold_2/test/train__2023-01-23-21__2b2ef56d.npz,114,AINL,1,13,AINL,1,1,1,1.0,0.9542398452758789,0,1,13,1
2023-01-23-21,/home/ubuntu/klb/nuclr/nuclr/Data/Atanas_SF_unified_000776/cv5_grouped_v1/fold_2/test/train__2023-01-23-21__2b2ef56d.npz,115,MCL,1,87,MCL,1,1,1,1.0,0.662059485912323,0,1,87,1
2023-01-23-21,/home/ubuntu/klb/nuclr/nuclr/Data/Atanas_SF_unified_000776/cv5_grouped_v1/fold_2/test/train__2023-01-23-21__2b2ef56d.npz,117,AIYL,1,15,AIYL,1,1,1,1.0,0.4953378438949585,0,1,15,1
2023-01-23-21,/home/ubuntu/klb/nuclr/nuclr/Data/Atanas_SF_unified_000776/cv5_grouped_v1/fold_2/test/train__2023-01-23-21__2b2ef56d.npz,119,AVHL,1,42,AVHL,1,1,1,1.0,0.9003313183784485,0,1,42,1
2023-01-23-21,/home/ubuntu/klb/nuclr/nuclr/Data/Atanas_SF_unified_000776/cv5_grouped_v1/fold_2/test/train__2023-01-23-21__2b2ef56d.npz,120,ASGR,1,24,ASGR,1,1,1,1.0,0.9553630352020264,0,1,24,1
2023-01-23-21,/home/ubuntu/klb/nuclr/nuclr/Data/Atanas_SF_unified_000776/cv5_grouped_v1/fold_2/test/train__2023-01-23-21__2b2ef56d.npz,121,CEPDR,1,146,URXR,2,0,1,0.5,0.0891471654176712,0,0,146,0
2023-01-23-21,/home/ubuntu/klb/nuclr/nuclr/Data/Atanas_SF_unified_000776/cv5_grouped_v1/fold_2/test/train__2023-01-23-21__2b2ef56d.npz,122,M1,1,82,M1,1,1,1,1.0,0.955822765827179,0,1,82,1
2023-01-23-21,/home/ubuntu/klb/nuclr/nuclr/Data/Atanas_SF_unified_000776/cv5_grouped_v1/fold_2/test/train__2023-01-23-21__2b2ef56d.npz,124,RICL,1,102,RICL,1,1,1,1.0,0.9297661781311035,0,1,102,1
2023-01-23-21,/home/ubuntu/klb/nuclr/nuclr/Data/Atanas_SF_unified_000776/cv5_grouped_v1/fold_2/test/train__2023-01-23-21__2b2ef56d.npz,125,URBR,1,144,URBR,1,1,1,1.0,0.6689469218254089,0,1,144,1
2022-06-28-07,/home/ubuntu/klb/nuclr/nuclr/Data/Atanas_SF_unified_000776/cv5_grouped_v1/fold_2/test/val__2022-06-28-07__bec48d4e.npz,0,AVDL,1,102,RICL,4,0,1,0.25,0.05978810414671898,0,0,29,0
2022-06-28-07,/home/ubuntu/klb/nuclr/nuclr/Data/Atanas_SF_unified_000776/cv5_grouped_v1/fold_2/test/val__2022-06-28-07__bec48d4e.npz,1,ADLL,1,28,ASIR,10,0,0,0.1,2.2211896066437475e-05,0,0,28,0
2022-06-28-07,/home/ubuntu/klb/nuclr/nuclr/Data/Atanas_SF_unified_000776/cv5_grouped_v1/fold_2/test/val__2022-06-28-07__bec48d4e.npz,2,AVJL,1,38,AVDL,2,0,1,0.5,0.008524888195097446,0,0,38,0
2022-06-28-07,/home/ubuntu/klb/nuclr/nuclr/Data/Atanas_SF_unified_000776/cv5_grouped_v1/fold_2/test/val__2022-06-28-07__bec48d4e.npz,5,OLQDR,1,95,OLQDR,1,1,1,1.0,0.9573398232460022,0,1,95,1
2022-06-28-07,/home/ubuntu/klb/nuclr/nuclr/Data/Atanas_SF_unified_000776/cv5_grouped_v1/fold_2/test/val__2022-06-28-07__bec48d4e.npz,6,RIVL,1,111,RIVL,1,1,1,1.0,0.9338423013687134,0,1,111,1
2022-06-28-07,/home/ubuntu/klb/nuclr/nuclr/Data/Atanas_SF_unified_000776/cv5_grouped_v1/fold_2/test/val__2022-06-28-07__bec48d4e.npz,7,RID,1,104,RID,1,1,1,1.0,0.9590842723846436,0,1,104,1
2022-06-28-07,/home/ubuntu/klb/nuclr/nuclr/Data/Atanas_SF_unified_000776/cv5_grouped_v1/fold_2/test/val__2022-06-28-07__bec48d4e.npz,8,AVKR,1,127,SAADR,42,0,0,0.023809523809523808,3.5203577830600352e-09,1,0,109,0
2022-06-28-07,/home/ubuntu/klb/nuclr/nuclr/Data/Atanas_SF_unified_000776/cv5_grouped_v1/fold_2/test/val__2022-06-28-07__bec48d4e.npz,9,RMDVL,1,117,RMDVL,1,1,1,1.0,0.9585155844688416,0,1,117,1
2022-06-28-07,/home/ubuntu/klb/nuclr/nuclr/Data/Atanas_SF_unified_000776/cv5_grouped_v1/fold_2/test/val__2022-06-28-07__bec48d4e.npz,11,RMGL,1,124,RMGL,1,1,1,1.0,0.9134237766265869,0,1,124,1
2022-06-28-07,/home/ubuntu/klb/nuclr/nuclr/Data/Atanas_SF_unified_000776/cv5_grouped_v1/fold_2/test/val__2022-06-28-07__bec48d4e.npz,12,SMDDR,1,47,AVL,2,0,1,0.5,0.05197235941886902,1,0,136,1
2022-06-28-07,/home/ubuntu/klb/nuclr/nuclr/Data/Atanas_SF_unified_000776/cv5_grouped_v1/fold_2/test/val__2022-06-28-07__bec48d4e.npz,15,NSMR,1,91,NSMR,1,1,1,1.0,0.623649001121521,0,1,91,1
2022-06-28-07,/home/ubuntu/klb/nuclr/nuclr/Data/Atanas_SF_unified_000776/cv5_grouped_v1/fold_2/test/val__2022-06-28-07__bec48d4e.npz,16,RMED,1,119,RMED,1,1,1,1.0,0.9295967817306519,0,1,119,1
2022-06-28-07,/home/ubuntu/klb/nuclr/nuclr/Data/Atanas_SF_unified_000776/cv5_grouped_v1/fold_2/test/val__2022-06-28-07__bec48d4e.npz,17,I1L,1,62,I1L,1,1,1,1.0,0.9555543065071106,0,1,62,1
2022-06-28-07,/home/ubuntu/klb/nuclr/nuclr/Data/Atanas_SF_unified_000776/cv5_grouped_v1/fold_2/test/val__2022-06-28-07__bec48d4e.npz,19,AIZL,1,32,AUAL,2,0,1,0.5,0.04305965080857277,0,0,32,0
2022-06-28-07,/home/ubuntu/klb/nuclr/nuclr/Data/Atanas_SF_unified_000776/cv5_grouped_v1/fold_2/test/val__2022-06-28-07__bec48d4e.npz,22,ADEL,1,2,ADEL,1,1,1,1.0,0.8666393756866455,0,1,2,1
2022-06-28-07,/home/ubuntu/klb/nuclr/nuclr/Data/Atanas_SF_unified_000776/cv5_grouped_v1/fold_2/test/val__2022-06-28-07__bec48d4e.npz,23,IL2DR,1,77,IL2DR,1,1,1,1.0,0.5204132199287415,0,1,77,1
2022-06-28-07,/home/ubuntu/klb/nuclr/nuclr/Data/Atanas_SF_unified_000776/cv5_grouped_v1/fold_2/test/val__2022-06-28-07__bec48d4e.npz,25,RMEL,1,120,RMEL,1,1,1,1.0,0.9547914266586304,0,1,120,1
2022-06-28-07,/home/ubuntu/klb/nuclr/nuclr/Data/Atanas_SF_unified_000776/cv5_grouped_v1/fold_2/test/val__2022-06-28-07__bec48d4e.npz,26,NSML,1,90,NSML,1,1,1,1.0,0.8842132091522217,0,1,90,1
2022-06-28-07,/home/ubuntu/klb/nuclr/nuclr/Data/Atanas_SF_unified_000776/cv5_grouped_v1/fold_2/test/val__2022-06-28-07__bec48d4e.npz,29,ASEL,1,21,ASEL,1,1,1,1.0,0.5439368486404419,0,1,21,1
2022-06-28-07,/home/ubuntu/klb/nuclr/nuclr/Data/Atanas_SF_unified_000776/cv5_grouped_v1/fold_2/test/val__2022-06-28-07__bec48d4e.npz,30,URXL,1,145,URXL,1,1,1,1.0,0.6502951383590698,0,1,145,1
2022-06-28-07,/home/ubuntu/klb/nuclr/nuclr/Data/Atanas_SF_unified_000776/cv5_grouped_v1/fold_2/test/val__2022-06-28-07__bec48d4e.npz,33,AIML,1,11,AIML,1,1,1,1.0,0.861780047416687,0,1,11,1
2022-06-28-07,/home/ubuntu/klb/nuclr/nuclr/Data/Atanas_SF_unified_000776/cv5_grouped_v1/fold_2/test/val__2022-06-28-07__bec48d4e.npz,34,SMDVL,1,137,SMDVL,1,1,1,1.0,0.9511855840682983,0,1,137,1
2022-06-28-07,/home/ubuntu/klb/nuclr/nuclr/Data/Atanas_SF_unified_000776/cv5_grouped_v1/fold_2/test/val__2022-06-28-07__bec48d4e.npz,35,URXR,1,57,CEPDR,4,0,1,0.25,0.03646459802985191,0,0,57,0
2022-06-28-07,/home/ubuntu/klb/nuclr/nuclr/Data/Atanas_SF_unified_000776/cv5_grouped_v1/fold_2/test/val__2022-06-28-07__bec48d4e.npz,36,RMDR,1,116,RMDR,1,1,1,1.0,0.8842039704322815,0,1,116,1
2022-06-28-07,/home/ubuntu/klb/nuclr/nuclr/Data/Atanas_SF_unified_000776/cv5_grouped_v1/fold_2/test/val__2022-06-28-07__bec48d4e.npz,37,RMDVR,1,53,AWCR,2,0,1,0.5,0.25323471426963806,0,0,53,0
2022-06-28-07,/home/ubuntu/klb/nuclr/nuclr/Data/Atanas_SF_unified_000776/cv5_grouped_v1/fold_2/test/val__2022-06-28-07__bec48d4e.npz,38,FLPL,1,60,FLPL,1,1,1,1.0,0.6491742134094238,0,1,60,1
2022-06-28-07,/home/ubuntu/klb/nuclr/nuclr/Data/Atanas_SF_unified_000776/cv5_grouped_v1/fold_2/test/val__2022-06-28-07__bec48d4e.npz,44,RMEV,1,122,RMEV,1,1,1,1.0,0.2665300667285919,1,0,55,0
2022-06-28-07,/home/ubuntu/klb/nuclr/nuclr/Data/Atanas_SF_unified_000776/cv5_grouped_v1/fold_2/test/val__2022-06-28-07__bec48d4e.npz,46,RICL,1,102,RICL,1,1,1,1.0,0.4067109227180481,0,1,102,1
2022-06-28-07,/home/ubuntu/klb/nuclr/nuclr/Data/Atanas_SF_unified_000776/cv5_grouped_v1/fold_2/test/val__2022-06-28-07__bec48d4e.npz,47,SMDVR,1,138,SMDVR,1,1,1,1.0,0.7675162553787231,0,1,138,1
2022-06-28-07,/home/ubuntu/klb/nuclr/nuclr/Data/Atanas_SF_unified_000776/cv5_grouped_v1/fold_2/test/val__2022-06-28-07__bec48d4e.npz,48,MI,1,89,MI,1,1,1,1.0,0.7338656783103943,0,1,89,1
2022-06-28-07,/home/ubuntu/klb/nuclr/nuclr/Data/Atanas_SF_unified_000776/cv5_grouped_v1/fold_2/test/val__2022-06-28-07__bec48d4e.npz,49,RIFR,0,110,RIS,,0,0,0.0,,0,0,110,0
2022-06-28-07,/home/ubuntu/klb/nuclr/nuclr/Data/Atanas_SF_unified_000776/cv5_grouped_v1/fold_2/test/val__2022-06-28-07__bec48d4e.npz,50,CEPDL,1,56,CEPDL,1,1,1,1.0,0.9170914888381958,0,1,56,1
2022-06-28-07,/home/ubuntu/klb/nuclr/nuclr/Data/Atanas_SF_unified_000776/cv5_grouped_v1/fold_2/test/val__2022-06-28-07__bec48d4e.npz,51,IL1DR,1,71,IL1DR,1,1,1,1.0,0.94712895154953,0,1,71,1
2022-06-28-07,/home/ubuntu/klb/nuclr/nuclr/Data/Atanas_SF_unified_000776/cv5_grouped_v1/fold_2/test/val__2022-06-28-07__bec48d4e.npz,52,ADAL,1,17,AIZL,5,0,1,0.2,0.01780971884727478,1,0,17,0
2022-06-28-07,/home/ubuntu/klb/nuclr/nuclr/Data/Atanas_SF_unified_000776/cv5_grouped_v1/fold_2/test/val__2022-06-28-07__bec48d4e.npz,53,I2L,1,64,I2L,1,1,1,1.0,0.9606422781944275,0,1,64,1
2022-06-28-07,/home/ubuntu/klb/nuclr/nuclr/Data/Atanas_SF_unified_000776/cv5_grouped_v1/fold_2/test/val__2022-06-28-07__bec48d4e.npz,57,IL1L,1,72,IL1L,1,1,1,1.0,0.49038705229759216,0,1,92,0
2022-06-28-07,/home/ubuntu/klb/nuclr/nuclr/Data/Atanas_SF_unified_000776/cv5_grouped_v1/fold_2/test/val__2022-06-28-07__bec48d4e.npz,61,MCL,1,87,MCL,1,1,1,1.0,0.9530519843101501,0,1,87,1
2022-06-28-07,/home/ubuntu/klb/nuclr/nuclr/Data/Atanas_SF_unified_000776/cv5_grouped_v1/fold_2/test/val__2022-06-28-07__bec48d4e.npz,62,SMBVL,0,126,SAADL,,0,0,0.0,,0,0,126,0
2022-06-28-07,/home/ubuntu/klb/nuclr/nuclr/Data/Atanas_SF_unified_000776/cv5_grouped_v1/fold_2/test/val__2022-06-28-07__bec48d4e.npz,65,I3,1,66,I3,1,1,1,1.0,0.9137701392173767,0,1,66,1
2022-06-28-07,/home/ubuntu/klb/nuclr/nuclr/Data/Atanas_SF_unified_000776/cv5_grouped_v1/fold_2/test/val__2022-06-28-07__bec48d4e.npz,68,AUAR,1,18,AIZR,3,0,1,0.3333333333333333,0.09724708646535873,0,0,18,0
2022-06-28-07,/home/ubuntu/klb/nuclr/nuclr/Data/Atanas_SF_unified_000776/cv5_grouped_v1/fold_2/test/val__2022-06-28-07__bec48d4e.npz,69,AVEL,1,40,AVEL,1,1,1,1.0,0.9592046141624451,0,1,40,1
2022-06-28-07,/home/ubuntu/klb/nuclr/nuclr/Data/Atanas_SF_unified_000776/cv5_grouped_v1/fold_2/test/val__2022-06-28-07__bec48d4e.npz,70,AVJR,1,39,AVDR,2,0,1,0.5,0.24758142232894897,0,0,39,0
2022-06-28-07,/home/ubuntu/klb/nuclr/nuclr/Data/Atanas_SF_unified_000776/cv5_grouped_v1/fold_2/test/val__2022-06-28-07__bec48d4e.npz,71,RMDL,1,115,RMDL,1,1,1,1.0,0.9505186080932617,0,1,115,1
2022-06-28-07,/home/ubuntu/klb/nuclr/nuclr/Data/Atanas_SF_unified_000776/cv5_grouped_v1/fold_2/test/val__2022-06-28-07__bec48d4e.npz,72,SMBVR,1,127,SAADR,19,0,0,0.05263157894736842,1.7023915006575407e-06,0,0,127,0
2022-06-28-07,/home/ubuntu/klb/nuclr/nuclr/Data/Atanas_SF_unified_000776/cv5_grouped_v1/fold_2/test/val__2022-06-28-07__bec48d4e.npz,73,I1R,1,150,URYVR,6,0,0,0.16666666666666666,0.0005156563711352646,0,0,150,0
2022-06-28-07,/home/ubuntu/klb/nuclr/nuclr/Data/Atanas_SF_unified_000776/cv5_grouped_v1/fold_2/test/val__2022-06-28-07__bec48d4e.npz,74,RIAL,1,98,RIAL,1,1,1,1.0,0.8433018922805786,0,1,98,1
2022-06-28-07,/home/ubuntu/klb/nuclr/nuclr/Data/Atanas_SF_unified_000776/cv5_grouped_v1/fold_2/test/val__2022-06-28-07__bec48d4e.npz,77,RIS,1,47,AVL,13,0,0,0.07692307692307693,1.0342556606701692e-06,0,0,47,0
2022-06-28-07,/home/ubuntu/klb/nuclr/nuclr/Data/Atanas_SF_unified_000776/cv5_grouped_v1/fold_2/test/val__2022-06-28-07__bec48d4e.npz,78,IL2DL,1,76,IL2DL,1,1,1,1.0,0.935905396938324,0,1,76,1
2022-06-28-07,/home/ubuntu/klb/nuclr/nuclr/Data/Atanas_SF_unified_000776/cv5_grouped_v1/fold_2/test/val__2022-06-28-07__bec48d4e.npz,82,AVAL,1,34,AVAL,1,1,1,1.0,0.9601101875305176,0,1,34,1
2022-06-28-07,/home/ubuntu/klb/nuclr/nuclr/Data/Atanas_SF_unified_000776/cv5_grouped_v1/fold_2/test/val__2022-06-28-07__bec48d4e.npz,83,M4,1,85,M4,1,1,1,1.0,0.5124920606613159,0,1,85,1
2022-06-28-07,/home/ubuntu/klb/nuclr/nuclr/Data/Atanas_SF_unified_000776/cv5_grouped_v1/fold_2/test/val__2022-06-28-07__bec48d4e.npz,84,URBL,1,143,URBL,1,1,1,1.0,0.7402854561805725,0,1,143,1
2022-06-28-07,/home/ubuntu/klb/nuclr/nuclr/Data/Atanas_SF_unified_000776/cv5_grouped_v1/fold_2/test/val__2022-06-28-07__bec48d4e.npz,86,IL2VR,1,81,IL2VR,1,1,1,1.0,0.9604659676551819,0,1,81,1
2022-06-28-07,/home/ubuntu/klb/nuclr/nuclr/Data/Atanas_SF_unified_000776/cv5_grouped_v1/fold_2/test/val__2022-06-28-07__bec48d4e.npz,87,M3L,1,83,M3L,1,1,1,1.0,0.8056740164756775,0,1,83,1
2022-06-28-07,/home/ubuntu/klb/nuclr/nuclr/Data/Atanas_SF_unified_000776/cv5_grouped_v1/fold_2/test/val__2022-06-28-07__bec48d4e.npz,88,SAAVR,1,51,AWBR,3,0,1,0.3333333333333333,0.04974532127380371,0,0,51,0
2022-06-28-07,/home/ubuntu/klb/nuclr/nuclr/Data/Atanas_SF_unified_000776/cv5_grouped_v1/fold_2/test/val__2022-06-28-07__bec48d4e.npz,89,CEPVL,1,58,CEPVL,1,1,1,1.0,0.9571120142936707,0,1,58,1
2022-06-28-07,/home/ubuntu/klb/nuclr/nuclr/Data/Atanas_SF_unified_000776/cv5_grouped_v1/fold_2/test/val__2022-06-28-07__bec48d4e.npz,91,BAGL,1,54,BAGL,1,1,1,1.0,0.9574905037879944,0,1,54,1
2022-06-28-07,/home/ubuntu/klb/nuclr/nuclr/Data/Atanas_SF_unified_000776/cv5_grouped_v1/fold_2/test/val__2022-06-28-07__bec48d4e.npz,92,RIFL,0,16,AIYR,,0,0,0.0,,0,0,16,0
2022-06-28-07,/home/ubuntu/klb/nuclr/nuclr/Data/Atanas_SF_unified_000776/cv5_grouped_v1/fold_2/test/val__2022-06-28-07__bec48d4e.npz,93,AIBR,1,10,AIBR,1,1,1,1.0,0.6689273715019226,0,1,10,1
2022-06-28-07,/home/ubuntu/klb/nuclr/nuclr/Data/Atanas_SF_unified_000776/cv5_grouped_v1/fold_2/test/val__2022-06-28-07__bec48d4e.npz,94,RMER,1,121,RMER,1,1,1,1.0,0.9603400230407715,0,1,121,1
2022-06-28-07,/home/ubuntu/klb/nuclr/nuclr/Data/Atanas_SF_unified_000776/cv5_grouped_v1/fold_2/test/val__2022-06-28-07__bec48d4e.npz,98,OLQVL,1,96,OLQVL,1,1,1,1.0,0.42024704813957214,0,1,72,0
2022-06-28-07,/home/ubuntu/klb/nuclr/nuclr/Data/Atanas_SF_unified_000776/cv5_grouped_v1/fold_2/test/val__2022-06-28-07__bec48d4e.npz,99,I4,1,69,I6,2,0,1,0.5,0.4279504418373108,0,0,69,0
2022-06-28-07,/home/ubuntu/klb/nuclr/nuclr/Data/Atanas_SF_unified_000776/cv5_grouped_v1/fold_2/test/val__2022-06-28-07__bec48d4e.npz,100,RMDDL,1,113,RMDDL,1,1,1,1.0,0.9599060416221619,0,1,113,1
2022-06-28-07,/home/ubuntu/klb/nuclr/nuclr/Data/Atanas_SF_unified_000776/cv5_grouped_v1/fold_2/test/val__2022-06-28-07__bec48d4e.npz,102,ASHL,1,48,AWAL,2,0,1,0.5,0.037161607295274734,0,0,48,0
2022-06-28-07,/home/ubuntu/klb/nuclr/nuclr/Data/Atanas_SF_unified_000776/cv5_grouped_v1/fold_2/test/val__2022-06-28-07__bec48d4e.npz,105,ASER,1,22,ASER,1,1,1,1.0,0.5080961585044861,0,1,22,1
2022-06-28-07,/home/ubuntu/klb/nuclr/nuclr/Data/Atanas_SF_unified_000776/cv5_grouped_v1/fold_2/test/val__2022-06-28-07__bec48d4e.npz,106,AUAL,1,52,AWCL,2,0,1,0.5,0.05931977555155754,0,0,52,0
2022-06-28-07,/home/ubuntu/klb/nuclr/nuclr/Data/Atanas_SF_unified_000776/cv5_grouped_v1/fold_2/test/val__2022-06-28-07__bec48d4e.npz,109,AVER,1,41,AVER,1,1,1,1.0,0.7665466070175171,0,1,41,1
2022-06-28-07,/home/ubuntu/klb/nuclr/nuclr/Data/Atanas_SF_unified_000776/cv5_grouped_v1/fold_2/test/val__2022-06-28-07__bec48d4e.npz,110,IL1R,1,73,IL1R,1,1,1,1.0,0.6450754404067993,0,1,73,1
2022-06-28-07,/home/ubuntu/klb/nuclr/nuclr/Data/Atanas_SF_unified_000776/cv5_grouped_v1/fold_2/test/val__2022-06-28-07__bec48d4e.npz,111,AIBL,1,10,AIBR,5,0,1,0.2,0.00027081911684945226,1,0,107,0
2022-06-28-07,/home/ubuntu/klb/nuclr/nuclr/Data/Atanas_SF_unified_000776/cv5_grouped_v1/fold_2/test/val__2022-06-28-07__bec48d4e.npz,112,AINL,1,13,AINL,1,1,1,1.0,0.948279082775116,0,1,13,1
2022-06-28-07,/home/ubuntu/klb/nuclr/nuclr/Data/Atanas_SF_unified_000776/cv5_grouped_v1/fold_2/test/val__2022-06-28-07__bec48d4e.npz,115,AVAR,1,35,AVAR,1,1,1,1.0,0.9491499066352844,0,1,35,1
2022-06-28-07,/home/ubuntu/klb/nuclr/nuclr/Data/Atanas_SF_unified_000776/cv5_grouped_v1/fold_2/test/val__2022-06-28-07__bec48d4e.npz,116,I2R,1,65,I2R,1,1,1,1.0,0.9272640943527222,0,1,65,1
2022-06-28-07,/home/ubuntu/klb/nuclr/nuclr/Data/Atanas_SF_unified_000776/cv5_grouped_v1/fold_2/test/val__2022-06-28-07__bec48d4e.npz,120,SAADL,1,122,RMEV,5,0,1,0.2,0.0005180282169021666,0,0,122,0
2022-06-28-07,/home/ubuntu/klb/nuclr/nuclr/Data/Atanas_SF_unified_000776/cv5_grouped_v1/fold_2/test/val__2022-06-28-07__bec48d4e.npz,121,M3R,1,84,M3R,1,1,1,1.0,0.9570979475975037,0,1,84,1
2022-06-28-07,/home/ubuntu/klb/nuclr/nuclr/Data/Atanas_SF_unified_000776/cv5_grouped_v1/fold_2/test/val__2022-06-28-07__bec48d4e.npz,124,CEPDR,1,146,URXR,2,0,1,0.5,0.2487190216779709,0,0,146,0
2022-06-28-07,/home/ubuntu/klb/nuclr/nuclr/Data/Atanas_SF_unified_000776/cv5_grouped_v1/fold_2/test/val__2022-06-28-07__bec48d4e.npz,127,RIH,1,105,RIH,1,1,1,1.0,0.776037871837616,0,1,105,1
2022-06-28-07,/home/ubuntu/klb/nuclr/nuclr/Data/Atanas_SF_unified_000776/cv5_grouped_v1/fold_2/test/val__2022-06-28-07__bec48d4e.npz,128,SMDDL,1,96,OLQVL,20,0,0,0.05,1.2175822803328629e-06,0,0,96,0
2022-06-28-07,/home/ubuntu/klb/nuclr/nuclr/Data/Atanas_SF_unified_000776/cv5_grouped_v1/fold_2/test/val__2022-06-28-07__bec48d4e.npz,130,IL1VL,1,74,IL1VL,1,1,1,1.0,0.9531282782554626,0,1,74,1
2022-06-28-07,/home/ubuntu/klb/nuclr/nuclr/Data/Atanas_SF_unified_000776/cv5_grouped_v1/fold_2/test/val__2022-06-28-07__bec48d4e.npz,131,AWAR,1,49,AWAR,1,1,1,1.0,0.43419623374938965,0,1,49,1
2022-06-28-07,/home/ubuntu/klb/nuclr/nuclr/Data/Atanas_SF_unified_000776/cv5_grouped_v1/fold_2/test/val__2022-06-28-07__bec48d4e.npz,133,M5,1,124,RMGL,2,0,1,0.5,0.05304277688264847,1,0,67,0
2022-06-28-07,/home/ubuntu/klb/nuclr/nuclr/Data/Atanas_SF_unified_000776/cv5_grouped_v1/fold_2/test/val__2022-06-28-07__bec48d4e.npz,136,URYVL,1,149,URYVL,1,1,1,1.0,0.9491707682609558,0,1,149,1
2022-06-28-07,/home/ubuntu/klb/nuclr/nuclr/Data/Atanas_SF_unified_000776/cv5_grouped_v1/fold_2/test/val__2022-06-28-07__bec48d4e.npz,137,OLQDL,1,94,OLQDL,1,1,1,1.0,0.7349011301994324,0,1,94,1
2022-06-28-07,/home/ubuntu/klb/nuclr/nuclr/Data/Atanas_SF_unified_000776/cv5_grouped_v1/fold_2/test/val__2022-06-28-07__bec48d4e.npz,139,RMDDR,1,114,RMDDR,1,1,1,1.0,0.9545201063156128,0,1,114,1
2022-06-28-07,/home/ubuntu/klb/nuclr/nuclr/Data/Atanas_SF_unified_000776/cv5_grouped_v1/fold_2/test/val__2022-06-28-07__bec48d4e.npz,140,I6,1,86,M5,2,0,1,0.5,0.1315803825855255,0,0,86,0
2022-06-28-07,/home/ubuntu/klb/nuclr/nuclr/Data/Atanas_SF_unified_000776/cv5_grouped_v1/fold_2/test/val__2022-06-28-07__bec48d4e.npz,141,IL1VR,1,75,IL1VR,1,1,1,1.0,0.9584652781486511,0,1,75,1
